100.0,35.9,0.00,0.00,0,13.62,0,1.27,0,1.27,0,1.27,16,42.77,0,1.27,0,1.27,0,1.27
100.0,36.1,0.00,0.00,0,13.62,0,1.27,0,1.27,0,1.27,0,42.77,0,1.27,0,1.27,0,1.27
100.0,37.0,0.00,0.00,0,13.62,0,1.27,0,1.27,0,1.27,0,42.77,0,1.27,0,1.27,0,1.27
99.9,38.0,0.00,0.00,0,13.62,0,1.27,0,1.27,0,1.27,0,42.77,0,1.27,0,1.27,0,1.27
100.0,39.0,0.00,0.00,0,13.62,0,1.27,0,1.27,0,1.27,14,42.77,0,1.27,0,1.27,0,1.27
100.0,39.7,0.00,0.00,0,13.62,0,1.27,0,1.27,1,4.14,0,42.77,0,1.27,0,1.27,0,1.27
100.0,40.6,0.00,0.00,0,13.62,0,1.27,0,1.27,1,7.72,0,42.77,0,1.27,0,1.27,0,1.27
100.0,41.5,0.00,0.00,0,13.62,0,1.27,0,1.27,0,10.14,0,42.77,0,1.27,0,1.27,0,1.27
100.0,42.1,0.00,0.00,0,13.62,0,1.27,0,1.27,0,10.14,0,42.77,0,1.27,0,1.27,0,1.27
100.0,42.4,0.00,0.00,0,13.62,0,1.27,0,1.27,0,10.14,0,42.77,0,1.27,0,1.27,0,1.27
100.0,40.6,0.00,0.00,0,13.62,0,1.27,0,1.27,0,12.0,23,42.77,0,1.27,0,1.27,0,1.27
100.0,41.0,0.00,0.00,0,13.62,0,1.27,0,1.27,0,12.0,20,42.77,0,1.27,0,1.27,0,1.27
100.0,41.0,0.00,0.00,0,13.62,0,1.27,0,1.27,0,12.0,0,42.77,2,5.91,0,1.27,0,1.27
100.0,43.3,0.00,0.00,0,13.62,0,1.27,0,1.27,0,12.0,0,42.77,0,9.51,0,1.27,0,1.27
100.0,42.9,0.00,0.00,0,13.62,0,1.27,0,1.27,0,12.0,8,42.77,0,16.45,0,1.27,0,1.27
99.2,43.1,0.00,0.00,0,13.62,0,1.27,0,1.27,0,12.0,0,42.77,0,16.45,0,1.27,0,1.27
100.0,43.1,0.00,0.00,0,13.62,0,1.27,0,1.27,0,12.0,24,42.77,0,16.45,0,1.27,0,1.27
99.5,43.2,0.00,0.00,0,13.62,0,1.27,0,1.27,0,12.0,0,42.77,0,16.45,0,1.27,0,1.27
100.0,43.5,0.00,0.00,0,13.62,0,1.27,0,1.27,0,12.0,0,42.77,0,16.45,0,1.27,0,1.27
100.0,43.6,0.00,0.00,0,13.62,0,1.27,0,1.27,0,12.0,0,42.77,0,16.45,0,1.27,0,1.27
100.0,43.7,0.00,0.00,0,13.62,0,1.27,0,1.27,0,12.0,0,42.77,0,16.45,0,1.27,0,1.27
100.0,43.6,0.00,0.00,0,13.62,0,1.27,0,1.27,0,12.0,0,42.77,0,16.45,0,1.27,0,1.27
99.8,43.5,0.00,0.00,0,13.62,0,1.27,0,1.27,0,12.0,11,42.77,0,16.45,0,1.27,0,1.27
100.0,43.6,0.00,0.00,0,13.62,0,1.27,0,1.27,0,12.0,0,42.77,0,16.45,0,1.27,0,1.27
100.0,43.5,0.00,0.00,0,13.62,0,1.27,0,1.27,0,12.0,0,42.77,0,16.45,0,1.27,0,1.27
100.0,44.3,0.00,0.00,0,13.62,0,1.27,0,1.27,0,12.0,0,42.77,0,16.45,0,1.27,0,1.27
100.0,44.4,0.00,0.00,0,13.62,0,1.27,0,1.27,0,12.0,0,42.77,0,16.45,0,1.27,0,1.27
100.0,44.5,0.00,0.00,0,13.62,0,1.27,0,1.27,0,12.0,0,42.77,0,16.45,0,1.27,0,1.27
100.0,44.4,0.00,0.00,0,13.62,0,1.27,0,1.27,0,12.0,8,42.77,0,16.45,0,1.27,0,1.27
100.0,44.4,0.00,0.00,0,13.62,0,1.27,0,1.27,0,12.0,45,42.77,0,16.45,0,1.27,0,1.27
100.0,44.4,0.00,0.00,0,13.62,0,1.27,0,1.27,0,12.0,0,42.77,0,16.45,0,1.27,0,1.27
100.0,44.5,0.00,0.00,0,13.62,0,1.27,0,1.27,0,12.0,24,42.77,0,16.45,0,1.27,0,1.27
100.0,33.3,0.00,0.00,0,13.62,0,1.27,0,1.27,0,12.0,39,42.77,0,16.45,0,1.27,0,1.27
100.0,34.9,0.00,0.00,0,13.62,0,1.27,0,1.27,0,12.0,33,42.77,0,16.45,0,1.27,0,1.27
100.0,33.9,0.00,0.00,0,13.62,0,1.27,0,1.27,0,12.0,0,42.77,0,16.45,0,1.27,0,1.27
100.0,35.6,0.00,0.00,0,13.62,0,1.27,0,1.27,0,12.0,37,42.77,0,16.45,0,1.27,0,1.27
100.0,30.1,0.00,0.00,0,13.62,0,1.27,0,1.27,0,12.0,0,42.77,0,16.45,0,1.27,0,1.27
100.0,30.8,0.00,0.00,0,13.62,0,1.27,0,1.27,0,12.0,0,42.77,0,16.45,0,1.27,0,1.27
100.0,32.1,0.00,0.00,0,13.62,0,1.27,0,1.27,0,12.0,0,42.77,0,16.45,0,1.27,0,1.27
100.0,32.7,0.00,0.00,0,13.62,0,1.27,0,1.27,0,12.0,10,42.77,0,16.45,0,1.27,0,1.27
100.0,33.0,0.00,0.00,0,13.62,0,1.27,0,1.27,0,12.0,0,42.77,0,16.45,0,1.27,0,1.27
100.0,33.9,0.00,0.00,0,13.62,0,1.27,0,1.27,0,12.0,0,42.77,0,16.45,0,1.27,0,1.27
99.9,34.5,0.00,0.00,0,13.62,0,1.27,0,1.27,0,12.0,13,42.77,0,16.45,0,1.27,0,1.27
100.0,35.5,0.00,0.00,0,13.62,0,1.27,0,1.27,0,12.0,6,42.77,0,16.45,0,1.27,0,1.27
100.0,35.8,0.00,0.00,0,13.62,0,1.27,0,1.27,0,12.0,0,42.77,0,16.45,0,1.27,0,1.27
100.0,38.9,0.00,0.00,0,13.62,0,1.27,0,1.27,0,12.0,0,42.77,0,16.45,0,1.27,0,1.27
100.0,37.5,0.00,0.00,0,13.62,0,1.27,0,1.27,0,12.0,0,42.77,0,16.45,0,1.27,0,1.27
100.0,37.6,0.00,0.00,0,13.62,0,1.27,0,1.27,0,12.0,0,42.77,0,16.45,0,1.27,0,1.27
100.0,37.9,0.00,0.00,0,13.62,0,1.27,0,1.27,0,12.0,29,42.77,0,16.45,0,1.27,0,1.27
100.0,38.1,0.00,0.00,0,13.62,0,1.27,0,1.27,0,12.0,0,42.77,0,16.45,0,1.27,0,1.27
100.0,39.0,0.00,0.00,0,13.62,0,1.27,0,1.27,0,12.0,0,42.77,0,16.45,0,1.27,0,1.27
100.0,39.0,0.00,0.00,0,13.62,0,1.27,0,1.27,0,12.0,0,42.77,0,16.45,0,1.27,0,1.27
100.0,39.0,0.00,0.00,0,13.62,0,1.27,0,1.27,0,12.0,6,42.77,0,16.45,0,1.27,0,1.27
100.0,39.0,0.00,0.00,0,13.62,0,1.27,0,1.27,0,12.0,0,42.77,0,16.45,0,1.27,0,1.27
100.0,39.0,0.00,0.00,0,13.62,0,1.27,0,1.27,0,12.0,0,42.77,0,16.45,0,1.27,0,1.27
100.0,39.5,0.00,0.00,0,13.62,0,1.27,0,1.27,0,12.0,16,42.77,0,16.45,0,1.27,0,1.27
100.0,39.8,0.00,0.00,0,13.62,0,1.27,0,1.27,0,12.0,0,42.77,0,16.45,0,1.27,0,1.27
100.0,39.9,0.00,0.00,0,13.62,0,1.27,0,1.27,0,12.0,0,42.77,0,16.45,0,1.27,0,1.27
100.0,39.6,0.00,0.00,0,13.62,0,1.27,0,1.27,0,12.0,0,42.77,0,16.45,0,1.27,0,1.27
100.0,35.2,0.00,0.00,0,13.62,0,1.27,0,1.27,0,12.0,0,42.77,0,16.45,0,1.27,0,1.27
100.0,35.3,0.00,0.00,0,13.62,0,1.27,0,1.27,0,12.0,0,42.77,0,16.45,0,1.27,0,1.27
100.0,35.7,0.00,0.00,0,13.62,0,1.27,0,1.27,0,12.0,0,42.77,0,16.45,0,1.27,0,1.27
100.0,35.6,0.00,0.00,0,13.62,0,1.27,0,1.27,0,12.0,0,42.77,0,16.45,0,1.27,0,1.27
100.0,35.7,0.00,0.00,0,13.62,0,1.27,0,1.27,0,12.0,0,42.77,0,16.45,0,1.27,0,1.27
100.0,36.0,0.00,0.00,0,13.62,0,1.27,0,1.27,0,12.0,0,42.77,0,16.45,0,1.27,0,1.27
100.0,36.3,0.00,0.00,0,13.62,0,1.27,0,1.27,0,12.0,0,42.77,0,16.45,0,1.27,0,1.27
100.0,36.6,0.00,0.00,0,13.62,0,1.27,0,1.27,0,12.0,0,42.77,0,16.45,0,1.27,0,1.27
100.0,36.7,0.00,0.00,0,13.62,0,1.27,0,1.27,0,12.0,0,42.77,0,16.45,0,1.27,0,1.27
100.0,36.8,0.00,0.00,0,13.62,0,1.27,0,1.27,0,12.0,0,42.77,0,16.45,0,1.27,0,1.27
100.0,36.8,0.00,0.00,0,13.62,0,1.27,0,1.27,0,12.0,0,42.77,0,16.45,0,1.27,0,1.27
100.0,36.9,0.00,0.00,0,13.62,0,1.27,0,1.27,0,12.0,24,42.77,0,16.45,0,1.27,0,1.27
100.0,35.4,0.00,0.00,0,13.62,0,1.27,0,1.27,0,12.0,14,42.77,0,16.45,0,1.27,0,1.27
100.0,36.1,0.00,0.00,0,13.62,0,1.27,0,1.27,0,12.0,0,42.77,0,16.45,0,1.27,0,1.27
100.0,36.7,0.00,0.00,0,13.62,0,1.27,0,1.27,0,12.0,0,42.77,0,16.45,0,1.27,0,1.27
100.0,38.1,0.00,0.00,0,13.62,0,1.27,0,1.27,0,12.0,37,42.77,0,16.45,0,1.27,0,1.27
100.0,38.6,0.00,0.00,0,13.62,0,1.27,0,1.27,0,12.0,38,42.77,0,16.45,0,1.27,0,1.27
100.0,38.6,0.00,0.00,0,13.62,0,1.27,0,1.27,0,12.0,8,42.77,0,16.45,0,1.27,0,1.27
100.0,38.6,0.00,0.00,0,13.62,0,1.27,0,1.27,0,12.0,0,42.77,0,16.45,0,1.27,0,1.27
100.0,38.6,0.00,0.00,0,13.62,0,1.27,0,1.27,0,12.0,0,42.77,0,16.45,0,1.27,0,1.27
100.0,38.6,0.00,0.00,0,13.62,0,1.27,0,1.27,0,12.0,0,42.77,0,16.45,0,1.27,0,1.27
100.0,39.0,0.00,0.00,0,13.62,0,1.27,0,1.27,0,12.0,0,42.77,0,16.45,0,1.27,0,1.27
100.0,39.0,0.00,0.00,0,13.62,0,1.27,0,1.27,0,12.0,0,42.77,0,16.45,0,1.27,0,1.27
100.0,39.1,0.00,0.00,0,13.62,0,1.27,0,1.27,0,12.0,0,42.77,0,16.45,0,1.27,0,1.27
100.0,38.0,0.00,0.00,0,13.62,0,1.27,0,1.27,0,12.0,23,42.77,0,16.45,0,1.27,0,1.27
100.0,37.7,0.00,0.00,0,13.62,0,1.27,0,1.27,0,12.0,0,42.77,0,16.45,0,1.27,0,1.27
100.0,38.3,0.00,0.00,0,13.62,0,1.27,0,1.27,0,12.0,0,42.77,0,16.45,0,1.27,0,1.27
100.0,38.2,0.00,0.00,0,13.62,0,1.27,0,1.27,0,12.0,0,42.77,0,16.45,0,1.27,0,1.27
100.0,38.7,0.00,0.00,0,13.62,0,1.27,0,1.27,0,12.0,0,42.77,0,16.45,0,1.27,0,1.27
100.0,38.8,0.00,0.00,0,13.62,0,1.27,0,1.27,0,12.0,6,42.77,0,16.45,0,1.27,0,1.27
100.0,39.1,0.00,0.00,0,13.62,0,1.27,0,1.27,0,12.0,0,42.77,0,16.45,0,1.27,0,1.27
100.0,39.1,0.00,0.00,0,13.62,0,1.27,0,1.27,0,12.0,0,42.77,0,16.45,0,1.27,0,1.27
99.6,39.1,0.00,0.00,0,13.62,0,1.27,0,1.27,0,12.0,0,42.77,0,16.45,0,1.27,0,1.27
100.0,39.1,0.00,0.00,0,13.62,0,1.27,0,1.27,0,12.0,10,42.77,0,16.45,0,1.27,0,1.27
100.0,37.2,0.00,0.00,0,13.62,0,1.27,0,1.27,0,12.0,0,42.77,0,16.45,0,1.27,0,1.27
100.0,37.6,0.00,0.00,0,13.62,0,1.27,0,1.27,0,12.0,26,42.77,0,16.45,0,1.27,0,1.27
100.0,38.0,0.00,0.00,0,13.62,0,1.27,0,1.27,0,12.0,0,42.77,0,16.45,0,1.27,0,1.27
100.0,38.6,0.00,0.00,0,13.62,0,1.27,0,1.27,0,12.0,16,42.77,0,16.45,0,1.27,0,1.27
99.7,38.7,0.00,0.00,0,13.62,0,1.27,0,1.27,0,12.0,0,42.77,0,16.45,0,1.27,0,1.27
100.0,38.9,0.00,0.00,0,13.62,0,1.27,0,1.27,0,12.0,0,42.77,0,16.45,0,1.27,0,1.27
100.0,38.9,0.00,0.00,0,13.62,0,1.27,0,1.27,0,12.0,0,42.77,0,16.45,0,1.27,0,1.27
100.0,39.3,0.00,0.00,0,13.62,0,1.27,0,1.27,0,12.0,0,42.77,0,16.45,0,1.27,0,1.27
100.0,39.3,0.00,0.00,0,13.62,0,1.27,0,1.27,0,12.0,15,42.77,0,16.45,0,1.27,0,1.27
100.0,39.3,0.00,0.00,0,13.62,0,1.27,0,1.27,0,12.0,0,42.77,0,16.45,0,1.27,0,1.27
100.0,39.1,0.00,0.00,0,13.62,0,1.27,0,1.27,0,12.0,8,42.77,0,16.45,0,1.27,0,1.27
100.0,37.2,0.00,0.00,0,13.62,0,1.27,0,1.27,0,12.0,0,42.77,0,16.45,0,1.27,0,1.27
100.0,38.2,0.00,0.00,0,13.62,0,1.27,0,1.27,0,12.0,37,42.77,0,16.45,0,1.27,0,1.27
100.0,38.8,0.00,0.00,0,13.62,0,1.27,0,1.27,0,12.0,0,42.77,0,16.45,0,1.27,0,1.27
100.0,39.0,0.00,0.00,0,13.62,0,1.27,0,1.27,0,12.0,0,42.77,0,16.45,0,1.27,0,1.27
100.0,39.2,0.00,0.00,0,13.62,0,1.27,0,1.27,0,12.0,35,42.77,0,16.45,0,1.27,0,1.27
100.0,39.2,0.00,0.00,0,13.62,0,1.27,0,1.27,0,12.0,0,42.77,0,16.45,0,1.27,0,1.27
100.0,39.3,0.00,0.00,0,13.62,0,1.27,0,1.27,0,12.0,0,42.77,0,16.45,0,1.27,0,1.27
100.0,39.6,0.00,0.00,0,13.62,0,1.27,0,1.27,0,12.0,0,42.77,0,16.45,0,1.27,0,1.27
100.0,39.6,0.00,0.00,0,13.62,0,1.27,0,1.27,0,12.0,0,42.77,0,16.45,0,1.27,0,1.27
100.0,39.6,0.00,0.00,0,13.62,0,1.27,0,1.27,0,12.0,0,42.77,0,16.45,0,1.27,0,1.27
100.0,39.8,0.00,0.00,0,13.62,0,1.27,0,1.27,0,12.0,6,42.77,0,16.45,0,1.27,0,1.27
100.0,41.1,0.00,0.00,0,13.62,0,1.27,0,1.27,0,12.0,0,42.77,0,16.45,0,1.27,0,1.27
100.0,42.2,0.00,0.00,0,13.62,0,1.27,0,1.27,0,12.0,0,42.77,0,16.45,0,1.27,0,1.27
99.4,43.5,0.00,0.00,0,13.62,0,1.27,0,1.27,0,12.0,0,42.77,0,16.45,0,1.27,0,1.27
100.0,43.7,0.00,0.00,0,13.62,0,1.27,0,1.27,0,12.0,0,42.77,0,16.45,0,1.27,0,1.27
100.0,43.7,0.00,0.00,0,13.62,0,1.27,0,1.27,0,12.0,40,42.77,0,16.45,0,1.27,0,1.27
100.0,43.7,0.00,0.00,0,13.62,0,1.27,0,1.27,0,12.0,0,42.77,0,16.45,0,1.27,0,1.27
100.0,43.7,0.00,0.00,0,13.62,0,1.27,0,1.27,0,12.0,0,42.77,0,16.45,0,1.27,0,1.27
100.0,42.6,0.00,0.00,0,13.62,0,1.27,0,1.27,0,12.0,0,42.77,0,16.45,0,1.27,0,1.27
100.0,40.9,0.00,0.00,0,13.62,0,1.27,0,1.27,0,12.0,16,42.77,0,16.45,0,1.27,0,1.27
100.0,41.4,0.00,0.00,0,13.62,0,1.27,0,1.27,0,12.0,0,42.77,0,16.45,0,1.27,0,1.27
100.0,42.0,0.00,0.00,0,13.62,0,1.27,0,1.27,0,12.0,0,42.77,0,16.45,0,1.27,0,1.27
100.0,42.7,0.00,0.00,0,13.62,0,1.27,0,1.27,0,12.0,0,42.77,0,16.45,0,1.27,0,1.27
100.0,42.8,0.00,0.00,0,13.62,0,1.27,0,1.27,0,12.0,0,42.77,0,16.45,0,1.27,0,1.27
100.0,42.8,0.00,0.00,0,13.62,0,1.27,0,1.27,0,12.0,0,42.77,0,16.45,0,1.27,0,1.27
100.0,43.0,0.00,0.00,0,13.62,0,1.27,0,1.27,0,12.0,0,42.77,0,16.45,0,1.27,0,1.27
100.0,43.1,0.00,0.00,0,13.62,0,1.27,0,1.27,0,12.0,8,42.77,0,16.45,0,1.27,0,1.27
100.0,43.5,0.00,0.00,0,13.62,0,1.27,0,1.27,0,12.0,40,42.77,0,16.45,0,1.27,0,1.27
99.7,43.5,0.00,0.00,0,13.62,0,1.27,0,1.27,0,12.0,0,42.77,0,16.45,0,1.27,0,1.27
100.0,43.5,0.00,0.00,0,13.62,0,1.27,0,1.27,0,12.0,32,42.77,0,16.45,0,1.27,0,1.27
100.0,43.5,0.00,0.00,0,13.62,0,1.27,0,1.27,0,12.0,0,42.77,0,16.45,0,1.27,0,1.27
100.0,43.5,0.00,0.00,0,13.62,0,1.27,0,1.27,0,12.0,13,42.77,0,16.45,0,1.27,0,1.27
100.0,43.4,0.00,0.00,0,13.62,0,1.27,0,1.27,0,12.0,0,42.77,0,16.45,0,1.27,0,1.27
100.0,43.9,0.00,0.00,0,13.62,0,1.27,0,1.27,0,12.0,0,42.77,0,16.45,0,1.27,0,1.27
100.0,43.9,0.00,0.00,0,13.62,0,1.27,0,1.27,0,12.0,0,42.77,0,16.45,0,1.27,0,1.27
100.0,43.9,0.00,0.00,0,13.62,0,1.27,0,1.27,0,12.0,2,42.77,0,16.45,0,1.27,0,1.27
100.0,43.8,0.00,0.00,0,13.62,0,1.27,0,1.27,0,12.0,0,42.77,0,16.45,0,1.27,0,1.27
100.0,43.9,0.00,0.00,0,13.62,0,1.27,0,1.27,0,12.0,6,42.77,0,16.45,0,1.27,0,1.27
100.0,43.8,0.00,0.00,0,13.62,0,1.27,0,1.27,0,12.0,0,42.77,0,16.45,0,1.27,0,1.27
100.0,43.9,0.00,0.00,0,13.62,0,1.27,0,1.27,0,12.0,0,42.77,0,16.45,0,1.27,0,1.27
100.0,43.9,0.00,0.00,0,13.62,0,1.27,0,1.27,0,12.0,14,42.77,0,16.45,0,1.27,0,1.27
100.0,41.4,0.00,0.00,0,13.62,0,1.27,0,1.27,0,12.0,0,42.77,0,16.45,0,1.27,0,1.27
99.9,40.4,0.00,0.00,0,13.62,0,1.27,0,1.27,0,12.0,26,42.77,0,16.45,0,1.27,0,1.27
100.0,41.1,0.00,0.00,0,13.62,0,1.27,0,1.27,0,12.0,0,42.77,0,16.45,0,1.27,0,1.27
100.0,41.5,0.00,0.00,0,13.62,0,1.27,0,1.27,0,12.0,3,42.77,0,16.45,0,1.27,0,1.27
100.0,42.3,0.00,0.00,0,13.62,0,1.27,0,1.27,0,12.0,0,42.77,0,16.45,0,1.27,0,1.27
100.0,42.3,0.00,0.00,0,13.62,0,1.27,0,1.27,0,12.0,0,42.77,0,16.45,0,1.27,0,1.27
100.0,42.4,0.00,0.00,0,13.62,0,1.27,0,1.27,0,12.0,32,42.77,0,16.45,0,1.27,0,1.27
97.6,42.6,0.00,0.00,0,13.62,0,1.27,0,1.27,0,12.0,0,42.77,0,16.45,0,1.27,0,1.27
100.0,42.6,0.00,0.00,0,13.62,0,1.27,0,1.27,0,12.0,0,42.77,0,16.45,0,1.27,0,1.27
99.4,43.1,0.00,0.00,0,13.62,0,1.27,0,1.27,0,12.0,0,42.77,0,16.45,0,1.27,0,1.27
100.0,42.9,0.00,0.00,0,13.62,0,1.27,0,1.27,0,12.0,16,42.77,0,16.45,0,1.27,0,1.27
100.0,43.0,0.00,0.00,0,13.62,0,1.27,0,1.27,0,12.0,0,42.77,0,16.45,0,1.27,0,1.27
100.0,43.0,0.00,0.00,0,13.62,0,1.27,0,1.27,0,12.0,48,42.77,0,16.45,0,1.27,0,1.27
100.0,42.8,0.00,0.00,0,13.62,0,1.27,0,1.27,0,12.0,0,42.77,0,16.45,0,1.27,0,1.27
100.0,43.0,0.00,0.00,0,13.62,0,1.27,0,1.27,0,12.0,0,42.77,0,16.45,0,1.27,0,1.27
100.0,43.0,0.00,0.00,0,13.62,0,1.27,0,1.27,0,12.0,0,42.77,0,16.45,0,1.27,0,1.27
100.0,43.8,0.00,0.00,0,13.62,0,1.27,0,1.27,0,12.0,0,42.77,0,16.45,0,1.27,0,1.27
100.0,37.6,0.00,0.00,0,13.62,0,1.27,0,1.27,0,12.0,0,42.77,0,16.45,0,1.27,0,1.27
100.0,34.1,0.00,0.00,0,13.62,0,1.27,0,1.27,0,12.0,0,42.77,0,16.45,0,1.27,0,1.27
100.0,34.6,0.00,0.00,0,13.62,0,1.27,0,1.27,0,12.0,0,42.77,0,16.45,0,1.27,0,1.27
100.0,36.5,0.00,0.00,0,13.62,0,1.27,0,1.27,0,12.0,0,42.77,0,16.45,0,1.27,0,1.27
100.0,38.5,0.00,0.00,0,13.62,0,1.27,0,1.27,0,12.0,0,42.77,0,16.45,0,1.27,0,1.27
100.0,39.0,0.00,0.00,0,13.62,0,1.27,0,1.27,0,12.0,0,42.77,0,16.45,0,1.27,0,1.27
100.0,31.8,0.00,0.00,0,13.62,0,1.27,0,1.27,0,12.0,0,42.77,0,16.45,0,1.27,0,1.27
100.0,32.0,0.00,0.00,0,13.62,0,1.27,0,1.27,0,12.0,0,42.77,0,16.45,0,1.27,0,1.27
100.0,38.2,0.00,0.00,0,13.62,0,1.27,0,1.27,0,12.0,16,42.77,0,16.45,0,1.27,0,1.27
100.0,34.9,0.00,0.00,0,13.62,0,1.27,0,1.27,0,12.0,0,42.77,0,16.45,0,1.27,0,1.27
100.0,35.5,0.00,0.00,0,13.62,0,1.27,0,1.27,0,12.0,0,42.77,0,16.45,0,1.27,0,1.27
100.0,35.9,0.00,0.00,0,13.62,0,1.27,0,1.27,0,12.0,0,42.77,0,16.45,0,1.27,0,1.27
100.0,33.8,0.00,0.00,0,13.62,0,1.27,0,1.27,0,12.0,0,42.77,0,16.45,0,1.27,0,1.27
100.0,34.4,0.00,0.00,0,13.62,0,1.27,0,1.27,0,12.0,0,42.77,0,16.45,0,1.27,0,1.27
100.0,35.5,0.00,0.00,0,13.62,0,1.27,0,1.27,0,12.0,0,42.77,0,16.45,0,1.27,0,1.27
100.0,36.7,0.00,0.00,0,13.62,0,1.27,0,1.27,0,12.0,28,42.77,0,16.45,0,1.27,0,1.27
100.0,37.4,0.00,0.00,0,13.62,0,1.27,0,1.27,0,12.0,0,42.77,0,16.45,0,1.27,0,1.27
99.9,38.0,0.00,0.00,0,13.62,0,1.27,0,1.27,0,12.0,42,42.77,0,16.45,0,1.27,0,1.27
100.0,42.2,0.00,0.00,0,13.62,0,1.27,0,1.27,0,12.0,0,42.77,0,16.45,0,1.27,0,1.27
100.0,40.1,0.00,0.00,0,13.62,0,1.27,0,1.27,0,12.0,28,42.77,0,16.45,0,1.27,0,1.27
100.0,40.5,0.00,0.00,0,13.62,0,1.27,0,1.27,0,12.0,0,42.77,0,16.45,0,1.27,0,1.27
100.0,40.7,0.00,0.00,0,13.62,0,1.27,0,1.27,0,12.0,0,42.77,0,16.45,0,1.27,0,1.27
100.0,40.8,0.00,0.00,0,13.62,0,1.27,0,1.27,0,12.0,0,42.77,0,16.45,0,1.27,0,1.27
100.0,40.8,0.00,0.00,0,13.62,0,1.27,0,1.27,0,12.0,0,42.77,0,16.45,0,1.27,0,1.27
100.0,41.2,0.00,0.00,0,13.62,0,1.27,0,1.27,0,12.0,0,42.77,0,16.45,0,1.27,0,1.27
100.0,41.2,0.00,0.00,0,13.62,0,1.27,0,1.27,0,12.0,2,42.77,0,16.45,0,1.27,0,1.27
100.0,42.0,0.00,0.00,0,13.62,0,1.27,0,1.27,0,12.0,0,42.77,0,16.45,0,1.27,0,1.27
100.0,42.1,0.00,0.00,0,13.62,0,1.27,0,1.27,0,12.0,0,42.77,0,16.45,0,1.27,0,1.27
100.0,42.0,0.00,0.00,0,13.62,0,1.27,0,1.27,0,12.0,0,42.77,0,16.45,0,1.27,0,1.27
100.0,42.0,0.00,0.00,0,13.62,0,1.27,0,1.27,0,12.0,0,42.77,0,16.45,0,1.27,0,1.27
100.0,42.8,0.00,0.00,0,13.62,0,1.27,0,1.27,0,12.0,42,42.77,0,16.45,0,1.27,0,1.27
100.0,42.9,0.00,0.00,0,13.62,0,1.27,0,1.27,0,12.0,0,42.77,0,16.45,0,1.27,0,1.27
100.0,42.8,0.00,0.00,0,13.62,0,1.27,0,1.27,0,12.0,16,42.77,0,16.45,0,1.27,0,1.27
100.0,42.9,0.00,0.00,0,13.62,0,1.27,0,1.27,0,12.0,0,42.77,0,16.45,0,1.27,0,1.27
100.0,42.9,0.00,0.00,0,13.62,0,1.27,0,1.27,0,12.0,0,42.77,0,16.45,0,1.27,0,1.27
100.0,40.3,0.00,0.00,0,13.62,0,1.27,0,1.27,0,12.0,0,42.77,0,16.45,0,1.27,0,1.27
100.0,39.3,0.00,0.00,0,13.62,0,1.27,0,1.27,0,12.0,0,42.77,0,16.45,0,1.27,0,1.27
100.0,39.9,0.00,0.00,0,13.62,0,1.27,0,1.27,0,12.0,0,42.77,0,16.45,0,1.27,0,1.27
100.0,40.3,0.00,0.00,0,13.62,0,1.27,0,1.27,0,12.0,4,42.77,0,16.45,0,1.27,0,1.27
99.7,41.5,0.00,0.00,0,13.62,0,1.27,0,1.27,0,12.0,0,42.77,0,16.45,0,1.27,0,1.27
100.0,41.4,0.00,0.00,0,13.62,0,1.27,0,1.27,0,12.0,0,42.77,0,16.45,0,1.27,0,1.27
100.0,41.7,0.00,0.00,0,13.62,0,1.27,0,1.27,0,12.0,0,42.77,0,16.45,0,1.27,0,1.27
100.0,41.7,0.00,0.00,0,13.62,0,1.27,0,1.27,0,12.0,0,42.77,0,16.45,0,1.27,0,1.27
100.0,41.7,0.00,0.00,0,13.62,0,1.27,0,1.27,0,12.0,0,42.77,0,16.45,0,1.27,0,1.27
100.0,42.2,0.00,0.00,0,13.62,0,1.27,0,1.27,0,12.0,0,42.77,0,16.45,0,1.27,0,1.27
100.0,43.4,0.00,0.00,0,13.62,0,1.27,0,1.27,0,12.0,0,42.77,0,16.45,0,1.27,0,1.27
100.0,43.7,0.00,0.00,0,13.62,0,1.27,0,1.27,0,12.0,0,42.77,0,16.45,0,1.27,0,1.27
99.9,43.7,0.00,0.00,0,13.62,0,1.27,0,1.27,0,12.0,0,42.77,0,16.45,0,1.27,0,1.27
100.0,43.7,0.00,0.00,0,13.62,0,1.27,0,1.27,0,12.0,0,42.77,0,16.45,0,1.27,0,1.27
100.0,43.7,0.00,0.00,0,13.62,0,1.27,0,1.27,0,12.0,0,42.77,0,16.45,0,1.27,0,1.27
100.0,44.4,0.00,0.00,0,13.62,0,1.27,0,1.27,0,12.0,0,42.77,0,16.45,0,1.27,0,1.27
100.0,44.5,0.00,0.00,0,13.62,0,1.27,0,1.27,0,12.0,24,42.77,0,16.45,0,1.27,0,1.27
100.0,44.5,0.00,0.00,0,13.62,0,1.27,0,1.27,0,12.0,21,42.77,0,16.45,0,1.27,0,1.27
100.0,44.5,0.00,0.00,0,13.62,0,1.27,0,1.27,0,12.0,0,42.77,0,16.45,0,1.27,0,1.27
100.0,44.5,0.00,0.00,0,13.62,0,1.27,0,1.27,0,12.0,0,42.77,0,16.45,0,1.27,0,1.27
100.0,44.6,0.00,0.00,0,13.62,0,1.27,0,1.27,0,12.0,0,42.77,0,16.45,0,1.27,0,1.27
100.0,44.6,0.00,0.00,0,13.62,0,1.27,0,1.27,0,12.0,7,42.77,0,16.45,0,1.27,0,1.27
100.0,44.4,0.00,0.00,0,13.62,0,1.27,0,1.27,0,12.0,0,42.77,0,16.45,0,1.27,0,1.27
100.0,41.5,0.00,0.00,0,13.62,0,1.27,0,1.27,0,12.0,0,42.77,0,16.45,0,1.27,0,1.27
99.5,41.0,0.00,0.00,0,13.62,0,1.27,0,1.27,0,12.0,0,42.77,0,16.45,0,1.27,0,1.27
100.0,41.6,0.00,0.00,0,13.62,0,1.27,0,1.27,0,12.0,48,42.77,0,16.45,0,1.27,0,1.27
100.0,42.1,0.00,0.00,0,13.62,0,1.27,0,1.27,0,12.0,0,42.77,0,16.45,0,1.27,0,1.27
100.0,42.8,0.00,0.00,0,13.62,0,1.27,0,1.27,0,12.0,23,42.77,0,16.45,0,1.27,0,1.27
100.0,43.1,0.00,0.00,0,13.62,0,1.27,0,1.27,0,12.0,32,42.77,0,16.45,0,1.27,0,1.27
100.0,43.2,0.00,0.00,0,13.62,0,1.27,0,1.27,0,12.0,8,42.77,0,16.45,0,1.27,0,1.27
100.0,43.3,0.00,0.00,0,13.62,0,1.27,0,1.27,0,12.0,0,42.77,0,16.45,0,1.27,0,1.27
99.8,43.4,0.00,0.00,0,13.62,0,1.27,0,1.27,0,12.0,0,42.77,0,16.45,0,1.27,0,1.27
100.0,43.4,0.00,0.00,0,13.62,0,1.27,0,1.27,0,12.0,0,42.77,0,16.45,0,1.27,0,1.27
100.0,43.6,0.00,0.00,0,13.62,0,1.27,0,1.27,0,12.0,4,42.77,0,16.45,0,1.27,0,1.27
100.0,43.8,0.00,0.00,0,13.62,0,1.27,0,1.27,0,12.0,11,42.77,0,16.45,0,1.27,0,1.27
100.0,43.8,0.00,0.00,0,13.62,0,1.27,0,1.27,0,12.0,0,42.77,0,16.45,0,1.27,0,1.27
100.0,43.8,0.00,0.00,0,13.62,0,1.27,0,1.27,0,12.0,0,42.77,0,16.45,0,1.27,0,1.27
100.0,43.9,0.00,0.00,0,13.62,0,1.27,0,1.27,0,12.0,0,42.77,0,16.45,0,1.27,0,1.27
100.0,44.6,0.00,0.00,0,13.62,0,1.27,0,1.27,0,12.0,0,42.77,0,16.45,0,1.27,0,1.27
100.0,44.7,0.00,0.00,0,13.62,0,1.27,0,1.27,0,12.0,0,42.77,0,16.45,0,1.27,0,1.27
96.7,44.6,0.00,0.00,0,13.62,0,1.27,0,1.27,0,12.0,32,42.77,0,16.45,0,1.27,0,1.27
100.0,44.7,0.00,0.00,0,13.62,0,1.27,0,1.27,0,12.0,0,42.77,0,16.45,0,1.27,0,1.27
100.0,44.7,0.00,0.00,0,13.62,0,1.27,0,1.27,0,12.0,0,42.77,0,16.45,0,1.27,0,1.27
100.0,44.7,0.00,0.00,0,13.62,0,1.27,0,1.27,0,12.0,41,42.77,0,16.45,0,1.27,0,1.27
100.0,44.7,0.00,0.00,0,13.62,0,1.27,0,1.27,0,12.0,0,42.77,0,16.45,0,1.27,0,1.27
100.0,44.6,0.00,0.00,0,13.62,0,1.27,0,1.27,0,12.0,0,42.77,0,16.45,0,1.27,0,1.27
100.0,44.7,0.00,0.00,0,13.62,0,1.27,0,1.27,0,12.0,32,42.77,0,16.45,0,1.27,0,1.27
100.0,42.3,0.00,0.00,0,13.62,0,1.27,0,1.27,0,12.0,0,42.77,0,16.45,0,1.27,0,1.27
100.0,42.1,0.00,0.00,0,13.62,0,1.27,0,1.27,0,12.0,0,42.77,0,16.45,0,1.27,0,1.27
100.0,43.7,0.00,0.00,0,13.62,0,1.27,0,1.27,0,12.0,31,42.77,0,16.45,0,1.27,0,1.27
100.0,45.3,0.00,0.00,0,13.62,0,1.27,0,1.27,0,12.0,0,42.77,0,16.45,0,1.27,0,1.27
100.0,45.8,0.00,0.00,0,13.62,0,1.27,0,1.27,0,12.0,0,42.77,0,16.45,0,1.27,0,1.27
100.0,46.4,0.00,0.00,0,13.62,0,1.27,0,1.27,0,12.0,18,42.77,0,16.45,0,1.27,0,1.27
100.0,46.6,0.00,0.00,0,13.62,0,1.27,0,1.27,0,12.0,0,42.77,0,16.45,0,1.27,0,1.27
100.0,46.7,0.00,0.00,0,13.62,0,1.27,0,1.27,0,12.0,29,42.77,0,16.45,0,1.27,0,1.27
100.0,46.8,0.00,0.00,0,13.62,0,1.27,0,1.27,0,12.0,7,42.77,0,16.45,0,1.27,0,1.27
100.0,46.7,0.00,0.00,0,13.62,0,1.27,0,1.27,0,12.0,0,42.77,0,16.45,0,1.27,0,1.27
100.0,47.0,0.00,0.00,0,13.62,0,1.27,0,1.27,0,12.0,8,42.77,0,16.45,0,1.27,0,1.27
100.0,47.2,0.00,0.00,0,13.62,0,1.27,0,1.27,0,12.0,0,42.77,0,16.45,0,1.27,0,1.27
100.0,47.3,0.00,0.00,0,13.62,0,1.27,0,1.27,0,12.0,0,42.77,0,16.45,0,1.27,0,1.27
100.0,47.2,0.00,0.00,0,13.62,0,1.27,0,1.27,0,12.0,0,42.77,0,16.45,0,1.27,0,1.27
100.0,47.2,0.00,0.00,0,13.62,0,1.27,0,1.27,0,12.0,0,42.77,0,16.45,0,1.27,0,1.27
100.0,47.2,0.00,0.00,0,13.62,0,1.27,0,1.27,0,12.0,0,42.77,0,16.45,0,1.27,0,1.27
100.0,47.1,0.00,0.00,0,13.62,0,1.27,0,1.27,0,12.0,0,42.77,0,16.45,0,1.27,0,1.27
100.0,47.9,0.00,0.00,0,13.62,0,1.27,0,1.27,0,12.0,0,42.77,0,16.45,0,1.27,0,1.27
100.0,48.0,0.00,0.00,0,13.62,0,1.27,0,1.27,0,12.0,0,42.77,0,16.45,0,1.27,0,1.27
100.0,48.0,0.00,0.00,0,13.62,0,1.27,0,1.27,0,12.0,48,42.77,0,16.45,0,1.27,0,1.27
100.0,48.0,0.00,0.00,0,13.62,0,1.27,0,1.27,0,12.0,8,42.77,0,16.45,0,1.27,0,1.27
100.0,48.0,0.00,0.00,0,13.62,0,1.27,0,1.27,0,12.0,0,42.77,0,16.45,0,1.27,0,1.27
100.0,48.0,0.00,0.00,0,13.62,0,1.27,0,1.27,0,12.0,8,42.77,0,16.45,0,1.27,0,1.27
100.0,48.0,0.00,0.00,0,13.62,0,1.27,0,1.27,0,12.0,0,42.77,0,16.45,0,1.27,0,1.27
100.0,48.0,0.00,0.00,0,13.62,0,1.27,0,1.27,0,12.0,0,42.77,0,16.45,0,1.27,0,1.27
100.0,48.0,0.00,0.00,0,13.62,0,1.27,0,1.27,0,12.0,10,42.77,0,16.45,0,1.27,0,1.27
100.0,45.5,0.00,0.00,0,13.62,0,1.27,0,1.27,0,12.0,16,42.77,0,16.45,0,1.27,0,1.27
100.0,43.3,0.00,0.00,0,13.62,0,1.27,0,1.27,0,12.0,0,42.77,0,16.45,0,1.27,0,1.27
100.0,43.8,0.00,0.00,0,13.62,0,1.27,0,1.27,0,12.0,24,42.77,0,16.45,0,1.27,0,1.27
99.2,44.0,0.00,0.00,0,13.62,0,1.27,0,1.27,0,12.0,0,42.77,0,16.45,0,1.27,0,1.27
100.0,44.1,0.00,0.00,0,13.62,0,1.27,0,1.27,0,12.0,8,42.77,0,16.45,0,1.27,0,1.27
100.0,44.3,0.00,0.00,0,13.62,0,1.27,0,1.27,0,12.0,0,42.77,0,16.45,0,1.27,0,1.27
100.0,44.3,0.00,0.00,0,13.62,0,1.27,0,1.27,0,12.0,37,42.77,0,16.45,0,1.27,0,1.27
100.0,43.7,0.00,0.00,0,13.62,0,1.27,0,1.27,0,12.0,0,42.77,0,16.45,0,1.27,0,1.27
99.4,45.1,0.00,0.00,0,13.62,0,1.27,0,1.27,0,12.0,7,42.77,0,16.45,0,1.27,0,1.27
100.0,45.5,0.00,0.00,0,13.62,0,1.27,0,1.27,0,12.0,4,42.77,0,16.45,0,1.27,0,1.27
100.0,46.5,0.00,0.00,0,13.62,0,1.27,0,1.27,0,12.0,8,42.77,0,16.45,0,1.27,0,1.27
100.0,46.3,0.00,0.00,0,13.62,0,1.27,0,1.27,0,12.0,0,42.77,0,16.45,0,1.27,0,1.27
100.0,46.6,0.00,0.00,0,13.62,0,1.27,0,1.27,0,12.0,0,42.77,0,16.45,0,1.27,0,1.27
100.0,46.4,0.00,0.00,0,13.62,0,1.27,0,1.27,0,12.0,34,42.77,0,16.45,0,1.27,0,1.27
100.0,46.6,0.00,0.00,0,13.62,0,1.27,0,1.27,0,12.0,0,42.77,0,16.45,0,1.27,0,1.27
100.0,47.0,0.00,0.00,0,13.62,0,1.27,0,1.27,0,12.0,28,42.77,0,16.45,0,1.27,0,1.27
100.0,47.0,0.00,0.00,0,13.62,0,1.27,0,1.27,0,12.0,0,42.77,0,16.45,0,1.27,0,1.27
100.0,47.1,0.00,0.00,0,13.62,0,1.27,0,1.27,0,12.0,0,42.77,0,16.45,0,1.27,0,1.27
100.0,47.0,0.00,0.00,0,13.62,0,1.27,0,1.27,0,12.0,24,42.77,0,16.45,0,1.27,0,1.27
100.0,46.4,0.00,0.00,0,13.62,0,1.27,0,1.27,0,12.0,0,42.77,0,16.45,0,1.27,0,1.27
100.0,44.6,0.00,0.00,0,13.62,0,1.27,0,1.27,0,12.0,15,42.77,0,16.45,0,1.27,0,1.27
100.0,46.1,0.00,0.00,0,13.62,0,1.27,0,1.27,0,12.0,0,42.77,0,16.45,0,1.27,0,1.27
100.0,46.2,0.00,0.00,0,13.62,0,1.27,0,1.27,0,12.0,0,42.77,0,16.45,0,1.27,0,1.27
99.8,47.0,0.00,0.00,0,13.62,0,1.27,0,1.27,0,12.0,14,42.77,0,16.45,0,1.27,0,1.27
100.0,47.3,0.00,0.00,0,13.62,0,1.27,0,1.27,0,12.0,0,42.77,0,16.45,0,1.27,0,1.27
100.0,47.2,0.00,0.00,0,13.62,0,1.27,0,1.27,0,12.0,0,42.77,0,16.45,0,1.27,0,1.27
100.0,47.5,0.00,0.00,0,13.62,0,1.27,0,1.27,0,12.0,0,42.77,0,16.45,0,1.27,0,1.27
100.0,47.5,0.00,0.00,0,13.62,0,1.27,0,1.27,0,12.0,8,42.77,0,16.45,0,1.27,0,1.27
100.0,47.9,0.00,0.00,0,13.62,0,1.27,0,1.27,0,12.0,0,42.77,0,16.45,0,1.27,0,1.27
100.0,47.9,0.00,0.00,0,13.62,0,1.27,0,1.27,0,12.0,19,42.77,0,16.45,0,1.27,0,1.27
100.0,47.8,0.00,0.00,0,13.62,0,1.27,0,1.27,0,12.0,32,42.77,0,16.45,0,1.27,0,1.27
100.0,47.8,0.00,0.00,0,13.62,0,1.27,0,1.27,0,12.0,0,42.77,0,16.45,0,1.27,0,1.27
100.0,47.9,0.00,0.00,0,13.62,0,1.27,0,1.27,0,12.0,0,42.77,0,16.45,0,1.27,0,1.27
100.0,47.8,0.00,0.00,0,13.62,0,1.27,0,1.27,0,12.0,0,42.77,0,16.45,0,1.27,0,1.27
99.6,47.9,0.00,0.00,0,13.62,0,1.27,0,1.27,0,12.0,0,42.77,0,16.45,0,1.27,0,1.27
100.0,46.9,0.00,0.00,0,13.62,0,1.27,0,1.27,0,12.0,0,42.77,0,16.45,0,1.27,0,1.27
100.0,36.8,0.00,0.00,0,13.62,0,1.27,0,1.27,0,12.0,0,42.77,0,16.45,0,1.27,0,1.27
100.0,37.1,0.00,0.00,0,13.62,0,1.27,0,1.27,0,12.0,0,42.77,0,16.45,0,1.27,0,1.27
100.0,36.6,0.00,0.00,0,13.62,0,1.27,0,1.27,0,12.0,24,42.77,0,16.45,0,1.27,0,1.27
100.0,38.4,0.00,0.00,0,13.62,0,1.27,0,1.27,0,12.0,2,42.77,0,16.45,0,1.27,0,1.27
99.3,30.3,0.00,0.00,0,13.62,0,1.27,0,1.27,0,12.0,0,42.77,0,16.45,0,1.27,0,1.27
100.0,30.5,0.00,0.00,0,13.62,0,1.27,0,1.27,0,12.0,0,42.77,0,16.45,0,1.27,0,1.27
99.6,32.5,0.00,0.00,0,13.62,0,1.27,0,1.27,0,12.0,23,42.77,0,16.45,0,1.27,0,1.27
100.0,32.3,0.00,0.00,0,13.62,0,1.27,0,1.27,0,12.0,0,42.77,0,16.45,0,1.27,0,1.27
100.0,33.6,0.00,0.00,0,13.62,0,1.27,0,1.27,0,12.0,0,42.77,0,16.45,0,1.27,0,1.27
99.7,34.2,0.00,0.00,0,13.62,0,1.27,0,1.27,0,12.0,16,42.77,0,16.45,0,1.27,0,1.27
100.0,34.9,0.00,0.00,0,13.62,0,1.27,0,1.27,0,12.0,0,42.77,0,16.45,0,1.27,0,1.27
99.1,35.6,0.00,0.00,0,13.62,0,1.27,0,1.27,0,12.0,0,42.77,0,16.45,0,1.27,0,1.27
100.0,36.7,0.00,0.00,0,13.62,0,1.27,0,1.27,0,12.0,0,42.77,0,16.45,0,1.27,0,1.27
100.0,37.3,0.00,0.00,0,13.62,0,1.27,0,1.27,0,12.0,0,42.77,0,16.45,0,1.27,0,1.27
100.0,38.7,0.00,0.00,0,13.62,0,1.27,0,1.27,0,12.0,0,42.77,0,16.45,0,1.27,0,1.27
100.0,39.8,0.00,0.00,0,13.62,0,1.27,0,1.27,0,12.0,8,42.77,0,16.45,0,1.27,0,1.27
100.0,40.0,0.00,0.00,0,13.62,0,1.27,0,1.27,0,12.0,0,42.77,0,16.45,0,1.27,0,1.27
99.3,40.2,0.00,0.00,0,13.62,0,1.27,0,1.27,0,12.0,0,42.77,0,16.45,0,1.27,0,1.27
100.0,41.0,0.00,0.00,0,13.62,0,1.27,0,1.27,0,12.0,0,42.77,0,16.45,0,1.27,0,1.27
100.0,41.3,0.00,0.00,0,13.62,0,1.27,0,1.27,0,12.0,0,42.77,0,16.45,0,1.27,0,1.27
100.0,41.5,0.00,0.00,0,13.62,0,1.27,0,1.27,0,12.0,0,42.77,0,16.45,0,1.27,0,1.27
100.0,41.4,0.00,0.00,0,13.62,0,1.27,0,1.27,0,12.0,0,42.77,0,16.45,0,1.27,0,1.27
100.0,41.5,0.00,0.00,0,13.62,0,1.27,0,1.27,0,12.0,0,42.77,0,16.45,0,1.27,0,1.27
100.0,41.5,0.00,0.00,0,13.62,0,1.27,0,1.27,0,12.0,0,42.77,0,16.45,0,1.27,0,1.27
100.0,42.2,0.00,0.00,0,13.62,0,1.27,0,1.27,0,12.0,0,42.77,0,16.45,0,1.27,0,1.27
100.0,42.2,0.00,0.00,0,13.62,0,1.27,0,1.27,0,12.0,0,42.77,0,16.45,0,1.27,0,1.27
100.0,42.2,0.00,0.00,0,13.62,0,1.27,0,1.27,0,12.0,18,42.77,0,16.45,0,1.27,0,1.27
100.0,39.9,0.00,0.00,0,13.62,0,1.27,0,1.27,0,12.0,0,42.77,0,16.45,0,1.27,0,1.27
100.0,38.8,0.00,0.00,0,13.62,0,1.27,0,1.27,0,12.0,40,42.77,0,16.45,0,1.27,0,1.27
100.0,39.8,0.00,0.00,0,13.62,0,1.27,0,1.27,0,12.0,0,42.77,0,16.45,0,1.27,0,1.27
100.0,40.4,0.00,0.00,0,13.62,0,1.27,0,1.27,0,12.0,0,42.77,0,16.45,0,1.27,0,1.27
100.0,40.9,0.00,0.00,0,13.62,0,1.27,0,1.27,0,12.0,0,42.77,0,16.45,0,1.27,0,1.27
100.0,41.8,0.00,0.00,0,13.62,0,1.27,0,1.27,0,12.0,0,42.77,0,16.45,0,1.27,0,1.27
100.0,41.9,0.00,0.00,0,13.62,0,1.27,0,1.27,0,12.0,0,42.77,0,16.45,0,1.27,0,1.27
100.0,42.2,0.00,0.00,0,13.62,0,1.27,0,1.27,0,12.0,10,42.77,0,16.45,0,1.27,0,1.27
100.0,42.6,0.00,0.00,0,13.62,0,1.27,0,1.27,0,12.0,39,42.77,0,16.45,0,1.27,0,1.27
100.0,44.1,0.00,0.00,0,13.62,0,1.27,0,1.27,0,12.0,0,42.77,0,16.45,0,1.27,0,1.27
100.0,44.2,0.00,0.00,0,13.62,0,1.27,0,1.27,0,12.0,0,42.77,0,16.45,0,1.27,0,1.27
100.0,44.2,0.00,0.00,0,13.62,0,1.27,0,1.27,0,12.0,32,42.77,0,16.45,0,1.27,0,1.27
100.0,44.3,0.00,0.00,0,13.62,0,1.27,0,1.27,0,12.0,0,42.77,0,16.45,0,1.27,0,1.27
100.0,44.2,0.00,0.00,0,13.62,0,1.27,0,1.27,0,12.0,0,42.77,0,16.45,0,1.27,0,1.27
100.0,44.2,0.00,0.00,0,13.62,0,1.27,0,1.27,0,12.0,0,42.77,0,16.45,0,1.27,0,1.27
100.0,45.0,0.00,0.00,0,13.62,0,1.27,0,1.27,0,12.0,0,42.77,0,16.45,0,1.27,0,1.27
100.0,45.0,0.00,0.00,0,13.62,0,1.27,0,1.27,0,12.0,5,42.77,0,16.45,0,1.27,0,1.27
100.0,44.9,0.00,0.00,0,13.62,0,1.27,0,1.27,0,12.0,0,42.77,0,16.45,0,1.27,0,1.27
100.0,45.0,0.00,0.00,0,13.62,0,1.27,0,1.27,0,12.0,0,42.77,0,16.45,0,1.27,0,1.27
100.0,45.0,0.00,0.00,0,13.62,0,1.27,0,1.27,0,12.0,0,42.77,0,16.45,0,1.27,0,1.27
100.0,45.0,0.00,0.00,0,13.62,0,1.27,0,1.27,0,12.0,0,42.77,0,16.45,0,1.27,0,1.27
100.0,44.9,0.00,0.00,0,13.62,0,1.27,0,1.27,0,12.0,48,42.77,0,16.45,0,1.27,0,1.27
100.0,45.0,0.00,0.00,0,13.62,0,1.27,0,1.27,0,12.0,0,42.77,0,16.45,0,1.27,0,1.27
100.0,45.0,0.00,0.00,0,13.62,0,1.27,0,1.27,0,12.0,24,42.77,0,16.45,0,1.27,0,1.27
100.0,45.1,0.00,0.00,0,13.62,0,1.27,0,1.27,0,12.0,0,42.77,0,16.45,0,1.27,0,1.27
100.0,45.0,0.00,0.00,0,13.62,0,1.27,0,1.27,0,12.0,0,42.77,0,16.45,0,1.27,0,1.27
100.0,45.0,0.00,0.00,0,13.62,0,1.27,0,1.27,0,12.0,24,42.77,0,16.45,0,1.27,0,1.27
99.9,45.1,0.00,0.00,0,13.62,0,1.27,0,1.27,0,12.0,4,42.77,0,16.45,0,1.27,0,1.27
100.0,42.0,0.00,0.00,0,13.62,0,1.27,0,1.27,0,12.0,0,42.77,0,16.45,0,1.27,0,1.27
100.0,40.6,0.00,0.00,0,13.62,0,1.27,0,1.27,0,12.0,0,42.77,0,16.45,0,1.27,0,1.27
100.0,40.9,0.00,0.00,0,13.62,0,1.27,0,1.27,0,12.0,0,42.77,0,16.45,0,1.27,0,1.27
100.0,42.0,0.00,0.00,0,13.62,0,1.27,0,1.27,0,12.0,0,42.77,0,16.45,0,1.27,0,1.27
100.0,42.7,0.00,0.00,0,13.62,0,1.27,0,1.27,0,12.0,0,42.77,0,16.45,0,1.27,0,1.27
100.0,44.3,0.00,0.00,0,13.62,0,1.27,0,1.27,0,12.0,0,42.77,0,16.45,0,1.27,0,1.27
100.0,43.8,0.00,0.00,0,13.62,0,1.27,0,1.27,0,12.0,0,42.77,0,16.45,0,1.27,0,1.27
100.0,44.1,0.00,0.00,0,13.62,0,1.27,0,1.27,0,12.0,2,42.77,0,16.45,0,1.27,0,1.27
100.0,44.0,0.00,0.00,0,13.62,0,1.27,0,1.27,0,12.0,14,42.77,0,16.45,0,1.27,0,1.27
100.0,44.4,0.00,0.00,0,13.62,0,1.27,0,1.27,0,12.0,0,42.77,0,16.45,0,1.27,0,1.27
100.0,44.4,0.00,0.00,0,13.62,0,1.27,0,1.27,0,12.0,0,42.77,0,16.45,0,1.27,0,1.27
100.0,44.2,0.00,0.00,0,13.62,0,1.27,0,1.27,0,12.0,4,42.77,0,16.45,0,1.27,0,1.27
99.2,44.3,0.00,0.00,0,13.62,0,1.27,0,1.27,0,12.0,0,42.77,0,16.45,0,1.27,0,1.27
100.0,44.5,0.00,0.00,0,13.62,0,1.27,0,1.27,0,12.0,0,42.77,0,16.45,0,1.27,0,1.27
100.0,44.5,0.00,0.00,0,13.62,0,1.27,0,1.27,0,12.0,0,42.77,0,16.45,0,1.27,0,1.27
100.0,45.6,0.00,0.00,0,13.62,0,1.27,0,1.27,0,12.0,0,42.77,0,16.45,0,1.27,0,1.27
100.0,47.6,0.00,0.00,0,13.62,0,1.27,0,1.27,0,12.0,0,42.77,0,16.45,0,1.27,0,1.27
100.0,48.2,0.00,0.00,0,13.62,0,1.27,0,1.27,0,12.0,8,42.77,0,16.45,0,1.27,0,1.27
99.0,48.5,0.00,0.00,0,13.62,0,1.27,0,1.27,0,12.0,17,42.77,0,16.45,0,1.27,0,1.27
100.0,48.5,0.00,0.00,0,13.62,0,1.27,0,1.27,0,12.0,0,42.77,0,16.45,0,1.27,0,1.27
100.0,48.5,0.00,0.00,0,13.62,0,1.27,0,1.27,0,12.0,0,42.77,0,16.45,0,1.27,0,1.27
100.0,48.6,0.00,0.00,0,13.62,0,1.27,0,1.27,0,12.0,8,42.77,0,16.45,0,1.27,0,1.27
100.0,48.5,0.00,0.00,0,13.62,0,1.27,0,1.27,0,12.0,20,42.77,0,16.45,0,1.27,0,1.27
99.4,48.6,0.00,0.00,0,13.62,0,1.27,0,1.27,0,12.0,8,42.77,0,16.45,0,1.27,0,1.27
100.0,48.5,0.00,0.00,0,13.62,0,1.27,0,1.27,0,12.0,0,42.77,0,16.45,0,1.27,0,1.27
100.0,48.6,0.00,0.00,0,13.62,0,1.27,0,1.27,0,12.0,0,42.77,0,16.45,0,1.27,0,1.27
100.0,45.4,0.00,0.00,0,13.62,0,1.27,0,1.27,0,12.0,0,42.77,0,16.45,0,1.27,0,1.27
100.0,46.2,0.00,0.00,0,13.62,0,1.27,0,1.27,0,12.0,0,42.77,0,16.45,0,1.27,0,1.27
100.0,44.1,0.00,0.00,0,13.62,0,1.27,0,1.27,0,12.0,16,42.77,0,16.45,0,1.27,0,1.27
100.0,45.0,0.00,0.00,0,13.62,0,1.27,0,1.27,0,12.0,0,42.77,0,16.45,0,1.27,0,1.27
99.5,45.6,0.00,0.00,0,13.62,0,1.27,0,1.27,0,12.0,0,42.77,0,16.45,0,1.27,0,1.27
100.0,46.0,0.00,0.00,0,13.62,0,1.27,0,1.27,0,12.0,0,42.77,0,16.45,0,1.27,0,1.27
100.0,47.0,0.00,0.00,0,13.62,0,1.27,0,1.27,0,12.0,0,42.77,0,16.45,0,1.27,0,1.27
100.0,47.2,0.00,0.00,0,13.62,0,1.27,0,1.27,0,12.0,32,42.77,0,16.45,0,1.27,0,1.27
100.0,47.1,0.00,0.00,0,13.62,0,1.27,0,1.27,0,12.0,0,42.77,0,16.45,0,1.27,0,1.27
100.0,47.6,0.00,0.00,0,13.62,0,1.27,0,1.27,0,12.0,0,42.77,0,16.45,0,1.27,0,1.27
100.0,47.5,0.00,0.00,0,13.62,0,1.27,0,1.27,0,12.0,0,42.77,0,16.45,0,1.27,0,1.27
100.0,47.6,0.00,0.00,0,13.62,0,1.27,0,1.27,0,12.0,0,42.77,0,16.45,0,1.27,0,1.27
99.5,48.0,0.00,0.00,0,13.62,0,1.27,0,1.27,0,12.0,4,42.77,0,16.45,0,1.27,0,1.27
100.0,48.0,0.00,0.00,0,13.62,0,1.27,0,1.27,0,12.0,0,42.77,0,16.45,0,1.27,0,1.27
100.0,47.8,0.00,0.00,0,13.62,0,1.27,0,1.27,0,12.0,7,42.77,0,16.45,0,1.27,0,1.27
100.0,48.0,0.00,0.00,0,13.62,0,1.27,0,1.27,0,12.0,24,42.77,0,16.45,0,1.27,0,1.27
100.0,48.0,0.00,0.00,0,13.62,0,1.27,0,1.27,0,12.0,0,42.77,0,16.45,0,1.27,0,1.27
100.0,48.0,0.00,0.00,0,13.62,0,1.27,0,1.27,0,12.0,0,42.77,0,16.45,0,1.27,0,1.27
100.0,48.8,0.00,0.00,0,13.62,0,1.27,0,1.27,0,12.0,32,42.77,0,16.45,0,1.27,0,1.27
99.8,48.8,0.00,0.00,0,13.62,0,1.27,0,1.27,0,12.0,40,42.77,0,16.45,0,1.27,0,1.27
100.0,48.8,0.00,0.00,0,13.62,0,1.27,0,1.27,0,12.0,0,42.77,0,16.45,0,1.27,0,1.27
100.0,48.8,0.00,0.00,0,13.62,0,1.27,0,1.27,0,12.0,35,42.77,0,16.45,0,1.27,0,1.27
100.0,48.8,0.00,0.00,0,13.62,0,1.27,0,1.27,0,12.0,9,42.77,0,16.45,0,1.27,0,1.27
100.0,48.8,0.00,0.00,0,13.62,0,1.27,0,1.27,0,12.0,0,42.77,0,16.45,0,1.27,0,1.27
100.0,48.9,0.00,0.00,0,13.62,0,1.27,0,1.27,0,12.0,26,42.77,0,16.45,0,1.27,0,1.27
100.0,48.8,0.00,0.00,0,13.62,0,1.27,0,1.27,0,12.0,20,42.77,0,16.45,0,1.27,0,1.27
100.0,48.9,0.00,0.00,0,13.62,0,1.27,0,1.27,0,12.0,21,42.77,0,16.45,0,1.27,0,1.27
100.0,49.0,0.00,0.00,0,13.62,0,1.27,0,1.27,0,12.0,24,42.77,0,16.45,0,1.27,0,1.27
100.0,48.9,0.00,0.00,0,13.62,0,1.27,0,1.27,0,12.0,0,42.77,0,16.45,0,1.27,0,1.27
100.0,48.9,0.00,0.00,0,13.62,0,1.27,0,1.27,0,12.0,17,42.77,0,16.45,0,1.27,0,1.27
100.0,45.9,0.00,0.00,0,13.62,0,1.27,0,1.27,0,12.0,0,42.77,0,16.45,0,1.27,0,1.27
100.0,44.1,0.00,0.00,0,13.62,0,1.27,0,1.27,0,12.0,0,42.77,0,16.45,0,1.27,0,1.27
100.0,45.2,0.00,0.00,0,13.62,0,1.27,0,1.27,0,12.0,0,42.77,0,16.45,0,1.27,0,1.27
100.0,44.8,0.00,0.00,0,13.62,0,1.27,0,1.27,0,12.0,0,42.77,0,16.45,0,1.27,0,1.27
100.0,45.4,0.00,0.00,0,13.62,0,1.27,0,1.27,0,12.0,0,42.77,0,16.45,0,1.27,0,1.27
100.0,45.9,0.00,0.00,0,13.62,0,1.27,0,1.27,0,12.0,0,42.77,0,16.45,0,1.27,0,1.27
100.0,47.0,0.00,0.00,0,13.62,0,1.27,0,1.27,0,12.0,9,42.77,0,16.45,0,1.27,0,1.27
100.0,35.8,0.00,0.00,0,13.62,0,1.27,0,1.27,0,12.0,0,42.77,0,16.45,0,1.27,0,1.27
100.0,37.8,0.00,0.00,0,13.62,0,1.27,0,1.27,0,12.0,24,42.77,0,16.45,0,1.27,0,1.27
100.0,38.8,0.00,0.00,0,13.62,0,1.27,0,1.27,0,12.0,0,42.77,0,16.45,0,1.27,0,1.27
100.0,41.7,0.00,0.00,0,13.62,0,1.27,0,1.27,0,12.0,0,42.77,0,16.45,0,1.27,0,1.27
100.0,28.4,0.00,0.00,0,13.62,0,1.27,0,1.27,0,12.0,0,42.77,0,16.45,0,1.27,0,1.27
100.0,28.5,0.00,0.00,0,13.62,0,1.27,0,1.27,0,12.0,0,42.77,0,16.45,0,1.27,0,1.27
100.0,28.9,0.00,0.00,0,13.62,0,1.27,0,1.27,0,12.0,0,42.77,0,16.45,0,1.27,0,1.27
100.0,29.9,0.00,0.00,0,13.62,0,1.27,0,1.27,0,12.0,8,42.77,0,16.45,0,1.27,0,1.27
100.0,30.4,0.00,0.00,0,13.62,0,1.27,0,1.27,0,12.0,0,42.77,0,16.45,0,1.27,0,1.27
97.8,30.3,0.00,0.00,0,13.62,0,1.27,0,1.27,0,12.0,0,42.77,0,16.45,0,1.27,0,1.27
100.0,30.9,0.00,0.00,0,13.62,0,1.27,0,1.27,0,12.0,0,42.77,0,16.45,0,1.27,0,1.27
100.0,30.7,0.00,0.00,0,13.62,0,1.27,0,1.27,0,12.0,0,42.77,0,16.45,0,1.27,0,1.27
100.0,30.9,0.00,0.00,0,13.62,0,1.27,0,1.27,0,12.0,20,42.77,0,16.45,0,1.27,0,1.27
100.0,29.7,0.00,0.00,0,13.62,0,1.27,0,1.27,0,12.0,0,42.77,0,16.45,0,1.27,0,1.27
100.0,30.2,0.00,0.00,0,13.62,0,1.27,0,1.27,0,12.0,0,42.77,0,16.45,0,1.27,0,1.27
100.0,31.3,0.00,0.00,0,13.62,0,1.27,0,1.27,0,12.0,6,42.77,0,16.45,0,1.27,0,1.27
100.0,31.9,0.00,0.00,0,13.62,0,1.27,0,1.27,0,12.0,0,42.77,0,16.45,0,1.27,0,1.27
100.0,32.2,0.00,0.00,0,13.62,0,1.27,0,1.27,0,12.0,0,42.77,0,16.45,0,1.27,0,1.27
100.0,32.2,0.00,0.00,0,13.62,0,1.27,0,1.27,0,12.0,0,42.77,0,16.45,0,1.27,0,1.27
100.0,32.8,0.00,0.00,0,13.62,0,1.27,0,1.27,0,12.0,2,42.77,0,16.45,0,1.27,0,1.27
100.0,32.7,0.00,0.00,0,13.62,0,1.27,0,1.27,0,12.0,6,42.77,0,16.45,0,1.27,0,1.27
100.0,29.5,0.00,0.00,0,13.62,0,1.27,0,1.27,0,12.0,0,42.77,0,16.45,0,1.27,0,1.27
100.0,30.6,0.00,0.00,0,13.62,0,1.27,0,1.27,0,12.0,0,42.77,0,16.45,0,1.27,0,1.27
100.0,28.5,0.00,0.00,0,13.62,0,1.27,0,1.27,0,12.0,0,42.77,0,16.45,0,1.27,0,1.27
100.0,29.3,0.00,0.00,0,13.62,0,1.27,0,1.27,0,12.0,0,42.77,0,16.45,0,1.27,0,1.27
100.0,29.8,0.00,0.00,0,13.62,0,1.27,0,1.27,0,12.0,9,42.77,0,16.45,0,1.27,0,1.27
100.0,28.7,0.00,0.00,0,13.62,0,1.27,0,1.27,0,12.0,0,42.77,0,16.45,0,1.27,0,1.27
99.8,28.6,0.00,0.00,0,13.62,0,1.27,0,1.27,0,12.0,0,42.77,0,16.45,0,1.27,0,1.27
100.0,29.6,0.00,0.00,0,13.62,0,1.27,0,1.27,0,12.0,29,42.77,0,16.45,0,1.27,0,1.27
100.0,31.0,0.00,0.00,0,13.62,0,1.27,0,1.27,0,12.0,40,42.77,0,16.45,0,1.27,0,1.27
100.0,31.2,0.00,0.00,0,13.62,0,1.27,0,1.27,0,12.0,0,42.77,0,16.45,0,1.27,0,1.27
100.0,31.9,0.00,0.00,0,13.62,0,1.27,0,1.27,0,12.0,0,42.77,0,16.45,0,1.27,0,1.27
99.0,31.9,0.00,0.00,0,13.62,0,1.27,0,1.27,0,12.0,0,42.77,0,16.45,0,1.27,0,1.27
100.0,32.3,0.00,0.00,0,13.62,0,1.27,0,1.27,0,12.0,31,42.77,0,16.45,0,1.27,0,1.27
100.0,32.2,0.00,0.00,0,13.62,0,1.27,0,1.27,0,12.0,0,42.77,0,16.45,0,1.27,0,1.27
100.0,32.2,0.00,0.00,0,13.62,0,1.27,0,1.27,0,12.0,0,42.77,0,16.45,0,1.27,0,1.27
100.0,32.3,0.00,0.00,0,13.62,0,1.27,0,1.27,0,12.0,0,42.77,0,16.45,0,1.27,0,1.27
100.0,33.0,0.00,0.00,0,13.62,0,1.27,0,1.27,0,12.0,0,42.77,0,16.45,0,1.27,0,1.27
100.0,33.1,0.00,0.00,0,13.62,0,1.27,0,1.27,0,12.0,8,42.77,0,16.45,0,1.27,0,1.27
97.8,33.1,0.00,0.00,0,13.62,0,1.27,0,1.27,0,12.0,0,42.77,0,16.45,0,1.27,0,1.27
99.5,33.1,0.00,0.00,0,13.62,0,1.27,0,1.27,0,12.0,0,42.77,0,16.45,0,1.27,0,1.27
100.0,33.5,0.00,0.00,0,13.62,0,1.27,0,1.27,0,12.0,2,42.77,0,16.45,0,1.27,0,1.27
100.0,34.0,0.00,0.00,0,13.62,0,1.27,0,1.27,0,12.0,6,42.77,0,16.45,0,1.27,0,1.27
100.0,33.9,0.00,0.00,0,13.62,0,1.27,0,1.27,0,12.0,0,42.77,0,16.45,0,1.27,0,1.27
100.0,34.0,0.00,0.00,0,13.62,0,1.27,0,1.27,0,12.0,0,42.77,0,16.45,0,1.27,0,1.27
100.0,34.0,0.00,0.00,0,13.62,0,1.27,0,1.27,0,12.0,0,42.77,0,16.45,0,1.27,0,1.27
100.0,31.5,0.00,0.00,0,13.62,0,1.27,0,1.27,0,12.0,0,42.77,0,16.45,0,1.27,0,1.27
100.0,30.3,0.00,0.00,0,13.62,0,1.27,0,1.27,0,12.0,0,42.77,0,16.45,0,1.27,0,1.27
100.0,31.1,0.00,0.00,0,13.62,0,1.27,0,1.27,0,12.0,0,42.77,0,16.45,0,1.27,0,1.27
100.0,31.6,0.00,0.00,0,13.62,0,1.27,0,1.27,0,12.0,19,42.77,0,16.45,0,1.27,0,1.27
100.0,32.4,0.00,0.00,0,13.62,0,1.27,0,1.27,0,12.0,38,42.77,0,16.45,0,1.27,0,1.27
100.0,32.7,0.00,0.00,0,13.62,0,1.27,0,1.27,0,12.0,0,42.77,0,16.45,0,1.27,0,1.27
100.0,29.7,0.00,0.00,0,13.62,0,1.27,0,1.27,0,12.0,42,42.77,0,16.45,0,1.27,0,1.27
100.0,28.6,0.00,0.00,0,13.62,0,1.27,0,1.27,0,12.0,0,42.77,0,16.45,0,1.27,0,1.27
100.0,29.5,0.00,0.00,0,13.62,0,1.27,0,1.27,0,12.0,0,42.77,0,16.45,0,1.27,0,1.27
100.0,29.5,0.00,0.00,0,13.62,0,1.27,0,1.27,0,12.0,7,42.77,0,16.45,0,1.27,0,1.27
100.0,30.4,0.00,0.00,0,13.62,0,1.27,0,1.27,0,12.0,31,42.77,0,16.45,0,1.27,0,1.27
100.0,31.0,0.00,0.00,0,13.62,0,1.27,0,1.27,0,12.0,0,42.77,0,16.45,0,1.27,0,1.27
100.0,31.9,0.00,0.00,0,13.62,0,1.27,0,1.27,0,12.0,0,42.77,0,16.45,0,1.27,0,1.27
100.0,32.1,0.00,0.00,0,13.62,0,1.27,0,1.27,0,12.0,0,42.77,0,16.45,0,1.27,0,1.27
100.0,32.2,0.00,0.00,0,13.62,0,1.27,0,1.27,0,12.0,0,42.77,0,16.45,0,1.27,0,1.27
100.0,33.5,0.00,0.00,0,13.62,0,1.27,0,1.27,0,12.0,0,42.77,0,16.45,0,1.27,0,1.27
100.0,33.5,0.00,0.00,0,13.62,0,1.27,0,1.27,0,12.0,31,42.77,0,16.45,0,1.27,0,1.27
100.0,33.5,0.00,0.00,0,13.62,0,1.27,0,1.27,0,12.0,0,42.77,0,16.45,0,1.27,0,1.27
100.0,33.5,0.00,0.00,0,13.62,0,1.27,0,1.27,0,12.0,0,42.77,0,16.45,0,1.27,0,1.27
100.0,33.5,0.00,0.00,0,13.62,0,1.27,0,1.27,0,12.0,12,42.77,0,16.45,0,1.27,0,1.27
100.0,33.5,0.00,0.00,0,13.62,0,1.27,0,1.27,0,12.0,0,42.77,0,16.45,0,1.27,0,1.27
100.0,34.3,0.00,0.00,0,13.62,0,1.27,0,1.27,0,12.0,4,42.77,0,16.45,0,1.27,0,1.27
100.0,34.3,0.00,0.00,0,13.62,0,1.27,0,1.27,0,12.0,0,42.77,0,16.45,0,1.27,0,1.27
100.0,34.3,0.00,0.00,0,13.62,0,1.27,0,1.27,0,12.0,8,42.77,0,16.45,0,1.27,0,1.27
100.0,30.4,0.00,0.00,0,13.62,0,1.27,0,1.27,0,12.0,0,42.77,0,16.45,0,1.27,0,1.27
100.0,30.6,0.00,0.00,0,13.62,0,1.27,0,1.27,0,12.0,0,42.77,0,16.45,0,1.27,0,1.27
100.0,31.8,0.00,0.00,0,13.62,0,1.27,0,1.27,0,12.0,14,42.77,0,16.45,0,1.27,0,1.27
100.0,32.8,0.00,0.00,0,13.62,0,1.27,0,1.27,0,12.0,8,42.77,0,16.45,0,1.27,0,1.27
100.0,33.0,0.00,0.00,0,13.62,0,1.27,0,1.27,0,12.0,0,42.77,0,16.45,0,1.27,0,1.27
100.0,33.0,0.00,0.00,0,13.62,0,1.27,0,1.27,0,12.0,24,42.77,0,16.45,0,1.27,0,1.27
100.0,33.2,0.00,0.00,0,13.62,0,1.27,0,1.27,0,12.0,1,42.77,0,16.45,0,1.27,0,1.27
100.0,33.2,0.00,0.00,0,13.62,0,1.27,0,1.27,0,12.0,35,42.77,0,16.45,0,1.27,0,1.27
100.0,33.6,0.00,0.00,0,13.62,0,1.27,0,1.27,0,12.0,0,42.77,0,16.45,0,1.27,0,1.27
100.0,33.6,0.00,0.00,0,13.62,0,1.27,0,1.27,0,12.0,32,42.77,0,16.45,0,1.27,0,1.27
100.0,33.6,0.00,0.00,0,13.62,0,1.27,0,1.27,0,12.0,48,42.77,0,16.45,0,1.27,0,1.27
100.0,33.6,0.00,0.00,0,13.62,0,1.27,0,1.27,0,12.0,0,42.77,0,16.45,0,1.27,0,1.27
100.0,33.6,0.00,0.00,0,13.62,0,1.27,0,1.27,0,12.0,0,42.77,0,16.45,0,1.27,0,1.27
100.0,30.3,0.00,0.00,0,13.62,0,1.27,0,1.27,0,12.0,0,42.77,0,16.45,0,1.27,0,1.27
100.0,32.4,0.00,0.00,0,13.62,0,1.27,0,1.27,0,12.0,0,42.77,0,16.45,0,1.27,0,1.27
100.0,30.4,0.00,0.00,0,13.62,0,1.27,0,1.27,0,12.0,0,42.77,0,16.45,0,1.27,0,1.27
100.0,30.8,0.00,0.00,0,13.62,0,1.27,0,1.27,0,12.0,0,42.77,0,16.45,0,1.27,0,1.27
100.0,31.9,0.00,0.00,0,13.62,0,1.27,0,1.27,0,12.0,0,42.77,0,16.45,0,1.27,0,1.27
100.0,32.9,0.00,0.00,0,13.62,0,1.27,0,1.27,0,12.0,0,42.77,0,16.45,0,1.27,0,1.27
100.0,33.1,0.00,0.00,0,13.62,0,1.27,0,1.27,0,12.0,8,42.77,0,16.45,0,1.27,0,1.27
100.0,33.3,0.00,0.00,0,13.62,0,1.27,0,1.27,0,12.0,4,42.77,0,16.45,0,1.27,0,1.27
100.0,33.5,0.00,0.00,0,13.62,0,1.27,0,1.27,0,12.0,40,42.77,0,16.45,0,1.27,0,1.27
100.0,33.7,0.00,0.00,0,13.62,0,1.27,0,1.27,0,12.0,0,42.77,0,16.45,0,1.27,0,1.27
99.5,31.0,0.00,0.00,0,13.62,0,1.27,0,1.27,0,12.0,0,42.77,0,16.45,0,1.27,0,1.27
100.0,29.8,0.00,0.00,0,13.62,0,1.27,0,1.27,0,12.0,0,42.77,0,16.45,0,1.27,0,1.27
100.0,31.0,0.00,0.00,0,13.62,0,1.27,0,1.27,0,12.0,0,42.77,0,16.45,0,1.27,0,1.27
100.0,31.6,0.00,0.00,0,13.62,0,1.27,0,1.27,0,12.0,34,42.77,0,16.45,0,1.27,0,1.27
100.0,33.3,0.00,0.00,0,13.62,0,1.27,0,1.27,0,12.0,0,42.77,0,16.45,0,1.27,0,1.27
100.0,33.4,0.00,0.00,0,13.62,0,1.27,0,1.27,0,12.0,0,42.77,0,16.45,0,1.27,0,1.27
100.0,33.5,0.00,0.00,0,13.62,0,1.27,0,1.27,0,12.0,0,42.77,0,16.45,0,1.27,0,1.27
100.0,33.7,0.00,0.00,0,13.62,0,1.27,0,1.27,0,12.0,0,42.77,0,16.45,0,1.27,0,1.27
100.0,33.7,0.00,0.00,0,13.62,0,1.27,0,1.27,0,12.0,46,42.77,0,16.45,0,1.27,0,1.27
100.0,34.1,0.00,0.00,0,13.62,0,1.27,0,1.27,0,12.0,0,42.77,0,16.45,0,1.27,0,1.27
99.1,34.1,0.00,0.00,0,13.62,0,1.27,0,1.27,0,12.0,0,42.77,0,16.45,0,1.27,0,1.27
100.0,34.2,0.00,0.00,0,13.62,0,1.27,0,1.27,0,12.0,0,42.77,0,16.45,0,1.27,0,1.27
100.0,34.2,0.00,0.00,0,13.62,0,1.27,0,1.27,0,12.0,15,42.77,0,16.45,0,1.27,0,1.27
100.0,35.0,0.00,0.00,0,13.62,0,1.27,0,1.27,0,12.0,0,42.77,0,16.45,0,1.27,0,1.27
100.0,35.0,0.00,0.00,0,13.62,0,1.27,0,1.27,0,12.0,18,42.77,0,16.45,0,1.27,0,1.27
100.0,35.0,0.00,0.00,0,13.62,0,1.27,0,1.27,0,12.0,0,42.77,0,16.45,0,1.27,0,1.27
100.0,35.0,0.00,0.00,0,13.62,0,1.27,0,1.27,0,12.0,8,42.77,0,16.45,0,1.27,0,1.27
100.0,35.0,0.00,0.00,0,13.62,0,1.27,0,1.27,0,12.0,0,42.77,0,16.45,0,1.27,0,1.27
99.3,34.9,0.00,0.00,0,13.62,0,1.27,0,1.27,0,12.0,0,42.77,0,16.45,0,1.27,0,1.27
100.0,35.0,0.00,0.00,0,13.62,0,1.27,0,1.27,0,12.0,0,42.77,0,16.45,0,1.27,0,1.27
100.0,34.7,0.00,0.00,0,13.62,0,1.27,0,1.27,0,12.0,0,42.77,0,16.45,0,1.27,0,1.27
100.0,32.5,0.00,0.00,0,13.62,0,1.27,0,1.27,0,12.0,0,42.77,0,16.45,0,1.27,0,1.27
100.0,28.6,0.00,0.00,0,13.62,0,1.27,0,1.27,0,12.0,0,42.77,0,16.45,0,1.27,0,1.27
100.0,26.3,0.00,0.00,0,13.62,0,1.27,0,1.27,0,12.0,0,42.77,0,16.45,0,1.27,0,1.27
100.0,25.3,0.00,0.00,0,13.62,0,1.27,0,1.27,0,12.0,0,42.77,0,16.45,0,1.27,0,1.27
100.0,25.7,0.00,0.00,0,13.62,0,1.27,0,1.27,0,12.0,49,42.77,0,16.45,0,1.27,0,1.27
100.0,26.4,0.00,0.00,0,13.62,0,1.27,0,1.27,0,12.0,17,42.77,0,16.45,0,1.27,0,1.27
100.0,27.2,0.00,0.00,0,13.62,0,1.27,0,1.27,0,12.0,0,42.77,0,16.45,0,1.27,0,1.27
100.0,28.7,0.00,0.00,0,13.62,0,1.27,0,1.27,0,12.0,0,42.77,0,16.45,0,1.27,0,1.27
100.0,28.4,0.00,0.00,0,13.62,0,1.27,0,1.27,0,12.0,0,42.77,0,16.45,0,1.27,0,1.27
100.0,28.9,0.00,0.00,0,13.62,0,1.27,0,1.27,0,12.0,0,42.77,0,16.45,0,1.27,0,1.27
100.0,28.8,0.00,0.00,0,13.62,0,1.27,0,1.27,0,12.0,8,42.77,0,16.45,0,1.27,0,1.27
100.0,29.3,0.00,0.00,0,13.62,0,1.27,0,1.27,0,12.0,24,42.77,0,16.45,0,1.27,0,1.27
100.0,29.3,0.00,0.00,0,13.62,0,1.27,0,1.27,0,12.0,15,42.77,0,16.45,0,1.27,0,1.27
100.0,28.2,0.00,0.00,0,13.62,0,1.27,0,1.27,0,12.0,12,42.77,0,16.45,0,1.27,0,1.27
100.0,28.3,0.00,0.00,0,13.62,0,1.27,0,1.27,0,12.0,0,42.77,0,16.45,0,1.27,0,1.27
100.0,30.6,0.00,0.00,0,13.62,0,1.27,0,1.27,0,12.0,0,42.77,0,16.45,0,1.27,0,1.27
100.0,31.7,0.00,0.00,0,13.62,0,1.27,0,1.27,0,12.0,24,42.77,0,16.45,0,1.27,0,1.27
100.0,31.9,0.00,0.00,0,13.62,0,1.27,0,1.27,0,12.0,0,42.77,0,16.45,0,1.27,0,1.27
100.0,32.1,0.00,0.00,0,13.62,0,1.27,0,1.27,0,12.0,0,42.77,0,16.45,0,1.27,0,1.27
100.0,32.1,0.00,0.00,0,13.62,0,1.27,0,1.27,0,12.0,0,42.77,0,16.45,0,1.27,0,1.27
100.0,32.5,0.00,0.00,0,13.62,0,1.27,0,1.27,0,12.0,0,42.77,0,16.45,0,1.27,0,1.27
100.0,32.5,0.00,0.00,0,13.62,0,1.27,0,1.27,0,12.0,4,42.77,0,16.45,0,1.27,0,1.27
100.0,32.6,0.00,0.00,0,13.62,0,1.27,0,1.27,0,12.0,0,42.77,0,16.45,0,1.27,0,1.27
100.0,29.6,0.00,0.00,0,13.62,0,1.27,0,1.27,0,12.0,0,42.77,0,16.45,0,1.27,0,1.27
100.0,28.7,0.00,0.00,0,13.62,0,1.27,0,1.27,0,12.0,0,42.77,0,16.45,0,1.27,0,1.27
100.0,29.8,0.00,0.00,0,13.62,0,1.27,0,1.27,0,12.0,0,42.77,0,16.45,0,1.27,0,1.27
100.0,30.4,0.00,0.00,0,13.62,0,1.27,0,1.27,0,12.0,8,42.77,0,16.45,0,1.27,0,1.27
100.0,31.3,0.00,0.00,0,13.62,0,1.27,0,1.27,0,12.0,0,42.77,0,16.45,0,1.27,0,1.27
100.0,29.6,0.00,0.00,0,13.62,0,1.27,0,1.27,0,12.0,0,42.77,0,16.45,0,1.27,0,1.27
100.0,28.3,0.00,0.00,0,13.62,0,1.27,0,1.27,0,12.0,0,42.77,0,16.45,0,1.27,0,1.27
100.0,29.4,0.00,0.00,0,13.62,0,1.27,0,1.27,0,12.0,0,42.77,0,16.45,0,1.27,0,1.27
99.6,29.8,0.00,0.00,0,13.62,0,1.27,0,1.27,0,12.0,0,42.77,0,16.45,0,1.27,0,1.27
100.0,30.7,0.00,0.00,0,13.62,0,1.27,0,1.27,0,12.0,7,42.77,0,16.45,0,1.27,0,1.27
100.0,31.4,0.00,0.00,0,13.62,0,1.27,0,1.27,0,12.0,0,42.77,0,16.45,0,1.27,0,1.27
100.0,31.6,0.00,0.00,0,13.62,0,1.27,0,1.27,0,12.0,0,42.77,0,16.45,0,1.27,0,1.27
100.0,32.7,0.00,0.00,0,13.62,0,1.27,0,1.27,0,12.0,0,42.77,0,16.45,0,1.27,0,1.27
100.0,32.7,0.00,0.00,0,13.62,0,1.27,0,1.27,0,12.0,0,42.77,0,16.45,0,1.27,0,1.27
100.0,33.0,0.00,0.00,0,13.62,0,1.27,0,1.27,0,12.0,38,42.77,0,16.45,0,1.27,0,1.27
100.0,33.0,0.00,0.00,0,13.62,0,1.27,0,1.27,0,12.0,29,42.77,0,16.45,0,1.27,0,1.27
100.0,33.0,0.00,0.00,0,13.62,0,1.27,0,1.27,0,12.0,5,42.77,0,16.45,0,1.27,0,1.27
100.0,33.1,0.00,0.00,0,13.62,0,1.27,0,1.27,0,12.0,0,42.77,1,16.45,0,1.27,0,1.27
100.0,33.0,0.00,0.00,0,13.62,0,1.27,0,1.27,0,12.0,0,42.77,0,16.45,0,1.27,0,1.27
99.6,33.1,0.00,0.00,0,13.62,0,1.27,0,1.27,0,12.0,6,42.77,0,16.45,0,1.27,0,1.27
100.0,33.1,0.00,0.00,0,13.62,0,1.27,0,1.27,0,12.0,0,42.77,0,16.45,0,1.27,0,1.27
100.0,33.0,0.00,0.00,0,13.62,0,1.27,0,1.27,0,12.0,0,42.77,0,16.45,0,1.27,0,1.27
100.0,33.9,0.00,0.00,0,13.62,0,1.27,0,1.27,0,12.0,0,42.77,0,16.45,0,1.27,0,1.27
100.0,31.0,0.00,0.00,0,13.62,0,1.27,0,1.27,0,12.0,50,42.77,0,16.45,0,1.27,0,1.27
100.0,30.2,0.00,0.00,0,13.62,0,1.27,0,1.27,0,12.0,0,42.77,0,16.45,0,1.27,0,1.27
100.0,31.3,0.00,0.00,0,13.62,0,1.27,0,1.27,0,12.0,0,42.77,0,16.45,0,1.27,0,1.27
100.0,28.7,0.00,0.00,0,13.62,0,1.27,0,1.27,0,12.0,0,42.77,0,16.45,0,1.27,0,1.27
100.0,28.5,0.00,0.00,0,13.62,0,1.27,0,1.27,0,12.0,0,42.77,0,16.45,0,1.27,0,1.27
100.0,30.2,0.00,0.00,0,13.62,0,1.27,0,1.27,0,12.0,31,42.77,0,16.45,0,1.27,0,1.27
100.0,30.6,0.00,0.00,0,13.62,0,1.27,0,1.27,0,12.0,0,42.77,0,16.45,0,1.27,0,1.27
100.0,31.2,0.00,0.00,0,13.62,0,1.27,0,1.27,0,12.0,0,42.77,0,16.45,0,1.27,0,1.27
100.0,32.1,0.00,0.00,0,13.62,0,1.27,0,1.27,0,12.0,0,42.77,0,16.45,0,1.27,0,1.27
100.0,32.6,0.00,0.00,0,13.62,0,1.27,0,1.27,0,12.0,0,42.77,0,16.45,0,1.27,0,1.27
100.0,32.8,0.00,0.00,0,13.62,0,1.27,0,1.27,0,12.0,0,42.77,0,16.45,0,1.27,0,1.27
100.0,33.2,0.00,0.00,0,13.62,0,1.27,0,1.27,0,12.0,0,42.77,0,16.45,0,1.27,0,1.27
99.0,34.1,0.00,0.00,0,13.62,0,1.27,0,1.27,0,12.0,0,42.77,0,16.45,0,1.27,0,1.27
100.0,34.0,0.00,0.00,0,13.62,0,1.27,0,1.27,0,12.0,0,42.77,0,16.45,0,1.27,0,1.27
100.0,34.1,0.00,0.00,0,13.62,0,1.27,0,1.27,0,12.0,0,42.77,0,16.45,0,1.27,0,1.27
100.0,34.0,0.00,0.00,0,13.62,0,1.27,0,1.27,0,12.0,0,42.77,0,16.45,0,1.27,0,1.27
100.0,34.9,0.00,0.00,0,13.62,0,1.27,0,1.27,0,12.0,0,42.77,0,16.45,0,1.27,0,1.27
100.0,34.8,0.00,0.00,0,13.62,0,1.27,0,1.27,0,12.0,0,42.77,0,16.45,0,1.27,0,1.27
100.0,34.8,0.00,0.00,0,13.62,0,1.27,0,1.27,0,12.0,0,42.77,0,16.45,0,1.27,0,1.27
100.0,34.8,0.00,0.00,0,13.62,0,1.27,0,1.27,0,12.0,0,42.77,0,16.45,0,1.27,0,1.27
100.0,34.9,0.00,0.00,0,13.62,0,1.27,0,1.27,0,12.0,0,42.77,0,16.45,0,1.27,0,1.27
100.0,34.9,0.00,0.00,0,13.62,0,1.27,0,1.27,0,12.0,0,42.77,0,16.45,0,1.27,0,1.27
100.0,34.9,0.00,0.00,0,13.62,0,1.27,0,1.27,0,12.0,0,42.77,0,16.45,0,1.27,0,1.27
100.0,34.9,0.00,0.00,0,13.62,0,1.27,0,1.27,0,12.0,0,42.77,0,16.45,0,1.27,0,1.27
100.0,35.0,0.00,0.00,0,13.62,0,1.27,0,1.27,0,12.0,0,42.77,0,16.45,0,1.27,0,1.27
100.0,34.9,0.00,0.00,0,13.62,0,1.27,0,1.27,0,12.0,0,42.77,0,16.45,0,1.27,0,1.27
99.8,34.9,0.00,0.00,0,13.62,0,1.27,0,1.27,0,12.0,36,42.77,0,16.45,0,1.27,0,1.27
100.0,31.7,0.00,0.00,0,13.62,0,1.27,0,1.27,0,12.0,18,42.77,0,16.45,0,1.27,0,1.27
100.0,30.1,0.00,0.00,0,13.62,0,1.27,0,1.27,0,12.0,0,42.77,0,16.45,0,1.27,0,1.27
100.0,29.3,0.00,0.00,0,13.62,0,1.27,0,1.27,0,12.0,24,42.77,0,16.45,0,1.27,0,1.27
100.0,29.2,0.00,0.00,0,13.62,0,1.27,0,1.27,0,12.0,8,42.77,0,16.45,0,1.27,0,1.27
100.0,28.1,0.00,0.00,0,13.62,0,1.27,0,1.27,0,12.0,0,42.77,0,16.45,0,1.27,0,1.27
100.0,30.5,0.00,0.00,0,13.62,0,1.27,0,1.27,0,12.0,0,42.77,0,16.45,0,1.27,0,1.27
100.0,31.4,0.00,0.00,0,13.62,0,1.27,0,1.27,0,12.0,0,42.77,0,16.45,0,1.27,0,1.27
99.0,32.1,0.00,0.00,0,13.62,0,1.27,0,1.27,0,12.0,0,42.77,0,16.45,0,1.27,0,1.27
100.0,33.6,0.00,0.00,0,13.62,0,1.27,0,1.27,0,12.0,7,42.77,0,16.45,0,1.27,0,1.27
100.0,33.8,0.00,0.00,0,13.62,0,1.27,0,1.27,0,12.0,0,42.77,0,16.45,0,1.27,0,1.27
100.0,34.0,0.00,0.00,0,13.62,0,1.27,0,1.27,0,12.0,24,42.77,0,16.45,0,1.27,0,1.27
100.0,34.0,0.00,0.00,0,13.62,0,1.27,0,1.27,0,12.0,32,42.77,0,16.45,0,1.27,0,1.27
100.0,34.4,0.00,0.00,0,13.62,0,1.27,0,1.27,0,12.0,0,42.77,0,16.45,0,1.27,0,1.27
99.8,34.9,0.00,0.00,0,13.62,0,1.27,0,1.27,0,12.0,0,42.77,0,16.45,0,1.27,0,1.27
100.0,35.2,0.00,0.00,0,13.62,0,1.27,0,1.27,0,12.0,6,42.77,0,16.45,0,1.27,0,1.27
100.0,35.2,0.00,0.00,0,13.62,0,1.27,0,1.27,0,12.0,0,42.77,0,16.45,0,1.27,0,1.27
100.0,36.0,0.00,0.00,0,13.62,0,1.27,0,1.27,0,12.0,0,42.77,0,16.45,0,1.27,0,1.27
100.0,36.0,0.00,0.00,0,13.62,0,1.27,0,1.27,0,12.0,15,42.77,0,16.45,0,1.27,0,1.27
100.0,36.0,0.00,0.00,0,13.62,0,1.27,0,1.27,0,12.0,0,42.77,0,16.45,0,1.27,0,1.27
100.0,36.0,0.00,0.00,0,13.62,0,1.27,0,1.27,0,12.0,0,42.77,0,16.45,0,1.27,0,1.27
100.0,36.0,0.00,0.00,0,13.62,0,1.27,0,1.27,0,12.0,16,42.77,0,16.45,0,1.27,0,1.27
100.0,35.9,0.00,0.00,0,13.62,0,1.27,0,1.27,0,12.0,9,42.77,0,16.45,0,1.27,0,1.27
100.0,36.0,0.00,0.00,0,13.62,0,1.27,0,1.27,0,12.0,0,42.77,0,16.45,0,1.27,0,1.27
100.0,36.1,0.00,0.00,0,13.62,0,1.27,0,1.27,0,12.0,38,42.77,0,16.45,0,1.27,0,1.27
100.0,36.1,0.00,0.00,0,13.62,0,1.27,0,1.27,0,12.0,0,42.77,0,16.45,0,1.27,0,1.27
100.0,36.1,0.00,0.00,0,13.62,0,1.27,0,1.27,0,12.0,0,42.77,0,16.45,0,1.27,0,1.27
100.0,36.1,0.00,0.00,0,13.62,0,1.27,0,1.27,0,12.0,29,42.77,0,16.45,0,1.27,0,1.27
100.0,36.0,0.00,0.00,0,13.62,0,1.27,0,1.27,0,12.0,6,42.77,0,16.45,0,1.27,0,1.27
100.0,36.7,0.00,0.00,0,13.62,0,1.27,0,1.27,0,12.0,34,42.77,0,16.45,0,1.27,0,1.27
100.0,37.7,0.00,0.00,0,13.62,0,1.27,0,1.27,0,12.0,24,42.77,0,16.45,0,1.27,0,1.27
100.0,34.6,0.00,0.00,0,13.62,0,1.27,0,1.27,0,12.0,29,42.77,0,16.45,0,1.27,0,1.27
100.0,32.8,0.00,0.00,0,13.62,0,1.27,0,1.27,0,12.0,0,42.77,0,16.45,0,1.27,0,1.27
100.0,33.4,0.00,0.00,0,13.62,0,1.27,0,1.27,0,12.0,0,42.77,0,16.45,0,1.27,0,1.27
100.0,33.9,0.00,0.00,0,13.62,0,1.27,0,1.27,0,12.0,0,42.77,0,16.45,0,1.27,0,1.27
100.0,34.4,0.00,0.00,0,13.62,0,1.27,0,1.27,0,12.0,27,42.77,0,16.45,0,1.27,0,1.27
100.0,34.9,0.00,0.00,0,13.62,0,1.27,0,1.27,0,12.0,0,42.77,0,16.45,0,1.27,0,1.27
99.9,35.3,0.00,0.00,0,13.62,0,1.27,0,1.27,0,12.0,0,42.77,0,16.45,0,1.27,0,1.27
100.0,36.2,0.00,0.00,0,13.62,0,1.27,0,1.27,0,12.0,2,42.77,0,16.45,0,1.27,0,1.27
100.0,36.3,0.00,0.00,0,13.62,0,1.27,0,1.27,0,12.0,0,42.77,0,16.45,0,1.27,0,1.27
100.0,36.5,0.00,0.00,0,13.62,0,1.27,0,1.27,0,12.0,0,42.77,0,16.45,0,1.27,0,1.27
100.0,36.6,0.00,0.00,0,13.62,0,1.27,0,1.27,0,12.0,0,42.77,0,16.45,0,1.27,0,1.27
100.0,36.9,0.00,0.00,0,13.62,0,1.27,0,1.27,0,12.0,0,42.77,0,16.45,0,1.27,0,1.27
100.0,35.7,0.00,0.00,0,13.62,0,1.27,0,1.27,0,12.0,15,42.77,0,16.45,0,1.27,0,1.27
100.0,32.3,0.00,0.00,0,13.62,0,1.27,0,1.27,0,12.0,0,42.77,0,16.45,0,1.27,0,1.27
100.0,31.1,0.00,0.00,0,13.62,0,1.27,0,1.27,0,12.0,0,42.77,0,16.45,0,1.27,0,1.27
100.0,32.3,0.00,0.00,0,13.62,0,1.27,0,1.27,0,12.0,0,42.77,0,16.45,0,1.27,0,1.27
99.6,32.8,0.00,0.00,0,13.62,0,1.27,0,1.27,0,12.0,0,42.77,0,16.45,0,1.27,0,1.27
100.0,33.7,0.00,0.00,0,13.62,0,1.27,0,1.27,0,12.0,0,42.77,0,16.45,0,1.27,0,1.27
100.0,34.4,0.00,0.00,0,13.62,0,1.27,0,1.27,0,12.0,0,42.77,0,16.45,0,1.27,0,1.27
100.0,35.2,0.00,0.00,0,13.62,0,1.27,0,1.27,0,12.0,46,42.77,0,16.45,0,1.27,0,1.27
100.0,35.4,0.00,0.00,0,13.62,0,1.27,0,1.27,0,12.0,44,42.77,0,16.45,0,1.27,0,1.27
100.0,35.4,0.00,0.00,0,13.62,0,1.27,0,1.27,0,12.0,21,42.77,0,16.45,0,1.27,0,1.27
100.0,35.7,0.00,0.00,0,13.62,0,1.27,0,1.27,0,12.0,0,42.77,0,16.45,0,1.27,0,1.27
100.0,35.8,0.00,0.00,0,13.62,0,1.27,0,1.27,0,12.0,32,42.77,0,16.45,0,1.27,0,1.27
100.0,35.8,0.00,0.00,0,13.62,0,1.27,0,1.27,0,12.0,0,42.77,0,16.45,0,1.27,0,1.27
100.0,35.9,0.00,0.00,0,13.62,0,1.27,0,1.27,0,12.0,0,42.77,0,16.45,0,1.27,0,1.27
100.0,35.9,0.00,0.00,0,13.62,0,1.27,0,1.27,0,12.0,0,42.77,0,16.45,0,1.27,0,1.27
100.0,36.7,0.00,0.00,0,13.62,0,1.27,0,1.27,0,12.0,7,42.77,0,16.45,0,1.27,0,1.27
100.0,36.7,0.00,0.00,0,13.62,0,1.27,0,1.27,0,12.0,0,42.77,0,16.45,0,1.27,0,1.27
100.0,36.4,0.00,0.00,0,13.62,0,1.27,0,1.27,0,12.0,0,42.77,0,16.45,0,1.27,0,1.27
100.0,36.7,0.00,0.00,0,13.62,0,1.27,0,1.27,0,12.0,0,42.77,0,16.45,0,1.27,0,1.27
100.0,36.7,0.00,0.00,0,13.62,0,1.27,0,1.27,0,12.0,0,42.77,0,16.45,0,1.27,0,1.27
99.3,33.6,0.00,0.00,0,13.62,0,1.27,0,1.27,0,12.0,0,42.77,0,16.45,0,1.27,0,1.27
100.0,31.5,0.00,0.00,0,13.62,0,1.27,0,1.27,0,12.0,0,42.77,0,16.45,0,1.27,0,1.27
100.0,34.1,0.00,0.00,0,13.62,0,1.27,0,1.27,0,12.0,10,42.77,0,16.45,0,1.27,0,1.27
100.0,33.0,0.00,0.00,0,13.62,0,1.27,0,1.27,0,12.0,0,42.77,0,16.45,0,1.27,0,1.27
100.0,33.8,0.00,0.00,0,13.62,0,1.27,0,1.27,0,12.0,0,42.77,0,16.45,0,1.27,0,1.27
100.0,34.1,0.00,0.00,0,13.62,0,1.27,0,1.27,0,12.0,0,42.77,0,16.45,0,1.27,0,1.27
99.5,35.3,0.00,0.00,0,13.62,0,1.27,0,1.27,0,12.0,0,42.77,0,16.45,0,1.27,0,1.27
100.0,35.4,0.00,0.00,0,13.62,0,1.27,0,1.27,0,12.0,0,42.77,0,16.45,0,1.27,0,1.27
99.7,37.0,0.00,0.00,0,13.62,0,1.27,0,1.27,0,12.0,36,42.77,0,16.45,0,1.27,0,1.27
100.0,37.2,0.00,0.00,0,13.62,0,1.27,0,1.27,0,12.0,0,42.77,0,16.45,0,1.27,0,1.27
100.0,37.5,0.00,0.00,0,13.62,0,1.27,0,1.27,0,12.0,0,42.77,0,16.45,0,1.27,0,1.27
100.0,37.6,0.00,0.00,0,13.62,0,1.27,0,1.27,0,12.0,15,42.77,0,16.45,0,1.27,0,1.27
100.0,37.6,0.00,0.00,0,13.62,0,1.27,0,1.27,0,12.0,0,42.77,0,16.45,0,1.27,0,1.27
100.0,37.6,0.00,0.00,0,13.62,0,1.27,0,1.27,0,12.0,0,42.77,0,16.45,0,1.27,0,1.27
100.0,38.1,0.00,0.00,0,13.62,0,1.27,0,1.27,0,12.0,0,42.77,0,16.45,0,1.27,0,1.27
100.0,38.5,0.00,0.00,0,13.62,0,1.27,0,1.27,0,12.0,0,42.77,0,16.45,0,1.27,0,1.27
99.6,38.5,0.00,0.00,0,13.62,0,1.27,0,1.27,0,12.0,0,42.77,0,16.45,0,1.27,0,1.27
100.0,38.4,0.00,0.00,0,13.62,0,1.27,0,1.27,0,12.0,46,42.77,0,16.45,0,1.27,0,1.27
99.8,38.5,0.00,0.00,0,13.62,0,1.27,0,1.27,0,12.0,0,42.77,0,16.45,0,1.27,0,1.27
99.0,38.4,0.00,0.00,0,13.62,0,1.27,0,1.27,0,12.0,0,42.77,0,16.45,0,1.27,0,1.27
100.0,38.6,0.00,0.00,0,13.62,0,1.27,0,1.27,0,12.0,24,42.77,0,16.45,0,1.27,0,1.27
100.0,38.4,0.00,0.00,0,13.62,0,1.27,0,1.27,0,12.0,2,42.77,0,16.45,0,1.27,0,1.27
100.0,38.4,0.00,0.00,0,13.62,0,1.27,0,1.27,0,12.0,0,42.77,0,16.45,0,1.27,0,1.27
100.0,38.5,0.00,0.00,0,13.62,0,1.27,0,1.27,0,12.0,6,42.77,0,16.45,0,1.27,0,1.27
100.0,38.5,0.00,0.00,0,13.62,0,1.27,0,1.27,0,12.0,0,42.77,0,16.45,0,1.27,0,1.27
100.0,38.5,0.00,0.00,0,13.62,0,1.27,0,1.27,0,12.0,0,42.77,0,16.45,0,1.27,0,1.27
100.0,38.5,0.00,0.00,0,13.62,0,1.27,0,1.27,0,12.0,0,42.77,0,16.45,0,1.27,0,1.27
100.0,38.5,0.00,0.00,0,13.62,0,1.27,0,1.27,0,12.0,16,42.77,0,16.45,0,1.27,0,1.27
100.0,38.5,0.00,0.00,0,13.62,0,1.27,0,1.27,0,12.0,18,42.77,0,16.45,0,1.27,0,1.27
100.0,34.4,0.00,0.00,0,13.62,0,1.27,0,1.27,0,12.0,40,42.77,0,16.45,0,1.27,0,1.27
100.0,32.4,0.00,0.00,0,13.62,0,1.27,0,1.27,0,12.0,0,42.77,0,16.45,0,1.27,0,1.27
100.0,35.0,0.00,0.00,0,13.62,0,1.27,0,1.27,0,12.0,0,42.77,0,16.45,0,1.27,0,1.27
100.0,35.6,0.00,0.00,0,13.62,0,1.27,0,1.27,0,12.0,0,42.77,0,16.45,0,1.27,0,1.27
100.0,36.2,0.00,0.00,0,13.62,0,1.27,0,1.27,0,12.0,0,42.77,0,16.45,0,1.27,0,1.27
100.0,36.7,0.00,0.00,0,13.62,0,1.27,0,1.27,0,12.0,0,42.77,0,16.45,0,1.27,0,1.27
100.0,37.9,0.00,0.00,0,13.62,0,1.27,0,1.27,0,12.0,0,42.77,0,16.45,0,1.27,0,1.27
100.0,37.9,0.00,0.00,0,13.62,0,1.27,0,1.27,0,12.0,0,42.77,0,16.45,0,1.27,0,1.27
100.0,38.2,0.00,0.00,0,13.62,0,1.27,0,1.27,0,12.0,0,42.77,0,16.45,0,1.27,0,1.27
100.0,38.2,0.00,0.00,0,13.62,0,1.27,0,1.27,0,12.0,0,42.77,0,16.45,0,1.27,0,1.27
99.9,38.6,0.00,0.00,0,13.62,0,1.27,0,1.27,0,12.0,0,42.77,0,16.45,0,1.27,0,1.27
100.0,38.6,0.00,0.00,0,13.62,0,1.27,0,1.27,0,12.0,0,42.77,0,16.45,0,1.27,0,1.27
100.0,38.6,0.00,0.00,0,13.62,0,1.27,0,1.27,0,12.0,0,42.77,0,16.45,0,1.27,0,1.27
100.0,33.4,0.00,0.00,0,13.62,0,1.27,0,1.27,0,12.0,0,42.77,0,16.45,0,1.27,0,1.27
100.0,31.9,0.00,0.00,0,13.62,0,1.27,0,1.27,0,12.0,7,42.77,0,16.45,0,1.27,0,1.27
100.0,32.5,0.00,0.00,0,13.62,0,1.27,0,1.27,0,12.0,0,42.77,0,16.45,0,1.27,0,1.27
100.0,33.2,0.00,0.00,0,13.62,0,1.27,0,1.27,0,12.0,0,42.77,0,16.45,0,1.27,0,1.27
100.0,34.6,0.00,0.00,0,13.62,0,1.27,0,1.27,0,12.0,0,42.77,0,16.45,0,1.27,0,1.27
100.0,35.0,0.00,0.00,0,13.62,0,1.27,0,1.27,0,12.0,0,42.77,0,16.45,0,1.27,0,1.27
100.0,36.7,0.00,0.00,0,13.62,0,1.27,0,1.27,0,12.0,0,42.77,0,16.45,0,1.27,0,1.27
99.1,36.5,0.00,0.00,0,13.62,0,1.27,0,1.27,0,12.0,1,42.77,0,16.45,0,1.27,0,1.27
100.0,36.2,0.00,0.00,0,13.62,0,1.27,0,1.27,0,12.0,0,42.77,0,16.45,0,1.27,0,1.27
100.0,36.4,0.00,0.00,0,13.62,0,1.27,0,1.27,0,12.0,0,42.77,0,16.45,0,1.27,0,1.27
100.0,36.5,0.00,0.00,0,13.62,0,1.27,0,1.27,0,12.0,0,42.77,0,16.45,0,1.27,0,1.27
100.0,36.8,0.00,0.00,0,13.62,0,1.27,0,1.27,0,12.0,0,42.77,0,16.45,0,1.27,0,1.27
100.0,37.1,0.00,0.00,0,13.62,0,1.27,0,1.27,0,12.0,0,42.77,0,16.45,0,1.27,0,1.27
100.0,37.1,0.00,0.00,0,13.62,0,1.27,0,1.27,0,12.0,40,42.77,0,16.45,0,1.27,0,1.27
100.0,37.1,0.00,0.00,0,13.62,0,1.27,0,1.27,0,12.0,13,42.77,0,16.45,0,1.27,0,1.27
100.0,37.1,0.00,0.00,0,13.62,0,1.27,0,1.27,0,12.0,0,42.77,0,16.45,0,1.27,0,1.27
100.0,38.1,0.00,0.00,0,13.62,0,1.27,0,1.27,0,12.0,0,42.77,0,16.45,0,1.27,0,1.27
100.0,38.8,0.00,0.00,0,13.62,0,1.27,0,1.27,0,12.0,0,42.77,0,16.45,0,1.27,0,1.27
100.0,39.6,0.00,0.00,0,13.62,0,1.27,0,1.27,0,12.0,16,42.77,0,16.45,0,1.27,0,1.27
100.0,39.6,0.00,0.00,0,13.62,0,1.27,0,1.27,0,12.0,0,42.77,0,16.45,0,1.27,0,1.27
100.0,39.6,0.00,0.00,0,13.62,0,1.27,0,1.27,0,12.0,0,42.77,0,16.45,0,1.27,0,1.27
100.0,39.5,0.00,0.00,0,13.62,0,1.27,0,1.27,0,12.0,39,42.77,0,16.45,0,1.27,0,1.27
100.0,39.7,0.00,0.00,0,13.62,0,1.27,0,1.27,0,12.0,0,42.77,0,16.45,0,1.27,0,1.27
100.0,39.6,0.00,0.00,0,13.62,0,1.27,0,1.27,0,12.0,0,42.77,0,16.45,0,1.27,0,1.27
100.0,39.6,0.00,0.00,0,13.62,0,1.27,0,1.27,0,12.0,0,42.77,0,16.45,0,1.27,0,1.27
100.0,39.6,0.00,0.00,0,13.62,0,1.27,0,1.27,0,12.0,9,42.77,0,16.45,0,1.27,0,1.27
100.0,39.6,0.00,0.00,0,13.62,0,1.27,0,1.27,0,12.0,0,42.77,0,16.45,0,1.27,0,1.27
98.7,39.6,0.00,0.00,0,13.62,0,1.27,0,1.27,0,12.0,0,42.77,0,16.45,0,1.27,0,1.27
100.0,39.6,0.00,0.00,0,13.62,0,1.27,0,1.27,0,12.0,0,42.77,0,16.45,0,1.27,0,1.27
100.0,39.6,0.00,0.00,0,13.62,0,1.27,0,1.27,0,12.0,4,42.77,0,16.45,0,1.27,0,1.27
100.0,39.6,0.00,0.00,0,13.62,0,1.27,0,1.27,0,12.0,0,42.77,0,16.45,0,1.27,0,1.27
100.0,39.7,0.00,0.00,0,13.62,0,1.27,0,1.27,0,12.0,10,42.77,0,16.45,0,1.27,0,1.27
100.0,39.8,0.00,0.00,0,13.62,0,1.27,0,1.27,0,12.0,0,42.77,0,16.45,0,1.27,0,1.27
100.0,39.7,0.00,0.00,0,13.62,0,1.27,0,1.27,0,12.0,0,42.77,0,16.45,0,1.27,0,1.27
100.0,39.7,0.00,0.00,0,13.62,0,1.27,0,1.27,0,12.0,0,42.77,0,16.45,0,1.27,0,1.27
100.0,41.3,0.00,0.00,0,13.62,0,1.27,0,1.27,0,12.0,13,42.77,0,16.45,0,1.27,0,1.27
100.0,41.3,0.00,0.00,0,13.62,0,1.27,0,1.27,0,12.0,8,42.77,0,16.45,0,1.27,0,1.27
100.0,41.3,0.00,0.00,0,13.62,0,1.27,0,1.27,0,12.0,0,42.77,0,16.45,0,1.27,0,1.27
100.0,36.2,0.00,0.00,0,13.62,0,1.27,0,1.27,0,12.0,32,42.77,0,16.45,0,1.27,0,1.27
100.0,38.5,0.00,0.00,0,13.62,0,1.27,0,1.27,0,12.0,0,42.77,0,16.45,0,1.27,0,1.27
100.0,34.7,0.00,0.00,0,13.62,0,1.27,0,1.27,0,12.0,3,42.77,0,16.45,0,1.27,0,1.27
100.0,38.4,0.00,0.00,0,13.62,0,1.27,0,1.27,0,12.0,0,42.77,0,16.45,0,1.27,0,1.27
100.0,36.4,0.00,0.00,0,13.62,0,1.27,0,1.27,0,12.0,0,42.77,0,16.45,0,1.27,0,1.27
100.0,37.0,0.00,0.00,0,13.62,0,1.27,0,1.27,0,12.0,16,42.77,0,16.45,0,1.27,0,1.27
99.9,37.5,0.00,0.00,0,13.62,0,1.27,0,1.27,0,12.0,0,42.77,0,16.45,0,1.27,0,1.27
100.0,38.2,0.00,0.00,0,13.62,0,1.27,0,1.27,0,12.0,0,42.77,0,16.45,0,1.27,0,1.27
100.0,40.1,0.00,0.00,0,13.62,0,1.27,0,1.27,0,12.0,28,42.77,0,16.45,0,1.27,0,1.27
100.0,39.7,0.00,0.00,0,13.62,0,1.27,0,1.27,0,12.0,24,42.77,0,16.45,0,1.27,0,1.27
100.0,39.9,0.00,0.00,0,13.62,0,1.27,0,1.27,0,12.0,0,42.77,0,16.45,0,1.27,0,1.27
100.0,40.0,0.00,0.00,0,13.62,0,1.27,0,1.27,0,12.0,37,42.77,0,16.45,0,1.27,0,1.27
100.0,40.4,0.00,0.00,0,13.62,0,1.27,0,1.27,0,12.0,0,42.77,0,16.45,0,1.27,0,1.27
100.0,40.4,0.00,0.00,0,13.62,0,1.27,0,1.27,0,12.0,0,42.77,0,16.45,0,1.27,0,1.27
100.0,40.4,0.00,0.00,0,13.62,0,1.27,0,1.27,0,12.0,0,42.77,0,16.45,0,1.27,0,1.27
100.0,40.3,0.00,0.00,0,13.62,0,1.27,0,1.27,0,12.0,0,42.77,0,16.45,0,1.27,0,1.27
100.0,41.2,0.00,0.00,0,13.62,0,1.27,0,1.27,0,12.0,0,42.77,0,16.45,0,1.27,0,1.27
100.0,41.1,0.00,0.00,0,13.62,0,1.27,0,1.27,0,12.0,0,42.77,0,16.45,0,1.27,0,1.27
99.8,41.2,0.00,0.00,0,13.62,0,1.27,0,1.27,0,12.0,0,42.77,0,16.45,0,1.27,0,1.27
100.0,37.9,0.00,0.00,0,13.62,0,1.27,0,1.27,0,12.0,0,42.77,0,16.45,0,1.27,0,1.27
100.0,37.9,0.00,0.00,0,13.62,0,1.27,0,1.27,0,12.0,8,42.77,0,16.45,0,1.27,0,1.27
100.0,34.4,0.00,0.00,0,13.62,0,1.27,0,1.27,0,12.0,0,42.77,0,16.45,0,1.27,0,1.27
100.0,35.6,0.00,0.00,0,13.62,0,1.27,0,1.27,0,12.0,9,42.77,0,16.45,0,1.27,0,1.27
99.8,36.1,0.00,0.00,0,13.62,0,1.27,0,1.27,0,12.0,0,42.77,0,16.45,0,1.27,0,1.27
100.0,36.6,0.00,0.00,0,13.62,0,1.27,0,1.27,0,12.0,0,42.77,0,16.45,0,1.27,0,1.27
100.0,37.2,0.00,0.00,0,13.62,0,1.27,0,1.27,0,12.0,32,42.77,0,16.45,0,1.27,0,1.27
100.0,38.1,0.00,0.00,0,13.62,0,1.27,0,1.27,0,12.0,0,42.77,0,16.45,0,1.27,0,1.27
100.0,38.2,0.00,0.00,0,13.62,0,1.27,0,1.27,0,12.0,0,42.77,0,16.45,0,1.27,0,1.27
100.0,38.5,0.00,0.00,0,13.62,0,1.27,0,1.27,0,12.0,40,42.77,0,16.45,0,1.27,0,1.27
100.0,38.5,0.00,0.00,0,13.62,0,1.27,0,1.27,0,12.0,0,42.77,0,16.45,0,1.27,0,1.27
100.0,40.3,0.00,0.00,0,13.62,0,1.27,0,1.27,0,12.0,0,42.77,0,16.45,0,1.27,0,1.27
100.0,40.6,0.00,0.00,0,13.62,0,1.27,0,1.27,0,12.0,0,42.77,0,16.45,0,1.27,0,1.27
100.0,40.5,0.00,0.00,0,13.62,0,1.27,0,1.27,0,12.0,8,42.77,0,16.45,0,1.27,0,1.27
100.0,40.4,0.00,0.00,0,13.62,0,1.27,0,1.27,0,12.0,15,42.77,0,16.45,0,1.27,0,1.27
100.0,40.6,0.00,0.00,0,13.62,0,1.27,0,1.27,0,12.0,0,42.77,0,16.45,0,1.27,0,1.27
100.0,40.6,0.00,0.00,0,13.62,0,1.27,0,1.27,0,12.0,24,42.77,0,16.45,0,1.27,0,1.27
100.0,40.5,0.00,0.00,0,13.62,0,1.27,0,1.27,0,12.0,40,42.77,0,16.45,0,1.27,0,1.27
100.0,41.2,0.00,0.00,0,13.62,0,1.27,0,1.27,0,12.0,0,42.77,0,16.45,0,1.27,0,1.27
100.0,41.3,0.00,0.00,0,13.62,0,1.27,0,1.27,0,12.0,2,42.77,0,16.45,0,1.27,0,1.27
100.0,41.4,0.00,0.00,0,13.62,0,1.27,0,1.27,0,12.0,0,42.77,0,16.45,0,1.27,0,1.27
100.0,41.3,0.00,0.00,0,13.62,0,1.27,0,1.27,0,12.0,0,42.77,0,16.45,0,1.27,0,1.27
100.0,41.3,0.00,0.00,0,13.62,0,1.27,0,1.27,0,12.0,0,42.77,0,16.45,0,1.27,0,1.27
100.0,41.3,0.00,0.00,0,13.62,0,1.27,0,1.27,0,12.0,48,42.77,0,16.45,0,1.27,0,1.27
100.0,41.3,0.00,0.00,0,13.62,0,1.27,0,1.27,0,12.0,22,42.77,0,16.45,0,1.27,0,1.27
100.0,41.3,0.00,0.00,0,13.62,0,1.27,0,1.27,0,12.0,0,42.77,0,16.45,0,1.27,0,1.27
100.0,41.4,0.00,0.00,0,13.62,0,1.27,0,1.27,0,12.0,0,42.77,0,16.45,0,1.27,0,1.27
100.0,41.3,0.00,0.00,0,13.62,0,1.27,0,1.27,0,12.0,0,42.77,0,16.45,0,1.27,0,1.27
100.0,41.4,0.00,0.00,0,13.62,0,1.27,0,1.27,0,12.0,0,42.77,0,16.45,0,1.27,0,1.27
99.6,41.3,0.00,0.00,0,13.62,0,1.27,0,1.27,0,12.0,0,42.77,0,16.45,0,1.27,0,1.27
100.0,41.3,0.00,0.00,0,13.62,0,1.27,0,1.27,0,12.0,0,42.77,0,16.45,0,1.27,0,1.27
100.0,41.3,0.00,0.00,0,13.62,0,1.27,0,1.27,0,12.0,0,42.77,0,16.45,0,1.27,0,1.27
100.0,41.3,0.00,0.00,0,13.62,0,1.27,0,1.27,0,12.0,1,42.77,0,16.45,0,1.27,0,1.27
99.7,42.9,0.00,0.00,0,13.62,0,1.27,0,1.27,0,12.0,0,42.77,0,16.45,0,1.27,0,1.27
100.0,43.0,0.00,0.00,0,13.62,0,1.27,0,1.27,0,12.0,0,42.77,0,16.45,0,1.27,0,1.27
100.0,43.0,0.00,0.00,0,13.62,0,1.27,0,1.27,0,12.0,47,42.77,0,16.45,0,1.27,0,1.27
100.0,42.1,0.00,0.00,0,13.62,0,1.27,0,1.27,0,12.0,0,42.77,0,16.45,0,1.27,0,1.27
100.0,37.6,0.00,0.00,0,13.62,0,1.27,0,1.27,0,12.0,8,42.77,0,16.45,0,1.27,0,1.27
100.0,35.3,0.00,0.00,0,13.62,0,1.27,0,1.27,0,12.0,0,42.77,0,16.45,0,1.27,0,1.27
100.0,32.5,0.00,0.00,0,13.62,0,1.27,0,1.27,0,12.0,20,42.77,0,16.45,0,1.27,0,1.27
100.0,32.8,0.00,0.00,0,13.62,0,1.27,0,1.27,0,12.0,44,42.77,0,16.45,0,1.27,0,1.27
97.3,33.1,0.00,0.00,0,13.62,0,1.27,0,1.27,0,12.0,0,42.77,0,16.45,0,1.27,0,1.27
100.0,33.2,0.00,0.00,0,13.62,0,1.27,0,1.27,0,12.0,0,42.77,0,16.45,0,1.27,0,1.27
100.0,33.3,0.00,0.00,0,13.62,0,1.27,0,1.27,0,12.0,11,42.77,0,16.45,0,1.27,0,1.27
100.0,33.4,0.00,0.00,0,13.62,0,1.27,0,1.27,0,12.0,0,42.77,0,16.45,0,1.27,0,1.27
100.0,33.5,0.00,0.00,0,13.62,0,1.27,0,1.27,0,12.0,9,42.77,0,16.45,0,1.27,0,1.27
100.0,33.9,0.00,0.00,0,13.62,0,1.27,0,1.27,0,12.0,0,42.77,0,16.45,0,1.27,0,1.27
100.0,33.8,0.00,0.00,0,13.62,0,1.27,0,1.27,0,12.0,0,42.77,0,16.45,0,1.27,0,1.27
100.0,32.9,0.00,0.00,0,13.62,0,1.27,0,1.27,0,12.0,0,42.77,0,16.45,0,1.27,0,1.27
100.0,33.1,0.00,0.00,0,13.62,0,1.27,0,1.27,0,12.0,0,42.77,0,16.45,0,1.27,0,1.27
100.0,34.1,0.00,0.00,0,13.62,0,1.27,0,1.27,0,12.0,0,42.77,0,16.45,0,1.27,0,1.27
100.0,34.7,0.00,0.00,0,13.62,0,1.27,0,1.27,0,12.0,28,42.77,0,16.45,0,1.27,0,1.27
100.0,34.9,0.00,0.00,0,13.62,0,1.27,0,1.27,0,12.0,0,42.77,0,16.45,0,1.27,0,1.27
100.0,35.1,0.00,0.00,0,13.62,0,1.27,0,1.27,0,12.0,1,42.77,0,16.45,0,1.27,0,1.27
100.0,35.1,0.00,0.00,0,13.62,0,1.27,0,1.27,0,12.0,15,42.77,0,16.45,0,1.27,0,1.27
100.0,35.2,0.00,0.00,0,13.62,0,1.27,0,1.27,0,12.0,32,42.77,0,16.45,0,1.27,0,1.27
100.0,30.9,0.00,0.00,0,13.62,0,1.27,0,1.27,0,12.0,0,42.77,0,16.45,0,1.27,0,1.27
100.0,28.6,0.00,0.00,0,13.62,0,1.27,0,1.27,0,12.0,8,42.77,0,16.45,0,1.27,0,1.27
100.0,29.5,0.00,0.00,0,13.62,0,1.27,0,1.27,0,12.0,8,42.77,0,16.45,0,1.27,0,1.27
100.0,30.0,0.00,0.00,0,13.62,0,1.27,0,1.27,0,12.0,43,42.77,0,16.45,0,1.27,0,1.27
100.0,30.6,0.00,0.00,0,13.62,0,1.27,0,1.27,0,12.0,39,42.77,0,16.45,0,1.27,0,1.27
100.0,28.5,0.00,0.00,0,13.62,0,1.27,0,1.27,0,12.0,19,42.77,0,16.45,0,1.27,0,1.27
100.0,29.2,0.00,0.00,0,13.62,0,1.27,0,1.27,0,12.0,0,42.77,0,16.45,0,1.27,0,1.27
100.0,31.2,0.00,0.00,0,13.62,0,1.27,0,1.27,0,12.0,0,42.77,0,16.45,0,1.27,0,1.27
100.0,31.7,0.00,0.00,0,13.62,0,1.27,0,1.27,0,12.0,0,42.77,0,16.45,0,1.27,0,1.27
100.0,33.0,0.00,0.00,0,13.62,0,1.27,0,1.27,0,12.0,0,42.77,0,16.45,0,1.27,0,1.27
100.0,33.2,0.00,0.00,0,13.62,0,1.27,0,1.27,0,12.0,2,42.77,0,16.45,0,1.27,0,1.27
100.0,33.6,0.00,0.00,0,13.62,0,1.27,0,1.27,0,12.0,0,42.77,0,16.45,0,1.27,0,1.27
100.0,34.0,0.00,0.00,0,13.62,0,1.27,0,1.27,0,12.0,0,42.77,0,16.45,0,1.27,0,1.27
100.0,34.2,0.00,0.00,0,13.62,0,1.27,0,1.27,0,12.0,6,42.77,0,16.45,0,1.27,0,1.27
100.0,34.1,0.00,0.00,0,13.62,0,1.27,0,1.27,0,12.0,0,42.77,0,16.45,0,1.27,0,1.27
100.0,34.2,0.00,0.00,0,13.62,0,1.27,0,1.27,0,12.0,0,42.77,0,16.45,0,1.27,0,1.27
100.0,35.0,0.00,0.00,0,13.62,0,1.27,0,1.27,0,12.0,8,42.77,0,16.45,0,1.27,0,1.27
100.0,35.0,0.00,0.00,0,13.62,0,1.27,0,1.27,0,12.0,20,42.77,0,16.45,0,1.27,0,1.27
100.0,35.0,0.00,0.00,0,13.62,0,1.27,0,1.27,0,12.0,0,42.77,0,16.45,0,1.27,0,1.27
100.0,35.1,0.00,0.00,0,13.62,0,1.27,0,1.27,0,12.0,0,42.77,0,16.45,0,1.27,0,1.27
100.0,35.0,0.00,0.00,0,13.62,0,1.27,0,1.27,0,12.0,0,42.77,0,16.45,0,1.27,0,1.27
100.0,35.8,0.00,0.00,0,13.62,0,1.27,0,1.27,0,12.0,24,42.77,0,16.45,0,1.27,0,1.27
100.0,35.9,0.00,0.00,0,13.62,0,1.27,0,1.27,0,12.0,25,42.77,0,16.45,0,1.27,0,1.27
100.0,35.9,0.00,0.00,0,13.62,0,1.27,0,1.27,0,12.0,29,42.77,0,16.45,0,1.27,0,1.27
100.0,35.8,0.00,0.00,0,13.62,0,1.27,0,1.27,0,12.0,0,42.77,0,16.45,0,1.27,0,1.27
100.0,33.1,0.00,0.00,0,13.62,0,1.27,0,1.27,0,12.0,0,42.77,0,16.45,0,1.27,0,1.27
99.8,31.9,0.00,0.00,0,13.62,0,1.27,0,1.27,0,12.0,33,42.77,0,16.45,0,1.27,0,1.27
100.0,32.7,0.00,0.00,0,13.62,0,1.27,0,1.27,0,12.0,0,42.77,0,16.45,0,1.27,0,1.27
100.0,34.7,0.00,0.00,0,13.62,0,1.27,0,1.27,0,12.0,33,42.77,0,16.45,0,1.27,0,1.27
100.0,36.1,0.00,0.00,0,13.62,0,1.27,0,1.27,0,12.0,0,42.77,0,16.45,0,1.27,0,1.27
100.0,36.2,0.00,0.00,0,13.62,0,1.27,0,1.27,0,12.0,26,42.77,0,16.45,0,1.27,0,1.27
99.9,36.4,0.00,0.00,0,13.62,0,1.27,0,1.27,0,12.0,0,42.77,0,16.45,0,1.27,0,1.27
100.0,36.5,0.00,0.00,0,13.62,0,1.27,0,1.27,0,12.0,0,42.77,0,16.45,0,1.27,0,1.27
100.0,36.8,0.00,0.00,0,13.62,0,1.27,0,1.27,0,12.0,0,42.77,0,16.45,0,1.27,0,1.27
100.0,36.9,0.00,0.00,0,13.62,0,1.27,0,1.27,0,12.0,0,42.77,0,16.45,0,1.27,0,1.27
100.0,36.9,0.00,0.00,0,13.62,0,1.27,0,1.27,0,12.0,0,42.77,0,16.45,0,1.27,0,1.27
100.0,36.9,0.00,0.00,0,13.62,0,1.27,0,1.27,0,12.0,0,42.77,0,16.45,0,1.27,0,1.27
100.0,37.2,0.00,0.00,0,13.62,0,1.27,0,1.27,0,12.0,0,42.77,0,16.45,0,1.27,0,1.27
99.6,37.7,0.00,0.00,0,13.62,0,1.27,0,1.27,0,12.0,0,42.77,0,16.45,0,1.27,0,1.27
100.0,37.7,0.00,0.00,0,13.62,0,1.27,0,1.27,0,12.0,16,42.77,0,16.45,0,1.27,0,1.27
100.0,37.7,0.00,0.00,0,13.62,0,1.27,0,1.27,0,12.0,0,42.77,0,16.45,0,1.27,0,1.27
100.0,37.7,0.00,0.00,0,13.62,0,1.27,0,1.27,0,12.0,0,42.77,0,16.45,0,1.27,0,1.27
100.0,37.7,0.00,0.00,0,13.62,0,1.27,0,1.27,0,12.0,0,42.77,0,16.45,0,1.27,0,1.27
100.0,37.8,0.00,0.00,0,13.62,0,1.27,0,1.27,0,12.0,0,42.77,0,16.45,0,1.27,0,1.27
100.0,37.8,0.00,0.00,0,13.62,0,1.27,0,1.27,0,12.0,0,42.77,0,16.45,0,1.27,0,1.27
100.0,37.7,0.00,0.00,0,13.62,0,1.27,0,1.27,0,12.0,0,42.77,0,16.45,0,1.27,0,1.27
99.4,34.7,0.00,0.00,0,13.62,0,1.27,0,1.27,0,12.0,32,42.77,0,16.45,0,1.27,0,1.27
100.0,33.6,0.00,0.00,0,13.62,0,1.27,0,1.27,0,12.0,0,42.77,0,16.45,0,1.27,0,1.27
100.0,30.7,0.00,0.00,0,13.62,0,1.27,0,1.27,0,12.0,9,42.77,0,16.45,0,1.27,0,1.27
100.0,30.7,0.00,0.00,0,13.62,0,1.27,0,1.27,0,12.0,0,42.77,0,16.45,0,1.27,0,1.27
100.0,31.1,0.00,0.00,0,13.62,0,1.27,0,1.27,0,12.0,0,42.77,0,16.45,0,1.27,0,1.27
100.0,29.3,0.00,0.00,0,13.62,0,1.27,0,1.27,0,12.0,16,42.77,0,16.45,0,1.27,0,1.27
100.0,30.5,0.00,0.00,0,13.62,0,1.27,0,1.27,0,12.0,0,42.77,0,16.45,0,1.27,0,1.27
100.0,31.2,0.00,0.00,0,13.62,0,1.27,0,1.27,0,12.0,0,42.77,0,16.45,0,1.27,0,1.27
100.0,32.9,0.00,0.00,0,13.62,0,1.27,0,1.27,0,12.0,5,42.77,0,16.45,0,1.27,0,1.27
100.0,35.0,0.00,0.00,0,13.62,0,1.27,0,1.27,0,12.0,0,42.77,0,16.45,0,1.27,0,1.27
100.0,34.7,0.00,0.00,0,13.62,0,1.27,0,1.27,0,12.0,8,42.77,0,16.45,0,1.27,0,1.27
99.9,34.8,0.00,0.00,0,13.62,0,1.27,0,1.27,0,12.0,0,42.77,0,16.45,0,1.27,0,1.27
100.0,34.8,0.00,0.00,0,13.62,0,1.27,0,1.27,0,12.0,0,42.77,0,16.45,0,1.27,0,1.27
100.0,35.6,0.00,0.00,0,13.62,0,1.27,0,1.27,0,12.0,4,42.77,0,16.45,0,1.27,0,1.27
100.0,35.7,0.00,0.00,0,13.62,0,1.27,0,1.27,0,12.0,0,42.77,0,16.45,0,1.27,0,1.27
100.0,35.6,0.00,0.00,0,13.62,0,1.27,0,1.27,0,12.0,0,42.77,0,16.45,0,1.27,0,1.27
100.0,35.7,0.00,0.00,0,13.62,0,1.27,0,1.27,0,12.0,0,42.77,0,16.45,0,1.27,0,1.27
100.0,35.6,0.00,0.00,0,13.62,0,1.27,0,1.27,0,12.0,0,42.77,0,16.45,0,1.27,0,1.27
100.0,36.5,0.00,0.00,0,13.62,0,1.27,0,1.27,0,12.0,16,42.77,0,16.45,0,1.27,0,1.27
100.0,37.2,0.00,0.00,0,13.62,0,1.27,0,1.27,0,12.0,2,42.77,0,16.45,0,1.27,0,1.27
100.0,37.4,0.00,0.00,0,13.62,0,1.27,0,1.27,0,12.0,0,42.77,0,16.45,0,1.27,0,1.27
100.0,37.3,0.00,0.00,0,13.62,0,1.27,0,1.27,0,12.0,0,42.77,0,16.45,0,1.27,0,1.27
100.0,37.4,0.00,0.00,0,13.62,0,1.27,0,1.27,0,12.0,0,42.77,0,16.45,0,1.27,0,1.27
100.0,37.3,0.00,0.00,0,13.62,0,1.27,0,1.27,0,12.0,0,42.77,0,16.45,0,1.27,0,1.27
100.0,37.3,0.00,0.00,0,13.62,0,1.27,0,1.27,0,12.0,0,42.77,0,16.45,0,1.27,0,1.27
100.0,37.3,0.00,0.00,0,13.62,0,1.27,0,1.27,0,12.0,0,42.77,0,16.45,0,1.27,0,1.27
100.0,37.3,0.00,0.00,0,13.62,0,1.27,0,1.27,0,12.0,0,42.77,0,16.45,0,1.27,0,1.27
100.0,37.3,0.00,0.00,0,13.62,0,1.27,0,1.27,0,12.0,0,42.77,0,16.45,0,1.27,0,1.27
100.0,37.4,0.00,0.00,0,13.62,0,1.27,0,1.27,0,12.0,26,42.77,0,16.45,0,1.27,0,1.27
100.0,37.3,0.00,0.00,0,13.62,0,1.27,0,1.27,0,12.0,0,42.77,0,16.45,0,1.27,0,1.27
100.0,37.2,0.00,0.00,0,13.62,0,1.27,0,1.27,0,12.0,0,42.77,0,16.45,0,1.27,0,1.27
100.0,37.4,0.00,0.00,0,13.62,0,1.27,0,1.27,0,12.0,0,42.77,0,16.45,0,1.27,0,1.27
100.0,38.5,0.00,0.00,0,13.62,0,1.27,0,1.27,0,12.0,0,42.77,0,16.45,0,1.27,0,1.27
100.0,39.0,0.00,0.00,0,13.62,0,1.27,0,1.27,0,12.0,0,42.77,0,16.45,0,1.27,0,1.27
100.0,39.0,0.00,0.00,0,13.62,0,1.27,0,1.27,0,12.0,0,42.77,0,16.45,0,1.27,0,1.27
100.0,38.9,0.00,0.00,0,13.62,0,1.27,0,1.27,0,12.0,0,42.77,0,16.45,0,1.27,0,1.27
100.0,39.0,0.00,0.00,0,13.62,0,1.27,0,1.27,0,12.0,0,42.77,0,16.45,0,1.27,0,1.27
100.0,39.0,0.00,0.00,0,13.62,0,1.27,0,1.27,0,12.0,0,42.77,0,16.45,0,1.27,0,1.27
100.0,36.0,0.00,0.00,0,13.62,0,1.27,0,1.27,0,12.0,0,42.77,0,16.45,0,1.27,0,1.27
100.0,34.3,0.00,0.00,0,13.62,0,1.27,0,1.27,0,12.0,32,42.77,0,16.45,0,1.27,0,1.27
100.0,36.0,0.00,0.00,0,13.62,0,1.27,0,1.27,0,12.0,0,42.77,0,16.45,0,1.27,0,1.27
100.0,35.6,0.00,0.00,0,13.62,0,1.27,0,1.27,0,12.0,0,42.77,0,16.45,0,1.27,0,1.27
100.0,36.1,0.00,0.00,0,13.62,0,1.27,0,1.27,0,12.0,15,42.77,0,16.45,0,1.27,0,1.27
100.0,38.2,0.00,0.00,0,13.62,0,1.27,0,1.27,0,12.0,0,42.77,0,16.45,0,1.27,0,1.27
100.0,37.6,0.00,0.00,0,13.62,0,1.27,0,1.27,0,12.0,41,42.77,0,16.45,0,1.27,0,1.27
100.0,37.6,0.00,0.00,0,13.62,0,1.27,0,1.27,0,12.0,0,42.77,0,16.45,0,1.27,0,1.27
100.0,37.8,0.00,0.00,0,13.62,0,1.27,0,1.27,0,12.0,12,42.77,0,16.45,0,1.27,0,1.27
100.0,37.8,0.00,0.00,0,13.62,0,1.27,0,1.27,0,12.0,0,42.77,0,16.45,0,1.27,0,1.27
100.0,38.2,0.00,0.00,0,13.62,0,1.27,0,1.27,0,12.0,2,42.77,0,16.45,0,1.27,0,1.27
100.0,38.2,0.00,0.00,0,13.62,0,1.27,0,1.27,0,12.0,3,42.77,0,16.45,0,1.27,0,1.27
100.0,38.2,0.00,0.00,0,13.62,0,1.27,0,1.27,0,12.0,0,42.77,0,16.45,0,1.27,0,1.27
100.0,38.2,0.00,0.00,0,13.62,0,1.27,0,1.27,0,12.0,7,42.77,0,16.45,0,1.27,0,1.27
100.0,38.5,0.00,0.00,0,13.62,0,1.27,0,1.27,0,12.0,0,42.77,0,16.45,0,1.27,0,1.27
96.6,35.9,0.00,0.00,0,13.62,0,1.27,0,1.27,0,12.0,4,42.77,0,16.45,0,1.27,0,1.27
100.0,34.3,0.00,0.00,0,13.62,0,1.27,0,1.27,0,12.0,10,42.77,0,16.45,0,1.27,0,1.27
100.0,32.1,0.00,0.00,0,13.62,0,1.27,0,1.27,0,12.0,0,42.77,0,16.45,0,1.27,0,1.27
100.0,32.4,0.00,0.00,0,13.62,0,1.27,0,1.27,0,12.0,0,42.77,0,16.45,0,1.27,0,1.27
100.0,33.3,0.00,0.00,0,13.62,0,1.27,0,1.27,0,12.0,0,42.77,0,16.45,0,1.27,0,1.27
100.0,33.8,0.00,0.00,0,13.62,0,1.27,0,1.27,0,12.0,0,42.77,0,16.45,0,1.27,0,1.27
100.0,34.3,0.00,0.00,0,13.62,0,1.27,0,1.27,0,12.0,0,42.77,0,16.45,0,1.27,0,1.27
100.0,34.9,0.00,0.00,0,13.62,0,1.27,0,1.27,0,12.0,32,42.77,0,16.45,0,1.27,0,1.27
100.0,36.0,0.00,0.00,0,13.62,0,1.27,0,1.27,0,12.0,43,42.77,0,16.45,0,1.27,0,1.27
100.0,36.0,0.00,0.00,0,13.62,0,1.27,0,1.27,0,12.0,0,42.77,0,16.45,0,1.27,0,1.27
100.0,36.3,0.00,0.00,0,13.62,0,1.27,0,1.27,0,12.0,0,42.77,0,16.45,0,1.27,0,1.27
100.0,36.2,0.00,0.00,0,13.62,0,1.27,0,1.27,0,12.0,16,42.77,0,16.45,0,1.27,0,1.27
100.0,36.3,0.00,0.00,0,13.62,0,1.27,0,1.27,0,12.0,24,42.77,0,16.45,0,1.27,0,1.27
100.0,36.6,0.00,0.00,0,13.62,0,1.27,0,1.27,0,12.0,0,42.77,0,16.45,0,1.27,0,1.27
100.0,36.6,0.00,0.00,0,13.62,0,1.27,0,1.27,0,12.0,20,42.77,0,16.45,0,1.27,0,1.27
100.0,36.7,0.00,0.00,0,13.62,0,1.27,0,1.27,0,12.0,0,42.77,0,16.45,0,1.27,0,1.27
100.0,36.7,0.00,0.00,0,13.62,0,1.27,0,1.27,0,12.0,0,42.77,0,16.45,0,1.27,0,1.27
100.0,36.7,0.00,0.00,0,13.62,0,1.27,0,1.27,0,12.0,0,42.77,0,16.45,0,1.27,0,1.27
99.8,32.8,0.00,0.00,0,13.62,0,1.27,0,1.27,0,12.0,0,42.77,0,16.45,0,1.27,0,1.27
100.0,34.7,0.00,0.00,0,13.62,0,1.27,0,1.27,0,12.0,0,42.77,0,16.45,0,1.27,0,1.27
100.0,32.7,0.00,0.00,0,13.62,0,1.27,0,1.27,0,12.0,0,42.77,0,16.45,0,1.27,0,1.27
100.0,33.8,0.00,0.00,0,13.62,0,1.27,0,1.27,0,12.0,8,42.77,0,16.45,0,1.27,0,1.27
100.0,34.4,0.00,0.00,0,13.62,0,1.27,0,1.27,0,12.0,16,42.77,0,16.45,0,1.27,0,1.27
100.0,34.9,0.00,0.00,0,13.62,0,1.27,0,1.27,0,12.0,0,42.77,0,16.45,0,1.27,0,1.27
100.0,36.4,0.00,0.00,0,13.62,0,1.27,0,1.27,0,12.0,8,42.77,0,16.45,0,1.27,0,1.27
100.0,36.4,0.00,0.00,0,13.62,0,1.27,0,1.27,0,12.0,0,42.77,0,16.45,0,1.27,0,1.27
100.0,36.6,0.00,0.00,0,13.62,0,1.27,0,1.27,0,12.0,0,42.77,0,16.45,0,1.27,0,1.27
100.0,36.6,0.00,0.00,0,13.62,0,1.27,0,1.27,0,12.0,0,42.77,0,16.45,0,1.27,0,1.27
100.0,37.0,0.00,0.00,0,13.62,0,1.27,0,1.27,0,12.0,0,42.77,0,16.45,0,1.27,0,1.27
100.0,37.0,0.00,0.00,0,13.62,0,1.27,0,1.27,0,12.0,0,42.77,0,16.45,0,1.27,0,1.27
100.0,37.1,0.00,0.00,0,13.62,0,1.27,0,1.27,0,12.0,24,42.77,0,16.45,0,1.27,0,1.27
100.0,37.1,0.00,0.00,0,13.62,0,1.27,0,1.27,0,12.0,0,42.77,0,16.45,0,1.27,0,1.27
100.0,37.9,0.00,0.00,0,13.62,0,1.27,0,1.27,0,12.0,0,42.77,0,16.45,0,1.27,0,1.27
100.0,37.9,0.00,0.00,0,13.62,0,1.27,0,1.27,0,12.0,21,42.77,0,16.45,0,1.27,0,1.27
100.0,38.9,0.00,0.00,0,13.62,0,1.27,0,1.27,0,12.0,0,42.77,0,16.45,0,1.27,0,1.27
100.0,39.4,0.00,0.00,0,13.62,0,1.27,0,1.27,0,12.0,0,42.77,0,16.45,0,1.27,0,1.27
100.0,39.5,0.00,0.00,0,13.62,0,1.27,0,1.27,0,12.0,0,42.77,0,16.45,0,1.27,0,1.27
100.0,39.5,0.00,0.00,0,13.62,0,1.27,0,1.27,0,12.0,0,42.77,0,16.45,0,1.27,0,1.27
99.9,39.5,0.00,0.00,0,13.62,0,1.27,0,1.27,0,12.0,29,42.77,0,16.45,0,1.27,0,1.27
100.0,39.5,0.00,0.00,0,13.62,0,1.27,0,1.27,0,12.0,0,42.77,0,16.45,0,1.27,0,1.27
100.0,39.5,0.00,0.00,0,13.62,0,1.27,0,1.27,0,12.0,0,42.77,0,16.45,0,1.27,0,1.27
99.9,39.5,0.00,0.00,0,13.62,0,1.27,0,1.27,0,12.0,45,42.77,0,16.45,0,1.27,0,1.27
100.0,39.5,0.00,0.00,0,13.62,0,1.27,0,1.27,0,12.0,0,42.77,0,16.45,0,1.27,0,1.27
100.0,39.7,0.00,0.00,0,13.62,0,1.27,0,1.27,0,12.0,0,42.77,0,16.45,0,1.27,0,1.27
100.0,39.5,0.00,0.00,0,13.62,0,1.27,0,1.27,0,12.0,19,42.77,0,16.45,0,1.27,0,1.27
99.3,39.5,0.00,0.00,0,13.62,0,1.27,0,1.27,0,12.0,0,42.77,0,16.45,0,1.27,0,1.27
100.0,39.5,0.00,0.00,0,13.62,0,1.27,0,1.27,0,12.0,0,42.77,0,16.45,0,1.27,0,1.27
100.0,39.5,0.00,0.00,0,13.62,0,1.27,0,1.27,0,12.0,0,42.77,0,16.45,0,1.27,0,1.27
100.0,39.5,0.00,0.00,0,13.62,0,1.27,0,1.27,0,12.0,4,42.77,0,16.45,0,1.27,0,1.27
100.0,39.5,0.00,0.00,0,13.62,0,1.27,0,1.27,0,12.0,0,42.77,0,16.45,0,1.27,0,1.27
100.0,39.5,0.00,0.00,0,13.62,0,1.27,0,1.27,0,12.0,0,42.77,0,16.45,0,1.27,0,1.27
100.0,39.5,0.00,0.00,0,13.62,0,1.27,0,1.27,0,12.0,0,42.77,0,16.45,0,1.27,0,1.27
100.0,39.5,0.00,0.00,0,13.62,0,1.27,0,1.27,0,12.0,0,42.77,0,16.45,0,1.27,0,1.27
100.0,40.9,0.00,0.00,0,13.62,0,1.27,0,1.27,0,12.0,0,42.77,0,16.45,0,1.27,0,1.27
100.0,41.1,0.00,0.00,0,13.62,0,1.27,0,1.27,0,12.0,0,42.77,0,16.45,0,1.27,0,1.27
100.0,41.1,0.00,0.00,0,13.62,0,1.27,0,1.27,0,12.0,0,42.77,0,16.45,0,1.27,0,1.27
100.0,41.1,0.00,0.00,0,13.62,0,1.27,0,1.27,0,12.0,15,42.77,0,16.45,0,1.27,0,1.27
100.0,41.2,0.00,0.00,0,13.62,0,1.27,0,1.27,0,12.0,0,42.77,0,16.45,0,1.27,0,1.27
100.0,41.2,0.00,0.00,0,13.62,0,1.27,0,1.27,0,12.0,43,42.77,0,16.45,0,1.27,0,1.27
100.0,41.2,0.00,0.00,0,13.62,0,1.27,0,1.27,0,12.0,0,42.77,0,16.45,0,1.27,0,1.27
100.0,41.3,0.00,0.00,0,13.62,0,1.27,0,1.27,0,12.0,0,42.77,0,16.45,0,1.27,0,1.27
99.0,35.8,0.00,0.00,0,13.62,0,1.27,0,1.27,0,12.0,0,42.77,0,16.45,0,1.27,0,1.27
100.0,37.5,0.00,0.00,0,13.62,0,1.27,0,1.27,0,12.0,0,42.77,0,16.45,0,1.27,0,1.27
100.0,34.0,0.00,0.00,0,13.62,0,1.27,0,1.27,0,12.0,5,42.77,0,16.45,0,1.27,0,1.27
100.0,36.4,0.00,0.00,0,13.62,0,1.27,0,1.27,0,12.0,24,42.77,0,16.45,0,1.27,0,1.27
100.0,35.5,0.00,0.00,0,13.62,0,1.27,0,1.27,0,12.0,24,42.77,0,16.45,0,1.27,0,1.27
100.0,36.0,0.00,0.00,0,13.62,0,1.27,0,1.27,0,12.0,0,42.77,0,16.45,0,1.27,0,1.27
100.0,35.8,0.00,0.00,0,13.62,0,1.27,0,1.27,0,12.0,0,42.77,0,16.45,0,1.27,0,1.27
100.0,32.1,0.00,0.00,0,13.62,0,1.27,0,1.27,0,12.0,0,42.77,0,16.45,0,1.27,0,1.27
100.0,32.2,0.00,0.00,0,13.62,0,1.27,0,1.27,0,12.0,0,42.77,0,16.45,0,1.27,0,1.27
100.0,33.7,0.00,0.00,0,13.62,0,1.27,0,1.27,0,12.0,0,42.77,0,16.45,0,1.27,0,1.27
100.0,33.1,0.00,0.00,0,13.62,0,1.27,0,1.27,0,12.0,6,42.77,0,16.45,0,1.27,0,1.27
100.0,33.6,0.00,0.00,0,13.62,0,1.27,0,1.27,0,12.0,0,42.77,0,16.45,0,1.27,0,1.27
100.0,34.5,0.00,0.00,0,13.62,0,1.27,0,1.27,0,12.0,0,42.77,0,16.45,0,1.27,0,1.27
100.0,36.4,0.00,0.00,0,13.62,0,1.27,0,1.27,0,12.0,0,42.77,0,16.45,0,1.27,0,1.27
100.0,35.8,0.00,0.00,0,13.62,0,1.27,0,1.27,0,12.0,0,42.77,0,16.45,0,1.27,0,1.27
100.0,36.1,0.00,0.00,0,13.62,0,1.27,0,1.27,0,12.0,0,42.77,0,16.45,0,1.27,0,1.27
100.0,36.5,0.00,0.00,0,13.62,0,1.27,0,1.27,0,12.0,47,42.77,0,16.45,0,1.27,0,1.27
100.0,37.3,0.00,0.00,0,13.62,0,1.27,0,1.27,0,12.0,24,42.77,0,16.45,0,1.27,0,1.27
100.0,37.3,0.00,0.00,0,13.62,0,1.27,0,1.27,0,12.0,0,42.77,0,16.45,0,1.27,0,1.27
100.0,37.3,0.00,0.00,0,13.62,0,1.27,0,1.27,0,12.0,24,42.77,0,16.45,0,1.27,0,1.27
100.0,37.4,0.00,0.00,0,13.62,0,1.27,0,1.27,0,12.0,0,42.77,0,16.45,0,1.27,0,1.27
99.8,37.6,0.00,0.00,0,13.62,0,1.27,0,1.27,0,12.0,0,42.77,0,16.45,0,1.27,0,1.27
100.0,38.2,0.00,0.00,0,13.62,0,1.27,0,1.27,0,12.0,6,42.77,0,16.45,0,1.27,0,1.27
100.0,38.2,0.00,0.00,0,13.62,0,1.27,0,1.27,0,12.0,15,42.77,0,16.45,0,1.27,0,1.27
100.0,38.2,0.00,0.00,0,13.62,0,1.27,0,1.27,0,12.0,0,42.77,0,16.45,0,1.27,0,1.27
100.0,38.2,0.00,0.00,0,13.62,0,1.27,0,1.27,0,12.0,0,42.77,0,16.45,0,1.27,0,1.27
100.0,38.2,0.00,0.00,0,13.62,0,1.27,0,1.27,0,12.0,8,42.77,0,16.45,0,1.27,0,1.27
97.8,38.3,0.00,0.00,0,13.62,0,1.27,0,1.27,0,12.0,9,42.77,0,16.45,0,1.27,0,1.27
100.0,38.2,0.00,0.00,0,13.62,0,1.27,0,1.27,0,12.0,31,42.77,0,16.45,0,1.27,0,1.27
100.0,38.3,0.00,0.00,0,13.62,0,1.27,0,1.27,0,12.0,1,42.77,0,16.45,0,1.27,0,1.27
100.0,38.3,0.00,0.00,0,13.62,0,1.27,0,1.27,0,12.0,7,42.77,0,16.45,0,1.27,0,1.27
100.0,39.8,0.00,0.00,0,13.62,0,1.27,0,1.27,0,12.0,0,42.77,0,16.45,0,1.27,0,1.27
100.0,39.8,0.00,0.00,0,13.62,0,1.27,0,1.27,0,12.0,0,42.77,0,16.45,0,1.27,0,1.27
100.0,40.4,0.00,0.00,0,13.62,0,1.27,0,1.27,0,12.0,0,42.77,0,16.45,0,1.27,0,1.27
100.0,41.4,0.00,0.00,0,13.62,0,1.27,0,1.27,0,12.0,0,42.77,0,16.45,0,1.27,0,1.27
100.0,41.5,0.00,0.00,0,13.62,0,1.27,0,1.27,0,12.0,0,42.77,0,16.45,0,1.27,0,1.27
100.0,41.4,0.00,0.00,0,13.62,0,1.27,0,1.27,0,12.0,0,42.77,0,16.45,0,1.27,0,1.27
100.0,41.5,0.00,0.00,0,13.62,0,1.27,0,1.27,0,12.0,0,42.77,0,16.45,0,1.27,0,1.27
100.0,41.4,0.00,0.00,0,13.62,0,1.27,0,1.27,0,12.0,0,42.77,0,16.45,0,1.27,0,1.27
100.0,41.5,0.00,0.00,0,13.62,0,1.27,0,1.27,0,12.0,8,42.77,0,16.45,0,1.27,0,1.27
100.0,41.5,0.00,0.00,0,13.62,0,1.27,0,1.27,0,12.0,0,42.77,0,16.45,0,1.27,0,1.27
100.0,41.4,0.00,0.00,0,13.62,0,1.27,0,1.27,0,12.0,0,42.77,0,16.45,0,1.27,0,1.27
100.0,41.4,0.00,0.00,0,13.62,0,1.27,0,1.27,0,12.0,0,42.77,0,16.45,0,1.27,0,1.27
100.0,41.4,0.00,0.00,0,13.62,0,1.27,0,1.27,0,12.0,0,42.77,0,16.45,0,1.27,0,1.27
100.0,41.5,0.00,0.00,0,13.62,0,1.27,0,1.27,0,12.0,33,42.77,0,16.45,0,1.27,0,1.27
100.0,41.4,0.00,0.00,0,13.62,0,1.27,0,1.27,0,12.0,32,42.77,0,16.45,0,1.27,0,1.27
100.0,41.5,0.00,0.00,0,13.62,0,1.27,0,1.27,0,12.0,0,42.77,0,16.45,0,1.27,0,1.27
100.0,41.4,0.00,0.00,0,13.62,0,1.27,0,1.27,0,12.0,40,42.77,0,16.45,0,1.27,0,1.27
100.0,41.5,0.00,0.00,0,13.62,0,1.27,0,1.27,0,12.0,0,42.77,0,16.45,0,1.27,0,1.27
99.8,41.6,0.00,0.00,0,13.62,0,1.27,0,1.27,0,12.0,10,42.77,0,16.45,0,1.27,0,1.27
100.0,41.5,0.00,0.00,0,13.62,0,1.27,0,1.27,0,12.0,0,42.77,0,16.45,0,1.27,0,1.27
100.0,36.5,0.00,0.00,0,13.62,0,1.27,0,1.27,0,12.0,0,42.77,0,16.45,0,1.27,0,1.27
100.0,29.6,0.00,0.00,0,13.62,0,1.27,0,1.27,0,12.0,0,42.77,0,16.45,0,1.27,0,1.27
100.0,31.1,0.00,0.00,0,13.62,0,1.27,0,1.27,0,12.0,0,42.77,0,16.45,0,1.27,0,1.27
100.0,27.7,0.00,0.00,0,13.62,0,1.27,0,1.27,0,12.0,0,42.77,0,16.45,0,1.27,0,1.27
100.0,27.6,0.00,0.00,0,13.62,0,1.27,0,1.27,0,12.0,0,42.77,0,16.45,0,1.27,0,1.27
100.0,27.6,0.00,0.00,0,13.62,0,1.27,0,1.27,0,12.0,0,42.77,0,16.45,0,1.27,0,1.27
100.0,31.1,0.00,0.00,0,13.62,0,1.27,0,1.27,0,12.0,0,42.77,0,16.45,0,1.27,0,1.27
100.0,30.8,0.00,0.00,0,13.62,0,1.27,0,1.27,0,12.0,0,42.77,0,16.45,0,1.27,0,1.27
100.0,31.9,0.00,0.00,0,13.62,0,1.27,0,1.27,0,12.0,0,42.77,0,16.45,0,1.27,0,1.27
100.0,32.9,0.00,0.00,0,13.62,0,1.27,0,1.27,0,12.0,0,42.77,0,16.45,0,1.27,0,1.27
100.0,34.3,0.00,0.00,0,13.62,0,1.27,0,1.27,0,12.0,23,42.77,0,16.45,0,1.27,0,1.27
100.0,35.6,0.00,0.00,0,13.62,0,1.27,0,1.27,0,12.0,16,42.77,0,16.45,0,1.27,0,1.27
100.0,36.0,0.00,0.00,0,13.62,0,1.27,0,1.27,0,12.0,0,42.77,0,16.45,0,1.27,0,1.27
100.0,36.2,0.00,0.00,0,13.62,0,1.27,0,1.27,0,12.0,0,42.77,0,16.45,0,1.27,0,1.27
100.0,36.5,0.00,0.00,0,13.62,0,1.27,0,1.27,0,12.0,0,42.77,0,16.45,0,1.27,0,1.27
100.0,36.6,0.00,0.00,0,13.62,0,1.27,0,1.27,0,12.0,0,42.77,0,16.45,0,1.27,0,1.27
100.0,37.0,0.00,0.00,0,13.62,0,1.27,0,1.27,0,12.0,0,42.77,0,16.45,0,1.27,0,1.27
99.7,37.1,0.00,0.00,0,13.62,0,1.27,0,1.27,0,12.0,0,42.77,0,16.45,0,1.27,0,1.27
100.0,37.4,0.00,0.00,0,13.62,0,1.27,0,1.27,0,12.0,0,42.77,0,16.45,0,1.27,0,1.27
100.0,37.8,0.00,0.00,0,13.62,0,1.27,0,1.27,0,12.0,35,42.77,0,16.45,0,1.27,0,1.27
100.0,37.9,0.00,0.00,0,13.62,0,1.27,0,1.27,0,12.0,0,42.77,0,16.45,0,1.27,0,1.27
99.9,37.8,0.00,0.00,0,13.62,0,1.27,0,1.27,0,12.0,0,42.77,0,16.45,0,1.27,0,1.27
100.0,38.7,0.00,0.00,0,13.62,0,1.27,0,1.27,0,12.0,0,42.77,0,16.45,0,1.27,0,1.27
100.0,38.7,0.00,0.00,0,13.62,0,1.27,0,1.27,0,12.0,0,42.77,0,16.45,0,1.27,0,1.27
100.0,38.7,0.00,0.00,0,13.62,0,1.27,0,1.27,0,12.0,19,42.77,0,16.45,0,1.27,0,1.27
100.0,38.7,0.00,0.00,0,13.62,0,1.27,0,1.27,0,12.0,0,42.77,0,16.45,0,1.27,0,1.27
100.0,38.7,0.00,0.00,0,13.62,0,1.27,0,1.27,0,12.0,0,42.77,0,16.45,0,1.27,0,1.27
100.0,38.7,0.00,0.00,0,13.62,0,1.27,0,1.27,0,12.0,0,42.77,0,16.45,0,1.27,0,1.27
100.0,38.7,0.00,0.00,0,13.62,0,1.27,0,1.27,0,12.0,0,42.77,0,16.45,0,1.27,0,1.27
100.0,38.7,0.00,0.00,0,13.62,0,1.27,0,1.27,0,12.0,0,42.77,0,16.45,0,1.27,0,1.27
100.0,38.7,0.00,0.00,0,13.62,0,1.27,0,1.27,0,12.0,0,42.77,0,16.45,0,1.27,0,1.27
99.7,38.7,0.00,0.00,0,13.62,0,1.27,0,1.27,0,12.0,0,42.77,0,16.45,0,1.27,0,1.27
100.0,40.3,0.00,0.00,0,13.62,0,1.27,0,1.27,0,12.0,0,42.77,0,16.45,0,1.27,0,1.27
100.0,40.3,0.00,0.00,0,13.62,0,1.27,0,1.27,0,12.0,0,42.77,0,16.45,0,1.27,0,1.27
100.0,40.4,0.00,0.00,0,13.62,0,1.27,0,1.27,0,12.0,36,42.77,0,16.45,0,1.27,0,1.27
100.0,40.3,0.00,0.00,0,13.62,0,1.27,0,1.27,0,12.0,0,42.77,0,16.45,0,1.27,0,1.27
100.0,41.6,0.00,0.00,0,13.62,0,1.27,0,1.27,0,12.0,47,42.77,0,16.45,0,1.27,0,1.27
100.0,42.0,0.00,0.00,0,13.62,0,1.27,0,1.27,0,12.0,0,42.77,0,16.45,0,1.27,0,1.27
100.0,41.9,0.00,0.00,0,13.62,0,1.27,0,1.27,0,12.0,0,42.77,0,16.45,0,1.27,0,1.27
100.0,41.9,0.00,0.00,0,13.62,0,1.27,0,1.27,0,12.0,20,42.77,0,16.45,0,1.27,0,1.27
100.0,42.1,0.00,0.00,0,13.62,0,1.27,0,1.27,0,12.0,0,42.77,0,16.45,0,1.27,0,1.27
100.0,42.1,0.00,0.00,0,13.62,0,1.27,0,1.27,0,12.0,33,42.77,0,16.45,0,1.27,0,1.27
100.0,42.0,0.00,0.00,0,13.62,0,1.27,0,1.27,0,12.0,0,42.77,0,16.45,0,1.27,0,1.27
100.0,42.0,0.00,0.00,0,13.62,0,1.27,0,1.27,0,12.0,0,42.77,0,16.45,0,1.27,0,1.27
100.0,41.9,0.00,0.00,0,13.62,0,1.27,0,1.27,0,12.0,0,42.77,0,16.45,0,1.27,0,1.27
100.0,41.9,0.00,0.00,0,13.62,0,1.27,0,1.27,0,12.0,5,42.77,0,16.45,0,1.27,0,1.27
100.0,41.9,0.00,0.00,0,13.62,0,1.27,0,1.27,0,12.0,7,42.77,0,16.45,0,1.27,0,1.27
100.0,41.9,0.00,0.00,0,13.62,0,1.27,0,1.27,0,12.0,0,42.77,0,16.45,0,1.27,0,1.27
100.0,42.0,0.00,0.00,0,13.62,0,1.27,0,1.27,0,12.0,16,42.77,0,16.45,0,1.27,0,1.27
100.0,42.0,0.00,0.00,0,13.62,0,1.27,0,1.27,0,12.0,0,42.77,0,16.45,0,1.27,0,1.27
100.0,42.0,0.00,0.00,0,13.62,0,1.27,0,1.27,0,12.0,0,42.77,0,16.45,0,1.27,0,1.27
100.0,41.9,0.00,0.00,0,13.62,0,1.27,0,1.27,0,12.0,0,42.77,0,16.45,0,1.27,0,1.27
100.0,36.7,0.00,0.00,0,13.62,0,1.27,0,1.27,0,12.0,0,42.77,0,16.45,0,1.27,0,1.27
100.0,38.0,0.00,0.00,0,13.62,0,1.27,0,1.27,0,12.0,11,42.77,0,16.45,0,1.27,0,1.27
100.0,35.3,0.00,0.00,0,13.62,0,1.27,0,1.27,0,12.0,0,42.77,0,16.45,0,1.27,0,1.27
100.0,36.3,0.00,0.00,0,13.62,0,1.27,0,1.27,0,12.0,0,42.77,0,16.45,0,1.27,0,1.27
100.0,37.1,0.00,0.00,0,13.62,0,1.27,0,1.27,0,12.0,0,42.77,0,16.45,0,1.27,0,1.27
100.0,32.7,0.00,0.00,0,13.62,0,1.27,0,1.27,0,12.0,0,42.77,0,16.45,0,1.27,0,1.27
99.9,31.7,0.00,0.00,0,13.62,0,1.27,0,1.27,0,12.0,24,42.77,0,16.45,0,1.27,0,1.27
100.0,31.8,0.00,0.00,0,13.62,0,1.27,0,1.27,0,12.0,37,42.77,0,16.45,0,1.27,0,1.27
100.0,34.8,0.00,0.00,0,13.62,0,1.27,0,1.27,0,12.0,0,42.77,0,16.45,0,1.27,0,1.27
100.0,33.3,0.00,0.00,0,13.62,0,1.27,0,1.27,0,12.0,0,42.77,0,16.45,0,1.27,0,1.27
100.0,34.1,0.00,0.00,0,13.62,0,1.27,0,1.27,0,12.0,0,42.77,0,16.45,0,1.27,0,1.27
99.5,34.6,0.00,0.00,0,13.62,0,1.27,0,1.27,0,12.0,0,42.77,0,16.45,0,1.27,0,1.27
100.0,35.1,0.00,0.00,0,13.62,0,1.27,0,1.27,0,12.0,0,42.77,0,16.45,0,1.27,0,1.27
100.0,37.3,0.00,0.00,0,13.62,0,1.27,0,1.27,0,12.0,0,42.77,0,16.45,0,1.27,0,1.27
100.0,37.1,0.00,0.00,0,13.62,0,1.27,0,1.27,0,12.0,24,42.77,0,16.45,0,1.27,0,1.27
100.0,37.5,0.00,0.00,0,13.62,0,1.27,0,1.27,0,12.0,36,42.77,0,16.45,0,1.27,0,1.27
100.0,37.6,0.00,0.00,0,13.62,0,1.27,0,1.27,0,12.0,0,42.77,0,16.45,0,1.27,0,1.27
100.0,37.9,0.00,0.00,0,13.62,0,1.27,0,1.27,0,12.0,31,42.77,0,16.45,0,1.27,0,1.27
100.0,37.9,0.00,0.00,0,13.62,0,1.27,0,1.27,0,12.0,0,42.77,0,16.45,0,1.27,0,1.27
100.0,38.0,0.00,0.00,0,13.62,0,1.27,0,1.27,0,12.0,2,42.77,0,16.45,0,1.27,0,1.27
100.0,38.0,0.00,0.00,0,13.62,0,1.27,0,1.27,0,12.0,0,42.77,0,16.45,0,1.27,0,1.27
99.7,38.0,0.00,0.00,0,13.62,0,1.27,0,1.27,0,12.0,0,42.77,0,16.45,0,1.27,0,1.27
100.0,38.8,0.00,0.00,0,13.62,0,1.27,0,1.27,0,12.0,46,42.77,0,16.45,0,1.27,0,1.27
100.0,38.8,0.00,0.00,0,13.62,0,1.27,0,1.27,0,12.0,0,42.77,0,16.45,0,1.27,0,1.27
99.3,38.8,0.00,0.00,0,13.62,0,1.27,0,1.27,0,12.0,0,42.77,0,16.45,0,1.27,0,1.27
98.2,38.8,0.00,0.00,0,13.62,0,1.27,0,1.27,0,12.0,0,42.77,0,16.45,0,1.27,0,1.27
100.0,38.8,0.00,0.00,0,13.62,0,1.27,0,1.27,0,12.0,2,42.77,0,16.45,0,1.27,0,1.27
100.0,40.1,0.00,0.00,0,13.62,0,1.27,0,1.27,0,12.0,0,42.77,0,16.45,0,1.27,0,1.27
100.0,40.5,0.00,0.00,0,13.62,0,1.27,0,1.27,0,12.0,0,42.77,0,16.45,0,1.27,0,1.27
100.0,40.5,0.00,0.00,0,13.62,0,1.27,0,1.27,0,12.0,0,42.77,0,16.45,0,1.27,0,1.27
100.0,40.5,0.00,0.00,0,13.62,0,1.27,0,1.27,0,12.0,0,42.77,0,16.45,0,1.27,0,1.27
100.0,40.5,0.00,0.00,0,13.62,0,1.27,0,1.27,0,12.0,0,42.77,0,16.45,0,1.27,0,1.27
100.0,40.5,0.00,0.00,0,13.62,0,1.27,0,1.27,0,12.0,0,42.77,0,16.45,0,1.27,0,1.27
100.0,40.5,0.00,0.00,0,13.62,0,1.27,0,1.27,0,12.0,0,42.77,0,16.45,0,1.27,0,1.27
100.0,41.3,0.00,0.00,0,13.62,0,1.27,0,1.27,0,12.0,0,42.77,0,16.45,0,1.27,0,1.27
100.0,42.1,0.00,0.00,0,13.62,0,1.27,0,1.27,0,12.0,4,42.77,0,16.45,0,1.27,0,1.27
100.0,42.2,0.00,0.00,0,13.62,0,1.27,0,1.27,0,12.0,0,42.77,0,16.45,0,1.27,0,1.27
99.2,42.1,0.00,0.00,0,13.62,0,1.27,0,1.27,0,12.0,12,42.77,0,16.45,0,1.27,0,1.27
100.0,42.1,0.00,0.00,0,13.62,0,1.27,0,1.27,0,12.0,0,42.77,0,16.45,0,1.27,0,1.27
100.0,42.1,0.00,0.00,0,13.62,0,1.27,0,1.27,0,12.0,42,42.77,0,16.45,0,1.27,0,1.27
100.0,42.2,0.00,0.00,0,13.62,0,1.27,0,1.27,0,12.0,26,42.77,0,16.45,0,1.27,0,1.27
100.0,42.1,0.00,0.00,0,13.62,0,1.27,0,1.27,0,12.0,50,42.77,0,16.45,0,1.27,0,1.27
100.0,42.1,0.00,0.00,0,13.62,0,1.27,0,1.27,0,12.0,0,42.77,0,16.45,0,1.27,0,1.27
100.0,42.1,0.00,0.00,0,13.62,0,1.27,0,1.27,0,12.0,21,42.77,0,16.45,0,1.27,0,1.27
100.0,42.1,0.00,0.00,0,13.62,0,1.27,0,1.27,0,12.0,7,42.77,0,16.45,0,1.27,0,1.27
100.0,42.1,0.00,0.00,0,13.62,0,1.27,0,1.27,0,12.0,0,42.77,0,16.45,0,1.27,0,1.27
100.0,42.1,0.00,0.00,0,13.62,0,1.27,0,1.27,0,12.0,20,42.77,0,16.45,0,1.27,0,1.27
100.0,36.0,0.00,0.00,0,13.62,0,1.27,0,1.27,0,12.0,4,42.77,0,16.45,0,1.27,0,1.27
100.0,37.9,0.00,0.00,0,13.62,0,1.27,0,1.27,0,12.0,0,42.77,0,16.45,0,1.27,0,1.27
100.0,35.2,0.00,0.00,0,13.62,0,1.27,0,1.27,0,12.0,0,42.77,0,16.45,0,1.27,0,1.27
100.0,37.4,0.00,0.00,0,13.62,0,1.27,0,1.27,0,12.0,0,42.77,0,16.45,0,1.27,0,1.27
100.0,36.6,0.00,0.00,0,13.62,0,1.27,0,1.27,0,12.0,0,42.77,0,16.45,0,1.27,0,1.27
100.0,37.2,0.00,0.00,0,13.62,0,1.27,0,1.27,0,12.0,0,42.77,0,16.45,0,1.27,0,1.27
100.0,38.1,0.00,0.00,0,13.62,0,1.27,0,1.27,0,12.0,0,42.77,0,16.45,0,1.27,0,1.27
100.0,40.2,0.00,0.00,0,13.62,0,1.27,0,1.27,0,12.0,0,42.77,0,16.45,0,1.27,0,1.27
100.0,39.4,0.00,0.00,0,13.62,0,1.27,0,1.27,0,12.0,0,42.77,0,16.45,0,1.27,0,1.27
100.0,37.0,0.00,0.00,0,13.62,0,1.27,0,1.27,0,12.0,0,42.77,0,16.45,0,1.27,0,1.27
100.0,34.6,0.00,0.00,0,13.62,0,1.27,0,1.27,0,12.0,0,42.77,0,16.45,0,1.27,0,1.27
100.0,32.7,0.00,0.00,0,13.62,0,1.27,0,1.27,0,12.0,0,42.77,0,16.45,0,1.27,0,1.27
100.0,32.9,0.00,0.00,0,13.62,0,1.27,0,1.27,0,12.0,0,42.77,0,16.45,0,1.27,0,1.27
100.0,34.1,0.00,0.00,0,13.62,0,1.27,0,1.27,0,12.0,0,42.77,0,16.45,0,1.27,0,1.27
100.0,34.5,0.00,0.00,0,13.62,0,1.27,0,1.27,0,12.0,0,42.77,0,16.45,0,1.27,0,1.27
100.0,35.5,0.00,0.00,0,13.62,0,1.27,0,1.27,0,12.0,0,42.77,0,16.45,0,1.27,0,1.27
100.0,36.2,0.00,0.00,0,13.62,0,1.27,0,1.27,0,12.0,0,42.77,0,16.45,0,1.27,0,1.27
100.0,37.9,0.00,0.00,0,13.62,0,1.27,0,1.27,0,12.0,16,42.77,0,16.45,0,1.27,0,1.27
100.0,38.0,0.00,0.00,0,13.62,0,1.27,0,1.27,0,12.0,24,42.77,0,16.45,0,1.27,0,1.27
100.0,38.1,0.00,0.00,0,13.62,0,1.27,0,1.27,0,12.0,10,42.77,0,16.45,0,1.27,0,1.27
100.0,38.1,0.00,0.00,0,13.62,0,1.27,0,1.27,0,12.0,16,42.77,0,16.45,0,1.27,0,1.27
100.0,38.5,0.00,0.00,0,13.62,0,1.27,0,1.27,0,12.0,9,42.77,0,16.45,0,1.27,0,1.27
100.0,38.5,0.00,0.00,0,13.62,0,1.27,0,1.27,0,12.0,0,42.77,0,16.45,0,1.27,0,1.27
100.0,38.5,0.00,0.00,0,13.62,0,1.27,0,1.27,0,12.0,2,42.77,0,16.45,0,1.27,0,1.27
100.0,38.6,0.00,0.00,0,13.62,0,1.27,0,1.27,0,12.0,0,42.77,0,16.45,0,1.27,0,1.27
100.0,38.6,0.00,0.00,0,13.62,0,1.27,0,1.27,0,12.0,12,42.77,0,16.45,0,1.27,0,1.27
100.0,39.4,0.00,0.00,0,13.62,0,1.27,0,1.27,0,12.0,4,42.77,0,16.45,0,1.27,0,1.27
100.0,39.4,0.00,0.00,0,13.62,0,1.27,0,1.27,0,12.0,0,42.77,0,16.45,0,1.27,0,1.27
100.0,39.2,0.00,0.00,0,13.62,0,1.27,0,1.27,0,12.0,0,42.77,0,16.45,0,1.27,0,1.27
100.0,39.4,0.00,0.00,0,13.62,0,1.27,0,1.27,0,12.0,0,42.77,0,16.45,0,1.27,0,1.27
100.0,39.5,0.00,0.00,0,13.62,0,1.27,0,1.27,0,12.0,0,42.77,0,16.45,0,1.27,0,1.27
100.0,39.7,0.00,0.00,0,13.62,0,1.27,0,1.27,0,12.0,0,42.77,0,16.45,0,1.27,0,1.27
100.0,41.0,0.00,0.00,0,13.62,0,1.27,0,1.27,0,12.0,52,42.77,0,16.45,0,1.27,0,1.27
100.0,41.1,0.00,0.00,0,13.62,0,1.27,0,1.27,0,12.0,0,42.77,0,16.45,0,1.27,0,1.27
100.0,41.0,0.00,0.00,0,13.62,0,1.27,0,1.27,0,12.0,0,42.77,0,16.45,0,1.27,0,1.27
100.0,41.1,0.00,0.00,0,13.62,0,1.27,0,1.27,0,12.0,32,42.77,0,16.45,0,1.27,0,1.27
100.0,41.1,0.00,0.00,0,13.62,0,1.27,0,1.27,0,12.0,0,42.77,0,16.45,0,1.27,0,1.27
100.0,41.2,0.00,0.00,0,13.62,0,1.27,0,1.27,0,12.0,32,42.77,0,16.45,0,1.27,0,1.27
100.0,41.1,0.00,0.00,0,13.62,0,1.27,0,1.27,0,12.0,0,42.77,0,16.45,0,1.27,0,1.27
100.0,42.5,0.00,0.00,0,13.62,0,1.27,0,1.27,0,12.0,15,42.77,0,16.45,0,1.27,0,1.27
99.9,42.7,0.00,0.00,0,13.62,0,1.27,0,1.27,0,12.0,0,42.77,0,16.45,0,1.27,0,1.27
100.0,42.7,0.00,0.00,0,13.62,0,1.27,0,1.27,0,12.0,0,42.77,0,16.45,0,1.27,0,1.27
100.0,42.7,0.00,0.00,0,13.62,0,1.27,0,1.27,0,12.0,0,42.77,0,16.45,0,1.27,0,1.27
100.0,42.6,0.00,0.00,0,13.62,0,1.27,0,1.27,0,12.0,28,42.77,0,16.45,0,1.27,0,1.27
100.0,42.7,0.00,0.00,0,13.62,0,1.27,0,1.27,0,12.0,0,42.77,0,16.45,0,1.27,0,1.27
100.0,42.7,0.00,0.00,0,13.62,0,1.27,0,1.27,0,12.0,0,42.77,0,16.45,0,1.27,0,1.27
100.0,42.7,0.00,0.00,0,13.62,0,1.27,0,1.27,0,12.0,0,42.77,0,16.45,0,1.27,0,1.27
100.0,42.7,0.00,0.00,0,13.62,0,1.27,0,1.27,0,12.0,0,42.77,0,16.45,0,1.27,0,1.27
100.0,42.7,0.00,0.00,0,13.62,0,1.27,0,1.27,0,12.0,0,42.77,0,16.45,0,1.27,0,1.27
99.0,42.7,0.00,0.00,0,13.62,0,1.27,0,1.27,0,12.0,0,42.77,0,16.45,0,1.27,0,1.27
100.0,42.7,0.00,0.00,0,13.62,0,1.27,0,1.27,0,12.0,4,42.77,0,16.45,0,1.27,0,1.27
100.0,42.6,0.00,0.00,0,13.62,0,1.27,0,1.27,0,12.0,0,42.77,0,16.45,0,1.27,0,1.27
100.0,42.6,0.00,0.00,0,13.62,0,1.27,0,1.27,0,12.0,16,42.77,0,16.45,0,1.27,0,1.27
100.0,42.7,0.00,0.00,0,13.62,0,1.27,0,1.27,0,12.0,0,42.77,0,16.45,0,1.27,0,1.27
100.0,42.8,0.00,0.00,0,13.62,0,1.27,0,1.27,0,12.0,8,42.77,0,16.45,0,1.27,0,1.27
100.0,40.1,0.00,0.00,0,13.62,0,1.27,0,1.27,0,12.0,7,42.77,0,16.45,0,1.27,0,1.27
100.0,37.4,0.00,0.00,0,13.62,0,1.27,0,1.27,0,12.0,0,42.77,0,16.45,0,1.27,0,1.27
100.0,39.7,0.00,0.00,0,13.62,0,1.27,0,1.27,0,12.0,0,42.77,0,16.45,0,1.27,0,1.27
99.8,35.6,0.00,0.00,0,13.62,0,1.27,0,1.27,0,12.0,0,42.77,0,16.45,0,1.27,0,1.27
100.0,37.9,0.00,0.00,0,13.62,0,1.27,0,1.27,0,12.0,0,42.77,0,16.45,0,1.27,0,1.27
100.0,32.6,0.00,0.00,0,13.62,0,1.27,0,1.27,0,12.0,0,42.77,0,16.45,0,1.27,0,1.27
100.0,30.8,0.00,0.00,0,13.62,0,1.27,0,1.27,0,12.0,0,42.77,0,16.45,0,1.27,0,1.27
99.8,31.3,0.00,0.00,0,13.62,0,1.27,0,1.27,0,12.0,7,42.77,0,16.45,0,1.27,0,1.27
100.0,32.9,0.00,0.00,0,13.62,0,1.27,0,1.27,0,12.0,0,42.77,0,16.45,0,1.27,0,1.27
100.0,34.5,0.00,0.00,0,13.62,0,1.27,0,1.27,0,12.0,4,42.77,0,16.45,0,1.27,0,1.27
100.0,35.5,0.00,0.00,0,13.62,0,1.27,0,1.27,0,12.0,42,42.77,0,16.45,0,1.27,0,1.27
100.0,36.5,0.00,0.00,0,13.62,0,1.27,0,1.27,0,12.0,31,42.77,0,16.45,0,1.27,0,1.27
100.0,37.7,0.00,0.00,0,13.62,0,1.27,0,1.27,0,12.0,0,42.77,0,16.45,0,1.27,0,1.27
100.0,38.2,0.00,0.00,0,13.62,0,1.27,0,1.27,0,12.0,16,42.77,0,16.45,0,1.27,0,1.27
100.0,38.2,0.00,0.00,0,13.62,0,1.27,0,1.27,0,12.0,0,42.77,0,16.45,0,1.27,0,1.27
100.0,38.4,0.00,0.00,0,13.62,0,1.27,0,1.27,0,12.0,1,42.77,0,16.45,0,1.27,0,1.27
100.0,38.5,0.00,0.00,0,13.62,0,1.27,0,1.27,0,12.0,0,42.77,0,16.45,0,1.27,0,1.27
100.0,39.6,0.00,0.00,0,13.62,0,1.27,0,1.27,0,12.0,0,42.77,0,16.45,0,1.27,0,1.27
100.0,39.7,0.00,0.00,0,13.62,0,1.27,0,1.27,0,12.0,8,42.77,0,16.45,0,1.27,0,1.27
100.0,39.7,0.00,0.00,0,13.62,0,1.27,0,1.27,0,12.0,16,42.77,0,16.45,0,1.27,0,1.27
100.0,39.7,0.00,0.00,0,13.62,0,1.27,0,1.27,0,12.0,0,42.77,0,16.45,0,1.27,0,1.27
100.0,40.5,0.00,0.00,0,13.62,0,1.27,0,1.27,0,12.0,0,42.77,0,16.45,0,1.27,0,1.27
100.0,40.5,0.00,0.00,0,13.62,0,1.27,0,1.27,0,12.0,28,42.77,0,16.45,0,1.27,0,1.27
100.0,40.6,0.00,0.00,0,13.62,0,1.27,0,1.27,0,12.0,8,42.77,0,16.45,0,1.27,0,1.27
100.0,40.5,0.00,0.00,0,13.62,0,1.27,0,1.27,0,12.0,0,42.77,0,16.45,0,1.27,0,1.27
100.0,40.5,0.00,0.00,0,13.62,0,1.27,0,1.27,0,12.0,0,42.77,0,16.45,0,1.27,0,1.27
100.0,40.5,0.00,0.00,0,13.62,0,1.27,0,1.27,0,12.0,0,42.77,0,16.45,0,1.27,0,1.27
100.0,40.5,0.00,0.00,0,13.62,0,1.27,0,1.27,0,12.0,21,42.77,0,16.45,0,1.27,0,1.27
100.0,40.6,0.00,0.00,0,13.62,0,1.27,0,1.27,0,12.0,0,42.77,0,16.45,0,1.27,0,1.27
100.0,40.6,0.00,0.00,0,13.62,0,1.27,0,1.27,0,12.0,0,42.77,0,16.45,0,1.27,0,1.27
100.0,41.5,0.00,0.00,0,13.62,0,1.27,0,1.27,0,12.0,16,42.77,0,16.45,0,1.27,0,1.27
100.0,42.2,0.00,0.00,0,13.62,0,1.27,0,1.27,0,12.0,40,42.77,0,16.45,0,1.27,0,1.27
100.0,42.2,0.00,0.00,0,13.62,0,1.27,0,1.27,0,12.0,0,42.77,0,16.45,0,1.27,0,1.27
100.0,43.7,0.00,0.00,0,13.62,0,1.27,0,1.27,0,12.0,4,42.77,0,16.45,0,1.27,0,1.27
100.0,43.9,0.00,0.00,0,13.62,0,1.27,0,1.27,0,12.0,0,42.77,0,16.45,0,1.27,0,1.27
100.0,43.8,0.00,0.00,0,13.62,0,1.27,0,1.27,0,12.0,0,42.77,0,16.45,0,1.27,0,1.27
100.0,43.8,0.00,0.00,0,13.62,0,1.27,0,1.27,0,12.0,0,42.77,0,16.45,0,1.27,0,1.27
99.0,43.8,0.00,0.00,0,13.62,0,1.27,0,1.27,0,12.0,0,42.77,0,16.45,0,1.27,0,1.27
100.0,43.9,0.00,0.00,0,13.62,0,1.27,0,1.27,0,12.0,0,42.77,0,16.45,0,1.27,0,1.27
100.0,43.8,0.00,0.00,0,13.62,0,1.27,0,1.27,0,12.0,0,42.77,0,16.45,0,1.27,0,1.27
100.0,43.9,0.00,0.00,0,13.62,0,1.27,0,1.27,0,12.0,0,42.77,0,16.45,0,1.27,0,1.27
100.0,43.8,0.00,0.00,0,13.62,0,1.27,0,1.27,0,12.0,0,42.77,0,16.45,0,1.27,0,1.27
100.0,43.8,0.00,0.00,0,13.62,0,1.27,0,1.27,0,12.0,0,42.77,0,16.45,0,1.27,0,1.27
100.0,43.8,0.00,0.00,0,13.62,0,1.27,0,1.27,0,12.0,8,42.77,0,16.45,0,1.27,0,1.27
100.0,43.8,0.00,0.00,0,13.62,0,1.27,0,1.27,0,12.0,0,42.77,0,16.45,0,1.27,0,1.27
100.0,43.8,0.00,0.00,0,13.62,0,1.27,0,1.27,0,12.0,16,42.77,0,16.45,0,1.27,0,1.27
98.4,43.9,0.00,0.00,0,13.62,0,1.27,0,1.27,0,12.0,0,42.77,0,16.45,0,1.27,0,1.27
100.0,43.9,0.00,0.00,0,13.62,0,1.27,0,1.27,0,12.0,0,42.77,0,16.45,0,1.27,0,1.27
100.0,43.9,0.00,0.00,0,13.62,0,1.27,0,1.27,0,12.0,0,42.77,0,16.45,0,1.27,0,1.27
100.0,43.9,0.00,0.00,0,13.62,0,1.27,0,1.27,0,12.0,8,42.77,0,16.45,0,1.27,0,1.27
99.4,43.9,0.00,0.00,0,13.62,0,1.27,0,1.27,0,12.0,0,42.77,0,16.45,0,1.27,0,1.27
100.0,43.9,0.00,0.00,0,13.62,0,1.27,0,1.27,0,12.0,0,42.77,0,16.45,0,1.27,0,1.27
100.0,43.9,0.00,0.00,0,13.62,0,1.27,0,1.27,0,12.0,0,42.77,0,16.45,0,1.27,0,1.27
100.0,44.0,0.00,0.00,0,13.62,0,1.27,0,1.27,0,12.0,0,42.77,0,16.45,0,1.27,0,1.27
100.0,43.9,0.00,0.00,0,13.62,0,1.27,0,1.27,0,12.0,0,42.77,0,16.45,0,1.27,0,1.27
100.0,33.0,0.00,0.00,0,13.62,0,1.27,0,1.27,0,12.0,0,42.77,0,16.45,0,1.27,0,1.27
100.0,37.2,0.00,0.00,0,13.62,0,1.27,0,1.27,0,12.0,31,42.77,0,16.45,0,1.27,0,1.27
100.0,28.9,0.00,0.00,0,13.62,0,1.27,0,1.27,0,12.0,21,42.77,0,16.45,0,1.27,0,1.27
99.6,30.3,0.00,0.00,0,13.62,0,1.27,0,1.27,0,12.0,11,42.77,0,16.45,0,1.27,0,1.27
100.0,31.5,0.00,0.00,0,13.62,0,1.27,0,1.27,0,12.0,0,42.77,0,16.45,0,1.27,0,1.27
100.0,33.2,0.00,0.00,0,13.62,0,1.27,0,1.27,0,12.0,0,42.77,0,16.45,0,1.27,0,1.27
100.0,34.4,0.00,0.00,0,13.62,0,1.27,0,1.27,0,12.0,0,42.77,0,16.45,0,1.27,0,1.27
100.0,37.9,0.00,0.00,0,13.62,0,1.27,0,1.27,0,12.0,2,42.77,0,16.45,0,1.27,0,1.27
100.0,37.5,0.00,0.00,0,13.62,0,1.27,0,1.27,0,12.0,0,42.77,0,16.45,0,1.27,0,1.27
100.0,38.0,0.00,0.00,0,13.62,0,1.27,0,1.27,0,12.0,0,42.77,0,16.45,0,1.27,0,1.27
100.0,37.9,0.00,0.00,0,13.62,0,1.27,0,1.27,0,12.0,0,42.77,0,16.45,0,1.27,0,1.27
100.0,38.5,0.00,0.00,0,13.62,0,1.27,0,1.27,0,12.0,0,42.77,0,16.45,0,1.27,0,1.27
100.0,38.8,0.00,0.00,0,13.62,0,1.27,0,1.27,0,12.0,0,42.77,0,16.45,0,1.27,0,1.27
100.0,38.8,0.00,0.00,0,13.62,0,1.27,0,1.27,0,12.0,7,42.77,0,16.45,0,1.27,0,1.27
100.0,38.8,0.00,0.00,0,13.62,0,1.27,0,1.27,0,12.0,0,42.77,0,16.45,0,1.27,0,1.27
100.0,38.7,0.00,0.00,0,13.62,0,1.27,0,1.27,0,12.0,15,42.77,0,16.45,0,1.27,0,1.27
100.0,40.5,0.00,0.00,0,13.62,0,1.27,0,1.27,0,12.0,21,42.77,0,16.45,0,1.27,0,1.27
100.0,40.4,0.00,0.00,0,13.62,0,1.27,0,1.27,0,12.0,16,42.77,0,16.45,0,1.27,0,1.27
100.0,40.5,0.00,0.00,0,13.62,0,1.27,0,1.27,0,12.0,23,42.77,0,16.45,0,1.27,0,1.27
100.0,40.5,0.00,0.00,0,13.62,0,1.27,0,1.27,0,12.0,0,42.77,0,16.45,0,1.27,0,1.27
100.0,40.4,0.00,0.00,0,13.62,0,1.27,0,1.27,0,12.0,0,42.77,0,16.45,0,1.27,0,1.27
100.0,40.5,0.00,0.00,0,13.62,0,1.27,0,1.27,0,12.0,0,42.77,0,16.45,0,1.27,0,1.27
100.0,40.5,0.00,0.00,0,13.62,0,1.27,0,1.27,0,12.0,0,42.77,0,16.45,0,1.27,0,1.27
100.0,40.5,0.00,0.00,0,13.62,0,1.27,0,1.27,0,12.0,0,42.77,0,16.45,0,1.27,0,1.27
100.0,40.5,0.00,0.00,0,13.62,0,1.27,0,1.27,0,12.0,0,42.77,0,16.45,0,1.27,0,1.27
100.0,40.5,0.00,0.00,0,13.62,0,1.27,0,1.27,0,12.0,0,42.77,0,16.45,0,1.27,0,1.27
100.0,40.5,0.00,0.00,0,13.62,0,1.27,0,1.27,0,12.0,0,42.77,0,16.45,0,1.27,0,1.27
100.0,40.9,0.00,0.00,0,13.62,0,1.27,0,1.27,0,12.0,0,42.77,0,16.45,0,1.27,0,1.27
99.0,42.2,0.00,0.00,0,13.62,0,1.27,0,1.27,0,12.0,0,42.77,0,16.45,0,1.27,0,1.27
100.0,43.7,0.00,0.00,0,13.62,0,1.27,0,1.27,0,12.0,0,42.77,0,16.45,0,1.27,0,1.27
100.0,43.5,0.00,0.00,0,13.62,0,1.27,0,1.27,0,12.0,16,42.77,0,16.45,0,1.27,0,1.27
100.0,43.8,0.00,0.00,0,13.62,0,1.27,0,1.27,0,12.0,5,42.77,0,16.45,0,1.27,0,1.27
100.0,43.7,0.00,0.00,0,13.62,0,1.27,0,1.27,0,12.0,0,42.77,0,16.45,0,1.27,0,1.27
100.0,43.7,0.00,0.00,0,13.62,0,1.27,0,1.27,0,12.0,0,42.77,0,16.45,0,1.27,0,1.27
100.0,43.8,0.00,0.00,0,13.62,0,1.27,0,1.27,0,12.0,0,42.77,0,16.45,0,1.27,0,1.27
100.0,43.8,0.00,0.00,0,13.62,0,1.27,0,1.27,0,12.0,0,42.77,0,16.45,0,1.27,0,1.27
100.0,43.7,0.00,0.00,0,13.62,0,1.27,0,1.27,0,12.0,0,42.77,0,16.45,0,1.27,0,1.27
100.0,43.7,0.00,0.00,0,13.62,0,1.27,0,1.27,0,12.0,16,42.77,0,16.45,0,1.27,0,1.27
100.0,43.8,0.00,0.00,0,13.62,0,1.27,0,1.27,0,12.0,0,42.77,0,16.45,0,1.27,0,1.27
100.0,43.7,0.00,0.00,0,13.62,0,1.27,0,1.27,0,12.0,0,42.77,0,16.45,0,1.27,0,1.27
100.0,43.7,0.00,0.00,0,13.62,0,1.27,0,1.27,0,12.0,0,42.77,0,16.45,0,1.27,0,1.27
100.0,43.7,0.00,0.00,0,13.62,0,1.27,0,1.27,0,12.0,0,42.77,0,16.45,0,1.27,0,1.27
100.0,43.8,0.00,0.00,0,13.62,0,1.27,0,1.27,0,12.0,0,42.77,0,16.45,0,1.27,0,1.27
99.3,43.7,0.00,0.00,0,13.62,0,1.27,0,1.27,0,12.0,29,42.77,0,16.45,0,1.27,0,1.27
100.0,43.8,0.00,0.00,0,13.62,0,1.27,0,1.27,0,12.0,0,42.77,0,16.45,0,1.27,0,1.27
100.0,43.8,0.00,0.00,0,13.62,0,1.27,0,1.27,0,12.0,12,42.77,0,16.45,0,1.27,0,1.27
100.0,43.8,0.00,0.00,0,13.62,0,1.27,0,1.27,0,12.0,0,42.77,0,16.45,0,1.27,0,1.27
98.8,42.6,0.00,0.00,0,13.62,0,1.27,0,1.27,0,12.0,0,42.77,0,16.45,0,1.27,0,1.27
100.0,38.6,0.00,0.00,0,13.62,0,1.27,0,1.27,0,12.0,6,42.77,0,16.45,0,1.27,0,1.27
100.0,40.8,0.00,0.00,0,13.62,0,1.27,0,1.27,0,12.0,2,42.77,0,16.45,0,1.27,0,1.27
100.0,36.0,0.00,0.00,0,13.62,0,1.27,0,1.27,0,12.0,17,42.77,0,16.45,0,1.27,0,1.27
100.0,36.9,0.00,0.00,0,13.62,0,1.27,0,1.27,0,12.0,0,42.77,0,16.45,0,1.27,0,1.27
100.0,31.0,0.00,0.00,0,13.62,0,1.27,0,1.27,0,12.0,0,42.77,0,16.45,0,1.27,0,1.27
100.0,33.3,0.00,0.00,0,13.62,0,1.27,0,1.27,0,12.0,0,42.77,0,16.45,0,1.27,0,1.27
100.0,33.0,0.00,0.00,0,13.62,0,1.27,0,1.27,0,12.0,0,42.77,0,16.45,0,1.27,0,1.27
100.0,32.8,0.00,0.00,0,13.62,0,1.27,0,1.27,0,12.0,0,42.77,0,16.45,0,1.27,0,1.27
100.0,33.4,0.00,0.00,0,13.62,0,1.27,0,1.27,0,12.0,0,42.77,0,16.45,0,1.27,0,1.27
100.0,33.9,0.00,0.00,0,13.62,0,1.27,0,1.27,0,12.0,17,42.77,0,16.45,0,1.27,0,1.27
100.0,35.0,0.00,0.00,0,13.62,0,1.27,0,1.27,0,12.0,40,42.77,0,16.45,0,1.27,0,1.27
99.9,35.6,0.00,0.00,0,13.62,0,1.27,0,1.27,0,12.0,16,42.77,0,16.45,0,1.27,0,1.27
100.0,36.8,0.00,0.00,0,13.62,0,1.27,0,1.27,0,12.0,24,42.77,0,16.45,0,1.27,0,1.27
100.0,37.1,0.00,0.00,0,13.62,0,1.27,0,1.27,0,12.0,31,42.77,0,16.45,0,1.27,0,1.27
100.0,37.2,0.00,0.00,0,13.62,0,1.27,0,1.27,0,12.0,0,42.77,0,16.45,0,1.27,0,1.27
100.0,38.1,0.00,0.00,0,13.62,0,1.27,0,1.27,0,12.0,0,42.77,0,16.45,0,1.27,0,1.27
100.0,38.2,0.00,0.00,0,13.62,0,1.27,0,1.27,0,12.0,20,42.77,0,16.45,0,1.27,0,1.27
100.0,38.6,0.00,0.00,0,13.62,0,1.27,0,1.27,0,12.0,0,42.77,0,16.45,0,1.27,0,1.27
100.0,38.6,0.00,0.00,0,13.62,0,1.27,0,1.27,0,12.0,0,42.77,0,16.45,0,1.27,0,1.27
100.0,38.6,0.00,0.00,0,13.62,0,1.27,0,1.27,0,12.0,0,42.77,0,16.45,0,1.27,0,1.27
100.0,38.7,0.00,0.00,0,13.62,0,1.27,0,1.27,0,12.0,0,42.77,0,16.45,0,1.27,0,1.27
100.0,38.6,0.00,0.00,0,13.62,0,1.27,0,1.27,0,12.0,47,42.77,0,16.45,0,1.27,0,1.27
100.0,39.5,0.00,0.00,0,13.62,0,1.27,0,1.27,0,12.0,0,42.77,0,16.45,0,1.27,0,1.27
100.0,39.5,0.00,0.00,0,13.62,0,1.27,0,1.27,0,12.0,0,42.77,0,16.45,0,1.27,0,1.27
100.0,39.5,0.00,0.00,0,13.62,0,1.27,0,1.27,0,12.0,0,42.77,0,16.45,0,1.27,0,1.27
100.0,39.6,0.00,0.00,0,13.62,0,1.27,0,1.27,0,12.0,0,42.77,0,16.45,0,1.27,0,1.27
100.0,39.5,0.00,0.00,0,13.62,0,1.27,0,1.27,0,12.0,3,42.77,0,16.45,0,1.27,0,1.27
100.0,40.8,0.00,0.00,0,13.62,0,1.27,0,1.27,0,12.0,0,42.77,0,16.45,0,1.27,0,1.27
100.0,41.1,0.00,0.00,0,13.62,0,1.27,0,1.27,0,12.0,0,42.77,0,16.45,0,1.27,0,1.27
100.0,41.1,0.00,0.00,0,13.62,0,1.27,0,1.27,0,12.0,0,42.77,0,16.45,0,1.27,0,1.27
100.0,41.2,0.00,0.00,0,13.62,0,1.27,0,1.27,0,12.0,0,42.77,0,16.45,0,1.27,0,1.27
100.0,41.1,0.00,0.00,0,13.62,0,1.27,0,1.27,0,12.0,8,42.77,0,16.45,0,1.27,0,1.27
100.0,41.2,0.00,0.00,0,13.62,0,1.27,0,1.27,0,12.0,6,42.77,0,16.45,0,1.27,0,1.27
100.0,41.3,0.00,0.00,0,13.62,0,1.27,0,1.27,0,12.0,0,42.77,0,16.45,0,1.27,0,1.27
100.0,41.9,0.00,0.00,0,13.62,0,1.27,0,1.27,0,12.0,48,42.77,0,16.45,0,1.27,0,1.27
100.0,42.8,0.00,0.00,0,13.62,0,1.27,0,1.27,0,12.0,15,42.77,0,16.45,0,1.27,0,1.27
100.0,42.8,0.00,0.00,0,13.62,0,1.27,0,1.27,0,12.0,0,42.77,0,16.45,0,1.27,0,1.27
100.0,42.9,0.00,0.00,0,13.62,0,1.27,0,1.27,0,12.0,36,42.77,0,16.45,0,1.27,0,1.27
100.0,42.9,0.00,0.00,0,13.62,0,1.27,0,1.27,0,12.0,0,42.77,0,16.45,0,1.27,0,1.27
100.0,42.8,0.00,0.00,0,13.62,0,1.27,0,1.27,0,12.0,50,42.77,0,16.45,0,1.27,0,1.27
100.0,42.8,0.00,0.00,0,13.62,0,1.27,0,1.27,0,12.0,0,42.77,0,16.45,0,1.27,0,1.27
100.0,42.8,0.00,0.00,0,13.62,0,1.27,0,1.27,0,12.0,32,42.77,0,16.45,0,1.27,0,1.27
100.0,42.9,0.00,0.00,0,13.62,0,1.27,0,1.27,0,12.0,17,42.77,0,16.45,0,1.27,0,1.27
100.0,42.8,0.00,0.00,0,13.62,0,1.27,0,1.27,0,12.0,0,42.77,0,16.45,0,1.27,0,1.27
100.0,42.8,0.00,0.00,0,13.62,0,1.27,0,1.27,0,12.0,22,42.77,0,16.45,0,1.27,0,1.27
100.0,42.7,0.00,0.00,0,13.62,0,1.27,0,1.27,0,12.0,0,42.77,0,16.45,0,1.27,0,1.27
100.0,42.8,0.00,0.00,0,13.62,0,1.27,0,1.27,0,12.0,0,42.77,0,16.45,0,1.27,0,1.27
100.0,42.8,0.00,0.00,0,13.62,0,1.27,0,1.27,0,12.0,15,42.77,0,16.45,0,1.27,0,1.27
100.0,42.9,0.00,0.00,0,13.62,0,1.27,0,1.27,0,12.0,0,42.77,0,16.45,0,1.27,0,1.27
100.0,42.8,0.00,0.00,0,13.62,0,1.27,0,1.27,0,12.0,0,42.77,0,16.45,0,1.27,0,1.27
100.0,42.9,0.00,0.00,0,13.62,0,1.27,0,1.27,0,12.0,6,42.77,0,16.45,0,1.27,0,1.27
100.0,37.7,0.00,0.00,0,13.62,0,1.27,0,1.27,0,12.0,0,42.77,0,16.45,0,1.27,0,1.27
100.0,38.9,0.00,0.00,0,13.62,0,1.27,0,1.27,0,12.0,0,42.77,0,16.45,0,1.27,0,1.27
100.0,36.1,0.00,0.00,0,13.62,0,1.27,0,1.27,0,12.0,0,42.77,0,16.45,0,1.27,0,1.27
100.0,37.2,0.00,0.00,0,13.62,0,1.27,0,1.27,0,12.0,0,42.77,0,16.45,0,1.27,0,1.27
100.0,37.9,0.00,0.00,0,13.62,0,1.27,0,1.27,0,12.0,0,42.77,0,16.45,0,1.27,0,1.27
100.0,38.5,0.00,0.00,0,13.62,0,1.27,0,1.27,0,12.0,0,42.77,0,16.45,0,1.27,0,1.27
100.0,39.4,0.00,0.00,0,13.62,0,1.27,0,1.27,0,12.0,18,42.77,0,16.45,0,1.27,0,1.27
100.0,40.1,0.00,0.00,0,13.62,0,1.27,0,1.27,0,12.0,0,42.77,0,16.45,0,1.27,0,1.27
100.0,35.6,0.00,0.00,0,13.62,0,1.27,0,1.27,0,12.0,0,42.77,0,16.45,0,1.27,0,1.27
100.0,33.6,0.00,0.00,0,13.62,0,1.27,0,1.27,0,12.0,0,42.77,0,16.45,0,1.27,0,1.27
100.0,33.6,0.00,0.00,0,13.62,0,1.27,0,1.27,0,12.0,0,42.77,0,16.45,0,1.27,0,1.27
99.3,37.4,0.00,0.00,0,13.62,0,1.27,0,1.27,0,12.0,24,42.77,0,16.45,0,1.27,0,1.27
100.0,35.5,0.00,0.00,0,13.62,0,1.27,0,1.27,0,12.0,0,42.77,0,16.45,0,1.27,0,1.27
100.0,36.1,0.00,0.00,0,13.62,0,1.27,0,1.27,0,12.0,0,42.77,0,16.45,0,1.27,0,1.27
100.0,36.9,0.00,0.00,0,13.62,0,1.27,0,1.27,0,12.0,0,42.77,0,16.45,0,1.27,0,1.27
100.0,38.2,0.00,0.00,0,13.62,0,1.27,0,1.27,0,12.0,0,42.77,0,16.45,0,1.27,0,1.27
100.0,39.3,0.00,0.00,0,13.62,0,1.27,0,1.27,0,12.0,24,42.77,0,16.45,0,1.27,0,1.27
100.0,39.5,0.00,0.00,0,13.62,0,1.27,0,1.27,0,12.0,31,42.77,0,16.45,0,1.27,0,1.27
99.9,39.5,0.00,0.00,0,13.62,0,1.27,0,1.27,0,12.0,0,42.77,0,16.45,0,1.27,0,1.27
100.0,39.6,0.00,0.00,0,13.62,0,1.27,0,1.27,0,12.0,0,42.77,0,16.45,0,1.27,0,1.27
100.0,39.7,0.00,0.00,0,13.62,0,1.27,0,1.27,0,12.0,6,42.77,0,16.45,0,1.27,0,1.27
100.0,40.1,0.00,0.00,0,13.62,0,1.27,0,1.27,0,12.0,13,42.77,0,16.45,0,1.27,0,1.27
100.0,40.1,0.00,0.00,0,13.62,0,1.27,0,1.27,0,12.0,0,42.77,0,16.45,0,1.27,0,1.27
100.0,40.1,0.00,0.00,0,13.62,0,1.27,0,1.27,0,12.0,0,42.77,0,16.45,0,1.27,0,1.27
100.0,40.1,0.00,0.00,0,13.62,0,1.27,0,1.27,0,12.0,0,42.77,0,16.45,0,1.27,0,1.27
100.0,40.1,0.00,0.00,0,13.62,0,1.27,0,1.27,0,12.0,0,42.77,0,16.45,0,1.27,0,1.27
100.0,40.1,0.00,0.00,0,13.62,0,1.27,0,1.27,0,12.0,0,42.77,0,16.45,0,1.27,0,1.27
100.0,40.9,0.00,0.00,0,13.62,0,1.27,0,1.27,0,12.0,0,42.77,0,16.45,0,1.27,0,1.27
100.0,42.2,0.00,0.00,0,13.62,0,1.27,0,1.27,0,12.0,0,42.77,0,16.45,0,1.27,0,1.27
100.0,42.5,0.00,0.00,0,13.62,0,1.27,0,1.27,0,12.0,0,42.77,0,16.45,0,1.27,0,1.27
100.0,42.6,0.00,0.00,0,13.62,0,1.27,0,1.27,0,12.0,20,42.77,0,16.45,0,1.27,0,1.27
100.0,42.5,0.00,0.00,0,13.62,0,1.27,0,1.27,0,12.0,24,42.77,0,16.45,0,1.27,0,1.27
100.0,42.6,0.00,0.00,0,13.62,0,1.27,0,1.27,0,12.0,0,42.77,0,16.45,0,1.27,0,1.27
100.0,42.6,0.00,0.00,0,13.62,0,1.27,0,1.27,0,12.0,2,42.77,0,16.45,0,1.27,0,1.27
100.0,42.6,0.00,0.00,0,13.62,0,1.27,0,1.27,0,12.0,0,42.77,0,16.45,0,1.27,0,1.27
100.0,42.6,0.00,0.00,0,13.62,0,1.27,0,1.27,0,12.0,0,42.77,0,16.45,0,1.27,0,1.27
100.0,42.6,0.00,0.00,0,13.62,0,1.27,0,1.27,0,12.0,7,42.77,0,16.45,0,1.27,0,1.27
100.0,42.7,0.00,0.00,0,13.62,0,1.27,0,1.27,0,12.0,16,42.77,0,16.45,0,1.27,0,1.27
100.0,43.3,0.00,0.00,0,13.62,0,1.27,0,1.27,0,12.0,0,42.77,0,16.45,0,1.27,0,1.27
100.0,44.2,0.00,0.00,0,13.62,0,1.27,0,1.27,0,12.0,0,42.77,0,16.45,0,1.27,0,1.27
100.0,44.2,0.00,0.00,0,13.62,0,1.27,0,1.27,0,12.0,12,42.77,0,16.45,0,1.27,0,1.27
100.0,44.2,0.00,0.00,0,13.62,0,1.27,0,1.27,0,12.0,0,42.77,0,16.45,0,1.27,0,1.27
100.0,44.2,0.00,0.00,0,13.62,0,1.27,0,1.27,0,12.0,0,42.77,0,16.45,0,1.27,0,1.27
100.0,44.2,0.00,0.00,0,13.62,0,1.27,0,1.27,0,12.0,0,42.77,0,16.45,0,1.27,0,1.27
100.0,44.3,0.00,0.00,0,13.62,0,1.27,0,1.27,0,12.0,2,42.77,0,16.45,0,1.27,0,1.27
100.0,44.3,0.00,0.00,0,13.62,0,1.27,0,1.27,0,12.0,0,42.77,0,16.45,0,1.27,0,1.27
100.0,44.3,0.00,0.00,0,13.62,0,1.27,0,1.27,0,12.0,0,42.77,0,16.45,0,1.27,0,1.27
100.0,44.2,0.00,0.00,0,13.62,0,1.27,0,1.27,0,12.0,0,42.77,0,16.45,0,1.27,0,1.27
100.0,44.2,0.00,0.00,0,13.62,0,1.27,0,1.27,0,12.0,44,42.77,0,16.45,0,1.27,0,1.27
100.0,44.3,0.00,0.00,0,13.62,0,1.27,0,1.27,0,12.0,0,42.77,0,16.45,0,1.27,0,1.27
100.0,44.2,0.00,0.00,0,13.62,0,1.27,0,1.27,0,12.0,0,42.77,0,16.45,0,1.27,0,1.27
100.0,44.3,0.00,0.00,0,13.62,0,1.27,0,1.27,0,12.0,0,42.77,0,16.45,0,1.27,0,1.27
100.0,44.3,0.00,0.00,0,13.62,0,1.27,0,1.27,0,12.0,0,42.77,0,16.45,0,1.27,0,1.27
99.8,44.3,0.00,0.00,0,13.62,0,1.27,0,1.27,0,12.0,0,42.77,0,16.45,0,1.27,0,1.27
100.0,44.3,0.00,0.00,0,13.62,0,1.27,0,1.27,0,12.0,0,42.77,0,16.45,0,1.27,0,1.27
100.0,44.3,0.00,0.00,0,13.62,0,1.27,0,1.27,0,12.0,0,42.77,0,16.45,0,1.27,0,1.27
100.0,44.3,0.00,0.00,0,13.62,0,1.27,0,1.27,0,12.0,0,42.77,0,16.45,0,1.27,0,1.27
100.0,42.4,0.00,0.00,0,13.62,0,1.27,0,1.27,0,12.0,23,42.77,0,16.45,0,1.27,0,1.27
100.0,38.8,0.00,0.00,0,13.62,0,1.27,0,1.27,0,12.0,21,42.77,0,16.45,0,1.27,0,1.27
100.0,39.6,0.00,0.00,0,13.62,0,1.27,0,1.27,0,12.0,0,42.77,0,16.45,0,1.27,0,1.27
100.0,36.5,0.00,0.00,0,13.62,0,1.27,0,1.27,0,12.0,16,42.77,0,16.45,0,1.27,0,1.27
100.0,38.6,0.00,0.00,0,13.62,0,1.27,0,1.27,0,12.0,0,42.77,0,16.45,0,1.27,0,1.27
100.0,37.8,0.00,0.00,0,13.62,0,1.27,0,1.27,0,12.0,0,42.77,0,16.45,0,1.27,0,1.27
100.0,33.1,0.00,0.00,0,13.62,0,1.27,0,1.27,0,12.0,0,42.77,0,16.45,0,1.27,0,1.27
100.0,35.4,0.00,0.00,0,13.62,0,1.27,0,1.27,0,12.0,0,42.77,0,16.45,0,1.27,0,1.27
100.0,32.8,0.00,0.00,0,13.62,0,1.27,0,1.27,0,12.0,0,42.77,0,16.45,0,1.27,0,1.27
100.0,35.2,0.00,0.00,0,13.62,0,1.27,0,1.27,0,12.0,0,42.77,0,16.45,0,1.27,0,1.27
100.0,34.4,0.00,0.00,0,13.62,0,1.27,0,1.27,0,12.0,0,42.77,0,16.45,0,1.27,0,1.27
99.9,35.0,0.00,0.00,0,13.62,0,1.27,0,1.27,0,12.0,0,42.77,0,16.45,0,1.27,0,1.27
100.0,35.7,0.00,0.00,0,13.62,0,1.27,0,1.27,0,12.0,0,42.77,0,16.45,0,1.27,0,1.27
100.0,36.5,0.00,0.00,0,13.62,0,1.27,0,1.27,0,12.0,0,42.77,0,16.45,0,1.27,0,1.27
100.0,38.9,0.00,0.00,0,13.62,0,1.27,0,1.27,0,12.0,0,42.77,0,16.45,0,1.27,0,1.27
100.0,38.1,0.00,0.00,0,13.62,0,1.27,0,1.27,0,12.0,0,42.77,0,16.45,0,1.27,0,1.27
100.0,38.6,0.00,0.00,0,13.62,0,1.27,0,1.27,0,12.0,0,42.77,0,16.45,0,1.27,0,1.27
99.0,39.1,0.00,0.00,0,13.62,0,1.27,0,1.27,0,12.0,0,42.77,0,16.45,0,1.27,0,1.27
100.0,39.5,0.00,0.00,0,13.62,0,1.27,0,1.27,0,12.0,0,42.77,0,16.45,0,1.27,0,1.27
100.0,39.5,0.00,0.00,0,13.62,0,1.27,0,1.27,0,12.0,0,42.77,0,16.45,0,1.27,0,1.27
100.0,39.5,0.00,0.00,0,13.62,0,1.27,0,1.27,0,12.0,0,42.77,0,16.45,0,1.27,0,1.27
100.0,39.6,0.00,0.00,0,13.62,0,1.27,0,1.27,0,12.0,24,42.77,0,16.45,0,1.27,0,1.27
100.0,39.5,0.00,0.00,0,13.62,0,1.27,0,1.27,0,12.0,48,42.77,0,16.45,0,1.27,0,1.27
100.0,40.4,0.00,0.00,0,13.62,0,1.27,0,1.27,0,12.0,26,42.77,0,16.45,0,1.27,0,1.27
100.0,40.4,0.00,0.00,0,13.62,0,1.27,0,1.27,0,12.0,15,42.77,0,16.45,0,1.27,0,1.27
100.0,40.4,0.00,0.00,0,13.62,0,1.27,0,1.27,0,12.0,0,42.77,0,16.45,0,1.27,0,1.27
100.0,40.4,0.00,0.00,0,13.62,0,1.27,0,1.27,0,12.0,16,42.77,0,16.45,0,1.27,0,1.27
100.0,40.5,0.00,0.00,0,13.62,0,1.27,0,1.27,0,12.0,0,42.77,0,16.45,0,1.27,0,1.27
100.0,40.4,0.00,0.00,0,13.62,0,1.27,0,1.27,0,12.0,0,42.77,0,16.45,0,1.27,0,1.27
100.0,40.4,0.00,0.00,0,13.62,0,1.27,0,1.27,0,12.0,0,42.77,0,16.45,0,1.27,0,1.27
100.0,41.8,0.00,0.00,0,13.62,0,1.27,0,1.27,0,12.0,0,42.77,0,16.45,0,1.27,0,1.27
100.0,42.0,0.00,0.00,0,13.62,0,1.27,0,1.27,0,12.0,0,42.77,0,16.45,0,1.27,0,1.27
100.0,42.1,0.00,0.00,0,13.62,0,1.27,0,1.27,0,12.0,0,42.77,0,16.45,0,1.27,0,1.27
100.0,42.0,0.00,0.00,0,13.62,0,1.27,0,1.27,0,12.0,0,42.77,0,16.45,0,1.27,0,1.27
100.0,42.1,0.00,0.00,0,13.62,0,1.27,0,1.27,0,12.0,0,42.77,0,16.45,0,1.27,0,1.27
100.0,43.5,0.00,0.00,0,13.62,0,1.27,0,1.27,0,12.0,0,42.77,0,16.45,0,1.27,0,1.27
100.0,43.6,0.00,0.00,0,13.62,0,1.27,0,1.27,0,12.0,16,42.77,0,16.45,0,1.27,0,1.27
100.0,43.7,0.00,0.00,0,13.62,0,1.27,0,1.27,0,12.0,0,42.77,0,16.45,0,1.27,0,1.27
100.0,43.7,0.00,0.00,0,13.62,0,1.27,0,1.27,0,12.0,0,42.77,0,16.45,0,1.27,0,1.27
99.9,43.7,0.00,0.00,0,13.62,0,1.27,0,1.27,0,12.0,40,42.77,0,16.45,0,1.27,0,1.27
100.0,43.7,0.00,0.00,0,13.62,0,1.27,0,1.27,0,12.0,0,42.77,0,16.45,0,1.27,0,1.27
100.0,43.7,0.00,0.00,0,13.62,0,1.27,0,1.27,0,12.0,0,42.77,0,16.45,0,1.27,0,1.27
100.0,43.7,0.00,0.00,0,13.62,0,1.27,0,1.27,0,12.0,27,42.77,0,16.45,0,1.27,0,1.27
100.0,43.7,0.00,0.00,0,13.62,0,1.27,0,1.27,0,12.0,19,42.77,0,16.45,0,1.27,0,1.27
99.7,43.7,0.00,0.00,0,13.62,0,1.27,0,1.27,0,12.0,40,42.77,0,16.45,0,1.27,0,1.27
100.0,43.7,0.00,0.00,0,13.62,0,1.27,0,1.27,0,12.0,0,42.77,0,16.45,0,1.27,0,1.27
100.0,43.7,0.00,0.00,0,13.62,0,1.27,0,1.27,0,12.0,0,42.77,0,16.45,0,1.27,0,1.27
100.0,43.6,0.00,0.00,0,13.62,0,1.27,0,1.27,0,12.0,0,42.77,0,16.45,0,1.27,0,1.27
100.0,43.7,0.00,0.00,0,13.62,0,1.27,0,1.27,0,12.0,0,42.77,0,16.45,0,1.27,0,1.27
100.0,43.7,0.00,0.00,0,13.62,0,1.27,0,1.27,0,12.0,0,42.77,0,16.45,0,1.27,0,1.27
100.0,43.8,0.00,0.00,0,13.62,0,1.27,0,1.27,0,12.0,0,42.77,0,16.45,0,1.27,0,1.27
100.0,43.7,0.00,0.00,0,13.62,0,1.27,0,1.27,0,12.0,8,42.77,0,16.45,0,1.27,0,1.27
100.0,43.8,0.00,0.00,0,13.62,0,1.27,0,1.27,0,12.0,24,42.77,0,16.45,0,1.27,0,1.27
100.0,43.6,0.00,0.00,0,13.62,0,1.27,0,1.27,0,12.0,0,42.77,0,16.45,0,1.27,0,1.27
100.0,43.7,0.00,0.00,0,13.62,0,1.27,0,1.27,0,12.0,0,42.77,0,16.45,0,1.27,0,1.27
100.0,43.8,0.00,0.00,0,13.62,0,1.27,0,1.27,0,12.0,0,42.77,0,16.45,0,1.27,0,1.27
100.0,43.8,0.00,0.00,0,13.62,0,1.27,0,1.27,0,12.0,0,42.77,0,16.45,0,1.27,0,1.27
100.0,43.8,0.00,0.00,0,13.62,0,1.27,0,1.27,0,12.0,0,42.77,0,16.45,0,1.27,0,1.27
100.0,43.8,0.00,0.00,0,13.62,0,1.27,0,1.27,0,12.0,0,42.77,0,16.45,0,1.27,0,1.27
100.0,43.8,0.00,0.00,0,13.62,0,1.27,0,1.27,0,12.0,46,42.77,0,16.45,0,1.27,0,1.27
100.0,43.8,0.00,0.00,0,13.62,0,1.27,0,1.27,0,12.0,0,42.77,0,16.45,0,1.27,0,1.27
100.0,31.6,0.00,0.00,0,13.62,0,1.27,0,1.27,0,12.0,0,42.77,0,16.45,0,1.27,0,1.27
100.0,31.0,0.00,0.00,0,13.62,0,1.27,0,1.27,0,12.0,34,42.77,0,16.45,0,1.27,0,1.27
100.0,33.4,0.00,0.00,0,13.62,0,1.27,0,1.27,0,12.0,0,42.77,0,16.45,0,1.27,0,1.27
100.0,29.6,0.00,0.00,0,13.62,0,1.27,0,1.27,0,12.0,0,42.77,0,16.45,0,1.27,0,1.27
100.0,30.7,0.00,0.00,0,13.62,0,1.27,0,1.27,0,12.0,9,42.77,0,16.45,0,1.27,0,1.27
100.0,31.7,0.00,0.00,0,13.62,0,1.27,0,1.27,0,12.0,0,42.77,0,16.45,0,1.27,0,1.27
100.0,32.8,0.00,0.00,0,13.62,0,1.27,0,1.27,0,12.0,21,42.77,0,16.45,0,1.27,0,1.27
100.0,35.0,0.00,0.00,0,13.62,0,1.27,0,1.27,0,12.0,0,42.77,0,16.45,0,1.27,0,1.27
100.0,35.7,0.00,0.00,0,13.62,0,1.27,0,1.27,0,12.0,0,42.77,0,16.45,0,1.27,0,1.27
100.0,37.1,0.00,0.00,0,13.62,0,1.27,0,1.27,0,12.0,0,42.77,0,16.45,0,1.27,0,1.27
99.9,37.2,0.00,0.00,0,13.62,0,1.27,0,1.27,0,12.0,23,42.77,0,16.45,0,1.27,0,1.27
100.0,37.5,0.00,0.00,0,13.62,0,1.27,0,1.27,0,12.0,27,42.77,0,16.45,0,1.27,0,1.27
100.0,37.8,0.00,0.00,0,13.62,0,1.27,0,1.27,0,12.0,24,42.77,0,16.45,0,1.27,0,1.27
100.0,38.3,0.00,0.00,0,13.62,0,1.27,0,1.27,0,12.0,15,42.77,0,16.45,0,1.27,0,1.27
100.0,38.3,0.00,0.00,0,13.62,0,1.27,0,1.27,0,12.0,15,42.77,0,16.45,0,1.27,0,1.27
100.0,38.2,0.00,0.00,0,13.62,0,1.27,0,1.27,0,12.0,0,42.77,0,16.45,0,1.27,0,1.27
100.0,38.3,0.00,0.00,0,13.62,0,1.27,0,1.27,0,12.0,0,42.77,0,16.45,0,1.27,0,1.27
100.0,38.3,0.00,0.00,0,13.62,0,1.27,0,1.27,0,12.0,4,42.77,0,16.45,0,1.27,0,1.27
100.0,39.8,0.00,0.00,0,13.62,0,1.27,0,1.27,0,12.0,0,42.77,0,16.45,0,1.27,0,1.27
100.0,39.9,0.00,0.00,0,13.62,0,1.27,0,1.27,0,12.0,17,42.77,0,16.45,0,1.27,0,1.27
100.0,39.9,0.00,0.00,0,13.62,0,1.27,0,1.27,0,12.0,0,42.77,0,16.45,0,1.27,0,1.27
100.0,39.8,0.00,0.00,0,13.62,0,1.27,0,1.27,0,12.0,0,42.77,0,16.45,0,1.27,0,1.27
100.0,40.0,0.00,0.00,0,13.62,0,1.27,0,1.27,0,12.0,0,42.77,0,16.45,0,1.27,0,1.27
100.0,39.9,0.00,0.00,0,13.62,0,1.27,0,1.27,0,12.0,16,42.77,0,16.45,0,1.27,0,1.27
100.0,39.9,0.00,0.00,0,13.62,0,1.27,0,1.27,0,12.0,0,42.77,0,16.45,0,1.27,0,1.27
100.0,40.0,0.00,0.00,0,13.62,0,1.27,0,1.27,0,12.0,6,42.77,0,16.45,0,1.27,0,1.27
100.0,40.0,0.00,0.00,0,13.62,0,1.27,0,1.27,0,12.0,0,42.77,0,16.45,0,1.27,0,1.27
100.0,39.9,0.00,0.00,0,13.62,0,1.27,0,1.27,0,12.0,0,42.77,0,16.45,0,1.27,0,1.27
100.0,39.9,0.00,0.00,0,13.62,0,1.27,0,1.27,0,12.0,10,42.77,0,16.45,0,1.27,0,1.27
100.0,40.0,0.00,0.00,0,13.62,0,1.27,0,1.27,0,12.0,0,42.77,0,16.45,0,1.27,0,1.27
100.0,41.6,0.00,0.00,0,13.62,0,1.27,0,1.27,0,12.0,34,42.77,0,16.45,0,1.27,0,1.27
100.0,41.7,0.00,0.00,0,13.62,0,1.27,0,1.27,0,12.0,61,42.77,0,16.45,0,1.27,0,1.27
100.0,41.8,0.00,0.00,0,13.62,0,1.27,0,1.27,0,12.0,0,42.77,0,16.45,0,1.27,0,1.27
100.0,43.2,0.00,0.00,0,13.62,0,1.27,0,1.27,0,12.0,40,42.77,0,16.45,0,1.27,0,1.27
100.0,43.2,0.00,0.00,0,13.62,0,1.27,0,1.27,0,12.0,0,42.77,0,16.45,0,1.27,0,1.27
100.0,43.2,0.00,0.00,0,13.62,0,1.27,0,1.27,0,12.0,0,42.77,0,16.45,0,1.27,0,1.27
100.0,43.2,0.00,0.00,0,13.62,0,1.27,0,1.27,0,12.0,16,42.77,0,16.45,0,1.27,0,1.27
100.0,43.3,0.00,0.00,0,13.62,0,1.27,0,1.27,0,12.0,0,42.77,0,16.45,0,1.27,0,1.27
100.0,43.2,0.00,0.00,0,13.62,0,1.27,0,1.27,0,12.0,0,42.77,0,16.45,0,1.27,0,1.27
100.0,43.2,0.00,0.00,0,13.62,0,1.27,0,1.27,0,12.0,2,42.77,0,16.45,0,1.27,0,1.27
100.0,43.2,0.00,0.00,0,13.62,0,1.27,0,1.27,0,12.0,0,42.77,0,16.45,0,1.27,0,1.27
100.0,43.3,0.00,0.00,0,13.62,0,1.27,0,1.27,0,12.0,0,42.77,0,16.45,0,1.27,0,1.27
100.0,43.2,0.00,0.00,0,13.62,0,1.27,0,1.27,0,12.0,4,42.77,0,16.45,0,1.27,0,1.27
100.0,43.2,0.00,0.00,0,13.62,0,1.27,0,1.27,0,12.0,0,42.77,0,16.45,0,1.27,0,1.27
100.0,43.2,0.00,0.00,0,13.62,0,1.27,0,1.27,0,12.0,0,42.77,0,16.45,0,1.27,0,1.27
100.0,43.2,0.00,0.00,0,13.62,0,1.27,0,1.27,0,12.0,0,42.77,0,16.45,0,1.27,0,1.27
100.0,43.3,0.00,0.00,0,13.62,0,1.27,0,1.27,0,12.0,0,42.77,0,16.45,0,1.27,0,1.27
100.0,43.2,0.00,0.00,0,13.62,0,1.27,0,1.27,0,12.0,0,42.77,0,16.45,0,1.27,0,1.27
100.0,43.3,0.00,0.00,0,13.62,0,1.27,0,1.27,0,12.0,34,42.77,0,16.45,0,1.27,0,1.27
100.0,43.3,0.00,0.00,0,13.62,0,1.27,0,1.27,0,12.0,0,42.77,0,16.45,0,1.27,0,1.27
100.0,43.3,0.00,0.00,0,13.62,0,1.27,0,1.27,0,12.0,45,42.77,0,16.45,0,1.27,0,1.27
100.0,43.3,0.00,0.00,0,13.62,0,1.27,0,1.27,0,12.0,0,42.77,0,16.45,0,1.27,0,1.27
100.0,41.2,0.00,0.00,0,13.62,0,1.27,0,1.27,0,12.0,16,42.77,0,16.45,0,1.27,0,1.27
100.0,38.2,0.00,0.00,0,13.62,0,1.27,0,1.27,0,12.0,0,42.77,0,16.45,0,1.27,0,1.27
100.0,40.5,0.00,0.00,0,13.62,0,1.27,0,1.27,0,12.0,0,42.77,0,16.45,0,1.27,0,1.27
99.8,36.3,0.00,0.00,0,13.62,0,1.27,0,1.27,0,12.0,15,42.77,0,16.45,0,1.27,0,1.27
100.0,38.0,0.00,0.00,0,13.62,0,1.27,0,1.27,0,12.0,24,42.77,0,16.45,0,1.27,0,1.27
100.0,38.1,0.00,0.00,0,13.62,0,1.27,0,1.27,0,12.0,0,42.77,0,16.45,0,1.27,0,1.27
100.0,38.5,0.00,0.00,0,13.62,0,1.27,0,1.27,0,12.0,16,42.77,0,16.45,0,1.27,0,1.27
100.0,39.1,0.00,0.00,0,13.62,0,1.27,0,1.27,0,12.0,24,42.77,0,16.45,0,1.27,0,1.27
100.0,39.6,0.00,0.00,0,13.62,0,1.27,0,1.27,0,12.0,0,42.77,0,16.45,0,1.27,0,1.27
100.0,40.2,0.00,0.00,0,13.62,0,1.27,0,1.27,0,12.0,0,42.77,0,16.45,0,1.27,0,1.27
100.0,41.6,0.00,0.00,0,13.62,0,1.27,0,1.27,0,12.0,0,42.77,0,16.45,0,1.27,0,1.27
100.0,39.8,0.00,0.00,0,13.62,0,1.27,0,1.27,0,12.0,0,42.77,0,16.45,0,1.27,0,1.27
100.0,36.3,0.00,0.00,0,13.62,0,1.27,0,1.27,0,12.0,0,42.77,0,16.45,0,1.27,0,1.27
100.0,37.7,0.00,0.00,0,13.62,0,1.27,0,1.27,0,12.0,8,42.77,0,16.45,0,1.27,0,1.27
100.0,39.7,0.00,0.00,0,13.62,0,1.27,0,1.27,0,12.0,0,42.77,0,16.45,0,1.27,0,1.27
100.0,35.1,0.00,0.00,0,13.62,0,1.27,0,1.27,0,12.0,0,42.77,0,16.45,0,1.27,0,1.27
100.0,38.8,0.00,0.00,0,13.62,0,1.27,0,1.27,0,12.0,0,42.77,0,16.45,0,1.27,0,1.27
100.0,36.5,0.00,0.00,0,13.62,0,1.27,0,1.27,0,12.0,0,42.77,0,16.45,0,1.27,0,1.27
100.0,37.2,0.00,0.00,0,13.62,0,1.27,0,1.27,0,12.0,36,42.77,0,16.45,0,1.27,0,1.27
100.0,37.8,0.00,0.00,0,13.62,0,1.27,0,1.27,0,12.0,0,42.77,0,16.45,0,1.27,0,1.27
100.0,39.1,0.00,0.00,0,13.62,0,1.27,0,1.27,0,12.0,17,42.77,0,16.45,0,1.27,0,1.27
100.0,41.1,0.00,0.00,0,13.62,0,1.27,0,1.27,0,12.0,0,42.77,0,16.45,0,1.27,0,1.27
100.0,41.1,0.00,0.00,0,13.62,0,1.27,0,1.27,0,12.0,16,42.77,0,16.45,0,1.27,0,1.27
100.0,41.3,0.00,0.00,0,13.62,0,1.27,0,1.27,0,12.0,0,42.77,0,16.45,0,1.27,0,1.27
100.0,41.5,0.00,0.00,0,13.62,0,1.27,0,1.27,0,12.0,0,42.77,0,16.45,0,1.27,0,1.27
100.0,41.4,0.00,0.00,0,13.62,0,1.27,0,1.27,0,12.0,46,42.77,0,16.45,0,1.27,0,1.27
100.0,41.6,0.00,0.00,0,13.62,0,1.27,0,1.27,0,12.0,0,42.77,0,16.45,0,1.27,0,1.27
100.0,41.9,0.00,0.00,0,13.62,0,1.27,0,1.27,0,12.0,0,42.77,0,16.45,0,1.27,0,1.27
100.0,41.9,0.00,0.00,0,13.62,0,1.27,0,1.27,0,12.0,0,42.77,0,16.45,0,1.27,0,1.27
100.0,41.8,0.00,0.00,0,13.62,0,1.27,0,1.27,0,12.0,11,42.77,0,16.45,0,1.27,0,1.27
100.0,42.0,0.00,0.00,0,13.62,0,1.27,0,1.27,0,12.0,0,42.77,0,16.45,0,1.27,0,1.27
100.0,41.9,0.00,0.00,0,13.62,0,1.27,0,1.27,0,12.0,0,42.77,0,16.45,0,1.27,0,1.27
95.5,42.5,0.00,0.00,0,13.62,0,1.27,0,1.27,0,12.0,0,42.77,0,16.45,0,1.27,0,1.27
100.0,43.4,0.00,0.00,0,13.62,0,1.27,0,1.27,0,12.0,0,42.77,0,16.45,0,1.27,0,1.27
100.0,44.4,0.00,0.00,0,13.62,0,1.27,0,1.27,0,12.0,0,42.77,0,16.45,0,1.27,0,1.27
100.0,44.4,0.00,0.00,0,13.62,0,1.27,0,1.27,0,12.0,0,42.77,0,16.45,0,1.27,0,1.27
100.0,44.4,0.00,0.00,0,13.62,0,1.27,0,1.27,0,12.0,0,42.77,0,16.45,0,1.27,0,1.27
100.0,44.5,0.00,0.00,0,13.62,0,1.27,0,1.27,0,12.0,0,42.77,0,16.45,0,1.27,0,1.27
100.0,44.4,0.00,0.00,0,13.62,0,1.27,0,1.27,0,12.0,0,42.77,0,16.45,0,1.27,0,1.27
100.0,44.1,0.00,0.00,0,13.62,0,1.27,0,1.27,0,12.0,16,42.77,0,16.45,0,1.27,0,1.27
100.0,44.3,0.00,0.00,0,13.62,0,1.27,0,1.27,0,12.0,0,42.77,0,16.45,0,1.27,0,1.27
100.0,44.4,0.00,0.00,0,13.62,0,1.27,0,1.27,0,12.0,31,42.77,0,16.45,0,1.27,0,1.27
100.0,44.4,0.00,0.00,0,13.62,0,1.27,0,1.27,0,12.0,20,42.77,0,16.45,0,1.27,0,1.27
100.0,44.5,0.00,0.00,0,13.62,0,1.27,0,1.27,0,12.0,0,42.77,0,16.45,0,1.27,0,1.27
100.0,44.4,0.00,0.00,0,13.62,0,1.27,0,1.27,0,12.0,0,42.77,0,16.45,0,1.27,0,1.27
99.8,44.5,0.00,0.00,0,13.62,0,1.27,0,1.27,0,12.0,0,42.77,0,16.45,0,1.27,0,1.27
100.0,46.0,0.00,0.00,0,13.62,0,1.27,0,1.27,0,12.0,0,42.77,0,16.45,0,1.27,0,1.27
100.0,46.0,0.00,0.00,0,13.62,0,1.27,0,1.27,0,12.0,0,42.77,0,16.45,0,1.27,0,1.27
100.0,46.0,0.00,0.00,0,13.62,0,1.27,0,1.27,0,12.0,0,42.77,0,16.45,0,1.27,0,1.27
97.3,46.1,0.00,0.00,0,13.62,0,1.27,0,1.27,0,12.0,21,42.77,0,16.45,0,1.27,0,1.27
100.0,46.0,0.00,0.00,0,13.62,0,1.27,0,1.27,0,12.0,0,42.77,0,16.45,0,1.27,0,1.27
100.0,46.1,0.00,0.00,0,13.62,0,1.27,0,1.27,0,12.0,0,42.77,0,16.45,0,1.27,0,1.27
100.0,46.1,0.00,0.00,0,13.62,0,1.27,0,1.27,0,12.0,0,42.77,0,16.45,0,1.27,0,1.27
100.0,46.1,0.00,0.00,0,13.62,0,1.27,0,1.27,0,12.0,0,42.77,0,16.45,0,1.27,0,1.27
100.0,46.1,0.00,0.00,0,13.62,0,1.27,0,1.27,0,12.0,32,42.77,0,16.45,0,1.27,0,1.27
100.0,46.1,0.00,0.00,0,13.62,0,1.27,0,1.27,0,12.0,0,42.77,0,16.45,0,1.27,0,1.27
100.0,46.1,0.00,0.00,0,13.62,0,1.27,0,1.27,0,12.0,0,42.77,0,16.45,0,1.27,0,1.27
100.0,46.1,0.00,0.00,0,13.62,0,1.27,0,1.27,0,12.0,0,42.77,0,16.45,0,1.27,0,1.27
100.0,45.9,0.00,0.00,0,13.62,0,1.27,0,1.27,0,12.0,10,42.77,0,16.45,0,1.27,0,1.27
100.0,46.1,0.00,0.00,0,13.62,0,1.27,0,1.27,0,12.0,0,42.77,0,16.45,0,1.27,0,1.27
100.0,46.1,0.00,0.00,0,13.62,0,1.27,0,1.27,0,12.0,0,42.77,0,16.45,0,1.27,0,1.27
100.0,46.1,0.00,0.00,0,13.62,0,1.27,0,1.27,0,12.0,9,42.77,0,16.45,0,1.27,0,1.27
100.0,40.3,0.00,0.00,0,13.62,0,1.27,0,1.27,0,12.0,0,42.77,0,16.45,0,1.27,0,1.27
100.0,41.5,0.00,0.00,0,13.62,0,1.27,0,1.27,0,12.0,0,42.77,0,16.45,0,1.27,0,1.27
100.0,37.8,0.00,0.00,0,13.62,0,1.27,0,1.27,0,12.0,0,42.77,0,16.45,0,1.27,0,1.27
100.0,38.4,0.00,0.00,0,13.62,0,1.27,0,1.27,0,12.0,0,42.77,0,16.45,0,1.27,0,1.27
100.0,39.0,0.00,0.00,0,13.62,0,1.27,0,1.27,0,12.0,45,42.77,0,16.45,0,1.27,0,1.27
99.8,39.6,0.00,0.00,0,13.62,0,1.27,0,1.27,0,12.0,0,42.77,0,16.45,0,1.27,0,1.27
100.0,40.2,0.00,0.00,0,13.62,0,1.27,0,1.27,0,12.0,0,42.77,0,16.45,0,1.27,0,1.27
100.0,41.5,0.00,0.00,0,13.62,0,1.27,0,1.27,0,12.0,45,42.77,0,16.45,0,1.27,0,1.27
100.0,41.7,0.00,0.00,0,13.62,0,1.27,0,1.27,0,12.0,8,42.77,0,16.45,0,1.27,0,1.27
100.0,41.8,0.00,0.00,0,13.62,0,1.27,0,1.27,0,12.0,0,42.77,0,16.45,0,1.27,0,1.27
100.0,41.9,0.00,0.00,0,13.62,0,1.27,0,1.27,0,12.0,0,42.77,0,16.45,0,1.27,0,1.27
100.0,41.9,0.00,0.00,0,13.62,0,1.27,0,1.27,0,12.0,0,42.77,0,16.45,0,1.27,0,1.27
100.0,42.2,0.00,0.00,0,13.62,0,1.27,0,1.27,0,12.0,0,42.77,0,16.45,0,1.27,0,1.27
100.0,42.3,0.00,0.00,0,13.62,0,1.27,0,1.27,0,12.0,0,42.77,0,16.45,0,1.27,0,1.27
100.0,42.3,0.00,0.00,0,13.62,0,1.27,0,1.27,0,12.0,0,42.77,0,16.45,0,1.27,0,1.27
100.0,42.4,0.00,0.00,0,13.62,0,1.27,0,1.27,0,12.0,0,42.77,0,16.45,0,1.27,0,1.27
100.0,42.4,0.00,0.00,0,13.62,0,1.27,0,1.27,0,12.0,22,42.77,0,16.45,0,1.27,0,1.27
100.0,42.3,0.00,0.00,0,13.62,0,1.27,0,1.27,0,12.0,0,42.77,0,16.45,0,1.27,0,1.27
100.0,42.6,0.00,0.00,0,13.62,0,1.27,0,1.27,0,12.0,37,42.77,0,16.45,0,1.27,0,1.27
100.0,43.1,0.00,0.00,0,13.62,0,1.27,0,1.27,0,12.0,0,42.77,0,16.45,0,1.27,0,1.27
100.0,43.1,0.00,0.00,0,13.62,0,1.27,0,1.27,0,12.0,0,42.77,0,16.45,0,1.27,0,1.27
100.0,43.2,0.00,0.00,0,13.62,0,1.27,0,1.27,0,12.0,0,42.77,0,16.45,0,1.27,0,1.27
100.0,43.1,0.00,0.00,0,13.62,0,1.27,0,1.27,0,12.0,0,42.77,0,16.45,0,1.27,0,1.27
100.0,43.1,0.00,0.00,0,13.62,0,1.27,0,1.27,0,12.0,0,42.77,0,16.45,0,1.27,0,1.27
100.0,43.1,0.00,0.00,0,13.62,0,1.27,0,1.27,0,12.0,0,42.77,0,16.45,0,1.27,0,1.27
99.6,43.1,0.00,0.00,0,13.62,0,1.27,0,1.27,0,12.0,17,42.77,0,16.45,0,1.27,0,1.27
100.0,43.2,0.00,0.00,0,13.62,0,1.27,0,1.27,0,12.0,0,42.77,0,16.45,0,1.27,0,1.27
100.0,37.0,0.00,0.00,0,13.62,0,1.27,0,1.27,0,12.0,23,42.77,0,16.45,0,1.27,0,1.27
100.0,38.5,0.00,0.00,0,13.62,0,1.27,0,1.27,0,12.0,0,42.77,0,16.45,0,1.27,0,1.27
99.5,34.9,0.00,0.00,0,13.62,0,1.27,0,1.27,0,12.0,0,42.77,0,16.45,0,1.27,0,1.27
100.0,31.7,0.00,0.00,0,13.62,0,1.27,0,1.27,0,12.0,0,42.77,0,16.45,0,1.27,0,1.27
100.0,31.7,0.00,0.00,0,13.62,0,1.27,0,1.27,0,12.0,8,42.77,0,16.45,0,1.27,0,1.27
100.0,33.4,0.00,0.00,0,13.62,0,1.27,0,1.27,0,12.0,10,42.77,0,16.45,0,1.27,0,1.27
100.0,33.5,0.00,0.00,0,13.62,0,1.27,0,1.27,0,12.0,0,42.77,0,16.45,0,1.27,0,1.27
100.0,33.6,0.00,0.00,0,13.62,0,1.27,0,1.27,0,12.0,0,42.77,0,16.45,0,1.27,0,1.27
100.0,33.7,0.00,0.00,0,13.62,0,1.27,0,1.27,0,12.0,45,42.77,0,16.45,0,1.27,0,1.27
100.0,33.0,0.00,0.00,0,13.62,0,1.27,0,1.27,0,12.0,0,42.77,0,16.45,0,1.27,0,1.27
100.0,33.9,0.00,0.00,0,13.62,0,1.27,0,1.27,0,12.0,0,42.77,0,16.45,0,1.27,0,1.27
100.0,34.5,0.00,0.00,0,13.62,0,1.27,0,1.27,0,12.0,0,42.77,0,16.45,0,1.27,0,1.27
100.0,34.5,0.00,0.00,0,13.62,0,1.27,0,1.27,0,12.0,42,42.77,0,16.45,0,1.27,0,1.27
100.0,34.7,0.00,0.00,0,13.62,0,1.27,0,1.27,0,12.0,0,42.77,0,16.45,0,1.27,0,1.27
100.0,34.8,0.00,0.00,0,13.62,0,1.27,0,1.27,0,12.0,0,42.77,0,16.45,0,1.27,0,1.27
100.0,34.7,0.00,0.00,0,13.62,0,1.27,0,1.27,0,12.0,0,42.77,0,16.45,0,1.27,0,1.27
100.0,34.7,0.00,0.00,0,13.62,0,1.27,0,1.27,0,12.0,7,42.77,0,16.45,0,1.27,0,1.27
99.9,35.1,0.00,0.00,0,13.62,0,1.27,0,1.27,0,12.0,6,42.77,0,16.45,0,1.27,0,1.27
100.0,35.1,0.00,0.00,0,13.62,0,1.27,0,1.27,0,12.0,0,42.77,0,16.45,0,1.27,0,1.27
100.0,33.1,0.00,0.00,0,13.62,0,1.27,0,1.27,0,12.0,0,42.77,0,16.45,0,1.27,0,1.27
100.0,33.9,0.00,0.00,0,13.62,0,1.27,0,1.27,0,12.0,0,42.77,0,16.45,0,1.27,0,1.27
100.0,34.4,0.00,0.00,0,13.62,0,1.27,0,1.27,0,12.0,0,42.77,0,16.45,0,1.27,0,1.27
100.0,34.8,0.00,0.00,0,13.62,0,1.27,0,1.27,0,12.0,6,42.77,0,16.45,0,1.27,0,1.27
100.0,35.1,0.00,0.00,0,13.62,0,1.27,0,1.27,0,12.0,0,42.77,0,16.45,0,1.27,0,1.27
100.0,35.1,0.00,0.00,0,13.62,0,1.27,0,1.27,0,12.0,0,42.77,0,16.45,0,1.27,0,1.27
100.0,35.5,0.00,0.00,0,13.62,0,1.27,0,1.27,0,12.0,0,42.77,0,16.45,0,1.27,0,1.27
100.0,35.4,0.00,0.00,0,13.62,0,1.27,0,1.27,0,12.0,0,42.77,0,16.45,0,1.27,0,1.27
100.0,35.5,0.00,0.00,0,13.62,0,1.27,0,1.27,0,12.0,0,42.77,0,16.45,0,1.27,0,1.27
100.0,35.5,0.00,0.00,0,13.62,0,1.27,0,1.27,0,12.0,24,42.77,0,16.45,0,1.27,0,1.27
100.0,33.4,0.00,0.00,0,13.62,0,1.27,0,1.27,0,12.0,0,42.77,0,16.45,0,1.27,0,1.27
100.0,28.7,0.00,0.00,0,13.62,0,1.27,0,1.27,0,12.0,12,42.77,0,16.45,0,1.27,0,1.27
100.0,23.8,0.00,0.00,0,13.62,0,1.27,0,1.27,0,12.0,0,42.77,0,16.45,0,1.27,0,1.27
100.0,25.4,0.00,0.00,0,13.62,0,1.27,0,1.27,0,12.0,0,42.77,0,16.45,0,1.27,0,1.27
100.0,26.9,0.00,0.00,0,13.62,0,1.27,0,1.27,0,12.0,0,42.77,0,16.45,0,1.27,0,1.27
100.0,27.3,0.00,0.00,0,13.62,0,1.27,0,1.27,0,12.0,0,42.77,0,16.45,0,1.27,0,1.27
100.0,27.6,0.00,0.00,0,13.62,0,1.27,0,1.27,0,12.0,0,42.77,0,16.45,0,1.27,0,1.27
100.0,27.7,0.00,0.00,0,13.62,0,1.27,0,1.27,0,12.0,0,42.77,0,16.45,0,1.27,0,1.27
100.0,27.5,0.00,0.00,0,13.62,0,1.27,0,1.27,0,12.0,16,42.77,0,16.45,0,1.27,0,1.27
100.0,28.5,0.00,0.00,0,13.62,0,1.27,0,1.27,0,12.0,0,42.77,0,16.45,0,1.27,0,1.27
100.0,29.0,0.00,0.00,0,13.62,0,1.27,0,1.27,0,12.0,0,42.77,0,16.45,0,1.27,0,1.27
100.0,29.2,0.00,0.00,0,13.62,0,1.27,0,1.27,0,12.0,2,42.77,0,16.45,0,1.27,0,1.27
100.0,29.4,0.00,0.00,0,13.62,0,1.27,0,1.27,0,12.0,0,42.77,0,16.45,0,1.27,0,1.27
100.0,29.4,0.00,0.00,0,13.62,0,1.27,0,1.27,0,12.0,6,42.77,0,16.45,0,1.27,0,1.27
100.0,29.5,0.00,0.00,0,13.62,0,1.27,0,1.27,0,12.0,0,42.77,0,16.45,0,1.27,0,1.27
100.0,29.2,0.00,0.00,0,13.62,0,1.27,0,1.27,0,12.0,0,42.77,0,16.45,0,1.27,0,1.27
100.0,29.4,0.00,0.00,0,13.62,0,1.27,0,1.27,0,12.0,16,42.77,0,16.45,0,1.27,0,1.27
100.0,27.7,0.00,0.00,0,13.62,0,1.27,0,1.27,0,12.0,8,42.77,0,16.45,0,1.27,0,1.27
100.0,26.0,0.00,0.00,0,13.62,0,1.27,0,1.27,0,12.0,15,42.77,0,16.45,0,1.27,0,1.27
100.0,24.3,0.00,0.00,0,13.62,0,1.27,0,1.27,0,12.0,0,42.77,0,16.45,0,1.27,0,1.27
100.0,25.7,0.00,0.00,0,13.62,0,1.27,0,1.27,0,12.0,0,42.77,0,16.45,0,1.27,0,1.27
100.0,26.3,0.00,0.00,0,13.62,0,1.27,0,1.27,0,12.0,0,42.77,0,16.45,0,1.27,0,1.27
100.0,27.1,0.00,0.00,0,13.62,0,1.27,0,1.27,0,12.0,31,42.77,0,16.45,0,1.27,0,1.27
100.0,27.3,0.00,0.00,0,13.62,0,1.27,0,1.27,0,12.0,0,42.77,0,16.45,0,1.27,0,1.27
100.0,27.7,0.00,0.00,0,13.62,0,1.27,0,1.27,0,12.0,5,42.77,0,16.45,0,1.27,0,1.27
100.0,28.1,0.00,0.00,0,13.62,0,1.27,0,1.27,0,12.0,0,42.77,0,16.45,0,1.27,0,1.27
100.0,28.2,0.00,0.00,0,13.62,0,1.27,0,1.27,0,12.0,0,42.77,0,16.45,0,1.27,0,1.27
100.0,28.2,0.00,0.00,0,13.62,0,1.27,0,1.27,0,12.0,40,42.77,0,16.45,0,1.27,0,1.27
100.0,27.7,0.00,0.00,0,13.62,0,1.27,0,1.27,0,12.0,0,42.77,0,16.45,0,1.27,0,1.27
100.0,26.7,0.00,0.00,0,13.62,0,1.27,0,1.27,0,12.0,0,42.77,0,16.45,0,1.27,0,1.27
100.0,25.6,0.00,0.00,0,13.62,0,1.27,0,1.27,0,12.0,0,42.77,0,16.45,0,1.27,0,1.27
100.0,26.3,0.00,0.00,0,13.62,0,1.27,0,1.27,0,12.0,0,42.77,0,16.45,0,1.27,0,1.27
100.0,26.6,0.00,0.00,0,13.62,0,1.27,0,1.27,0,12.0,0,42.77,0,16.45,0,1.27,0,1.27
100.0,27.8,0.00,0.00,0,13.62,0,1.27,0,1.27,0,12.0,2,42.77,0,16.45,0,1.27,0,1.27
100.0,28.0,0.00,0.00,0,13.62,0,1.27,0,1.27,0,12.0,0,42.77,0,16.45,0,1.27,0,1.27
100.0,28.1,0.00,0.00,0,13.62,0,1.27,0,1.27,0,12.0,0,42.77,0,16.45,0,1.27,0,1.27
100.0,28.7,0.00,0.00,0,13.62,0,1.27,0,1.27,0,12.0,0,42.77,0,16.45,0,1.27,0,1.27
100.0,28.6,0.00,0.00,0,13.62,0,1.27,0,1.27,0,12.0,0,42.77,0,16.45,0,1.27,0,1.27
100.0,28.7,0.00,0.00,0,13.62,0,1.27,0,1.27,0,12.0,0,42.77,0,16.45,0,1.27,0,1.27
100.0,29.0,0.00,0.00,0,13.62,0,1.27,0,1.27,0,12.0,0,42.77,0,16.45,0,1.27,0,1.27
100.0,29.0,0.00,0.00,0,13.62,0,1.27,0,1.27,0,12.0,9,42.77,0,16.45,0,1.27,0,1.27
100.0,29.0,0.00,0.00,0,13.62,0,1.27,0,1.27,0,12.0,34,42.77,0,16.45,0,1.27,0,1.27
100.0,29.8,0.00,0.00,0,13.62,0,1.27,0,1.27,0,12.0,0,42.77,0,16.45,0,1.27,0,1.27
100.0,29.8,0.00,0.00,0,13.62,0,1.27,0,1.27,0,12.0,0,42.77,0,16.45,0,1.27,0,1.27
100.0,29.9,0.00,0.00,0,13.62,0,1.27,0,1.27,0,12.0,0,42.77,0,16.45,0,1.27,0,1.27
100.0,27.5,0.00,0.00,0,13.62,0,1.27,0,1.27,0,12.0,0,42.77,0,16.45,0,1.27,0,1.27
100.0,28.2,0.00,0.00,0,13.62,0,1.27,0,1.27,0,12.0,0,42.77,0,16.45,0,1.27,0,1.27
100.0,28.5,0.00,0.00,0,13.62,0,1.27,0,1.27,0,12.0,0,42.77,0,16.45,0,1.27,0,1.27
100.0,26.9,0.00,0.00,0,13.62,0,1.27,0,1.27,0,12.0,0,42.77,0,16.45,0,1.27,0,1.27
100.0,26.7,0.00,0.00,0,13.62,0,1.27,0,1.27,0,12.0,0,42.77,0,16.45,0,1.27,0,1.27
100.0,27.3,0.00,0.00,0,13.62,0,1.27,0,1.27,0,12.0,0,42.77,0,16.45,0,1.27,0,1.27
100.0,28.5,0.00,0.00,0,13.62,0,1.27,0,1.27,0,12.0,25,42.77,0,16.45,0,1.27,0,1.27
100.0,29.0,0.00,0.00,0,13.62,0,1.27,0,1.27,0,12.0,10,42.77,0,16.45,0,1.27,0,1.27
100.0,29.2,0.00,0.00,0,13.62,0,1.27,0,1.27,0,12.0,0,42.77,0,16.45,0,1.27,0,1.27
99.4,29.2,0.00,0.00,0,13.62,0,1.27,0,1.27,0,12.0,6,42.77,0,16.45,0,1.27,0,1.27
99.0,29.7,0.00,0.00,0,13.62,0,1.27,0,1.27,0,12.0,0,42.77,0,16.45,0,1.27,0,1.27
100.0,29.6,0.00,0.00,0,13.62,0,1.27,0,1.27,0,12.0,0,42.77,0,16.45,0,1.27,0,1.27
100.0,29.6,0.00,0.00,0,13.62,0,1.27,0,1.27,0,12.0,0,42.77,0,16.45,0,1.27,0,1.27
100.0,28.5,0.00,0.00,0,13.62,0,1.27,0,1.27,0,12.0,4,42.77,0,16.45,0,1.27,0,1.27
100.0,27.5,0.00,0.00,0,13.62,0,1.27,0,1.27,0,12.0,7,42.77,0,16.45,0,1.27,0,1.27
100.0,29.0,0.00,0.00,0,13.62,0,1.27,0,1.27,0,12.0,6,42.77,0,16.45,0,1.27,0,1.27
100.0,29.7,0.00,0.00,0,13.62,0,1.27,0,1.27,0,12.0,0,42.77,0,16.45,0,1.27,0,1.27
100.0,29.9,0.00,0.00,0,13.62,0,1.27,0,1.27,0,12.0,0,42.77,0,16.45,0,1.27,0,1.27
100.0,30.2,0.00,0.00,0,13.62,0,1.27,0,1.27,0,12.0,8,42.77,0,16.45,0,1.27,0,1.27
100.0,30.2,0.00,0.00,0,13.62,0,1.27,0,1.27,0,12.0,0,42.77,0,16.45,0,1.27,0,1.27
100.0,30.6,0.00,0.00,0,13.62,0,1.27,0,1.27,0,12.0,0,42.77,0,16.45,0,1.27,0,1.27
100.0,30.6,0.00,0.00,0,13.62,0,1.27,0,1.27,0,12.0,0,42.77,0,16.45,0,1.27,0,1.27
100.0,30.6,0.00,0.00,0,13.62,0,1.27,0,1.27,0,12.0,27,42.77,0,16.45,0,1.27,0,1.27
100.0,30.6,0.00,0.00,0,13.62,0,1.27,0,1.27,0,12.0,0,42.77,0,16.45,0,1.27,0,1.27
100.0,28.4,0.00,0.00,0,13.62,0,1.27,0,1.27,0,12.0,0,42.77,0,16.45,0,1.27,0,1.27
100.0,27.7,0.00,0.00,0,13.62,0,1.27,0,1.27,0,12.0,0,42.77,0,16.45,0,1.27,0,1.27
100.0,28.2,0.00,0.00,0,13.62,0,1.27,0,1.27,0,12.0,0,42.77,0,16.45,0,1.27,0,1.27
100.0,28.8,0.00,0.00,0,13.62,0,1.27,0,1.27,0,12.0,23,42.77,0,16.45,0,1.27,0,1.27
100.0,27.9,0.00,0.00,0,13.62,0,1.27,0,1.27,0,12.0,1,42.77,0,16.45,0,1.27,0,1.27
100.0,27.2,0.00,0.00,0,13.62,0,1.27,0,1.27,0,12.0,0,42.77,0,16.45,0,1.27,0,1.27
100.0,28.2,0.00,0.00,0,13.62,0,1.27,0,1.27,0,12.0,0,42.77,0,16.45,0,1.27,0,1.27
100.0,28.7,0.00,0.00,0,13.62,0,1.27,0,1.27,0,12.0,24,42.77,0,16.45,0,1.27,0,1.27
100.0,30.3,0.00,0.00,0,13.62,0,1.27,0,1.27,0,12.0,0,42.77,0,16.45,0,1.27,0,1.27
99.9,30.4,0.00,0.00,0,13.62,0,1.27,0,1.27,0,12.0,0,42.77,0,16.45,0,1.27,0,1.27
100.0,30.6,0.00,0.00,0,13.62,0,1.27,0,1.27,0,12.0,0,42.77,0,16.45,0,1.27,0,1.27
100.0,30.6,0.00,0.00,0,13.62,0,1.27,0,1.27,0,12.0,0,42.77,0,16.45,0,1.27,0,1.27
100.0,30.9,0.00,0.00,0,13.62,0,1.27,0,1.27,0,12.0,0,42.77,0,16.45,0,1.27,0,1.27
99.6,31.0,0.00,0.00,0,13.62,0,1.27,0,1.27,0,12.0,0,42.77,0,16.45,0,1.27,0,1.27
100.0,31.5,0.00,0.00,0,13.62,0,1.27,0,1.27,0,12.0,16,42.77,0,16.45,0,1.27,0,1.27
100.0,31.8,0.00,0.00,0,13.62,0,1.27,0,1.27,0,12.0,15,42.77,0,16.45,0,1.27,0,1.27
100.0,31.8,0.00,0.00,0,13.62,0,1.27,0,1.27,0,12.0,3,42.77,0,16.45,0,1.27,0,1.27
100.0,32.3,0.00,0.00,0,13.62,0,1.27,0,1.27,0,12.0,0,42.77,0,16.45,0,1.27,0,1.27
100.0,32.6,0.00,0.00,0,13.62,0,1.27,0,1.27,0,12.0,0,42.77,0,16.45,0,1.27,0,1.27
100.0,32.6,0.00,0.00,0,13.62,0,1.27,0,1.27,0,12.0,0,42.77,0,16.45,0,1.27,0,1.27
100.0,32.7,0.00,0.00,0,13.62,0,1.27,0,1.27,0,12.0,42,42.77,0,16.45,0,1.27,0,1.27
100.0,32.6,0.00,0.00,0,13.62,0,1.27,0,1.27,0,12.0,0,42.77,0,16.45,0,1.27,0,1.27
100.0,32.7,0.00,0.00,0,13.62,0,1.27,0,1.27,0,12.0,8,42.77,0,16.45,0,1.27,0,1.27
100.0,32.7,0.00,0.00,0,13.62,0,1.27,0,1.27,0,12.0,0,42.77,0,16.45,0,1.27,0,1.27
100.0,30.3,0.00,0.00,0,13.62,0,1.27,0,1.27,0,12.0,0,42.77,0,16.45,0,1.27,0,1.27
100.0,29.2,0.00,0.00,0,13.62,0,1.27,0,1.27,0,12.0,0,42.77,0,16.45,0,1.27,0,1.27
100.0,27.6,0.00,0.00,0,13.62,0,1.27,0,1.27,0,12.0,0,42.77,0,16.45,0,1.27,0,1.27
100.0,27.0,0.00,0.00,0,13.62,0,1.27,0,1.27,0,12.0,0,42.77,0,16.45,0,1.27,0,1.27
100.0,29.9,0.00,0.00,0,13.62,0,1.27,0,1.27,0,12.0,12,42.77,0,16.45,0,1.27,0,1.27
100.0,30.0,0.00,0.00,0,13.62,0,1.27,0,1.27,0,12.0,19,42.77,0,16.45,0,1.27,0,1.27
99.0,30.9,0.00,0.00,0,13.62,0,1.27,0,1.27,0,12.0,22,42.77,0,16.45,0,1.27,0,1.27
100.0,32.0,0.00,0.00,0,13.62,0,1.27,0,1.27,0,12.0,0,42.77,0,16.45,0,1.27,0,1.27
100.0,32.2,0.00,0.00,0,13.62,0,1.27,0,1.27,0,12.0,0,42.77,0,16.45,0,1.27,0,1.27
100.0,32.6,0.00,0.00,0,13.62,0,1.27,0,1.27,0,12.0,0,42.77,0,16.45,0,1.27,0,1.27
100.0,32.9,0.00,0.00,0,13.62,0,1.27,0,1.27,0,12.0,0,42.77,0,16.45,0,1.27,0,1.27
100.0,33.3,0.00,0.00,0,13.62,0,1.27,0,1.27,0,12.0,0,42.77,0,16.45,0,1.27,0,1.27
100.0,33.3,0.00,0.00,0,13.62,0,1.27,0,1.27,0,12.0,0,42.77,0,16.45,0,1.27,0,1.27
100.0,33.2,0.00,0.00,0,13.62,0,1.27,0,1.27,0,12.0,8,42.77,0,16.45,0,1.27,0,1.27
100.0,33.4,0.00,0.00,0,13.62,0,1.27,0,1.27,0,12.0,0,42.77,0,16.45,0,1.27,0,1.27
100.0,34.0,0.00,0.00,0,13.62,0,1.27,0,1.27,0,12.0,40,42.77,0,16.45,0,1.27,0,1.27
100.0,34.9,0.00,0.00,0,13.62,0,1.27,0,1.27,0,12.0,0,42.77,0,16.45,0,1.27,0,1.27
100.0,34.9,0.00,0.00,0,13.62,0,1.27,0,1.27,0,12.0,0,42.77,0,16.45,0,1.27,0,1.27
100.0,34.9,0.00,0.00,0,13.62,0,1.27,0,1.27,0,12.0,0,42.77,0,16.45,0,1.27,0,1.27
100.0,35.0,0.00,0.00,0,13.62,0,1.27,0,1.27,0,12.0,0,42.77,0,16.45,0,1.27,0,1.27
100.0,34.9,0.00,0.00,0,13.62,0,1.27,0,1.27,0,12.0,40,42.77,0,16.45,0,1.27,0,1.27
100.0,35.0,0.00,0.00,0,13.62,0,1.27,0,1.27,0,12.0,0,42.77,0,16.45,0,1.27,0,1.27
100.0,34.9,0.00,0.00,0,13.62,0,1.27,0,1.27,0,12.0,0,42.77,0,16.45,0,1.27,0,1.27
100.0,35.0,0.00,0.00,0,13.62,0,1.27,0,1.27,0,12.0,0,42.77,0,16.45,0,1.27,0,1.27
100.0,35.0,0.00,0.00,0,13.62,0,1.27,0,1.27,0,12.0,15,42.77,0,16.45,0,1.27,0,1.27
100.0,35.1,0.00,0.00,0,13.62,0,1.27,0,1.27,0,12.0,0,42.77,0,16.45,0,1.27,0,1.27
100.0,35.0,0.00,0.00,0,13.62,0,1.27,0,1.27,0,12.0,6,42.77,0,16.45,0,1.27,0,1.27
99.6,35.0,0.00,0.00,0,13.62,0,1.27,0,1.27,0,12.0,5,42.77,0,16.45,0,1.27,0,1.27
100.0,35.1,0.00,0.00,0,13.62,0,1.27,0,1.27,0,12.0,0,42.77,0,16.45,0,1.27,0,1.27
100.0,32.5,0.00,0.00,0,13.62,0,1.27,0,1.27,0,12.0,0,42.77,0,16.45,0,1.27,0,1.27
100.0,31.3,0.00,0.00,0,13.62,0,1.27,0,1.27,0,12.0,2,42.77,0,16.45,0,1.27,0,1.27
100.0,28.6,0.00,0.00,0,13.62,0,1.27,0,1.27,0,12.0,2,42.77,0,16.45,0,1.27,0,1.27
100.0,27.8,0.00,0.00,0,13.62,0,1.27,0,1.27,0,12.0,6,42.77,0,16.45,0,1.27,0,1.27
100.0,30.1,0.00,0.00,0,13.62,0,1.27,0,1.27,0,12.0,0,42.77,0,16.45,0,1.27,0,1.27
100.0,30.2,0.00,0.00,0,13.62,0,1.27,0,1.27,0,12.0,0,42.77,0,16.45,0,1.27,0,1.27
100.0,30.9,0.00,0.00,0,13.62,0,1.27,0,1.27,0,12.0,0,42.77,0,16.45,0,1.27,0,1.27
100.0,31.5,0.00,0.00,0,13.62,0,1.27,0,1.27,0,12.0,0,42.77,0,16.45,0,1.27,0,1.27
100.0,33.0,0.00,0.00,0,13.62,0,1.27,0,1.27,0,12.0,0,42.77,0,16.45,0,1.27,0,1.27
100.0,33.2,0.00,0.00,0,13.62,0,1.27,0,1.27,0,12.0,10,42.77,0,16.45,0,1.27,0,1.27
100.0,33.5,0.00,0.00,0,13.62,0,1.27,0,1.27,0,12.0,24,42.77,0,16.45,0,1.27,0,1.27
100.0,33.8,0.00,0.00,0,13.62,0,1.27,0,1.27,0,12.0,0,42.77,0,16.45,0,1.27,0,1.27
100.0,33.8,0.00,0.00,0,13.62,0,1.27,0,1.27,0,12.0,0,42.77,0,16.45,0,1.27,0,1.27
100.0,33.9,0.00,0.00,0,13.62,0,1.27,0,1.27,0,12.0,0,42.77,0,16.45,0,1.27,0,1.27
100.0,34.6,0.00,0.00,0,13.62,0,1.27,0,1.27,0,12.0,5,42.77,0,16.45,0,1.27,0,1.27
100.0,34.6,0.00,0.00,0,13.62,0,1.27,0,1.27,0,12.0,0,42.77,0,16.45,0,1.27,0,1.27
100.0,35.1,0.00,0.00,0,13.62,0,1.27,0,1.27,0,12.0,26,42.77,0,16.45,0,1.27,0,1.27
100.0,35.5,0.00,0.00,0,13.62,0,1.27,0,1.27,0,12.0,0,42.77,0,16.45,0,1.27,0,1.27
100.0,35.5,0.00,0.00,0,13.62,0,1.27,0,1.27,0,12.0,0,42.77,0,16.45,0,1.27,0,1.27
99.4,35.5,0.00,0.00,0,13.62,0,1.27,0,1.27,0,12.0,0,42.77,0,16.45,0,1.27,0,1.27
100.0,35.5,0.00,0.00,0,13.62,0,1.27,0,1.27,0,12.0,0,42.77,0,16.45,0,1.27,0,1.27
100.0,35.5,0.00,0.00,0,13.62,0,1.27,0,1.27,0,12.0,0,42.77,0,16.45,0,1.27,0,1.27
100.0,35.5,0.00,0.00,0,13.62,0,1.27,0,1.27,0,12.0,0,42.77,0,16.45,0,1.27,0,1.27
100.0,35.4,0.00,0.00,0,13.62,0,1.27,0,1.27,0,12.0,0,42.77,0,16.45,0,1.27,0,1.27
100.0,35.5,0.00,0.00,0,13.62,0,1.27,0,1.27,0,12.0,0,42.77,0,16.45,0,1.27,0,1.27
100.0,35.6,0.00,0.00,0,13.62,0,1.27,0,1.27,0,12.0,2,42.77,0,16.45,0,1.27,0,1.27
100.0,35.6,0.00,0.00,0,13.62,0,1.27,0,1.27,0,12.0,0,42.77,0,16.45,0,1.27,0,1.27
100.0,35.8,0.00,0.00,0,13.62,0,1.27,0,1.27,0,12.0,0,42.77,0,16.45,0,1.27,0,1.27
100.0,37.2,0.00,0.00,0,13.62,0,1.27,0,1.27,0,12.0,0,42.77,0,16.45,0,1.27,0,1.27
100.0,37.2,0.00,0.00,0,13.62,0,1.27,0,1.27,0,12.0,0,42.77,0,16.45,0,1.27,0,1.27
100.0,37.2,0.00,0.00,0,13.62,0,1.27,0,1.27,0,12.0,0,42.77,0,16.45,0,1.27,0,1.27
100.0,37.2,0.00,0.00,0,13.62,0,1.27,0,1.27,0,12.0,0,42.77,0,16.45,0,1.27,0,1.27
100.0,37.3,0.00,0.00,0,13.62,0,1.27,0,1.27,0,12.0,0,42.77,0,16.45,0,1.27,0,1.27
100.0,33.7,0.00,0.00,0,13.62,0,1.27,0,1.27,0,12.0,0,42.77,0,16.45,0,1.27,0,1.27
100.0,34.8,0.00,0.00,0,13.62,0,1.27,0,1.27,0,12.0,0,42.77,0,16.45,0,1.27,0,1.27
100.0,32.3,0.00,0.00,0,13.62,0,1.27,0,1.27,0,12.0,46,42.77,0,16.45,0,1.27,0,1.27
100.0,33.2,0.00,0.00,0,13.62,0,1.27,0,1.27,0,12.0,22,42.77,0,16.45,0,1.27,0,1.27
100.0,33.7,0.00,0.00,0,13.62,0,1.27,0,1.27,0,12.0,0,42.77,0,16.45,0,1.27,0,1.27
100.0,34.3,0.00,0.00,0,13.62,0,1.27,0,1.27,0,12.0,0,42.77,0,16.45,0,1.27,0,1.27
100.0,34.8,0.00,0.00,0,13.62,0,1.27,0,1.27,0,12.0,0,42.77,0,16.45,0,1.27,0,1.27
100.0,35.7,0.00,0.00,0,13.62,0,1.27,0,1.27,0,12.0,21,42.77,0,16.45,0,1.27,0,1.27
100.0,35.8,0.00,0.00,0,13.62,0,1.27,0,1.27,0,12.0,0,42.77,0,16.45,0,1.27,0,1.27
100.0,36.1,0.00,0.00,0,13.62,0,1.27,0,1.27,0,12.0,0,42.77,0,16.45,0,1.27,0,1.27
100.0,36.1,0.00,0.00,0,13.62,0,1.27,0,1.27,0,12.0,0,42.77,0,16.45,0,1.27,0,1.27
100.0,36.4,0.00,0.00,0,13.62,0,1.27,0,1.27,0,12.0,47,42.77,0,16.45,0,1.27,0,1.27
97.2,32.4,0.00,0.00,0,13.62,0,1.27,0,1.27,0,12.0,0,42.77,0,16.45,0,1.27,0,1.27
100.0,29.0,0.00,0.00,0,13.62,0,1.27,0,1.27,0,12.0,0,42.77,0,16.45,0,1.27,0,1.27
100.0,29.8,0.00,0.00,0,13.62,0,1.27,0,1.27,0,12.0,0,42.77,0,16.45,0,1.27,0,1.27
100.0,29.9,0.00,0.00,0,13.62,0,1.27,0,1.27,0,12.0,0,42.77,0,16.45,0,1.27,0,1.27
100.0,30.2,0.00,0.00,0,13.62,0,1.27,0,1.27,0,12.0,0,42.77,0,16.45,0,1.27,0,1.27
99.9,30.6,0.00,0.00,0,13.62,0,1.27,0,1.27,0,12.0,0,42.77,0,16.45,0,1.27,0,1.27
100.0,30.0,0.00,0.00,0,13.62,0,1.27,0,1.27,0,12.0,0,42.77,0,16.45,0,1.27,0,1.27
100.0,31.1,0.00,0.00,0,13.62,0,1.27,0,1.27,0,12.0,0,42.77,0,16.45,0,1.27,0,1.27
100.0,31.7,0.00,0.00,0,13.62,0,1.27,0,1.27,0,12.0,11,42.77,0,16.45,0,1.27,0,1.27
100.0,32.2,0.00,0.00,0,13.62,0,1.27,0,1.27,0,12.0,0,42.77,0,16.45,0,1.27,0,1.27
100.0,32.5,0.00,0.00,0,13.62,0,1.27,0,1.27,0,12.0,0,42.77,0,16.45,0,1.27,0,1.27
100.0,32.4,0.00,0.00,0,13.62,0,1.27,0,1.27,0,12.0,12,42.77,0,16.45,0,1.27,0,1.27
100.0,32.4,0.00,0.00,0,13.62,0,1.27,0,1.27,0,12.0,2,42.77,0,16.45,0,1.27,0,1.27
100.0,32.2,0.00,0.00,0,13.62,0,1.27,0,1.27,0,12.0,0,25.45,0,16.45,0,1.27,0,1.27
100.0,31.7,0.00,0.00,0,13.62,0,1.27,0,1.27,0,12.0,0,25.45,0,16.45,0,1.27,0,1.27
100.0,31.7,0.00,0.00,0,13.62,0,1.27,0,1.27,0,12.0,0,25.45,0,16.45,0,1.27,0,1.27
100.0,29.5,0.00,0.00,0,13.62,0,1.27,0,1.27,0,12.0,0,25.45,0,16.45,0,1.27,0,1.27
100.0,30.1,0.00,0.00,0,13.62,0,1.27,0,1.27,0,12.0,0,25.45,0,16.45,0,1.27,0,1.27
99.9,31.0,0.00,0.00,0,13.62,0,1.27,0,1.27,0,12.0,0,25.45,0,16.45,0,1.27,0,1.27
100.0,31.4,0.00,0.00,0,13.62,0,1.27,0,1.27,0,12.0,0,25.45,0,16.45,0,1.27,0,1.27
100.0,31.4,0.00,0.00,0,13.62,0,1.27,0,1.27,0,12.0,0,25.45,0,16.45,0,1.27,0,1.27
97.8,31.6,0.00,0.00,0,13.62,0,1.27,0,1.27,0,12.0,0,25.45,0,16.45,0,1.27,0,1.27
100.0,31.6,0.00,0.00,0,13.62,0,1.27,0,1.27,0,12.0,0,25.45,0,16.45,0,1.27,0,1.27
100.0,31.3,0.00,0.00,0,13.62,0,1.27,0,1.27,0,12.0,0,25.45,0,16.45,0,1.27,0,1.27
100.0,29.0,0.00,0.00,0,13.62,0,1.27,0,1.27,0,12.0,0,25.45,0,16.45,0,1.27,0,1.27
100.0,27.0,0.00,0.00,0,13.62,0,1.27,0,1.27,0,12.0,0,25.45,0,16.45,0,1.27,0,1.27
100.0,29.0,0.00,0.00,0,13.62,0,1.27,0,1.27,0,12.0,0,25.45,0,16.45,0,1.27,0,1.27
99.9,28.3,0.00,0.00,0,13.62,0,1.27,0,1.27,0,12.0,0,25.45,0,16.45,0,1.27,0,1.27
100.0,28.8,0.00,0.00,0,13.62,0,1.27,0,1.27,0,12.0,0,25.45,0,16.45,0,1.27,0,1.27
100.0,29.3,0.00,0.00,0,13.62,0,1.27,0,1.27,0,12.0,0,25.45,0,16.45,0,1.27,0,1.27
100.0,28.0,0.00,0.00,0,13.62,0,1.27,0,1.27,0,12.0,0,25.45,0,16.45,0,1.27,0,1.27
100.0,29.0,0.00,0.00,0,13.62,0,1.27,0,1.27,0,12.0,0,25.45,0,16.45,0,1.27,0,1.27
100.0,29.7,0.00,0.00,0,13.62,0,1.27,0,1.27,0,12.0,0,25.45,0,16.45,0,1.27,0,1.27
100.0,30.3,0.00,0.00,0,13.62,0,1.27,0,1.27,0,12.0,0,25.45,0,16.45,0,1.27,0,1.27
100.0,30.4,0.00,0.00,0,13.62,0,1.27,0,1.27,0,12.0,0,25.45,0,16.45,0,1.27,0,1.27
100.0,31.0,0.00,0.00,0,13.62,0,1.27,0,1.27,0,12.0,0,25.45,0,16.45,0,1.27,0,1.27
100.0,31.0,0.00,0.00,0,13.62,0,1.27,0,1.27,0,12.0,0,25.45,0,16.45,0,1.27,0,1.27
100.0,31.0,0.00,0.00,0,13.62,0,1.27,0,1.27,0,12.0,0,25.45,0,16.45,0,1.27,0,1.27
100.0,31.3,0.00,0.00,0,13.62,0,1.27,0,1.27,0,12.0,0,25.45,0,16.45,0,1.27,0,1.27
99.9,31.4,0.00,0.00,0,13.62,0,1.27,0,1.27,0,12.0,0,25.45,0,16.45,0,1.27,0,1.27
100.0,32.2,0.00,0.00,0,13.62,0,1.27,0,1.27,0,12.0,0,25.45,0,16.45,0,1.27,0,1.27
100.0,32.2,0.00,0.00,0,13.62,0,1.27,0,1.27,0,12.0,0,25.45,0,16.45,0,1.27,0,1.27
100.0,32.2,0.00,0.00,0,13.62,0,1.27,0,1.27,0,12.0,0,25.45,0,16.45,0,1.27,0,1.27
100.0,32.2,0.00,0.00,0,13.62,0,1.27,0,1.27,0,12.0,0,25.45,0,16.45,0,1.27,0,1.27
100.0,32.2,0.00,0.00,0,13.62,0,1.27,0,1.27,0,12.0,0,25.45,0,16.45,0,1.27,0,1.27
100.0,32.3,0.00,0.00,0,13.62,0,1.27,0,1.27,0,12.0,0,25.45,0,16.45,0,1.27,0,1.27
100.0,29.7,0.00,0.00,0,13.62,0,1.27,0,1.27,0,12.0,0,25.45,0,16.45,0,1.27,0,1.27
99.7,30.3,0.00,0.00,0,13.62,0,1.27,0,1.27,0,12.0,0,25.45,0,16.45,0,1.27,0,1.27
100.0,31.0,0.00,0.00,0,13.62,0,1.27,0,1.27,0,12.0,0,25.45,0,16.45,0,1.27,0,1.27
100.0,31.5,0.00,0.00,0,13.62,0,1.27,0,1.27,0,12.0,0,25.45,0,16.45,0,1.27,0,1.27
100.0,31.6,0.00,0.00,0,13.62,0,1.27,0,1.27,0,12.0,0,25.45,0,16.45,0,1.27,0,1.27
100.0,31.8,0.00,0.00,0,13.62,0,1.27,0,1.27,0,12.0,0,25.45,0,16.45,0,1.27,0,1.27
100.0,31.8,0.00,0.00,0,13.62,0,1.27,0,1.27,0,12.0,0,25.45,0,16.45,0,1.27,0,1.27
100.0,32.2,0.00,0.00,0,13.62,0,1.27,0,1.27,0,12.0,0,25.45,0,16.45,0,1.27,0,1.27
100.0,32.3,0.00,0.00,0,13.62,0,1.27,0,1.27,0,12.0,0,25.45,0,16.45,0,1.27,0,1.27
100.0,32.3,0.00,0.00,0,13.62,0,1.27,0,1.27,0,12.0,0,25.45,0,16.45,0,1.27,0,1.27
100.0,32.3,0.00,0.00,0,13.62,0,1.27,0,1.27,0,12.0,0,25.45,0,16.45,0,1.27,0,1.27
100.0,32.3,0.00,0.00,0,13.62,0,1.27,0,1.27,0,12.0,0,25.45,0,16.45,0,1.27,0,1.27
100.0,32.3,0.00,0.00,0,13.62,0,1.27,0,1.27,0,12.0,0,25.45,0,16.45,0,1.27,0,1.27
100.0,29.7,0.00,0.00,0,13.62,0,1.27,0,1.27,0,12.0,0,25.45,0,16.45,0,1.27,0,1.27
100.0,30.2,0.00,0.00,0,13.62,0,1.27,0,1.27,0,12.0,0,25.45,0,16.45,0,1.27,0,1.27
100.0,27.4,0.00,0.00,0,13.62,0,1.27,0,1.27,0,12.0,0,25.45,0,16.45,0,1.27,0,1.27
100.0,26.5,0.00,0.00,0,13.62,0,1.27,0,1.27,0,12.0,0,25.45,0,16.45,0,1.27,0,1.27
100.0,26.4,0.00,0.00,0,13.62,0,1.27,0,1.27,0,12.0,0,25.45,0,16.45,0,1.27,0,1.27
100.0,27.6,0.00,0.00,0,13.62,0,1.27,0,1.27,0,12.0,0,25.45,0,16.45,0,1.27,0,1.27
100.0,28.2,0.00,0.00,0,13.62,0,1.27,0,1.27,0,12.0,0,25.45,0,16.45,0,1.27,0,1.27
100.0,29.0,0.00,0.00,0,13.62,0,1.27,0,1.27,0,12.0,0,25.45,0,16.45,0,1.27,0,1.27
100.0,29.6,0.00,0.00,0,13.62,0,1.27,0,1.27,0,12.0,0,25.45,0,16.45,0,1.27,0,1.27
100.0,30.5,0.00,0.00,0,13.62,0,1.27,0,1.27,0,12.0,0,25.45,0,16.45,0,1.27,0,1.27
100.0,30.5,0.00,0.00,0,13.62,0,1.27,0,1.27,0,12.0,0,25.45,0,16.45,0,1.27,0,1.27
100.0,30.8,0.00,0.00,0,13.62,0,1.27,0,1.27,0,12.0,0,25.45,0,16.45,0,1.27,0,1.27
99.7,30.8,0.00,0.00,0,13.62,0,1.27,0,1.27,0,12.0,0,25.45,0,16.45,0,1.27,0,1.27
100.0,31.2,0.00,0.00,0,13.62,0,1.27,0,1.27,0,12.0,0,25.45,0,16.45,0,1.27,0,1.27
100.0,29.5,0.00,0.00,0,13.62,0,1.27,0,1.27,0,12.0,0,25.45,0,16.45,0,1.27,0,1.27
100.0,28.7,0.00,0.00,0,13.62,0,1.27,0,1.27,0,12.0,0,25.45,0,16.45,0,1.27,0,1.27
100.0,29.5,0.00,0.00,0,13.62,0,1.27,0,1.27,0,12.0,0,25.45,0,16.45,0,1.27,0,1.27
100.0,30.9,0.00,0.00,0,13.62,0,1.27,0,1.27,0,12.0,0,25.45,0,16.45,0,1.27,0,1.27
100.0,31.6,0.00,0.00,0,13.62,0,1.27,0,1.27,0,12.0,0,25.45,0,16.45,0,1.27,0,1.27
100.0,31.6,0.00,0.00,0,13.62,0,1.27,0,1.27,0,12.0,0,25.45,0,16.45,0,1.27,0,1.27
100.0,31.6,0.00,0.00,0,13.62,0,1.27,0,1.27,0,12.0,0,25.45,0,16.45,0,1.27,0,1.27
100.0,32.0,0.00,0.00,0,13.62,0,1.27,0,1.27,0,12.0,0,25.45,0,16.45,0,1.27,0,1.27
100.0,32.0,0.00,0.00,0,13.62,0,1.27,0,1.27,0,12.0,0,25.45,0,16.45,0,1.27,0,1.27
100.0,32.0,0.00,0.00,0,13.62,0,1.27,0,1.27,0,12.0,0,25.45,0,16.45,0,1.27,0,1.27
100.0,32.0,0.00,0.00,0,13.62,0,1.27,0,1.27,0,12.0,0,25.45,0,16.45,0,1.27,0,1.27
100.0,32.0,0.00,0.00,0,13.62,0,1.27,0,1.27,0,12.0,0,25.45,0,16.45,0,1.27,0,1.27
100.0,29.4,0.00,0.00,0,13.62,0,1.27,0,1.27,0,12.0,0,25.45,0,16.45,0,1.27,0,1.27
100.0,30.1,0.00,0.00,0,13.62,0,1.27,0,1.27,0,12.0,0,25.45,0,16.45,0,1.27,0,1.27
100.0,30.8,0.00,0.00,0,13.62,0,1.27,0,1.27,0,12.0,0,25.45,0,16.45,0,1.27,0,1.27
100.0,31.4,0.00,0.00,0,13.62,0,1.27,0,1.27,0,12.0,0,25.45,0,16.45,0,1.27,0,1.27
100.0,31.6,0.00,0.00,0,13.62,0,1.27,0,1.27,0,12.0,0,25.45,0,16.45,0,1.27,0,1.27
100.0,31.6,0.00,0.00,0,13.62,0,1.27,0,1.27,0,12.0,0,25.45,0,16.45,0,1.27,0,1.27
100.0,33.6,0.00,0.00,0,13.62,0,1.27,0,1.27,0,12.0,0,25.45,0,16.45,0,1.27,0,1.27
100.0,33.6,0.00,0.00,0,13.62,0,1.27,0,1.27,0,12.0,0,25.45,0,16.45,0,1.27,0,1.27
100.0,33.6,0.00,0.00,0,13.62,0,1.27,0,1.27,0,12.0,0,25.45,0,16.45,0,1.27,0,1.27
100.0,33.7,0.00,0.00,0,13.62,0,1.27,0,1.27,0,12.0,0,25.45,0,16.45,0,1.27,0,1.27
100.0,33.7,0.00,0.00,0,13.62,0,1.27,0,1.27,0,12.0,0,25.45,0,16.45,0,1.27,0,1.27
100.0,33.7,0.00,0.00,0,13.62,0,1.27,0,1.27,0,12.0,0,25.45,0,16.45,0,1.27,0,1.27
95.2,31.1,0.00,0.00,0,13.62,0,1.27,0,1.27,0,12.0,0,25.45,0,16.45,0,1.27,0,1.27
100.0,31.1,0.00,0.00,0,13.62,0,1.27,0,1.27,0,12.0,0,25.45,0,16.45,0,1.27,0,1.27
100.0,31.7,0.00,0.00,0,13.62,0,1.27,0,1.27,0,12.0,0,25.45,0,16.45,0,1.27,0,1.27
100.0,32.6,0.00,0.00,0,13.62,0,1.27,0,1.27,0,12.0,0,25.45,0,16.45,0,1.27,0,1.27
100.0,35.5,0.00,0.00,0,13.62,0,1.27,0,1.27,0,12.0,0,25.45,0,16.45,0,1.27,0,1.27
100.0,36.1,0.00,0.00,0,13.62,0,1.27,0,1.27,0,12.0,0,25.45,0,16.45,0,1.27,0,1.27
100.0,36.7,0.00,0.00,0,13.62,0,1.27,0,1.27,0,12.0,0,25.45,0,16.45,0,1.27,0,1.27
100.0,32.1,0.00,0.00,0,13.62,0,1.27,0,1.27,0,12.0,0,25.45,0,16.45,0,1.27,0,1.27
99.4,34.7,0.00,0.00,0,13.62,0,1.27,0,1.27,0,12.0,0,25.45,0,16.45,0,1.27,0,1.27
100.0,31.8,0.00,0.00,0,13.62,0,1.27,0,1.27,0,12.0,0,25.45,0,16.45,0,1.27,0,1.27
100.0,32.6,0.00,0.00,0,13.62,0,1.27,0,1.27,0,12.0,0,25.45,0,16.45,0,1.27,0,1.27
100.0,33.6,0.00,0.00,0,13.62,0,1.27,0,1.27,0,12.0,0,25.45,0,16.45,0,1.27,0,1.27
100.0,34.0,0.00,0.00,0,13.62,0,1.27,0,1.27,0,12.0,0,25.45,0,16.45,0,1.27,0,1.27
100.0,34.6,0.00,0.00,0,13.62,0,1.27,0,1.27,0,12.0,0,25.45,0,16.45,0,1.27,0,1.27
100.0,35.2,0.00,0.00,0,13.62,0,1.27,0,1.27,0,12.0,0,25.45,0,16.45,0,1.27,0,1.27
100.0,36.2,0.00,0.00,0,13.62,0,1.27,0,1.27,0,12.0,0,25.45,0,16.45,0,1.27,0,1.27
100.0,36.1,0.00,0.00,0,13.62,0,1.27,0,1.27,0,12.0,0,25.45,0,16.45,0,1.27,0,1.27
100.0,36.2,0.00,0.00,0,13.62,0,1.27,0,1.27,0,12.0,0,25.45,0,16.45,0,1.27,0,1.27
100.0,36.5,0.00,0.00,0,13.62,0,1.27,0,1.27,0,12.0,0,25.45,0,16.45,0,1.27,0,1.27
100.0,36.5,0.00,0.00,0,13.62,0,1.27,0,1.27,0,12.0,0,25.45,0,16.45,0,1.27,0,1.27
100.0,36.9,0.00,0.00,0,13.62,0,1.27,0,1.27,0,12.0,0,25.45,0,16.45,0,1.27,0,1.27
100.0,36.9,0.00,0.00,0,13.62,0,1.27,0,1.27,0,12.0,0,25.45,0,16.45,0,1.27,0,1.27
100.0,36.9,0.00,0.00,0,13.62,0,1.27,0,1.27,0,12.0,0,25.45,0,16.45,0,1.27,0,1.27
100.0,36.9,0.00,0.00,0,13.62,0,1.27,0,1.27,0,12.0,0,25.45,0,16.45,0,1.27,0,1.27
100.0,37.2,0.00,0.00,0,13.62,0,1.27,0,1.27,0,12.0,0,25.45,0,16.45,0,1.27,0,1.27
100.0,37.7,0.00,0.00,0,13.62,0,1.27,0,1.27,0,12.0,0,25.45,0,16.45,0,1.27,0,1.27
100.0,37.7,0.00,0.00,0,13.62,0,1.27,0,1.27,0,12.0,0,25.45,0,16.45,0,1.27,0,1.27
100.0,37.8,0.00,0.00,0,13.62,0,1.27,0,1.27,0,12.0,0,25.45,0,16.45,0,1.27,0,1.27
100.0,37.7,0.00,0.00,0,13.62,0,1.27,0,1.27,0,12.0,0,25.45,0,16.45,0,1.27,0,1.27
99.7,32.3,0.00,0.00,0,13.62,0,1.27,0,1.27,0,12.0,0,25.45,0,16.45,0,1.27,0,1.27
100.0,31.1,0.00,0.00,0,13.62,0,1.27,0,1.27,0,12.0,0,25.45,0,16.45,0,1.27,0,1.27
98.3,31.6,0.00,0.00,0,13.62,0,1.27,0,1.27,0,12.0,0,25.45,0,16.45,0,1.27,0,1.27
100.0,32.2,0.00,0.00,0,13.62,0,1.27,0,1.27,0,12.0,0,25.45,0,16.45,0,1.27,0,1.27
100.0,32.4,0.00,0.00,0,13.62,0,1.27,0,1.27,0,12.0,0,25.45,0,16.45,0,1.27,0,1.27
100.0,32.6,0.00,0.00,0,13.62,0,1.27,0,1.27,0,12.0,0,25.45,0,16.45,0,1.27,0,1.27
100.0,32.6,0.00,0.00,0,13.62,0,1.27,0,1.27,0,12.0,0,25.45,0,16.45,0,1.27,0,1.27
100.0,33.0,0.00,0.00,0,13.62,0,1.27,0,1.27,0,12.0,0,25.45,0,16.45,0,1.27,0,1.27
100.0,33.0,0.00,0.00,0,13.62,0,1.27,0,1.27,0,12.0,0,25.45,0,16.45,0,1.27,0,1.27
100.0,34.5,0.00,0.00,0,13.62,0,1.27,0,1.27,0,12.0,0,25.45,0,16.45,0,1.27,0,1.27
100.0,34.6,0.00,0.00,0,13.62,0,1.27,0,1.27,0,12.0,0,25.45,0,16.45,0,1.27,0,1.27
100.0,35.5,0.00,0.00,0,13.62,0,1.27,0,1.27,0,12.0,0,25.45,0,16.45,0,1.27,0,1.27
100.0,35.4,0.00,0.00,0,13.62,0,1.27,0,1.27,0,12.0,0,25.45,0,16.45,0,1.27,0,1.27
100.0,35.5,0.00,0.00,0,13.62,0,1.27,0,1.27,0,12.0,0,25.45,0,16.45,0,1.27,0,1.27
100.0,35.5,0.00,0.00,0,13.62,0,1.27,0,1.27,0,12.0,0,25.45,0,16.45,0,1.27,0,1.27
100.0,35.5,0.00,0.00,0,13.62,0,1.27,0,1.27,0,12.0,0,25.45,0,16.45,0,1.27,0,1.27
100.0,32.6,0.00,0.00,0,13.62,0,1.27,0,1.27,0,12.0,0,25.45,0,16.45,0,1.27,0,1.27
100.0,33.0,0.00,0.00,0,13.62,0,1.27,0,1.27,0,12.0,0,25.45,0,16.45,0,1.27,0,1.27
100.0,33.4,0.00,0.00,0,13.62,0,1.27,0,1.27,0,12.0,0,25.45,0,16.45,0,1.27,0,1.27
100.0,34.3,0.00,0.00,0,13.62,0,1.27,0,1.27,0,12.0,0,25.45,0,16.45,0,1.27,0,1.27
100.0,34.4,0.00,0.00,0,13.62,0,1.27,0,1.27,0,12.0,0,25.45,0,16.45,0,1.27,0,1.27
97.9,34.6,0.00,0.00,0,13.62,0,1.27,0,1.27,0,12.0,0,25.45,0,16.45,0,1.27,0,1.27
100.0,34.6,0.00,0.00,0,13.62,0,1.27,0,1.27,0,12.0,0,25.45,0,16.45,0,1.27,0,1.27
100.0,35.0,0.00,0.00,0,13.62,0,1.27,0,1.27,0,12.0,0,25.45,0,16.45,0,1.27,0,1.27
100.0,35.0,0.00,0.00,0,13.62,0,1.27,0,1.27,0,12.0,0,25.45,0,16.45,0,1.27,0,1.27
100.0,29.6,0.00,0.00,0,13.62,0,1.27,0,1.27,0,12.0,0,25.45,0,16.45,0,1.27,0,1.27
99.8,30.4,0.00,0.00,0,13.62,0,1.27,0,1.27,0,12.0,0,25.45,0,16.45,0,1.27,0,1.27
100.0,28.2,0.00,0.00,0,13.62,0,1.27,0,1.27,0,12.0,0,25.45,0,16.45,0,1.27,0,1.27
100.0,28.6,0.00,0.00,0,13.62,0,1.27,0,1.27,0,12.0,0,25.45,0,16.45,0,1.27,0,1.27
100.0,30.0,0.00,0.00,0,13.62,0,1.27,0,1.27,0,12.0,0,25.45,0,16.45,0,1.27,0,1.27
100.0,30.7,0.00,0.00,0,13.62,0,1.27,0,1.27,0,12.0,0,25.45,0,16.45,0,1.27,0,1.27
100.0,31.8,0.00,0.00,0,13.62,0,1.27,0,1.27,0,12.0,0,25.45,0,16.45,0,1.27,0,1.27
100.0,31.9,0.00,0.00,0,13.62,0,1.27,0,1.27,0,12.0,0,25.45,0,16.45,0,1.27,0,1.27
100.0,32.1,0.00,0.00,0,13.62,0,1.27,0,1.27,0,12.0,0,25.45,0,16.45,0,1.27,0,1.27
100.0,32.5,0.00,0.00,0,13.62,0,1.27,0,1.27,0,12.0,0,25.45,0,16.45,0,1.27,0,1.27
100.0,32.5,0.00,0.00,0,13.62,0,1.27,0,1.27,0,12.0,0,25.45,0,16.45,0,1.27,0,1.27
100.0,32.6,0.00,0.00,0,13.62,0,1.27,0,1.27,0,12.0,0,25.45,0,16.45,0,1.27,0,1.27
100.0,30.1,0.00,0.00,0,13.62,0,1.27,0,1.27,0,12.0,0,25.45,0,16.45,0,1.27,0,1.27
100.0,29.1,0.00,0.00,0,13.62,0,1.27,0,1.27,0,12.0,0,25.45,0,16.45,0,1.27,0,1.27
100.0,30.3,0.00,0.00,0,13.62,0,1.27,0,1.27,0,12.0,0,25.45,0,16.45,0,1.27,0,1.27
100.0,31.6,0.00,0.00,0,13.62,0,1.27,0,1.27,0,12.0,0,25.45,0,16.45,0,1.27,0,1.27
100.0,31.9,0.00,0.00,0,13.62,0,1.27,0,1.27,0,12.0,0,25.45,0,16.45,0,1.27,0,1.27
100.0,32.6,0.00,0.00,0,13.62,0,1.27,0,1.27,0,12.0,0,25.45,0,16.45,0,1.27,0,1.27
100.0,32.7,0.00,0.00,0,13.62,0,1.27,0,1.27,0,12.0,0,25.45,0,16.45,0,1.27,0,1.27
100.0,33.0,0.00,0.00,0,13.62,0,1.27,0,1.27,0,12.0,0,25.45,0,16.45,0,1.27,0,1.27
99.0,33.3,0.00,0.00,0,13.62,0,1.27,0,1.27,0,12.0,0,25.45,0,16.45,0,1.27,0,1.27
99.1,33.4,0.00,0.00,0,13.62,0,1.27,0,1.27,0,12.0,0,25.45,0,16.45,0,1.27,0,1.27
100.0,33.4,0.00,0.00,0,13.62,0,1.27,0,1.27,0,12.0,0,25.45,0,16.45,0,1.27,0,1.27
100.0,33.4,0.00,0.00,0,13.62,0,1.27,0,1.27,0,12.0,0,25.45,0,16.45,0,1.27,0,1.27
100.0,33.4,0.00,0.00,0,13.62,0,1.27,0,1.27,0,12.0,0,25.45,0,16.45,0,1.27,0,1.27
100.0,34.1,0.00,0.00,0,13.62,0,1.27,0,1.27,0,12.0,0,25.45,0,16.45,0,1.27,0,1.27
100.0,34.2,0.00,0.00,0,13.62,0,1.27,0,1.27,0,12.0,0,25.45,0,16.45,0,1.27,0,1.27
100.0,34.2,0.00,0.00,0,13.62,0,1.27,0,1.27,0,12.0,0,25.45,0,16.45,0,1.27,0,1.27
100.0,35.7,0.00,0.00,0,13.62,0,1.27,0,1.27,0,12.0,0,25.45,0,16.45,0,1.27,0,1.27
100.0,35.8,0.00,0.00,0,13.62,0,1.27,0,1.27,0,12.0,0,25.45,0,16.45,0,1.27,0,1.27
100.0,35.8,0.00,0.00,0,13.62,0,1.27,0,1.27,0,12.0,0,25.45,0,16.45,0,1.27,0,1.27
100.0,35.8,0.00,0.00,0,13.62,0,1.27,0,1.27,0,12.0,0,25.45,0,16.45,0,1.27,0,1.27
100.0,35.8,0.00,0.00,0,13.62,0,1.27,0,1.27,0,12.0,0,25.45,0,16.45,0,1.27,0,1.27
100.0,35.8,0.00,0.00,0,13.62,0,1.27,0,1.27,0,12.0,0,25.45,0,16.45,0,1.27,0,1.27
100.0,35.8,0.00,0.00,0,13.62,0,1.27,0,1.27,0,12.0,0,25.45,0,16.45,0,1.27,0,1.27
100.0,35.9,0.00,0.00,0,13.62,0,1.27,0,1.27,0,12.0,0,25.45,0,16.45,0,1.27,0,1.27
100.0,35.9,0.00,0.00,0,13.62,0,1.27,0,1.27,0,12.0,0,25.45,0,16.45,0,1.27,0,1.27
100.0,35.9,0.00,0.00,0,13.62,0,1.27,0,1.27,0,12.0,0,25.45,0,16.45,0,1.27,0,1.27
100.0,35.9,0.00,0.00,0,13.62,0,1.27,0,1.27,0,12.0,0,25.45,0,16.45,0,1.27,0,1.27
100.0,35.9,0.00,0.00,0,13.62,0,1.27,0,1.27,0,12.0,0,25.45,0,16.45,0,1.27,0,1.27
100.0,33.2,0.00,0.00,0,13.62,0,1.27,0,1.27,0,12.0,0,25.45,0,16.45,0,1.27,0,1.27
100.0,32.0,0.00,0.00,0,13.62,0,1.27,0,1.27,0,12.0,0,25.45,0,16.45,0,1.27,0,1.27
100.0,31.5,0.00,0.00,0,13.62,0,1.27,0,1.27,0,12.0,0,25.45,0,16.45,0,1.27,0,1.27
100.0,28.4,0.00,0.00,0,13.62,0,1.27,0,1.27,0,12.0,0,25.45,0,16.45,0,1.27,0,1.27
100.0,27.4,0.00,0.00,0,13.62,0,1.27,0,1.27,0,12.0,0,25.45,0,16.45,0,1.27,0,1.27
100.0,31.2,0.00,0.00,0,13.62,0,1.27,0,1.27,0,12.0,0,25.45,0,16.45,0,1.27,0,1.27
100.0,29.8,0.00,0.00,0,13.62,0,1.27,0,1.27,0,12.0,0,25.45,0,16.45,0,1.27,0,1.27
98.3,30.7,0.00,0.00,0,13.62,0,1.27,0,1.27,0,12.0,0,25.45,0,16.45,0,1.27,0,1.27
100.0,31.9,0.00,0.00,0,13.62,0,1.27,0,1.27,0,12.0,0,25.45,0,16.45,0,1.27,0,1.27
100.0,32.5,0.00,0.00,0,13.62,0,1.27,0,1.27,0,12.0,0,25.45,0,16.45,0,1.27,0,1.27
100.0,32.7,0.00,0.00,0,13.62,0,1.27,0,1.27,0,12.0,0,25.45,0,16.45,0,1.27,0,1.27
100.0,32.8,0.00,0.00,0,13.62,0,1.27,0,1.27,0,12.0,0,25.45,0,16.45,0,1.27,0,1.27
100.0,33.1,0.00,0.00,0,13.62,0,1.27,0,1.27,0,12.0,0,25.45,0,16.45,0,1.27,0,1.27
100.0,33.8,0.00,0.00,0,13.62,0,1.27,0,1.27,0,12.0,0,25.45,0,16.45,0,1.27,0,1.27
95.9,34.0,0.00,0.00,0,13.62,0,1.27,0,1.27,0,12.0,0,25.45,0,16.45,0,1.27,0,1.27
100.0,34.0,0.00,0.00,0,13.62,0,1.27,0,1.27,0,12.0,0,25.45,0,16.45,0,1.27,0,1.27
100.0,33.9,0.00,0.00,0,13.62,0,1.27,0,1.27,0,12.0,0,25.45,0,16.45,0,1.27,0,1.27
100.0,34.0,0.00,0.00,0,13.62,0,1.27,0,1.27,0,12.0,0,25.45,0,16.45,0,1.27,0,1.27
100.0,34.8,0.00,0.00,0,13.62,0,1.27,0,1.27,0,12.0,0,25.45,0,16.45,0,1.27,0,1.27
100.0,34.8,0.00,0.00,0,13.62,0,1.27,0,1.27,0,12.0,0,25.45,0,16.45,0,1.27,0,1.27
100.0,34.8,0.00,0.00,0,13.62,0,1.27,0,1.27,0,12.0,0,25.45,0,16.45,0,1.27,0,1.27
100.0,34.8,0.00,0.00,0,13.62,0,1.27,0,1.27,0,12.0,0,25.45,0,16.45,0,1.27,0,1.27
100.0,34.8,0.00,0.00,0,13.62,0,1.27,0,1.27,0,12.0,0,25.45,0,16.45,0,1.27,0,1.27
100.0,34.8,0.00,0.00,0,13.62,0,1.27,0,1.27,0,12.0,0,25.45,0,16.45,0,1.27,0,1.27
100.0,34.8,0.00,0.00,0,13.62,0,1.27,0,1.27,0,12.0,0,25.45,0,16.45,0,1.27,0,1.27
100.0,34.8,0.00,0.00,0,13.62,0,1.27,0,1.27,0,12.0,0,25.45,0,16.45,0,1.27,0,1.27
99.9,34.9,0.00,0.00,0,13.62,0,1.27,0,1.27,0,12.0,0,25.45,0,16.45,0,1.27,0,1.27
100.0,34.9,0.00,0.00,0,13.62,0,1.27,0,1.27,0,12.0,0,25.45,0,16.45,0,1.27,0,1.27
100.0,34.9,0.00,0.00,0,13.62,0,1.27,0,1.27,0,12.0,0,25.45,0,16.45,0,1.27,0,1.27
98.7,35.7,0.00,0.00,0,13.62,0,1.27,0,1.27,0,12.0,0,25.45,0,16.45,0,1.27,0,1.27
100.0,36.5,0.00,0.00,0,13.62,0,1.27,0,1.27,0,12.0,0,25.45,0,16.45,0,1.27,0,1.27
100.0,37.2,0.00,0.00,0,13.62,0,1.27,0,1.27,0,12.0,0,25.45,0,16.45,0,1.27,0,1.27
100.0,38.1,0.00,0.00,0,13.62,0,1.27,0,1.27,0,12.0,0,25.45,0,16.45,0,1.27,0,1.27
100.0,38.1,0.00,0.00,0,13.62,0,1.27,0,1.27,0,12.0,0,25.45,0,16.45,0,1.27,0,1.27
100.0,38.1,0.00,0.00,0,13.62,0,1.27,0,1.27,0,12.0,0,25.45,0,16.45,0,1.27,0,1.27
100.0,38.1,0.00,0.00,0,13.62,0,1.27,0,1.27,0,12.0,0,25.45,0,16.45,0,1.27,0,1.27
100.0,38.1,0.00,0.00,0,13.62,0,1.27,0,1.27,0,12.0,0,25.45,0,16.45,0,1.27,0,1.27
100.0,38.1,0.00,0.00,0,13.62,0,1.27,0,1.27,0,12.0,0,25.45,0,16.45,0,1.27,0,1.27
100.0,38.1,0.00,0.00,0,13.62,0,1.27,0,1.27,0,12.0,0,25.45,0,16.45,0,1.27,0,1.27
100.0,38.1,0.00,0.00,0,13.62,0,1.27,0,1.27,0,12.0,0,25.45,0,16.45,0,1.27,0,1.27
98.7,35.7,0.00,0.00,0,13.62,0,1.27,0,1.27,0,12.0,0,25.45,0,16.45,0,1.27,0,1.27
100.0,35.1,0.00,0.00,0,13.62,0,1.27,0,1.27,0,12.0,0,25.45,0,16.45,0,1.27,0,1.27
100.0,30.5,0.00,0.00,0,13.62,0,1.27,0,1.27,0,12.0,0,25.45,0,16.45,0,1.27,0,1.27
100.0,31.0,0.00,0.00,0,13.62,0,1.27,0,1.27,0,12.0,0,25.45,0,16.45,0,1.27,0,1.27
100.0,31.3,0.00,0.00,0,13.62,0,1.27,0,1.27,0,12.0,0,25.45,0,16.45,0,1.27,0,1.27
99.7,31.6,0.00,0.00,0,13.62,0,1.27,0,1.27,0,12.0,0,25.45,0,16.45,0,1.27,0,1.27
100.0,31.6,0.00,0.00,0,13.62,0,1.27,0,1.27,0,12.0,0,25.45,0,16.45,0,1.27,0,1.27
100.0,31.8,0.00,0.00,0,13.62,0,1.27,0,1.27,0,12.0,0,25.45,0,16.45,0,1.27,0,1.27
100.0,29.1,0.00,0.00,0,13.62,0,1.27,0,1.27,0,12.0,0,25.45,0,16.45,0,1.27,0,1.27
100.0,27.5,0.00,0.00,0,13.62,0,1.27,0,1.27,0,12.0,0,25.45,0,16.45,0,1.27,0,1.27
100.0,22.5,0.00,0.00,0,13.62,0,1.27,0,1.27,0,12.0,0,25.45,0,16.45,0,1.27,0,1.27
100.0,23.2,0.00,0.00,0,13.62,0,1.27,0,1.27,0,12.0,0,25.45,0,16.45,0,1.27,0,1.27
100.0,24.7,0.00,0.00,0,13.62,0,1.27,0,1.27,0,12.0,0,25.45,0,16.45,0,1.27,0,1.27
100.0,25.3,0.00,0.00,0,13.62,0,1.27,0,1.27,0,12.0,0,25.45,0,16.45,0,1.27,0,1.27
100.0,26.1,0.00,0.00,0,13.62,0,1.27,0,1.27,0,12.0,0,25.45,0,16.45,0,1.27,0,1.27
100.0,26.7,0.00,0.00,0,13.62,0,1.27,0,1.27,0,12.0,0,25.45,0,16.45,0,1.27,0,1.27
100.0,26.7,0.00,0.00,0,13.62,0,1.27,0,1.27,0,12.0,0,25.45,0,16.45,0,1.27,0,1.27
100.0,27.1,0.00,0.00,0,13.62,0,1.27,0,1.27,0,12.0,0,25.45,0,16.45,0,1.27,0,1.27
100.0,26.9,0.00,0.00,0,13.62,0,1.27,0,1.27,0,12.0,0,25.45,0,16.45,0,1.27,0,1.27
100.0,24.9,0.00,0.00,0,13.62,0,1.27,0,1.27,0,12.0,0,25.45,0,16.45,0,1.27,0,1.27
100.0,25.7,0.00,0.00,0,13.62,0,1.27,0,1.27,0,12.0,0,25.45,0,16.45,0,1.27,0,1.27
100.0,25.6,0.00,0.00,0,13.62,0,1.27,0,1.27,0,12.0,0,25.45,0,16.45,0,1.27,0,1.27
100.0,26.7,0.00,0.00,0,13.62,0,1.27,0,1.27,0,12.0,0,25.45,0,16.45,0,1.27,0,1.27
100.0,27.7,0.00,0.00,0,13.62,0,1.27,0,1.27,0,12.0,0,25.45,0,16.45,0,1.27,0,1.27
100.0,29.2,0.00,0.00,0,13.62,0,1.27,0,1.27,0,12.0,0,25.45,0,16.45,0,1.27,0,1.27
100.0,28.8,0.00,0.00,0,13.62,0,1.27,0,1.27,0,12.0,0,25.45,0,16.45,0,1.27,0,1.27
100.0,29.4,0.00,0.00,0,13.62,0,1.27,0,1.27,0,12.0,0,25.45,0,16.45,0,1.27,0,1.27
100.0,29.4,0.00,0.00,0,13.62,0,1.27,0,1.27,0,12.0,0,25.45,0,16.45,0,1.27,0,1.27
100.0,29.8,0.00,0.00,0,13.62,0,1.27,0,1.27,0,12.0,0,25.45,0,16.45,0,1.27,0,1.27
100.0,29.8,0.00,0.00,0,13.62,0,1.27,0,1.27,0,12.0,0,25.45,0,16.45,0,1.27,0,1.27
100.0,29.8,0.00,0.00,0,13.62,0,1.27,0,1.27,0,12.0,0,25.45,0,16.45,0,1.27,0,1.27
100.0,29.9,0.00,0.00,0,13.62,0,1.27,0,1.27,0,12.0,0,25.45,0,16.45,0,1.27,0,1.27
100.0,29.9,0.00,0.00,0,13.62,0,1.27,0,1.27,0,12.0,0,25.45,0,16.45,0,1.27,0,1.27
100.0,28.2,0.00,0.00,0,13.62,0,1.27,0,1.27,0,12.0,0,25.45,0,16.45,0,1.27,0,1.27
100.0,27.3,0.00,0.00,0,13.62,0,1.27,0,1.27,0,12.0,0,25.45,0,16.45,0,1.27,0,1.27
100.0,28.0,0.00,0.00,0,13.62,0,1.27,0,1.27,0,12.0,0,25.45,0,16.45,0,1.27,0,1.27
100.0,29.0,0.00,0.00,0,13.62,0,1.27,0,1.27,0,12.0,0,25.45,0,16.45,0,1.27,0,1.27
100.0,29.0,0.00,0.00,0,13.62,0,1.27,0,1.27,0,12.0,0,25.45,0,16.45,0,1.27,0,1.27
100.0,30.0,0.00,0.00,0,13.62,0,1.27,0,1.27,0,12.0,0,25.45,0,16.45,0,1.27,0,1.27
100.0,30.0,0.00,0.00,0,13.62,0,1.27,0,1.27,0,12.0,0,25.45,0,16.45,0,1.27,0,1.27
100.0,30.4,0.00,0.00,0,13.62,0,1.27,0,1.27,0,12.0,0,25.45,0,16.45,0,1.27,0,1.27
100.0,30.4,0.00,0.00,0,13.62,0,1.27,0,1.27,0,12.0,0,25.45,0,16.45,0,1.27,0,1.27
100.0,27.5,0.00,0.00,0,13.62,0,1.27,0,1.27,0,12.0,0,25.45,0,16.45,0,1.27,0,1.27
100.0,26.2,0.00,0.00,0,13.62,0,1.27,0,1.27,0,12.0,0,25.45,0,16.45,0,1.27,0,1.27
100.0,26.7,0.00,0.00,0,13.62,0,1.27,0,1.27,0,12.0,0,25.45,0,16.45,0,1.27,0,1.27
100.0,25.2,0.00,0.00,0,13.62,0,1.27,0,1.27,0,12.0,0,25.45,0,16.45,0,1.27,0,1.27
100.0,26.3,0.00,0.00,0,13.62,0,1.27,0,1.27,0,12.0,0,25.45,0,16.45,0,1.27,0,1.27
100.0,27.8,0.00,0.00,0,13.62,0,1.27,0,1.27,0,12.0,0,25.45,0,16.45,0,1.27,0,1.27
100.0,28.6,0.00,0.00,0,13.62,0,1.27,0,1.27,0,12.0,0,25.45,0,16.45,0,1.27,0,1.27
100.0,29.0,0.00,0.00,0,13.62,0,1.27,0,1.27,0,12.0,0,25.45,0,16.45,0,1.27,0,1.27
100.0,29.2,0.00,0.00,0,13.62,0,1.27,0,1.27,0,12.0,0,25.45,0,16.45,0,1.27,0,1.27
100.0,29.6,0.00,0.00,0,13.62,0,1.27,0,1.27,0,12.0,0,25.45,0,16.45,0,1.27,0,1.27
100.0,30.0,0.00,0.00,0,13.62,0,1.27,0,1.27,0,12.0,0,25.45,0,16.45,0,1.27,0,1.27
100.0,30.0,0.00,0.00,0,13.62,0,1.27,0,1.27,0,12.0,0,25.45,0,16.45,0,1.27,0,1.27
100.0,30.0,0.00,0.00,0,13.62,0,1.27,0,1.27,0,12.0,0,25.45,0,16.45,0,1.27,0,1.27
99.1,30.0,0.00,0.00,0,13.62,0,1.27,0,1.27,0,12.0,0,25.45,0,16.45,0,1.27,0,1.27
100.0,30.9,0.00,0.00,0,13.62,0,1.27,0,1.27,0,12.0,0,25.45,0,16.45,0,1.27,0,1.27
100.0,30.8,0.00,0.00,0,13.62,0,1.27,0,1.27,0,12.0,0,25.45,0,16.45,0,1.27,0,1.27
100.0,30.9,0.00,0.00,0,13.62,0,1.27,0,1.27,0,12.0,0,25.45,0,16.45,0,1.27,0,1.27
100.0,28.3,0.00,0.00,0,13.62,0,1.27,0,1.27,0,12.0,0,25.45,0,16.45,0,1.27,0,1.27
100.0,28.9,0.00,0.00,0,13.62,0,1.27,0,1.27,0,12.0,0,25.45,0,16.45,0,1.27,0,1.27
100.0,29.6,0.00,0.00,0,13.62,0,1.27,0,1.27,0,12.0,0,25.45,0,16.45,0,1.27,0,1.27
100.0,30.3,0.00,0.00,0,13.62,0,1.27,0,1.27,0,12.0,0,25.45,0,16.45,0,1.27,0,1.27
100.0,30.6,0.00,0.00,0,13.62,0,1.27,0,1.27,0,12.0,0,25.45,0,16.45,0,1.27,0,1.27
100.0,28.1,0.00,0.00,0,13.62,0,1.27,0,1.27,0,12.0,0,25.45,0,16.45,0,1.27,0,1.27
100.0,26.5,0.00,0.00,0,13.62,0,1.27,0,1.27,0,12.0,0,25.45,0,16.45,0,1.27,0,1.27
100.0,27.8,0.00,0.00,0,13.62,0,1.27,0,1.27,0,12.0,0,25.45,0,16.45,0,1.27,0,1.27
100.0,28.3,0.00,0.00,0,13.62,0,1.27,0,1.27,0,12.0,0,25.45,0,16.45,0,1.27,0,1.27
100.0,28.9,0.00,0.00,0,13.62,0,1.27,0,1.27,0,12.0,0,25.45,0,16.45,0,1.27,0,1.27
100.0,29.7,0.00,0.00,0,13.62,0,1.27,0,1.27,0,12.0,0,25.45,0,16.45,0,1.27,0,1.27
100.0,29.8,0.00,0.00,0,13.62,0,1.27,0,1.27,0,12.0,0,25.45,0,16.45,0,1.27,0,1.27
100.0,30.0,0.00,0.00,0,13.62,0,1.27,0,1.27,0,12.0,0,25.45,0,16.45,0,1.27,0,1.27
98.8,30.0,0.00,0.00,0,13.62,0,1.27,0,1.27,0,12.0,0,25.45,0,16.45,0,1.27,0,1.27
100.0,29.1,0.00,0.00,0,13.62,0,1.27,0,1.27,0,12.0,0,25.45,0,16.45,0,1.27,0,1.27
99.9,28.3,0.00,0.00,0,13.62,0,1.27,0,1.27,0,12.0,0,25.45,0,16.45,0,1.27,0,1.27
99.8,29.1,0.00,0.00,0,13.62,0,1.27,0,1.27,0,12.0,0,25.45,0,16.45,0,1.27,0,1.27
100.0,29.8,0.00,0.00,0,13.62,0,1.27,0,1.27,0,12.0,0,25.45,0,16.45,0,1.27,0,1.27
100.0,30.0,0.00,0.00,0,13.62,0,1.27,0,1.27,0,12.0,0,25.45,0,16.45,0,1.27,0,1.27
100.0,30.8,0.00,0.00,0,13.62,0,1.27,0,1.27,0,12.0,0,25.45,0,16.45,0,1.27,0,1.27
100.0,31.2,0.00,0.00,0,13.62,0,1.27,0,1.27,0,12.0,0,25.45,0,16.45,0,1.27,0,1.27
100.0,31.2,0.00,0.00,0,13.62,0,1.27,0,1.27,0,12.0,0,25.45,0,16.45,0,1.27,0,1.27
100.0,31.2,0.00,0.00,0,13.62,0,1.27,0,1.27,0,12.0,0,25.45,0,16.45,0,1.27,0,1.27
100.0,31.2,0.00,0.00,0,13.62,0,1.27,0,1.27,0,12.0,0,25.45,0,16.45,0,1.27,0,1.27
100.0,31.3,0.00,0.00,0,13.62,0,1.27,0,1.27,0,12.0,0,25.45,0,16.45,0,1.27,0,1.27
100.0,31.3,0.00,0.00,0,13.62,0,1.27,0,1.27,0,12.0,0,25.45,0,16.45,0,1.27,0,1.27
99.9,31.3,0.00,0.00,0,13.62,0,1.27,0,1.27,0,12.0,0,25.45,0,16.45,0,1.27,0,1.27
100.0,28.6,0.00,0.00,0,13.62,0,1.27,0,1.27,0,12.0,0,25.45,0,16.45,0,1.27,0,1.27
100.0,26.8,0.00,0.00,0,13.62,0,1.27,0,1.27,0,12.0,0,25.45,0,16.45,0,1.27,0,1.27
99.8,26.2,0.00,0.00,0,13.62,0,1.27,0,1.27,0,12.0,0,25.45,0,16.45,0,1.27,0,1.27
99.9,27.5,0.00,0.00,0,13.62,0,1.27,0,1.27,0,12.0,0,25.45,0,16.45,0,1.27,0,1.27
99.9,28.4,0.00,0.00,0,13.62,0,1.27,0,1.27,0,12.0,0,25.45,0,16.45,0,1.27,0,1.27
100.0,29.1,0.00,0.00,0,13.62,0,1.27,0,1.27,0,12.0,0,25.45,0,16.45,0,1.27,0,1.27
99.8,29.8,0.00,0.00,0,13.62,0,1.27,0,1.27,0,12.0,0,25.45,0,16.45,0,1.27,0,1.27
100.0,30.0,0.00,0.00,0,13.62,0,1.27,0,1.27,0,12.0,0,25.45,0,16.45,0,1.27,0,1.27
100.0,30.1,0.00,0.00,0,13.62,0,1.27,0,1.27,0,12.0,0,25.45,0,16.45,0,1.27,0,1.27
100.0,30.5,0.00,0.00,0,13.62,0,1.27,0,1.27,0,12.0,0,25.45,0,16.45,0,1.27,0,1.27
100.0,30.5,0.00,0.00,0,13.62,0,1.27,0,1.27,0,12.0,0,25.45,0,16.45,0,1.27,0,1.27
100.0,27.9,0.00,0.00,0,13.62,0,1.27,0,1.27,0,12.0,0,25.45,0,16.45,0,1.27,0,1.27
100.0,29.2,0.00,0.00,0,13.62,0,1.27,0,1.27,0,12.0,0,25.45,0,16.45,0,1.27,0,1.27
100.0,30.3,0.00,0.00,0,13.62,0,1.27,0,1.27,0,12.0,0,25.45,0,16.45,0,1.27,0,1.27
100.0,31.1,0.00,0.00,0,13.62,0,1.27,0,1.27,0,12.0,0,25.45,0,16.45,0,1.27,0,1.27
100.0,31.1,0.00,0.00,0,13.62,0,1.27,0,1.27,0,12.0,0,25.45,0,16.45,0,1.27,0,1.27
100.0,31.2,0.00,0.00,0,13.62,0,1.27,0,1.27,0,12.0,0,25.45,0,16.45,0,1.27,0,1.27
100.0,31.3,0.00,0.00,0,13.62,0,1.27,0,1.27,0,12.0,0,25.45,0,16.45,0,1.27,0,1.27
100.0,31.7,0.00,0.00,0,13.62,0,1.27,0,1.27,0,12.0,0,25.45,0,16.45,0,1.27,0,1.27
100.0,31.7,0.00,0.00,0,13.62,0,1.27,0,1.27,0,12.0,0,25.45,0,16.45,0,1.27,0,1.27
100.0,31.7,0.00,0.00,0,13.62,0,1.27,0,1.27,0,12.0,0,25.45,0,16.45,0,1.27,0,1.27
100.0,28.6,0.00,0.00,0,13.62,0,1.27,0,1.27,0,12.0,0,25.45,0,16.45,0,1.27,0,1.27
100.0,27.2,0.00,0.00,0,13.62,0,1.27,0,1.27,0,12.0,0,25.45,0,16.45,0,1.27,0,1.27
100.0,27.9,0.00,0.00,0,13.62,0,1.27,0,1.27,0,12.0,0,25.45,0,16.45,0,1.27,0,1.27
100.0,28.4,0.00,0.00,0,13.62,0,1.27,0,1.27,0,12.0,0,25.45,0,16.45,0,1.27,0,1.27
100.0,29.0,0.00,0.00,0,13.62,0,1.27,0,1.27,0,12.0,0,25.45,0,16.45,0,1.27,0,1.27
100.0,30.8,0.00,0.00,0,13.62,0,1.27,0,1.27,0,12.0,0,25.45,0,16.45,0,1.27,0,1.27
99.6,31.0,0.00,0.00,0,13.62,0,1.27,0,1.27,0,12.0,0,25.45,0,16.45,0,1.27,0,1.27
100.0,31.0,0.00,0.00,0,13.62,0,1.27,0,1.27,0,12.0,0,25.45,0,16.45,0,1.27,0,1.27
98.2,31.2,0.00,0.00,0,13.62,0,1.27,0,1.27,0,12.0,0,25.45,0,16.45,0,1.27,0,1.27
100.0,31.2,0.00,0.00,0,13.62,0,1.27,0,1.27,0,12.0,0,25.45,0,16.45,0,1.27,0,1.27
100.0,31.6,0.00,0.00,0,13.62,0,1.27,0,1.27,0,12.0,0,25.45,0,16.45,0,1.27,0,1.27
100.0,29.2,0.00,0.00,0,13.62,0,1.27,0,1.27,0,12.0,0,25.45,0,16.45,0,1.27,0,1.27
100.0,27.9,0.00,0.00,0,13.62,0,1.27,0,1.27,0,12.0,0,25.45,0,16.45,0,1.27,0,1.27
100.0,28.7,0.00,0.00,0,13.62,0,1.27,0,1.27,0,12.0,0,25.45,0,16.45,0,1.27,0,1.27
100.0,29.1,0.00,0.00,0,13.62,0,1.27,0,1.27,0,12.0,0,25.45,0,16.45,0,1.27,0,1.27
100.0,30.0,0.00,0.00,0,13.62,0,1.27,0,1.27,0,12.0,0,25.45,0,16.45,0,1.27,0,1.27
100.0,30.1,0.00,0.00,0,13.62,0,1.27,0,1.27,0,12.0,0,25.45,0,16.45,0,1.27,0,1.27
100.0,31.1,0.00,0.00,0,13.62,0,1.27,0,1.27,0,12.0,0,25.45,0,16.45,0,1.27,0,1.27
100.0,31.1,0.00,0.00,0,13.62,0,1.27,0,1.27,0,12.0,0,25.45,0,16.45,0,1.27,0,1.27
100.0,31.5,0.00,0.00,0,13.62,0,1.27,0,1.27,0,12.0,0,25.45,0,16.45,0,1.27,0,1.27
100.0,31.5,0.00,0.00,0,13.62,0,1.27,0,1.27,0,12.0,0,25.45,0,16.45,0,1.27,0,1.27
100.0,31.5,0.00,0.00,0,13.62,0,1.27,0,1.27,0,12.0,0,25.45,0,16.45,0,1.27,0,1.27
100.0,31.5,0.00,0.00,0,13.62,0,1.27,0,1.27,0,12.0,0,25.45,0,16.45,0,1.27,0,1.27
100.0,31.6,0.00,0.00,0,13.62,0,1.27,0,1.27,0,12.0,0,25.45,0,16.45,0,1.27,0,1.27
100.0,32.2,0.00,0.00,0,13.62,0,1.27,0,1.27,0,12.0,0,25.45,0,16.45,0,1.27,0,1.27
100.0,32.4,0.00,0.00,0,13.62,0,1.27,0,1.27,0,12.0,0,25.45,0,16.45,0,1.27,0,1.27
100.0,32.4,0.00,0.00,0,13.62,0,1.27,0,1.27,0,12.0,0,25.45,0,16.45,0,1.27,0,1.27
100.0,32.4,0.00,0.00,0,13.62,0,1.27,0,1.27,0,12.0,0,25.45,0,16.45,0,1.27,0,1.27
100.0,32.4,0.00,0.00,0,13.62,0,1.27,0,1.27,0,12.0,0,25.45,0,16.45,0,1.27,0,1.27
100.0,29.4,0.00,0.00,0,13.62,0,1.27,0,1.27,0,12.0,0,25.45,0,16.45,0,1.27,0,1.27
100.0,27.9,0.00,0.00,0,13.62,0,1.27,0,1.27,0,12.0,0,25.45,0,16.45,0,1.27,0,1.27
100.0,28.4,0.00,0.00,0,13.62,0,1.27,0,1.27,0,12.0,0,25.45,0,16.45,0,1.27,0,1.27
100.0,29.4,0.00,0.00,0,13.62,0,1.27,0,1.27,0,12.0,0,25.45,0,16.45,0,1.27,0,1.27
100.0,28.9,0.00,0.00,0,13.62,0,1.27,0,1.27,0,12.0,0,25.45,0,16.45,0,1.27,0,1.27
100.0,26.7,0.00,0.00,0,13.62,0,1.27,0,1.27,0,12.0,0,25.45,0,16.45,0,1.27,0,1.27
100.0,27.5,0.00,0.00,0,13.62,0,1.27,0,1.27,0,12.0,0,25.45,0,16.45,0,1.27,0,1.27
99.7,28.1,0.00,0.00,0,13.62,0,1.27,0,1.27,0,12.0,0,25.45,0,16.45,0,1.27,0,1.27
100.0,28.7,0.00,0.00,0,13.62,0,1.27,0,1.27,0,12.0,0,25.45,0,16.45,0,1.27,0,1.27
100.0,29.3,0.00,0.00,0,13.62,0,1.27,0,1.27,0,12.0,0,25.45,0,16.45,0,1.27,0,1.27
100.0,30.6,0.00,0.00,0,13.62,0,1.27,0,1.27,0,12.0,0,25.45,0,16.45,0,1.27,0,1.27
100.0,34.1,0.00,0.00,0,13.62,0,1.27,0,1.27,0,12.0,0,25.45,0,16.45,0,1.27,0,1.27
100.0,36.1,0.00,0.00,0,13.62,0,1.27,0,1.27,0,12.0,0,25.45,0,16.45,0,1.27,0,1.27
100.0,37.0,0.00,0.00,0,13.62,0,1.27,0,1.27,0,12.0,0,25.45,0,16.45,0,1.27,0,1.27
100.0,36.6,0.00,0.00,0,13.62,0,1.27,0,1.27,0,12.0,0,25.45,0,16.45,0,1.27,0,1.27
100.0,37.9,0.00,0.00,0,13.62,0,1.27,0,1.27,0,12.0,0,25.45,0,16.45,0,1.27,0,1.27
100.0,38.4,0.00,0.00,0,13.62,0,1.27,0,1.27,0,12.0,0,25.45,0,16.45,0,1.27,0,1.27
100.0,38.9,0.00,0.00,0,13.62,0,1.27,0,1.27,0,12.0,0,25.45,0,16.45,0,1.27,0,1.27
100.0,39.2,0.00,0.00,0,13.62,0,1.27,0,1.27,0,12.0,0,25.45,0,16.45,0,1.27,0,1.27
100.0,39.7,0.00,0.00,0,13.62,0,1.27,0,1.27,0,12.0,0,25.45,0,16.45,0,1.27,0,1.27
100.0,40.0,0.00,0.00,0,13.62,0,1.27,0,1.27,0,12.0,0,25.45,0,16.45,0,1.27,0,1.27
100.0,41.1,0.00,0.00,0,13.62,0,1.27,0,1.27,0,12.0,0,25.45,0,16.45,0,1.27,0,1.27
100.0,42.5,0.00,0.00,0,13.62,0,1.27,0,1.27,0,12.0,0,25.45,0,16.45,0,1.27,0,1.27
100.0,41.3,0.00,0.00,0,13.62,0,1.27,0,1.27,0,12.0,0,25.45,0,16.45,0,1.27,0,1.27
100.0,41.5,0.00,0.00,0,13.62,0,1.27,0,1.27,0,12.0,0,25.45,0,16.45,0,1.27,0,1.27
100.0,41.5,0.00,0.00,0,13.62,0,1.27,0,1.27,0,12.0,0,25.45,0,16.45,0,1.27,0,1.27
100.0,38.9,0.00,0.00,0,13.62,0,1.27,0,1.27,0,12.0,0,25.45,0,16.45,0,1.27,0,1.27
100.0,37.4,0.00,0.00,0,13.62,0,1.27,0,1.27,0,12.0,0,25.45,0,16.45,0,1.27,0,1.27
100.0,37.8,0.00,0.00,0,13.62,0,1.27,0,1.27,0,12.0,0,25.45,0,16.45,0,1.27,0,1.27
100.0,38.6,0.00,0.00,0,13.62,0,1.27,0,1.27,0,12.0,0,25.45,0,16.45,0,1.27,0,1.27
100.0,39.1,0.00,0.00,0,13.62,0,1.27,0,1.27,0,12.0,0,25.45,0,16.45,0,1.27,0,1.27
100.0,39.6,0.00,0.00,0,13.62,0,1.27,0,1.27,0,12.0,0,25.45,0,16.45,0,1.27,0,1.27
100.0,41.1,0.00,0.00,0,13.62,0,1.27,0,1.27,0,12.0,0,25.45,0,16.45,0,1.27,0,1.27
100.0,41.3,0.00,0.00,0,13.62,0,1.27,0,1.27,0,12.0,0,25.45,0,16.45,0,1.27,0,1.27
100.0,41.6,0.00,0.00,0,13.62,0,1.27,0,1.27,0,12.0,0,25.45,0,16.45,0,1.27,0,1.27
100.0,41.6,0.00,0.00,0,13.62,0,1.27,0,1.27,0,12.0,0,25.45,0,16.45,0,1.27,0,1.27
100.0,41.6,0.00,0.00,0,13.62,0,1.27,0,1.27,0,12.0,0,25.45,0,16.45,0,1.27,0,1.27
100.0,42.0,0.00,0.00,0,13.62,0,1.27,0,1.27,0,12.0,0,25.45,0,16.45,0,1.27,0,1.27
100.0,42.0,0.00,0.00,0,13.62,0,1.27,0,1.27,0,12.0,0,25.45,0,16.45,0,1.27,0,1.27
100.0,41.9,0.00,0.00,0,13.62,0,1.27,0,1.27,0,12.0,0,25.45,0,16.45,0,1.27,0,1.27
100.0,42.0,0.00,0.00,0,13.62,0,1.27,0,1.27,0,12.0,0,25.45,0,16.45,0,1.27,0,1.27
100.0,42.0,0.00,0.00,0,13.62,0,1.27,0,1.27,0,12.0,0,25.45,0,16.45,0,1.27,0,1.27
100.0,42.0,0.00,0.00,0,13.62,0,1.27,0,1.27,0,12.0,0,25.45,0,16.45,0,1.27,0,1.27
100.0,42.0,0.00,0.00,0,13.62,0,1.27,0,1.27,0,12.0,0,25.45,0,16.45,0,1.27,0,1.27
100.0,42.8,0.00,0.00,0,13.62,0,1.27,0,1.27,0,12.0,0,25.45,0,16.45,0,1.27,0,1.27
100.0,42.8,0.00,0.00,0,13.62,0,1.27,0,1.27,0,12.0,0,25.45,0,16.45,0,1.27,0,1.27
100.0,42.9,0.00,0.00,0,13.62,0,1.27,0,1.27,0,12.0,0,25.45,0,16.45,0,1.27,0,1.27
100.0,42.8,0.00,0.00,0,13.62,0,1.27,0,1.27,0,12.0,0,25.45,0,16.45,0,1.27,0,1.27
100.0,42.9,0.00,0.00,0,13.62,0,1.27,0,1.27,0,12.0,0,25.45,0,16.45,0,1.27,0,1.27
99.9,42.9,0.00,0.00,0,13.62,0,1.27,0,1.27,0,12.0,0,25.45,0,16.45,0,1.27,0,1.27
100.0,42.9,0.00,0.00,0,13.62,0,1.27,0,1.27,0,12.0,0,25.45,0,16.45,0,1.27,0,1.27
100.0,42.8,0.00,0.00,0,13.62,0,1.27,0,1.27,0,12.0,0,25.45,0,16.45,0,1.27,0,1.27
100.0,42.9,0.00,0.00,0,13.62,0,1.27,0,1.27,0,12.0,0,25.45,0,16.45,0,1.27,0,1.27
100.0,42.9,0.00,0.00,0,13.62,0,1.27,0,1.27,0,12.0,0,25.45,0,16.45,0,1.27,0,1.27
100.0,42.9,0.00,0.00,0,13.62,0,1.27,0,1.27,0,12.0,0,25.45,0,16.45,0,1.27,0,1.27
100.0,42.9,0.00,0.00,0,13.62,0,1.27,0,1.27,0,12.0,0,25.45,0,16.45,0,1.27,0,1.27
100.0,42.9,0.00,0.00,0,13.62,0,1.27,0,1.27,0,12.0,0,25.45,0,16.45,0,1.27,0,1.27
100.0,43.0,0.00,0.00,0,13.62,0,1.27,0,1.27,0,12.0,0,25.45,0,16.45,0,1.27,0,1.27
100.0,42.9,0.00,0.00,0,13.62,0,1.27,0,1.27,0,12.0,0,25.45,0,16.45,0,1.27,0,1.27
100.0,42.9,0.00,0.00,0,13.62,0,1.27,0,1.27,0,12.0,0,25.45,0,16.45,0,1.27,0,1.27
100.0,39.6,0.00,0.00,0,13.62,0,1.27,0,1.27,0,12.0,0,25.45,0,16.45,0,1.27,0,1.27
100.0,33.0,0.00,0.00,0,13.62,0,1.27,0,1.27,0,12.0,0,25.45,0,16.45,0,1.27,0,1.27
100.0,29.4,0.00,0.00,0,13.62,0,1.27,0,1.27,0,12.0,0,25.45,0,16.45,0,1.27,0,1.27
100.0,28.1,0.00,0.00,0,13.62,0,1.27,0,1.27,0,12.0,0,25.45,0,16.45,0,1.27,0,1.27
100.0,29.1,0.00,0.00,0,13.62,0,1.27,0,1.27,0,12.0,0,25.45,0,16.45,0,1.27,0,1.27
100.0,30.2,0.00,0.00,0,13.62,0,1.27,0,1.27,0,12.0,0,25.45,0,16.45,0,1.27,0,1.27
100.0,31.4,0.00,0.00,0,13.62,0,1.27,0,1.27,0,12.0,0,25.45,0,16.45,0,1.27,0,1.27
100.0,31.7,0.00,0.00,0,13.62,0,1.27,0,1.27,0,12.0,0,25.45,0,16.45,0,1.27,0,1.27
100.0,32.0,0.00,0.00,0,13.62,0,1.27,0,1.27,0,12.0,0,25.45,0,16.45,0,1.27,0,1.27
100.0,32.3,0.00,0.00,0,13.62,0,1.27,0,1.27,0,12.0,0,25.45,0,16.45,0,1.27,0,1.27
99.1,32.7,0.00,0.00,0,13.62,0,1.27,0,1.27,0,12.0,0,25.45,0,16.45,0,1.27,0,1.27
100.0,32.7,0.00,0.00,0,13.62,0,1.27,0,1.27,0,12.0,0,25.45,0,16.45,0,1.27,0,1.27
100.0,32.7,0.00,0.00,0,13.62,0,1.27,0,1.27,0,12.0,0,25.45,0,16.45,0,1.27,0,1.27
100.0,32.8,0.00,0.00,0,13.62,0,1.27,0,1.27,0,12.0,0,25.45,0,16.45,0,1.27,0,1.27
100.0,33.4,0.00,0.00,0,13.62,0,1.27,0,1.27,0,12.0,0,25.45,0,16.45,0,1.27,0,1.27
100.0,34.3,0.00,0.00,0,13.62,0,1.27,0,1.27,0,12.0,0,25.45,0,16.45,0,1.27,0,1.27
100.0,34.4,0.00,0.00,0,13.62,0,1.27,0,1.27,0,12.0,0,25.45,0,16.45,0,1.27,0,1.27
100.0,34.4,0.00,0.00,0,13.62,0,1.27,0,1.27,0,12.0,0,25.45,0,16.45,0,1.27,0,1.27
100.0,34.4,0.00,0.00,0,13.62,0,1.27,0,1.27,0,12.0,0,25.45,0,16.45,0,1.27,0,1.27
100.0,34.4,0.00,0.00,0,13.62,0,1.27,0,1.27,0,12.0,0,25.45,0,16.45,0,1.27,0,1.27
100.0,34.4,0.00,0.00,0,13.62,0,1.27,0,1.27,0,12.0,0,25.45,0,16.45,0,1.27,0,1.27
100.0,34.4,0.00,0.00,0,13.62,0,1.27,0,1.27,0,12.0,0,25.45,0,16.45,0,1.27,0,1.27
100.0,33.8,0.00,0.00,0,13.62,0,1.27,0,1.27,0,12.0,0,25.45,0,16.45,0,1.27,0,1.27
100.0,32.8,0.00,0.00,0,13.62,0,1.27,0,1.27,0,12.0,0,25.45,0,16.45,0,1.27,0,1.27
100.0,32.5,0.00,0.00,0,13.62,0,1.27,0,1.27,0,12.0,0,25.45,0,16.45,0,1.27,0,1.27
100.0,32.2,0.00,0.00,0,13.62,0,1.27,0,1.27,0,12.0,0,25.45,0,16.45,0,1.27,0,1.27
100.0,32.7,0.00,0.00,0,13.62,0,1.27,0,1.27,0,12.0,0,25.45,0,16.45,0,1.27,0,1.27
100.0,33.5,0.00,0.00,0,13.62,0,1.27,0,1.27,0,12.0,0,25.45,0,16.45,0,1.27,0,1.27
100.0,33.6,0.00,0.00,0,13.62,0,1.27,0,1.27,0,12.0,0,25.45,0,16.45,0,1.27,0,1.27
100.0,33.8,0.00,0.00,0,13.62,0,1.27,0,1.27,0,12.0,0,25.45,0,16.45,0,1.27,0,1.27
100.0,33.9,0.00,0.00,0,13.62,0,1.27,0,1.27,0,12.0,0,25.45,0,16.45,0,1.27,0,1.27
100.0,34.2,0.00,0.00,0,13.62,0,1.27,0,1.27,0,12.0,0,25.45,0,16.45,0,1.27,0,1.27
100.0,31.1,0.00,0.00,0,13.62,0,1.27,0,1.27,0,12.0,0,25.45,0,16.45,0,1.27,0,1.27
100.0,29.6,0.00,0.00,0,13.62,0,1.27,0,1.27,0,12.0,0,25.45,0,16.45,0,1.27,0,1.27
100.0,29.7,0.00,0.00,0,13.62,0,1.27,0,1.27,0,12.0,0,25.45,0,16.45,0,1.27,0,1.27
100.0,30.6,0.00,0.00,0,13.62,0,1.27,0,1.27,0,12.0,0,25.45,0,16.45,0,1.27,0,1.27
100.0,32.2,0.00,0.00,0,13.62,0,1.27,0,1.27,0,12.0,0,25.45,0,16.45,0,1.27,0,1.27
100.0,32.7,0.00,0.00,0,13.62,0,1.27,0,1.27,0,12.0,0,25.45,0,16.45,0,1.27,0,1.27
100.0,33.5,0.00,0.00,0,13.62,0,1.27,0,1.27,0,12.0,0,25.45,0,16.45,0,1.27,0,1.27
100.0,33.8,0.00,0.00,0,13.62,0,1.27,0,1.27,0,12.0,0,25.45,0,16.45,0,1.27,0,1.27
100.0,33.7,0.00,0.00,0,13.62,0,1.27,0,1.27,0,12.0,0,25.45,0,16.45,0,1.27,0,1.27
100.0,34.1,0.00,0.00,0,13.62,0,1.27,0,1.27,0,12.0,0,25.45,0,16.45,0,1.27,0,1.27
100.0,34.2,0.00,0.00,0,13.62,0,1.27,0,1.27,0,12.0,0,25.45,0,16.45,0,1.27,0,1.27
100.0,34.2,0.00,0.00,0,13.62,0,1.27,0,1.27,0,12.0,0,25.45,0,16.45,0,1.27,0,1.27
100.0,34.2,0.00,0.00,0,13.62,0,1.27,0,1.27,0,12.0,0,25.45,0,16.45,0,1.27,0,1.27
100.0,34.2,0.00,0.00,0,13.62,0,1.27,0,1.27,0,12.0,0,25.45,0,16.45,0,1.27,0,1.27
100.0,34.2,0.00,0.00,0,13.62,0,1.27,0,1.27,0,12.0,0,25.45,0,16.45,0,1.27,0,1.27
100.0,34.4,0.00,0.00,0,13.62,0,1.27,0,1.27,0,12.0,0,25.45,0,16.45,0,1.27,0,1.27
100.0,33.0,0.00,0.00,0,13.62,0,1.27,0,1.27,0,12.0,0,25.45,0,16.45,0,1.27,0,1.27
100.0,32.2,0.00,0.00,0,13.62,0,1.27,0,1.27,0,12.0,0,25.45,0,16.45,0,1.27,0,1.27
100.0,32.4,0.00,0.00,0,13.62,0,1.27,0,1.27,0,12.0,0,25.45,0,16.45,0,1.27,0,1.27
100.0,32.9,0.00,0.00,0,13.62,0,1.27,0,1.27,0,12.0,0,25.45,0,16.45,0,1.27,0,1.27
100.0,34.0,0.00,0.00,0,13.62,0,1.27,0,1.27,0,12.0,0,25.45,0,16.45,0,1.27,0,1.27
100.0,33.9,0.00,0.00,0,13.62,0,1.27,0,1.27,0,12.0,0,25.45,0,16.45,0,1.27,0,1.27
100.0,34.1,0.00,0.00,0,13.62,0,1.27,0,1.27,0,12.0,0,25.45,0,16.45,0,1.27,0,1.27
100.0,34.2,0.00,0.00,0,13.62,0,1.27,0,1.27,0,12.0,0,25.45,0,16.45,0,1.27,0,1.27
100.0,34.3,0.00,0.00,0,13.62,0,1.27,0,1.27,0,12.0,0,25.45,0,16.45,0,1.27,0,1.27
100.0,34.3,0.00,0.00,0,13.62,0,1.27,0,1.27,0,12.0,0,25.45,0,16.45,0,1.27,0,1.27
100.0,34.7,0.00,0.00,0,13.62,0,1.27,0,1.27,0,12.0,0,25.45,0,16.45,0,1.27,0,1.27
100.0,34.7,0.00,0.00,0,13.62,0,1.27,0,1.27,0,12.0,0,25.45,0,16.45,0,1.27,0,1.27
100.0,34.7,0.00,0.00,0,13.62,0,1.27,0,1.27,0,12.0,0,25.45,0,16.45,0,1.27,0,1.27
100.0,34.7,0.00,0.00,0,13.62,0,1.27,0,1.27,0,12.0,0,25.45,0,16.45,0,1.27,0,1.27
100.0,34.7,0.00,0.00,0,13.62,0,1.27,0,1.27,0,12.0,0,25.45,0,16.45,0,1.27,0,1.27
99.9,31.9,0.00,0.00,0,13.62,0,1.27,0,1.27,0,12.0,0,25.45,0,16.45,0,1.27,0,1.27
100.0,30.2,0.00,0.00,0,13.62,0,1.27,0,1.27,0,12.0,0,25.45,0,16.45,0,1.27,0,1.27
99.6,31.7,0.00,0.00,0,13.62,0,1.27,0,1.27,0,12.0,0,25.45,0,16.45,0,1.27,0,1.27
100.0,32.5,0.00,0.00,0,13.62,0,1.27,0,1.27,0,12.0,0,25.45,0,16.45,0,1.27,0,1.27
100.0,33.1,0.00,0.00,0,13.62,0,1.27,0,1.27,0,12.0,0,25.45,0,16.45,0,1.27,0,1.27
100.0,33.8,0.00,0.00,0,13.62,0,1.27,0,1.27,0,12.0,0,25.45,0,16.45,0,1.27,0,1.27
100.0,34.2,0.00,0.00,0,13.62,0,1.27,0,1.27,0,12.0,0,25.45,0,16.45,0,1.27,0,1.27
100.0,34.3,0.00,0.00,0,13.62,0,1.27,0,1.27,0,12.0,0,25.45,0,16.45,0,1.27,0,1.27
100.0,34.5,0.00,0.00,0,13.62,0,1.27,0,1.27,0,12.0,0,25.45,0,16.45,0,1.27,0,1.27
100.0,34.5,0.00,0.00,0,13.62,0,1.27,0,1.27,0,12.0,0,25.45,0,16.45,0,1.27,0,1.27
100.0,34.5,0.00,0.00,0,13.62,0,1.27,0,1.27,0,12.0,0,25.45,0,16.45,0,1.27,0,1.27
100.0,35.0,0.00,0.00,0,13.62,0,1.27,0,1.27,0,12.0,0,25.45,0,16.45,0,1.27,0,1.27
100.0,35.0,0.00,0.00,0,13.62,0,1.27,0,1.27,0,12.0,0,25.45,0,16.45,0,1.27,0,1.27
100.0,35.0,0.00,0.00,0,13.62,0,1.27,0,1.27,0,12.0,0,25.45,0,16.45,0,1.27,0,1.27
100.0,35.0,0.00,0.00,0,13.62,0,1.27,0,1.27,0,12.0,0,25.45,0,16.45,0,1.27,0,1.27
100.0,35.0,0.00,0.00,0,13.62,0,1.27,0,1.27,0,12.0,0,25.45,0,16.45,0,1.27,0,1.27
100.0,35.0,0.00,0.00,0,13.62,0,1.27,0,1.27,0,12.0,0,25.45,0,16.45,0,1.27,0,1.27
100.0,35.0,0.00,0.00,0,13.62,0,1.27,0,1.27,0,12.0,0,25.45,0,16.45,0,1.27,0,1.27
100.0,35.0,0.00,0.00,0,13.62,0,1.27,0,1.27,0,12.0,0,25.45,0,16.45,0,1.27,0,1.27
100.0,31.5,0.00,0.00,0,13.62,0,1.27,0,1.27,0,12.0,0,25.45,0,16.45,0,1.27,0,1.27
100.0,34.2,0.00,0.00,0,13.62,0,1.27,0,1.27,0,12.0,0,25.45,0,16.45,0,1.27,0,1.27
100.0,32.1,0.00,0.00,0,13.62,0,1.27,0,1.27,0,12.0,0,25.45,0,16.45,0,1.27,0,1.27
100.0,32.5,0.00,0.00,0,13.62,0,1.27,0,1.27,0,12.0,0,25.45,0,16.45,0,1.27,0,1.27
100.0,33.1,0.00,0.00,0,13.62,0,1.27,0,1.27,0,12.0,0,25.45,0,16.45,0,1.27,0,1.27
100.0,34.3,0.00,0.00,0,13.62,0,1.27,0,1.27,0,12.0,0,25.45,0,16.45,0,1.27,0,1.27
100.0,34.6,0.00,0.00,0,13.62,0,1.27,0,1.27,0,12.0,0,25.45,0,16.45,0,1.27,0,1.27
100.0,34.7,0.00,0.00,0,13.62,0,1.27,0,1.27,0,12.0,0,25.45,0,16.45,0,1.27,0,1.27
99.5,34.8,0.00,0.00,0,13.62,0,1.27,0,1.27,0,12.0,0,25.45,0,16.45,0,1.27,0,1.27
100.0,35.0,0.00,0.00,0,13.62,0,1.27,0,1.27,0,12.0,0,25.45,0,16.45,0,1.27,0,1.27
100.0,35.1,0.00,0.00,0,13.62,0,1.27,0,1.27,0,12.0,0,25.45,0,16.45,0,1.27,0,1.27
100.0,35.1,0.00,0.00,0,13.62,0,1.27,0,1.27,0,12.0,0,25.45,0,16.45,0,1.27,0,1.27
100.0,35.1,0.00,0.00,0,13.62,0,1.27,0,1.27,0,12.0,0,25.45,0,16.45,0,1.27,0,1.27
100.0,35.1,0.00,0.00,0,13.62,0,1.27,0,1.27,0,12.0,0,25.45,0,16.45,0,1.27,0,1.27
100.0,35.9,0.00,0.00,0,13.62,0,1.27,0,1.27,0,12.0,0,25.45,0,16.45,0,1.27,0,1.27
100.0,32.7,0.00,0.00,0,13.62,0,1.27,0,1.27,0,12.0,0,25.45,0,16.45,0,1.27,0,1.27
100.0,31.2,0.00,0.00,0,13.62,0,1.27,0,1.27,0,12.0,0,25.45,0,16.45,0,1.27,0,1.27
100.0,32.5,0.00,0.00,0,13.62,0,1.27,0,1.27,0,12.0,0,25.45,0,16.45,0,1.27,0,1.27
100.0,32.6,0.00,0.00,0,13.62,0,1.27,0,1.27,0,12.0,0,25.45,0,16.45,0,1.27,0,1.27
100.0,33.0,0.00,0.00,0,13.62,0,1.27,0,1.27,0,12.0,0,25.45,0,16.45,0,1.27,0,1.27
100.0,33.5,0.00,0.00,0,13.62,0,1.27,0,1.27,0,12.0,0,25.45,0,16.45,0,1.27,0,1.27
100.0,34.2,0.00,0.00,0,13.62,0,1.27,0,1.27,0,12.0,0,25.45,0,16.45,0,1.27,0,1.27
100.0,34.3,0.00,0.00,0,13.62,0,1.27,0,1.27,0,12.0,0,25.45,0,16.45,0,1.27,0,1.27
100.0,34.5,0.00,0.00,0,13.62,0,1.27,0,1.27,0,12.0,0,25.45,0,16.45,0,1.27,0,1.27
100.0,34.5,0.00,0.00,0,13.62,0,1.27,0,1.27,0,12.0,0,25.45,0,16.45,0,1.27,0,1.27
100.0,34.9,0.00,0.00,0,13.62,0,1.27,0,1.27,0,12.0,0,25.45,0,16.45,0,1.27,0,1.27
100.0,34.9,0.00,0.00,0,13.62,0,1.27,0,1.27,0,12.0,0,25.45,0,16.45,0,1.27,0,1.27
100.0,34.9,0.00,0.00,0,13.62,0,1.27,0,1.27,0,12.0,0,25.45,0,16.45,0,1.27,0,1.27
100.0,34.9,0.00,0.00,0,13.62,0,1.27,0,1.27,0,12.0,0,25.45,0,16.45,0,1.27,0,1.27
100.0,35.4,0.00,0.00,0,13.62,0,1.27,0,1.27,0,12.0,0,25.45,0,16.45,0,1.27,0,1.27
100.0,35.7,0.00,0.00,0,13.62,0,1.27,0,1.27,0,12.0,0,25.45,0,16.45,0,1.27,0,1.27
100.0,35.8,0.00,0.00,0,13.62,0,1.27,0,1.27,0,12.0,0,25.45,0,16.45,0,1.27,0,1.27
100.0,35.8,0.00,0.00,0,13.62,0,1.27,0,1.27,0,12.0,0,25.45,0,16.45,0,1.27,0,1.27
100.0,37.2,0.00,0.00,0,13.62,0,1.27,0,1.27,0,12.0,0,25.45,0,16.45,0,1.27,0,1.27
99.9,37.3,0.00,0.00,0,13.62,0,1.27,0,1.27,0,12.0,0,25.45,0,16.45,0,1.27,0,1.27
100.0,37.4,0.00,0.00,0,13.62,0,1.27,0,1.27,0,12.0,0,25.45,0,16.45,0,1.27,0,1.27
100.0,37.4,0.00,0.00,0,13.62,0,1.27,0,1.27,0,12.0,0,25.45,0,16.45,0,1.27,0,1.27
100.0,37.4,0.00,0.00,0,13.62,0,1.27,0,1.27,0,12.0,0,25.45,0,16.45,0,1.27,0,1.27
100.0,37.4,0.00,0.00,0,13.62,0,1.27,0,1.27,0,12.0,0,25.45,0,16.45,0,1.27,0,1.27
100.0,37.4,0.00,0.00,0,13.62,0,1.27,0,1.27,0,12.0,0,25.45,0,16.45,0,1.27,0,1.27
100.0,37.4,0.00,0.00,0,13.62,0,1.27,0,1.27,0,12.0,0,25.45,0,16.45,0,1.27,0,1.27
100.0,37.4,0.00,0.00,0,13.62,0,1.27,0,1.27,0,12.0,0,25.45,0,16.45,0,1.27,0,1.27
100.0,34.3,0.00,0.00,0,13.62,0,1.27,0,1.27,0,12.0,0,25.45,0,16.45,0,1.27,0,1.27
100.0,32.8,0.00,0.00,0,13.62,0,1.27,0,1.27,0,12.0,0,25.45,0,16.45,0,1.27,0,1.27
100.0,33.1,0.00,0.00,0,13.62,0,1.27,0,1.27,0,12.0,0,25.45,0,16.45,0,1.27,0,1.27
100.0,34.0,0.00,0.00,0,13.62,0,1.27,0,1.27,0,12.0,0,25.45,0,16.45,0,1.27,0,1.27
100.0,34.6,0.00,0.00,0,13.62,0,1.27,0,1.27,0,12.0,0,25.45,0,16.45,0,1.27,0,1.27
100.0,30.0,0.00,0.00,0,13.62,0,1.27,0,1.27,0,12.0,0,25.45,0,16.45,0,1.27,0,1.27
100.0,33.1,0.00,0.00,0,13.62,0,1.27,0,1.27,0,12.0,0,25.45,0,16.45,0,1.27,0,1.27
100.0,31.8,0.00,0.00,0,13.62,0,1.27,0,1.27,0,12.0,0,25.45,0,16.45,0,1.27,0,1.27
100.0,31.4,0.00,0.00,0,13.62,0,1.27,0,1.27,0,12.0,0,25.45,0,16.45,0,1.27,0,1.27
100.0,31.9,0.00,0.00,0,13.62,0,1.27,0,1.27,0,12.0,0,25.45,0,16.45,0,1.27,0,1.27
100.0,32.6,0.00,0.00,0,13.62,0,1.27,0,1.27,0,12.0,0,25.45,0,16.45,0,1.27,0,1.27
100.0,33.6,0.00,0.00,0,13.62,0,1.27,0,1.27,0,12.0,0,25.45,0,16.45,0,1.27,0,1.27
100.0,33.7,0.00,0.00,0,13.62,0,1.27,0,1.27,0,12.0,0,25.45,0,16.45,0,1.27,0,1.27
100.0,33.9,0.00,0.00,0,13.62,0,1.27,0,1.27,0,12.0,0,25.45,0,16.45,0,1.27,0,1.27
100.0,33.9,0.00,0.00,0,13.62,0,1.27,0,1.27,0,12.0,0,25.45,0,16.45,0,1.27,0,1.27
100.0,34.2,0.00,0.00,0,13.62,0,1.27,0,1.27,0,12.0,0,25.45,0,16.45,0,1.27,0,1.27
100.0,35.1,0.00,0.00,0,13.62,0,1.27,0,1.27,0,12.0,0,25.45,0,16.45,0,1.27,0,1.27
100.0,35.2,0.00,0.00,0,13.62,0,1.27,0,1.27,0,12.0,0,25.45,0,16.45,0,1.27,0,1.27
100.0,35.1,0.00,0.00,0,13.62,0,1.27,0,1.27,0,12.0,0,25.45,0,16.45,0,1.27,0,1.27
100.0,36.0,0.00,0.00,0,13.62,0,1.27,0,1.27,0,12.0,0,25.45,0,16.45,0,1.27,0,1.27
100.0,35.9,0.00,0.00,0,13.62,0,1.27,0,1.27,0,12.0,0,25.45,0,16.45,0,1.27,0,1.27
100.0,36.0,0.00,0.00,0,13.62,0,1.27,0,1.27,0,12.0,0,25.45,0,16.45,0,1.27,0,1.27
100.0,36.0,0.00,0.00,0,13.62,0,1.27,0,1.27,0,12.0,0,25.45,0,16.45,0,1.27,0,1.27
100.0,36.0,0.00,0.00,0,13.62,0,1.27,0,1.27,0,12.0,0,25.45,0,16.45,0,1.27,0,1.27
100.0,36.0,0.00,0.00,0,13.62,0,1.27,0,1.27,0,12.0,0,25.45,0,16.45,0,1.27,0,1.27
100.0,36.0,0.00,0.00,0,13.62,0,1.27,0,1.27,0,12.0,0,25.45,0,16.45,0,1.27,0,1.27
100.0,36.0,0.00,0.00,0,13.62,0,1.27,0,1.27,0,12.0,0,25.45,0,16.45,0,1.27,0,1.27
100.0,36.0,0.00,0.00,0,13.62,0,1.27,0,1.27,0,12.0,0,25.45,0,16.45,0,1.27,0,1.27
100.0,36.0,0.00,0.00,0,13.62,0,1.27,0,1.27,0,12.0,0,25.45,0,16.45,0,1.27,0,1.27
100.0,34.5,0.00,0.00,0,13.62,0,1.27,0,1.27,0,12.0,0,25.45,0,16.45,0,1.27,0,1.27
100.0,33.8,0.00,0.00,0,13.62,0,1.27,0,1.27,0,12.0,0,25.45,0,16.45,0,1.27,0,1.27
99.9,31.3,0.00,0.00,0,13.62,0,1.27,0,1.27,0,12.0,0,25.45,0,16.45,0,1.27,0,1.27
100.0,32.3,0.00,0.00,0,13.62,0,1.27,0,1.27,0,12.0,0,25.45,0,16.45,0,1.27,0,1.27
100.0,32.9,0.00,0.00,0,13.62,0,1.27,0,1.27,0,12.0,0,25.45,0,16.45,0,1.27,0,1.27
100.0,35.2,0.00,0.00,0,13.62,0,1.27,0,1.27,0,12.0,0,25.45,0,16.45,0,1.27,0,1.27
100.0,36.1,0.00,0.00,0,13.62,0,1.27,0,1.27,0,12.0,0,25.45,0,16.45,0,1.27,0,1.27
100.0,36.2,0.00,0.00,0,13.62,0,1.27,0,1.27,0,12.0,0,25.45,0,16.45,0,1.27,0,1.27
100.0,36.4,0.00,0.00,0,13.62,0,1.27,0,1.27,0,12.0,0,25.45,0,16.45,0,1.27,0,1.27
100.0,36.4,0.00,0.00,0,13.62,0,1.27,0,1.27,0,12.0,0,25.45,0,16.45,0,1.27,0,1.27
100.0,36.5,0.00,0.00,0,13.62,0,1.27,0,1.27,0,12.0,0,25.45,0,16.45,0,1.27,0,1.27
99.0,36.8,0.00,0.00,0,13.62,0,1.27,0,1.27,0,12.0,0,25.45,0,16.45,0,1.27,0,1.27
100.0,36.9,0.00,0.00,0,13.62,0,1.27,0,1.27,0,12.0,0,25.45,0,16.45,0,1.27,0,1.27
99.7,36.9,0.00,0.00,0,13.62,0,1.27,0,1.27,0,12.0,0,25.45,0,16.45,0,1.27,0,1.27
99.5,36.9,0.00,0.00,0,13.62,0,1.27,0,1.27,0,12.0,0,25.45,0,16.45,0,1.27,0,1.27
100.0,36.9,0.00,0.00,0,13.62,0,1.27,0,1.27,0,12.0,0,25.45,0,16.45,0,1.27,0,1.27
100.0,37.0,0.00,0.00,0,13.62,0,1.27,0,1.27,0,12.0,0,25.45,0,16.45,0,1.27,0,1.27
100.0,37.7,0.00,0.00,0,13.62,0,1.27,0,1.27,0,12.0,0,25.45,0,16.45,0,1.27,0,1.27
100.0,37.7,0.00,0.00,0,13.62,0,1.27,0,1.27,0,12.0,0,25.45,0,16.45,0,1.27,0,1.27
100.0,37.7,0.00,0.00,0,13.62,0,1.27,0,1.27,0,12.0,0,25.45,0,16.45,0,1.27,0,1.27
100.0,34.8,0.00,0.00,0,13.62,0,1.27,0,1.27,0,12.0,0,25.45,0,16.45,0,1.27,0,1.27
100.0,33.4,0.00,0.00,0,13.62,0,1.27,0,1.27,0,12.0,0,25.45,0,16.45,0,1.27,0,1.27
100.0,30.0,0.00,0.00,0,13.62,0,1.27,0,1.27,0,12.0,0,25.45,0,16.45,0,1.27,0,1.27
100.0,30.7,0.00,0.00,0,13.62,0,1.27,0,1.27,0,12.0,0,25.45,0,16.45,0,1.27,0,1.27
100.0,30.9,0.00,0.00,0,13.62,0,1.27,0,1.27,0,12.0,0,25.45,0,16.45,0,1.27,0,1.27
99.8,31.1,0.00,0.00,0,13.62,0,1.27,0,1.27,0,12.0,0,25.45,0,16.45,0,1.27,0,1.27
100.0,30.6,0.00,0.00,0,13.62,0,1.27,0,1.27,0,12.0,0,25.45,0,16.45,0,1.27,0,1.27
100.0,31.2,0.00,0.00,0,13.62,0,1.27,0,1.27,0,12.0,0,25.45,0,16.45,0,1.27,0,1.27
100.0,31.3,0.00,0.00,0,13.62,0,1.27,0,1.27,0,12.0,0,25.45,0,16.45,0,1.27,0,1.27
100.0,31.8,0.00,0.00,0,13.62,0,1.27,0,1.27,0,12.0,0,25.45,0,16.45,0,1.27,0,1.27
100.0,31.9,0.00,0.00,0,13.62,0,1.27,0,1.27,0,12.0,0,25.45,0,16.45,0,1.27,0,1.27
100.0,32.1,0.00,0.00,0,13.62,0,1.27,0,1.27,0,12.0,0,25.45,0,16.45,0,1.27,0,1.27
100.0,32.1,0.00,0.00,0,13.62,0,1.27,0,1.27,0,12.0,0,25.45,0,16.45,0,1.27,0,1.27
100.0,32.1,0.00,0.00,0,13.62,0,1.27,0,1.27,0,12.0,0,25.45,0,16.45,0,1.27,0,1.27
100.0,29.1,0.00,0.00,0,13.62,0,1.27,0,1.27,0,12.0,0,25.45,0,16.45,0,1.27,0,1.27
100.0,27.5,0.00,0.00,0,13.62,0,1.27,0,1.27,0,12.0,0,25.45,0,16.45,0,1.27,0,1.27
100.0,28.5,0.00,0.00,0,13.62,0,1.27,0,1.27,0,12.0,0,25.45,0,16.45,0,1.27,0,1.27
100.0,26.8,0.00,0.00,0,13.62,0,1.27,0,1.27,0,12.0,0,25.45,0,16.45,0,1.27,0,1.27
100.0,28.0,0.00,0.00,0,13.62,0,1.27,0,1.27,0,12.0,0,25.45,0,16.45,0,1.27,0,1.27
100.0,29.2,0.00,0.00,0,13.62,0,1.27,0,1.27,0,12.0,0,25.45,0,16.45,0,1.27,0,1.27
100.0,30.1,0.00,0.00,0,13.62,0,1.27,0,1.27,0,12.0,0,25.45,0,16.45,0,1.27,0,1.27
100.0,30.4,0.00,0.00,0,13.62,0,1.27,0,1.27,0,12.0,0,25.45,0,16.45,0,1.27,0,1.27
99.9,30.6,0.00,0.00,0,13.62,0,1.27,0,1.27,0,12.0,0,25.45,0,16.45,0,1.27,0,1.27
100.0,31.1,0.00,0.00,0,13.62,0,1.27,0,1.27,0,12.0,0,25.45,0,16.45,0,1.27,0,1.27
100.0,31.4,0.00,0.00,0,13.62,0,1.27,0,1.27,0,12.0,0,25.45,0,16.45,0,1.27,0,1.27
100.0,31.4,0.00,0.00,0,13.62,0,1.27,0,1.27,0,12.0,0,25.45,0,16.45,0,1.27,0,1.27
100.0,31.4,0.00,0.00,0,13.62,0,1.27,0,1.27,0,12.0,0,25.45,0,16.45,0,1.27,0,1.27
100.0,31.5,0.00,0.00,0,13.62,0,1.27,0,1.27,0,12.0,0,25.45,0,16.45,0,1.27,0,1.27
100.0,31.5,0.00,0.00,0,13.62,0,1.27,0,1.27,0,12.0,0,25.45,0,16.45,0,1.27,0,1.27
100.0,30.2,0.00,0.00,0,13.62,0,1.27,0,1.27,0,12.0,0,25.45,0,16.45,0,1.27,0,1.27
100.0,30.5,0.00,0.00,0,13.62,0,1.27,0,1.27,0,12.0,0,25.45,0,16.45,0,1.27,0,1.27
100.0,30.9,0.00,0.00,0,13.62,0,1.27,0,1.27,0,12.0,0,25.45,0,16.45,0,1.27,0,1.27
100.0,31.4,0.00,0.00,0,13.62,0,1.27,0,1.27,0,12.0,0,25.45,0,16.45,0,1.27,0,1.27
100.0,31.7,0.00,0.00,0,13.62,0,1.27,0,1.27,0,12.0,0,25.45,0,16.45,0,1.27,0,1.27
100.0,31.6,0.00,0.00,0,13.62,0,1.27,0,1.27,0,12.0,0,25.45,0,16.45,0,1.27,0,1.27
100.0,31.8,0.00,0.00,0,13.62,0,1.27,0,1.27,0,12.0,0,25.45,0,16.45,0,1.27,0,1.27
100.0,31.9,0.00,0.00,0,13.62,0,1.27,0,1.27,0,12.0,0,25.45,0,16.45,0,1.27,0,1.27
100.0,32.3,0.00,0.00,0,13.62,0,1.27,0,1.27,0,12.0,0,25.45,0,16.45,0,1.27,0,1.27
99.4,32.3,0.00,0.00,0,13.62,0,1.27,0,1.27,0,12.0,0,25.45,0,16.45,0,1.27,0,1.27
100.0,32.2,0.00,0.00,0,13.62,0,1.27,0,1.27,0,12.0,0,25.45,0,16.45,0,1.27,0,1.27
100.0,32.3,0.00,0.00,0,13.62,0,1.27,0,1.27,0,12.0,0,25.45,0,16.45,0,1.27,0,1.27
100.0,32.3,0.00,0.00,0,13.62,0,1.27,0,1.27,0,12.0,0,25.45,0,16.45,0,1.27,0,1.27
100.0,32.3,0.00,0.00,0,13.62,0,1.27,0,1.27,0,12.0,0,25.45,0,16.45,0,1.27,0,1.27
100.0,32.3,0.00,0.00,0,13.62,0,1.27,0,1.27,0,12.0,0,25.45,0,16.45,0,1.27,0,1.27
99.9,32.3,0.00,0.00,0,13.62,0,1.27,0,1.27,0,12.0,0,25.45,0,16.45,0,1.27,0,1.27
100.0,29.2,0.00,0.00,0,13.62,0,1.27,0,1.27,0,12.0,0,25.45,0,16.45,0,1.27,0,1.27
100.0,25.4,0.00,0.00,0,13.62,0,1.27,0,1.27,0,12.0,0,25.45,0,16.45,0,1.27,0,1.27
100.0,25.2,0.00,0.00,0,13.62,0,1.27,0,1.27,0,12.0,0,25.45,0,16.45,0,1.27,0,1.27
100.0,27.3,0.00,0.00,0,13.62,0,1.27,0,1.27,0,12.0,0,25.45,0,16.45,0,1.27,0,1.27
100.0,28.5,0.00,0.00,0,13.62,0,1.27,0,1.27,0,12.0,0,25.45,0,16.45,0,1.27,0,1.27
100.0,29.3,0.00,0.00,0,13.62,0,1.27,0,1.27,0,12.0,0,25.45,0,16.45,0,1.27,0,1.27
100.0,30.6,0.00,0.00,0,13.62,0,1.27,0,1.27,0,12.0,0,25.45,0,16.45,0,1.27,0,1.27
100.0,30.9,0.00,0.00,0,13.62,0,1.27,0,1.27,0,12.0,0,25.45,0,16.45,0,1.27,0,1.27
100.0,31.0,0.00,0.00,0,13.62,0,1.27,0,1.27,0,12.0,0,25.45,0,16.45,0,1.27,0,1.27
100.0,31.5,0.00,0.00,0,13.62,0,1.27,0,1.27,0,12.0,0,25.45,0,16.45,0,1.27,0,1.27
100.0,31.6,0.00,0.00,0,13.62,0,1.27,0,1.27,0,12.0,0,25.45,0,16.45,0,1.27,0,1.27
99.5,32.0,0.00,0.00,0,13.62,0,1.27,0,1.27,0,12.0,0,25.45,0,16.45,0,1.27,0,1.27
100.0,32.0,0.00,0.00,0,13.62,0,1.27,0,1.27,0,12.0,0,25.45,0,16.45,0,1.27,0,1.27
100.0,32.0,0.00,0.00,0,13.62,0,1.27,0,1.27,0,12.0,0,25.45,0,16.45,0,1.27,0,1.27
100.0,32.0,0.00,0.00,0,13.62,0,1.27,0,1.27,0,12.0,0,25.45,0,16.45,0,1.27,0,1.27
100.0,32.0,0.00,0.00,0,13.62,0,1.27,0,1.27,0,12.0,0,25.45,0,16.45,0,1.27,0,1.27
100.0,31.0,0.00,0.00,0,13.62,0,1.27,0,1.27,0,12.0,0,25.45,0,16.45,0,1.27,0,1.27
100.0,30.6,0.00,0.00,0,13.62,0,1.27,0,1.27,0,12.0,0,25.45,0,16.45,0,1.27,0,1.27
100.0,31.0,0.00,0.00,0,13.62,0,1.27,0,1.27,0,12.0,0,25.45,0,16.45,0,1.27,0,1.27
100.0,31.5,0.00,0.00,0,13.62,0,1.27,0,1.27,0,12.0,0,25.45,0,16.45,0,1.27,0,1.27
100.0,31.7,0.00,0.00,0,13.62,0,1.27,0,1.27,0,12.0,0,25.45,0,16.45,0,1.27,0,1.27
100.0,31.7,0.00,0.00,0,13.62,0,1.27,0,1.27,0,12.0,0,25.45,0,16.45,0,1.27,0,1.27
100.0,31.9,0.00,0.00,0,13.62,0,1.27,0,1.27,0,12.0,0,25.45,0,16.45,0,1.27,0,1.27
100.0,31.9,0.00,0.00,0,13.62,0,1.27,0,1.27,0,12.0,0,25.45,0,16.45,0,1.27,0,1.27
100.0,32.0,0.00,0.00,0,13.62,0,1.27,0,1.27,0,12.0,0,25.45,0,16.45,0,1.27,0,1.27
100.0,32.3,0.00,0.00,0,13.62,0,1.27,0,1.27,0,12.0,0,25.45,0,16.45,0,1.27,0,1.27
100.0,32.3,0.00,0.00,0,13.62,0,1.27,0,1.27,0,12.0,0,25.45,0,16.45,0,1.27,0,1.27
100.0,32.4,0.00,0.00,0,13.62,0,1.27,0,1.27,0,12.0,0,25.45,0,16.45,0,1.27,0,1.27
99.9,32.3,0.00,0.00,0,13.62,0,1.27,0,1.27,0,12.0,0,25.45,0,16.45,0,1.27,0,1.27
100.0,32.4,0.00,0.00,0,13.62,0,1.27,0,1.27,0,12.0,0,25.45,0,16.45,0,1.27,0,1.27
100.0,32.3,0.00,0.00,0,13.62,0,1.27,0,1.27,0,12.0,0,25.45,0,16.45,0,1.27,0,1.27
100.0,29.3,0.00,0.00,0,13.62,0,1.27,0,1.27,0,12.0,0,25.45,0,16.45,0,1.27,0,1.27
100.0,27.5,0.00,0.00,0,13.62,0,1.27,0,1.27,0,12.0,0,25.45,0,16.45,0,1.27,0,1.27
99.9,28.4,0.00,0.00,0,13.62,0,1.27,0,1.27,0,12.0,0,25.45,0,16.45,0,1.27,0,1.27
100.0,29.5,0.00,0.00,0,13.62,0,1.27,0,1.27,0,12.0,0,25.45,0,16.45,0,1.27,0,1.27
100.0,30.0,0.00,0.00,0,13.62,0,1.27,0,1.27,0,12.0,0,25.45,0,16.45,0,1.27,0,1.27
100.0,30.5,0.00,0.00,0,13.62,0,1.27,0,1.27,0,12.0,0,25.45,0,16.45,0,1.27,0,1.27
100.0,31.6,0.00,0.00,0,13.62,0,1.27,0,1.27,0,12.0,0,25.45,0,16.45,0,1.27,0,1.27
100.0,31.5,0.00,0.00,0,13.62,0,1.27,0,1.27,0,12.0,0,25.45,0,16.45,0,1.27,0,1.27
100.0,29.1,0.00,0.00,0,13.62,0,1.27,0,1.27,0,12.0,0,25.45,0,16.45,0,1.27,0,1.27
100.0,29.8,0.00,0.00,0,13.62,0,1.27,0,1.27,0,12.0,0,25.45,0,16.45,0,1.27,0,1.27
100.0,30.4,0.00,0.00,0,13.62,0,1.27,0,1.27,0,12.0,0,25.45,0,16.45,0,1.27,0,1.27
100.0,31.2,0.00,0.00,0,13.62,0,1.27,0,1.27,0,12.0,0,25.45,0,16.45,0,1.27,0,1.27
100.0,31.3,0.00,0.00,0,13.62,0,1.27,0,1.27,0,12.0,0,25.45,0,16.45,0,1.27,0,1.27
100.0,31.5,0.00,0.00,0,13.62,0,1.27,0,1.27,0,12.0,0,25.45,0,16.45,0,1.27,0,1.27
100.0,31.5,0.00,0.00,0,13.62,0,1.27,0,1.27,0,12.0,0,25.45,0,16.45,0,1.27,0,1.27
100.0,31.5,0.00,0.00,0,13.62,0,1.27,0,1.27,0,12.0,0,25.45,0,16.45,0,1.27,0,1.27
100.0,32.3,0.00,0.00,0,13.62,0,1.27,0,1.27,0,12.0,0,25.45,0,16.45,0,1.27,0,1.27
100.0,32.7,0.00,0.00,0,13.62,0,1.27,0,1.27,0,12.0,0,25.45,0,16.45,0,1.27,0,1.27
100.0,32.7,0.00,0.00,0,13.62,0,1.27,0,1.27,0,12.0,0,25.45,0,16.45,0,1.27,0,1.27
100.0,32.7,0.00,0.00,0,13.62,0,1.27,0,1.27,0,12.0,0,25.45,0,16.45,0,1.27,0,1.27
100.0,32.7,0.00,0.00,0,13.62,0,1.27,0,1.27,0,12.0,0,25.45,0,16.45,0,1.27,0,1.27
100.0,32.7,0.00,0.00,0,13.62,0,1.27,0,1.27,0,12.0,0,25.45,0,16.45,0,1.27,0,1.27
100.0,32.8,0.00,0.00,0,13.62,0,1.27,0,1.27,0,12.0,0,25.45,0,16.45,0,1.27,0,1.27
100.0,33.5,0.00,0.00,0,13.62,0,1.27,0,1.27,0,12.0,0,25.45,0,16.45,0,1.27,0,1.27
100.0,33.6,0.00,0.00,0,13.62,0,1.27,0,1.27,0,12.0,0,25.45,0,16.45,0,1.27,0,1.27
100.0,33.5,0.00,0.00,0,13.62,0,1.27,0,1.27,0,12.0,0,25.45,0,16.45,0,1.27,0,1.27
100.0,33.6,0.00,0.00,0,13.62,0,1.27,0,1.27,0,12.0,0,25.45,0,16.45,0,1.27,0,1.27
100.0,33.6,0.00,0.00,0,13.62,0,1.27,0,1.27,0,12.0,0,25.45,0,16.45,0,1.27,0,1.27
100.0,33.6,0.00,0.00,0,13.62,0,1.27,0,1.27,0,12.0,0,25.45,0,16.45,0,1.27,0,1.27
100.0,33.6,0.00,0.00,0,13.62,0,1.27,0,1.27,0,12.0,0,25.45,0,16.45,0,1.27,0,1.27
100.0,33.6,0.00,0.00,0,13.62,0,1.27,0,1.27,0,12.0,0,25.45,0,16.45,0,1.27,0,1.27
100.0,33.6,0.00,0.00,0,13.62,0,1.27,0,1.27,0,12.0,0,25.45,0,16.45,0,1.27,0,1.27
100.0,33.6,0.00,0.00,0,13.62,0,1.27,0,1.27,0,12.0,0,25.45,0,16.45,0,1.27,0,1.27
100.0,31.4,0.00,0.00,0,13.62,0,1.27,0,1.27,0,12.0,0,25.45,0,16.45,0,1.27,0,1.27
99.8,27.3,0.00,0.00,0,13.62,0,1.27,0,1.27,0,12.0,0,25.45,0,16.45,0,1.27,0,1.27
100.0,26.6,0.00,0.00,0,13.62,0,1.27,0,1.27,0,12.0,0,25.45,0,16.45,0,1.27,0,1.27
100.0,28.0,0.00,0.00,0,13.62,0,1.27,0,1.27,0,12.0,0,25.45,0,16.45,0,1.27,0,1.27
100.0,29.9,0.00,0.00,0,13.62,0,1.27,0,1.27,0,12.0,0,25.45,0,16.45,0,1.27,0,1.27
100.0,30.9,0.00,0.00,0,13.62,0,1.27,0,1.27,0,12.0,0,25.45,0,16.45,0,1.27,0,1.27
100.0,32.2,0.00,0.00,0,13.62,0,1.27,0,1.27,0,12.0,0,25.45,0,16.45,0,1.27,0,1.27
100.0,33.2,0.00,0.00,0,13.62,0,1.27,0,1.27,0,12.0,0,25.45,0,16.45,0,1.27,0,1.27
100.0,33.6,0.00,0.00,0,13.62,0,1.27,0,1.27,0,12.0,0,25.45,0,16.45,0,1.27,0,1.27
100.0,33.8,0.00,0.00,0,13.62,0,1.27,0,1.27,0,12.0,0,25.45,0,16.45,0,1.27,0,1.27
100.0,34.1,0.00,0.00,0,13.62,0,1.27,0,1.27,0,12.0,0,25.45,0,16.45,0,1.27,0,1.27
100.0,34.5,0.00,0.00,0,13.62,0,1.27,0,1.27,0,12.0,0,25.45,0,16.45,0,1.27,0,1.27
99.2,34.5,0.00,0.00,0,13.62,0,1.27,0,1.27,0,12.0,0,25.45,0,16.45,0,1.27,0,1.27
100.0,34.5,0.00,0.00,0,13.62,0,1.27,0,1.27,0,12.0,0,25.45,0,16.45,0,1.27,0,1.27
100.0,34.6,0.00,0.00,0,13.62,0,1.27,0,1.27,0,12.0,0,25.45,0,16.45,0,1.27,0,1.27
100.0,34.6,0.00,0.00,0,13.62,0,1.27,0,1.27,0,12.0,0,25.45,0,16.45,0,1.27,0,1.27
100.0,35.6,0.00,0.00,0,13.62,0,1.27,0,1.27,0,12.0,0,25.45,0,16.45,0,1.27,0,1.27
100.0,36.2,0.00,0.00,0,13.62,0,1.27,0,1.27,0,12.0,0,25.45,0,16.45,0,1.27,0,1.27
100.0,36.2,0.00,0.00,0,13.62,0,1.27,0,1.27,0,12.0,0,25.45,0,16.45,0,1.27,0,1.27
99.4,36.2,0.00,0.00,0,13.62,0,1.27,0,1.27,0,12.0,0,25.45,0,16.45,0,1.27,0,1.27
100.0,36.2,0.00,0.00,0,13.62,0,1.27,0,1.27,0,12.0,0,25.45,0,16.45,0,1.27,0,1.27
100.0,36.2,0.00,0.00,0,13.62,0,1.27,0,1.27,0,12.0,0,25.45,0,16.45,0,1.27,0,1.27
100.0,36.2,0.00,0.00,0,13.62,0,1.27,0,1.27,0,12.0,0,25.45,0,16.45,0,1.27,0,1.27
100.0,36.2,0.00,0.00,0,13.62,0,1.27,0,1.27,0,12.0,0,25.45,0,16.45,0,1.27,0,1.27
100.0,36.2,0.00,0.00,0,13.62,0,1.27,0,1.27,0,12.0,0,25.45,0,16.45,0,1.27,0,1.27
100.0,36.3,0.00,0.00,0,13.62,0,1.27,0,1.27,0,12.0,0,25.45,0,16.45,0,1.27,0,1.27
100.0,36.3,0.00,0.00,0,13.62,0,1.27,0,1.27,0,12.0,0,25.45,0,16.45,0,1.27,0,1.27
100.0,36.3,0.00,0.00,0,13.62,0,1.27,0,1.27,0,12.0,0,25.45,0,16.45,0,1.27,0,1.27
98.0,36.3,0.00,0.00,0,13.62,0,1.27,0,1.27,0,12.0,0,25.45,0,16.45,0,1.27,0,1.27
100.0,36.3,0.00,0.00,0,13.62,0,1.27,0,1.27,0,12.0,0,25.45,0,16.45,0,1.27,0,1.27
100.0,33.2,0.00,0.00,0,13.62,0,1.27,0,1.27,0,12.0,0,25.45,0,16.45,0,1.27,0,1.27
100.0,31.5,0.00,0.00,0,13.62,0,1.27,0,1.27,0,12.0,0,25.45,0,16.45,0,1.27,0,1.27
100.0,31.4,0.00,0.00,0,13.62,0,1.27,0,1.27,0,12.0,0,25.45,0,16.45,0,1.27,0,1.27
100.0,31.9,0.00,0.00,0,13.62,0,1.27,0,1.27,0,12.0,0,25.45,0,16.45,0,1.27,0,1.27
99.8,28.6,0.00,0.00,0,13.62,0,1.27,0,1.27,0,12.0,0,25.45,0,16.45,0,1.27,0,1.27
99.9,30.2,0.00,0.00,0,13.62,0,1.27,0,1.27,0,12.0,0,25.45,0,16.45,0,1.27,0,1.27
100.0,27.6,0.00,0.00,0,13.62,0,1.27,0,1.27,0,12.0,0,25.45,0,16.45,0,1.27,0,1.27
100.0,28.2,0.00,0.00,0,13.62,0,1.27,0,1.27,0,12.0,0,25.45,0,16.45,0,1.27,0,1.27
99.9,29.2,0.00,0.00,0,13.62,0,1.27,0,1.27,0,12.0,0,25.45,0,16.45,0,1.27,0,1.27
100.0,29.8,0.00,0.00,0,13.62,0,1.27,0,1.27,0,12.0,0,25.45,0,16.45,0,1.27,0,1.27
100.0,30.4,0.00,0.00,0,13.62,0,1.27,0,1.27,0,12.0,0,25.45,0,16.45,0,1.27,0,1.27
100.0,31.4,0.00,0.00,0,13.62,0,1.27,0,1.27,0,12.0,0,25.45,0,16.45,0,1.27,0,1.27
100.0,31.6,0.00,0.00,0,13.62,0,1.27,0,1.27,0,12.0,0,25.45,0,16.45,0,1.27,0,1.27
100.0,32.3,0.00,0.00,0,13.62,0,1.27,0,1.27,0,12.0,0,25.45,0,16.45,0,1.27,0,1.27
100.0,32.7,0.00,0.00,0,13.62,0,1.27,0,1.27,0,12.0,0,25.45,0,16.45,0,1.27,0,1.27
100.0,32.6,0.00,0.00,0,13.62,0,1.27,0,1.27,0,12.0,0,25.45,0,16.45,0,1.27,0,1.27
100.0,33.0,0.00,0.00,0,13.62,0,1.27,0,1.27,0,12.0,0,25.45,0,16.45,0,1.27,0,1.27
100.0,33.0,0.00,0.00,0,13.62,0,1.27,0,1.27,0,12.0,0,25.45,0,16.45,0,1.27,0,1.27
100.0,33.0,0.00,0.00,0,13.62,0,1.27,0,1.27,0,12.0,0,25.45,0,16.45,0,1.27,0,1.27
100.0,33.0,0.00,0.00,0,13.62,0,1.27,0,1.27,0,12.0,0,25.45,0,16.45,0,1.27,0,1.27
100.0,30.2,0.00,0.00,0,13.62,0,1.27,0,1.27,0,12.0,0,25.45,0,16.45,0,1.27,0,1.27
100.0,30.5,0.00,0.00,0,13.62,0,1.27,0,1.27,0,12.0,0,25.45,0,16.45,0,1.27,0,1.27
100.0,31.2,0.00,0.00,0,13.62,0,1.27,0,1.27,0,12.0,0,25.45,0,16.45,0,1.27,0,1.27
100.0,31.8,0.00,0.00,0,13.62,0,1.27,0,1.27,0,12.0,0,25.45,0,16.45,0,1.27,0,1.27
100.0,33.0,0.00,0.00,0,13.62,0,1.27,0,1.27,0,12.0,0,25.45,0,16.45,0,1.27,0,1.27
100.0,32.9,0.00,0.00,0,13.62,0,1.27,0,1.27,0,12.0,0,25.45,0,16.45,0,1.27,0,1.27
100.0,33.1,0.00,0.00,0,13.62,0,1.27,0,1.27,0,12.0,0,25.45,0,16.45,0,1.27,0,1.27
100.0,33.0,0.00,0.00,0,13.62,0,1.27,0,1.27,0,12.0,0,25.45,0,16.45,0,1.27,0,1.27
100.0,33.5,0.00,0.00,0,13.62,0,1.27,0,1.27,0,12.0,0,25.45,0,16.45,0,1.27,0,1.27
100.0,33.5,0.00,0.00,0,13.62,0,1.27,0,1.27,0,12.0,0,25.45,0,16.45,0,1.27,0,1.27
100.0,33.5,0.00,0.00,0,13.62,0,1.27,0,1.27,0,12.0,0,25.45,0,16.45,0,1.27,0,1.27
100.0,33.5,0.00,0.00,0,13.62,0,1.27,0,1.27,0,12.0,0,25.45,0,16.45,0,1.27,0,1.27
100.0,33.5,0.00,0.00,0,13.62,0,1.27,0,1.27,0,12.0,0,25.45,0,16.45,0,1.27,0,1.27
100.0,34.1,0.00,0.00,0,13.62,0,1.27,0,1.27,0,12.0,0,25.45,0,16.45,0,1.27,0,1.27
100.0,34.4,0.00,0.00,0,13.62,0,1.27,0,1.27,0,12.0,0,25.45,0,16.45,0,1.27,0,1.27
100.0,34.4,0.00,0.00,0,13.62,0,1.27,0,1.27,0,12.0,0,25.45,0,16.45,0,1.27,0,1.27
100.0,34.4,0.00,0.00,0,13.62,0,1.27,0,1.27,0,12.0,0,25.45,0,16.45,0,1.27,0,1.27
100.0,34.4,0.00,0.00,0,13.62,0,1.27,0,1.27,0,12.0,0,25.45,0,16.45,0,1.27,0,1.27
100.0,34.3,0.00,0.00,0,13.62,0,1.27,0,1.27,0,12.0,0,25.45,0,16.45,0,1.27,0,1.27
100.0,31.0,0.00,0.00,0,13.62,0,1.27,0,1.27,0,12.0,0,25.45,0,16.45,0,1.27,0,1.27
100.0,29.3,0.00,0.00,0,13.62,0,1.27,0,1.27,0,12.0,0,25.45,0,16.45,0,1.27,0,1.27
100.0,29.3,0.00,0.00,0,13.62,0,1.27,0,1.27,0,12.0,0,25.45,0,16.45,0,1.27,0,1.27
100.0,30.4,0.00,0.00,0,13.62,0,1.27,0,1.27,0,12.0,0,25.45,0,16.45,0,1.27,0,1.27
100.0,28.1,0.00,0.00,0,13.62,0,1.27,0,1.27,0,12.0,0,25.45,0,16.45,0,1.27,0,1.27
100.0,30.5,0.00,0.00,0,13.62,0,1.27,0,1.27,0,12.0,0,25.45,0,16.45,0,1.27,0,1.27
100.0,29.1,0.00,0.00,0,13.62,0,1.27,0,1.27,0,12.0,0,25.45,0,16.45,0,1.27,0,1.27
100.0,30.5,0.00,0.00,0,13.62,0,1.27,0,1.27,0,12.0,0,25.45,0,16.45,0,1.27,0,1.27
100.0,31.0,0.00,0.00,0,13.62,0,1.27,0,1.27,0,12.0,0,25.45,0,16.45,0,1.27,0,1.27
100.0,31.9,0.00,0.00,0,13.62,0,1.27,0,1.27,0,12.0,0,25.45,0,16.45,0,1.27,0,1.27
100.0,31.9,0.00,0.00,0,13.62,0,1.27,0,1.27,0,12.0,0,25.45,0,16.45,0,1.27,0,1.27
100.0,32.6,0.00,0.00,0,13.62,0,1.27,0,1.27,0,12.0,0,25.45,0,16.45,0,1.27,0,1.27
100.0,32.6,0.00,0.00,0,13.62,0,1.27,0,1.27,0,12.0,0,25.45,0,16.45,0,1.27,0,1.27
100.0,33.0,0.00,0.00,0,13.62,0,1.27,0,1.27,0,12.0,0,25.45,0,16.45,0,1.27,0,1.27
100.0,33.0,0.00,0.00,0,13.62,0,1.27,0,1.27,0,12.0,0,25.45,0,16.45,0,1.27,0,1.27
99.4,33.0,0.00,0.00,0,13.62,0,1.27,0,1.27,0,12.0,0,25.45,0,16.45,0,1.27,0,1.27
100.0,33.8,0.00,0.00,0,13.62,0,1.27,0,1.27,0,12.0,0,25.45,0,16.45,0,1.27,0,1.27
100.0,34.6,0.00,0.00,0,13.62,0,1.27,0,1.27,0,12.0,0,25.45,0,16.45,0,1.27,0,1.27
99.6,34.7,0.00,0.00,0,13.62,0,1.27,0,1.27,0,12.0,0,25.45,0,16.45,0,1.27,0,1.27
100.0,34.7,0.00,0.00,0,13.62,0,1.27,0,1.27,0,12.0,0,25.45,0,16.45,0,1.27,0,1.27
100.0,34.7,0.00,0.00,0,13.62,0,1.27,0,1.27,0,12.0,0,25.45,0,16.45,0,1.27,0,1.27
100.0,34.7,0.00,0.00,0,13.62,0,1.27,0,1.27,0,12.0,0,25.45,0,16.45,0,1.27,0,1.27
100.0,34.7,0.00,0.00,0,13.62,0,1.27,0,1.27,0,12.0,0,25.45,0,16.45,0,1.27,0,1.27
100.0,34.7,0.00,0.00,0,13.62,0,1.27,0,1.27,0,12.0,0,25.45,0,16.45,0,1.27,0,1.27
100.0,34.7,0.00,0.00,0,13.62,0,1.27,0,1.27,0,12.0,0,25.45,0,16.45,0,1.27,0,1.27
100.0,34.7,0.00,0.00,0,13.62,0,1.27,0,1.27,0,12.0,0,25.45,0,16.45,0,1.27,0,1.27
100.0,34.7,0.00,0.00,0,13.62,0,1.27,0,1.27,0,12.0,0,25.45,0,16.45,0,1.27,0,1.27
100.0,34.7,0.00,0.00,0,13.62,0,1.27,0,1.27,0,12.0,0,25.45,0,16.45,0,1.27,0,1.27
100.0,32.2,0.00,0.00,0,13.62,0,1.27,0,1.27,0,12.0,0,25.45,0,16.45,0,1.27,0,1.27
100.0,31.3,0.00,0.00,0,13.62,0,1.27,0,1.27,0,12.0,0,25.45,0,16.45,0,1.27,0,1.27
99.5,31.9,0.00,0.00,0,13.62,0,1.27,0,1.27,0,12.0,0,25.45,0,16.45,0,1.27,0,1.27
100.0,32.4,0.00,0.00,0,13.62,0,1.27,0,1.27,0,12.0,0,25.45,0,16.45,0,1.27,0,1.27
100.0,33.7,0.00,0.00,0,13.62,0,1.27,0,1.27,0,12.0,0,25.45,0,16.45,0,1.27,0,1.27
100.0,33.5,0.00,0.00,0,13.62,0,1.27,0,1.27,0,12.0,0,25.45,0,16.45,0,1.27,0,1.27
100.0,33.6,0.00,0.00,0,13.62,0,1.27,0,1.27,0,12.0,0,25.45,0,16.45,0,1.27,0,1.27
100.0,31.4,0.00,0.00,0,13.62,0,1.27,0,1.27,0,12.0,0,25.45,0,16.45,0,1.27,0,1.27
100.0,29.0,0.00,0.00,0,13.62,0,1.27,0,1.27,0,12.0,0,25.45,0,16.45,0,1.27,0,1.27
100.0,29.9,0.00,0.00,0,13.62,0,1.27,0,1.27,0,12.0,0,25.45,0,16.45,0,1.27,0,1.27
99.2,30.7,0.00,0.00,0,13.62,0,1.27,0,1.27,0,12.0,0,25.45,0,16.45,0,1.27,0,1.27
100.0,31.6,0.00,0.00,0,13.62,0,1.27,0,1.27,0,12.0,0,25.45,0,16.45,0,1.27,0,1.27
100.0,32.5,0.00,0.00,0,13.62,0,1.27,0,1.27,0,12.0,0,25.45,0,16.45,0,1.27,0,1.27
100.0,33.0,0.00,0.00,0,13.62,0,1.27,0,1.27,0,12.0,0,25.45,0,16.45,0,1.27,0,1.27
100.0,33.7,0.00,0.00,0,13.62,0,1.27,0,1.27,0,12.0,0,25.45,0,16.45,0,1.27,0,1.27
100.0,33.7,0.00,0.00,0,13.62,0,1.27,0,1.27,0,12.0,0,25.45,0,16.45,0,1.27,0,1.27
100.0,34.1,0.00,0.00,0,13.62,0,1.27,0,1.27,0,12.0,0,25.45,0,16.45,0,1.27,0,1.27
100.0,34.1,0.00,0.00,0,13.62,0,1.27,0,1.27,0,12.0,0,25.45,0,16.45,0,1.27,0,1.27
100.0,34.1,0.00,0.00,0,13.62,0,1.27,0,1.27,0,12.0,0,25.45,0,16.45,0,1.27,0,1.27
100.0,34.1,0.00,0.00,0,13.62,0,1.27,0,1.27,0,12.0,0,25.45,0,16.45,0,1.27,0,1.27
100.0,34.1,0.00,0.00,0,13.62,0,1.27,0,1.27,0,12.0,0,25.45,0,16.45,0,1.27,0,1.27
100.0,34.9,0.00,0.00,0,13.62,0,1.27,0,1.27,0,12.0,0,25.45,0,16.45,0,1.27,0,1.27
100.0,34.9,0.00,0.00,0,13.62,0,1.27,0,1.27,0,12.0,0,25.45,0,16.45,0,1.27,0,1.27
100.0,35.0,0.00,0.00,0,13.62,0,1.27,0,1.27,0,12.0,0,25.45,0,16.45,0,1.27,0,1.27
100.0,34.9,0.00,0.00,0,13.62,0,1.27,0,1.27,0,12.0,0,25.45,0,16.45,0,1.27,0,1.27
100.0,32.4,0.00,0.00,0,13.62,0,1.27,0,1.27,0,12.0,0,25.45,0,16.45,0,1.27,0,1.27
100.0,31.4,0.00,0.00,0,13.62,0,1.27,0,1.27,0,12.0,0,25.45,0,16.45,0,1.27,0,1.27
100.0,31.8,0.00,0.00,0,13.62,0,1.27,0,1.27,0,12.0,0,25.45,0,16.45,0,1.27,0,1.27
100.0,32.3,0.00,0.00,0,13.62,0,1.27,0,1.27,0,12.0,0,25.45,0,16.45,0,1.27,0,1.27
100.0,32.9,0.00,0.00,0,13.62,0,1.27,0,1.27,0,12.0,0,25.45,0,16.45,0,1.27,0,1.27
100.0,33.8,0.00,0.00,0,13.62,0,1.27,0,1.27,0,12.0,0,25.45,0,16.45,0,1.27,0,1.27
100.0,33.8,0.00,0.00,0,13.62,0,1.27,0,1.27,0,12.0,0,25.45,0,16.45,0,1.27,0,1.27
100.0,34.0,0.00,0.00,0,13.62,0,1.27,0,1.27,0,12.0,0,25.45,0,16.45,0,1.27,0,1.27
100.0,34.0,0.00,0.00,0,13.62,0,1.27,0,1.27,0,12.0,0,25.45,0,16.45,0,1.27,0,1.27
100.0,34.4,0.00,0.00,0,13.62,0,1.27,0,1.27,0,12.0,0,25.45,0,16.45,0,1.27,0,1.27
100.0,34.4,0.00,0.00,0,13.62,0,1.27,0,1.27,0,12.0,0,25.45,0,16.45,0,1.27,0,1.27
100.0,34.4,0.00,0.00,0,13.62,0,1.27,0,1.27,0,12.0,0,25.45,0,16.45,0,1.27,0,1.27
100.0,34.4,0.00,0.00,0,13.62,0,1.27,0,1.27,0,12.0,0,25.45,0,16.45,0,1.27,0,1.27
100.0,34.4,0.00,0.00,0,13.62,0,1.27,0,1.27,0,12.0,0,25.45,0,16.45,0,1.27,0,1.27
100.0,34.5,0.00,0.00,0,13.62,0,1.27,0,1.27,0,12.0,0,25.45,0,16.45,0,1.27,0,1.27
100.0,35.2,0.00,0.00,0,13.62,0,1.27,0,1.27,0,12.0,0,25.45,0,16.45,0,1.27,0,1.27
100.0,31.7,0.00,0.00,0,13.62,0,1.27,0,1.27,0,12.0,0,25.45,0,16.45,0,1.27,0,1.27
100.0,33.4,0.00,0.00,0,13.62,0,1.27,0,1.27,0,12.0,0,25.45,0,16.45,0,1.27,0,1.27
100.0,30.0,0.00,0.00,0,13.62,0,1.27,0,1.27,0,12.0,0,25.45,0,16.45,0,1.27,0,1.27
100.0,32.7,0.00,0.00,0,13.62,0,1.27,0,1.27,0,12.0,0,25.45,0,16.45,0,1.27,0,1.27
100.0,31.7,0.00,0.00,0,13.62,0,1.27,0,1.27,0,12.0,0,25.45,0,16.45,0,1.27,0,1.27
100.0,32.2,0.00,0.00,0,13.62,0,1.27,0,1.27,0,12.0,0,25.45,0,16.45,0,1.27,0,1.27
100.0,34.4,0.00,0.00,0,13.62,0,1.27,0,1.27,0,12.0,0,25.45,0,16.45,0,1.27,0,1.27
100.0,33.9,0.00,0.00,0,13.62,0,1.27,0,1.27,0,12.0,0,25.45,0,16.45,0,1.27,0,1.27
99.6,34.1,0.00,0.00,0,13.62,0,1.27,0,1.27,0,12.0,0,25.45,0,16.45,0,1.27,0,1.27
100.0,34.5,0.00,0.00,0,13.62,0,1.27,0,1.27,0,12.0,0,25.45,0,16.45,0,1.27,0,1.27
100.0,34.5,0.00,0.00,0,13.62,0,1.27,0,1.27,0,12.0,0,25.45,0,16.45,0,1.27,0,1.27
100.0,34.5,0.00,0.00,0,13.62,0,1.27,0,1.27,0,12.0,0,25.45,0,16.45,0,1.27,0,1.27
100.0,34.5,0.00,0.00,0,13.62,0,1.27,0,1.27,0,12.0,0,25.45,0,16.45,0,1.27,0,1.27
100.0,33.0,0.00,0.00,0,13.62,0,1.27,0,1.27,0,12.0,0,25.45,0,16.45,0,1.27,0,1.27
100.0,30.8,0.00,0.00,0,13.62,0,1.27,0,1.27,0,12.0,0,25.45,0,16.45,0,1.27,0,1.27
100.0,31.5,0.00,0.00,0,13.62,0,1.27,0,1.27,0,12.0,0,25.45,0,16.45,0,1.27,0,1.27
100.0,32.7,0.00,0.00,0,13.62,0,1.27,0,1.27,0,12.0,0,25.45,0,16.45,0,1.27,0,1.27
100.0,33.1,0.00,0.00,0,13.62,0,1.27,0,1.27,0,12.0,0,25.45,0,16.45,0,1.27,0,1.27
98.3,33.9,0.00,0.00,0,13.62,0,1.27,0,1.27,0,12.0,0,25.45,0,16.45,0,1.27,0,1.27
100.0,33.9,0.00,0.00,0,13.62,0,1.27,0,1.27,0,12.0,0,25.45,0,16.45,0,1.27,0,1.27
100.0,34.2,0.00,0.00,0,13.62,0,1.27,0,1.27,0,12.0,0,25.45,0,16.45,0,1.27,0,1.27
100.0,34.2,0.00,0.00,0,13.62,0,1.27,0,1.27,0,12.0,0,25.45,0,16.45,0,1.27,0,1.27
100.0,34.6,0.00,0.00,0,13.62,0,1.27,0,1.27,0,12.0,0,25.45,0,16.45,0,1.27,0,1.27
100.0,34.6,0.00,0.00,0,13.62,0,1.27,0,1.27,0,12.0,0,25.45,0,16.45,0,1.27,0,1.27
100.0,34.6,0.00,0.00,0,13.62,0,1.27,0,1.27,0,12.0,0,25.45,0,16.45,0,1.27,0,1.27
100.0,34.6,0.00,0.00,0,13.62,0,1.27,0,1.27,0,12.0,0,25.45,0,16.45,0,1.27,0,1.27
100.0,34.6,0.00,0.00,0,13.62,0,1.27,0,1.27,0,12.0,0,25.45,0,16.45,0,1.27,0,1.27
100.0,35.4,0.00,0.00,0,13.62,0,1.27,0,1.27,0,12.0,0,25.45,0,16.45,0,1.27,0,1.27
100.0,35.5,0.00,0.00,0,13.62,0,1.27,0,1.27,0,12.0,0,25.45,0,16.45,0,1.27,0,1.27
100.0,35.4,0.00,0.00,0,13.62,0,1.27,0,1.27,0,12.0,0,25.45,0,16.45,0,1.27,0,1.27
100.0,35.5,0.00,0.00,0,13.62,0,1.27,0,1.27,0,12.0,0,25.45,0,16.45,0,1.27,0,1.27
100.0,35.5,0.00,0.00,0,13.62,0,1.27,0,1.27,0,12.0,0,25.45,0,16.45,0,1.27,0,1.27
100.0,35.5,0.00,0.00,0,13.62,0,1.27,0,1.27,0,12.0,0,25.45,0,16.45,0,1.27,0,1.27
100.0,35.5,0.00,0.00,0,13.62,0,1.27,0,1.27,0,12.0,0,25.45,0,16.45,0,1.27,0,1.27
100.0,35.5,0.00,0.00,0,13.62,0,1.27,0,1.27,0,12.0,0,25.45,0,16.45,0,1.27,0,1.27
100.0,35.5,0.00,0.00,0,13.62,0,1.27,0,1.27,0,12.0,0,25.45,0,16.45,0,1.27,0,1.27
100.0,35.5,0.00,0.00,0,13.62,0,1.27,0,1.27,0,12.0,0,25.45,0,16.45,0,1.27,0,1.27
100.0,35.5,0.00,0.00,0,13.62,0,1.27,0,1.27,0,12.0,0,25.45,0,16.45,0,1.27,0,1.27
100.0,31.9,0.00,0.00,0,13.62,0,1.27,0,1.27,0,12.0,0,25.45,0,16.45,0,1.27,0,1.27
100.0,30.3,0.00,0.00,0,13.62,0,1.27,0,1.27,0,12.0,0,25.45,0,16.45,0,1.27,0,1.27
99.3,30.3,0.00,0.00,0,13.62,0,1.27,0,1.27,0,12.0,0,25.45,0,16.45,0,1.27,0,1.27
100.0,31.7,0.00,0.00,0,13.62,0,1.27,0,1.27,0,12.0,0,25.45,0,16.45,0,1.27,0,1.27
100.0,32.2,0.00,0.00,0,13.62,0,1.27,0,1.27,0,12.0,0,25.45,0,16.45,0,1.27,0,1.27
100.0,30.0,0.00,0.00,0,13.62,0,1.27,0,1.27,0,12.0,0,25.45,0,16.45,0,1.27,0,1.27
100.0,29.7,0.00,0.00,0,13.62,0,1.27,0,1.27,0,12.0,0,25.45,0,16.45,0,1.27,0,1.27
100.0,31.2,0.00,0.00,0,13.62,0,1.27,0,1.27,0,12.0,0,25.45,0,16.45,0,1.27,0,1.27
100.0,31.9,0.00,0.00,0,13.62,0,1.27,0,1.27,0,12.0,0,25.45,0,16.45,0,1.27,0,1.27
100.0,32.4,0.00,0.00,0,13.62,0,1.27,0,1.27,0,12.0,0,25.45,0,16.45,0,1.27,0,1.27
100.0,33.5,0.00,0.00,0,13.62,0,1.27,0,1.27,0,12.0,0,25.45,0,16.45,0,1.27,0,1.27
100.0,33.6,0.00,0.00,0,13.62,0,1.27,0,1.27,0,12.0,0,25.45,0,16.45,0,1.27,0,1.27
100.0,34.2,0.00,0.00,0,13.62,0,1.27,0,1.27,0,12.0,0,25.45,0,16.45,0,1.27,0,1.27
100.0,34.2,0.00,0.00,0,13.62,0,1.27,0,1.27,0,12.0,0,25.45,0,16.45,0,1.27,0,1.27
100.0,34.6,0.00,0.00,0,13.62,0,1.27,0,1.27,0,12.0,0,25.45,0,16.45,0,1.27,0,1.27
100.0,34.6,0.00,0.00,0,13.62,0,1.27,0,1.27,0,12.0,0,25.45,0,16.45,0,1.27,0,1.27
99.9,34.6,0.00,0.00,0,13.62,0,1.27,0,1.27,0,12.0,0,25.45,0,16.45,0,1.27,0,1.27
100.0,34.7,0.00,0.00,0,13.62,0,1.27,0,1.27,0,12.0,0,25.45,0,16.45,0,1.27,0,1.27
100.0,34.6,0.00,0.00,0,13.62,0,1.27,0,1.27,0,12.0,0,25.45,0,16.45,0,1.27,0,1.27
100.0,35.1,0.00,0.00,0,13.62,0,1.27,0,1.27,0,12.0,0,25.45,0,16.45,0,1.27,0,1.27
99.8,35.7,0.00,0.00,0,13.62,0,1.27,0,1.27,0,12.0,0,25.45,0,16.45,0,1.27,0,1.27
100.0,36.3,0.00,0.00,0,13.62,0,1.27,0,1.27,0,12.0,0,25.45,0,16.45,0,1.27,0,1.27
100.0,36.2,0.00,0.00,0,13.62,0,1.27,0,1.27,0,12.0,0,25.45,0,16.45,0,1.27,0,1.27
100.0,36.3,0.00,0.00,0,13.62,0,1.27,0,1.27,0,12.0,0,25.45,0,16.45,0,1.27,0,1.27
100.0,36.3,0.00,0.00,0,13.62,0,1.27,0,1.27,0,12.0,0,25.45,0,16.45,0,1.27,0,1.27
100.0,36.2,0.00,0.00,0,13.62,0,1.27,0,1.27,0,12.0,0,25.45,0,16.45,0,1.27,0,1.27
100.0,36.3,0.00,0.00,0,13.62,0,1.27,0,1.27,0,12.0,0,25.45,0,16.45,0,1.27,0,1.27
100.0,36.3,0.00,0.00,0,13.62,0,1.27,0,1.27,0,12.0,0,25.45,0,16.45,0,1.27,0,1.27
100.0,36.3,0.00,0.00,0,13.62,0,1.27,0,1.27,0,12.0,0,25.45,0,16.45,0,1.27,0,1.27
99.2,36.4,0.00,0.00,0,13.62,0,1.27,0,1.27,0,12.0,0,25.45,0,16.45,0,1.27,0,1.27
100.0,36.4,0.00,0.00,0,13.62,0,1.27,0,1.27,0,12.0,0,25.45,0,16.45,0,1.27,0,1.27
100.0,36.3,0.00,0.00,0,13.62,0,1.27,0,1.27,0,12.0,0,25.45,0,16.45,0,1.27,0,1.27
100.0,36.4,0.00,0.00,0,13.62,0,1.27,0,1.27,0,12.0,0,25.45,0,16.45,0,1.27,0,1.27
100.0,36.4,0.00,0.00,0,13.62,0,1.27,0,1.27,0,12.0,0,25.45,0,16.45,0,1.27,0,1.27
100.0,36.4,0.00,0.00,0,13.62,0,1.27,0,1.27,0,12.0,0,25.45,0,16.45,0,1.27,0,1.27
100.0,36.4,0.00,0.00,0,13.62,0,1.27,0,1.27,0,12.0,0,25.45,0,16.45,0,1.27,0,1.27
100.0,36.4,0.00,0.00,0,13.62,0,1.27,0,1.27,0,12.0,0,25.45,0,16.45,0,1.27,0,1.27
97.3,36.4,0.00,0.00,0,13.62,0,1.27,0,1.27,0,12.0,0,25.45,0,16.45,0,1.27,0,1.27
100.0,38.0,0.00,0.00,0,13.62,0,1.27,0,1.27,0,12.0,0,25.45,0,16.45,0,1.27,0,1.27
100.0,38.1,0.00,0.00,0,13.62,0,1.27,0,1.27,0,12.0,0,25.45,0,16.45,0,1.27,0,1.27
100.0,38.0,0.00,0.00,0,13.62,0,1.27,0,1.27,0,12.0,0,25.45,0,16.45,0,1.27,0,1.27
100.0,38.0,0.00,0.00,0,13.62,0,1.27,0,1.27,0,12.0,0,25.45,0,16.45,0,1.27,0,1.27
100.0,39.0,0.00,0.00,0,13.62,0,1.27,0,1.27,0,12.0,0,25.45,0,16.45,0,1.27,0,1.27
100.0,39.6,0.00,0.00,0,13.62,0,1.27,0,1.27,0,12.0,0,25.45,0,16.45,0,1.27,0,1.27
100.0,39.6,0.00,0.00,0,13.62,0,1.27,0,1.27,0,12.0,0,25.45,0,16.45,0,1.27,0,1.27
100.0,39.6,0.00,0.00,0,13.62,0,1.27,0,1.27,0,12.0,0,25.45,0,16.45,0,1.27,0,1.27
100.0,39.7,0.00,0.00,0,13.62,0,1.27,0,1.27,0,12.0,0,25.45,0,16.45,0,1.27,0,1.27
100.0,39.6,0.00,0.00,0,13.62,0,1.27,0,1.27,0,12.0,0,25.45,0,16.45,0,1.27,0,1.27
100.0,39.6,0.00,0.00,0,13.62,0,1.27,0,1.27,0,12.0,0,25.45,0,16.45,0,1.27,0,1.27
100.0,39.6,0.00,0.00,0,13.62,0,1.27,0,1.27,0,12.0,0,25.45,0,16.45,0,1.27,0,1.27
100.0,35.2,0.00,0.00,0,13.62,0,1.27,0,1.27,0,12.0,0,25.45,0,16.45,0,1.27,0,1.27
100.0,36.5,0.00,0.00,0,13.62,0,1.27,0,1.27,0,12.0,0,25.45,0,16.45,0,1.27,0,1.27
100.0,32.4,0.00,0.00,0,13.62,0,1.27,0,1.27,0,12.0,0,25.45,0,16.45,0,1.27,0,1.27
100.0,33.0,0.00,0.00,0,13.62,0,1.27,0,1.27,0,12.0,0,25.45,0,16.45,0,1.27,0,1.27
100.0,27.8,0.00,0.00,0,13.62,0,1.27,0,1.27,0,12.0,0,25.45,0,16.45,0,1.27,0,1.27
100.0,29.6,0.00,0.00,0,13.62,0,1.27,0,1.27,0,12.0,0,25.45,0,16.45,0,1.27,0,1.27
100.0,25.4,0.00,0.00,0,13.62,0,1.27,0,1.27,0,12.0,0,25.45,0,16.45,0,1.27,0,1.27
100.0,27.1,0.00,0.00,0,13.62,0,1.27,0,1.27,0,12.0,0,25.45,0,16.45,0,1.27,0,1.27
99.8,27.9,0.00,0.00,0,13.62,0,1.27,0,1.27,0,12.0,0,25.45,0,16.45,0,1.27,0,1.27
100.0,28.6,0.00,0.00,0,13.62,0,1.27,0,1.27,0,12.0,0,25.45,0,16.45,0,1.27,0,1.27
100.0,29.3,0.00,0.00,0,13.62,0,1.27,0,1.27,0,12.0,0,25.45,0,16.45,0,1.27,0,1.27
100.0,29.8,0.00,0.00,0,13.62,0,1.27,0,1.27,0,12.0,0,25.45,0,16.45,0,1.27,0,1.27
100.0,30.7,0.00,0.00,0,13.62,0,1.27,0,1.27,0,12.0,0,25.45,0,16.45,0,1.27,0,1.27
100.0,30.8,0.00,0.00,0,13.62,0,1.27,0,1.27,0,12.0,0,25.45,0,16.45,0,1.27,0,1.27
100.0,31.4,0.00,0.00,0,13.62,0,1.27,0,1.27,0,12.0,0,25.45,0,16.45,0,1.27,0,1.27
100.0,31.6,0.00,0.00,0,13.62,0,1.27,0,1.27,0,12.0,0,25.45,0,16.45,0,1.27,0,1.27
100.0,29.9,0.00,0.00,0,13.62,0,1.27,0,1.27,0,12.0,0,25.45,0,16.45,0,1.27,0,1.27
100.0,30.3,0.00,0.00,0,13.62,0,1.27,0,1.27,0,12.0,0,25.45,0,16.45,0,1.27,0,1.27
100.0,31.0,0.00,0.00,0,13.62,0,1.27,0,1.27,0,12.0,0,25.45,0,16.45,0,1.27,0,1.27
100.0,32.1,0.00,0.00,0,13.62,0,1.27,0,1.27,0,12.0,0,25.45,0,16.45,0,1.27,0,1.27
100.0,32.1,0.00,0.00,0,13.62,0,1.27,0,1.27,0,12.0,0,25.45,0,16.45,0,1.27,0,1.27
100.0,32.6,0.00,0.00,0,13.62,0,1.27,0,1.27,0,12.0,0,25.45,0,16.45,0,1.27,0,1.27
100.0,32.5,0.00,0.00,0,13.62,0,1.27,0,1.27,0,12.0,0,25.45,0,16.45,0,1.27,0,1.27
100.0,32.6,0.00,0.00,0,13.62,0,1.27,0,1.27,0,12.0,0,25.45,0,16.45,0,1.27,0,1.27
100.0,32.6,0.00,0.00,0,13.62,0,1.27,0,1.27,0,12.0,0,25.45,0,16.45,0,1.27,0,1.27
100.0,31.3,0.00,0.00,0,13.62,0,1.27,0,1.27,0,12.0,0,25.45,0,16.45,0,1.27,0,1.27
100.0,30.9,0.00,0.00,0,13.62,0,1.27,0,1.27,0,12.0,0,25.45,0,16.45,0,1.27,0,1.27
100.0,31.5,0.00,0.00,0,13.62,0,1.27,0,1.27,0,12.0,0,25.45,0,16.45,0,1.27,0,1.27
100.0,32.1,0.00,0.00,0,13.62,0,1.27,0,1.27,0,12.0,0,25.45,0,16.45,0,1.27,0,1.27
99.1,32.2,0.00,0.00,0,13.62,0,1.27,0,1.27,0,12.0,0,25.45,0,16.45,0,1.27,0,1.27
99.9,32.4,0.00,0.00,0,13.62,0,1.27,0,1.27,0,12.0,0,25.45,0,16.45,0,1.27,0,1.27
100.0,32.9,0.00,0.00,0,13.62,0,1.27,0,1.27,0,12.0,0,25.45,0,16.45,0,1.27,0,1.27
100.0,34.2,0.00,0.00,0,13.62,0,1.27,0,1.27,0,12.0,0,25.45,0,16.45,0,1.27,0,1.27
100.0,34.5,0.00,0.00,0,13.62,0,1.27,0,1.27,0,12.0,0,25.45,0,16.45,0,1.27,0,1.27
99.6,34.4,0.00,0.00,0,13.62,0,1.27,0,1.27,0,12.0,0,25.45,0,16.45,0,1.27,0,1.27
100.0,34.5,0.00,0.00,0,13.62,0,1.27,0,1.27,0,12.0,0,25.45,0,16.45,0,1.27,0,1.27
98.9,34.5,0.00,0.00,0,13.62,0,1.27,0,1.27,0,12.0,0,25.45,0,16.45,0,1.27,0,1.27
100.0,32.5,0.00,0.00,0,13.62,0,1.27,0,1.27,0,12.0,0,25.45,0,16.45,0,1.27,0,1.27
100.0,33.2,0.00,0.00,0,13.62,0,1.27,0,1.27,0,12.0,0,25.45,0,16.45,0,1.27,0,1.27
100.0,34.4,0.00,0.00,0,13.62,0,1.27,0,1.27,0,12.0,0,25.45,0,16.45,0,1.27,0,1.27
99.0,34.5,0.00,0.00,0,13.62,0,1.27,0,1.27,0,12.0,0,25.45,0,16.45,0,1.27,0,1.27
100.0,34.7,0.00,0.00,0,13.62,0,1.27,0,1.27,0,12.0,0,25.45,0,16.45,0,1.27,0,1.27
100.0,34.7,0.00,0.00,0,13.62,0,1.27,0,1.27,0,12.0,0,25.45,0,16.45,0,1.27,0,1.27
100.0,34.8,0.00,0.00,0,13.62,0,1.27,0,1.27,0,12.0,0,25.45,0,16.45,0,1.27,0,1.27
100.0,35.2,0.00,0.00,0,13.62,0,1.27,0,1.27,0,12.0,0,25.45,0,16.45,0,1.27,0,1.27
100.0,35.2,0.00,0.00,0,13.62,0,1.27,0,1.27,0,12.0,0,25.45,0,16.45,0,1.27,0,1.27
100.0,35.1,0.00,0.00,0,13.62,0,1.27,0,1.27,0,12.0,0,25.45,0,16.45,0,1.27,0,1.27
100.0,35.2,0.00,0.00,0,13.62,0,1.27,0,1.27,0,12.0,0,25.45,0,16.45,0,1.27,0,1.27
100.0,33.4,0.00,0.00,0,13.62,0,1.27,0,1.27,0,12.0,0,25.45,0,16.45,0,1.27,0,1.27
99.0,30.7,0.00,0.00,0,13.62,0,1.27,0,1.27,0,12.0,0,25.45,0,16.45,0,1.27,0,1.27
100.0,26.3,0.00,0.00,0,13.62,0,1.27,0,1.27,0,12.0,0,25.45,0,16.45,0,1.27,0,1.27
100.0,26.3,0.00,0.00,0,13.62,0,1.27,0,1.27,0,12.0,0,25.45,0,16.45,0,1.27,0,1.27
100.0,24.9,0.00,0.00,0,13.62,0,1.27,0,1.27,0,12.0,0,25.45,0,16.45,0,1.27,0,1.27
100.0,25.1,0.00,0.00,0,13.62,0,1.27,0,1.27,0,12.0,0,25.45,0,16.45,0,1.27,0,1.27
100.0,25.7,0.00,0.00,0,13.62,0,1.27,0,1.27,0,12.0,0,25.45,0,16.45,0,1.27,0,1.27
100.0,26.3,0.00,0.00,0,13.62,0,1.27,0,1.27,0,12.0,0,25.45,0,16.45,0,1.27,0,1.27
100.0,27.0,0.00,0.00,0,13.62,0,1.27,0,1.27,0,12.0,0,25.45,0,16.45,0,1.27,0,1.27
100.0,27.0,0.00,0.00,0,13.62,0,1.27,0,1.27,0,12.0,0,25.45,0,16.45,0,1.27,0,1.27
100.0,27.4,0.00,0.00,0,13.62,0,1.27,0,1.27,0,12.0,0,25.45,0,16.45,0,1.27,0,1.27
100.0,25.8,0.00,0.00,0,13.62,0,1.27,0,1.27,0,12.0,0,25.45,0,16.45,0,1.27,0,1.27
100.0,26.4,0.00,0.00,0,13.62,0,1.27,0,1.27,0,12.0,0,25.45,0,16.45,0,1.27,0,1.27
99.9,27.2,0.00,0.00,0,13.62,0,1.27,0,1.27,0,12.0,0,25.45,0,16.45,0,1.27,0,1.27
100.0,27.6,0.00,0.00,0,13.62,0,1.27,0,1.27,0,12.0,0,25.45,0,16.45,0,1.27,0,1.27
100.0,29.3,0.00,0.00,0,13.62,0,1.27,0,1.27,0,12.0,0,25.45,0,16.45,0,1.27,0,1.27
100.0,29.6,0.00,0.00,0,13.62,0,1.27,0,1.27,0,12.0,0,25.45,0,16.45,0,1.27,0,1.27
100.0,29.8,0.00,0.00,0,13.62,0,1.27,0,1.27,0,12.0,0,25.45,0,16.45,0,1.27,0,1.27
100.0,30.0,0.00,0.00,0,13.62,0,1.27,0,1.27,0,12.0,0,25.45,0,16.45,0,1.27,0,1.27
100.0,28.3,0.00,0.00,0,13.62,0,1.27,0,1.27,0,12.0,0,25.45,0,16.45,0,1.27,0,1.27
100.0,28.0,0.00,0.00,0,13.62,0,1.27,0,1.27,0,12.0,0,25.45,0,16.45,0,1.27,0,1.27
100.0,28.5,0.00,0.00,0,13.62,0,1.27,0,1.27,0,12.0,0,25.45,0,16.45,0,1.27,0,1.27
100.0,29.1,0.00,0.00,0,13.62,0,1.27,0,1.27,0,12.0,0,25.45,0,16.45,0,1.27,0,1.27
100.0,29.2,0.00,0.00,0,13.62,0,1.27,0,1.27,0,12.0,0,25.45,0,16.45,0,1.27,0,1.27
100.0,29.4,0.00,0.00,0,13.62,0,1.27,0,1.27,0,12.0,0,25.45,0,16.45,0,1.27,0,1.27
100.0,29.4,0.00,0.00,0,13.62,0,1.27,0,1.27,0,12.0,0,25.45,0,16.45,0,1.27,0,1.27
100.0,27.8,0.00,0.00,0,13.62,0,1.27,0,1.27,0,12.0,0,25.45,0,16.45,0,1.27,0,1.27
100.0,26.7,0.00,0.00,0,13.62,0,1.27,0,1.27,0,12.0,0,25.45,0,16.45,0,1.27,0,1.27
100.0,27.5,0.00,0.00,0,13.62,0,1.27,0,1.27,0,12.0,0,25.45,0,16.45,0,1.27,0,1.27
100.0,28.3,0.00,0.00,0,13.62,0,1.27,0,1.27,0,12.0,0,25.45,0,16.45,0,1.27,0,1.27
100.0,29.1,0.00,0.00,0,13.62,0,1.27,0,1.27,0,12.0,0,25.45,0,16.45,0,1.27,0,1.27
100.0,29.4,0.00,0.00,0,13.62,0,1.27,0,1.27,0,12.0,0,25.45,0,16.45,0,1.27,0,1.27
100.0,30.3,0.00,0.00,0,13.62,0,1.27,0,1.27,0,12.0,0,25.45,0,16.45,0,1.27,0,1.27
100.0,30.6,0.00,0.00,0,13.62,0,1.27,0,1.27,0,12.0,0,25.45,0,16.45,0,1.27,0,1.27
100.0,30.7,0.00,0.00,0,13.62,0,1.27,0,1.27,0,12.0,0,25.45,0,16.45,0,1.27,0,1.27
100.0,30.7,0.00,0.00,0,13.62,0,1.27,0,1.27,0,12.0,0,25.45,0,16.45,0,1.27,0,1.27
100.0,30.7,0.00,0.00,0,13.62,0,1.27,0,1.27,0,12.0,0,25.45,0,16.45,0,1.27,0,1.27
100.0,30.7,0.00,0.00,0,13.62,0,1.27,0,1.27,0,12.0,0,25.45,0,16.45,0,1.27,0,1.27
100.0,30.7,0.00,0.00,0,13.62,0,1.27,0,1.27,0,12.0,0,25.45,0,16.45,0,1.27,0,1.27
100.0,27.8,0.00,0.00,0,13.62,0,1.27,0,1.27,0,12.0,0,25.45,0,16.45,0,1.27,0,1.27
100.0,28.2,0.00,0.00,0,13.62,0,1.27,0,1.27,0,12.0,0,25.45,0,16.45,0,1.27,0,1.27
99.5,29.2,0.00,0.00,0,13.62,0,1.27,0,1.27,0,12.0,0,25.45,0,16.45,0,1.27,0,1.27
100.0,29.6,0.00,0.00,0,13.62,0,1.27,0,1.27,0,12.0,0,25.45,0,16.45,0,1.27,0,1.27
100.0,28.4,0.00,0.00,0,13.62,0,1.27,0,1.27,0,12.0,0,25.45,0,16.45,0,1.27,0,1.27
100.0,26.7,0.00,0.00,0,13.62,0,1.27,0,1.27,0,12.0,0,25.45,0,16.45,0,1.27,0,1.27
100.0,27.5,0.00,0.00,0,13.62,0,1.27,0,1.27,0,12.0,0,25.45,0,16.45,0,1.27,0,1.27
100.0,29.0,0.00,0.00,0,13.62,0,1.27,0,1.27,0,12.0,0,25.45,0,16.45,0,1.27,0,1.27
100.0,28.9,0.00,0.00,0,13.62,0,1.27,0,1.27,0,12.0,0,25.45,0,16.45,0,1.27,0,1.27
100.0,29.1,0.00,0.00,0,13.62,0,1.27,0,1.27,0,12.0,0,25.45,0,16.45,0,1.27,0,1.27
100.0,29.8,0.00,0.00,0,13.62,0,1.27,0,1.27,0,12.0,0,25.45,0,16.45,0,1.27,0,1.27
100.0,30.3,0.00,0.00,0,13.62,0,1.27,0,1.27,0,12.0,0,25.45,0,16.45,0,1.27,0,1.27
100.0,30.3,0.00,0.00,0,13.62,0,1.27,0,1.27,0,12.0,0,25.45,0,16.45,0,1.27,0,1.27
100.0,30.3,0.00,0.00,0,13.62,0,1.27,0,1.27,0,12.0,0,25.45,0,16.45,0,1.27,0,1.27
100.0,30.3,0.00,0.00,0,13.62,0,1.27,0,1.27,0,12.0,0,25.45,0,16.45,0,1.27,0,1.27
100.0,30.3,0.00,0.00,0,13.62,0,1.27,0,1.27,0,12.0,0,25.45,0,16.45,0,1.27,0,1.27
100.0,31.1,0.00,0.00,0,13.62,0,1.27,0,1.27,0,12.0,0,25.45,0,16.45,0,1.27,0,1.27
100.0,29.1,0.00,0.00,0,13.62,0,1.27,0,1.27,0,12.0,0,25.45,0,16.45,0,1.27,0,1.27
100.0,29.4,0.00,0.00,0,13.62,0,1.27,0,1.27,0,12.0,0,25.45,0,16.45,0,1.27,0,1.27
100.0,28.9,0.00,0.00,0,13.62,0,1.27,0,1.27,0,12.0,0,25.45,0,16.45,0,1.27,0,1.27
100.0,29.5,0.00,0.00,0,13.62,0,1.27,0,1.27,0,12.0,0,25.45,0,16.45,0,1.27,0,1.27
100.0,30.1,0.00,0.00,0,13.62,0,1.27,0,1.27,0,12.0,0,25.45,0,16.45,0,1.27,0,1.27
100.0,30.4,0.00,0.00,0,13.62,0,1.27,0,1.27,0,12.0,0,25.45,0,16.45,0,1.27,0,1.27
100.0,27.8,0.00,0.00,0,13.62,0,1.27,0,1.27,0,12.0,0,25.45,0,16.45,0,1.27,0,1.27
100.0,27.2,0.00,0.00,0,13.62,0,1.27,0,1.27,0,12.0,0,25.45,0,16.45,0,1.27,0,1.27
100.0,28.0,0.00,0.00,0,13.62,0,1.27,0,1.27,0,12.0,0,25.45,0,16.45,0,1.27,0,1.27
100.0,28.8,0.00,0.00,0,13.62,0,1.27,0,1.27,0,12.0,0,25.45,0,16.45,0,1.27,0,1.27
100.0,29.4,0.00,0.00,0,13.62,0,1.27,0,1.27,0,12.0,0,25.45,0,16.45,0,1.27,0,1.27
100.0,29.8,0.00,0.00,0,13.62,0,1.27,0,1.27,0,12.0,0,25.45,0,16.45,0,1.27,0,1.27
100.0,31.5,0.00,0.00,0,13.62,0,1.27,0,1.27,0,12.0,0,25.45,0,16.45,0,1.27,0,1.27
100.0,32.0,0.00,0.00,0,13.62,0,1.27,0,1.27,0,12.0,0,25.45,0,16.45,0,1.27,0,1.27
98.6,32.0,0.00,0.00,0,13.62,0,1.27,0,1.27,0,12.0,0,25.45,0,16.45,0,1.27,0,1.27
100.0,32.0,0.00,0.00,0,13.62,0,1.27,0,1.27,0,12.0,0,25.45,0,16.45,0,1.27,0,1.27
100.0,32.4,0.00,0.00,0,13.62,0,1.27,0,1.27,0,12.0,0,25.45,0,16.45,0,1.27,0,1.27
100.0,32.4,0.00,0.00,0,13.62,0,1.27,0,1.27,0,12.0,0,25.45,0,16.45,0,1.27,0,1.27
99.3,32.4,0.00,0.00,0,13.62,0,1.27,0,1.27,0,12.0,0,25.45,0,16.45,0,1.27,0,1.27
100.0,32.4,0.00,0.00,0,13.62,0,1.27,0,1.27,0,12.0,0,25.45,0,16.45,0,1.27,0,1.27
100.0,30.1,0.00,0.00,0,13.62,0,1.27,0,1.27,0,12.0,0,25.45,0,16.45,0,1.27,0,1.27
100.0,29.5,0.00,0.00,0,13.62,0,1.27,0,1.27,0,12.0,0,25.45,0,16.45,0,1.27,0,1.27
100.0,30.2,0.00,0.00,0,13.62,0,1.27,0,1.27,0,12.0,0,25.45,0,16.45,0,1.27,0,1.27
100.0,32.1,0.00,0.00,0,13.62,0,1.27,0,1.27,0,12.0,0,25.45,0,16.45,0,1.27,0,1.27
100.0,31.9,0.00,0.00,0,13.62,0,1.27,0,1.27,0,12.0,0,25.45,0,16.45,0,1.27,0,1.27
100.0,32.1,0.00,0.00,0,13.62,0,1.27,0,1.27,0,12.0,0,25.45,0,16.45,0,1.27,0,1.27
100.0,32.2,0.00,0.00,0,13.62,0,1.27,0,1.27,0,12.0,0,25.45,0,16.45,0,1.27,0,1.27
99.1,32.2,0.00,0.00,0,13.62,0,1.27,0,1.27,0,12.0,0,25.45,0,16.45,0,1.27,0,1.27
100.0,32.6,0.00,0.00,0,13.62,0,1.27,0,1.27,0,12.0,0,25.45,0,16.45,0,1.27,0,1.27
99.5,32.5,0.00,0.00,0,13.62,0,1.27,0,1.27,0,12.0,0,25.45,0,16.45,0,1.27,0,1.27
100.0,32.6,0.00,0.00,0,13.62,0,1.27,0,1.27,0,12.0,0,25.45,0,16.45,0,1.27,0,1.27
100.0,32.5,0.00,0.00,0,13.62,0,1.27,0,1.27,0,12.0,0,25.45,0,16.45,0,1.27,0,1.27
100.0,32.6,0.00,0.00,0,13.62,0,1.27,0,1.27,0,12.0,0,25.45,0,16.45,0,1.27,0,1.27
100.0,33.4,0.00,0.00,0,13.62,0,1.27,0,1.27,0,12.0,0,25.45,0,16.45,0,1.27,0,1.27
100.0,33.4,0.00,0.00,0,13.62,0,1.27,0,1.27,0,12.0,0,25.45,0,16.45,0,1.27,0,1.27
100.0,33.4,0.00,0.00,0,13.62,0,1.27,0,1.27,0,12.0,0,25.45,0,16.45,0,1.27,0,1.27
100.0,33.4,0.00,0.00,0,13.62,0,1.27,0,1.27,0,12.0,0,25.45,0,16.45,0,1.27,0,1.27
100.0,33.4,0.00,0.00,0,13.62,0,1.27,0,1.27,0,12.0,0,25.45,0,16.45,0,1.27,0,1.27
100.0,33.4,0.00,0.00,0,13.62,0,1.27,0,1.27,0,12.0,0,25.45,0,16.45,0,1.27,0,1.27
100.0,33.5,0.00,0.00,0,13.62,0,1.27,0,1.27,0,12.0,0,25.45,0,16.45,0,1.27,0,1.27
100.0,30.6,0.00,0.00,0,13.62,0,1.27,0,1.27,0,12.0,0,25.45,0,16.45,0,1.27,0,1.27
100.0,26.1,0.00,0.00,0,13.62,0,1.27,0,1.27,0,12.0,0,25.45,0,16.45,0,1.27,0,1.27
100.0,26.5,0.00,0.00,0,13.62,0,1.27,0,1.27,0,12.0,0,25.45,0,16.45,0,1.27,0,1.27
100.0,27.6,0.00,0.00,0,13.62,0,1.27,0,1.27,0,12.0,0,25.45,0,16.45,0,1.27,0,1.27
100.0,29.1,0.00,0.00,0,13.62,0,1.27,0,1.27,0,12.0,0,25.45,0,16.45,0,1.27,0,1.27
99.7,30.5,0.00,0.00,0,13.62,0,1.27,0,1.27,0,12.0,0,25.45,0,16.45,0,1.27,0,1.27
100.0,30.9,0.00,0.00,0,13.62,0,1.27,0,1.27,0,12.0,0,25.45,0,16.45,0,1.27,0,1.27
100.0,31.4,0.00,0.00,0,13.62,0,1.27,0,1.27,0,12.0,0,25.45,0,16.45,0,1.27,0,1.27
100.0,31.6,0.00,0.00,0,13.62,0,1.27,0,1.27,0,12.0,0,25.45,0,16.45,0,1.27,0,1.27
100.0,31.8,0.00,0.00,0,13.62,0,1.27,0,1.27,0,12.0,0,25.45,0,16.45,0,1.27,0,1.27
99.9,32.2,0.00,0.00,0,13.62,0,1.27,0,1.27,0,12.0,0,25.45,0,16.45,0,1.27,0,1.27
100.0,32.2,0.00,0.00,0,13.62,0,1.27,0,1.27,0,12.0,0,25.45,0,16.45,0,1.27,0,1.27
100.0,32.1,0.00,0.00,0,13.62,0,1.27,0,1.27,0,12.0,0,25.45,0,16.45,0,1.27,0,1.27
100.0,33.0,0.00,0.00,0,13.62,0,1.27,0,1.27,0,12.0,0,25.45,0,16.45,0,1.27,0,1.27
99.8,33.0,0.00,0.00,0,13.62,0,1.27,0,1.27,0,12.0,0,25.45,0,16.45,0,1.27,0,1.27
100.0,33.1,0.00,0.00,0,13.62,0,1.27,0,1.27,0,12.0,0,25.45,0,16.45,0,1.27,0,1.27
100.0,33.8,0.00,0.00,0,13.62,0,1.27,0,1.27,0,12.0,0,25.45,0,16.45,0,1.27,0,1.27
100.0,33.8,0.00,0.00,0,13.62,0,1.27,0,1.27,0,12.0,0,25.45,0,16.45,0,1.27,0,1.27
100.0,33.8,0.00,0.00,0,13.62,0,1.27,0,1.27,0,12.0,0,25.45,0,16.45,0,1.27,0,1.27
100.0,33.8,0.00,0.00,0,13.62,0,1.27,0,1.27,0,12.0,0,25.45,0,16.45,0,1.27,0,1.27
100.0,33.8,0.00,0.00,0,13.62,0,1.27,0,1.27,0,12.0,0,25.45,0,16.45,0,1.27,0,1.27
95.7,33.8,0.00,0.00,0,13.62,0,1.27,0,1.27,0,12.0,0,25.45,0,16.45,0,1.27,0,1.27
100.0,33.9,0.00,0.00,0,13.62,0,1.27,0,1.27,0,12.0,0,25.45,0,16.45,0,1.27,0,1.27
100.0,30.1,0.00,0.00,0,13.62,0,1.27,0,1.27,0,12.0,0,25.45,0,16.45,0,1.27,0,1.27
100.0,29.2,0.00,0.00,0,13.62,0,1.27,0,1.27,0,12.0,0,25.45,0,16.45,0,1.27,0,1.27
100.0,29.4,0.00,0.00,0,13.62,0,1.27,0,1.27,0,12.0,0,25.45,0,16.45,0,1.27,0,1.27
97.9,27.6,0.00,0.00,0,13.62,0,1.27,0,1.27,0,12.0,0,25.45,0,16.45,0,1.27,0,1.27
100.0,28.6,0.00,0.00,0,13.62,0,1.27,0,1.27,0,12.0,0,25.45,0,16.45,0,1.27,0,1.27
100.0,28.7,0.00,0.00,0,13.62,0,1.27,0,1.27,0,12.0,0,25.45,0,16.45,0,1.27,0,1.27
100.0,30.0,0.00,0.00,0,13.62,0,1.27,0,1.27,0,12.0,0,25.45,0,16.45,0,1.27,0,1.27
100.0,31.1,0.00,0.00,0,13.62,0,1.27,0,1.27,0,12.0,0,25.45,0,16.45,0,1.27,0,1.27
100.0,31.3,0.00,0.00,0,13.62,0,1.27,0,1.27,0,12.0,0,25.45,0,16.45,0,1.27,0,1.27
100.0,31.9,0.00,0.00,0,13.62,0,1.27,0,1.27,0,12.0,0,25.45,0,16.45,0,1.27,0,1.27
100.0,31.9,0.00,0.00,0,13.62,0,1.27,0,1.27,0,12.0,0,25.45,0,16.45,0,1.27,0,1.27
100.0,32.2,0.00,0.00,0,13.62,0,1.27,0,1.27,0,12.0,0,25.45,0,16.45,0,1.27,0,1.27
98.3,32.3,0.00,0.00,0,13.62,0,1.27,0,1.27,0,12.0,0,25.45,0,16.45,0,1.27,0,1.27
100.0,32.3,0.00,0.00,0,13.62,0,1.27,0,1.27,0,12.0,0,25.45,0,16.45,0,1.27,0,1.27
100.0,33.2,0.00,0.00,0,13.62,0,1.27,0,1.27,0,12.0,0,25.45,0,16.45,0,1.27,0,1.27
100.0,33.1,0.00,0.00,0,13.62,0,1.27,0,1.27,0,12.0,0,25.45,0,16.45,0,1.27,0,1.27
100.0,33.9,0.00,0.00,0,13.62,0,1.27,0,1.27,0,12.0,0,25.45,0,16.45,0,1.27,0,1.27
100.0,34.0,0.00,0.00,0,13.62,0,1.27,0,1.27,0,12.0,0,25.45,0,16.45,0,1.27,0,1.27
99.5,33.9,0.00,0.00,0,13.62,0,1.27,0,1.27,0,12.0,0,25.45,0,16.45,0,1.27,0,1.27
100.0,34.0,0.00,0.00,0,13.62,0,1.27,0,1.27,0,12.0,0,25.45,0,16.45,0,1.27,0,1.27
100.0,34.0,0.00,0.00,0,13.62,0,1.27,0,1.27,0,12.0,0,25.45,0,16.45,0,1.27,0,1.27
100.0,34.0,0.00,0.00,0,13.62,0,1.27,0,1.27,0,12.0,0,25.45,0,16.45,0,1.27,0,1.27
100.0,34.0,0.00,0.00,0,13.62,0,1.27,0,1.27,0,12.0,0,25.45,0,16.45,0,1.27,0,1.27
100.0,34.0,0.00,0.00,0,13.62,0,1.27,0,1.27,0,12.0,0,25.45,0,16.45,0,1.27,0,1.27
100.0,34.0,0.00,0.00,0,13.62,0,1.27,0,1.27,0,12.0,0,25.45,0,16.45,0,1.27,0,1.27
100.0,34.0,0.00,0.00,0,13.62,0,1.27,0,1.27,0,12.0,0,25.45,0,16.45,0,1.27,0,1.27
99.8,34.0,0.00,0.00,0,13.62,0,1.27,0,1.27,0,12.0,0,25.45,0,16.45,0,1.27,0,1.27
100.0,34.1,0.00,0.00,0,13.62,0,1.27,0,1.27,0,12.0,0,25.45,0,16.45,0,1.27,0,1.27
100.0,27.2,0.00,0.00,0,13.62,0,1.27,0,1.27,0,12.0,0,25.45,0,16.45,0,1.27,0,1.27
100.0,26.3,0.00,0.00,0,13.62,0,1.27,0,1.27,0,12.0,0,25.45,0,16.45,0,1.27,0,1.27
100.0,26.7,0.00,0.00,0,13.62,0,1.27,0,1.27,0,12.0,0,25.45,0,16.45,0,1.27,0,1.27
99.6,28.3,0.00,0.00,0,13.62,0,1.27,0,1.27,0,12.0,0,25.45,0,16.45,0,1.27,0,1.27
100.0,29.8,0.00,0.00,0,13.62,0,1.27,0,1.27,0,12.0,0,25.45,0,16.45,0,1.27,0,1.27
100.0,30.5,0.00,0.00,0,13.62,0,1.27,0,1.27,0,12.0,0,25.45,0,16.45,0,1.27,0,1.27
100.0,32.6,0.00,0.00,0,13.62,0,1.27,0,1.27,0,12.0,0,25.45,0,16.45,0,1.27,0,1.27
100.0,32.0,0.00,0.00,0,13.62,0,1.27,0,1.27,0,12.0,0,25.45,0,16.45,0,1.27,0,1.27
100.0,32.2,0.00,0.00,0,13.62,0,1.27,0,1.27,0,12.0,0,25.45,0,16.45,0,1.27,0,1.27
100.0,32.6,0.00,0.00,0,13.62,0,1.27,0,1.27,0,12.0,0,25.45,0,16.45,0,1.27,0,1.27
100.0,33.0,0.00,0.00,0,13.62,0,1.27,0,1.27,0,12.0,0,25.45,0,16.45,0,1.27,0,1.27
100.0,33.1,0.00,0.00,0,13.62,0,1.27,0,1.27,0,12.0,0,25.45,0,16.45,0,1.27,0,1.27
99.7,33.0,0.00,0.00,0,13.62,0,1.27,0,1.27,0,12.0,0,25.45,0,16.45,0,1.27,0,1.27
100.0,33.1,0.00,0.00,0,13.62,0,1.27,0,1.27,0,12.0,0,25.45,0,16.45,0,1.27,0,1.27
100.0,33.8,0.00,0.00,0,13.62,0,1.27,0,1.27,0,12.0,0,25.45,0,16.45,0,1.27,0,1.27
99.8,34.7,0.00,0.00,0,13.62,0,1.27,0,1.27,0,12.0,0,25.45,0,16.45,0,1.27,0,1.27
100.0,34.7,0.00,0.00,0,13.62,0,1.27,0,1.27,0,12.0,0,25.45,0,16.45,0,1.27,0,1.27
99.8,34.7,0.00,0.00,0,13.62,0,1.27,0,1.27,0,12.0,0,25.45,0,16.45,0,1.27,0,1.27
100.0,34.7,0.00,0.00,0,13.62,0,1.27,0,1.27,0,12.0,0,25.45,0,16.45,0,1.27,0,1.27
99.0,34.7,0.00,0.00,0,13.62,0,1.27,0,1.27,0,12.0,0,25.45,0,16.45,0,1.27,0,1.27
100.0,34.7,0.00,0.00,0,13.62,0,1.27,0,1.27,0,12.0,0,25.45,0,16.45,0,1.27,0,1.27
99.0,34.7,0.00,0.00,0,13.62,0,1.27,0,1.27,0,12.0,0,25.45,0,16.45,0,1.27,0,1.27
100.0,34.8,0.00,0.00,0,13.62,0,1.27,0,1.27,0,12.0,0,25.45,0,16.45,0,1.27,0,1.27
100.0,34.7,0.00,0.00,0,13.62,0,1.27,0,1.27,0,12.0,0,25.45,0,16.45,0,1.27,0,1.27
100.0,34.8,0.00,0.00,0,13.62,0,1.27,0,1.27,0,12.0,0,25.45,0,16.45,0,1.27,0,1.27
100.0,34.8,0.00,0.00,0,13.62,0,1.27,0,1.27,0,12.0,0,25.45,0,16.45,0,1.27,0,1.27
100.0,34.7,0.00,0.00,0,13.62,0,1.27,0,1.27,0,12.0,0,25.45,0,16.45,0,1.27,0,1.27
100.0,34.8,0.00,0.00,0,13.62,0,1.27,0,1.27,0,12.0,0,25.45,0,16.45,0,1.27,0,1.27
100.0,28.5,0.00,0.00,0,13.62,0,1.27,0,1.27,0,12.0,0,25.45,0,16.45,0,1.27,0,1.27
100.0,30.6,0.00,0.00,0,13.62,0,1.27,0,1.27,0,12.0,0,25.45,0,16.45,0,1.27,0,1.27
100.0,27.9,0.00,0.00,0,13.62,0,1.27,0,1.27,0,12.0,0,25.45,0,16.45,0,1.27,0,1.27
100.0,27.4,0.00,0.00,0,13.62,0,1.27,0,1.27,0,12.0,0,25.45,0,16.45,0,1.27,0,1.27
100.0,28.5,0.00,0.00,0,13.62,0,1.27,0,1.27,0,12.0,0,25.45,0,16.45,0,1.27,0,1.27
100.0,30.1,0.00,0.00,0,13.62,0,1.27,0,1.27,0,12.0,0,25.45,0,16.45,0,1.27,0,1.27
100.0,31.1,0.00,0.00,0,13.62,0,1.27,0,1.27,0,12.0,0,25.45,0,16.45,0,1.27,0,1.27
100.0,31.4,0.00,0.00,0,13.62,0,1.27,0,1.27,0,12.0,0,25.45,0,16.45,0,1.27,0,1.27
100.0,31.7,0.00,0.00,0,13.62,0,1.27,0,1.27,0,12.0,0,25.45,0,16.45,0,1.27,0,1.27
100.0,32.4,0.00,0.00,0,13.62,0,1.27,0,1.27,0,12.0,0,25.45,0,16.45,0,1.27,0,1.27
100.0,32.5,0.00,0.00,0,13.62,0,1.27,0,1.27,0,12.0,0,25.45,0,16.45,0,1.27,0,1.27
100.0,32.5,0.00,0.00,0,13.62,0,1.27,0,1.27,0,12.0,0,25.45,0,16.45,0,1.27,0,1.27
100.0,32.5,0.00,0.00,0,13.62,0,1.27,0,1.27,0,12.0,0,25.45,0,16.45,0,1.27,0,1.27
100.0,33.0,0.00,0.00,0,13.62,0,1.27,0,1.27,0,12.0,0,25.45,0,16.45,0,1.27,0,1.27
100.0,34.0,0.00,0.00,0,13.62,0,1.27,0,1.27,0,12.0,0,25.45,0,16.45,0,1.27,0,1.27
100.0,34.1,0.00,0.00,0,13.62,0,1.27,0,1.27,0,12.0,0,25.45,0,16.45,0,1.27,0,1.27
100.0,34.1,0.00,0.00,0,13.62,0,1.27,0,1.27,0,12.0,0,25.45,0,16.45,0,1.27,0,1.27
100.0,34.0,0.00,0.00,0,13.62,0,1.27,0,1.27,0,12.0,0,25.45,0,16.45,0,1.27,0,1.27
100.0,34.1,0.00,0.00,0,13.62,0,1.27,0,1.27,0,12.0,0,25.45,0,16.45,0,1.27,0,1.27
100.0,34.1,0.00,0.00,0,13.62,0,1.27,0,1.27,0,12.0,0,25.45,0,16.45,0,1.27,0,1.27
100.0,34.1,0.00,0.00,0,13.62,0,1.27,0,1.27,0,12.0,0,25.45,0,16.45,0,1.27,0,1.27
100.0,34.2,0.00,0.00,0,13.62,0,1.27,0,1.27,0,12.0,0,25.45,0,16.45,0,1.27,0,1.27
100.0,34.2,0.00,0.00,0,13.62,0,1.27,0,1.27,0,12.0,0,25.45,0,16.45,0,1.27,0,1.27
100.0,34.2,0.00,0.00,0,13.62,0,1.27,0,1.27,0,12.0,0,25.45,0,16.45,0,1.27,0,1.27
100.0,34.2,0.00,0.00,0,13.62,0,1.27,0,1.27,0,12.0,0,25.45,0,16.45,0,1.27,0,1.27
100.0,34.2,0.00,0.00,0,13.62,0,1.27,0,1.27,0,12.0,0,25.45,0,16.45,0,1.27,0,1.27
100.0,34.2,0.00,0.00,0,13.62,0,1.27,0,1.27,0,12.0,0,25.45,0,16.45,0,1.27,0,1.27
100.0,34.2,0.00,0.00,0,13.62,0,1.27,0,1.27,0,12.0,0,25.45,0,16.45,0,1.27,0,1.27
100.0,31.5,0.00,0.00,0,13.62,0,1.27,0,1.27,0,12.0,0,25.45,0,16.45,0,1.27,0,1.27
100.0,28.7,0.00,0.00,0,13.62,0,1.27,0,1.27,0,12.0,0,25.45,0,16.45,0,1.27,0,1.27
98.9,26.4,0.00,0.00,0,13.62,0,1.27,0,1.27,0,12.0,0,25.45,0,16.45,0,1.27,0,1.27
100.0,24.3,0.00,0.00,0,13.62,0,1.27,0,1.27,0,12.0,0,25.45,0,16.45,0,1.27,0,1.27
100.0,24.7,0.00,0.00,0,13.62,0,1.27,0,1.27,0,12.0,0,25.45,0,16.45,0,1.27,0,1.27
100.0,25.7,0.00,0.00,0,13.62,0,1.27,0,1.27,0,12.0,0,25.45,0,16.45,0,1.27,0,1.27
100.0,26.3,0.00,0.00,0,13.62,0,1.27,0,1.27,0,12.0,0,25.45,0,16.45,0,1.27,0,1.27
100.0,27.3,0.00,0.00,0,13.62,0,1.27,0,1.27,0,12.0,0,25.45,0,16.45,0,1.27,0,1.27
100.0,27.1,0.00,0.00,0,13.62,0,1.27,0,1.27,0,12.0,0,25.45,0,16.45,0,1.27,0,1.27
100.0,27.5,0.00,0.00,0,13.62,0,1.27,0,1.27,0,12.0,0,25.45,0,16.45,0,1.27,0,1.27
100.0,28.0,0.00,0.00,0,13.62,0,1.27,0,1.27,0,12.0,0,25.45,0,16.45,0,1.27,0,1.27
100.0,28.2,0.00,0.00,0,13.62,0,1.27,0,1.27,0,12.0,0,25.45,0,16.45,0,1.27,0,1.27
100.0,28.2,0.00,0.00,0,13.62,0,1.27,0,1.27,0,12.0,0,25.45,0,16.45,0,1.27,0,1.27
100.0,27.3,0.00,0.00,0,13.62,0,1.27,0,1.27,0,12.0,0,25.45,0,16.45,0,1.27,0,1.27
100.0,28.1,0.00,0.00,0,13.62,0,1.27,0,1.27,0,12.0,0,25.45,0,16.45,0,1.27,0,1.27
100.0,28.6,0.00,0.00,0,13.62,0,1.27,0,1.27,0,12.0,0,25.45,0,16.45,0,1.27,0,1.27
100.0,29.6,0.00,0.00,0,13.62,0,1.27,0,1.27,0,12.0,0,25.45,0,16.45,0,1.27,0,1.27
100.0,29.6,0.00,0.00,0,13.62,0,1.27,0,1.27,0,12.0,0,25.45,0,16.45,0,1.27,0,1.27
99.7,29.6,0.00,0.00,0,13.62,0,1.27,0,1.27,0,12.0,0,25.45,0,16.45,0,1.27,0,1.27
100.0,29.7,0.00,0.00,0,13.62,0,1.27,0,1.27,0,12.0,0,25.45,0,16.45,0,1.27,0,1.27
99.6,30.0,0.00,0.00,0,13.62,0,1.27,0,1.27,0,12.0,0,25.45,0,16.45,0,1.27,0,1.27
100.0,28.7,0.00,0.00,0,13.62,0,1.27,0,1.27,0,12.0,0,25.45,0,16.45,0,1.27,0,1.27
100.0,28.6,0.00,0.00,0,13.62,0,1.27,0,1.27,0,12.0,0,25.45,0,16.45,0,1.27,0,1.27
99.9,29.3,0.00,0.00,0,13.62,0,1.27,0,1.27,0,12.0,0,25.45,0,16.45,0,1.27,0,1.27
100.0,29.6,0.00,0.00,0,13.62,0,1.27,0,1.27,0,12.0,0,25.45,0,16.45,0,1.27,0,1.27
100.0,29.6,0.00,0.00,0,13.62,0,1.27,0,1.27,0,12.0,0,25.45,0,16.45,0,1.27,0,1.27
100.0,29.9,0.00,0.00,0,13.62,0,1.27,0,1.27,0,12.0,0,25.45,0,16.45,0,1.27,0,1.27
100.0,31.5,0.00,0.00,0,13.62,0,1.27,0,1.27,0,12.0,0,25.45,0,16.45,0,1.27,0,1.27
100.0,31.7,0.00,0.00,0,13.62,0,1.27,0,1.27,0,12.0,0,25.45,0,16.45,0,1.27,0,1.27
100.0,31.7,0.00,0.00,0,13.62,0,1.27,0,1.27,0,12.0,0,25.45,0,16.45,0,1.27,0,1.27
100.0,30.6,0.00,0.00,0,13.62,0,1.27,0,1.27,0,12.0,0,25.45,0,16.45,0,1.27,0,1.27
100.0,31.0,0.00,0.00,0,13.62,0,1.27,0,1.27,0,12.0,0,25.45,0,16.45,0,1.27,0,1.27
100.0,31.2,0.00,0.00,0,13.62,0,1.27,0,1.27,0,12.0,0,25.45,0,16.45,0,1.27,0,1.27
100.0,31.4,0.00,0.00,0,13.62,0,1.27,0,1.27,0,12.0,0,25.45,0,16.45,0,1.27,0,1.27
99.3,31.4,0.00,0.00,0,13.62,0,1.27,0,1.27,0,12.0,0,25.45,0,16.45,0,1.27,0,1.27
100.0,31.8,0.00,0.00,0,13.62,0,1.27,0,1.27,0,12.0,0,25.45,0,16.45,0,1.27,0,1.27
100.0,31.8,0.00,0.00,0,13.62,0,1.27,0,1.27,0,12.0,0,25.45,0,16.45,0,1.27,0,1.27
100.0,30.7,0.00,0.00,0,13.62,0,1.27,0,1.27,0,12.0,0,25.45,0,16.45,0,1.27,0,1.27
100.0,27.0,0.00,0.00,0,13.62,0,1.27,0,1.27,0,12.0,0,25.45,0,16.45,0,1.27,0,1.27
100.0,23.9,0.00,0.00,0,13.62,0,1.27,0,1.27,0,12.0,0,25.45,0,16.45,0,1.27,0,1.27
100.0,24.9,0.00,0.00,0,13.62,0,1.27,0,1.27,0,12.0,0,25.45,0,16.45,0,1.27,0,1.27
100.0,26.3,0.00,0.00,0,13.62,0,1.27,0,1.27,0,12.0,0,25.45,0,16.45,0,1.27,0,1.27
100.0,27.0,0.00,0.00,0,13.62,0,1.27,0,1.27,0,12.0,0,25.45,0,16.45,0,1.27,0,1.27
100.0,27.6,0.00,0.00,0,13.62,0,1.27,0,1.27,0,12.0,0,25.45,0,16.45,0,1.27,0,1.27
100.0,28.4,0.00,0.00,0,13.62,0,1.27,0,1.27,0,12.0,0,25.45,0,16.45,0,1.27,0,1.27
100.0,29.2,0.00,0.00,0,13.62,0,1.27,0,1.27,0,12.0,0,25.45,0,16.45,0,1.27,0,1.27
100.0,29.6,0.00,0.00,0,13.62,0,1.27,0,1.27,0,12.0,0,25.45,0,16.45,0,1.27,0,1.27
100.0,29.8,0.00,0.00,0,13.62,0,1.27,0,1.27,0,12.0,0,25.45,0,16.45,0,1.27,0,1.27
100.0,30.2,0.00,0.00,0,13.62,0,1.27,0,1.27,0,12.0,0,25.45,0,16.45,0,1.27,0,1.27
100.0,30.2,0.00,0.00,0,13.62,0,1.27,0,1.27,0,12.0,0,25.45,0,16.45,0,1.27,0,1.27
100.0,30.2,0.00,0.00,0,13.62,0,1.27,0,1.27,0,12.0,0,25.45,0,16.45,0,1.27,0,1.27
100.0,30.6,0.00,0.00,0,13.62,0,1.27,0,1.27,0,12.0,0,25.45,0,16.45,0,1.27,0,1.27
100.0,30.6,0.00,0.00,0,13.62,0,1.27,0,1.27,0,12.0,0,25.45,0,16.45,0,1.27,0,1.27
100.0,28.7,0.00,0.00,0,13.62,0,1.27,0,1.27,0,12.0,0,25.45,0,16.45,0,1.27,0,1.27
100.0,29.7,0.00,0.00,0,13.62,0,1.27,0,1.27,0,12.0,0,25.45,0,16.45,0,1.27,0,1.27
100.0,32.9,0.00,0.00,0,13.62,0,1.27,0,1.27,0,12.0,0,25.45,0,16.45,0,1.27,0,1.27
100.0,33.0,0.00,0.00,0,13.62,0,1.27,0,1.27,0,12.0,0,25.45,0,16.45,0,1.27,0,1.27
100.0,33.6,0.00,0.00,0,13.62,0,1.27,0,1.27,0,12.0,0,25.45,0,16.45,0,1.27,0,1.27
99.7,34.1,0.00,0.00,0,13.62,0,1.27,0,1.27,0,12.0,0,25.45,0,16.45,0,1.27,0,1.27
100.0,35.3,0.00,0.00,0,13.62,0,1.27,0,1.27,0,12.0,0,25.45,0,16.45,0,1.27,0,1.27
99.0,34.9,0.00,0.00,0,13.62,0,1.27,0,1.27,0,12.0,0,25.45,0,16.45,0,1.27,0,1.27
100.0,35.0,0.00,0.00,0,13.62,0,1.27,0,1.27,0,12.0,0,25.45,0,16.45,0,1.27,0,1.27
100.0,35.1,0.00,0.00,0,13.62,0,1.27,0,1.27,0,12.0,0,25.45,0,16.45,0,1.27,0,1.27
100.0,35.5,0.00,0.00,0,13.62,0,1.27,0,1.27,0,12.0,0,25.45,0,16.45,0,1.27,0,1.27
100.0,35.5,0.00,0.00,0,13.62,0,1.27,0,1.27,0,12.0,0,25.45,0,16.45,0,1.27,0,1.27
100.0,35.5,0.00,0.00,0,13.62,0,1.27,0,1.27,0,12.0,0,25.45,0,16.45,0,1.27,0,1.27
100.0,36.4,0.00,0.00,0,13.62,0,1.27,0,1.27,0,12.0,0,25.45,0,16.45,0,1.27,0,1.27
100.0,37.2,0.00,0.00,0,13.62,0,1.27,0,1.27,0,12.0,0,25.45,0,16.45,0,1.27,0,1.27
100.0,37.2,0.00,0.00,0,13.62,0,1.27,0,1.27,0,12.0,0,25.45,0,16.45,0,1.27,0,1.27
100.0,37.2,0.00,0.00,0,13.62,0,1.27,0,1.27,0,12.0,0,25.45,0,16.45,0,1.27,0,1.27
100.0,37.2,0.00,0.00,0,13.62,0,1.27,0,1.27,0,12.0,0,25.45,0,16.45,0,1.27,0,1.27
100.0,37.2,0.00,0.00,0,13.62,0,1.27,0,1.27,0,12.0,0,25.45,0,16.45,0,1.27,0,1.27
100.0,37.2,0.00,0.00,0,13.62,0,1.27,0,1.27,0,12.0,0,25.45,0,16.45,0,1.27,0,1.27
100.0,37.2,0.00,0.00,0,13.62,0,1.27,0,1.27,0,12.0,0,25.45,0,16.45,0,1.27,0,1.27
100.0,32.8,0.00,0.00,0,13.62,0,1.27,0,1.27,0,12.0,0,25.45,0,16.45,0,1.27,0,1.27
100.0,31.9,0.00,0.00,0,13.62,0,1.27,0,1.27,0,12.0,0,25.45,0,16.45,0,1.27,0,1.27
100.0,32.4,0.00,0.00,0,13.62,0,1.27,0,1.27,0,12.0,0,25.45,0,16.45,0,1.27,0,1.27
100.0,32.6,0.00,0.00,0,13.62,0,1.27,0,1.27,0,12.0,0,25.45,0,16.45,0,1.27,0,1.27
100.0,32.6,0.00,0.00,0,13.62,0,1.27,0,1.27,0,12.0,0,25.45,0,16.45,0,1.27,0,1.27
100.0,33.0,0.00,0.00,0,13.62,0,1.27,0,1.27,0,12.0,0,25.45,0,16.45,0,1.27,0,1.27
100.0,28.3,0.00,0.00,0,13.62,0,1.27,0,1.27,0,12.0,0,25.45,0,16.45,0,1.27,0,1.27
100.0,26.7,0.00,0.00,0,13.62,0,1.27,0,1.27,0,12.0,0,25.45,0,16.45,0,1.27,0,1.27
99.9,25.4,0.00,0.00,0,13.62,0,1.27,0,1.27,0,12.0,0,25.45,0,16.45,0,1.27,0,1.27
100.0,26.4,0.00,0.00,0,13.62,0,1.27,0,1.27,0,12.0,0,25.45,0,16.45,0,1.27,0,1.27
100.0,27.8,0.00,0.00,0,13.62,0,1.27,0,1.27,0,12.0,0,25.45,0,16.45,0,1.27,0,1.27
100.0,29.0,0.00,0.00,0,13.62,0,1.27,0,1.27,0,12.0,0,25.45,0,16.45,0,1.27,0,1.27
100.0,29.4,0.00,0.00,0,13.62,0,1.27,0,1.27,0,12.0,0,25.45,0,16.45,0,1.27,0,1.27
100.0,29.6,0.00,0.00,0,13.62,0,1.27,0,1.27,0,12.0,0,25.45,0,16.45,0,1.27,0,1.27
100.0,30.0,0.00,0.00,0,13.62,0,1.27,0,1.27,0,12.0,0,25.45,0,16.45,0,1.27,0,1.27
100.0,30.0,0.00,0.00,0,13.62,0,1.27,0,1.27,0,12.0,0,25.45,0,16.45,0,1.27,0,1.27
100.0,30.4,0.00,0.00,0,13.62,0,1.27,0,1.27,0,12.0,0,25.45,0,16.45,0,1.27,0,1.27
100.0,30.4,0.00,0.00,0,13.62,0,1.27,0,1.27,0,12.0,0,25.45,0,16.45,0,1.27,0,1.27
100.0,30.5,0.00,0.00,0,13.62,0,1.27,0,1.27,0,12.0,0,25.45,0,16.45,0,1.27,0,1.27
99.2,28.6,0.00,0.00,0,13.62,0,1.27,0,1.27,0,12.0,0,25.45,0,16.45,0,1.27,0,1.27
100.0,29.2,0.00,0.00,0,13.62,0,1.27,0,1.27,0,12.0,0,25.45,0,16.45,0,1.27,0,1.27
100.0,30.4,0.00,0.00,0,13.62,0,1.27,0,1.27,0,12.0,0,25.45,0,16.45,0,1.27,0,1.27
100.0,31.1,0.00,0.00,0,13.62,0,1.27,0,1.27,0,12.0,0,25.45,0,16.45,0,1.27,0,1.27
100.0,31.4,0.00,0.00,0,13.62,0,1.27,0,1.27,0,12.0,0,25.45,0,16.45,0,1.27,0,1.27
100.0,31.4,0.00,0.00,0,13.62,0,1.27,0,1.27,0,12.0,0,25.45,0,16.45,0,1.27,0,1.27
100.0,31.8,0.00,0.00,0,13.62,0,1.27,0,1.27,0,12.0,0,25.45,0,16.45,0,1.27,0,1.27
100.0,31.8,0.00,0.00,0,13.62,0,1.27,0,1.27,0,12.0,0,25.45,0,16.45,0,1.27,0,1.27
100.0,31.9,0.00,0.00,0,13.62,0,1.27,0,1.27,0,12.0,0,25.45,0,16.45,0,1.27,0,1.27
100.0,31.9,0.00,0.00,0,13.62,0,1.27,0,1.27,0,12.0,0,25.45,0,16.45,0,1.27,0,1.27
100.0,31.9,0.00,0.00,0,13.62,0,1.27,0,1.27,0,12.0,0,25.45,0,16.45,0,1.27,0,1.27
99.8,31.9,0.00,0.00,0,13.62,0,1.27,0,1.27,0,12.0,0,25.45,0,16.45,0,1.27,0,1.27
100.0,32.7,0.00,0.00,0,13.62,0,1.27,0,1.27,0,12.0,0,25.45,0,16.45,0,1.27,0,1.27
99.2,32.7,0.00,0.00,0,13.62,0,1.27,0,1.27,0,12.0,0,25.45,0,16.45,0,1.27,0,1.27
100.0,32.7,0.00,0.00,0,13.62,0,1.27,0,1.27,0,12.0,0,25.45,0,16.45,0,1.27,0,1.27
100.0,32.7,0.00,0.00,0,13.62,0,1.27,0,1.27,0,12.0,0,25.45,0,16.45,0,1.27,0,1.27
99.6,32.7,0.00,0.00,0,13.62,0,1.27,0,1.27,0,12.0,0,25.45,0,16.45,0,1.27,0,1.27
100.0,31.0,0.00,0.00,0,13.62,0,1.27,0,1.27,0,12.0,0,25.45,0,16.45,0,1.27,0,1.27
100.0,31.3,0.00,0.00,0,13.62,0,1.27,0,1.27,0,12.0,0,25.45,0,16.45,0,1.27,0,1.27
100.0,31.8,0.00,0.00,0,13.62,0,1.27,0,1.27,0,12.0,0,25.45,0,16.45,0,1.27,0,1.27
100.0,32.2,0.00,0.00,0,13.62,0,1.27,0,1.27,0,12.0,0,25.45,0,16.45,0,1.27,0,1.27
100.0,33.1,0.00,0.00,0,13.62,0,1.27,0,1.27,0,12.0,0,25.45,0,16.45,0,1.27,0,1.27
100.0,33.2,0.00,0.00,0,13.62,0,1.27,0,1.27,0,12.0,0,25.45,0,16.45,0,1.27,0,1.27
100.0,33.4,0.00,0.00,0,13.62,0,1.27,0,1.27,0,12.0,0,25.45,0,16.45,0,1.27,0,1.27
100.0,33.4,0.00,0.00,0,13.62,0,1.27,0,1.27,0,12.0,0,25.45,0,16.45,0,1.27,0,1.27
100.0,33.8,0.00,0.00,0,13.62,0,1.27,0,1.27,0,12.0,0,25.45,0,16.45,0,1.27,0,1.27
100.0,33.8,0.00,0.00,0,13.62,0,1.27,0,1.27,0,12.0,0,25.45,0,16.45,0,1.27,0,1.27
100.0,33.8,0.00,0.00,0,13.62,0,1.27,0,1.27,0,12.0,0,25.45,0,16.45,0,1.27,0,1.27
100.0,33.8,0.00,0.00,0,13.62,0,1.27,0,1.27,0,12.0,0,25.45,0,16.45,0,1.27,0,1.27
100.0,33.8,0.00,0.00,0,13.62,0,1.27,0,1.27,0,12.0,0,25.45,0,16.45,0,1.27,0,1.27
98.0,33.8,0.00,0.00,0,13.62,0,1.27,0,1.27,0,12.0,0,25.45,0,16.45,0,1.27,0,1.27
100.0,34.7,0.00,0.00,0,13.62,0,1.27,0,1.27,0,12.0,0,25.45,0,16.45,0,1.27,0,1.27
100.0,34.7,0.00,0.00,0,13.62,0,1.27,0,1.27,0,12.0,0,25.45,0,16.45,0,1.27,0,1.27
100.0,29.2,0.00,0.00,0,13.62,0,1.27,0,1.27,0,12.0,0,25.45,0,16.45,0,1.27,0,1.27
100.0,31.5,0.00,0.00,0,13.62,0,1.27,0,1.27,0,12.0,0,25.45,0,16.45,0,1.27,0,1.27
100.0,28.9,0.00,0.00,0,13.62,0,1.27,0,1.27,0,12.0,0,25.45,0,16.45,0,1.27,0,1.27
100.0,29.9,0.00,0.00,0,13.62,0,1.27,0,1.27,0,12.0,0,25.45,0,16.45,0,1.27,0,1.27
100.0,30.5,0.00,0.00,0,13.62,0,1.27,0,1.27,0,12.0,0,25.45,0,16.45,0,1.27,0,1.27
100.0,31.0,0.00,0.00,0,13.62,0,1.27,0,1.27,0,12.0,0,25.45,0,16.45,0,1.27,0,1.27
100.0,29.2,0.00,0.00,0,13.62,0,1.27,0,1.27,0,12.0,0,25.45,0,16.45,0,1.27,0,1.27
100.0,29.5,0.00,0.00,0,13.62,0,1.27,0,1.27,0,12.0,0,25.45,0,16.45,0,1.27,0,1.27
100.0,30.2,0.00,0.00,0,13.62,0,1.27,0,1.27,0,12.0,0,25.45,0,16.45,0,1.27,0,1.27
100.0,30.9,0.00,0.00,0,13.62,0,1.27,0,1.27,0,12.0,0,25.45,0,16.45,0,1.27,0,1.27
100.0,32.4,0.00,0.00,0,13.62,0,1.27,0,1.27,0,12.0,0,25.45,0,16.45,0,1.27,0,1.27
100.0,32.3,0.00,0.00,0,13.62,0,1.27,0,1.27,0,12.0,0,25.45,0,16.45,0,1.27,0,1.27
100.0,32.6,0.00,0.00,0,13.62,0,1.27,0,1.27,0,12.0,0,25.45,0,16.45,0,1.27,0,1.27
100.0,33.0,0.00,0.00,0,13.62,0,1.27,0,1.27,0,12.0,0,25.45,0,16.45,0,1.27,0,1.27
100.0,33.0,0.00,0.00,0,13.62,0,1.27,0,1.27,0,12.0,0,25.45,0,16.45,0,1.27,0,1.27
100.0,33.8,0.00,0.00,0,13.62,0,1.27,0,1.27,0,12.0,0,25.45,0,16.45,0,1.27,0,1.27
100.0,33.8,0.00,0.00,0,13.62,0,1.27,0,1.27,0,12.0,0,25.45,0,16.45,0,1.27,0,1.27
100.0,33.9,0.00,0.00,0,13.62,0,1.27,0,1.27,0,12.0,0,25.45,0,16.45,0,1.27,0,1.27
100.0,33.9,0.00,0.00,0,13.62,0,1.27,0,1.27,0,12.0,0,25.45,0,16.45,0,1.27,0,1.27
100.0,34.6,0.00,0.00,0,13.62,0,1.27,0,1.27,0,12.0,0,25.45,0,16.45,0,1.27,0,1.27
100.0,34.7,0.00,0.00,0,13.62,0,1.27,0,1.27,0,12.0,0,25.45,0,16.45,0,1.27,0,1.27
100.0,34.7,0.00,0.00,0,13.62,0,1.27,0,1.27,0,12.0,0,25.45,0,16.45,0,1.27,0,1.27
100.0,34.7,0.00,0.00,0,13.62,0,1.27,0,1.27,0,12.0,0,25.45,0,16.45,0,1.27,0,1.27
100.0,34.7,0.00,0.00,0,13.62,0,1.27,0,1.27,0,12.0,0,25.45,0,16.45,0,1.27,0,1.27
100.0,34.7,0.00,0.00,0,13.62,0,1.27,0,1.27,0,12.0,0,25.45,0,16.45,0,1.27,0,1.27
100.0,36.2,0.00,0.00,0,13.62,0,1.27,0,1.27,0,12.0,0,25.45,0,16.45,0,1.27,0,1.27
100.0,36.3,0.00,0.00,0,13.62,0,1.27,0,1.27,0,12.0,0,25.45,0,16.45,0,1.27,0,1.27
100.0,36.3,0.00,0.00,0,13.62,0,1.27,0,1.27,0,12.0,0,25.45,0,16.45,0,1.27,0,1.27
99.9,34.1,0.00,0.00,0,13.62,0,1.27,0,1.27,0,12.0,0,25.45,0,16.45,0,1.27,0,1.27
100.0,31.5,0.00,0.00,0,13.62,0,1.27,0,1.27,0,12.0,0,25.45,0,16.45,0,1.27,0,1.27
100.0,32.1,0.00,0.00,0,13.62,0,1.27,0,1.27,0,12.0,0,25.45,0,16.45,0,1.27,0,1.27
100.0,32.4,0.00,0.00,0,13.62,0,1.27,0,1.27,0,12.0,0,25.45,0,16.45,0,1.27,0,1.27
100.0,31.7,0.00,0.00,0,13.62,0,1.27,0,1.27,0,12.0,0,25.45,0,16.45,0,1.27,0,1.27
100.0,33.1,0.00,0.00,0,13.62,0,1.27,0,1.27,0,12.0,0,25.45,0,16.45,0,1.27,0,1.27
100.0,33.1,0.00,0.00,0,13.62,0,1.27,0,1.27,0,12.0,0,25.45,0,16.45,0,1.27,0,1.27
100.0,33.3,0.00,0.00,0,13.62,0,1.27,0,1.27,0,12.0,0,25.45,0,16.45,0,1.27,0,1.27
100.0,33.4,0.00,0.00,0,13.62,0,1.27,0,1.27,0,12.0,0,25.45,0,16.45,0,1.27,0,1.27
100.0,33.4,0.00,0.00,0,13.62,0,1.27,0,1.27,0,12.0,0,25.45,0,16.45,0,1.27,0,1.27
100.0,33.4,0.00,0.00,0,13.62,0,1.27,0,1.27,0,12.0,0,25.45,0,16.45,0,1.27,0,1.27
100.0,33.7,0.00,0.00,0,13.62,0,1.27,0,1.27,0,12.0,0,25.45,0,16.45,0,1.27,0,1.27
98.9,33.1,0.00,0.00,0,13.62,0,1.27,0,1.27,0,12.0,0,25.45,0,16.45,0,1.27,0,1.27
100.0,31.9,0.00,0.00,0,13.62,0,1.27,0,1.27,0,12.0,0,25.45,0,16.45,0,1.27,0,1.27
99.4,27.8,0.00,0.00,0,13.62,0,1.27,0,1.27,0,12.0,0,25.45,0,16.45,0,1.27,0,1.27
100.0,28.8,0.00,0.00,0,13.62,0,1.27,0,1.27,0,12.0,0,25.45,0,16.45,0,1.27,0,1.27
100.0,26.8,0.00,0.00,0,13.62,0,1.27,0,1.27,0,12.0,0,25.45,0,16.45,0,1.27,0,1.27
100.0,27.0,0.00,0.00,0,13.62,0,1.27,0,1.27,0,12.0,0,25.45,0,16.45,0,1.27,0,1.27
100.0,27.7,0.00,0.00,0,13.62,0,1.27,0,1.27,0,12.0,0,25.45,0,16.45,0,1.27,0,1.27
100.0,28.5,0.00,0.00,0,13.62,0,1.27,0,1.27,0,12.0,0,25.45,0,16.45,0,1.27,0,1.27
100.0,29.0,0.00,0.00,0,13.62,0,1.27,0,1.27,0,12.0,0,25.45,0,16.45,0,1.27,0,1.27
100.0,30.1,0.00,0.00,0,13.62,0,1.27,0,1.27,0,12.0,0,25.45,0,16.45,0,1.27,0,1.27
100.0,28.8,0.00,0.00,0,13.62,0,1.27,0,1.27,0,12.0,0,25.45,0,16.45,0,1.27,0,1.27
100.0,28.4,0.00,0.00,0,13.62,0,1.27,0,1.27,0,12.0,0,25.45,0,16.45,0,1.27,0,1.27
100.0,29.4,0.00,0.00,0,13.62,0,1.27,0,1.27,0,12.0,0,25.45,0,16.45,0,1.27,0,1.27
100.0,30.4,0.00,0.00,0,13.62,0,1.27,0,1.27,0,12.0,0,25.45,0,16.45,0,1.27,0,1.27
100.0,30.6,0.00,0.00,0,13.62,0,1.27,0,1.27,0,12.0,0,25.45,0,16.45,0,1.27,0,1.27
100.0,30.7,0.00,0.00,0,13.62,0,1.27,0,1.27,0,12.0,0,25.45,0,16.45,0,1.27,0,1.27
100.0,31.1,0.00,0.00,0,13.62,0,1.27,0,1.27,0,12.0,0,25.45,0,16.45,0,1.27,0,1.27
100.0,31.6,0.00,0.00,0,13.62,0,1.27,0,1.27,0,12.0,0,25.45,0,16.45,0,1.27,0,1.27
100.0,31.9,0.00,0.00,0,13.62,0,1.27,0,1.27,0,12.0,0,25.45,0,16.45,0,1.27,0,1.27
100.0,31.9,0.00,0.00,0,13.62,0,1.27,0,1.27,0,12.0,0,25.45,0,16.45,0,1.27,0,1.27
100.0,29.7,0.00,0.00,0,13.62,0,1.27,0,1.27,0,12.0,0,25.45,0,16.45,0,1.27,0,1.27
100.0,30.2,0.00,0.00,0,13.62,0,1.27,0,1.27,0,12.0,0,25.45,0,16.45,0,1.27,0,1.27
100.0,30.8,0.00,0.00,0,13.62,0,1.27,0,1.27,0,12.0,0,25.45,0,16.45,0,1.27,0,1.27
100.0,31.2,0.00,0.00,0,13.62,0,1.27,0,1.27,0,12.0,0,25.45,0,16.45,0,1.27,0,1.27
100.0,31.5,0.00,0.00,0,13.62,0,1.27,0,1.27,0,12.0,0,25.45,0,16.45,0,1.27,0,1.27
100.0,31.5,0.00,0.00,0,13.62,0,1.27,0,1.27,0,12.0,0,25.45,0,16.45,0,1.27,0,1.27
100.0,31.5,0.00,0.00,0,13.62,0,1.27,0,1.27,0,12.0,0,25.45,0,16.45,0,1.27,0,1.27
100.0,31.9,0.00,0.00,0,13.62,0,1.27,0,1.27,0,12.0,0,25.45,0,16.45,0,1.27,0,1.27
100.0,31.9,0.00,0.00,0,13.62,0,1.27,0,1.27,0,12.0,0,25.45,0,16.45,0,1.27,0,1.27
100.0,31.9,0.00,0.00,0,13.62,0,1.27,0,1.27,0,12.0,0,25.45,0,16.45,0,1.27,0,1.27
100.0,31.9,0.00,0.00,0,13.62,0,1.27,0,1.27,0,12.0,0,25.45,0,16.45,0,1.27,0,1.27
100.0,31.9,0.00,0.00,0,13.62,0,1.27,0,1.27,0,12.0,0,25.45,0,16.45,0,1.27,0,1.27
100.0,30.5,0.00,0.00,0,13.62,0,1.27,0,1.27,0,12.0,0,25.45,0,16.45,0,1.27,0,1.27
100.0,32.3,0.00,0.00,0,13.62,0,1.27,0,1.27,0,12.0,0,25.45,0,16.45,0,1.27,0,1.27
99.9,33.1,0.00,0.00,0,13.62,0,1.27,0,1.27,0,12.0,0,25.45,0,16.45,0,1.27,0,1.27
100.0,33.4,0.00,0.00,0,13.62,0,1.27,0,1.27,0,12.0,0,25.45,0,16.45,0,1.27,0,1.27
100.0,33.4,0.00,0.00,0,13.62,0,1.27,0,1.27,0,12.0,0,25.45,0,16.45,0,1.27,0,1.27
100.0,33.8,0.00,0.00,0,13.62,0,1.27,0,1.27,0,12.0,0,25.45,0,16.45,0,1.27,0,1.27
100.0,33.8,0.00,0.00,0,13.62,0,1.27,0,1.27,0,12.0,0,25.45,0,16.45,0,1.27,0,1.27
100.0,33.7,0.00,0.00,0,13.62,0,1.27,0,1.27,0,12.0,0,25.45,0,16.45,0,1.27,0,1.27
100.0,33.8,0.00,0.00,0,13.62,0,1.27,0,1.27,0,12.0,0,25.45,0,16.45,0,1.27,0,1.27
100.0,31.9,0.00,0.00,0,13.62,0,1.27,0,1.27,0,12.0,0,25.45,0,16.45,0,1.27,0,1.27
99.8,31.5,0.00,0.00,0,13.62,0,1.27,0,1.27,0,12.0,0,25.45,0,16.45,0,1.27,0,1.27
99.0,31.6,0.00,0.00,0,13.62,0,1.27,0,1.27,0,12.0,0,25.45,0,16.45,0,1.27,0,1.27
99.2,32.0,0.00,0.00,0,13.62,0,1.27,0,1.27,0,12.0,0,25.45,0,16.45,0,1.27,0,1.27
100.0,32.7,0.00,0.00,0,13.62,0,1.27,0,1.27,0,12.0,0,25.45,0,16.45,0,1.27,0,1.27
97.1,33.4,0.00,0.00,0,13.62,0,1.27,0,1.27,0,12.0,0,25.45,0,16.45,0,1.27,0,1.27
100.0,36.8,0.00,0.00,0,13.62,0,1.27,0,1.27,0,12.0,0,25.45,0,16.45,0,1.27,0,1.27
100.0,36.9,0.00,0.00,0,13.62,0,1.27,0,1.27,0,12.0,0,25.45,0,16.45,0,1.27,0,1.27
100.0,37.5,0.00,0.00,0,13.62,0,1.27,0,1.27,0,12.0,0,25.45,0,16.45,0,1.27,0,1.27
100.0,38.1,0.00,0.00,0,13.62,0,1.27,0,1.27,0,12.0,0,25.45,0,16.45,0,1.27,0,1.27
100.0,35.8,0.00,0.00,0,13.62,0,1.27,0,1.27,0,12.0,0,25.45,0,16.45,0,1.27,0,1.27
100.0,36.8,0.00,0.00,0,13.62,0,1.27,0,1.27,0,12.0,0,25.45,0,16.45,0,1.27,0,1.27
100.0,34.9,0.00,0.00,0,13.62,0,1.27,0,1.27,0,12.0,0,25.45,0,16.45,0,1.27,0,1.27
99.8,36.0,0.00,0.00,0,13.62,0,1.27,0,1.27,0,12.0,0,25.45,0,16.45,0,1.27,0,1.27
100.0,37.3,0.00,0.00,0,13.62,0,1.27,0,1.27,0,12.0,0,25.45,0,16.45,0,1.27,0,1.27
100.0,38.5,0.00,0.00,0,13.62,0,1.27,0,1.27,0,12.0,0,25.45,0,16.45,0,1.27,0,1.27
100.0,38.9,0.00,0.00,0,13.62,0,1.27,0,1.27,0,12.0,0,25.45,0,16.45,0,1.27,0,1.27
100.0,43.0,0.00,0.00,0,13.62,0,1.27,0,1.27,0,12.0,0,25.45,0,16.45,0,1.27,0,1.27
100.0,41.5,0.00,0.00,0,13.62,0,1.27,0,1.27,0,12.0,0,25.45,0,16.45,0,1.27,0,1.27
100.0,42.0,0.00,0.00,0,13.62,0,1.27,0,1.27,0,12.0,0,25.45,0,16.45,0,1.27,0,1.27
100.0,42.1,0.00,0.00,0,13.62,0,1.27,0,1.27,0,12.0,0,25.45,0,16.45,0,1.27,0,1.27
100.0,43.0,0.00,0.00,0,13.62,0,1.27,0,1.27,0,12.0,0,25.45,0,16.45,0,1.27,0,1.27
100.0,43.0,0.00,0.00,0,13.62,0,1.27,0,1.27,0,12.0,0,25.45,0,16.45,0,1.27,0,1.27
100.0,43.0,0.00,0.00,0,13.62,0,1.27,0,1.27,0,12.0,0,25.45,0,16.45,0,1.27,0,1.27
100.0,43.0,0.00,0.00,0,13.62,0,1.27,0,1.27,0,12.0,0,25.45,0,16.45,0,1.27,0,1.27
100.0,43.0,0.00,0.00,0,13.62,0,1.27,0,1.27,0,12.0,0,25.45,0,16.45,0,1.27,0,1.27
100.0,43.0,0.00,0.00,0,13.62,0,1.27,0,1.27,0,12.0,0,25.45,0,16.45,0,1.27,0,1.27
100.0,43.9,0.00,0.00,0,13.62,0,1.27,0,1.27,0,12.0,0,25.45,0,16.45,0,1.27,0,1.27
100.0,43.9,0.00,0.00,0,13.62,0,1.27,0,1.27,0,12.0,0,25.45,0,16.45,0,1.27,0,1.27
100.0,43.9,0.00,0.00,0,13.62,0,1.27,0,1.27,0,12.0,0,25.45,0,16.45,0,1.27,0,1.27
100.0,43.9,0.00,0.00,0,13.62,0,1.27,0,1.27,0,12.0,0,25.45,0,16.45,0,1.27,0,1.27
100.0,43.9,0.00,0.00,0,13.62,0,1.27,0,1.27,0,12.0,0,25.45,0,16.45,0,1.27,0,1.27
100.0,43.9,0.00,0.00,0,13.62,0,1.27,0,1.27,0,12.0,0,25.45,0,16.45,0,1.27,0,1.27
100.0,44.0,0.00,0.00,0,13.62,0,1.27,0,1.27,0,12.0,0,25.45,0,16.45,0,1.27,0,1.27
100.0,44.0,0.00,0.00,0,13.62,0,1.27,0,1.27,0,12.0,0,25.45,0,16.45,0,1.27,0,1.27
100.0,44.0,0.00,0.00,0,13.62,0,1.27,0,1.27,0,12.0,0,25.45,0,16.45,0,1.27,0,1.27
100.0,44.0,0.00,0.00,0,13.62,0,1.27,0,1.27,0,12.0,0,25.45,0,16.45,0,1.27,0,1.27
100.0,44.2,0.00,0.00,0,13.62,0,1.27,0,1.27,0,12.0,0,25.45,0,16.45,0,1.27,0,1.27
100.0,45.5,0.00,0.00,0,13.62,0,1.27,0,1.27,0,12.0,0,25.45,0,16.45,0,1.27,0,1.27
100.0,45.6,0.00,0.00,0,13.62,0,1.27,0,1.27,0,12.0,0,25.45,0,16.45,0,1.27,0,1.27
100.0,45.5,0.00,0.00,0,13.62,0,1.27,0,1.27,0,12.0,0,25.45,0,16.45,0,1.27,0,1.27
100.0,45.5,0.00,0.00,0,13.62,0,1.27,0,1.27,0,12.0,0,25.45,0,16.45,0,1.27,0,1.27
100.0,45.6,0.00,0.00,0,13.62,0,1.27,0,1.27,0,12.0,0,25.45,0,16.45,0,1.27,0,1.27
100.0,45.5,0.00,0.00,0,13.62,0,1.27,0,1.27,0,12.0,0,25.45,0,16.45,0,1.27,0,1.27
100.0,45.5,0.00,0.00,0,13.62,0,1.27,0,1.27,0,12.0,0,25.45,0,16.45,0,1.27,0,1.27
100.0,45.6,0.00,0.00,0,13.62,0,1.27,0,1.27,0,12.0,0,25.45,0,16.45,0,1.27,0,1.27
100.0,45.6,0.00,0.00,0,13.62,0,1.27,0,1.27,0,12.0,0,25.45,0,16.45,0,1.27,0,1.27
100.0,45.6,0.00,0.00,0,13.62,0,1.27,0,1.27,0,12.0,0,25.45,0,16.45,0,1.27,0,1.27
100.0,45.6,0.00,0.00,0,13.62,0,1.27,0,1.27,0,12.0,0,25.45,0,16.45,0,1.27,0,1.27
100.0,45.6,0.00,0.00,0,13.62,0,1.27,0,1.27,0,12.0,0,25.45,0,16.45,0,1.27,0,1.27
100.0,45.5,0.00,0.00,0,13.62,0,1.27,0,1.27,0,12.0,0,25.45,0,16.45,0,1.27,0,1.27
100.0,45.6,0.00,0.00,0,13.62,0,1.27,0,1.27,0,12.0,0,25.45,0,16.45,0,1.27,0,1.27
100.0,45.6,0.00,0.00,0,13.62,0,1.27,0,1.27,0,12.0,0,25.45,0,16.45,0,1.27,0,1.27
100.0,45.6,0.00,0.00,0,13.62,0,1.27,0,1.27,0,12.0,0,25.45,0,16.45,0,1.27,0,1.27
100.0,37.0,0.00,0.00,0,13.62,0,1.27,0,1.27,0,12.0,0,25.45,0,16.45,0,1.27,0,1.27
100.0,35.0,0.00,0.00,0,13.62,0,1.27,0,1.27,0,12.0,0,25.45,0,16.45,0,1.27,0,1.27
99.8,35.1,0.00,0.00,0,13.62,0,1.27,0,1.27,0,12.0,0,25.45,0,16.45,0,1.27,0,1.27
100.0,35.4,0.00,0.00,0,13.62,0,1.27,0,1.27,0,12.0,0,25.45,0,16.45,0,1.27,0,1.27
100.0,30.9,0.00,0.00,0,13.62,0,1.27,0,1.27,0,12.0,0,25.45,0,16.45,0,1.27,0,1.27
100.0,29.3,0.00,0.00,0,13.62,0,1.27,0,1.27,0,12.0,0,25.45,0,16.45,0,1.27,0,1.27
100.0,30.3,0.00,0.00,0,13.62,0,1.27,0,1.27,0,12.0,0,25.45,0,16.45,0,1.27,0,1.27
100.0,31.0,0.00,0.00,0,13.62,0,1.27,0,1.27,0,12.0,0,25.45,0,16.45,0,1.27,0,1.27
100.0,31.6,0.00,0.00,0,13.62,0,1.27,0,1.27,0,12.0,0,25.45,0,16.45,0,1.27,0,1.27
100.0,32.2,0.00,0.00,0,13.62,0,1.27,0,1.27,0,12.0,0,25.45,0,16.45,0,1.27,0,1.27
100.0,33.4,0.00,0.00,0,13.62,0,1.27,0,1.27,0,12.0,0,25.45,0,16.45,0,1.27,0,1.27
100.0,34.3,0.00,0.00,0,13.62,0,1.27,0,1.27,0,12.0,0,25.45,0,16.45,0,1.27,0,1.27
100.0,34.5,0.00,0.00,0,13.62,0,1.27,0,1.27,0,12.0,0,25.45,0,16.45,0,1.27,0,1.27
100.0,34.6,0.00,0.00,0,13.62,0,1.27,0,1.27,0,12.0,0,25.45,0,16.45,0,1.27,0,1.27
100.0,35.0,0.00,0.00,0,13.62,0,1.27,0,1.27,0,12.0,0,25.45,0,16.45,0,1.27,0,1.27
100.0,34.9,0.00,0.00,0,13.62,0,1.27,0,1.27,0,12.0,0,25.45,0,16.45,0,1.27,0,1.27
100.0,35.0,0.00,0.00,0,13.62,0,1.27,0,1.27,0,12.0,0,25.45,0,16.45,0,1.27,0,1.27
100.0,34.9,0.00,0.00,0,13.62,0,1.27,0,1.27,0,12.0,0,25.45,0,16.45,0,1.27,0,1.27
100.0,32.2,0.00,0.00,0,13.62,0,1.27,0,1.27,0,12.0,0,25.45,0,16.45,0,1.27,0,1.27
100.0,33.2,0.00,0.00,0,13.62,0,1.27,0,1.27,0,12.0,0,25.45,0,16.45,0,1.27,0,1.27
100.0,33.9,0.00,0.00,0,13.62,0,1.27,0,1.27,0,12.0,0,25.45,0,16.45,0,1.27,0,1.27
100.0,34.4,0.00,0.00,0,13.62,0,1.27,0,1.27,0,12.0,0,25.45,0,16.45,0,1.27,0,1.27
100.0,34.6,0.00,0.00,0,13.62,0,1.27,0,1.27,0,12.0,0,25.45,0,16.45,0,1.27,0,1.27
100.0,34.6,0.00,0.00,0,13.62,0,1.27,0,1.27,0,12.0,0,25.45,0,16.45,0,1.27,0,1.27
100.0,34.8,0.00,0.00,0,13.62,0,1.27,0,1.27,0,12.0,0,25.45,0,16.45,0,1.27,0,1.27
100.0,34.8,0.00,0.00,0,13.62,0,1.27,0,1.27,0,12.0,0,25.45,0,16.45,0,1.27,0,1.27
100.0,35.2,0.00,0.00,0,13.62,0,1.27,0,1.27,0,12.0,0,25.45,0,16.45,0,1.27,0,1.27
100.0,35.3,0.00,0.00,0,13.62,0,1.27,0,1.27,0,12.0,0,25.45,0,16.45,0,1.27,0,1.27
100.0,35.3,0.00,0.00,0,13.62,0,1.27,0,1.27,0,12.0,0,25.45,0,16.45,0,1.27,0,1.27
100.0,35.2,0.00,0.00,0,13.62,0,1.27,0,1.27,0,12.0,0,25.45,0,16.45,0,1.27,0,1.27
100.0,35.3,0.00,0.00,0,13.62,0,1.27,0,1.27,0,12.0,0,25.45,0,16.45,0,1.27,0,1.27
100.0,36.8,0.00,0.00,0,13.62,0,1.27,0,1.27,0,12.0,0,25.45,0,16.45,0,1.27,0,1.27
100.0,37.7,0.00,0.00,0,13.62,0,1.27,0,1.27,0,12.0,0,25.45,0,16.45,0,1.27,0,1.27
100.0,37.7,0.00,0.00,0,13.62,0,1.27,0,1.27,0,12.0,0,25.45,0,16.45,0,1.27,0,1.27
100.0,37.8,0.00,0.00,0,13.62,0,1.27,0,1.27,0,12.0,0,25.45,0,16.45,0,1.27,0,1.27
99.8,37.8,0.00,0.00,0,13.62,0,1.27,0,1.27,0,12.0,0,25.45,0,16.45,0,1.27,0,1.27
100.0,37.8,0.00,0.00,0,13.62,0,1.27,0,1.27,0,12.0,0,25.45,0,16.45,0,1.27,0,1.27
100.0,37.8,0.00,0.00,0,13.62,0,1.27,0,1.27,0,12.0,0,25.45,0,16.45,0,1.27,0,1.27
100.0,37.7,0.00,0.00,0,13.62,0,1.27,0,1.27,0,12.0,0,25.45,0,16.45,0,1.27,0,1.27
100.0,37.8,0.00,0.00,0,13.62,0,1.27,0,1.27,0,12.0,0,25.45,0,16.45,0,1.27,0,1.27
100.0,37.7,0.00,0.00,0,13.62,0,1.27,0,1.27,0,12.0,0,25.45,0,16.45,0,1.27,0,1.27
100.0,35.4,0.00,0.00,0,13.62,0,1.27,0,1.27,0,12.0,0,25.45,0,16.45,0,1.27,0,1.27
100.0,35.4,0.00,0.00,0,13.62,0,1.27,0,1.27,0,12.0,0,25.45,0,16.45,0,1.27,0,1.27
100.0,35.5,0.00,0.00,0,13.62,0,1.27,0,1.27,0,12.0,0,25.45,0,16.45,0,1.27,0,1.27
100.0,35.8,0.00,0.00,0,13.62,0,1.27,0,1.27,0,12.0,0,25.45,0,16.45,0,1.27,0,1.27
100.0,36.8,0.00,0.00,0,13.62,0,1.27,0,1.27,0,12.0,0,25.45,0,16.45,0,1.27,0,1.27
100.0,37.0,0.00,0.00,0,13.62,0,1.27,0,1.27,0,12.0,0,25.45,0,16.45,0,1.27,0,1.27
100.0,37.3,0.00,0.00,0,13.62,0,1.27,0,1.27,0,12.0,0,25.45,0,16.45,0,1.27,0,1.27
100.0,37.5,0.00,0.00,0,13.62,0,1.27,0,1.27,0,12.0,0,25.45,0,16.45,0,1.27,0,1.27
100.0,37.8,0.00,0.00,0,13.62,0,1.27,0,1.27,0,12.0,0,25.45,0,16.45,0,1.27,0,1.27
100.0,37.9,0.00,0.00,0,13.62,0,1.27,0,1.27,0,12.0,0,25.45,0,16.45,0,1.27,0,1.27
100.0,37.9,0.00,0.00,0,13.62,0,1.27,0,1.27,0,12.0,0,25.45,0,16.45,0,1.27,0,1.27
100.0,37.8,0.00,0.00,0,13.62,0,1.27,0,1.27,0,12.0,0,25.45,0,16.45,0,1.27,0,1.27
99.7,37.9,0.00,0.00,0,13.62,0,1.27,0,1.27,0,12.0,0,25.45,0,16.45,0,1.27,0,1.27
100.0,32.5,0.00,0.00,0,13.62,0,1.27,0,1.27,0,1.27,0,25.45,0,16.45,0,1.27,0,1.27
100.0,29.9,0.00,0.00,0,13.62,0,1.27,0,1.27,0,1.27,0,25.45,0,16.45,0,1.27,0,1.27
100.0,29.9,0.00,0.00,0,13.62,0,1.27,0,1.27,0,1.27,0,25.45,0,16.45,0,1.27,0,1.27
100.0,30.4,0.00,0.00,0,13.62,0,1.27,0,1.27,0,1.27,0,25.45,0,16.45,0,1.27,0,1.27
100.0,31.1,0.00,0.00,0,13.62,0,1.27,0,1.27,0,1.27,0,25.45,0,16.45,0,1.27,0,1.27
100.0,32.3,0.00,0.00,0,13.62,0,1.27,0,1.27,0,1.27,0,25.45,0,16.45,0,1.27,0,1.27
100.0,32.5,0.00,0.00,0,13.62,0,1.27,0,1.27,0,1.27,0,25.45,0,16.45,0,1.27,0,1.27
100.0,32.7,0.00,0.00,0,13.62,0,1.27,0,1.27,0,1.27,0,25.45,0,16.45,0,1.27,0,1.27
100.0,32.1,0.00,0.00,0,13.62,0,1.27,0,1.27,0,1.27,0,25.45,0,16.45,0,1.27,0,1.27
100.0,31.7,0.00,0.00,0,13.62,0,1.27,0,1.27,0,1.27,0,25.45,0,16.45,0,1.27,0,1.27
100.0,30.3,0.00,0.00,0,13.62,0,1.27,0,1.27,0,1.27,0,25.45,0,16.45,0,1.27,0,1.27
100.0,31.1,0.00,0.00,0,13.62,0,1.27,0,1.27,0,1.27,0,25.45,0,16.45,0,1.27,0,1.27
100.0,31.9,0.00,0.00,0,13.62,0,1.27,0,1.27,0,1.27,0,25.45,0,16.45,0,1.27,0,1.27
100.0,32.1,0.00,0.00,0,13.62,0,1.27,0,1.27,0,1.27,0,25.45,0,16.45,0,1.27,0,1.27
100.0,32.3,0.00,0.00,0,13.62,0,1.27,0,1.27,0,1.27,0,25.45,0,16.45,0,1.27,0,1.27
99.3,33.5,0.00,0.00,0,13.62,0,1.27,0,1.27,0,1.27,0,25.45,0,16.45,0,1.27,0,1.27
100.0,33.5,0.00,0.00,0,13.62,0,1.27,0,1.27,0,1.27,0,25.45,0,1.27,0,1.27,0,1.27
100.0,30.1,0.00,0.00,0,13.62,0,1.27,0,1.27,0,1.27,0,25.45,0,1.27,0,1.27,0,1.27
100.0,30.1,0.00,0.00,0,13.62,0,1.27,0,1.27,0,1.27,0,25.45,0,1.27,0,1.27,0,1.27
100.0,30.1,0.00,0.00,0,13.62,0,1.27,0,1.27,0,1.27,0,25.45,0,1.27,0,1.27,0,1.27
100.0,30.4,0.00,0.00,0,13.62,0,1.27,0,1.27,0,1.27,0,25.45,0,1.27,0,1.27,0,1.27
100.0,31.0,0.00,0.00,0,13.62,0,1.27,0,1.27,0,1.27,0,25.45,0,1.27,0,1.27,0,1.27
100.0,31.0,0.00,0.00,0,13.62,0,1.27,0,1.27,0,1.27,0,25.45,0,1.27,0,1.27,0,1.27
100.0,31.0,0.00,0.00,0,13.62,0,1.27,0,1.27,0,1.27,0,25.45,0,1.27,0,1.27,0,1.27
100.0,31.0,0.00,0.00,0,13.62,0,1.27,0,1.27,0,1.27,0,25.45,0,1.27,0,1.27,0,1.27
100.0,31.0,0.00,0.00,0,13.62,0,1.27,0,1.27,0,1.27,0,25.45,0,1.27,0,1.27,0,1.27
100.0,31.0,0.00,0.00,0,13.62,0,1.27,0,1.27,0,1.27,0,25.45,0,1.27,0,1.27,0,1.27
100.0,31.0,0.00,0.00,0,13.62,0,1.27,0,1.27,0,1.27,0,25.45,0,1.27,0,1.27,0,1.27
100.0,32.1,0.00,0.00,0,13.62,0,1.27,0,1.27,0,1.27,0,25.45,0,1.27,0,1.27,0,1.27
100.0,32.6,0.00,0.00,0,13.62,0,1.27,0,1.27,0,1.27,0,25.45,0,1.27,0,1.27,0,1.27
100.0,32.6,0.00,0.00,0,13.62,0,1.27,0,1.27,0,1.27,0,25.45,0,1.27,0,1.27,0,1.27
100.0,32.6,0.00,0.00,0,13.62,0,1.27,0,1.27,0,1.27,0,25.45,0,1.27,0,1.27,0,1.27
100.0,31.4,0.00,0.00,0,13.62,0,1.27,0,1.27,0,1.27,0,25.45,0,1.27,0,1.27,0,1.27
100.0,23.0,0.00,0.00,0,13.62,0,1.27,0,1.27,0,1.27,0,25.45,0,1.27,0,1.27,0,1.27
100.0,23.0,0.00,0.00,0,13.62,0,1.27,0,1.27,0,1.27,0,25.45,0,1.27,0,1.27,0,1.27
100.0,23.0,0.00,0.00,0,13.62,0,1.27,0,1.27,0,1.27,0,25.45,0,1.27,0,1.27,0,1.27
