99.9,38.7,0.00,0.00,0,13.62,0,1.27,0,1.27,0,1.27,15,42.77,0,1.27,0,1.27,0,1.27
100.0,38.8,0.00,0.00,0,13.62,0,1.27,0,1.27,0,1.27,0,42.77,0,1.27,0,1.27,0,1.27
100.0,39.3,0.00,0.00,0,13.62,0,1.27,0,1.27,0,1.27,0,42.77,0,1.27,0,1.27,0,1.27
100.0,39.8,0.00,0.00,0,13.62,0,1.27,0,1.27,0,1.27,0,42.77,0,2.84,0,1.27,0,4.71
100.0,42.7,0.00,0.00,0,13.62,0,1.27,0,1.27,1,5.22,23,42.77,1,6.54,1,2.92,4,9.37
100.0,45.5,0.00,0.00,0,13.62,0,1.27,0,1.27,0,10.14,0,42.77,0,10.14,1,6.22,14,9.39
100.0,46.6,0.00,0.00,0,13.62,0,1.27,0,1.27,0,10.14,10,42.77,0,10.14,57,10.97,13,9.39
100.0,47.2,0.00,0.00,0,13.62,0,1.27,0,1.27,0,10.14,0,42.77,0,10.14,44,10.97,20,9.39
99.9,47.7,0.00,0.00,0,13.62,0,1.27,0,1.27,0,10.14,0,42.77,28,13.01,45,10.97,13,9.39
100.0,47.8,0.00,0.00,0,13.62,0,1.27,0,1.27,27,12.87,0,42.77,31,13.01,43,10.97,13,9.39
100.0,47.9,0.00,0.00,0,13.62,0,1.27,0,1.27,35,12.87,0,42.77,21,13.01,31,10.97,4,9.39
100.0,47.9,0.00,0.00,0,13.62,0,1.27,0,1.27,38,12.87,0,42.77,19,13.01,36,10.97,7,9.39
100.0,47.9,0.00,0.00,0,13.62,0,1.27,0,1.27,55,12.87,0,42.77,19,13.01,56,10.97,12,9.39
100.0,47.6,0.00,0.00,0,13.62,0,1.27,0,1.27,0,12.87,0,42.77,0,13.03,51,10.97,11,9.39
100.0,46.9,0.00,0.00,0,13.62,0,1.27,0,1.27,0,12.87,0,42.77,0,13.03,35,10.97,24,9.39
100.0,47.3,0.00,0.00,0,13.62,0,1.27,0,1.27,0,12.87,8,42.77,0,13.03,39,10.97,4,9.39
100.0,47.8,0.00,0.00,0,13.62,0,1.27,0,1.27,41,12.87,53,42.77,27,13.03,43,10.97,10,9.39
100.0,47.9,0.00,0.00,0,13.62,0,1.27,0,1.27,46,12.87,0,42.77,37,13.03,30,10.97,13,9.39
99.6,47.9,0.00,0.00,0,13.62,0,1.27,0,1.27,42,12.87,0,42.77,21,13.03,32,10.97,8,9.39
100.0,48.0,0.00,0.00,0,13.62,0,1.27,0,1.27,39,12.87,28,42.77,56,13.03,51,10.97,5,9.39
100.0,47.9,0.00,0.00,0,13.62,0,1.27,0,1.27,39,12.87,16,42.77,0,13.03,50,10.97,29,9.39
100.0,45.2,0.00,0.00,0,13.62,0,1.27,0,1.27,0,12.87,0,42.77,0,1.27,0,1.27,14,9.39
100.0,43.9,0.00,0.00,0,13.62,0,1.27,0,1.27,0,12.87,0,42.77,0,1.27,0,1.27,11,9.39
100.0,43.9,0.00,0.00,0,13.62,0,1.27,0,1.27,0,12.87,11,42.77,0,1.27,0,1.27,13,9.39
100.0,45.5,0.00,0.00,0,13.62,0,1.27,0,1.27,32,12.87,23,42.77,1,5.49,1,4.71,11,9.39
100.0,49.1,0.00,0.00,0,13.62,0,1.27,0,1.27,52,12.87,0,42.77,11,9.38,0,10.14,0,1.27
100.0,48.6,0.00,0.00,0,13.62,0,1.27,0,1.27,40,12.87,0,42.77,10,9.38,0,10.14,0,1.27
100.0,48.9,0.00,0.00,0,13.62,0,1.27,0,1.27,29,12.87,0,42.77,14,9.38,0,10.14,0,2.29
99.8,49.3,0.00,0.00,0,13.62,0,1.27,0,1.27,23,12.87,0,42.77,15,9.38,0,10.14,1,6.77
100.0,49.9,0.00,0.00,0,13.62,0,1.27,0,1.27,0,12.87,0,42.77,17,9.38,47,12.75,5,9.39
100.0,50.4,0.00,0.00,0,13.62,0,1.27,0,1.27,0,12.87,0,42.77,5,9.38,37,12.75,25,9.39
100.0,50.0,0.00,0.00,0,13.62,0,1.27,0,1.27,0,12.87,0,42.77,10,9.38,29,12.75,8,9.39
100.0,45.2,0.00,0.00,0,13.62,0,1.27,0,1.27,0,12.87,0,42.77,16,9.38,44,12.75,4,9.39
100.0,46.3,0.00,0.00,0,13.62,0,1.27,0,1.27,31,12.87,0,42.77,12,9.38,48,12.75,20,9.39
100.0,43.1,0.00,0.00,0,13.62,0,1.27,0,1.27,18,12.87,0,42.77,16,9.38,35,12.75,13,9.39
100.0,44.5,0.00,0.00,0,13.62,0,1.27,0,1.27,31,12.87,0,42.77,6,9.38,39,12.75,13,9.39
100.0,44.3,0.00,0.00,0,13.62,0,1.27,0,1.27,41,12.87,8,42.77,20,9.38,35,12.75,13,9.39
100.0,44.8,0.00,0.00,0,13.62,0,1.27,0,1.27,25,12.87,0,42.77,0,1.27,48,12.75,6,9.39
100.0,43.2,0.00,0.00,0,13.62,0,1.27,0,1.27,0,12.87,0,42.77,0,1.27,46,12.75,10,9.39
100.0,44.1,0.00,0.00,0,13.62,0,1.27,0,1.27,0,12.87,0,42.77,0,1.27,43,12.75,18,9.39
100.0,45.2,0.00,0.00,0,13.62,0,1.27,0,1.27,0,12.87,0,42.77,0,1.27,33,12.75,10,9.39
100.0,46.7,0.00,0.00,0,13.62,0,1.27,0,1.27,0,12.87,40,42.77,1,5.89,42,12.75,7,9.39
100.0,47.8,0.00,0.00,0,13.62,0,1.27,0,1.27,36,12.87,0,42.77,0,9.87,41,12.75,13,9.39
100.0,48.3,0.00,0.00,0,13.62,0,1.27,0,1.27,46,12.87,31,42.77,0,9.87,0,12.75,10,9.39
100.0,48.5,0.00,0.00,0,13.62,0,1.27,0,1.27,34,12.87,20,42.77,0,9.87,0,12.75,11,9.39
100.0,48.8,0.00,0.00,0,13.62,0,1.27,0,1.27,31,12.87,3,42.77,18,12.95,0,12.75,14,9.39
100.0,49.2,0.00,0.00,0,13.62,0,1.27,0,1.27,0,12.87,10,42.77,32,12.95,0,12.75,5,9.39
100.0,47.2,0.00,0.00,0,13.62,0,1.27,0,1.27,0,1.27,24,42.77,34,12.95,34,12.75,12,9.39
100.0,46.7,0.00,0.00,0,13.62,0,1.27,0,1.27,0,1.27,0,42.77,40,12.95,33,12.75,7,9.39
100.0,37.9,0.00,0.00,0,13.62,0,1.27,0,1.27,1,3.04,0,42.77,5,12.95,39,12.75,17,9.39
100.0,39.0,0.00,0.00,0,13.62,0,1.27,0,1.27,1,7.16,0,42.77,0,12.97,45,12.75,13,9.39
100.0,41.3,0.00,0.00,0,13.62,0,1.27,0,1.27,0,10.14,0,42.77,0,12.97,39,12.75,6,9.39
100.0,37.6,0.00,0.00,0,13.62,0,1.27,0,1.27,0,10.14,2,42.77,0,12.97,39,12.75,5,9.39
100.0,39.2,0.00,0.00,0,13.62,0,1.27,0,1.27,0,10.14,0,42.77,37,12.97,47,12.75,13,9.39
100.0,39.2,0.00,0.00,0,13.62,0,1.27,0,1.27,38,12.84,0,42.77,45,12.97,36,12.75,22,9.39
100.0,39.9,0.00,0.00,0,13.62,0,1.27,0,1.27,43,12.84,6,42.77,33,12.97,44,12.75,23,9.39
100.0,40.7,0.00,0.00,0,13.62,0,1.27,0,1.27,45,12.84,0,42.77,34,12.97,46,12.75,9,9.39
100.0,41.4,0.00,0.00,0,13.62,0,1.27,0,1.27,59,12.84,0,42.77,0,12.9,30,12.75,12,9.39
100.0,40.1,0.00,0.00,0,13.62,0,1.27,0,1.27,46,12.84,32,42.77,1,1.27,43,12.75,9,9.39
100.0,41.6,0.00,0.00,0,13.62,0,1.27,0,1.27,50,12.84,29,42.77,0,1.27,39,12.75,12,9.39
100.0,41.9,0.00,0.00,0,13.62,0,1.27,0,1.27,31,12.84,0,42.77,1,3.38,0,12.75,14,9.39
99.2,43.4,0.00,0.00,0,13.62,0,1.27,0,1.27,0,12.84,0,42.77,1,7.93,0,1.27,15,9.39
100.0,42.7,0.00,0.00,0,13.62,0,1.27,0,1.27,0,12.84,0,42.77,1,9.33,0,1.27,11,9.39
100.0,43.1,0.00,0.00,0,13.62,0,1.27,0,1.27,0,12.84,0,42.77,0,9.33,0,1.27,6,9.39
99.8,43.5,0.00,0.00,0,13.62,0,1.27,0,1.27,0,12.84,0,42.77,1,9.43,0,1.27,17,9.39
100.0,43.9,0.00,0.00,0,13.62,0,1.27,0,1.27,43,12.84,0,42.77,0,9.43,1,5.41,9,9.39
100.0,44.5,0.00,0.00,0,13.62,0,1.27,0,1.27,31,12.84,40,42.77,0,9.43,1,10.14,10,9.39
100.0,45.8,0.00,0.00,0,13.62,0,1.27,0,1.27,56,12.84,0,42.77,0,9.43,0,10.14,13,9.39
100.0,45.9,0.00,0.00,0,13.62,0,1.27,0,1.27,40,12.84,0,42.77,0,9.43,0,10.14,5,9.39
100.0,46.0,0.00,0.00,0,13.62,0,1.27,0,1.27,37,12.84,0,42.77,0,9.43,0,10.14,25,9.39
100.0,46.2,0.00,0.00,0,13.62,0,1.27,0,1.27,44,12.84,0,42.77,0,9.43,0,10.14,12,9.39
100.0,46.4,0.00,0.00,0,13.62,0,1.27,0,1.27,43,12.84,0,42.77,0,9.43,20,13.01,10,9.39
100.0,46.4,0.00,0.00,0,13.62,0,1.27,0,1.27,32,12.84,0,42.77,0,9.43,19,13.01,10,9.39
100.0,46.4,0.00,0.00,0,13.62,0,1.27,0,1.27,0,12.84,0,42.77,1,9.43,22,13.01,5,9.39
100.0,45.9,0.00,0.00,0,13.62,0,1.27,0,1.27,0,12.84,39,42.77,1,9.43,19,13.01,13,9.39
100.0,46.1,0.00,0.00,0,13.62,0,1.27,0,1.27,0,12.84,0,42.77,1,9.43,32,13.01,10,9.39
100.0,46.2,0.00,0.00,0,13.62,0,1.27,0,1.27,0,12.84,8,42.77,0,9.43,0,13.03,1,1.27
100.0,44.4,0.00,0.00,0,13.62,0,1.27,0,1.27,36,12.84,8,42.77,0,9.43,0,13.03,0,1.27
100.0,44.6,0.00,0.00,0,13.62,0,1.27,0,1.27,43,12.84,0,42.77,1,9.43,0,13.03,0,1.27
100.0,45.5,0.00,0.00,0,13.62,0,1.27,0,1.27,34,12.84,4,42.77,0,9.43,0,13.03,0,1.27
100.0,46.5,0.00,0.00,0,13.62,0,1.27,0,1.27,35,12.84,0,42.77,0,9.43,21,13.03,0,1.27
99.5,46.3,0.00,0.00,0,13.62,0,1.27,0,1.27,41,12.84,0,42.77,1,9.43,20,13.03,0,1.27
100.0,46.3,0.00,0.00,0,13.62,0,1.27,0,1.27,27,12.84,0,42.77,1,9.43,27,13.03,0,1.27
100.0,46.3,0.00,0.00,0,13.62,0,1.27,0,1.27,47,12.84,0,42.77,1,9.43,19,13.03,0,1.27
100.0,46.5,0.00,0.00,0,13.62,0,1.27,0,1.27,27,12.84,0,42.77,1,9.43,30,13.03,0,1.27
99.8,46.0,0.00,0.00,0,13.62,0,1.27,0,1.27,0,1.27,0,42.77,1,9.43,0,13.03,0,1.27
100.0,43.9,0.00,0.00,0,13.62,0,1.27,0,1.27,0,1.27,0,42.77,1,9.43,0,13.03,0,1.27
100.0,44.3,0.00,0.00,0,13.62,0,1.27,0,1.27,0,1.27,0,42.77,1,9.43,0,13.03,0,1.27
100.0,44.6,0.00,0.00,0,13.62,0,1.27,0,1.27,0,1.27,0,42.77,1,9.43,0,13.03,3,2.7
100.0,45.2,0.00,0.00,0,13.62,0,1.27,0,1.27,1,4.49,0,42.77,0,9.43,20,13.03,0,6.44
100.0,46.8,0.00,0.00,0,13.62,0,1.27,0,1.27,1,7.68,0,42.77,1,9.43,19,13.03,0,10.77
100.0,47.6,0.00,0.00,0,13.62,0,1.27,0,1.27,0,10.77,0,42.77,1,9.43,23,13.03,0,10.77
100.0,47.8,0.00,0.00,0,13.62,0,1.27,0,1.27,0,10.77,0,42.77,1,9.43,19,13.03,0,10.77
100.0,48.0,0.00,0.00,0,13.62,0,1.27,0,1.27,0,10.77,0,42.77,1,9.43,36,13.03,0,10.77
100.0,48.2,0.00,0.00,0,13.62,0,1.27,0,1.27,0,10.77,0,42.77,0,9.43,0,13.03,87,12.95
100.0,48.2,0.00,0.00,0,13.62,0,1.27,0,1.27,86,12.94,0,42.77,1,9.43,0,13.03,72,12.95
100.0,48.3,0.00,0.00,0,13.62,0,1.27,0,1.27,75,12.94,0,42.77,1,9.43,0,13.03,73,12.95
100.0,48.5,0.00,0.00,0,13.62,0,1.27,0,1.27,65,12.94,0,42.77,1,9.43,0,13.03,80,12.95
100.0,48.7,0.00,0.00,0,13.62,0,1.27,0,1.27,68,12.94,0,42.77,0,9.43,37,13.03,0,12.95
99.9,47.7,0.00,0.00,0,13.62,0,1.27,0,1.27,0,12.95,0,42.77,1,9.43,30,13.03,0,12.95
100.0,47.9,0.00,0.00,0,13.62,0,1.27,0,1.27,0,12.95,6,42.77,0,9.43,4,13.03,0,12.95
100.0,46.1,0.00,0.00,0,13.62,0,1.27,0,1.27,0,12.95,0,42.77,1,9.43,20,13.03,0,12.95
99.5,42.7,0.00,0.00,0,13.62,0,1.27,0,1.27,0,12.95,4,42.77,0,9.43,19,13.03,0,12.95
100.0,44.0,0.00,0.00,0,13.62,0,1.27,0,1.27,50,12.95,4,42.77,0,9.43,0,12.97,59,12.95
99.0,41.7,0.00,0.00,0,13.62,0,1.27,0,1.27,69,12.95,0,42.77,0,9.43,0,1.27,58,12.95
100.0,35.3,0.00,0.00,0,13.62,0,1.27,0,1.27,95,12.95,0,42.77,1,9.43,0,1.27,72,12.95
100.0,35.8,0.00,0.00,0,13.62,0,1.27,0,1.27,86,12.95,0,42.77,1,9.43,0,1.27,75,12.95
99.9,36.1,0.00,0.00,0,13.62,0,1.27,0,1.27,0,12.95,0,42.77,1,9.43,0,4.98,0,12.95
100.0,35.8,0.00,0.00,0,13.62,0,1.27,0,1.27,0,12.95,0,42.77,0,9.43,1,7.97,0,12.95
100.0,36.9,0.00,0.00,0,13.62,0,1.27,0,1.27,0,12.95,0,42.77,0,9.43,0,10.14,0,12.95
100.0,40.1,0.00,0.00,0,13.62,0,1.27,0,1.27,0,12.95,24,42.77,1,9.43,0,10.14,0,12.95
100.0,41.5,0.00,0.00,0,13.62,0,1.27,0,1.27,0,12.95,0,42.77,0,9.43,0,10.14,81,12.95
100.0,42.0,0.00,0.00,0,13.62,0,1.27,0,1.27,80,12.95,0,42.77,0,9.36,0,10.14,73,12.95
100.0,40.5,0.00,0.00,0,13.62,0,1.27,0,1.27,73,12.95,0,42.77,0,1.27,34,12.75,97,12.95
100.0,40.6,0.00,0.00,0,13.62,0,1.27,0,1.27,83,12.95,0,42.77,0,1.27,38,12.75,69,12.95
100.0,39.2,0.00,0.00,0,13.62,0,1.27,0,1.27,89,12.95,0,42.77,0,1.27,39,12.75,0,12.95
100.0,38.9,0.00,0.00,0,13.62,0,1.27,0,1.27,0,12.95,0,42.77,1,4.27,38,12.75,0,12.95
100.0,40.6,0.00,0.00,0,13.62,0,1.27,0,1.27,0,12.95,0,42.77,1,8.62,49,12.75,0,12.95
100.0,41.6,0.00,0.00,0,13.62,0,1.27,0,1.27,0,12.95,0,42.77,0,9.33,26,12.75,0,12.95
100.0,42.1,0.00,0.00,0,13.62,0,1.27,0,1.27,0,12.95,0,42.77,0,9.43,33,12.75,0,12.95
99.9,42.5,0.00,0.00,0,13.62,0,1.27,0,1.27,84,12.95,0,42.77,1,9.43,38,12.75,75,12.95
100.0,42.7,0.00,0.00,0,13.62,0,1.27,0,1.27,81,12.95,0,42.77,0,9.43,37,12.75,86,12.95
99.9,42.9,0.00,0.00,0,13.62,0,1.27,0,1.27,77,12.95,0,42.77,1,9.43,36,12.75,73,12.95
100.0,42.9,0.00,0.00,0,13.62,0,1.27,0,1.27,62,12.95,0,42.77,0,9.43,45,12.75,0,12.95
100.0,42.5,0.00,0.00,0,13.62,0,1.27,0,1.27,0,12.95,0,42.77,1,9.43,51,12.75,0,12.95
100.0,42.0,0.00,0.00,0,13.62,0,1.27,0,1.27,0,12.95,31,42.77,1,9.43,33,12.75,0,12.95
100.0,41.0,0.00,0.00,0,13.62,0,1.27,0,1.27,0,12.95,0,42.77,1,9.43,50,12.75,0,12.95
100.0,41.1,0.00,0.00,0,13.62,0,1.27,0,1.27,0,12.95,0,42.77,1,9.43,0,12.75,83,12.95
100.0,41.7,0.00,0.00,0,13.62,0,1.27,0,1.27,81,12.95,0,42.77,1,9.43,0,12.75,77,12.95
100.0,42.2,0.00,0.00,0,13.62,0,1.27,0,1.27,84,12.95,0,42.77,1,9.43,0,12.75,83,12.95
100.0,42.3,0.00,0.00,0,13.62,0,1.27,0,1.27,76,12.95,0,42.77,1,9.43,38,12.75,80,12.95
100.0,42.4,0.00,0.00,0,13.62,0,1.27,0,1.27,85,12.95,0,42.77,0,9.43,34,12.75,0,12.95
100.0,41.5,0.00,0.00,0,13.62,0,1.27,0,1.27,0,12.95,19,42.77,1,9.43,29,12.75,0,12.95
100.0,41.8,0.00,0.00,0,13.62,0,1.27,0,1.27,0,12.95,5,42.77,0,9.43,37,12.75,0,12.95
100.0,42.3,0.00,0.00,0,13.62,0,1.27,0,1.27,0,12.95,21,42.77,1,9.43,33,12.75,0,12.95
100.0,42.8,0.00,0.00,0,13.62,0,1.27,0,1.27,0,12.95,32,42.77,0,9.43,32,12.75,83,12.95
100.0,42.9,0.00,0.00,0,13.62,0,1.27,0,1.27,86,12.95,0,42.77,0,9.43,38,12.75,97,12.95
100.0,42.9,0.00,0.00,0,13.62,0,1.27,0,1.27,71,12.95,8,42.77,0,9.43,37,12.75,72,12.95
100.0,43.0,0.00,0.00,0,13.62,0,1.27,0,1.27,82,12.95,56,42.77,1,9.43,27,12.75,82,12.95
100.0,42.9,0.00,0.00,0,13.62,0,1.27,0,1.27,83,12.95,0,42.77,1,9.43,36,12.75,0,12.89
100.0,39.4,0.00,0.00,0,13.62,0,1.27,0,1.27,0,1.27,0,42.77,0,9.43,46,12.75,0,1.27
100.0,36.4,0.00,0.00,0,13.62,0,1.27,0,1.27,0,1.27,0,42.77,1,9.43,59,12.75,0,1.27
100.0,37.3,0.00,0.00,0,13.62,0,1.27,0,1.27,0,1.27,0,42.77,1,9.43,37,12.75,0,1.27
100.0,38.3,0.00,0.00,0,13.62,0,1.27,0,1.27,0,1.27,0,42.77,1,9.43,37,12.75,1,3.01
100.0,38.9,0.00,0.00,0,13.62,0,1.27,0,1.27,1,4.62,0,42.77,1,9.43,3,12.75,1,6.82
100.0,30.7,0.00,0.00,0,13.62,0,1.27,0,1.27,0,7.97,0,42.77,0,9.43,0,1.27,1,9.34
99.6,30.8,0.00,0.00,0,13.62,0,1.27,0,1.27,0,10.14,10,42.77,1,9.43,0,1.27,1,9.34
100.0,34.0,0.00,0.00,0,13.62,0,1.27,0,1.27,0,10.14,7,42.77,0,9.43,0,2.56,0,9.34
100.0,28.6,0.00,0.00,0,13.62,0,1.27,0,1.27,0,10.14,50,42.77,1,9.43,1,5.49,1,9.34
100.0,32.2,0.00,0.00,0,13.62,0,1.27,0,1.27,0,10.14,0,42.77,0,9.43,9,9.38,1,9.34
100.0,31.2,0.00,0.00,0,13.62,0,1.27,0,1.27,40,12.87,0,42.77,0,9.43,7,9.38,0,9.34
100.0,31.7,0.00,0.00,0,13.62,0,1.27,0,1.27,23,12.87,0,42.77,1,9.43,11,9.38,0,9.34
100.0,32.2,0.00,0.00,0,13.62,0,1.27,0,1.27,48,12.87,15,42.77,0,9.43,7,9.38,0,9.34
100.0,32.6,0.00,0.00,0,13.62,0,1.27,0,1.27,33,12.87,0,42.77,1,9.43,12,9.38,1,9.34
100.0,33.1,0.00,0.00,0,13.62,0,1.27,0,1.27,32,12.87,0,42.77,1,9.43,6,9.38,1,9.34
100.0,33.0,0.00,0.00,0,13.62,0,1.27,0,1.27,0,12.87,0,42.77,1,9.43,7,9.38,1,9.34
99.9,31.2,0.00,0.00,0,13.62,0,1.27,0,1.27,0,12.87,0,42.77,0,9.43,9,9.38,1,9.34
99.9,33.8,0.00,0.00,0,13.62,0,1.27,0,1.27,0,12.87,0,42.77,0,1.27,11,9.38,0,9.34
100.0,32.6,0.00,0.00,0,13.62,0,1.27,0,1.27,0,12.87,0,42.77,0,1.27,10,9.38,1,9.34
100.0,33.7,0.00,0.00,0,13.62,0,1.27,0,1.27,0,12.87,0,42.77,0,1.27,7,9.38,1,9.34
100.0,34.0,0.00,0.00,0,13.62,0,1.27,0,1.27,28,12.87,0,42.77,1,2.91,10,9.38,1,9.34
100.0,35.0,0.00,0.00,0,13.62,0,1.27,0,1.27,37,12.87,32,42.77,1,6.9,11,9.38,1,9.34
100.0,35.8,0.00,0.00,0,13.62,0,1.27,0,1.27,35,12.87,0,42.77,0,10.14,5,9.38,0,9.34
100.0,36.2,0.00,0.00,0,13.62,0,1.27,0,1.27,23,12.87,0,42.77,0,10.14,9,9.38,1,9.34
100.0,36.3,0.00,0.00,0,13.62,0,1.27,0,1.27,29,12.87,0,42.77,0,10.14,12,9.38,0,9.34
100.0,36.8,0.00,0.00,0,13.62,0,1.27,0,1.27,0,12.87,0,42.77,0,10.14,10,9.38,0,9.34
100.0,37.1,0.00,0.00,0,13.62,0,1.27,0,1.27,0,12.87,22,42.77,19,13.01,8,9.38,1,9.34
100.0,37.3,0.00,0.00,0,13.62,0,1.27,0,1.27,0,12.87,8,42.77,38,13.01,9,9.38,0,9.34
100.0,35.9,0.00,0.00,0,13.62,0,1.27,0,1.27,0,12.87,0,42.77,20,13.01,5,9.38,0,9.34
100.0,35.4,0.00,0.00,0,13.62,0,1.27,0,1.27,19,12.87,44,42.77,26,13.01,11,9.38,0,9.34
100.0,36.2,0.00,0.00,0,13.62,0,1.27,0,1.27,39,12.87,8,42.77,19,13.01,10,9.38,0,9.34
100.0,36.8,0.00,0.00,0,13.62,0,1.27,0,1.27,41,12.87,0,42.77,0,13.03,9,9.38,0,9.34
100.0,36.3,0.00,0.00,0,13.62,0,1.27,0,1.27,32,12.87,8,42.77,0,13.03,20,9.38,1,9.34
100.0,36.7,0.00,0.00,0,13.62,0,1.27,0,1.27,47,12.87,31,42.77,0,13.03,13,9.38,1,9.34
100.0,37.1,0.00,0.00,0,13.62,0,1.27,0,1.27,0,1.27,8,42.77,0,13.03,14,9.38,1,9.34
100.0,35.3,0.00,0.00,0,13.62,0,1.27,0,1.27,0,1.27,0,42.77,5,13.03,10,9.38,0,9.34
100.0,35.5,0.00,0.00,0,13.62,0,1.27,0,1.27,0,1.27,9,42.77,19,13.03,10,9.38,1,9.34
100.0,36.3,0.00,0.00,0,13.62,0,1.27,0,1.27,0,1.27,8,42.77,30,13.03,9,9.38,1,9.34
100.0,37.4,0.00,0.00,0,13.62,0,1.27,0,1.27,1,4.47,0,42.77,19,13.03,5,9.38,0,9.34
100.0,38.2,0.00,0.00,0,13.62,0,1.27,0,1.27,1,8.06,0,42.77,0,13.03,17,9.38,0,9.34
100.0,38.8,0.00,0.00,0,13.62,0,1.27,0,1.27,65,13.77,0,42.77,0,13.03,12,9.38,0,9.34
100.0,38.7,0.00,0.00,0,13.62,0,1.27,0,1.27,56,13.77,0,42.77,0,13.03,19,9.38,1,9.34
100.0,38.9,0.00,0.00,0,13.62,0,1.27,0,1.27,61,13.77,0,42.77,0,13.03,3,9.38,1,9.34
100.0,39.1,0.00,0.00,0,13.62,0,1.27,0,1.27,47,13.77,0,42.77,39,13.03,12,9.38,1,9.34
100.0,39.4,0.00,0.00,0,13.62,0,1.27,0,1.27,49,13.77,8,42.77,22,13.03,12,9.38,0,9.34
100.0,37.9,0.00,0.00,0,13.62,0,1.27,0,1.27,51,13.77,0,42.77,19,13.03,10,9.38,1,9.34
100.0,36.6,0.00,0.00,0,13.62,0,1.27,0,1.27,0,1.27,0,42.77,27,13.03,14,9.38,0,1.27
100.0,33.5,0.00,0.00,0,13.62,0,1.27,0,1.27,0,1.27,16,42.77,0,13.03,10,9.38,0,1.27
100.0,35.2,0.00,0.00,0,13.62,0,1.27,0,1.27,0,1.27,10,42.77,0,13.03,12,9.38,0,1.27
100.0,36.2,0.00,0.00,0,13.62,0,1.27,0,1.27,0,1.27,8,42.77,0,13.03,10,9.38,2,5.69
100.0,38.0,0.00,0.00,0,13.62,0,1.27,0,1.27,0,1.27,32,42.77,0,13.03,12,9.38,11,9.39
100.0,39.2,0.00,0.00,0,13.62,0,1.27,0,1.27,0,1.27,46,42.77,19,13.03,10,9.38,11,9.39
99.9,39.8,0.00,0.00,0,13.62,0,1.27,0,1.27,0,1.27,0,42.77,26,13.03,9,9.38,11,9.39
100.0,40.1,0.00,0.00,0,13.62,0,1.27,0,1.27,0,1.27,0,42.77,23,13.03,10,9.38,8,9.39
100.0,40.4,0.00,0.00,0,13.62,0,1.27,0,1.27,0,1.27,0,42.77,0,13.03,0,1.27,16,9.39
100.0,39.1,0.00,0.00,0,13.62,0,1.27,0,1.27,0,1.27,0,42.77,0,13.03,0,1.27,4,9.39
100.0,39.4,0.00,0.00,0,13.62,0,1.27,0,1.27,0,1.27,0,42.77,0,13.03,0,1.27,16,9.39
100.0,40.1,0.00,0.00,0,13.62,0,1.27,0,1.27,1,2.92,10,42.77,0,13.03,1,3.61,11,9.39
100.0,41.4,0.00,0.00,0,13.62,0,1.27,0,1.27,1,6.54,0,42.77,19,13.03,1,7.27,20,9.39
100.0,43.6,0.00,0.00,0,13.62,0,1.27,0,1.27,0,9.51,0,42.77,23,13.03,0,9.87,6,9.39
100.0,43.4,0.00,0.00,0,13.62,0,1.27,0,1.27,58,16.52,6,42.77,19,13.03,0,9.87,9,9.39
99.9,43.6,0.00,0.00,0,13.62,0,1.27,0,1.27,49,16.52,6,42.77,36,13.03,0,9.87,12,9.39
100.0,43.7,0.00,0.00,0,13.62,0,1.27,0,1.27,42,16.52,0,42.77,0,1.27,0,9.87,17,9.39
100.0,41.8,0.00,0.00,0,13.62,0,1.27,0,1.27,85,16.52,0,42.77,0,1.27,39,12.86,12,9.39
100.0,41.7,0.00,0.00,0,13.62,0,1.27,0,1.27,54,16.52,0,42.77,0,1.27,35,12.86,0,1.27
99.4,40.3,0.00,0.00,0,13.62,0,1.27,0,1.27,74,16.52,0,42.77,0,1.27,50,12.86,0,1.27
100.0,40.8,0.00,0.00,0,13.62,0,1.27,0,1.27,64,16.52,7,42.77,1,5.59,36,12.86,0,1.27
100.0,41.8,0.00,0.00,0,13.62,0,1.27,0,1.27,65,16.52,15,42.77,0,10.14,0,12.86,0,1.27
100.0,42.7,0.00,0.00,0,13.62,0,1.27,0,1.27,73,16.52,0,42.77,0,10.14,0,12.86,0,1.27
100.0,45.4,0.00,0.00,0,13.62,0,1.27,0,1.27,67,16.52,32,42.77,0,10.14,0,12.86,0,1.27
100.0,43.9,0.00,0.00,0,13.62,0,1.27,0,1.27,71,16.52,0,42.77,0,10.14,0,12.86,0,1.27
99.0,43.3,0.00,0.00,0,13.62,0,1.27,0,1.27,61,16.52,0,42.77,47,12.84,35,12.86,0,1.27
100.0,43.8,0.00,0.00,0,13.62,0,1.27,0,1.27,62,16.52,40,42.77,64,12.84,38,12.86,0,1.27
100.0,44.4,0.00,0.00,0,13.62,0,1.27,0,1.27,36,16.52,0,42.77,60,12.84,31,12.86,0,1.27
100.0,45.5,0.00,0.00,0,13.62,0,1.27,0,1.27,89,16.52,0,42.77,36,12.84,39,12.86,1,4.21
99.2,47.0,0.00,0.00,0,13.62,0,1.27,0,1.27,61,16.52,0,42.77,52,12.84,0,1.27,1,7.71
100.0,45.8,0.00,0.00,0,13.62,0,1.27,0,1.27,37,16.52,0,42.77,39,12.84,0,1.27,0,9.51
100.0,45.5,0.00,0.00,0,13.62,0,1.27,0,1.27,53,16.52,17,42.77,0,12.84,0,1.27,34,16.53
100.0,45.5,0.00,0.00,0,13.62,0,1.27,0,1.27,50,16.52,0,42.77,0,12.84,1,2.95,69,16.53
100.0,46.0,0.00,0.00,0,13.62,0,1.27,0,1.27,68,16.52,0,42.77,0,12.84,1,7.16,71,16.53
100.0,47.2,0.00,0.00,0,13.62,0,1.27,0,1.27,46,16.52,0,42.77,0,12.84,0,10.14,96,16.53
100.0,47.5,0.00,0.00,0,13.62,0,1.27,0,1.27,60,16.52,0,42.77,51,12.84,0,10.14,52,16.53
100.0,47.6,0.00,0.00,0,13.62,0,1.27,0,1.27,63,16.52,2,42.77,52,12.84,0,10.14,77,16.53
100.0,47.8,0.00,0.00,0,13.62,0,1.27,0,1.27,70,16.52,0,42.77,41,12.84,0,13.01,46,16.53
99.9,47.0,0.00,0.00,0,13.62,0,1.27,0,1.27,0,1.27,0,42.77,33,12.84,18,13.01,56,16.53
100.0,45.5,0.00,0.00,0,13.62,0,1.27,0,1.27,0,1.27,0,42.77,54,12.84,28,13.01,64,16.53
100.0,45.7,0.00,0.00,0,13.62,0,1.27,0,1.27,0,1.27,2,42.77,40,12.84,15,13.01,63,16.53
97.9,46.1,0.00,0.00,0,13.62,0,1.27,0,1.27,1,5.76,0,42.77,56,12.84,0,13.03,61,16.53
100.0,45.8,0.00,0.00,0,13.62,0,1.27,0,1.27,0,9.87,0,42.77,0,1.27,0,13.03,61,16.53
100.0,44.6,0.00,0.00,0,13.62,0,1.27,0,1.27,0,9.87,0,42.77,0,1.27,0,13.03,59,16.53
100.0,45.0,0.00,0.00,0,13.62,0,1.27,0,1.27,0,9.87,0,42.77,0,1.27,0,13.03,52,16.53
100.0,45.5,0.00,0.00,0,13.62,0,1.27,0,1.27,0,9.87,42,42.77,1,4.31,25,13.03,39,16.53
100.0,46.5,0.00,0.00,0,13.62,0,1.27,0,1.27,36,12.86,0,42.77,4,10.14,37,13.03,36,16.53
100.0,47.1,0.00,0.00,0,13.62,0,1.27,0,1.27,31,12.86,54,42.77,0,10.14,19,13.03,33,16.53
100.0,47.2,0.00,0.00,0,13.62,0,1.27,0,1.27,24,12.86,0,42.77,0,10.14,36,13.03,47,16.53
100.0,47.3,0.00,0.00,0,13.62,0,1.27,0,1.27,46,12.86,0,42.77,0,10.14,0,13.03,51,16.53
100.0,44.8,0.00,0.00,0,13.62,0,1.27,0,1.27,37,12.86,8,42.77,35,12.84,0,13.03,25,16.53
100.0,42.8,0.00,0.00,0,13.62,0,1.27,0,1.27,0,12.86,16,42.77,39,12.84,0,13.03,64,16.53
100.0,43.9,0.00,0.00,0,13.62,0,1.27,0,1.27,0,12.86,0,42.77,47,12.84,0,13.03,65,16.53
100.0,45.0,0.00,0.00,0,13.62,0,1.27,0,1.27,0,12.86,45,42.77,38,12.84,20,13.03,52,16.53
100.0,46.2,0.00,0.00,0,13.62,0,1.27,0,1.27,35,12.86,31,42.77,46,12.84,18,13.03,39,16.53
100.0,46.3,0.00,0.00,0,13.62,0,1.27,0,1.27,46,12.86,0,42.77,37,12.84,10,13.03,0,16.45
99.2,45.9,0.00,0.00,0,13.62,0,1.27,0,1.27,38,12.86,0,42.77,57,12.84,20,13.03,0,1.27
100.0,42.5,0.00,0.00,0,13.62,0,1.27,0,1.27,32,12.86,0,42.77,0,12.84,0,13.03,0,1.27
100.0,39.3,0.00,0.00,0,13.62,0,1.27,0,1.27,0,12.86,0,42.77,0,12.84,0,13.03,1,3.38
100.0,34.1,0.00,0.00,0,13.62,0,1.27,0,1.27,0,12.86,0,42.77,0,12.84,0,13.03,1,7.27
100.0,36.4,0.00,0.00,0,13.62,0,1.27,0,1.27,0,12.86,8,42.77,37,12.84,35,13.03,0,10.15
100.0,33.1,0.00,0.00,0,13.62,0,1.27,0,1.27,0,12.86,0,42.77,51,12.84,8,13.03,0,10.15
100.0,35.6,0.00,0.00,0,13.62,0,1.27,0,1.27,39,12.86,0,42.77,43,12.84,28,13.03,0,10.15
100.0,34.5,0.00,0.00,0,13.62,0,1.27,0,1.27,38,12.86,0,42.77,36,12.84,34,13.03,24,12.87
100.0,35.3,0.00,0.00,0,13.62,0,1.27,0,1.27,41,12.86,15,42.77,31,12.84,0,13.03,40,12.87
100.0,36.6,0.00,0.00,0,13.62,0,1.27,0,1.27,49,12.86,31,42.77,50,12.84,0,13.03,42,12.87
100.0,37.6,0.00,0.00,0,13.62,0,1.27,0,1.27,0,12.86,0,42.77,54,12.84,0,13.03,31,12.87
100.0,38.2,0.00,0.00,0,13.62,0,1.27,0,1.27,0,12.86,0,42.77,0,12.84,33,13.03,0,12.87
100.0,38.4,0.00,0.00,0,13.62,0,1.27,0,1.27,0,12.86,0,42.77,0,12.84,20,13.03,0,12.87
100.0,39.0,0.00,0.00,0,13.62,0,1.27,0,1.27,0,12.86,15,42.77,0,12.84,26,13.03,0,12.87
100.0,39.6,0.00,0.00,0,13.62,0,1.27,0,1.27,39,12.86,0,42.77,0,12.84,34,13.03,0,12.87
100.0,40.3,0.00,0.00,0,13.62,0,1.27,0,1.27,19,12.86,0,42.77,34,12.84,0,13.03,46,12.87
100.0,39.9,0.00,0.00,0,13.62,0,1.27,0,1.27,30,12.86,24,42.77,40,12.84,0,13.03,30,12.87
100.0,40.0,0.00,0.00,0,13.62,0,1.27,0,1.27,27,12.86,0,42.77,44,12.84,0,13.03,38,12.87
100.0,40.2,0.00,0.00,0,13.62,0,1.27,0,1.27,35,12.86,0,42.77,41,12.84,0,13.03,23,12.87
100.0,40.6,0.00,0.00,0,13.62,0,1.27,0,1.27,0,12.86,0,42.77,38,12.84,34,13.03,46,12.87
100.0,40.8,0.00,0.00,0,13.62,0,1.27,0,1.27,0,12.86,24,42.77,39,12.84,21,13.03,0,12.87
99.3,40.5,0.00,0.00,0,13.62,0,1.27,0,1.27,0,12.86,36,42.77,50,12.84,44,13.03,0,12.87
100.0,40.7,0.00,0.00,0,13.62,0,1.27,0,1.27,42,12.86,0,42.77,0,12.84,34,13.03,0,12.87
100.0,40.8,0.00,0.00,0,13.62,0,1.27,0,1.27,27,12.86,0,42.77,0,12.84,0,13.03,33,12.87
100.0,37.8,0.00,0.00,0,13.62,0,1.27,0,1.27,33,12.86,0,42.77,0,12.84,0,13.03,31,12.87
100.0,36.8,0.00,0.00,0,13.62,0,1.27,0,1.27,17,12.86,10,42.77,20,12.84,1,13.03,46,12.87
99.7,37.8,0.00,0.00,0,13.62,0,1.27,0,1.27,40,12.86,0,42.77,53,12.84,0,13.03,46,12.87
100.0,38.0,0.00,0.00,0,13.62,0,1.27,0,1.27,0,12.86,0,42.77,57,12.84,22,13.03,37,12.87
100.0,38.5,0.00,0.00,0,13.62,0,1.27,0,1.27,0,12.86,16,42.77,28,12.84,38,13.03,0,12.87
100.0,39.7,0.00,0.00,0,13.62,0,1.27,0,1.27,0,12.86,0,42.77,27,12.84,38,13.03,0,12.87
100.0,41.2,0.00,0.00,0,13.62,0,1.27,0,1.27,0,12.86,0,42.77,40,12.84,29,13.03,0,12.87
100.0,41.5,0.00,0.00,0,13.62,0,1.27,0,1.27,54,12.86,0,42.77,38,12.84,0,13.03,0,12.87
100.0,41.1,0.00,0.00,0,13.62,0,1.27,0,1.27,37,12.86,0,42.77,40,12.84,0,13.03,31,12.87
98.6,41.2,0.00,0.00,0,13.62,0,1.27,0,1.27,31,12.86,8,42.77,0,12.84,0,13.03,44,12.87
100.0,41.6,0.00,0.00,0,13.62,0,1.27,0,1.27,33,12.86,0,42.77,0,12.84,0,13.03,31,12.87
100.0,41.9,0.00,0.00,0,13.62,0,1.27,0,1.27,0,12.86,0,42.77,0,12.84,37,13.03,33,12.87
100.0,39.9,0.00,0.00,0,13.62,0,1.27,0,1.27,0,1.27,0,42.77,34,12.84,22,13.03,0,12.87
100.0,39.4,0.00,0.00,0,13.62,0,1.27,0,1.27,0,1.27,0,42.77,52,12.84,30,13.03,0,12.87
100.0,40.6,0.00,0.00,0,13.62,0,1.27,0,1.27,0,1.27,0,42.77,44,12.84,0,1.27,0,12.87
100.0,39.1,0.00,0.00,0,13.62,0,1.27,0,1.27,1,5.52,0,42.77,41,12.84,0,1.27,0,12.87
100.0,40.2,0.00,0.00,0,13.62,0,1.27,0,1.27,0,9.87,15,42.77,32,12.84,0,1.27,16,12.87
100.0,40.6,0.00,0.00,0,13.62,0,1.27,0,1.27,0,9.87,0,42.77,33,12.84,0,1.27,47,12.87
100.0,40.9,0.00,0.00,0,13.62,0,1.27,0,1.27,0,9.87,0,42.77,41,12.84,1,5.19,50,12.87
100.0,41.7,0.00,0.00,0,13.62,0,1.27,0,1.27,1,9.87,8,42.77,0,12.84,0,8.73,24,12.87
100.0,41.8,0.00,0.00,0,13.62,0,1.27,0,1.27,42,12.73,0,42.77,0,1.27,0,9.33,39,12.87
100.0,40.3,0.00,0.00,0,13.62,0,1.27,0,1.27,41,12.73,0,42.77,0,1.27,1,9.33,0,12.87
100.0,40.0,0.00,0.00,0,13.62,0,1.27,0,1.27,48,12.73,11,42.77,0,1.27,1,9.33,0,12.87
100.0,40.4,0.00,0.00,0,13.62,0,1.27,0,1.27,42,12.73,0,42.77,0,1.27,1,9.33,0,12.87
99.9,40.8,0.00,0.00,0,13.62,0,1.27,0,1.27,52,12.73,0,42.77,0,1.27,0,9.33,0,12.87
100.0,41.3,0.00,0.00,0,13.62,0,1.27,0,1.27,51,12.73,0,42.77,0,1.27,0,9.33,60,12.87
100.0,41.5,0.00,0.00,0,13.62,0,1.27,0,1.27,39,12.73,0,42.77,0,1.27,1,9.33,19,12.87
100.0,38.9,0.00,0.00,0,13.62,0,1.27,0,1.27,43,12.73,0,42.77,0,1.27,0,9.33,46,12.87
100.0,37.8,0.00,0.00,0,13.62,0,1.27,0,1.27,43,12.73,0,42.77,0,1.27,1,9.33,31,12.87
100.0,38.8,0.00,0.00,0,13.62,0,1.27,0,1.27,27,12.73,0,42.77,0,1.27,1,9.33,32,12.87
100.0,39.2,0.00,0.00,0,13.62,0,1.27,0,1.27,33,12.73,34,42.77,0,1.27,1,9.33,0,12.87
100.0,39.8,0.00,0.00,0,13.62,0,1.27,0,1.27,39,12.73,16,42.77,0,2.85,0,9.33,0,12.87
100.0,41.5,0.00,0.00,0,13.62,0,1.27,0,1.27,30,12.73,8,42.77,1,7.07,1,9.33,0,12.87
100.0,42.5,0.00,0.00,0,13.62,0,1.27,0,1.27,56,12.73,0,42.77,0,9.51,1,9.33,0,12.87
100.0,42.4,0.00,0.00,0,13.62,0,1.27,0,1.27,39,12.73,25,42.77,24,16.52,0,9.33,28,12.87
100.0,42.5,0.00,0.00,0,13.62,0,1.27,0,1.27,52,12.73,0,42.77,36,16.52,0,9.33,47,12.87
100.0,42.8,0.00,0.00,0,13.62,0,1.27,0,1.27,35,12.73,0,42.77,57,16.52,1,9.33,28,12.87
99.9,43.2,0.00,0.00,0,13.62,0,1.27,0,1.27,39,12.73,0,42.77,39,16.52,0,9.33,26,12.87
100.0,45.1,0.00,0.00,0,13.62,0,1.27,0,1.27,59,12.73,0,42.77,88,16.52,1,9.33,38,12.87
100.0,46.1,0.00,0.00,0,13.62,0,1.27,0,1.27,54,12.73,8,42.77,83,16.52,1,9.33,0,12.87
100.0,45.5,0.00,0.00,0,13.62,0,1.27,0,1.27,52,12.73,32,42.77,52,16.52,1,9.33,0,12.87
100.0,45.7,0.00,0.00,0,13.62,0,1.27,0,1.27,48,12.73,0,42.77,46,16.52,1,9.33,0,12.87
100.0,46.7,0.00,0.00,0,13.62,0,1.27,0,1.27,40,12.73,17,42.77,55,16.52,0,9.33,0,12.87
100.0,46.9,0.00,0.00,0,13.62,0,1.27,0,1.27,45,12.73,0,42.77,61,16.52,1,9.33,20,12.87
100.0,46.9,0.00,0.00,0,13.62,0,1.27,0,1.27,0,12.73,0,42.77,42,16.52,1,9.33,26,12.87
100.0,46.1,0.00,0.00,0,13.62,0,1.27,0,1.27,0,12.73,0,42.77,57,16.52,1,9.33,42,12.87
100.0,46.5,0.00,0.00,0,13.62,0,1.27,0,1.27,0,12.73,0,42.77,55,16.52,0,9.33,35,12.87
100.0,46.6,0.00,0.00,0,13.62,0,1.27,0,1.27,0,12.73,0,42.77,61,16.52,1,9.33,32,12.87
99.9,46.8,0.00,0.00,0,13.62,0,1.27,0,1.27,0,12.73,8,42.77,46,16.52,1,9.33,33,12.87
100.0,46.9,0.00,0.00,0,13.62,0,1.27,0,1.27,44,12.73,13,42.77,68,16.52,1,9.33,0,1.27
100.0,44.8,0.00,0.00,0,13.62,0,1.27,0,1.27,39,12.73,8,42.77,51,16.52,1,9.33,0,1.27
99.5,44.9,0.00,0.00,0,13.62,0,1.27,0,1.27,29,12.73,0,42.77,68,16.52,1,9.33,0,1.27
100.0,44.8,0.00,0.00,0,13.62,0,1.27,0,1.27,51,12.73,18,42.77,53,16.52,1,9.33,1,3.14
100.0,45.4,0.00,0.00,0,13.62,0,1.27,0,1.27,20,12.73,0,42.77,74,16.52,1,9.34,4,7.14
100.0,46.2,0.00,0.00,0,13.62,0,1.27,0,1.27,30,12.73,0,42.77,69,16.52,1,9.34,0,9.88
99.9,46.5,0.00,0.00,0,13.62,0,1.27,0,1.27,32,12.73,0,42.77,24,16.52,1,9.34,0,9.88
99.9,46.6,0.00,0.00,0,13.62,0,1.27,0,1.27,34,12.73,6,42.77,45,16.52,1,9.34,0,9.88
100.0,43.6,0.00,0.00,0,13.62,0,1.27,0,1.27,49,12.73,0,42.77,48,16.52,1,9.34,0,10.0
100.0,45.5,0.00,0.00,0,13.62,0,1.27,0,1.27,38,12.73,0,42.77,55,16.52,0,9.34,20,12.95
100.0,44.0,0.00,0.00,0,13.62,0,1.27,0,1.27,55,12.73,0,42.77,38,16.52,1,9.34,34,12.95
100.0,43.9,0.00,0.00,0,13.62,0,1.27,0,1.27,45,12.73,0,42.77,59,16.52,1,9.34,36,12.95
100.0,44.0,0.00,0.00,0,13.62,0,1.27,0,1.27,34,12.73,0,42.77,0,1.27,0,9.34,25,12.95
100.0,41.7,0.00,0.00,0,13.62,0,1.27,0,1.27,44,12.73,8,42.77,0,1.27,1,9.34,0,12.97
99.9,42.0,0.00,0.00,0,13.62,0,1.27,0,1.27,48,12.73,11,42.77,0,1.27,1,9.34,0,12.97
100.0,42.6,0.00,0.00,0,13.62,0,1.27,0,1.27,50,12.73,0,42.77,3,6.64,1,9.34,0,12.97
100.0,44.1,0.00,0.00,0,13.62,0,1.27,0,1.27,39,12.73,0,42.77,0,9.87,0,9.34,29,12.97
100.0,44.7,0.00,0.00,0,13.62,0,1.27,0,1.27,43,12.73,0,42.77,0,9.87,1,9.34,41,12.97
99.9,44.9,0.00,0.00,0,13.62,0,1.27,0,1.27,48,12.73,0,42.77,0,9.87,1,9.34,27,12.97
100.0,45.1,0.00,0.00,0,13.62,0,1.27,0,1.27,32,12.73,8,42.77,44,12.81,1,9.34,37,12.97
99.8,45.0,0.00,0.00,0,13.62,0,1.27,0,1.27,45,12.73,0,42.77,46,12.81,1,9.34,0,12.97
100.0,44.7,0.00,0.00,0,13.62,0,1.27,0,1.27,46,12.73,0,42.77,44,12.81,1,9.34,0,12.97
100.0,36.1,0.00,0.00,0,13.62,0,1.27,0,1.27,50,12.73,0,42.77,37,12.81,1,9.34,0,12.97
100.0,36.7,0.00,0.00,0,13.62,0,1.27,0,1.27,47,12.73,0,42.77,48,12.81,1,9.34,0,12.97
100.0,38.4,0.00,0.00,0,13.62,0,1.27,0,1.27,0,1.27,0,42.77,56,12.81,1,9.34,37,12.97
100.0,38.3,0.00,0.00,0,13.62,0,1.27,0,1.27,0,1.27,0,42.77,39,12.81,0,1.27,19,12.97
100.0,30.7,0.00,0.00,0,13.62,0,1.27,0,1.27,0,1.27,0,42.77,0,12.81,0,1.27,31,12.97
100.0,34.4,0.00,0.00,0,13.62,0,1.27,0,1.27,2,4.83,0,42.77,0,12.81,0,1.27,27,12.97
100.0,33.4,0.00,0.00,0,13.62,0,1.27,0,1.27,0,10.14,2,42.77,0,12.81,1,4.96,0,12.97
100.0,34.6,0.00,0.00,0,13.62,0,1.27,0,1.27,0,10.14,0,42.77,0,12.81,0,10.14,0,12.97
97.8,36.1,0.00,0.00,0,13.62,0,1.27,0,1.27,0,10.14,0,42.77,60,12.81,0,10.14,0,12.97
100.0,37.6,0.00,0.00,0,13.62,0,1.27,0,1.27,51,12.75,0,42.77,38,12.81,0,10.14,0,12.97
100.0,38.4,0.00,0.00,0,13.62,0,1.27,0,1.27,48,12.75,5,42.77,49,12.81,0,10.14,20,12.97
100.0,38.9,0.00,0.00,0,13.62,0,1.27,0,1.27,50,12.75,0,42.77,41,12.81,43,12.74,19,12.97
100.0,42.1,0.00,0.00,0,13.62,0,1.27,0,1.27,52,12.75,8,42.77,52,12.81,45,12.74,24,12.97
100.0,40.7,0.00,0.00,0,13.62,0,1.27,0,1.27,32,12.75,0,42.77,41,12.81,48,12.74,49,12.97
100.0,40.8,0.00,0.00,0,13.62,0,1.27,0,1.27,60,12.75,19,42.77,37,12.81,48,12.74,0,12.97
99.9,36.7,0.00,0.00,0,13.62,0,1.27,0,1.27,40,12.75,29,42.77,0,12.81,38,12.74,0,12.97
100.0,37.6,0.00,0.00,0,13.62,0,1.27,0,1.27,47,12.75,0,42.77,0,12.81,36,12.74,0,12.97
100.0,36.6,0.00,0.00,0,13.62,0,1.27,0,1.27,61,12.75,10,42.77,0,12.81,35,12.74,0,12.97
100.0,37.8,0.00,0.00,0,13.62,0,1.27,0,1.27,33,12.75,0,42.77,0,12.81,45,12.74,29,12.97
100.0,38.5,0.00,0.00,0,13.62,0,1.27,0,1.27,49,12.75,0,42.77,50,12.81,68,12.74,25,12.97
100.0,39.1,0.00,0.00,0,13.62,0,1.27,0,1.27,41,12.75,0,42.77,40,12.81,36,12.74,43,12.97
100.0,40.0,0.00,0.00,0,13.62,0,1.27,0,1.27,39,12.75,0,42.77,58,12.81,58,12.74,35,12.97
100.0,39.6,0.00,0.00,0,13.62,0,1.27,0,1.27,0,12.75,40,42.77,38,12.81,28,12.74,0,12.97
100.0,39.9,0.00,0.00,0,13.62,0,1.27,0,1.27,0,12.75,0,42.77,52,12.81,30,12.74,0,12.97
100.0,40.4,0.00,0.00,0,13.62,0,1.27,0,1.27,0,12.75,33,42.77,37,12.81,49,12.74,0,12.97
100.0,41.2,0.00,0.00,0,13.62,0,1.27,0,1.27,0,12.75,16,42.77,46,12.81,41,12.74,0,12.97
100.0,41.4,0.00,0.00,0,13.62,0,1.27,0,1.27,60,12.75,8,42.77,0,1.27,49,12.74,38,12.97
100.0,39.4,0.00,0.00,0,13.62,0,1.27,0,1.27,41,12.75,38,42.77,0,1.27,51,12.74,37,12.97
99.8,39.5,0.00,0.00,0,13.62,0,1.27,0,1.27,45,12.75,0,42.77,1,3.24,49,12.74,20,12.97
100.0,40.1,0.00,0.00,0,13.62,0,1.27,0,1.27,45,12.75,15,42.77,2,7.12,42,12.74,19,12.97
100.0,41.6,0.00,0.00,0,13.62,0,1.27,0,1.27,39,12.75,0,42.77,1,9.34,33,12.74,0,1.27
100.0,39.6,0.00,0.00,0,13.62,0,1.27,0,1.27,34,12.75,0,42.77,0,9.34,49,12.74,0,1.27
100.0,39.7,0.00,0.00,0,13.62,0,1.27,0,1.27,15,12.75,0,42.77,0,9.34,41,12.74,0,1.27
100.0,39.8,0.00,0.00,0,13.62,0,1.27,0,1.27,38,12.75,0,42.77,1,9.34,33,12.74,0,1.27
100.0,40.1,0.00,0.00,0,13.62,0,1.27,0,1.27,17,12.75,0,42.77,1,9.34,0,12.74,0,1.27
100.0,39.8,0.00,0.00,0,13.62,0,1.27,0,1.27,30,12.75,0,42.77,0,9.34,0,12.74,0,1.27
100.0,40.1,0.00,0.00,0,13.62,0,1.27,0,1.27,25,12.75,8,42.77,0,9.34,0,12.74,0,1.27
99.8,40.5,0.00,0.00,0,13.62,0,1.27,0,1.27,35,12.75,0,42.77,1,9.34,0,12.74,0,1.27
100.0,41.9,0.00,0.00,0,13.62,0,1.27,0,1.27,49,12.75,0,42.77,0,9.34,0,12.74,0,1.27
100.0,42.8,0.00,0.00,0,13.62,0,1.27,0,1.27,33,12.75,0,42.77,1,9.34,43,12.74,0,1.27
100.0,42.9,0.00,0.00,0,13.62,0,1.27,0,1.27,19,12.75,0,42.77,1,9.34,42,12.74,0,1.27
99.7,42.8,0.00,0.00,0,13.62,0,1.27,0,1.27,0,12.75,0,42.77,0,9.34,50,12.74,0,1.27
99.8,43.4,0.00,0.00,0,13.62,0,1.27,0,1.27,0,12.75,6,42.77,0,9.34,26,12.74,4,4.17
100.0,44.1,0.00,0.00,0,13.62,0,1.27,0,1.27,0,12.75,0,42.77,1,9.34,47,12.74,1,8.45
100.0,45.0,0.00,0.00,0,13.62,0,1.27,0,1.27,49,12.75,0,42.77,1,9.34,50,12.74,60,16.53
99.8,44.7,0.00,0.00,0,13.62,0,1.27,0,1.27,45,12.75,0,42.77,0,9.34,56,12.74,62,16.53
100.0,41.7,0.00,0.00,0,13.62,0,1.27,0,1.27,33,12.75,0,42.77,1,9.34,52,12.74,52,16.53
100.0,38.5,0.00,0.00,0,13.62,0,1.27,0,1.27,37,12.75,0,42.77,1,9.34,51,12.74,72,16.53
99.7,39.0,0.00,0.00,0,13.62,0,1.27,0,1.27,51,12.75,15,42.77,1,9.34,39,12.74,45,16.53
100.0,39.2,0.00,0.00,0,13.62,0,1.27,0,1.27,52,12.75,0,42.77,0,9.34,41,12.74,64,16.53
100.0,39.4,0.00,0.00,0,13.62,0,1.27,0,1.27,48,12.75,0,42.77,1,9.34,36,12.74,31,16.53
100.0,39.4,0.00,0.00,0,13.62,0,1.27,0,1.27,46,12.75,0,42.77,1,9.34,33,12.74,47,16.53
100.0,39.7,0.00,0.00,0,13.62,0,1.27,0,1.27,39,12.75,0,42.77,0,9.34,44,12.74,66,16.53
100.0,39.6,0.00,0.00,0,13.62,0,1.27,0,1.27,53,12.75,0,42.77,1,9.34,32,12.74,35,16.53
100.0,40.1,0.00,0.00,0,13.62,0,1.27,0,1.27,30,12.75,0,42.77,1,9.34,43,12.74,53,16.53
100.0,40.1,0.00,0.00,0,13.62,0,1.27,0,1.27,26,12.75,0,42.77,0,9.34,54,12.74,40,16.53
100.0,39.6,0.00,0.00,0,13.62,0,1.27,0,1.27,39,12.75,7,42.77,1,9.34,55,12.74,69,16.53
100.0,39.4,0.00,0.00,0,13.62,0,1.27,0,1.27,33,12.75,0,42.77,0,9.34,32,12.74,71,16.53
100.0,40.0,0.00,0.00,0,13.62,0,1.27,0,1.27,0,12.75,0,42.77,1,9.34,30,12.74,35,16.53
100.0,38.4,0.00,0.00,0,13.62,0,1.27,0,1.27,0,1.27,0,42.77,1,9.34,30,12.74,56,16.53
100.0,38.5,0.00,0.00,0,13.62,0,1.27,0,1.27,0,1.27,0,42.77,0,9.34,48,12.74,0,1.27
100.0,35.3,0.00,0.00,0,13.62,0,1.27,0,1.27,0,1.27,7,42.77,1,9.34,47,12.74,0,1.27
100.0,35.5,0.00,0.00,0,13.62,0,1.27,0,1.27,0,1.27,32,42.77,1,9.34,38,12.74,0,1.27
99.3,36.1,0.00,0.00,0,13.62,0,1.27,0,1.27,0,1.27,0,42.77,1,9.34,59,12.74,4,3.97
100.0,37.0,0.00,0.00,0,13.62,0,1.27,0,1.27,1,5.32,0,42.77,0,9.26,0,1.27,1,7.44
100.0,34.8,0.00,0.00,0,13.62,0,1.27,0,1.27,0,10.77,10,42.77,0,1.27,0,1.27,0,10.77
100.0,35.4,0.00,0.00,0,13.62,0,1.27,0,1.27,0,10.77,0,42.77,0,1.27,0,1.27,0,10.77
100.0,33.8,0.00,0.00,0,13.62,0,1.27,0,1.27,0,10.77,12,42.77,2,3.96,0,1.27,0,10.77
100.0,36.0,0.00,0.00,0,13.62,0,1.27,0,1.27,0,10.77,39,42.77,4,8.97,1,5.54,84,12.89
100.0,38.4,0.00,0.00,0,13.62,0,1.27,0,1.27,75,12.88,0,42.77,0,9.87,21,13.77,87,12.89
100.0,40.2,0.00,0.00,0,13.62,0,1.27,0,1.27,78,12.88,0,42.77,0,9.87,79,13.77,81,12.89
100.0,42.5,0.00,0.00,0,13.62,0,1.27,0,1.27,97,12.88,0,42.77,0,9.87,66,13.77,79,12.89
100.0,43.5,0.00,0.00,0,13.62,0,1.27,0,1.27,90,12.88,0,42.77,44,12.79,69,13.77,95,12.89
100.0,43.9,0.00,0.00,0,13.62,0,1.27,0,1.27,71,12.88,44,42.77,46,12.79,70,13.77,97,12.89
100.0,44.0,0.00,0.00,0,13.62,0,1.27,0,1.27,97,12.88,0,42.77,57,12.79,53,13.77,73,12.89
99.9,43.9,0.00,0.00,0,13.62,0,1.27,0,1.27,90,12.88,6,42.77,53,12.79,39,13.77,75,12.89
100.0,43.9,0.00,0.00,0,13.62,0,1.27,0,1.27,72,12.88,27,42.77,53,12.79,59,13.77,97,12.89
100.0,44.8,0.00,0.00,0,13.62,0,1.27,0,1.27,78,12.88,0,42.77,67,12.79,61,13.77,71,12.89
100.0,44.8,0.00,0.00,0,13.62,0,1.27,0,1.27,79,12.88,34,42.77,40,12.79,34,13.77,83,12.89
100.0,44.8,0.00,0.00,0,13.62,0,1.27,0,1.27,87,12.88,0,42.77,44,12.79,54,13.77,79,12.89
100.0,44.8,0.00,0.00,0,13.62,0,1.27,0,1.27,82,12.88,0,42.77,38,12.79,38,13.77,85,12.89
100.0,44.8,0.00,0.00,0,13.62,0,1.27,0,1.27,86,12.88,0,42.77,62,12.79,39,13.77,62,12.89
100.0,42.4,0.00,0.00,0,13.62,0,1.27,0,1.27,0,12.88,8,42.77,26,12.79,44,13.77,0,12.89
100.0,40.9,0.00,0.00,0,13.62,0,1.27,0,1.27,0,12.88,44,42.77,42,12.79,49,13.77,0,12.89
100.0,41.7,0.00,0.00,0,13.62,0,1.27,0,1.27,0,12.88,4,42.77,49,12.79,38,13.77,0,12.89
100.0,42.7,0.00,0.00,0,13.62,0,1.27,0,1.27,0,12.88,2,42.77,0,12.79,67,13.77,100,12.89
100.0,43.4,0.00,0.00,0,13.62,0,1.27,0,1.27,85,12.88,0,42.77,0,12.79,46,13.77,97,12.89
100.0,43.8,0.00,0.00,0,13.62,0,1.27,0,1.27,64,12.88,0,42.77,0,12.79,81,13.77,75,12.89
100.0,44.1,0.00,0.00,0,13.62,0,1.27,0,1.27,82,12.88,0,42.77,47,12.79,41,13.77,84,12.89
100.0,44.4,0.00,0.00,0,13.62,0,1.27,0,1.27,96,12.88,15,42.77,53,12.79,72,13.77,94,12.89
100.0,44.6,0.00,0.00,0,13.62,0,1.27,0,1.27,91,12.88,45,42.77,44,12.79,39,13.77,82,12.89
100.0,44.6,0.00,0.00,0,13.62,0,1.27,0,1.27,94,12.88,0,42.77,32,12.79,42,13.77,79,12.89
99.4,44.6,0.00,0.00,0,13.62,0,1.27,0,1.27,87,12.88,0,42.77,29,12.79,33,13.77,97,12.89
99.9,44.6,0.00,0.00,0,13.62,0,1.27,0,1.27,92,12.88,15,42.77,54,12.79,49,13.77,77,12.89
100.0,45.4,0.00,0.00,0,13.62,0,1.27,0,1.27,91,12.88,0,42.77,40,12.79,35,13.77,96,12.89
100.0,45.5,0.00,0.00,0,13.62,0,1.27,0,1.27,71,12.88,0,42.77,36,12.79,77,13.77,85,12.89
100.0,45.4,0.00,0.00,0,13.62,0,1.27,0,1.27,76,12.88,0,42.77,45,12.79,64,13.77,91,12.89
100.0,45.4,0.00,0.00,0,13.62,0,1.27,0,1.27,75,12.88,0,42.77,46,12.79,39,13.77,78,12.89
100.0,45.5,0.00,0.00,0,13.62,0,1.27,0,1.27,97,12.88,0,42.77,50,12.79,42,13.77,94,12.89
100.0,45.5,0.00,0.00,0,13.62,0,1.27,0,1.27,0,12.88,0,42.77,58,12.79,0,1.27,0,12.89
100.0,43.0,0.00,0.00,0,13.62,0,1.27,0,1.27,0,12.88,0,42.77,57,12.79,0,1.27,0,12.89
100.0,43.3,0.00,0.00,0,13.62,0,1.27,0,1.27,0,12.88,1,42.77,0,12.79,0,1.27,0,12.89
100.0,37.4,0.00,0.00,0,13.62,0,1.27,0,1.27,0,12.88,0,42.77,0,1.27,0,1.27,61,12.89
99.7,29.4,0.00,0.00,0,13.62,0,1.27,0,1.27,89,12.88,38,42.77,0,1.27,0,1.27,86,12.89
99.3,29.4,0.00,0.00,0,13.62,0,1.27,0,1.27,92,12.88,0,42.77,0,1.27,0,1.27,56,12.89
100.0,32.8,0.00,0.00,0,13.62,0,1.27,0,1.27,82,12.88,0,42.77,1,4.69,3,4.44,85,12.89
100.0,28.8,0.00,0.00,0,13.62,0,1.27,0,1.27,71,12.88,0,42.77,0,8.96,1,7.9,82,12.89
97.5,32.9,0.00,0.00,0,13.62,0,1.27,0,1.27,85,12.88,5,42.77,0,10.77,0,10.77,76,12.89
100.0,33.5,0.00,0.00,0,13.62,0,1.27,0,1.27,76,12.88,0,42.77,0,10.77,0,10.77,97,12.89
99.5,34.7,0.00,0.00,0,13.62,0,1.27,0,1.27,93,12.88,0,42.77,0,10.77,0,10.77,83,12.89
100.0,35.8,0.00,0.00,0,13.62,0,1.27,0,1.27,83,12.88,0,42.77,92,12.97,78,12.97,79,12.89
100.0,36.8,0.00,0.00,0,13.62,0,1.27,0,1.27,97,12.88,0,42.77,83,12.97,55,12.97,80,12.89
100.0,37.5,0.00,0.00,0,13.62,0,1.27,0,1.27,84,12.88,30,42.77,97,12.97,86,12.97,88,12.89
100.0,39.0,0.00,0.00,0,13.62,0,1.27,0,1.27,80,12.88,0,42.77,75,12.97,87,12.97,82,12.89
100.0,39.3,0.00,0.00,0,13.62,0,1.27,0,1.27,83,12.88,0,42.77,94,12.97,71,12.97,86,12.89
100.0,39.5,0.00,0.00,0,13.62,0,1.27,0,1.27,92,12.88,0,42.77,67,12.97,84,12.97,86,12.89
100.0,40.3,0.00,0.00,0,13.62,0,1.27,0,1.27,74,12.88,0,42.77,0,12.97,0,12.97,77,12.89
100.0,39.6,0.00,0.00,0,13.62,0,1.27,0,1.27,0,12.88,0,42.77,0,12.97,0,12.97,0,1.27
100.0,36.0,0.00,0.00,0,13.62,0,1.27,0,1.27,1,1.27,8,42.77,0,12.97,0,12.97,0,1.27
100.0,36.3,0.00,0.00,0,13.62,0,1.27,0,1.27,0,1.27,0,42.77,0,12.97,0,12.97,0,1.27
100.0,36.8,0.00,0.00,0,13.62,0,1.27,0,1.27,0,2.52,0,42.77,89,12.97,90,12.97,1,4.14
100.0,38.6,0.00,0.00,0,13.62,0,1.27,0,1.27,1,5.47,0,42.77,56,12.97,82,12.97,1,7.44
100.0,40.1,0.00,0.00,0,13.62,0,1.27,0,1.27,24,10.77,8,42.77,45,12.97,62,12.97,0,10.77
100.0,40.5,0.00,0.00,0,13.62,0,1.27,0,1.27,0,10.77,0,42.77,95,12.97,70,12.97,0,10.77
100.0,40.9,0.00,0.00,0,13.62,0,1.27,0,1.27,0,10.77,19,42.77,85,12.97,94,12.97,0,10.77
100.0,41.1,0.00,0.00,0,13.62,0,1.27,0,1.27,0,10.77,0,42.77,82,12.97,87,12.97,0,10.77
99.9,41.2,0.00,0.00,0,13.62,0,1.27,0,1.27,0,10.77,0,42.77,0,12.97,0,12.97,76,12.98
100.0,38.9,0.00,0.00,0,13.62,0,1.27,0,1.27,84,12.97,0,42.77,0,12.97,0,12.97,93,12.98
100.0,37.4,0.00,0.00,0,13.62,0,1.27,0,1.27,84,12.97,10,42.77,0,12.97,0,12.97,79,12.98
100.0,38.2,0.00,0.00,0,13.62,0,1.27,0,1.27,91,12.97,5,42.77,0,12.97,100,12.97,90,12.98
100.0,39.2,0.00,0.00,0,13.62,0,1.27,0,1.27,84,12.97,0,42.77,81,12.97,75,12.97,85,12.98
100.0,40.6,0.00,0.00,0,13.62,0,1.27,0,1.27,91,12.97,30,42.77,95,12.97,86,12.97,85,12.98
100.0,42.1,0.00,0.00,0,13.62,0,1.27,0,1.27,93,12.97,37,42.77,95,12.97,68,12.97,92,12.98
100.0,42.2,0.00,0.00,0,13.62,0,1.27,0,1.27,75,12.97,36,42.77,82,12.97,79,12.97,87,12.98
100.0,42.3,0.00,0.00,0,13.62,0,1.27,0,1.27,73,12.97,0,42.77,76,12.97,84,12.97,76,12.98
100.0,42.6,0.00,0.00,0,13.62,0,1.27,0,1.27,81,12.97,10,42.77,96,12.97,94,12.97,85,12.98
100.0,42.7,0.00,0.00,0,13.62,0,1.27,0,1.27,98,12.97,0,42.77,0,12.97,0,12.97,0,12.98
100.0,40.5,0.00,0.00,0,13.62,0,1.27,0,1.27,0,12.97,0,42.77,0,12.97,0,12.97,0,12.98
100.0,41.2,0.00,0.00,0,13.62,0,1.27,0,1.27,0,12.97,0,42.77,0,12.97,0,12.97,0,12.98
100.0,42.0,0.00,0.00,0,13.62,0,1.27,0,1.27,0,12.97,0,42.77,0,12.97,0,12.97,0,12.98
100.0,43.3,0.00,0.00,0,13.62,0,1.27,0,1.27,0,12.97,0,42.77,96,12.97,96,12.97,98,12.98
100.0,43.6,0.00,0.00,0,13.62,0,1.27,0,1.27,87,12.97,8,42.77,80,12.97,93,12.97,84,12.98
100.0,43.5,0.00,0.00,0,13.62,0,1.27,0,1.27,91,12.97,0,42.77,87,12.97,97,12.97,77,12.98
100.0,43.5,0.00,0.00,0,13.62,0,1.27,0,1.27,98,12.97,0,42.77,72,12.97,83,12.97,80,12.98
99.9,43.6,0.00,0.00,0,13.62,0,1.27,0,1.27,97,12.97,15,42.77,91,12.97,83,12.97,83,12.98
100.0,43.7,0.00,0.00,0,13.62,0,1.27,0,1.27,84,12.97,0,42.77,92,12.97,72,12.97,84,12.98
100.0,42.5,0.00,0.00,0,13.62,0,1.27,0,1.27,87,12.97,0,42.77,0,1.27,0,1.27,98,12.98
99.9,39.4,0.00,0.00,0,13.62,0,1.27,0,1.27,95,12.97,0,42.77,0,1.27,0,1.27,92,12.98
100.0,39.7,0.00,0.00,0,13.62,0,1.27,0,1.27,81,12.97,0,42.77,0,1.27,0,1.27,85,12.98
100.0,39.9,0.00,0.00,0,13.62,0,1.27,0,1.27,95,12.97,6,42.77,1,4.06,1,4.58,91,12.98
100.0,41.1,0.00,0.00,0,13.62,0,1.27,0,1.27,87,12.97,0,42.77,1,7.3,0,7.81,0,12.98
100.0,40.3,0.00,0.00,0,13.62,0,1.27,0,1.27,0,12.97,0,42.77,0,9.34,0,9.34,0,12.98
99.9,37.5,0.00,0.00,0,13.62,0,1.27,0,1.27,0,12.97,0,42.77,0,9.34,1,9.34,0,12.98
100.0,40.3,0.00,0.00,0,13.62,0,1.27,0,1.27,0,12.97,0,42.77,10,9.34,1,9.34,0,12.98
100.0,40.0,0.00,0.00,0,13.62,0,1.27,0,1.27,0,12.97,0,42.77,0,9.34,0,9.34,0,12.98
100.0,40.8,0.00,0.00,0,13.62,0,1.27,0,1.27,0,12.97,0,42.77,0,9.34,1,9.34,90,12.98
100.0,41.5,0.00,0.00,0,13.62,0,1.27,0,1.27,86,12.97,0,42.77,45,9.34,1,9.34,80,12.98
100.0,42.5,0.00,0.00,0,13.62,0,1.27,0,1.27,60,12.97,23,42.77,0,9.34,100,9.34,98,12.98
99.9,44.7,0.00,0.00,0,13.62,0,1.27,0,1.27,75,12.97,0,42.77,1,9.34,1,9.34,98,12.98
100.0,45.9,0.00,0.00,0,13.62,0,1.27,0,1.27,66,12.97,0,42.77,1,9.34,1,9.34,74,12.98
100.0,46.4,0.00,0.00,0,13.62,0,1.27,0,1.27,73,12.97,0,42.77,1,9.34,1,9.34,86,12.98
100.0,46.2,0.00,0.00,0,13.62,0,1.27,0,1.27,85,12.97,0,42.77,1,9.34,1,9.34,87,12.98
100.0,46.3,0.00,0.00,0,13.62,0,1.27,0,1.27,91,12.97,0,42.77,1,9.34,1,9.34,89,12.98
99.6,46.3,0.00,0.00,0,13.62,0,1.27,0,1.27,73,12.97,16,42.77,1,9.34,0,9.34,83,12.98
100.0,46.3,0.00,0.00,0,13.62,0,1.27,0,1.27,75,12.97,0,42.77,1,9.34,0,9.34,98,12.98
100.0,47.1,0.00,0.00,0,13.62,0,1.27,0,1.27,44,12.97,0,42.77,0,9.34,1,9.34,0,12.98
100.0,47.2,0.00,0.00,0,13.62,0,1.27,0,1.27,0,12.97,7,42.77,0,9.34,0,9.34,0,12.98
100.0,46.2,0.00,0.00,0,13.62,0,1.27,0,1.27,0,12.97,8,42.77,0,9.34,0,9.34,0,12.98
100.0,46.5,0.00,0.00,0,13.62,0,1.27,0,1.27,1,12.97,31,42.77,37,9.34,0,9.34,0,12.98
100.0,46.8,0.00,0.00,0,13.62,0,1.27,0,1.27,0,12.97,45,42.77,0,9.34,1,9.34,0,12.98
100.0,47.1,0.00,0.00,0,13.62,0,1.27,0,1.27,0,12.97,0,42.77,1,9.34,1,9.34,74,12.98
100.0,47.2,0.00,0.00,0,13.62,0,1.27,0,1.27,90,12.97,0,42.77,55,9.34,0,9.34,89,12.98
100.0,47.1,0.00,0.00,0,13.62,0,1.27,0,1.27,92,12.97,0,42.77,0,9.34,1,9.34,79,12.98
100.0,47.1,0.00,0.00,0,13.62,0,1.27,0,1.27,83,12.97,2,42.77,0,9.34,0,9.34,77,12.98
100.0,47.2,0.00,0.00,0,13.62,0,1.27,0,1.27,84,12.97,0,42.77,100,9.34,1,9.34,80,12.98
100.0,47.2,0.00,0.00,0,13.62,0,1.27,0,1.27,76,12.97,2,42.77,1,9.34,0,9.34,90,12.98
100.0,47.2,0.00,0.00,0,13.62,0,1.27,0,1.27,90,12.97,4,42.77,0,9.34,1,9.34,71,12.98
100.0,47.2,0.00,0.00,0,13.62,0,1.27,0,1.27,95,12.97,0,42.77,1,9.34,1,9.34,92,12.98
100.0,47.2,0.00,0.00,0,13.62,0,1.27,0,1.27,75,12.97,6,42.77,0,9.34,0,9.34,90,12.98
100.0,47.2,0.00,0.00,0,13.62,0,1.27,0,1.27,91,12.97,0,42.77,1,1.27,0,1.27,94,12.98
100.0,44.0,0.00,0.00,0,13.62,0,1.27,0,1.27,88,12.97,0,42.77,0,1.27,0,1.27,0,12.98
100.0,43.6,0.00,0.00,0,13.62,0,1.27,0,1.27,0,1.27,42,42.77,0,1.27,0,1.27,0,1.27
100.0,40.3,0.00,0.00,0,13.62,0,1.27,0,1.27,0,1.27,24,42.77,0,1.31,2,3.89,0,1.27
100.0,38.7,0.00,0.00,0,13.62,0,1.27,0,1.27,0,1.27,0,42.77,1,6.56,2,7.87,0,1.27
100.0,38.7,0.00,0.00,0,13.62,0,1.27,0,1.27,1,3.75,38,42.77,0,10.77,0,10.77,1,5.72
100.0,40.9,0.00,0.00,0,13.62,0,1.27,0,1.27,1,7.85,0,42.77,0,10.77,0,10.77,0,10.77
100.0,43.0,0.00,0.00,0,13.62,0,1.27,0,1.27,0,10.77,0,42.77,0,10.77,0,10.77,0,10.77
100.0,44.2,0.00,0.00,0,13.62,0,1.27,0,1.27,0,10.77,16,42.77,0,10.77,100,12.09,0,10.77
100.0,45.7,0.00,0.00,0,13.62,0,1.27,0,1.27,0,10.77,0,42.77,67,12.94,71,12.94,0,10.77
100.0,46.1,0.00,0.00,0,13.62,0,1.27,0,1.27,0,12.88,0,42.77,76,12.94,89,12.94,92,12.89
100.0,46.5,0.00,0.00,0,13.62,0,1.27,0,1.27,91,12.88,32,42.77,66,12.94,81,12.94,86,12.89
100.0,46.4,0.00,0.00,0,13.62,0,1.27,0,1.27,83,12.88,0,42.77,0,12.95,0,12.95,98,12.89
100.0,45.5,0.00,0.00,0,13.62,0,1.27,0,1.27,95,12.88,0,42.77,0,12.95,0,12.95,92,12.89
100.0,46.5,0.00,0.00,0,13.62,0,1.27,0,1.27,76,12.88,0,42.77,0,12.95,0,12.95,86,12.89
99.7,46.9,0.00,0.00,0,13.62,0,1.27,0,1.27,93,12.88,0,42.77,75,12.95,86,12.95,90,12.89
100.0,36.3,0.00,0.00,0,13.62,0,1.27,0,1.27,85,12.88,0,42.77,75,12.95,91,12.95,89,12.89
100.0,37.3,0.00,0.00,0,13.62,0,1.27,0,1.27,98,12.88,0,42.77,82,12.95,90,12.95,95,12.89
100.0,39.4,0.00,0.00,0,13.62,0,1.27,0,1.27,79,12.88,8,42.77,0,12.95,0,12.95,88,12.89
100.0,34.2,0.00,0.00,0,13.62,0,1.27,0,1.27,83,12.88,0,42.77,0,12.95,0,12.95,86,12.89
100.0,34.9,0.00,0.00,0,13.62,0,1.27,0,1.27,90,12.88,0,42.77,0,12.95,0,12.95,78,12.89
100.0,39.4,0.00,0.00,0,13.62,0,1.27,0,1.27,82,12.88,0,42.77,0,12.95,0,12.95,85,12.89
100.0,36.7,0.00,0.00,0,13.62,0,1.27,0,1.27,87,12.88,0,42.77,78,12.95,90,12.95,86,12.89
100.0,37.4,0.00,0.00,0,13.62,0,1.27,0,1.27,90,12.88,39,42.77,84,12.95,75,12.95,86,12.89
100.0,38.3,0.00,0.00,0,13.62,0,1.27,0,1.27,97,12.88,0,42.77,95,12.95,86,12.95,72,12.89
100.0,39.0,0.00,0.00,0,13.62,0,1.27,0,1.27,86,12.88,0,42.77,0,12.95,0,12.95,78,12.89
100.0,38.6,0.00,0.00,0,13.62,0,1.27,0,1.27,74,12.88,0,42.77,0,12.95,0,12.95,75,12.89
100.0,41.8,0.00,0.00,0,13.62,0,1.27,0,1.27,94,12.88,0,42.77,0,12.95,0,12.95,85,12.89
100.0,40.8,0.00,0.00,0,13.62,0,1.27,0,1.27,0,12.88,0,42.77,0,12.95,0,12.95,0,12.89
99.9,40.5,0.00,0.00,0,13.62,0,1.27,0,1.27,0,12.88,16,42.77,89,12.95,92,12.95,0,12.89
100.0,40.9,0.00,0.00,0,13.62,0,1.27,0,1.27,0,12.88,0,42.77,59,12.95,90,12.95,0,12.89
100.0,41.7,0.00,0.00,0,13.62,0,1.27,0,1.27,0,12.88,8,42.77,79,12.95,97,12.95,0,12.89
100.0,41.9,0.00,0.00,0,13.62,0,1.27,0,1.27,89,12.88,0,42.77,0,12.95,0,12.95,88,12.89
100.0,41.1,0.00,0.00,0,13.62,0,1.27,0,1.27,81,12.88,0,42.77,0,12.95,0,12.95,83,12.89
100.0,41.4,0.00,0.00,0,13.62,0,1.27,0,1.27,79,12.88,15,42.77,0,12.95,0,12.95,98,12.89
100.0,41.7,0.00,0.00,0,13.62,0,1.27,0,1.27,96,12.88,0,42.77,0,12.95,0,12.95,86,12.89
99.4,41.4,0.00,0.00,0,13.62,0,1.27,0,1.27,89,12.88,0,42.77,91,12.95,92,12.95,83,12.89
100.0,40.8,0.00,0.00,0,13.62,0,1.27,0,1.27,91,12.88,0,42.77,61,12.95,81,12.95,74,12.89
100.0,38.4,0.00,0.00,0,13.62,0,1.27,0,1.27,82,12.88,0,42.77,79,12.95,82,12.95,70,12.89
100.0,39.3,0.00,0.00,0,13.62,0,1.27,0,1.27,98,12.88,0,42.77,0,12.88,0,12.88,78,12.89
100.0,35.7,0.00,0.00,0,13.62,0,1.27,0,1.27,91,12.88,0,42.77,0,1.27,1,1.27,93,12.89
100.0,36.1,0.00,0.00,0,13.62,0,1.27,0,1.27,90,12.88,4,42.77,0,1.27,0,1.27,88,12.89
100.0,37.1,0.00,0.00,0,13.62,0,1.27,0,1.27,98,12.88,4,42.77,0,1.27,0,1.27,93,12.89
98.7,37.8,0.00,0.00,0,13.62,0,1.27,0,1.27,98,12.88,0,42.77,1,3.63,1,4.4,90,12.89
100.0,39.2,0.00,0.00,0,13.62,0,1.27,0,1.27,76,12.88,15,42.77,1,8.1,0,8.51,90,12.89
100.0,40.5,0.00,0.00,0,13.62,0,1.27,0,1.27,89,12.88,0,42.77,71,9.34,0,9.34,98,12.89
100.0,41.0,0.00,0.00,0,13.62,0,1.27,0,1.27,77,12.88,0,42.77,1,9.34,0,9.34,74,12.89
100.0,41.1,0.00,0.00,0,13.62,0,1.27,0,1.27,91,12.88,6,42.77,1,9.34,0,9.34,84,12.89
100.0,41.2,0.00,0.00,0,13.62,0,1.27,0,1.27,89,12.88,0,42.77,1,9.34,1,9.34,80,12.89
100.0,41.2,0.00,0.00,0,13.62,0,1.27,0,1.27,88,12.88,0,42.77,1,9.34,1,9.34,0,12.82
100.0,38.1,0.00,0.00,0,13.62,0,1.27,0,1.27,0,1.27,0,42.77,0,9.34,1,9.34,0,1.27
100.0,38.6,0.00,0.00,0,13.62,0,1.27,0,1.27,0,1.27,32,42.77,1,9.34,1,9.34,0,1.27
100.0,38.9,0.00,0.00,0,13.62,0,1.27,0,1.27,0,1.27,5,42.77,0,9.34,0,9.34,0,1.27
100.0,40.1,0.00,0.00,0,13.62,0,1.27,0,1.27,1,4.09,16,42.77,1,9.34,1,9.34,0,1.27
100.0,40.8,0.00,0.00,0,13.62,0,1.27,0,1.27,1,6.73,0,42.77,1,9.34,0,9.34,0,3.72
100.0,41.7,0.00,0.00,0,13.62,0,1.27,0,1.27,9,9.38,0,42.77,0,9.34,1,9.34,0,6.84
100.0,42.5,0.00,0.00,0,13.62,0,1.27,0,1.27,14,9.38,0,42.77,65,9.34,1,9.34,49,10.98
100.0,42.6,0.00,0.00,0,13.62,0,1.27,0,1.27,9,9.38,6,42.77,1,9.34,0,9.34,29,10.98
100.0,42.6,0.00,0.00,0,13.62,0,1.27,0,1.27,9,9.38,0,42.77,0,9.34,1,9.34,43,10.98
100.0,42.6,0.00,0.00,0,13.62,0,1.27,0,1.27,6,9.38,0,42.77,1,9.34,0,9.34,42,10.98
98.1,42.7,0.00,0.00,0,13.62,0,1.27,0,1.27,7,9.38,24,42.77,1,9.34,1,9.34,29,10.98
100.0,42.5,0.00,0.00,0,13.62,0,1.27,0,1.27,16,9.38,0,42.77,1,9.34,0,9.34,58,10.98
100.0,42.5,0.00,0.00,0,13.62,0,1.27,0,1.27,25,9.38,0,42.77,1,9.34,1,9.34,21,10.98
100.0,42.6,0.00,0.00,0,13.62,0,1.27,0,1.27,13,9.38,8,42.77,0,9.34,1,9.34,64,10.98
100.0,42.5,0.00,0.00,0,13.62,0,1.27,0,1.27,15,9.38,0,42.77,0,9.34,0,9.34,33,10.98
100.0,42.6,0.00,0.00,0,13.62,0,1.27,0,1.27,10,9.38,0,42.77,0,9.34,0,9.34,30,10.98
100.0,42.5,0.00,0.00,0,13.62,0,1.27,0,1.27,14,9.38,0,42.77,1,9.34,0,9.34,42,10.98
99.9,42.5,0.00,0.00,0,13.62,0,1.27,0,1.27,4,9.38,0,42.77,0,9.34,1,9.34,50,10.98
100.0,42.6,0.00,0.00,0,13.62,0,1.27,0,1.27,11,9.38,0,42.77,1,9.34,0,9.34,42,10.98
100.0,42.6,0.00,0.00,0,13.62,0,1.27,0,1.27,3,9.38,24,42.77,42,9.34,0,9.34,40,10.98
100.0,42.6,0.00,0.00,0,13.62,0,1.27,0,1.27,17,9.38,0,42.77,1,9.34,1,9.34,21,10.98
100.0,42.6,0.00,0.00,0,13.62,0,1.27,0,1.27,19,9.38,16,42.77,1,9.34,0,9.34,40,10.98
100.0,42.6,0.00,0.00,0,13.62,0,1.27,0,1.27,6,9.38,16,42.77,1,9.34,1,9.34,40,10.98
100.0,42.6,0.00,0.00,0,13.62,0,1.27,0,1.27,6,9.38,0,42.77,0,9.26,0,1.27,41,10.98
100.0,39.6,0.00,0.00,0,13.62,0,1.27,0,1.27,11,9.38,0,42.77,0,1.27,0,1.27,33,10.98
100.0,39.6,0.00,0.00,0,13.62,0,1.27,0,1.27,5,9.38,0,42.77,1,1.27,0,1.27,44,10.98
100.0,41.1,0.00,0.00,0,13.62,0,1.27,0,1.27,12,9.38,0,42.77,0,1.27,0,1.49,57,10.98
99.5,42.1,0.00,0.00,0,13.62,0,1.27,0,1.27,11,9.38,0,42.77,0,1.27,1,5.76,27,10.98
100.0,42.9,0.00,0.00,0,13.62,0,1.27,0,1.27,14,9.38,0,42.77,0,1.27,0,9.2,24,10.98
100.0,43.8,0.00,0.00,0,13.62,0,1.27,0,1.27,11,9.38,22,42.77,0,1.27,0,9.34,19,10.98
100.0,44.0,0.00,0.00,0,13.62,0,1.27,0,1.27,7,9.38,5,42.77,0,1.27,0,9.34,30,10.98
100.0,44.2,0.00,0.00,0,13.62,0,1.27,0,1.27,15,9.38,0,42.77,0,1.27,1,9.34,39,10.98
100.0,44.6,0.00,0.00,0,13.62,0,1.27,0,1.27,19,9.38,0,42.77,0,1.27,1,9.34,34,10.98
100.0,44.8,0.00,0.00,0,13.62,0,1.27,0,1.27,12,9.38,0,42.77,0,1.27,0,9.34,24,10.98
100.0,45.2,0.00,0.00,0,13.62,0,1.27,0,1.27,4,9.38,8,42.77,4,2.79,0,9.34,30,10.98
100.0,45.5,0.00,0.00,0,13.62,0,1.27,0,1.27,11,9.38,0,42.77,0,6.58,0,9.34,33,10.98
100.0,46.4,0.00,0.00,0,13.62,0,1.27,0,1.27,12,9.38,4,42.77,0,9.51,0,9.34,40,10.98
100.0,46.1,0.00,0.00,0,13.62,0,1.27,0,1.27,5,9.38,0,42.77,87,16.52,1,9.34,33,10.98
100.0,46.1,0.00,0.00,0,13.62,0,1.27,0,1.27,9,9.38,0,42.77,58,16.52,1,9.34,68,10.98
100.0,41.7,0.00,0.00,0,13.62,0,1.27,0,1.27,10,9.38,0,42.77,52,16.52,1,9.34,0,1.27
100.0,40.8,0.00,0.00,0,13.62,0,1.27,0,1.27,8,9.38,0,42.77,55,16.52,1,9.34,0,1.27
100.0,42.3,0.00,0.00,0,13.62,0,1.27,0,1.27,12,9.38,0,42.77,67,16.52,1,9.34,0,1.27
100.0,43.1,0.00,0.00,0,13.62,0,1.27,0,1.27,19,9.38,0,42.77,65,16.52,1,9.34,2,5.78
100.0,44.5,0.00,0.00,0,13.62,0,1.27,0,1.27,15,9.38,16,42.77,65,16.52,1,9.34,0,10.15
100.0,45.5,0.00,0.00,0,13.62,0,1.27,0,1.27,10,9.38,39,42.77,40,16.52,1,9.34,0,10.15
100.0,46.5,0.00,0.00,0,13.62,0,1.27,0,1.27,10,9.38,0,42.77,0,1.27,1,9.34,0,10.15
98.8,43.4,0.00,0.00,0,13.62,0,1.27,0,1.27,4,9.38,0,42.77,0,1.27,1,9.34,0,10.15
100.0,43.8,0.00,0.00,0,13.62,0,1.27,0,1.27,26,9.38,0,42.77,0,1.27,0,9.34,31,12.85
100.0,43.8,0.00,0.00,0,13.62,0,1.27,0,1.27,5,9.38,0,42.77,0,1.27,0,9.34,62,12.85
100.0,44.2,0.00,0.00,0,13.62,0,1.27,0,1.27,9,9.38,0,42.77,0,1.27,1,9.34,41,12.85
100.0,44.2,0.00,0.00,0,13.62,0,1.27,0,1.27,8,9.38,0,42.77,0,1.27,1,9.34,35,12.85
100.0,44.3,0.00,0.00,0,13.62,0,1.27,0,1.27,8,9.38,0,42.77,0,1.27,1,9.34,48,12.85
100.0,44.3,0.00,0.00,0,13.62,0,1.27,0,1.27,10,9.38,0,42.77,0,1.27,0,9.34,30,12.85
100.0,44.2,0.00,0.00,0,13.62,0,1.27,0,1.27,9,9.38,0,42.77,0,1.27,1,9.34,41,12.85
100.0,44.3,0.00,0.00,0,13.62,0,1.27,0,1.27,10,9.38,24,42.77,0,1.27,0,9.34,0,12.85
100.0,44.2,0.00,0.00,0,13.62,0,1.27,0,1.27,11,9.38,0,42.77,0,1.27,0,9.34,0,12.85
99.9,44.8,0.00,0.00,0,13.62,0,1.27,0,1.27,12,9.38,40,42.77,0,1.27,1,9.34,0,12.85
100.0,44.9,0.00,0.00,0,13.62,0,1.27,0,1.27,11,9.38,39,42.77,0,1.27,0,9.34,0,12.85
100.0,45.1,0.00,0.00,0,13.62,0,1.27,0,1.27,9,9.38,0,42.77,0,1.27,1,9.34,37,12.85
100.0,45.1,0.00,0.00,0,13.62,0,1.27,0,1.27,9,9.38,0,42.77,0,1.27,1,9.34,52,12.85
100.0,45.1,0.00,0.00,0,13.62,0,1.27,0,1.27,10,9.38,0,42.77,0,1.27,1,9.34,41,12.85
100.0,44.8,0.00,0.00,0,13.62,0,1.27,0,1.27,12,9.38,0,42.77,0,1.27,0,9.34,59,12.85
97.7,45.1,0.00,0.00,0,13.62,0,1.27,0,1.27,5,9.38,6,42.77,0,1.27,1,9.34,34,12.85
100.0,45.2,0.00,0.00,0,13.62,0,1.27,0,1.27,10,9.38,0,42.77,0,1.27,0,9.34,42,12.85
100.0,45.2,0.00,0.00,0,13.62,0,1.27,0,1.27,9,9.38,0,42.77,0,1.27,0,9.34,31,12.85
100.0,45.2,0.00,0.00,0,13.62,0,1.27,0,1.27,11,9.38,3,42.77,0,1.27,0,9.34,0,12.85
100.0,44.6,0.00,0.00,0,13.62,0,1.27,0,1.27,8,9.38,0,42.77,0,1.27,1,9.34,0,12.85
100.0,44.3,0.00,0.00,0,13.62,0,1.27,0,1.27,5,9.38,16,42.77,0,1.27,0,9.34,0,12.85
100.0,44.9,0.00,0.00,0,13.62,0,1.27,0,1.27,16,9.38,0,42.77,0,1.27,1,9.34,0,12.85
100.0,45.0,0.00,0.00,0,13.62,0,1.27,0,1.27,14,9.38,17,42.77,0,1.27,1,9.34,51,12.85
100.0,45.6,0.00,0.00,0,13.62,0,1.27,0,1.27,4,9.38,0,42.77,0,1.27,0,1.27,35,12.85
100.0,45.0,0.00,0.00,0,13.62,0,1.27,0,1.27,12,9.38,18,42.77,0,1.27,0,1.27,28,12.85
100.0,45.2,0.00,0.00,0,13.62,0,1.27,0,1.27,4,9.38,0,42.77,0,1.27,0,1.27,52,12.85
100.0,45.4,0.00,0.00,0,13.62,0,1.27,0,1.27,13,9.38,28,42.77,0,1.27,0,1.27,32,12.85
99.4,45.5,0.00,0.00,0,13.62,0,1.27,0,1.27,13,9.38,0,42.77,0,1.27,1,2.93,49,12.85
100.0,46.0,0.00,0.00,0,13.62,0,1.27,0,1.27,0,1.27,12,42.77,1,5.85,1,6.49,59,12.85
100.0,46.2,0.00,0.00,0,13.62,0,1.27,0,1.27,0,1.27,0,42.77,58,10.71,55,10.97,0,12.85
100.0,46.3,0.00,0.00,0,13.62,0,1.27,0,1.27,0,2.62,16,42.77,40,10.71,43,10.97,0,12.85
100.0,46.9,0.00,0.00,0,13.62,0,1.27,0,1.27,1,6.45,15,42.77,38,10.71,73,10.97,0,12.85
99.4,44.0,0.00,0.00,0,13.62,0,1.27,0,1.27,0,10.14,52,42.77,41,10.71,69,10.97,0,12.85
100.0,38.6,0.00,0.00,0,13.62,0,1.27,0,1.27,0,10.14,24,42.77,27,10.71,63,10.97,0,12.85
100.0,40.1,0.00,0.00,0,13.62,0,1.27,0,1.27,0,10.14,0,42.77,67,10.71,58,10.97,37,12.85
100.0,43.2,0.00,0.00,0,13.62,0,1.27,0,1.27,0,13.01,38,42.77,54,10.71,87,10.97,46,12.85
100.0,36.5,0.00,0.00,0,13.62,0,1.27,0,1.27,20,13.01,0,42.77,40,10.71,49,10.97,67,12.85
99.8,39.8,0.00,0.00,0,13.62,0,1.27,0,1.27,12,13.01,0,42.77,51,10.71,65,10.97,38,12.85
100.0,37.9,0.00,0.00,0,13.62,0,1.27,0,1.27,19,13.01,0,42.77,64,10.71,48,10.97,33,12.85
100.0,38.5,0.00,0.00,0,13.62,0,1.27,0,1.27,19,13.03,0,42.77,74,10.71,55,10.97,39,12.85
100.0,38.4,0.00,0.00,0,13.62,0,1.27,0,1.27,0,13.03,2,42.77,57,10.71,29,10.97,62,12.85
100.0,39.3,0.00,0.00,0,13.62,0,1.27,0,1.27,0,13.03,0,42.77,35,10.71,45,10.97,0,12.85
100.0,34.7,0.00,0.00,0,13.62,0,1.27,0,1.27,0,13.03,0,42.77,62,10.71,47,10.97,0,12.85
100.0,33.6,0.00,0.00,0,13.62,0,1.27,0,1.27,30,13.03,0,42.77,28,10.71,63,10.97,0,12.85
100.0,38.3,0.00,0.00,0,13.62,0,1.27,0,1.27,33,13.03,0,42.77,48,10.71,50,10.97,47,12.85
100.0,37.0,0.00,0.00,0,13.62,0,1.27,0,1.27,28,13.03,0,42.77,22,10.71,65,10.97,48,12.85
100.0,38.0,0.00,0.00,0,13.62,0,1.27,0,1.27,36,13.03,0,42.77,66,10.71,43,10.97,48,12.85
97.8,39.1,0.00,0.00,0,13.62,0,1.27,0,1.27,0,13.03,0,42.77,44,10.71,67,10.97,41,12.85
100.0,39.5,0.00,0.00,0,13.62,0,1.27,0,1.27,0,13.03,23,42.77,40,10.71,40,10.97,44,12.85
100.0,40.1,0.00,0.00,0,13.62,0,1.27,0,1.27,0,13.03,0,42.77,47,10.71,58,10.97,43,12.85
100.0,40.5,0.00,0.00,0,13.62,0,1.27,0,1.27,0,13.03,0,42.77,28,10.71,41,10.97,52,12.85
100.0,40.6,0.00,0.00,0,13.62,0,1.27,0,1.27,0,13.03,13,42.77,27,10.71,62,10.97,0,12.85
100.0,40.1,0.00,0.00,0,13.62,0,1.27,0,1.27,35,13.03,0,42.77,57,10.71,80,10.97,0,1.27
100.0,39.0,0.00,0.00,0,13.62,0,1.27,0,1.27,38,13.03,20,42.77,45,10.71,82,10.97,0,1.27
100.0,39.8,0.00,0.00,0,13.62,0,1.27,0,1.27,23,13.03,0,42.77,58,10.71,61,10.97,0,1.27
100.0,40.0,0.00,0.00,0,13.62,0,1.27,0,1.27,23,13.03,0,42.77,58,10.71,65,10.97,3,4.2
100.0,40.0,0.00,0.00,0,13.62,0,1.27,0,1.27,0,13.03,0,42.77,89,10.71,52,10.97,1,8.93
100.0,40.8,0.00,0.00,0,13.62,0,1.27,0,1.27,0,13.03,0,42.77,47,10.71,48,10.97,0,10.15
100.0,41.9,0.00,0.00,0,13.62,0,1.27,0,1.27,0,13.03,0,42.77,24,10.71,42,10.97,0,10.15
100.0,42.3,0.00,0.00,0,13.62,0,1.27,0,1.27,0,13.03,0,42.77,45,10.71,46,10.97,0,10.15
99.8,42.6,0.00,0.00,0,13.62,0,1.27,0,1.27,22,13.03,48,42.77,33,10.71,36,10.97,0,10.15
100.0,42.8,0.00,0.00,0,13.62,0,1.27,0,1.27,30,13.03,19,42.77,53,10.71,67,10.97,19,13.02
100.0,42.8,0.00,0.00,0,13.62,0,1.27,0,1.27,25,13.03,13,42.77,76,10.71,79,10.97,20,13.02
100.0,42.5,0.00,0.00,0,13.62,0,1.27,0,1.27,21,13.03,6,42.77,57,10.71,45,10.97,24,13.02
100.0,42.8,0.00,0.00,0,13.62,0,1.27,0,1.27,0,13.03,0,42.77,0,10.64,0,10.9,19,13.02
100.0,39.4,0.00,0.00,0,13.62,0,1.27,0,1.27,0,13.03,0,42.77,0,1.27,0,1.27,0,13.04
100.0,40.4,0.00,0.00,0,13.62,0,1.27,0,1.27,0,13.03,0,42.77,0,1.27,0,1.27,0,13.04
100.0,41.1,0.00,0.00,0,13.62,0,1.27,0,1.27,0,13.03,0,42.77,0,1.27,0,1.27,0,13.04
100.0,41.7,0.00,0.00,0,13.62,0,1.27,0,1.27,19,13.03,0,42.77,2,3.85,4,5.23,0,13.04
100.0,43.3,0.00,0.00,0,13.62,0,1.27,0,1.27,27,13.03,0,42.77,1,7.55,0,9.87,26,13.04
100.0,44.5,0.00,0.00,0,13.62,0,1.27,0,1.27,22,13.03,0,42.77,0,10.14,0,9.87,28,13.04
100.0,44.9,0.00,0.00,0,13.62,0,1.27,0,1.27,0,13.03,0,42.77,0,10.14,0,9.87,19,13.04
98.1,45.2,0.00,0.00,0,13.62,0,1.27,0,1.27,0,13.03,32,42.77,0,10.14,0,9.87,40,13.04
96.4,46.6,0.00,0.00,0,13.62,0,1.27,0,1.27,0,13.03,24,42.77,0,10.14,31,12.86,0,13.04
100.0,46.5,0.00,0.00,0,13.62,0,1.27,0,1.27,0,13.03,0,42.77,38,12.75,32,12.86,0,13.04
99.9,46.8,0.00,0.00,0,13.62,0,1.27,0,1.27,0,13.03,22,42.77,47,12.75,47,12.86,0,13.04
100.0,47.1,0.00,0.00,0,13.62,0,1.27,0,1.27,35,13.03,0,42.77,33,12.75,37,12.86,0,13.04
100.0,47.3,0.00,0.00,0,13.62,0,1.27,0,1.27,5,13.03,0,42.77,37,12.75,55,12.86,6,13.04
100.0,47.3,0.00,0.00,0,13.62,0,1.27,0,1.27,28,13.03,0,42.77,35,12.75,0,12.86,24,13.04
100.0,46.9,0.00,0.00,0,13.62,0,1.27,0,1.27,24,13.03,30,42.77,46,12.75,0,12.86,19,13.04
100.0,47.1,0.00,0.00,0,13.62,0,1.27,0,1.27,25,13.03,0,42.77,44,12.75,0,12.86,39,13.04
100.0,47.1,0.00,0.00,0,13.62,0,1.27,0,1.27,0,13.03,0,42.77,36,12.75,0,12.86,0,13.04
100.0,46.4,0.00,0.00,0,13.62,0,1.27,0,1.27,0,13.03,0,42.77,59,12.75,37,12.86,0,13.04
100.0,46.7,0.00,0.00,0,13.62,0,1.27,0,1.27,1,13.03,0,42.77,54,12.75,46,12.86,0,13.04
100.0,47.1,0.00,0.00,0,13.62,0,1.27,0,1.27,0,13.03,0,42.77,42,12.75,39,12.86,1,13.04
99.8,47.3,0.00,0.00,0,13.62,0,1.27,0,1.27,27,13.03,0,42.77,40,12.75,27,12.86,23,13.04
100.0,47.1,0.00,0.00,0,13.62,0,1.27,0,1.27,24,13.03,2,42.77,26,12.75,0,12.86,8,13.04
100.0,46.9,0.00,0.00,0,13.62,0,1.27,0,1.27,34,13.03,0,42.77,0,12.75,0,12.86,27,13.04
100.0,41.7,0.00,0.00,0,13.62,0,1.27,0,1.27,20,13.03,0,42.77,0,12.75,0,12.86,25,13.04
100.0,42.8,0.00,0.00,0,13.62,0,1.27,0,1.27,0,13.03,0,42.77,0,12.75,0,12.86,0,13.04
100.0,39.9,0.00,0.00,0,13.62,0,1.27,0,1.27,0,13.03,0,42.77,0,12.75,22,12.86,0,13.04
100.0,41.1,0.00,0.00,0,13.62,0,1.27,0,1.27,0,13.03,0,42.77,61,12.75,31,12.86,0,13.04
100.0,42.1,0.00,0.00,0,13.62,0,1.27,0,1.27,20,13.03,0,42.77,59,12.75,35,12.86,19,13.04
100.0,42.9,0.00,0.00,0,13.62,0,1.27,0,1.27,22,13.03,0,42.77,33,12.75,48,12.86,20,13.04
100.0,43.1,0.00,0.00,0,13.62,0,1.27,0,1.27,39,13.03,0,42.77,49,12.75,0,12.86,20,13.04
99.9,43.6,0.00,0.00,0,13.62,0,1.27,0,1.27,30,13.03,0,42.77,42,12.75,0,12.86,24,13.04
100.0,44.0,0.00,0.00,0,13.62,0,1.27,0,1.27,0,13.03,40,42.77,38,12.75,0,12.86,0,13.04
100.0,43.3,0.00,0.00,0,13.62,0,1.27,0,1.27,0,13.03,0,42.77,34,12.75,1,12.86,0,13.04
100.0,43.7,0.00,0.00,0,13.62,0,1.27,0,1.27,0,13.03,16,42.77,40,12.75,24,12.86,0,13.04
100.0,46.4,0.00,0.00,0,13.62,0,1.27,0,1.27,0,13.03,4,42.77,35,12.75,45,12.86,0,13.04
100.0,48.1,0.00,0.00,0,13.62,0,1.27,0,1.27,33,13.03,0,42.77,39,12.75,32,12.86,20,13.04
100.0,48.3,0.00,0.00,0,13.62,0,1.27,0,1.27,34,13.03,35,42.77,49,12.75,60,12.86,26,13.04
100.0,48.2,0.00,0.00,0,13.62,0,1.27,0,1.27,10,13.03,0,42.77,32,12.75,35,12.86,27,13.04
100.0,48.0,0.00,0.00,0,13.62,0,1.27,0,1.27,23,13.03,0,42.77,38,12.75,0,12.86,28,13.04
100.0,48.7,0.00,0.00,0,13.62,0,1.27,0,1.27,24,13.03,40,42.77,54,12.75,0,12.86,20,13.04
100.0,46.7,0.00,0.00,0,13.62,0,1.27,0,1.27,0,1.27,39,42.77,0,1.27,0,12.86,0,13.04
100.0,44.2,0.00,0.00,0,13.62,0,1.27,0,1.27,0,1.27,0,42.77,0,1.27,54,12.86,0,13.04
100.0,44.7,0.00,0.00,0,13.62,0,1.27,0,1.27,0,1.27,8,42.77,0,1.27,39,12.86,0,13.04
100.0,45.1,0.00,0.00,0,13.62,0,1.27,0,1.27,0,1.27,0,42.77,1,4.44,54,12.86,27,13.04
100.0,46.1,0.00,0.00,0,13.62,0,1.27,0,1.27,0,1.27,0,42.77,6,9.38,38,12.86,19,13.04
100.0,46.8,0.00,0.00,0,13.62,0,1.27,0,1.27,1,5.27,2,42.77,9,9.38,34,12.86,19,13.04
100.0,47.7,0.00,0.00,0,13.62,0,1.27,0,1.27,0,13.77,0,42.77,10,9.38,0,1.27,23,13.04
100.0,45.8,0.00,0.00,0,13.62,0,1.27,0,1.27,50,13.77,0,42.77,15,9.38,0,1.27,9,13.04
100.0,45.9,0.00,0.00,0,13.62,0,1.27,0,1.27,30,13.77,17,42.77,12,9.38,0,1.27,0,13.04
98.5,45.4,0.00,0.00,0,13.62,0,1.27,0,1.27,37,13.77,0,42.77,10,9.38,3,4.07,0,13.04
100.0,46.4,0.00,0.00,0,13.62,0,1.27,0,1.27,79,13.77,0,42.77,5,9.38,1,8.67,0,13.04
100.0,48.4,0.00,0.00,0,13.62,0,1.27,0,1.27,69,13.77,0,42.77,24,9.38,0,10.14,21,13.04
100.0,49.0,0.00,0.00,0,13.62,0,1.27,0,1.27,46,13.77,1,42.77,16,9.38,0,10.14,20,13.04
100.0,49.3,0.00,0.00,0,13.62,0,1.27,0,1.27,21,13.77,0,42.77,12,9.38,0,10.14,30,13.04
99.1,49.4,0.00,0.00,0,13.62,0,1.27,0,1.27,34,13.77,0,42.77,8,9.38,38,12.87,28,13.04
100.0,49.5,0.00,0.00,0,13.62,0,1.27,0,1.27,54,13.77,0,42.77,8,9.38,31,12.87,0,13.04
100.0,48.9,0.00,0.00,0,13.62,0,1.27,0,1.27,25,13.77,0,42.77,6,9.38,32,12.87,0,13.04
100.0,49.0,0.00,0.00,0,13.62,0,1.27,0,1.27,31,13.77,0,42.77,13,9.38,33,12.87,0,13.04
100.0,49.2,0.00,0.00,0,13.62,0,1.27,0,1.27,74,13.77,0,42.77,21,9.38,35,12.87,0,13.04
100.0,49.5,0.00,0.00,0,13.62,0,1.27,0,1.27,46,13.77,0,42.77,5,9.38,0,12.87,28,13.04
100.0,49.0,0.00,0.00,0,13.62,0,1.27,0,1.27,80,13.77,0,42.77,9,9.38,0,12.87,25,13.04
100.0,49.1,0.00,0.00,0,13.62,0,1.27,0,1.27,47,13.77,0,42.77,21,9.38,0,12.87,21,13.04
100.0,49.3,0.00,0.00,0,13.62,0,1.27,0,1.27,30,13.77,30,42.77,14,9.38,0,12.87,20,13.04
100.0,49.5,0.00,0.00,0,13.62,0,1.27,0,1.27,73,13.77,0,42.77,8,9.38,0,12.87,19,13.04
100.0,49.5,0.00,0.00,0,13.62,0,1.27,0,1.27,59,13.77,0,42.77,7,9.38,31,12.87,0,13.04
100.0,49.1,0.00,0.00,0,13.62,0,1.27,0,1.27,32,13.77,0,42.77,12,9.38,46,12.87,0,13.04
100.0,46.7,0.00,0.00,0,13.62,0,1.27,0,1.27,44,13.77,23,42.77,5,9.38,40,12.87,0,13.04
100.0,43.1,0.00,0.00,0,13.62,0,1.27,0,1.27,82,13.77,13,42.77,10,9.38,53,12.87,43,13.04
100.0,41.0,0.00,0.00,0,13.62,0,1.27,0,1.27,70,13.77,0,42.77,9,9.38,0,12.87,33,13.04
99.0,41.1,0.00,0.00,0,13.62,0,1.27,0,1.27,38,13.77,9,42.77,6,9.38,0,12.87,31,13.04
100.0,41.7,0.00,0.00,0,13.62,0,1.27,0,1.27,55,13.77,0,42.77,18,9.38,0,12.87,20,13.04
100.0,42.1,0.00,0.00,0,13.62,0,1.27,0,1.27,65,13.77,0,42.77,27,9.38,45,12.87,23,13.04
100.0,42.1,0.00,0.00,0,13.62,0,1.27,0,1.27,65,13.77,0,42.77,9,9.38,47,12.87,0,1.27
100.0,38.4,0.00,0.00,0,13.62,0,1.27,0,1.27,0,13.7,4,42.77,10,9.38,31,12.87,0,1.27
100.0,29.1,0.00,0.00,0,13.62,0,1.27,0,1.27,0,1.27,0,42.77,14,9.38,55,12.87,0,1.27
100.0,30.1,0.00,0.00,0,13.62,0,1.27,0,1.27,0,1.27,0,42.77,11,9.38,44,12.87,0,1.27
100.0,31.2,0.00,0.00,0,13.62,0,1.27,0,1.27,0,1.27,16,42.77,9,9.38,0,12.87,0,1.27
100.0,25.9,0.00,0.00,0,13.62,0,1.27,0,1.27,1,2.71,42,42.77,11,9.38,0,12.87,1,4.91
100.0,30.6,0.00,0.00,0,13.62,0,1.27,0,1.27,0,6.41,0,42.77,14,9.38,0,12.87,0,8.06
100.0,31.1,0.00,0.00,0,13.62,0,1.27,0,1.27,0,10.14,0,42.77,13,9.38,0,12.87,40,10.98
100.0,32.1,0.00,0.00,0,13.62,0,1.27,0,1.27,0,10.14,1,42.77,6,9.38,44,12.87,47,10.98
100.0,32.8,0.00,0.00,0,13.62,0,1.27,0,1.27,0,10.14,14,42.77,13,9.38,49,12.87,47,10.98
100.0,34.0,0.00,0.00,0,13.62,0,1.27,0,1.27,0,10.14,32,42.77,11,9.38,40,12.87,38,10.98
100.0,34.7,0.00,0.00,0,13.62,0,1.27,0,1.27,39,12.87,0,42.77,9,9.38,31,12.87,27,10.98
100.0,36.5,0.00,0.00,0,13.62,0,1.27,0,1.27,36,12.87,0,42.77,15,9.38,45,12.87,23,10.98
100.0,36.4,0.00,0.00,0,13.62,0,1.27,0,1.27,47,12.87,0,42.77,18,9.38,0,1.27,42,10.98
100.0,34.9,0.00,0.00,0,13.62,0,1.27,0,1.27,39,12.87,0,42.77,17,9.38,0,1.27,38,10.98
100.0,33.6,0.00,0.00,0,13.62,0,1.27,0,1.27,38,12.87,14,42.77,24,9.38,0,1.27,55,10.98
100.0,32.4,0.00,0.00,0,13.62,0,1.27,0,1.27,0,12.87,0,42.77,12,9.38,1,3.9,29,10.98
100.0,34.1,0.00,0.00,0,13.62,0,1.27,0,1.27,0,12.87,0,42.77,10,9.38,1,6.81,28,10.98
100.0,35.4,0.00,0.00,0,13.62,0,1.27,0,1.27,0,12.87,0,42.77,11,9.38,0,10.14,37,10.98
100.0,35.9,0.00,0.00,0,13.62,0,1.27,0,1.27,0,12.87,0,42.77,12,9.38,0,10.14,41,10.98
99.1,36.3,0.00,0.00,0,13.62,0,1.27,0,1.27,39,12.87,4,42.77,10,9.38,0,10.14,42,10.98
100.0,36.8,0.00,0.00,0,13.62,0,1.27,0,1.27,44,12.87,4,42.77,10,9.38,0,10.14,30,10.98
100.0,37.8,0.00,0.00,0,13.62,0,1.27,0,1.27,47,12.87,0,42.77,13,9.38,44,12.75,33,10.98
100.0,37.7,0.00,0.00,0,13.62,0,1.27,0,1.27,47,12.87,0,42.77,13,9.38,43,12.75,31,10.98
100.0,37.8,0.00,0.00,0,13.62,0,1.27,0,1.27,0,12.87,0,42.77,8,9.38,27,12.75,25,10.98
100.0,35.8,0.00,0.00,0,13.62,0,1.27,0,1.27,0,12.87,0,42.77,8,9.38,43,12.75,48,10.98
100.0,35.5,0.00,0.00,0,13.62,0,1.27,0,1.27,0,12.87,11,42.77,0,1.27,50,12.75,31,10.98
100.0,35.0,0.00,0.00,0,13.62,0,1.27,0,1.27,0,12.87,0,42.77,0,1.27,43,12.75,40,10.98
100.0,36.1,0.00,0.00,0,13.62,0,1.27,0,1.27,60,12.87,0,42.77,1,2.53,42,12.75,28,10.98
100.0,36.8,0.00,0.00,0,13.62,0,1.27,0,1.27,27,12.87,0,42.77,0,5.66,44,12.75,49,10.98
99.5,37.6,0.00,0.00,0,13.62,0,1.27,0,1.27,32,12.87,0,42.77,0,10.14,44,12.75,46,10.98
100.0,38.2,0.00,0.00,0,13.62,0,1.27,0,1.27,17,12.87,0,42.77,0,10.14,64,12.75,45,10.98
100.0,38.6,0.00,0.00,0,13.62,0,1.27,0,1.27,38,12.87,0,42.77,0,10.14,54,12.75,48,10.98
100.0,38.3,0.00,0.00,0,13.62,0,1.27,0,1.27,0,12.87,8,42.77,0,12.87,47,12.75,26,10.98
100.0,38.9,0.00,0.00,0,13.62,0,1.27,0,1.27,0,12.87,8,42.77,30,12.87,37,12.75,46,10.98
100.0,40.3,0.00,0.00,0,13.62,0,1.27,0,1.27,0,12.87,35,42.77,36,12.87,0,12.75,24,10.98
100.0,40.0,0.00,0.00,0,13.62,0,1.27,0,1.27,0,12.87,0,42.77,32,12.87,0,12.75,43,10.98
99.0,40.2,0.00,0.00,0,13.62,0,1.27,0,1.27,29,12.87,0,42.77,25,12.87,0,12.75,33,10.98
100.0,40.2,0.00,0.00,0,13.62,0,1.27,0,1.27,36,12.87,24,42.77,0,12.87,0,12.75,41,10.98
100.0,37.5,0.00,0.00,0,13.62,0,1.27,0,1.27,37,12.87,0,42.77,0,12.87,46,12.75,36,10.98
100.0,38.7,0.00,0.00,0,13.62,0,1.27,0,1.27,33,12.87,0,42.77,0,12.87,40,12.75,33,10.98
100.0,39.7,0.00,0.00,0,13.62,0,1.27,0,1.27,0,12.87,0,42.77,0,12.87,43,12.75,0,10.9
100.0,38.3,0.00,0.00,0,13.62,0,1.27,0,1.27,0,12.87,0,42.77,46,12.87,43,12.75,0,1.27
99.5,38.2,0.00,0.00,0,13.62,0,1.27,0,1.27,0,12.87,0,42.77,48,12.87,35,12.75,0,1.27
100.0,38.7,0.00,0.00,0,13.62,0,1.27,0,1.27,0,12.87,0,42.77,51,12.87,42,12.75,0,1.27
100.0,38.7,0.00,0.00,0,13.62,0,1.27,0,1.27,49,12.87,16,42.77,35,12.87,37,12.75,0,1.27
100.0,38.9,0.00,0.00,0,13.62,0,1.27,0,1.27,31,12.87,8,42.77,0,12.87,42,12.75,0,1.27
100.0,38.4,0.00,0.00,0,13.62,0,1.27,0,1.27,31,12.87,0,42.77,0,12.87,51,12.75,0,1.27
99.9,38.5,0.00,0.00,0,13.62,0,1.27,0,1.27,52,12.87,0,42.77,0,12.87,50,12.75,0,1.27
100.0,38.8,0.00,0.00,0,13.62,0,1.27,0,1.27,0,12.87,0,42.77,0,12.87,42,12.75,0,1.27
100.0,38.5,0.00,0.00,0,13.62,0,1.27,0,1.27,0,12.87,0,42.77,36,12.87,36,12.75,0,1.27
100.0,37.0,0.00,0.00,0,13.62,0,1.27,0,1.27,1,12.87,0,42.77,48,12.87,26,12.75,0,1.27
100.0,36.6,0.00,0.00,0,13.62,0,1.27,0,1.27,0,12.87,0,42.77,31,12.87,0,12.75,0,1.27
100.0,36.5,0.00,0.00,0,13.62,0,1.27,0,1.27,31,12.87,0,42.77,47,12.87,1,1.27,0,1.27
100.0,36.3,0.00,0.00,0,13.62,0,1.27,0,1.27,50,12.87,36,42.77,46,12.87,0,1.27,0,1.27
100.0,36.0,0.00,0.00,0,13.62,0,1.27,0,1.27,32,12.87,0,42.77,0,1.27,0,1.27,0,1.27
100.0,34.7,0.00,0.00,0,13.62,0,1.27,0,1.27,58,12.87,0,42.77,0,1.27,0,1.27,2,2.76
100.0,35.6,0.00,0.00,0,13.62,0,1.27,0,1.27,0,12.87,40,42.77,0,1.27,3,6.06,4,6.47
100.0,37.1,0.00,0.00,0,13.62,0,1.27,0,1.27,0,12.87,0,42.77,0,1.27,0,10.77,0,10.77
100.0,38.2,0.00,0.00,0,13.62,0,1.27,0,1.27,0,12.87,0,42.77,0,1.27,0,10.77,0,10.77
100.0,38.9,0.00,0.00,0,13.62,0,1.27,0,1.27,0,12.87,0,42.77,0,1.27,0,10.77,0,10.77
100.0,39.7,0.00,0.00,0,13.62,0,1.27,0,1.27,53,12.87,0,42.77,0,1.27,0,10.77,0,10.77
100.0,40.3,0.00,0.00,0,13.62,0,1.27,0,1.27,32,12.87,6,42.77,0,1.27,81,12.94,61,12.95
100.0,40.7,0.00,0.00,0,13.62,0,1.27,0,1.27,16,12.87,5,42.77,0,1.27,97,12.94,78,12.95
100.0,41.8,0.00,0.00,0,13.62,0,1.27,0,1.27,38,12.87,0,42.77,0,1.27,52,12.94,75,12.95
100.0,41.9,0.00,0.00,0,13.62,0,1.27,0,1.27,39,12.87,0,42.77,0,1.27,62,12.95,0,12.95
100.0,41.7,0.00,0.00,0,13.62,0,1.27,0,1.27,0,12.87,0,42.77,1,2.77,0,12.95,0,12.95
99.9,41.4,0.00,0.00,0,13.62,0,1.27,0,1.27,0,12.87,0,42.77,0,6.8,0,12.95,0,12.95
100.0,41.2,0.00,0.00,0,13.62,0,1.27,0,1.27,0,12.87,0,42.77,45,16.52,0,12.95,0,12.95
100.0,42.8,0.00,0.00,0,13.62,0,1.27,0,1.27,0,12.87,24,42.77,49,16.52,77,12.95,77,12.95
100.0,44.1,0.00,0.00,0,13.62,0,1.27,0,1.27,39,12.87,0,42.77,41,16.52,83,12.95,80,12.95
100.0,45.1,0.00,0.00,0,13.62,0,1.27,0,1.27,23,12.87,0,42.77,40,16.52,67,12.95,68,12.95
100.0,45.2,0.00,0.00,0,13.62,0,1.27,0,1.27,33,12.87,0,42.77,50,16.52,0,12.95,0,12.95
100.0,44.1,0.00,0.00,0,13.62,0,1.27,0,1.27,40,12.87,0,42.77,55,16.52,0,12.95,0,12.95
100.0,45.0,0.00,0.00,0,13.62,0,1.27,0,1.27,55,12.87,8,42.77,86,16.52,0,12.95,0,12.95
99.8,44.4,0.00,0.00,0,13.62,0,1.27,0,1.27,0,1.27,0,42.77,78,16.52,0,12.95,100,12.95
100.0,43.7,0.00,0.00,0,13.62,0,1.27,0,1.27,0,1.27,3,42.77,50,16.52,98,12.95,88,12.95
97.2,43.9,0.00,0.00,0,13.62,0,1.27,0,1.27,1,2.99,0,42.77,42,16.52,86,12.95,95,12.95
100.0,44.7,0.00,0.00,0,13.62,0,1.27,0,1.27,2,7.83,0,42.77,68,16.52,88,12.95,84,12.95
100.0,45.8,0.00,0.00,0,13.62,0,1.27,0,1.27,18,9.38,0,42.77,26,16.52,0,12.95,0,12.95
100.0,44.9,0.00,0.00,0,13.62,0,1.27,0,1.27,25,9.38,57,42.77,82,16.52,0,12.95,0,12.95
100.0,45.4,0.00,0.00,0,13.62,0,1.27,0,1.27,11,9.38,4,42.77,52,16.52,0,12.95,0,12.95
100.0,45.6,0.00,0.00,0,13.62,0,1.27,0,1.27,11,9.38,0,42.77,76,16.52,0,12.95,100,12.95
100.0,45.9,0.00,0.00,0,13.62,0,1.27,0,1.27,17,9.38,0,42.77,42,16.52,65,12.95,74,12.95
100.0,45.9,0.00,0.00,0,13.62,0,1.27,0,1.27,23,9.38,0,42.77,54,16.52,80,12.95,75,12.95
100.0,45.9,0.00,0.00,0,13.62,0,1.27,0,1.27,10,9.38,10,42.77,57,16.52,81,12.95,0,12.95
100.0,46.0,0.00,0.00,0,13.62,0,1.27,0,1.27,10,9.38,0,42.77,35,16.52,0,12.95,0,12.95
100.0,45.0,0.00,0.00,0,13.62,0,1.27,0,1.27,10,9.38,0,42.77,72,16.52,0,12.95,0,12.95
100.0,41.9,0.00,0.00,0,13.62,0,1.27,0,1.27,13,9.38,0,42.77,53,16.52,0,12.95,0,12.95
100.0,43.0,0.00,0.00,0,13.62,0,1.27,0,1.27,24,9.38,8,42.77,45,16.52,90,12.95,81,12.95
100.0,43.7,0.00,0.00,0,13.62,0,1.27,0,1.27,16,9.38,0,42.77,0,1.27,97,12.95,81,12.95
100.0,41.3,0.00,0.00,0,13.62,0,1.27,0,1.27,10,9.38,0,42.77,0,1.27,81,12.95,90,12.95
100.0,41.5,0.00,0.00,0,13.62,0,1.27,0,1.27,9,9.38,0,42.77,0,1.27,0,12.95,0,12.95
100.0,40.5,0.00,0.00,0,13.62,0,1.27,0,1.27,10,9.38,8,42.77,1,4.95,0,1.27,0,1.27
100.0,38.6,0.00,0.00,0,13.62,0,1.27,0,1.27,0,9.31,21,42.77,0,10.14,0,1.27,0,1.27
99.9,38.2,0.00,0.00,0,13.62,0,1.27,0,1.27,0,1.27,0,42.77,0,10.14,0,2.58,2,4.34
100.0,39.4,0.00,0.00,0,13.62,0,1.27,0,1.27,0,1.27,40,42.77,0,10.14,1,5.61,2,7.56
99.5,41.0,0.00,0.00,0,13.62,0,1.27,0,1.27,0,1.27,0,42.77,0,10.14,0,9.87,10,9.39
98.5,41.8,0.00,0.00,0,13.62,0,1.27,0,1.27,1,3.84,0,42.77,34,12.87,0,9.87,12,9.39
100.0,43.0,0.00,0.00,0,13.62,0,1.27,0,1.27,1,7.81,51,42.77,50,12.87,0,9.87,11,9.39
100.0,44.0,0.00,0.00,0,13.62,0,1.27,0,1.27,58,13.77,0,42.77,57,12.87,1,12.73,17,9.39
100.0,44.4,0.00,0.00,0,13.62,0,1.27,0,1.27,34,13.77,6,42.77,44,12.87,39,12.73,10,9.39
100.0,44.4,0.00,0.00,0,13.62,0,1.27,0,1.27,70,13.77,0,42.77,0,12.87,30,12.73,12,9.39
100.0,43.9,0.00,0.00,0,13.62,0,1.27,0,1.27,53,13.77,0,42.77,0,12.87,54,12.73,11,9.39
100.0,44.1,0.00,0.00,0,13.62,0,1.27,0,1.27,83,13.77,0,42.77,0,12.87,55,12.73,10,9.39
100.0,44.2,0.00,0.00,0,13.62,0,1.27,0,1.27,48,13.77,0,42.77,0,12.87,42,12.73,15,9.39
100.0,43.3,0.00,0.00,0,13.62,0,1.27,0,1.27,53,13.77,4,42.77,44,12.87,24,12.73,13,9.39
100.0,34.7,0.00,0.00,0,13.62,0,1.27,0,1.27,33,13.77,0,42.77,40,12.87,38,12.73,7,9.39
100.0,35.7,0.00,0.00,0,13.62,0,1.27,0,1.27,45,13.77,0,42.77,25,12.87,44,12.73,11,9.39
100.0,38.0,0.00,0.00,0,13.62,0,1.27,0,1.27,49,13.77,0,42.77,31,12.87,43,12.73,18,9.39
100.0,31.9,0.00,0.00,0,13.62,0,1.27,0,1.27,43,13.77,0,42.77,0,12.87,27,12.73,6,9.39
100.0,32.0,0.00,0.00,0,13.62,0,1.27,0,1.27,45,13.77,0,42.77,0,12.87,36,12.73,10,9.39
100.0,30.2,0.00,0.00,0,13.62,0,1.27,0,1.27,56,13.77,0,42.77,1,12.87,45,12.73,14,9.39
100.0,28.9,0.00,0.00,0,13.62,0,1.27,0,1.27,39,13.77,0,42.77,0,12.87,31,12.73,13,9.39
99.9,29.8,0.00,0.00,0,13.62,0,1.27,0,1.27,26,13.77,0,42.77,32,12.87,40,12.73,7,9.39
100.0,30.7,0.00,0.00,0,13.62,0,1.27,0,1.27,32,13.77,0,42.77,57,12.87,56,12.73,14,9.39
100.0,29.9,0.00,0.00,0,13.62,0,1.27,0,1.27,0,1.27,0,42.77,39,12.87,51,12.73,13,9.39
100.0,30.5,0.00,0.00,0,13.62,0,1.27,0,1.27,0,1.27,0,42.77,49,12.87,35,12.73,16,9.39
100.0,31.7,0.00,0.00,0,13.62,0,1.27,0,1.27,0,1.27,5,42.77,0,12.87,45,12.73,23,9.39
100.0,32.1,0.00,0.00,0,13.62,0,1.27,0,1.27,1,3.69,17,42.77,0,12.87,50,12.73,22,9.39
100.0,34.0,0.00,0.00,0,13.62,0,1.27,0,1.27,1,7.85,8,42.77,0,12.87,27,12.73,9,9.39
100.0,34.8,0.00,0.00,0,13.62,0,1.27,0,1.27,0,10.14,0,42.77,0,12.87,41,12.73,5,9.39
100.0,35.6,0.00,0.00,0,13.62,0,1.27,0,1.27,0,10.14,14,42.77,38,12.87,45,12.73,12,9.39
100.0,35.8,0.00,0.00,0,13.62,0,1.27,0,1.27,0,10.14,20,42.77,29,12.87,42,12.73,0,1.27
100.0,34.5,0.00,0.00,0,13.62,0,1.27,0,1.27,19,13.01,0,42.77,27,12.87,48,12.73,0,1.27
100.0,33.1,0.00,0.00,0,13.62,0,1.27,0,1.27,12,13.01,26,42.77,46,12.87,52,12.73,0,1.27
100.0,33.1,0.00,0.00,0,13.62,0,1.27,0,1.27,20,13.01,16,42.77,0,12.87,0,12.73,0,5.34
100.0,32.9,0.00,0.00,0,13.62,0,1.27,0,1.27,20,13.01,0,42.77,0,1.27,0,12.73,4,9.33
100.0,34.3,0.00,0.00,0,13.62,0,1.27,0,1.27,30,13.03,0,42.77,0,1.27,0,12.73,4,9.39
100.0,34.4,0.00,0.00,0,13.62,0,1.27,0,1.27,0,13.03,0,42.77,0,1.27,0,12.73,13,9.39
100.0,34.8,0.00,0.00,0,13.62,0,1.27,0,1.27,0,13.03,0,42.77,0,1.32,41,12.73,12,9.39
100.0,35.4,0.00,0.00,0,13.62,0,1.27,0,1.27,0,13.03,0,42.77,1,7.25,36,12.73,3,9.39
99.7,36.4,0.00,0.00,0,13.62,0,1.27,0,1.27,0,13.03,0,42.77,0,9.87,43,12.73,9,9.39
100.0,36.5,0.00,0.00,0,13.62,0,1.27,0,1.27,35,13.03,0,42.77,0,9.87,51,12.73,11,9.39
100.0,37.1,0.00,0.00,0,13.62,0,1.27,0,1.27,22,13.03,7,42.77,0,9.87,27,12.73,6,9.39
100.0,37.3,0.00,0.00,0,13.62,0,1.27,0,1.27,30,13.03,0,42.77,0,9.87,30,12.73,10,9.39
100.0,37.5,0.00,0.00,0,13.62,0,1.27,0,1.27,5,13.03,0,42.77,33,12.95,28,12.73,11,9.39
100.0,35.0,0.00,0.00,0,13.62,0,1.27,0,1.27,0,13.03,20,42.77,19,12.95,30,12.73,19,9.39
100.0,35.7,0.00,0.00,0,13.62,0,1.27,0,1.27,0,13.03,0,42.77,19,12.95,64,12.73,8,9.39
99.9,36.6,0.00,0.00,0,13.62,0,1.27,0,1.27,0,13.03,40,42.77,19,12.95,46,12.73,11,9.39
100.0,36.4,0.00,0.00,0,13.62,0,1.27,0,1.27,29,13.03,0,42.77,0,12.97,39,12.73,7,9.39
100.0,37.8,0.00,0.00,0,13.62,0,1.27,0,1.27,25,13.03,7,42.77,0,12.97,40,12.73,6,9.39
100.0,38.5,0.00,0.00,0,13.62,0,1.27,0,1.27,20,13.03,0,42.77,0,12.97,39,12.73,4,9.39
100.0,39.0,0.00,0.00,0,13.62,0,1.27,0,1.27,19,13.03,0,42.77,34,12.97,48,12.73,23,9.39
100.0,38.6,0.00,0.00,0,13.62,0,1.27,0,1.27,0,13.03,0,42.77,23,12.97,67,12.73,12,9.39
100.0,38.8,0.00,0.00,0,13.62,0,1.27,0,1.27,0,13.03,0,42.77,19,12.97,42,12.73,3,9.39
100.0,39.0,0.00,0.00,0,13.62,0,1.27,0,1.27,0,13.03,18,42.77,36,12.97,46,12.73,10,9.39
100.0,37.0,0.00,0.00,0,13.62,0,1.27,0,1.27,0,13.03,0,42.77,0,12.97,29,12.73,21,9.39
100.0,37.3,0.00,0.00,0,13.62,0,1.27,0,1.27,36,13.03,12,42.77,0,12.97,31,12.73,9,9.39
100.0,39.1,0.00,0.00,0,13.62,0,1.27,0,1.27,20,13.03,0,42.77,0,12.97,39,12.73,11,9.39
100.0,39.7,0.00,0.00,0,13.62,0,1.27,0,1.27,4,13.03,0,42.77,0,12.97,39,12.73,21,9.39
100.0,40.6,0.00,0.00,0,13.62,0,1.27,0,1.27,0,13.03,0,42.77,39,12.97,65,12.73,16,9.39
100.0,40.2,0.00,0.00,0,13.62,0,1.27,0,1.27,0,13.03,0,42.77,31,12.97,42,12.73,10,9.39
100.0,40.5,0.00,0.00,0,13.62,0,1.27,0,1.27,0,13.03,0,42.77,32,12.97,45,12.73,24,9.39
100.0,40.7,0.00,0.00,0,13.62,0,1.27,0,1.27,0,13.03,15,42.77,33,12.97,0,12.73,14,9.39
100.0,40.6,0.00,0.00,0,13.62,0,1.27,0,1.27,29,13.03,24,42.77,0,12.97,0,1.27,12,9.39
100.0,38.7,0.00,0.00,0,13.62,0,1.27,0,1.27,33,13.03,0,42.77,0,12.97,0,1.27,11,9.39
100.0,39.1,0.00,0.00,0,13.62,0,1.27,0,1.27,19,13.03,0,42.77,0,12.97,0,1.27,7,9.39
100.0,39.2,0.00,0.00,0,13.62,0,1.27,0,1.27,38,13.03,8,42.77,0,12.97,1,3.09,9,9.39
100.0,39.4,0.00,0.00,0,13.62,0,1.27,0,1.27,0,13.03,3,42.77,44,12.97,1,7.65,9,9.39
100.0,40.4,0.00,0.00,0,13.62,0,1.27,0,1.27,0,13.03,0,42.77,37,12.97,0,10.14,12,9.39
100.0,40.7,0.00,0.00,0,13.62,0,1.27,0,1.27,0,13.03,0,42.77,22,12.97,0,10.14,15,9.39
99.9,41.9,0.00,0.00,0,13.62,0,1.27,0,1.27,33,13.03,22,42.77,15,12.97,0,10.14,8,9.39
100.0,41.6,0.00,0.00,0,13.62,0,1.27,0,1.27,19,13.03,0,42.77,0,12.97,19,13.01,10,9.39
100.0,41.9,0.00,0.00,0,13.62,0,1.27,0,1.27,25,13.03,0,42.77,0,12.97,29,13.01,9,9.39
100.0,42.0,0.00,0.00,0,13.62,0,1.27,0,1.27,18,13.03,26,42.77,0,12.97,28,13.01,7,9.39
100.0,42.2,0.00,0.00,0,13.62,0,1.27,0,1.27,0,12.97,18,42.77,0,12.97,34,13.01,13,9.39
100.0,38.3,0.00,0.00,0,13.62,0,1.27,0,1.27,0,1.27,46,42.77,19,12.97,0,13.03,23,9.39
100.0,37.0,0.00,0.00,0,13.62,0,1.27,0,1.27,0,1.27,9,42.77,32,12.97,0,13.03,10,9.39
100.0,37.1,0.00,0.00,0,13.62,0,1.27,0,1.27,1,3.81,0,42.77,19,12.97,0,13.03,13,9.39
100.0,39.4,0.00,0.00,0,13.62,0,1.27,0,1.27,1,7.63,2,42.77,15,12.97,0,13.03,10,9.39
100.0,39.5,0.00,0.00,0,13.62,0,1.27,0,1.27,0,10.14,0,42.77,0,12.97,19,13.03,18,9.39
100.0,40.8,0.00,0.00,0,13.62,0,1.27,0,1.27,0,10.14,2,42.77,0,12.97,47,13.03,21,9.39
99.8,43.0,0.00,0.00,0,13.62,0,1.27,0,1.27,0,10.14,0,42.77,0,12.97,32,13.03,12,9.39
100.0,44.2,0.00,0.00,0,13.62,0,1.27,0,1.27,46,12.87,0,42.77,19,12.97,28,13.03,13,9.39
98.0,44.2,0.00,0.00,0,13.62,0,1.27,0,1.27,38,12.87,0,42.77,39,12.97,0,13.03,14,9.39
100.0,43.8,0.00,0.00,0,13.62,0,1.27,0,1.27,41,12.87,0,42.77,31,12.97,0,13.03,10,9.39
100.0,44.0,0.00,0.00,0,13.62,0,1.27,0,1.27,46,12.87,0,42.77,20,12.97,0,13.03,12,9.39
100.0,44.3,0.00,0.00,0,13.62,0,1.27,0,1.27,0,12.87,14,42.77,0,12.97,0,13.03,13,9.39
100.0,44.2,0.00,0.00,0,13.62,0,1.27,0,1.27,0,12.87,45,42.77,0,12.97,19,13.03,13,9.39
100.0,44.6,0.00,0.00,0,13.62,0,1.27,0,1.27,0,12.87,0,42.77,0,12.97,37,13.03,10,9.39
100.0,45.0,0.00,0.00,0,13.62,0,1.27,0,1.27,0,12.87,23,42.77,0,12.97,37,13.03,16,9.39
100.0,45.2,0.00,0.00,0,13.62,0,1.27,0,1.27,34,12.87,0,42.77,26,12.97,24,13.03,11,9.39
100.0,45.2,0.00,0.00,0,13.62,0,1.27,0,1.27,31,12.87,40,42.77,19,12.97,0,13.03,9,9.39
100.0,44.6,0.00,0.00,0,13.62,0,1.27,0,1.27,20,12.87,0,42.77,20,12.97,0,13.03,5,9.39
100.0,44.8,0.00,0.00,0,13.62,0,1.27,0,1.27,31,12.87,0,42.77,29,12.97,0,13.03,12,9.39
100.0,41.2,0.00,0.00,0,13.62,0,1.27,0,1.27,25,12.87,0,42.77,0,12.97,0,13.03,21,9.39
100.0,41.4,0.00,0.00,0,13.62,0,1.27,0,1.27,0,12.87,2,42.77,0,12.97,0,13.03,4,9.39
100.0,41.9,0.00,0.00,0,13.62,0,1.27,0,1.27,0,12.87,0,42.77,0,12.97,39,13.03,0,1.27
100.0,41.8,0.00,0.00,0,13.62,0,1.27,0,1.27,1,12.87,0,42.77,0,12.97,39,13.03,0,1.27
100.0,42.2,0.00,0.00,0,13.62,0,1.27,0,1.27,0,12.87,0,42.77,19,12.97,19,13.03,0,1.27
100.0,42.5,0.00,0.00,0,13.62,0,1.27,0,1.27,41,12.87,14,42.77,20,12.97,28,13.03,2,3.29
99.9,43.1,0.00,0.00,0,13.62,0,1.27,0,1.27,40,12.87,0,42.77,26,12.97,0,13.03,1,7.01
97.7,43.4,0.00,0.00,0,13.62,0,1.27,0,1.27,41,12.87,0,42.77,35,12.97,0,13.03,0,9.88
100.0,44.1,0.00,0.00,0,13.62,0,1.27,0,1.27,49,12.87,0,42.77,0,12.97,0,13.03,0,9.88
100.0,44.0,0.00,0.00,0,13.62,0,1.27,0,1.27,0,1.27,0,42.77,0,12.97,39,13.03,0,9.88
99.4,42.6,0.00,0.00,0,13.62,0,1.27,0,1.27,0,1.27,0,42.77,0,12.97,39,13.03,31,12.95
100.0,43.8,0.00,0.00,0,13.62,0,1.27,0,1.27,0,1.27,0,42.77,19,12.97,20,13.03,31,12.95
100.0,44.0,0.00,0.00,0,13.62,0,1.27,0,1.27,0,1.27,0,42.77,39,12.97,27,13.03,30,12.95
100.0,44.1,0.00,0.00,0,13.62,0,1.27,0,1.27,2,4.08,0,42.77,29,12.97,0,12.97,20,12.95
99.5,43.0,0.00,0.00,0,13.62,0,1.27,0,1.27,1,7.48,39,42.77,20,12.97,1,1.27,0,12.97
100.0,42.8,0.00,0.00,0,13.62,0,1.27,0,1.27,41,10.97,0,42.77,0,1.27,0,1.27,0,12.97
100.0,41.0,0.00,0.00,0,13.62,0,1.27,0,1.27,47,10.97,34,42.77,0,1.27,0,3.62,0,12.97
100.0,41.9,0.00,0.00,0,13.62,0,1.27,0,1.27,28,10.97,0,42.77,0,1.27,2,8.67,39,12.97
100.0,42.9,0.00,0.00,0,13.62,0,1.27,0,1.27,20,10.97,31,42.77,2,2.74,0,10.14,27,12.97
100.0,41.8,0.00,0.00,0,13.62,0,1.27,0,1.27,36,10.97,0,42.77,0,8.06,0,10.14,39,12.97
100.0,40.9,0.00,0.00,0,13.62,0,1.27,0,1.27,40,10.97,2,42.77,34,9.47,0,10.14,21,12.97
100.0,41.8,0.00,0.00,0,13.62,0,1.27,0,1.27,22,10.97,0,42.77,37,9.47,46,12.74,0,12.97
100.0,32.7,0.00,0.00,0,13.62,0,1.27,0,1.27,37,10.97,0,42.77,20,9.47,51,12.74,0,12.97
100.0,33.7,0.00,0.00,0,13.62,0,1.27,0,1.27,58,10.97,7,42.77,34,9.47,43,12.74,0,12.97
100.0,36.9,0.00,0.00,0,13.62,0,1.27,0,1.27,33,10.97,47,42.77,31,9.47,65,12.74,0,12.97
100.0,32.2,0.00,0.00,0,13.62,0,1.27,0,1.27,21,10.97,0,42.77,27,9.47,45,12.74,28,12.97
100.0,32.3,0.00,0.00,0,13.62,0,1.27,0,1.27,41,10.97,8,42.77,22,9.47,37,12.74,20,12.97
100.0,33.2,0.00,0.00,0,13.62,0,1.27,0,1.27,40,10.97,0,42.77,14,9.47,51,12.74,26,12.97
100.0,33.8,0.00,0.00,0,13.62,0,1.27,0,1.27,33,10.97,0,42.77,30,9.47,36,12.74,26,12.97
100.0,35.5,0.00,0.00,0,13.62,0,1.27,0,1.27,45,10.97,11,42.77,14,9.47,48,12.74,0,1.27
100.0,33.8,0.00,0.00,0,13.62,0,1.27,0,1.27,29,10.97,0,42.77,23,9.47,50,12.74,0,1.27
100.0,34.2,0.00,0.00,0,13.62,0,1.27,0,1.27,66,10.97,0,42.77,17,9.47,45,12.74,0,1.27
100.0,37.5,0.00,0.00,0,13.62,0,1.27,0,1.27,37,10.97,0,42.77,16,9.47,36,12.74,0,1.27
100.0,36.3,0.00,0.00,0,13.62,0,1.27,0,1.27,32,10.97,0,42.77,28,9.47,35,12.74,1,4.36
100.0,37.0,0.00,0.00,0,13.62,0,1.27,0,1.27,62,10.97,37,42.77,25,9.47,53,12.74,2,10.15
100.0,37.8,0.00,0.00,0,13.62,0,1.27,0,1.27,44,10.97,0,42.77,18,9.47,38,12.74,0,10.15
100.0,38.0,0.00,0.00,0,13.62,0,1.27,0,1.27,37,10.97,0,42.77,34,9.47,51,12.74,0,10.15
100.0,38.5,0.00,0.00,0,13.62,0,1.27,0,1.27,41,10.97,8,42.77,35,9.47,42,12.74,0,10.15
99.4,36.1,0.00,0.00,0,13.62,0,1.27,0,1.27,41,10.97,0,42.77,27,9.47,48,12.74,29,13.02
100.0,35.5,0.00,0.00,0,13.62,0,1.27,0,1.27,29,10.97,0,42.77,16,9.47,42,12.74,29,13.02
100.0,36.2,0.00,0.00,0,13.62,0,1.27,0,1.27,33,10.97,33,42.77,16,9.47,46,12.74,23,13.02
100.0,36.8,0.00,0.00,0,13.62,0,1.27,0,1.27,26,10.97,20,42.77,22,9.47,44,12.74,30,13.02
100.0,37.4,0.00,0.00,0,13.62,0,1.27,0,1.27,50,10.97,0,42.77,18,9.47,47,12.74,0,13.04
100.0,38.6,0.00,0.00,0,13.62,0,1.27,0,1.27,34,10.97,47,42.77,16,9.47,41,12.74,0,13.04
100.0,39.0,0.00,0.00,0,13.62,0,1.27,0,1.27,0,1.27,7,42.77,15,9.47,0,12.74,0,13.04
100.0,37.2,0.00,0.00,0,13.62,0,1.27,0,1.27,0,1.27,0,42.77,17,9.47,0,12.74,26,13.04
100.0,37.9,0.00,0.00,0,13.62,0,1.27,0,1.27,0,1.27,0,42.77,21,9.47,0,12.74,37,13.04
100.0,38.3,0.00,0.00,0,13.62,0,1.27,0,1.27,1,3.22,0,42.77,32,9.47,0,12.74,31,13.04
100.0,39.1,0.00,0.00,0,13.62,0,1.27,0,1.27,1,7.42,0,42.77,33,9.47,50,12.74,11,13.04
100.0,39.7,0.00,0.00,0,13.62,0,1.27,0,1.27,0,10.14,0,42.77,14,9.47,62,12.74,0,13.04
100.0,40.0,0.00,0.00,0,13.62,0,1.27,0,1.27,0,10.14,16,42.77,30,9.47,56,12.74,0,13.04
100.0,40.5,0.00,0.00,0,13.62,0,1.27,0,1.27,0,10.14,0,42.77,17,9.47,63,12.74,0,13.04
100.0,40.8,0.00,0.00,0,13.62,0,1.27,0,1.27,44,12.74,0,42.77,12,9.47,55,12.74,0,13.04
100.0,41.1,0.00,0.00,0,13.62,0,1.27,0,1.27,46,12.74,8,42.77,36,9.47,48,12.74,19,13.04
100.0,41.1,0.00,0.00,0,13.62,0,1.27,0,1.27,62,12.74,7,42.77,27,9.47,43,12.74,42,13.04
100.0,41.3,0.00,0.00,0,13.62,0,1.27,0,1.27,45,12.74,6,42.77,29,9.47,45,12.74,20,13.04
100.0,41.4,0.00,0.00,0,13.62,0,1.27,0,1.27,43,12.74,0,42.77,16,9.47,51,12.74,30,13.04
100.0,42.8,0.00,0.00,0,13.62,0,1.27,0,1.27,42,12.74,0,42.77,36,9.47,57,12.74,0,13.04
100.0,42.3,0.00,0.00,0,13.62,0,1.27,0,1.27,55,12.74,0,42.77,27,9.47,40,12.74,0,13.04
100.0,41.0,0.00,0.00,0,13.62,0,1.27,0,1.27,40,12.74,0,42.77,0,1.27,45,12.74,0,13.04
100.0,41.2,0.00,0.00,0,13.62,0,1.27,0,1.27,49,12.74,0,42.77,0,1.27,57,12.74,0,13.04
100.0,41.5,0.00,0.00,0,13.62,0,1.27,0,1.27,28,12.74,0,42.77,1,3.53,44,12.74,20,13.04
100.0,39.1,0.00,0.00,0,13.62,0,1.27,0,1.27,45,12.74,0,42.77,1,7.53,28,12.74,27,13.04
100.0,38.8,0.00,0.00,0,13.62,0,1.27,0,1.27,27,12.74,45,42.77,0,9.33,45,12.74,4,13.04
100.0,39.5,0.00,0.00,0,13.62,0,1.27,0,1.27,40,12.74,0,42.77,0,9.33,35,12.74,20,13.04
99.3,40.0,0.00,0.00,0,13.62,0,1.27,0,1.27,34,12.74,0,42.77,1,9.33,27,12.74,0,13.04
98.7,40.3,0.00,0.00,0,13.62,0,1.27,0,1.27,56,12.74,28,42.77,1,9.33,45,12.74,0,13.04
100.0,40.9,0.00,0.00,0,13.62,0,1.27,0,1.27,39,12.74,17,42.77,1,9.33,47,12.74,0,13.04
100.0,41.1,0.00,0.00,0,13.62,0,1.27,0,1.27,52,12.74,0,42.77,0,9.33,57,12.74,0,13.04
100.0,41.6,0.00,0.00,0,13.62,0,1.27,0,1.27,59,12.74,0,42.77,1,9.33,43,12.74,19,13.04
100.0,41.7,0.00,0.00,0,13.62,0,1.27,0,1.27,47,12.74,0,42.77,0,9.33,33,12.74,23,13.04
100.0,42.1,0.00,0.00,0,13.62,0,1.27,0,1.27,51,12.74,0,42.77,0,9.33,0,12.67,11,13.04
100.0,40.9,0.00,0.00,0,13.62,0,1.27,0,1.27,49,12.74,0,42.77,1,9.33,0,1.27,20,13.04
100.0,39.9,0.00,0.00,0,13.62,0,1.27,0,1.27,44,12.74,0,42.77,1,9.33,0,1.27,9,13.04
100.0,39.9,0.00,0.00,0,13.62,0,1.27,0,1.27,34,12.74,0,42.77,0,9.33,0,1.27,0,13.04
100.0,40.2,0.00,0.00,0,13.62,0,1.27,0,1.27,35,12.74,0,42.77,1,9.33,0,3.11,0,13.04
100.0,40.9,0.00,0.00,0,13.62,0,1.27,0,1.27,0,12.74,0,42.77,1,9.33,1,6.4,0,13.04
100.0,41.6,0.00,0.00,0,13.62,0,1.27,0,1.27,0,12.74,46,42.77,1,9.33,30,9.47,0,13.04
99.9,42.1,0.00,0.00,0,13.62,0,1.27,0,1.27,0,12.74,0,42.77,0,9.33,24,9.47,31,13.04
100.0,42.3,0.00,0.00,0,13.62,0,1.27,0,1.27,0,12.74,7,42.77,1,9.33,25,9.47,25,13.04
100.0,42.4,0.00,0.00,0,13.62,0,1.27,0,1.27,39,12.74,0,42.77,1,9.33,18,9.47,20,13.04
100.0,42.6,0.00,0.00,0,13.62,0,1.27,0,1.27,41,12.74,0,42.77,1,9.33,17,9.47,36,13.04
100.0,42.5,0.00,0.00,0,13.62,0,1.27,0,1.27,39,12.74,0,42.77,1,9.33,13,9.47,0,13.04
100.0,41.9,0.00,0.00,0,13.62,0,1.27,0,1.27,39,12.74,0,42.77,1,9.33,38,9.47,0,13.04
100.0,42.1,0.00,0.00,0,13.62,0,1.27,0,1.27,35,12.74,8,42.77,0,9.33,23,9.47,0,13.04
100.0,42.2,0.00,0.00,0,13.62,0,1.27,0,1.27,48,12.74,0,42.77,1,9.33,21,9.47,0,13.04
100.0,42.4,0.00,0.00,0,13.62,0,1.27,0,1.27,45,12.74,0,42.77,0,9.33,39,9.47,0,13.04
100.0,41.2,0.00,0.00,0,13.62,0,1.27,0,1.27,39,12.74,26,42.77,1,9.33,20,9.47,24,13.04
100.0,40.9,0.00,0.00,0,13.62,0,1.27,0,1.27,39,12.74,0,42.77,1,9.33,19,9.47,15,13.04
100.0,40.9,0.00,0.00,0,13.62,0,1.27,0,1.27,37,12.74,0,42.77,0,9.33,18,9.47,38,13.04
100.0,42.4,0.00,0.00,0,13.62,0,1.27,0,1.27,37,12.74,0,42.77,0,9.33,20,9.47,33,13.04
100.0,43.1,0.00,0.00,0,13.62,0,1.27,0,1.27,45,12.74,0,42.77,1,9.33,16,9.47,0,13.04
100.0,44.3,0.00,0.00,0,13.62,0,1.27,0,1.27,55,12.74,26,42.77,1,9.33,25,9.47,0,13.04
100.0,44.1,0.00,0.00,0,13.62,0,1.27,0,1.27,43,12.74,0,42.77,1,9.33,31,9.47,0,13.04
100.0,44.4,0.00,0.00,0,13.62,0,1.27,0,1.27,43,12.74,0,42.77,1,9.33,8,9.47,0,13.04
99.9,44.5,0.00,0.00,0,13.62,0,1.27,0,1.27,28,12.74,0,42.77,1,9.33,31,9.47,19,13.04
99.8,44.6,0.00,0.00,0,13.62,0,1.27,0,1.27,48,12.74,0,42.77,0,9.34,19,9.47,39,13.04
100.0,45.0,0.00,0.00,0,13.62,0,1.27,0,1.27,46,12.74,4,42.77,1,9.34,15,9.47,22,13.04
100.0,45.0,0.00,0.00,0,13.62,0,1.27,0,1.27,33,12.74,4,42.77,0,9.34,15,9.47,24,13.04
100.0,45.0,0.00,0.00,0,13.62,0,1.27,0,1.27,36,12.74,0,42.77,1,9.34,29,9.47,0,13.04
100.0,45.0,0.00,0.00,0,13.62,0,1.27,0,1.27,45,12.74,0,42.77,1,9.34,31,9.47,0,13.04
100.0,44.5,0.00,0.00,0,13.62,0,1.27,0,1.27,34,12.74,0,42.77,0,9.34,18,9.47,0,13.04
100.0,44.8,0.00,0.00,0,13.62,0,1.27,0,1.27,39,12.74,16,42.77,1,9.34,21,9.47,0,13.04
100.0,45.7,0.00,0.00,0,13.62,0,1.27,0,1.27,25,12.74,0,42.77,1,9.34,25,9.47,31,13.04
99.9,45.9,0.00,0.00,0,13.62,0,1.27,0,1.27,31,12.74,0,42.77,1,9.34,32,9.47,24,13.04
100.0,45.9,0.00,0.00,0,13.62,0,1.27,0,1.27,53,12.74,0,42.77,1,9.34,14,9.47,27,13.04
99.9,45.9,0.00,0.00,0,13.62,0,1.27,0,1.27,29,12.74,0,42.77,1,9.34,13,9.47,24,13.04
100.0,45.8,0.00,0.00,0,13.62,0,1.27,0,1.27,0,12.74,24,42.77,1,9.34,35,9.47,41,13.04
100.0,43.8,0.00,0.00,0,13.62,0,1.27,0,1.27,0,1.27,0,42.77,1,9.34,37,9.47,0,1.27
100.0,41.6,0.00,0.00,0,13.62,0,1.27,0,1.27,0,1.27,8,42.77,1,9.34,31,9.47,0,1.27
100.0,41.7,0.00,0.00,0,13.62,0,1.27,0,1.27,0,1.27,0,42.77,0,9.34,18,9.47,0,1.27
100.0,41.9,0.00,0.00,0,13.62,0,1.27,0,1.27,0,1.27,24,42.77,0,9.34,19,9.47,0,1.27
100.0,42.2,0.00,0.00,0,13.62,0,1.27,0,1.27,1,5.26,19,42.77,1,9.34,17,9.47,0,1.27
100.0,43.0,0.00,0.00,0,13.62,0,1.27,0,1.27,0,9.87,0,42.77,0,9.34,14,9.47,0,1.27
100.0,43.2,0.00,0.00,0,13.62,0,1.27,0,1.27,0,9.87,40,42.77,1,9.34,21,9.47,0,1.27
100.0,43.5,0.00,0.00,0,13.62,0,1.27,0,1.27,0,9.87,0,42.77,0,9.34,21,9.47,0,1.27
100.0,43.6,0.00,0.00,0,13.62,0,1.27,0,1.27,0,9.87,0,42.77,1,9.34,17,9.47,0,1.27
100.0,43.8,0.00,0.00,0,13.62,0,1.27,0,1.27,19,12.95,16,42.77,0,1.27,17,9.47,0,1.27
100.0,42.2,0.00,0.00,0,13.62,0,1.27,0,1.27,34,12.95,6,42.77,0,1.27,23,9.47,0,1.27
100.0,39.6,0.00,0.00,0,13.62,0,1.27,0,1.27,33,12.95,15,42.77,0,1.27,0,1.27,0,1.27
100.0,36.9,0.00,0.00,0,13.62,0,1.27,0,1.27,37,12.95,0,42.77,0,1.27,0,1.27,0,1.27
100.0,37.7,0.00,0.00,0,13.62,0,1.27,0,1.27,0,12.97,4,42.77,0,1.27,0,1.27,0,1.27
100.0,39.1,0.00,0.00,0,13.62,0,1.27,0,1.27,0,12.97,0,42.77,0,1.27,0,3.96,0,1.27
100.0,41.4,0.00,0.00,0,13.62,0,1.27,0,1.27,0,12.97,0,42.77,0,1.27,0,10.14,0,1.27
100.0,43.6,0.00,0.00,0,13.62,0,1.27,0,1.27,33,12.97,0,42.77,0,1.27,0,10.14,0,1.27
100.0,44.7,0.00,0.00,0,13.62,0,1.27,0,1.27,26,12.97,0,42.77,0,1.27,0,10.14,0,1.27
100.0,45.3,0.00,0.00,0,13.62,0,1.27,0,1.27,41,12.97,24,42.77,0,1.27,0,10.14,0,1.27
100.0,46.1,0.00,0.00,0,13.62,0,1.27,0,1.27,0,12.97,32,42.77,1,2.56,34,12.74,1,4.08
100.0,46.7,0.00,0.00,0,13.62,0,1.27,0,1.27,0,12.97,0,42.77,1,6.53,39,12.74,2,7.75
100.0,39.0,0.00,0.00,0,13.62,0,1.27,0,1.27,0,12.97,0,42.77,0,10.21,42,12.74,0,10.21
100.0,39.5,0.00,0.00,0,13.62,0,1.27,0,1.27,0,12.97,0,42.77,98,21.4,34,12.74,91,21.4
100.0,42.6,0.00,0.00,0,13.62,0,1.27,0,1.27,19,12.97,0,42.77,68,21.4,45,12.74,81,21.4
100.0,36.6,0.00,0.00,0,13.62,0,1.27,0,1.27,26,12.97,38,42.77,87,21.4,39,12.74,96,21.4
100.0,39.4,0.00,0.00,0,13.62,0,1.27,0,1.27,52,12.97,0,42.77,86,21.4,38,12.74,85,21.4
100.0,38.9,0.00,0.00,0,13.62,0,1.27,0,1.27,24,12.97,0,42.77,91,21.4,49,12.74,99,21.4
100.0,39.2,0.00,0.00,0,13.62,0,1.27,0,1.27,0,12.97,33,42.77,100,21.4,38,12.74,0,21.4
100.0,39.0,0.00,0.00,0,13.62,0,1.27,0,1.27,0,12.97,0,42.77,0,1.27,49,12.74,0,1.27
100.0,34.4,0.00,0.00,0,13.62,0,1.27,0,1.27,0,12.97,0,42.77,0,1.27,54,12.74,0,1.27
100.0,35.1,0.00,0.00,0,13.62,0,1.27,0,1.27,39,12.97,0,42.77,0,1.27,46,12.74,1,2.33
100.0,36.3,0.00,0.00,0,13.62,0,1.27,0,1.27,54,12.97,0,42.77,1,3.62,49,12.74,1,6.39
100.0,39.3,0.00,0.00,0,13.62,0,1.27,0,1.27,21,12.97,0,42.77,1,7.9,51,12.74,11,9.39
100.0,40.6,0.00,0.00,0,13.62,0,1.27,0,1.27,32,12.97,0,42.77,0,10.14,36,12.74,25,9.39
100.0,40.5,0.00,0.00,0,13.62,0,1.27,0,1.27,0,12.97,0,42.77,0,10.14,48,12.74,11,9.39
99.4,40.8,0.00,0.00,0,13.62,0,1.27,0,1.27,0,12.97,0,42.77,0,10.14,50,12.74,12,9.39
100.0,41.3,0.00,0.00,0,13.62,0,1.27,0,1.27,0,12.97,0,42.77,45,12.74,48,12.74,12,9.39
100.0,41.8,0.00,0.00,0,13.62,0,1.27,0,1.27,15,12.97,0,42.77,46,12.74,44,12.74,5,9.39
100.0,38.2,0.00,0.00,0,13.62,0,1.27,0,1.27,30,12.97,6,42.77,50,12.74,51,12.74,9,9.39
100.0,40.2,0.00,0.00,0,13.62,0,1.27,0,1.27,21,12.97,0,42.77,73,12.74,47,12.74,12,9.39
100.0,38.5,0.00,0.00,0,13.62,0,1.27,0,1.27,0,12.97,35,42.77,54,12.74,37,12.74,12,9.39
100.0,38.3,0.00,0.00,0,13.62,0,1.27,0,1.27,0,12.97,8,42.77,45,12.74,32,12.74,9,9.39
100.0,39.2,0.00,0.00,0,13.62,0,1.27,0,1.27,0,12.97,0,42.77,45,12.74,0,12.74,13,9.39
100.0,40.6,0.00,0.00,0,13.62,0,1.27,0,1.27,0,12.97,0,42.77,46,12.74,0,12.74,19,9.39
100.0,41.2,0.00,0.00,0,13.62,0,1.27,0,1.27,0,12.97,0,42.77,45,12.74,0,12.74,9,9.39
100.0,41.3,0.00,0.00,0,13.62,0,1.27,0,1.27,24,12.97,13,42.77,51,12.74,40,12.74,14,9.39
100.0,41.7,0.00,0.00,0,13.62,0,1.27,0,1.27,30,12.97,0,42.77,40,12.74,48,12.74,10,9.39
100.0,41.6,0.00,0.00,0,13.62,0,1.27,0,1.27,25,12.97,0,42.77,58,12.74,36,12.74,10,9.39
100.0,41.7,0.00,0.00,0,13.62,0,1.27,0,1.27,0,12.97,0,42.77,45,12.74,39,12.74,21,9.39
100.0,41.2,0.00,0.00,0,13.62,0,1.27,0,1.27,0,12.97,0,42.77,42,12.74,38,12.74,21,9.39
100.0,42.1,0.00,0.00,0,13.62,0,1.27,0,1.27,0,12.97,0,42.77,30,12.74,39,12.74,5,9.39
100.0,42.3,0.00,0.00,0,13.62,0,1.27,0,1.27,0,12.97,15,42.77,39,12.74,50,12.74,12,9.39
100.0,42.5,0.00,0.00,0,13.62,0,1.27,0,1.27,22,12.97,0,42.77,45,12.74,48,12.74,19,9.39
100.0,42.5,0.00,0.00,0,13.62,0,1.27,0,1.27,38,12.97,0,42.77,34,12.74,65,12.74,17,9.39
100.0,44.3,0.00,0.00,0,13.62,0,1.27,0,1.27,19,12.97,0,42.77,55,12.74,65,12.74,13,9.39
100.0,44.2,0.00,0.00,0,13.62,0,1.27,0,1.27,29,12.97,0,42.77,58,12.74,44,12.74,11,9.39
100.0,43.6,0.00,0.00,0,13.62,0,1.27,0,1.27,0,12.97,0,42.77,37,12.74,65,12.74,9,9.39
100.0,43.6,0.00,0.00,0,13.62,0,1.27,0,1.27,0,12.97,0,42.77,37,12.74,37,12.74,13,9.39
100.0,43.8,0.00,0.00,0,13.62,0,1.27,0,1.27,0,12.97,0,42.77,38,12.74,49,12.74,25,9.39
100.0,44.0,0.00,0.00,0,13.62,0,1.27,0,1.27,0,12.97,8,42.77,0,12.74,36,12.74,11,9.39
100.0,43.7,0.00,0.00,0,13.62,0,1.27,0,1.27,26,12.97,47,42.77,0,12.74,39,12.74,11,9.39
100.0,43.9,0.00,0.00,0,13.62,0,1.27,0,1.27,39,12.97,0,42.77,0,12.74,39,12.74,13,9.39
100.0,44.0,0.00,0.00,0,13.62,0,1.27,0,1.27,41,12.97,0,42.77,0,12.74,34,12.74,11,9.39
100.0,44.2,0.00,0.00,0,13.62,0,1.27,0,1.27,38,12.97,44,42.77,50,12.74,54,12.74,11,9.39
100.0,37.9,0.00,0.00,0,13.62,0,1.27,0,1.27,0,1.27,0,42.77,36,12.74,33,12.74,17,9.39
99.8,36.4,0.00,0.00,0,13.62,0,1.27,0,1.27,0,1.27,0,42.77,43,12.74,41,12.74,23,9.39
100.0,36.8,0.00,0.00,0,13.62,0,1.27,0,1.27,1,3.84,0,42.77,47,12.74,49,12.74,7,9.39
100.0,37.8,0.00,0.00,0,13.62,0,1.27,0,1.27,2,7.41,0,42.77,54,12.74,45,12.74,16,9.39
100.0,37.7,0.00,0.00,0,13.62,0,1.27,0,1.27,0,9.87,1,42.77,36,12.74,43,12.74,10,9.39
100.0,38.8,0.00,0.00,0,13.62,0,1.27,0,1.27,0,9.87,2,42.77,51,12.74,0,1.27,13,9.39
100.0,37.1,0.00,0.00,0,13.62,0,1.27,0,1.27,0,9.87,13,42.77,50,12.74,0,1.27,19,9.39
100.0,37.5,0.00,0.00,0,13.62,0,1.27,0,1.27,43,12.79,40,42.77,55,12.74,0,1.27,13,9.39
100.0,37.5,0.00,0.00,0,13.62,0,1.27,0,1.27,52,12.79,0,42.77,48,12.74,0,2.98,11,9.39
100.0,37.1,0.00,0.00,0,13.62,0,1.27,0,1.27,50,12.79,0,42.77,39,12.74,5,7.19,13,9.39
100.0,38.7,0.00,0.00,0,13.62,0,1.27,0,1.27,44,12.79,0,42.77,41,12.74,0,10.14,10,9.39
100.0,39.1,0.00,0.00,0,13.62,0,1.27,0,1.27,43,12.79,4,42.77,51,12.74,0,10.14,24,9.39
100.0,39.5,0.00,0.00,0,13.62,0,1.27,0,1.27,56,12.79,0,42.77,39,12.74,0,10.14,15,9.39
100.0,39.7,0.00,0.00,0,13.62,0,1.27,0,1.27,54,12.79,0,42.77,43,12.74,33,13.01,15,9.39
100.0,39.9,0.00,0.00,0,13.62,0,1.27,0,1.27,45,12.79,41,42.77,42,12.74,24,13.01,14,9.39
100.0,38.5,0.00,0.00,0,13.62,0,1.27,0,1.27,33,12.79,29,42.77,42,12.74,26,13.01,12,9.39
99.5,39.0,0.00,0.00,0,13.62,0,1.27,0,1.27,47,12.79,0,42.77,47,12.74,19,13.01,12,9.39
100.0,39.7,0.00,0.00,0,13.62,0,1.27,0,1.27,34,12.79,0,42.77,45,12.74,0,13.03,12,9.39
100.0,40.1,0.00,0.00,0,13.62,0,1.27,0,1.27,46,12.79,29,42.77,43,12.74,0,13.03,10,9.39
100.0,42.4,0.00,0.00,0,13.62,0,1.27,0,1.27,46,12.79,0,42.77,37,12.74,0,13.03,10,9.39
100.0,43.1,0.00,0.00,0,13.62,0,1.27,0,1.27,41,12.79,40,42.77,53,12.74,0,13.03,10,9.39
99.1,42.8,0.00,0.00,0,13.62,0,1.27,0,1.27,0,12.79,17,42.77,43,12.74,29,13.03,22,9.39
100.0,42.9,0.00,0.00,0,13.62,0,1.27,0,1.27,0,12.79,0,42.77,39,12.74,20,13.03,15,9.39
99.9,43.5,0.00,0.00,0,13.62,0,1.27,0,1.27,0,12.79,0,42.77,0,1.27,23,13.03,14,9.39
99.9,39.7,0.00,0.00,0,13.62,0,1.27,0,1.27,40,12.79,24,42.77,0,1.27,0,13.03,13,9.39
100.0,40.0,0.00,0.00,0,13.62,0,1.27,0,1.27,43,12.79,0,42.77,0,2.57,0,13.03,12,9.39
100.0,41.3,0.00,0.00,0,13.62,0,1.27,0,1.27,39,12.79,0,42.77,1,6.67,0,13.03,0,1.27
100.0,41.3,0.00,0.00,0,13.62,0,1.27,0,1.27,41,12.79,47,42.77,0,9.33,0,13.03,0,1.27
100.0,41.5,0.00,0.00,0,13.62,0,1.27,0,1.27,52,12.79,0,42.77,1,9.33,30,13.03,0,1.27
99.9,41.9,0.00,0.00,0,13.62,0,1.27,0,1.27,29,12.79,0,42.77,1,9.43,39,13.03,1,2.69
100.0,42.4,0.00,0.00,0,13.62,0,1.27,0,1.27,33,12.79,0,42.77,1,9.43,19,13.03,1,5.91
100.0,43.1,0.00,0.00,0,13.62,0,1.27,0,1.27,36,12.79,0,42.77,1,9.43,4,13.03,0,8.97
100.0,41.4,0.00,0.00,0,13.62,0,1.27,0,1.27,36,12.79,0,42.77,1,9.43,0,13.03,1,9.34
100.0,41.9,0.00,0.00,0,13.62,0,1.27,0,1.27,34,12.79,5,42.77,1,9.43,0,13.03,1,9.34
100.0,42.5,0.00,0.00,0,13.62,0,1.27,0,1.27,33,12.79,0,42.77,0,9.43,0,13.03,1,9.34
100.0,43.6,0.00,0.00,0,13.62,0,1.27,0,1.27,35,12.79,14,42.77,0,9.43,0,13.03,1,9.34
100.0,43.6,0.00,0.00,0,13.62,0,1.27,0,1.27,47,12.79,0,42.77,1,9.43,0,13.03,1,9.34
100.0,43.9,0.00,0.00,0,13.62,0,1.27,0,1.27,27,12.79,0,42.77,0,9.43,0,13.03,0,9.34
100.0,44.1,0.00,0.00,0,13.62,0,1.27,0,1.27,37,12.79,0,42.77,1,9.43,24,13.03,0,9.34
100.0,43.5,0.00,0.00,0,13.62,0,1.27,0,1.27,0,1.27,0,42.77,0,9.43,20,13.03,0,9.34
100.0,42.0,0.00,0.00,0,13.62,0,1.27,0,1.27,0,1.27,0,42.77,1,9.43,19,13.03,0,9.34
100.0,42.6,0.00,0.00,0,13.62,0,1.27,0,1.27,0,1.27,4,42.77,1,9.43,30,13.03,1,9.34
100.0,42.7,0.00,0.00,0,13.62,0,1.27,0,1.27,0,1.27,0,42.77,1,9.43,23,13.03,1,9.34
100.0,42.8,0.00,0.00,0,13.62,0,1.27,0,1.27,0,1.27,0,42.77,1,9.43,0,13.03,0,9.34
100.0,42.5,0.00,0.00,0,13.62,0,1.27,0,1.27,0,1.27,0,42.77,0,9.43,0,13.03,1,9.34
100.0,42.9,0.00,0.00,0,13.62,0,1.27,0,1.27,0,1.27,0,42.77,0,9.43,0,13.03,1,9.34
100.0,43.3,0.00,0.00,0,13.62,0,1.27,0,1.27,0,1.27,0,42.77,0,9.43,0,13.03,0,9.34
100.0,43.8,0.00,0.00,0,13.62,0,1.27,0,1.27,0,1.27,0,42.77,1,9.43,20,13.03,1,9.34
100.0,44.0,0.00,0.00,0,13.62,0,1.27,0,1.27,0,1.27,24,42.77,0,9.43,24,13.03,0,1.27
99.9,41.0,0.00,0.00,0,13.62,0,1.27,0,1.27,0,1.27,52,42.77,1,9.43,38,13.03,0,1.27
100.0,40.2,0.00,0.00,0,13.62,0,1.27,0,1.27,0,1.27,0,42.77,1,9.43,29,13.03,0,1.27
100.0,41.3,0.00,0.00,0,13.62,0,1.27,0,1.27,0,1.27,0,42.77,0,9.43,19,13.03,0,1.27
100.0,41.8,0.00,0.00,0,13.62,0,1.27,0,1.27,1,3.76,0,42.77,1,9.43,0,13.03,0,4.33
100.0,42.6,0.00,0.00,0,13.62,0,1.27,0,1.27,2,6.51,0,42.77,0,9.43,0,13.03,1,7.33
100.0,44.0,0.00,0.00,0,13.62,0,1.27,0,1.27,0,9.51,0,42.77,1,9.43,0,13.03,38,10.98
100.0,43.7,0.00,0.00,0,13.62,0,1.27,0,1.27,80,21.12,8,42.77,1,9.43,0,13.03,26,10.98
100.0,44.5,0.00,0.00,0,13.62,0,1.27,0,1.27,87,21.12,4,42.77,0,9.43,8,13.03,37,10.98
100.0,44.5,0.00,0.00,0,13.62,0,1.27,0,1.27,75,21.12,7,42.77,1,9.43,20,13.03,28,10.98
99.5,42.2,0.00,0.00,0,13.62,0,1.27,0,1.27,0,1.27,0,42.77,0,1.27,19,13.03,72,10.98
99.0,38.6,0.00,0.00,0,13.62,0,1.27,0,1.27,0,1.27,6,42.77,0,1.27,29,13.03,65,10.98
99.4,27.0,0.00,0.00,0,13.62,0,1.27,0,1.27,1,3.25,0,42.77,1,3.05,0,13.03,32,10.98
100.0,29.8,0.00,0.00,0,13.62,0,1.27,0,1.27,1,7.38,0,42.77,0,6.77,0,13.03,69,10.98
100.0,33.7,0.00,0.00,0,13.62,0,1.27,0,1.27,0,9.87,0,42.77,1,9.34,0,13.03,42,10.98
100.0,28.5,0.00,0.00,0,13.62,0,1.27,0,1.27,0,9.87,0,42.77,0,9.34,0,13.03,18,10.98
100.0,31.9,0.00,0.00,0,13.62,0,1.27,0,1.27,0,9.87,0,42.77,0,9.34,23,13.03,24,10.98
100.0,30.5,0.00,0.00,0,13.62,0,1.27,0,1.27,38,12.86,0,42.77,1,9.34,38,13.03,12,10.98
100.0,31.6,0.00,0.00,0,13.62,0,1.27,0,1.27,45,12.86,12,42.77,1,9.34,17,13.03,19,10.98
100.0,32.4,0.00,0.00,0,13.62,0,1.27,0,1.27,29,12.86,0,42.77,0,9.34,19,13.03,31,10.98
100.0,33.2,0.00,0.00,0,13.62,0,1.27,0,1.27,40,12.86,39,42.77,0,9.34,0,13.03,40,10.98
100.0,33.0,0.00,0.00,0,13.62,0,1.27,0,1.27,48,12.86,11,42.77,1,9.34,0,13.03,40,10.98
99.9,33.5,0.00,0.00,0,13.62,0,1.27,0,1.27,0,12.86,24,42.77,1,9.34,0,13.03,62,10.98
100.0,35.8,0.00,0.00,0,13.62,0,1.27,0,1.27,0,12.86,0,42.77,0,9.34,0,13.03,25,10.98
100.0,36.1,0.00,0.00,0,13.62,0,1.27,0,1.27,0,12.86,24,42.77,0,9.34,19,13.03,24,10.98
100.0,35.2,0.00,0.00,0,13.62,0,1.27,0,1.27,0,12.86,0,42.77,0,9.34,19,13.03,28,10.98
100.0,34.9,0.00,0.00,0,13.62,0,1.27,0,1.27,34,12.86,8,42.77,0,9.34,25,13.03,26,10.98
99.9,35.8,0.00,0.00,0,13.62,0,1.27,0,1.27,26,12.86,0,42.77,1,9.34,19,13.03,39,10.98
100.0,36.9,0.00,0.00,0,13.62,0,1.27,0,1.27,31,12.86,0,42.77,0,9.34,40,13.03,70,10.98
99.9,36.5,0.00,0.00,0,13.62,0,1.27,0,1.27,31,12.86,0,42.77,1,9.34,0,1.27,45,10.98
100.0,35.1,0.00,0.00,0,13.62,0,1.27,0,1.27,0,12.86,0,42.77,0,9.34,0,1.27,24,10.98
100.0,34.7,0.00,0.00,0,13.62,0,1.27,0,1.27,0,12.86,0,42.77,1,9.34,0,1.27,35,10.98
100.0,35.4,0.00,0.00,0,13.62,0,1.27,0,1.27,0,12.86,0,42.77,1,9.34,0,1.27,29,10.98
100.0,36.3,0.00,0.00,0,13.62,0,1.27,0,1.27,0,12.86,0,42.77,0,1.27,0,1.27,63,10.98
100.0,35.3,0.00,0.00,0,13.62,0,1.27,0,1.27,0,12.86,6,42.77,0,1.27,0,1.27,40,10.98
100.0,36.1,0.00,0.00,0,13.62,0,1.27,0,1.27,51,12.86,5,42.77,0,1.27,0,1.27,60,10.98
100.0,36.4,0.00,0.00,0,13.62,0,1.27,0,1.27,48,12.86,0,42.77,0,1.27,0,1.27,42,10.98
99.8,37.3,0.00,0.00,0,13.62,0,1.27,0,1.27,43,12.86,0,42.77,0,1.27,0,1.27,28,10.98
100.0,37.7,0.00,0.00,0,13.62,0,1.27,0,1.27,33,12.86,0,42.77,0,1.27,0,1.27,23,10.98
100.0,36.7,0.00,0.00,0,13.62,0,1.27,0,1.27,0,12.86,24,42.77,0,1.27,2,2.69,26,10.98
98.4,36.9,0.00,0.00,0,13.62,0,1.27,0,1.27,0,12.86,10,42.77,0,1.27,1,6.56,61,10.98
100.0,38.9,0.00,0.00,0,13.62,0,1.27,0,1.27,0,12.86,0,42.77,0,1.27,0,16.52,0,1.27
100.0,38.1,0.00,0.00,0,13.62,0,1.27,0,1.27,0,12.86,0,42.77,0,1.27,62,16.52,0,1.27
100.0,38.9,0.00,0.00,0,13.62,0,1.27,0,1.27,36,12.86,0,42.77,1,5.27,60,16.52,0,1.27
100.0,39.9,0.00,0.00,0,13.62,0,1.27,0,1.27,46,12.86,0,42.77,0,9.51,53,16.52,1,4.78
100.0,40.8,0.00,0.00,0,13.62,0,1.27,0,1.27,34,12.86,55,42.77,86,21.12,59,16.52,11,9.39
100.0,42.7,0.00,0.00,0,13.62,0,1.27,0,1.27,34,12.86,0,42.77,69,21.12,0,1.27,16,9.39
100.0,39.8,0.00,0.00,0,13.62,0,1.27,0,1.27,0,12.86,8,42.77,83,21.12,0,1.27,14,9.39
100.0,39.6,0.00,0.00,0,13.62,0,1.27,0,1.27,0,12.86,0,42.77,81,21.12,0,1.27,12,9.39
100.0,39.8,0.00,0.00,0,13.62,0,1.27,0,1.27,0,12.86,6,42.77,87,21.12,1,7.55,27,9.39
100.0,41.1,0.00,0.00,0,13.62,0,1.27,0,1.27,0,12.86,0,42.77,88,21.12,0,9.87,10,9.39
100.0,41.4,0.00,0.00,0,13.62,0,1.27,0,1.27,25,12.86,0,42.77,80,21.12,0,9.87,12,9.39
100.0,41.6,0.00,0.00,0,13.62,0,1.27,0,1.27,42,12.86,0,42.77,91,21.12,0,9.87,15,9.39
100.0,41.9,0.00,0.00,0,13.62,0,1.27,0,1.27,31,12.86,0,42.77,75,21.12,0,9.87,9,9.39
100.0,40.4,0.00,0.00,0,13.62,0,1.27,0,1.27,44,12.86,0,42.77,0,1.27,51,12.81,29,9.39
100.0,36.7,0.00,0.00,0,13.62,0,1.27,0,1.27,31,12.86,0,42.77,0,1.27,33,12.81,12,9.39
100.0,38.1,0.00,0.00,0,13.62,0,1.27,0,1.27,0,12.79,2,42.77,0,1.27,41,12.81,19,9.39
100.0,35.8,0.00,0.00,0,13.62,0,1.27,0,1.27,0,1.27,0,42.77,0,1.27,35,12.81,10,9.39
100.0,36.1,0.00,0.00,0,13.62,0,1.27,0,1.27,0,1.27,8,42.77,0,1.27,41,12.81,10,9.39
100.0,36.0,0.00,0.00,0,13.62,0,1.27,0,1.27,0,1.27,0,42.77,0,1.27,47,12.81,13,9.39
100.0,36.1,0.00,0.00,0,13.62,0,1.27,0,1.27,0,1.27,0,42.77,0,1.27,52,12.81,3,9.39
100.0,36.4,0.00,0.00,0,13.62,0,1.27,0,1.27,0,1.27,32,42.77,0,1.27,0,12.81,13,9.39
100.0,36.0,0.00,0.00,0,13.62,0,1.27,0,1.27,0,1.27,0,42.77,0,1.27,0,12.81,18,9.39
100.0,36.2,0.00,0.00,0,13.62,0,1.27,0,1.27,0,1.27,0,42.77,0,1.27,0,12.81,5,9.39
100.0,36.4,0.00,0.00,0,13.62,0,1.27,0,1.27,0,1.27,24,42.77,0,1.27,55,12.81,12,9.39
100.0,36.4,0.00,0.00,0,13.62,0,1.27,0,1.27,0,1.27,0,42.77,0,1.27,45,12.81,18,9.39
100.0,36.6,0.00,0.00,0,13.62,0,1.27,0,1.27,0,1.27,0,42.77,0,1.27,31,12.81,11,9.39
100.0,36.5,0.00,0.00,0,13.62,0,1.27,0,1.27,0,1.27,0,42.77,0,1.27,51,12.81,7,9.39
100.0,36.6,0.00,0.00,0,13.62,0,1.27,0,1.27,0,1.27,0,42.77,0,1.27,52,12.81,6,9.39
100.0,34.9,0.00,0.00,0,13.62,0,1.27,0,1.27,0,1.27,0,42.77,0,1.27,51,12.81,14,9.39
100.0,34.2,0.00,0.00,0,13.62,0,1.27,0,1.27,0,1.27,0,42.77,0,1.27,44,12.81,0,1.27
100.0,33.4,0.00,0.00,0,13.62,0,1.27,0,1.27,0,1.27,0,42.77,0,1.27,0,12.81,0,1.27
99.4,34.0,0.00,0.00,0,13.62,0,1.27,0,1.27,0,1.27,0,42.77,0,1.27,0,12.81,0,1.27
100.0,34.0,0.00,0.00,0,13.62,0,1.27,0,1.27,0,1.27,0,42.77,0,1.27,0,12.81,0,1.27
100.0,34.4,0.00,0.00,0,13.62,0,1.27,0,1.27,0,1.27,0,42.77,0,1.27,0,12.81,0,1.27
100.0,34.6,0.00,0.00,0,13.62,0,1.27,0,1.27,0,1.27,0,42.77,0,1.27,42,12.81,0,1.27
100.0,35.0,0.00,0.00,0,13.62,0,1.27,0,1.27,0,1.27,7,42.77,0,1.27,40,12.81,0,1.27
100.0,35.0,0.00,0.00,0,13.62,0,1.27,0,1.27,0,1.27,8,42.77,0,1.27,42,12.81,0,1.27
100.0,35.2,0.00,0.00,0,13.62,0,1.27,0,1.27,0,1.27,0,42.77,0,1.27,64,12.81,0,1.27
100.0,37.5,0.00,0.00,0,13.62,0,1.27,0,1.27,0,1.27,0,42.77,0,1.27,53,12.81,0,1.27
99.2,38.3,0.00,0.00,0,13.62,0,1.27,0,1.27,0,1.27,0,42.77,0,1.27,43,12.81,0,1.27
100.0,38.3,0.00,0.00,0,13.62,0,1.27,0,1.27,0,1.27,16,42.77,0,1.27,36,12.81,0,1.27
99.9,38.2,0.00,0.00,0,13.62,0,1.27,0,1.27,0,1.27,16,42.77,0,1.27,0,12.75,0,1.27
100.0,37.1,0.00,0.00,0,13.62,0,1.27,0,1.27,0,1.27,6,42.77,0,1.27,0,1.27,0,1.27
100.0,37.0,0.00,0.00,0,13.62,0,1.27,0,1.27,0,1.27,0,42.77,0,1.27,0,1.27,0,1.27
100.0,36.9,0.00,0.00,0,13.62,0,1.27,0,1.27,0,1.27,0,42.77,0,1.27,0,1.27,0,1.27
100.0,36.9,0.00,0.00,0,13.62,0,1.27,0,1.27,0,1.27,8,42.77,0,1.27,0,1.27,0,1.27
100.0,36.9,0.00,0.00,0,13.62,0,1.27,0,1.27,0,1.27,0,42.77,0,1.27,0,1.27,0,1.27
100.0,35.3,0.00,0.00,0,13.62,0,1.27,0,1.27,0,1.27,0,42.77,0,1.27,0,1.27,0,1.27
100.0,34.1,0.00,0.00,0,13.62,0,1.27,0,1.27,0,1.27,0,42.77,0,1.27,1,1.27,0,1.27
100.0,34.7,0.00,0.00,0,13.62,0,1.27,0,1.27,0,1.27,6,42.77,0,1.27,0,1.27,0,1.27
100.0,35.5,0.00,0.00,0,13.62,0,1.27,0,1.27,0,1.27,24,42.77,0,1.27,0,1.27,0,1.27
98.3,35.5,0.00,0.00,0,13.62,0,1.27,0,1.27,0,1.27,0,42.77,0,1.27,0,1.27,0,1.27
100.0,35.9,0.00,0.00,0,13.62,0,1.27,0,1.27,0,1.27,0,42.77,0,1.27,0,1.27,0,1.27
100.0,35.6,0.00,0.00,0,13.62,0,1.27,0,1.27,0,1.27,6,42.77,0,1.27,0,1.27,0,1.27
100.0,36.2,0.00,0.00,0,13.62,0,1.27,0,1.27,0,1.27,0,42.77,0,1.27,0,1.27,0,1.27
100.0,36.2,0.00,0.00,0,13.62,0,1.27,0,1.27,0,1.27,0,42.77,0,1.27,0,1.27,0,1.27
100.0,36.2,0.00,0.00,0,13.62,0,1.27,0,1.27,0,1.27,0,42.77,0,1.27,0,1.27,0,1.27
9015.16