1.9,10.6,0.00,0.00,0,2.95,0,2.95,0,2.95,0,2.95
0.6,11.0,0.00,0.00,0,2.95,0,2.95,0,2.95,0,2.95
0.4,11.0,0.00,0.00,0,2.95,0,2.95,0,2.95,0,2.95
4.0,11.0,0.00,0.00,0,2.95,0,2.95,0,2.95,0,2.95
3.6,11.0,0.00,0.00,0,2.95,0,2.95,0,2.95,0,2.95
0.4,11.0,0.00,0.00,0,2.95,0,2.95,0,2.95,0,2.95
9.0,11.4,0.00,0.00,0,2.95,0,2.95,0,2.95,0,2.95
99.2,12.1,0.00,0.00,0,2.95,0,2.95,0,2.95,0,2.95
9.4,14.6,0.00,0.00,2,8.21,2,9.33,0,2.95,0,2.95
9.9,18.8,0.00,0.00,5,17.89,4,15.41,0,2.95,0,2.95
74.7,22.8,0.00,0.00,5,26.39,1,17.22,0,2.95,0,2.95
53.6,23.6,0.00,0.00,4,42.04,0,17.22,0,2.95,0,2.95
17.4,24.1,0.00,0.00,0,42.04,0,17.22,0,2.95,0,2.95
6.7,24.6,0.00,0.00,0,42.04,0,17.22,0,2.95,0,2.95
13.7,25.0,0.00,0.00,0,42.04,0,25.08,0,2.95,0,2.95
40.9,25.2,0.00,0.00,0,42.04,29,25.08,0,2.95,0,2.95
15.7,25.5,0.00,0.00,0,70.5,62,25.08,0,2.95,0,2.95
88.8,25.7,0.00,0.00,100,70.5,93,25.08,0,2.95,0,2.95
76.4,26.0,0.00,0.00,99,70.5,94,25.08,0,2.95,0,2.95
9.9,26.2,0.00,0.00,100,70.5,92,25.08,0,2.95,0,2.95
10.8,26.4,0.00,0.00,100,70.5,21,25.08,0,2.95,0,2.95
10.2,26.5,0.00,0.00,100,70.5,26,25.08,0,2.95,0,2.95
12.9,26.6,0.00,0.00,100,70.5,26,25.08,0,2.95,0,2.95
17.7,26.9,0.00,0.00,99,70.5,78,25.08,0,2.95,0,2.95
16.9,27.5,0.00,0.00,99,70.5,89,25.08,2,8.13,0,6.53
16.9,30.9,0.00,0.00,100,70.5,96,25.08,6,20.38,4,12.43
15.9,36.4,0.00,0.00,100,70.5,26,25.08,8,31.81,4,18.54
98.5,39.0,0.00,0.00,99,70.5,20,25.08,0,31.81,0,18.54
16.6,39.6,0.00,0.00,99,70.5,22,25.08,0,31.81,0,18.54
66.7,40.2,0.00,0.00,89,70.5,79,25.08,0,31.81,0,18.54
19.5,41.0,0.00,0.00,99,70.5,89,28.39,0,31.81,0,18.54
27.9,43.2,0.00,0.00,100,70.5,92,33.93,0,31.81,0,18.54
14.6,45.6,0.00,0.00,99,70.5,67,38.35,16,51.48,61,33.45
17.1,46.1,0.00,0.00,83,70.5,21,38.35,87,51.48,42,33.45
88.7,46.3,0.00,0.00,78,70.5,18,38.35,82,51.48,66,33.45
18.0,46.5,0.00,0.00,75,70.5,16,38.35,79,51.48,47,33.45
19.5,46.7,0.00,0.00,80,70.5,25,38.35,94,51.48,64,33.45
24.4,47.0,0.00,0.00,84,70.5,74,38.35,98,51.48,97,33.45
24.8,47.2,0.00,0.00,99,70.5,98,43.11,99,51.48,97,33.45
25.7,47.2,0.00,0.00,100,70.5,99,43.11,99,51.48,97,33.45
15.1,47.2,0.00,0.00,100,70.5,39,43.11,81,51.48,69,33.45
18.2,47.2,0.00,0.00,74,70.5,38,43.11,64,51.48,50,33.45
17.4,47.2,0.00,0.00,74,70.5,36,43.11,53,51.48,69,33.45
13.8,47.2,0.00,0.00,76,70.5,36,43.11,69,51.48,63,33.45
15.3,47.2,0.00,0.00,72,70.5,33,43.11,75,51.48,93,33.45
25.5,47.2,0.00,0.00,96,70.5,80,43.11,99,51.48,98,33.45
25.0,47.2,0.00,0.00,99,70.5,99,43.16,99,51.48,97,33.45
32.2,46.3,0.00,0.00,99,70.5,41,43.16,98,51.48,97,33.45
17.6,46.5,0.00,0.00,99,70.5,22,43.16,82,51.48,57,33.45
18.2,46.6,0.00,0.00,75,70.5,23,43.16,53,51.48,76,33.45
18.2,46.8,0.00,0.00,67,70.5,23,43.16,72,51.48,74,33.45
15.6,47.0,0.00,0.00,78,70.5,18,43.16,52,51.48,72,33.45
26.1,47.1,0.00,0.00,76,70.5,18,43.16,99,51.48,97,33.45
18.0,47.2,0.00,0.00,100,70.5,39,43.16,92,51.48,64,33.45
12.7,47.2,0.00,0.00,71,70.5,31,43.16,65,51.48,60,33.45
20.8,47.2,0.00,0.00,78,70.5,44,43.16,65,51.48,72,33.45
17.5,47.2,0.00,0.00,77,70.5,32,43.16,68,51.48,74,33.45
13.5,47.2,0.00,0.00,73,70.5,45,43.16,66,51.48,80,33.45
25.1,47.2,0.00,0.00,89,70.5,63,43.16,99,51.48,98,33.45
24.4,47.2,0.00,0.00,99,70.5,99,43.16,99,51.48,97,33.45
26.2,47.2,0.00,0.00,100,70.5,99,43.16,99,51.48,97,33.45
21.2,47.2,0.00,0.00,100,70.5,76,43.16,99,51.48,60,33.45
14.3,47.2,0.00,0.00,71,70.5,33,43.16,53,51.48,74,33.45
15.5,47.2,0.00,0.00,71,70.5,42,43.16,72,51.48,70,33.45
18.4,47.2,0.00,0.00,81,70.5,36,43.16,56,51.48,67,33.45
18.0,47.2,0.00,0.00,78,70.5,46,43.16,66,51.48,34,33.45
31.6,45.4,0.00,0.00,94,70.5,95,43.16,40,51.48,0,33.45
95.0,45.8,0.00,0.00,100,70.5,99,43.16,40,51.48,0,33.45
31.4,46.2,0.00,0.00,99,70.5,99,43.16,38,51.48,0,33.45
38.3,46.5,0.00,0.00,100,70.5,43,43.16,16,51.48,0,33.45
16.3,46.9,0.00,0.00,76,70.5,46,43.16,24,51.48,0,33.45
14.1,47.2,0.00,0.00,82,70.5,32,43.16,47,51.48,60,33.45
18.7,47.2,0.00,0.00,71,70.5,42,43.16,53,51.48,82,33.45
33.2,47.2,0.00,0.00,74,70.5,41,43.16,99,51.48,97,33.45
23.2,47.2,0.00,0.00,100,70.5,99,43.16,99,51.48,98,33.45
24.3,47.2,0.00,0.00,100,70.5,99,43.16,99,51.48,98,33.45
20.6,47.2,0.00,0.00,100,70.5,99,43.16,99,51.48,96,33.45
17.5,47.2,0.00,0.00,98,70.5,38,43.16,69,51.48,69,33.45
11.9,47.2,0.00,0.00,72,70.5,46,43.16,71,51.48,64,33.45
16.1,47.2,0.00,0.00,80,70.5,34,43.16,55,51.48,70,33.45
20.4,47.2,0.00,0.00,80,70.5,41,43.16,75,51.48,65,33.45
33.4,47.2,0.00,0.00,81,70.5,43,43.16,99,51.48,97,33.45
24.3,47.2,0.00,0.00,99,70.5,99,43.16,99,51.48,98,33.45
23.8,47.2,0.00,0.00,100,70.5,100,43.16,99,51.48,98,33.45
20.3,47.2,0.00,0.00,100,70.5,99,43.16,99,51.48,93,33.45
17.2,47.2,0.00,0.00,96,70.5,38,43.16,76,51.48,81,33.45
26.0,47.2,0.00,0.00,73,75.26,44,43.16,72,51.48,79,33.45
18.4,46.4,0.00,0.00,24,75.26,36,43.16,61,51.48,82,33.45
25.1,46.6,0.00,0.00,16,75.26,47,43.16,65,51.48,81,33.45
34.0,46.7,0.00,0.00,23,75.26,40,43.16,71,51.48,96,33.45
74.0,46.9,0.00,0.00,39,75.26,99,43.16,99,51.48,97,33.45
44.1,47.1,0.00,0.00,39,75.26,99,43.16,99,51.48,98,33.45
24.1,47.2,0.00,0.00,41,75.26,99,43.16,99,51.48,98,33.45
14.5,47.2,0.00,0.00,16,75.26,53,43.16,72,51.48,60,33.45
19.6,47.2,0.00,0.00,20,75.26,40,43.16,68,51.48,71,33.45
18.9,46.3,0.00,0.00,22,75.26,20,43.16,75,51.48,64,33.45
15.0,46.5,0.00,0.00,19,75.26,23,43.16,71,51.48,81,33.45
44.4,46.6,0.00,0.00,20,75.26,22,43.16,80,51.48,97,33.45
24.2,46.8,0.00,0.00,36,75.26,44,43.16,99,51.48,97,33.45
22.5,47.0,0.00,0.00,43,75.26,45,43.16,99,51.48,97,33.45
28.5,47.3,0.00,0.00,44,75.26,98,43.16,99,51.48,98,33.45
17.9,47.2,0.00,0.00,20,75.26,44,43.16,70,51.48,63,33.45
17.2,47.2,0.00,0.00,18,75.26,36,43.16,69,51.48,51,33.45
16.5,47.2,0.00,0.00,23,75.26,37,43.16,62,51.53,73,33.45
20.0,46.3,0.00,0.00,24,75.26,47,43.16,60,51.53,22,33.26
27.5,43.3,0.00,0.00,25,75.26,63,43.16,5,21.03,0,2.95
18.9,36.3,0.00,0.00,39,75.26,99,43.16,0,21.03,0,2.95
83.6,36.5,0.00,0.00,36,75.26,99,43.16,0,21.03,0,2.95
9.9,35.8,0.00,0.00,39,75.26,98,43.21,0,21.03,0,2.95
10.3,36.1,0.00,0.00,21,75.26,28,43.21,24,21.03,0,2.95
13.7,36.3,0.00,0.00,24,75.26,28,43.21,24,21.03,0,2.95
15.1,36.5,0.00,0.00,26,75.26,28,43.21,24,21.03,0,2.95
18.1,36.6,0.00,0.00,26,75.26,93,43.21,40,21.03,0,2.95
34.9,37.3,0.00,0.00,36,75.26,93,43.21,41,21.03,0,2.95
28.7,38.0,0.00,0.00,34,75.26,98,43.21,39,21.03,0,2.95
18.0,38.4,0.00,0.00,30,75.26,89,43.21,21,21.03,0,2.95
11.6,38.4,0.00,0.00,19,75.26,38,43.42,24,21.03,0,2.95
25.6,41.6,0.00,0.00,22,75.26,51,56.32,25,21.03,0,2.95
19.3,45.4,0.00,0.00,25,75.26,54,67.01,24,24.51,3,8.26
30.3,50.2,0.00,0.00,25,75.26,83,69.75,33,29.56,3,13.36
23.5,53.5,0.00,0.00,40,75.26,98,69.75,42,45.99,3,28.87
25.6,53.7,0.00,0.00,39,75.26,99,69.75,39,46.94,0,28.87
19.2,54.3,0.00,0.00,38,75.26,99,69.75,20,46.94,0,28.87
16.1,54.8,0.00,0.00,17,75.26,37,69.75,17,46.94,0,28.87
16.8,55.4,0.00,0.00,19,75.26,38,78.34,18,46.94,0,28.87
18.5,55.9,0.00,0.00,21,75.26,51,78.34,20,46.94,0,28.87
17.1,56.3,0.00,0.00,17,75.26,47,78.34,20,46.94,0,58.58
33.7,56.8,0.00,0.00,20,75.26,83,78.34,67,76.66,100,58.58
97.9,57.1,0.00,0.00,38,75.26,100,78.34,100,76.66,100,58.58
28.6,57.4,0.00,0.00,40,75.26,100,78.34,100,76.66,100,58.58
28.2,57.6,0.00,0.00,41,75.26,100,78.34,100,76.66,100,58.58
22.0,57.6,0.00,0.00,17,75.26,75,78.34,100,76.66,100,58.58
21.4,57.6,0.00,0.00,19,75.26,53,78.34,100,76.66,100,58.58
22.0,57.6,0.00,0.00,17,75.26,47,78.34,100,76.66,100,58.58
20.5,57.6,0.00,0.00,20,75.26,48,78.34,100,76.66,100,58.58
18.9,57.6,0.00,0.00,17,75.26,48,78.34,100,76.66,100,58.58
36.2,57.7,0.00,0.00,19,75.26,97,78.34,100,76.66,100,58.58
24.4,57.6,0.00,0.00,40,75.26,100,78.34,100,76.66,100,58.58
26.5,57.6,0.00,0.00,39,75.26,100,78.34,100,76.66,100,58.58
22.6,57.7,0.00,0.00,37,75.26,100,78.34,100,76.66,100,58.58
19.5,57.7,0.00,0.00,16,75.26,47,78.34,100,76.66,100,58.58
19.0,57.7,0.00,0.00,19,75.26,45,78.34,100,76.66,100,58.58
20.0,57.7,0.00,0.00,18,75.26,46,78.34,100,76.66,100,58.58
20.3,57.6,0.00,0.00,17,75.26,52,78.34,100,76.66,100,58.58
88.2,56.7,0.00,0.00,63,75.31,54,78.34,100,76.66,100,58.58
35.6,55.9,0.00,0.00,99,75.31,93,78.34,100,76.66,100,58.58
29.4,56.3,0.00,0.00,99,75.31,87,78.34,100,76.66,100,58.58
40.1,56.7,0.00,0.00,99,75.31,89,78.34,100,76.66,100,58.58
20.4,57.1,0.00,0.00,99,75.31,25,78.34,100,76.66,100,58.58
62.1,57.4,0.00,0.00,63,75.31,30,78.34,100,76.66,100,58.58
24.0,57.5,0.00,0.00,63,75.31,26,78.34,100,76.66,100,58.58
22.7,57.6,0.00,0.00,64,75.31,48,78.34,100,76.66,100,58.58
15.7,57.6,0.00,0.00,67,75.31,50,78.34,99,76.66,91,58.58
30.8,57.6,0.00,0.00,84,75.31,89,78.34,100,76.66,100,58.58
21.6,57.6,0.00,0.00,100,75.31,68,78.34,100,76.66,100,58.58
20.3,57.6,0.00,0.00,66,75.31,47,78.34,100,76.66,100,58.58
21.6,57.6,0.00,0.00,67,75.31,53,78.34,100,76.66,100,58.58
20.8,57.6,0.00,0.00,72,75.31,49,78.34,100,76.66,100,58.58
20.0,57.6,0.00,0.00,66,75.31,52,78.34,100,76.66,100,58.58
34.7,57.6,0.00,0.00,74,75.31,84,78.34,100,76.66,100,58.58
23.4,57.6,0.00,0.00,100,75.31,99,78.34,100,76.66,100,58.58
19.0,57.6,0.00,0.00,73,75.31,50,78.34,100,76.66,100,58.58
21.3,57.6,0.00,0.00,63,75.31,52,78.34,100,76.66,100,58.58
22.0,57.6,0.00,0.00,67,75.31,43,78.34,100,76.66,100,58.58
21.6,57.6,0.00,0.00,69,75.31,50,78.34,100,76.66,100,58.58
30.0,57.6,0.00,0.00,70,75.31,53,78.34,100,76.66,100,58.58
25.1,57.6,0.00,0.00,99,75.31,100,78.34,100,76.66,100,58.58
22.8,57.6,0.00,0.00,100,75.31,100,78.34,100,76.66,100,58.58
20.5,57.6,0.00,0.00,99,75.31,100,78.34,100,76.66,100,58.58
20.7,57.6,0.00,0.00,99,75.31,65,78.34,100,76.66,100,58.58
25.2,55.9,0.00,0.00,81,75.31,54,78.34,22,76.66,0,58.58
16.9,55.9,0.00,0.00,70,75.31,61,78.34,22,76.66,0,58.58
15.0,56.3,0.00,0.00,80,75.31,47,78.34,22,76.66,0,58.58
32.6,56.5,0.00,0.00,80,75.31,98,78.34,39,76.66,0,58.58
30.8,57.0,0.00,0.00,100,75.31,100,78.34,43,76.66,0,58.58
23.3,57.4,0.00,0.00,100,75.31,100,78.34,47,76.66,100,58.58
24.3,57.6,0.00,0.00,100,75.31,100,78.34,100,76.66,100,58.58
20.5,57.6,0.00,0.00,88,75.31,48,78.34,100,76.66,100,58.58
20.0,57.6,0.00,0.00,68,75.31,49,78.34,100,76.66,100,58.58
21.6,57.6,0.00,0.00,68,75.31,50,78.34,100,76.66,100,58.58
19.6,57.6,0.00,0.00,73,75.31,44,78.34,100,76.66,100,58.58
33.7,57.6,0.00,0.00,71,75.31,78,78.34,100,76.66,100,58.58
24.9,57.6,0.00,0.00,99,75.31,100,78.34,100,76.66,100,58.58
24.3,57.6,0.00,0.00,100,75.31,100,78.34,100,76.66,100,58.58
23.3,57.6,0.00,0.00,100,75.31,100,78.34,100,76.66,100,58.58
21.2,57.6,0.00,0.00,100,75.31,65,78.34,100,76.66,100,58.58
22.5,57.6,0.00,0.00,72,75.31,49,78.34,100,76.66,100,58.58
19.7,57.6,0.00,0.00,68,75.31,48,78.34,100,76.66,100,58.58
18.3,57.6,0.00,0.00,72,75.31,55,78.34,100,76.66,100,58.58
19.2,57.6,0.00,0.00,69,75.31,50,86.93,100,76.66,100,58.58
28.5,56.7,0.00,0.00,98,75.31,99,87.06,100,76.66,100,58.58
27.5,56.9,0.00,0.00,99,75.31,99,87.06,100,76.66,100,58.58
27.0,57.2,0.00,0.00,100,75.31,99,87.06,100,76.66,100,58.58
22.6,57.4,0.00,0.00,100,75.31,99,87.06,100,76.66,100,58.58
66.7,57.5,0.00,0.00,60,75.31,53,87.06,100,76.66,100,58.58
22.1,57.6,0.00,0.00,65,75.31,47,87.06,100,76.66,100,58.58
25.5,56.9,0.00,0.00,65,75.31,45,68.98,100,76.66,100,58.58
18.9,52.5,0.00,0.00,76,75.31,41,68.98,100,76.66,100,58.58
22.0,51.5,0.00,0.00,86,75.31,93,68.98,100,76.66,100,58.58
21.1,51.7,0.00,0.00,99,75.31,98,68.98,100,76.66,100,58.58
19.5,51.9,0.00,0.00,99,75.31,98,68.98,100,76.66,100,58.58
84.4,52.1,0.00,0.00,100,75.31,53,68.98,100,76.66,100,58.58
17.1,52.3,0.00,0.00,74,75.31,42,68.98,100,76.66,100,58.58
18.2,52.5,0.00,0.00,76,75.31,32,68.98,100,76.66,100,58.58
22.4,51.5,0.00,0.00,83,75.31,18,68.98,100,76.66,100,58.58
19.3,51.7,0.00,0.00,74,75.31,20,68.98,100,76.66,100,58.58
21.5,51.8,0.00,0.00,80,75.31,70,68.98,100,76.66,100,58.58
23.3,52.0,0.00,0.00,100,75.31,69,68.98,100,76.66,100,58.58
24.1,52.3,0.00,0.00,100,75.31,68,68.98,100,76.66,100,58.58
19.2,52.5,0.00,0.00,99,75.31,22,68.98,100,76.66,100,58.58
19.2,52.5,0.00,0.00,75,75.31,33,68.98,100,76.66,100,58.58
17.6,52.5,0.00,0.00,75,75.31,32,68.98,100,76.66,100,58.58
16.2,52.5,0.00,0.00,69,75.31,45,68.98,100,76.66,100,58.58
18.2,52.5,0.00,0.00,67,75.31,29,68.98,100,76.66,100,58.58
24.0,52.4,0.00,0.00,91,75.31,98,68.98,100,76.66,100,58.58
22.0,52.4,0.00,0.00,100,75.31,97,68.98,100,76.66,100,58.58
24.1,52.5,0.00,0.00,100,75.31,97,68.98,100,76.66,100,58.58
19.9,52.5,0.00,0.00,100,75.31,34,68.98,100,76.66,100,58.58
16.7,52.5,0.00,0.00,94,75.31,48,68.98,100,76.66,25,58.58
18.0,45.5,0.00,0.00,21,21.03,37,68.98,19,76.66,0,58.58
31.6,45.8,0.00,0.00,22,21.03,39,68.98,24,76.66,0,58.58
61.6,46.1,0.00,0.00,39,21.03,83,68.98,43,76.66,0,58.58
22.7,46.5,0.00,0.00,37,21.03,98,68.98,45,76.66,0,58.58
24.7,47.0,0.00,0.00,38,21.03,99,68.98,45,76.66,0,58.58
15.8,47.3,0.00,0.00,38,21.03,56,68.98,97,76.66,100,58.58
19.9,47.3,0.00,0.00,17,21.03,31,68.98,99,76.66,100,58.58
17.2,47.3,0.00,0.00,17,21.03,38,68.98,98,76.66,98,58.58
19.2,47.3,0.00,0.00,19,21.03,35,68.98,95,76.66,100,58.58
18.9,47.3,0.00,0.00,17,21.03,33,68.98,100,76.66,100,58.58
22.2,47.3,0.00,0.00,33,21.03,80,68.98,100,76.66,100,58.58
22.5,47.3,0.00,0.00,41,21.03,97,68.98,100,76.66,100,58.58
25.6,47.3,0.00,0.00,40,21.03,97,68.98,100,76.66,100,58.58
20.0,47.4,0.00,0.00,45,21.03,83,68.98,100,76.66,100,58.58
17.0,47.4,0.00,0.00,20,21.03,36,68.98,100,76.66,100,58.58
17.0,47.3,0.00,0.00,20,21.03,38,68.98,100,76.66,100,58.58
14.0,47.4,0.00,0.00,18,21.03,29,68.98,100,76.66,100,58.58
22.0,47.4,0.00,0.00,23,21.03,32,68.98,100,76.66,100,58.58
25.0,47.3,0.00,0.00,33,21.03,82,68.98,100,76.66,100,58.58
22.1,47.3,0.00,0.00,42,21.03,97,68.98,100,76.66,100,58.58
24.4,47.3,0.00,0.00,42,21.03,97,68.98,100,76.66,100,58.58
18.2,47.4,0.00,0.00,43,21.03,63,68.98,100,76.66,100,58.58
19.7,47.3,0.00,0.00,19,21.03,30,68.98,100,76.66,100,58.58
19.5,47.3,0.00,0.00,22,21.03,39,68.98,100,76.66,100,58.58
20.5,47.4,0.00,0.00,24,21.03,34,68.98,100,76.66,100,58.58
20.3,47.4,0.00,0.00,22,21.03,44,68.98,100,76.66,100,58.58
24.3,47.3,0.00,0.00,43,21.03,97,68.98,100,76.66,100,58.58
30.4,47.3,0.00,0.00,43,21.03,97,69.1,100,76.66,100,58.58
87.1,46.5,0.00,0.00,35,21.03,100,69.1,100,76.66,100,58.58
18.9,46.7,0.00,0.00,19,21.03,34,69.1,100,76.66,100,58.58
18.6,46.9,0.00,0.00,17,21.03,35,69.1,100,76.66,100,58.58
23.1,47.0,0.00,0.00,22,21.03,33,69.1,100,76.66,100,58.58
18.8,47.2,0.00,0.00,16,21.03,29,69.1,100,76.66,100,58.58
18.7,47.3,0.00,0.00,17,21.03,34,69.1,100,76.66,100,58.58
21.2,47.3,0.00,0.00,29,21.03,85,69.1,100,76.66,100,58.58
18.1,47.4,0.00,0.00,40,21.03,91,69.1,100,76.66,100,58.58
19.2,47.4,0.00,0.00,18,21.03,36,69.1,100,76.66,100,58.58
17.2,47.4,0.00,0.00,20,21.03,46,69.1,100,76.66,100,58.58
21.0,47.4,0.00,0.00,19,21.03,29,69.1,100,76.66,100,58.58
18.7,47.4,0.00,0.00,21,21.03,30,69.1,100,76.66,100,58.58
17.5,46.4,0.00,0.00,31,21.03,51,69.1,100,76.66,100,58.58
17.9,46.6,0.00,0.00,18,21.03,19,69.1,100,76.66,100,58.58
19.3,46.7,0.00,0.00,21,21.03,17,69.1,100,76.66,100,58.58
52.4,46.9,0.00,0.00,22,21.03,17,69.1,100,76.66,100,58.58
25.1,47.1,0.00,0.00,24,21.03,25,69.1,100,76.66,100,58.58
26.9,47.2,0.00,0.00,37,21.03,69,69.1,100,76.66,100,58.58
24.7,47.3,0.00,0.00,43,21.03,100,69.1,100,76.66,100,58.58
21.0,47.4,0.00,0.00,43,21.03,82,69.1,100,76.66,100,58.58
18.2,47.4,0.00,0.00,17,21.03,41,69.1,100,76.66,100,58.58
20.5,47.4,0.00,0.00,21,21.03,35,69.1,100,76.66,100,58.58
29.8,47.4,0.00,0.00,25,21.03,39,69.1,36,21.03,10,2.95
13.7,37.1,0.00,0.00,24,21.03,47,69.1,23,21.03,0,2.95
19.9,37.1,0.00,0.00,42,21.03,100,69.1,46,21.03,0,2.95
23.3,37.5,0.00,0.00,39,21.03,99,69.1,43,21.03,0,2.95
23.0,37.9,0.00,0.00,43,21.03,99,69.1,42,21.03,0,2.95
12.3,38.0,0.00,0.00,21,21.03,60,69.1,23,21.03,0,8.08
18.4,39.2,0.00,0.00,22,21.03,39,69.1,23,21.03,7,19.87
18.8,41.8,0.00,0.00,23,20.83,48,69.1,25,21.03,7,29.49
17.8,40.6,0.00,0.00,4,2.95,42,69.1,35,21.03,0,29.49
25.3,41.3,0.00,0.00,0,2.95,99,69.1,39,21.03,0,29.49
24.6,41.9,0.00,0.00,0,2.95,99,69.1,45,21.03,0,29.49
37.9,45.9,0.00,0.00,6,14.91,98,69.1,41,23.16,0,29.49
17.1,50.3,0.00,0.00,6,26.05,39,69.1,26,29.24,0,29.49
77.8,53.4,0.00,0.00,10,39.84,48,69.1,25,45.99,13,38.08
26.0,54.0,0.00,0.00,0,39.84,39,69.1,20,46.85,12,38.08
54.8,54.4,0.00,0.00,0,39.84,34,69.1,37,46.85,49,38.08
27.3,55.0,0.00,0.00,0,39.84,97,69.1,36,46.85,62,38.08
26.8,55.7,0.00,0.00,0,39.84,97,69.1,39,46.85,65,38.08
82.6,56.4,0.00,0.00,0,48.75,98,69.1,3,28.77,12,38.08
14.7,51.7,0.00,0.00,15,48.75,33,69.1,3,57.23,13,38.08
14.2,52.0,0.00,0.00,18,48.75,47,69.1,82,57.23,13,38.08
20.6,52.2,0.00,0.00,16,48.75,31,69.1,76,57.23,18,38.08
14.0,52.3,0.00,0.00,16,48.75,39,69.1,77,57.23,16,38.08
58.2,52.5,0.00,0.00,37,48.75,64,69.1,99,57.23,57,38.08
29.8,52.6,0.00,0.00,97,48.75,100,69.1,99,57.23,67,38.08
30.2,52.6,0.00,0.00,97,48.75,100,69.1,99,57.23,66,38.08
14.4,52.6,0.00,0.00,98,48.75,88,69.1,100,57.23,17,38.08
14.2,52.6,0.00,0.00,17,48.75,33,69.1,89,57.23,17,38.08
13.4,52.6,0.00,0.00,18,48.75,42,69.1,85,57.23,17,38.08
13.1,52.6,0.00,0.00,20,48.75,32,69.1,89,57.23,20,38.08
11.4,52.6,0.00,0.00,18,48.75,38,69.1,90,57.23,68,38.08
27.6,52.6,0.00,0.00,92,48.75,100,69.1,99,57.23,68,38.08
30.1,52.6,0.00,0.00,97,48.75,100,69.1,99,57.23,69,38.08
27.1,52.6,0.00,0.00,97,48.75,99,69.1,100,57.23,38,38.08
14.3,51.8,0.00,0.00,38,48.75,35,69.1,100,57.23,13,38.08
65.5,51.9,0.00,0.00,19,48.75,38,69.1,76,57.23,22,38.08
14.8,52.1,0.00,0.00,20,48.75,31,69.1,80,57.23,13,38.08
14.4,52.2,0.00,0.00,16,48.75,34,69.1,82,57.23,18,38.08
30.5,52.4,0.00,0.00,19,48.75,66,69.1,99,57.23,69,38.08
25.4,47.4,0.00,0.00,96,48.75,74,46.92,100,57.23,68,38.08
30.3,47.7,0.00,0.00,94,48.75,64,46.92,99,57.23,64,38.08
18.3,48.1,0.00,0.00,61,48.75,37,46.92,99,57.23,18,38.08
12.0,48.3,0.00,0.00,18,48.75,16,46.92,100,57.23,17,38.08
12.2,48.3,0.00,0.00,21,48.75,19,47.04,94,57.23,17,38.08
18.1,50.2,0.00,0.00,21,48.75,22,59.52,98,57.23,18,38.08
33.8,53.7,0.00,0.00,21,48.75,34,72.41,100,57.23,70,38.08
27.8,55.7,0.00,0.00,98,48.75,69,75.46,100,57.23,70,38.08
67.6,55.9,0.00,0.00,98,48.75,67,75.46,100,57.23,28,46.8
17.9,54.4,0.00,0.00,69,57.66,44,75.46,99,57.23,20,46.8
60.2,54.8,0.00,0.00,17,57.66,20,75.46,99,57.23,15,46.8
20.0,55.3,0.00,0.00,20,57.66,17,75.46,99,57.23,19,46.8
34.8,55.8,0.00,0.00,18,57.66,17,79.59,100,57.23,12,46.8
20.0,56.3,0.00,0.00,18,57.66,33,79.59,81,57.23,33,46.8
91.5,56.9,0.00,0.00,78,57.66,94,79.59,99,57.23,62,46.8
31.9,57.2,0.00,0.00,89,57.66,97,79.59,100,57.23,62,46.8
32.8,57.5,0.00,0.00,95,57.66,96,79.59,99,57.23,30,46.8
32.6,57.6,0.00,0.00,37,57.66,54,79.59,100,57.23,17,46.8
11.3,57.8,0.00,0.00,18,57.66,40,79.59,80,57.23,17,46.8
12.0,57.8,0.00,0.00,20,57.66,40,79.59,92,57.23,20,46.8
13.7,57.8,0.00,0.00,18,57.66,39,79.59,88,57.23,17,46.8
31.6,57.8,0.00,0.00,37,57.66,92,79.59,100,57.23,66,46.8
26.7,57.7,0.00,0.00,97,57.66,97,79.59,99,57.23,64,46.8
30.8,57.8,0.00,0.00,96,57.66,97,79.59,99,57.23,65,46.8
15.8,57.8,0.00,0.00,32,57.66,46,79.59,100,57.23,14,46.8
12.5,57.8,0.00,0.00,19,57.66,43,79.59,92,57.23,18,46.8
15.4,57.8,0.00,0.00,18,57.66,40,79.59,82,57.23,17,46.8
12.9,57.8,0.00,0.00,18,57.66,43,79.59,90,57.23,17,46.8
13.5,57.8,0.00,0.00,18,57.66,37,79.59,90,57.23,65,46.8
27.5,57.8,0.00,0.00,81,57.66,98,79.59,100,57.23,67,46.8
29.8,57.8,0.00,0.00,96,57.66,97,79.59,100,57.23,68,46.8
31.0,57.8,0.00,0.00,97,57.66,97,79.59,100,57.23,39,46.8
12.6,57.8,0.00,0.00,19,57.66,39,79.59,99,57.23,14,46.8
14.9,57.8,0.00,0.00,20,57.66,45,79.59,99,57.23,16,46.8
12.7,57.8,0.00,0.00,20,57.66,42,79.59,87,57.23,19,46.8
15.6,57.8,0.00,0.00,18,57.66,40,79.59,91,57.23,41,46.8
30.3,57.8,0.00,0.00,35,57.66,98,79.59,100,57.23,63,46.8
30.4,57.8,0.00,0.00,97,57.66,97,79.59,99,57.23,66,46.8
64.0,55.9,0.00,0.00,97,57.66,93,79.59,100,57.23,27,46.8
17.9,56.2,0.00,0.00,45,57.66,32,79.59,100,57.23,15,46.8
14.9,56.5,0.00,0.00,18,57.66,40,79.59,83,57.23,16,46.8
19.5,56.8,0.00,0.00,18,57.66,39,79.59,73,57.23,16,46.8
57.6,57.1,0.00,0.00,18,57.66,33,79.59,77,57.23,17,46.8
15.3,57.5,0.00,0.00,18,57.66,36,79.59,87,57.23,41,46.8
32.4,57.7,0.00,0.00,73,57.66,99,79.59,100,57.23,70,46.8
27.7,57.8,0.00,0.00,97,57.66,98,79.59,99,57.23,34,46.92
51.1,56.8,0.00,0.00,83,57.66,59,79.59,100,57.23,12,46.92
14.8,57.0,0.00,0.00,17,57.66,38,79.59,84,57.23,19,46.92
14.4,57.1,0.00,0.00,18,57.66,41,79.59,100,57.23,12,46.92
14.6,57.4,0.00,0.00,19,57.66,44,79.59,95,57.23,15,46.92
15.2,57.5,0.00,0.00,18,57.66,67,79.59,95,57.23,38,46.92
99.2,57.6,0.00,0.00,27,57.66,67,79.59,94,57.23,15,46.92
43.5,56.9,0.00,0.00,17,57.66,44,79.59,0,57.23,15,46.92
20.0,57.0,0.00,0.00,20,57.66,49,79.59,0,57.23,17,46.92
57.7,57.2,0.00,0.00,20,57.66,47,79.59,0,57.23,21,46.92
28.6,57.4,0.00,0.00,49,57.66,71,79.59,0,57.23,66,46.92
27.5,57.6,0.00,0.00,94,57.66,97,79.59,0,57.23,69,46.92
28.2,57.7,0.00,0.00,96,57.66,99,79.59,99,57.23,54,46.92
16.9,57.8,0.00,0.00,95,57.66,55,79.59,100,57.23,19,46.92
16.2,57.8,0.00,0.00,18,57.66,50,79.59,81,57.23,17,46.92
17.2,57.8,0.00,0.00,20,57.66,39,79.59,83,57.23,20,46.92
12.8,57.8,0.00,0.00,20,57.66,47,79.59,84,57.23,20,46.92
19.9,57.8,0.00,0.00,19,57.66,36,79.59,99,57.23,65,46.92
28.0,57.7,0.00,0.00,97,57.66,99,83.71,100,57.23,65,46.92
31.4,56.9,0.00,0.00,94,57.66,98,83.71,99,57.23,69,46.92
20.9,57.2,0.00,0.00,88,57.66,98,83.71,99,57.23,14,46.92
12.7,57.3,0.00,0.00,17,57.66,41,83.71,91,57.23,16,46.92
47.8,57.4,0.00,0.00,15,57.66,43,83.71,82,57.23,17,46.92
15.1,57.6,0.00,0.00,18,57.66,36,83.71,89,57.23,17,46.92
15.1,57.8,0.00,0.00,16,57.66,42,83.71,85,57.23,16,46.92
32.6,57.8,0.00,0.00,29,57.66,76,83.71,99,57.23,70,46.92
28.8,57.8,0.00,0.00,97,57.66,98,83.71,99,57.23,66,46.92
26.8,56.8,0.00,0.00,84,57.66,99,83.71,99,57.23,64,46.92
53.6,57.0,0.00,0.00,55,57.66,69,83.71,100,57.23,15,46.92
15.0,57.2,0.00,0.00,17,57.66,37,83.71,85,57.23,23,46.92
12.7,57.4,0.00,0.00,18,57.66,40,83.71,89,57.23,12,46.92
19.6,57.5,0.00,0.00,18,57.66,38,83.71,82,57.23,24,46.92
15.1,57.7,0.00,0.00,18,57.66,36,83.71,88,57.23,14,46.92
30.4,57.8,0.00,0.00,45,57.66,98,83.71,100,57.23,65,46.92
28.8,57.8,0.00,0.00,96,57.66,99,83.71,100,57.23,66,46.92
28.6,57.8,0.00,0.00,97,57.66,99,83.71,100,57.23,41,46.92
15.4,57.8,0.00,0.00,17,57.66,44,83.71,100,57.23,12,46.92
12.9,57.8,0.00,0.00,20,57.66,42,83.71,100,57.23,21,46.92
18.3,57.8,0.00,0.00,20,57.66,42,83.71,99,57.23,16,46.92
13.5,57.8,0.00,0.00,21,57.66,49,83.71,84,57.23,29,46.92
31.0,57.8,0.00,0.00,65,57.66,99,83.71,100,57.23,38,24.93
29.6,52.5,0.00,0.00,97,57.66,99,83.71,100,57.23,64,24.93
27.5,52.5,0.00,0.00,97,57.66,99,83.71,99,57.23,68,24.93
16.1,51.7,0.00,0.00,80,57.66,73,83.71,99,57.23,15,24.93
13.6,51.8,0.00,0.00,16,57.66,40,83.71,84,57.23,17,24.93
90.6,52.0,0.00,0.00,17,57.66,49,83.71,79,57.23,18,24.93
13.0,52.2,0.00,0.00,18,57.66,36,83.71,78,57.23,17,24.93
13.3,52.3,0.00,0.00,18,57.66,46,83.71,86,57.23,54,24.93
31.8,52.5,0.00,0.00,83,57.66,98,83.71,100,57.23,71,24.93
29.3,52.5,0.00,0.00,98,57.66,97,83.71,100,57.23,66,24.93
30.2,52.5,0.00,0.00,96,57.66,98,83.71,100,57.23,15,24.93
17.5,52.6,0.00,0.00,44,57.66,38,83.71,100,57.23,19,24.93
14.2,52.6,0.00,0.00,19,57.66,41,83.71,100,57.23,17,24.93
14.9,52.5,0.00,0.00,20,57.66,46,83.71,90,57.23,15,24.93
14.8,52.6,0.00,0.00,18,57.66,44,83.71,91,57.23,23,24.93
34.2,52.5,0.00,0.00,35,57.66,98,83.71,99,57.23,63,24.93
32.3,52.5,0.00,0.00,95,57.66,98,83.71,99,57.23,65,24.93
24.9,51.6,0.00,0.00,60,57.66,98,83.71,99,57.23,55,24.93
39.7,51.8,0.00,0.00,33,57.66,78,83.71,100,57.23,19,24.93
13.2,52.0,0.00,0.00,19,57.66,39,83.71,93,57.23,17,24.93
70.8,52.1,0.00,0.00,14,57.66,38,83.71,79,57.23,13,24.93
18.0,52.3,0.00,0.00,16,57.66,39,83.71,98,57.23,18,24.93
12.1,52.4,0.00,0.00,14,57.66,37,83.71,86,57.23,27,24.93
29.1,52.5,0.00,0.00,36,57.66,98,83.71,100,57.23,74,24.93
29.2,52.5,0.00,0.00,97,57.66,100,83.71,100,57.23,71,24.93
28.3,52.6,0.00,0.00,98,57.66,99,83.71,99,57.23,48,24.93
12.8,52.6,0.00,0.00,30,57.66,74,83.71,100,57.23,14,24.93
12.6,52.6,0.00,0.00,19,57.66,41,83.71,85,57.23,21,24.93
12.7,52.6,0.00,0.00,20,57.66,45,83.71,86,57.23,12,24.93
13.9,52.6,0.00,0.00,18,57.66,37,83.71,89,57.23,18,24.93
19.5,51.6,0.00,0.00,20,57.66,52,83.71,95,57.23,56,24.93
30.6,51.7,0.00,0.00,83,57.66,96,83.71,100,57.23,70,24.93
54.1,51.9,0.00,0.00,94,57.66,97,83.71,100,57.23,71,24.93
19.4,52.2,0.00,0.00,96,57.66,97,83.71,100,57.23,12,24.93
15.2,52.3,0.00,0.00,19,57.66,43,83.71,99,57.23,17,24.93
20.5,52.5,0.00,0.00,19,57.66,38,83.71,77,57.23,14,24.93
16.2,52.5,0.00,0.00,21,57.66,44,83.71,100,57.23,20,2.95
14.6,47.3,0.00,0.00,19,57.66,45,83.71,100,57.23,0,2.95
25.4,47.6,0.00,0.00,26,57.66,94,83.71,100,57.23,0,2.95
25.5,47.9,0.00,0.00,92,57.66,96,83.71,99,57.23,0,3.25
25.5,48.7,0.00,0.00,95,57.66,98,83.71,100,57.23,9,17.87
17.2,52.4,0.00,0.00,55,57.66,82,83.71,100,57.23,8,31.47
14.2,55.4,0.00,0.00,21,57.66,44,83.71,100,57.23,0,31.49
15.5,55.6,0.00,0.00,18,57.66,38,83.71,94,57.23,0,31.49
19.8,55.8,0.00,0.00,18,57.66,43,83.71,44,2.95,0,31.49
19.7,50.8,0.00,0.00,62,57.66,95,83.71,0,2.95,0,31.49
18.8,51.0,0.00,0.00,98,57.66,98,83.71,0,2.95,0,31.49
28.3,50.4,0.00,0.00,97,57.66,97,83.71,0,2.95,71,39.35
15.1,50.8,0.00,0.00,86,57.66,45,83.71,0,2.95,19,39.35
13.3,51.2,0.00,0.00,19,57.66,48,83.71,0,2.95,19,39.35
16.0,51.5,0.00,0.00,17,57.66,48,83.71,0,2.95,19,39.35
94.1,51.8,0.00,0.00,21,57.66,42,83.71,0,2.95,19,39.35
37.4,52.2,0.00,0.00,23,57.66,63,83.71,0,2.95,94,39.35
53.3,51.6,0.00,0.00,97,57.66,97,83.71,0,2.95,95,39.35
27.5,51.8,0.00,0.00,97,57.66,99,83.71,0,2.95,93,39.35
20.4,52.0,0.00,0.00,52,57.66,64,83.71,0,2.95,25,39.35
15.1,52.2,0.00,0.00,21,57.66,39,83.71,0,2.95,20,39.35
15.6,52.4,0.00,0.00,16,57.66,40,83.71,0,2.95,16,39.35
11.1,52.5,0.00,0.00,21,57.66,39,83.71,0,2.95,26,39.35
23.6,52.6,0.00,0.00,20,57.66,50,83.71,0,2.95,95,39.35
26.2,52.6,0.00,0.00,97,57.66,99,83.71,0,2.95,30,39.35
15.9,52.6,0.00,0.00,17,57.66,46,83.71,0,2.95,23,39.35
10.0,52.6,0.00,0.00,21,57.66,49,83.71,0,2.95,27,39.35
10.9,52.6,0.00,0.00,21,57.66,42,83.71,0,2.95,28,39.35
11.3,52.6,0.00,0.00,21,57.66,44,83.71,0,2.95,62,39.35
11.3,52.6,0.00,0.00,45,57.66,72,83.71,0,2.95,24,39.35
9.8,52.6,0.00,0.00,21,57.66,43,83.71,0,2.95,25,39.35
13.3,52.6,0.00,0.00,21,57.66,45,83.71,0,2.95,24,39.35
9.4,52.6,0.00,0.00,21,57.66,47,83.71,0,2.95,64,39.35
27.9,52.5,0.00,0.00,49,57.66,99,83.71,0,2.95,96,39.35
25.7,52.6,0.00,0.00,97,57.66,98,83.71,0,2.95,95,39.35
25.9,52.6,0.00,0.00,98,57.66,99,83.71,0,2.95,96,39.35
11.1,52.6,0.00,0.00,18,57.66,76,83.71,0,2.95,29,39.35
13.6,52.6,0.00,0.00,18,57.66,47,83.71,0,2.95,29,39.35
14.6,52.6,0.00,0.00,21,57.66,48,83.71,0,2.95,27,39.35
12.8,52.6,0.00,0.00,21,57.66,49,83.71,0,2.95,70,39.35
24.9,52.6,0.00,0.00,51,57.66,99,83.71,0,2.95,96,39.35
25.1,52.6,0.00,0.00,97,57.66,99,83.71,0,2.95,97,39.35
26.4,52.5,0.00,0.00,97,57.66,98,83.71,0,2.95,97,39.35
12.1,51.7,0.00,0.00,22,57.66,68,83.71,0,2.95,29,39.35
58.8,50.9,0.00,0.00,21,57.66,49,83.71,0,2.95,20,39.35
94.7,51.2,0.00,0.00,21,57.66,43,83.71,0,2.95,21,39.35
18.1,51.6,0.00,0.00,14,57.66,45,83.71,0,2.95,21,39.35
34.5,52.0,0.00,0.00,17,57.66,80,83.71,0,2.95,95,39.35
28.7,52.4,0.00,0.00,94,57.66,97,83.71,0,2.95,97,39.35
25.1,52.6,0.00,0.00,94,57.66,99,83.71,0,2.95,55,47.26
10.9,51.7,0.00,0.00,94,57.66,98,83.71,0,2.95,21,47.26
11.9,51.9,0.00,0.00,17,57.66,37,83.71,0,2.95,21,47.26
14.1,52.0,0.00,0.00,20,57.66,38,83.71,0,2.95,24,47.26
12.0,52.2,0.00,0.00,18,57.66,49,83.71,0,2.95,21,47.26
14.0,52.4,0.00,0.00,21,57.66,42,83.71,0,2.95,91,47.26
23.6,52.5,0.00,0.00,91,57.66,99,83.71,0,2.95,97,47.26
23.6,52.5,0.00,0.00,98,57.66,98,83.71,0,2.95,97,47.26
16.6,52.6,0.00,0.00,98,57.66,97,83.71,0,2.95,30,47.26
11.5,52.6,0.00,0.00,20,57.66,45,83.71,0,2.95,20,47.26
11.3,52.6,0.00,0.00,19,57.66,38,83.71,0,2.95,20,47.26
13.6,52.6,0.00,0.00,21,57.66,44,83.71,0,2.95,20,47.26
12.4,52.6,0.00,0.00,22,57.66,45,83.71,0,2.95,94,47.26
23.9,52.5,0.00,0.00,97,57.66,99,83.71,0,2.95,97,47.26
26.0,52.5,0.00,0.00,98,57.66,99,83.71,0,2.95,97,47.26
22.1,52.6,0.00,0.00,91,57.66,83,83.71,0,2.95,22,47.26
13.4,51.7,0.00,0.00,20,57.66,41,83.71,0,2.95,20,47.26
11.7,51.9,0.00,0.00,20,57.66,50,83.71,0,2.95,24,47.26
12.7,52.0,0.00,0.00,19,57.66,46,83.71,0,2.95,28,47.26
67.5,52.2,0.00,0.00,21,57.66,38,83.71,0,2.95,74,47.26
25.8,52.4,0.00,0.00,92,57.66,98,83.71,0,2.95,97,47.26
23.1,52.5,0.00,0.00,98,57.66,99,83.71,0,2.95,97,47.26
24.5,51.9,0.00,0.00,83,57.66,99,83.71,0,2.95,24,47.26
12.1,51.8,0.00,0.00,20,57.66,40,83.71,0,2.95,21,47.26
13.1,52.0,0.00,0.00,21,57.66,43,83.71,0,2.95,25,47.26
11.8,52.1,0.00,0.00,19,57.66,43,83.71,0,2.95,24,47.26
12.6,52.3,0.00,0.00,21,57.66,47,83.71,0,2.95,51,47.26
46.7,52.5,0.00,0.00,65,57.66,96,83.71,0,2.95,96,47.26
25.6,52.6,0.00,0.00,98,57.66,100,83.71,0,2.95,97,47.26
25.3,52.6,0.00,0.00,98,57.66,99,83.71,0,2.95,44,47.26
11.6,52.6,0.00,0.00,19,57.66,44,83.71,0,2.95,28,47.26
12.6,52.6,0.00,0.00,21,57.66,48,83.71,0,2.95,18,47.26
11.3,52.6,0.00,0.00,21,57.66,48,83.71,0,2.95,17,47.26
13.3,52.6,0.00,0.00,21,57.66,47,83.71,0,2.95,61,47.26
24.2,52.6,0.00,0.00,75,57.66,99,83.71,0,2.95,96,47.26
24.6,52.5,0.00,0.00,98,57.66,98,83.71,0,2.95,96,47.26
20.3,52.5,0.00,0.00,98,57.66,98,83.71,0,2.95,41,47.31
10.9,51.7,0.00,0.00,17,57.66,38,83.71,0,2.95,32,47.31
13.3,51.8,0.00,0.00,20,57.66,41,83.71,0,2.95,21,47.31
13.7,52.0,0.00,0.00,21,57.66,44,83.71,0,2.95,28,47.31
15.1,52.2,0.00,0.00,18,57.66,38,83.71,0,2.95,32,47.31
27.4,52.4,0.00,0.00,34,57.66,98,83.71,0,2.95,94,47.31
24.0,52.6,0.00,0.00,94,57.66,98,83.71,0,2.95,97,47.31
23.6,52.6,0.00,0.00,98,57.66,98,83.71,0,2.95,75,47.31
14.6,51.7,0.00,0.00,42,57.66,61,83.71,0,2.95,20,47.31
11.8,51.9,0.00,0.00,21,57.66,51,83.71,0,2.95,21,47.31
52.6,52.0,0.00,0.00,20,57.66,50,83.71,0,2.95,20,47.31
13.8,52.2,0.00,0.00,20,57.66,40,83.71,0,2.95,42,47.31
38.4,52.4,0.00,0.00,88,57.66,97,83.71,0,2.95,96,47.31
25.5,52.6,0.00,0.00,97,57.66,98,83.71,0,2.95,97,47.31
23.5,51.9,0.00,0.00,66,57.66,98,83.71,0,2.95,62,47.31
13.1,51.8,0.00,0.00,27,57.66,50,83.71,0,2.95,20,47.31
12.0,52.0,0.00,0.00,19,57.66,44,83.71,0,2.95,17,47.31
12.7,52.1,0.00,0.00,21,57.66,35,83.71,0,2.95,20,47.31
14.3,52.3,0.00,0.00,21,57.66,40,83.71,0,2.95,55,47.31
67.7,52.4,0.00,0.00,42,57.66,97,83.71,0,2.95,97,47.31
24.3,52.5,0.00,0.00,98,57.66,98,83.71,0,2.95,96,47.31
24.7,52.5,0.00,0.00,98,57.66,98,83.71,0,2.95,95,47.31
8.7,52.6,0.00,0.00,36,57.66,80,83.71,0,2.95,21,47.31
13.4,52.6,0.00,0.00,21,57.66,51,83.71,0,2.95,20,47.31
13.4,52.6,0.00,0.00,21,57.66,52,83.71,0,2.95,23,47.31
11.7,52.6,0.00,0.00,21,57.66,50,83.71,0,2.95,57,47.31
23.6,52.5,0.00,0.00,37,57.66,98,83.71,0,2.95,97,47.31
27.8,52.5,0.00,0.00,97,57.66,97,83.71,0,2.95,93,47.31
26.2,51.7,0.00,0.00,96,57.66,97,83.71,0,2.95,96,47.31
11.9,51.9,0.00,0.00,35,57.66,69,83.71,0,2.95,24,47.31
79.8,52.1,0.00,0.00,20,57.66,44,83.71,0,2.95,17,47.31
12.9,52.3,0.00,0.00,20,57.66,42,83.71,0,2.95,20,47.31
14.2,52.4,0.00,0.00,21,57.66,40,83.71,0,2.95,30,47.31
30.9,52.5,0.00,0.00,20,57.66,99,83.71,0,2.95,96,47.31
24.7,52.6,0.00,0.00,98,57.66,98,83.71,0,2.95,97,47.31
24.7,52.5,0.00,0.00,98,57.66,99,83.71,0,2.95,52,47.31
15.4,51.5,0.00,0.00,87,57.66,98,83.71,0,2.95,64,25.13
13.7,47.4,0.00,0.00,21,57.66,44,83.71,0,2.95,33,25.13
10.1,47.4,0.00,0.00,21,57.66,65,83.71,0,2.95,48,25.13
10.1,47.3,0.00,0.00,21,57.66,40,83.71,0,2.95,48,25.13
14.5,47.4,0.00,0.00,83,57.66,98,83.71,0,2.95,23,25.13
11.5,47.4,0.00,0.00,23,57.66,46,83.71,0,2.95,20,25.13
10.3,47.4,0.00,0.00,19,57.66,42,83.71,0,2.95,20,25.13
12.2,47.3,0.00,0.00,21,57.66,44,83.71,0,2.95,27,25.13
27.9,47.4,0.00,0.00,21,57.66,44,83.71,0,2.95,51,25.13
8.7,47.3,0.00,0.00,18,57.66,46,83.71,0,2.95,20,25.13
12.7,47.4,0.00,0.00,20,57.66,48,83.71,0,2.95,19,25.13
10.6,47.3,0.00,0.00,21,57.66,46,83.71,0,2.95,20,25.13
15.1,47.4,0.00,0.00,23,57.66,57,83.71,0,2.95,93,25.13
27.5,42.4,0.00,0.00,40,30.31,99,83.71,0,2.95,95,25.13
24.6,42.2,0.00,0.00,97,30.31,99,83.71,0,2.95,95,25.13
24.7,42.2,0.00,0.00,97,30.31,99,83.71,0,2.95,67,25.13
12.1,42.2,0.00,0.00,20,30.31,47,83.71,0,2.95,18,25.13
11.9,42.2,0.00,0.00,19,30.31,54,83.71,0,2.95,20,25.13
10.1,42.2,0.00,0.00,22,30.31,53,83.71,0,2.95,20,25.13
11.7,42.2,0.00,0.00,21,30.31,41,83.71,0,2.95,96,25.13
24.3,42.2,0.00,0.00,58,30.31,99,83.71,0,2.95,96,25.13
25.9,42.2,0.00,0.00,98,30.31,99,83.71,0,2.95,96,25.13
31.1,42.2,0.00,0.00,98,30.31,94,83.71,0,2.95,61,25.13
11.9,41.4,0.00,0.00,20,30.31,44,83.71,0,2.95,24,25.13
13.6,41.6,0.00,0.00,18,30.31,43,83.71,0,2.95,20,25.13
13.7,41.7,0.00,0.00,20,30.31,41,83.71,0,2.95,20,25.13
14.3,41.9,0.00,0.00,21,30.31,43,83.71,0,2.95,89,25.13
28.9,42.0,0.00,0.00,33,30.31,98,83.71,0,2.95,95,25.13
22.3,42.2,0.00,0.00,95,30.31,99,83.71,0,2.95,95,25.13
23.9,42.2,0.00,0.00,98,30.31,99,83.71,0,2.95,74,25.13
10.3,42.2,0.00,0.00,39,30.31,52,83.71,0,2.95,21,25.13
11.8,42.2,0.00,0.00,21,30.31,39,83.71,0,2.95,24,25.13
12.1,42.2,0.00,0.00,21,30.31,41,83.71,0,2.95,24,25.13
12.6,42.2,0.00,0.00,21,30.31,41,83.71,0,2.95,27,25.13
24.4,42.2,0.00,0.00,34,30.31,99,83.71,0,2.95,96,25.13
24.5,42.2,0.00,0.00,98,30.31,99,83.71,0,2.95,96,25.13
24.9,42.2,0.00,0.00,97,30.31,99,83.71,0,2.95,72,25.13
10.3,42.2,0.00,0.00,43,30.31,82,83.71,0,2.95,22,25.13
17.7,42.2,0.00,0.00,23,30.31,42,83.71,0,2.95,4,2.95
10.0,37.0,0.00,0.00,24,30.31,51,83.71,0,2.95,0,2.95
19.5,37.0,0.00,0.00,28,30.31,57,83.71,0,2.95,0,2.95
16.4,31.3,0.00,0.00,0,2.95,98,83.71,0,2.95,0,2.95
16.7,31.9,0.00,0.00,0,2.95,98,83.71,0,2.95,0,2.95
15.8,32.7,0.00,0.00,0,2.95,98,83.71,2,11.45,0,2.95
89.2,35.8,0.00,0.00,0,2.95,51,83.71,8,23.41,0,2.95
16.4,39.7,0.00,0.00,0,2.95,47,83.71,6,33.93,0,2.95
14.5,40.3,0.00,0.00,0,2.95,46,83.71,0,33.93,0,2.95
49.9,40.8,0.00,0.00,0,2.95,85,83.71,0,33.93,0,2.95
85.5,41.4,0.00,0.00,0,2.95,98,83.71,0,33.93,0,2.95
86.9,43.8,0.00,0.00,1,14.25,99,83.71,0,33.93,0,2.95
14.6,47.7,0.00,0.00,8,26.73,95,83.71,15,48.85,0,2.95
79.8,49.6,0.00,0.00,4,29.49,44,83.71,52,48.85,0,2.95
97.1,49.9,0.00,0.00,0,29.49,43,83.71,47,48.85,0,2.95
10.4,50.2,0.00,0.00,0,29.49,42,83.71,38,48.85,0,2.95
99.4,50.6,0.00,0.00,0,29.49,95,83.71,95,48.85,0,2.95
21.5,51.1,0.00,0.00,0,29.49,97,83.71,96,48.85,0,2.95
21.6,51.7,0.00,0.00,23,38.08,98,83.71,94,48.85,0,2.95
13.4,51.9,0.00,0.00,63,38.08,91,83.71,68,48.85,0,2.95
16.2,52.1,0.00,0.00,18,38.08,41,83.71,41,48.85,0,2.95
14.6,52.3,0.00,0.00,20,38.08,41,83.71,43,48.85,0,2.95
12.3,52.4,0.00,0.00,17,38.08,40,83.71,52,48.85,0,2.95
98.7,52.5,0.00,0.00,27,38.08,86,83.71,96,48.85,0,2.95
22.8,52.7,0.00,0.00,67,38.08,99,83.71,96,48.85,0,2.95
21.4,52.7,0.00,0.00,69,38.08,99,83.71,96,48.85,0,2.95
13.8,52.8,0.00,0.00,45,38.08,60,83.71,95,48.85,0,2.95
10.5,52.8,0.00,0.00,17,38.08,37,83.71,51,48.85,0,2.95
14.4,52.8,0.00,0.00,15,38.08,40,83.71,37,48.85,0,2.95
11.3,52.8,0.00,0.00,12,38.08,40,83.71,44,48.85,0,2.95
29.6,52.8,0.00,0.00,14,38.08,64,83.71,96,48.85,0,2.95
21.2,52.7,0.00,0.00,65,38.08,99,83.71,97,48.85,0,2.95
21.0,52.7,0.00,0.00,66,38.08,99,83.71,96,48.85,0,2.95
18.8,51.8,0.00,0.00,68,38.08,73,83.71,97,48.85,0,2.95
94.6,52.0,0.00,0.00,15,38.08,44,83.71,49,48.85,0,2.95
10.9,52.2,0.00,0.00,20,38.08,39,83.71,61,48.85,0,2.95
49.8,52.3,0.00,0.00,17,38.08,48,83.71,52,48.85,0,2.95
14.5,52.5,0.00,0.00,17,38.08,45,83.71,74,48.85,0,2.95
25.2,52.7,0.00,0.00,54,38.08,98,83.71,96,48.85,0,2.95
21.5,52.8,0.00,0.00,64,38.08,98,83.71,96,48.85,0,2.95
16.6,52.8,0.00,0.00,67,38.08,98,83.71,96,48.85,0,2.95
9.3,52.8,0.00,0.00,20,38.08,48,83.71,61,48.85,0,2.95
13.3,52.8,0.00,0.00,22,38.08,43,83.71,60,48.85,0,2.95
13.5,52.8,0.00,0.00,21,38.08,42,83.71,56,48.85,0,2.95
12.9,52.8,0.00,0.00,18,38.08,44,83.71,83,48.85,0,2.95
21.5,52.8,0.00,0.00,59,38.08,98,83.71,96,48.85,0,2.95
20.8,52.8,0.00,0.00,66,38.08,98,83.71,96,48.85,0,2.95
15.2,52.8,0.00,0.00,64,38.08,96,83.71,96,48.85,0,2.95
10.6,52.8,0.00,0.00,17,38.08,49,83.71,65,48.85,0,2.95
14.3,52.0,0.00,0.00,20,38.08,66,83.71,62,48.85,0,2.95
32.6,52.1,0.00,0.00,23,38.08,49,83.71,53,48.85,0,2.95
25.8,52.3,0.00,0.00,17,38.08,45,83.71,78,48.85,0,2.95
20.7,51.5,0.00,0.00,54,46.8,99,83.71,95,48.85,0,2.95
24.5,51.9,0.00,0.00,56,46.8,95,83.71,97,48.85,0,2.95
18.6,52.3,0.00,0.00,64,46.8,84,83.71,96,48.85,0,2.95
12.0,52.4,0.00,0.00,17,46.8,47,83.71,63,48.85,0,2.95
14.8,52.7,0.00,0.00,17,46.8,36,83.71,46,48.85,0,2.95
15.3,52.8,0.00,0.00,15,46.8,38,83.71,38,48.85,0,2.95
9.7,52.8,0.00,0.00,20,46.8,44,83.71,70,48.85,0,2.95
20.6,52.8,0.00,0.00,66,46.8,98,83.71,97,48.85,0,2.95
21.0,52.8,0.00,0.00,69,46.8,99,83.71,97,48.85,0,2.95
18.8,52.8,0.00,0.00,71,46.8,98,83.71,97,48.85,0,2.95
14.3,52.8,0.00,0.00,25,46.8,49,83.71,52,48.85,0,2.95
13.2,52.8,0.00,0.00,20,46.8,40,83.71,46,48.85,0,2.95
14.4,52.8,0.00,0.00,20,46.8,41,83.71,49,48.85,0,2.95
10.5,52.8,0.00,0.00,20,46.8,43,83.71,76,49.17,0,2.95
24.2,51.9,0.00,0.00,68,46.8,99,83.71,96,64.08,0,2.95
16.8,52.0,0.00,0.00,14,46.8,48,83.71,60,64.08,0,2.95
12.8,52.2,0.00,0.00,16,46.8,46,83.71,45,64.08,0,2.95
16.0,52.4,0.00,0.00,23,46.8,40,83.71,58,64.08,0,2.95
12.6,52.6,0.00,0.00,13,46.8,44,83.71,47,64.08,0,2.95
25.8,52.7,0.00,0.00,23,46.8,80,83.71,96,64.08,0,2.95
11.1,52.9,0.00,0.00,68,46.8,98,83.71,97,64.08,0,2.95
11.4,52.9,0.00,0.00,17,46.8,44,83.71,64,64.08,0,2.95
13.9,52.9,0.00,0.00,20,46.8,46,83.71,66,64.08,0,2.95
14.2,52.8,0.00,0.00,17,46.8,44,83.71,66,64.08,0,2.95
23.3,52.8,0.00,0.00,35,46.8,98,83.71,71,64.08,0,2.95
23.1,52.8,0.00,0.00,64,46.8,99,83.71,97,64.08,0,2.95
21.0,52.8,0.00,0.00,65,46.8,100,83.71,97,64.08,0,2.95
15.9,52.8,0.00,0.00,66,46.8,94,83.71,85,64.08,0,2.95
9.0,52.9,0.00,0.00,14,46.8,42,83.71,50,64.08,0,2.95
10.4,52.9,0.00,0.00,16,46.8,42,83.71,50,64.08,0,2.95
12.4,52.8,0.00,0.00,17,46.8,40,83.71,45,64.08,0,2.95
20.8,52.8,0.00,0.00,33,46.8,99,83.71,90,64.08,0,2.95
25.6,52.0,0.00,0.00,63,46.8,97,83.71,96,64.08,0,2.95
27.0,52.2,0.00,0.00,63,46.8,99,83.71,96,64.08,0,2.95
61.3,52.4,0.00,0.00,63,46.92,87,83.71,84,64.08,0,2.95
13.9,51.7,0.00,0.00,26,46.92,38,83.71,54,64.08,0,2.95
44.8,52.0,0.00,0.00,12,46.92,40,83.71,61,64.08,0,2.95
12.8,52.3,0.00,0.00,20,46.92,41,83.71,45,64.08,0,2.95
29.1,52.5,0.00,0.00,14,46.92,77,83.71,96,64.08,0,2.95
24.1,52.7,0.00,0.00,65,46.92,97,83.71,95,64.08,0,2.95
22.5,52.8,0.00,0.00,69,46.92,99,83.71,97,64.08,0,2.95
15.2,52.9,0.00,0.00,63,46.92,99,83.71,97,64.08,0,2.95
12.3,52.9,0.00,0.00,22,46.92,50,83.71,59,64.08,0,2.95
13.8,52.9,0.00,0.00,17,46.92,49,83.71,63,64.08,0,2.95
16.7,47.8,0.00,0.00,15,46.92,70,61.73,66,64.08,0,2.95
23.5,47.6,0.00,0.00,15,46.92,89,61.73,97,64.08,0,2.95
19.9,47.6,0.00,0.00,71,46.92,99,61.73,98,64.08,0,2.95
20.8,47.6,0.00,0.00,66,46.92,99,61.73,97,64.08,0,2.95
16.3,47.7,0.00,0.00,61,46.92,99,61.73,97,64.08,0,2.95
10.6,47.7,0.00,0.00,15,46.92,37,61.73,62,64.08,0,2.95
13.9,47.6,0.00,0.00,23,46.92,48,61.73,61,64.08,0,2.95
15.2,47.6,0.00,0.00,16,46.92,49,61.73,61,64.08,0,2.95
21.6,47.6,0.00,0.00,16,46.92,97,61.73,97,64.08,0,2.95
20.5,47.6,0.00,0.00,69,46.92,99,61.73,97,64.08,0,2.95
20.3,47.6,0.00,0.00,64,46.92,98,61.73,97,64.08,0,2.95
13.8,47.7,0.00,0.00,57,46.92,91,61.73,91,64.08,0,2.95
8.9,47.7,0.00,0.00,22,46.92,45,61.73,69,64.08,0,2.95
13.1,47.6,0.00,0.00,18,46.92,50,61.73,54,64.08,0,2.95
10.5,47.6,0.00,0.00,17,46.92,35,61.73,40,64.08,0,2.95
23.7,47.7,0.00,0.00,13,46.92,66,61.73,96,64.08,0,2.95
20.2,47.6,0.00,0.00,62,46.92,99,61.73,97,64.08,0,2.95
21.3,47.6,0.00,0.00,71,46.92,99,61.73,97,64.08,0,2.95
16.8,47.6,0.00,0.00,64,46.92,100,61.73,98,64.08,0,2.95
15.3,47.6,0.00,0.00,17,46.92,43,61.73,74,64.08,0,2.95
10.6,47.6,0.00,0.00,18,46.92,38,61.73,62,64.08,0,2.95
11.3,47.6,0.00,0.00,20,46.92,40,61.73,68,64.08,0,2.95
12.6,47.6,0.00,0.00,16,46.92,48,61.73,94,64.08,0,2.95
19.6,47.6,0.00,0.00,57,46.92,98,61.73,97,64.08,0,2.95
23.2,46.7,0.00,0.00,26,46.92,97,61.73,97,64.08,0,2.95
19.5,46.0,0.00,0.00,64,46.92,96,61.73,54,64.4,0,2.95
13.7,46.3,0.00,0.00,12,46.92,40,61.73,48,64.4,0,2.95
36.7,46.6,0.00,0.00,19,46.92,39,61.73,47,64.4,0,2.95
14.6,47.0,0.00,0.00,18,46.92,40,61.73,61,64.4,0,2.95
16.1,47.2,0.00,0.00,14,46.92,42,61.73,63,64.4,0,2.95
23.8,47.5,0.00,0.00,56,46.92,97,61.73,97,64.4,0,2.95
22.4,47.6,0.00,0.00,69,46.92,99,61.73,97,64.4,0,2.95
20.0,47.6,0.00,0.00,72,46.92,99,61.73,98,64.4,0,2.95
12.4,47.7,0.00,0.00,51,46.92,67,61.73,83,64.4,0,2.95
10.7,47.7,0.00,0.00,16,46.92,46,61.73,64,64.4,0,2.95
13.2,47.7,0.00,0.00,17,46.92,48,61.73,62,64.4,0,2.95
16.2,46.7,0.00,0.00,18,46.92,52,61.73,66,64.4,0,2.95
23.2,46.8,0.00,0.00,56,46.92,96,61.73,96,64.4,0,2.95
23.8,47.1,0.00,0.00,60,46.92,97,61.73,95,64.4,0,2.95
94.0,47.3,0.00,0.00,71,46.92,97,61.73,96,64.4,0,2.95
12.0,47.5,0.00,0.00,56,46.92,60,61.73,74,64.4,0,2.95
10.4,47.7,0.00,0.00,19,46.92,48,61.73,66,64.4,0,2.95
17.4,47.7,0.00,0.00,20,46.92,47,61.73,67,64.4,0,2.95
8.5,47.7,0.00,0.00,17,46.92,46,61.73,70,64.4,0,2.95
21.0,47.6,0.00,0.00,46,46.92,98,61.73,97,64.4,0,2.95
20.4,47.6,0.00,0.00,69,46.92,98,61.73,97,64.4,0,2.95
18.8,46.6,0.00,0.00,68,46.92,97,39.74,97,64.4,0,2.95
14.0,42.4,0.00,0.00,17,46.92,39,39.74,84,64.4,0,2.95
13.1,42.4,0.00,0.00,20,46.92,30,39.74,60,64.4,0,2.95
12.4,42.4,0.00,0.00,18,46.92,32,39.74,79,64.4,0,2.95
24.1,42.4,0.00,0.00,22,46.92,53,39.74,65,64.4,0,2.95
100.0,42.5,0.00,0.00,64,46.92,87,39.74,97,64.4,0,2.95
81.7,43.0,0.00,0.00,64,46.92,88,39.74,96,64.4,0,2.95
12.7,43.2,0.00,0.00,68,46.92,86,39.74,97,64.4,0,2.95
15.6,43.4,0.00,0.00,20,46.92,29,39.74,69,64.4,0,8.28
15.3,45.7,0.00,0.00,14,46.92,28,39.74,71,64.4,3,17.18
18.5,47.4,0.00,0.00,19,46.92,24,39.74,59,64.4,7,27.88
21.3,49.6,0.00,0.00,14,46.92,84,39.74,92,64.4,3,44.26
29.4,50.1,0.00,0.00,64,46.92,86,39.74,94,64.4,0,44.26
21.2,50.5,0.00,0.00,66,46.92,86,39.74,96,64.4,0,44.26
15.9,50.9,0.00,0.00,46,46.92,58,39.74,96,64.4,0,44.26
14.4,51.2,0.00,0.00,15,46.92,27,39.74,54,64.4,0,44.26
15.1,51.5,0.00,0.00,16,46.92,28,39.74,61,64.4,0,44.26
12.0,51.6,0.00,0.00,16,46.92,28,39.74,61,64.4,49,73.97
30.2,51.9,0.00,0.00,24,46.92,85,39.74,96,64.4,100,73.97
23.3,52.1,0.00,0.00,68,46.92,90,39.74,96,64.4,100,73.97
24.1,52.3,0.00,0.00,69,46.92,88,39.74,96,64.4,100,73.97
16.0,52.6,0.00,0.00,40,46.92,23,39.74,87,64.4,85,73.97
14.7,52.7,0.00,0.00,15,46.92,26,39.74,55,64.4,72,73.97
13.8,52.8,0.00,0.00,20,46.92,29,39.74,53,64.4,69,73.97
10.3,52.8,0.00,0.00,20,46.92,29,39.74,55,64.4,75,73.97
16.3,52.8,0.00,0.00,58,46.92,84,39.74,95,64.4,100,73.97
9.2,52.8,0.00,0.00,22,46.92,22,39.74,43,64.4,58,73.97
11.3,52.8,0.00,0.00,21,46.92,27,39.74,50,64.4,62,73.97
11.0,52.8,0.00,0.00,17,46.92,29,39.74,66,64.4,69,73.97
11.5,52.8,0.00,0.00,17,46.92,26,39.74,73,64.4,100,73.97
15.0,52.8,0.00,0.00,33,46.92,44,39.74,76,64.4,87,73.97
12.2,52.8,0.00,0.00,14,46.92,27,39.74,69,64.4,59,73.97
10.3,52.7,0.00,0.00,17,46.92,28,39.74,41,64.4,60,73.97
18.3,51.8,0.00,0.00,22,46.92,28,21.35,55,64.4,69,73.97
21.6,47.6,0.00,0.00,17,46.92,85,21.35,97,64.4,100,73.97
27.4,47.0,0.00,0.00,62,46.92,88,21.35,50,33.67,100,73.97
22.5,42.4,0.00,0.00,68,46.92,89,21.35,97,33.67,100,73.97
15.4,42.4,0.00,0.00,49,46.92,51,21.35,69,33.67,94,73.97
11.8,42.4,0.00,0.00,15,46.92,26,21.35,52,33.67,82,73.97
13.1,42.4,0.00,0.00,16,46.92,29,21.35,71,33.67,81,73.97
13.7,42.4,0.00,0.00,19,46.92,29,21.35,71,33.67,85,73.97
22.3,42.4,0.00,0.00,31,46.92,86,21.35,97,33.67,100,73.97
20.7,42.4,0.00,0.00,68,46.92,90,21.35,98,33.67,100,73.97
22.5,42.4,0.00,0.00,65,46.92,91,21.35,97,33.67,100,73.97
13.8,42.4,0.00,0.00,38,46.92,28,21.35,63,33.67,100,73.97
46.4,41.5,0.00,0.00,30,46.92,29,21.35,58,33.67,70,73.97
12.4,41.6,0.00,0.00,19,46.92,26,21.35,60,33.67,70,73.97
11.2,41.8,0.00,0.00,12,46.92,29,21.35,58,33.67,78,73.97
23.1,42.0,0.00,0.00,23,46.92,85,21.35,97,33.67,100,73.97
23.5,42.2,0.00,0.00,62,46.92,85,21.35,96,33.67,100,73.97
23.1,42.4,0.00,0.00,67,46.92,81,21.35,97,33.67,100,73.97
15.1,42.4,0.00,0.00,47,46.92,36,21.35,98,33.67,100,73.97
13.7,42.4,0.00,0.00,16,46.92,27,21.35,57,33.67,82,73.97
15.1,42.4,0.00,0.00,19,46.92,27,21.35,60,33.67,82,73.97
13.9,42.4,0.00,0.00,20,46.92,26,21.35,58,33.67,89,73.97
20.8,42.4,0.00,0.00,64,46.92,88,21.35,97,33.67,100,73.97
21.2,42.4,0.00,0.00,70,46.92,89,21.35,97,33.67,100,73.97
20.5,42.4,0.00,0.00,64,46.92,91,21.35,98,33.67,100,73.97
15.7,42.4,0.00,0.00,43,46.92,31,21.35,97,33.67,99,73.97
13.2,42.4,0.00,0.00,16,46.92,27,21.35,71,33.67,82,73.97
12.2,42.4,0.00,0.00,17,46.92,31,21.35,67,33.67,77,73.97
12.9,42.4,0.00,0.00,20,46.92,28,21.35,76,33.67,97,73.97
21.6,42.4,0.00,0.00,69,46.92,90,21.35,97,33.67,100,73.97
20.2,42.4,0.00,0.00,64,46.92,86,21.35,97,33.67,100,73.97
21.9,42.4,0.00,0.00,68,46.92,86,21.35,97,33.67,100,73.97
12.9,42.4,0.00,0.00,35,46.92,24,21.35,97,33.67,100,73.97
15.2,42.4,0.00,0.00,23,46.92,27,21.35,72,33.67,100,73.97
10.8,42.4,0.00,0.00,21,46.92,26,21.35,70,33.67,100,73.97
14.8,42.4,0.00,0.00,22,46.92,28,21.35,75,33.67,100,73.97
22.0,42.4,0.00,0.00,63,46.92,89,21.35,97,33.67,100,73.97
19.7,41.4,0.00,0.00,66,46.92,84,2.95,97,33.67,100,73.97
14.6,37.2,0.00,0.00,68,46.92,0,2.95,97,33.67,100,73.97
14.5,37.2,0.00,0.00,32,46.92,0,2.95,98,33.67,100,73.97
10.9,37.2,0.00,0.00,17,46.92,0,2.95,70,33.67,100,73.97
13.1,37.2,0.00,0.00,18,46.92,0,2.95,69,33.67,100,73.97
25.9,37.4,0.00,0.00,28,46.92,0,2.95,92,33.67,100,73.97
17.9,37.8,0.00,0.00,66,46.92,0,2.95,98,33.67,100,73.97
17.7,33.0,0.00,0.00,36,24.93,0,7.69,98,33.67,47,83.0
19.0,35.4,0.00,0.00,67,24.93,7,19.28,97,33.67,87,83.0
16.7,39.0,0.00,0.00,14,24.93,6,39.81,80,33.67,75,83.0
15.1,39.7,0.00,0.00,19,24.93,0,39.84,63,33.67,71,83.0
17.0,40.0,0.00,0.00,13,24.93,0,39.84,66,33.67,84,83.0
34.2,40.3,0.00,0.00,43,24.93,0,39.84,96,33.67,78,83.0
17.7,40.8,0.00,0.00,64,24.93,0,39.84,98,33.67,91,83.0
15.9,41.0,0.00,0.00,68,24.93,0,48.75,97,33.67,92,83.0
15.9,41.3,0.00,0.00,62,24.93,29,48.75,95,33.67,67,83.0
15.2,41.5,0.00,0.00,17,24.93,21,48.75,42,33.67,68,83.0
16.4,41.6,0.00,0.00,16,24.93,18,48.75,60,33.67,95,83.0
17.2,41.8,0.00,0.00,15,24.93,21,48.75,66,33.67,78,83.0
60.9,42.0,0.00,0.00,28,24.93,68,48.75,78,33.67,91,83.0
22.8,41.2,0.00,0.00,60,24.93,96,48.75,0,33.67,90,83.0
19.7,41.5,0.00,0.00,60,24.93,97,48.75,0,33.67,86,83.0
15.3,41.7,0.00,0.00,58,24.93,72,48.75,0,33.67,82,83.0
12.5,41.8,0.00,0.00,14,24.93,21,48.75,0,33.67,70,83.0
13.4,42.1,0.00,0.00,14,24.93,21,48.75,0,33.67,77,83.0
11.1,42.2,0.00,0.00,15,24.93,21,48.75,40,33.67,64,83.0
23.8,42.2,0.00,0.00,35,24.93,96,48.75,96,33.67,93,83.0
24.5,42.2,0.00,0.00,60,24.93,98,48.75,97,33.67,93,83.0
22.6,42.2,0.00,0.00,59,24.93,98,48.75,97,33.67,94,83.0
15.7,42.2,0.00,0.00,61,24.93,43,48.75,89,33.67,77,83.0
13.8,42.2,0.00,0.00,20,24.93,21,48.75,69,33.67,68,83.0
12.9,42.2,0.00,0.00,18,24.93,21,48.75,68,33.67,64,83.0
11.7,42.2,0.00,0.00,14,24.93,21,48.75,47,33.67,94,83.0
22.9,42.2,0.00,0.00,46,24.93,98,48.75,97,33.67,94,83.0
23.0,42.2,0.00,0.00,65,24.93,98,48.75,97,33.67,92,83.0
22.2,42.2,0.00,0.00,66,24.93,98,48.75,97,33.67,92,83.0
14.3,42.3,0.00,0.00,63,24.93,26,48.75,69,33.67,68,83.0
12.3,42.2,0.00,0.00,22,24.93,21,48.75,55,33.67,70,83.0
15.5,42.3,0.00,0.00,23,24.93,21,48.75,70,33.67,73,83.0
14.8,42.2,0.00,0.00,23,24.93,22,48.75,70,33.67,84,83.0
18.5,42.2,0.00,0.00,62,24.93,97,48.75,97,33.67,92,83.0
18.2,41.4,0.00,0.00,0,24.93,97,48.75,96,33.67,90,83.0
19.1,41.6,0.00,0.00,0,24.93,95,48.75,96,33.67,94,83.0
15.2,40.9,0.00,0.00,0,24.93,21,57.66,77,33.67,87,83.0
15.0,41.2,0.00,0.00,0,24.93,21,57.66,61,33.67,70,83.0
36.2,41.5,0.00,0.00,0,24.93,21,57.66,59,33.67,67,83.0
14.7,41.8,0.00,0.00,2,24.93,21,57.66,61,33.67,79,83.0
24.4,42.0,0.00,0.00,56,24.93,98,57.66,96,33.67,92,83.0
22.9,42.2,0.00,0.00,67,24.93,98,57.66,97,33.67,94,83.0
23.3,42.2,0.00,0.00,70,24.93,99,57.66,97,33.67,96,83.0
15.4,42.3,0.00,0.00,20,24.93,20,57.66,98,33.67,86,83.0
12.0,42.3,0.00,0.00,14,24.93,21,57.66,71,33.67,73,83.0
10.3,42.3,0.00,0.00,13,24.93,19,57.66,51,33.67,63,83.0
13.7,42.3,0.00,0.00,17,24.93,20,57.66,54,33.67,72,83.0
24.9,42.2,0.00,0.00,46,24.93,98,57.66,97,33.67,95,83.0
23.0,42.2,0.00,0.00,67,24.93,98,57.66,98,33.67,95,83.0
16.3,42.3,0.00,0.00,68,24.93,98,57.66,98,33.67,95,83.0
14.1,42.2,0.00,0.00,33,24.93,20,57.66,81,33.67,70,83.0
11.6,42.2,0.00,0.00,20,24.93,20,57.66,55,33.67,76,83.0
15.5,42.3,0.00,0.00,20,24.93,20,57.66,52,33.67,71,83.0
11.4,42.2,0.00,0.00,20,24.93,35,57.66,79,33.67,90,83.0
15.6,42.3,0.00,0.00,23,24.93,20,57.66,82,33.67,81,83.0
11.5,42.2,0.00,0.00,23,24.93,21,57.66,64,33.67,80,83.0
13.9,42.2,0.00,0.00,23,24.93,21,57.66,60,33.67,75,83.0
14.9,42.2,0.00,0.00,17,24.93,21,57.66,57,33.67,91,83.0
24.0,42.2,0.00,0.00,47,24.93,98,57.66,97,33.67,94,83.0
22.3,42.2,0.00,0.00,66,24.93,99,57.66,98,33.67,96,83.0
22.3,42.2,0.00,0.00,70,24.93,98,57.66,97,33.67,95,83.0
13.5,42.2,0.00,0.00,17,24.93,21,57.66,60,33.67,80,83.0
12.3,42.2,0.00,0.00,17,24.93,21,57.66,67,33.67,74,83.0
14.0,42.2,0.00,0.00,18,24.93,21,57.66,73,33.67,70,83.0
12.1,42.2,0.00,0.00,17,24.93,21,57.66,70,33.67,94,83.0
21.0,42.2,0.00,0.00,46,24.93,99,57.66,97,33.67,64,83.13
23.3,41.4,0.00,0.00,67,24.93,98,57.66,97,33.67,100,83.13
26.2,40.7,0.00,0.00,70,24.93,64,57.66,96,33.67,100,83.13
17.8,41.0,0.00,0.00,17,24.93,19,57.66,65,33.67,100,83.13
60.1,41.3,0.00,0.00,20,24.93,20,57.66,66,33.67,91,83.13
81.0,41.7,0.00,0.00,20,24.93,21,57.66,66,33.67,70,83.13
14.1,41.9,0.00,0.00,20,24.93,16,57.66,58,33.67,96,83.13
54.1,42.1,0.00,0.00,61,24.93,90,57.66,96,33.67,100,83.13
20.9,41.3,0.00,0.00,44,24.93,97,57.66,97,33.67,100,83.13
100.0,40.5,0.00,0.00,0,24.93,97,57.66,0,33.67,100,83.13
50.6,40.9,0.00,0.00,0,24.93,22,57.66,0,33.67,100,83.13
29.7,41.2,0.00,0.00,0,24.93,23,57.66,0,33.67,100,83.13
62.7,41.6,0.00,0.00,0,24.93,21,57.66,0,33.67,100,83.13
32.4,42.0,0.00,0.00,0,24.93,20,57.66,0,33.67,100,83.13
31.2,42.2,0.00,0.00,66,24.93,97,57.66,53,33.67,100,83.13
25.3,42.2,0.00,0.00,66,24.93,98,57.66,97,33.67,100,83.13
12.6,42.3,0.00,0.00,65,24.93,60,57.66,93,33.67,100,83.13
13.7,42.3,0.00,0.00,20,24.93,21,57.66,54,33.67,100,83.13
12.3,42.3,0.00,0.00,20,24.93,21,57.66,62,33.67,100,83.13
12.5,42.3,0.00,0.00,21,24.93,21,57.66,59,33.67,100,83.13
28.8,42.3,0.00,0.00,18,24.93,22,57.66,84,33.67,100,83.13
24.3,42.2,0.00,0.00,64,24.93,99,57.66,97,33.67,100,83.13
24.4,42.2,0.00,0.00,66,24.93,99,57.66,97,33.67,100,83.13
13.7,42.3,0.00,0.00,65,24.93,54,57.66,97,33.67,100,83.13
13.3,42.3,0.00,0.00,20,24.93,21,57.66,65,33.67,100,83.13
12.4,42.3,0.00,0.00,21,24.93,21,57.66,67,33.67,100,83.13
13.3,42.2,0.00,0.00,20,24.93,21,57.66,71,33.67,100,83.13
28.5,42.3,0.00,0.00,25,24.93,32,57.66,97,33.67,100,83.13
22.5,42.2,0.00,0.00,67,24.93,99,57.66,97,33.67,100,83.13
24.8,42.2,0.00,0.00,65,24.93,98,57.66,97,33.67,100,83.13
16.5,41.3,0.00,0.00,67,24.93,38,57.66,97,33.67,100,83.13
82.5,41.5,0.00,0.00,14,24.93,21,57.66,55,33.67,100,83.13
15.1,41.6,0.00,0.00,17,24.93,19,57.66,63,33.67,73,83.13
15.2,41.8,0.00,0.00,17,24.93,21,57.66,66,33.67,74,83.13
13.7,41.9,0.00,0.00,18,24.93,18,57.66,76,33.67,84,83.13
90.3,42.1,0.00,0.00,68,24.93,96,57.66,97,33.67,100,83.13
24.0,42.2,0.00,0.00,66,24.93,98,57.66,97,33.67,100,83.13
24.4,42.2,0.00,0.00,71,24.93,98,57.66,97,33.67,100,83.13
13.9,42.3,0.00,0.00,31,24.93,19,57.66,60,33.67,100,83.13
12.2,42.3,0.00,0.00,23,24.93,21,57.66,51,33.67,100,83.13
12.4,42.3,0.00,0.00,23,24.93,21,57.66,52,33.67,100,83.13
14.7,42.3,0.00,0.00,23,24.93,22,57.66,70,33.67,100,83.13
23.5,42.2,0.00,0.00,38,24.93,99,57.66,97,33.67,100,83.13
24.7,42.2,0.00,0.00,60,24.93,98,57.66,97,33.67,100,83.13
19.3,41.2,0.00,0.00,65,2.95,94,57.66,97,33.67,100,83.13
11.9,37.1,0.00,0.00,0,2.95,22,57.66,98,33.67,100,83.13
16.6,37.2,0.00,0.00,0,2.95,23,57.66,68,33.67,100,83.13
16.1,37.4,0.00,0.00,0,2.95,21,57.66,69,33.67,100,83.13
42.9,37.8,0.00,0.00,0,2.95,25,57.66,74,33.67,100,83.13
21.0,39.3,0.00,0.00,0,12.2,99,57.66,96,33.67,100,83.13
20.3,43.1,0.00,0.00,8,24.56,98,57.66,98,33.67,100,83.13
57.0,45.3,0.00,0.00,7,29.49,53,57.66,97,33.67,100,83.13
13.5,45.5,0.00,0.00,0,29.49,21,57.66,77,33.67,100,83.13
78.8,45.6,0.00,0.00,0,29.49,23,57.66,67,33.67,100,83.13
12.8,45.8,0.00,0.00,0,29.49,21,57.66,65,33.67,100,83.13
19.9,46.0,0.00,0.00,0,29.49,55,57.66,97,33.67,100,83.13
24.3,46.4,0.00,0.00,26,38.08,98,57.66,96,33.67,100,83.13
24.9,46.6,0.00,0.00,64,38.08,98,57.66,97,33.67,100,83.13
18.7,46.8,0.00,0.00,64,38.08,20,57.66,95,33.67,100,83.13
17.1,46.1,0.00,0.00,14,38.08,30,57.66,47,33.67,100,83.13
18.8,46.4,0.00,0.00,14,38.08,21,57.66,58,33.67,86,83.13
26.7,46.7,0.00,0.00,18,38.08,20,57.66,47,33.67,70,83.13
27.8,47.0,0.00,0.00,15,38.08,20,57.66,67,33.67,100,83.13
54.1,47.2,0.00,0.00,60,38.08,97,57.66,97,33.67,100,83.13
24.0,47.4,0.00,0.00,65,38.08,95,57.66,98,33.67,100,83.13
12.9,47.5,0.00,0.00,67,38.08,71,57.66,98,33.67,100,83.13
13.9,47.4,0.00,0.00,14,38.08,21,57.66,69,33.67,100,83.13
14.9,47.4,0.00,0.00,15,38.08,21,57.66,65,33.67,92,82.93
16.9,42.7,0.00,0.00,20,38.08,21,57.66,77,33.67,95,27.52
22.3,42.2,0.00,0.00,31,38.08,49,57.66,97,33.67,94,27.52
26.6,42.2,0.00,0.00,62,38.08,98,57.66,36,2.95,95,27.52
18.4,37.0,0.00,0.00,63,38.08,98,57.66,0,2.95,95,27.52
10.9,37.0,0.00,0.00,37,38.08,25,57.66,0,2.95,95,27.52
13.5,37.2,0.00,0.00,14,38.08,21,57.66,0,2.95,91,27.52
16.3,37.5,0.00,0.00,18,38.08,21,57.66,0,2.95,72,27.52
28.1,37.8,0.00,0.00,22,38.08,21,57.66,0,3.1,90,27.52
25.9,38.9,0.00,0.00,50,38.08,94,57.66,5,15.57,95,27.52
22.4,42.3,0.00,0.00,64,38.08,98,57.66,8,27.61,96,27.52
19.7,45.2,0.00,0.00,66,38.08,98,57.66,0,29.49,94,27.52
12.4,45.4,0.00,0.00,18,38.08,21,57.66,0,29.49,95,27.52
14.1,45.6,0.00,0.00,18,38.08,23,57.66,0,29.49,78,27.52
15.2,45.8,0.00,0.00,18,38.08,22,57.66,0,29.49,75,27.52
12.2,45.9,0.00,0.00,18,38.08,45,57.66,0,29.49,93,27.52
20.5,46.1,0.00,0.00,63,38.08,98,57.66,7,34.25,91,27.52
44.8,46.4,0.00,0.00,53,38.08,98,57.66,39,34.25,93,27.52
15.4,46.7,0.00,0.00,66,38.08,73,57.66,23,34.25,88,27.52
38.4,46.9,0.00,0.00,14,38.08,20,57.66,21,34.25,73,27.52
16.7,47.0,0.00,0.00,16,38.08,19,57.66,23,34.25,71,27.52
27.2,47.2,0.00,0.00,16,38.08,16,57.66,23,34.25,57,27.52
15.7,46.5,0.00,0.00,15,38.08,27,57.66,41,34.25,95,27.52
40.9,45.8,0.00,0.00,27,46.8,16,57.66,16,34.25,64,27.52
34.6,46.1,0.00,0.00,14,46.8,21,57.66,25,34.25,63,27.52
16.0,46.4,0.00,0.00,23,46.8,19,57.66,20,34.25,66,27.52
14.8,46.8,0.00,0.00,13,46.8,21,57.66,25,34.25,92,27.52
24.3,47.1,0.00,0.00,21,46.8,41,57.66,40,34.25,91,27.52
22.8,47.3,0.00,0.00,61,46.8,98,57.66,42,34.25,92,27.52
23.9,47.3,0.00,0.00,69,46.8,98,57.66,40,34.25,95,27.52
11.6,47.3,0.00,0.00,61,46.8,22,57.66,35,34.25,96,27.52
9.7,47.3,0.00,0.00,16,46.8,21,57.66,21,34.25,65,27.52
14.3,47.3,0.00,0.00,20,46.8,21,57.66,25,34.25,73,27.52
13.0,47.3,0.00,0.00,21,46.8,21,57.66,24,34.25,72,27.52
27.9,47.3,0.00,0.00,23,46.8,45,57.66,42,34.25,94,27.52
23.9,47.3,0.00,0.00,68,46.8,98,57.66,40,34.25,95,27.52
24.8,47.3,0.00,0.00,61,46.8,98,57.66,36,34.25,94,27.52
13.0,47.3,0.00,0.00,62,46.8,26,57.66,22,34.25,94,27.52
11.8,47.3,0.00,0.00,17,46.8,20,57.66,24,34.25,76,27.52
14.9,47.3,0.00,0.00,20,46.8,20,57.66,23,34.25,100,27.52
14.0,47.3,0.00,0.00,23,46.8,23,57.66,25,34.25,96,27.52
27.1,47.3,0.00,0.00,29,46.8,57,57.66,42,34.25,95,27.52
22.7,47.3,0.00,0.00,67,46.8,98,57.66,40,34.25,95,27.52
24.8,47.3,0.00,0.00,69,46.8,99,57.66,42,34.25,96,27.52
15.2,47.3,0.00,0.00,70,46.8,19,57.66,20,34.25,94,27.52
11.6,47.3,0.00,0.00,14,46.8,21,57.66,25,34.25,73,27.52
13.1,47.3,0.00,0.00,19,46.8,21,57.66,25,34.25,71,27.52
12.1,47.3,0.00,0.00,19,46.8,21,57.66,25,34.25,77,27.52
22.8,47.3,0.00,0.00,32,46.8,69,57.66,50,34.25,94,27.52
22.0,47.3,0.00,0.00,62,46.8,98,57.66,36,34.25,94,27.52
25.2,47.3,0.00,0.00,66,46.8,98,57.66,41,34.25,91,27.52
13.7,46.5,0.00,0.00,33,46.8,20,57.66,21,34.25,88,27.52
13.2,46.6,0.00,0.00,14,46.8,19,57.66,25,34.25,75,27.52
53.8,46.7,0.00,0.00,19,46.8,21,57.66,24,34.25,87,27.52
14.1,46.9,0.00,0.00,22,46.8,20,57.66,21,34.25,71,27.52
91.3,47.1,0.00,0.00,19,46.8,38,57.66,43,34.25,91,27.52
23.9,47.3,0.00,0.00,58,46.92,97,57.66,43,34.25,93,27.52
27.2,46.4,0.00,0.00,41,46.92,97,57.66,40,34.25,91,27.52
55.2,46.7,0.00,0.00,49,46.92,31,57.66,18,34.25,95,27.52
22.1,46.8,0.00,0.00,18,46.92,19,57.66,23,34.25,73,27.52
15.9,46.9,0.00,0.00,16,46.92,16,57.66,22,34.25,73,27.52
14.6,47.1,0.00,0.00,14,46.92,20,57.66,23,34.25,63,27.52
21.7,47.3,0.00,0.00,20,46.92,20,57.66,32,34.25,79,27.52
22.8,47.3,0.00,0.00,62,46.92,98,57.66,43,34.25,96,27.52
22.7,47.3,0.00,0.00,64,46.92,99,57.66,43,34.25,93,27.52
15.3,47.3,0.00,0.00,62,46.92,73,57.66,32,34.25,96,27.52
14.6,47.3,0.00,0.00,14,46.92,21,57.66,24,34.25,65,27.52
11.3,47.3,0.00,0.00,22,46.92,21,57.66,23,34.25,5,2.95
13.3,42.2,0.00,0.00,21,46.92,21,57.66,25,34.25,0,2.95
26.0,42.2,0.00,0.00,22,46.92,23,57.66,19,39.06,0,2.95
21.1,41.3,0.00,0.00,62,46.92,94,57.66,38,39.06,0,2.95
57.3,41.8,0.00,0.00,52,46.92,92,57.66,35,39.06,0,2.95
18.7,42.5,0.00,0.00,59,46.92,46,57.66,24,39.06,0,2.95
15.7,42.7,0.00,0.00,17,46.92,21,57.66,24,39.06,0,2.95
68.7,43.0,0.00,0.00,17,46.92,21,57.66,25,39.06,8,14.25
14.0,46.2,0.00,0.00,20,46.92,21,57.66,26,39.06,9,25.46
22.9,49.5,0.00,0.00,20,46.92,46,57.66,37,39.06,0,31.49
20.5,50.4,0.00,0.00,65,46.92,96,57.66,43,39.06,0,31.49
22.3,50.6,0.00,0.00,59,46.92,98,57.66,42,39.06,0,31.49
94.4,50.9,0.00,0.00,53,46.92,28,57.66,22,39.06,0,31.49
24.4,51.0,0.00,0.00,14,46.92,21,57.66,25,39.06,0,31.49
10.8,50.3,0.00,0.00,15,46.92,20,57.66,24,39.06,5,35.62
14.9,50.7,0.00,0.00,21,46.92,20,57.66,24,39.06,39,35.62
32.5,51.0,0.00,0.00,12,46.92,47,57.66,39,39.06,82,35.62
29.6,51.4,0.00,0.00,54,46.92,95,57.66,34,39.06,81,35.62
28.1,51.8,0.00,0.00,56,46.92,92,57.66,39,39.06,82,35.62
21.3,52.2,0.00,0.00,49,46.92,20,57.66,21,39.06,22,35.62
13.9,52.3,0.00,0.00,19,46.92,21,57.66,21,39.06,29,35.62
12.9,52.4,0.00,0.00,17,46.92,20,57.66,25,39.06,29,35.62
16.0,52.4,0.00,0.00,16,46.92,19,57.66,24,39.06,27,35.62
30.4,52.4,0.00,0.00,20,46.92,23,57.66,41,39.06,88,35.62
21.0,52.4,0.00,0.00,60,46.92,98,57.66,42,39.06,81,35.62
29.0,47.2,0.00,0.00,38,24.93,98,57.66,38,39.06,87,35.62
13.6,47.2,0.00,0.00,70,24.93,59,57.66,30,39.06,27,35.62
12.1,47.2,0.00,0.00,18,24.93,23,57.66,24,39.06,29,35.62
16.1,47.2,0.00,0.00,23,24.93,22,57.66,25,39.06,27,35.62
11.5,47.2,0.00,0.00,20,24.93,22,57.66,26,39.06,40,35.62
26.4,47.2,0.00,0.00,51,24.93,99,57.66,40,39.06,85,35.62
25.5,47.2,0.00,0.00,62,24.93,99,57.66,40,39.06,86,35.62
27.5,47.2,0.00,0.00,61,24.93,98,57.66,39,39.06,85,35.62
10.0,47.2,0.00,0.00,57,24.93,27,57.66,21,39.06,26,35.62
14.2,47.2,0.00,0.00,20,24.93,21,57.66,24,39.06,29,35.62
10.6,47.2,0.00,0.00,23,24.93,21,57.66,24,39.06,27,35.62
13.4,47.2,0.00,0.00,23,24.93,21,57.66,25,39.06,46,35.62
29.2,47.2,0.00,0.00,55,24.93,98,57.66,37,39.06,83,35.62
28.7,47.2,0.00,0.00,65,24.93,98,57.66,35,39.06,84,35.62
27.2,47.2,0.00,0.00,62,24.93,98,57.66,38,39.06,82,35.62
11.8,47.2,0.00,0.00,62,24.93,34,57.66,23,39.06,27,35.62
11.3,47.2,0.00,0.00,18,24.93,21,57.66,24,39.06,28,35.62
15.3,46.2,0.00,0.00,22,24.93,27,57.66,24,39.06,24,35.62
14.1,46.4,0.00,0.00,20,24.93,21,57.66,24,39.06,30,35.62
30.5,46.6,0.00,0.00,36,24.93,92,57.66,35,39.06,87,35.62
29.4,46.8,0.00,0.00,57,24.93,97,57.66,39,39.06,84,35.62
30.3,47.0,0.00,0.00,60,24.93,97,57.66,39,39.06,83,35.62
14.0,47.2,0.00,0.00,57,24.93,39,57.66,26,39.06,27,35.62
13.2,47.2,0.00,0.00,14,24.93,21,57.66,23,39.06,27,35.62
11.3,47.2,0.00,0.00,17,24.93,21,57.66,24,39.06,27,35.62
14.8,47.2,0.00,0.00,12,24.93,20,57.66,25,39.06,30,35.62
25.9,47.2,0.00,0.00,31,24.93,92,57.66,42,39.06,75,35.62
15.1,47.2,0.00,0.00,41,24.93,72,57.66,21,39.06,30,35.62
10.9,47.2,0.00,0.00,19,24.93,20,57.66,25,39.06,32,35.62
13.7,47.2,0.00,0.00,19,24.93,21,57.66,25,39.11,31,35.62
12.5,45.3,0.00,0.00,20,24.93,23,57.66,21,39.11,35,39.74
52.9,45.6,0.00,0.00,23,24.93,45,57.66,36,39.11,25,39.74
16.0,46.0,0.00,0.00,14,24.93,17,57.66,23,39.11,28,39.74
15.1,46.3,0.00,0.00,17,24.93,20,57.66,24,39.11,29,39.74
16.4,46.5,0.00,0.00,20,24.93,21,57.66,23,39.11,27,39.74
14.2,46.9,0.00,0.00,17,24.93,21,57.66,32,39.11,49,39.74
25.4,47.2,0.00,0.00,43,24.93,95,57.66,37,39.11,87,39.74
21.8,42.4,0.00,0.00,44,2.95,98,57.66,41,39.11,93,39.74
20.6,42.0,0.00,0.00,0,2.95,99,57.66,42,39.11,38,39.74
11.4,42.0,0.00,0.00,0,2.95,24,57.66,23,39.11,28,39.74
10.6,42.0,0.00,0.00,0,2.95,21,57.66,24,39.11,29,39.74
11.1,42.0,0.00,0.00,0,2.95,21,57.66,25,39.11,31,39.74
20.2,42.0,0.00,0.00,0,2.95,23,57.66,45,39.11,87,39.74
26.7,42.2,0.00,0.00,0,2.95,95,57.66,38,39.11,86,39.74
28.0,42.8,0.00,0.00,0,2.95,93,57.66,34,39.11,81,39.74
10.3,43.2,0.00,0.00,0,2.95,65,57.66,35,39.11,28,39.74
14.0,43.3,0.00,0.00,0,2.95,21,57.66,24,39.11,28,39.74
15.8,44.0,0.00,0.00,0,8.56,21,57.66,28,50.12,29,39.74
19.7,51.2,0.00,0.00,6,20.65,21,57.66,29,61.32,58,39.74
28.2,57.6,0.00,0.00,5,30.68,45,57.66,46,66.84,90,39.74
83.6,57.4,0.00,0.00,0,30.68,51,57.66,35,66.84,86,39.74
24.5,58.0,0.00,0.00,0,30.68,92,57.66,35,66.84,83,39.74
15.1,58.6,0.00,0.00,0,30.68,28,57.66,21,66.84,25,39.74
18.8,59.1,0.00,0.00,0,30.68,21,57.66,22,66.84,27,39.74
48.8,59.5,0.00,0.00,0,30.68,16,57.66,23,71.6,24,39.74
98.8,60.2,0.00,0.00,13,35.44,17,57.66,47,71.6,18,39.74
33.9,60.6,0.00,0.00,34,35.44,33,57.66,53,71.6,82,39.74
39.3,61.0,0.00,0.00,55,35.44,92,57.66,79,71.6,85,39.74
31.5,61.4,0.00,0.00,52,35.44,95,57.66,78,71.6,86,39.74
75.4,61.8,0.00,0.00,50,35.44,31,57.66,65,71.6,22,39.74
20.9,62.0,0.00,0.00,23,35.44,15,57.66,41,71.6,25,39.74
10.4,62.3,0.00,0.00,32,35.44,18,57.66,43,71.6,27,39.74
11.9,62.3,0.00,0.00,32,35.44,18,57.66,47,71.6,24,39.74
12.1,62.3,0.00,0.00,37,35.44,18,57.66,56,71.6,31,39.74
29.2,62.2,0.00,0.00,37,35.44,70,57.66,74,71.6,85,39.74
35.3,62.2,0.00,0.00,55,35.44,98,57.66,77,71.6,87,39.74
26.6,62.2,0.00,0.00,54,35.44,97,57.66,81,71.6,57,39.74
15.5,62.3,0.00,0.00,61,35.44,17,57.66,42,71.6,28,39.74
16.6,62.3,0.00,0.00,34,35.44,18,57.66,38,71.6,26,39.74
17.2,62.3,0.00,0.00,42,35.44,20,57.66,39,71.6,21,39.74
17.7,62.3,0.00,0.00,34,35.44,20,57.66,48,71.6,25,39.74
15.8,62.3,0.00,0.00,45,35.44,18,57.66,75,71.6,88,39.74
27.8,62.0,0.00,0.00,62,35.44,98,57.66,78,71.6,84,39.74
33.8,61.5,0.00,0.00,54,35.44,98,57.66,75,71.6,86,39.74
86.0,61.7,0.00,0.00,53,35.44,88,57.66,84,71.6,21,39.74
19.5,61.9,0.00,0.00,45,35.44,17,57.66,46,71.6,24,39.74
13.4,62.1,0.00,0.00,36,35.44,14,57.66,43,71.6,24,39.74
12.3,62.2,0.00,0.00,42,35.44,14,57.66,38,71.6,22,39.74
16.2,62.3,0.00,0.00,59,35.44,21,57.66,43,71.6,26,39.74
28.2,62.3,0.00,0.00,62,35.44,16,57.66,77,71.6,86,39.74
27.9,62.2,0.00,0.00,53,35.44,98,57.66,79,71.6,89,39.74
72.5,61.4,0.00,0.00,50,35.44,65,57.66,77,71.6,84,39.74
18.8,61.6,0.00,0.00,67,35.44,77,57.66,81,71.6,26,39.74
42.7,61.7,0.00,0.00,24,35.44,17,57.66,63,75.8,26,39.74
31.8,60.1,0.00,0.00,18,39.64,16,57.66,66,75.8,22,39.74
19.1,60.5,0.00,0.00,62,39.64,16,57.66,48,75.8,25,39.74
21.8,60.0,0.00,0.00,64,39.64,20,57.66,49,75.8,18,39.74
98.7,60.5,0.00,0.00,77,39.64,68,57.66,93,75.8,80,39.74
35.3,61.1,0.00,0.00,88,39.64,88,57.66,96,75.8,79,39.74
93.9,61.7,0.00,0.00,80,39.64,91,57.66,94,75.8,83,39.74
14.7,62.0,0.00,0.00,73,39.64,52,57.66,56,75.8,24,39.74
79.5,62.2,0.00,0.00,34,39.64,18,57.66,54,75.8,23,39.74
14.4,62.3,0.00,0.00,31,39.64,16,57.66,49,75.8,27,39.74
13.4,62.3,0.00,0.00,38,39.64,19,57.66,57,75.8,25,39.74
13.7,62.3,0.00,0.00,43,39.64,20,57.66,52,75.8,89,39.74
28.0,62.3,0.00,0.00,75,39.64,98,57.66,98,75.8,86,39.74
28.0,62.3,0.00,0.00,87,39.64,98,57.66,98,75.8,86,39.74
28.3,62.3,0.00,0.00,89,39.64,81,57.66,95,75.8,50,39.74
13.2,62.3,0.00,0.00,52,39.64,17,57.66,53,75.8,21,39.74
16.8,62.3,0.00,0.00,50,39.64,20,57.66,56,75.8,24,39.74
14.9,62.3,0.00,0.00,63,39.64,19,57.66,51,75.8,26,39.74
14.9,62.3,0.00,0.00,61,39.64,21,57.66,51,75.8,25,39.74
30.3,62.3,0.00,0.00,79,39.64,56,57.66,94,75.8,84,39.74
28.1,62.3,0.00,0.00,90,39.64,98,57.66,98,75.8,86,39.74
27.7,62.3,0.00,0.00,91,39.64,98,57.66,98,75.8,64,39.74
12.9,62.3,0.00,0.00,90,39.64,19,57.66,57,75.8,24,39.74
14.6,62.3,0.00,0.00,44,39.64,20,57.66,50,75.8,29,39.74
15.2,62.3,0.00,0.00,62,39.64,21,57.66,53,75.8,29,39.74
13.1,62.3,0.00,0.00,46,39.64,20,57.66,52,75.8,27,39.74
31.2,62.3,0.00,0.00,49,39.64,59,57.66,95,75.8,89,39.74
23.5,62.3,0.00,0.00,89,39.67,98,57.66,63,75.83,87,39.74
33.5,60.6,0.00,0.00,54,39.67,95,30.31,79,75.83,83,39.74
30.9,55.9,0.00,0.00,48,39.67,87,30.31,80,75.83,36,39.74
33.4,55.3,0.00,0.00,36,39.67,14,30.31,41,75.83,20,39.74
87.6,55.8,0.00,0.00,51,39.67,19,30.31,33,75.83,18,39.74
19.7,56.3,0.00,0.00,64,39.67,16,30.31,38,75.83,22,39.74
17.1,56.7,0.00,0.00,53,39.67,18,30.31,34,75.83,23,39.74
28.3,57.0,0.00,0.00,65,39.67,35,30.31,67,75.83,81,39.74
39.3,57.2,0.00,0.00,53,39.67,95,30.31,78,75.83,84,39.74
28.2,57.2,0.00,0.00,54,39.67,98,30.31,79,75.83,84,39.74
16.1,57.2,0.00,0.00,58,39.67,98,30.31,58,75.83,23,39.74
12.6,57.2,0.00,0.00,26,39.67,18,30.31,60,75.83,24,39.74
15.2,57.2,0.00,0.00,25,39.67,20,30.31,49,75.83,27,39.74
11.2,57.2,0.00,0.00,23,39.67,20,30.31,47,75.83,24,39.74
12.3,57.2,0.00,0.00,42,39.67,20,30.31,39,75.83,30,39.74
28.2,57.2,0.00,0.00,38,39.67,98,30.31,79,75.83,84,39.74
12.7,57.2,0.00,0.00,47,39.67,15,30.31,64,75.83,25,39.74
16.3,57.2,0.00,0.00,20,39.67,21,30.31,65,75.83,24,39.74
16.1,57.2,0.00,0.00,31,39.67,20,30.31,61,75.83,27,39.74
15.0,57.2,0.00,0.00,30,39.67,20,30.31,42,75.83,26,39.74
15.2,57.2,0.00,0.00,47,39.67,20,30.31,46,75.83,49,39.74
13.9,57.2,0.00,0.00,62,39.67,19,30.31,35,75.83,29,39.74
19.0,57.2,0.00,0.00,57,39.67,18,30.31,38,75.83,24,39.74
18.3,57.2,0.00,0.00,59,39.67,18,30.31,41,75.83,27,39.74
14.7,57.2,0.00,0.00,67,39.67,20,30.31,43,75.83,26,39.74
32.0,57.2,0.00,0.00,70,39.67,72,30.31,84,75.83,88,39.74
28.3,57.2,0.00,0.00,59,39.67,97,30.31,81,75.83,87,39.74
27.5,57.2,0.00,0.00,51,39.67,98,30.31,85,75.83,86,39.74
14.2,57.2,0.00,0.00,53,39.67,73,30.31,60,75.83,25,39.74
14.2,57.2,0.00,0.00,47,39.67,21,30.31,42,75.83,27,39.74
14.3,57.2,0.00,0.00,46,39.67,20,30.31,38,75.83,27,39.74
21.6,55.3,0.00,0.00,37,39.67,21,30.31,62,75.83,23,39.74
99.2,55.6,0.00,0.00,62,39.67,23,30.31,75,75.83,68,39.74
32.7,56.0,0.00,0.00,75,39.67,97,30.31,96,75.83,83,39.74
31.0,56.4,0.00,0.00,85,39.67,95,30.31,93,75.83,79,39.74
91.3,56.8,0.00,0.00,83,39.67,23,30.31,78,75.83,30,39.74
15.0,56.2,0.00,0.00,52,39.67,0,30.31,60,75.83,20,39.74
68.3,56.5,0.00,0.00,34,39.67,0,30.31,58,75.83,27,39.74
10.9,56.7,0.00,0.00,38,39.67,0,30.31,74,75.83,29,39.74
94.7,55.9,0.00,0.00,45,39.67,0,30.31,70,75.83,70,39.74
40.4,56.2,0.00,0.00,79,39.67,0,30.31,97,75.83,84,39.74
31.3,56.6,0.00,0.00,87,39.67,93,30.31,98,75.83,86,39.74
33.5,56.8,0.00,0.00,87,39.67,96,30.31,97,75.83,65,39.74
15.8,57.0,0.00,0.00,48,39.67,19,30.31,48,75.83,25,39.74
17.2,57.1,0.00,0.00,43,39.67,18,30.31,56,75.83,25,39.74
14.8,57.2,0.00,0.00,47,39.67,18,30.31,63,75.83,27,39.74
14.9,57.2,0.00,0.00,56,39.67,20,30.31,62,75.83,21,39.74
30.3,57.2,0.00,0.00,52,39.67,23,30.31,85,75.83,88,39.74
30.5,57.0,0.00,0.00,88,39.67,98,30.31,98,75.83,84,39.74
65.6,56.4,0.00,0.00,85,39.67,98,30.31,97,75.83,83,39.74
18.8,56.6,0.00,0.00,90,39.67,44,30.31,62,75.83,26,39.74
73.8,56.8,0.00,0.00,39,39.67,19,30.31,56,75.83,28,39.74
15.5,56.9,0.00,0.00,35,39.67,19,30.31,54,75.83,27,39.74
18.4,57.1,0.00,0.00,31,39.67,21,30.31,58,75.83,27,39.74
11.9,57.2,0.00,0.00,28,39.67,21,30.31,71,75.83,43,39.74
27.6,57.2,0.00,0.00,39,39.67,47,30.31,99,75.83,86,39.74
28.4,57.2,0.00,0.00,91,39.67,98,30.31,98,75.83,86,39.74
30.6,55.3,0.00,0.00,43,39.67,98,30.31,75,75.83,86,39.74
29.6,55.7,0.00,0.00,50,39.67,14,30.31,37,75.83,22,39.74
14.1,56.0,0.00,0.00,44,39.67,19,30.31,45,75.83,22,39.74
21.3,56.4,0.00,0.00,36,39.67,16,30.31,58,75.83,26,39.74
17.0,56.7,0.00,0.00,40,39.67,18,30.31,43,75.83,22,39.74
20.1,57.0,0.00,0.00,60,39.67,18,30.31,35,75.83,38,39.74
30.0,57.2,0.00,0.00,64,39.67,37,30.31,79,75.83,85,39.74
29.0,57.2,0.00,0.00,58,39.67,98,30.31,81,75.83,84,39.74
28.5,57.2,0.00,0.00,48,39.67,98,30.31,78,75.83,87,39.74
16.8,57.2,0.00,0.00,63,39.67,41,30.31,43,75.83,25,39.74
17.3,57.2,0.00,0.00,34,39.67,20,30.31,54,75.83,24,39.74
16.6,57.2,0.00,0.00,37,39.67,19,30.31,56,75.83,25,39.74
16.5,57.2,0.00,0.00,43,39.67,20,30.31,47,75.83,28,39.74
22.6,57.2,0.00,0.00,38,39.67,39,30.31,80,75.83,84,39.74
29.1,57.2,0.00,0.00,62,39.67,98,30.31,83,75.83,87,39.74
20.8,52.2,0.00,0.00,57,39.67,2,2.95,85,75.83,88,39.74
15.2,52.1,0.00,0.00,61,39.67,0,2.95,83,75.83,28,39.74
13.3,52.1,0.00,0.00,51,39.67,0,2.95,43,75.83,28,39.74
14.8,52.1,0.00,0.00,59,39.67,0,2.95,41,75.83,28,39.74
94.4,52.4,0.00,0.00,57,39.67,0,2.95,43,75.83,29,39.74
18.8,52.8,0.00,0.00,68,39.67,0,2.95,62,75.83,73,39.74
24.3,53.1,0.00,0.00,72,39.67,0,5.21,84,75.83,90,39.74
23.4,55.2,0.00,0.00,62,39.67,4,10.7,84,75.83,87,39.74
24.0,57.6,0.00,0.00,63,39.67,5,22.38,82,75.83,25,39.74
19.3,60.0,0.00,0.00,56,39.67,6,30.83,43,75.83,27,39.74
13.4,60.2,0.00,0.00,43,39.67,7,44.26,41,75.83,27,39.74
18.3,60.4,0.00,0.00,49,39.67,0,44.26,44,75.83,27,39.74
17.5,60.6,0.00,0.00,60,39.67,0,44.26,57,75.83,67,39.74
17.5,60.8,0.00,0.00,60,39.67,0,44.26,63,75.63,88,39.74
64.4,50.9,0.00,0.00,70,21.47,0,44.26,98,57.62,89,39.74
19.5,51.3,0.00,0.00,92,21.47,53,73.97,66,57.62,26,39.74
64.6,51.4,0.00,0.00,45,21.47,82,73.97,49,57.62,27,21.35
16.1,46.7,0.00,0.00,48,21.47,69,73.97,57,57.62,28,21.35
13.2,46.6,0.00,0.00,41,21.47,50,73.97,52,57.62,29,21.35
67.7,46.7,0.00,0.00,40,21.47,71,73.97,48,57.62,24,21.35
25.5,46.9,0.00,0.00,46,21.47,77,73.97,96,57.62,88,21.35
22.8,47.1,0.00,0.00,91,21.47,100,73.97,98,57.62,88,21.35
24.7,47.1,0.00,0.00,92,21.47,100,73.97,99,57.62,90,21.35
16.4,47.1,0.00,0.00,85,21.47,100,73.97,49,57.62,24,21.35
15.8,47.1,0.00,0.00,39,21.47,52,73.97,61,57.62,22,21.35
16.1,47.2,0.00,0.00,39,21.47,74,73.97,56,57.62,27,21.35
16.9,47.2,0.00,0.00,30,21.47,63,73.97,66,57.62,27,21.35
17.1,47.1,0.00,0.00,32,21.47,65,73.97,84,57.62,71,21.35
26.3,47.1,0.00,0.00,91,21.47,100,73.97,98,57.62,89,21.35
27.0,46.1,0.00,0.00,92,21.47,100,73.97,95,57.62,90,21.35
21.6,46.4,0.00,0.00,90,21.47,100,73.97,74,57.62,26,21.35
15.9,46.6,0.00,0.00,39,21.47,100,73.97,51,57.62,27,21.35
25.4,46.7,0.00,0.00,58,21.47,61,73.97,44,57.62,22,21.35
14.6,46.9,0.00,0.00,67,21.47,70,73.97,44,57.62,29,21.35
15.0,47.0,0.00,0.00,78,21.47,57,73.97,44,57.62,28,21.35
30.5,47.2,0.00,0.00,89,21.47,75,73.97,96,57.62,86,21.35
23.4,47.1,0.00,0.00,92,21.47,100,73.97,97,57.62,88,21.35
22.8,47.1,0.00,0.00,93,21.47,100,73.97,98,57.62,91,21.35
18.7,47.2,0.00,0.00,93,21.47,100,73.97,95,57.62,21,21.35
25.9,47.2,0.00,0.00,52,21.47,100,73.97,46,39.11,34,21.35
14.0,37.0,0.00,0.00,3,2.95,100,73.97,28,39.11,30,21.35
15.7,37.3,0.00,0.00,0,2.95,100,73.97,24,39.11,27,21.35
20.8,37.6,0.00,0.00,0,2.95,100,73.97,40,39.11,86,21.35
18.5,38.1,0.00,0.00,0,7.2,100,73.97,48,39.11,90,21.35
18.1,41.6,0.00,0.00,8,19.28,100,73.97,23,39.11,33,21.35
17.8,45.1,0.00,0.00,6,31.49,100,73.97,26,39.11,28,21.35
14.6,45.3,0.00,0.00,0,31.49,100,73.97,26,39.11,32,21.35
14.5,45.5,0.00,0.00,0,31.49,100,73.97,25,39.11,33,21.35
12.6,45.7,0.00,0.00,0,31.49,100,73.97,22,39.11,28,21.35
15.7,45.9,0.00,0.00,0,31.49,99,73.97,25,39.11,28,21.35
15.4,46.1,0.00,0.00,0,31.49,99,73.97,25,39.11,29,21.35
96.7,46.3,0.00,0.00,2,35.62,100,73.97,28,39.11,66,21.35
22.9,46.5,0.00,0.00,60,35.62,100,73.97,41,39.11,86,21.35
22.9,46.7,0.00,0.00,81,35.62,100,73.97,39,39.11,91,21.35
22.7,46.9,0.00,0.00,81,35.62,100,73.97,41,39.11,77,21.35
16.6,47.1,0.00,0.00,23,35.62,100,73.97,19,39.11,28,21.35
17.5,47.3,0.00,0.00,23,35.62,100,73.97,24,39.11,28,21.35
12.1,47.3,0.00,0.00,27,35.62,100,73.97,24,39.11,28,21.35
16.0,47.3,0.00,0.00,27,35.62,100,73.97,31,39.11,74,21.35
19.5,47.3,0.00,0.00,62,35.62,99,73.97,43,39.11,3,2.95
15.9,42.1,0.00,0.00,82,35.62,100,73.97,42,39.11,0,2.95
15.9,42.1,0.00,0.00,84,35.62,100,73.97,46,39.11,0,2.95
17.3,42.3,0.00,0.00,28,35.62,100,73.97,22,39.11,0,2.95
19.3,42.7,0.00,0.00,31,35.62,100,73.97,22,39.11,0,2.95
42.8,43.3,0.00,0.00,23,35.62,100,73.97,23,39.11,0,2.95
15.4,43.4,0.00,0.00,29,35.62,100,73.97,37,41.5,1,8.91
23.2,47.2,0.00,0.00,85,35.62,100,73.97,37,55.0,8,21.04
22.9,54.6,0.00,0.00,74,35.62,100,73.97,46,70.8,11,34.86
17.4,58.3,0.00,0.00,87,35.62,100,73.97,20,71.02,0,34.86
16.0,58.6,0.00,0.00,26,35.62,100,73.97,20,71.02,0,34.86
18.0,59.0,0.00,0.00,25,35.62,100,73.97,28,71.02,0,34.86
14.4,59.4,0.00,0.00,24,35.62,100,73.97,21,71.02,0,34.86
18.8,59.7,0.00,0.00,47,35.62,99,73.97,38,71.02,0,38.59
34.4,60.4,0.00,0.00,82,35.62,100,73.97,74,80.29,99,44.14
84.3,60.8,0.00,0.00,77,35.62,100,73.97,100,80.29,99,44.14
17.9,61.2,0.00,0.00,79,35.62,100,73.97,46,80.29,22,44.14
82.6,61.6,0.00,0.00,20,35.62,100,73.97,48,80.29,32,44.14
15.0,61.8,0.00,0.00,24,35.62,90,73.97,56,80.29,28,44.14
18.2,62.2,0.00,0.00,22,35.62,67,73.97,56,80.29,26,44.14
15.5,62.5,0.00,0.00,22,35.62,76,73.97,80,80.29,90,44.14
25.3,62.5,0.00,0.00,67,35.62,100,73.97,100,80.29,99,44.14
23.1,62.5,0.00,0.00,78,35.62,100,73.97,100,80.29,99,44.14
27.1,61.5,0.00,0.00,82,35.62,47,83.0,100,80.29,99,44.14
18.6,61.7,0.00,0.00,24,35.62,63,83.0,47,80.29,26,44.14
15.3,61.9,0.00,0.00,25,35.62,62,83.0,54,80.29,23,44.14
16.4,62.0,0.00,0.00,20,35.62,50,83.0,62,80.29,23,44.14
54.3,62.2,0.00,0.00,24,35.62,64,83.0,71,80.29,28,44.14
34.3,62.4,0.00,0.00,26,35.62,63,83.0,99,80.29,98,44.14
29.3,61.7,0.00,0.00,77,39.74,92,83.0,100,80.29,99,44.14
28.7,61.1,0.00,0.00,51,39.74,89,83.0,100,80.29,99,44.14
98.8,61.5,0.00,0.00,77,39.74,92,83.0,53,80.29,25,44.14
17.6,61.8,0.00,0.00,19,39.74,56,83.0,44,80.29,28,44.14
17.4,62.1,0.00,0.00,22,39.74,59,83.0,69,80.29,28,44.14
15.4,62.4,0.00,0.00,24,39.74,60,83.0,63,80.29,28,44.14
14.1,62.5,0.00,0.00,26,39.74,61,83.0,52,80.29,90,44.14
17.7,62.5,0.00,0.00,65,39.74,82,83.0,89,85.08,45,48.92
27.5,60.8,0.00,0.00,80,39.74,88,83.0,78,85.08,48,48.92
28.0,61.3,0.00,0.00,77,39.74,92,83.0,85,85.08,49,48.92
18.1,61.7,0.00,0.00,24,39.74,91,83.0,65,85.08,23,48.92
17.9,61.9,0.00,0.00,20,39.74,49,83.0,77,85.08,23,48.92
18.5,62.3,0.00,0.00,22,39.74,59,83.0,85,85.08,23,48.92
20.4,62.5,0.00,0.00,25,39.74,54,83.0,87,85.08,20,48.92
16.1,62.6,0.00,0.00,22,39.74,66,83.0,80,85.08,60,48.92
23.4,62.6,0.00,0.00,73,39.74,90,83.0,79,85.08,60,48.92
23.8,62.6,0.00,0.00,83,39.74,95,83.0,82,85.08,56,48.92
19.8,62.6,0.00,0.00,85,39.74,96,83.0,87,85.08,22,48.92
16.1,62.6,0.00,0.00,23,39.74,80,83.0,66,85.08,21,48.92
16.8,62.6,0.00,0.00,29,39.74,64,83.0,65,85.08,24,48.92
20.2,62.6,0.00,0.00,29,39.74,69,83.0,56,85.08,25,48.92
14.0,62.6,0.00,0.00,29,39.74,92,83.0,63,85.08,34,48.92
24.2,62.6,0.00,0.00,84,39.74,95,83.0,85,85.08,55,48.92
25.5,62.6,0.00,0.00,82,39.74,93,83.0,84,85.08,53,48.92
23.8,62.6,0.00,0.00,85,39.74,92,83.0,71,85.08,52,48.92
18.3,62.6,0.00,0.00,43,39.74,95,83.0,49,85.08,52,48.92
16.3,62.6,0.00,0.00,20,39.74,67,83.0,45,85.08,34,48.92
16.4,62.6,0.00,0.00,28,39.74,74,83.0,49,85.08,24,48.92
17.6,62.6,0.00,0.00,26,39.74,66,83.0,68,85.08,28,48.92
23.8,62.6,0.00,0.00,36,39.74,87,83.0,82,85.08,63,48.92
23.6,62.6,0.00,0.00,85,39.74,93,83.0,79,85.08,48,48.92
23.8,62.6,0.00,0.00,83,39.74,95,83.0,79,85.08,66,48.92
17.1,62.6,0.00,0.00,43,39.74,90,83.0,46,85.08,41,48.92
17.2,62.6,0.00,0.00,26,39.74,62,83.0,45,85.08,38,48.92
15.1,62.6,0.00,0.00,24,39.74,66,83.0,52,85.08,33,48.92
15.6,62.6,0.00,0.00,27,39.74,79,83.0,48,85.08,27,48.92
30.2,62.6,0.00,0.00,28,39.74,94,83.0,49,85.15,98,48.99
28.5,60.9,0.00,0.00,76,39.74,83,83.0,100,85.15,99,48.99
27.5,61.4,0.00,0.00,79,39.74,86,83.0,100,85.15,100,48.99
19.9,60.9,0.00,0.00,38,39.74,88,83.0,76,85.15,24,48.99
41.4,61.2,0.00,0.00,22,39.74,53,83.0,45,85.15,26,48.99
15.1,61.7,0.00,0.00,17,39.74,59,83.0,59,85.15,27,48.99
17.2,62.1,0.00,0.00,23,39.74,50,83.0,71,85.15,28,48.99
17.4,62.3,0.00,0.00,20,39.74,61,83.0,75,85.15,24,48.99
31.7,62.4,0.00,0.00,44,39.74,87,83.0,100,85.15,99,48.99
24.2,62.6,0.00,0.00,83,39.74,93,83.0,100,85.15,99,48.99
24.5,62.6,0.00,0.00,78,39.74,96,83.0,100,85.15,99,48.99
14.6,62.6,0.00,0.00,30,39.74,96,83.0,40,85.15,38,48.99
14.2,62.6,0.00,0.00,26,39.74,65,83.0,47,85.15,23,48.99
15.8,62.6,0.00,0.00,22,39.74,63,83.0,57,85.15,40,48.99
14.3,62.6,0.00,0.00,23,39.74,63,83.0,56,85.15,31,48.99
34.2,62.6,0.00,0.00,28,39.74,78,83.0,89,85.15,99,48.99
26.6,62.6,0.00,0.00,83,39.74,94,83.0,100,85.15,99,48.99
26.8,62.6,0.00,0.00,81,39.74,95,83.0,100,85.15,99,48.99
15.9,62.6,0.00,0.00,64,39.74,95,83.0,51,85.15,35,48.99
13.0,62.6,0.00,0.00,25,39.74,60,83.0,41,85.15,28,48.99
16.0,62.6,0.00,0.00,25,39.74,74,83.0,59,85.15,22,48.99
14.3,62.6,0.00,0.00,22,39.74,73,83.0,56,85.15,28,48.99
32.0,60.9,0.00,0.00,21,39.74,58,83.0,84,85.15,40,48.99
33.7,61.2,0.00,0.00,54,39.74,68,83.0,69,85.15,23,48.99
21.0,61.4,0.00,0.00,17,39.74,49,83.0,66,85.15,24,48.99
19.4,61.8,0.00,0.00,24,39.74,67,83.0,74,85.15,25,48.99
95.3,62.2,0.00,0.00,27,39.74,60,83.0,77,84.96,22,48.99
22.9,57.5,0.00,0.00,29,39.74,60,83.0,78,67.07,32,48.99
26.9,57.4,0.00,0.00,40,39.74,93,83.13,85,67.07,46,48.99
26.5,56.6,0.00,0.00,81,39.74,100,83.13,77,67.07,43,48.99
26.2,56.8,0.00,0.00,81,39.74,100,83.13,85,67.07,49,48.99
14.1,57.0,0.00,0.00,44,39.74,100,83.13,40,67.07,36,48.99
21.8,57.2,0.00,0.00,26,39.74,89,83.13,41,67.07,35,48.99
18.0,57.3,0.00,0.00,26,39.74,78,83.13,36,67.07,33,48.99
14.2,57.4,0.00,0.00,23,39.74,53,83.13,49,67.07,25,48.99
15.9,57.4,0.00,0.00,25,39.74,78,83.13,64,67.07,59,48.99
23.2,57.4,0.00,0.00,76,39.74,100,83.13,82,67.07,54,48.99
25.2,57.4,0.00,0.00,86,39.74,100,83.13,82,67.07,58,48.99
26.1,57.4,0.00,0.00,86,39.74,100,83.13,69,67.07,39,48.99
13.6,57.5,0.00,0.00,21,39.74,100,83.13,58,67.07,26,48.99
17.0,57.5,0.00,0.00,29,39.74,100,83.13,58,67.07,21,48.99
18.5,57.5,0.00,0.00,20,39.74,100,83.13,73,67.07,25,48.99
14.6,57.5,0.00,0.00,28,39.74,75,83.13,79,67.07,37,48.99
30.2,57.4,0.00,0.00,26,39.74,100,83.13,85,67.07,42,48.99
25.7,57.4,0.00,0.00,81,39.74,100,83.13,90,67.07,52,48.99
21.9,57.4,0.00,0.00,86,39.74,100,83.13,81,67.07,48,48.99
20.1,56.6,0.00,0.00,69,39.74,100,83.13,53,67.07,22,48.99
82.5,56.8,0.00,0.00,19,39.74,100,83.13,44,67.07,20,48.99
17.5,56.9,0.00,0.00,22,39.74,77,83.13,47,67.07,23,48.99
20.7,57.1,0.00,0.00,23,39.74,100,83.13,60,67.07,23,48.99
19.8,57.3,0.00,0.00,22,39.74,100,83.13,56,67.07,23,48.99
30.2,55.5,0.00,0.00,77,39.74,100,83.13,76,67.07,99,48.99
34.2,55.9,0.00,0.00,72,39.74,100,83.13,99,67.07,99,48.99
62.9,56.3,0.00,0.00,81,39.74,100,83.13,100,67.07,65,48.99
16.8,56.7,0.00,0.00,54,39.74,100,83.13,45,67.07,37,48.99
16.6,57.0,0.00,0.00,19,39.74,100,83.13,42,67.07,34,48.99
18.4,57.3,0.00,0.00,22,39.74,68,83.13,48,67.07,30,48.99
12.4,57.5,0.00,0.00,24,39.74,78,83.13,54,67.07,33,48.99
14.5,57.5,0.00,0.00,21,39.74,80,83.13,94,67.07,91,48.99
26.8,57.4,0.00,0.00,83,39.74,100,83.13,100,67.07,99,48.99
26.1,57.4,0.00,0.00,84,39.74,100,83.13,100,67.07,99,48.99
18.3,57.4,0.00,0.00,84,39.74,100,83.13,100,67.07,27,48.99
14.9,57.4,0.00,0.00,28,39.74,100,83.13,58,67.07,27,48.99
16.4,57.4,0.00,0.00,29,39.74,100,83.13,53,67.07,40,48.99
12.4,57.4,0.00,0.00,29,39.74,75,83.13,60,67.07,37,48.99
13.5,57.4,0.00,0.00,27,39.74,78,83.13,70,67.07,43,48.99
24.3,57.4,0.00,0.00,70,39.74,100,83.13,100,67.07,99,48.99
25.2,57.4,0.00,0.00,83,39.74,100,83.13,100,67.07,99,48.99
24.6,57.4,0.00,0.00,82,39.74,100,83.13,100,67.07,77,48.99
17.0,57.5,0.00,0.00,23,39.74,100,83.13,59,67.07,24,48.99
14.9,57.5,0.00,0.00,25,39.74,100,83.13,61,67.07,35,48.99
17.1,57.4,0.00,0.00,26,39.74,100,83.13,62,67.07,35,48.99
18.1,55.5,0.00,0.00,27,39.74,100,83.13,49,67.07,43,48.99
28.4,55.8,0.00,0.00,40,39.74,100,83.13,86,67.07,45,48.99
63.4,56.2,0.00,0.00,80,39.74,100,83.13,74,67.07,67,48.99
28.8,56.6,0.00,0.00,79,39.74,100,83.13,82,67.07,49,48.99
15.4,57.1,0.00,0.00,48,39.74,100,83.13,40,67.07,30,48.99
18.4,57.4,0.00,0.00,21,39.74,100,83.13,49,67.07,19,48.99
16.3,57.5,0.00,0.00,20,39.74,100,83.13,58,67.07,27,48.99
17.4,57.4,0.00,0.00,27,39.74,94,83.13,67,67.07,22,48.99
14.0,57.4,0.00,0.00,27,39.74,84,83.13,60,67.07,51,48.99
23.5,57.4,0.00,0.00,56,39.74,100,83.13,84,67.07,59,48.99
24.6,57.4,0.00,0.00,81,39.74,100,83.13,86,67.07,57,48.99
25.3,57.4,0.00,0.00,87,39.74,100,83.13,72,67.07,65,48.99
17.0,57.5,0.00,0.00,26,39.74,100,83.13,42,67.07,47,48.99
18.3,57.5,0.00,0.00,26,39.74,100,83.13,27,48.99,55,48.99
18.3,51.4,0.00,0.00,23,39.74,100,83.13,26,48.99,42,48.99
14.3,51.5,0.00,0.00,26,39.74,80,83.13,38,48.99,39,48.99
22.8,51.7,0.00,0.00,82,39.74,100,83.13,58,48.99,42,48.99
21.8,51.9,0.00,0.00,80,39.74,100,83.13,63,48.99,51,48.99
26.1,52.4,0.00,0.00,85,39.74,99,83.13,59,48.99,40,48.99
20.6,52.9,0.00,0.00,51,39.74,100,83.13,47,48.99,26,48.99
16.8,53.1,0.00,0.00,24,39.74,100,83.13,54,48.99,42,48.99
14.9,53.2,0.00,0.00,29,39.74,100,83.13,51,48.99,46,48.99
20.5,54.2,0.00,0.00,27,47.24,99,83.13,50,48.99,43,48.99
23.5,57.8,0.00,0.00,65,59.15,97,83.13,62,48.99,67,48.99
20.7,60.5,0.00,0.00,86,68.28,100,83.13,59,48.99,47,48.99
31.6,59.9,0.00,0.00,80,68.28,88,83.13,61,48.99,42,48.99
55.9,60.2,0.00,0.00,70,68.28,92,83.13,40,48.99,55,48.99
22.5,58.9,0.00,0.00,24,68.28,96,83.13,60,48.99,36,48.99
96.3,59.5,0.00,0.00,24,68.28,81,83.13,56,48.99,27,48.99
52.8,60.1,0.00,0.00,24,68.28,75,83.13,81,48.99,34,48.99
56.2,60.8,0.00,0.00,34,72.41,57,83.13,97,48.99,99,48.99
36.9,61.4,0.00,0.00,92,72.41,84,83.13,98,48.99,97,48.99
36.1,62.0,0.00,0.00,95,72.41,81,83.13,99,48.99,99,48.99
15.8,62.2,0.00,0.00,96,72.41,92,83.13,26,48.99,26,48.99
16.1,62.4,0.00,0.00,39,72.41,56,83.13,30,48.99,34,48.99
16.6,62.5,0.00,0.00,38,72.41,65,83.13,40,48.99,24,48.99
11.7,62.6,0.00,0.00,47,72.41,66,83.13,46,48.99,27,48.99
13.3,62.6,0.00,0.00,46,72.41,94,83.13,46,48.99,85,48.99
23.7,62.5,0.00,0.00,98,72.41,92,83.13,99,48.99,99,48.99
24.7,62.6,0.00,0.00,99,72.41,92,83.13,99,48.99,99,48.99
25.5,62.5,0.00,0.00,98,72.41,93,83.13,95,48.99,27,48.99
16.2,62.6,0.00,0.00,67,72.41,96,83.13,35,48.99,38,48.99
14.7,62.6,0.00,0.00,48,72.41,70,83.13,46,48.99,22,48.99
18.0,62.6,0.00,0.00,48,72.41,69,83.13,50,48.99,38,48.99
12.7,62.6,0.00,0.00,48,72.41,66,83.13,67,48.99,29,48.99
23.0,62.6,0.00,0.00,77,72.41,92,83.13,62,48.99,63,48.99
13.0,62.6,0.00,0.00,47,72.41,96,83.13,35,48.99,27,48.99
17.1,62.6,0.00,0.00,45,72.41,95,83.13,52,48.99,22,48.99
14.0,62.6,0.00,0.00,48,72.41,89,83.13,62,48.99,33,48.99
36.8,60.8,0.00,0.00,51,72.41,82,83.13,27,48.99,57,48.99
24.5,61.1,0.00,0.00,66,72.41,87,83.13,29,48.99,23,48.99
20.5,61.3,0.00,0.00,47,72.41,63,83.13,30,48.99,23,48.99
15.0,61.8,0.00,0.00,40,72.41,70,83.13,49,48.99,23,48.99
21.5,62.0,0.00,0.00,38,72.41,87,83.13,53,48.99,27,48.99
29.7,62.3,0.00,0.00,37,72.41,65,83.13,67,48.99,22,48.99
32.5,62.6,0.00,0.00,57,72.41,95,83.13,55,48.99,63,48.99
22.2,62.6,0.00,0.00,99,72.41,97,83.13,55,48.99,55,48.99
23.0,62.6,0.00,0.00,99,72.41,96,83.13,44,48.99,53,48.99
19.6,62.6,0.00,0.00,95,72.41,96,83.13,68,48.99,24,48.99
18.7,62.6,0.00,0.00,40,72.41,70,83.13,55,48.99,24,48.99
17.8,62.6,0.00,0.00,40,72.41,65,83.13,63,48.99,23,48.99
17.4,62.6,0.00,0.00,51,72.41,68,83.13,61,48.99,26,48.99
16.2,62.6,0.00,0.00,42,72.41,67,83.13,60,48.99,55,48.99
21.2,62.6,0.00,0.00,97,72.41,95,83.13,55,48.99,60,48.99
55.4,61.7,0.00,0.00,94,72.41,88,83.13,72,48.99,43,48.99
26.6,61.9,0.00,0.00,97,72.41,92,83.13,46,48.99,37,48.99
15.8,62.0,0.00,0.00,41,72.41,95,83.13,45,48.99,20,48.99
15.4,62.2,0.00,0.00,41,72.41,65,83.13,42,48.99,23,48.99
85.5,62.4,0.00,0.00,48,72.41,93,83.13,53,48.99,31,48.99
20.5,62.5,0.00,0.00,38,72.41,59,83.13,74,48.99,27,48.99
22.0,62.6,0.00,0.00,43,72.41,88,83.13,59,48.99,51,48.99
22.9,62.6,0.00,0.00,98,72.41,95,83.13,54,48.99,58,48.99
21.4,62.6,0.00,0.00,98,72.41,96,83.13,58,48.99,40,48.99
15.4,62.6,0.00,0.00,97,72.41,94,83.13,44,48.99,21,48.99
14.8,62.6,0.00,0.00,51,72.41,78,83.13,39,48.99,28,48.99
12.9,62.6,0.00,0.00,44,72.41,73,83.13,48,48.99,20,48.99
11.0,62.6,0.00,0.00,51,72.41,65,83.13,40,48.99,25,48.99
28.9,62.6,0.00,0.00,58,72.41,76,83.13,46,48.99,51,48.99
32.6,60.9,0.00,0.00,97,72.41,84,83.13,98,48.99,99,48.99
28.6,61.3,0.00,0.00,97,72.41,86,83.13,99,48.99,99,48.99
33.3,61.7,0.00,0.00,96,72.41,94,83.13,60,48.99,26,48.99
63.9,62.0,0.00,0.00,44,72.41,51,83.13,38,48.99,28,48.99
17.4,62.3,0.00,0.00,48,72.41,55,83.13,55,48.99,35,48.99
12.9,62.6,0.00,0.00,46,72.41,84,83.13,35,48.99,27,48.99
14.9,62.6,0.00,0.00,50,72.41,80,83.13,57,48.99,95,48.99
26.5,61.8,0.00,0.00,93,76.53,90,83.13,96,48.99,99,48.99
27.3,61.8,0.00,0.00,95,76.53,89,83.13,100,48.99,99,48.99
32.3,62.0,0.00,0.00,94,76.53,85,83.13,89,48.99,96,48.99
14.9,62.2,0.00,0.00,46,76.53,79,83.13,41,48.99,40,48.99
13.0,62.4,0.00,0.00,41,76.53,66,83.13,44,48.99,28,48.99
21.6,62.6,0.00,0.00,48,76.53,64,83.13,58,48.99,36,48.99
13.6,62.6,0.00,0.00,47,76.53,85,83.13,48,48.99,30,48.99
31.8,62.6,0.00,0.00,45,76.53,96,83.13,94,48.99,99,48.99
25.6,62.6,0.00,0.00,96,76.53,92,83.13,100,48.99,99,48.99
29.3,62.6,0.00,0.00,95,76.53,93,83.13,100,48.99,99,48.99
13.2,61.8,0.00,0.00,96,76.53,100,83.13,45,48.99,30,48.99
40.6,61.9,0.00,0.00,41,76.53,100,83.13,45,48.99,32,48.99
12.1,62.1,0.00,0.00,42,76.53,92,83.13,51,48.99,28,48.99
16.6,60.2,0.00,0.00,51,76.53,82,83.13,58,48.99,31,48.99
23.3,60.7,0.00,0.00,46,76.53,57,83.13,61,48.99,37,48.99
31.7,61.2,0.00,0.00,71,76.53,98,83.13,63,48.99,46,48.99
65.5,61.7,0.00,0.00,96,76.53,100,83.13,51,48.99,55,48.99
25.2,62.1,0.00,0.00,95,76.53,100,83.13,52,48.99,44,48.99
88.7,62.4,0.00,0.00,74,76.53,100,83.13,19,48.99,26,48.99
17.9,62.6,0.00,0.00,34,76.53,100,83.13,30,48.99,29,48.99
12.3,62.6,0.00,0.00,41,76.53,72,83.13,27,48.99,30,48.99
8.8,62.6,0.00,0.00,37,76.53,81,83.13,34,48.99,31,48.99
36.8,62.6,0.00,0.00,44,76.53,97,83.13,54,48.99,45,48.99
22.7,62.6,0.00,0.00,97,76.53,100,83.13,67,48.99,52,48.99
21.8,62.6,0.00,0.00,97,76.53,100,83.13,62,48.99,53,48.99
19.0,62.6,0.00,0.00,98,76.53,100,83.13,38,48.99,27,48.99
17.7,62.6,0.00,0.00,50,76.53,100,83.13,54,48.99,24,48.99
17.6,62.6,0.00,0.00,47,76.53,100,83.13,71,48.99,26,48.99
15.3,62.6,0.00,0.00,51,76.53,100,83.13,80,48.99,22,48.99
16.7,62.6,0.00,0.00,44,76.53,100,83.13,69,48.99,50,48.99
21.5,62.6,0.00,0.00,97,76.53,100,83.13,80,48.99,44,48.99
22.8,62.6,0.00,0.00,98,76.53,100,83.13,80,48.99,42,48.99
21.5,62.6,0.00,0.00,98,76.53,100,83.13,50,48.99,47,48.99
16.9,61.7,0.00,0.00,52,76.53,100,83.13,41,48.99,33,48.99
14.8,61.8,0.00,0.00,47,76.53,100,83.13,47,48.99,31,48.99
16.9,62.0,0.00,0.00,48,76.53,100,83.13,53,48.99,34,48.99
28.3,62.2,0.00,0.00,40,76.53,100,83.13,46,48.99,35,48.99
24.9,62.3,0.00,0.00,54,76.53,100,83.13,64,48.99,51,48.99
24.3,62.5,0.00,0.00,96,76.53,100,83.13,47,48.99,51,48.99
21.7,62.6,0.00,0.00,99,76.53,100,83.13,87,48.99,24,48.99
22.7,60.7,0.00,0.00,87,76.53,100,83.13,61,48.99,38,48.99
87.9,61.0,0.00,0.00,43,76.53,100,83.13,28,48.99,23,48.99
14.9,61.4,0.00,0.00,44,76.53,69,83.13,33,48.99,30,48.99
52.6,61.7,0.00,0.00,42,76.53,63,83.13,44,48.99,27,48.99
16.6,62.0,0.00,0.00,44,76.53,81,83.13,66,48.99,53,48.99
29.4,62.3,0.00,0.00,78,76.53,99,83.13,99,48.99,98,48.99
27.2,62.6,0.00,0.00,96,76.53,100,83.13,99,48.99,98,48.99
25.4,62.6,0.00,0.00,97,76.53,100,83.13,70,48.99,70,48.99
12.5,62.6,0.00,0.00,71,76.53,100,83.13,46,48.99,27,48.99
13.4,62.6,0.00,0.00,49,76.53,100,83.13,35,48.99,36,48.99
15.1,62.6,0.00,0.00,45,76.53,100,83.13,56,48.99,21,48.99
14.6,62.6,0.00,0.00,49,76.53,100,83.13,64,48.99,39,48.99
31.7,62.6,0.00,0.00,77,76.53,100,83.13,99,48.99,99,48.99
24.6,62.6,0.00,0.00,97,76.53,100,83.13,99,48.99,99,48.99
31.3,62.3,0.00,0.00,93,76.53,100,83.13,99,48.99,99,48.99
15.6,61.8,0.00,0.00,97,76.53,100,83.13,35,48.99,36,48.99
15.6,62.0,0.00,0.00,44,76.53,100,83.13,25,48.99,21,48.99
14.9,62.1,0.00,0.00,38,76.53,100,83.13,41,48.99,37,48.99
16.2,62.3,0.00,0.00,48,76.53,100,83.13,24,48.99,22,48.99
11.4,62.4,0.00,0.00,45,76.53,74,83.13,34,48.99,73,48.99
19.1,62.6,0.00,0.00,97,76.53,100,83.13,86,48.99,27,48.99
11.0,62.6,0.00,0.00,38,76.53,100,83.13,55,48.99,27,48.99
12.4,62.6,0.00,0.00,42,76.53,100,83.13,51,48.8,46,21.15
15.7,52.4,0.00,0.00,50,76.53,100,83.13,31,21.15,64,21.15
14.9,52.3,0.00,0.00,40,76.53,100,83.13,22,21.15,52,21.15
12.2,52.3,0.00,0.00,67,76.53,100,83.13,24,21.15,34,21.15
14.4,52.3,0.00,0.00,45,76.53,100,83.13,27,21.15,44,21.15
17.4,52.3,0.00,0.00,48,76.53,100,83.13,24,21.15,44,21.15
19.5,52.3,0.00,0.00,47,76.53,100,83.13,30,21.15,52,21.15
26.0,52.3,0.00,0.00,49,76.53,100,83.13,39,21.15,64,21.15
25.0,52.3,0.00,0.00,98,76.53,100,83.13,50,21.15,44,21.15
21.5,52.3,0.00,0.00,97,76.53,100,83.13,65,21.15,59,21.15
18.9,52.3,0.00,0.00,97,76.53,100,83.13,42,21.15,20,21.15
15.9,52.3,0.00,0.00,55,76.53,100,83.13,44,21.15,26,21.15
12.9,52.3,0.00,0.00,47,76.53,100,83.13,42,21.15,21,21.15
11.4,52.3,0.00,0.00,44,76.53,100,83.13,44,21.15,28,21.15
13.1,52.3,0.00,0.00,51,76.53,100,83.13,44,21.15,42,21.15
23.5,52.3,0.00,0.00,94,76.53,100,83.13,55,21.15,60,21.15
21.7,52.3,0.00,0.00,99,76.53,100,83.13,45,21.15,59,21.15
21.7,52.3,0.00,0.00,98,76.53,100,83.13,52,21.15,32,21.15
17.5,52.3,0.00,0.00,98,76.53,100,83.13,29,21.15,26,21.15
16.6,52.3,0.00,0.00,48,76.53,100,83.13,37,21.15,22,21.15
17.0,52.3,0.00,0.00,46,76.53,100,83.13,52,21.15,24,21.15
22.2,52.3,0.00,0.00,49,76.53,100,83.13,48,21.15,24,21.15
20.9,52.3,0.00,0.00,70,76.53,100,83.13,62,21.15,61,21.15
24.1,47.3,0.00,0.00,98,76.53,57,27.52,50,21.15,48,21.15
22.2,47.1,0.00,0.00,97,76.53,92,27.52,63,21.15,42,21.15
17.6,47.1,0.00,0.00,97,76.53,96,27.52,69,21.15,22,21.15
16.2,47.1,0.00,0.00,50,76.53,70,27.52,83,21.15,27,21.15
17.7,46.1,0.00,0.00,46,76.34,79,27.52,87,21.15,23,21.15
15.0,42.0,0.00,0.00,56,58.14,72,27.52,63,21.15,19,2.95
15.1,32.0,0.00,0.00,57,58.14,95,27.52,0,2.95,0,2.95
15.0,31.8,0.00,0.00,99,58.14,95,27.52,0,2.95,0,2.95
12.8,31.8,0.00,0.00,98,58.14,97,27.52,0,2.95,0,2.95
12.2,31.8,0.00,0.00,98,58.14,97,27.52,0,2.95,0,2.95
12.1,31.8,0.00,0.00,55,58.14,96,27.52,0,2.95,0,2.95
13.5,32.1,0.00,0.00,53,58.14,97,27.52,0,2.95,0,2.95
16.8,32.4,0.00,0.00,50,58.14,91,27.52,0,2.95,0,2.95
16.9,32.6,0.00,0.00,85,58.14,91,27.52,2,8.39,0,2.95
17.2,35.6,0.00,0.00,98,58.14,97,27.52,8,20.38,0,2.95
17.0,39.2,0.00,0.00,98,58.14,96,27.52,10,39.84,0,2.95
13.3,40.1,0.00,0.00,98,58.14,95,27.52,0,39.84,0,2.95
14.3,40.2,0.00,0.00,53,58.14,96,27.52,0,39.84,0,2.95
79.4,40.3,0.00,0.00,54,58.14,94,27.52,0,39.84,0,2.95
14.9,40.5,0.00,0.00,53,58.14,91,27.52,0,39.84,0,2.95
15.3,40.7,0.00,0.00,97,58.14,95,27.52,0,39.84,0,2.95
23.7,41.0,0.00,0.00,98,58.14,96,27.52,56,49.12,0,2.95
14.9,41.3,0.00,0.00,98,58.14,91,27.52,53,49.12,0,2.95
70.1,41.5,0.00,0.00,62,58.14,94,27.52,12,49.12,0,2.95
18.9,41.5,0.00,0.00,49,57.94,92,27.52,13,49.12,0,2.95
65.9,36.7,0.00,0.00,58,39.74,77,27.52,11,49.12,0,2.95
15.8,36.8,0.00,0.00,50,39.74,72,27.52,47,49.12,0,2.95
22.0,37.0,0.00,0.00,98,39.74,96,27.52,84,49.12,0,2.95
24.8,37.0,0.00,0.00,98,39.74,96,27.52,85,49.12,0,2.95
22.4,37.0,0.00,0.00,99,39.74,93,27.52,66,49.12,0,2.95
14.3,37.0,0.00,0.00,70,39.74,95,27.52,18,49.12,0,2.95
13.5,37.0,0.00,0.00,51,39.74,94,27.52,18,49.12,0,2.95
14.7,37.0,0.00,0.00,51,39.74,79,27.52,18,49.12,0,2.95
14.1,37.0,0.00,0.00,51,39.74,96,27.52,63,49.12,0,2.95
22.5,37.0,0.00,0.00,84,39.74,92,27.52,91,49.12,0,2.95
21.8,37.0,0.00,0.00,97,39.74,96,27.52,85,49.12,0,2.95
18.4,37.0,0.00,0.00,99,39.74,94,27.52,48,49.12,0,2.95
15.6,37.0,0.00,0.00,57,39.74,96,27.52,9,49.12,0,2.95
12.1,37.0,0.00,0.00,52,39.74,97,27.52,9,49.12,0,2.95
13.9,37.0,0.00,0.00,52,39.74,87,27.52,9,49.12,0,2.95
13.1,37.0,0.00,0.00,52,39.74,78,27.52,71,49.12,0,2.95
21.1,37.0,0.00,0.00,93,39.74,96,27.52,77,49.12,0,2.95
21.7,37.0,0.00,0.00,97,39.74,95,27.52,85,49.17,0,2.95
16.3,36.0,0.00,0.00,99,39.74,96,27.52,26,58.44,0,2.95
80.3,36.2,0.00,0.00,44,39.74,81,27.52,16,58.44,0,2.95
14.8,36.4,0.00,0.00,49,39.74,65,27.52,12,58.44,0,2.95
15.9,36.5,0.00,0.00,50,39.74,86,27.52,12,58.44,0,2.95
14.9,36.7,0.00,0.00,42,39.74,75,27.52,16,58.44,0,2.95
76.7,36.9,0.00,0.00,79,39.74,97,27.52,77,58.44,0,2.95
21.1,37.0,0.00,0.00,97,39.74,96,27.52,86,58.44,0,2.95
21.0,37.0,0.00,0.00,97,39.74,96,27.52,57,58.44,0,2.95
12.7,37.1,0.00,0.00,58,39.74,96,27.52,13,58.44,0,2.95
13.3,37.1,0.00,0.00,50,39.74,86,27.52,14,58.44,0,2.95
13.9,37.1,0.00,0.00,53,39.74,83,27.52,14,58.44,0,2.95
12.5,37.1,0.00,0.00,53,39.74,75,27.52,14,58.44,0,2.95
22.2,37.0,0.00,0.00,86,39.74,96,27.52,85,58.44,0,2.95
21.6,36.0,0.00,0.00,95,21.35,96,27.52,89,58.44,0,2.95
18.4,31.9,0.00,0.00,90,21.35,97,27.52,54,58.44,0,2.95
10.8,31.9,0.00,0.00,28,21.35,97,27.52,18,58.44,0,2.95
49.3,32.0,0.00,0.00,31,21.35,93,27.52,9,58.44,0,2.95
15.3,32.3,0.00,0.00,27,21.35,94,27.52,18,58.44,0,2.95
71.2,32.6,0.00,0.00,27,21.35,96,27.52,31,58.44,0,3.19
22.9,33.6,0.00,0.00,90,21.35,95,27.52,92,58.44,9,17.06
22.9,37.3,0.00,0.00,88,21.35,94,27.52,90,58.44,9,33.98
17.3,40.4,0.00,0.00,87,21.35,95,27.52,11,58.44,10,39.84
12.3,40.2,0.00,0.00,26,21.35,92,27.52,9,58.44,0,39.84
14.0,40.4,0.00,0.00,26,21.35,95,27.52,14,58.44,0,39.84
13.6,40.6,0.00,0.00,26,21.35,82,27.52,14,58.49,0,39.84
20.8,39.7,0.00,0.00,33,21.35,84,27.33,47,58.49,0,39.84
70.8,34.9,0.00,0.00,84,21.35,5,2.95,76,58.49,72,48.75
37.4,35.3,0.00,0.00,73,21.15,0,2.95,72,58.49,35,48.75
77.5,31.5,0.00,0.00,3,2.95,0,2.95,9,58.49,20,48.75
79.1,32.1,0.00,0.00,0,2.95,0,2.95,13,58.49,22,48.75
11.6,32.5,0.00,0.00,0,2.95,0,2.95,16,58.49,18,48.75
36.7,33.9,0.00,0.00,0,2.95,0,11.47,11,58.49,60,48.75
33.9,38.0,0.00,0.00,0,2.95,9,22.48,78,58.49,98,48.75
29.9,42.1,0.00,0.00,0,6.99,8,31.49,70,58.49,21,48.75
16.6,44.4,0.00,0.00,3,12.51,0,31.49,16,58.49,22,48.75
15.6,45.3,0.00,0.00,5,28.77,0,31.49,18,58.49,21,48.75
16.0,46.8,0.00,0.00,0,28.77,7,41.69,18,58.49,21,48.75
99.8,50.3,0.00,0.00,0,28.77,8,53.36,33,58.49,44,48.75
13.5,53.6,0.00,0.00,0,28.77,8,58.03,15,58.49,21,48.75
15.0,54.2,0.00,0.00,0,28.77,0,65.89,9,58.49,21,48.75
12.5,54.8,0.00,0.00,0,28.77,15,65.89,9,58.49,21,48.75
15.1,55.3,0.00,0.00,0,57.23,24,65.89,18,58.49,86,48.75
31.7,55.6,0.00,0.00,99,57.23,95,65.89,62,58.49,95,48.75
51.9,56.1,0.00,0.00,99,57.23,90,74.36,67,58.49,92,48.75
96.5,56.6,0.00,0.00,99,57.23,98,74.48,19,58.49,31,48.75
15.9,56.9,0.00,0.00,76,57.23,28,74.48,9,58.49,16,48.75
93.4,57.1,0.00,0.00,78,57.23,28,74.48,18,58.49,18,48.75
15.3,57.3,0.00,0.00,68,57.23,35,74.48,9,58.49,18,48.75
44.4,57.5,0.00,0.00,72,57.23,31,74.48,9,58.49,18,48.75
27.4,57.6,0.00,0.00,74,57.23,37,74.48,18,58.49,66,48.75
33.5,57.8,0.00,0.00,100,57.23,99,74.48,67,58.49,97,48.75
32.4,57.8,0.00,0.00,99,57.23,99,74.48,69,58.49,97,48.75
29.6,57.8,0.00,0.00,99,57.23,99,74.48,31,58.49,19,48.75
20.5,57.1,0.00,0.00,100,57.23,47,74.48,26,30.72,21,48.75
11.0,52.7,0.00,0.00,100,57.23,36,74.48,9,30.72,20,48.75
14.1,52.7,0.00,0.00,87,57.23,36,74.48,9,30.72,20,48.75
13.6,52.7,0.00,0.00,84,57.23,44,74.48,16,30.72,64,48.75
29.0,52.6,0.00,0.00,99,57.23,99,74.48,72,30.72,97,48.75
29.1,52.6,0.00,0.00,99,57.23,99,74.48,75,30.72,55,57.66
32.4,51.8,0.00,0.00,99,57.23,99,74.48,54,30.72,17,57.66
92.9,52.0,0.00,0.00,99,57.23,36,74.48,11,30.72,18,57.66
22.4,52.1,0.00,0.00,87,57.23,47,74.48,9,30.72,20,57.66
14.7,52.3,0.00,0.00,91,57.23,37,74.48,14,30.72,18,57.66
16.2,52.5,0.00,0.00,88,57.23,39,74.48,14,30.72,20,57.66
26.8,52.7,0.00,0.00,82,57.23,64,74.48,67,30.72,87,57.66
31.2,52.7,0.00,0.00,100,57.23,99,74.48,69,30.72,97,57.66
30.0,52.6,0.00,0.00,99,57.23,99,74.48,78,30.72,98,57.66
16.9,52.7,0.00,0.00,99,57.23,89,74.48,15,30.72,17,57.66
14.1,52.7,0.00,0.00,99,57.23,36,74.48,14,30.72,19,57.66
14.0,52.7,0.00,0.00,87,57.23,35,74.48,9,30.72,19,57.66
17.3,52.7,0.00,0.00,84,57.23,36,74.48,14,30.72,20,57.66
10.8,52.7,0.00,0.00,82,57.23,41,74.48,32,30.72,44,57.66
28.0,52.7,0.00,0.00,95,57.23,99,74.48,67,30.72,98,57.66
30.8,52.7,0.00,0.00,99,57.23,99,74.48,73,30.72,98,57.66
28.8,52.7,0.00,0.00,99,57.23,99,74.48,68,30.72,24,57.66
15.4,52.7,0.00,0.00,100,57.23,36,74.48,9,30.72,20,57.66
11.6,52.7,0.00,0.00,89,57.23,63,74.48,12,30.72,18,57.66
12.9,52.7,0.00,0.00,84,57.23,33,74.48,19,30.72,20,57.66
11.2,52.7,0.00,0.00,84,57.23,36,74.48,16,30.72,20,57.66
30.7,52.7,0.00,0.00,86,57.23,93,74.48,71,30.72,98,57.66
29.3,52.7,0.00,0.00,100,57.23,94,82.39,78,30.53,95,57.66
24.4,46.6,0.00,0.00,99,57.23,100,82.39,5,2.95,84,57.66
14.9,46.9,0.00,0.00,99,57.23,61,82.39,0,2.95,18,57.66
90.1,47.0,0.00,0.00,98,57.23,42,82.39,0,2.95,21,57.66
22.5,47.2,0.00,0.00,83,57.23,37,82.39,0,2.95,20,57.66
11.8,47.3,0.00,0.00,87,57.23,37,82.39,0,2.95,18,57.66
33.7,47.5,0.00,0.00,85,57.23,54,82.39,0,2.95,92,57.66
22.0,47.5,0.00,0.00,100,57.23,100,82.39,0,2.95,99,57.66
21.2,47.4,0.00,0.00,99,57.23,100,82.39,0,2.95,48,57.66
17.2,46.6,0.00,0.00,99,57.23,95,82.39,0,2.95,19,57.66
39.0,46.8,0.00,0.00,100,57.23,40,82.39,0,2.95,21,57.66
13.8,46.9,0.00,0.00,85,57.23,48,82.39,0,2.95,20,57.66
16.0,47.1,0.00,0.00,89,57.23,38,82.39,0,2.95,20,57.66
14.0,47.3,0.00,0.00,84,57.23,30,82.39,0,2.95,61,57.66
21.9,47.4,0.00,0.00,99,57.23,100,82.39,0,2.95,99,57.66
20.7,47.4,0.00,0.00,100,57.23,100,82.39,0,2.95,99,57.66
22.1,47.5,0.00,0.00,100,57.23,100,82.39,0,2.95,21,57.66
11.4,47.5,0.00,0.00,100,57.23,57,82.39,0,2.95,21,57.66
12.3,47.5,0.00,0.00,100,57.23,51,82.39,0,2.95,21,57.66
13.0,47.5,0.00,0.00,100,57.23,48,91.11,0,2.95,21,57.66
16.0,46.6,0.00,0.00,95,57.23,54,91.11,0,2.95,74,57.66
22.8,46.8,0.00,0.00,99,57.23,99,91.11,0,2.95,95,57.66
75.6,47.0,0.00,0.00,99,57.23,99,91.11,0,2.95,97,57.66
14.6,47.2,0.00,0.00,100,57.23,99,91.11,0,2.95,18,57.66
12.8,47.4,0.00,0.00,100,57.23,54,91.11,0,2.95,20,57.66
12.6,47.5,0.00,0.00,83,57.23,46,91.11,0,2.95,21,57.66
12.4,47.5,0.00,0.00,91,57.23,41,91.11,0,2.95,21,57.66
9.8,47.5,0.00,0.00,92,57.23,45,91.11,0,2.95,59,57.66
21.1,47.4,0.00,0.00,99,57.23,99,91.11,0,2.95,99,57.66
21.1,47.4,0.00,0.00,100,57.23,99,91.11,0,2.95,99,57.66
14.4,46.5,0.00,0.00,69,57.23,99,91.11,0,2.95,21,57.66
24.5,46.7,0.00,0.00,0,57.23,59,91.11,0,2.95,22,57.66
10.5,46.9,0.00,0.00,0,57.23,40,91.11,0,2.95,23,57.66
10.9,47.1,0.00,0.00,0,57.23,39,91.11,0,2.95,32,57.66
22.8,47.2,0.00,0.00,0,57.23,79,91.11,0,2.95,95,57.66
25.9,47.4,0.00,0.00,0,57.23,99,91.11,0,2.95,99,57.66
20.7,47.4,0.00,0.00,100,57.23,99,91.11,0,2.95,74,30.31
16.3,42.4,0.00,0.00,99,57.23,99,91.11,0,2.95,19,30.31
13.7,42.3,0.00,0.00,99,57.23,48,91.11,0,2.95,21,30.31
11.4,42.3,0.00,0.00,97,57.23,50,91.11,0,2.95,20,30.31
11.6,42.3,0.00,0.00,85,57.23,52,91.11,0,2.95,35,30.31
23.8,42.3,0.00,0.00,92,57.23,94,91.11,0,2.95,96,30.31
22.0,42.3,0.00,0.00,100,57.23,99,91.11,0,2.95,99,30.31
27.7,42.3,0.00,0.00,100,57.23,99,91.16,0,2.95,96,30.31
15.4,41.5,0.00,0.00,99,57.23,100,91.16,0,2.95,17,30.31
13.0,41.7,0.00,0.00,79,57.23,43,91.16,0,2.95,18,30.31
12.8,41.8,0.00,0.00,86,57.23,34,91.16,0,2.95,20,30.31
87.9,42.0,0.00,0.00,85,57.23,45,91.16,0,2.95,17,30.31
12.8,42.2,0.00,0.00,85,57.23,50,91.16,0,2.95,39,30.31
20.9,42.3,0.00,0.00,99,57.23,98,91.16,0,2.95,98,30.31
21.1,42.3,0.00,0.00,100,57.23,100,91.16,0,2.95,99,30.31
22.5,42.3,0.00,0.00,100,57.23,100,91.16,0,2.95,40,30.31
15.1,42.3,0.00,0.00,100,57.23,52,91.16,0,2.95,21,30.31
12.5,42.3,0.00,0.00,100,57.23,50,91.16,0,2.95,19,30.31
12.8,42.3,0.00,0.00,95,57.23,47,91.16,0,2.95,21,30.31
11.6,42.3,0.00,0.00,90,57.23,40,91.16,0,2.95,40,30.31
16.0,42.3,0.00,0.00,100,57.23,100,91.16,0,2.95,21,30.31
13.4,42.3,0.00,0.00,100,57.23,47,91.16,0,2.95,21,30.31
12.5,42.3,0.00,0.00,100,57.23,45,91.16,0,2.95,21,30.31
11.3,42.3,0.00,0.00,98,57.23,47,91.16,0,2.95,26,30.31
14.5,42.3,0.00,0.00,95,57.23,94,91.16,0,2.95,17,30.31
13.8,42.3,0.00,0.00,100,57.23,50,91.16,0,2.95,21,30.31
12.4,42.3,0.00,0.00,100,57.23,47,91.16,0,2.95,20,30.31
12.7,42.3,0.00,0.00,93,57.23,44,91.16,0,2.95,21,30.31
18.0,42.3,0.00,0.00,90,57.23,46,91.16,0,2.95,96,30.31
22.4,42.3,0.00,0.00,100,57.23,100,91.16,0,2.95,98,30.31
20.7,42.3,0.00,0.00,100,57.23,99,91.16,0,2.95,99,30.31
15.6,42.3,0.00,0.00,100,57.23,100,91.16,0,2.95,20,30.31
13.1,42.3,0.00,0.00,100,57.23,54,91.16,0,2.95,21,30.31
16.0,42.3,0.00,0.00,100,57.23,49,91.16,0,2.95,22,30.31
13.1,42.3,0.00,0.00,100,57.23,57,91.16,0,2.95,21,30.31
19.4,42.3,0.00,0.00,95,57.23,66,91.16,0,2.95,90,30.11
14.3,41.1,0.00,0.00,97,57.23,100,91.16,0,2.95,0,2.95
12.4,37.1,0.00,0.00,100,57.23,100,91.16,0,2.95,0,2.95
12.7,37.2,0.00,0.00,100,57.23,100,91.16,0,2.95,0,2.95
26.2,37.3,0.00,0.00,100,57.23,66,91.16,0,2.95,0,2.95
16.5,37.6,0.00,0.00,99,57.23,43,91.16,0,2.95,0,2.95
92.5,38.2,0.00,0.00,100,57.23,39,91.28,0,2.95,0,2.95
57.8,37.5,0.00,0.00,97,57.23,94,91.28,0,6.49,0,8.96
55.4,41.2,0.00,0.00,99,57.23,99,91.28,6,17.82,7,20.14
21.1,48.4,0.00,0.00,99,57.23,100,91.28,7,30.12,8,34.13
19.5,53.1,0.00,0.00,99,57.23,100,91.28,5,34.13,0,34.13
17.2,53.6,0.00,0.00,100,57.23,59,91.28,0,34.13,0,34.13
18.0,54.1,0.00,0.00,99,57.23,40,91.28,0,34.13,0,34.13
13.6,54.5,0.00,0.00,90,57.23,55,91.28,0,34.13,0,34.13
18.4,54.7,0.00,0.00,100,57.23,98,91.28,0,34.13,0,34.13
32.0,55.2,0.00,0.00,99,57.23,99,91.28,68,49.04,62,49.04
99.6,55.9,0.00,0.00,99,57.23,99,91.28,94,49.04,97,49.04
18.9,56.4,0.00,0.00,99,57.23,34,91.28,51,49.04,56,49.04
14.2,56.6,0.00,0.00,78,57.23,33,91.28,56,49.04,47,49.04
59.1,56.9,0.00,0.00,75,57.23,39,91.28,50,49.04,61,49.04
25.1,56.3,0.00,0.00,89,57.23,40,91.28,59,49.04,50,49.04
18.4,56.7,0.00,0.00,69,57.23,43,91.28,45,49.04,87,49.04
22.9,57.0,0.00,0.00,93,57.23,99,91.28,97,49.04,98,49.04
23.2,57.2,0.00,0.00,100,57.23,100,91.28,97,49.04,97,49.04
22.8,57.5,0.00,0.00,100,57.23,100,91.28,97,49.04,98,49.04
15.0,57.6,0.00,0.00,100,57.23,45,91.28,74,49.04,72,49.04
14.5,57.7,0.00,0.00,82,57.23,37,91.28,62,49.04,74,49.04
15.5,57.7,0.00,0.00,78,57.23,37,91.28,64,49.04,59,49.04
15.5,57.7,0.00,0.00,89,57.23,38,91.28,53,49.04,75,49.04
32.8,57.7,0.00,0.00,84,57.23,43,91.28,76,49.04,97,49.04
19.8,57.6,0.00,0.00,100,57.23,100,91.28,97,49.04,98,49.04
19.7,57.6,0.00,0.00,100,57.23,100,91.28,97,49.04,97,49.04
18.6,57.7,0.00,0.00,100,57.23,100,91.28,98,49.04,98,49.04
11.9,56.8,0.00,0.00,23,57.23,44,91.28,56,49.04,64,49.04
15.0,56.9,0.00,0.00,0,57.23,45,91.28,56,49.04,53,49.04
15.8,57.1,0.00,0.00,0,57.23,39,91.28,66,49.04,68,49.04
17.5,57.3,0.00,0.00,0,57.23,50,91.28,53,49.04,96,49.04
31.9,57.5,0.00,0.00,0,57.23,99,91.28,97,49.04,98,49.04
20.2,57.6,0.00,0.00,0,57.23,100,91.28,97,49.04,98,49.04
20.3,57.6,0.00,0.00,100,57.23,100,91.28,98,49.04,97,49.04
18.2,57.7,0.00,0.00,100,57.23,47,91.28,96,49.04,81,49.04
15.6,57.7,0.00,0.00,74,57.23,36,91.28,90,49.04,58,49.04
14.9,57.7,0.00,0.00,80,57.23,38,91.28,89,49.04,65,49.04
14.8,57.7,0.00,0.00,81,57.23,36,91.28,87,49.04,60,49.04
26.0,57.6,0.00,0.00,80,57.23,63,91.28,98,49.04,99,49.04
18.8,57.6,0.00,0.00,100,57.23,100,91.28,98,49.04,98,49.04
16.5,57.6,0.00,0.00,100,57.23,100,91.28,58,58.0,91,58.0
20.0,55.9,0.00,0.00,99,57.23,97,91.28,89,58.0,86,58.0
48.8,56.3,0.00,0.00,83,57.23,32,91.28,61,58.0,68,58.0
20.8,56.5,0.00,0.00,78,57.23,29,91.28,70,58.0,80,58.0
18.7,56.9,0.00,0.00,76,57.23,44,91.28,67,58.0,79,58.0
87.8,57.3,0.00,0.00,83,57.23,29,91.28,71,58.0,80,58.0
36.8,57.6,0.00,0.00,99,57.23,77,91.28,95,58.0,97,58.0
21.2,57.7,0.00,0.00,100,57.23,100,91.28,94,58.0,96,58.0
21.2,57.6,0.00,0.00,100,57.23,100,91.28,95,58.0,96,58.0
18.3,57.7,0.00,0.00,100,57.23,81,91.28,94,58.0,84,58.0
18.1,57.7,0.00,0.00,100,57.23,46,91.28,92,58.0,72,58.0
16.2,57.7,0.00,0.00,80,57.23,29,91.28,83,58.0,70,58.0
13.6,57.7,0.00,0.00,78,57.23,40,91.28,72,58.0,76,58.0
27.1,57.7,0.00,0.00,75,57.23,82,91.28,91,58.0,96,58.0
19.0,57.7,0.00,0.00,99,57.23,100,91.28,95,58.0,97,58.0
19.4,57.7,0.00,0.00,100,57.23,100,91.28,94,58.0,96,58.0
19.5,57.7,0.00,0.00,100,57.23,100,91.28,96,58.0,97,58.0
14.0,57.7,0.00,0.00,100,57.23,37,91.28,91,58.0,84,58.0
15.4,57.7,0.00,0.00,84,57.23,69,91.28,70,58.0,83,58.0
14.3,57.7,0.00,0.00,80,57.23,45,91.28,89,58.0,98,58.0
17.8,56.7,0.00,0.00,84,57.23,50,91.28,75,58.0,95,58.0
23.8,51.9,0.00,0.00,99,57.23,100,69.29,90,58.0,91,58.0
22.1,51.9,0.00,0.00,100,57.23,99,69.29,94,58.0,93,58.0
22.0,52.1,0.00,0.00,99,57.23,99,69.29,95,58.0,94,58.0
14.4,52.3,0.00,0.00,100,57.23,55,69.29,77,58.0,73,58.0
15.8,52.5,0.00,0.00,79,57.23,46,69.29,73,58.0,76,58.0
11.3,52.5,0.00,0.00,77,57.23,29,69.29,78,58.0,79,58.0
15.6,52.5,0.00,0.00,80,57.23,47,69.29,78,58.0,91,58.0
24.1,52.5,0.00,0.00,78,57.23,54,69.29,92,58.0,97,58.0
21.4,52.4,0.00,0.00,100,57.23,100,69.29,96,58.0,97,58.0
19.0,52.4,0.00,0.00,100,57.23,100,69.29,96,58.0,97,58.0
19.9,52.5,0.00,0.00,100,57.23,100,69.29,96,58.0,96,58.0
15.1,52.5,0.00,0.00,100,57.23,46,69.29,90,58.0,68,58.0
12.3,52.5,0.00,0.00,80,57.23,34,69.29,81,58.0,71,58.0
16.4,52.5,0.00,0.00,84,57.23,34,69.29,96,58.0,88,58.0
14.2,52.5,0.00,0.00,82,57.23,49,69.29,86,58.0,73,58.0
22.2,52.4,0.00,0.00,93,57.23,100,69.29,96,58.25,96,58.25
23.6,50.5,0.00,0.00,99,57.23,100,69.29,94,58.25,98,58.25
22.1,50.9,0.00,0.00,100,57.23,100,69.29,96,58.25,96,58.25
16.7,51.2,0.00,0.00,96,57.23,46,69.29,72,58.25,68,58.25
17.0,51.6,0.00,0.00,76,57.23,36,69.29,61,58.25,60,58.25
34.2,51.9,0.00,0.00,82,57.23,37,69.29,72,58.25,47,58.25
20.6,52.2,0.00,0.00,75,57.23,38,69.29,63,58.25,61,58.25
13.7,52.5,0.00,0.00,64,57.23,39,69.29,87,58.25,95,58.25
20.0,52.5,0.00,0.00,100,57.23,88,69.29,98,58.25,98,58.25
15.3,52.5,0.00,0.00,96,57.23,37,69.29,78,58.25,75,58.25
13.2,52.5,0.00,0.00,84,57.23,37,69.29,73,58.25,51,58.25
15.3,52.5,0.00,0.00,82,57.23,47,69.29,64,58.25,74,58.25
30.2,52.5,0.00,0.00,81,57.23,54,69.29,82,58.25,85,58.25
20.5,52.4,0.00,0.00,99,57.23,100,69.29,98,58.25,99,58.25
19.7,52.4,0.00,0.00,100,57.23,100,69.29,98,58.25,98,58.25
17.4,52.4,0.00,0.00,100,57.23,100,69.29,98,58.25,98,58.25
16.8,52.5,0.00,0.00,100,57.23,48,69.29,98,58.25,86,58.25
14.7,52.5,0.00,0.00,82,57.23,35,69.29,84,58.25,56,58.25
13.4,52.5,0.00,0.00,83,57.23,52,69.29,81,58.25,70,58.25
14.0,52.4,0.00,0.00,82,57.23,40,69.29,76,58.25,96,58.25
18.3,52.4,0.00,0.00,97,57.23,100,69.29,98,58.25,99,58.25
21.4,52.4,0.00,0.00,100,57.23,100,69.29,98,58.25,98,58.25
19.3,52.4,0.00,0.00,100,57.23,100,69.29,98,58.25,98,58.25
18.2,52.5,0.00,0.00,100,57.23,72,69.29,97,58.25,76,58.25
14.1,52.5,0.00,0.00,93,57.23,39,69.29,78,58.25,58,58.25
11.5,52.5,0.00,0.00,85,57.23,41,69.29,65,58.25,65,58.25
16.2,52.5,0.00,0.00,87,57.23,36,69.29,76,58.25,67,58.25
31.7,52.5,0.00,0.00,82,57.23,61,69.29,89,58.25,98,58.25
19.0,47.5,0.00,0.00,77,2.95,100,69.29,97,58.25,98,58.25
17.6,47.3,0.00,0.00,0,2.95,100,69.29,98,58.25,98,58.25
14.7,47.3,0.00,0.00,0,2.95,98,69.29,99,58.25,98,58.25
18.6,46.3,0.00,0.00,0,2.95,67,47.11,98,58.25,99,58.25
15.9,42.1,0.00,0.00,0,2.95,52,47.11,98,58.25,95,58.25
12.6,42.1,0.00,0.00,0,2.95,49,47.11,91,58.25,81,58.25
23.2,42.1,0.00,0.00,0,2.95,51,47.11,96,58.25,53,58.25
19.9,40.3,0.00,0.00,0,2.95,98,47.11,93,58.25,90,58.25
20.3,40.8,0.00,0.00,0,2.95,99,47.11,89,58.25,91,58.25
21.3,41.2,0.00,0.00,0,2.95,99,47.11,90,58.25,92,58.25
17.0,41.5,0.00,0.00,0,2.95,51,47.11,78,58.25,67,58.25
18.4,41.8,0.00,0.00,0,2.95,37,47.11,67,58.25,68,58.25
14.6,42.1,0.00,0.00,0,2.95,42,47.11,68,58.25,72,58.25
13.4,42.1,0.00,0.00,0,2.95,44,47.11,99,58.25,99,58.25
16.8,42.1,0.00,0.00,0,2.95,99,47.11,94,58.25,96,58.25
17.0,42.1,0.00,0.00,0,2.95,99,47.11,96,58.25,94,58.25
14.5,42.1,0.00,0.00,0,2.95,99,47.11,96,58.25,96,58.25
15.4,42.1,0.00,0.00,0,2.95,95,47.11,95,58.25,96,58.25
13.3,42.1,0.00,0.00,0,2.95,50,47.11,96,58.25,96,58.25
17.7,42.1,0.00,0.00,0,2.95,85,47.11,95,58.25,96,58.25
19.0,37.1,0.00,0.00,0,2.95,43,25.13,90,58.25,96,58.25
17.2,37.1,0.00,0.00,0,2.95,94,25.13,92,58.25,92,58.25
17.3,37.5,0.00,0.00,0,2.95,91,25.13,91,58.25,92,58.25
18.3,38.3,0.00,0.00,0,8.56,97,25.13,96,58.25,96,58.25
17.5,41.9,0.00,0.00,9,20.82,22,25.13,96,58.25,96,58.25
16.7,45.0,0.00,0.00,9,31.49,34,25.13,95,58.25,94,58.25
15.1,45.2,0.00,0.00,0,31.49,21,25.13,92,58.25,94,58.25
14.3,45.4,0.00,0.00,0,31.49,96,25.13,92,58.25,95,58.25
14.4,45.7,0.00,0.00,0,31.49,98,25.13,92,58.25,96,58.25
14.4,45.9,0.00,0.00,0,31.49,97,25.13,95,58.25,92,58.25
16.2,46.1,0.00,0.00,0,39.35,21,25.13,91,58.25,88,58.25
12.2,46.3,0.00,0.00,19,39.35,21,25.13,73,58.25,91,58.25
17.0,46.6,0.00,0.00,24,39.35,22,25.13,84,58.25,88,58.25
13.3,46.7,0.00,0.00,15,39.35,25,25.13,80,58.25,95,58.25
28.1,46.8,0.00,0.00,19,39.35,68,25.13,88,58.25,92,58.25
44.8,47.1,0.00,0.00,95,39.35,97,25.13,93,58.25,95,58.25
22.1,47.3,0.00,0.00,94,39.35,97,25.13,89,58.25,96,58.25
15.3,47.3,0.00,0.00,55,39.35,25,25.13,97,58.25,96,58.25
14.8,47.3,0.00,0.00,19,39.35,31,25.13,73,58.25,97,58.25
13.7,47.3,0.00,0.00,24,39.35,21,25.13,64,58.25,96,58.25
12.5,47.3,0.00,0.00,21,39.35,20,25.13,73,58.25,96,58.25
29.7,47.3,0.00,0.00,20,39.35,40,25.13,88,58.25,75,58.25
72.9,45.5,0.00,0.00,95,39.35,95,25.13,96,58.25,97,58.25
26.5,44.8,0.00,0.00,89,39.35,34,2.95,96,58.25,97,58.25
24.0,41.1,0.00,0.00,87,39.35,0,2.95,97,58.25,98,58.25
17.8,41.4,0.00,0.00,23,39.35,0,2.95,98,58.25,98,58.25
17.0,41.8,0.00,0.00,21,39.35,0,2.95,99,58.25,99,58.25
15.1,42.1,0.00,0.00,20,39.35,0,2.95,98,58.25,98,58.25
11.4,42.4,0.00,0.00,22,39.35,0,2.95,78,58.25,91,58.25
20.3,42.8,0.00,0.00,87,39.35,0,2.95,95,58.25,97,58.25
18.8,43.9,0.00,0.00,94,39.35,1,11.35,98,58.25,98,58.25
16.3,47.6,0.00,0.00,94,39.35,10,23.41,97,58.25,98,58.25
19.1,50.3,0.00,0.00,19,39.35,14,39.84,97,58.25,97,58.25
13.1,50.4,0.00,0.00,20,39.35,0,39.84,77,58.25,82,58.25
15.0,50.6,0.00,0.00,26,39.35,0,39.84,98,58.25,98,58.25
20.7,50.8,0.00,0.00,28,39.35,0,39.84,97,58.25,97,58.25
16.1,51.0,0.00,0.00,93,39.35,0,39.84,98,58.25,98,58.25
25.9,51.4,0.00,0.00,92,39.35,8,49.12,98,58.25,98,58.25
15.5,51.6,0.00,0.00,93,39.35,32,49.12,97,58.25,98,58.25
14.3,51.8,0.00,0.00,25,39.35,12,49.12,82,58.25,71,58.25
13.3,52.0,0.00,0.00,18,39.35,12,49.12,87,58.25,83,58.25
16.1,52.1,0.00,0.00,19,39.35,11,49.12,87,58.25,71,58.25
96.6,52.3,0.00,0.00,26,39.35,48,49.12,90,58.25,98,58.25
26.0,51.5,0.00,0.00,92,47.26,75,49.12,97,58.25,98,58.25
24.6,51.7,0.00,0.00,95,47.26,78,49.12,97,58.25,97,58.25
14.5,51.9,0.00,0.00,94,47.26,64,49.12,95,58.25,98,58.25
16.1,52.1,0.00,0.00,17,47.26,9,49.12,96,58.25,66,58.25
15.4,52.3,0.00,0.00,24,47.26,9,49.12,71,58.25,80,58.25
15.0,52.5,0.00,0.00,24,47.26,18,49.12,84,58.25,76,58.25
9.3,52.5,0.00,0.00,21,47.26,18,49.12,68,58.25,75,58.25
22.6,52.5,0.00,0.00,76,47.26,84,49.12,98,58.25,98,58.25
21.9,52.5,0.00,0.00,95,47.26,78,49.12,98,58.25,98,58.25
14.0,52.5,0.00,0.00,95,47.26,83,49.12,69,58.25,65,58.25
17.4,50.8,0.00,0.00,26,47.26,18,49.12,94,58.25,93,58.25
17.7,51.0,0.00,0.00,17,47.26,9,49.12,73,58.25,97,58.25
17.9,51.4,0.00,0.00,24,47.26,9,49.12,74,58.25,98,58.25
16.0,51.7,0.00,0.00,16,47.26,12,49.12,72,58.25,96,58.25
87.7,52.1,0.00,0.00,89,47.26,46,49.12,92,58.25,95,58.25
29.9,52.4,0.00,0.00,19,47.26,9,49.12,79,58.25,97,58.25
14.9,52.5,0.00,0.00,19,47.26,18,49.12,69,58.25,95,58.25
15.0,52.5,0.00,0.00,23,47.26,9,49.12,77,58.25,97,58.25
12.2,52.5,0.00,0.00,23,47.26,17,49.12,79,58.25,94,58.25
22.8,52.5,0.00,0.00,86,47.26,84,49.12,96,58.25,95,58.25
14.3,52.6,0.00,0.00,90,47.26,38,49.12,93,58.25,96,58.25
14.1,52.5,0.00,0.00,26,47.26,9,49.12,95,58.25,97,58.25
15.0,52.5,0.00,0.00,26,47.26,9,49.12,95,58.25,97,58.25
16.0,52.5,0.00,0.00,26,47.26,12,49.12,86,58.25,97,58.25
21.1,52.5,0.00,0.00,19,47.26,46,58.44,94,58.25,95,58.25
95.3,51.7,0.00,0.00,93,47.26,87,58.44,91,58.25,97,58.25
25.3,51.9,0.00,0.00,91,47.26,82,58.44,91,58.25,95,58.25
16.6,52.1,0.00,0.00,77,47.26,26,58.44,93,58.25,95,58.25
46.7,52.3,0.00,0.00,25,47.26,9,58.44,78,58.25,96,58.25
14.7,52.5,0.00,0.00,30,47.26,14,58.44,79,58.25,97,58.25
15.2,52.6,0.00,0.00,20,47.26,19,58.44,79,58.25,97,58.25
25.4,52.5,0.00,0.00,60,47.26,68,58.44,92,58.25,96,58.25
24.7,52.5,0.00,0.00,94,47.26,83,58.44,92,58.25,96,58.25
24.7,52.5,0.00,0.00,93,47.26,89,58.44,94,58.25,96,58.25
18.4,51.7,0.00,0.00,51,47.31,46,58.44,95,58.25,91,58.25
16.5,51.8,0.00,0.00,16,47.31,14,58.44,85,58.25,97,58.25
16.9,52.0,0.00,0.00,15,47.31,12,58.44,93,58.25,95,58.25
16.3,52.2,0.00,0.00,19,47.31,14,58.44,89,58.25,90,58.25
25.6,52.3,0.00,0.00,48,47.31,51,58.44,92,58.25,95,58.25
27.6,52.5,0.00,0.00,92,47.31,72,58.44,96,58.25,97,58.25
23.3,52.5,0.00,0.00,93,47.31,88,58.44,94,58.25,96,58.25
13.9,52.6,0.00,0.00,95,47.31,9,58.44,95,58.25,96,58.25
13.7,52.6,0.00,0.00,20,47.31,15,58.44,80,58.25,96,58.25
14.2,52.6,0.00,0.00,21,47.31,14,58.44,87,58.25,77,58.25
19.3,50.6,0.00,0.00,24,47.31,19,58.44,50,33.45,73,33.45
22.2,42.4,0.00,0.00,84,47.31,87,58.44,98,33.45,98,33.45
23.1,42.4,0.00,0.00,94,47.31,90,58.49,98,33.45,98,33.45
26.0,41.5,0.00,0.00,94,47.31,85,58.49,98,33.45,98,33.45
16.3,41.7,0.00,0.00,65,47.31,14,58.49,98,33.45,89,33.45
14.5,41.8,0.00,0.00,20,47.31,12,58.49,77,33.45,70,33.45
68.9,42.0,0.00,0.00,25,47.31,13,58.49,91,33.45,61,33.45
13.4,42.2,0.00,0.00,20,47.31,12,58.49,97,33.45,70,33.45
26.3,42.3,0.00,0.00,54,47.31,41,58.49,97,33.45,98,33.45
23.7,42.3,0.00,0.00,95,47.31,87,58.49,98,33.45,98,33.45
23.6,42.3,0.00,0.00,95,47.31,91,58.49,98,33.45,99,33.45
15.2,42.4,0.00,0.00,95,47.31,11,58.49,98,33.45,98,33.45
14.6,42.4,0.00,0.00,26,47.31,12,58.49,98,33.45,93,33.45
15.4,42.4,0.00,0.00,26,47.31,17,58.49,88,33.45,82,33.45
10.9,42.4,0.00,0.00,27,47.31,13,58.49,70,33.45,76,33.45
21.8,42.3,0.00,0.00,66,47.31,57,58.49,98,33.45,98,33.45
23.6,42.3,0.00,0.00,94,47.31,90,58.49,98,33.45,98,33.45
23.3,42.4,0.00,0.00,95,47.31,85,58.49,97,33.45,98,33.45
14.8,42.4,0.00,0.00,94,47.31,18,58.49,98,33.45,97,33.45
12.6,42.4,0.00,0.00,23,47.31,13,58.49,95,33.45,97,33.45
15.1,42.4,0.00,0.00,24,47.31,14,58.49,88,33.45,69,33.45
15.5,42.4,0.00,0.00,25,47.31,15,58.49,98,33.45,98,33.45
22.7,42.3,0.00,0.00,80,47.31,68,58.49,98,33.45,98,33.45
40.4,41.5,0.00,0.00,53,47.31,83,58.49,98,33.45,98,33.45
62.6,41.7,0.00,0.00,92,47.31,84,58.49,97,33.45,98,33.45
24.6,41.8,0.00,0.00,85,47.31,13,58.49,97,33.45,98,33.45
15.6,41.1,0.00,0.00,20,47.31,18,58.49,90,33.45,77,33.45
85.1,41.5,0.00,0.00,25,47.31,17,58.49,86,33.45,69,33.45
16.2,41.8,0.00,0.00,19,47.31,11,58.49,91,33.45,56,33.45
29.4,42.0,0.00,0.00,34,47.31,31,58.49,97,33.45,99,33.45
25.7,42.2,0.00,0.00,94,47.31,80,58.49,98,33.45,98,33.45
24.2,42.3,0.00,0.00,95,47.31,79,58.49,98,33.45,98,33.45
13.5,42.4,0.00,0.00,96,47.31,18,58.49,10,2.95,6,2.95
7.1,32.1,0.00,0.00,27,47.31,18,58.49,0,2.95,0,2.95
9.1,32.0,0.00,0.00,24,47.31,16,58.49,0,2.95,0,2.95
18.0,32.0,0.00,0.00,29,47.31,23,58.49,0,2.95,0,2.95
25.0,32.5,0.00,0.00,90,47.31,87,58.49,0,2.95,0,2.95
26.7,33.2,0.00,0.00,86,47.31,74,58.49,0,2.95,0,2.95
10.1,33.7,0.00,0.00,88,47.31,30,58.49,0,2.95,0,2.95
11.9,33.8,0.00,0.00,19,47.31,16,58.49,0,6.88,4,10.15
15.0,38.1,0.00,0.00,27,47.31,18,58.49,7,19.55,6,22.14
23.5,45.6,0.00,0.00,27,47.31,51,58.49,7,39.84,6,31.49
95.0,48.5,0.00,0.00,95,47.31,95,58.49,0,39.84,0,31.49
34.5,49.0,0.00,0.00,94,47.31,83,58.49,0,39.84,0,31.49
11.1,49.4,0.00,0.00,92,47.31,63,58.49,0,39.84,0,31.49
12.0,49.7,0.00,0.00,30,47.31,14,58.49,0,39.84,0,31.49
10.2,50.1,0.00,0.00,27,47.31,19,58.49,0,39.84,0,39.35
12.7,50.6,0.00,0.00,26,47.31,14,58.49,18,49.12,69,39.35
32.7,50.9,0.00,0.00,42,47.31,59,58.49,63,49.12,91,39.35
58.7,50.4,0.00,0.00,90,47.31,72,58.49,62,49.12,90,39.35
37.9,51.0,0.00,0.00,90,47.31,52,58.49,48,49.12,89,39.35
100.0,51.6,0.00,0.00,39,47.31,9,58.49,9,49.12,22,39.35
15.7,52.0,0.00,0.00,22,47.31,11,58.49,16,49.12,16,39.35
13.5,52.4,0.00,0.00,20,47.31,9,58.49,9,49.12,25,39.35
93.7,51.7,0.00,0.00,22,47.31,18,58.49,9,49.12,26,39.35
22.9,52.0,0.00,0.00,30,47.31,18,58.49,44,49.12,93,39.35
90.5,52.2,0.00,0.00,83,47.31,52,58.49,50,49.12,92,39.35
34.3,52.4,0.00,0.00,94,47.31,64,58.49,55,49.12,94,39.35
14.5,52.6,0.00,0.00,92,47.31,55,58.49,36,49.12,32,39.35
11.3,52.8,0.00,0.00,19,47.31,18,58.49,18,49.12,22,39.35
10.7,52.8,0.00,0.00,25,47.31,10,58.49,10,49.12,27,39.35
8.8,52.8,0.00,0.00,25,47.31,9,58.49,9,49.12,28,39.35
12.7,52.8,0.00,0.00,24,47.31,9,58.49,31,49.12,93,39.35
29.0,52.8,0.00,0.00,77,47.31,61,58.49,59,49.12,95,39.35
25.9,52.8,0.00,0.00,95,47.31,62,58.49,61,49.12,96,39.35
28.2,52.8,0.00,0.00,93,47.31,46,58.49,63,49.12,53,39.35
12.7,52.8,0.00,0.00,22,47.31,9,58.49,9,49.12,25,39.35
10.1,52.8,0.00,0.00,20,47.31,15,58.49,9,49.12,28,39.35
12.3,52.8,0.00,0.00,23,47.31,18,58.49,9,49.12,29,39.35
8.8,52.8,0.00,0.00,27,47.31,18,58.49,31,49.12,96,39.35
28.3,52.8,0.00,0.00,85,47.31,62,58.49,36,49.12,20,39.35
10.9,52.8,0.00,0.00,46,47.31,18,58.49,18,49.12,28,39.35
10.8,52.8,0.00,0.00,25,47.31,18,58.49,18,49.12,30,39.35
11.4,52.8,0.00,0.00,24,47.31,9,58.49,9,49.12,28,39.35
10.5,52.8,0.00,0.00,27,47.31,9,58.49,10,49.12,86,39.35
27.1,52.8,0.00,0.00,95,47.31,72,58.49,63,49.12,95,39.35
13.0,52.8,0.00,0.00,94,47.31,32,58.49,15,49.12,30,39.35
9.0,52.8,0.00,0.00,22,47.31,18,58.49,13,49.12,30,39.35
9.9,52.8,0.00,0.00,25,47.31,9,58.49,9,49.12,17,39.35
9.1,52.8,0.00,0.00,24,47.31,9,58.49,9,49.12,18,39.35
28.8,52.8,0.00,0.00,37,47.31,72,58.49,42,58.44,93,39.35
31.4,52.0,0.00,0.00,90,47.31,60,58.49,65,58.44,95,39.4
33.3,51.2,0.00,0.00,91,47.31,67,58.49,58,58.44,89,47.26
15.4,50.8,0.00,0.00,47,47.31,17,58.49,9,58.44,20,47.26
77.2,51.2,0.00,0.00,19,47.31,10,58.49,13,58.44,17,47.26
14.3,51.7,0.00,0.00,21,47.31,9,58.49,9,58.44,20,47.26
14.9,52.2,0.00,0.00,20,47.31,12,58.49,12,58.44,21,47.26
87.0,52.5,0.00,0.00,20,47.31,11,58.49,19,58.44,32,47.26
26.1,52.8,0.00,0.00,60,47.31,52,58.49,59,58.44,96,47.26
54.1,51.9,0.00,0.00,53,47.31,63,58.49,53,58.44,96,47.26
32.0,52.1,0.00,0.00,90,47.31,55,58.49,57,58.44,62,47.26
19.8,52.3,0.00,0.00,27,47.31,9,58.49,14,58.44,25,47.26
13.2,52.5,0.00,0.00,15,47.31,14,58.49,14,58.44,24,47.26
11.9,52.7,0.00,0.00,26,47.31,19,58.49,9,58.44,21,47.26
10.8,52.8,0.00,0.00,29,47.31,14,58.49,14,58.44,25,47.26
28.2,52.8,0.00,0.00,21,47.31,45,58.49,54,58.44,96,47.26
27.8,52.9,0.00,0.00,95,47.31,57,58.49,56,58.44,96,47.26
28.4,52.9,0.00,0.00,95,47.31,59,58.49,57,58.44,96,47.26
13.2,52.9,0.00,0.00,67,47.31,37,58.49,9,58.44,20,47.26
11.2,52.9,0.00,0.00,24,47.31,9,58.49,18,58.44,21,47.26
11.2,52.9,0.00,0.00,24,47.31,9,58.49,18,58.44,22,47.26
9.7,52.9,0.00,0.00,25,47.31,10,58.49,18,58.44,24,47.26
30.8,52.8,0.00,0.00,29,47.31,46,58.49,54,58.44,95,47.26
28.6,52.9,0.00,0.00,95,47.31,61,58.49,60,58.44,96,47.26
27.9,52.9,0.00,0.00,94,47.31,58,58.49,59,58.44,96,47.26
12.8,52.9,0.00,0.00,73,47.31,43,58.49,12,58.44,20,47.26
11.8,52.9,0.00,0.00,23,47.31,10,58.49,14,58.44,21,47.26
11.3,52.9,0.00,0.00,26,47.31,12,58.49,14,58.44,20,47.26
10.9,52.9,0.00,0.00,24,47.31,10,58.49,14,58.44,28,47.26
29.3,52.8,0.00,0.00,26,47.31,45,58.49,58,58.44,96,47.26
26.7,52.9,0.00,0.00,95,47.31,61,58.49,38,58.49,95,47.26
31.3,52.0,0.00,0.00,95,47.31,59,58.49,61,58.49,94,47.26
15.2,51.3,0.00,0.00,68,47.31,9,58.49,14,58.49,24,47.26
22.9,51.5,0.00,0.00,16,47.31,11,58.49,9,58.49,21,47.26
13.7,51.9,0.00,0.00,24,47.31,9,58.49,12,58.49,25,47.26
12.6,52.3,0.00,0.00,21,47.31,18,58.49,12,58.49,16,47.26
19.0,52.5,0.00,0.00,24,47.31,9,58.49,16,58.49,33,47.26
38.5,52.8,0.00,0.00,55,47.31,49,58.49,43,58.49,93,47.26
27.7,52.8,0.00,0.00,76,47.31,57,58.49,60,58.49,52,47.31
43.8,52.0,0.00,0.00,94,47.31,57,58.49,29,58.49,68,47.31
14.2,51.1,0.00,0.00,23,47.31,12,58.49,9,58.49,16,47.31
99.6,51.4,0.00,0.00,22,47.31,9,58.49,15,58.49,21,47.31
14.6,51.8,0.00,0.00,17,47.31,16,58.49,9,58.49,21,47.31
14.0,52.1,0.00,0.00,28,47.31,11,58.49,18,58.49,37,47.31
32.0,52.4,0.00,0.00,19,47.31,24,58.49,45,58.49,88,47.31
27.9,52.7,0.00,0.00,78,47.31,54,58.49,52,58.49,93,47.31
26.5,52.8,0.00,0.00,82,47.31,52,58.49,62,58.49,96,47.31
9.8,52.9,0.00,0.00,95,47.31,14,58.49,9,58.49,21,47.31
12.3,52.9,0.00,0.00,20,47.31,9,58.49,9,58.49,24,47.31
11.8,52.9,0.00,0.00,22,47.31,18,58.49,10,58.49,25,47.31
11.3,52.9,0.00,0.00,24,47.31,18,58.49,17,58.49,39,47.31
27.1,52.8,0.00,0.00,24,47.31,27,58.49,55,58.49,95,47.31
31.4,52.8,0.00,0.00,94,47.31,62,58.49,64,58.49,96,47.31
26.1,52.9,0.00,0.00,95,47.31,62,58.49,62,58.49,95,47.31
11.1,52.9,0.00,0.00,96,47.31,18,58.49,15,58.49,22,47.31
11.9,52.9,0.00,0.00,22,47.31,18,58.49,16,58.49,22,47.31
9.5,52.9,0.00,0.00,31,47.31,18,58.49,16,58.49,23,47.31
11.9,52.9,0.00,0.00,26,47.31,9,58.49,12,58.49,42,47.31
30.4,52.8,0.00,0.00,64,47.31,27,58.49,52,58.49,96,47.31
27.4,52.8,0.00,0.00,96,47.31,56,58.49,61,58.49,96,47.31
28.4,52.9,0.00,0.00,95,47.31,59,58.49,62,58.49,95,47.31
19.8,52.9,0.00,0.00,94,47.31,16,58.49,28,58.49,21,47.31
11.1,52.0,0.00,0.00,20,47.31,18,58.49,18,58.49,17,47.31
11.3,52.2,0.00,0.00,21,47.31,9,58.49,18,58.49,28,47.31
13.3,52.4,0.00,0.00,26,47.31,18,58.49,9,58.49,28,47.31
85.1,52.5,0.00,0.00,41,47.31,18,58.49,36,58.49,93,47.31
34.9,51.8,0.00,0.00,87,47.31,65,58.49,54,58.49,93,47.31
26.3,52.2,0.00,0.00,93,47.31,44,58.49,40,58.49,95,47.31
10.9,52.4,0.00,0.00,87,47.31,22,58.49,9,58.49,24,47.31
25.7,52.5,0.00,0.00,23,47.31,12,58.49,9,58.49,25,47.31
11.9,52.7,0.00,0.00,23,47.31,14,58.49,13,58.49,21,47.31
13.1,52.9,0.00,0.00,20,47.31,13,58.49,18,58.49,20,47.31
16.2,52.9,0.00,0.00,20,47.31,34,58.49,54,58.49,96,47.31
24.4,52.8,0.00,0.00,96,47.31,59,58.49,54,58.49,96,47.31
29.1,52.0,0.00,0.00,50,47.31,64,58.49,62,58.49,59,25.13
42.4,47.0,0.00,0.00,94,47.31,64,58.49,36,58.49,35,25.13
11.2,47.1,0.00,0.00,19,47.31,9,58.49,11,58.49,25,25.13
9.9,47.3,0.00,0.00,20,47.31,14,58.49,9,58.49,22,25.13
13.8,47.5,0.00,0.00,25,47.31,14,58.49,11,58.49,20,25.13
12.0,47.6,0.00,0.00,26,47.31,17,58.49,30,58.49,92,25.13
30.3,47.7,0.00,0.00,94,47.31,57,58.49,54,58.49,95,25.13
28.8,47.7,0.00,0.00,94,47.31,60,58.49,62,58.49,97,25.13
29.7,47.7,0.00,0.00,95,47.31,55,58.49,57,58.49,67,25.13
12.3,47.7,0.00,0.00,41,47.31,18,58.49,9,58.49,24,25.13
9.3,47.7,0.00,0.00,24,47.31,18,58.49,9,58.49,20,25.13
11.7,47.7,0.00,0.00,24,47.31,16,58.49,9,58.49,21,25.13
9.9,47.7,0.00,0.00,25,47.31,18,58.49,27,58.49,95,25.13
24.4,47.6,0.00,0.00,93,47.31,54,58.49,59,58.49,96,25.13
28.0,47.6,0.00,0.00,93,47.31,55,58.49,57,58.49,96,25.13
28.1,47.6,0.00,0.00,95,47.31,59,58.49,54,58.49,66,25.13
12.2,47.7,0.00,0.00,48,47.31,18,58.49,9,58.49,23,25.13
10.7,47.7,0.00,0.00,25,47.31,18,58.49,9,58.49,23,25.13
9.9,47.7,0.00,0.00,25,47.31,18,58.49,9,58.49,24,25.13
11.5,47.7,0.00,0.00,26,47.31,18,58.49,27,58.49,79,25.13
14.3,46.7,0.00,0.00,61,47.31,9,58.49,9,58.49,29,25.13
11.8,46.9,0.00,0.00,20,47.31,18,58.49,14,58.49,16,25.13
12.3,47.0,0.00,0.00,25,47.31,14,58.49,9,58.49,29,25.13
14.0,47.3,0.00,0.00,20,47.31,9,58.49,9,58.49,27,25.13
29.0,47.4,0.00,0.00,24,47.31,17,58.49,33,58.49,43,25.13
63.3,46.7,0.00,0.00,19,47.31,9,58.49,11,58.49,16,25.13
14.3,47.0,0.00,0.00,17,47.31,9,58.49,9,58.49,30,25.13
12.7,47.1,0.00,0.00,20,47.31,18,58.49,18,58.49,25,25.13
9.1,47.3,0.00,0.00,26,47.31,9,58.49,18,58.49,23,25.13
25.3,47.5,0.00,0.00,20,47.31,25,58.49,39,58.49,95,25.13
25.7,47.6,0.00,0.00,88,47.31,50,58.49,47,58.49,96,25.13
28.5,47.7,0.00,0.00,94,47.31,56,58.49,55,58.49,97,25.13
11.1,47.7,0.00,0.00,89,47.31,13,58.49,11,58.49,28,25.13
11.0,47.7,0.00,0.00,23,47.31,11,58.49,11,58.49,25,25.13
8.9,47.7,0.00,0.00,24,47.31,14,58.49,9,58.49,23,25.13
10.9,47.7,0.00,0.00,24,47.31,17,58.49,9,58.49,28,25.13
25.4,47.7,0.00,0.00,25,47.31,25,58.49,72,58.49,97,25.13
31.9,46.8,0.00,0.00,46,47.31,67,58.49,55,58.49,96,25.13
29.6,46.9,0.00,0.00,94,47.31,64,58.49,60,58.49,95,25.13
15.4,47.1,0.00,0.00,91,47.31,16,58.49,11,58.49,10,2.95
58.6,42.3,0.00,0.00,24,47.31,9,58.49,12,58.49,0,2.95
11.5,42.3,0.00,0.00,23,47.31,9,58.49,12,58.49,0,2.95
13.5,42.7,0.00,0.00,24,47.31,9,58.49,12,58.49,0,2.95
29.2,43.1,0.00,0.00,20,47.31,25,58.49,69,58.49,0,3.16
25.7,43.9,0.00,0.00,90,47.31,71,58.49,74,58.49,3,9.97
27.3,46.1,0.00,0.00,96,47.31,74,58.49,78,58.49,4,21.19
15.6,49.1,0.00,0.00,92,47.31,20,58.49,16,58.49,3,27.39
9.9,51.1,0.00,0.00,22,47.31,18,58.49,19,58.49,5,42.04
9.8,50.7,0.00,0.00,25,47.31,18,58.49,13,58.49,0,42.04
11.2,50.8,0.00,0.00,25,47.31,16,58.49,30,58.49,0,42.04
28.5,51.0,0.00,0.00,94,47.31,69,58.49,73,58.49,0,42.04
38.0,51.2,0.00,0.00,94,47.31,72,58.49,62,58.49,0,42.04
29.1,50.6,0.00,0.00,92,47.31,67,58.49,63,58.49,0,71.75
15.6,50.2,0.00,0.00,33,47.31,9,58.49,9,58.49,59,71.75
86.9,50.6,0.00,0.00,25,47.31,11,58.49,9,58.49,69,71.75
15.7,51.1,0.00,0.00,21,47.31,9,58.49,9,58.49,62,71.75
17.2,51.6,0.00,0.00,21,47.31,9,58.49,16,58.49,68,71.75
93.6,52.1,0.00,0.00,45,47.31,50,58.49,54,58.49,100,71.75
32.5,52.6,0.00,0.00,90,47.31,62,58.49,57,58.49,100,71.75
28.3,52.8,0.00,0.00,94,47.31,72,58.49,70,58.49,100,71.75
13.7,52.8,0.00,0.00,95,47.31,40,58.49,19,58.49,100,71.75
11.4,52.8,0.00,0.00,19,47.31,9,58.49,18,58.49,86,71.75
11.3,52.8,0.00,0.00,20,47.31,9,58.49,18,58.49,85,71.75
9.3,52.8,0.00,0.00,20,47.31,9,58.49,18,58.49,88,71.75
26.7,52.8,0.00,0.00,49,47.31,61,58.49,72,58.49,100,71.75
28.8,52.8,0.00,0.00,95,47.31,77,58.49,70,58.49,99,71.75
27.2,52.8,0.00,0.00,95,47.31,74,58.49,75,58.49,99,71.75
89.7,51.9,0.00,0.00,65,47.31,43,58.49,11,58.49,100,71.75
22.7,52.0,0.00,0.00,23,47.31,9,58.49,9,58.49,75,71.75
12.1,52.2,0.00,0.00,22,47.31,11,58.49,18,58.49,86,71.75
12.4,52.4,0.00,0.00,15,47.31,14,58.49,18,58.49,75,71.75
24.9,52.6,0.00,0.00,15,47.31,29,58.49,46,58.49,100,71.75
29.1,52.7,0.00,0.00,92,47.31,75,58.49,72,58.49,100,71.75
28.8,52.8,0.00,0.00,95,47.31,71,58.49,77,58.49,100,71.75
11.5,52.8,0.00,0.00,95,47.31,71,58.49,17,58.49,100,71.75
12.3,52.8,0.00,0.00,25,47.31,9,58.49,16,58.49,100,71.75
15.4,52.8,0.00,0.00,28,47.31,13,58.49,12,58.49,100,71.75
12.8,52.8,0.00,0.00,27,47.31,13,58.49,12,58.49,100,71.75
26.9,52.8,0.00,0.00,33,47.31,37,58.49,63,58.49,100,71.75
30.2,52.5,0.00,0.00,95,47.31,86,58.49,56,58.49,100,71.75
30.6,51.0,0.00,0.00,92,47.31,70,58.49,60,58.49,100,71.75
15.5,51.4,0.00,0.00,54,47.31,11,58.49,9,58.49,100,71.75
15.6,51.7,0.00,0.00,22,47.31,16,58.49,13,58.49,100,71.75
14.6,52.1,0.00,0.00,19,47.31,10,58.49,9,58.49,87,71.75
13.3,52.4,0.00,0.00,20,47.31,9,58.49,14,58.49,80,71.75
88.7,52.7,0.00,0.00,23,47.31,16,58.49,9,58.49,100,71.75
29.0,52.7,0.00,0.00,83,47.31,77,58.49,68,58.49,100,71.75
27.4,52.8,0.00,0.00,96,47.31,75,58.49,77,58.49,100,71.75
26.9,52.7,0.00,0.00,96,47.31,77,58.49,44,58.49,100,71.75
13.7,52.8,0.00,0.00,62,47.31,9,58.49,12,58.49,100,71.75
14.5,52.8,0.00,0.00,19,47.31,13,58.49,12,58.49,100,71.75
11.2,52.8,0.00,0.00,20,47.31,16,58.49,14,58.49,100,71.75
12.6,52.8,0.00,0.00,20,47.31,13,58.49,16,58.49,100,71.75
26.8,52.7,0.00,0.00,95,47.31,77,58.49,75,58.49,100,71.75
26.5,52.7,0.00,0.00,95,47.31,84,58.49,75,58.49,100,71.75
27.5,52.8,0.00,0.00,96,47.31,69,58.49,36,58.49,100,71.75
12.4,52.8,0.00,0.00,53,47.31,18,58.49,12,58.49,100,71.75
11.6,52.8,0.00,0.00,26,47.31,9,58.49,12,58.49,100,71.75
13.8,52.8,0.00,0.00,24,47.31,9,58.49,12,58.49,100,71.75
22.8,52.8,0.00,0.00,24,47.31,9,58.49,28,58.49,100,71.75
30.6,51.7,0.00,0.00,78,25.13,88,58.49,78,58.49,100,71.75
27.8,47.5,0.00,0.00,96,25.13,86,58.49,80,58.49,100,71.75
11.7,47.6,0.00,0.00,95,25.13,44,58.49,21,58.49,100,71.75
12.2,47.6,0.00,0.00,31,25.13,15,58.49,18,58.49,100,71.75
13.3,47.6,0.00,0.00,21,25.13,18,58.49,18,58.49,100,71.75
11.5,47.6,0.00,0.00,24,25.13,18,58.49,26,30.72,100,71.75
29.5,37.2,0.00,0.00,26,25.13,38,30.72,41,30.72,100,71.75
27.9,37.2,0.00,0.00,96,25.13,82,30.72,81,30.72,100,71.75
26.6,37.2,0.00,0.00,95,25.13,80,30.72,79,30.72,100,71.75
13.6,37.2,0.00,0.00,83,25.13,19,30.72,16,30.72,100,71.75
15.4,37.2,0.00,0.00,21,25.13,16,30.72,16,30.72,100,71.75
12.4,37.2,0.00,0.00,28,25.13,19,30.72,19,30.72,100,71.75
12.7,37.2,0.00,0.00,24,25.13,14,30.72,16,30.72,100,71.75
28.3,37.2,0.00,0.00,43,25.13,52,30.72,73,30.72,100,71.75
27.8,37.1,0.00,0.00,96,25.13,83,30.72,81,30.72,100,71.75
26.8,37.2,0.00,0.00,95,25.13,86,30.72,80,30.72,100,71.75
14.0,37.2,0.00,0.00,95,25.13,64,30.72,15,30.72,100,71.75
12.8,37.2,0.00,0.00,17,25.13,18,30.72,16,30.72,100,71.75
11.8,37.2,0.00,0.00,20,25.13,13,30.72,12,30.72,100,71.75
12.4,37.2,0.00,0.00,19,25.13,19,30.72,9,30.72,100,71.75
27.6,37.2,0.00,0.00,64,25.13,79,30.72,77,30.72,100,71.82
11.3,36.2,0.00,0.00,27,25.13,18,30.72,18,30.72,24,76.58
16.6,36.3,0.00,0.00,19,25.13,11,30.72,9,30.72,20,76.58
10.9,36.5,0.00,0.00,21,25.13,16,30.72,9,30.72,25,76.58
14.9,36.7,0.00,0.00,30,25.13,19,30.72,18,30.72,24,76.58
11.8,36.8,0.00,0.00,57,25.13,27,30.72,23,30.72,24,76.58
11.7,37.0,0.00,0.00,21,25.13,9,30.72,9,30.72,24,76.58
15.1,37.2,0.00,0.00,15,25.13,9,30.72,9,30.72,24,76.58
10.1,37.2,0.00,0.00,30,25.13,9,30.72,9,30.72,26,76.58
29.2,37.2,0.00,0.00,30,25.13,18,30.72,77,30.72,40,76.58
26.6,37.2,0.00,0.00,95,25.13,75,30.72,74,30.72,46,76.58
28.3,37.2,0.00,0.00,94,25.13,75,30.72,71,30.72,43,76.58
11.9,35.2,0.00,0.00,86,25.13,11,30.72,0,2.95,25,76.58
18.5,31.2,0.00,0.00,23,25.13,0,30.72,0,2.95,28,76.58
11.7,31.4,0.00,0.00,26,25.13,0,30.72,0,2.95,27,76.58
12.8,31.6,0.00,0.00,23,25.13,0,30.72,0,2.95,37,76.58
47.9,30.9,0.00,0.00,0,25.13,0,30.72,0,2.95,51,76.58
17.7,31.3,0.00,0.00,0,25.13,27,30.72,0,2.95,42,76.58
20.1,31.9,0.00,0.00,0,25.13,74,30.72,0,2.95,32,76.58
65.8,32.4,0.00,0.00,0,25.13,14,30.72,0,2.95,23,76.58
22.9,32.7,0.00,0.00,0,25.13,14,30.72,0,2.95,25,76.58
10.3,32.8,0.00,0.00,17,25.13,16,30.72,1,7.98,25,76.58
28.2,35.3,0.00,0.00,17,25.13,21,30.72,7,19.62,56,76.58
25.7,38.8,0.00,0.00,93,25.13,86,30.72,7,35.66,45,76.58
23.1,40.3,0.00,0.00,91,25.13,80,30.72,0,35.66,43,76.58
96.9,40.5,0.00,0.00,93,25.13,28,30.72,0,35.66,22,76.58
18.0,40.6,0.00,0.00,26,25.13,18,30.72,0,35.66,24,76.58
10.7,40.8,0.00,0.00,28,25.13,9,30.72,0,35.66,25,76.58
14.6,41.0,0.00,0.00,28,25.13,9,30.72,0,35.66,25,76.58
32.4,41.3,0.00,0.00,39,25.13,34,30.72,47,43.53,40,76.58
31.3,41.5,0.00,0.00,92,25.13,65,30.72,94,43.53,43,76.58
30.2,41.7,0.00,0.00,92,25.13,68,30.72,94,43.53,47,76.58
13.7,41.9,0.00,0.00,90,25.13,9,30.72,19,43.53,21,76.58
33.5,42.1,0.00,0.00,20,25.13,18,30.72,25,43.53,23,76.58
15.1,42.2,0.00,0.00,25,25.13,9,30.72,21,43.53,25,76.58
11.0,42.3,0.00,0.00,24,25.13,9,30.72,25,43.53,25,76.58
25.7,42.3,0.00,0.00,33,25.13,28,30.72,72,43.53,43,76.58
26.8,42.3,0.00,0.00,95,25.13,77,30.72,96,43.53,44,76.58
27.7,42.3,0.00,0.00,95,25.13,70,30.72,95,43.53,39,76.58
25.9,38.8,0.00,0.00,95,25.13,72,30.72,95,43.53,43,76.58
27.4,36.8,0.00,0.00,94,25.13,70,30.72,93,43.53,41,76.58
25.7,36.0,0.00,0.00,94,25.13,0,30.72,95,43.53,46,76.58
19.8,36.2,0.00,0.00,94,25.13,0,30.72,95,43.53,45,76.58
22.5,36.4,0.00,0.00,93,25.13,0,30.72,94,43.53,41,76.58
20.3,36.7,0.00,0.00,95,25.13,0,30.72,95,43.53,46,76.58
26.5,36.8,0.00,0.00,93,25.13,73,30.72,95,43.53,47,76.58
23.0,32.0,0.00,0.00,68,2.95,81,30.72,95,43.53,49,76.58
23.1,31.6,0.00,0.00,0,2.95,86,30.72,94,43.53,34,76.63
20.2,30.6,0.00,0.00,0,2.95,88,30.72,95,43.53,72,76.63
21.3,30.9,0.00,0.00,0,2.95,85,30.72,94,43.53,100,76.63
59.8,31.3,0.00,0.00,0,2.95,77,30.72,92,52.49,100,76.63
66.7,31.1,0.00,0.00,0,2.95,65,30.72,89,52.49,99,76.63
25.4,31.7,0.00,0.00,0,2.95,84,30.72,94,52.49,98,76.63
29.3,33.8,0.00,0.00,0,2.95,69,35.05,97,57.94,100,76.63
29.5,37.5,0.00,0.00,0,6.65,88,40.47,97,63.46,100,76.63
46.5,42.8,0.00,0.00,5,12.34,98,45.09,95,66.85,100,76.63
56.3,44.3,0.00,0.00,4,28.77,79,45.09,97,66.85,99,76.63
36.8,44.7,0.00,0.00,0,28.77,78,45.09,93,66.85,100,76.63
19.8,40.4,0.00,0.00,0,28.77,5,17.32,93,66.85,100,76.63
18.6,40.8,0.00,0.00,0,28.77,0,17.32,95,67.27,100,76.63
22.5,41.6,0.00,0.00,0,28.77,88,25.18,100,74.71,100,76.63
97.5,42.2,0.00,0.00,0,58.48,94,25.18,99,74.71,100,76.63
27.7,42.7,0.00,0.00,99,58.48,98,25.18,100,74.71,100,76.63
25.6,44.4,0.00,0.00,99,58.48,98,37.53,100,74.71,100,76.63
25.4,47.9,0.00,0.00,99,58.48,98,49.32,100,74.71,100,76.63
22.5,50.1,0.00,0.00,100,58.48,98,53.72,100,74.71,99,76.63
23.6,50.3,0.00,0.00,100,58.48,98,53.72,100,74.71,100,76.63
23.9,50.6,0.00,0.00,100,58.48,98,53.72,100,74.71,100,76.63
23.0,50.8,0.00,0.00,99,58.48,98,53.72,100,74.71,100,76.63
23.6,51.0,0.00,0.00,100,58.48,98,57.84,100,74.71,100,76.63
28.8,51.3,0.00,0.00,100,58.48,99,57.84,100,74.71,100,76.63
27.4,51.5,0.00,0.00,100,58.48,99,57.84,100,74.71,100,76.63
28.0,50.8,0.00,0.00,100,58.48,99,57.84,100,74.71,100,76.63
95.6,51.2,0.00,0.00,100,58.48,100,57.84,100,74.71,100,76.63
25.4,51.6,0.00,0.00,98,58.48,100,57.84,100,74.71,100,76.63
24.8,51.8,0.00,0.00,100,58.48,100,57.84,100,74.71,100,76.63
26.6,52.0,0.00,0.00,100,58.48,100,57.84,100,74.71,100,76.63
23.7,52.2,0.00,0.00,99,58.48,100,57.84,100,74.71,100,76.63
22.5,52.2,0.00,0.00,100,58.48,100,57.84,100,74.71,100,76.63
34.2,50.3,0.00,0.00,100,58.48,100,57.84,95,74.71,100,76.63
23.3,50.6,0.00,0.00,100,58.48,88,57.84,93,74.71,100,76.63
22.5,51.0,0.00,0.00,100,58.48,90,57.84,93,74.71,100,76.63
27.6,51.5,0.00,0.00,100,58.48,89,57.84,95,74.71,100,76.63
97.9,51.9,0.00,0.00,100,58.48,90,57.84,94,74.71,100,76.63
23.5,52.2,0.00,0.00,100,58.48,100,57.84,100,74.71,100,76.63
24.7,52.2,0.00,0.00,100,58.48,100,57.84,100,74.71,100,76.63
23.0,52.2,0.00,0.00,99,58.48,100,57.84,100,74.71,100,76.63
22.3,52.2,0.00,0.00,100,58.48,100,57.84,99,74.71,100,76.63
22.5,52.2,0.00,0.00,100,58.48,100,57.84,100,74.71,100,76.63
23.5,52.2,0.00,0.00,100,58.48,100,57.84,100,74.71,100,76.63
22.9,52.2,0.00,0.00,100,58.48,100,57.84,100,74.71,100,76.63
22.9,52.2,0.00,0.00,100,58.48,100,57.84,100,74.71,100,76.63
22.4,52.2,0.00,0.00,100,58.48,100,57.84,100,74.71,100,76.63
23.0,52.2,0.00,0.00,100,58.48,100,57.84,100,74.71,100,76.63
22.8,52.2,0.00,0.00,100,58.48,100,57.84,99,74.71,100,76.63
23.4,52.2,0.00,0.00,100,58.48,100,57.84,100,74.71,100,76.63
23.3,52.2,0.00,0.00,100,58.48,100,57.84,100,74.71,100,76.63
23.5,52.2,0.00,0.00,100,58.48,100,57.84,100,74.71,100,76.63
22.3,52.2,0.00,0.00,100,58.48,100,57.84,100,74.71,100,76.63
22.1,52.2,0.00,0.00,100,58.48,100,57.84,100,74.71,100,76.63
23.8,52.2,0.00,0.00,100,58.48,100,57.84,100,74.71,100,76.63
23.3,52.2,0.00,0.00,100,58.48,100,57.84,100,74.71,100,76.63
23.7,52.2,0.00,0.00,100,58.48,100,57.84,100,74.71,100,76.63
24.1,52.2,0.00,0.00,100,58.48,100,57.84,100,74.71,100,76.63
18.8,52.2,0.00,0.00,100,58.48,100,57.84,98,74.71,100,76.63
22.9,50.5,0.00,0.00,100,58.48,88,57.84,96,74.71,100,76.63
27.6,49.9,0.00,0.00,100,58.48,91,57.84,43,74.71,100,76.63
30.6,50.6,0.00,0.00,100,58.48,88,57.84,89,74.71,100,76.63
27.5,51.2,0.00,0.00,100,58.48,86,57.84,95,74.71,100,76.63
29.7,51.8,0.00,0.00,100,58.48,99,57.84,99,74.71,100,76.63
26.1,52.0,0.00,0.00,100,58.48,100,57.84,100,74.71,100,76.63
25.6,52.2,0.00,0.00,100,58.48,100,57.84,100,74.71,100,76.63
25.2,52.2,0.00,0.00,100,58.48,100,57.84,100,74.71,100,76.63
24.6,52.2,0.00,0.00,100,58.55,100,57.84,100,74.71,100,76.63
22.8,51.3,0.00,0.00,26,58.55,100,57.84,100,74.71,100,76.63
27.3,51.5,0.00,0.00,0,58.55,100,57.84,100,74.71,29,76.63
88.1,50.9,0.00,0.00,0,58.55,100,57.84,100,74.71,47,76.63
25.8,51.3,0.00,0.00,0,58.55,100,57.84,100,74.71,45,76.63
26.3,51.7,0.00,0.00,0,58.55,100,57.84,100,74.71,50,76.63
82.7,52.0,0.00,0.00,99,58.55,100,57.84,100,74.71,47,76.63
25.9,52.2,0.00,0.00,100,58.55,100,57.84,100,74.71,49,76.63
26.6,52.2,0.00,0.00,100,58.55,100,57.84,100,74.71,52,76.63
26.2,52.2,0.00,0.00,99,58.55,100,57.84,100,74.71,53,76.63
29.8,51.2,0.00,0.00,100,58.55,98,61.97,100,74.71,50,76.63
34.0,51.5,0.00,0.00,100,58.55,99,61.97,100,74.71,46,76.63
29.8,51.6,0.00,0.00,100,58.55,99,61.97,100,74.71,44,76.63
48.5,51.8,0.00,0.00,100,58.55,99,61.97,100,74.71,43,76.63
27.5,52.1,0.00,0.00,100,58.55,99,61.97,100,74.71,50,76.63
26.3,52.2,0.00,0.00,100,58.55,99,61.97,100,74.71,50,76.63
25.7,52.2,0.00,0.00,100,58.55,99,61.78,99,52.49,54,76.63
22.9,41.9,0.00,0.00,100,58.55,94,39.74,60,52.49,48,76.63
23.3,41.1,0.00,0.00,100,58.55,89,39.74,94,52.49,43,76.63
24.0,41.3,0.00,0.00,99,58.55,88,39.74,95,52.49,50,76.63
22.2,41.5,0.00,0.00,100,58.55,90,39.74,95,52.49,47,76.63
99.8,41.9,0.00,0.00,100,58.55,91,39.74,95,52.49,53,76.63
100.0,42.5,0.00,0.00,100,58.55,86,39.74,95,52.49,49,76.63
24.1,42.8,0.00,0.00,100,58.55,87,42.6,97,52.49,49,76.63
23.7,45.9,0.00,0.00,100,58.55,93,54.78,95,52.49,45,76.63
24.5,49.6,0.00,0.00,100,58.55,92,76.63,96,52.49,41,76.63
21.8,50.2,0.00,0.00,100,58.55,92,76.63,96,52.49,46,76.63
22.5,50.5,0.00,0.00,100,58.55,91,76.63,96,52.49,50,76.63
23.7,50.7,0.00,0.00,100,58.55,91,76.63,96,52.49,49,76.63
22.2,50.9,0.00,0.00,100,58.55,91,76.63,95,52.49,47,76.63
27.7,51.3,0.00,0.00,100,58.55,91,85.91,96,52.49,43,76.63
27.3,51.5,0.00,0.00,100,58.55,100,85.91,96,52.49,44,76.63
36.5,51.7,0.00,0.00,100,58.55,99,85.91,96,52.49,44,76.63
27.4,51.9,0.00,0.00,100,58.55,100,85.91,96,52.49,49,76.63
69.8,52.1,0.00,0.00,100,58.55,100,85.91,95,52.49,49,76.63
22.9,52.3,0.00,0.00,100,58.55,100,85.91,95,52.49,48,76.63
24.1,52.3,0.00,0.00,100,58.55,100,85.91,96,52.49,41,76.63
25.1,51.4,0.00,0.00,100,58.55,100,85.91,94,52.49,100,76.63
24.3,50.8,0.00,0.00,100,58.55,100,85.91,60,30.31,100,76.63
27.0,46.6,0.00,0.00,99,58.55,100,85.91,98,30.31,100,76.63
27.2,46.8,0.00,0.00,100,58.55,100,85.91,97,30.31,100,76.63
27.9,47.0,0.00,0.00,100,58.55,100,85.91,98,30.31,100,76.63
25.5,47.1,0.00,0.00,100,58.55,100,85.91,98,30.31,100,76.63
25.3,47.1,0.00,0.00,100,58.55,100,85.91,98,30.31,100,76.63
23.7,47.1,0.00,0.00,100,58.55,100,85.91,99,30.31,100,76.63
24.1,47.1,0.00,0.00,100,58.55,100,85.91,99,30.31,100,76.63
24.6,47.1,0.00,0.00,100,58.55,100,85.91,99,30.31,100,76.63
25.1,47.1,0.00,0.00,100,58.55,100,85.91,98,30.31,100,76.63
24.4,47.1,0.00,0.00,100,58.55,100,85.91,99,30.31,100,76.63
25.1,47.1,0.00,0.00,100,58.55,100,85.91,98,30.31,100,76.63
24.0,47.1,0.00,0.00,100,58.55,100,85.91,99,30.31,100,76.63
29.7,46.1,0.00,0.00,100,58.55,99,95.23,96,30.31,100,76.63
30.3,46.3,0.00,0.00,100,58.55,100,95.23,98,30.31,100,76.63
27.0,46.5,0.00,0.00,100,58.55,100,95.23,96,30.11,100,76.63
20.1,41.6,0.00,0.00,100,58.55,100,95.23,5,2.95,100,76.63
19.7,41.8,0.00,0.00,100,58.55,100,95.23,0,2.95,100,76.63
17.0,41.9,0.00,0.00,100,58.55,100,95.23,0,2.95,100,76.63
16.4,41.9,0.00,0.00,100,58.55,100,95.23,0,2.95,100,76.63
19.7,42.2,0.00,0.00,100,58.55,100,95.23,0,2.95,100,76.63
19.0,41.5,0.00,0.00,100,2.95,100,95.23,0,2.95,100,76.63
14.8,37.9,0.00,0.00,9,2.95,100,95.23,2,13.96,100,76.63
23.1,40.8,0.00,0.00,0,2.95,100,95.23,6,25.9,100,76.63
66.8,44.0,0.00,0.00,0,2.95,100,95.23,3,31.49,100,76.63
26.0,44.5,0.00,0.00,0,2.95,100,95.23,0,31.49,100,76.63
57.4,44.9,0.00,0.00,0,2.95,100,95.23,0,31.49,100,76.63
16.5,45.4,0.00,0.00,0,2.95,100,95.23,0,31.49,100,76.63
15.9,45.7,0.00,0.00,0,2.95,100,95.23,15,35.62,100,76.63
20.0,46.0,0.00,0.00,0,2.95,100,95.23,77,35.62,100,76.63
43.0,46.3,0.00,0.00,0,2.95,100,95.23,80,35.62,100,76.63
62.1,46.5,0.00,0.00,0,2.95,100,95.23,84,35.62,100,76.63
39.3,46.7,0.00,0.00,0,2.95,100,95.23,85,35.62,100,76.63
19.7,47.0,0.00,0.00,0,2.95,100,95.28,90,35.62,100,76.63
52.0,46.1,0.00,0.00,0,2.95,99,95.28,88,35.62,100,76.63
33.1,46.3,0.00,0.00,0,2.95,100,95.28,89,35.62,100,76.63
19.9,46.5,0.00,0.00,0,2.95,100,95.28,85,35.62,100,76.63
26.5,46.7,0.00,0.00,0,2.95,100,95.28,83,35.62,100,76.63
22.2,46.9,0.00,0.00,0,2.95,100,95.28,91,35.62,100,76.63
20.3,47.0,0.00,0.00,0,2.95,100,95.28,93,35.62,100,76.63
18.2,47.0,0.00,0.00,0,2.95,100,95.28,88,35.62,100,76.63
20.2,47.0,0.00,0.00,0,2.95,100,95.28,91,35.62,100,76.63
20.4,47.0,0.00,0.00,0,2.95,100,95.28,88,35.62,100,76.63
20.6,47.0,0.00,0.00,0,2.95,100,95.28,92,35.62,100,76.63
20.1,47.0,0.00,0.00,0,2.95,100,95.28,92,35.62,100,76.63
19.4,47.0,0.00,0.00,0,2.95,100,95.28,94,35.62,100,76.63
20.5,46.9,0.00,0.00,0,2.95,100,95.28,91,35.62,100,76.63
19.5,46.7,0.00,0.00,0,2.95,100,95.28,91,35.62,100,76.63
19.2,46.7,0.00,0.00,0,2.95,100,95.28,94,35.62,100,76.63
19.1,46.7,0.00,0.00,0,2.95,100,95.28,94,35.62,100,76.63
22.4,46.8,0.00,0.00,0,2.95,100,95.28,92,35.62,100,76.63
17.3,46.7,0.00,0.00,0,2.95,100,95.28,43,39.74,100,76.63
21.6,45.9,0.00,0.00,0,2.95,100,95.28,88,39.74,100,76.63
26.0,46.1,0.00,0.00,0,2.95,99,67.51,86,39.74,100,76.63
22.3,41.2,0.00,0.00,0,2.95,100,67.51,90,39.74,100,76.63
22.1,41.4,0.00,0.00,0,2.95,100,67.51,90,39.74,100,76.63
19.3,41.6,0.00,0.00,0,2.95,100,67.51,91,39.74,100,76.63
20.5,41.6,0.00,0.00,0,2.95,100,67.51,91,39.74,100,76.63
19.9,41.6,0.00,0.00,0,2.95,100,67.51,94,39.74,100,76.63
20.0,41.6,0.00,0.00,0,2.95,100,67.51,94,39.74,100,76.63
20.1,41.6,0.00,0.00,0,2.95,100,67.51,93,39.74,100,76.63
19.5,41.6,0.00,0.00,0,2.95,100,67.51,94,39.74,100,76.63
18.5,41.6,0.00,0.00,0,2.95,100,67.51,94,39.74,100,76.63
19.0,41.6,0.00,0.00,0,2.95,100,67.51,91,39.74,100,76.63
19.4,41.6,0.00,0.00,0,2.95,100,67.51,94,39.74,100,76.63
19.7,41.6,0.00,0.00,0,2.95,100,67.51,93,39.74,100,76.63
19.7,41.6,0.00,0.00,0,2.95,100,67.51,90,39.74,100,76.63
21.1,41.6,0.00,0.00,0,2.95,100,67.51,91,39.74,100,76.63
19.3,41.6,0.00,0.00,0,2.95,100,67.51,86,39.74,45,21.03
21.9,36.4,0.00,0.00,0,2.95,100,67.51,91,39.74,47,21.03
21.5,36.3,0.00,0.00,0,2.95,100,67.51,91,39.74,49,21.03
16.7,36.3,0.00,0.00,0,2.95,98,67.32,92,39.74,50,21.03
16.7,31.1,0.00,0.00,0,2.95,94,39.74,92,39.74,54,21.03
20.4,31.3,0.00,0.00,0,2.95,90,39.74,85,39.74,47,21.03
48.0,31.7,0.00,0.00,0,2.95,88,39.74,87,39.74,54,21.03
21.8,32.0,0.00,0.00,0,4.43,94,39.74,89,39.74,59,21.03
23.8,34.2,0.00,0.00,8,16.45,91,39.74,86,39.74,47,21.03
23.0,37.8,0.00,0.00,8,27.68,90,39.74,89,39.74,46,21.03
26.8,39.0,0.00,0.00,11,35.66,83,39.74,87,39.74,55,21.03
20.7,39.4,0.00,0.00,0,35.66,89,39.74,83,39.74,45,21.03
28.5,39.9,0.00,0.00,0,35.66,90,39.74,84,39.74,44,21.03
20.5,39.2,0.00,0.00,0,35.66,85,39.74,88,39.74,45,21.03
35.6,39.7,0.00,0.00,0,43.53,88,39.74,86,39.74,48,21.03
55.5,40.2,0.00,0.00,92,43.53,82,39.74,81,39.74,42,21.03
27.4,40.6,0.00,0.00,90,43.53,84,39.74,84,39.74,43,21.03
34.7,41.0,0.00,0.00,93,43.53,84,39.74,87,39.74,41,21.03
26.5,41.3,0.00,0.00,93,43.53,87,39.74,89,39.74,45,21.03
24.5,41.6,0.00,0.00,93,43.53,85,39.74,84,39.74,46,21.03
24.0,41.5,0.00,0.00,95,43.53,86,39.74,90,39.74,40,21.03
23.0,41.6,0.00,0.00,94,43.53,90,39.74,86,39.74,45,21.03
26.1,41.5,0.00,0.00,95,43.53,88,39.74,88,39.74,62,21.03
24.1,41.5,0.00,0.00,94,43.53,92,39.74,89,39.74,45,21.03
24.0,41.5,0.00,0.00,95,43.53,90,39.74,89,39.74,45,21.03
24.3,41.6,0.00,0.00,95,43.53,89,39.74,91,39.74,42,21.03
25.7,41.5,0.00,0.00,96,43.53,89,39.74,88,39.74,42,21.03
23.7,41.5,0.00,0.00,95,43.53,91,39.74,90,39.74,45,21.03
24.0,41.5,0.00,0.00,95,43.53,91,39.74,88,39.74,43,21.03
25.7,41.5,0.00,0.00,95,43.53,90,39.74,87,39.74,44,21.03
23.7,41.5,0.00,0.00,95,43.53,90,39.74,90,39.74,47,21.03
22.2,40.5,0.00,0.00,62,52.85,87,39.74,88,39.74,45,21.03
25.7,40.7,0.00,0.00,71,52.85,87,39.74,89,39.55,42,21.03
28.8,35.8,0.00,0.00,73,52.85,92,39.74,85,21.35,46,21.03
27.7,36.0,0.00,0.00,77,52.85,92,39.74,83,21.35,41,21.03
27.8,36.2,0.00,0.00,81,52.85,91,39.74,85,21.35,49,20.83
24.2,34.5,0.00,0.00,68,52.85,94,39.74,89,21.35,3,2.95
21.5,31.3,0.00,0.00,78,52.85,91,39.74,93,21.35,0,2.95
23.6,30.3,0.00,0.00,78,52.85,48,39.74,91,21.35,0,2.95
29.9,30.5,0.00,0.00,78,52.85,90,39.74,88,21.35,0,2.95
22.3,30.7,0.00,0.00,78,52.85,91,39.74,92,21.35,0,2.95
23.3,30.9,0.00,0.00,78,52.85,91,39.74,91,21.35,0,2.95
23.4,31.2,0.00,0.00,71,52.85,89,39.74,86,21.35,0,2.95
20.6,31.3,0.00,0.00,87,52.9,93,39.74,93,21.35,0,2.95
19.4,30.4,0.00,0.00,78,52.9,90,39.74,92,21.35,0,2.95
26.0,30.6,0.00,0.00,94,52.9,92,39.74,90,21.35,0,2.95
19.6,30.8,0.00,0.00,93,52.9,92,39.74,93,21.35,0,2.95
24.4,31.0,0.00,0.00,95,52.9,91,39.74,86,21.35,0,2.95
21.5,31.2,0.00,0.00,93,52.9,88,39.74,90,21.35,0,2.95
20.0,31.3,0.00,0.00,95,52.9,92,39.74,86,21.35,0,2.95
18.8,31.3,0.00,0.00,95,52.9,91,39.74,86,21.35,0,2.95
19.8,31.3,0.00,0.00,93,52.9,93,39.74,90,21.35,0,2.95
19.6,31.3,0.00,0.00,91,52.9,93,39.74,90,21.35,0,2.95
20.1,31.3,0.00,0.00,95,52.9,95,39.74,89,21.35,0,2.95
19.9,31.3,0.00,0.00,94,52.9,94,39.74,90,21.35,0,2.95
19.3,31.3,0.00,0.00,95,52.9,94,39.74,90,21.35,0,2.95
18.6,31.3,0.00,0.00,94,52.9,93,39.74,88,21.35,0,2.95
21.3,31.3,0.00,0.00,96,52.9,94,39.74,43,2.95,0,2.95
12.9,26.1,0.00,0.00,94,52.9,94,39.74,0,2.95,0,2.95
12.6,26.1,0.00,0.00,96,52.9,94,39.74,0,2.95,0,2.95
13.0,26.1,0.00,0.00,96,52.9,94,39.74,0,2.95,0,2.95
14.6,26.1,0.00,0.00,96,52.9,95,39.74,0,2.95,0,2.95
8.2,25.1,0.00,0.00,75,52.71,94,39.74,0,2.95,0,2.95
15.5,20.9,0.00,0.00,91,30.72,94,39.74,0,2.95,0,2.95
13.9,20.9,0.00,0.00,82,30.72,88,39.74,0,2.95,0,2.95
17.1,20.1,0.00,0.00,86,30.72,91,39.74,0,2.95,0,2.95
18.0,20.3,0.00,0.00,82,30.72,89,39.74,0,2.95,0,2.95
17.0,20.5,0.00,0.00,87,30.72,84,39.74,0,2.95,0,2.95
18.6,20.8,0.00,0.00,83,30.72,87,39.74,0,2.95,0,2.95
15.9,20.9,0.00,0.00,87,30.72,94,39.74,0,2.95,0,2.95
15.4,20.9,0.00,0.00,87,30.72,94,39.74,0,2.95,0,2.95
16.0,20.9,0.00,0.00,90,30.72,94,39.74,0,2.95,0,2.95
15.5,20.9,0.00,0.00,92,30.72,95,39.74,0,2.95,0,2.95
16.1,20.9,0.00,0.00,82,30.72,94,39.74,0,2.95,0,2.95
8.6,15.7,0.00,0.00,5,2.95,94,39.74,0,2.95,0,2.95
6.3,15.7,0.00,0.00,0,2.95,95,39.74,0,2.95,0,2.95
6.5,15.7,0.00,0.00,0,2.95,94,39.74,0,2.95,0,2.95
6.4,15.7,0.00,0.00,0,2.95,94,39.74,0,2.95,0,2.95
6.5,15.7,0.00,0.00,0,2.95,94,39.74,0,2.95,0,2.95
6.4,15.7,0.00,0.00,0,2.95,95,39.74,0,2.95,0,2.95
6.2,15.7,0.00,0.00,0,2.95,95,39.74,0,2.95,0,2.95
6.7,15.7,0.00,0.00,0,2.95,95,39.74,0,2.95,0,2.95
6.1,15.7,0.00,0.00,0,2.95,94,39.74,0,2.95,0,2.95
6.3,15.6,0.00,0.00,0,2.95,93,39.74,0,2.95,0,2.95
5.9,15.6,0.00,0.00,0,2.95,94,39.74,0,2.95,0,2.95
7.3,15.6,0.00,0.00,0,2.95,92,39.74,0,2.95,0,2.95
6.5,15.6,0.00,0.00,0,2.95,94,39.74,0,2.95,0,2.95
5.8,15.6,0.00,0.00,0,2.95,95,39.74,0,2.95,0,2.95
7.0,15.6,0.00,0.00,0,2.95,95,39.74,0,2.95,0,2.95
6.5,15.6,0.00,0.00,0,2.95,94,39.74,0,2.95,0,2.95
6.2,15.6,0.00,0.00,0,2.95,94,39.74,0,2.95,0,2.95
73.9,14.8,0.00,0.00,0,2.95,52,39.74,0,2.95,0,2.95
56.1,15.0,0.00,0.00,0,2.95,91,39.74,0,2.95,0,2.95
62.5,15.2,0.00,0.00,0,2.95,93,39.74,0,2.95,0,2.95
83.5,15.5,0.00,0.00,0,2.95,93,39.74,0,2.95,0,2.95
6.6,15.6,0.00,0.00,0,2.95,93,39.74,0,2.95,0,2.95
8.3,15.6,0.00,0.00,0,2.95,94,39.74,0,2.95,0,2.95
6.7,15.6,0.00,0.00,0,2.95,94,39.74,0,2.95,0,2.95
6.4,15.6,0.00,0.00,0,2.95,93,39.74,0,2.95,0,2.95
5.9,15.6,0.00,0.00,0,2.95,95,39.74,0,2.95,0,2.95
7.1,15.6,0.00,0.00,0,2.95,94,39.74,0,2.95,0,2.95
6.5,15.6,0.00,0.00,0,2.95,93,39.74,0,2.95,0,2.95
7.1,15.6,0.00,0.00,0,2.95,94,39.74,0,2.95,0,2.95
7.1,15.6,0.00,0.00,0,2.95,94,39.74,0,2.95,0,2.95
6.1,15.6,0.00,0.00,0,2.95,93,39.74,0,2.95,0,2.95
6.1,15.6,0.00,0.00,0,2.95,94,39.74,0,2.95,0,2.95
6.5,15.6,0.00,0.00,0,2.95,93,39.74,0,2.95,0,2.95
7.7,15.6,0.00,0.00,0,2.95,94,39.74,0,2.95,0,2.95
6.9,15.6,0.00,0.00,0,2.95,94,39.74,0,2.95,0,2.95
7.1,15.6,0.00,0.00,0,2.95,95,39.74,0,2.95,0,2.95
6.3,15.6,0.00,0.00,0,2.95,95,39.74,0,2.95,0,2.95
6.4,15.6,0.00,0.00,0,2.95,93,39.74,0,2.95,0,2.95
6.1,15.6,0.00,0.00,0,2.95,94,39.74,0,2.95,0,2.95
6.7,15.6,0.00,0.00,0,2.95,95,39.74,0,2.95,0,2.95
6.1,15.6,0.00,0.00,0,2.95,93,39.74,0,2.95,0,2.95
6.7,15.6,0.00,0.00,0,2.95,95,39.74,0,2.95,0,2.95
6.1,15.6,0.00,0.00,0,2.95,95,39.74,0,2.95,0,2.95
8.7,14.8,0.00,0.00,0,2.95,92,39.74,0,2.95,0,2.95
8.5,15.0,0.00,0.00,0,2.95,92,39.74,0,2.95,0,2.95
8.6,15.3,0.00,0.00,0,2.95,92,39.74,0,2.95,0,2.95
8.3,15.5,0.00,0.00,0,2.95,90,39.74,0,2.95,0,2.95
6.3,15.7,0.00,0.00,0,2.95,94,39.74,0,2.95,0,2.95
6.7,15.7,0.00,0.00,0,2.95,91,39.74,0,2.95,0,2.95
6.9,15.6,0.00,0.00,0,2.95,93,39.74,0,2.95,0,2.95
7.1,15.7,0.00,0.00,0,2.95,93,39.74,0,2.95,0,2.95
6.9,15.7,0.00,0.00,0,2.95,93,39.74,0,2.95,0,2.95
6.3,15.7,0.00,0.00,0,2.95,88,39.74,0,2.95,0,2.95
6.7,15.7,0.00,0.00,0,2.95,92,39.74,0,2.95,0,2.95
7.1,15.6,0.00,0.00,0,2.95,93,39.74,0,2.95,0,2.95
8.3,15.6,0.00,0.00,0,2.95,93,39.74,0,2.95,0,2.95
7.3,15.7,0.00,0.00,0,2.95,93,39.74,0,2.95,0,2.95
6.9,15.7,0.00,0.00,0,2.95,93,39.74,0,2.95,0,2.95
7.1,15.7,0.00,0.00,0,2.95,92,39.74,0,2.95,0,2.95
6.7,15.7,0.00,0.00,0,2.95,91,39.74,0,2.95,0,2.95
6.5,15.7,0.00,0.00,0,2.95,88,39.74,0,2.95,0,2.95
6.7,15.7,0.00,0.00,0,2.95,92,39.74,0,2.95,0,2.95
6.6,15.7,0.00,0.00,0,2.95,91,39.74,0,2.95,0,2.95
7.1,15.7,0.00,0.00,0,2.95,91,39.74,0,2.95,0,2.95
6.9,15.7,0.00,0.00,0,2.95,91,39.74,0,2.95,0,2.95
6.3,15.6,0.00,0.00,0,2.95,89,39.74,0,2.95,0,2.95
7.1,15.6,0.00,0.00,0,2.95,92,39.74,0,2.95,0,2.95
3.3,14.7,0.00,0.00,0,2.95,49,39.74,0,2.95,0,2.95
8.2,14.9,0.00,0.00,0,2.95,91,39.74,0,2.95,0,2.95
8.9,15.1,0.00,0.00,0,2.95,91,39.74,0,2.95,0,2.95
9.1,15.3,0.00,0.00,0,2.95,91,39.74,0,2.95,0,2.95
8.4,15.6,0.00,0.00,0,2.95,89,39.74,0,2.95,0,2.95
7.1,15.7,0.00,0.00,0,2.95,92,39.74,0,2.95,0,2.95
6.4,15.7,0.00,0.00,0,2.95,91,39.74,0,2.95,0,2.95
6.5,15.7,0.00,0.00,0,2.95,92,39.74,0,2.95,0,2.95
7.9,15.7,0.00,0.00,0,2.95,92,39.74,0,2.95,0,2.95
7.0,15.7,0.00,0.00,0,2.95,92,39.74,0,2.95,0,2.95
7.1,15.7,0.00,0.00,0,2.95,91,39.74,0,2.95,0,2.95
7.3,15.7,0.00,0.00,0,2.95,91,39.74,0,2.95,0,2.95
6.7,15.6,0.00,0.00,0,2.95,91,39.74,0,2.95,0,2.95
7.1,15.7,0.00,0.00,0,2.95,93,39.74,0,2.95,0,2.95
6.9,15.7,0.00,0.00,0,2.95,92,39.74,0,2.95,0,2.95
6.7,15.7,0.00,0.00,0,2.95,91,39.74,0,2.95,0,2.95
6.9,15.6,0.00,0.00,0,2.95,90,39.74,0,2.95,0,2.95
7.3,15.7,0.00,0.00,0,2.95,92,39.74,0,2.95,0,2.95
6.9,15.6,0.00,0.00,0,2.95,91,39.74,0,2.95,0,2.95
6.7,15.6,0.00,0.00,0,2.95,92,39.74,0,2.95,0,2.95
6.5,15.6,0.00,0.00,0,2.95,92,39.74,0,2.95,0,2.95
6.1,15.6,0.00,0.00,0,2.95,92,39.74,0,2.95,0,2.95
8.6,15.6,0.00,0.00,0,2.95,91,39.74,0,2.95,0,2.95
6.9,15.6,0.00,0.00,0,2.95,92,39.74,0,2.95,0,2.95
6.7,15.6,0.00,0.00,0,2.95,91,39.74,0,2.95,0,2.95
6.5,10.5,0.00,0.00,0,2.95,94,21.35,0,2.95,0,2.95
6.7,10.5,0.00,0.00,0,2.95,94,21.35,0,2.95,0,2.95
6.5,10.5,0.00,0.00,0,2.95,94,21.35,0,2.95,0,2.95
6.1,10.5,0.00,0.00,0,2.95,94,21.35,0,2.95,0,2.95
6.5,10.5,0.00,0.00,0,2.95,94,21.35,0,2.95,0,2.95
6.7,10.5,0.00,0.00,0,2.95,94,21.35,0,2.95,0,2.95
6.1,10.5,0.00,0.00,0,2.95,94,21.35,0,2.95,0,2.95
7.1,10.5,0.00,0.00,0,2.95,94,21.35,0,2.95,0,2.95
6.3,10.5,0.00,0.00,0,2.95,95,21.35,0,2.95,0,2.95
6.2,10.5,0.00,0.00,0,2.95,94,21.35,0,2.95,0,2.95
6.7,10.5,0.00,0.00,0,2.95,95,21.35,0,2.95,0,2.95
6.2,10.5,0.00,0.00,0,2.95,95,21.35,0,2.95,0,2.95
6.5,10.5,0.00,0.00,0,2.95,93,21.35,0,2.95,0,2.95
7.1,10.5,0.00,0.00,0,2.95,92,21.35,0,2.95,0,2.95
6.9,10.5,0.00,0.00,0,2.95,92,21.35,0,2.95,0,2.95
7.1,10.5,0.00,0.00,0,2.95,91,21.35,0,2.95,0,2.95
7.1,10.5,0.00,0.00,0,2.95,92,21.35,0,2.95,0,2.95
6.7,10.5,0.00,0.00,0,2.95,90,21.35,0,2.95,0,2.95
7.1,10.5,0.00,0.00,0,2.95,90,21.35,0,2.95,0,2.95
5.9,10.5,0.00,0.00,0,2.95,92,21.35,0,2.95,0,2.95
6.5,10.5,0.00,0.00,0,2.95,92,21.35,0,2.95,0,2.95
6.9,10.5,0.00,0.00,0,2.95,93,21.35,0,2.95,0,2.95
6.7,10.5,0.00,0.00,0,2.95,91,21.35,0,2.95,0,2.95
6.9,10.5,0.00,0.00,0,2.95,86,21.35,0,2.95,0,2.95
2.1,9.6,0.00,0.00,0,2.95,0,21.35,0,2.95,0,2.95
2.5,9.9,0.00,0.00,0,2.95,0,21.35,0,2.95,0,2.95
18.6,10.1,0.00,0.00,0,2.95,0,21.35,0,2.95,0,2.95
98.8,10.4,0.00,0.00,0,2.95,0,21.35,0,2.95,0,2.95
8.8,10.5,0.00,0.00,0,2.95,91,21.35,0,2.95,0,2.95
7.5,10.5,0.00,0.00,0,2.95,90,21.35,0,2.95,0,2.95
6.9,10.5,0.00,0.00,0,2.95,91,21.35,0,2.95,0,2.95
6.7,10.5,0.00,0.00,0,2.95,90,21.35,0,2.95,0,2.95
7.1,10.5,0.00,0.00,0,2.95,90,21.35,0,2.95,0,2.95
7.1,10.5,0.00,0.00,0,2.95,89,21.35,0,2.95,0,2.95
6.3,10.5,0.00,0.00,0,2.95,89,21.35,0,2.95,0,2.95
6.5,10.5,0.00,0.00,0,2.95,90,21.35,0,2.95,0,2.95
6.9,10.5,0.00,0.00,0,2.95,89,21.35,0,2.95,0,2.95
6.9,10.5,0.00,0.00,0,2.95,91,21.35,0,2.95,0,2.95
6.7,10.5,0.00,0.00,0,2.95,89,21.35,0,2.95,0,2.95
7.3,10.5,0.00,0.00,0,2.95,89,21.35,0,2.95,0,2.95
7.1,10.5,0.00,0.00,0,2.95,90,21.35,0,2.95,0,2.95
7.1,10.5,0.00,0.00,0,2.95,89,21.35,0,2.95,0,2.95
6.9,10.5,0.00,0.00,0,2.95,90,21.35,0,2.95,0,2.95
6.7,10.5,0.00,0.00,0,2.95,90,21.35,0,2.95,0,2.95
6.7,10.5,0.00,0.00,0,2.95,89,21.35,0,2.95,0,2.95
6.9,10.5,0.00,0.00,0,2.95,90,21.35,0,2.95,0,2.95
7.1,10.5,0.00,0.00,0,2.95,89,21.35,0,2.95,0,2.95
6.9,10.5,0.00,0.00,0,2.95,89,21.35,0,2.95,0,2.95
6.9,10.5,0.00,0.00,0,2.95,90,21.35,0,2.95,0,2.95
8.4,10.5,0.00,0.00,0,2.95,90,21.35,0,2.95,0,2.95
6.5,10.5,0.00,0.00,0,2.95,90,21.35,0,2.95,0,2.95
2.5,9.5,0.00,0.00,0,2.95,34,2.95,0,2.95,0,2.95
5092.59