2.3,7.3,0.00,0.00,0,2.67,0,2.67,0,2.67,0,2.67
0.2,7.3,0.00,0.00,0,2.67,0,2.67,0,2.67,0,2.67
1.2,7.3,0.00,0.00,0,2.67,0,2.67,0,2.67,0,2.67
0.6,7.3,0.00,0.00,0,2.67,0,2.67,0,2.67,0,2.67
0.2,7.3,0.00,0.00,0,2.67,0,2.67,0,2.67,0,2.67
0.4,7.3,0.00,0.00,0,2.67,0,2.67,0,2.67,0,2.67
2.5,7.4,0.00,0.00,0,2.67,0,2.67,0,2.67,0,2.67
2.3,7.6,0.00,0.00,0,2.67,0,2.67,0,2.67,0,2.67
6.3,8.3,0.00,0.00,0,2.67,0,2.67,0,2.67,0,2.67
7.5,8.7,0.00,0.00,0,2.67,0,2.67,0,2.67,0,2.67
6.4,9.0,0.00,0.00,0,2.67,0,2.67,0,2.67,0,2.67
8.1,11.4,0.00,0.00,0,2.67,0,4.32,0,5.71,0,2.67
8.8,15.1,0.00,0.00,3,14.13,4,15.16,11,28.66,0,2.67
8.1,14.9,0.00,0.00,7,28.66,1,28.66,9,28.66,0,2.67
41.4,15.7,0.00,0.00,0,28.66,0,28.66,0,28.66,0,2.67
79.7,16.5,0.00,0.00,0,28.66,0,28.66,0,28.66,0,2.67
69.5,17.9,0.00,0.00,0,28.66,0,28.66,0,28.66,0,7.0
82.5,19.6,0.00,0.00,0,28.66,0,28.66,0,28.66,7,29.39
21.9,20.2,0.00,0.00,0,28.66,0,28.66,0,28.66,0,29.39
8.4,21.1,0.00,0.00,0,28.66,0,28.66,0,28.66,0,29.39
15.9,21.8,0.00,0.00,0,28.66,0,28.66,0,30.68,0,29.39
8.6,24.4,0.00,0.00,0,32.73,2,56.27,57,63.23,0,29.39
11.0,25.4,0.00,0.00,100,63.23,100,63.23,100,63.23,0,29.39
13.3,25.6,0.00,0.00,100,63.23,100,63.23,100,63.23,0,29.39
8.7,25.9,0.00,0.00,100,63.23,100,63.23,100,63.23,0,29.39
20.2,26.1,0.00,0.00,100,63.23,100,63.23,100,63.23,48,63.96
14.2,27.0,0.00,0.00,100,63.23,100,63.23,100,63.23,100,63.96
8.3,27.0,0.00,0.00,100,63.23,100,63.23,100,63.23,100,63.96
9.8,27.0,0.00,0.00,100,63.23,100,63.23,100,63.23,100,63.96
14.0,27.0,0.00,0.00,100,63.23,100,63.23,100,63.23,100,63.96
9.1,27.0,0.00,0.00,100,63.23,100,63.23,100,63.23,100,63.96
16.4,27.0,0.00,0.00,100,63.23,100,63.23,100,63.23,100,63.96
8.5,27.0,0.00,0.00,100,63.23,100,63.23,100,63.23,99,63.96
12.3,27.0,0.00,0.00,100,63.23,100,63.23,100,63.23,100,63.96
11.9,27.0,0.00,0.00,100,63.23,100,63.23,100,63.23,100,63.96
12.3,27.0,0.00,0.00,100,63.23,100,63.23,100,63.23,100,63.96
10.8,27.0,0.00,0.00,100,63.23,100,63.23,100,63.23,100,63.96
14.0,27.0,0.00,0.00,100,63.23,100,63.23,100,63.23,100,63.96
9.8,27.0,0.00,0.00,100,63.23,100,63.23,100,63.23,100,63.96
12.1,27.0,0.00,0.00,100,63.23,100,63.23,100,63.23,100,63.96
9.2,27.0,0.00,0.00,100,63.23,100,63.23,100,63.23,100,63.96
11.0,27.0,0.00,0.00,100,63.23,100,63.23,100,63.23,100,63.96
12.7,27.0,0.00,0.00,100,63.23,100,63.23,100,63.23,100,63.96
9.4,27.0,0.00,0.00,100,63.23,100,63.23,100,63.23,100,63.96
10.0,27.0,0.00,0.00,100,63.23,100,63.23,100,63.23,100,63.96
11.2,27.0,0.00,0.00,100,63.23,100,63.23,100,63.23,100,63.96
10.8,27.0,0.00,0.00,100,63.23,100,63.23,100,63.23,100,63.96
10.4,27.0,0.00,0.00,100,63.23,100,63.23,100,63.23,100,63.96
14.0,27.0,0.00,0.00,100,63.23,100,63.23,100,63.23,100,63.96
8.3,27.0,0.00,0.00,100,63.23,100,63.23,100,63.23,100,63.96
10.4,27.0,0.00,0.00,100,63.23,100,63.23,100,63.23,100,63.96
13.7,27.0,0.00,0.00,100,63.23,100,63.23,100,63.23,100,63.96
10.6,27.0,0.00,0.00,100,63.23,100,63.23,100,63.23,100,63.96
9.5,27.0,0.00,0.00,100,63.23,100,63.23,100,63.23,100,63.96
10.2,27.0,0.00,0.00,100,63.23,100,63.23,100,63.23,100,63.96
13.9,27.0,0.00,0.00,100,63.23,100,63.23,100,63.23,100,63.96
9.1,27.0,0.00,0.00,100,63.23,100,63.23,99,63.23,100,63.96
10.6,27.0,0.00,0.00,99,63.23,100,63.23,100,63.23,100,63.96
13.0,27.0,0.00,0.00,100,63.23,100,63.23,100,63.23,100,63.96
12.4,27.0,0.00,0.00,100,63.23,100,63.23,100,63.23,100,63.96
9.0,27.0,0.00,0.00,100,63.23,100,63.23,100,63.23,100,63.96
9.9,27.0,0.00,0.00,100,63.23,100,63.23,100,63.23,100,63.96
13.6,27.0,0.00,0.00,100,63.23,100,63.23,100,63.23,100,63.96
10.0,27.0,0.00,0.00,100,63.23,100,63.23,100,63.23,100,63.96
8.2,27.0,0.00,0.00,100,63.23,100,63.23,100,63.23,100,63.96
8.5,27.0,0.00,0.00,100,63.23,100,63.23,100,63.23,100,63.96
12.2,27.0,0.00,0.00,100,63.23,100,63.23,100,63.23,100,63.96
11.7,27.0,0.00,0.00,100,63.23,100,63.23,100,63.23,99,63.96
11.0,27.0,0.00,0.00,100,63.23,100,63.23,100,63.23,100,63.96
9.6,27.0,0.00,0.00,100,63.23,100,63.23,100,63.23,100,63.96
13.9,27.0,0.00,0.00,100,63.23,100,63.23,100,63.23,100,63.96
11.1,27.0,0.00,0.00,100,63.23,100,63.23,100,63.23,100,63.96
9.6,27.0,0.00,0.00,100,63.23,100,63.23,100,63.23,100,63.96
9.8,27.0,0.00,0.00,100,63.23,100,63.23,100,63.23,100,63.96
12.8,27.0,0.00,0.00,100,63.23,100,63.23,100,63.23,100,63.96
11.3,27.0,0.00,0.00,100,63.23,100,63.23,100,63.23,100,63.96
9.6,27.0,0.00,0.00,100,63.23,100,63.23,100,63.23,100,63.96
9.4,27.0,0.00,0.00,100,63.23,100,63.23,100,63.23,100,63.96
11.7,27.0,0.00,0.00,100,63.23,100,63.23,100,63.23,100,63.96
9.6,27.0,0.00,0.00,100,63.23,100,63.23,100,63.23,100,63.96
10.2,27.0,0.00,0.00,100,63.23,100,63.23,100,63.23,100,63.96
25.2,27.0,0.00,0.00,100,63.28,81,63.28,83,63.28,100,63.96
8.6,22.5,0.00,0.00,0,63.28,0,63.28,0,63.28,100,63.96
81.3,23.0,0.00,0.00,0,63.28,0,63.28,0,63.28,100,63.96
9.8,23.6,0.00,0.00,0,63.28,0,63.28,0,63.28,100,63.96
48.9,24.2,0.00,0.00,0,63.28,0,63.28,0,63.28,100,63.96
24.4,24.9,0.00,0.00,0,63.28,0,63.28,0,63.28,100,63.96
49.9,25.4,0.00,0.00,0,63.28,0,63.28,0,63.28,100,63.96
88.9,26.0,0.00,0.00,0,63.28,0,63.28,0,63.28,100,63.96
80.4,26.6,0.00,0.00,0,63.28,0,63.28,0,63.28,100,63.96
9.6,27.1,0.00,0.00,0,63.28,38,63.28,100,63.28,100,63.96
10.4,27.1,0.00,0.00,100,63.28,100,63.28,100,63.28,100,63.96
8.5,27.1,0.00,0.00,100,63.28,100,63.28,100,63.28,100,63.96
12.9,27.1,0.00,0.00,100,63.28,100,63.28,100,63.28,100,63.96
11.3,27.1,0.00,0.00,100,63.28,100,63.28,100,63.28,100,63.96
14.9,27.1,0.00,0.00,100,63.28,100,63.28,100,63.28,100,63.96
8.5,27.0,0.00,0.00,100,63.28,100,63.28,100,63.28,100,63.96
11.6,27.0,0.00,0.00,100,63.28,100,63.28,100,63.28,100,63.96
10.2,27.0,0.00,0.00,100,63.28,100,63.28,100,63.28,100,63.96
10.0,27.0,0.00,0.00,100,63.28,100,63.28,100,63.28,100,63.96
12.3,27.0,0.00,0.00,100,63.28,100,63.28,100,63.28,100,63.96
9.4,27.0,0.00,0.00,100,63.28,100,63.28,100,63.28,100,63.96
8.4,27.0,0.00,0.00,100,63.28,100,63.28,100,63.28,100,63.96
12.5,27.0,0.00,0.00,100,63.28,100,63.28,100,63.28,100,63.96
15.1,27.1,0.00,0.00,100,63.28,100,63.28,100,63.28,100,63.96
10.2,27.0,0.00,0.00,100,63.28,100,63.28,100,63.28,100,63.96
8.9,27.0,0.00,0.00,100,63.28,100,63.28,100,63.28,100,63.96
12.7,27.0,0.00,0.00,100,63.28,100,63.28,100,63.28,100,63.96
11.3,27.0,0.00,0.00,100,63.28,100,63.28,100,63.28,100,63.96
10.4,27.0,0.00,0.00,100,63.28,100,63.28,100,63.28,100,63.96
8.9,27.0,0.00,0.00,100,63.28,100,63.28,100,63.28,100,63.96
13.4,27.0,0.00,0.00,100,63.28,100,63.28,100,63.28,100,63.96
10.5,27.0,0.00,0.00,100,63.28,100,63.28,100,63.28,100,63.96
8.7,27.0,0.00,0.00,100,63.28,100,63.28,100,63.28,100,63.96
9.6,27.0,0.00,0.00,100,63.28,100,63.28,100,63.28,100,63.96
15.2,27.0,0.00,0.00,100,63.28,100,63.28,100,63.28,100,63.96
10.4,27.0,0.00,0.00,100,63.28,100,63.28,100,63.28,100,63.96
8.7,27.0,0.00,0.00,100,63.28,100,63.28,100,63.28,100,63.96
10.8,27.1,0.00,0.00,100,63.28,100,63.28,100,63.28,100,63.96
9.4,27.1,0.00,0.00,100,63.28,100,63.28,100,63.28,100,63.96
13.3,27.1,0.00,0.00,100,63.28,100,63.28,100,63.28,100,63.96
14.9,27.1,0.00,0.00,100,63.28,100,63.28,100,63.28,100,63.96
9.8,27.1,0.00,0.00,100,63.28,100,63.28,100,63.28,100,63.96
8.5,27.1,0.00,0.00,100,63.28,100,63.28,100,63.28,100,63.96
10.2,27.0,0.00,0.00,100,63.28,100,63.28,100,63.28,100,63.96
8.7,27.0,0.00,0.00,100,63.28,100,63.28,100,63.28,100,63.96
11.2,27.1,0.00,0.00,100,63.28,100,63.28,100,63.28,100,63.96
13.5,27.1,0.00,0.00,100,63.28,100,63.28,100,63.28,100,63.96
13.3,27.1,0.00,0.00,100,63.28,100,63.28,100,63.28,100,63.96
12.9,27.1,0.00,0.00,100,63.28,100,63.28,100,63.28,100,63.96
8.9,27.1,0.00,0.00,100,63.28,100,63.28,100,63.28,100,63.96
8.7,27.1,0.00,0.00,100,63.28,100,63.28,100,63.28,100,63.96
10.0,27.1,0.00,0.00,100,63.28,100,63.28,100,63.28,100,63.96
8.6,27.1,0.00,0.00,100,63.28,100,63.28,100,63.28,100,63.96
11.4,27.1,0.00,0.00,100,63.28,100,63.28,100,63.28,100,63.96
11.5,27.1,0.00,0.00,100,63.28,100,63.28,100,63.28,100,63.96
13.6,27.1,0.00,0.00,100,63.28,100,63.28,100,63.28,100,63.96
12.1,27.1,0.00,0.00,100,63.28,100,63.28,100,63.28,100,63.96
12.5,27.1,0.00,0.00,100,63.28,100,63.28,100,63.28,100,63.96
8.7,27.1,0.00,0.00,100,63.28,100,63.28,100,63.28,100,63.96
10.2,27.1,0.00,0.00,100,63.28,100,63.28,100,63.28,100,63.96
8.8,27.1,0.00,0.00,100,63.28,100,63.28,100,63.28,100,63.96
8.4,27.1,0.00,0.00,100,63.28,100,63.28,100,63.28,100,63.96
10.0,27.1,0.00,0.00,100,63.28,100,63.28,100,63.28,100,63.96
9.2,27.1,0.00,0.00,100,63.28,100,63.28,100,63.28,100,63.96
12.8,27.1,0.00,0.00,100,63.28,100,63.28,100,63.28,100,63.96
13.8,27.1,0.00,0.00,100,63.28,100,63.28,100,63.28,100,63.96
14.1,27.1,0.00,0.00,100,63.28,100,63.28,100,63.28,100,63.96
12.9,27.1,0.00,0.00,100,63.28,100,63.28,100,63.28,100,63.96
10.2,27.1,0.00,0.00,100,63.28,100,63.28,100,63.28,100,63.96
11.3,27.1,0.00,0.00,100,63.28,100,63.28,100,63.28,100,63.96
8.9,27.1,0.00,0.00,100,63.28,100,63.28,100,63.28,100,63.96
28.3,27.1,0.00,0.00,76,63.28,81,63.28,0,63.28,100,63.96
10.0,22.7,0.00,0.00,0,63.28,0,63.28,0,63.28,100,63.96
8.5,23.1,0.00,0.00,0,63.28,0,63.28,0,63.28,99,63.96
9.6,23.9,0.00,0.00,0,63.28,0,63.28,0,63.28,99,63.96
9.1,24.3,0.00,0.00,0,63.28,0,63.28,0,63.28,100,63.96
9.0,25.1,0.00,0.00,0,63.28,0,63.28,0,63.28,100,63.96
10.2,25.5,0.00,0.00,0,63.28,0,63.28,0,63.28,100,63.96
8.7,26.4,0.00,0.00,0,63.28,0,63.28,0,63.28,100,63.96
8.7,26.8,0.00,0.00,0,63.28,0,63.28,0,63.28,100,63.96
11.9,27.1,0.00,0.00,85,63.28,100,63.28,100,63.28,100,63.96
8.2,27.1,0.00,0.00,100,63.28,100,63.28,100,63.28,100,63.96
16.0,27.1,0.00,0.00,100,63.28,100,63.28,100,63.28,100,63.96
8.7,27.1,0.00,0.00,100,63.28,100,63.28,100,63.28,100,63.96
8.9,27.1,0.00,0.00,100,63.28,100,63.28,100,63.28,100,63.96
13.9,27.1,0.00,0.00,100,63.28,100,63.28,100,63.28,100,63.96
10.7,27.1,0.00,0.00,100,63.28,100,63.28,100,63.28,100,63.96
10.8,27.1,0.00,0.00,100,63.28,100,63.28,100,63.28,100,63.96
9.4,27.1,0.00,0.00,100,63.28,100,63.28,100,63.28,100,63.96
12.3,27.1,0.00,0.00,100,63.28,100,63.28,100,63.28,100,63.96
9.8,27.1,0.00,0.00,100,63.28,100,63.28,100,63.28,100,63.96
8.9,27.1,0.00,0.00,100,63.28,100,63.28,100,63.28,100,63.96
11.6,27.1,0.00,0.00,100,63.28,100,63.28,100,63.28,100,63.96
9.0,27.1,0.00,0.00,100,63.28,100,63.28,100,63.28,100,63.96
9.9,27.1,0.00,0.00,100,63.28,100,63.28,100,63.28,100,63.96
9.4,27.1,0.00,0.00,100,63.28,100,63.28,100,63.28,100,63.96
9.8,27.1,0.00,0.00,100,63.28,100,63.28,100,63.28,100,63.96
12.3,27.1,0.00,0.00,100,63.28,100,63.28,100,63.28,100,63.96
11.9,27.1,0.00,0.00,100,63.28,100,63.28,100,63.28,100,63.96
13.2,27.1,0.00,0.00,100,63.28,100,63.28,100,63.28,100,63.96
13.0,27.1,0.00,0.00,100,63.28,100,63.28,100,63.28,100,63.96
13.0,27.1,0.00,0.00,100,63.28,100,63.28,100,63.28,100,63.96
13.2,27.1,0.00,0.00,100,63.28,100,63.28,100,63.28,100,63.96
14.7,27.1,0.00,0.00,100,63.28,100,63.28,100,63.28,100,63.96
13.8,27.1,0.00,0.00,100,63.28,100,63.28,100,63.28,100,63.96
13.2,27.1,0.00,0.00,100,63.28,100,63.28,100,63.28,100,63.96
14.2,27.1,0.00,0.00,100,63.28,100,63.28,100,63.28,100,64.03
19.3,27.1,0.00,0.00,100,63.28,100,63.28,100,63.28,0,64.03
11.5,25.6,0.00,0.00,100,63.28,100,63.28,100,63.28,0,64.03
10.4,25.8,0.00,0.00,100,63.28,100,63.28,100,63.28,0,64.03
9.6,26.1,0.00,0.00,100,63.28,100,63.28,100,63.28,0,64.03
9.8,26.2,0.00,0.00,100,63.28,100,63.28,100,63.28,0,64.03
9.6,26.5,0.00,0.00,100,63.28,100,63.28,100,63.28,0,64.03
8.7,26.7,0.00,0.00,100,63.28,100,63.28,100,63.28,0,64.03
43.2,26.9,0.00,0.00,100,63.28,100,63.28,100,63.28,3,64.03
10.4,27.1,0.00,0.00,100,63.28,100,63.28,100,63.28,100,64.03
8.5,27.1,0.00,0.00,100,63.28,100,63.28,100,63.28,100,64.03
11.7,27.1,0.00,0.00,100,63.28,100,63.28,100,63.28,100,64.03
10.4,27.1,0.00,0.00,100,63.28,100,63.28,100,63.28,100,64.03
10.2,27.1,0.00,0.00,100,63.28,100,63.28,100,63.28,100,64.03
10.4,27.1,0.00,0.00,100,63.28,100,63.28,100,63.28,100,64.03
13.2,27.1,0.00,0.00,100,63.28,100,63.28,100,63.28,100,64.03
15.6,27.1,0.00,0.00,100,63.28,100,63.28,100,63.28,100,64.03
12.1,27.1,0.00,0.00,100,63.28,100,63.28,100,63.28,100,64.03
9.6,27.1,0.00,0.00,100,63.28,100,63.28,100,63.28,100,64.03
9.6,27.1,0.00,0.00,100,63.28,100,63.28,100,63.28,100,64.03
8.5,27.1,0.00,0.00,100,63.28,100,63.28,100,63.28,100,64.03
8.4,27.1,0.00,0.00,100,63.28,100,63.28,100,63.28,100,64.03
11.0,27.1,0.00,0.00,100,63.28,100,63.28,100,63.28,100,64.03
10.6,27.1,0.00,0.00,100,63.28,100,63.28,100,63.28,100,64.03
10.0,27.1,0.00,0.00,100,63.28,100,63.28,100,63.28,100,64.03
11.5,27.1,0.00,0.00,100,63.28,100,63.28,100,63.28,100,64.03
13.2,27.1,0.00,0.00,100,63.28,100,63.28,100,63.28,100,64.03
14.0,27.1,0.00,0.00,100,63.28,100,63.28,100,63.28,100,64.03
10.8,27.1,0.00,0.00,100,63.28,100,63.28,100,63.28,100,64.03
9.0,27.1,0.00,0.00,100,63.28,100,63.28,100,63.28,100,64.03
10.6,27.1,0.00,0.00,100,63.28,100,63.28,100,63.28,100,64.03
8.8,27.1,0.00,0.00,100,63.28,100,63.28,100,63.28,100,64.03
9.0,27.1,0.00,0.00,100,63.28,100,63.28,100,63.28,100,64.03
9.8,27.1,0.00,0.00,100,63.28,100,63.28,100,63.28,100,64.03
9.5,27.1,0.00,0.00,100,63.28,100,63.28,100,63.28,100,64.03
11.9,27.1,0.00,0.00,100,63.28,100,63.28,100,63.28,100,64.03
10.8,27.1,0.00,0.00,100,63.28,100,63.28,100,63.28,100,64.03
8.5,27.1,0.00,0.00,100,63.28,100,63.28,100,63.28,100,64.03
10.8,27.1,0.00,0.00,100,63.28,100,63.28,69,63.28,100,64.03
79.3,22.4,0.00,0.00,0,63.28,0,63.28,0,63.28,100,64.03
96.5,23.0,0.00,0.00,0,63.28,0,63.28,0,63.28,100,64.03
96.0,23.6,0.00,0.00,0,63.28,0,63.28,0,63.28,100,64.03
95.4,24.2,0.00,0.00,0,63.28,0,63.28,0,63.28,100,64.03
11.3,24.9,0.00,0.00,0,63.28,0,63.28,0,63.28,99,64.03
10.6,25.4,0.00,0.00,0,63.28,0,63.28,0,63.28,100,64.03
27.2,25.8,0.00,0.00,0,63.28,0,63.28,0,63.28,100,64.03
11.9,26.5,0.00,0.00,0,63.28,0,63.28,0,63.28,100,64.03
12.8,26.8,0.00,0.00,0,63.28,0,63.28,0,63.28,100,64.03
18.4,27.2,0.00,0.00,0,63.28,29,63.28,84,63.28,100,64.03
10.4,27.2,0.00,0.00,100,63.28,100,63.28,100,63.28,100,64.03
9.8,27.2,0.00,0.00,100,63.28,100,63.28,100,63.28,100,64.03
15.0,27.2,0.00,0.00,100,63.28,100,63.28,100,63.28,100,64.03
15.1,27.2,0.00,0.00,100,63.28,100,63.28,100,63.28,100,64.03
13.6,27.2,0.00,0.00,100,63.28,100,63.28,100,63.28,100,64.03
14.8,27.2,0.00,0.00,100,63.28,100,63.28,100,63.28,100,64.03
9.8,27.1,0.00,0.00,100,63.28,100,63.28,100,63.28,100,64.03
12.2,27.1,0.00,0.00,100,63.28,100,63.28,100,63.28,100,64.03
9.6,27.1,0.00,0.00,100,63.28,100,63.28,100,63.28,100,64.03
13.7,27.2,0.00,0.00,100,63.28,100,63.28,100,63.28,100,64.03
13.8,27.1,0.00,0.00,100,63.28,100,63.28,100,63.28,100,64.03
14.8,27.1,0.00,0.00,100,63.28,100,63.28,100,63.28,100,64.03
13.2,27.1,0.00,0.00,100,63.28,100,63.28,100,63.28,100,64.03
15.8,27.1,0.00,0.00,100,63.28,100,63.28,100,63.28,100,64.03
12.5,27.1,0.00,0.00,100,63.28,100,63.28,100,63.28,100,64.03
13.2,27.1,0.00,0.00,100,63.28,100,63.28,100,63.28,100,64.03
14.2,27.1,0.00,0.00,100,63.28,100,63.28,100,63.28,100,64.03
13.7,27.1,0.00,0.00,100,63.28,100,63.28,100,63.28,100,64.03
11.1,27.1,0.00,0.00,100,63.28,100,63.28,100,63.28,100,64.03
10.2,27.1,0.00,0.00,100,63.28,100,63.28,100,63.28,100,64.03
9.5,27.1,0.00,0.00,100,63.28,100,63.28,100,63.28,100,64.03
15.0,27.1,0.00,0.00,100,63.28,100,63.28,100,63.28,100,64.03
16.0,27.1,0.00,0.00,100,63.28,100,63.28,100,63.28,100,64.03
15.4,27.1,0.00,0.00,100,63.28,100,63.28,100,63.28,100,64.03
12.7,27.1,0.00,0.00,100,63.28,100,63.28,100,63.28,100,64.03
9.9,27.1,0.00,0.00,100,63.28,100,63.28,100,63.28,100,64.03
9.1,27.1,0.00,0.00,100,63.28,100,63.28,100,63.28,100,64.03
13.6,27.1,0.00,0.00,100,63.28,100,63.28,100,63.28,100,64.03
14.7,27.1,0.00,0.00,100,63.28,100,63.28,100,63.28,100,64.03
13.7,27.1,0.00,0.00,100,63.28,100,63.28,100,63.28,100,64.03
11.0,27.1,0.00,0.00,100,63.28,100,63.28,100,63.28,100,64.03
8.7,27.1,0.00,0.00,100,63.28,100,63.28,100,63.28,100,64.03
9.0,27.1,0.00,0.00,100,63.28,100,63.28,100,63.28,100,64.03
13.7,27.1,0.00,0.00,100,63.28,100,63.28,100,63.28,100,64.03
16.5,27.1,0.00,0.00,100,63.28,100,63.28,100,63.28,100,64.03
12.9,27.1,0.00,0.00,100,63.28,100,63.28,100,63.28,100,64.03
9.6,27.1,0.00,0.00,100,63.28,100,63.28,100,63.28,100,64.03
10.5,27.1,0.00,0.00,100,63.28,100,63.28,100,63.28,100,64.03
12.9,27.1,0.00,0.00,100,63.28,100,63.28,100,63.28,100,64.03
15.1,27.1,0.00,0.00,100,63.28,100,63.28,100,63.28,100,64.03
14.0,27.1,0.00,0.00,100,63.28,100,63.28,100,63.28,100,64.03
13.4,27.1,0.00,0.00,100,63.28,100,63.28,100,63.28,100,64.03
15.2,27.1,0.00,0.00,100,63.28,100,63.28,100,63.28,100,64.03
9.8,27.1,0.00,0.00,100,63.28,100,63.28,100,63.28,100,64.03
8.4,27.1,0.00,0.00,100,63.28,100,63.28,100,63.28,100,64.03
13.2,27.1,0.00,0.00,100,63.28,100,63.28,100,63.28,100,64.03
15.8,27.1,0.00,0.00,100,63.28,100,63.28,100,63.28,100,64.03
14.6,27.1,0.00,0.00,100,63.28,100,63.28,100,63.28,100,64.03
11.2,27.1,0.00,0.00,100,63.28,100,63.28,100,63.28,100,64.03
11.3,27.1,0.00,0.00,100,63.28,100,63.28,100,63.28,100,64.03
9.6,27.1,0.00,0.00,100,63.28,100,63.28,100,63.28,100,64.03
13.5,27.1,0.00,0.00,100,63.28,100,63.28,100,63.28,100,64.03
13.3,27.1,0.00,0.00,100,63.28,100,63.28,100,63.28,100,64.03
13.7,27.1,0.00,0.00,100,63.28,100,63.28,100,63.28,100,64.03
8.9,27.1,0.00,0.00,100,63.28,100,63.28,100,63.28,100,64.03
9.4,27.1,0.00,0.00,100,63.28,100,63.28,100,63.28,100,64.03
11.9,27.1,0.00,0.00,100,63.28,100,63.28,100,63.28,100,64.03
9.2,27.1,0.00,0.00,100,63.28,100,63.28,100,63.28,100,64.03
9.5,27.1,0.00,0.00,100,63.28,100,63.28,100,63.28,100,64.03
10.0,27.1,0.00,0.00,100,63.28,100,63.28,100,63.28,100,64.03
12.6,27.1,0.00,0.00,100,63.28,100,63.28,100,63.28,100,64.03
13.4,27.1,0.00,0.00,100,63.28,100,63.28,100,63.28,100,64.03
9.2,27.1,0.00,0.00,100,63.28,100,63.28,100,63.28,100,64.03
9.8,27.1,0.00,0.00,100,63.28,100,63.28,100,63.28,100,64.03
8.5,27.1,0.00,0.00,100,63.28,100,63.28,100,63.28,100,64.03
10.8,27.1,0.00,0.00,100,63.28,100,63.28,77,63.28,100,64.03
8.8,22.2,0.00,0.00,7,63.28,0,63.28,0,63.28,100,64.03
10.4,22.9,0.00,0.00,0,63.28,0,63.28,0,63.28,100,64.03
16.9,23.5,0.00,0.00,0,63.28,0,63.28,0,63.28,99,64.03
13.1,24.2,0.00,0.00,0,63.28,0,63.28,0,63.28,100,64.03
16.6,24.8,0.00,0.00,0,63.28,0,63.28,0,63.28,100,64.03
11.1,25.4,0.00,0.00,0,63.28,0,63.28,0,63.28,100,64.03
11.8,25.9,0.00,0.00,0,63.28,0,63.28,0,63.28,100,64.03
9.4,26.6,0.00,0.00,0,63.28,0,63.28,0,63.28,100,64.03
18.5,27.1,0.00,0.00,0,63.28,13,63.28,38,63.28,100,64.03
13.6,27.1,0.00,0.00,100,63.28,100,63.28,100,63.28,100,64.03
9.0,27.1,0.00,0.00,100,63.28,100,63.28,100,63.28,100,64.03
8.5,27.1,0.00,0.00,100,63.28,100,63.28,100,63.28,100,64.03
13.3,27.1,0.00,0.00,100,63.28,100,63.28,100,63.28,100,64.03
13.6,27.1,0.00,0.00,100,63.28,100,63.28,100,63.28,100,64.03
9.7,27.1,0.00,0.00,100,63.28,100,63.28,100,63.28,100,64.03
9.0,27.1,0.00,0.00,100,63.28,100,63.28,100,63.28,100,64.03
11.9,27.1,0.00,0.00,100,63.28,100,63.28,100,63.28,100,64.03
8.5,27.1,0.00,0.00,100,63.28,100,63.28,100,63.28,100,64.03
9.1,27.1,0.00,0.00,100,63.28,100,63.28,100,63.28,100,64.03
8.8,27.1,0.00,0.00,100,63.28,100,63.28,100,63.28,100,64.03
10.6,27.1,0.00,0.00,100,63.28,100,63.28,100,63.28,100,64.03
12.3,27.1,0.00,0.00,100,63.28,100,63.28,100,63.28,100,64.03
14.6,27.1,0.00,0.00,100,63.28,100,63.28,100,63.28,100,64.03
13.4,27.1,0.00,0.00,100,63.28,100,63.28,100,63.28,100,64.03
14.0,27.1,0.00,0.00,100,63.28,100,63.28,100,63.28,100,64.03
12.5,27.1,0.00,0.00,100,63.28,100,63.28,100,63.28,100,64.03
11.5,27.1,0.00,0.00,100,63.28,100,63.28,100,63.28,100,64.03
10.6,27.1,0.00,0.00,100,63.28,100,63.28,100,63.28,100,64.03
15.1,27.1,0.00,0.00,100,63.28,100,63.28,100,63.28,100,64.03
11.9,27.1,0.00,0.00,100,63.28,100,63.28,100,63.28,100,64.03
9.9,27.1,0.00,0.00,100,63.28,100,63.28,100,63.28,100,64.03
8.7,27.1,0.00,0.00,100,63.28,100,63.28,100,63.28,100,64.03
8.5,27.1,0.00,0.00,100,63.28,100,63.28,100,63.28,100,64.03
8.6,27.1,0.00,0.00,100,63.28,100,63.28,100,63.28,100,64.03
8.7,27.1,0.00,0.00,100,63.28,100,63.28,100,63.28,100,64.03
9.2,27.1,0.00,0.00,100,63.28,100,63.28,100,63.28,100,64.03
9.0,27.1,0.00,0.00,100,63.28,100,63.28,100,63.28,100,64.03
9.0,27.1,0.00,0.00,100,63.28,100,63.28,100,63.28,100,64.03
9.8,27.1,0.00,0.00,100,63.28,100,63.28,100,63.28,100,64.03
10.8,27.1,0.00,0.00,100,63.28,100,63.28,100,63.28,100,64.03
12.1,27.1,0.00,0.00,100,63.28,100,63.28,100,63.28,100,64.03
11.5,27.1,0.00,0.00,100,63.28,100,63.28,100,63.28,100,64.03
12.3,27.1,0.00,0.00,100,63.28,100,63.28,100,63.28,100,64.03
14.4,27.1,0.00,0.00,100,63.28,100,63.28,100,63.28,100,64.03
12.0,27.1,0.00,0.00,100,63.28,100,63.28,100,63.28,100,64.03
8.4,27.1,0.00,0.00,100,63.28,100,63.28,100,63.28,100,64.03
10.0,27.1,0.00,0.00,100,63.28,100,63.28,100,63.28,100,64.03
11.2,27.1,0.00,0.00,100,63.28,100,63.28,100,63.28,100,64.03
8.9,27.1,0.00,0.00,100,63.28,100,63.28,100,63.28,100,64.03
9.2,27.1,0.00,0.00,100,63.28,100,63.28,100,63.28,100,64.03
10.9,27.1,0.00,0.00,100,63.28,100,63.28,100,63.28,100,64.03
9.3,27.1,0.00,0.00,100,63.28,100,63.28,100,63.28,100,64.03
9.6,27.1,0.00,0.00,100,63.28,100,63.28,100,63.28,100,64.03
13.3,27.1,0.00,0.00,100,63.28,100,63.28,100,63.28,100,64.03
9.0,27.1,0.00,0.00,100,63.28,100,63.28,100,63.28,100,64.03
8.9,27.1,0.00,0.00,100,63.28,100,63.28,100,63.28,100,64.03
14.0,27.1,0.00,0.00,100,63.28,100,63.28,100,63.28,100,64.03
10.2,27.1,0.00,0.00,100,63.28,100,63.28,100,63.28,100,64.03
10.6,27.1,0.00,0.00,100,63.28,100,63.28,100,63.28,100,64.03
15.2,27.1,0.00,0.00,100,63.28,100,63.28,100,63.28,100,64.03
10.2,27.1,0.00,0.00,100,63.28,100,63.28,100,63.28,100,64.03
9.3,27.1,0.00,0.00,100,63.28,100,63.28,100,63.28,100,64.03
12.9,27.1,0.00,0.00,100,63.28,100,63.28,100,63.28,100,64.03
8.7,27.1,0.00,0.00,100,63.28,100,63.28,100,63.28,100,64.03
8.6,27.1,0.00,0.00,100,63.28,100,63.28,100,63.28,100,64.03
14.0,27.1,0.00,0.00,100,63.28,100,63.28,100,63.28,100,64.03
9.1,27.1,0.00,0.00,100,63.28,100,63.28,100,63.28,100,64.03
8.4,27.1,0.00,0.00,100,63.28,100,63.28,100,63.28,100,64.03
11.7,27.1,0.00,0.00,100,63.28,100,63.28,100,63.28,100,64.03
10.6,27.1,0.00,0.00,100,63.28,100,63.28,100,63.28,100,64.03
8.9,27.1,0.00,0.00,100,63.28,100,63.28,100,63.28,100,64.03
13.1,27.1,0.00,0.00,100,63.28,100,63.28,100,63.28,100,64.03
9.6,27.1,0.00,0.00,100,63.28,100,63.28,100,63.28,100,64.03
9.5,27.1,0.00,0.00,100,63.28,100,63.28,100,63.28,100,64.03
10.8,27.1,0.00,0.00,100,63.28,100,63.28,100,63.28,100,64.03
9.2,27.1,0.00,0.00,100,63.28,100,63.28,100,63.28,100,64.03
15.4,23.4,0.00,0.00,15,63.28,16,63.23,0,2.67,100,64.03
3.5,12.4,0.00,0.00,0,2.67,12,2.67,0,2.67,100,64.03
2.7,12.4,0.00,0.00,0,2.67,0,2.67,0,2.67,100,64.03
4.2,12.4,0.00,0.00,0,2.67,0,2.67,0,2.67,100,64.03
2.5,12.4,0.00,0.00,0,2.67,0,2.67,0,2.67,100,64.03
6.2,12.4,0.00,0.00,0,2.67,0,2.67,0,2.67,100,64.03
6.9,13.0,0.00,0.00,0,2.67,0,2.67,0,2.67,100,64.03
16.0,13.6,0.00,0.00,0,2.67,0,2.67,0,2.67,98,64.03
14.6,14.8,0.00,0.00,0,2.67,0,2.67,0,2.67,100,64.03
13.8,15.6,0.00,0.00,0,2.91,0,6.62,7,9.02,100,64.03
14.8,23.3,0.00,0.00,7,16.71,8,17.1,12,16.95,100,64.03
9.1,26.7,0.00,0.00,1,16.95,5,17.1,0,16.95,100,64.03
9.1,27.2,0.00,0.00,0,16.95,0,17.1,0,16.95,100,64.03
10.7,28.0,0.00,0.00,0,16.95,0,17.1,0,16.95,100,64.03
10.1,28.5,0.00,0.00,0,16.95,0,17.1,0,16.95,59,63.25
8.8,27.4,0.00,0.00,0,16.95,0,17.1,0,16.95,11,2.67
6.5,24.6,0.00,0.00,0,16.95,0,17.1,0,16.95,0,2.67
6.9,25.4,0.00,0.00,0,16.95,0,17.1,0,16.95,0,2.67
6.4,25.8,0.00,0.00,0,16.95,0,18.27,14,19.37,0,2.67
18.0,29.4,0.00,0.00,1,30.33,26,30.48,72,30.33,0,2.67
15.8,29.9,0.00,0.00,84,30.33,65,30.48,79,30.33,0,2.67
17.2,30.7,0.00,0.00,76,30.33,64,30.48,76,30.33,0,2.67
16.3,31.1,0.00,0.00,78,30.33,70,30.48,65,30.33,0,2.67
15.6,31.9,0.00,0.00,71,30.33,74,30.48,62,30.33,0,2.67
49.1,32.3,0.00,0.00,84,30.33,66,30.48,78,30.33,0,2.67
69.8,33.1,0.00,0.00,78,30.33,64,30.48,76,30.33,0,2.67
86.1,33.5,0.00,0.00,82,30.33,65,30.48,76,30.33,0,2.67
10.6,34.4,0.00,0.00,79,30.33,84,30.48,75,30.33,0,2.67
8.7,34.4,0.00,0.00,81,30.33,81,30.48,76,30.33,0,2.67
12.1,34.4,0.00,0.00,82,30.33,80,30.48,80,30.33,0,2.67
12.7,34.3,0.00,0.00,80,30.33,78,30.48,79,30.33,0,2.67
9.6,34.3,0.00,0.00,82,30.33,84,30.48,73,30.33,0,2.67
9.0,34.3,0.00,0.00,85,30.33,83,30.48,75,30.33,0,2.67
9.0,34.3,0.00,0.00,80,30.33,83,30.48,78,30.33,0,2.67
10.8,34.3,0.00,0.00,84,30.33,79,30.48,78,30.33,0,2.67
11.7,34.4,0.00,0.00,74,30.33,86,30.48,81,30.33,0,2.67
9.2,34.3,0.00,0.00,72,30.33,72,30.48,88,30.33,0,2.67
10.0,34.3,0.00,0.00,82,30.33,80,30.48,81,30.33,0,2.67
10.9,34.3,0.00,0.00,82,30.33,80,30.48,76,30.33,0,2.67
9.6,34.3,0.00,0.00,84,30.33,84,30.48,76,30.33,0,2.67
9.4,34.3,0.00,0.00,80,30.33,86,30.48,76,30.33,0,2.67
11.9,34.3,0.00,0.00,76,30.33,83,30.48,76,30.33,0,2.67
9.2,34.3,0.00,0.00,78,30.33,81,30.48,81,30.33,0,2.67
11.1,34.3,0.00,0.00,80,30.33,83,30.48,80,30.33,0,2.67
11.5,34.3,0.00,0.00,78,30.33,75,30.48,85,30.33,0,2.67
6.7,34.3,0.00,0.00,88,30.43,82,30.57,11,31.67,0,2.67
27.8,32.0,0.00,0.00,1,43.81,17,43.95,15,43.81,0,2.67
49.5,32.6,0.00,0.00,85,43.81,70,43.95,69,43.81,0,2.67
95.4,33.2,0.00,0.00,81,43.81,61,43.95,69,43.81,0,2.67
86.7,33.8,0.00,0.00,83,43.81,77,43.95,72,43.81,0,2.67
81.6,34.5,0.00,0.00,80,43.81,62,43.95,65,43.81,0,2.67
97.1,35.0,0.00,0.00,81,43.81,73,43.95,77,43.81,0,2.67
95.2,35.7,0.00,0.00,83,43.81,59,43.95,68,43.81,0,2.67
98.1,36.2,0.00,0.00,83,43.81,69,43.95,66,43.81,0,2.67
8.5,36.7,0.00,0.00,73,43.81,75,43.95,84,43.81,0,2.67
11.6,36.7,0.00,0.00,75,43.81,67,43.95,85,43.81,0,2.67
11.1,36.7,0.00,0.00,90,43.81,80,43.95,78,43.81,0,2.67
11.9,36.7,0.00,0.00,89,43.81,81,43.95,80,43.81,0,2.67
10.4,36.7,0.00,0.00,88,43.81,84,43.95,76,43.81,0,2.67
9.0,36.7,0.00,0.00,87,43.81,86,43.95,75,43.81,0,2.67
11.7,36.7,0.00,0.00,73,43.81,83,43.95,82,43.81,0,2.67
9.2,36.7,0.00,0.00,76,43.81,84,43.95,79,43.81,0,2.67
8.8,36.7,0.00,0.00,82,43.81,61,43.95,84,43.81,0,2.67
12.1,36.7,0.00,0.00,88,43.81,63,43.95,85,43.81,0,2.67
9.0,36.7,0.00,0.00,86,43.81,79,43.95,79,43.81,0,2.67
9.2,36.7,0.00,0.00,83,43.81,79,43.95,82,43.81,0,2.67
11.9,36.7,0.00,0.00,85,43.81,77,43.95,78,43.81,0,2.67
8.6,36.7,0.00,0.00,81,43.81,85,43.95,76,43.81,0,2.67
12.3,36.7,0.00,0.00,82,43.81,78,43.95,77,43.81,0,2.67
10.0,36.7,0.00,0.00,82,43.81,81,43.95,62,43.81,0,2.67
10.7,36.7,0.00,0.00,87,43.81,86,43.95,60,43.81,0,2.67
8.1,36.7,0.00,0.00,87,43.81,87,43.95,59,43.81,0,2.67
11.9,36.7,0.00,0.00,85,43.81,83,43.95,78,43.81,0,2.67
6.7,36.7,0.00,0.00,76,43.81,89,43.95,90,43.9,0,2.67
9.9,31.7,0.00,0.00,64,43.9,39,44.05,71,43.9,0,2.67
15.3,32.5,0.00,0.00,67,43.9,82,44.05,80,43.9,0,2.67
24.7,32.9,0.00,0.00,65,43.9,72,44.05,79,43.9,0,2.67
14.0,33.7,0.00,0.00,69,43.9,79,44.05,77,43.9,0,2.67
30.6,34.2,0.00,0.00,76,43.9,82,44.05,72,43.9,0,2.67
15.4,34.9,0.00,0.00,74,43.9,84,44.05,69,43.9,0,2.67
25.4,35.3,0.00,0.00,74,43.9,79,44.05,61,43.9,0,2.67
15.7,36.1,0.00,0.00,66,43.9,68,44.05,75,43.9,0,2.67
25.8,36.6,0.00,0.00,72,43.9,75,44.05,78,43.9,0,2.67
11.5,36.8,0.00,0.00,88,43.9,71,44.05,80,43.9,0,2.67
12.1,36.8,0.00,0.00,87,43.9,68,44.05,85,43.9,0,2.67
7.7,36.8,0.00,0.00,83,43.9,67,44.05,83,43.9,0,2.67
11.2,36.8,0.00,0.00,86,43.9,69,44.05,91,43.9,0,2.67
8.1,36.8,0.00,0.00,89,43.9,69,44.05,90,43.9,0,2.67
12.8,36.8,0.00,0.00,89,43.9,71,44.05,87,43.9,0,2.67
10.7,36.8,0.00,0.00,81,43.9,76,44.05,82,43.9,0,2.67
11.4,36.8,0.00,0.00,85,43.9,64,44.05,88,43.9,0,2.67
10.4,36.8,0.00,0.00,89,43.9,73,44.05,82,43.9,0,2.67
9.1,36.8,0.00,0.00,86,43.9,85,44.05,74,43.9,0,2.67
8.8,36.8,0.00,0.00,82,43.9,83,44.05,74,43.9,0,2.67
11.7,36.8,0.00,0.00,80,43.9,86,44.05,76,43.9,0,2.67
8.8,36.8,0.00,0.00,75,43.9,87,44.05,71,43.9,0,2.67
12.1,36.8,0.00,0.00,79,43.9,84,44.05,79,43.9,0,2.67
8.5,36.8,0.00,0.00,76,43.9,85,44.05,83,43.9,0,2.67
12.5,36.8,0.00,0.00,72,43.9,83,44.05,82,43.9,0,2.67
9.4,36.8,0.00,0.00,75,43.9,83,44.05,78,43.9,0,2.67
9.2,36.8,0.00,0.00,80,43.9,73,44.05,85,43.9,0,2.67
26.1,36.8,0.00,0.00,87,43.9,65,44.05,15,43.9,0,2.67
21.4,32.3,0.00,0.00,72,43.9,67,44.05,78,43.9,0,2.67
18.5,32.8,0.00,0.00,83,43.9,72,44.05,80,43.9,0,2.67
17.9,33.5,0.00,0.00,83,43.9,65,44.05,52,43.9,0,2.67
14.9,34.0,0.00,0.00,80,43.9,70,44.05,73,43.9,0,2.67
78.9,34.7,0.00,0.00,75,43.9,74,44.05,76,43.9,0,2.67
14.3,35.2,0.00,0.00,79,43.9,72,44.05,78,43.9,0,2.67
37.2,35.9,0.00,0.00,69,43.9,67,44.05,64,43.9,0,2.67
83.8,36.4,0.00,0.00,79,43.9,73,44.05,64,43.9,0,2.67
9.1,36.8,0.00,0.00,89,43.9,90,44.05,63,43.9,0,2.67
12.5,36.8,0.00,0.00,84,43.9,86,44.05,75,43.9,0,2.67
8.8,36.8,0.00,0.00,83,43.9,78,44.05,83,43.9,0,2.67
10.2,36.8,0.00,0.00,79,43.9,74,44.05,78,43.9,0,2.67
9.0,36.8,0.00,0.00,80,43.9,79,44.05,81,43.9,0,2.67
11.9,36.8,0.00,0.00,79,43.9,85,44.05,80,43.9,0,2.67
9.2,36.8,0.00,0.00,82,43.9,86,44.05,77,43.9,0,2.67
9.6,36.8,0.00,0.00,83,43.9,86,44.05,77,43.9,0,2.67
11.4,36.8,0.00,0.00,84,43.9,84,44.05,78,43.9,0,2.67
10.7,36.8,0.00,0.00,79,43.9,87,44.05,81,43.9,0,2.67
10.6,36.8,0.00,0.00,82,43.9,86,44.05,73,43.9,0,2.67
12.1,36.8,0.00,0.00,83,43.9,83,44.05,83,43.9,0,2.67
11.7,36.8,0.00,0.00,84,43.9,79,44.05,74,43.9,0,2.67
8.5,36.8,0.00,0.00,80,43.9,81,44.05,62,43.9,0,2.67
9.9,36.8,0.00,0.00,83,43.9,79,44.05,76,43.9,0,2.67
11.0,36.8,0.00,0.00,84,43.9,63,44.05,85,43.9,0,2.67
9.2,36.8,0.00,0.00,85,43.9,67,44.05,82,43.9,0,2.67
12.7,36.8,0.00,0.00,82,43.9,87,44.05,79,43.9,0,2.67
6.6,36.8,0.00,0.00,77,43.9,85,44.05,84,43.9,0,2.67
16.2,31.9,0.00,0.00,48,43.9,16,44.05,34,43.9,0,2.67
15.8,32.5,0.00,0.00,67,43.9,82,44.05,68,43.9,0,2.67
15.8,33.1,0.00,0.00,80,43.9,86,44.05,56,43.9,0,2.67
17.8,33.7,0.00,0.00,73,43.9,86,44.05,70,43.9,0,2.67
16.8,34.3,0.00,0.00,85,43.9,65,44.05,83,43.9,0,2.67
17.0,34.9,0.00,0.00,84,43.9,62,44.05,83,43.9,0,2.67
15.2,35.5,0.00,0.00,67,43.9,84,44.05,68,43.9,0,2.67
15.2,36.2,0.00,0.00,69,43.9,75,44.05,72,43.9,0,2.67
23.9,36.8,0.00,0.00,71,43.9,78,44.05,72,43.9,0,2.67
8.6,36.8,0.00,0.00,84,43.9,78,44.05,78,43.9,0,2.67
10.1,36.8,0.00,0.00,86,43.9,78,44.05,77,43.9,0,2.67
10.5,36.8,0.00,0.00,84,43.9,85,44.05,78,43.9,0,2.67
8.8,36.8,0.00,0.00,70,43.9,76,44.05,82,43.9,0,2.67
12.5,36.8,0.00,0.00,76,43.9,86,44.05,75,43.9,0,2.67
12.1,36.8,0.00,0.00,78,43.9,78,44.05,82,43.9,0,2.67
10.0,36.8,0.00,0.00,88,43.9,61,44.05,85,43.9,0,2.67
8.7,36.8,0.00,0.00,88,43.9,62,44.05,81,43.9,0,2.67
9.6,36.8,0.00,0.00,86,43.9,62,44.05,82,43.9,0,2.67
9.4,36.8,0.00,0.00,90,43.9,64,44.05,83,43.9,0,2.67
12.1,36.8,0.00,0.00,83,43.9,82,44.05,81,43.9,0,2.67
9.0,36.8,0.00,0.00,74,43.9,83,44.05,83,43.9,0,2.67
12.3,36.8,0.00,0.00,81,43.9,80,44.05,79,43.9,0,2.67
11.9,36.8,0.00,0.00,80,43.9,86,44.05,76,43.9,0,2.67
9.8,36.7,0.00,0.00,79,43.9,83,44.05,79,43.9,0,2.67
11.5,36.8,0.00,0.00,81,43.9,83,44.05,82,43.9,0,2.67
11.0,36.8,0.00,0.00,74,43.9,84,44.05,78,43.9,0,2.67
9.6,36.8,0.00,0.00,74,43.9,82,44.05,84,43.9,0,2.67
25.1,36.8,0.00,0.00,59,43.9,24,44.05,29,43.9,0,2.67
14.8,32.5,0.00,0.00,65,43.9,75,44.05,79,43.9,0,2.67
18.3,32.9,0.00,0.00,80,43.9,70,44.05,75,43.9,0,2.67
15.5,33.7,0.00,0.00,83,43.9,64,44.05,77,43.9,0,2.67
17.6,34.1,0.00,0.00,66,43.9,76,44.05,78,43.9,0,2.67
18.0,34.9,0.00,0.00,61,43.9,71,44.05,76,43.9,0,2.67
18.4,35.3,0.00,0.00,75,43.9,78,44.05,78,43.9,0,2.67
17.6,36.1,0.00,0.00,64,43.9,71,44.05,82,43.9,0,2.67
15.9,36.5,0.00,0.00,77,43.9,65,44.05,72,43.9,0,2.67
10.0,36.8,0.00,0.00,80,43.9,80,44.05,77,43.9,0,2.67
9.4,36.8,0.00,0.00,82,43.9,84,44.05,77,43.9,0,2.67
10.4,36.8,0.00,0.00,81,43.9,79,44.05,78,43.9,0,2.67
7.5,36.8,0.00,0.00,84,43.9,93,44.05,65,43.9,0,2.67
7.5,36.8,0.00,0.00,86,43.9,87,44.05,78,43.9,0,2.67
11.1,36.8,0.00,0.00,77,43.9,73,44.05,86,43.9,0,2.67
9.0,36.8,0.00,0.00,79,43.9,71,44.05,84,43.9,0,2.67
9.5,36.8,0.00,0.00,87,43.9,73,44.05,82,43.9,0,2.67
8.3,36.8,0.00,0.00,81,43.9,74,44.05,77,43.9,0,2.67
10.6,36.8,0.00,0.00,82,43.9,70,44.05,85,43.9,0,2.67
9.1,36.8,0.00,0.00,86,43.9,64,44.05,68,43.9,0,2.67
11.0,36.8,0.00,0.00,86,43.9,85,44.05,78,43.9,0,2.67
9.6,36.8,0.00,0.00,80,43.9,85,44.05,72,43.9,0,2.67
8.4,36.8,0.00,0.00,81,43.9,80,44.05,71,43.9,0,2.67
9.2,36.8,0.00,0.00,83,43.9,78,44.05,80,43.9,0,2.67
7.7,36.8,0.00,0.00,84,43.9,66,44.05,72,43.9,0,2.67
10.3,36.8,0.00,0.00,83,43.9,79,44.05,77,43.9,0,2.67
8.7,36.8,0.00,0.00,84,43.9,87,44.05,73,43.9,0,2.67
25.2,36.8,0.00,0.00,84,43.9,91,44.05,43,43.9,0,2.67
14.0,32.2,0.00,0.00,53,43.9,67,44.05,75,43.9,0,2.67
14.2,32.7,0.00,0.00,75,43.9,64,44.05,79,43.9,0,2.67
17.9,33.4,0.00,0.00,78,43.9,72,44.05,76,43.9,0,2.67
14.0,33.9,0.00,0.00,66,43.9,71,44.05,77,43.9,0,2.67
17.1,34.6,0.00,0.00,80,43.9,77,44.05,67,43.9,0,2.67
17.5,35.1,0.00,0.00,79,43.9,80,44.05,65,43.9,0,2.67
17.9,35.9,0.00,0.00,87,43.9,58,44.05,75,43.9,0,2.67
17.6,36.3,0.00,0.00,76,43.9,63,44.05,73,43.9,0,2.67
12.3,36.8,0.00,0.00,73,43.9,80,44.05,75,43.9,0,2.67
9.4,36.8,0.00,0.00,83,43.9,83,44.05,73,43.9,0,2.67
12.4,36.8,0.00,0.00,74,43.9,83,44.05,80,43.9,0,2.67
8.6,36.8,0.00,0.00,75,43.9,81,44.05,80,43.9,0,2.67
10.9,36.8,0.00,0.00,81,43.9,81,44.05,79,43.9,0,2.67
10.0,36.8,0.00,0.00,84,43.9,83,44.05,77,43.9,0,2.67
12.7,36.8,0.00,0.00,80,43.9,80,44.05,75,43.9,0,2.67
9.0,36.8,0.00,0.00,85,43.9,80,44.05,75,43.9,0,2.67
12.2,36.8,0.00,0.00,85,43.9,80,44.05,79,43.9,0,2.67
9.2,36.8,0.00,0.00,84,43.9,80,44.05,78,43.9,0,2.67
12.7,36.8,0.00,0.00,80,43.9,80,44.05,81,43.9,0,2.67
8.9,36.8,0.00,0.00,83,43.9,75,44.05,84,43.9,0,2.67
10.4,36.8,0.00,0.00,79,43.9,77,44.05,80,43.9,0,2.67
9.0,36.8,0.00,0.00,82,43.9,79,44.05,82,43.9,0,2.67
9.4,36.8,0.00,0.00,80,43.9,74,44.05,82,43.9,0,2.67
12.1,36.8,0.00,0.00,82,43.9,79,44.05,78,43.9,0,2.67
8.4,36.8,0.00,0.00,81,43.9,81,44.05,77,43.9,0,2.67
6.5,36.8,0.00,0.00,77,43.9,88,44.05,58,43.9,0,2.67
14.9,32.0,0.00,0.00,13,43.9,72,44.05,53,43.9,0,2.67
18.0,32.6,0.00,0.00,82,43.9,67,44.05,60,43.9,0,2.67
14.2,33.2,0.00,0.00,80,43.9,84,44.05,72,43.9,0,2.67
18.5,33.8,0.00,0.00,79,43.9,84,44.05,72,43.9,0,2.67
20.1,34.4,0.00,0.00,68,43.9,85,44.05,64,43.9,0,2.67
18.4,35.1,0.00,0.00,73,43.9,77,44.05,75,43.9,0,2.67
16.2,35.6,0.00,0.00,71,43.9,86,44.05,50,43.9,0,2.67
15.7,36.3,0.00,0.00,80,43.9,80,44.05,72,43.9,0,2.67
33.5,36.8,0.00,0.00,83,43.9,68,44.05,86,43.9,0,2.67
8.7,36.8,0.00,0.00,87,43.9,67,44.05,67,43.9,0,2.67
9.2,36.8,0.00,0.00,84,43.9,81,44.05,79,43.9,0,2.67
10.4,36.8,0.00,0.00,84,43.9,60,44.05,81,43.9,0,2.67
11.3,36.8,0.00,0.00,83,43.9,80,44.05,80,43.9,0,2.67
9.8,36.8,0.00,0.00,82,43.9,80,44.05,74,43.9,0,2.67
12.1,36.8,0.00,0.00,80,43.9,85,44.05,74,43.9,0,2.67
11.6,36.8,0.00,0.00,82,43.9,81,44.05,71,43.9,0,2.67
11.9,36.8,0.00,0.00,80,43.9,83,44.05,78,43.9,0,2.67
10.8,36.8,0.00,0.00,75,43.9,81,44.05,80,43.9,0,2.67
11.3,36.8,0.00,0.00,79,43.9,84,44.05,67,43.9,0,2.67
10.7,36.8,0.00,0.00,85,43.9,90,44.05,61,43.9,0,2.67
8.7,36.8,0.00,0.00,85,43.9,87,44.05,60,43.9,0,2.67
11.5,36.8,0.00,0.00,87,43.9,88,44.05,64,43.9,0,2.67
8.1,36.8,0.00,0.00,81,43.9,71,44.05,85,43.9,0,2.67
9.6,36.8,0.00,0.00,84,43.9,74,44.05,74,43.9,0,2.67
10.0,36.8,0.00,0.00,82,43.9,78,44.05,74,43.9,0,2.67
10.2,36.8,0.00,0.00,86,43.9,71,44.05,75,43.9,0,2.67
8.5,36.8,0.00,0.00,86,43.9,74,44.05,86,43.9,0,2.67
6.5,36.8,0.00,0.00,87,43.9,74,44.05,90,43.9,0,2.67
14.3,31.9,0.00,0.00,49,43.9,41,44.05,45,43.9,0,2.67
16.6,32.6,0.00,0.00,65,43.9,70,44.05,69,43.9,0,2.67
14.4,33.1,0.00,0.00,70,43.9,63,44.05,72,43.9,0,2.67
16.3,33.8,0.00,0.00,79,43.9,68,44.05,67,43.9,0,2.67
16.8,34.3,0.00,0.00,81,43.9,76,44.05,80,43.9,0,2.67
18.3,35.0,0.00,0.00,81,43.9,78,44.05,80,43.9,0,2.67
15.8,35.6,0.00,0.00,69,43.9,82,44.05,66,43.9,0,2.67
18.5,36.2,0.00,0.00,70,43.9,74,44.05,63,43.9,0,2.67
19.2,36.8,0.00,0.00,63,43.9,81,44.05,74,43.9,0,2.67
8.8,36.8,0.00,0.00,82,43.9,82,44.05,75,43.9,0,2.67
10.9,36.8,0.00,0.00,82,43.9,83,44.05,78,43.9,0,2.67
8.8,36.8,0.00,0.00,82,43.9,82,44.05,75,43.9,0,2.67
11.3,36.8,0.00,0.00,80,43.9,82,44.05,72,43.9,0,2.67
11.7,36.8,0.00,0.00,73,43.9,84,44.05,78,43.9,0,2.67
9.8,36.8,0.00,0.00,79,43.9,82,44.05,78,43.9,0,2.67
9.4,36.8,0.00,0.00,82,43.9,84,44.05,75,43.9,0,2.67
11.2,36.8,0.00,0.00,85,43.9,84,44.05,75,43.9,0,2.67
10.6,36.8,0.00,0.00,81,43.9,80,44.05,80,43.9,0,2.67
12.1,36.8,0.00,0.00,84,43.9,80,44.05,79,43.9,0,2.67
10.7,36.8,0.00,0.00,85,43.9,80,44.05,80,43.9,0,2.67
8.7,36.8,0.00,0.00,83,43.9,76,44.05,83,43.9,0,2.67
10.4,36.8,0.00,0.00,83,43.9,78,44.05,76,43.9,0,2.67
10.2,36.8,0.00,0.00,84,43.9,71,44.05,84,43.9,0,2.67
12.3,36.8,0.00,0.00,85,43.9,69,44.05,85,43.9,0,2.67
8.6,36.8,0.00,0.00,79,43.9,77,44.05,80,43.9,0,2.67
11.9,36.8,0.00,0.00,79,43.9,71,44.05,85,43.9,0,2.67
6.9,36.8,0.00,0.00,83,43.9,60,44.05,53,43.9,0,2.67
16.7,32.1,0.00,0.00,15,43.9,21,44.05,69,43.9,0,2.67
41.6,32.7,0.00,0.00,85,43.9,69,44.05,75,43.9,0,2.67
13.8,33.3,0.00,0.00,77,43.9,85,44.05,59,43.9,0,2.67
24.9,33.9,0.00,0.00,74,43.9,83,44.05,56,43.9,0,2.67
38.9,34.5,0.00,0.00,78,43.9,73,44.05,58,43.9,0,2.67
79.1,35.1,0.00,0.00,73,43.9,63,44.05,76,43.9,0,2.67
77.5,35.7,0.00,0.00,75,43.9,82,44.05,63,43.9,0,2.67
18.1,36.3,0.00,0.00,80,43.9,75,44.05,80,43.9,0,2.67
10.1,36.8,0.00,0.00,74,43.9,70,44.05,61,43.9,0,2.67
9.4,36.8,0.00,0.00,76,43.9,84,44.05,80,43.9,0,2.67
9.3,36.8,0.00,0.00,81,43.9,84,44.05,79,43.9,0,2.67
11.0,36.8,0.00,0.00,77,43.9,84,44.05,75,43.9,0,2.67
9.1,36.8,0.00,0.00,81,43.9,79,44.05,74,43.9,0,2.67
10.7,36.8,0.00,0.00,82,43.9,67,44.05,84,43.9,0,2.67
9.1,36.8,0.00,0.00,84,43.9,81,44.05,75,43.9,0,2.67
13.2,36.8,0.00,0.00,79,43.9,90,44.05,64,43.9,0,2.67
12.5,36.8,0.00,0.00,85,43.9,76,44.05,82,43.9,0,2.67
7.9,36.8,0.00,0.00,84,43.9,83,44.05,72,43.9,0,2.67
9.6,36.8,0.00,0.00,80,43.9,82,44.05,72,43.9,0,2.67
12.2,36.8,0.00,0.00,82,43.9,80,44.05,80,43.9,0,2.67
10.5,36.8,0.00,0.00,83,43.9,65,44.05,83,43.9,0,2.67
8.8,36.8,0.00,0.00,86,43.9,79,44.05,81,43.9,0,2.67
11.2,36.8,0.00,0.00,82,43.9,87,44.05,75,43.9,0,2.67
8.8,36.8,0.00,0.00,78,43.9,86,44.05,73,43.9,0,2.67
11.7,36.8,0.00,0.00,81,43.9,77,44.05,81,43.9,0,2.67
11.8,36.8,0.00,0.00,81,43.9,82,44.05,76,43.9,0,2.67
9.8,36.8,0.00,0.00,81,43.9,87,44.05,78,43.9,0,2.67
25.3,36.8,0.00,0.00,85,43.9,16,44.0,13,23.29,0,2.67
8.4,22.0,0.00,0.00,75,23.29,66,23.29,85,23.29,0,2.67
8.1,22.0,0.00,0.00,81,23.29,77,23.29,71,23.29,0,2.67
12.1,22.0,0.00,0.00,83,23.29,86,23.29,79,23.29,0,2.67
9.4,22.0,0.00,0.00,79,23.29,81,23.29,80,23.29,0,2.67
8.4,22.0,0.00,0.00,81,23.29,83,23.29,68,23.29,0,2.67
9.0,22.0,0.00,0.00,80,23.29,80,23.29,82,23.29,0,2.67
12.3,22.0,0.00,0.00,83,23.29,81,23.29,78,23.29,0,2.67
11.6,22.0,0.00,0.00,83,23.29,80,23.29,79,23.29,0,2.67
13.3,22.0,0.00,0.00,73,23.29,82,23.29,72,23.29,0,2.67
9.4,22.0,0.00,0.00,78,23.29,84,23.29,76,23.29,0,2.67
11.7,22.0,0.00,0.00,78,23.29,83,23.29,80,23.29,0,2.67
9.3,22.0,0.00,0.00,78,23.29,84,23.29,74,23.29,0,2.67
10.0,22.0,0.00,0.00,83,23.29,79,23.29,77,23.29,0,2.67
12.3,22.0,0.00,0.00,83,23.29,80,23.29,82,23.29,0,2.67
8.5,22.0,0.00,0.00,78,23.29,80,23.29,78,23.29,0,2.67
11.9,22.0,0.00,0.00,82,23.29,74,23.29,82,23.29,0,2.67
9.1,22.0,0.00,0.00,85,23.29,61,23.29,85,23.29,0,2.67
12.0,22.0,0.00,0.00,77,23.29,81,23.29,80,23.29,0,2.67
9.6,22.0,0.00,0.00,76,23.29,81,23.29,77,23.29,0,2.67
8.8,22.0,0.00,0.00,73,23.29,86,23.29,72,23.29,0,2.67
8.6,22.0,0.00,0.00,74,23.29,78,23.29,75,23.29,0,2.67
9.1,22.0,0.00,0.00,81,23.29,74,23.29,78,23.29,0,2.67
10.0,22.0,0.00,0.00,80,23.29,80,23.29,78,23.29,0,2.67
12.3,22.0,0.00,0.00,76,23.29,83,23.29,79,23.29,0,2.67
10.3,22.0,0.00,0.00,81,23.29,81,23.29,77,23.29,0,2.67
24.5,22.0,0.00,0.00,86,23.29,42,23.29,26,23.29,0,2.67
2.3,7.7,0.00,0.00,0,2.67,0,2.67,4,2.67,0,2.67
0.6,7.3,0.00,0.00,0,2.67,0,2.67,0,2.67,0,2.67
4.2,7.5,0.00,0.00,0,2.67,0,2.67,0,2.67,0,2.67
73.0,7.9,0.00,0.00,0,2.67,0,2.67,0,2.67,0,2.67
8.5,8.7,0.00,0.00,0,2.67,0,2.67,0,2.67,0,2.67
7.9,9.3,0.00,0.00,0,2.67,0,2.67,0,2.67,0,4.76
6.8,10.2,0.00,0.00,0,2.67,0,2.88,1,5.54,3,12.76
8.4,15.1,0.00,0.00,3,9.64,5,10.22,5,11.35,0,12.76
22.5,17.5,0.00,0.00,1,11.35,0,11.35,0,11.35,0,12.76
66.3,18.1,0.00,0.00,0,11.35,0,11.35,0,11.35,0,12.76
85.5,19.1,0.00,0.00,0,11.35,0,11.35,0,11.35,0,12.76
24.3,19.8,0.00,0.00,0,11.35,0,11.35,0,11.35,0,12.76
8.9,20.8,0.00,0.00,0,11.35,0,11.35,0,11.35,0,12.76
8.1,21.4,0.00,0.00,0,11.35,0,11.35,0,11.35,0,12.76
8.3,22.4,0.00,0.00,0,11.35,0,11.35,0,11.35,0,13.5
9.8,23.3,0.00,0.00,0,11.35,0,11.35,0,12.3,16,28.46
9.2,26.8,0.00,0.00,2,15.99,2,15.99,91,15.99,81,28.85
13.7,26.8,0.00,0.00,90,15.99,89,15.99,91,15.99,81,28.85
12.3,26.8,0.00,0.00,92,15.99,90,15.99,89,15.99,83,28.85
11.1,26.8,0.00,0.00,90,15.99,89,15.99,85,15.99,79,28.85
11.9,26.8,0.00,0.00,93,15.99,92,15.99,90,15.99,80,28.85
12.3,26.8,0.00,0.00,90,15.99,90,15.99,89,15.99,84,28.85
13.8,26.8,0.00,0.00,90,15.99,92,15.99,89,15.99,86,28.85
13.6,26.8,0.00,0.00,92,15.99,90,15.99,91,15.99,86,28.85
14.0,26.7,0.00,0.00,93,15.99,87,15.99,87,15.99,82,28.85
12.6,26.8,0.00,0.00,92,15.99,92,15.99,89,15.99,71,28.85
12.5,26.7,0.00,0.00,91,15.99,92,15.99,93,15.99,70,28.85
12.1,26.7,0.00,0.00,92,15.99,88,15.99,86,15.99,78,28.85
12.4,26.7,0.00,0.00,93,15.99,92,15.99,88,15.99,76,28.85
12.3,26.8,0.00,0.00,93,15.99,90,15.99,93,15.99,74,28.85
11.9,26.8,0.00,0.00,92,15.99,89,15.99,90,15.99,79,28.85
11.7,26.7,0.00,0.00,88,15.99,88,15.99,89,15.99,85,28.85
11.9,26.7,0.00,0.00,93,15.99,86,15.99,94,15.99,84,28.85
12.8,26.8,0.00,0.00,93,15.99,84,15.99,94,15.99,85,28.85
13.1,26.7,0.00,0.00,91,15.99,90,15.99,84,15.99,84,28.85
12.1,26.7,0.00,0.00,91,15.99,90,15.99,90,15.99,83,28.85
14.8,26.7,0.00,0.00,93,15.99,87,15.99,94,15.99,83,28.85
12.1,26.7,0.00,0.00,91,15.99,93,15.99,88,15.99,86,28.85
13.4,26.8,0.00,0.00,91,15.99,92,15.99,86,15.99,76,28.85
12.1,26.7,0.00,0.00,91,15.99,91,15.99,87,15.99,79,28.85
11.7,26.7,0.00,0.00,90,15.99,94,15.99,91,15.99,81,28.85
14.4,26.8,0.00,0.00,89,15.99,93,15.99,95,15.99,75,28.85
13.2,26.7,0.00,0.00,91,15.99,88,15.99,88,15.99,78,28.85
11.4,26.8,0.00,0.00,92,15.99,78,15.99,95,15.99,85,28.85
11.7,26.7,0.00,0.00,91,15.99,86,15.99,91,15.99,73,28.85
11.5,26.7,0.00,0.00,91,15.99,88,15.99,89,15.99,81,28.85
14.2,26.7,0.00,0.00,92,15.99,90,15.99,92,15.99,86,28.85
28.9,24.7,0.00,0.00,93,15.99,56,15.99,0,15.99,74,28.85
9.1,22.7,0.00,0.00,0,15.99,0,15.99,0,15.99,85,28.85
9.4,23.0,0.00,0.00,0,15.99,0,15.99,0,15.99,76,28.85
10.4,23.9,0.00,0.00,0,15.99,0,15.99,0,15.99,77,28.85
9.3,24.2,0.00,0.00,0,15.99,0,15.99,0,15.99,75,28.85
8.5,25.1,0.00,0.00,0,15.99,0,15.99,0,15.99,77,28.85
9.5,25.5,0.00,0.00,0,15.99,0,15.99,0,15.99,83,28.85
10.5,26.3,0.00,0.00,0,15.99,0,15.99,0,15.99,73,28.85
27.6,26.8,0.00,0.00,0,16.01,14,16.01,28,15.99,82,28.85
11.3,26.9,0.00,0.00,92,16.01,93,16.01,77,15.99,77,28.85
12.1,26.9,0.00,0.00,93,16.01,93,16.01,92,15.99,88,28.85
14.8,26.9,0.00,0.00,92,16.01,94,16.01,83,15.99,84,28.85
12.2,26.9,0.00,0.00,93,16.01,90,16.01,89,15.99,84,28.85
12.5,26.9,0.00,0.00,92,16.01,89,16.01,89,15.99,83,28.85
11.3,26.9,0.00,0.00,94,16.01,76,16.01,94,15.99,74,28.85
12.1,26.9,0.00,0.00,93,16.01,84,16.01,77,15.99,75,28.85
11.5,26.9,0.00,0.00,93,16.01,92,16.01,92,15.99,88,28.85
13.5,26.9,0.00,0.00,89,16.01,89,16.01,85,15.99,77,28.85
12.1,26.9,0.00,0.00,88,16.01,93,16.01,91,15.99,86,28.85
13.1,26.9,0.00,0.00,92,16.01,92,16.01,93,15.99,86,28.85
12.5,26.9,0.00,0.00,91,16.01,92,16.01,85,15.99,88,28.85
13.4,26.9,0.00,0.00,92,16.01,76,16.01,74,15.99,83,28.85
12.5,26.9,0.00,0.00,94,16.01,77,16.01,94,15.99,86,28.85
12.3,26.9,0.00,0.00,91,16.01,93,16.01,93,15.99,85,28.85
13.4,26.9,0.00,0.00,91,16.01,92,16.01,92,15.99,85,28.85
11.7,26.9,0.00,0.00,93,16.01,94,16.01,90,15.99,89,28.85
13.3,26.9,0.00,0.00,93,16.01,94,16.01,92,15.99,88,28.85
11.9,26.9,0.00,0.00,90,16.01,94,16.01,94,15.99,89,28.85
11.9,26.9,0.00,0.00,91,16.01,92,16.01,95,15.99,89,28.85
12.7,26.9,0.00,0.00,88,16.01,93,16.01,94,15.99,90,28.85
11.9,26.9,0.00,0.00,91,16.01,94,16.01,95,15.99,89,28.85
12.4,26.9,0.00,0.00,92,16.01,94,16.01,94,15.99,84,28.85
12.3,26.9,0.00,0.00,92,16.01,88,16.01,94,15.99,79,28.85
14.0,26.9,0.00,0.00,92,16.01,90,16.01,93,15.99,92,28.85
12.3,26.9,0.00,0.00,93,16.01,93,16.01,93,15.99,91,28.85
14.0,26.9,0.00,0.00,92,16.01,95,16.01,90,15.99,91,28.85
12.5,26.9,0.00,0.00,92,16.01,94,16.01,89,15.99,88,28.85
11.9,26.9,0.00,0.00,88,16.01,95,16.01,89,15.99,92,28.85
12.2,26.9,0.00,0.00,92,16.01,95,16.01,87,15.99,93,28.85
8.5,26.9,0.00,0.00,91,16.01,89,16.01,93,15.99,86,28.85
59.9,22.2,0.00,0.00,0,16.01,0,16.01,0,15.99,83,28.85
57.3,22.8,0.00,0.00,0,16.01,0,16.01,0,15.99,92,28.85
51.4,23.4,0.00,0.00,0,16.01,0,16.01,0,15.99,79,28.85
14.6,24.0,0.00,0.00,0,16.01,0,16.01,0,15.99,86,28.85
8.5,24.6,0.00,0.00,0,16.01,0,16.01,0,15.99,85,28.85
8.4,25.2,0.00,0.00,0,16.01,0,16.01,0,15.99,89,28.85
89.3,25.9,0.00,0.00,0,16.01,0,16.01,0,15.99,89,28.85
85.9,26.4,0.00,0.00,0,16.01,0,16.01,0,15.99,85,28.85
10.4,26.9,0.00,0.00,0,16.01,46,16.01,84,15.99,90,28.85
12.3,26.9,0.00,0.00,92,16.01,93,16.01,91,15.99,93,28.85
12.6,26.9,0.00,0.00,92,16.01,87,16.01,94,15.99,94,28.85
12.3,26.9,0.00,0.00,92,16.01,91,16.01,95,15.99,91,28.85
13.8,26.9,0.00,0.00,93,16.01,89,16.01,89,15.99,93,28.85
11.9,26.9,0.00,0.00,92,16.01,94,16.01,92,15.99,94,28.85
13.1,26.9,0.00,0.00,93,16.01,91,16.01,94,15.99,85,28.85
14.0,26.9,0.00,0.00,90,16.01,92,16.01,88,15.99,84,28.85
13.6,26.9,0.00,0.00,92,16.01,87,16.01,91,15.99,83,28.85
12.9,26.9,0.00,0.00,91,16.01,94,16.01,94,15.99,93,28.85
11.5,26.9,0.00,0.00,91,16.01,94,16.01,87,15.99,95,28.85
13.8,26.9,0.00,0.00,91,16.01,95,16.01,84,15.99,96,28.85
11.7,26.9,0.00,0.00,91,16.01,90,16.01,87,15.99,94,28.85
12.7,26.9,0.00,0.00,91,16.01,94,16.01,91,15.99,91,28.85
11.5,26.9,0.00,0.00,92,16.01,76,16.01,76,15.99,93,28.85
11.9,26.9,0.00,0.00,92,16.01,94,16.01,94,15.99,95,28.85
13.4,26.9,0.00,0.00,88,16.01,94,16.01,93,15.99,93,28.85
12.7,26.9,0.00,0.00,92,16.01,94,16.01,92,15.99,93,28.85
12.3,26.9,0.00,0.00,92,16.01,94,16.01,83,15.99,92,28.85
12.9,26.9,0.00,0.00,92,16.01,92,16.01,87,15.99,78,28.85
13.1,26.9,0.00,0.00,94,16.01,94,16.01,91,15.99,88,28.85
11.9,26.9,0.00,0.00,92,16.01,95,16.01,92,15.99,93,28.85
11.6,26.9,0.00,0.00,92,16.01,95,16.01,91,15.99,88,28.85
11.9,26.9,0.00,0.00,91,16.01,93,16.01,95,15.99,96,28.85
13.7,26.9,0.00,0.00,92,16.01,94,16.01,93,15.99,95,28.85
11.9,26.9,0.00,0.00,92,16.01,93,16.01,96,15.99,91,28.85
12.4,26.9,0.00,0.00,89,16.01,94,16.01,95,15.99,95,28.85
12.5,26.9,0.00,0.00,88,16.01,94,16.01,93,15.99,95,28.85
11.5,26.9,0.00,0.00,90,16.01,94,16.01,92,15.99,94,28.85
14.3,26.9,0.00,0.00,87,16.01,94,16.01,94,15.99,93,28.85
11.9,26.9,0.00,0.00,93,16.01,94,16.01,94,15.99,83,28.85
30.1,26.9,0.00,0.00,77,16.01,21,16.01,0,15.94,80,28.85
4.4,12.8,0.00,0.00,0,2.67,0,2.67,0,2.67,89,28.85
2.7,12.4,0.00,0.00,0,2.67,0,2.67,0,2.67,68,28.85
11.3,13.3,0.00,0.00,0,2.67,0,2.67,0,2.67,74,28.85
10.6,13.8,0.00,0.00,0,2.67,0,2.67,0,2.67,88,28.85
10.6,14.8,0.00,0.00,0,2.67,0,2.67,0,2.67,85,28.85
11.3,15.3,0.00,0.00,0,2.67,0,2.79,0,2.67,96,28.85
12.9,19.1,0.00,0.00,0,12.78,6,17.66,0,2.67,83,28.85
38.5,22.6,0.00,0.00,7,20.42,2,20.64,0,2.67,96,28.85
7.5,23.0,0.00,0.00,0,20.42,0,20.64,0,2.67,97,28.85
7.1,23.5,0.00,0.00,0,20.42,0,20.64,0,2.67,82,28.85
6.7,23.8,0.00,0.00,0,20.42,0,20.64,0,2.67,96,28.85
6.9,24.4,0.00,0.00,0,20.42,0,20.64,0,2.67,97,28.85
8.1,24.7,0.00,0.00,0,20.42,0,20.64,0,2.67,90,28.85
6.6,25.2,0.00,0.00,0,20.42,0,20.64,0,2.67,90,28.85
6.8,25.5,0.00,0.00,0,20.91,0,21.91,0,2.67,93,28.85
11.7,27.9,0.00,0.00,47,25.89,71,36.73,0,2.67,85,28.85
12.5,28.2,0.00,0.00,85,25.89,78,36.73,0,2.67,93,28.85
14.8,28.7,0.00,0.00,85,25.89,75,36.73,0,2.67,89,28.85
15.4,29.0,0.00,0.00,84,25.89,75,36.73,0,2.67,83,28.85
14.0,29.5,0.00,0.00,76,25.89,69,36.73,0,2.67,88,28.85
13.4,29.8,0.00,0.00,81,25.89,83,36.73,0,2.67,92,28.85
13.1,30.4,0.00,0.00,75,25.89,74,36.73,0,2.67,95,28.85
29.0,30.7,0.00,0.00,85,25.89,82,36.73,0,2.67,93,28.85
9.6,30.9,0.00,0.00,88,25.89,87,36.73,0,2.67,96,28.85
8.1,30.9,0.00,0.00,87,25.89,86,36.73,0,2.67,95,28.85
10.6,30.9,0.00,0.00,86,25.89,89,36.73,0,2.67,96,28.85
9.2,30.9,0.00,0.00,88,25.89,90,36.73,0,2.67,95,28.85
9.2,30.9,0.00,0.00,89,25.89,88,36.73,0,2.67,96,28.85
7.7,30.9,0.00,0.00,90,25.89,91,36.73,0,2.67,96,28.85
9.6,30.9,0.00,0.00,87,25.89,86,36.73,0,2.67,95,28.85
9.4,30.9,0.00,0.00,85,25.89,85,36.73,0,2.67,95,28.85
7.9,30.9,0.00,0.00,88,25.89,89,36.73,0,2.67,97,28.85
8.1,30.9,0.00,0.00,89,25.89,88,36.73,0,2.67,94,28.85
10.6,30.9,0.00,0.00,88,25.89,90,36.73,0,2.67,96,28.85
10.9,30.9,0.00,0.00,89,25.89,89,36.73,0,2.67,94,28.85
8.3,30.9,0.00,0.00,88,25.89,87,36.73,0,2.67,95,28.85
9.8,30.9,0.00,0.00,90,25.89,92,36.73,0,2.67,96,28.85
8.3,30.9,0.00,0.00,91,25.89,90,36.73,0,2.67,96,28.85
11.4,30.9,0.00,0.00,90,25.89,91,36.73,0,2.67,96,28.85
7.5,30.9,0.00,0.00,90,25.89,92,36.73,0,2.67,94,28.85
8.3,30.9,0.00,0.00,90,25.89,90,36.73,0,2.67,85,28.85
11.0,30.9,0.00,0.00,91,25.89,91,36.73,0,2.67,87,28.85
8.6,30.9,0.00,0.00,90,25.89,92,36.73,0,2.67,88,28.85
7.7,30.9,0.00,0.00,90,25.89,92,36.73,0,2.67,86,28.85
7.7,30.9,0.00,0.00,89,25.89,93,36.73,0,2.67,88,28.85
11.3,30.9,0.00,0.00,87,25.89,93,36.73,0,2.67,87,28.85
10.0,30.9,0.00,0.00,88,25.89,90,36.73,0,2.67,89,28.85
9.8,30.9,0.00,0.00,89,25.89,87,36.73,0,2.67,89,28.85
8.9,30.9,0.00,0.00,89,25.89,86,36.73,0,2.67,96,28.85
7.9,30.9,0.00,0.00,89,25.89,92,36.73,0,2.67,95,28.85
11.3,30.9,0.00,0.00,88,25.89,90,36.73,0,2.67,94,28.85
9.5,30.9,0.00,0.00,88,25.89,92,36.73,0,2.67,93,28.85
8.6,30.9,0.00,0.00,88,25.89,93,36.73,0,2.67,96,28.85
7.9,30.9,0.00,0.00,90,25.89,92,36.73,0,2.67,94,28.85
10.4,30.9,0.00,0.00,88,25.89,93,36.73,0,2.67,93,28.85
9.2,30.9,0.00,0.00,91,25.89,92,36.73,0,2.67,93,28.85
9.6,30.9,0.00,0.00,92,25.89,90,36.73,0,2.67,94,28.85
8.4,30.9,0.00,0.00,88,25.89,92,36.73,0,2.67,95,28.85
10.6,30.9,0.00,0.00,91,25.89,93,36.73,0,2.67,93,28.85
8.3,30.9,0.00,0.00,90,25.89,93,36.73,0,2.67,94,28.85
8.5,30.9,0.00,0.00,91,25.89,92,36.73,0,2.67,94,28.85
9.6,30.9,0.00,0.00,88,25.89,91,36.73,0,2.67,96,28.85
8.7,30.9,0.00,0.00,91,25.89,92,36.73,0,2.67,95,28.85
9.8,30.9,0.00,0.00,90,25.89,94,36.73,0,2.67,86,28.85
7.9,30.9,0.00,0.00,91,25.89,91,36.73,0,2.67,79,28.85
10.6,30.9,0.00,0.00,89,25.89,94,36.73,0,2.67,79,28.85
9.2,30.9,0.00,0.00,91,25.89,89,36.73,0,2.67,78,28.85
8.1,30.9,0.00,0.00,86,25.89,93,36.73,0,2.67,79,28.85
8.7,30.9,0.00,0.00,92,25.89,94,36.73,0,2.67,79,28.85
10.0,30.9,0.00,0.00,87,25.89,94,36.73,0,2.67,79,28.85
7.3,30.9,0.00,0.00,88,25.89,95,36.73,0,2.67,97,28.85
7.7,30.9,0.00,0.00,91,25.89,94,36.73,0,2.67,37,29.12
8.5,29.4,0.00,0.00,89,25.89,93,36.73,0,2.67,0,29.12
19.5,29.6,0.00,0.00,89,25.89,94,36.73,0,2.67,0,29.12
31.0,29.8,0.00,0.00,85,25.89,89,36.73,0,2.67,0,29.12
8.1,30.0,0.00,0.00,84,25.89,91,36.73,0,2.67,0,29.12
7.9,30.3,0.00,0.00,90,25.89,88,36.73,0,2.67,0,29.12
7.7,30.4,0.00,0.00,86,25.89,86,36.73,0,2.67,0,29.12
8.1,30.7,0.00,0.00,83,25.89,92,36.73,0,2.67,0,29.12
15.6,30.9,0.00,0.00,89,25.89,91,36.73,0,2.67,88,29.12
7.9,30.9,0.00,0.00,93,25.89,92,36.73,0,2.67,92,29.12
9.1,30.9,0.00,0.00,88,25.89,86,36.73,0,2.67,92,29.12
7.9,30.9,0.00,0.00,86,25.89,91,36.73,0,2.67,92,29.12
8.6,30.9,0.00,0.00,91,25.89,92,36.73,0,2.67,92,29.12
9.8,30.9,0.00,0.00,91,25.89,93,36.73,0,2.67,91,29.12
8.1,30.9,0.00,0.00,91,25.89,94,36.73,0,2.67,94,29.12
8.5,30.9,0.00,0.00,92,25.89,93,36.73,0,2.67,95,29.12
9.1,30.9,0.00,0.00,90,25.89,94,36.73,0,2.67,94,29.12
10.2,30.9,0.00,0.00,91,25.89,93,36.73,0,2.67,94,29.12
7.9,30.9,0.00,0.00,90,25.89,90,36.73,0,2.67,94,29.12
10.2,30.9,0.00,0.00,87,25.89,92,36.73,0,2.67,95,29.12
10.2,30.9,0.00,0.00,90,25.89,91,36.73,0,2.67,95,29.12
10.4,30.9,0.00,0.00,88,25.89,94,36.73,0,2.67,96,29.12
7.9,30.9,0.00,0.00,92,25.89,92,36.73,0,2.67,96,29.12
9.6,30.9,0.00,0.00,91,25.89,91,36.73,0,2.67,96,29.12
6.7,30.9,0.00,0.00,92,25.89,92,36.73,0,2.67,95,29.12
11.0,29.9,0.00,0.00,2,30.94,91,36.73,0,2.67,87,29.12
12.1,30.4,0.00,0.00,54,31.38,94,36.73,0,2.67,90,29.12
10.2,30.6,0.00,0.00,87,31.38,91,36.73,0,2.67,87,29.12
11.1,30.8,0.00,0.00,89,31.38,93,36.73,0,2.67,93,29.12
11.0,31.0,0.00,0.00,89,31.38,86,36.73,0,2.67,90,29.12
90.6,31.2,0.00,0.00,86,31.38,88,36.73,0,2.67,83,29.12
74.7,31.4,0.00,0.00,74,31.38,92,36.73,0,2.67,81,29.12
37.9,31.6,0.00,0.00,82,31.38,94,36.73,0,2.67,92,29.12
8.7,31.7,0.00,0.00,92,31.38,93,36.73,0,2.67,92,29.12
7.9,31.7,0.00,0.00,89,31.38,91,36.73,0,2.67,91,29.12
9.4,31.6,0.00,0.00,89,31.38,93,36.73,0,2.67,93,29.12
10.0,31.7,0.00,0.00,90,31.38,91,36.73,0,2.67,95,29.12
8.7,31.6,0.00,0.00,88,31.38,91,36.73,0,2.67,93,29.12
7.7,31.6,0.00,0.00,89,31.38,91,36.73,0,2.67,91,29.12
7.7,31.6,0.00,0.00,90,31.38,91,36.73,0,2.67,93,29.12
12.0,31.7,0.00,0.00,78,31.38,94,36.73,0,2.67,94,29.12
8.3,31.6,0.00,0.00,84,31.38,95,36.73,0,2.67,93,29.12
7.9,31.6,0.00,0.00,90,31.38,92,36.73,0,2.67,93,29.12
8.6,31.6,0.00,0.00,92,31.38,94,36.73,0,2.67,94,29.12
9.2,31.6,0.00,0.00,88,31.38,93,36.73,0,2.67,95,29.12
10.4,31.6,0.00,0.00,85,31.38,93,36.73,0,2.67,95,29.12
7.5,31.6,0.00,0.00,85,31.38,94,36.73,0,2.67,94,29.12
10.0,31.6,0.00,0.00,84,31.38,93,36.73,0,2.67,94,29.12
8.5,31.6,0.00,0.00,91,31.38,93,36.73,0,2.67,95,29.12
8.1,31.6,0.00,0.00,91,31.38,94,36.73,0,2.67,95,29.12
8.1,31.6,0.00,0.00,91,31.38,91,36.73,0,2.67,96,29.12
9.4,31.6,0.00,0.00,90,31.38,93,36.73,0,2.67,95,29.12
9.8,31.6,0.00,0.00,88,31.38,94,36.73,0,2.67,95,29.12
7.9,31.6,0.00,0.00,90,31.38,93,36.73,0,2.67,96,29.12
9.4,31.6,0.00,0.00,86,31.38,92,36.73,0,2.67,96,29.12
11.5,31.6,0.00,0.00,90,31.38,92,36.73,0,2.67,95,29.12
8.7,31.6,0.00,0.00,89,31.38,92,36.73,0,2.67,83,29.12
7.7,31.6,0.00,0.00,90,31.38,93,36.73,0,2.67,85,29.12
7.9,31.6,0.00,0.00,87,31.38,92,36.73,0,2.67,79,29.12
9.4,31.6,0.00,0.00,91,31.38,94,36.73,0,2.67,92,29.12
10.2,31.6,0.00,0.00,91,31.38,91,36.73,0,2.67,93,29.12
7.7,31.6,0.00,0.00,92,31.38,92,36.73,0,2.67,90,29.12
8.1,31.6,0.00,0.00,87,31.38,93,36.73,0,2.67,85,29.12
9.6,31.6,0.00,0.00,89,31.38,91,36.73,0,2.67,87,29.12
10.5,31.6,0.00,0.00,90,31.38,94,36.73,0,2.67,85,29.12
9.2,31.6,0.00,0.00,91,31.38,92,36.73,0,2.67,94,29.12
7.7,31.6,0.00,0.00,91,31.38,88,36.73,0,2.67,95,29.12
10.4,31.6,0.00,0.00,90,31.38,93,36.73,0,2.67,94,29.12
11.0,31.6,0.00,0.00,92,31.38,91,36.73,0,2.67,95,29.12
7.9,31.6,0.00,0.00,92,31.38,92,36.73,0,2.67,95,29.12
9.5,31.6,0.00,0.00,83,31.38,92,36.73,0,2.67,87,29.12
9.0,31.6,0.00,0.00,80,31.38,91,36.73,0,2.67,93,29.12
9.5,31.6,0.00,0.00,86,31.38,93,36.73,0,2.67,94,29.12
9.2,31.6,0.00,0.00,91,31.38,92,36.73,0,2.67,95,29.12
7.5,31.6,0.00,0.00,92,31.38,91,36.73,0,2.67,94,29.12
9.4,31.6,0.00,0.00,92,31.38,93,36.73,0,2.67,92,29.12
9.4,31.6,0.00,0.00,92,31.38,91,36.73,0,2.67,95,29.12
7.5,31.6,0.00,0.00,92,31.38,93,36.73,0,2.67,95,29.12
9.6,31.6,0.00,0.00,91,31.38,94,36.73,0,2.67,79,29.12
11.0,31.6,0.00,0.00,92,31.38,92,36.73,0,2.67,78,29.12
8.7,31.6,0.00,0.00,91,31.38,93,36.73,0,2.67,79,29.12
7.7,31.6,0.00,0.00,92,31.38,93,36.73,0,2.67,80,29.12
11.0,31.6,0.00,0.00,91,31.38,89,36.73,0,2.67,79,29.12
8.4,31.6,0.00,0.00,93,31.38,93,36.73,0,2.67,78,29.12
8.1,31.6,0.00,0.00,92,31.38,93,36.73,0,2.67,69,29.12
9.2,31.6,0.00,0.00,86,31.38,91,36.73,0,2.67,67,29.12
9.0,31.6,0.00,0.00,74,31.38,93,36.73,0,2.67,78,29.12
8.8,31.6,0.00,0.00,90,31.38,91,36.73,0,2.67,80,29.12
7.7,31.6,0.00,0.00,92,31.38,92,36.73,0,2.67,77,29.12
9.2,31.6,0.00,0.00,92,31.38,93,36.73,0,2.67,70,29.12
7.7,31.6,0.00,0.00,85,31.38,90,36.73,0,2.67,77,29.12
8.5,31.6,0.00,0.00,91,31.38,93,36.73,0,2.67,78,29.12
9.4,31.6,0.00,0.00,92,31.38,93,36.73,0,2.67,85,29.12
8.4,31.6,0.00,0.00,90,31.38,91,36.73,0,2.67,94,29.12
7.5,31.6,0.00,0.00,92,31.38,92,36.73,0,2.67,94,29.12
8.5,31.6,0.00,0.00,91,31.38,93,36.73,0,2.67,92,29.12
8.8,31.6,0.00,0.00,91,31.38,91,36.73,0,2.67,96,29.12
11.9,31.6,0.00,0.00,92,31.38,92,36.73,0,2.67,95,29.12
9.0,31.6,0.00,0.00,85,31.38,90,36.73,0,2.67,94,29.12
8.3,31.6,0.00,0.00,91,31.38,92,36.73,0,2.67,92,29.12
8.3,31.6,0.00,0.00,89,31.38,92,36.73,0,2.67,94,29.12
9.4,31.6,0.00,0.00,90,31.38,90,36.73,0,2.67,94,29.12
10.0,31.6,0.00,0.00,92,31.38,93,36.73,0,2.67,93,29.12
7.9,31.6,0.00,0.00,91,31.38,91,36.73,0,2.67,94,29.12
9.6,31.6,0.00,0.00,92,31.38,93,36.73,0,2.67,94,29.12
9.2,31.6,0.00,0.00,92,31.38,92,36.73,0,2.67,95,29.12
7.9,31.6,0.00,0.00,92,31.38,92,36.73,0,2.67,95,29.12
7.3,31.6,0.00,0.00,93,31.38,91,36.73,0,2.67,94,29.12
11.0,30.1,0.00,0.00,48,31.4,92,36.73,0,2.67,90,29.12
96.5,30.3,0.00,0.00,90,31.4,91,36.73,0,2.67,96,29.12
13.1,30.6,0.00,0.00,89,31.4,85,36.73,0,2.67,96,29.12
10.7,30.8,0.00,0.00,86,31.4,87,36.73,0,2.67,90,29.12
10.1,31.0,0.00,0.00,83,31.4,85,36.73,0,2.67,95,29.12
11.4,31.2,0.00,0.00,89,31.4,93,36.73,0,2.67,87,29.12
11.3,31.4,0.00,0.00,88,31.4,87,36.73,0,2.67,85,29.12
11.9,31.6,0.00,0.00,85,31.4,86,36.73,0,2.67,80,29.12
10.2,31.7,0.00,0.00,92,31.4,93,36.73,0,2.67,81,29.12
7.7,31.7,0.00,0.00,90,31.4,92,36.73,0,2.67,82,29.12
7.7,31.7,0.00,0.00,93,31.4,91,36.73,0,2.67,80,29.12
8.7,31.7,0.00,0.00,91,31.4,90,36.73,0,2.67,79,29.12
11.1,31.7,0.00,0.00,91,31.4,92,36.73,0,2.67,79,29.12
8.5,31.7,0.00,0.00,93,31.4,93,36.73,0,2.67,94,29.12
8.4,31.7,0.00,0.00,89,31.4,91,36.73,0,2.67,94,29.12
8.3,31.7,0.00,0.00,90,31.4,93,36.73,0,2.67,95,29.12
11.8,31.7,0.00,0.00,90,31.4,91,36.73,0,2.67,94,29.12
9.4,31.7,0.00,0.00,90,31.4,92,36.73,0,2.67,94,29.12
11.2,31.7,0.00,0.00,88,31.4,92,36.73,0,2.67,93,29.12
8.5,31.7,0.00,0.00,88,31.4,90,36.73,0,2.67,94,29.12
8.1,31.7,0.00,0.00,89,31.4,92,36.99,0,2.67,95,29.12
19.3,30.9,0.00,0.00,89,31.4,28,45.27,0,2.67,91,29.12
61.8,31.1,0.00,0.00,93,31.4,66,45.27,0,2.67,92,29.12
11.6,31.3,0.00,0.00,89,31.4,56,45.27,0,2.67,94,29.12
71.0,31.5,0.00,0.00,92,31.4,69,45.27,0,2.67,93,29.12
60.7,31.8,0.00,0.00,88,31.4,61,45.27,0,2.67,89,29.12
79.2,31.9,0.00,0.00,85,31.4,65,45.27,0,2.67,89,29.12
85.5,32.2,0.00,0.00,79,31.4,68,45.27,0,2.67,90,29.12
39.5,32.3,0.00,0.00,89,31.4,65,45.27,0,2.67,94,29.12
9.6,32.5,0.00,0.00,89,31.4,59,45.27,0,2.67,95,29.12
9.1,32.5,0.00,0.00,92,31.4,55,45.27,0,2.67,94,29.12
10.2,32.5,0.00,0.00,91,31.4,53,45.27,0,2.67,95,29.12
9.4,32.5,0.00,0.00,90,31.4,66,45.27,0,2.67,85,29.12
9.2,32.5,0.00,0.00,90,31.4,69,45.27,0,2.67,95,29.12
9.2,32.5,0.00,0.00,92,31.4,65,45.27,0,2.67,94,29.12
10.9,32.5,0.00,0.00,92,31.4,63,45.27,0,2.67,94,29.12
9.2,32.5,0.00,0.00,91,31.4,52,45.27,0,2.67,94,29.12
9.4,32.5,0.00,0.00,91,31.4,59,45.27,0,2.67,94,29.12
10.5,32.5,0.00,0.00,88,31.4,62,45.27,0,2.67,95,29.12
8.8,32.5,0.00,0.00,87,31.4,66,45.27,0,2.67,95,29.12
10.0,32.5,0.00,0.00,88,31.4,66,45.27,0,2.67,94,29.12
10.0,32.5,0.00,0.00,88,31.4,51,45.27,0,2.67,78,29.12
9.6,32.5,0.00,0.00,88,31.4,62,45.27,0,2.67,91,29.12
9.4,32.5,0.00,0.00,92,31.4,66,45.27,0,2.67,94,29.12
10.8,32.5,0.00,0.00,91,31.4,67,45.27,0,2.67,86,29.12
9.8,32.5,0.00,0.00,91,31.4,68,45.27,0,2.67,78,29.12
9.0,32.5,0.00,0.00,89,31.4,67,45.27,0,2.67,77,29.12
9.6,32.5,0.00,0.00,90,31.4,70,45.27,0,2.67,76,29.12
11.1,32.5,0.00,0.00,90,31.4,67,45.27,0,2.67,78,29.12
9.0,32.5,0.00,0.00,91,31.4,60,45.27,0,2.67,78,29.12
9.2,32.5,0.00,0.00,91,31.4,63,45.27,0,2.67,80,29.12
8.8,32.5,0.00,0.00,92,31.4,65,45.27,0,2.67,94,29.12
8.1,32.5,0.00,0.00,90,31.4,62,45.27,0,2.67,95,29.12
12.6,32.5,0.00,0.00,88,31.4,65,45.27,0,2.67,92,29.12
9.6,32.5,0.00,0.00,90,31.4,65,45.27,0,2.67,95,29.12
8.8,32.5,0.00,0.00,90,31.4,70,45.27,0,2.67,93,29.12
10.9,32.5,0.00,0.00,90,31.4,60,45.27,0,2.67,94,29.12
9.2,32.5,0.00,0.00,90,31.4,60,45.27,0,2.67,93,29.12
11.1,32.5,0.00,0.00,90,31.4,59,45.27,0,2.67,96,29.12
9.0,32.5,0.00,0.00,91,31.4,67,45.27,0,2.67,94,29.12
8.9,32.5,0.00,0.00,89,31.4,70,45.27,0,2.67,94,29.12
9.8,32.5,0.00,0.00,92,31.4,64,45.27,0,2.67,93,29.12
9.4,32.5,0.00,0.00,91,31.4,67,45.27,0,2.67,94,29.12
10.6,32.5,0.00,0.00,89,31.4,68,45.27,0,2.67,94,29.12
9.0,32.5,0.00,0.00,87,31.4,68,45.27,0,2.67,94,29.12
9.8,32.5,0.00,0.00,91,31.4,66,45.27,0,2.67,86,29.12
9.2,32.5,0.00,0.00,90,31.4,68,45.27,0,2.67,85,29.12
9.4,32.5,0.00,0.00,88,31.4,68,45.27,0,2.67,86,29.12
9.8,32.5,0.00,0.00,89,31.4,67,45.27,0,2.67,94,29.12
10.2,32.5,0.00,0.00,89,31.4,61,45.27,0,2.67,92,29.12
8.3,32.5,0.00,0.00,91,31.4,62,45.27,0,2.67,94,29.12
10.2,32.5,0.00,0.00,92,31.4,70,45.27,0,2.67,94,29.12
9.2,32.5,0.00,0.00,92,31.4,69,45.27,0,2.67,95,29.12
8.8,32.5,0.00,0.00,92,31.4,68,45.27,0,2.67,94,29.12
10.0,32.5,0.00,0.00,92,31.4,57,45.27,0,2.67,94,29.12
8.9,32.5,0.00,0.00,89,31.4,64,45.27,0,2.67,95,29.12
10.2,32.5,0.00,0.00,89,31.4,66,45.27,0,2.67,78,29.12
10.4,32.5,0.00,0.00,88,31.4,66,45.27,0,2.67,78,29.12
10.4,32.5,0.00,0.00,90,31.4,59,45.27,0,2.67,79,29.12
10.5,32.5,0.00,0.00,91,31.4,62,45.27,0,2.67,93,29.12
8.8,32.5,0.00,0.00,91,31.4,64,45.27,0,2.67,93,29.12
9.0,32.5,0.00,0.00,85,31.4,70,45.27,0,2.67,92,29.12
11.5,30.9,0.00,0.00,55,31.4,54,45.27,0,2.67,85,29.12
10.9,31.2,0.00,0.00,69,31.4,58,45.27,0,2.67,95,29.12
10.5,31.4,0.00,0.00,86,31.4,61,45.27,0,2.67,0,29.12
50.2,30.1,0.00,0.00,77,31.4,60,45.27,0,2.67,0,29.12
11.3,30.5,0.00,0.00,87,31.4,56,45.27,0,2.67,0,29.12
98.8,30.9,0.00,0.00,85,31.4,58,45.27,0,2.67,0,29.12
45.0,31.3,0.00,0.00,83,31.4,57,45.27,0,2.67,0,29.12
83.3,31.7,0.00,0.00,90,31.4,67,45.27,0,2.67,0,29.12
29.2,32.0,0.00,0.00,87,31.4,59,45.27,0,2.67,0,29.12
9.3,32.2,0.00,0.00,86,31.4,65,45.27,0,2.67,0,29.12
13.1,32.4,0.00,0.00,82,31.4,59,45.27,0,2.67,0,29.12
9.0,32.5,0.00,0.00,78,31.4,47,45.27,0,2.67,88,29.12
8.9,32.5,0.00,0.00,86,31.4,61,45.27,0,2.67,73,29.12
9.4,32.5,0.00,0.00,80,31.4,63,45.27,0,2.67,76,29.12
8.8,32.5,0.00,0.00,87,31.4,60,45.27,0,2.67,81,29.12
9.1,32.5,0.00,0.00,87,31.4,64,45.27,0,2.67,87,29.12
10.0,32.5,0.00,0.00,89,31.4,64,45.27,0,2.67,90,29.12
10.0,32.5,0.00,0.00,89,31.4,56,45.27,0,2.67,89,29.12
10.7,32.5,0.00,0.00,84,31.4,60,45.27,0,2.67,92,29.12
10.0,32.5,0.00,0.00,89,31.4,63,45.27,0,2.67,93,29.12
8.6,32.5,0.00,0.00,90,31.4,64,45.27,0,2.67,87,29.12
9.3,32.5,0.00,0.00,82,31.4,64,45.27,0,2.67,83,29.12
9.3,32.5,0.00,0.00,85,31.4,63,45.27,0,2.67,74,29.12
9.6,32.5,0.00,0.00,87,31.4,65,45.27,0,2.67,75,29.12
10.2,32.5,0.00,0.00,92,31.4,55,45.27,0,2.67,89,29.12
9.1,32.5,0.00,0.00,89,31.4,53,45.27,0,2.67,72,29.12
9.8,32.5,0.00,0.00,90,31.4,57,45.27,0,2.67,89,29.12
8.4,32.5,0.00,0.00,90,31.4,64,45.27,0,2.67,77,29.12
10.4,32.5,0.00,0.00,90,31.4,64,45.27,0,2.67,74,29.12
8.9,32.5,0.00,0.00,83,31.4,67,45.27,0,2.67,66,29.12
12.1,32.5,0.00,0.00,86,31.4,52,45.27,0,2.67,77,29.12
9.8,32.5,0.00,0.00,86,31.4,63,45.27,0,2.67,74,29.12
14.0,32.5,0.00,0.00,90,31.4,43,45.34,0,2.67,89,29.12
11.9,31.1,0.00,0.00,81,31.4,81,45.34,0,2.67,78,29.12
11.2,31.3,0.00,0.00,74,31.4,88,45.34,0,2.67,78,29.12
10.2,31.6,0.00,0.00,84,31.4,89,45.34,0,2.67,82,29.12
10.0,31.7,0.00,0.00,87,31.4,88,45.34,0,2.67,84,29.12
10.0,32.0,0.00,0.00,85,31.4,86,45.34,0,2.67,82,29.12
11.7,32.2,0.00,0.00,84,31.4,92,45.34,0,2.67,81,29.12
10.0,32.4,0.00,0.00,86,31.4,90,45.34,0,2.67,86,29.12
7.3,32.6,0.00,0.00,80,31.4,90,45.34,0,2.67,90,29.12
9.2,32.6,0.00,0.00,92,31.4,90,45.34,0,2.67,90,29.12
11.3,32.6,0.00,0.00,92,31.4,92,45.34,0,2.67,93,29.12
9.8,32.6,0.00,0.00,92,31.4,94,45.34,0,2.67,79,29.12
10.2,32.6,0.00,0.00,77,31.4,94,45.34,0,2.67,87,29.12
9.6,32.6,0.00,0.00,85,31.4,91,45.34,0,2.67,84,29.12
8.5,32.6,0.00,0.00,83,31.4,91,45.34,0,2.67,86,29.12
8.7,32.6,0.00,0.00,88,31.4,93,45.34,0,2.67,83,29.12
8.8,32.6,0.00,0.00,84,31.4,91,45.34,0,2.67,96,29.12
9.0,32.6,0.00,0.00,82,31.4,93,45.34,0,2.67,93,29.12
8.7,32.6,0.00,0.00,88,31.4,94,45.34,0,2.67,96,29.12
10.2,32.6,0.00,0.00,91,31.4,92,45.34,0,2.67,94,29.12
8.2,32.6,0.00,0.00,91,31.4,93,45.34,0,2.67,90,29.12
8.4,32.6,0.00,0.00,91,31.4,94,45.34,0,2.67,94,29.12
11.4,32.6,0.00,0.00,88,31.4,91,45.34,0,2.67,96,29.12
7.5,32.6,0.00,0.00,90,31.4,92,45.34,0,2.67,96,29.12
8.6,32.6,0.00,0.00,93,31.4,93,45.34,0,2.67,94,29.12
9.6,32.6,0.00,0.00,93,31.4,93,45.34,0,2.67,94,29.12
9.8,32.5,0.00,0.00,93,31.4,94,45.34,0,2.67,95,29.12
8.1,32.5,0.00,0.00,92,31.4,94,45.34,0,2.67,96,29.12
10.8,32.6,0.00,0.00,93,31.4,90,45.34,0,2.67,95,29.12
8.3,32.6,0.00,0.00,93,31.4,92,45.34,0,2.67,93,29.12
9.4,32.6,0.00,0.00,93,31.4,94,45.34,0,2.67,96,29.12
8.4,32.5,0.00,0.00,93,31.4,92,45.34,0,2.67,96,29.12
10.6,32.5,0.00,0.00,93,31.4,94,45.34,0,2.67,95,29.12
7.9,32.5,0.00,0.00,93,31.4,94,45.34,0,2.67,95,29.12
10.0,32.6,0.00,0.00,93,31.4,93,45.34,0,2.67,94,29.12
9.8,32.5,0.00,0.00,90,31.4,92,45.34,0,2.67,92,29.12
7.9,32.6,0.00,0.00,89,31.4,93,45.34,0,2.67,93,29.12
8.1,32.6,0.00,0.00,89,31.4,91,45.34,0,2.67,95,29.12
9.8,32.6,0.00,0.00,91,31.4,91,45.34,0,2.67,95,29.12
8.7,32.6,0.00,0.00,92,31.4,93,45.34,0,2.67,94,29.12
9.2,32.6,0.00,0.00,87,31.4,92,45.34,0,2.67,82,29.12
8.3,32.6,0.00,0.00,85,31.4,92,45.34,0,2.67,95,29.12
9.4,32.6,0.00,0.00,91,31.4,88,45.34,0,2.67,93,29.12
9.6,32.6,0.00,0.00,91,31.4,93,45.34,0,2.67,95,29.12
7.5,32.6,0.00,0.00,92,31.4,93,45.34,0,2.67,93,29.12
8.6,32.6,0.00,0.00,84,31.4,91,45.34,0,2.67,95,29.12
9.8,32.6,0.00,0.00,92,31.4,92,45.34,0,2.67,95,29.12
9.4,32.6,0.00,0.00,83,31.4,94,45.34,0,2.67,96,29.12
7.9,32.6,0.00,0.00,84,31.4,93,45.34,0,2.67,94,29.12
7.9,32.6,0.00,0.00,88,31.4,93,45.34,0,2.67,94,29.12
10.0,32.6,0.00,0.00,90,31.4,92,45.34,0,2.67,94,29.12
7.5,32.6,0.00,0.00,91,31.4,93,45.34,0,2.67,94,29.12
35.8,31.0,0.00,0.00,43,31.4,88,45.34,0,2.67,96,29.12
9.8,31.2,0.00,0.00,88,31.4,94,45.34,0,2.67,89,29.12
10.4,31.5,0.00,0.00,87,31.4,91,45.34,0,2.67,96,29.12
14.2,31.7,0.00,0.00,88,31.4,88,45.34,0,2.67,90,29.12
11.9,31.9,0.00,0.00,83,31.4,85,45.34,0,2.67,95,29.12
11.8,32.0,0.00,0.00,84,31.4,85,45.34,0,2.67,89,29.12
13.4,32.3,0.00,0.00,82,31.4,90,45.34,0,2.67,91,29.12
10.0,32.5,0.00,0.00,90,31.4,92,45.34,0,2.67,94,29.12
9.2,32.5,0.00,0.00,88,31.4,91,45.34,0,2.67,95,29.12
8.5,32.5,0.00,0.00,91,31.4,91,45.34,0,2.67,95,29.12
10.8,32.5,0.00,0.00,91,31.4,94,45.34,0,2.67,96,29.12
7.7,32.5,0.00,0.00,91,31.4,92,45.34,0,2.67,96,29.12
8.6,32.5,0.00,0.00,90,31.4,94,45.34,0,2.67,95,29.12
7.9,32.5,0.00,0.00,89,31.4,92,45.34,0,2.67,96,29.12
9.2,32.5,0.00,0.00,88,31.4,92,45.34,0,2.67,95,29.12
8.8,32.5,0.00,0.00,86,31.4,90,45.34,0,2.67,95,29.12
8.8,32.5,0.00,0.00,86,31.4,91,45.34,0,2.67,94,29.12
8.4,32.5,0.00,0.00,87,31.4,92,45.34,0,2.67,96,29.12
8.8,32.5,0.00,0.00,86,31.4,91,45.34,0,2.67,97,29.12
8.9,32.5,0.00,0.00,87,31.4,92,45.34,0,2.67,97,29.12
9.8,32.5,0.00,0.00,89,31.4,93,45.34,0,2.67,97,29.12
7.7,32.5,0.00,0.00,88,31.4,91,45.34,0,2.67,97,29.12
8.8,32.5,0.00,0.00,91,31.4,93,45.34,0,2.67,94,29.12
9.2,32.5,0.00,0.00,91,31.4,92,45.34,0,2.67,97,29.12
11.4,32.5,0.00,0.00,88,31.4,92,45.34,0,2.67,97,29.12
7.7,32.5,0.00,0.00,92,31.4,94,45.34,0,2.67,97,29.12
8.3,32.5,0.00,0.00,90,31.4,92,45.34,0,2.67,97,29.12
8.3,32.5,0.00,0.00,88,31.4,94,45.34,0,2.67,97,29.12
10.0,32.5,0.00,0.00,86,31.4,92,45.34,0,2.67,95,29.12
9.6,32.5,0.00,0.00,88,31.4,93,45.34,0,2.67,92,29.12
7.9,32.5,0.00,0.00,86,31.4,95,45.34,0,2.67,93,29.12
11.3,32.5,0.00,0.00,87,31.4,94,45.34,0,2.67,94,29.12
8.8,32.5,0.00,0.00,87,31.4,92,45.34,0,2.67,94,29.12
8.2,32.5,0.00,0.00,87,31.4,95,45.34,0,2.67,94,29.12
8.1,32.5,0.00,0.00,89,31.4,92,45.34,0,2.67,95,29.12
10.0,32.5,0.00,0.00,90,31.4,94,45.34,0,2.67,95,29.12
9.0,32.5,0.00,0.00,87,31.4,94,45.34,0,2.67,95,29.12
8.1,32.5,0.00,0.00,90,31.4,90,45.34,0,2.67,96,29.12
9.6,32.5,0.00,0.00,91,31.4,92,45.34,0,2.67,95,29.12
8.8,32.5,0.00,0.00,89,31.4,91,45.34,0,2.67,93,29.12
9.6,32.5,0.00,0.00,89,31.4,92,45.34,0,2.67,95,29.12
8.9,32.5,0.00,0.00,90,31.4,93,45.34,0,2.67,96,29.12
8.1,32.5,0.00,0.00,88,31.4,93,45.34,0,2.67,96,29.12
10.4,32.5,0.00,0.00,91,31.4,92,45.34,0,2.67,96,29.12
7.7,32.5,0.00,0.00,91,31.4,93,45.34,0,2.67,95,29.12
10.0,32.5,0.00,0.00,88,31.4,89,45.34,0,2.67,96,29.12
7.9,32.5,0.00,0.00,89,31.4,92,45.34,0,2.67,95,29.12
9.8,32.5,0.00,0.00,91,31.4,91,45.34,0,2.67,95,29.12
9.8,32.5,0.00,0.00,91,31.4,91,45.34,0,2.67,94,29.12
7.7,32.5,0.00,0.00,89,31.4,92,45.34,0,2.67,94,29.12
8.6,32.5,0.00,0.00,87,31.4,91,45.34,0,2.67,94,29.12
8.6,32.5,0.00,0.00,88,31.4,93,45.34,0,2.67,95,29.12
12.3,32.5,0.00,0.00,89,31.4,91,45.34,0,2.67,96,29.12
7.9,32.5,0.00,0.00,89,31.4,91,45.34,0,2.67,95,29.12
9.6,32.5,0.00,0.00,88,31.4,91,45.34,0,2.67,94,29.12
8.1,32.5,0.00,0.00,89,31.4,91,45.34,0,2.67,94,29.12
10.4,32.5,0.00,0.00,86,31.4,93,45.34,0,2.67,95,29.12
8.9,32.5,0.00,0.00,91,31.4,90,45.34,0,2.67,96,29.12
7.7,32.5,0.00,0.00,92,31.4,91,45.34,0,2.67,95,29.12
9.3,32.5,0.00,0.00,90,31.4,94,45.34,0,2.67,96,29.12
9.4,32.5,0.00,0.00,91,31.4,93,45.34,0,2.67,94,29.12
9.6,32.5,0.00,0.00,92,31.4,94,45.34,0,2.67,95,29.12
7.9,32.5,0.00,0.00,88,31.4,93,45.34,0,2.67,95,29.12
9.2,32.5,0.00,0.00,90,31.4,90,45.34,0,2.67,94,29.12
12.1,32.5,0.00,0.00,90,31.4,93,45.34,0,2.67,94,29.12
8.1,32.5,0.00,0.00,90,31.4,93,45.34,0,2.67,94,29.12
9.2,32.5,0.00,0.00,92,31.4,92,45.34,0,2.67,91,29.12
8.9,32.5,0.00,0.00,89,31.4,94,45.34,0,2.67,96,29.12
10.4,32.5,0.00,0.00,87,31.4,92,45.34,0,2.67,94,29.12
7.7,32.5,0.00,0.00,92,31.4,91,45.34,0,2.67,94,29.12
8.5,32.5,0.00,0.00,88,31.4,94,45.34,0,2.67,89,29.12
10.6,32.5,0.00,0.00,89,31.4,93,45.34,0,2.67,87,29.12
8.5,32.5,0.00,0.00,88,31.4,94,45.34,0,2.67,88,29.12
8.5,32.5,0.00,0.00,91,31.4,92,45.34,0,2.67,86,29.12
7.9,32.5,0.00,0.00,91,31.4,90,45.34,0,2.67,91,29.12
10.3,32.5,0.00,0.00,89,31.4,91,45.34,0,2.67,93,29.12
9.0,32.5,0.00,0.00,90,31.4,93,45.34,0,2.67,96,29.12
7.7,32.5,0.00,0.00,87,31.4,92,45.34,0,2.67,93,29.12
10.0,32.5,0.00,0.00,90,31.4,92,45.34,0,2.67,94,29.12
9.8,32.5,0.00,0.00,91,31.4,91,45.34,0,2.67,95,29.12
9.6,32.5,0.00,0.00,90,31.4,92,45.34,0,2.67,96,29.12
7.9,32.5,0.00,0.00,91,31.4,93,45.34,0,2.67,95,29.12
11.7,31.0,0.00,0.00,93,31.4,92,45.34,0,2.67,89,29.12
11.3,31.2,0.00,0.00,85,31.4,94,45.34,0,2.67,85,29.12
10.4,31.4,0.00,0.00,90,31.4,91,45.34,0,2.67,82,29.12
9.8,31.6,0.00,0.00,80,31.4,94,45.34,0,2.67,87,29.12
10.4,31.8,0.00,0.00,79,31.4,93,45.34,0,2.67,86,29.12
13.4,32.1,0.00,0.00,89,31.4,92,45.34,0,2.67,88,29.12
14.9,32.3,0.00,0.00,84,31.4,94,45.34,0,2.67,83,29.12
59.5,32.5,0.00,0.00,87,31.4,94,45.34,0,2.67,73,29.12
8.1,32.6,0.00,0.00,79,31.4,93,45.34,0,2.67,92,29.12
8.3,32.6,0.00,0.00,88,31.4,94,45.34,0,2.67,93,29.12
8.1,32.6,0.00,0.00,87,31.4,94,45.34,0,2.67,94,29.12
10.6,32.5,0.00,0.00,90,31.4,93,45.34,0,2.67,93,29.12
7.7,32.6,0.00,0.00,91,31.4,93,45.34,0,2.67,96,29.12
9.0,32.5,0.00,0.00,86,31.4,92,45.34,0,2.67,95,29.12
8.8,32.5,0.00,0.00,87,31.4,93,45.34,0,2.67,94,29.12
9.4,32.5,0.00,0.00,87,31.4,93,45.34,0,2.67,85,29.12
10.2,32.5,0.00,0.00,88,31.4,94,45.34,0,2.67,83,29.12
10.4,32.5,0.00,0.00,85,31.4,93,45.34,0,2.67,87,29.12
10.8,32.5,0.00,0.00,92,31.4,94,45.34,0,2.67,84,29.12
9.6,32.5,0.00,0.00,90,31.4,94,45.34,0,2.67,87,29.12
8.9,32.5,0.00,0.00,87,31.4,90,45.34,0,2.67,84,29.12
10.2,32.5,0.00,0.00,91,31.4,92,45.34,0,2.67,85,29.12
8.1,32.5,0.00,0.00,90,31.4,90,45.34,0,2.67,87,29.12
7.9,32.5,0.00,0.00,90,31.4,93,45.34,0,2.67,92,29.12
7.5,32.5,0.00,0.00,91,31.4,95,45.34,0,2.67,92,29.12
9.8,32.5,0.00,0.00,89,31.4,94,45.34,0,2.67,63,29.12
8.1,30.9,0.00,0.00,89,31.4,91,45.34,0,2.67,4,2.67
7.0,27.5,0.00,0.00,81,31.4,93,45.34,0,2.67,0,2.67
6.8,27.5,0.00,0.00,92,31.4,91,45.34,0,2.67,0,2.67
9.0,27.5,0.00,0.00,92,31.4,93,45.34,0,2.67,0,2.67
6.0,27.5,0.00,0.00,92,31.4,94,45.34,0,2.67,0,2.67
5.8,27.5,0.00,0.00,91,31.4,93,45.34,0,2.67,0,2.67
7.5,27.4,0.00,0.00,91,31.4,93,45.34,0,2.67,0,2.67
6.4,27.4,0.00,0.00,92,31.4,92,45.34,0,2.67,0,2.67
6.0,27.4,0.00,0.00,91,31.4,92,45.34,0,2.67,0,2.67
6.0,27.4,0.00,0.00,88,31.4,93,45.34,0,2.67,0,2.67
7.5,27.4,0.00,0.00,91,31.4,94,45.34,0,2.67,0,2.67
5.6,27.4,0.00,0.00,91,31.4,93,45.34,0,2.67,0,2.67
6.0,27.4,0.00,0.00,92,31.4,94,45.34,0,2.67,0,2.67
6.0,27.4,0.00,0.00,89,31.4,94,45.34,0,2.67,0,2.67
9.0,27.4,0.00,0.00,90,31.4,91,45.34,0,2.67,0,2.67
5.8,27.4,0.00,0.00,88,31.4,94,45.34,0,2.67,0,2.67
5.6,27.4,0.00,0.00,88,31.4,94,45.34,0,2.67,0,2.67
5.8,27.4,0.00,0.00,89,31.4,91,45.34,0,2.67,0,2.67
7.1,27.4,0.00,0.00,87,31.4,92,45.34,0,2.67,0,2.67
5.6,27.4,0.00,0.00,90,31.4,93,45.34,0,2.67,0,2.67
5.4,27.4,0.00,0.00,86,31.4,92,45.34,0,2.67,0,2.67
6.3,27.4,0.00,0.00,91,31.4,94,45.34,0,2.67,0,2.67
5.6,27.4,0.00,0.00,92,31.4,88,45.34,0,2.67,0,2.67
5.6,27.4,0.00,0.00,91,31.4,94,45.34,0,2.67,0,2.67
9.7,25.8,0.00,0.00,91,31.4,33,45.34,0,2.67,0,2.67
10.0,26.0,0.00,0.00,82,31.4,61,45.34,0,2.67,0,2.67
9.2,26.2,0.00,0.00,88,31.4,71,45.34,0,2.67,0,2.67
9.0,26.4,0.00,0.00,81,31.4,66,45.34,0,2.67,0,2.67
8.4,26.6,0.00,0.00,84,31.4,65,45.34,0,2.67,0,2.67
8.6,26.9,0.00,0.00,87,31.4,65,45.34,0,2.67,0,2.67
8.8,27.1,0.00,0.00,87,31.4,71,45.34,0,2.67,0,2.67
9.8,27.3,0.00,0.00,87,31.4,65,45.34,0,2.67,0,2.67
6.9,27.5,0.00,0.00,84,31.4,67,45.34,0,2.67,0,2.67
6.7,27.5,0.00,0.00,85,31.4,68,45.34,0,2.67,0,2.67
7.3,27.5,0.00,0.00,89,31.4,66,45.34,0,2.67,0,2.67
7.3,27.5,0.00,0.00,87,31.4,63,45.34,0,2.67,0,2.67
8.3,27.5,0.00,0.00,90,31.4,63,45.34,0,2.67,0,2.67
6.7,27.5,0.00,0.00,89,31.4,66,45.34,0,2.67,0,2.67
6.3,27.5,0.00,0.00,89,31.4,63,45.34,0,2.67,0,2.67
6.9,27.5,0.00,0.00,88,31.4,50,45.34,0,2.67,0,2.67
7.3,27.5,0.00,0.00,90,31.4,53,45.34,0,2.67,0,2.67
5.8,27.5,0.00,0.00,84,31.4,47,45.34,0,2.67,0,2.67
7.1,27.5,0.00,0.00,84,31.4,47,45.34,0,2.67,0,2.67
6.9,27.5,0.00,0.00,83,31.4,51,45.34,0,2.67,0,2.67
7.7,27.5,0.00,0.00,91,31.4,52,45.34,0,2.67,0,2.67
6.7,27.5,0.00,0.00,93,31.4,52,45.34,0,2.67,0,2.67
6.5,27.5,0.00,0.00,92,31.4,64,45.34,0,2.67,0,2.67
8.4,27.5,0.00,0.00,77,31.4,61,45.34,0,2.67,0,2.67
7.3,27.5,0.00,0.00,90,31.4,52,45.34,0,2.67,0,2.67
6.9,27.5,0.00,0.00,87,31.4,65,45.34,0,2.67,0,2.67
6.7,27.5,0.00,0.00,86,31.4,69,45.34,0,2.67,0,2.67
7.1,27.5,0.00,0.00,89,31.4,66,45.34,0,2.67,0,2.67
6.5,27.5,0.00,0.00,89,31.4,67,45.34,0,2.67,0,2.67
6.9,27.5,0.00,0.00,85,31.4,65,45.34,0,2.67,0,2.67
6.3,27.5,0.00,0.00,84,31.4,62,45.34,0,2.67,0,2.67
6.9,27.5,0.00,0.00,79,31.4,65,45.34,0,2.67,0,2.67
7.1,27.5,0.00,0.00,81,31.4,66,45.34,0,2.67,0,2.67
6.7,27.5,0.00,0.00,91,31.4,53,45.34,0,2.67,0,2.67
8.4,25.9,0.00,0.00,89,31.4,61,45.34,0,2.67,0,2.67
9.0,26.1,0.00,0.00,85,31.4,68,45.34,0,2.67,0,2.67
9.4,26.3,0.00,0.00,83,31.4,62,45.34,0,2.67,0,2.67
9.2,26.5,0.00,0.00,87,31.4,62,45.34,0,2.67,0,2.67
9.0,26.7,0.00,0.00,88,31.4,69,45.34,0,2.67,0,2.67
27.5,26.9,0.00,0.00,84,31.4,66,45.34,0,2.67,0,2.67
42.4,27.2,0.00,0.00,88,31.4,63,45.34,0,2.67,0,2.67
8.3,27.3,0.00,0.00,87,31.4,67,45.34,0,2.67,0,2.67
6.9,27.5,0.00,0.00,88,31.4,62,45.34,0,2.67,0,2.67
6.9,27.4,0.00,0.00,87,31.4,63,45.34,0,2.67,0,2.67
7.1,27.4,0.00,0.00,89,31.4,72,45.34,0,2.67,0,2.67
9.1,27.4,0.00,0.00,90,31.4,67,45.34,0,2.67,0,2.67
6.9,27.4,0.00,0.00,91,31.4,66,45.34,0,2.67,0,2.67
7.1,27.4,0.00,0.00,90,31.4,73,45.34,0,2.67,0,2.67
7.1,27.4,0.00,0.00,91,31.4,68,45.34,0,2.67,0,2.67
6.9,27.4,0.00,0.00,90,31.4,67,45.34,0,2.67,0,2.67
7.1,27.4,0.00,0.00,90,31.4,68,45.34,0,2.67,0,2.67
7.3,27.4,0.00,0.00,89,31.4,69,45.34,0,2.67,0,2.67
6.7,27.4,0.00,0.00,86,31.4,71,45.34,0,2.67,0,2.67
6.9,27.4,0.00,0.00,91,31.4,72,45.34,0,2.67,0,2.67
6.7,27.4,0.00,0.00,91,31.4,69,45.34,0,2.67,0,2.67
6.7,27.4,0.00,0.00,91,31.4,56,45.34,0,2.67,0,2.67
8.9,27.4,0.00,0.00,91,31.4,56,45.34,0,2.67,0,2.67
6.7,27.4,0.00,0.00,90,31.4,56,45.34,0,2.67,0,2.67
6.5,27.4,0.00,0.00,91,31.4,65,45.34,0,2.67,0,2.67
7.1,27.4,0.00,0.00,87,31.4,70,45.34,0,2.67,0,2.67
6.9,27.4,0.00,0.00,88,31.4,71,45.34,0,2.67,0,2.67
7.3,27.4,0.00,0.00,90,31.4,63,45.34,0,2.67,0,2.67
7.5,27.4,0.00,0.00,90,31.4,71,45.34,0,2.67,0,2.67
6.9,27.4,0.00,0.00,88,31.4,53,45.34,0,2.67,0,2.67
7.1,27.4,0.00,0.00,88,31.4,56,45.34,0,2.67,0,2.67
7.1,27.4,0.00,0.00,89,31.4,56,45.34,0,2.67,0,2.67
6.9,27.4,0.00,0.00,91,31.4,63,45.34,0,2.67,0,2.67
9.0,27.4,0.00,0.00,90,31.4,64,45.34,0,2.67,0,2.67
6.9,27.4,0.00,0.00,91,31.4,72,45.34,0,2.67,0,2.67
6.9,27.4,0.00,0.00,90,31.4,66,45.34,0,2.67,0,2.67
8.1,27.4,0.00,0.00,92,31.4,66,45.34,0,2.67,0,2.67
7.3,27.4,0.00,0.00,91,31.4,69,45.34,0,2.67,0,2.67
7.1,27.4,0.00,0.00,91,31.4,62,45.34,0,2.67,0,2.67
7.3,27.4,0.00,0.00,92,31.4,69,45.34,0,2.67,0,2.67
6.5,27.4,0.00,0.00,91,31.4,67,45.34,0,2.67,0,2.67
6.9,27.4,0.00,0.00,88,31.4,67,45.34,0,2.67,0,2.67
7.7,27.4,0.00,0.00,91,31.4,58,45.34,0,2.67,0,2.67
7.1,27.4,0.00,0.00,91,31.4,61,45.34,0,2.67,0,2.67
7.3,27.4,0.00,0.00,91,31.4,61,45.34,0,2.67,0,2.67
6.9,27.4,0.00,0.00,91,31.4,63,45.34,0,2.67,0,2.67
7.9,27.4,0.00,0.00,91,31.4,63,45.34,0,2.67,0,2.67
6.9,27.4,0.00,0.00,90,31.4,55,45.34,0,2.67,0,2.67
7.5,27.4,0.00,0.00,90,31.4,63,45.34,0,2.67,0,2.67
7.1,27.4,0.00,0.00,91,31.4,62,45.34,0,2.67,0,2.67
6.9,27.4,0.00,0.00,91,31.4,59,45.34,0,2.67,0,2.67
6.9,27.4,0.00,0.00,91,31.4,60,45.34,0,2.67,0,2.67
7.1,27.4,0.00,0.00,92,31.4,62,45.34,0,2.67,0,2.67
7.1,27.4,0.00,0.00,90,31.4,62,45.34,0,2.67,0,2.67
7.1,27.4,0.00,0.00,88,31.4,62,45.34,0,2.67,0,2.67
7.9,27.4,0.00,0.00,89,31.4,62,45.34,0,2.67,0,2.67
7.1,27.4,0.00,0.00,89,31.4,71,45.34,0,2.67,0,2.67
7.3,27.4,0.00,0.00,90,31.4,66,45.34,0,2.67,0,2.67
6.9,27.4,0.00,0.00,90,31.4,72,45.34,0,2.67,0,2.67
8.1,25.8,0.00,0.00,88,31.4,27,45.34,0,2.67,0,2.67
8.1,26.1,0.00,0.00,83,31.4,90,45.34,0,2.67,0,2.67
58.1,26.3,0.00,0.00,89,31.4,82,45.34,0,2.67,0,2.67
8.7,26.5,0.00,0.00,92,31.4,88,45.34,0,2.67,0,2.67
8.1,26.8,0.00,0.00,86,31.4,87,45.34,0,2.67,0,2.67
8.1,27.0,0.00,0.00,83,31.4,86,45.34,0,2.67,0,2.67
8.7,27.3,0.00,0.00,84,31.4,86,45.34,0,2.67,0,2.67
9.2,27.4,0.00,0.00,86,31.4,87,45.34,0,2.67,0,2.67
6.0,27.4,0.00,0.00,92,31.4,89,45.34,0,2.67,0,2.67
5.4,27.4,0.00,0.00,90,31.4,92,45.34,0,2.67,0,2.67
6.0,27.4,0.00,0.00,91,31.4,89,45.34,0,2.67,0,2.67
7.7,27.4,0.00,0.00,92,31.4,92,45.34,0,2.67,0,2.67
5.6,27.4,0.00,0.00,91,31.4,90,45.34,0,2.67,0,2.67
5.8,27.4,0.00,0.00,91,31.4,90,45.34,0,2.67,0,2.67
6.3,27.4,0.00,0.00,90,31.4,92,45.34,0,2.67,0,2.67
6.5,27.4,0.00,0.00,91,31.4,91,45.34,0,2.67,0,2.67
7.0,27.4,0.00,0.00,89,31.4,91,45.34,0,2.67,0,2.67
8.2,27.4,0.00,0.00,89,31.4,92,45.34,0,2.67,0,2.67
9.3,27.4,0.00,0.00,91,31.4,93,45.34,0,2.67,0,2.67
5.6,27.4,0.00,0.00,90,31.4,93,45.34,0,2.67,0,2.67
6.3,27.4,0.00,0.00,90,31.4,93,45.34,0,2.67,0,2.67
7.5,27.4,0.00,0.00,84,31.4,87,45.34,0,2.67,0,2.67
7.1,27.4,0.00,0.00,90,31.4,90,45.34,0,2.67,0,2.67
4.2,27.4,0.00,0.00,89,31.4,92,45.34,0,2.67,0,2.67
58.5,26.0,0.00,0.00,29,31.4,87,45.34,0,2.67,0,2.67
32.2,26.2,0.00,0.00,86,31.4,94,45.34,0,2.67,0,2.67
73.5,26.4,0.00,0.00,84,31.4,93,45.34,0,2.67,0,2.67
9.8,26.6,0.00,0.00,64,31.4,92,45.34,0,2.67,0,2.67
8.7,26.8,0.00,0.00,84,31.4,87,45.34,0,2.67,0,2.67
7.7,27.0,0.00,0.00,82,31.4,86,45.34,0,2.67,0,2.67
7.1,27.2,0.00,0.00,87,31.4,86,45.34,0,2.67,0,2.67
89.4,27.4,0.00,0.00,85,31.4,93,45.34,0,2.67,0,2.67
7.9,27.5,0.00,0.00,89,31.4,93,45.34,0,2.67,0,2.67
5.6,27.5,0.00,0.00,87,31.4,95,45.34,0,2.67,0,2.67
6.3,27.4,0.00,0.00,86,31.4,95,45.34,0,2.67,0,2.67
6.2,27.4,0.00,0.00,89,31.4,95,45.34,0,2.67,0,2.67
5.6,27.4,0.00,0.00,89,31.4,95,45.34,0,2.67,0,2.67
7.7,27.4,0.00,0.00,89,31.4,94,45.34,0,2.67,0,2.67
6.2,27.4,0.00,0.00,90,31.4,96,45.34,0,2.67,0,2.67
6.2,27.4,0.00,0.00,92,31.4,95,45.34,0,2.67,0,2.67
7.1,27.4,0.00,0.00,85,31.4,95,45.34,0,2.67,0,2.67
5.4,27.4,0.00,0.00,88,31.4,96,45.34,0,2.67,0,2.67
7.5,27.4,0.00,0.00,90,31.4,96,45.34,0,2.67,0,2.67
5.6,27.4,0.00,0.00,91,31.4,94,45.34,0,2.67,0,2.67
5.6,27.4,0.00,0.00,91,31.4,94,45.34,0,2.67,0,2.67
7.9,27.4,0.00,0.00,84,31.4,93,45.34,0,2.67,0,2.67
6.0,27.4,0.00,0.00,81,31.4,96,45.34,0,2.67,0,2.67
5.8,27.4,0.00,0.00,84,31.4,94,45.34,0,2.67,0,2.67
6.3,27.4,0.00,0.00,83,31.4,93,45.34,0,2.67,0,2.67
6.1,27.4,0.00,0.00,91,31.4,93,45.34,0,2.67,0,2.67
7.3,27.4,0.00,0.00,88,31.4,94,45.34,0,2.67,0,2.67
6.3,27.4,0.00,0.00,89,31.4,95,45.34,0,2.67,0,2.67
6.2,27.4,0.00,0.00,90,31.4,93,45.34,0,2.67,0,2.67
7.7,27.4,0.00,0.00,89,31.4,94,45.34,0,2.67,0,2.67
5.8,27.4,0.00,0.00,89,31.4,95,45.34,0,2.67,0,2.67
7.0,27.4,0.00,0.00,89,31.4,95,45.34,0,2.67,0,2.67
6.9,27.4,0.00,0.00,88,31.4,95,45.34,0,2.67,0,2.67
6.0,27.4,0.00,0.00,88,31.4,93,45.34,0,2.67,0,2.67
5.8,27.4,0.00,0.00,87,31.4,95,45.34,0,2.67,0,2.67
7.1,27.4,0.00,0.00,87,31.4,94,45.34,0,2.67,0,2.67
6.4,27.4,0.00,0.00,86,31.4,93,45.34,0,2.67,0,2.67
6.5,27.4,0.00,0.00,89,31.4,93,45.34,0,2.67,0,2.67
6.4,27.4,0.00,0.00,90,31.4,95,45.34,0,2.67,0,2.67
5.8,27.4,0.00,0.00,92,31.4,91,45.34,0,2.67,0,2.67
6.7,27.4,0.00,0.00,90,31.4,94,45.34,0,2.67,0,2.67
5.6,27.4,0.00,0.00,91,31.4,95,45.34,0,2.67,0,2.67
5.6,27.4,0.00,0.00,87,31.4,96,45.34,0,2.67,0,2.67
7.9,27.4,0.00,0.00,87,31.4,94,45.34,0,2.67,0,2.67
5.8,27.4,0.00,0.00,83,31.4,94,45.34,0,2.67,0,2.67
7.1,27.4,0.00,0.00,89,31.4,95,45.34,0,2.67,0,2.67
5.6,27.4,0.00,0.00,91,31.4,95,45.34,0,2.67,0,2.67
6.0,27.4,0.00,0.00,91,31.4,95,45.34,0,2.67,0,2.67
7.1,27.4,0.00,0.00,91,31.4,93,45.34,0,2.67,0,2.67
5.8,27.4,0.00,0.00,91,31.4,95,45.34,0,2.67,0,2.67
5.4,27.4,0.00,0.00,90,31.4,95,45.34,0,2.67,0,2.67
7.3,27.4,0.00,0.00,91,31.4,95,45.34,0,2.67,0,2.67
5.8,27.4,0.00,0.00,85,31.4,94,45.34,0,2.67,0,2.67
5.8,27.4,0.00,0.00,88,31.4,93,45.34,0,2.67,0,2.67
7.3,27.4,0.00,0.00,88,31.4,95,45.34,0,2.67,0,2.67
6.0,27.4,0.00,0.00,90,31.4,91,45.34,0,2.67,0,2.67
6.2,27.4,0.00,0.00,89,31.4,92,45.34,0,2.67,0,2.67
7.3,27.4,0.00,0.00,87,31.4,94,45.34,0,2.67,0,2.67
6.4,27.4,0.00,0.00,87,31.4,95,45.34,0,2.67,0,2.67
7.1,27.4,0.00,0.00,87,31.4,93,45.34,0,2.67,0,2.67
6.7,27.4,0.00,0.00,88,31.4,93,45.34,0,2.67,0,2.67
5.6,27.4,0.00,0.00,90,31.4,94,45.34,0,2.67,0,2.67
6.9,27.4,0.00,0.00,90,31.4,94,45.34,0,2.67,0,2.67
6.5,27.4,0.00,0.00,91,31.4,95,45.34,0,2.67,0,2.67
6.0,27.4,0.00,0.00,89,31.4,94,45.34,0,2.67,0,2.67
6.5,27.4,0.00,0.00,89,31.4,94,45.34,0,2.67,0,2.67
6.3,27.4,0.00,0.00,91,31.4,94,45.34,0,2.67,0,2.67
6.0,27.4,0.00,0.00,91,31.4,93,45.34,0,2.67,0,2.67
7.3,27.4,0.00,0.00,88,31.4,93,45.34,0,2.67,0,2.67
6.0,27.4,0.00,0.00,89,31.4,94,45.34,0,2.67,0,2.67
6.1,27.4,0.00,0.00,92,31.4,94,45.34,0,2.67,0,2.67
7.9,27.4,0.00,0.00,91,31.4,93,45.34,0,2.67,0,2.67
5.6,27.4,0.00,0.00,89,31.4,93,45.34,0,2.67,0,2.67
6.2,27.4,0.00,0.00,83,31.4,94,45.34,0,2.67,0,2.67
7.5,27.4,0.00,0.00,81,31.4,94,45.34,0,2.67,0,2.67
5.2,27.4,0.00,0.00,89,31.4,93,45.34,0,2.67,0,2.67
6.4,27.4,0.00,0.00,79,31.4,94,45.34,0,2.67,0,2.67
6.3,27.4,0.00,0.00,83,31.4,94,45.34,0,2.67,0,2.67
5.8,27.4,0.00,0.00,80,31.4,94,45.34,0,2.67,0,2.67
6.3,27.4,0.00,0.00,80,31.4,93,45.34,0,2.67,0,2.67
6.9,27.4,0.00,0.00,89,31.4,94,45.34,0,2.67,0,2.67
6.3,27.4,0.00,0.00,90,31.4,92,45.34,0,2.67,0,2.67
6.7,27.4,0.00,0.00,89,31.4,94,45.34,0,2.67,0,2.67
4.8,27.4,0.00,0.00,91,31.4,93,45.34,0,2.67,0,2.67
7.7,26.0,0.00,0.00,18,31.4,94,45.34,0,2.67,0,2.67
7.9,26.1,0.00,0.00,88,31.4,85,45.34,0,2.67,0,2.67
7.7,26.4,0.00,0.00,82,31.4,85,45.34,0,2.67,0,2.67
8.1,26.6,0.00,0.00,85,31.4,85,45.34,0,2.67,0,2.67
7.9,26.8,0.00,0.00,82,31.4,88,45.34,0,2.67,0,2.67
8.1,27.0,0.00,0.00,84,31.4,90,45.34,0,2.67,0,2.67
8.7,27.3,0.00,0.00,84,31.4,84,45.34,0,2.67,0,2.67
9.2,27.4,0.00,0.00,87,31.4,89,45.34,0,2.67,0,2.67
7.9,27.5,0.00,0.00,92,31.4,93,45.34,0,2.67,0,2.67
7.0,27.5,0.00,0.00,93,31.4,93,45.34,0,2.67,0,2.67
7.1,27.5,0.00,0.00,89,31.4,90,45.34,0,2.67,0,2.67
6.3,27.5,0.00,0.00,90,31.4,92,45.34,0,2.67,0,2.67
5.8,27.4,0.00,0.00,90,31.4,92,45.34,0,2.67,0,2.67
5.6,27.5,0.00,0.00,90,31.4,90,45.34,0,2.67,0,2.67
7.7,27.4,0.00,0.00,88,31.4,91,45.34,0,2.67,0,2.67
5.6,27.4,0.00,0.00,87,31.4,93,45.34,0,2.67,0,2.67
6.2,27.4,0.00,0.00,87,31.4,90,45.34,0,2.67,0,2.67
6.3,27.4,0.00,0.00,91,31.4,92,45.34,0,2.67,0,2.67
7.5,27.5,0.00,0.00,91,31.4,92,45.34,0,2.67,0,2.67
7.5,27.4,0.00,0.00,91,31.4,90,45.34,0,2.67,0,2.67
5.6,27.4,0.00,0.00,87,31.4,89,45.34,0,2.67,0,2.67
6.3,27.5,0.00,0.00,87,31.4,91,45.34,0,2.67,0,2.67
7.9,27.5,0.00,0.00,90,31.4,90,45.34,0,2.67,0,2.67
5.4,27.5,0.00,0.00,90,31.4,92,45.34,0,2.67,0,2.67
5.4,27.5,0.00,0.00,89,31.4,94,45.34,0,2.67,0,2.67
6.5,27.5,0.00,0.00,87,31.4,93,45.34,0,2.67,0,2.67
7.3,27.5,0.00,0.00,90,31.4,92,45.34,0,2.67,0,2.67
6.0,27.5,0.00,0.00,92,31.4,93,45.34,0,2.67,0,2.67
5.8,27.5,0.00,0.00,93,31.4,92,45.34,0,2.67,0,2.67
7.7,27.5,0.00,0.00,93,31.4,91,45.34,0,2.67,0,2.67
5.6,27.5,0.00,0.00,93,31.4,92,45.34,0,2.67,0,2.67
5.8,27.5,0.00,0.00,93,31.4,91,45.34,0,2.67,0,2.67
7.7,27.5,0.00,0.00,91,31.4,91,45.34,0,2.67,0,2.67
6.2,27.5,0.00,0.00,91,31.4,93,45.34,0,2.67,0,2.67
6.0,27.5,0.00,0.00,92,31.4,93,45.34,0,2.67,0,2.67
6.9,27.5,0.00,0.00,93,31.4,91,45.34,0,2.67,0,2.67
6.5,27.5,0.00,0.00,92,31.4,93,45.34,0,2.67,0,2.67
5.4,27.5,0.00,0.00,92,31.4,92,45.34,0,2.67,0,2.67
5.8,27.5,0.00,0.00,92,31.4,87,45.34,0,2.67,0,2.67
6.5,27.5,0.00,0.00,91,31.4,91,45.34,0,2.67,0,2.67
8.5,27.5,0.00,0.00,93,31.4,92,45.34,0,2.67,0,2.67
6.0,27.5,0.00,0.00,91,31.4,92,45.34,0,2.67,0,2.67
5.9,27.5,0.00,0.00,92,31.4,93,45.34,0,2.67,0,2.67
7.9,27.5,0.00,0.00,92,31.4,93,45.34,0,2.67,0,2.67
5.6,27.5,0.00,0.00,92,31.4,91,45.34,0,2.67,0,2.67
6.0,27.5,0.00,0.00,92,31.4,88,45.34,0,2.67,0,2.67
7.7,27.5,0.00,0.00,92,31.4,92,45.34,0,2.67,0,2.67
5.8,27.5,0.00,0.00,91,31.4,91,45.34,0,2.67,0,2.67
5.8,27.5,0.00,0.00,91,31.4,92,45.34,0,2.67,0,2.67
8.3,27.5,0.00,0.00,92,31.4,93,45.34,0,2.67,0,2.67
6.2,27.5,0.00,0.00,88,31.4,93,45.34,0,2.67,0,2.67
7.7,27.5,0.00,0.00,91,31.4,91,45.34,0,2.67,0,2.67
7.3,27.5,0.00,0.00,92,31.4,92,45.34,0,2.67,0,2.67
5.8,27.5,0.00,0.00,92,31.4,93,45.34,0,2.67,0,2.67
6.9,27.5,0.00,0.00,91,31.4,94,45.34,0,2.67,0,2.67
6.7,27.5,0.00,0.00,92,31.4,92,45.34,0,2.67,0,2.67
5.8,27.5,0.00,0.00,91,31.4,91,45.34,0,2.67,0,2.67
6.7,27.5,0.00,0.00,92,31.4,92,45.34,0,2.67,0,2.67
7.3,27.5,0.00,0.00,88,31.4,93,45.34,0,2.67,0,2.67
5.6,27.5,0.00,0.00,89,31.4,90,45.34,0,2.67,0,2.67
5.2,27.5,0.00,0.00,87,31.4,74,45.34,0,2.67,0,2.67
7.3,27.5,0.00,0.00,74,31.4,73,45.34,0,2.67,0,2.67
8.1,27.5,0.00,0.00,90,31.4,90,45.34,0,2.67,0,2.67
5.8,27.5,0.00,0.00,91,31.4,90,45.34,0,2.67,0,2.67
5.9,27.5,0.00,0.00,89,31.4,91,45.34,0,2.67,0,2.67
7.9,27.5,0.00,0.00,87,31.4,90,45.34,0,2.67,0,2.67
6.0,27.5,0.00,0.00,88,31.4,91,45.34,0,2.67,0,2.67
6.0,27.5,0.00,0.00,93,31.4,93,45.34,0,2.67,0,2.67
7.5,27.5,0.00,0.00,92,31.4,93,45.34,0,2.67,0,2.67
6.0,27.5,0.00,0.00,92,31.4,91,45.34,0,2.67,0,2.67
5.4,27.5,0.00,0.00,91,31.4,91,45.34,0,2.67,0,2.67
8.1,27.5,0.00,0.00,92,31.4,92,45.34,0,2.67,0,2.67
5.8,27.5,0.00,0.00,91,31.4,91,45.34,0,2.67,0,2.67
6.5,27.5,0.00,0.00,90,31.4,93,45.34,0,2.67,0,2.67
6.4,25.8,0.00,0.00,87,31.4,16,45.34,0,2.67,0,2.67
9.0,26.0,0.00,0.00,86,31.4,65,45.34,0,2.67,0,2.67
8.8,26.2,0.00,0.00,86,31.4,58,45.34,0,2.67,0,2.67
9.4,26.5,0.00,0.00,87,31.4,66,45.34,0,2.67,0,2.67
8.8,26.7,0.00,0.00,92,31.4,66,45.34,0,2.67,0,2.67
8.3,26.9,0.00,0.00,93,31.4,57,45.34,0,2.67,0,2.67
9.4,27.1,0.00,0.00,88,31.4,49,45.34,0,2.67,0,2.67
59.3,27.3,0.00,0.00,83,31.4,50,45.34,0,2.67,0,2.67
9.3,25.7,0.00,0.00,18,17.04,61,45.34,0,2.67,0,2.67
7.1,22.5,0.00,0.00,88,17.04,65,45.34,0,2.67,0,2.67
6.9,22.5,0.00,0.00,79,17.04,59,45.34,0,2.67,0,2.67
6.5,22.5,0.00,0.00,73,17.04,60,45.34,0,2.67,0,2.67
7.5,22.5,0.00,0.00,77,17.04,51,45.34,0,2.67,0,2.67
6.7,22.5,0.00,0.00,90,17.04,61,45.34,0,2.67,0,2.67
6.7,22.5,0.00,0.00,89,17.04,66,45.34,0,2.67,0,2.67
6.9,22.5,0.00,0.00,87,17.04,56,45.34,0,2.67,0,2.67
6.4,22.5,0.00,0.00,85,17.04,60,45.34,0,2.67,0,2.67
7.1,22.5,0.00,0.00,88,17.04,62,45.34,0,2.67,0,2.67
7.1,22.5,0.00,0.00,89,17.04,47,45.34,0,2.67,0,2.67
6.9,22.5,0.00,0.00,88,17.04,61,45.34,0,2.67,0,2.67
8.5,22.5,0.00,0.00,91,17.04,55,45.34,0,2.67,0,2.67
6.5,22.5,0.00,0.00,89,17.04,55,45.34,0,2.67,0,2.67
6.9,22.5,0.00,0.00,77,17.04,61,45.34,0,2.67,0,2.67
6.9,22.5,0.00,0.00,88,17.04,61,45.34,0,2.67,0,2.67
7.1,22.5,0.00,0.00,84,17.04,67,45.34,0,2.67,0,2.67
7.1,22.5,0.00,0.00,87,17.04,64,45.34,0,2.67,0,2.67
7.3,22.5,0.00,0.00,88,17.04,61,45.34,0,2.67,0,2.67
7.3,22.5,0.00,0.00,88,17.04,60,45.34,0,2.67,0,2.67
6.1,22.5,0.00,0.00,89,17.04,52,45.34,0,2.67,0,2.67
6.7,22.5,0.00,0.00,90,17.04,61,45.34,0,2.67,0,2.67
7.1,22.5,0.00,0.00,86,17.04,53,45.34,0,2.67,0,2.67
7.7,22.5,0.00,0.00,83,17.04,57,45.34,0,2.67,0,2.67
6.7,22.5,0.00,0.00,86,17.04,56,45.34,0,2.67,0,2.67
6.5,22.5,0.00,0.00,88,17.04,57,45.34,0,2.67,0,2.67
6.9,22.5,0.00,0.00,89,17.04,57,45.34,0,2.67,0,2.67
7.3,22.5,0.00,0.00,89,17.04,59,45.34,0,2.67,0,2.67
6.9,22.5,0.00,0.00,88,17.04,61,45.34,0,2.67,0,2.67
7.1,22.5,0.00,0.00,85,17.04,60,45.34,0,2.67,0,2.67
6.7,22.5,0.00,0.00,78,17.04,64,45.34,0,2.67,0,2.67
6.9,22.5,0.00,0.00,80,17.04,65,45.34,0,2.67,0,2.67
6.3,22.5,0.00,0.00,87,17.04,61,45.34,0,2.67,0,2.67
8.8,22.5,0.00,0.00,85,17.04,61,45.34,0,2.67,0,2.67
7.9,22.5,0.00,0.00,89,17.04,62,45.34,0,2.67,0,2.67
6.9,22.5,0.00,0.00,87,17.04,64,45.34,0,2.67,0,2.67
6.9,22.5,0.00,0.00,87,17.04,65,45.34,0,2.67,0,2.67
6.9,22.5,0.00,0.00,86,17.04,65,45.34,0,2.67,0,2.67
6.7,22.5,0.00,0.00,84,17.04,60,45.34,0,2.67,0,2.67
6.9,22.5,0.00,0.00,82,17.04,61,45.34,0,2.67,0,2.67
6.0,22.5,0.00,0.00,84,17.04,60,45.34,0,2.67,0,2.67
7.3,22.5,0.00,0.00,87,17.04,60,45.34,0,2.67,0,2.67
7.3,22.5,0.00,0.00,91,17.04,62,45.34,0,2.67,0,2.67
7.5,22.5,0.00,0.00,90,17.04,65,45.34,0,2.67,0,2.67
7.1,22.5,0.00,0.00,88,17.04,66,45.34,0,2.67,0,2.67
5.8,22.5,0.00,0.00,91,17.04,63,45.34,0,2.67,0,2.67
6.5,22.5,0.00,0.00,88,17.04,57,45.34,0,2.67,0,2.67
6.7,22.5,0.00,0.00,79,17.04,56,45.34,0,2.67,0,2.67
7.1,22.5,0.00,0.00,87,17.04,63,45.34,0,2.67,0,2.67
6.9,22.5,0.00,0.00,84,17.04,61,45.34,0,2.67,0,2.67
7.7,22.5,0.00,0.00,84,17.04,66,45.34,0,2.67,0,2.67
6.5,22.5,0.00,0.00,88,17.04,56,45.34,0,2.67,0,2.67
7.3,22.5,0.00,0.00,91,17.04,48,45.34,0,2.67,0,2.67
7.5,22.5,0.00,0.00,85,17.04,60,45.34,0,2.67,0,2.67
8.1,22.5,0.00,0.00,81,17.04,58,45.34,0,2.67,0,2.67
6.9,22.5,0.00,0.00,89,17.04,65,45.34,0,2.67,0,2.67
7.1,22.5,0.00,0.00,88,17.04,54,45.34,0,2.67,0,2.67
7.1,22.5,0.00,0.00,87,17.04,59,45.34,0,2.67,0,2.67
7.3,22.5,0.00,0.00,86,17.04,56,45.34,0,2.67,0,2.67
7.3,22.5,0.00,0.00,90,17.04,58,45.34,0,2.67,0,2.67
7.1,22.5,0.00,0.00,89,17.04,55,45.34,0,2.67,0,2.67
7.1,22.5,0.00,0.00,88,17.04,57,45.34,0,2.67,0,2.67
6.9,22.5,0.00,0.00,87,17.04,64,45.34,0,2.67,0,2.67
6.7,22.5,0.00,0.00,90,17.04,51,45.34,0,2.67,0,2.67
8.5,22.5,0.00,0.00,89,17.04,51,45.34,0,2.67,0,2.67
6.7,22.5,0.00,0.00,90,17.04,63,45.34,0,2.67,0,2.67
11.4,22.6,0.00,0.00,84,17.04,59,45.34,0,2.67,0,2.67
10.5,22.5,0.00,0.00,85,17.04,65,45.34,0,2.67,0,2.67
9.9,22.5,0.00,0.00,88,17.04,65,45.34,0,2.67,0,2.67
9.0,22.5,0.00,0.00,86,17.04,55,45.34,0,2.67,0,2.67
11.3,22.5,0.00,0.00,89,17.04,64,45.34,0,2.67,0,2.67
10.6,22.5,0.00,0.00,89,17.04,59,45.34,0,2.67,0,2.67
10.5,22.5,0.00,0.00,87,17.04,60,45.34,0,2.67,0,2.67
6.9,22.5,0.00,0.00,89,17.04,65,45.34,0,2.67,0,2.67
7.1,22.5,0.00,0.00,91,17.04,65,45.34,0,2.67,0,2.67
7.3,22.5,0.00,0.00,88,17.04,63,45.34,0,2.67,0,2.67
6.5,22.5,0.00,0.00,91,17.04,59,45.34,0,2.67,0,2.67
6.9,22.5,0.00,0.00,89,17.04,64,45.34,0,2.67,0,2.67
6.9,22.5,0.00,0.00,81,17.04,64,45.34,0,2.67,0,2.67
7.1,22.5,0.00,0.00,84,17.04,65,45.34,0,2.67,0,2.67
6.9,22.5,0.00,0.00,87,17.04,60,45.34,0,2.67,0,2.67
6.9,22.5,0.00,0.00,81,17.04,61,45.34,0,2.67,0,2.67
6.7,22.5,0.00,0.00,92,17.04,57,45.34,0,2.67,0,2.67
7.1,22.5,0.00,0.00,90,17.04,63,45.34,0,2.67,0,2.67
7.1,22.5,0.00,0.00,92,17.04,62,45.34,0,2.67,0,2.67
13.7,22.5,0.00,0.00,92,17.04,66,45.34,0,2.67,0,2.67
5.6,21.1,0.00,0.00,0,17.04,56,45.34,0,2.67,0,2.67
8.8,21.3,0.00,0.00,0,17.04,44,45.34,0,2.67,0,2.67
7.5,20.0,0.00,0.00,0,17.04,84,45.34,0,2.67,0,2.67
7.2,20.4,0.00,0.00,0,17.04,87,45.34,0,2.67,0,2.67
6.3,20.9,0.00,0.00,0,17.04,81,45.34,0,2.67,0,2.67
6.7,21.3,0.00,0.00,0,17.04,88,45.34,0,2.67,0,2.67
6.7,21.8,0.00,0.00,0,17.04,80,45.34,0,2.67,0,2.67
7.8,22.1,0.00,0.00,25,17.04,85,45.34,0,2.67,0,2.67
64.8,22.3,0.00,0.00,86,17.04,89,45.34,0,2.67,0,2.67
7.5,22.5,0.00,0.00,85,17.04,91,45.34,0,2.67,0,2.67
8.1,22.5,0.00,0.00,90,17.04,88,45.34,0,2.67,0,2.67
6.2,22.5,0.00,0.00,89,17.04,88,45.34,0,2.67,0,2.67
5.8,22.5,0.00,0.00,89,17.04,89,45.34,0,2.67,0,2.67
6.3,22.5,0.00,0.00,87,17.04,88,45.34,0,2.67,0,2.67
7.5,22.5,0.00,0.00,91,17.04,87,45.34,0,2.67,0,2.67
6.0,22.5,0.00,0.00,88,17.04,91,45.34,0,2.67,0,2.67
6.1,22.5,0.00,0.00,91,17.04,92,45.34,0,2.67,0,2.67
7.3,22.5,0.00,0.00,90,17.04,89,45.34,0,2.67,0,2.67
6.0,22.5,0.00,0.00,92,17.04,92,45.34,0,2.67,0,2.67
5.8,22.5,0.00,0.00,91,17.04,92,45.34,0,2.67,0,2.67
7.7,22.5,0.00,0.00,92,17.04,90,45.34,0,2.67,0,2.67
7.5,22.5,0.00,0.00,91,17.04,89,45.34,0,2.67,0,2.67
6.0,22.5,0.00,0.00,90,17.04,90,45.34,0,2.67,0,2.67
5.8,22.5,0.00,0.00,91,17.04,90,45.34,0,2.67,0,2.67
6.9,22.5,0.00,0.00,91,17.04,90,45.34,0,2.67,0,2.67
6.3,22.5,0.00,0.00,91,17.04,92,45.34,0,2.67,0,2.67
5.8,22.5,0.00,0.00,91,17.04,93,45.34,0,2.67,0,2.67
6.2,22.5,0.00,0.00,92,17.04,92,45.34,0,2.67,0,2.67
7.1,22.5,0.00,0.00,91,17.04,93,45.34,0,2.67,0,2.67
5.8,22.5,0.00,0.00,92,17.04,92,45.34,0,2.67,0,2.67
7.7,22.5,0.00,0.00,92,17.04,92,45.34,0,2.67,0,2.67
7.9,22.5,0.00,0.00,92,17.04,89,45.34,0,2.67,0,2.67
5.6,22.5,0.00,0.00,91,17.04,94,45.34,0,2.67,0,2.67
6.5,22.5,0.00,0.00,90,17.04,92,45.34,0,2.67,0,2.67
7.7,22.5,0.00,0.00,91,17.04,91,45.34,0,2.67,0,2.67
6.2,22.5,0.00,0.00,92,17.04,90,45.34,0,2.67,0,2.67
6.0,22.5,0.00,0.00,91,17.04,93,45.34,0,2.67,0,2.67
6.5,22.5,0.00,0.00,90,17.04,90,45.34,0,2.67,0,2.67
6.7,22.5,0.00,0.00,92,17.04,91,45.34,0,2.67,0,2.67
5.8,22.5,0.00,0.00,91,17.04,92,45.34,0,2.67,0,2.67
6.3,22.5,0.00,0.00,92,17.04,93,45.34,0,2.67,0,2.67
7.5,22.5,0.00,0.00,92,17.04,93,45.34,0,2.67,0,2.67
5.8,22.5,0.00,0.00,91,17.04,93,45.34,0,2.67,0,2.67
5.8,22.5,0.00,0.00,92,17.04,94,45.34,0,2.67,0,2.67
7.7,22.5,0.00,0.00,91,17.04,92,45.34,0,2.67,0,2.67
6.0,22.5,0.00,0.00,89,17.04,92,45.34,0,2.67,0,2.67
5.8,22.5,0.00,0.00,91,17.04,93,45.34,0,2.67,0,2.67
7.1,22.5,0.00,0.00,92,17.04,94,45.34,0,2.67,0,2.67
5.6,22.5,0.00,0.00,93,17.04,93,45.34,0,2.67,0,2.67
5.8,22.5,0.00,0.00,91,17.04,91,45.34,0,2.67,0,2.67
6.7,22.5,0.00,0.00,92,17.04,89,45.34,0,2.67,0,2.67
7.5,22.5,0.00,0.00,90,17.04,90,45.34,0,2.67,0,2.67
5.6,22.5,0.00,0.00,91,17.04,91,45.34,0,2.67,0,2.67
6.2,22.5,0.00,0.00,92,17.04,92,45.34,0,2.67,0,2.67
6.7,22.5,0.00,0.00,92,17.04,93,45.34,0,2.67,0,2.67
6.5,22.5,0.00,0.00,91,17.04,92,45.34,0,2.67,0,2.67
5.8,22.5,0.00,0.00,90,17.04,93,45.34,0,2.67,0,2.67
5.8,22.5,0.00,0.00,88,17.04,94,45.34,0,2.67,0,2.67
7.7,22.5,0.00,0.00,84,17.04,90,45.34,0,2.67,0,2.67
6.5,22.5,0.00,0.00,83,17.04,93,45.34,0,2.67,0,2.67
6.0,22.5,0.00,0.00,83,17.04,93,45.34,0,2.67,0,2.67
7.7,22.5,0.00,0.00,80,17.04,95,45.34,0,2.67,0,2.67
6.0,22.5,0.00,0.00,84,17.04,95,45.34,0,2.67,0,2.67
6.7,22.5,0.00,0.00,81,17.04,94,45.34,0,2.67,0,2.67
6.8,22.5,0.00,0.00,87,17.04,93,45.34,0,2.67,0,2.67
6.0,22.5,0.00,0.00,91,17.04,94,45.34,0,2.67,0,2.67
7.5,22.5,0.00,0.00,91,17.04,94,45.34,0,2.67,0,2.67
5.8,22.5,0.00,0.00,90,17.04,94,45.34,0,2.67,0,2.67
5.8,22.5,0.00,0.00,91,17.04,93,45.34,0,2.67,0,2.67
6.9,22.5,0.00,0.00,91,17.04,93,45.34,0,2.67,0,2.67
5.8,22.5,0.00,0.00,91,17.04,96,45.34,0,2.67,0,2.67
8.6,22.5,0.00,0.00,91,17.04,94,45.34,0,2.67,0,2.67
6.0,22.5,0.00,0.00,91,17.04,94,45.34,0,2.67,0,2.67
5.8,22.5,0.00,0.00,90,17.04,94,45.34,0,2.67,0,2.67
7.7,22.5,0.00,0.00,90,17.04,93,45.34,0,2.67,0,2.67
5.4,22.5,0.00,0.00,90,17.04,95,45.34,0,2.67,0,2.67
6.9,22.5,0.00,0.00,90,17.04,95,45.34,0,2.67,0,2.67
5.8,22.5,0.00,0.00,90,17.04,96,45.34,0,2.67,0,2.67
5.6,22.5,0.00,0.00,90,17.04,95,45.34,0,2.67,0,2.67
6.7,22.5,0.00,0.00,92,17.04,94,45.34,0,2.67,0,2.67
5.8,22.5,0.00,0.00,91,17.04,95,45.34,0,2.67,0,2.67
8.7,22.5,0.00,0.00,90,17.04,95,45.34,0,2.67,0,2.67
6.0,22.5,0.00,0.00,88,17.04,95,45.34,0,2.67,0,2.67
6.0,22.5,0.00,0.00,86,17.04,95,45.34,0,2.67,0,2.67
7.1,22.5,0.00,0.00,85,17.04,94,45.34,0,2.67,0,2.67
5.6,22.5,0.00,0.00,89,17.04,95,45.34,0,2.67,0,2.67
6.9,22.5,0.00,0.00,87,17.04,95,45.34,0,2.67,0,2.67
6.2,22.5,0.00,0.00,90,17.04,95,45.34,0,2.67,0,2.67
6.0,22.5,0.00,0.00,90,17.04,96,45.34,0,2.67,0,2.67
6.9,20.8,0.00,0.00,8,16.25,92,45.34,0,2.67,0,2.67
2.5,17.4,0.00,0.00,2,2.67,94,45.34,0,2.67,0,2.67
4.8,17.4,0.00,0.00,0,2.67,96,45.34,0,2.67,0,2.67
2.3,17.4,0.00,0.00,0,2.67,96,45.34,0,2.67,0,2.67
2.7,17.4,0.00,0.00,0,2.67,95,45.34,0,2.67,0,2.67
3.3,17.4,0.00,0.00,0,2.67,96,45.34,0,2.67,0,2.67
2.7,17.4,0.00,0.00,0,2.67,96,45.34,0,2.67,0,2.67
4.4,17.4,0.00,0.00,0,2.67,96,45.34,0,2.67,0,2.67
2.3,17.4,0.00,0.00,0,2.67,94,45.34,0,2.67,0,2.67
2.9,17.4,0.00,0.00,0,2.67,95,45.34,0,2.67,0,2.67
2.7,17.4,0.00,0.00,0,2.67,97,45.34,0,2.67,0,2.67
2.3,17.4,0.00,0.00,0,2.67,97,45.34,0,2.67,0,2.67
5.2,17.4,0.00,0.00,0,2.67,96,45.34,0,2.67,0,2.67
2.5,17.4,0.00,0.00,0,2.67,96,45.34,0,2.67,0,2.67
4.2,17.4,0.00,0.00,0,2.67,95,45.34,0,2.67,0,2.67
2.9,17.4,0.00,0.00,0,2.67,95,45.34,0,2.67,0,2.67
3.5,17.4,0.00,0.00,0,2.67,96,45.34,0,2.67,0,2.67
2.3,17.4,0.00,0.00,0,2.67,96,45.34,0,2.67,0,2.67
2.3,17.4,0.00,0.00,0,2.67,96,45.34,0,2.67,0,2.67
4.2,17.4,0.00,0.00,0,2.67,96,45.34,0,2.67,0,2.67
2.5,17.4,0.00,0.00,0,2.67,94,45.34,0,2.67,0,2.67
3.1,17.4,0.00,0.00,0,2.67,95,45.34,0,2.67,0,2.67
2.3,17.4,0.00,0.00,0,2.67,95,45.34,0,2.67,0,2.67
2.5,17.4,0.00,0.00,0,2.67,97,45.34,0,2.67,0,2.67
3.1,17.4,0.00,0.00,0,2.67,96,45.34,0,2.67,0,2.67
2.5,17.4,0.00,0.00,0,2.67,96,45.34,0,2.67,0,2.67
3.6,17.4,0.00,0.00,0,2.67,96,45.34,0,2.67,0,2.67
2.5,17.4,0.00,0.00,0,2.67,96,45.34,0,2.67,0,2.67
4.1,17.4,0.00,0.00,0,2.67,95,45.34,0,2.67,0,2.67
2.3,17.4,0.00,0.00,0,2.67,96,45.34,0,2.67,0,2.67
2.9,17.4,0.00,0.00,0,2.67,95,45.34,0,2.67,0,2.67
4.4,17.4,0.00,0.00,0,2.67,95,45.34,0,2.67,0,2.67
2.3,17.4,0.00,0.00,0,2.67,94,45.34,0,2.67,0,2.67
4.0,17.4,0.00,0.00,0,2.67,96,45.34,0,2.67,0,2.67
2.3,17.4,0.00,0.00,0,2.67,95,45.34,0,2.67,0,2.67
4.4,17.4,0.00,0.00,0,2.67,96,45.34,0,2.67,0,2.67
1.9,17.4,0.00,0.00,0,2.67,96,45.34,0,2.67,0,2.67
3.3,17.4,0.00,0.00,0,2.67,95,45.34,0,2.67,0,2.67
2.7,17.4,0.00,0.00,0,2.67,95,45.34,0,2.67,0,2.67
2.1,17.4,0.00,0.00,0,2.67,94,45.34,0,2.67,0,2.67
4.0,17.4,0.00,0.00,0,2.67,93,45.34,0,2.67,0,2.67
3.3,17.4,0.00,0.00,0,2.67,95,45.34,0,2.67,0,2.67
2.9,17.4,0.00,0.00,0,2.67,93,45.34,0,2.67,0,2.67
3.3,17.4,0.00,0.00,0,2.67,91,45.34,0,2.67,0,2.67
2.3,17.4,0.00,0.00,0,2.67,92,45.34,0,2.67,0,2.67
4.6,17.4,0.00,0.00,0,2.67,94,45.34,0,2.67,0,2.67
2.1,17.4,0.00,0.00,0,2.67,96,45.34,0,2.67,0,2.67
4.0,17.4,0.00,0.00,0,2.67,95,45.34,0,2.67,0,2.67
2.7,17.4,0.00,0.00,0,2.67,95,45.34,0,2.67,0,2.67
2.7,17.4,0.00,0.00,0,2.67,92,45.34,0,2.67,0,2.67
4.2,17.4,0.00,0.00,0,2.67,93,45.34,0,2.67,0,2.67
2.3,17.4,0.00,0.00,0,2.67,92,45.34,0,2.67,0,2.67
3.1,17.4,0.00,0.00,0,2.67,92,45.34,0,2.67,0,2.67
3.1,17.4,0.00,0.00,0,2.67,93,45.34,0,2.67,0,2.67
2.3,17.4,0.00,0.00,0,2.67,93,45.34,0,2.67,0,2.67
5.0,17.4,0.00,0.00,0,2.67,92,45.34,0,2.67,0,2.67
2.1,17.4,0.00,0.00,0,2.67,91,45.34,0,2.67,0,2.67
2.5,17.4,0.00,0.00,0,2.67,92,45.34,0,2.67,0,2.67
2.9,17.4,0.00,0.00,0,2.67,93,45.34,0,2.67,0,2.67
2.5,17.4,0.00,0.00,0,2.67,93,45.34,0,2.67,0,2.67
5.0,17.4,0.00,0.00,0,2.67,93,45.34,0,2.67,0,2.67
1.9,17.4,0.00,0.00,0,2.67,92,45.34,0,2.67,0,2.67
2.3,17.4,0.00,0.00,0,2.67,92,45.34,0,2.67,0,2.67
3.3,17.4,0.00,0.00,0,2.67,93,45.34,0,2.67,0,2.67
2.7,17.4,0.00,0.00,0,2.67,95,45.34,0,2.67,0,2.67
4.8,17.4,0.00,0.00,0,2.67,95,45.34,0,2.67,0,2.67
2.5,17.4,0.00,0.00,0,2.67,95,45.34,0,2.67,0,2.67
4.0,17.4,0.00,0.00,0,2.67,94,45.34,0,2.67,0,2.67
2.5,17.4,0.00,0.00,0,2.67,94,45.34,0,2.67,0,2.67
2.7,17.4,0.00,0.00,0,2.67,90,45.34,0,2.67,0,2.67
4.8,17.4,0.00,0.00,0,2.67,92,45.34,0,2.67,0,2.67
2.3,17.4,0.00,0.00,0,2.67,92,45.34,0,2.67,0,2.67
4.2,17.4,0.00,0.00,0,2.67,93,45.34,0,2.67,0,2.67
2.5,17.4,0.00,0.00,0,2.67,94,45.34,0,2.67,0,2.67
4.0,17.4,0.00,0.00,0,2.67,94,45.34,0,2.67,0,2.67
2.7,17.4,0.00,0.00,0,2.67,94,45.34,0,2.67,0,2.67
2.7,17.4,0.00,0.00,0,2.67,94,45.34,0,2.67,0,2.67
2.9,17.4,0.00,0.00,0,2.67,93,45.34,0,2.67,0,2.67
2.3,17.4,0.00,0.00,0,2.67,91,45.34,0,2.67,0,2.67
4.2,17.4,0.00,0.00,0,2.67,92,45.34,0,2.67,0,2.67
2.3,17.4,0.00,0.00,0,2.67,92,45.34,0,2.67,0,2.67
3.3,17.4,0.00,0.00,0,2.67,93,45.34,0,2.67,0,2.67
2.3,17.4,0.00,0.00,0,2.67,93,45.34,0,2.67,0,2.67
2.5,17.4,0.00,0.00,0,2.67,91,45.34,0,2.67,0,2.67
4.0,17.4,0.00,0.00,0,2.67,92,45.34,0,2.67,0,2.67
2.7,17.4,0.00,0.00,0,2.67,92,45.34,0,2.67,0,2.67
4.2,17.4,0.00,0.00,0,2.67,90,45.34,0,2.67,0,2.67
1.9,17.4,0.00,0.00,0,2.67,92,45.34,0,2.67,0,2.67
3.1,17.4,0.00,0.00,0,2.67,93,45.34,0,2.67,0,2.67
4.8,17.4,0.00,0.00,0,2.67,92,45.34,0,2.67,0,2.67
3.3,17.4,0.00,0.00,0,2.67,92,45.34,0,2.67,0,2.67
2.1,17.4,0.00,0.00,0,2.67,92,45.34,0,2.67,0,2.67
6.0,15.7,0.00,0.00,0,2.67,15,18.89,0,2.67,0,2.67
3.1,12.3,0.00,0.00,0,2.67,48,18.89,0,2.67,0,2.67
4.0,12.3,0.00,0.00,0,2.67,51,18.89,0,2.67,0,2.67
3.5,12.3,0.00,0.00,0,2.67,63,18.89,0,2.67,0,2.67
3.7,12.3,0.00,0.00,0,2.67,61,18.89,0,2.67,0,2.67
3.3,12.3,0.00,0.00,0,2.67,58,18.89,0,2.67,0,2.67
3.5,12.3,0.00,0.00,0,2.67,53,18.89,0,2.67,0,2.67
3.3,12.3,0.00,0.00,0,2.67,61,18.89,0,2.67,0,2.67
3.5,12.3,0.00,0.00,0,2.67,68,18.89,0,2.67,0,2.67
3.7,12.3,0.00,0.00,0,2.67,66,18.89,0,2.67,0,2.67
3.5,12.3,0.00,0.00,0,2.67,52,18.89,0,2.67,0,2.67
3.8,12.3,0.00,0.00,0,2.67,61,18.89,0,2.67,0,2.67
3.7,12.3,0.00,0.00,0,2.67,66,18.89,0,2.67,0,2.67
4.0,12.3,0.00,0.00,0,2.67,63,18.89,0,2.67,0,2.67
3.3,12.3,0.00,0.00,0,2.67,63,18.89,0,2.67,0,2.67
3.5,12.3,0.00,0.00,0,2.67,63,18.89,0,2.67,0,2.67
5.4,12.3,0.00,0.00,0,2.67,59,18.89,0,2.67,0,2.67
3.8,12.3,0.00,0.00,0,2.67,57,18.89,0,2.67,0,2.67
2.9,12.3,0.00,0.00,0,2.67,50,18.89,0,2.67,0,2.67
3.3,12.3,0.00,0.00,0,2.67,49,18.89,0,2.67,0,2.67
4.1,12.3,0.00,0.00,0,2.67,52,18.89,0,2.67,0,2.67
4.2,12.3,0.00,0.00,0,2.67,57,18.89,0,2.67,0,2.67
4.7,12.3,0.00,0.00,0,2.67,62,18.89,0,2.67,0,2.67
3.8,12.3,0.00,0.00,0,2.67,57,18.89,0,2.67,0,2.67
3.8,12.3,0.00,0.00,0,2.67,59,18.89,0,2.67,0,2.67
4.2,12.3,0.00,0.00,0,2.67,64,18.89,0,2.67,0,2.67
3.8,12.3,0.00,0.00,0,2.67,58,18.89,0,2.67,0,2.67
3.3,12.3,0.00,0.00,0,2.67,58,18.89,0,2.67,0,2.67
3.3,12.3,0.00,0.00,0,2.67,54,18.89,0,2.67,0,2.67
4.0,12.3,0.00,0.00,0,2.67,56,18.89,0,2.67,0,2.67
3.5,12.3,0.00,0.00,0,2.67,52,18.89,0,2.67,0,2.67
2.9,12.3,0.00,0.00,0,2.67,54,18.89,0,2.67,0,2.67
3.5,12.3,0.00,0.00,0,2.67,53,18.89,0,2.67,0,2.67
3.7,12.3,0.00,0.00,0,2.67,51,18.89,0,2.67,0,2.67
3.7,12.3,0.00,0.00,0,2.67,64,18.89,0,2.67,0,2.67
5.0,12.3,0.00,0.00,0,2.67,64,18.89,0,2.67,0,2.67
3.8,12.3,0.00,0.00,0,2.67,62,18.89,0,2.67,0,2.67
3.5,12.3,0.00,0.00,0,2.67,61,18.89,0,2.67,0,2.67
3.5,12.3,0.00,0.00,0,2.67,61,18.89,0,2.67,0,2.67
3.5,12.3,0.00,0.00,0,2.67,65,18.89,0,2.67,0,2.67
3.5,12.3,0.00,0.00,0,2.67,61,18.89,0,2.67,0,2.67
3.3,12.3,0.00,0.00,0,2.67,46,18.89,0,2.67,0,2.67
3.5,12.3,0.00,0.00,0,2.67,57,18.89,0,2.67,0,2.67
3.5,12.3,0.00,0.00,0,2.67,60,18.89,0,2.67,0,2.67
5.4,12.3,0.00,0.00,0,2.67,62,18.89,0,2.67,0,2.67
3.8,12.3,0.00,0.00,0,2.67,62,18.89,0,2.67,0,2.67
4.1,12.3,0.00,0.00,0,2.67,65,18.89,0,2.67,0,2.67
3.5,12.3,0.00,0.00,0,2.67,59,18.89,0,2.67,0,2.67
3.5,12.3,0.00,0.00,0,2.67,60,18.89,0,2.67,0,2.67
3.9,12.3,0.00,0.00,0,2.67,66,18.89,0,2.67,0,2.67
3.8,12.3,0.00,0.00,0,2.67,66,18.89,0,2.67,0,2.67
7.1,12.4,0.00,0.00,0,2.67,60,18.89,0,2.67,0,2.67
8.3,12.4,0.00,0.00,0,2.67,59,18.89,0,2.67,0,2.67
6.1,12.4,0.00,0.00,0,2.67,59,18.89,0,2.67,0,2.67
7.3,12.4,0.00,0.00,0,2.67,61,18.89,0,2.67,0,2.67
3.7,12.3,0.00,0.00,0,2.67,60,18.89,0,2.67,0,2.67
3.5,12.3,0.00,0.00,0,2.67,62,18.89,0,2.67,0,2.67
5.2,12.3,0.00,0.00,0,2.67,58,18.89,0,2.67,0,2.67
4.0,12.3,0.00,0.00,0,2.67,66,18.89,0,2.67,0,2.67
3.7,12.3,0.00,0.00,0,2.67,67,18.89,0,2.67,0,2.67
3.3,12.3,0.00,0.00,0,2.67,62,18.89,0,2.67,0,2.67
3.5,12.3,0.00,0.00,0,2.67,62,18.89,0,2.67,0,2.67
3.7,12.3,0.00,0.00,0,2.67,58,18.89,0,2.67,0,2.67
5.6,12.3,0.00,0.00,0,2.67,55,18.89,0,2.67,0,2.67
4.0,12.3,0.00,0.00,0,2.67,62,18.89,0,2.67,0,2.67
3.3,12.3,0.00,0.00,0,2.67,62,18.89,0,2.67,0,2.67
3.3,12.3,0.00,0.00,0,2.67,55,18.89,0,2.67,0,2.67
3.8,12.3,0.00,0.00,0,2.67,63,18.89,0,2.67,0,2.67
3.5,12.3,0.00,0.00,0,2.67,59,18.89,0,2.67,0,2.67
3.5,12.3,0.00,0.00,0,2.67,64,18.89,0,2.67,0,2.67
4.0,12.3,0.00,0.00,0,2.67,63,18.89,0,2.67,0,2.67
3.8,12.3,0.00,0.00,0,2.67,67,18.89,0,2.67,0,2.67
3.8,12.3,0.00,0.00,0,2.67,66,18.89,0,2.67,0,2.67
4.0,12.3,0.00,0.00,0,2.67,60,18.89,0,2.67,0,2.67
3.7,12.3,0.00,0.00,0,2.67,58,18.89,0,2.67,0,2.67
3.3,12.3,0.00,0.00,0,2.67,62,18.89,0,2.67,0,2.67
4.2,12.3,0.00,0.00,0,2.67,66,18.89,0,2.67,0,2.67
3.8,12.3,0.00,0.00,0,2.67,66,18.89,0,2.67,0,2.67
3.1,12.3,0.00,0.00,0,2.67,53,18.89,0,2.67,0,2.67
3.7,12.3,0.00,0.00,0,2.67,66,18.89,0,2.67,0,2.67
3.7,12.3,0.00,0.00,0,2.67,61,18.89,0,2.67,0,2.67
3.9,12.3,0.00,0.00,0,2.67,60,18.89,0,2.67,0,2.67
5.2,12.3,0.00,0.00,0,2.67,61,18.89,0,2.67,0,2.67
3.3,12.3,0.00,0.00,0,2.67,52,18.89,0,2.67,0,2.67
3.5,12.3,0.00,0.00,0,2.67,50,18.89,0,2.67,0,2.67
3.1,12.3,0.00,0.00,0,2.67,54,18.89,0,2.67,0,2.67
3.5,12.3,0.00,0.00,0,2.67,54,18.89,0,2.67,0,2.67
3.5,12.3,0.00,0.00,0,2.67,56,18.89,0,2.67,0,2.67
3.7,12.3,0.00,0.00,0,2.67,62,18.89,0,2.67,0,2.67
3.9,12.3,0.00,0.00,0,2.67,63,18.89,0,2.67,0,2.67
4.0,12.3,0.00,0.00,0,2.67,64,18.89,0,2.67,0,2.67
4.2,12.3,0.00,0.00,0,2.67,58,18.89,0,2.67,0,2.67
4.0,12.3,0.00,0.00,0,2.67,66,18.89,0,2.67,0,2.67
2.3,12.3,0.00,0.00,0,2.67,65,18.89,0,2.67,0,2.67
2.3,10.5,0.00,0.00,0,2.67,3,2.67,0,2.67,0,2.67
3546.83