6.3,11.0,0.00,0.00,0,2.95,0,2.95,0,2.95,0,2.95
3.1,10.9,0.00,0.00,0,2.95,0,2.95,0,2.95,0,2.95
2.5,10.9,0.00,0.00,0,2.95,0,2.95,0,2.95,0,2.95
2.5,10.9,0.00,0.00,0,2.95,0,2.95,0,2.95,0,2.95
5.5,10.9,0.00,0.00,0,2.95,0,2.95,0,2.95,0,2.95
5.0,10.9,0.00,0.00,0,2.95,0,2.95,0,2.95,0,2.95
6.5,11.2,0.00,0.00,0,2.95,0,2.95,0,2.95,0,2.95
6.3,11.9,0.00,0.00,0,2.95,0,2.95,0,2.95,0,2.95
4.6,12.7,0.00,0.00,0,2.95,0,10.98,0,2.95,0,2.95
6.5,17.2,0.00,0.00,0,5.26,9,23.36,0,2.95,0,2.95
7.9,22.3,0.00,0.00,5,12.07,8,31.12,0,2.95,0,2.95
8.3,23.6,0.00,0.00,4,35.38,0,31.12,0,2.95,0,2.95
4.2,24.0,0.00,0.00,0,35.38,0,31.12,0,2.95,0,2.95
9.7,24.5,0.00,0.00,0,35.38,0,31.12,0,2.95,0,2.95
44.6,25.0,0.00,0.00,0,35.38,0,38.98,0,2.95,0,2.95
15.3,25.6,0.00,0.00,0,35.38,92,38.98,0,2.95,0,2.95
14.7,26.0,0.00,0.00,41,57.53,94,38.98,0,2.95,0,2.95
16.0,26.2,0.00,0.00,100,57.53,93,38.98,0,2.95,0,2.95
94.8,26.5,0.00,0.00,100,57.53,94,38.98,0,2.95,0,2.95
12.9,26.7,0.00,0.00,100,57.53,94,38.98,0,2.95,0,2.95
13.3,26.7,0.00,0.00,99,57.53,96,38.98,0,2.95,0,2.95
13.4,26.6,0.00,0.00,99,57.53,95,38.98,0,2.95,0,2.95
14.7,26.7,0.00,0.00,99,57.53,95,38.98,0,2.95,0,2.95
12.3,26.9,0.00,0.00,100,57.53,92,38.98,0,2.95,0,2.95
12.9,27.1,0.00,0.00,100,57.53,95,38.98,0,6.82,0,2.95
12.9,28.5,0.00,0.00,99,57.53,96,38.98,4,12.87,0,2.95
12.8,30.3,0.00,0.00,100,57.53,95,38.98,3,16.54,0,2.95
12.8,30.9,0.00,0.00,100,57.53,95,38.98,0,16.54,0,2.95
12.5,31.1,0.00,0.00,100,57.53,95,38.98,0,16.54,0,2.95
12.3,31.4,0.00,0.00,100,57.53,96,38.98,0,16.54,0,2.95
36.1,31.6,0.00,0.00,99,57.53,96,38.98,0,16.54,0,2.95
15.7,31.8,0.00,0.00,100,57.53,96,38.98,44,21.3,0,2.95
14.9,31.8,0.00,0.00,100,57.53,97,39.03,46,21.3,0,2.95
17.6,30.9,0.00,0.00,100,57.53,45,43.79,47,21.3,0,2.95
28.2,31.1,0.00,0.00,100,57.53,43,43.79,42,21.3,0,2.95
16.3,31.3,0.00,0.00,100,57.53,48,43.79,45,21.3,0,2.95
28.8,31.6,0.00,0.00,100,57.53,45,43.79,48,21.3,0,2.95
18.7,31.8,0.00,0.00,99,57.53,47,43.79,40,21.3,0,2.95
15.6,31.9,0.00,0.00,99,57.53,48,43.79,45,21.3,0,2.95
14.1,31.9,0.00,0.00,100,57.53,55,43.79,47,21.3,0,2.95
14.3,31.9,0.00,0.00,100,57.53,50,43.79,47,21.3,0,2.95
14.3,31.9,0.00,0.00,100,57.53,45,43.79,48,21.3,0,2.95
16.6,31.9,0.00,0.00,100,57.53,48,43.79,49,21.3,0,2.95
14.5,31.9,0.00,0.00,100,57.53,48,43.79,40,21.3,0,2.95
13.2,31.9,0.00,0.00,100,57.53,44,43.79,45,21.3,0,2.95
18.1,31.9,0.00,0.00,100,57.53,47,43.79,37,21.3,0,2.95
17.9,31.9,0.00,0.00,100,57.53,56,43.79,42,21.3,0,2.95
14.0,31.9,0.00,0.00,100,57.53,63,43.79,47,21.3,0,2.95
20.0,31.9,0.00,0.00,100,57.53,48,43.79,51,21.3,0,2.95
16.5,31.9,0.00,0.00,100,57.53,42,43.79,44,21.3,0,2.95
18.8,31.9,0.00,0.00,99,57.53,52,43.79,40,21.3,0,2.95
15.1,31.9,0.00,0.00,100,57.53,47,43.79,50,21.3,0,2.95
13.8,31.9,0.00,0.00,100,57.53,49,43.79,47,21.3,0,2.95
15.5,31.9,0.00,0.00,100,57.53,46,43.79,45,21.3,0,2.95
19.2,31.9,0.00,0.00,100,57.53,45,43.79,44,21.3,0,2.95
15.8,31.9,0.00,0.00,99,57.53,46,43.79,38,21.3,0,2.95
13.8,31.9,0.00,0.00,99,57.53,45,43.79,46,21.3,0,2.95
14.3,31.9,0.00,0.00,100,57.53,49,43.79,46,21.3,0,2.95
14.0,31.9,0.00,0.00,100,57.53,50,43.79,47,21.3,0,2.95
13.4,31.9,0.00,0.00,100,57.53,44,43.79,47,21.3,0,2.95
20.0,31.9,0.00,0.00,100,57.53,47,43.79,46,21.3,0,2.95
15.4,31.9,0.00,0.00,99,57.53,52,43.79,51,21.3,0,2.95
13.3,31.9,0.00,0.00,100,57.53,50,43.79,42,21.3,0,2.95
14.6,31.9,0.00,0.00,99,57.53,49,43.79,49,21.3,0,2.95
17.8,31.9,0.00,0.00,100,57.53,50,43.79,22,21.35,0,2.95
20.5,31.0,0.00,0.00,99,57.53,47,43.79,0,21.35,0,2.95
16.5,31.2,0.00,0.00,100,57.53,49,43.79,0,21.35,0,2.95
14.7,30.4,0.00,0.00,100,57.53,24,43.84,0,21.35,0,2.95
45.2,30.8,0.00,0.00,99,57.53,96,43.84,0,21.35,0,2.95
30.3,31.2,0.00,0.00,100,57.53,96,43.84,25,21.35,0,2.95
17.9,31.5,0.00,0.00,100,57.53,96,43.84,46,21.35,0,2.95
16.8,31.8,0.00,0.00,100,57.53,93,43.84,43,21.35,0,2.95
15.6,31.9,0.00,0.00,99,57.53,97,43.84,49,21.35,0,2.95
16.8,31.9,0.00,0.00,100,57.53,97,43.84,46,21.35,0,2.95
15.4,31.9,0.00,0.00,100,57.53,96,43.84,47,21.35,0,2.95
14.9,31.9,0.00,0.00,100,57.53,97,43.84,44,21.35,0,2.95
15.5,31.9,0.00,0.00,100,57.53,98,43.84,45,21.35,0,2.95
14.8,31.9,0.00,0.00,100,57.53,98,43.84,43,21.35,0,2.95
15.4,31.9,0.00,0.00,99,57.53,97,43.84,45,21.35,0,2.95
15.3,31.9,0.00,0.00,100,57.53,97,43.84,46,21.35,0,2.95
16.4,31.9,0.00,0.00,100,57.53,97,43.84,45,21.35,0,2.95
12.9,30.9,0.00,0.00,55,57.53,95,43.84,43,21.35,0,2.95
12.7,31.1,0.00,0.00,0,57.53,96,43.84,47,21.35,0,2.95
13.2,31.4,0.00,0.00,0,57.53,97,43.84,44,21.35,0,2.95
13.7,31.6,0.00,0.00,0,57.53,97,43.84,44,21.35,0,2.95
19.8,31.8,0.00,0.00,0,57.53,97,43.84,44,21.35,0,2.95
14.4,31.9,0.00,0.00,100,57.53,97,43.84,45,21.35,0,2.95
14.5,31.9,0.00,0.00,100,57.53,97,43.84,43,21.35,0,2.95
16.2,31.9,0.00,0.00,100,57.53,97,43.84,44,21.35,0,2.95
16.5,31.0,0.00,0.00,100,57.53,36,43.84,43,21.35,0,2.95
62.3,31.2,0.00,0.00,100,57.53,54,43.84,45,21.35,0,2.95
16.0,31.4,0.00,0.00,100,57.53,55,43.84,44,21.35,0,2.95
17.3,31.6,0.00,0.00,99,57.53,52,43.84,50,21.35,0,2.95
25.6,31.9,0.00,0.00,100,57.53,49,43.84,46,21.35,0,2.95
13.8,31.9,0.00,0.00,100,57.53,52,43.84,45,21.35,0,2.95
14.8,31.9,0.00,0.00,100,57.53,53,43.84,46,21.35,0,2.95
13.6,31.9,0.00,0.00,100,57.53,55,43.84,43,21.35,0,2.95
14.0,31.9,0.00,0.00,100,57.53,57,43.84,45,21.35,0,2.95
13.8,31.9,0.00,0.00,100,57.53,54,43.84,45,21.35,0,2.95
14.2,31.9,0.00,0.00,100,57.53,56,43.84,47,21.35,0,2.95
14.0,31.9,0.00,0.00,100,57.53,49,43.84,46,21.35,0,2.95
14.5,31.9,0.00,0.00,100,57.53,55,43.84,47,21.35,0,2.95
14.2,31.9,0.00,0.00,100,57.53,53,43.84,47,21.35,0,2.95
17.3,31.9,0.00,0.00,100,57.53,51,43.84,12,21.35,0,2.95
58.5,31.1,0.00,0.00,100,57.53,53,43.84,0,21.35,0,2.95
51.1,31.3,0.00,0.00,100,57.53,47,43.84,0,21.35,0,2.95
10.9,31.6,0.00,0.00,100,57.53,46,43.84,0,21.35,0,2.95
11.6,31.8,0.00,0.00,100,57.53,54,43.84,16,21.35,0,2.95
15.3,31.9,0.00,0.00,100,57.53,57,43.84,45,21.35,0,2.95
13.4,31.9,0.00,0.00,100,57.53,49,43.84,47,21.35,0,2.95
13.2,31.9,0.00,0.00,100,57.53,51,43.84,46,21.35,0,2.95
13.8,31.9,0.00,0.00,100,57.53,54,43.84,43,21.35,0,2.95
14.4,31.9,0.00,0.00,100,57.53,62,43.84,46,21.35,0,2.95
15.2,31.9,0.00,0.00,100,57.53,52,43.84,45,21.35,0,2.95
14.4,31.9,0.00,0.00,100,57.53,50,43.84,44,21.35,0,2.95
13.6,31.9,0.00,0.00,100,57.53,53,43.84,43,21.35,0,2.95
14.2,31.9,0.00,0.00,100,57.53,53,43.84,46,21.35,0,2.95
13.7,31.9,0.00,0.00,100,57.53,50,43.84,45,21.35,0,2.95
13.6,31.9,0.00,0.00,100,57.53,52,43.84,44,21.35,0,2.95
14.8,31.9,0.00,0.00,100,57.53,54,43.84,45,21.35,0,2.95
13.6,31.9,0.00,0.00,100,57.53,53,43.84,47,21.35,0,2.95
18.6,27.5,0.00,0.00,100,57.53,89,25.45,47,21.35,0,2.95
15.5,26.6,0.00,0.00,100,57.53,97,25.45,48,21.35,0,2.95
15.3,26.6,0.00,0.00,100,57.53,96,25.45,45,21.35,0,2.95
15.5,26.6,0.00,0.00,100,57.53,97,25.45,45,21.35,0,2.95
15.3,26.6,0.00,0.00,100,57.53,97,25.45,45,21.35,0,2.95
14.8,26.6,0.00,0.00,100,57.53,97,25.45,43,21.35,0,2.95
15.4,26.6,0.00,0.00,100,57.53,97,25.45,42,21.35,0,2.95
15.8,26.6,0.00,0.00,100,57.53,97,25.45,46,21.35,0,2.95
16.6,26.6,0.00,0.00,100,57.53,97,25.45,48,21.35,0,2.95
16.3,26.6,0.00,0.00,100,57.53,97,25.45,42,21.35,0,2.95
15.4,26.6,0.00,0.00,100,57.53,97,25.45,45,21.35,0,2.95
16.0,26.6,0.00,0.00,100,57.53,97,25.45,43,21.35,0,2.95
15.2,26.6,0.00,0.00,100,57.53,97,25.45,43,21.35,0,2.95
14.7,26.6,0.00,0.00,100,57.53,97,25.45,50,21.35,0,2.95
15.1,26.6,0.00,0.00,100,57.53,97,25.45,44,21.35,0,2.95
15.8,26.6,0.00,0.00,100,57.53,96,25.45,47,21.35,0,2.95
15.7,26.6,0.00,0.00,100,57.53,97,25.45,49,21.35,0,2.95
16.7,26.6,0.00,0.00,100,57.53,97,25.45,45,21.35,0,2.95
14.2,26.6,0.00,0.00,100,57.53,97,25.45,46,21.35,0,2.95
14.0,26.6,0.00,0.00,100,57.53,97,25.45,50,21.35,0,2.95
18.8,26.6,0.00,0.00,100,57.53,98,25.45,6,2.95,0,2.95
11.5,21.4,0.00,0.00,100,57.53,97,25.45,0,2.95,0,2.95
97.7,20.7,0.00,0.00,99,57.53,74,25.45,0,2.95,0,2.95
10.4,21.2,0.00,0.00,100,57.53,0,25.45,0,5.89,1,7.38
10.6,24.0,0.00,0.00,100,57.53,0,25.45,4,11.87,5,13.04
10.4,27.7,0.00,0.00,100,57.53,0,25.45,4,19.93,5,19.93
17.1,29.7,0.00,0.00,100,57.53,0,25.45,0,19.93,0,19.93
65.8,30.3,0.00,0.00,98,57.53,96,25.45,0,19.93,0,19.93
13.7,30.8,0.00,0.00,100,57.53,97,25.45,0,19.93,0,19.93
14.8,31.1,0.00,0.00,99,57.53,96,25.45,0,19.93,0,19.93
28.5,31.6,0.00,0.00,99,57.53,96,25.45,20,33.87,93,33.87
22.3,30.9,0.00,0.00,100,57.33,97,25.45,97,33.87,97,33.87
19.1,26.9,0.00,0.00,9,2.95,92,25.45,97,33.87,95,33.87
18.6,27.3,0.00,0.00,0,2.95,94,25.45,96,33.87,95,33.87
17.6,27.7,0.00,0.00,0,7.71,96,25.45,97,33.87,98,33.87
20.4,31.4,0.00,0.00,6,19.58,96,25.45,97,33.87,97,33.87
18.4,34.8,0.00,0.00,9,30.12,97,25.45,97,33.87,96,33.87
59.3,35.2,0.00,0.00,0,30.12,97,25.45,96,33.87,98,33.87
16.6,35.4,0.00,0.00,0,30.12,96,25.45,97,33.87,97,33.87
16.5,35.7,0.00,0.00,0,30.12,97,25.45,97,33.87,97,33.87
15.7,35.9,0.00,0.00,0,30.12,96,25.45,97,33.87,97,33.87
25.8,36.3,0.00,0.00,28,34.88,96,25.45,97,33.87,98,33.87
76.4,36.5,0.00,0.00,39,34.88,97,25.45,97,33.87,97,33.87
20.4,36.7,0.00,0.00,36,34.88,96,25.45,97,33.87,96,33.87
21.0,36.9,0.00,0.00,39,34.88,96,25.45,97,33.87,98,33.87
34.3,37.2,0.00,0.00,37,34.88,97,25.45,97,33.87,98,33.87
23.4,37.3,0.00,0.00,43,34.88,97,25.45,97,33.87,98,33.87
19.6,37.3,0.00,0.00,41,34.88,97,25.45,97,33.87,96,33.87
18.7,37.4,0.00,0.00,37,34.88,97,25.45,98,33.87,96,33.87
17.4,36.5,0.00,0.00,44,34.88,0,25.45,97,33.87,98,33.87
16.7,36.7,0.00,0.00,44,34.88,0,25.45,98,33.87,98,33.87
17.2,37.0,0.00,0.00,42,34.88,0,25.45,97,33.87,97,33.87
19.1,37.2,0.00,0.00,45,34.88,0,25.45,97,33.87,98,33.87
18.5,35.3,0.00,0.00,41,34.88,51,25.45,0,33.87,0,33.87
18.4,35.7,0.00,0.00,45,34.88,96,25.45,0,33.87,0,33.87
50.8,36.1,0.00,0.00,38,34.88,94,25.45,0,33.87,0,33.87
98.5,36.6,0.00,0.00,43,34.88,95,25.45,0,33.87,0,33.87
15.8,37.0,0.00,0.00,43,34.88,93,25.45,0,33.87,37,33.87
20.8,37.4,0.00,0.00,43,34.88,97,25.45,97,33.87,98,33.87
19.9,37.4,0.00,0.00,44,34.88,97,25.45,97,33.87,98,33.87
21.5,37.3,0.00,0.00,36,34.88,96,25.45,98,33.87,97,33.87
19.1,37.3,0.00,0.00,44,34.88,97,25.45,98,33.87,98,33.87
19.0,37.2,0.00,0.00,42,34.88,98,25.45,98,33.87,98,33.87
17.9,37.2,0.00,0.00,41,34.88,97,25.45,95,33.87,98,33.87
23.4,37.3,0.00,0.00,43,34.88,97,25.45,97,33.87,98,33.87
21.7,37.3,0.00,0.00,43,34.88,97,25.45,97,33.87,98,33.87
26.8,37.3,0.00,0.00,43,34.88,97,25.45,98,33.87,97,33.87
23.1,37.3,0.00,0.00,44,34.88,97,25.45,98,33.87,98,33.87
20.3,37.4,0.00,0.00,45,34.88,97,25.45,98,33.87,98,33.87
22.0,37.4,0.00,0.00,45,34.88,97,25.45,98,33.87,98,33.87
20.7,37.4,0.00,0.00,44,34.88,97,25.45,98,33.87,98,33.87
20.4,37.4,0.00,0.00,45,34.88,97,25.45,98,33.87,98,33.87
20.3,37.4,0.00,0.00,44,34.88,97,25.45,98,33.87,98,33.87
21.8,37.4,0.00,0.00,42,34.88,97,25.45,98,33.87,98,33.87
17.9,37.4,0.00,0.00,46,34.88,97,25.45,97,33.87,98,33.87
15.0,36.4,0.00,0.00,46,34.88,0,25.45,98,33.87,98,33.87
19.0,36.5,0.00,0.00,43,39.69,0,25.45,98,33.87,97,33.87
63.0,35.9,0.00,0.00,22,39.69,0,25.45,96,33.87,97,33.87
17.3,36.3,0.00,0.00,41,39.69,0,25.45,97,33.87,97,33.87
49.5,36.8,0.00,0.00,40,39.69,0,25.45,97,33.87,94,33.87
21.2,37.1,0.00,0.00,46,39.69,95,25.45,96,33.87,98,33.87
16.4,37.2,0.00,0.00,46,39.69,97,25.45,98,33.67,28,2.95
13.9,26.7,0.00,0.00,44,39.69,96,25.45,6,2.95,0,2.95
12.3,26.7,0.00,0.00,46,39.69,97,25.45,0,2.95,0,2.95
11.3,26.7,0.00,0.00,43,39.69,97,25.45,0,2.95,0,2.95
11.9,26.6,0.00,0.00,43,39.69,97,25.45,0,2.95,0,2.95
13.4,26.8,0.00,0.00,46,39.69,97,25.45,0,2.95,0,2.95
16.3,27.1,0.00,0.00,40,39.69,97,25.45,0,2.95,0,2.95
14.9,27.3,0.00,0.00,46,39.69,98,25.45,0,2.95,0,2.95
15.7,29.0,0.00,0.00,48,39.69,97,25.45,0,4.67,1,6.04
15.6,30.4,0.00,0.00,48,39.69,97,25.45,3,10.36,4,12.97
16.4,34.4,0.00,0.00,47,39.69,97,25.45,3,22.74,11,35.48
15.6,35.0,0.00,0.00,47,39.69,97,25.45,0,35.48,0,35.48
15.3,35.4,0.00,0.00,44,39.69,96,25.45,0,35.48,0,35.48
18.6,35.9,0.00,0.00,41,39.69,96,25.45,0,35.48,0,35.48
16.1,36.3,0.00,0.00,43,39.69,96,25.45,0,35.48,0,35.48
15.7,36.7,0.00,0.00,43,39.69,95,25.45,5,59.41,100,59.41
17.2,37.2,0.00,0.00,47,39.69,97,25.45,100,59.41,100,59.41
19.3,37.2,0.00,0.00,46,39.69,97,25.45,100,59.41,100,59.41
18.2,37.2,0.00,0.00,47,39.69,97,25.45,100,59.41,100,59.41
17.6,36.1,0.00,0.00,47,39.69,33,2.95,100,59.41,100,59.41
10.9,31.8,0.00,0.00,49,39.69,0,2.95,100,59.41,100,59.41
66.8,32.0,0.00,0.00,55,39.69,0,2.95,100,59.41,100,59.41
98.1,32.4,0.00,0.00,42,39.69,0,2.95,100,59.41,100,59.41
15.9,32.7,0.00,0.00,46,39.69,0,8.35,100,59.41,100,59.41
14.6,35.6,0.00,0.00,47,39.69,9,19.6,100,59.41,100,59.41
18.3,39.0,0.00,0.00,48,39.69,10,30.12,100,59.41,100,59.41
14.4,40.4,0.00,0.00,41,39.69,0,30.12,100,59.41,100,59.41
15.0,40.6,0.00,0.00,44,39.69,0,30.12,100,59.41,100,59.41
18.0,40.8,0.00,0.00,44,39.74,0,30.12,100,59.41,100,59.41
86.0,40.2,0.00,0.00,42,39.74,0,30.12,100,59.41,100,59.41
92.5,40.8,0.00,0.00,39,39.74,2,38.72,100,59.41,100,59.41
29.3,41.3,0.00,0.00,39,39.74,56,38.72,100,59.41,100,59.41
21.5,41.7,0.00,0.00,42,39.74,68,38.72,100,59.41,100,59.41
33.7,42.0,0.00,0.00,45,39.74,71,38.72,100,59.41,100,59.41
21.9,42.3,0.00,0.00,42,39.74,70,38.72,100,59.41,100,59.41
20.0,42.5,0.00,0.00,41,39.74,72,38.72,100,59.41,100,59.41
19.8,42.5,0.00,0.00,48,39.74,80,38.72,100,59.41,100,59.41
18.3,42.5,0.00,0.00,47,39.74,76,38.72,100,59.41,100,59.41
17.9,42.5,0.00,0.00,45,39.74,72,38.72,100,59.41,100,59.41
18.0,42.5,0.00,0.00,43,39.74,78,38.72,100,59.41,100,59.41
20.5,42.5,0.00,0.00,45,39.74,77,38.72,100,59.41,100,59.41
18.8,42.5,0.00,0.00,44,39.74,72,38.72,100,59.41,100,59.41
19.9,42.5,0.00,0.00,41,39.74,76,38.72,100,59.41,100,59.41
17.8,42.5,0.00,0.00,46,39.74,66,38.72,100,59.41,100,59.41
20.7,42.5,0.00,0.00,40,39.74,76,38.72,100,59.41,100,59.41
19.5,42.5,0.00,0.00,45,39.74,74,38.72,100,59.41,100,59.41
18.0,42.5,0.00,0.00,44,39.74,75,38.72,100,59.41,100,59.41
19.9,42.5,0.00,0.00,48,39.74,75,38.72,100,59.41,100,59.41
13.5,42.5,0.00,0.00,44,39.74,74,47.43,100,59.41,100,59.41
19.0,41.6,0.00,0.00,40,39.74,67,47.43,100,59.41,100,59.41
20.2,41.9,0.00,0.00,38,39.74,69,47.43,100,59.41,100,59.41
21.6,42.1,0.00,0.00,48,39.74,72,47.43,100,59.41,100,59.41
21.2,42.3,0.00,0.00,43,39.74,69,47.43,100,59.41,100,59.41
16.1,42.5,0.00,0.00,46,39.74,70,47.43,100,59.41,100,59.41
18.4,40.5,0.00,0.00,41,39.74,75,47.43,0,59.41,0,59.41
18.4,40.9,0.00,0.00,46,39.74,77,47.43,0,59.41,0,59.41
87.3,41.3,0.00,0.00,46,39.74,69,47.43,0,59.41,0,59.41
25.0,41.8,0.00,0.00,43,39.74,75,47.43,0,59.41,0,59.41
19.7,42.2,0.00,0.00,46,39.74,75,47.43,0,59.41,44,59.41
23.1,42.6,0.00,0.00,46,39.74,79,47.43,99,59.41,100,59.41
19.1,42.6,0.00,0.00,44,39.74,80,47.43,100,59.41,100,59.41
23.6,42.6,0.00,0.00,44,39.74,78,47.43,100,59.41,100,59.41
21.5,42.4,0.00,0.00,41,39.74,72,47.43,100,59.41,100,59.41
25.4,41.7,0.00,0.00,36,39.74,68,47.43,100,59.41,100,59.41
23.0,42.0,0.00,0.00,41,39.74,74,47.43,100,59.41,100,59.41
70.1,42.2,0.00,0.00,44,39.74,76,47.43,100,59.41,100,59.41
19.6,42.2,0.00,0.00,47,39.74,72,47.43,100,59.41,100,59.41
31.9,42.4,0.00,0.00,42,39.74,38,47.55,100,59.41,100,59.41
45.2,41.5,0.00,0.00,45,39.74,75,47.55,100,59.41,100,59.41
31.7,41.8,0.00,0.00,44,39.74,75,47.55,99,59.41,100,59.41
19.7,42.0,0.00,0.00,40,39.74,75,47.55,100,59.41,100,59.41
20.7,42.2,0.00,0.00,41,39.74,71,47.55,100,59.41,100,59.41
18.7,42.4,0.00,0.00,44,39.74,78,47.55,100,59.41,100,59.41
27.0,42.4,0.00,0.00,43,39.74,75,47.55,99,59.41,100,59.41
24.4,42.4,0.00,0.00,42,39.74,83,47.55,100,59.41,100,59.41
17.8,42.4,0.00,0.00,38,39.74,80,47.55,100,59.41,100,59.41
19.7,42.4,0.00,0.00,45,39.74,78,47.55,100,59.41,100,59.41
21.7,42.4,0.00,0.00,44,39.74,81,47.55,100,59.41,100,59.41
26.3,42.4,0.00,0.00,40,39.74,80,47.55,100,59.41,100,59.41
20.7,42.4,0.00,0.00,40,39.74,71,47.55,100,59.41,100,59.41
23.8,42.4,0.00,0.00,40,39.74,78,47.55,100,59.41,100,59.41
25.4,42.4,0.00,0.00,42,39.74,72,47.55,99,59.41,100,59.41
21.2,42.4,0.00,0.00,41,39.74,74,47.55,100,59.41,100,59.41
19.0,42.4,0.00,0.00,44,39.74,71,47.55,100,59.41,100,59.41
21.5,42.4,0.00,0.00,46,39.74,81,47.55,100,59.41,100,59.41
18.2,42.4,0.00,0.00,42,39.74,59,47.55,100,59.41,100,59.41
27.4,41.5,0.00,0.00,39,39.74,45,47.55,99,59.41,99,59.41
26.9,41.7,0.00,0.00,40,39.74,74,47.55,100,59.41,100,59.41
22.1,41.9,0.00,0.00,38,39.74,68,47.55,99,59.41,100,59.41
27.6,42.1,0.00,0.00,40,39.74,73,47.55,100,59.41,100,59.41
24.8,42.3,0.00,0.00,39,39.74,72,47.55,100,59.41,100,59.41
24.1,42.4,0.00,0.00,42,39.74,78,47.55,100,59.41,100,59.41
22.9,42.4,0.00,0.00,39,39.74,79,47.55,100,59.41,100,59.41
24.8,42.4,0.00,0.00,42,39.74,72,47.55,100,59.41,100,59.41
21.6,42.4,0.00,0.00,43,39.74,78,47.55,100,59.41,100,59.41
18.5,42.4,0.00,0.00,44,39.74,80,47.55,100,59.41,100,59.41
21.3,42.4,0.00,0.00,46,39.74,79,47.55,100,59.41,100,59.41
16.2,42.4,0.00,0.00,45,39.74,80,47.55,97,59.41,95,59.41
81.9,35.5,0.00,0.00,33,21.35,72,47.55,0,59.41,0,59.41
18.9,35.6,0.00,0.00,39,21.35,70,47.55,0,59.41,0,59.41
22.8,36.0,0.00,0.00,40,21.35,71,47.55,0,59.41,0,59.41
21.2,36.4,0.00,0.00,38,21.35,73,47.55,0,59.41,0,59.41
78.3,36.8,0.00,0.00,39,21.35,72,47.55,0,59.41,80,59.41
19.6,37.1,0.00,0.00,42,21.35,80,47.55,100,59.41,100,59.41
19.3,37.1,0.00,0.00,46,21.35,70,47.55,100,59.41,100,59.41
23.7,36.2,0.00,0.00,36,21.35,68,47.55,100,59.41,100,59.41
70.7,36.4,0.00,0.00,38,21.35,74,47.55,100,59.41,100,59.41
20.4,36.6,0.00,0.00,39,21.35,73,47.55,100,59.41,100,59.41
21.6,36.8,0.00,0.00,44,21.35,74,47.55,100,59.41,100,59.41
19.9,37.0,0.00,0.00,43,21.35,74,47.55,100,59.41,100,59.41
18.9,37.1,0.00,0.00,41,21.35,73,47.55,100,59.41,100,59.41
17.8,37.1,0.00,0.00,45,21.35,71,47.55,100,59.41,100,59.41
22.7,37.1,0.00,0.00,43,21.35,64,47.55,100,59.41,100,59.41
20.5,37.1,0.00,0.00,40,21.35,77,47.55,100,59.41,100,59.41
20.7,37.1,0.00,0.00,42,21.35,67,47.55,100,59.41,100,59.41
23.0,37.1,0.00,0.00,46,21.35,75,47.55,100,59.41,100,59.41
22.1,37.2,0.00,0.00,41,21.35,75,47.55,100,59.41,100,59.41
26.3,37.2,0.00,0.00,46,21.35,75,47.55,100,59.41,100,59.41
21.0,37.2,0.00,0.00,42,21.35,73,47.55,100,59.41,100,59.41
17.6,37.2,0.00,0.00,44,21.35,79,47.55,100,59.41,100,59.41
21.4,37.2,0.00,0.00,37,21.35,72,47.55,100,59.41,100,59.41
18.1,37.2,0.00,0.00,44,21.35,72,47.55,100,59.41,100,59.41
21.2,37.2,0.00,0.00,45,21.35,80,47.55,100,59.41,100,59.41
19.0,37.2,0.00,0.00,42,21.35,73,47.55,100,59.41,100,59.41
17.6,36.3,0.00,0.00,43,21.35,68,47.55,100,59.41,100,59.41
20.1,36.4,0.00,0.00,35,21.35,70,47.55,100,59.41,100,59.41
21.2,36.6,0.00,0.00,43,21.35,65,47.55,100,59.41,100,59.41
21.1,36.8,0.00,0.00,42,21.35,71,47.55,100,59.41,100,59.41
82.2,37.0,0.00,0.00,42,21.35,75,47.55,100,59.41,100,59.41
15.9,37.2,0.00,0.00,47,21.35,78,47.55,100,59.41,100,59.41
19.7,37.2,0.00,0.00,42,21.35,78,47.55,100,59.41,100,59.41
26.0,37.2,0.00,0.00,44,21.35,74,47.55,100,59.41,100,59.41
22.0,37.2,0.00,0.00,48,21.35,75,47.55,100,59.41,100,59.41
15.2,37.2,0.00,0.00,42,21.35,75,47.55,100,59.41,100,59.41
15.7,36.3,0.00,0.00,0,21.35,77,47.55,100,59.41,100,59.41
14.0,36.5,0.00,0.00,0,21.35,73,47.55,100,59.41,100,59.41
49.6,36.7,0.00,0.00,0,21.35,73,47.55,100,59.41,100,59.41
79.3,37.0,0.00,0.00,0,21.35,74,47.55,100,59.41,100,59.41
19.4,37.2,0.00,0.00,0,21.35,79,47.55,100,59.41,100,59.41
16.3,37.1,0.00,0.00,37,21.35,79,47.55,100,59.41,100,59.41
18.2,37.1,0.00,0.00,44,21.35,72,47.55,100,59.41,100,59.41
18.7,37.2,0.00,0.00,43,21.35,73,47.55,100,59.41,100,59.41
11.5,37.1,0.00,0.00,49,21.35,75,47.55,100,59.21,11,2.95
14.4,25.7,0.00,0.00,38,21.35,70,47.55,10,2.95,0,2.95
14.9,25.9,0.00,0.00,45,21.35,70,47.55,0,2.95,0,2.95
19.4,26.6,0.00,0.00,45,21.35,70,47.55,0,2.95,0,2.95
19.8,27.4,0.00,0.00,37,21.35,68,47.55,0,2.95,0,2.95
25.8,28.6,0.00,0.00,41,21.35,77,47.55,6,14.03,3,8.75
17.5,33.8,0.00,0.00,46,21.35,75,47.55,7,25.39,3,14.17
19.3,38.6,0.00,0.00,47,21.35,83,47.55,7,30.12,3,24.4
16.9,39.5,0.00,0.00,41,21.35,66,47.55,0,30.12,0,24.4
17.7,39.9,0.00,0.00,46,21.35,68,47.55,0,30.12,0,24.4
17.9,40.4,0.00,0.00,47,21.35,62,47.55,0,30.12,0,24.4
16.0,40.7,0.00,0.00,42,21.35,67,47.55,0,30.12,0,24.4
32.2,41.3,0.00,0.00,47,21.35,75,47.55,65,38.72,96,31.01
45.4,41.5,0.00,0.00,40,21.35,75,47.55,65,38.72,96,31.01
26.5,41.8,0.00,0.00,38,21.35,63,47.55,71,38.72,98,31.01
30.0,42.0,0.00,0.00,43,21.35,71,47.55,66,38.72,97,31.01
28.2,42.2,0.00,0.00,39,21.35,71,47.55,67,38.72,97,31.01
31.1,42.4,0.00,0.00,39,21.35,69,47.55,69,38.72,98,31.01
25.4,42.5,0.00,0.00,40,21.35,65,47.55,64,38.72,95,31.01
24.5,42.5,0.00,0.00,38,21.35,67,47.55,68,38.72,98,31.01
30.2,42.5,0.00,0.00,41,21.35,69,47.55,65,38.72,96,31.01
30.7,41.6,0.00,0.00,41,21.35,70,47.55,65,38.72,95,31.01
49.8,41.8,0.00,0.00,37,21.35,70,47.55,56,38.72,95,31.01
30.9,41.9,0.00,0.00,37,21.35,62,47.55,68,38.72,98,31.01
29.5,42.1,0.00,0.00,40,21.35,69,47.55,61,38.72,98,31.01
30.0,42.4,0.00,0.00,42,21.35,74,47.55,66,38.72,98,31.01
28.8,42.5,0.00,0.00,40,21.35,65,47.55,64,38.72,97,31.01
28.4,42.5,0.00,0.00,40,21.35,65,47.55,66,38.72,90,31.01
21.2,41.5,0.00,0.00,39,21.35,72,47.55,73,38.72,0,31.01
21.1,41.7,0.00,0.00,36,21.35,79,47.55,70,38.72,0,31.01
64.7,41.9,0.00,0.00,43,21.35,73,47.55,75,38.72,0,31.01
22.5,42.1,0.00,0.00,42,21.35,72,47.55,75,38.84,0,31.01
19.9,36.2,0.00,0.00,4,2.95,72,47.55,65,47.43,0,31.01
31.2,36.4,0.00,0.00,3,2.95,80,47.55,73,47.43,98,31.01
26.0,36.6,0.00,0.00,0,2.95,69,47.55,69,47.43,95,31.01
81.3,36.9,0.00,0.00,0,2.95,73,47.55,67,47.43,98,31.01
59.1,37.4,0.00,0.00,0,2.95,67,47.55,70,47.43,96,31.01
24.1,37.7,0.00,0.00,0,2.95,71,47.55,76,47.43,98,31.01
25.2,38.5,0.00,0.00,0,2.95,74,47.55,78,47.43,98,31.01
23.3,39.9,0.00,0.00,4,10.04,73,47.55,72,47.43,98,31.01
24.5,40.6,0.00,0.00,4,15.41,58,47.55,66,47.43,94,31.01
26.8,40.7,0.00,0.00,11,35.38,69,47.55,67,47.43,94,31.01
95.4,41.1,0.00,0.00,0,35.38,71,47.55,70,47.43,98,31.01
26.3,41.5,0.00,0.00,0,35.38,72,47.55,72,47.43,97,31.01
26.9,42.0,0.00,0.00,0,35.38,70,47.55,75,47.43,98,31.01
34.5,42.4,0.00,0.00,0,35.8,75,47.55,72,47.43,98,31.01
24.2,42.5,0.00,0.00,99,57.53,80,47.55,80,47.43,99,31.01
26.1,42.5,0.00,0.00,99,57.53,69,47.55,71,47.43,99,31.01
25.8,42.5,0.00,0.00,99,57.53,72,47.55,71,47.43,43,31.01
35.3,41.6,0.00,0.00,99,57.53,78,47.55,74,47.43,0,31.01
19.1,41.8,0.00,0.00,99,57.53,79,47.55,73,47.55,0,31.01
21.7,41.0,0.00,0.00,100,57.53,74,47.55,46,47.55,0,31.01
22.0,41.4,0.00,0.00,100,57.53,74,47.55,66,47.55,0,31.01
55.3,41.8,0.00,0.00,99,57.53,75,47.55,73,47.55,50,31.01
26.3,42.1,0.00,0.00,98,57.53,74,47.55,61,47.55,97,31.01
25.2,42.3,0.00,0.00,99,57.53,73,47.55,69,47.55,98,31.01
27.5,42.5,0.00,0.00,99,57.53,73,47.55,70,47.55,98,31.01
24.2,42.5,0.00,0.00,99,57.53,62,47.55,70,47.55,98,31.01
26.0,42.5,0.00,0.00,100,57.53,76,47.55,66,47.55,98,31.01
27.4,42.5,0.00,0.00,99,57.53,36,47.55,74,47.55,99,31.01
85.8,41.6,0.00,0.00,99,57.53,70,47.55,66,47.55,94,31.01
26.2,41.9,0.00,0.00,99,57.53,68,47.55,61,47.55,95,31.01
29.1,42.1,0.00,0.00,99,57.53,66,47.55,60,47.55,96,31.01
26.4,42.3,0.00,0.00,99,57.53,66,47.55,69,47.55,97,31.01
30.0,42.5,0.00,0.00,99,57.53,69,47.55,74,47.55,98,31.01
26.3,42.5,0.00,0.00,99,57.53,73,47.55,77,47.55,99,31.01
27.4,42.5,0.00,0.00,100,57.53,75,47.55,74,47.55,99,31.01
23.2,42.5,0.00,0.00,100,57.53,70,47.55,73,47.55,99,31.01
26.2,42.5,0.00,0.00,99,57.53,74,47.55,66,47.55,98,31.01
23.7,42.5,0.00,0.00,99,57.53,75,47.55,65,47.55,0,31.01
18.8,41.6,0.00,0.00,100,57.53,74,47.55,78,47.36,0,31.01
22.6,36.7,0.00,0.00,100,57.53,72,47.55,75,25.25,0,31.01
19.0,36.7,0.00,0.00,100,57.53,71,47.55,74,25.25,0,31.01
18.9,37.0,0.00,0.00,100,57.53,74,47.55,73,25.25,0,31.01
26.5,37.1,0.00,0.00,100,57.53,76,47.55,79,25.25,99,31.01
24.6,37.1,0.00,0.00,100,57.53,76,47.55,77,25.25,99,31.01
24.9,37.1,0.00,0.00,100,57.53,76,47.55,76,25.25,99,31.01
24.6,37.1,0.00,0.00,100,57.53,79,47.55,75,25.25,98,31.01
24.5,37.2,0.00,0.00,99,57.53,66,47.55,70,25.25,98,31.01
26.4,36.2,0.00,0.00,98,57.53,72,47.55,72,25.25,98,31.01
94.4,36.4,0.00,0.00,99,57.53,67,47.55,70,25.25,98,31.01
26.5,36.6,0.00,0.00,99,57.53,74,47.55,66,25.25,99,31.01
29.7,36.8,0.00,0.00,100,57.53,67,47.55,69,25.25,96,31.01
40.4,37.0,0.00,0.00,99,57.53,71,47.55,70,25.25,98,31.01
24.4,37.1,0.00,0.00,99,57.53,75,47.55,72,25.25,99,31.01
25.4,37.1,0.00,0.00,99,57.53,74,47.55,77,25.25,99,31.01
25.3,37.2,0.00,0.00,99,57.53,74,47.55,74,25.25,99,31.01
24.5,37.1,0.00,0.00,100,57.53,77,47.55,67,25.25,98,31.01
26.1,37.1,0.00,0.00,99,57.53,75,47.55,79,25.25,98,31.01
23.6,37.1,0.00,0.00,99,57.53,76,47.55,43,25.25,75,31.01
14.2,31.1,0.00,0.00,99,57.53,77,47.55,4,2.95,0,31.01
13.0,31.0,0.00,0.00,100,57.53,81,47.55,0,2.95,0,31.01
13.1,31.3,0.00,0.00,100,57.53,69,47.55,0,2.95,0,31.01
12.5,31.5,0.00,0.00,100,57.53,76,47.55,0,2.95,0,31.01
12.8,31.7,0.00,0.00,100,57.53,73,47.55,0,2.95,50,31.01
96.2,32.1,0.00,0.00,99,57.53,72,47.55,0,2.95,89,31.01
84.9,32.5,0.00,0.00,98,57.53,73,47.55,0,3.19,99,31.01
21.4,33.9,0.00,0.00,100,57.53,82,47.55,5,17.48,98,31.01
25.1,32.4,0.00,0.00,100,57.53,59,25.25,6,28.83,98,31.01
20.7,34.8,0.00,0.00,100,57.53,68,25.25,1,32.12,99,31.01
21.9,35.0,0.00,0.00,99,57.53,75,25.25,0,32.12,98,31.01
65.5,35.2,0.00,0.00,99,57.53,77,25.25,0,32.12,98,31.01
21.2,35.5,0.00,0.00,99,57.53,74,25.25,0,32.12,97,31.01
19.9,35.7,0.00,0.00,100,57.53,73,25.25,0,36.25,99,31.01
27.9,36.0,0.00,0.00,100,57.53,74,25.25,84,36.25,97,31.01
80.8,36.3,0.00,0.00,100,57.53,79,25.25,81,36.25,98,31.01
26.9,36.5,0.00,0.00,99,57.53,74,25.25,83,36.25,96,31.01
25.7,36.7,0.00,0.00,99,57.53,72,25.25,82,36.25,98,31.01
28.1,36.9,0.00,0.00,99,57.53,70,25.25,86,36.25,98,31.01
23.4,37.0,0.00,0.00,99,57.53,76,25.25,85,36.25,98,31.01
31.2,37.0,0.00,0.00,99,57.53,73,25.25,83,36.25,1,2.95
92.9,30.9,0.00,0.00,0,57.53,70,25.25,88,36.25,0,2.95
32.2,31.1,0.00,0.00,0,57.53,75,25.25,87,36.25,0,2.95
15.8,31.4,0.00,0.00,0,57.53,78,25.25,90,36.25,0,2.95
15.3,31.6,0.00,0.00,0,57.53,77,25.25,90,36.25,0,2.95
17.0,31.7,0.00,0.00,34,57.53,83,25.25,90,36.25,0,2.95
20.3,31.9,0.00,0.00,100,57.53,70,25.25,90,36.25,0,2.95
16.7,27.1,0.00,0.00,99,57.53,0,2.95,85,36.25,0,2.95
13.8,27.2,0.00,0.00,100,57.53,0,2.95,93,36.25,5,12.74
14.6,30.0,0.00,0.00,100,57.53,0,2.95,94,36.25,6,25.07
14.0,33.7,0.00,0.00,100,57.53,0,2.95,94,36.25,6,32.12
11.5,34.9,0.00,0.00,100,57.53,0,2.95,92,36.25,0,32.12
13.8,35.3,0.00,0.00,99,57.53,0,2.95,86,36.25,0,32.12
15.6,35.7,0.00,0.00,100,57.53,0,2.95,87,36.25,0,32.12
14.2,36.4,0.00,0.00,100,57.53,0,7.36,91,36.25,0,39.99
22.8,38.4,0.00,0.00,100,57.53,3,12.83,90,36.25,96,39.99
29.3,40.3,0.00,0.00,100,57.53,3,18.76,90,36.25,95,39.99
23.2,39.8,0.00,0.00,100,57.53,0,18.76,83,40.38,90,39.99
30.9,40.4,0.00,0.00,99,57.53,0,18.76,83,40.38,94,39.99
23.6,41.1,0.00,0.00,100,57.53,0,18.76,82,40.38,91,39.99
47.5,41.7,0.00,0.00,99,57.53,0,18.76,83,40.38,94,39.99
26.2,42.3,0.00,0.00,99,57.53,61,33.67,91,40.38,97,39.99
20.3,42.4,0.00,0.00,100,57.53,97,33.67,95,40.38,97,39.99
20.3,42.5,0.00,0.00,100,57.53,97,33.67,90,40.38,97,39.99
20.8,42.4,0.00,0.00,100,57.53,97,33.67,91,40.38,96,39.99
22.1,42.4,0.00,0.00,100,57.53,97,33.67,92,40.38,97,39.99
20.1,42.4,0.00,0.00,100,57.53,97,33.67,95,40.38,97,39.99
18.9,42.4,0.00,0.00,100,57.53,97,33.67,92,40.38,97,39.99
20.0,42.4,0.00,0.00,100,57.53,97,33.67,94,40.38,97,39.99
20.4,42.4,0.00,0.00,100,57.53,98,33.67,94,40.38,97,39.99
20.0,42.4,0.00,0.00,100,57.53,98,33.67,94,40.38,97,39.99
19.5,42.4,0.00,0.00,100,57.53,98,33.67,94,40.38,97,39.99
20.5,42.4,0.00,0.00,100,57.53,98,33.67,94,40.38,97,39.99
19.2,42.4,0.00,0.00,100,57.53,98,33.67,92,40.38,97,39.99
20.0,42.4,0.00,0.00,100,57.53,98,33.67,95,40.38,97,39.99
19.7,42.4,0.00,0.00,100,57.53,97,33.67,94,40.38,49,47.9
21.1,41.5,0.00,0.00,100,57.53,98,33.67,91,40.38,96,47.9
40.2,41.7,0.00,0.00,99,57.53,98,33.67,92,40.38,96,47.9
20.7,41.9,0.00,0.00,100,57.53,98,33.67,92,40.38,97,47.9
22.0,42.2,0.00,0.00,99,57.53,98,33.67,88,40.38,96,47.9
23.6,42.3,0.00,0.00,99,57.53,94,33.67,93,40.38,97,47.9
24.4,41.5,0.00,0.00,100,57.53,94,33.67,54,40.38,97,47.9
22.1,41.7,0.00,0.00,100,57.53,97,33.67,90,40.38,97,47.9
21.6,41.9,0.00,0.00,100,57.53,98,33.67,89,40.38,97,47.9
21.4,42.2,0.00,0.00,100,57.53,97,33.67,90,40.38,96,47.9
21.4,42.4,0.00,0.00,100,57.53,97,33.67,93,40.38,97,47.9
20.5,42.5,0.00,0.00,100,57.53,98,33.67,93,40.38,98,47.9
19.1,42.5,0.00,0.00,100,57.53,98,33.67,93,40.38,98,47.9
19.4,42.5,0.00,0.00,100,57.53,98,33.67,92,40.38,98,47.9
19.8,42.5,0.00,0.00,100,57.53,98,33.67,95,40.38,98,47.9
18.0,42.5,0.00,0.00,100,57.53,98,33.67,94,40.38,98,47.9
18.2,42.5,0.00,0.00,100,57.53,99,33.67,95,40.38,98,47.9
19.3,42.5,0.00,0.00,100,57.53,99,33.67,94,40.38,97,47.9
18.6,42.5,0.00,0.00,100,57.53,99,33.67,94,40.38,98,47.9
18.4,42.5,0.00,0.00,100,57.53,98,33.67,95,40.38,98,47.9
18.8,42.5,0.00,0.00,100,57.53,99,33.67,94,40.38,98,47.9
18.7,42.5,0.00,0.00,100,57.53,98,33.67,93,40.38,98,47.9
19.6,42.5,0.00,0.00,100,57.53,99,33.67,94,40.38,98,47.9
19.1,42.5,0.00,0.00,100,57.53,99,33.67,94,40.38,75,47.94
19.8,41.5,0.00,0.00,100,57.53,97,33.67,93,40.38,96,47.94
22.1,41.8,0.00,0.00,100,57.53,97,33.67,90,40.38,97,47.94
86.5,42.0,0.00,0.00,100,57.53,97,33.67,91,40.38,96,47.94
21.7,42.2,0.00,0.00,100,57.53,97,33.67,89,40.38,97,47.94
26.9,42.5,0.00,0.00,100,57.53,97,33.67,94,40.38,98,47.94
19.0,42.5,0.00,0.00,100,57.53,98,33.67,94,40.38,98,47.94
23.2,42.4,0.00,0.00,100,57.53,98,33.67,63,40.38,96,47.94
22.2,41.6,0.00,0.00,100,57.53,98,33.67,91,40.38,97,47.94
22.8,41.9,0.00,0.00,100,57.53,97,33.67,91,40.38,97,47.94
47.3,42.1,0.00,0.00,100,57.53,98,33.67,91,40.38,97,47.94
21.1,42.3,0.00,0.00,100,57.53,98,33.67,94,40.38,96,47.94
17.9,37.6,0.00,0.00,72,2.95,98,33.67,91,40.38,95,47.94
45.6,37.5,0.00,0.00,0,2.95,96,33.67,89,40.38,93,47.94
20.0,38.0,0.00,0.00,0,2.95,98,33.67,90,40.38,97,47.94
19.7,39.4,0.00,0.00,2,11.84,98,33.67,93,40.38,98,47.94
20.1,42.9,0.00,0.00,7,22.94,98,33.67,95,40.38,97,47.94
17.2,45.6,0.00,0.00,5,30.12,98,33.67,95,40.38,96,47.94
22.8,44.8,0.00,0.00,0,30.12,93,33.99,91,40.38,96,47.94
32.2,45.2,0.00,0.00,0,30.12,0,33.99,91,40.38,97,47.94
41.4,45.6,0.00,0.00,0,30.12,0,33.99,91,40.38,97,47.94
15.9,46.1,0.00,0.00,0,30.12,0,33.99,88,40.38,93,47.94
22.4,46.7,0.00,0.00,42,38.72,0,33.99,91,40.38,96,47.94
78.9,47.1,0.00,0.00,66,38.72,84,33.99,92,40.38,96,47.94
21.2,46.3,0.00,0.00,65,38.72,97,33.99,92,40.38,96,25.45
34.0,42.2,0.00,0.00,68,38.72,98,33.99,93,40.38,97,25.45
36.4,42.4,0.00,0.00,68,38.72,98,33.99,91,40.38,98,25.45
22.2,42.6,0.00,0.00,69,38.72,98,33.99,94,40.38,96,25.45
22.8,42.6,0.00,0.00,68,38.72,97,33.99,95,40.38,97,25.45
22.0,42.6,0.00,0.00,69,38.72,97,33.99,92,40.38,97,25.45
23.2,42.6,0.00,0.00,67,38.72,98,33.99,91,40.38,97,25.45
22.0,41.6,0.00,0.00,68,38.72,98,33.99,55,40.38,97,25.45
25.3,41.8,0.00,0.00,68,38.72,98,33.99,90,40.38,97,25.45
34.7,42.0,0.00,0.00,66,38.72,98,33.99,89,40.38,96,25.45
49.1,42.2,0.00,0.00,63,38.72,98,33.99,92,40.38,96,25.45
25.1,42.5,0.00,0.00,68,38.72,98,33.99,90,40.38,96,25.45
22.5,42.6,0.00,0.00,75,38.72,98,33.99,94,40.38,96,25.45
23.7,42.6,0.00,0.00,78,38.72,98,33.99,93,40.38,98,25.45
22.5,42.6,0.00,0.00,70,38.72,98,33.99,94,40.38,98,25.45
23.5,42.6,0.00,0.00,72,38.72,98,33.99,95,40.38,97,25.45
25.9,41.6,0.00,0.00,65,47.43,98,33.99,88,40.38,96,25.45
23.9,41.8,0.00,0.00,69,47.43,94,33.99,91,40.38,96,25.45
25.3,42.0,0.00,0.00,74,47.43,97,33.99,90,40.38,96,25.45
96.7,42.2,0.00,0.00,68,47.43,98,33.99,92,40.38,97,25.45
25.8,42.4,0.00,0.00,71,47.43,98,33.99,91,40.38,98,25.45
22.0,42.6,0.00,0.00,71,47.43,98,33.99,93,40.38,97,25.45
21.9,42.6,0.00,0.00,70,47.43,98,33.99,93,40.38,48,25.45
17.5,41.5,0.00,0.00,73,47.43,98,33.99,95,40.38,4,2.95
18.5,37.2,0.00,0.00,70,47.43,99,33.99,94,40.38,0,2.95
15.4,37.2,0.00,0.00,71,47.43,99,33.99,94,40.38,0,2.95
20.4,37.3,0.00,0.00,76,47.43,98,33.99,87,40.38,0,2.95
19.2,37.7,0.00,0.00,65,47.43,98,33.99,87,40.38,0,2.95
20.1,38.1,0.00,0.00,71,47.43,99,33.99,92,40.38,2,7.58
21.8,40.3,0.00,0.00,78,47.43,99,33.99,94,40.38,4,17.16
20.3,43.0,0.00,0.00,75,47.43,99,33.99,94,40.38,4,28.51
24.1,45.0,0.00,0.00,68,47.43,98,33.99,84,40.38,3,51.19
23.4,45.1,0.00,0.00,59,47.43,99,33.99,87,40.38,0,51.19
63.1,45.6,0.00,0.00,65,47.43,98,33.99,86,40.38,0,51.19
21.1,46.0,0.00,0.00,66,47.55,97,33.99,88,40.38,0,51.19
29.6,45.6,0.00,0.00,60,47.55,96,33.99,85,40.38,85,60.15
69.3,46.2,0.00,0.00,61,47.55,98,33.99,87,40.38,80,60.15
72.3,46.6,0.00,0.00,67,47.55,97,33.99,86,40.38,89,60.15
23.8,47.1,0.00,0.00,63,47.55,98,33.99,91,40.38,92,60.15
26.1,47.5,0.00,0.00,62,47.55,97,33.99,89,40.38,94,60.15
20.3,47.8,0.00,0.00,66,47.55,98,33.99,94,40.38,96,60.15
20.5,47.8,0.00,0.00,77,47.55,98,33.99,93,40.38,95,60.15
19.4,47.8,0.00,0.00,71,47.55,98,33.99,94,40.38,94,60.15
19.0,47.8,0.00,0.00,70,47.55,98,33.99,92,40.38,95,60.15
20.7,47.8,0.00,0.00,71,47.55,98,33.99,91,40.38,95,60.15
20.0,47.9,0.00,0.00,67,47.55,99,33.99,94,40.38,95,60.15
19.5,47.9,0.00,0.00,69,47.55,99,33.99,93,40.38,96,60.15
19.9,47.9,0.00,0.00,76,47.55,99,33.99,94,40.38,93,60.15
19.5,47.9,0.00,0.00,75,47.55,99,33.99,92,40.38,94,60.15
20.0,47.9,0.00,0.00,74,47.55,98,33.99,94,40.38,96,60.15
20.4,47.9,0.00,0.00,69,47.55,99,33.99,94,40.38,95,60.15
19.7,47.9,0.00,0.00,74,47.55,98,33.99,93,40.38,94,60.15
20.3,47.9,0.00,0.00,75,47.55,99,33.99,93,40.38,92,60.15
22.3,46.9,0.00,0.00,68,47.55,98,33.99,91,40.38,94,60.15
80.7,47.1,0.00,0.00,64,47.55,98,33.99,92,40.38,90,60.15
78.6,46.4,0.00,0.00,65,47.55,98,33.99,87,40.38,94,60.15
24.7,46.8,0.00,0.00,68,47.55,97,33.99,87,40.38,91,60.15
30.6,46.2,0.00,0.00,64,47.55,56,33.99,86,40.38,94,60.15
21.2,46.7,0.00,0.00,69,47.55,0,33.99,90,40.38,93,60.15
50.6,47.1,0.00,0.00,68,47.55,0,33.99,91,40.38,96,60.15
17.6,47.4,0.00,0.00,70,47.55,0,33.99,90,40.38,95,60.15
19.6,47.7,0.00,0.00,68,47.55,0,33.99,86,40.38,95,60.15
20.5,47.8,0.00,0.00,63,47.55,32,33.99,92,40.38,94,60.15
20.8,47.8,0.00,0.00,79,47.55,98,33.99,93,40.38,96,60.15
20.8,47.8,0.00,0.00,64,47.55,98,33.99,94,40.38,96,60.15
20.8,47.8,0.00,0.00,74,47.55,98,33.99,95,40.38,97,60.15
22.2,47.8,0.00,0.00,72,47.55,98,33.99,94,40.38,97,60.15
20.0,47.8,0.00,0.00,74,47.55,98,33.99,94,40.38,97,60.15
20.0,47.8,0.00,0.00,77,47.55,98,33.99,94,40.38,94,60.15
21.0,47.8,0.00,0.00,78,47.55,98,33.99,94,40.38,97,60.15
20.6,47.8,0.00,0.00,78,47.55,98,33.99,94,40.38,97,60.15
21.9,46.9,0.00,0.00,35,47.55,98,33.99,90,40.38,93,60.15
22.5,47.2,0.00,0.00,69,47.55,98,33.99,89,40.38,94,60.15
69.4,47.4,0.00,0.00,65,47.55,98,33.99,91,40.38,92,60.15
22.5,47.6,0.00,0.00,72,47.55,98,33.99,90,40.38,93,60.15
27.4,47.8,0.00,0.00,72,47.55,98,33.99,88,40.38,96,60.15
20.8,47.8,0.00,0.00,76,47.55,98,33.99,93,40.38,96,60.15
19.6,47.8,0.00,0.00,79,47.55,98,33.99,93,40.38,96,60.15
20.1,47.8,0.00,0.00,74,47.55,98,33.99,93,40.38,95,60.15
21.7,46.9,0.00,0.00,73,47.55,98,33.99,88,40.38,93,60.15
23.0,47.1,0.00,0.00,69,47.55,99,33.99,92,40.38,92,60.15
21.6,47.3,0.00,0.00,63,47.55,98,33.99,92,40.38,90,60.15
21.5,47.6,0.00,0.00,68,47.55,98,33.99,90,40.38,92,60.15
21.9,47.8,0.00,0.00,69,47.55,98,33.99,89,40.38,95,60.15
19.8,47.8,0.00,0.00,75,47.55,99,33.99,92,40.38,96,60.15
21.0,47.8,0.00,0.00,73,47.55,98,33.99,93,40.38,96,60.15
20.0,47.8,0.00,0.00,74,47.55,98,33.99,90,40.38,97,60.15
20.1,47.8,0.00,0.00,72,47.55,98,33.99,91,40.38,95,60.15
21.2,47.9,0.00,0.00,71,47.55,98,33.99,93,40.38,95,60.15
24.2,42.5,0.00,0.00,42,25.25,98,33.99,93,40.38,96,60.15
20.3,42.5,0.00,0.00,75,25.25,98,33.99,94,40.38,96,60.15
21.7,42.5,0.00,0.00,68,25.25,98,33.99,94,40.38,96,60.15
20.0,42.5,0.00,0.00,66,25.25,98,33.99,94,40.38,95,60.15
19.8,42.5,0.00,0.00,71,25.25,98,33.99,95,40.38,45,84.2
20.3,41.6,0.00,0.00,68,25.25,98,33.99,90,40.38,100,84.2
21.5,41.8,0.00,0.00,66,25.25,98,33.99,91,40.38,100,84.2
22.1,42.0,0.00,0.00,62,25.25,98,33.99,90,40.38,100,84.2
21.5,42.2,0.00,0.00,66,25.25,97,33.99,90,40.38,100,84.2
33.1,42.5,0.00,0.00,68,25.25,98,33.99,93,40.38,100,84.2
19.3,42.5,0.00,0.00,69,25.25,98,33.99,95,40.38,100,84.2
20.0,42.5,0.00,0.00,70,25.25,98,33.99,94,40.38,100,84.2
20.5,42.5,0.00,0.00,72,25.25,98,33.99,91,40.38,100,84.2
16.4,42.5,0.00,0.00,73,25.25,99,33.99,93,40.38,100,84.2
22.2,41.6,0.00,0.00,72,25.25,99,33.99,91,40.38,100,84.2
21.2,41.9,0.00,0.00,68,25.25,98,33.99,91,40.38,100,84.2
21.5,42.1,0.00,0.00,68,25.25,99,33.99,89,40.38,100,84.2
51.8,42.3,0.00,0.00,73,25.25,98,33.99,92,40.38,100,84.2
19.4,42.0,0.00,0.00,68,25.25,98,33.99,92,40.38,100,84.2
15.3,41.7,0.00,0.00,0,25.25,98,33.99,92,40.38,100,84.2
17.1,41.9,0.00,0.00,0,25.25,98,33.99,90,40.38,100,84.2
60.6,42.1,0.00,0.00,0,25.25,99,33.99,93,40.38,100,84.2
87.1,42.3,0.00,0.00,0,25.25,98,33.99,93,40.38,100,84.2
19.6,42.5,0.00,0.00,77,25.25,98,33.99,95,40.38,100,84.2
20.2,42.5,0.00,0.00,70,25.25,98,33.99,95,40.38,100,84.2
19.7,42.5,0.00,0.00,68,25.25,98,33.99,95,40.38,100,84.2
20.5,42.5,0.00,0.00,75,25.25,98,33.99,94,40.38,100,84.2
20.3,42.5,0.00,0.00,69,25.25,98,33.99,94,40.38,100,84.2
20.0,42.5,0.00,0.00,73,25.25,99,33.99,93,40.38,100,84.2
19.7,42.5,0.00,0.00,77,25.25,99,33.99,94,40.38,100,84.2
24.5,42.5,0.00,0.00,74,25.25,75,33.99,94,40.38,100,84.2
53.1,41.6,0.00,0.00,67,25.25,0,33.99,93,40.38,100,84.2
19.5,41.8,0.00,0.00,66,25.25,0,33.99,91,40.38,100,84.2
18.5,42.1,0.00,0.00,67,25.25,0,33.99,93,40.38,100,84.2
19.0,42.3,0.00,0.00,70,25.25,0,33.99,94,40.38,100,84.2
19.2,42.5,0.00,0.00,69,25.25,41,33.99,95,40.38,100,84.2
21.6,42.5,0.00,0.00,71,25.25,97,33.99,95,40.38,100,84.2
17.8,42.5,0.00,0.00,78,25.25,97,33.99,49,21.66,100,84.2
20.6,37.2,0.00,0.00,64,25.25,98,33.99,92,21.66,100,84.2
19.2,37.2,0.00,0.00,70,25.25,98,33.99,90,21.66,100,84.2
14.5,36.2,0.00,0.00,70,25.25,98,33.99,91,21.66,100,84.2
15.7,36.4,0.00,0.00,0,25.25,96,33.99,93,21.66,100,84.2
14.3,36.6,0.00,0.00,0,25.25,98,33.99,92,21.66,100,84.2
16.7,36.8,0.00,0.00,0,25.25,97,33.99,91,21.66,100,84.2
42.0,37.1,0.00,0.00,0,25.25,98,33.99,91,21.66,100,84.2
19.4,37.2,0.00,0.00,72,25.25,98,33.99,93,21.66,100,84.2
19.5,37.2,0.00,0.00,75,25.25,98,33.99,95,21.66,100,84.2
21.0,37.2,0.00,0.00,72,25.25,98,33.99,95,21.66,100,84.2
19.8,37.2,0.00,0.00,70,25.25,98,33.99,95,21.66,100,84.2
21.3,37.2,0.00,0.00,74,25.25,98,33.99,90,21.66,100,84.2
19.6,37.2,0.00,0.00,71,25.25,98,33.99,93,21.66,100,84.2
21.8,37.2,0.00,0.00,69,25.25,98,33.99,95,21.66,100,84.2
21.0,37.2,0.00,0.00,69,25.25,97,33.99,93,21.66,100,84.2
19.4,37.2,0.00,0.00,77,25.25,98,33.99,95,21.66,100,84.2
21.4,37.2,0.00,0.00,74,25.25,98,33.99,95,21.66,100,84.2
20.7,37.2,0.00,0.00,71,25.25,98,33.99,94,21.66,100,84.2
19.4,37.2,0.00,0.00,76,25.25,98,33.99,95,21.66,100,84.2
19.9,37.2,0.00,0.00,71,25.25,98,33.99,95,21.66,100,84.2
20.2,37.2,0.00,0.00,75,25.25,98,33.99,90,21.66,100,84.2
19.0,37.2,0.00,0.00,72,25.25,99,33.99,94,21.66,100,84.2
21.1,37.2,0.00,0.00,72,25.25,99,33.99,95,21.66,100,84.2
22.7,37.2,0.00,0.00,76,25.25,99,33.99,33,2.95,100,84.2
9.4,30.9,0.00,0.00,43,25.25,98,33.99,0,2.95,100,84.2
8.8,31.2,0.00,0.00,0,25.25,98,33.99,0,2.95,100,84.2
9.5,31.4,0.00,0.00,0,25.25,98,33.99,0,2.95,100,84.2
10.4,31.6,0.00,0.00,0,25.25,99,33.99,0,2.95,100,84.2
19.5,32.0,0.00,0.00,0,25.25,98,33.99,0,2.95,100,84.2
15.8,32.3,0.00,0.00,75,25.25,98,33.99,0,2.95,100,84.2
17.1,32.8,0.00,0.00,71,25.25,99,33.99,2,8.67,100,84.2
15.5,34.7,0.00,0.00,73,25.25,99,33.99,3,15.36,100,84.2
16.7,36.1,0.00,0.00,71,25.25,98,33.99,0,24.4,100,84.2
16.0,36.3,0.00,0.00,72,25.25,98,33.99,0,24.4,100,84.2
16.7,36.6,0.00,0.00,72,25.25,98,33.99,0,24.4,99,84.2
15.3,36.8,0.00,0.00,72,25.25,98,33.99,0,24.4,100,84.2
16.5,37.0,0.00,0.00,69,25.25,98,33.99,28,31.01,100,84.2
21.9,37.2,0.00,0.00,74,25.25,98,33.99,98,31.01,59,84.27
23.7,36.3,0.00,0.00,64,25.25,98,33.99,98,31.01,93,84.27
23.6,36.5,0.00,0.00,68,25.25,98,33.99,96,31.01,93,84.27
25.6,36.7,0.00,0.00,64,25.25,98,33.99,98,31.01,94,84.27
23.2,36.9,0.00,0.00,68,25.25,98,33.99,98,31.01,94,84.27
29.7,37.2,0.00,0.00,67,25.25,97,33.99,98,31.01,95,84.27
22.6,37.2,0.00,0.00,72,25.25,97,33.99,98,31.01,96,84.27
23.9,37.2,0.00,0.00,65,25.25,98,33.99,99,31.01,94,84.27
20.3,37.2,0.00,0.00,72,25.25,98,33.99,98,31.01,95,84.27
18.0,37.2,0.00,0.00,72,25.25,98,33.99,99,31.01,96,84.27
15.5,31.8,0.00,0.00,4,2.95,98,33.99,99,31.01,96,84.27
15.8,31.8,0.00,0.00,0,2.95,99,33.99,98,31.01,96,84.27
15.9,31.8,0.00,0.00,0,2.95,98,33.99,98,31.01,90,84.27
22.9,32.2,0.00,0.00,0,2.95,98,33.99,96,31.01,90,84.27
61.0,32.6,0.00,0.00,0,2.95,98,33.99,57,31.01,93,84.27
13.3,33.8,0.00,0.00,2,13.94,98,33.99,0,31.01,94,84.27
12.7,37.8,0.00,0.00,8,25.97,99,33.99,0,31.01,95,84.27
45.1,34.5,0.00,0.00,3,30.12,6,2.95,0,31.01,92,84.27
60.6,35.3,0.00,0.00,0,30.12,0,2.95,0,31.01,90,84.27
17.3,36.1,0.00,0.00,0,30.12,0,2.95,94,31.01,92,84.27
18.2,36.7,0.00,0.00,0,30.12,1,9.32,98,31.01,94,84.27
31.3,39.9,0.00,0.00,0,38.72,5,19.58,98,31.01,94,84.27
24.7,43.4,0.00,0.00,56,38.72,5,31.56,98,31.01,91,84.27
22.8,44.9,0.00,0.00,68,38.72,2,32.12,98,31.01,88,84.27
22.1,45.3,0.00,0.00,72,38.72,0,32.12,96,31.01,88,84.27
22.8,45.7,0.00,0.00,64,38.72,0,32.12,98,31.01,91,84.27
28.8,46.2,0.00,0.00,66,38.72,0,32.12,95,31.01,92,84.27
24.8,46.5,0.00,0.00,70,38.72,0,36.25,98,31.01,92,84.27
26.4,46.8,0.00,0.00,67,38.72,87,36.25,96,31.01,94,84.27
26.9,47.0,0.00,0.00,65,38.72,91,36.25,98,31.01,93,84.27
31.2,47.2,0.00,0.00,68,38.72,90,36.25,98,31.01,95,84.27
27.1,47.4,0.00,0.00,65,38.72,89,36.25,98,31.01,91,84.27
28.4,47.7,0.00,0.00,59,38.72,85,36.25,98,31.01,95,84.27
25.3,47.7,0.00,0.00,66,38.72,89,36.25,97,31.01,94,84.27
19.0,46.7,0.00,0.00,64,38.72,89,36.25,15,31.01,95,84.27
19.3,46.9,0.00,0.00,70,38.72,88,36.25,0,31.01,94,84.27
20.5,47.1,0.00,0.00,67,38.72,92,36.25,0,31.01,94,84.27
18.5,47.4,0.00,0.00,66,38.72,91,36.25,0,31.01,92,84.27
97.8,47.6,0.00,0.00,76,38.72,92,36.25,28,31.01,95,84.27
25.4,47.7,0.00,0.00,73,38.72,92,36.25,99,31.01,96,84.27
29.5,46.8,0.00,0.00,29,47.43,92,36.25,98,31.01,95,84.27
51.1,47.0,0.00,0.00,71,47.43,91,36.25,96,31.01,91,84.27
27.4,47.2,0.00,0.00,69,47.43,92,36.25,98,31.01,93,84.27
29.4,47.4,0.00,0.00,63,47.43,89,36.25,95,31.01,92,84.27
37.5,47.6,0.00,0.00,69,47.43,91,36.25,98,31.01,95,84.27
25.4,47.7,0.00,0.00,74,47.43,91,36.25,98,31.01,96,84.27
24.4,47.7,0.00,0.00,64,47.43,93,36.25,98,31.01,95,84.27
25.5,47.7,0.00,0.00,64,47.43,93,36.25,99,31.01,96,84.27
26.1,47.7,0.00,0.00,68,47.43,92,36.25,98,31.01,95,84.27
24.5,47.7,0.00,0.00,67,47.43,93,36.25,97,31.01,96,84.27
23.9,47.7,0.00,0.00,71,47.43,93,36.25,98,31.01,95,84.27
28.5,47.7,0.00,0.00,67,47.43,92,40.38,98,31.01,92,84.27
97.5,46.9,0.00,0.00,69,47.43,94,40.38,98,31.01,92,84.27
27.0,47.1,0.00,0.00,66,47.43,90,40.38,89,31.01,96,84.27
20.3,46.4,0.00,0.00,75,47.43,88,40.38,0,31.01,94,84.27
75.6,46.9,0.00,0.00,62,47.43,88,40.38,0,31.01,92,84.27
17.6,47.3,0.00,0.00,67,47.43,93,40.38,0,31.01,92,84.27
19.2,47.5,0.00,0.00,78,47.43,92,40.38,0,31.01,90,84.27
24.5,46.7,0.00,0.00,32,47.55,92,40.38,24,31.01,94,84.27
25.7,46.9,0.00,0.00,72,47.55,92,40.38,97,31.01,91,84.27
54.3,47.1,0.00,0.00,61,47.55,89,40.38,96,31.01,91,84.27
26.9,47.3,0.00,0.00,70,47.55,92,40.38,98,31.01,51,84.08
27.2,46.5,0.00,0.00,66,47.55,92,40.38,98,31.01,100,59.38
25.5,42.5,0.00,0.00,64,47.55,94,40.38,99,31.01,100,59.38
25.9,42.5,0.00,0.00,73,47.55,93,40.38,98,31.01,100,59.38
24.7,42.5,0.00,0.00,73,47.55,95,40.38,99,31.01,100,59.38
25.5,42.4,0.00,0.00,72,47.55,95,40.38,99,31.01,100,59.38
24.3,42.5,0.00,0.00,70,47.55,95,40.38,98,31.01,100,59.38
27.0,42.5,0.00,0.00,76,47.55,93,40.38,99,31.01,100,59.38
23.8,42.5,0.00,0.00,74,47.55,95,40.38,98,31.01,100,59.38
23.6,42.5,0.00,0.00,68,47.55,94,40.38,99,31.01,100,59.38
24.7,42.5,0.00,0.00,67,47.55,94,40.38,99,31.01,100,59.38
24.0,42.5,0.00,0.00,68,47.55,95,40.38,98,31.01,100,59.38
23.4,42.5,0.00,0.00,68,47.55,95,40.38,91,31.01,100,59.38
19.5,41.6,0.00,0.00,70,47.55,94,40.38,0,31.01,100,59.38
17.8,41.8,0.00,0.00,72,47.55,91,40.38,0,31.01,100,59.38
19.5,41.8,0.00,0.00,71,47.36,93,40.38,0,31.01,100,59.38
42.8,36.0,0.00,0.00,71,25.25,91,40.38,0,31.01,100,59.38
24.7,36.4,0.00,0.00,63,25.25,91,40.38,96,31.01,100,59.38
25.5,36.6,0.00,0.00,62,25.25,91,40.38,97,31.01,100,59.38
24.5,36.8,0.00,0.00,63,25.25,93,40.38,98,31.01,100,59.38
25.9,37.0,0.00,0.00,63,25.25,94,40.38,97,31.01,100,59.38
25.5,37.1,0.00,0.00,73,25.25,96,40.38,98,31.01,100,59.38
25.7,37.1,0.00,0.00,72,25.25,95,40.38,98,31.01,100,59.38
23.1,37.1,0.00,0.00,72,25.25,96,40.38,98,31.01,100,59.38
23.2,37.1,0.00,0.00,66,25.25,94,40.38,99,31.01,100,59.38
23.1,37.1,0.00,0.00,79,25.25,96,40.38,98,31.01,100,59.38
24.3,37.1,0.00,0.00,80,25.25,96,40.38,99,31.01,100,59.38
23.7,37.1,0.00,0.00,66,25.25,95,40.38,99,31.01,100,59.38
24.6,37.1,0.00,0.00,74,25.25,95,40.38,99,31.01,100,59.38
24.2,37.1,0.00,0.00,65,25.25,95,40.38,99,31.01,100,59.38
24.2,37.1,0.00,0.00,71,25.25,94,40.38,99,31.01,100,59.38
24.1,37.1,0.00,0.00,69,25.25,93,40.38,98,31.01,100,59.38
25.3,37.1,0.00,0.00,73,25.25,96,40.38,0,31.01,100,59.38
18.1,36.2,0.00,0.00,70,25.25,94,40.38,0,31.01,100,59.38
12.9,31.1,0.00,0.00,24,2.95,94,40.38,0,31.01,100,59.38
11.0,31.3,0.00,0.00,0,2.95,94,40.38,0,31.01,100,59.38
10.6,31.6,0.00,0.00,0,2.95,94,40.38,0,31.01,100,59.38
16.9,31.7,0.00,0.00,0,2.95,95,40.38,98,31.01,100,59.38
16.7,31.7,0.00,0.00,0,2.95,95,40.38,98,31.01,100,59.38
16.6,31.7,0.00,0.00,0,2.95,96,40.38,99,31.01,100,59.38
17.0,31.7,0.00,0.00,0,2.95,96,40.38,99,31.01,100,59.38
16.7,31.7,0.00,0.00,0,2.95,96,40.38,99,31.01,100,59.38
20.2,30.7,0.00,0.00,0,2.95,54,40.38,97,31.01,100,59.38
17.9,30.9,0.00,0.00,0,2.95,92,40.38,96,31.01,100,59.38
20.5,31.1,0.00,0.00,0,2.95,90,40.38,98,31.01,100,59.38
26.1,31.3,0.00,0.00,0,2.95,91,40.38,97,31.01,100,59.38
19.2,31.6,0.00,0.00,0,2.95,93,40.38,98,31.01,100,59.38
16.9,31.7,0.00,0.00,0,2.95,95,40.38,99,31.01,100,59.38
17.6,31.7,0.00,0.00,0,2.95,95,40.38,99,31.01,100,59.38
17.1,31.7,0.00,0.00,0,2.95,95,40.38,98,31.01,100,59.38
17.3,31.7,0.00,0.00,0,2.95,95,40.38,99,31.01,100,59.38
17.5,31.7,0.00,0.00,0,2.95,95,40.38,99,31.01,100,59.38
12.3,30.7,0.00,0.00,0,2.95,95,40.38,20,31.01,100,59.38
18.9,30.9,0.00,0.00,0,2.95,94,40.38,0,31.01,100,59.38
18.9,31.2,0.00,0.00,0,2.95,93,40.38,0,31.01,100,59.38
19.3,31.4,0.00,0.00,0,2.95,91,40.38,0,31.01,99,59.38
21.0,31.7,0.00,0.00,0,2.95,94,40.38,92,31.01,100,59.38
17.8,31.7,0.00,0.00,0,2.95,96,40.38,99,31.01,100,59.38
17.8,31.7,0.00,0.00,0,2.95,95,40.38,99,31.01,100,59.38
18.0,31.7,0.00,0.00,0,2.95,95,40.38,98,31.01,100,59.38
16.9,31.7,0.00,0.00,0,2.95,96,40.38,99,31.01,100,59.38
17.5,31.7,0.00,0.00,0,2.95,94,40.38,99,31.01,100,59.38
17.6,31.7,0.00,0.00,0,2.95,96,40.38,99,31.01,100,59.38
18.6,31.6,0.00,0.00,0,2.95,96,40.38,99,31.01,100,59.38
17.1,31.6,0.00,0.00,0,2.95,96,40.38,99,31.01,100,59.38
16.4,31.6,0.00,0.00,0,2.95,95,40.38,99,31.01,100,59.38
16.9,31.6,0.00,0.00,0,2.95,95,40.38,99,31.01,100,59.38
19.0,31.6,0.00,0.00,0,2.95,58,40.38,98,31.01,100,59.38
20.1,30.8,0.00,0.00,0,2.95,94,40.38,96,31.01,100,59.38
18.8,31.0,0.00,0.00,0,2.95,93,40.38,98,31.01,100,59.38
17.9,31.3,0.00,0.00,0,2.95,91,40.38,97,31.01,58,59.19
18.6,30.0,0.00,0.00,0,2.95,93,40.38,97,31.01,11,2.95
8.5,21.3,0.00,0.00,0,2.95,95,40.38,5,2.95,0,2.95
6.3,21.1,0.00,0.00,0,2.95,96,40.38,0,2.95,0,2.95
6.5,21.1,0.00,0.00,0,2.95,95,40.38,0,2.95,0,2.95
6.3,21.1,0.00,0.00,0,2.95,95,40.38,0,2.95,0,2.95
34.2,21.8,0.00,0.00,0,2.95,86,40.38,0,2.95,0,2.95
100.0,22.9,0.00,0.00,0,2.95,87,40.38,0,3.07,0,3.16
18.6,25.8,0.00,0.00,0,9.81,95,40.38,5,14.2,3,12.91
18.4,35.1,0.00,0.00,10,20.82,95,40.38,7,25.83,6,23.12
18.6,44.7,0.00,0.00,10,31.73,93,40.38,4,31.73,4,38.55
74.8,46.3,0.00,0.00,0,31.73,92,40.38,0,31.73,0,51.19
53.6,47.0,0.00,0.00,0,31.73,90,40.38,0,31.73,0,51.19
15.5,47.7,0.00,0.00,0,31.73,91,40.38,0,31.73,0,51.19
12.9,48.4,0.00,0.00,0,31.73,88,40.38,0,36.49,0,51.19
21.7,49.3,0.00,0.00,24,36.49,88,40.38,45,36.49,26,75.12
24.5,50.2,0.00,0.00,49,36.49,88,40.38,58,36.49,99,75.12
22.8,50.8,0.00,0.00,50,36.49,90,40.38,54,36.49,99,75.12
33.0,51.3,0.00,0.00,50,36.49,88,40.38,49,36.49,100,75.12
45.5,51.9,0.00,0.00,64,36.49,87,40.38,55,36.49,100,75.12
20.9,52.4,0.00,0.00,56,36.49,92,40.38,73,36.49,100,75.12
20.4,52.6,0.00,0.00,58,36.49,92,40.38,69,36.49,100,75.12
20.7,52.6,0.00,0.00,53,36.49,94,40.38,62,36.49,100,75.12
22.5,47.5,0.00,0.00,57,36.49,91,21.66,64,36.49,100,75.12
20.9,47.3,0.00,0.00,54,36.49,94,21.66,47,36.49,100,75.12
18.9,47.3,0.00,0.00,68,36.49,94,21.66,43,36.49,100,75.12
18.4,47.3,0.00,0.00,59,36.49,94,21.66,70,36.49,100,75.12
18.6,47.3,0.00,0.00,59,36.49,92,21.66,63,36.49,100,75.12
18.2,47.3,0.00,0.00,49,36.49,94,21.66,76,36.49,100,75.12
19.0,47.3,0.00,0.00,49,36.49,94,21.66,68,36.49,100,75.12
18.2,47.3,0.00,0.00,74,36.49,93,21.66,48,36.49,100,75.12
19.9,47.3,0.00,0.00,57,36.49,94,21.66,54,36.49,100,75.12
18.9,47.3,0.00,0.00,62,36.57,95,21.66,61,40.3,100,75.12
25.4,45.5,0.00,0.00,35,40.3,90,21.66,90,40.3,100,75.12
100.0,45.9,0.00,0.00,80,40.3,91,21.66,93,40.3,100,75.12
25.8,46.3,0.00,0.00,86,40.3,86,21.66,90,40.3,100,75.12
37.1,46.7,0.00,0.00,87,40.3,90,21.66,90,40.3,100,75.12
26.7,47.1,0.00,0.00,85,40.3,89,21.66,95,40.3,100,75.12
21.0,47.3,0.00,0.00,90,40.3,94,21.66,96,40.3,100,75.12
20.8,47.3,0.00,0.00,91,40.3,93,21.66,94,40.3,100,75.12
21.3,47.3,0.00,0.00,91,40.3,93,21.66,95,40.3,100,75.12
20.6,47.3,0.00,0.00,92,40.3,94,21.66,93,40.3,100,75.12
20.3,47.3,0.00,0.00,90,40.3,92,21.66,93,40.3,100,75.12
20.0,47.3,0.00,0.00,91,40.3,94,21.66,93,40.3,100,75.12
19.7,47.3,0.00,0.00,91,40.3,95,21.66,92,40.3,100,75.12
20.7,47.3,0.00,0.00,90,40.3,95,21.66,95,40.3,100,75.12
21.2,47.3,0.00,0.00,91,40.3,94,21.66,95,40.3,100,75.12
22.0,42.2,0.00,0.00,82,40.33,3,2.95,43,40.33,100,75.12
44.4,40.5,0.00,0.00,45,40.33,0,2.95,57,40.33,100,75.12
30.1,41.3,0.00,0.00,49,40.33,0,2.95,52,40.33,100,75.12
43.8,42.0,0.00,0.00,52,40.33,0,3.22,58,40.33,100,75.12
92.3,44.4,0.00,0.00,57,40.33,6,15.89,59,40.33,100,75.12
19.9,48.0,0.00,0.00,50,40.33,5,27.39,57,40.33,100,75.12
24.7,50.5,0.00,0.00,67,40.33,0,32.12,63,40.33,100,75.12
17.0,50.7,0.00,0.00,50,40.33,0,32.12,72,40.33,100,75.12
15.0,50.9,0.00,0.00,58,40.33,0,32.12,55,40.33,100,75.12
15.2,51.1,0.00,0.00,58,40.33,0,32.12,53,40.33,100,75.12
14.4,51.3,0.00,0.00,48,40.33,0,36.25,73,40.33,100,75.12
20.9,51.7,0.00,0.00,46,40.33,84,36.25,52,40.33,100,75.12
21.4,51.9,0.00,0.00,57,40.33,87,36.25,50,40.33,100,75.12
21.9,52.1,0.00,0.00,60,40.33,85,36.25,77,40.33,100,75.12
54.9,52.3,0.00,0.00,50,40.33,89,36.25,61,40.33,100,75.12
18.9,52.6,0.00,0.00,50,40.33,90,36.25,66,40.33,100,75.12
19.6,52.6,0.00,0.00,46,40.33,91,36.25,64,40.33,100,75.12
19.7,52.6,0.00,0.00,53,40.33,92,36.25,67,40.33,100,75.12
19.2,52.6,0.00,0.00,52,40.33,92,36.25,51,40.33,100,75.12
53.4,50.7,0.00,0.00,50,40.33,89,36.25,91,40.33,100,75.12
24.5,51.1,0.00,0.00,87,40.33,87,36.25,92,40.33,100,75.12
31.0,51.5,0.00,0.00,90,40.33,88,36.25,89,40.33,100,75.12
90.3,51.9,0.00,0.00,85,40.33,85,36.25,91,40.33,100,75.12
24.6,52.3,0.00,0.00,87,40.33,81,36.25,92,40.33,100,75.12
18.8,52.6,0.00,0.00,91,40.33,91,36.25,92,40.33,100,75.12
19.8,52.6,0.00,0.00,88,40.33,92,36.25,94,40.33,100,75.12
20.8,52.6,0.00,0.00,91,40.33,93,36.25,94,40.33,100,75.12
20.4,52.6,0.00,0.00,92,40.33,91,36.25,92,40.33,100,75.12
20.3,52.6,0.00,0.00,92,40.33,93,36.25,91,40.33,100,75.12
20.1,52.6,0.00,0.00,91,40.33,94,36.25,94,40.33,100,75.12
20.7,52.6,0.00,0.00,93,40.33,93,36.25,94,40.33,100,75.12
19.9,52.6,0.00,0.00,91,40.33,93,36.25,95,40.33,100,75.12
18.8,52.6,0.00,0.00,90,40.33,94,36.25,92,40.33,73,84.15
24.6,51.7,0.00,0.00,88,40.33,80,40.38,87,40.33,91,84.15
26.2,49.2,0.00,0.00,40,40.33,82,40.38,75,40.33,87,84.15
44.0,50.0,0.00,0.00,46,40.33,88,40.38,58,40.33,88,84.15
47.8,50.7,0.00,0.00,47,40.33,86,40.38,55,40.33,91,84.15
92.7,51.5,0.00,0.00,50,40.33,85,40.38,54,40.33,94,84.15
25.7,52.2,0.00,0.00,52,40.33,87,40.38,56,40.33,93,84.15
18.5,52.6,0.00,0.00,60,40.33,93,40.38,67,40.33,97,84.15
21.1,52.6,0.00,0.00,50,40.33,94,40.38,61,40.33,96,84.15
20.1,52.6,0.00,0.00,67,40.33,94,40.38,57,40.33,96,84.15
20.0,52.6,0.00,0.00,60,40.33,94,40.38,59,40.33,97,84.15
19.1,52.6,0.00,0.00,63,40.33,95,40.38,58,40.33,95,84.15
20.5,52.6,0.00,0.00,53,40.33,93,40.38,61,40.33,95,84.15
19.2,52.6,0.00,0.00,56,40.33,95,40.38,61,40.33,96,84.15
19.1,52.6,0.00,0.00,57,40.33,95,40.38,54,40.33,96,84.15
19.0,52.6,0.00,0.00,48,40.33,92,40.38,55,40.33,96,84.15
19.1,52.6,0.00,0.00,62,40.33,94,40.38,64,40.33,97,84.15
19.1,52.6,0.00,0.00,53,40.33,93,40.38,81,40.33,97,84.15
18.4,52.6,0.00,0.00,58,40.33,93,40.38,52,40.33,94,84.15
19.4,52.6,0.00,0.00,60,40.33,95,40.38,57,40.33,94,84.15
22.1,42.5,0.00,0.00,69,21.81,94,40.38,95,21.81,97,84.15
20.8,42.2,0.00,0.00,92,21.81,95,40.38,94,21.81,95,84.15
20.5,42.2,0.00,0.00,92,21.81,94,40.38,91,21.81,96,84.15
19.9,42.2,0.00,0.00,91,21.81,94,40.38,94,21.81,96,84.15
20.1,42.2,0.00,0.00,91,21.81,95,40.38,89,21.81,93,84.15
20.6,42.2,0.00,0.00,91,21.81,95,40.38,95,21.81,95,84.15
22.1,41.3,0.00,0.00,88,21.81,89,40.38,91,21.81,94,84.15
84.9,41.5,0.00,0.00,88,21.81,91,40.38,91,21.81,93,84.15
21.9,41.7,0.00,0.00,90,21.81,92,40.38,93,21.81,94,84.15
30.9,41.9,0.00,0.00,92,21.81,90,40.38,91,21.81,93,84.15
22.2,42.1,0.00,0.00,87,21.81,93,40.38,93,21.81,93,84.15
22.0,42.2,0.00,0.00,91,21.81,93,40.38,93,21.81,95,84.15
21.2,42.2,0.00,0.00,92,21.81,93,40.38,92,21.81,96,84.15
20.5,42.2,0.00,0.00,91,21.81,89,40.38,93,21.81,96,84.15
20.6,42.2,0.00,0.00,92,21.81,93,40.38,86,21.81,97,84.15
12.6,32.0,0.00,0.00,56,2.95,94,40.38,3,2.95,97,84.15
9.6,31.8,0.00,0.00,0,2.95,95,40.38,0,2.95,97,84.15
9.6,31.8,0.00,0.00,0,2.95,94,40.38,0,2.95,97,84.15
12.1,31.8,0.00,0.00,0,2.95,95,40.38,0,2.95,94,84.15
16.5,32.2,0.00,0.00,0,2.95,85,40.38,0,2.95,86,84.15
16.7,33.0,0.00,0.00,0,2.95,88,40.38,0,4.87,96,84.15
18.8,37.0,0.00,0.00,5,12.69,95,40.38,7,18.62,96,84.15
18.5,44.2,0.00,0.00,9,23.87,94,40.38,5,28.78,94,84.15
14.7,48.2,0.00,0.00,6,38.18,95,40.38,4,38.18,92,84.15
20.7,48.6,0.00,0.00,0,38.18,94,40.38,0,38.18,93,84.15
14.2,49.1,0.00,0.00,0,38.18,90,40.38,0,38.18,92,84.15
50.3,49.5,0.00,0.00,0,38.18,90,40.38,0,38.18,89,84.15
74.1,50.0,0.00,0.00,0,38.18,90,40.38,0,44.7,95,84.15
25.1,50.8,0.00,0.00,96,44.7,90,40.38,99,44.7,87,84.15
35.3,51.2,0.00,0.00,100,44.7,89,40.38,99,44.7,91,84.15
26.9,51.6,0.00,0.00,99,44.7,88,40.38,99,44.7,90,84.15
28.3,51.1,0.00,0.00,99,44.7,79,40.38,99,44.7,89,84.15
60.6,51.7,0.00,0.00,99,44.7,87,40.38,99,44.7,97,84.15
23.7,52.2,0.00,0.00,100,44.7,92,40.38,99,44.7,94,84.15
23.1,52.4,0.00,0.00,100,44.7,92,40.38,99,44.7,93,84.15
32.8,52.7,0.00,0.00,99,44.7,89,40.38,99,44.7,97,84.15
20.1,52.7,0.00,0.00,99,44.7,94,40.38,99,44.7,97,84.15
22.1,52.7,0.00,0.00,99,44.7,94,40.38,99,44.7,97,84.15
20.5,52.7,0.00,0.00,99,44.7,92,40.38,99,44.7,96,84.15
20.4,52.7,0.00,0.00,99,44.7,95,40.38,99,44.7,96,84.15
26.7,52.6,0.00,0.00,99,44.72,93,40.38,52,49.48,90,84.27
28.4,50.9,0.00,0.00,51,49.48,92,40.38,66,49.48,100,84.27
26.5,50.5,0.00,0.00,56,49.48,86,40.38,65,49.48,100,84.27
25.5,51.1,0.00,0.00,57,49.48,88,40.38,60,49.48,100,84.27
26.4,51.7,0.00,0.00,46,49.48,89,40.38,63,49.48,100,84.27
35.8,52.3,0.00,0.00,49,49.48,87,40.38,66,49.48,100,84.27
18.9,52.7,0.00,0.00,53,49.48,92,40.38,70,49.48,100,84.27
20.3,52.7,0.00,0.00,56,49.48,95,40.38,64,49.48,100,84.27
19.5,52.7,0.00,0.00,56,49.48,95,40.38,66,49.48,100,84.27
18.2,52.7,0.00,0.00,66,49.48,95,40.38,80,49.48,100,84.27
19.5,52.7,0.00,0.00,53,49.48,95,40.38,57,49.48,100,84.27
19.3,52.7,0.00,0.00,53,49.48,95,40.38,74,49.48,100,84.27
19.5,52.7,0.00,0.00,59,49.48,95,40.38,58,49.48,100,84.27
19.4,52.7,0.00,0.00,60,49.48,95,40.38,67,49.48,100,84.27
20.6,52.7,0.00,0.00,56,49.48,94,40.38,58,49.48,100,84.27
19.5,51.7,0.00,0.00,63,49.48,67,40.38,58,49.48,100,84.27
21.5,51.9,0.00,0.00,53,49.48,90,40.38,72,49.48,100,84.27
78.7,52.1,0.00,0.00,51,49.48,93,40.38,66,49.56,100,84.27
92.9,50.4,0.00,0.00,34,49.56,88,40.38,99,49.56,100,84.27
38.8,51.0,0.00,0.00,99,49.56,91,40.38,98,49.56,100,84.27
25.2,51.5,0.00,0.00,99,49.56,87,40.38,100,49.56,99,84.27
93.5,52.0,0.00,0.00,99,49.56,89,40.38,100,49.56,100,84.27
25.5,52.4,0.00,0.00,99,49.56,87,40.38,99,49.56,100,84.27
20.0,52.7,0.00,0.00,99,49.56,93,40.38,99,49.56,100,84.27
21.0,52.7,0.00,0.00,99,49.56,93,40.38,99,49.56,100,84.27
21.7,52.7,0.00,0.00,99,49.56,94,40.38,99,49.56,100,84.27
20.8,52.7,0.00,0.00,99,49.56,94,40.38,99,49.56,100,84.27
19.8,52.7,0.00,0.00,100,49.56,94,40.38,100,49.56,100,84.27
19.9,52.7,0.00,0.00,99,49.56,91,40.38,99,49.56,100,84.27
20.8,52.7,0.00,0.00,99,49.56,93,40.38,99,49.56,100,84.27
19.0,52.7,0.00,0.00,99,49.56,92,40.38,68,49.56,100,84.27
24.1,50.8,0.00,0.00,31,49.56,91,40.38,61,49.56,100,84.27
84.9,51.3,0.00,0.00,42,49.56,93,40.38,68,49.56,100,84.27
22.9,51.7,0.00,0.00,51,49.56,91,40.38,60,49.56,100,84.27
28.9,52.1,0.00,0.00,60,49.56,89,40.38,50,49.56,100,84.27
23.4,52.5,0.00,0.00,54,49.56,92,40.38,64,49.56,100,84.27
19.1,52.7,0.00,0.00,58,49.56,95,40.38,70,49.56,100,84.27
19.1,52.7,0.00,0.00,60,49.56,94,40.38,61,49.56,100,84.27
19.1,52.7,0.00,0.00,64,49.56,95,40.38,72,49.56,100,84.27
18.2,52.7,0.00,0.00,56,49.56,93,40.38,62,49.56,100,84.27
17.0,52.7,0.00,0.00,65,49.56,95,40.38,58,49.56,100,84.27
21.7,51.8,0.00,0.00,65,49.56,94,40.38,59,49.56,100,84.27
20.7,52.1,0.00,0.00,58,49.56,90,40.38,60,49.56,100,84.27
22.1,52.3,0.00,0.00,58,49.56,92,40.38,51,49.56,100,84.27
64.9,52.5,0.00,0.00,56,49.56,92,40.38,73,49.56,100,84.27
19.4,52.7,0.00,0.00,47,49.56,92,40.38,71,49.56,100,84.27
19.2,52.7,0.00,0.00,50,49.56,95,40.38,58,49.56,100,84.27
19.9,52.7,0.00,0.00,65,49.56,94,40.38,55,49.56,100,84.27
16.3,52.7,0.00,0.00,61,49.56,95,40.38,41,49.56,100,84.27
24.8,50.9,0.00,0.00,98,49.56,92,40.38,98,49.56,100,84.27
68.3,51.4,0.00,0.00,99,49.56,86,40.38,99,49.56,100,84.27
24.9,51.7,0.00,0.00,98,49.56,89,40.38,99,49.56,100,84.27
18.9,52.1,0.00,0.00,87,49.56,19,40.38,30,49.56,100,84.27
13.7,52.5,0.00,0.00,49,49.56,22,40.38,33,49.56,70,84.27
10.6,52.7,0.00,0.00,43,49.56,24,40.38,33,49.56,75,84.27
11.2,52.8,0.00,0.00,57,49.56,29,40.38,29,49.56,100,84.27
10.4,52.7,0.00,0.00,44,49.56,25,40.38,57,49.56,100,84.27
12.1,52.7,0.00,0.00,79,49.56,31,40.38,34,49.56,100,84.27
11.4,52.8,0.00,0.00,49,49.56,26,40.38,32,49.56,100,84.27
14.6,52.8,0.00,0.00,46,49.56,27,40.38,37,49.56,100,84.27
14.1,52.8,0.00,0.00,46,49.56,27,40.38,41,49.56,100,84.27
27.9,52.7,0.00,0.00,55,49.56,29,40.38,93,49.56,100,84.27
21.9,52.8,0.00,0.00,99,49.56,92,40.38,99,49.56,100,84.27
21.7,52.7,0.00,0.00,99,49.56,91,40.38,99,49.56,100,84.27
15.2,52.8,0.00,0.00,99,49.56,58,40.38,41,49.56,100,84.27
11.7,52.8,0.00,0.00,35,49.56,29,40.38,36,49.56,100,84.27
11.9,52.8,0.00,0.00,38,49.56,27,40.38,29,49.56,100,84.27
12.4,52.8,0.00,0.00,40,49.56,28,40.38,41,49.56,100,84.27
30.8,51.8,0.00,0.00,70,49.56,88,40.38,89,49.56,95,84.27
24.9,51.9,0.00,0.00,99,49.56,87,40.38,99,49.56,88,84.27
76.9,50.1,0.00,0.00,99,49.56,88,40.38,30,49.56,89,84.27
16.2,50.7,0.00,0.00,51,49.56,64,40.38,42,49.56,77,84.27
16.7,51.2,0.00,0.00,21,49.56,26,40.38,44,49.56,60,84.27
93.4,51.7,0.00,0.00,24,49.56,26,40.38,30,49.56,51,84.27
17.6,52.1,0.00,0.00,37,49.56,21,40.38,22,49.56,75,84.27
16.0,52.5,0.00,0.00,45,49.56,24,40.38,35,49.56,70,84.27
21.0,52.8,0.00,0.00,51,49.56,91,40.38,53,49.56,97,84.27
20.4,51.9,0.00,0.00,57,49.56,87,40.38,66,49.56,93,84.27
22.4,52.0,0.00,0.00,47,49.56,90,40.38,62,49.56,91,84.27
21.4,52.2,0.00,0.00,61,49.56,89,40.38,50,49.56,90,84.27
21.9,52.5,0.00,0.00,65,49.56,90,40.38,62,49.56,94,84.27
64.6,52.7,0.00,0.00,55,49.56,92,40.38,70,49.56,92,84.27
20.4,52.8,0.00,0.00,44,49.56,94,40.38,75,49.56,96,84.27
20.1,52.8,0.00,0.00,50,49.56,92,40.38,72,49.56,94,84.27
19.0,52.8,0.00,0.00,55,49.56,95,40.38,70,49.56,97,84.27
18.3,52.8,0.00,0.00,53,49.56,95,40.38,76,49.56,95,84.27
19.2,52.8,0.00,0.00,62,49.56,95,40.38,62,49.56,94,84.27
19.7,52.8,0.00,0.00,63,49.56,93,40.38,65,49.56,96,84.27
19.6,52.8,0.00,0.00,50,49.56,95,40.38,59,49.56,96,84.27
19.1,52.8,0.00,0.00,59,49.56,92,40.38,64,49.56,95,84.27
26.7,52.8,0.00,0.00,55,49.56,94,40.38,39,49.56,91,84.27
26.1,51.0,0.00,0.00,82,49.56,89,40.38,99,49.56,91,84.27
25.2,51.5,0.00,0.00,99,49.56,91,40.38,99,49.56,95,84.27
24.7,51.8,0.00,0.00,100,49.56,89,40.38,99,49.56,91,84.27
24.6,52.2,0.00,0.00,99,49.56,87,40.38,99,49.56,92,84.27
25.4,52.6,0.00,0.00,99,49.56,84,40.38,99,49.56,96,84.27
20.1,52.8,0.00,0.00,99,49.56,94,40.38,100,49.56,96,84.27
21.0,52.8,0.00,0.00,100,49.56,93,40.38,100,49.56,97,84.27
19.5,52.8,0.00,0.00,99,49.56,94,40.38,99,49.56,96,84.27
20.9,52.8,0.00,0.00,99,49.56,93,40.38,99,49.56,95,84.27
21.4,52.8,0.00,0.00,100,49.56,94,40.38,99,49.56,97,84.27
23.3,47.7,0.00,0.00,98,49.56,91,21.66,99,49.56,97,84.27
21.1,47.5,0.00,0.00,99,49.56,93,21.66,99,49.56,95,84.27
26.8,47.5,0.00,0.00,99,49.56,94,21.66,66,49.56,95,84.27
42.9,45.8,0.00,0.00,63,49.56,91,21.66,54,49.56,93,84.27
22.4,46.2,0.00,0.00,49,49.56,87,21.66,70,49.56,90,84.27
68.1,46.6,0.00,0.00,57,49.56,90,21.66,58,49.56,95,84.27
44.5,47.0,0.00,0.00,59,49.56,92,21.66,49,49.56,93,84.27
30.0,47.5,0.00,0.00,65,49.56,92,21.66,63,49.56,96,84.27
19.0,47.5,0.00,0.00,60,49.56,95,21.66,69,49.56,97,84.27
20.9,47.5,0.00,0.00,58,49.56,93,21.66,61,49.56,97,84.27
19.2,47.5,0.00,0.00,57,49.56,94,21.66,69,49.56,96,84.27
19.2,47.5,0.00,0.00,65,49.56,93,21.66,52,49.56,93,84.27
19.4,47.5,0.00,0.00,63,49.56,95,21.66,56,49.56,97,84.27
18.6,47.5,0.00,0.00,66,49.56,95,21.66,56,49.56,97,84.27
19.2,47.5,0.00,0.00,68,49.56,94,21.66,70,49.56,97,84.27
18.1,47.5,0.00,0.00,50,49.56,95,21.66,74,49.56,97,84.27
19.7,47.5,0.00,0.00,51,49.56,95,21.66,65,49.56,97,84.27
19.8,47.5,0.00,0.00,53,49.56,93,21.66,56,49.56,96,84.27
17.2,47.5,0.00,0.00,48,49.56,95,21.66,60,49.56,97,84.27
19.1,47.5,0.00,0.00,57,49.56,95,21.66,69,49.56,97,84.27
26.7,46.8,0.00,0.00,56,49.56,95,21.66,46,49.56,92,84.27
69.9,45.8,0.00,0.00,99,49.56,86,21.66,99,49.56,91,84.27
24.6,46.2,0.00,0.00,99,49.56,85,21.66,99,49.56,95,84.27
61.7,46.6,0.00,0.00,98,49.56,92,21.66,99,49.56,89,84.27
23.1,47.0,0.00,0.00,99,49.56,86,21.66,100,49.56,88,84.27
32.5,42.2,0.00,0.00,100,49.56,3,2.95,100,49.56,89,84.27
58.2,42.6,0.00,0.00,99,49.56,0,2.95,100,49.56,93,84.27
86.6,43.0,0.00,0.00,99,49.56,0,2.95,99,49.56,91,84.27
20.5,43.1,0.00,0.00,99,49.56,5,11.59,100,49.56,100,84.27
20.3,46.1,0.00,0.00,100,49.56,12,21.99,100,49.56,100,84.27
59.0,49.6,0.00,0.00,99,49.56,12,32.12,100,49.56,100,84.27
18.2,50.3,0.00,0.00,98,49.56,0,32.12,99,49.56,100,84.27
21.1,50.8,0.00,0.00,99,49.56,0,32.12,100,49.56,100,84.27
52.6,51.1,0.00,0.00,99,49.56,0,32.12,27,49.56,100,84.27
18.2,49.6,0.00,0.00,58,49.56,0,32.12,52,49.56,100,84.27
26.2,50.3,0.00,0.00,54,49.56,0,36.25,55,49.56,100,84.27
24.9,51.0,0.00,0.00,45,49.56,82,36.25,70,49.56,100,84.27
66.2,51.6,0.00,0.00,40,49.56,85,36.25,53,49.56,100,84.27
35.1,52.3,0.00,0.00,49,49.56,83,36.25,50,49.56,100,84.27
29.6,52.5,0.00,0.00,50,49.56,91,36.25,73,49.56,100,84.27
20.0,52.7,0.00,0.00,52,49.56,92,36.25,58,49.56,100,84.27
19.3,52.8,0.00,0.00,58,49.56,93,36.25,67,49.56,100,84.27
20.0,52.7,0.00,0.00,58,49.56,92,36.25,64,49.56,100,84.27
19.4,52.7,0.00,0.00,54,49.56,92,36.25,59,49.56,100,84.27
19.0,52.7,0.00,0.00,60,49.56,90,36.25,77,49.56,100,84.27
18.6,52.7,0.00,0.00,54,49.56,94,36.25,71,49.56,100,84.27
18.0,52.7,0.00,0.00,59,49.56,92,36.25,69,49.56,100,84.27
18.9,52.8,0.00,0.00,56,49.56,93,36.25,81,49.56,100,84.27
19.6,52.7,0.00,0.00,54,49.56,94,36.25,84,49.56,100,84.27
19.1,52.8,0.00,0.00,52,49.56,94,36.25,59,49.56,100,84.27
19.5,52.8,0.00,0.00,59,49.56,95,36.25,54,49.56,100,84.27
20.0,51.5,0.00,0.00,64,49.56,93,36.25,29,49.56,100,84.27
70.5,51.1,0.00,0.00,86,49.56,87,36.25,99,49.56,100,84.27
24.5,51.5,0.00,0.00,99,49.56,91,36.25,97,49.56,100,84.27
25.8,52.0,0.00,0.00,98,49.56,90,36.25,99,49.56,100,84.27
28.2,52.4,0.00,0.00,99,49.56,89,36.25,98,49.56,100,84.27
21.9,52.8,0.00,0.00,99,49.56,93,36.25,99,49.56,100,84.27
20.9,52.8,0.00,0.00,99,49.56,93,36.25,99,49.56,100,84.27
22.6,52.2,0.00,0.00,99,49.56,93,40.38,99,49.56,100,84.27
22.5,51.9,0.00,0.00,99,49.56,89,40.38,99,49.56,100,84.27
49.0,52.1,0.00,0.00,99,49.56,89,40.38,99,49.56,100,84.27
23.1,52.4,0.00,0.00,99,49.56,90,40.38,99,49.56,100,84.27
23.3,52.6,0.00,0.00,99,49.56,89,40.38,99,49.56,100,84.27
20.4,52.8,0.00,0.00,99,49.56,93,40.38,99,49.56,100,84.27
21.2,50.7,0.00,0.00,100,49.36,93,40.38,31,21.47,100,84.27
19.4,42.3,0.00,0.00,55,21.47,95,40.38,66,21.47,100,84.27
18.6,42.3,0.00,0.00,49,21.47,94,40.38,78,21.47,100,84.27
17.2,42.3,0.00,0.00,54,21.47,94,40.38,49,21.47,100,84.27
18.6,42.3,0.00,0.00,58,21.47,94,40.38,68,21.47,100,84.27
18.6,42.3,0.00,0.00,55,21.47,95,40.38,74,21.47,100,84.27
17.8,42.3,0.00,0.00,46,21.47,94,40.38,82,21.47,100,84.27
19.2,42.3,0.00,0.00,66,21.47,95,40.38,57,21.47,100,84.27
19.9,42.3,0.00,0.00,53,21.47,95,40.38,61,21.47,100,84.27
18.1,42.3,0.00,0.00,50,21.47,93,40.38,75,21.47,100,84.27
17.7,42.3,0.00,0.00,53,21.47,95,40.38,63,21.47,100,84.27
18.4,42.3,0.00,0.00,53,21.47,96,40.38,74,21.47,100,84.27
18.5,42.3,0.00,0.00,43,21.47,94,40.38,76,21.47,100,84.27
18.2,42.2,0.00,0.00,66,21.47,95,40.38,44,21.47,100,84.27
19.1,42.2,0.00,0.00,54,21.47,95,40.38,58,21.47,100,84.27
19.7,42.2,0.00,0.00,52,21.47,95,40.38,54,21.47,100,84.27
20.6,42.3,0.00,0.00,50,21.47,95,40.38,54,21.47,100,84.27
19.3,42.3,0.00,0.00,63,21.47,95,40.38,53,21.47,100,84.27
30.4,41.8,0.00,0.00,65,21.27,56,40.38,3,2.95,100,84.27
18.9,31.1,0.00,0.00,3,2.95,90,40.38,0,2.95,100,84.27
17.7,31.7,0.00,0.00,0,2.95,88,40.38,0,2.95,100,84.27
26.6,32.5,0.00,0.00,0,2.95,83,40.38,0,2.95,100,84.27
17.7,33.5,0.00,0.00,0,3.28,88,40.38,0,7.01,100,84.27
15.9,38.8,0.00,0.00,4,17.82,95,40.38,3,12.95,100,84.27
15.7,44.3,0.00,0.00,7,34.91,95,40.38,5,22.52,100,84.27
13.1,44.7,0.00,0.00,7,43.97,90,40.38,0,22.52,100,84.27
13.1,45.1,0.00,0.00,0,43.97,91,40.38,0,22.52,100,84.27
12.9,45.6,0.00,0.00,0,43.97,91,40.38,0,22.52,100,84.27
13.0,46.1,0.00,0.00,0,43.97,90,40.38,0,30.7,100,84.27
50.6,46.6,0.00,0.00,44,50.48,90,40.38,95,30.7,100,84.27
26.6,46.8,0.00,0.00,70,50.48,92,40.38,97,30.7,71,84.08
30.1,45.8,0.00,0.00,74,50.48,91,40.38,98,30.7,94,27.84
29.5,41.9,0.00,0.00,70,50.48,90,40.38,98,30.7,93,27.84
28.5,42.1,0.00,0.00,70,50.48,90,40.38,96,30.7,93,27.84
25.3,42.4,0.00,0.00,69,50.48,92,40.38,98,30.7,95,27.84
26.8,42.4,0.00,0.00,70,50.48,90,40.38,98,30.7,95,27.84
26.5,42.4,0.00,0.00,75,50.48,91,40.38,98,30.7,96,27.84
25.1,42.4,0.00,0.00,67,50.48,91,40.38,98,30.7,96,27.84
27.0,42.4,0.00,0.00,68,50.48,93,40.38,99,30.7,96,27.84
22.4,42.4,0.00,0.00,72,50.48,92,40.38,98,30.7,95,27.84
26.5,42.4,0.00,0.00,77,50.48,93,40.38,98,30.7,96,27.84
26.9,42.4,0.00,0.00,75,50.48,93,40.38,98,30.7,96,27.84
27.4,41.4,0.00,0.00,43,58.98,92,40.38,97,30.7,94,27.84
32.1,41.6,0.00,0.00,64,58.98,91,40.18,96,30.7,90,27.84
23.9,35.5,0.00,0.00,81,58.98,91,21.66,0,30.7,92,27.84
22.5,35.9,0.00,0.00,80,58.98,89,21.66,0,30.7,92,27.84
23.9,36.3,0.00,0.00,73,58.98,84,21.66,0,30.7,92,27.84
19.8,36.7,0.00,0.00,71,58.98,87,21.66,0,30.7,94,27.84
21.2,37.0,0.00,0.00,77,58.98,92,21.66,0,30.7,94,27.84
26.3,37.1,0.00,0.00,75,58.98,94,21.66,90,30.7,94,27.84
25.6,37.1,0.00,0.00,78,58.98,95,21.66,98,30.7,92,27.84
26.7,37.1,0.00,0.00,76,58.98,94,21.66,98,30.7,95,27.84
28.5,37.1,0.00,0.00,71,58.98,92,21.66,98,30.7,93,27.84
27.8,37.1,0.00,0.00,73,58.98,92,21.66,97,30.7,94,27.84
26.6,37.1,0.00,0.00,64,59.03,91,21.66,98,30.7,96,27.84
27.2,36.2,0.00,0.00,48,59.03,91,21.66,96,30.7,95,27.84
88.3,36.4,0.00,0.00,63,59.03,92,21.66,98,30.7,94,27.84
26.7,36.6,0.00,0.00,67,59.03,92,21.66,98,30.7,90,27.84
29.0,36.8,0.00,0.00,66,59.03,91,21.66,98,30.7,93,27.84
80.4,37.0,0.00,0.00,67,59.03,89,21.66,97,30.7,96,27.84
25.4,37.1,0.00,0.00,68,59.03,91,21.66,98,30.7,95,27.84
25.3,37.1,0.00,0.00,69,59.03,92,21.66,98,30.7,93,27.84
25.7,37.1,0.00,0.00,73,59.03,91,21.66,98,30.7,95,27.84
27.9,37.1,0.00,0.00,68,59.03,92,21.66,98,30.7,95,27.84
26.8,37.1,0.00,0.00,69,59.03,91,21.66,42,2.95,93,27.84
20.9,31.9,0.00,0.00,75,59.03,95,21.66,0,2.95,96,27.84
18.4,31.9,0.00,0.00,83,59.03,95,21.66,0,2.95,96,27.84
19.3,31.9,0.00,0.00,90,59.03,92,21.66,0,2.95,96,27.84
24.1,26.8,0.00,0.00,59,31.01,96,21.66,0,2.95,92,27.84
17.3,21.7,0.00,0.00,89,31.01,3,2.95,0,2.95,95,27.84
15.0,21.7,0.00,0.00,91,31.01,0,2.95,0,5.72,93,27.84
16.0,23.2,0.00,0.00,95,31.01,0,2.95,4,12.07,96,27.84
16.7,25.0,0.00,0.00,96,31.01,0,2.95,7,24.4,95,27.84
16.1,25.6,0.00,0.00,96,31.01,0,2.95,0,24.4,93,27.84
55.8,25.9,0.00,0.00,80,31.01,0,2.95,0,24.4,93,27.84
18.1,26.4,0.00,0.00,83,31.01,0,2.95,0,24.4,93,27.84
17.9,27.0,0.00,0.00,89,31.01,1,6.82,0,24.4,93,27.84
24.7,29.1,0.00,0.00,91,31.01,5,12.48,57,31.01,97,27.84
24.0,30.8,0.00,0.00,91,31.01,4,24.4,98,31.01,92,27.84
16.3,25.8,0.00,0.00,23,2.95,0,24.4,98,31.01,94,27.84
14.2,25.8,0.00,0.00,0,2.95,0,24.4,98,31.01,96,27.84
13.8,26.0,0.00,0.00,0,2.95,0,24.4,98,31.01,92,27.84
14.0,26.2,0.00,0.00,0,2.95,0,24.4,98,31.01,92,27.84
19.2,26.4,0.00,0.00,0,2.95,25,31.01,99,31.01,97,27.84
20.3,26.4,0.00,0.00,0,2.95,98,31.01,99,31.01,89,27.84
93.8,26.8,0.00,0.00,0,2.95,95,31.01,98,31.01,87,27.84
89.9,27.2,0.00,0.00,0,2.95,96,31.01,95,31.01,90,27.84
25.7,28.6,0.00,0.00,2,11.23,98,31.01,99,31.01,94,27.84
24.5,32.4,0.00,0.00,9,23.09,99,31.01,99,31.01,96,27.84
23.0,34.8,0.00,0.00,9,32.12,97,31.01,97,31.01,92,27.84
22.0,35.1,0.00,0.00,0,32.12,97,31.01,98,31.01,93,27.84
27.4,35.3,0.00,0.00,0,32.12,98,31.01,96,31.01,39,2.95
17.3,30.3,0.00,0.00,0,32.12,97,31.01,50,31.01,0,2.95
13.4,29.6,0.00,0.00,0,36.45,96,31.01,0,31.01,0,2.95
95.2,30.1,0.00,0.00,91,39.99,96,31.01,0,31.01,0,2.95
19.0,30.5,0.00,0.00,92,39.99,96,31.01,0,31.01,0,2.95
24.3,31.1,0.00,0.00,93,39.99,95,31.01,0,31.01,0,2.95
100.0,31.7,0.00,0.00,92,39.99,97,31.01,19,31.01,0,2.95
37.2,32.7,0.00,0.00,95,39.99,97,31.01,98,31.01,0,2.95
18.5,32.2,0.00,0.00,93,39.99,0,31.01,95,31.01,3,9.28
19.5,34.2,0.00,0.00,93,39.99,0,31.01,98,31.01,3,15.49
94.2,36.2,0.00,0.00,95,39.99,0,31.01,97,31.01,3,35.38
19.3,35.9,0.00,0.00,93,39.99,0,31.01,95,31.01,0,35.38
19.5,36.4,0.00,0.00,92,39.99,0,31.01,95,31.01,0,35.38
25.3,36.6,0.00,0.00,96,39.99,98,31.01,97,31.01,0,35.38
87.6,36.9,0.00,0.00,95,39.99,97,31.01,97,31.01,0,57.53
26.5,37.1,0.00,0.00,95,39.99,97,31.01,98,31.01,99,57.53
29.0,37.1,0.00,0.00,96,39.99,98,31.01,98,31.01,99,57.53
30.0,37.1,0.00,0.00,96,39.99,98,31.01,98,31.01,99,57.53
26.2,37.1,0.00,0.00,95,39.99,98,31.01,98,31.01,99,57.53
27.3,37.1,0.00,0.00,96,39.99,98,31.01,98,31.01,99,57.53
27.4,37.1,0.00,0.00,95,47.9,98,31.01,98,31.01,99,57.53
27.3,36.2,0.00,0.00,55,47.9,98,31.01,98,31.01,99,57.53
29.6,35.4,0.00,0.00,93,47.9,94,31.01,27,31.01,99,57.53
92.3,35.8,0.00,0.00,93,47.9,95,31.01,0,31.01,100,57.53
34.2,36.3,0.00,0.00,93,47.9,97,31.01,0,31.01,99,57.53
22.7,36.7,0.00,0.00,94,47.9,97,31.01,0,31.01,100,57.53
54.9,36.9,0.00,0.00,96,47.9,96,31.01,0,31.01,100,57.53
26.0,37.1,0.00,0.00,96,47.9,98,31.01,98,31.01,100,57.53
20.7,36.1,0.00,0.00,96,47.9,0,31.01,98,31.01,100,57.53
25.5,36.3,0.00,0.00,95,47.9,0,31.01,97,31.01,100,57.53
24.3,36.5,0.00,0.00,95,47.9,0,31.01,97,31.01,100,57.53
20.1,36.7,0.00,0.00,95,47.9,0,31.01,97,31.01,100,57.53
19.8,37.0,0.00,0.00,96,47.9,0,31.01,98,31.01,99,57.53
26.5,37.1,0.00,0.00,96,47.9,98,31.01,98,31.01,99,57.53
29.2,37.1,0.00,0.00,95,47.9,98,31.01,98,31.01,99,57.53
26.8,37.1,0.00,0.00,96,47.9,98,31.01,98,31.01,99,57.53
27.3,37.1,0.00,0.00,96,47.9,98,31.01,98,31.01,100,57.53
29.2,37.1,0.00,0.00,94,47.9,98,31.01,98,31.01,100,57.53
28.1,37.1,0.00,0.00,96,47.9,98,31.01,98,31.01,100,57.53
25.3,36.1,0.00,0.00,96,47.94,98,31.01,97,31.01,99,57.53
31.0,36.3,0.00,0.00,96,47.94,97,31.01,96,31.01,99,57.53
69.7,36.5,0.00,0.00,95,47.94,98,31.01,97,31.01,100,57.53
28.5,36.7,0.00,0.00,93,47.94,95,31.01,97,31.01,100,57.53
23.2,36.1,0.00,0.00,95,47.94,97,31.01,0,31.01,100,57.53
92.1,36.4,0.00,0.00,95,47.94,96,31.01,0,31.01,100,57.53
19.4,36.7,0.00,0.00,95,47.94,98,31.01,0,31.01,100,57.53
21.0,36.9,0.00,0.00,94,47.94,97,31.01,0,31.01,100,57.53
20.2,37.0,0.00,0.00,95,47.94,96,31.01,0,31.01,100,57.53
25.6,37.1,0.00,0.00,96,47.94,72,31.01,98,31.01,100,57.53
19.4,36.2,0.00,0.00,95,47.94,0,31.01,98,31.01,100,57.53
21.1,36.5,0.00,0.00,94,47.94,0,31.01,98,31.01,100,57.53
99.6,36.7,0.00,0.00,95,47.94,0,31.01,99,31.01,100,57.53
20.0,36.8,0.00,0.00,96,47.94,0,31.01,99,31.01,100,57.53
33.2,37.1,0.00,0.00,96,47.94,22,31.01,98,31.01,100,57.53
26.3,37.1,0.00,0.00,96,47.94,98,31.01,98,31.01,100,57.53
29.1,37.1,0.00,0.00,97,47.94,98,31.01,98,31.01,100,57.53
26.1,37.1,0.00,0.00,95,47.94,98,31.01,99,31.01,100,57.53
26.8,37.1,0.00,0.00,96,47.94,98,31.01,98,31.01,100,57.53
26.2,36.1,0.00,0.00,97,47.94,98,31.01,97,31.01,100,57.53
30.8,36.3,0.00,0.00,95,47.94,98,31.01,97,31.01,100,57.53
28.3,36.5,0.00,0.00,96,47.94,96,31.01,97,31.01,100,57.53
29.3,36.7,0.00,0.00,92,47.94,96,31.01,97,31.01,100,57.53
29.0,37.0,0.00,0.00,93,47.94,98,31.01,97,31.01,100,57.53
19.4,36.2,0.00,0.00,96,47.94,98,31.01,0,31.01,100,57.53
20.0,36.4,0.00,0.00,95,47.94,98,31.01,0,31.01,100,57.53
19.1,36.6,0.00,0.00,96,47.94,98,31.01,0,31.01,100,57.53
26.9,36.8,0.00,0.00,96,47.94,98,31.01,0,31.01,100,57.53
22.8,37.0,0.00,0.00,96,47.94,98,31.01,66,31.01,99,57.53
27.1,37.1,0.00,0.00,96,47.94,98,31.01,98,31.01,100,57.53
20.9,36.1,0.00,0.00,96,47.94,72,31.01,98,31.01,99,57.53
20.3,36.3,0.00,0.00,94,47.94,0,31.01,96,31.01,99,57.53
70.3,36.5,0.00,0.00,93,47.94,0,31.01,98,31.01,100,57.53
21.6,36.7,0.00,0.00,96,47.94,0,31.01,98,31.01,100,57.53
20.0,37.0,0.00,0.00,95,47.94,0,31.01,98,31.01,100,57.53
29.3,37.1,0.00,0.00,94,47.94,98,31.01,98,31.01,100,57.53
26.3,37.1,0.00,0.00,96,47.94,98,31.01,98,31.01,100,57.53
28.0,37.1,0.00,0.00,96,47.94,98,31.01,98,31.01,100,57.53
22.4,36.1,0.00,0.00,96,47.94,98,31.01,98,31.01,100,57.53
33.0,36.3,0.00,0.00,94,47.94,98,31.01,97,31.01,99,57.53
89.6,36.5,0.00,0.00,95,47.94,96,31.01,98,31.01,100,57.53
28.0,36.7,0.00,0.00,95,47.94,96,31.01,96,31.01,100,57.53
27.8,37.0,0.00,0.00,95,47.94,98,31.01,98,31.01,100,57.53
28.3,37.1,0.00,0.00,96,47.94,96,31.01,98,31.01,100,57.53
20.9,36.1,0.00,0.00,96,47.94,98,31.01,0,2.95,100,57.53
17.3,31.8,0.00,0.00,96,47.94,99,31.01,0,2.95,100,57.53
19.0,31.8,0.00,0.00,96,47.94,99,31.01,0,2.95,100,57.53
20.0,32.0,0.00,0.00,93,47.94,98,31.01,0,2.95,100,57.53
18.9,31.2,0.00,0.00,94,47.94,96,31.01,0,3.35,0,57.53
19.2,32.3,0.00,0.00,97,47.94,99,31.01,3,10.6,0,57.53
19.1,34.3,0.00,0.00,96,47.94,97,31.01,3,16.02,0,57.53
72.7,34.8,0.00,0.00,95,47.94,0,31.01,0,18.76,0,57.53
20.7,35.4,0.00,0.00,93,47.94,0,31.01,0,18.76,0,57.53
20.8,36.0,0.00,0.00,93,47.94,0,31.01,0,18.76,99,57.53
16.7,36.4,0.00,0.00,96,47.94,0,31.01,0,18.76,99,57.53
14.6,36.8,0.00,0.00,93,47.94,0,31.01,0,33.67,100,57.53
21.6,37.2,0.00,0.00,95,47.94,89,31.01,98,33.67,100,57.53
23.1,36.2,0.00,0.00,96,47.75,98,31.01,97,33.67,100,57.53
22.3,31.9,0.00,0.00,95,25.45,99,31.01,97,33.67,100,57.53
21.5,31.9,0.00,0.00,96,25.45,99,31.01,97,33.67,100,57.53
21.7,31.9,0.00,0.00,96,25.45,99,31.01,97,33.67,100,57.53
21.7,31.9,0.00,0.00,97,25.45,99,31.01,98,33.67,100,57.53
23.3,31.9,0.00,0.00,96,25.45,99,31.01,97,33.67,100,57.53
22.0,31.9,0.00,0.00,95,25.45,98,31.01,98,33.67,100,57.53
22.0,31.9,0.00,0.00,96,25.45,99,31.01,98,33.67,100,57.53
23.2,31.9,0.00,0.00,96,25.45,99,31.01,98,33.67,100,57.53
22.2,31.9,0.00,0.00,96,25.45,99,31.01,98,33.67,100,57.53
22.3,31.9,0.00,0.00,96,25.45,98,31.01,98,33.67,100,57.53
22.6,31.9,0.00,0.00,96,25.45,99,31.01,98,33.67,100,57.53
21.0,31.9,0.00,0.00,96,25.45,98,31.01,98,33.67,100,57.53
21.9,31.9,0.00,0.00,96,25.45,99,31.01,98,33.67,100,57.53
20.7,31.9,0.00,0.00,96,25.45,98,31.01,98,33.67,100,57.53
13.8,26.6,0.00,0.00,97,25.45,5,2.95,98,33.67,100,57.53
14.2,26.6,0.00,0.00,97,25.45,0,2.95,98,33.67,100,57.53
44.1,27.0,0.00,0.00,94,25.45,0,2.95,97,33.67,100,57.53
100.0,27.4,0.00,0.00,95,25.45,0,3.07,97,33.67,100,57.53
13.8,28.5,0.00,0.00,97,25.25,6,16.62,98,33.67,100,57.53
12.1,27.9,0.00,0.00,4,2.95,7,29.63,98,33.67,100,57.53
9.2,29.8,0.00,0.00,0,2.95,0,30.12,98,33.67,100,57.53
98.5,30.0,0.00,0.00,0,2.95,0,30.12,97,33.67,100,57.53
56.0,30.2,0.00,0.00,0,2.95,0,30.12,98,33.67,100,57.53
9.0,30.5,0.00,0.00,0,2.95,0,30.12,98,33.67,100,57.53
17.5,30.8,0.00,0.00,0,2.95,0,38.72,96,33.67,99,57.53
20.3,31.1,0.00,0.00,0,2.95,70,38.72,98,33.67,100,57.53
16.1,31.3,0.00,0.00,0,2.95,70,38.72,98,33.67,99,57.53
17.3,31.5,0.00,0.00,0,2.95,75,38.72,97,33.67,100,57.53
64.5,31.8,0.00,0.00,0,2.95,75,38.72,96,33.67,100,57.53
14.3,32.0,0.00,0.00,0,2.95,83,38.72,98,33.67,100,57.53
15.5,32.0,0.00,0.00,0,2.95,83,38.72,98,33.67,100,57.53
14.5,32.0,0.00,0.00,0,2.95,80,38.72,98,33.67,100,57.53
14.2,32.0,0.00,0.00,0,2.95,73,38.72,98,33.67,100,57.53
14.8,32.0,0.00,0.00,0,2.95,77,38.72,98,33.67,100,57.53
14.6,32.0,0.00,0.00,0,2.95,78,38.72,98,33.67,100,57.53
14.2,32.0,0.00,0.00,0,2.95,72,38.72,98,33.67,100,57.53
15.9,32.0,0.00,0.00,0,2.95,78,38.72,98,33.67,100,57.53
13.7,32.0,0.00,0.00,0,2.95,77,38.72,98,33.67,100,57.53
14.6,32.0,0.00,0.00,0,2.95,77,38.72,98,33.67,100,57.53
14.9,32.0,0.00,0.00,0,2.95,76,38.72,98,33.67,100,57.53
13.0,32.0,0.00,0.00,0,2.95,73,38.72,98,33.67,100,57.53
13.7,32.0,0.00,0.00,0,2.95,76,38.72,98,33.67,100,57.53
15.6,32.0,0.00,0.00,0,2.95,78,47.43,97,33.67,99,57.53
65.6,31.1,0.00,0.00,0,2.95,72,47.43,97,33.67,99,57.53
17.2,31.3,0.00,0.00,0,2.95,73,47.43,96,33.67,100,57.53
15.1,31.6,0.00,0.00,0,2.95,74,47.43,84,33.99,99,57.53
15.8,30.9,0.00,0.00,0,2.95,73,47.43,0,33.99,100,57.53
41.9,31.3,0.00,0.00,0,2.95,76,47.43,0,33.99,100,57.53
75.1,31.5,0.00,0.00,0,2.95,74,47.43,0,33.99,100,57.53
19.2,31.7,0.00,0.00,0,2.95,74,47.43,0,33.99,100,57.53
14.3,32.0,0.00,0.00,0,2.95,74,47.43,73,33.99,100,57.53
14.6,32.0,0.00,0.00,0,2.95,76,47.43,97,33.99,100,57.53
14.6,32.0,0.00,0.00,0,2.95,76,47.43,97,33.99,100,57.53
14.5,32.0,0.00,0.00,0,2.95,76,47.43,96,33.99,100,57.53
14.9,32.0,0.00,0.00,0,2.95,78,47.43,97,33.99,100,57.53
14.9,32.0,0.00,0.00,0,2.95,76,47.43,98,33.99,100,57.53
14.4,32.0,0.00,0.00,0,2.95,76,47.43,98,33.99,100,57.53
14.9,32.0,0.00,0.00,0,2.95,78,47.43,98,33.99,100,57.53
14.9,32.0,0.00,0.00,0,2.95,80,47.43,98,33.99,100,57.53
15.0,32.0,0.00,0.00,0,2.95,80,47.43,98,33.99,100,57.53
14.8,32.0,0.00,0.00,0,2.95,76,47.43,98,33.99,100,57.53
17.3,30.9,0.00,0.00,0,2.95,48,47.55,98,33.99,100,57.53
15.8,31.2,0.00,0.00,0,2.95,73,47.55,98,33.99,100,57.53
15.5,31.4,0.00,0.00,0,2.95,72,47.55,98,33.99,100,57.53
15.7,31.6,0.00,0.00,0,2.95,71,47.55,97,33.99,100,57.53
17.0,31.9,0.00,0.00,0,2.95,77,47.55,98,33.99,100,57.53
14.6,32.0,0.00,0.00,0,2.95,83,47.55,98,33.99,100,57.53
13.7,32.0,0.00,0.00,0,2.95,81,47.55,98,33.99,100,57.53
15.2,32.0,0.00,0.00,0,2.95,83,47.55,98,33.99,100,57.53
14.5,32.0,0.00,0.00,0,2.95,78,47.55,98,33.99,100,57.53
12.3,31.0,0.00,0.00,0,2.95,77,47.55,95,33.99,0,57.53
20.0,31.2,0.00,0.00,0,2.95,61,47.55,98,33.99,0,57.53
13.5,31.4,0.00,0.00,0,2.95,71,47.55,97,33.99,0,57.53
13.2,31.6,0.00,0.00,0,2.95,76,47.55,97,33.99,0,57.53
90.2,31.9,0.00,0.00,0,2.95,75,47.55,97,33.99,38,57.53
14.1,32.0,0.00,0.00,0,2.95,81,47.55,98,33.99,100,57.53
14.2,32.0,0.00,0.00,0,2.95,75,47.55,98,33.99,100,57.53
15.6,32.0,0.00,0.00,0,2.95,79,47.55,98,33.99,100,57.53
15.4,32.0,0.00,0.00,0,2.95,78,47.55,97,33.99,100,57.53
9.8,32.0,0.00,0.00,0,2.95,76,47.36,98,33.99,100,57.53
15.2,26.6,0.00,0.00,0,2.95,79,25.25,98,33.99,100,57.53
14.1,26.6,0.00,0.00,0,2.95,77,25.25,98,33.99,100,57.53
15.3,26.6,0.00,0.00,0,2.95,77,25.25,98,33.99,100,57.53
15.4,26.6,0.00,0.00,0,2.95,77,25.25,98,33.99,100,57.53
13.8,26.6,0.00,0.00,0,2.95,75,25.25,98,33.99,100,57.53
14.0,26.6,0.00,0.00,0,2.95,77,25.25,98,33.99,100,57.53
15.0,26.6,0.00,0.00,0,2.95,73,25.25,98,33.99,100,57.53
14.2,26.6,0.00,0.00,0,2.95,74,25.25,98,33.99,100,57.53
13.9,26.6,0.00,0.00,0,2.95,76,25.25,98,33.99,100,57.53
14.4,26.6,0.00,0.00,0,2.95,77,25.25,98,33.99,100,57.53
15.0,26.6,0.00,0.00,0,2.95,76,25.25,98,33.99,100,57.53
15.0,26.6,0.00,0.00,0,2.95,77,25.25,98,33.99,100,57.53
15.1,26.6,0.00,0.00,0,2.95,76,25.25,98,33.99,100,57.53
15.1,26.6,0.00,0.00,0,2.95,78,25.25,98,33.99,100,57.53
15.2,26.6,0.00,0.00,0,2.95,78,25.25,98,33.99,100,57.53
14.0,26.6,0.00,0.00,0,2.95,79,25.25,98,33.99,100,57.53
14.2,26.6,0.00,0.00,0,2.95,80,25.25,98,33.99,100,57.53
14.2,26.6,0.00,0.00,0,2.95,77,25.25,98,33.99,100,57.53
8.1,21.4,0.00,0.00,0,2.95,4,2.95,98,2.95,100,57.53
4.1,15.9,0.00,0.00,0,2.95,0,2.95,0,2.95,100,57.53
4.1,15.8,0.00,0.00,0,2.95,0,2.95,0,2.95,100,57.53
3.5,15.8,0.00,0.00,0,2.95,0,2.95,0,2.95,100,57.53
4.0,15.8,0.00,0.00,0,2.95,0,2.95,0,2.95,100,57.53
38.8,16.4,0.00,0.00,0,2.95,0,2.95,0,2.95,99,57.53
99.4,17.2,0.00,0.00,0,2.95,0,2.95,0,4.93,100,57.53
11.9,20.0,0.00,0.00,0,6.82,4,8.24,6,17.18,100,57.53
12.3,27.4,0.00,0.00,5,13.02,4,14.51,6,30.9,100,57.53
10.0,32.6,0.00,0.00,6,19.93,6,19.93,0,32.12,100,57.53
24.6,33.3,0.00,0.00,0,19.93,0,19.93,0,32.12,99,57.53
9.6,33.9,0.00,0.00,0,19.93,0,19.93,0,32.12,99,57.53
82.2,34.6,0.00,0.00,0,19.93,0,19.93,0,32.12,99,57.53
98.8,35.3,0.00,0.00,0,19.93,0,27.82,0,39.99,99,57.53
19.7,36.0,0.00,0.00,80,27.82,73,27.82,94,39.99,99,57.53
20.3,36.3,0.00,0.00,92,27.82,93,27.82,95,39.99,100,57.53
21.0,36.5,0.00,0.00,94,27.82,90,27.82,94,39.99,99,57.53
93.5,36.7,0.00,0.00,92,27.82,94,27.82,95,39.99,100,57.53
22.1,37.0,0.00,0.00,92,27.82,93,27.82,96,39.99,100,57.53
18.1,37.0,0.00,0.00,95,27.82,95,27.82,97,39.99,100,57.53
17.6,37.0,0.00,0.00,96,27.82,95,27.82,96,39.99,100,57.53
18.0,37.0,0.00,0.00,95,27.82,96,27.82,96,39.99,100,57.53
18.0,37.0,0.00,0.00,95,27.82,94,27.82,97,39.99,100,57.53
18.7,37.0,0.00,0.00,95,27.82,96,27.82,96,39.99,100,57.53
17.1,37.0,0.00,0.00,95,27.82,95,27.82,97,39.99,100,57.53
17.9,37.0,0.00,0.00,93,27.82,96,27.82,97,39.99,100,57.53
17.7,37.0,0.00,0.00,95,27.82,97,27.82,96,39.99,100,57.53
18.7,37.0,0.00,0.00,94,27.82,96,27.82,97,39.99,100,57.53
16.7,37.0,0.00,0.00,95,27.82,96,27.82,97,39.99,100,57.53
18.0,37.0,0.00,0.00,92,27.82,97,27.82,97,39.99,100,57.53
17.2,37.0,0.00,0.00,95,27.82,95,27.82,97,39.99,100,57.53
17.7,37.0,0.00,0.00,94,27.82,94,27.82,97,39.99,100,57.53
12.6,37.0,0.00,0.00,94,27.82,91,27.82,74,47.9,100,57.53
19.8,36.1,0.00,0.00,93,27.82,92,27.82,95,47.9,99,57.53
19.1,36.3,0.00,0.00,92,27.82,93,27.82,95,47.9,100,57.53
82.5,36.5,0.00,0.00,92,27.82,93,27.82,95,47.9,100,57.53
20.4,36.7,0.00,0.00,92,27.82,97,27.82,96,47.9,100,57.53
25.1,37.0,0.00,0.00,94,27.82,94,27.82,96,47.9,100,57.53
17.1,37.0,0.00,0.00,95,27.82,96,27.82,97,47.9,100,57.53
18.4,37.0,0.00,0.00,95,27.82,95,27.82,97,47.9,100,57.53
18.3,37.0,0.00,0.00,96,27.82,97,27.82,97,47.9,100,57.53
18.0,37.0,0.00,0.00,91,27.82,97,27.82,97,47.9,100,57.53
27.0,37.0,0.00,0.00,95,28.06,86,28.06,95,47.9,99,57.53
81.0,35.3,0.00,0.00,0,28.06,0,28.06,96,47.9,100,57.53
56.6,35.8,0.00,0.00,0,28.06,0,28.06,96,47.9,99,57.53
15.9,36.3,0.00,0.00,0,28.06,0,28.06,95,47.9,100,57.53
13.8,36.7,0.00,0.00,0,28.06,0,28.06,96,47.9,99,57.53
17.2,37.0,0.00,0.00,11,28.06,93,28.06,97,47.9,100,57.53
17.6,37.0,0.00,0.00,95,28.06,93,28.06,97,47.9,100,57.53
17.3,37.0,0.00,0.00,96,28.06,97,28.06,97,47.9,2,2.95
16.0,31.9,0.00,0.00,95,28.06,96,28.06,96,47.9,0,2.95
14.3,31.7,0.00,0.00,96,28.06,97,28.06,97,47.9,0,2.95
14.1,31.7,0.00,0.00,96,28.06,95,28.06,97,47.94,0,2.95
21.2,31.0,0.00,0.00,96,28.06,92,28.06,93,47.94,0,2.95
20.1,31.6,0.00,0.00,93,28.06,87,28.06,95,47.94,0,2.95
21.0,32.2,0.00,0.00,90,28.06,90,28.06,97,47.94,5,12.52
35.4,35.4,0.00,0.00,92,28.06,92,28.06,96,47.94,7,23.8
21.1,39.1,0.00,0.00,93,28.06,94,28.06,96,47.94,10,45.85
15.9,40.2,0.00,0.00,92,28.06,95,28.06,96,47.94,0,45.85
17.9,40.5,0.00,0.00,94,28.06,92,28.06,95,47.94,0,45.85
17.4,40.7,0.00,0.00,95,28.06,93,28.06,96,47.94,0,45.85
25.2,40.9,0.00,0.00,88,28.06,94,28.06,97,47.94,0,52.36
25.6,41.2,0.00,0.00,95,28.06,95,28.06,96,47.94,73,52.36
26.3,41.4,0.00,0.00,90,28.06,90,28.06,96,47.94,73,52.36
24.5,41.7,0.00,0.00,90,28.06,92,28.06,95,47.94,76,52.36
23.3,41.9,0.00,0.00,91,28.06,97,28.06,96,47.94,78,52.36
24.8,42.1,0.00,0.00,93,28.06,92,28.06,96,47.94,81,52.36
22.1,42.4,0.00,0.00,95,28.06,94,28.06,97,47.94,84,52.36
24.1,42.4,0.00,0.00,91,28.06,95,28.06,97,47.94,88,52.36
23.7,42.4,0.00,0.00,95,28.06,96,28.06,96,47.94,85,52.36
22.5,42.4,0.00,0.00,95,28.06,92,28.06,97,47.94,90,52.36
22.4,42.4,0.00,0.00,95,28.06,95,28.06,97,47.94,84,52.36
21.0,42.4,0.00,0.00,94,28.06,96,28.06,97,47.94,85,52.36
22.9,42.4,0.00,0.00,96,28.06,93,28.06,72,47.94,89,58.93
32.1,40.4,0.00,0.00,92,28.06,92,28.06,92,47.94,87,58.93
27.2,40.9,0.00,0.00,94,28.06,91,28.06,95,47.94,76,58.93
27.7,41.2,0.00,0.00,88,28.06,93,28.06,94,47.94,74,58.93
41.2,39.6,0.00,0.00,90,28.06,38,28.06,93,47.94,64,58.93
24.0,40.5,0.00,0.00,0,28.06,0,28.06,91,47.94,74,58.93
83.3,41.3,0.00,0.00,0,28.06,0,28.06,95,47.94,82,58.93
30.0,41.7,0.00,0.00,0,28.06,0,28.06,96,47.94,83,58.93
20.3,42.2,0.00,0.00,0,28.06,0,28.06,95,47.94,77,58.93
23.6,42.4,0.00,0.00,94,28.06,53,28.06,96,47.94,87,58.93
22.6,42.4,0.00,0.00,95,28.06,93,28.06,96,47.94,87,58.93
23.4,42.4,0.00,0.00,96,28.06,96,28.06,96,47.94,87,58.93
23.4,42.4,0.00,0.00,96,28.06,95,28.06,97,47.94,83,58.93
22.4,42.4,0.00,0.00,96,28.06,96,28.06,96,47.94,59,58.98
25.8,41.5,0.00,0.00,95,28.06,94,28.06,95,47.94,85,58.98
97.6,41.7,0.00,0.00,92,28.06,93,28.06,95,47.94,84,58.98
25.6,41.9,0.00,0.00,88,28.06,91,28.06,96,47.94,77,58.98
26.5,42.1,0.00,0.00,93,28.06,94,28.06,94,47.94,81,58.98
25.9,42.3,0.00,0.00,92,28.06,94,28.06,95,47.94,90,58.98
23.4,42.4,0.00,0.00,96,28.06,94,28.06,96,47.94,88,58.98
22.5,42.4,0.00,0.00,93,28.06,94,28.06,97,47.94,92,58.98
25.4,42.4,0.00,0.00,95,28.06,96,28.06,66,47.94,93,58.98
50.3,41.6,0.00,0.00,94,28.06,96,28.06,96,47.94,84,58.98
25.2,41.8,0.00,0.00,93,28.06,93,28.06,95,47.94,83,58.98
25.1,42.0,0.00,0.00,93,28.06,95,28.06,95,47.94,94,58.98
92.7,42.2,0.00,0.00,92,28.06,96,28.06,96,47.94,45,58.98
32.6,41.5,0.00,0.00,91,28.06,89,28.06,95,47.94,75,58.98
26.5,41.8,0.00,0.00,94,28.06,93,28.06,94,47.94,78,58.98
67.5,42.0,0.00,0.00,90,28.06,94,28.06,96,47.94,75,58.98
72.3,42.2,0.00,0.00,91,28.06,96,28.06,96,47.94,80,58.98
22.6,42.4,0.00,0.00,93,28.06,94,28.06,96,47.94,90,58.98
23.5,42.4,0.00,0.00,93,28.06,95,28.06,97,47.94,88,58.98
23.8,42.4,0.00,0.00,95,28.06,97,28.06,97,47.94,93,58.98
22.6,42.4,0.00,0.00,95,28.06,95,28.06,97,47.94,90,58.98
22.3,42.4,0.00,0.00,95,28.06,96,28.06,96,47.94,88,58.98
21.3,42.4,0.00,0.00,95,28.06,96,28.06,96,47.94,87,58.98
24.1,42.4,0.00,0.00,96,28.06,96,28.06,96,47.94,89,58.98
23.3,42.4,0.00,0.00,92,28.06,96,28.06,96,47.94,87,58.98
24.7,41.4,0.00,0.00,93,28.06,96,28.06,95,47.94,91,58.98
40.5,41.6,0.00,0.00,92,28.06,75,27.86,96,47.94,90,58.98
17.7,31.4,0.00,0.00,4,2.95,5,2.95,96,47.94,96,58.98
72.4,31.6,0.00,0.00,0,2.95,0,2.95,97,47.94,94,58.98
27.0,30.9,0.00,0.00,0,2.95,0,2.95,55,47.94,86,58.98
17.9,31.2,0.00,0.00,0,2.95,0,2.95,95,47.94,99,58.98
22.8,31.7,0.00,0.00,0,2.95,0,2.95,94,47.94,83,58.98
22.1,32.3,0.00,0.00,0,2.95,0,2.95,93,47.94,88,58.98
21.8,33.0,0.00,0.00,0,3.07,0,2.95,96,47.94,94,58.98
20.8,36.3,0.00,0.00,4,16.89,0,2.95,96,47.94,98,58.98
21.1,40.0,0.00,0.00,8,28.76,0,2.95,97,47.94,98,58.98
17.5,40.5,0.00,0.00,8,45.85,0,2.95,97,47.94,55,58.98
20.5,39.8,0.00,0.00,0,45.85,0,2.95,97,47.94,82,58.98
18.0,40.2,0.00,0.00,0,45.85,0,2.95,94,47.94,91,58.98
93.6,40.6,0.00,0.00,0,45.85,0,2.95,96,47.94,86,58.98
30.9,41.1,0.00,0.00,0,52.36,0,2.95,96,47.94,77,58.98
35.1,41.6,0.00,0.00,66,52.36,0,2.95,96,47.94,81,58.98
25.6,41.9,0.00,0.00,76,52.36,0,2.95,93,47.94,77,58.98
25.4,42.1,0.00,0.00,67,52.36,0,2.95,96,47.94,76,58.98
25.7,42.3,0.00,0.00,69,52.36,0,2.95,94,47.94,81,58.98
30.7,42.6,0.00,0.00,66,52.36,0,2.95,96,47.94,79,58.98
22.7,42.6,0.00,0.00,67,52.36,0,2.95,96,47.94,75,58.98
23.9,42.6,0.00,0.00,65,52.36,0,2.95,96,47.94,78,58.98
24.7,42.6,0.00,0.00,70,52.36,0,2.95,96,47.94,92,58.98
19.7,42.6,0.00,0.00,72,52.36,0,2.95,95,47.94,47,58.98
27.4,40.8,0.00,0.00,74,52.36,0,2.95,95,47.94,71,58.98
25.4,41.2,0.00,0.00,69,52.36,0,2.95,94,47.94,74,58.98
75.5,41.6,0.00,0.00,70,52.36,0,2.95,95,47.94,72,58.98
26.9,42.0,0.00,0.00,71,52.36,0,2.95,94,47.94,79,58.98
29.9,41.5,0.00,0.00,46,58.93,0,2.95,94,47.94,70,58.98
22.9,41.9,0.00,0.00,61,58.93,0,2.95,96,47.94,72,58.98
25.9,42.1,0.00,0.00,69,58.93,0,2.95,96,47.94,75,58.98
99.6,42.3,0.00,0.00,68,58.93,0,2.95,95,47.94,79,58.98
25.1,42.5,0.00,0.00,68,58.93,0,2.95,96,47.94,75,58.98
23.5,42.7,0.00,0.00,66,58.93,0,2.95,97,47.94,78,58.98
20.7,42.7,0.00,0.00,66,58.93,0,2.95,96,47.94,71,58.98
24.1,42.7,0.00,0.00,66,58.93,0,2.95,95,47.94,79,58.98
23.8,42.7,0.00,0.00,77,58.93,0,2.95,97,47.94,75,58.98
23.4,41.7,0.00,0.00,76,58.93,0,2.95,95,47.94,78,58.98
22.3,41.9,0.00,0.00,72,58.93,0,2.95,97,47.94,72,58.98
24.2,42.1,0.00,0.00,62,58.93,0,2.95,96,47.94,78,58.98
20.8,42.3,0.00,0.00,79,58.93,0,2.95,95,47.94,90,58.98
72.5,41.5,0.00,0.00,37,58.98,0,2.95,95,47.94,70,58.98
25.1,41.8,0.00,0.00,68,58.98,0,2.95,94,47.94,74,58.98
23.6,42.1,0.00,0.00,62,58.98,0,2.95,93,47.94,76,58.98
30.6,42.3,0.00,0.00,65,58.98,0,2.95,47,47.94,82,58.98
27.5,41.6,0.00,0.00,70,58.98,0,2.95,95,47.94,71,58.98
22.7,42.0,0.00,0.00,63,58.98,0,2.95,94,47.94,75,58.98
42.7,42.2,0.00,0.00,69,58.98,0,2.95,94,47.94,100,58.98
25.2,42.4,0.00,0.00,75,58.98,0,2.95,96,47.94,89,58.98
26.1,42.7,0.00,0.00,67,58.98,0,2.95,96,47.94,69,58.98
21.0,42.7,0.00,0.00,70,58.98,0,2.95,96,47.94,77,58.98
26.9,41.6,0.00,0.00,72,58.98,0,2.95,94,47.94,80,58.98
24.7,41.8,0.00,0.00,70,58.98,0,2.95,96,47.94,75,58.98
82.5,42.1,0.00,0.00,70,58.98,0,2.95,91,47.94,77,58.98
25.1,42.3,0.00,0.00,68,58.98,0,2.95,96,47.94,78,58.98
99.6,41.5,0.00,0.00,49,58.98,0,2.95,94,47.94,70,58.98
23.6,41.9,0.00,0.00,65,58.98,0,2.95,96,47.94,78,58.98
24.4,42.1,0.00,0.00,69,58.98,0,2.95,95,47.94,80,58.98
24.6,42.4,0.00,0.00,65,58.98,0,2.95,95,47.94,72,58.98
24.3,42.5,0.00,0.00,70,58.98,0,2.95,96,47.94,67,58.98
21.8,42.7,0.00,0.00,67,58.98,0,2.95,96,47.94,82,58.98
20.2,42.7,0.00,0.00,76,58.98,0,2.95,96,47.94,99,58.98
21.5,42.7,0.00,0.00,78,58.98,0,2.95,96,47.94,82,58.98
23.6,42.7,0.00,0.00,67,58.98,0,2.95,96,47.94,72,58.98
23.0,42.7,0.00,0.00,69,58.98,0,2.95,96,47.94,79,58.98
26.4,40.7,0.00,0.00,73,58.98,0,2.95,96,47.94,89,58.98
33.3,41.0,0.00,0.00,70,58.98,0,2.95,96,47.94,79,58.98
27.9,41.4,0.00,0.00,65,58.98,0,2.95,97,47.94,69,58.98
36.7,41.9,0.00,0.00,63,58.98,0,2.95,96,47.94,63,58.98
28.5,41.4,0.00,0.00,60,58.98,0,2.95,96,47.94,68,58.98
26.7,42.0,0.00,0.00,61,58.98,0,2.95,96,47.94,75,58.98
94.4,42.2,0.00,0.00,70,58.98,0,2.95,96,47.94,75,58.98
25.5,42.4,0.00,0.00,66,58.98,0,2.95,93,47.94,73,58.98
25.8,42.6,0.00,0.00,66,58.98,0,2.95,97,47.94,69,58.98
23.1,42.7,0.00,0.00,68,58.98,0,2.95,95,47.94,76,58.98
24.3,42.7,0.00,0.00,76,58.98,0,2.95,96,47.94,77,58.98
21.6,42.7,0.00,0.00,71,58.98,0,2.95,97,47.94,76,58.98
22.2,42.7,0.00,0.00,71,58.98,0,2.95,96,47.94,69,58.98
21.7,42.7,0.00,0.00,67,58.98,0,2.95,96,47.94,53,58.98
54.5,41.7,0.00,0.00,73,58.98,0,2.95,96,47.94,82,58.98
37.6,42.0,0.00,0.00,74,58.98,0,2.95,96,47.94,69,58.98
22.4,42.1,0.00,0.00,64,58.98,0,2.95,96,47.94,77,58.98
29.9,41.4,0.00,0.00,66,58.98,0,2.95,96,47.94,77,58.98
53.6,41.7,0.00,0.00,63,58.98,0,2.95,96,47.94,69,58.98
25.4,42.0,0.00,0.00,62,58.98,0,2.95,96,47.94,79,58.98
23.3,42.3,0.00,0.00,66,58.98,0,2.95,76,47.94,79,58.98
26.6,37.3,0.00,0.00,73,58.98,0,2.95,95,25.45,72,58.98
22.8,37.3,0.00,0.00,65,58.98,0,2.95,96,25.45,78,58.98
20.9,37.3,0.00,0.00,72,58.98,0,2.95,96,25.45,69,58.98
22.5,37.3,0.00,0.00,68,58.98,0,2.95,96,25.45,74,58.98
23.0,37.3,0.00,0.00,68,58.98,0,2.95,96,25.45,76,58.98
24.1,37.3,0.00,0.00,70,58.98,0,2.95,96,25.45,76,58.98
22.3,37.3,0.00,0.00,75,58.98,0,2.95,95,25.45,62,58.98
25.5,36.4,0.00,0.00,75,58.98,0,2.95,96,25.45,77,58.98
27.1,36.7,0.00,0.00,71,58.98,0,2.95,94,25.45,73,58.98
27.6,36.9,0.00,0.00,71,58.98,0,2.95,96,25.45,69,58.98
27.8,36.1,0.00,0.00,43,58.98,0,2.95,94,25.45,70,58.98
39.2,36.5,0.00,0.00,67,58.98,0,2.95,93,25.45,76,58.98
24.7,36.7,0.00,0.00,71,58.98,0,2.95,95,25.45,74,58.98
99.4,36.9,0.00,0.00,71,58.98,0,2.95,96,25.45,75,58.98
23.5,37.2,0.00,0.00,71,58.98,0,2.95,96,25.45,76,58.98
23.5,37.3,0.00,0.00,73,58.98,0,2.95,96,25.45,74,58.98
21.7,37.3,0.00,0.00,69,58.98,0,2.95,96,25.45,73,58.98
21.2,37.3,0.00,0.00,71,58.98,0,2.95,96,25.45,77,58.98
23.3,37.3,0.00,0.00,71,58.98,0,2.95,96,25.45,70,58.98
22.0,37.3,0.00,0.00,71,58.98,0,2.95,96,25.45,58,58.98
23.3,35.2,0.00,0.00,79,58.98,0,2.95,7,25.45,85,30.96
20.7,31.2,0.00,0.00,81,58.98,0,2.95,0,25.45,86,30.96
20.1,31.4,0.00,0.00,87,58.98,0,2.95,0,25.45,82,30.96
79.6,30.5,0.00,0.00,47,58.78,0,2.95,0,25.45,84,30.96
19.9,26.5,0.00,0.00,86,30.96,0,2.95,11,25.45,81,30.96
23.2,26.6,0.00,0.00,75,30.96,0,2.95,96,25.45,71,30.96
22.9,26.6,0.00,0.00,70,30.96,0,2.95,96,25.45,72,30.96
22.2,26.6,0.00,0.00,70,30.96,0,2.95,95,25.45,70,30.96
23.8,26.6,0.00,0.00,67,30.96,0,2.95,96,25.45,74,30.96
21.7,26.6,0.00,0.00,69,30.96,0,2.95,96,25.45,76,30.96
22.8,26.6,0.00,0.00,73,30.96,0,2.95,96,25.45,74,30.96
21.8,26.6,0.00,0.00,71,30.96,0,2.95,96,25.45,70,30.96
21.5,26.6,0.00,0.00,71,30.96,0,2.95,96,25.45,75,30.96
18.5,25.6,0.00,0.00,76,30.96,0,2.95,95,25.45,0,30.96
18.1,25.8,0.00,0.00,88,30.96,0,2.95,97,25.45,0,30.96
24.2,26.1,0.00,0.00,85,30.96,0,2.95,96,25.45,0,30.96
12.0,25.2,0.00,0.00,85,2.95,0,2.95,96,25.45,0,30.96
13.5,21.5,0.00,0.00,5,2.95,0,2.95,96,25.45,75,30.96
23.9,22.3,0.00,0.00,0,2.95,0,2.95,90,25.45,80,30.96
18.3,22.8,0.00,0.00,0,4.96,0,6.21,97,25.45,94,30.96
25.0,26.9,0.00,0.00,3,14.08,5,16.47,96,25.45,86,30.96
22.1,34.1,0.00,0.00,7,26.14,9,28.63,96,25.45,94,30.96
24.3,37.9,0.00,0.00,6,35.03,6,35.03,96,25.45,80,30.96
44.1,38.5,0.00,0.00,1,35.03,0,35.03,96,25.45,82,30.96
93.0,38.9,0.00,0.00,0,35.03,0,35.03,95,25.45,85,30.96
30.2,38.3,0.00,0.00,0,35.03,0,35.03,0,25.45,79,30.96
28.0,38.9,0.00,0.00,0,42.4,0,42.5,0,25.45,76,30.96
30.5,39.9,0.00,0.00,93,42.5,93,42.5,0,25.45,66,30.96
47.8,40.5,0.00,0.00,90,42.5,93,42.5,0,25.45,64,30.96
30.4,41.1,0.00,0.00,95,42.5,91,42.5,0,25.45,22,2.95
27.8,36.6,0.00,0.00,92,42.5,93,42.5,93,25.45,0,2.95
29.1,36.9,0.00,0.00,95,42.5,94,42.5,95,25.45,0,2.95
20.4,37.1,0.00,0.00,95,42.5,97,42.5,96,25.45,0,2.95
25.5,37.3,0.00,0.00,88,42.5,96,42.5,93,25.45,0,2.95
26.1,37.8,0.00,0.00,90,42.5,96,42.5,93,25.45,0,2.95
23.9,38.2,0.00,0.00,96,42.5,96,42.5,95,25.45,10,15.43
28.0,41.5,0.00,0.00,96,56.44,45,56.44,93,25.45,10,26.88
78.3,43.2,0.00,0.00,77,56.44,96,56.44,92,25.45,2,32.12
20.4,44.3,0.00,0.00,96,56.44,97,56.44,95,25.45,0,32.12
21.6,45.0,0.00,0.00,93,56.44,96,56.44,93,25.45,0,32.12
21.1,45.7,0.00,0.00,95,56.44,95,56.44,91,25.45,0,32.12
19.0,46.3,0.00,0.00,96,56.44,97,56.44,94,25.45,0,39.99
23.8,46.7,0.00,0.00,96,56.44,96,56.44,94,25.45,94,39.99
23.6,46.9,0.00,0.00,96,56.44,96,56.44,96,25.45,94,39.99
23.2,47.2,0.00,0.00,95,56.44,95,56.44,96,25.45,94,39.99
29.2,47.4,0.00,0.00,97,56.44,97,56.44,96,25.45,94,39.99
23.0,47.6,0.00,0.00,97,56.44,97,56.44,96,25.45,96,39.99
21.5,47.8,0.00,0.00,97,56.44,97,56.44,96,25.45,96,39.99
20.8,47.8,0.00,0.00,98,56.44,97,56.44,97,25.45,96,39.99
17.1,47.8,0.00,0.00,97,56.44,98,56.44,20,2.95,97,39.99
14.4,42.4,0.00,0.00,98,56.44,97,56.44,0,2.95,97,39.99
14.4,42.4,0.00,0.00,98,56.44,98,56.44,0,2.95,97,39.99
14.7,42.4,0.00,0.00,98,56.44,98,56.44,0,2.95,97,39.99
13.7,42.4,0.00,0.00,98,56.44,97,56.44,0,2.95,97,39.99
72.6,42.6,0.00,0.00,98,56.44,97,56.44,0,2.95,96,39.99
59.8,43.0,0.00,0.00,96,56.44,97,56.44,0,2.95,91,39.99
17.7,43.3,0.00,0.00,96,56.44,97,56.44,2,11.18,97,39.99
19.5,46.4,0.00,0.00,97,56.44,97,56.44,8,22.38,97,39.99
19.1,49.6,0.00,0.00,98,56.44,98,56.44,8,30.12,97,39.99
12.5,50.9,0.00,0.00,98,56.44,89,56.44,0,30.12,95,39.99
23.4,49.4,0.00,0.00,44,56.44,93,56.44,0,30.12,76,47.9
98.3,48.9,0.00,0.00,93,56.44,93,56.44,0,30.12,92,47.9
26.6,49.6,0.00,0.00,92,56.44,94,56.44,0,30.12,94,47.9
28.8,50.5,0.00,0.00,94,56.44,94,56.44,9,34.88,92,47.9
93.0,51.4,0.00,0.00,92,56.44,90,56.44,34,34.88,94,47.9
65.1,52.1,0.00,0.00,94,56.44,96,56.44,38,34.88,94,47.9
27.5,52.6,0.00,0.00,93,56.44,94,56.44,37,34.88,97,47.9
25.8,52.7,0.00,0.00,96,56.44,97,56.44,43,34.88,94,47.9
31.7,53.0,0.00,0.00,94,56.44,97,56.44,45,34.88,97,47.9
23.5,53.0,0.00,0.00,97,56.44,97,56.44,41,34.88,97,47.9
23.2,53.0,0.00,0.00,97,56.44,97,56.44,40,34.88,97,47.9
87.5,51.1,0.00,0.00,45,56.44,48,56.44,41,34.88,95,47.9
22.7,51.5,0.00,0.00,97,56.44,97,56.44,44,34.88,97,47.9
22.5,51.9,0.00,0.00,96,56.44,97,56.44,42,34.88,95,47.9
77.0,52.3,0.00,0.00,97,56.44,97,56.44,44,34.88,97,47.9
72.5,52.7,0.00,0.00,97,56.44,96,56.44,41,34.88,96,47.9
19.2,53.0,0.00,0.00,97,56.44,97,56.44,50,34.88,98,47.9
19.3,53.0,0.00,0.00,98,56.44,98,56.44,51,34.88,98,47.9
20.6,53.1,0.00,0.00,98,56.44,98,56.44,40,34.88,98,47.9
17.3,53.0,0.00,0.00,98,56.44,98,56.44,47,34.88,97,47.9
19.5,53.0,0.00,0.00,98,56.44,98,56.44,45,34.88,97,47.9
18.0,53.0,0.00,0.00,98,56.44,97,56.44,47,34.88,98,47.9
14.4,53.0,0.00,0.00,98,56.44,98,56.44,48,34.88,55,47.94
21.2,52.1,0.00,0.00,98,56.44,98,56.44,47,34.88,97,47.94
19.8,52.4,0.00,0.00,98,56.44,98,56.44,44,34.88,97,47.94
21.4,52.6,0.00,0.00,98,56.44,97,56.44,45,34.88,95,47.94
21.1,52.9,0.00,0.00,98,56.44,98,56.44,47,34.88,97,47.94
18.1,53.0,0.00,0.00,97,56.44,98,56.44,48,34.88,97,47.94
19.1,53.0,0.00,0.00,98,56.44,98,56.44,47,34.88,96,47.94
19.0,53.0,0.00,0.00,98,56.44,98,56.44,49,34.88,97,47.94
18.4,53.0,0.00,0.00,98,56.44,98,56.44,50,34.88,97,47.94
18.9,53.0,0.00,0.00,98,56.44,98,56.44,49,34.88,97,47.94
17.9,53.0,0.00,0.00,98,56.44,98,56.44,45,34.88,98,47.94
18.0,53.0,0.00,0.00,98,56.44,98,56.44,45,34.88,97,47.94
17.3,53.0,0.00,0.00,98,56.44,98,56.44,45,34.88,98,47.94
19.0,53.0,0.00,0.00,98,56.44,98,56.44,49,34.88,98,47.94
18.0,53.0,0.00,0.00,98,56.44,98,56.44,47,34.93,97,47.94
16.8,52.0,0.00,0.00,98,56.44,98,56.44,24,39.69,96,47.94
33.3,50.4,0.00,0.00,54,56.44,94,56.44,38,39.69,95,47.94
28.5,50.9,0.00,0.00,92,56.44,94,56.44,42,39.69,93,47.94
29.6,51.6,0.00,0.00,94,56.44,93,56.44,42,39.69,94,47.94
84.7,52.2,0.00,0.00,89,56.44,95,56.44,40,39.69,96,47.94
88.6,52.8,0.00,0.00,95,56.44,94,56.44,43,39.69,96,47.94
20.8,53.0,0.00,0.00,97,56.44,97,56.44,45,39.69,97,47.94
22.3,53.0,0.00,0.00,97,56.44,98,56.44,45,39.69,97,47.75
24.7,50.1,0.00,0.00,97,56.44,97,56.44,46,39.69,97,25.45
25.5,47.7,0.00,0.00,97,56.44,97,56.44,42,39.69,97,25.45
21.2,47.7,0.00,0.00,97,56.44,98,56.44,41,39.69,97,25.45
23.6,47.7,0.00,0.00,96,56.44,98,56.44,45,39.69,97,25.45
22.1,47.7,0.00,0.00,97,56.44,98,56.44,44,39.69,97,25.45
20.0,45.6,0.00,0.00,88,56.25,51,33.87,47,39.69,97,25.45
18.7,37.1,0.00,0.00,98,33.87,99,33.87,49,39.69,98,25.45
17.7,37.1,0.00,0.00,98,33.87,98,33.87,52,39.69,98,25.45
18.8,37.1,0.00,0.00,98,33.87,98,33.87,49,39.69,98,25.45
16.9,37.1,0.00,0.00,98,33.87,99,33.87,46,39.69,98,25.45
17.9,37.1,0.00,0.00,98,33.87,99,33.87,52,39.69,98,25.45
17.2,37.1,0.00,0.00,98,33.87,99,33.87,48,39.69,98,25.45
18.3,37.1,0.00,0.00,98,33.87,99,33.87,48,39.69,97,25.45
18.1,37.1,0.00,0.00,98,33.87,99,33.87,49,39.69,97,25.45
18.0,37.1,0.00,0.00,98,33.87,99,33.87,52,39.69,97,25.45
17.1,37.1,0.00,0.00,98,33.87,99,33.87,51,39.69,97,25.45
19.4,37.1,0.00,0.00,98,33.87,98,33.87,51,39.69,97,25.45
17.3,37.1,0.00,0.00,98,33.87,99,33.87,47,39.69,97,25.45
18.9,37.1,0.00,0.00,98,33.87,99,33.87,62,39.69,97,25.45
18.0,37.1,0.00,0.00,98,33.87,99,33.87,50,39.69,97,25.45
17.6,37.1,0.00,0.00,98,33.87,99,33.87,50,39.69,98,25.45
19.4,37.1,0.00,0.00,98,33.87,99,33.87,49,39.69,98,25.45
18.0,37.1,0.00,0.00,98,33.87,99,33.87,48,39.69,66,25.45
14.2,36.1,0.00,0.00,98,33.87,99,33.87,48,39.69,4,2.95
13.5,31.8,0.00,0.00,99,33.87,99,33.87,57,39.74,0,2.95
15.2,30.9,0.00,0.00,98,33.87,98,33.87,53,39.74,0,2.95
93.5,31.1,0.00,0.00,98,33.87,98,33.87,52,39.74,0,2.95
50.0,31.3,0.00,0.00,97,33.87,98,33.87,49,39.74,0,2.95
14.3,31.6,0.00,0.00,98,33.87,98,33.87,52,39.74,0,2.95
13.8,31.9,0.00,0.00,97,33.87,98,33.87,50,39.74,0,2.95
88.6,32.2,0.00,0.00,96,33.87,97,33.87,54,39.74,0,6.23
14.0,33.1,0.00,0.00,98,33.87,99,33.87,47,39.74,3,12.63
15.7,35.0,0.00,0.00,98,33.87,99,33.87,51,39.74,3,17.54
14.6,36.1,0.00,0.00,98,33.87,99,33.87,48,39.74,0,17.54
49.1,36.3,0.00,0.00,98,33.87,98,33.87,59,39.74,0,17.54
25.9,36.6,0.00,0.00,96,33.87,99,33.87,45,39.74,0,17.54
11.9,36.8,0.00,0.00,98,33.87,85,33.87,50,39.74,0,17.54
18.8,35.3,0.00,0.00,0,33.87,0,33.87,44,39.74,81,25.4
16.9,35.8,0.00,0.00,0,33.87,0,33.87,47,39.74,93,25.4
15.4,36.3,0.00,0.00,0,33.87,0,33.87,44,39.74,96,25.4
19.1,36.7,0.00,0.00,0,33.87,0,33.87,48,39.74,93,25.4
18.3,37.1,0.00,0.00,0,33.87,43,33.87,49,39.74,96,25.4
18.4,37.1,0.00,0.00,98,33.87,98,33.87,49,39.74,97,25.4
19.5,37.1,0.00,0.00,98,33.87,98,33.87,53,39.74,97,25.4
18.6,37.1,0.00,0.00,98,33.87,98,33.87,47,39.74,97,25.4
19.9,37.1,0.00,0.00,98,33.87,98,33.87,47,39.74,97,25.4
19.0,37.1,0.00,0.00,98,33.87,98,33.87,44,39.74,97,25.4
18.2,37.1,0.00,0.00,98,33.87,98,33.87,44,39.74,97,25.4
20.3,37.1,0.00,0.00,98,33.87,98,33.87,52,39.74,97,25.4
18.5,37.1,0.00,0.00,98,33.87,98,33.87,45,39.74,97,25.4
18.5,37.1,0.00,0.00,98,33.87,98,33.87,50,39.74,97,25.4
18.5,37.1,0.00,0.00,98,33.87,98,33.87,48,39.74,97,25.4
18.4,37.1,0.00,0.00,98,33.87,99,33.87,48,39.74,98,25.4
18.5,37.1,0.00,0.00,98,33.87,98,33.87,50,39.74,98,25.4
17.2,37.1,0.00,0.00,98,33.87,98,33.87,49,39.74,98,25.4
18.1,37.1,0.00,0.00,98,33.87,98,33.87,47,39.74,98,25.4
17.1,37.1,0.00,0.00,98,33.87,98,33.87,49,39.74,97,25.4
17.2,37.1,0.00,0.00,98,33.87,99,33.87,21,39.74,75,25.45
16.3,35.3,0.00,0.00,98,33.87,98,33.87,49,39.74,0,25.45
17.5,35.7,0.00,0.00,97,33.87,98,33.87,48,39.74,0,25.45
23.8,36.2,0.00,0.00,97,33.87,98,33.87,49,39.74,0,25.45
17.3,36.6,0.00,0.00,97,33.87,98,33.87,46,39.74,0,25.45
13.6,37.0,0.00,0.00,97,33.87,98,33.87,43,39.74,56,25.45
19.0,37.1,0.00,0.00,98,33.87,98,33.87,46,39.74,97,25.45
18.4,37.1,0.00,0.00,98,33.87,98,33.87,52,39.74,97,25.45
18.7,37.1,0.00,0.00,98,33.87,98,33.87,53,39.74,96,25.45
18.0,37.1,0.00,0.00,98,33.87,99,33.87,49,39.74,97,25.45
18.8,37.1,0.00,0.00,98,33.87,98,33.87,48,39.74,97,25.45
19.7,37.1,0.00,0.00,98,33.87,98,33.87,46,39.74,97,25.45
16.0,37.1,0.00,0.00,98,33.87,99,33.87,51,39.74,97,25.45
11.9,26.5,0.00,0.00,47,2.95,6,2.95,45,39.74,97,25.45
12.0,26.5,0.00,0.00,0,2.95,0,2.95,50,39.74,95,25.45
15.1,26.8,0.00,0.00,0,2.95,0,2.95,37,39.74,97,25.45
14.9,27.2,0.00,0.00,0,2.95,0,2.95,41,39.74,97,25.45
15.2,27.8,0.00,0.00,0,2.95,1,6.01,49,39.74,97,25.45
15.4,30.2,0.00,0.00,0,5.45,3,12.12,46,39.74,97,25.45
15.4,33.9,0.00,0.00,3,11.38,3,24.4,48,39.74,97,25.45
14.8,35.8,0.00,0.00,3,35.38,0,24.4,45,39.74,95,25.45
38.9,35.5,0.00,0.00,1,35.38,0,24.4,39,39.74,96,25.45
15.0,35.9,0.00,0.00,0,35.38,0,24.4,43,39.74,95,25.45
15.0,36.4,0.00,0.00,0,35.38,0,24.4,42,39.74,96,25.45
20.6,36.8,0.00,0.00,0,35.38,26,31.01,46,39.74,97,25.45
23.8,37.1,0.00,0.00,58,59.31,98,31.01,47,39.74,97,25.45
22.9,37.1,0.00,0.00,100,59.31,99,31.01,46,39.74,97,25.45
18.5,37.1,0.00,0.00,100,59.31,99,31.01,45,39.74,28,25.45
20.1,36.2,0.00,0.00,100,59.31,99,31.01,49,39.74,0,25.45
18.7,36.5,0.00,0.00,99,59.31,96,31.01,58,39.74,0,25.45
19.8,36.7,0.00,0.00,100,59.31,98,31.01,50,39.74,0,25.45
19.8,37.0,0.00,0.00,100,59.31,97,31.01,53,39.74,18,25.45
23.8,37.2,0.00,0.00,100,59.31,99,31.01,46,39.74,97,25.45
21.6,37.1,0.00,0.00,100,59.31,99,31.01,50,39.74,97,25.45
23.8,36.1,0.00,0.00,99,59.31,99,31.01,44,39.74,96,25.45
25.0,36.3,0.00,0.00,100,59.31,98,31.01,45,39.74,97,25.45
24.8,36.5,0.00,0.00,100,59.31,98,31.01,44,39.74,97,25.45
25.2,36.8,0.00,0.00,100,59.31,98,31.01,45,39.74,96,25.45
24.1,37.0,0.00,0.00,100,59.31,97,31.01,45,39.74,97,25.45
21.9,37.1,0.00,0.00,100,59.31,98,31.01,41,39.74,97,25.45
16.8,36.3,0.00,0.00,100,59.31,0,31.01,41,39.74,97,25.45
16.3,36.5,0.00,0.00,100,59.31,0,31.01,41,39.74,96,25.45
16.8,36.8,0.00,0.00,100,59.31,0,31.01,45,39.74,97,25.45
18.0,37.0,0.00,0.00,100,59.31,0,31.01,44,39.74,97,25.45
22.0,37.1,0.00,0.00,100,59.31,40,31.01,48,39.74,97,25.45
23.0,37.1,0.00,0.00,100,59.31,99,31.01,46,39.74,97,25.45
23.0,37.1,0.00,0.00,100,59.31,98,31.01,47,39.74,97,25.45
22.9,37.1,0.00,0.00,100,59.31,99,31.01,47,39.74,97,25.45
23.7,37.1,0.00,0.00,100,59.31,99,31.01,49,39.74,97,25.45
17.5,37.2,0.00,0.00,100,59.31,99,31.01,42,39.74,30,25.45
12.9,37.2,0.00,0.00,100,59.31,22,31.01,18,39.74,21,25.45
10.5,37.2,0.00,0.00,76,59.31,20,31.01,22,39.74,27,25.45
10.3,37.2,0.00,0.00,62,59.31,21,31.01,25,39.74,29,25.45
12.3,37.2,0.00,0.00,68,59.31,21,31.01,25,39.74,43,25.45
22.2,37.1,0.00,0.00,86,59.31,98,31.01,46,39.74,96,25.45
23.1,37.1,0.00,0.00,100,59.31,99,31.01,43,39.74,97,25.45
21.4,37.1,0.00,0.00,100,59.31,98,31.01,43,39.74,79,25.45
21.7,36.1,0.00,0.00,100,59.31,98,31.01,48,39.74,5,2.95
20.3,32.0,0.00,0.00,100,59.31,96,31.01,40,39.74,0,2.95
22.1,32.4,0.00,0.00,99,59.31,95,31.01,46,39.74,0,2.95
20.7,32.8,0.00,0.00,100,59.31,98,31.01,50,39.74,6,15.16
20.5,36.1,0.00,0.00,100,59.31,98,31.01,43,39.74,6,27.49
20.8,39.9,0.00,0.00,100,59.31,99,31.01,48,39.74,0,32.12
13.0,40.3,0.00,0.00,100,59.31,97,30.82,47,39.74,0,32.12
11.3,35.3,0.00,0.00,100,59.31,5,2.95,45,39.74,0,32.12
11.5,35.5,0.00,0.00,100,59.31,0,2.95,49,39.74,0,32.12
11.2,35.8,0.00,0.00,100,59.31,0,2.95,39,39.74,2,36.25
18.2,36.1,0.00,0.00,100,59.31,0,2.95,46,39.74,89,36.25
84.1,36.4,0.00,0.00,100,59.31,0,2.95,44,39.74,83,36.25
20.0,36.9,0.00,0.00,100,59.31,0,2.95,43,39.74,85,36.25
22.8,37.5,0.00,0.00,100,59.31,0,2.95,50,39.74,88,36.25
25.5,38.4,0.00,0.00,100,59.31,0,9.49,25,39.74,88,36.25
20.4,41.2,0.00,0.00,99,59.31,6,21.48,44,39.74,92,36.25
99.8,45.1,0.00,0.00,100,59.31,7,45.85,47,39.74,87,36.25
38.1,45.3,0.00,0.00,100,59.31,0,45.85,43,39.74,87,36.25
18.2,45.8,0.00,0.00,100,59.31,0,45.85,45,39.74,91,36.25
17.4,46.2,0.00,0.00,100,59.31,0,45.85,50,39.74,94,36.25
15.8,46.4,0.00,0.00,100,59.31,0,45.85,43,39.74,91,36.25
30.1,46.8,0.00,0.00,100,59.31,54,52.36,44,39.74,91,36.25
23.8,47.0,0.00,0.00,100,59.31,78,52.36,44,39.74,92,36.25
28.8,46.2,0.00,0.00,33,59.38,77,52.36,44,39.74,92,36.25
25.4,46.6,0.00,0.00,0,59.38,75,52.36,45,39.74,92,36.25
29.3,47.0,0.00,0.00,0,59.38,81,52.36,43,39.74,88,36.25
21.7,47.5,0.00,0.00,0,59.38,85,52.36,46,39.74,93,36.25
21.6,47.7,0.00,0.00,0,59.38,81,52.36,50,39.74,90,36.25
23.2,47.8,0.00,0.00,68,59.38,89,52.36,39,39.74,94,36.25
22.1,47.8,0.00,0.00,100,59.38,86,52.36,50,39.74,95,36.25
22.8,47.8,0.00,0.00,100,59.38,85,52.36,48,39.74,96,36.25
24.1,47.8,0.00,0.00,99,59.38,89,52.36,48,39.74,92,36.25
23.0,47.8,0.00,0.00,100,59.38,90,52.41,50,39.74,93,36.25
25.0,46.9,0.00,0.00,99,59.38,89,58.93,46,39.74,92,36.25
43.9,47.1,0.00,0.00,100,59.38,84,58.93,47,39.74,74,40.38
27.6,46.4,0.00,0.00,100,59.38,88,58.93,45,39.74,88,40.38
28.6,46.8,0.00,0.00,100,59.38,73,58.93,47,39.74,89,40.38
33.7,47.2,0.00,0.00,100,59.38,96,58.93,43,39.74,89,40.38
25.9,47.6,0.00,0.00,100,59.38,89,58.93,47,39.74,89,40.38
24.5,47.8,0.00,0.00,100,59.38,98,58.93,44,39.74,94,40.38
23.1,47.9,0.00,0.00,100,59.38,99,58.93,50,39.74,95,40.38
22.6,47.9,0.00,0.00,100,59.38,99,58.93,49,39.74,95,40.38
22.3,47.9,0.00,0.00,100,59.38,99,58.93,48,39.74,95,40.38
24.6,47.9,0.00,0.00,100,59.38,99,58.93,47,39.74,96,40.38
22.6,47.9,0.00,0.00,100,59.38,99,58.93,48,39.74,95,40.38
23.0,47.9,0.00,0.00,100,59.38,99,58.93,45,39.74,95,40.38
16.1,47.9,0.00,0.00,100,59.38,67,58.98,44,39.74,93,40.38
25.4,47.0,0.00,0.00,100,59.38,78,58.98,45,39.74,92,40.38
24.4,47.2,0.00,0.00,100,59.38,91,58.98,23,39.55,92,40.38
24.3,42.2,0.00,0.00,100,59.38,83,58.98,47,21.35,93,40.38
25.4,42.4,0.00,0.00,100,59.38,89,58.98,45,21.35,93,40.38
18.3,42.6,0.00,0.00,100,59.38,99,58.98,48,21.35,93,40.38
22.6,42.6,0.00,0.00,100,59.38,99,58.98,47,21.35,95,40.38
23.4,42.6,0.00,0.00,100,59.38,99,58.98,44,21.35,94,40.38
22.7,42.6,0.00,0.00,100,59.38,99,58.98,45,21.35,95,40.38
22.4,42.6,0.00,0.00,100,59.38,99,58.98,46,21.35,94,40.38
25.4,42.6,0.00,0.00,100,59.38,99,58.98,46,21.35,95,40.38
22.3,42.6,0.00,0.00,100,59.38,99,58.98,43,21.35,95,40.38
21.9,42.6,0.00,0.00,100,59.38,99,58.98,44,21.35,95,40.38
23.7,42.6,0.00,0.00,100,59.38,99,58.98,45,21.35,93,40.38
24.9,37.5,0.00,0.00,100,59.38,61,30.96,47,21.35,95,40.38
20.0,37.2,0.00,0.00,100,59.38,99,30.96,47,21.35,46,40.38
24.4,36.3,0.00,0.00,100,59.38,97,30.96,43,21.35,91,40.38
25.8,36.6,0.00,0.00,99,59.38,98,30.96,46,21.35,89,40.38
99.4,36.8,0.00,0.00,100,59.38,98,30.96,44,21.35,94,40.38
25.8,37.0,0.00,0.00,100,59.38,99,30.96,44,21.35,92,40.38
29.6,37.2,0.00,0.00,100,59.38,97,30.96,49,21.35,93,40.38
22.4,37.2,0.00,0.00,100,59.38,99,30.96,46,21.35,95,40.38
24.2,37.2,0.00,0.00,99,59.38,99,30.96,49,21.35,95,40.38
22.9,37.2,0.00,0.00,100,59.38,99,30.96,46,21.35,96,40.38
23.5,37.2,0.00,0.00,100,59.38,99,30.96,49,21.35,95,40.38
24.0,37.2,0.00,0.00,100,59.38,99,30.96,45,21.35,95,40.38
22.4,37.2,0.00,0.00,100,59.38,99,30.96,46,21.35,94,40.38
24.0,37.1,0.00,0.00,100,59.38,86,2.95,47,21.35,94,40.38
15.4,31.8,0.00,0.00,100,59.38,0,2.95,46,21.35,95,40.38
14.6,31.8,0.00,0.00,100,59.38,0,2.95,49,21.35,94,40.38
19.5,32.1,0.00,0.00,100,59.38,0,2.95,54,21.35,89,40.38
18.9,32.5,0.00,0.00,100,59.38,0,2.95,47,21.35,94,40.38
17.9,33.1,0.00,0.00,100,59.38,0,10.76,48,21.35,91,40.38
17.4,36.6,0.00,0.00,100,59.38,7,22.51,51,21.35,93,40.38
18.2,40.1,0.00,0.00,100,59.38,8,32.12,51,21.35,93,40.38
68.3,40.4,0.00,0.00,100,59.38,0,32.12,49,21.35,91,40.38
20.8,39.6,0.00,0.00,100,59.19,0,32.12,43,21.35,95,40.38
9.8,32.1,0.00,0.00,7,2.95,0,32.12,3,2.95,93,40.38
8.1,30.4,0.00,0.00,0,2.95,0,36.25,0,2.95,93,40.38
13.6,30.8,0.00,0.00,0,2.95,54,36.25,0,2.95,93,40.38
14.5,31.0,0.00,0.00,0,2.95,92,36.25,0,2.95,90,40.38
16.9,31.5,0.00,0.00,0,2.95,85,36.25,0,2.95,92,40.38
18.4,32.2,0.00,0.00,0,2.95,87,36.25,0,2.95,51,40.38
20.1,32.2,0.00,0.00,0,2.95,89,36.25,0,7.21,92,40.38
18.6,34.7,0.00,0.00,0,4.77,90,36.25,2,12.75,91,40.38
17.5,38.1,0.00,0.00,4,10.26,90,36.25,3,24.4,90,40.38
67.4,40.1,0.00,0.00,3,15.22,87,36.25,0,24.4,90,40.38
26.5,40.6,0.00,0.00,7,35.38,88,36.25,0,24.4,91,40.38
14.8,41.0,0.00,0.00,0,35.38,91,36.25,0,24.4,91,40.38
21.8,41.4,0.00,0.00,0,35.38,91,36.25,0,24.4,93,40.38
21.4,41.8,0.00,0.00,0,35.38,89,36.25,0,30.7,91,40.38
21.8,42.1,0.00,0.00,0,41.76,90,36.25,92,30.7,93,40.38
24.8,42.4,0.00,0.00,100,59.31,94,36.25,98,30.7,95,40.38
25.7,42.4,0.00,0.00,100,59.31,94,36.25,98,30.7,94,40.38
24.7,42.4,0.00,0.00,100,59.31,94,36.25,98,30.7,94,40.38
25.0,42.3,0.00,0.00,99,59.31,91,36.25,98,30.7,94,40.38
23.2,42.3,0.00,0.00,100,59.31,90,36.25,98,30.7,95,40.38
23.1,42.3,0.00,0.00,100,59.31,89,36.25,98,30.7,96,40.38
23.4,42.3,0.00,0.00,100,59.31,93,36.25,98,30.7,95,40.38
23.8,42.4,0.00,0.00,100,59.31,96,36.25,98,30.7,91,40.38
23.2,42.4,0.00,0.00,100,59.31,93,36.25,99,30.7,93,40.38
23.4,42.4,0.00,0.00,100,59.31,94,36.25,99,30.7,95,40.38
24.4,42.4,0.00,0.00,100,59.31,95,36.25,98,30.7,94,40.38
24.8,42.4,0.00,0.00,100,59.31,96,36.25,98,30.7,95,40.38
22.7,42.4,0.00,0.00,100,59.31,92,36.25,98,30.7,94,40.38
20.3,41.4,0.00,0.00,100,59.31,45,40.38,89,30.7,94,40.38
20.2,40.7,0.00,0.00,100,59.31,92,40.38,0,30.7,92,40.38
25.0,41.2,0.00,0.00,100,59.31,94,40.38,0,30.7,92,40.38
19.9,41.6,0.00,0.00,100,59.31,92,40.38,0,30.7,92,40.38
35.9,42.1,0.00,0.00,100,59.31,94,40.38,0,30.7,53,40.38
32.5,41.4,0.00,0.00,100,59.31,94,40.38,97,30.7,91,40.38
24.9,41.7,0.00,0.00,100,59.31,94,40.38,98,30.7,88,40.38
23.8,41.8,0.00,0.00,100,59.31,91,40.38,97,30.7,90,40.38
24.4,42.0,0.00,0.00,100,59.31,95,40.38,98,30.7,92,40.38
25.2,42.3,0.00,0.00,100,59.31,94,40.38,98,30.7,93,40.38
22.6,42.3,0.00,0.00,100,59.31,95,40.38,99,30.7,94,40.38
23.0,42.3,0.00,0.00,100,59.31,95,40.38,99,30.7,95,40.38
23.0,42.3,0.00,0.00,100,59.31,95,40.38,99,30.7,96,40.38
24.1,42.3,0.00,0.00,100,59.31,96,40.38,98,30.7,94,40.38
24.2,42.3,0.00,0.00,100,59.31,96,40.38,99,30.7,93,40.38
22.3,42.3,0.00,0.00,100,59.31,96,40.38,99,30.7,94,40.38
22.2,42.3,0.00,0.00,100,59.31,96,40.38,99,30.7,94,40.38
22.4,42.3,0.00,0.00,100,59.31,95,40.38,99,30.7,94,40.38
23.0,42.3,0.00,0.00,100,59.31,96,40.38,99,30.7,95,40.38
22.6,42.3,0.00,0.00,100,59.31,95,40.38,99,30.7,94,40.38
23.5,42.3,0.00,0.00,100,59.31,95,40.38,0,30.7,92,40.38
38.3,41.5,0.00,0.00,100,59.31,94,40.38,0,30.7,92,40.38
31.2,41.8,0.00,0.00,100,59.31,95,40.38,0,30.7,92,40.38
48.3,42.0,0.00,0.00,100,59.31,95,40.38,0,30.7,88,40.38
50.4,42.2,0.00,0.00,100,59.31,95,40.38,0,30.7,94,40.38
22.1,42.3,0.00,0.00,100,59.31,95,40.38,99,30.7,93,40.38
23.4,42.3,0.00,0.00,100,59.31,95,40.38,99,30.7,93,40.38
22.9,42.3,0.00,0.00,100,59.31,94,40.38,99,30.7,93,40.38
23.5,42.3,0.00,0.00,100,59.31,95,40.38,99,30.7,93,40.38
23.6,42.3,0.00,0.00,100,59.31,95,40.38,99,30.7,93,40.38
23.3,42.3,0.00,0.00,100,59.31,94,40.38,99,30.7,57,40.38
61.1,40.5,0.00,0.00,100,59.31,83,40.38,91,30.7,87,40.38
27.6,40.9,0.00,0.00,100,59.31,87,40.38,96,30.7,89,40.38
28.4,41.3,0.00,0.00,100,59.31,93,40.38,98,30.7,90,40.38
99.6,41.6,0.00,0.00,100,59.31,92,40.38,96,30.7,90,40.38
28.1,42.1,0.00,0.00,100,59.31,90,40.38,94,30.7,88,40.38
21.5,42.4,0.00,0.00,100,59.31,94,40.38,99,30.7,94,40.38
23.8,42.3,0.00,0.00,100,59.31,93,40.38,98,30.7,94,40.38
23.5,42.3,0.00,0.00,100,59.31,94,40.38,99,30.7,95,40.38
22.8,42.3,0.00,0.00,100,59.31,95,40.38,98,30.7,95,40.38
22.4,41.3,0.00,0.00,100,59.38,91,40.38,5,2.95,90,40.38
48.0,36.2,0.00,0.00,0,59.38,89,40.38,0,2.95,92,40.38
13.3,36.4,0.00,0.00,0,59.38,90,40.38,0,2.95,94,40.38
14.0,36.7,0.00,0.00,0,59.38,92,40.38,0,2.95,93,40.38
14.3,36.9,0.00,0.00,0,59.38,91,40.38,0,2.95,94,40.38
66.6,37.3,0.00,0.00,25,59.38,94,40.38,0,2.95,88,40.38
85.8,37.7,0.00,0.00,100,59.38,87,40.38,0,2.95,93,40.38
19.9,38.0,0.00,0.00,100,59.38,93,40.38,0,10.03,94,40.38
19.3,41.1,0.00,0.00,100,59.38,95,40.38,7,22.31,95,40.38
19.9,44.8,0.00,0.00,100,59.38,94,40.38,9,38.98,94,40.38
17.7,45.6,0.00,0.00,100,59.38,93,40.38,0,38.98,95,40.38
16.3,45.8,0.00,0.00,100,59.38,92,40.38,0,38.98,93,40.38
41.0,46.1,0.00,0.00,100,59.38,91,40.38,0,38.98,92,40.38
17.1,46.3,0.00,0.00,100,59.38,94,40.38,0,38.98,90,40.38
23.6,46.6,0.00,0.00,100,59.38,91,40.38,42,46.85,86,40.38
24.7,46.8,0.00,0.00,100,59.38,93,40.38,93,46.85,93,40.38
26.2,47.1,0.00,0.00,100,59.38,93,40.38,94,46.85,90,40.38
26.7,47.3,0.00,0.00,100,59.38,52,21.66,92,46.85,44,40.38
83.3,41.3,0.00,0.00,99,59.38,92,21.66,94,46.85,89,40.38
23.3,41.8,0.00,0.00,100,59.38,91,21.66,96,46.85,92,40.38
23.0,42.0,0.00,0.00,100,59.38,91,21.66,96,46.85,89,40.38
24.1,42.2,0.00,0.00,99,59.38,94,21.66,96,46.85,91,40.38
34.3,42.5,0.00,0.00,100,59.38,93,21.66,96,46.85,95,40.38
22.0,42.5,0.00,0.00,100,59.38,95,21.66,97,46.85,94,40.38
21.6,42.5,0.00,0.00,100,59.38,95,21.66,96,46.85,93,40.38
21.9,42.5,0.00,0.00,100,59.38,95,21.66,97,46.85,95,40.38
21.2,42.5,0.00,0.00,100,59.38,95,21.66,97,46.85,94,40.38
21.0,42.5,0.00,0.00,100,59.38,95,21.66,97,46.85,95,40.38
20.8,42.5,0.00,0.00,100,59.38,94,21.66,97,46.85,95,40.38
21.6,42.5,0.00,0.00,100,59.38,94,21.66,97,46.85,94,40.38
21.0,42.5,0.00,0.00,100,59.38,95,21.66,97,46.85,94,40.38
20.5,42.5,0.00,0.00,100,59.38,94,21.66,97,46.85,95,40.38
20.9,42.5,0.00,0.00,100,59.38,95,21.66,97,46.85,94,40.38
16.5,42.5,0.00,0.00,100,59.38,94,21.66,97,53.41,94,40.38
25.7,41.6,0.00,0.00,100,59.38,92,21.66,74,53.41,92,40.38
25.4,41.9,0.00,0.00,100,59.38,94,21.66,75,53.41,93,40.38
25.6,42.1,0.00,0.00,100,59.38,93,21.66,77,53.41,90,40.38
25.2,42.3,0.00,0.00,100,59.38,94,21.66,81,53.41,91,40.38
23.3,42.5,0.00,0.00,99,59.38,93,21.66,87,53.41,95,40.38
22.7,42.5,0.00,0.00,100,59.38,96,21.66,81,53.41,93,40.38
22.6,42.5,0.00,0.00,99,59.38,95,21.66,81,53.41,93,40.38
23.2,42.5,0.00,0.00,100,59.38,95,21.66,85,53.41,95,40.38
22.3,42.5,0.00,0.00,100,59.38,95,21.66,85,53.41,93,40.38
23.4,42.5,0.00,0.00,100,59.38,95,21.66,86,53.41,95,40.38
27.8,42.5,0.00,0.00,100,59.38,95,21.66,93,53.41,93,40.38
31.3,41.7,0.00,0.00,100,59.38,93,21.66,97,53.46,91,40.38
25.3,40.9,0.00,0.00,100,59.38,91,21.66,95,53.46,89,40.38
28.0,41.3,0.00,0.00,100,59.38,68,2.95,95,53.46,90,40.38
62.3,36.4,0.00,0.00,100,59.38,0,2.95,95,53.46,91,40.38
20.9,36.9,0.00,0.00,100,59.38,0,2.95,95,53.46,89,40.38
96.7,37.1,0.00,0.00,100,59.38,0,2.95,95,53.46,94,40.38
15.5,37.2,0.00,0.00,100,59.38,0,2.95,98,53.46,94,40.38
15.7,37.2,0.00,0.00,100,59.38,0,2.95,97,53.46,94,40.38
15.1,37.2,0.00,0.00,100,59.38,0,2.95,97,53.46,95,40.38
15.8,37.2,0.00,0.00,100,59.38,0,2.95,97,53.46,94,40.38
14.9,37.2,0.00,0.00,100,59.38,0,2.95,97,53.46,94,40.38
16.1,37.2,0.00,0.00,100,59.38,0,2.95,97,53.46,94,40.38
15.9,37.2,0.00,0.00,100,59.38,0,2.95,97,53.46,94,40.38
16.1,37.2,0.00,0.00,100,59.38,0,2.95,97,53.46,93,40.38
14.7,36.2,0.00,0.00,100,59.38,0,2.95,97,53.46,89,40.38
20.9,36.4,0.00,0.00,0,59.38,0,2.95,97,53.46,93,40.38
14.1,36.6,0.00,0.00,0,59.38,0,2.95,97,53.46,93,40.38
15.2,36.8,0.00,0.00,0,59.38,0,2.95,97,53.46,90,40.38
66.5,37.1,0.00,0.00,0,59.38,0,2.95,97,53.46,93,40.38
15.2,37.2,0.00,0.00,100,59.38,0,2.95,97,53.46,94,40.38
16.7,37.2,0.00,0.00,100,59.38,0,2.95,97,53.46,95,40.38
15.7,37.2,0.00,0.00,100,59.38,0,2.95,97,53.46,95,40.38
12.3,37.2,0.00,0.00,100,59.38,0,2.95,62,30.96,95,40.38
19.8,31.9,0.00,0.00,100,59.38,0,2.95,98,30.96,94,40.38
20.5,31.8,0.00,0.00,100,59.38,0,2.95,98,30.96,96,40.38
18.7,31.9,0.00,0.00,100,59.38,0,2.95,98,30.96,65,40.38
21.7,31.0,0.00,0.00,100,59.38,0,2.95,90,30.96,91,40.38
21.5,31.2,0.00,0.00,100,59.38,0,2.95,85,30.96,90,40.38
63.7,31.4,0.00,0.00,100,59.38,0,2.95,80,30.96,92,40.38
16.3,31.6,0.00,0.00,100,59.38,0,2.95,97,30.96,91,40.38
18.7,31.8,0.00,0.00,99,59.38,0,2.95,99,30.96,94,40.38
17.9,31.9,0.00,0.00,100,59.38,0,2.95,97,30.96,96,40.38
20.3,31.8,0.00,0.00,100,59.38,0,2.95,93,30.96,94,40.38
19.3,31.8,0.00,0.00,100,59.38,0,2.95,96,30.96,95,40.38
12.2,30.8,0.00,0.00,100,59.38,0,2.95,5,2.95,95,40.38
9.2,26.5,0.00,0.00,100,59.38,0,2.95,0,2.95,95,40.38
10.0,26.6,0.00,0.00,100,59.38,0,2.95,0,2.95,55,40.38
9.2,26.6,0.00,0.00,100,59.38,0,2.95,0,2.95,32,40.38
9.6,26.6,0.00,0.00,100,59.38,0,2.95,0,2.95,36,40.38
9.2,26.6,0.00,0.00,100,59.38,0,2.95,0,2.95,61,40.38
10.6,26.5,0.00,0.00,99,59.38,0,2.95,0,2.95,95,40.38
9.6,26.5,0.00,0.00,100,59.38,0,2.95,0,2.95,95,40.38
10.0,26.5,0.00,0.00,100,59.38,0,2.95,0,2.95,95,40.38
10.0,26.5,0.00,0.00,100,59.38,0,2.95,0,2.95,94,40.38
9.6,26.5,0.00,0.00,100,59.38,0,2.95,0,2.95,95,40.38
10.2,26.5,0.00,0.00,100,59.38,0,2.95,0,2.95,96,40.38
10.4,26.5,0.00,0.00,100,59.38,0,2.95,0,2.95,95,40.38
9.8,26.5,0.00,0.00,100,59.38,0,2.95,0,2.95,96,40.38
9.4,26.5,0.00,0.00,100,59.38,0,2.95,0,2.95,95,40.38
9.8,26.5,0.00,0.00,100,59.38,0,2.95,0,2.95,94,40.38
10.6,26.5,0.00,0.00,100,59.38,0,2.95,0,2.95,96,40.38
9.8,26.5,0.00,0.00,100,59.38,0,2.95,0,2.95,96,40.38
9.6,26.5,0.00,0.00,100,59.38,0,2.95,0,2.95,95,40.38
9.4,26.5,0.00,0.00,100,59.38,0,2.95,0,2.95,65,40.38
89.0,25.6,0.00,0.00,100,59.38,0,2.95,0,2.95,94,40.38
56.7,25.8,0.00,0.00,100,59.38,0,2.95,0,2.95,91,40.38
11.3,26.0,0.00,0.00,99,59.38,0,2.95,0,2.95,92,40.38
11.9,26.2,0.00,0.00,100,59.38,0,2.95,0,2.95,90,40.38
24.1,26.5,0.00,0.00,100,59.38,0,2.95,0,2.95,96,40.38
9.6,26.5,0.00,0.00,100,59.38,0,2.95,0,2.95,95,40.38
10.2,26.5,0.00,0.00,100,59.38,0,2.95,0,2.95,95,40.38
10.2,26.5,0.00,0.00,100,59.38,0,2.95,0,2.95,95,40.38
10.7,26.5,0.00,0.00,100,59.38,0,2.95,0,2.95,96,40.38
9.4,26.5,0.00,0.00,100,59.38,0,2.95,0,2.95,95,40.38
10.2,26.5,0.00,0.00,100,59.38,0,2.95,0,2.95,95,40.38
9.8,26.5,0.00,0.00,100,59.38,0,2.95,0,2.95,95,40.38
10.2,26.5,0.00,0.00,100,59.38,0,2.95,0,2.95,95,40.38
10.4,26.5,0.00,0.00,100,59.38,0,2.95,0,2.95,96,40.38
9.9,26.4,0.00,0.00,100,59.38,0,2.95,0,2.95,96,40.38
10.2,26.4,0.00,0.00,100,59.38,0,2.95,0,2.95,95,40.38
10.2,26.4,0.00,0.00,100,59.38,0,2.95,0,2.95,94,40.38
9.8,26.4,0.00,0.00,100,59.38,0,2.95,0,2.95,96,40.38
10.4,26.4,0.00,0.00,100,59.38,0,2.95,0,2.95,95,40.38
8.6,26.4,0.00,0.00,100,59.38,0,2.95,0,2.95,96,40.38
7.7,21.9,0.00,0.00,100,2.95,0,2.95,0,2.95,93,40.38
6.3,21.1,0.00,0.00,7,2.95,0,2.95,0,2.95,96,40.38
6.9,21.1,0.00,0.00,0,2.95,0,2.95,0,2.95,95,40.38
6.7,21.1,0.00,0.00,0,2.95,0,2.95,0,2.95,91,40.38
6.3,21.1,0.00,0.00,0,2.95,0,2.95,0,2.95,96,40.38
6.6,21.1,0.00,0.00,0,2.95,0,2.95,0,2.95,86,40.38
9.0,20.1,0.00,0.00,0,2.95,0,2.95,0,2.95,95,21.66
6.9,15.8,0.00,0.00,0,2.95,0,2.95,0,2.95,94,21.66
6.5,15.8,0.00,0.00,0,2.95,0,2.95,0,2.95,94,21.66
7.1,15.8,0.00,0.00,0,2.95,0,2.95,0,2.95,95,21.66
6.5,15.8,0.00,0.00,0,2.95,0,2.95,0,2.95,95,21.66
6.7,15.8,0.00,0.00,0,2.95,0,2.95,0,2.95,94,21.66
6.5,15.8,0.00,0.00,0,2.95,0,2.95,0,2.95,95,21.66
6.9,15.8,0.00,0.00,0,2.95,0,2.95,0,2.95,95,21.66
6.7,15.8,0.00,0.00,0,2.95,0,2.95,0,2.95,95,21.66
6.3,15.8,0.00,0.00,0,2.95,0,2.95,0,2.95,95,21.66
6.7,15.8,0.00,0.00,0,2.95,0,2.95,0,2.95,94,21.66
6.7,15.8,0.00,0.00,0,2.95,0,2.95,0,2.95,95,21.66
6.7,15.8,0.00,0.00,0,2.95,0,2.95,0,2.95,95,21.66
6.3,15.8,0.00,0.00,0,2.95,0,2.95,0,2.95,95,21.66
6.5,15.8,0.00,0.00,0,2.95,0,2.95,0,2.95,95,21.66
6.1,15.8,0.00,0.00,0,2.95,0,2.95,0,2.95,95,21.66
6.7,15.8,0.00,0.00,0,2.95,0,2.95,0,2.95,95,21.66
6.1,15.8,0.00,0.00,0,2.95,0,2.95,0,2.95,93,21.66
5.8,15.8,0.00,0.00,0,2.95,0,2.95,0,2.95,95,21.66
6.7,15.8,0.00,0.00,0,2.95,0,2.95,0,2.95,95,21.66
6.5,15.8,0.00,0.00,0,2.95,0,2.95,0,2.95,94,21.66
6.5,15.8,0.00,0.00,0,2.95,0,2.95,0,2.95,95,21.66
6.7,15.8,0.00,0.00,0,2.95,0,2.95,0,2.95,96,21.66
7.1,15.8,0.00,0.00,0,2.95,0,2.95,0,2.95,94,21.66
6.3,15.8,0.00,0.00,0,2.95,0,2.95,0,2.95,96,21.66
6.3,15.8,0.00,0.00,0,2.95,0,2.95,0,2.95,43,2.95
4038.95