0.8,8.1,0.00,0.00,0,2.95,0,2.95,0,2.95,0,2.95
3.2,8.1,0.00,0.00,0,2.95,0,2.95,0,2.95,0,2.95
2.7,8.1,0.00,0.00,0,2.95,0,2.95,0,2.95,0,2.95
4.2,8.1,0.00,0.00,0,2.95,0,2.95,0,2.95,0,2.95
0.4,8.1,0.00,0.00,0,2.95,0,2.95,0,2.95,0,2.95
0.6,8.1,0.00,0.00,0,2.95,0,2.95,0,2.95,0,2.95
4.6,8.3,0.00,0.00,0,2.95,0,2.95,0,2.95,0,2.95
4.8,8.4,0.00,0.00,0,2.95,0,2.95,0,2.95,0,2.95
8.6,9.0,0.00,0.00,0,2.95,0,2.95,0,2.95,0,2.95
5.8,9.4,0.00,0.00,0,2.95,0,2.95,0,2.95,0,2.95
3.8,9.6,0.00,0.00,0,2.95,0,2.95,0,2.95,0,2.95
6.4,12.2,0.00,0.00,0,2.95,0,2.95,0,3.1,0,2.95
13.7,14.8,0.00,0.00,2,7.77,4,14.41,7,15.44,0,2.95
12.3,15.9,0.00,0.00,20,28.94,9,28.94,0,28.94,0,2.95
14.3,17.0,0.00,0.00,0,28.94,0,28.94,0,28.94,0,2.95
20.2,17.7,0.00,0.00,0,28.94,0,28.94,0,28.94,0,10.18
11.0,20.6,0.00,0.00,0,28.94,0,28.94,0,28.94,7,19.7
24.5,22.8,0.00,0.00,0,28.94,0,28.94,0,28.94,0,19.7
24.6,23.7,0.00,0.00,0,28.94,0,28.94,0,28.94,0,19.7
10.7,24.3,0.00,0.00,0,28.94,0,28.94,0,28.94,0,19.7
8.8,25.2,0.00,0.00,0,28.94,0,28.94,0,28.94,0,19.7
25.3,25.9,0.00,0.00,0,29.01,0,31.45,0,41.27,0,19.7
48.4,28.7,0.00,0.00,14,57.65,85,57.65,99,57.65,0,19.7
14.1,28.9,0.00,0.00,100,57.65,100,57.65,100,57.65,0,19.7
12.6,29.1,0.00,0.00,100,57.65,100,57.65,97,57.65,0,19.7
22.9,29.3,0.00,0.00,100,57.65,100,57.65,100,57.65,6,25.7
12.1,30.3,0.00,0.00,100,57.65,99,57.65,100,57.65,83,27.36
11.9,30.5,0.00,0.00,100,57.65,100,57.65,100,57.65,87,27.36
28.7,30.8,0.00,0.00,100,57.65,100,57.65,100,57.65,86,27.36
44.2,30.9,0.00,0.00,100,57.65,100,57.65,100,57.65,81,27.36
18.1,31.1,0.00,0.00,100,57.65,100,57.65,100,57.65,80,27.36
17.2,31.3,0.00,0.00,100,57.65,100,57.65,100,57.65,77,27.36
17.0,31.4,0.00,0.00,100,57.65,100,57.65,100,57.65,81,27.36
15.2,31.7,0.00,0.00,99,57.65,100,57.65,100,57.65,87,27.36
13.3,31.8,0.00,0.00,100,57.65,100,57.65,100,57.65,86,27.36
11.9,32.0,0.00,0.00,100,57.65,100,57.65,100,57.65,86,27.36
14.9,32.0,0.00,0.00,100,57.65,100,57.65,100,57.65,84,27.36
15.7,32.0,0.00,0.00,100,57.65,100,57.65,100,57.65,84,27.36
13.9,32.0,0.00,0.00,100,57.65,100,57.65,100,57.65,84,27.36
10.6,31.9,0.00,0.00,100,57.65,100,57.65,100,57.65,88,27.36
12.1,31.9,0.00,0.00,100,57.65,100,57.65,100,57.65,87,27.36
15.5,31.9,0.00,0.00,100,57.65,100,57.65,99,57.65,86,27.36
14.5,32.0,0.00,0.00,100,57.65,100,57.65,99,57.65,84,27.36
13.9,32.0,0.00,0.00,100,57.65,100,57.65,100,57.65,85,27.36
16.0,32.0,0.00,0.00,100,57.65,100,57.65,99,57.65,84,27.36
12.9,31.9,0.00,0.00,100,57.65,100,57.65,100,57.65,89,27.36
10.2,31.9,0.00,0.00,100,57.65,100,57.65,100,57.65,87,27.36
9.8,31.9,0.00,0.00,100,57.65,100,57.65,100,57.65,86,27.36
14.8,32.0,0.00,0.00,100,57.65,100,57.65,100,57.65,83,27.36
16.1,32.0,0.00,0.00,100,57.65,100,57.65,100,57.65,82,27.36
15.3,32.0,0.00,0.00,100,57.65,100,57.65,100,57.65,83,27.36
10.6,31.9,0.00,0.00,99,57.65,100,57.65,100,57.65,77,27.36
9.0,31.9,0.00,0.00,100,57.65,100,57.65,100,57.65,87,27.36
13.4,31.9,0.00,0.00,100,57.65,100,57.65,100,57.65,85,27.36
14.0,32.0,0.00,0.00,100,57.65,100,57.65,100,57.65,84,27.36
16.6,32.0,0.00,0.00,100,57.65,100,57.65,100,57.65,82,27.36
15.9,32.0,0.00,0.00,100,57.65,100,57.65,100,57.65,85,27.36
15.7,32.0,0.00,0.00,100,57.65,100,57.65,99,57.65,86,27.36
10.4,31.9,0.00,0.00,100,57.65,100,57.65,99,57.65,85,27.36
10.8,31.9,0.00,0.00,100,57.65,100,57.65,99,57.65,85,27.36
14.2,31.9,0.00,0.00,100,57.65,100,57.65,100,57.65,87,27.36
15.2,32.0,0.00,0.00,100,57.65,100,57.65,100,57.65,82,27.36
15.2,32.0,0.00,0.00,100,57.65,100,57.65,100,57.65,80,27.36
15.0,32.0,0.00,0.00,100,57.65,100,57.65,100,57.65,83,27.36
16.0,32.0,0.00,0.00,100,57.65,100,57.65,100,57.65,86,27.36
11.1,31.9,0.00,0.00,100,57.65,100,57.65,100,57.65,85,27.36
10.3,32.0,0.00,0.00,100,57.65,100,57.65,100,57.65,87,27.36
13.7,32.0,0.00,0.00,100,57.65,100,57.65,100,57.65,84,27.36
14.5,32.0,0.00,0.00,100,57.65,100,57.65,100,57.65,83,27.36
17.2,32.0,0.00,0.00,100,57.65,100,57.65,100,57.65,83,27.36
14.0,32.0,0.00,0.00,100,57.65,100,57.65,100,57.65,82,27.36
12.7,32.0,0.00,0.00,100,57.65,100,57.65,100,57.65,86,27.36
12.3,32.0,0.00,0.00,100,57.65,100,57.65,100,57.65,85,27.36
14.3,32.0,0.00,0.00,100,57.65,100,57.65,100,57.65,82,27.36
17.0,32.0,0.00,0.00,100,57.65,100,57.65,100,57.65,80,27.36
14.8,32.0,0.00,0.00,100,57.65,100,57.65,100,57.65,82,27.36
15.0,32.0,0.00,0.00,100,57.65,100,57.65,100,57.65,85,27.36
14.9,32.0,0.00,0.00,100,57.65,100,57.65,100,57.65,82,27.36
16.6,32.0,0.00,0.00,100,57.65,100,57.65,100,57.65,84,27.36
14.5,32.0,0.00,0.00,100,57.65,100,57.65,100,57.65,86,27.36
10.8,31.9,0.00,0.00,100,57.65,100,57.65,100,57.65,87,27.36
13.3,31.9,0.00,0.00,100,57.65,100,57.65,100,57.65,84,27.36
12.5,31.9,0.00,0.00,100,57.65,100,57.65,100,57.65,87,27.36
16.1,31.9,0.00,0.00,100,57.65,100,57.65,99,57.65,82,27.36
15.2,31.9,0.00,0.00,100,57.65,100,57.65,100,57.65,82,27.36
15.2,31.9,0.00,0.00,100,57.65,100,57.65,100,57.65,82,27.36
12.0,31.9,0.00,0.00,100,57.65,100,57.65,100,57.65,87,27.36
10.4,31.9,0.00,0.00,100,57.65,100,57.65,100,57.65,85,27.36
13.2,31.9,0.00,0.00,100,57.65,100,57.65,100,57.65,85,27.36
13.5,31.9,0.00,0.00,100,57.65,100,57.65,53,57.65,83,27.36
13.2,27.4,0.00,0.00,0,57.65,0,57.65,0,57.65,84,27.36
11.3,27.9,0.00,0.00,0,57.65,0,57.65,0,57.65,79,27.36
10.8,28.4,0.00,0.00,0,57.65,0,57.65,0,57.65,83,27.36
9.0,29.1,0.00,0.00,0,57.65,0,57.65,0,57.65,77,27.36
9.6,29.7,0.00,0.00,0,57.65,0,57.65,0,57.65,79,27.36
12.0,30.4,0.00,0.00,0,57.65,0,57.65,0,57.65,78,27.36
17.4,30.8,0.00,0.00,0,57.65,0,57.65,0,57.65,71,27.36
11.4,31.5,0.00,0.00,0,57.65,0,57.65,0,57.65,74,27.36
19.8,31.8,0.00,0.00,0,57.65,0,57.65,0,57.65,84,27.36
11.5,32.0,0.00,0.00,64,57.65,100,57.65,100,57.65,84,27.36
13.3,32.0,0.00,0.00,100,57.65,100,57.65,100,57.65,86,27.36
14.4,32.0,0.00,0.00,100,57.65,100,57.65,100,57.65,83,27.36
14.3,32.0,0.00,0.00,100,57.65,100,57.65,100,57.65,87,27.36
15.2,32.0,0.00,0.00,100,57.65,100,57.65,100,57.65,83,27.36
15.5,32.0,0.00,0.00,100,57.65,100,57.65,100,57.65,85,27.36
9.8,32.0,0.00,0.00,100,57.65,100,57.65,100,57.65,87,27.36
10.9,32.0,0.00,0.00,100,57.65,100,57.65,100,57.65,88,27.36
13.9,32.0,0.00,0.00,100,57.65,100,57.65,100,57.65,85,27.36
12.9,32.0,0.00,0.00,100,57.65,100,57.65,100,57.65,5,29.68
15.7,31.2,0.00,0.00,100,57.65,100,57.65,100,57.65,62,35.66
18.2,31.4,0.00,0.00,100,57.65,100,57.65,100,57.65,55,35.66
12.5,31.5,0.00,0.00,100,57.65,100,57.65,100,57.65,58,35.66
15.0,31.8,0.00,0.00,100,57.65,100,57.65,100,57.65,62,35.66
15.1,31.9,0.00,0.00,100,57.65,100,57.65,100,57.65,57,35.66
17.7,32.2,0.00,0.00,100,57.65,100,57.65,100,57.65,56,35.66
17.3,32.3,0.00,0.00,99,57.65,100,57.65,100,57.65,55,35.66
17.3,32.5,0.00,0.00,100,57.65,97,57.65,100,57.65,59,35.66
25.1,32.6,0.00,0.00,100,57.65,100,57.65,100,57.65,60,35.66
12.9,32.7,0.00,0.00,100,57.65,100,57.65,100,57.65,59,35.66
10.0,32.7,0.00,0.00,100,57.65,100,57.65,100,57.65,56,35.66
16.0,32.8,0.00,0.00,100,57.65,100,57.65,100,57.65,56,35.66
14.6,32.8,0.00,0.00,100,57.65,100,57.65,100,57.65,57,35.66
15.1,32.7,0.00,0.00,100,57.65,100,57.65,100,57.65,57,35.66
11.0,32.7,0.00,0.00,100,57.65,100,57.65,100,57.65,63,35.66
12.1,32.7,0.00,0.00,100,57.65,100,57.65,100,57.65,64,35.66
12.8,32.7,0.00,0.00,100,57.65,100,57.65,100,57.65,55,35.66
16.5,32.7,0.00,0.00,100,57.65,100,57.65,100,57.65,57,35.66
15.6,32.7,0.00,0.00,100,57.65,100,57.65,100,57.65,56,35.66
15.8,32.7,0.00,0.00,100,57.65,100,57.65,100,57.65,57,35.66
10.0,32.7,0.00,0.00,100,57.65,100,57.65,100,57.65,59,35.66
13.3,32.7,0.00,0.00,100,57.65,100,57.65,100,57.65,58,35.66
10.9,32.7,0.00,0.00,100,57.65,100,57.65,100,57.65,63,35.66
14.2,32.8,0.00,0.00,100,57.65,100,57.65,100,57.65,57,35.66
14.9,32.8,0.00,0.00,100,57.65,100,57.65,100,57.65,56,35.66
15.0,32.8,0.00,0.00,100,57.65,100,57.65,100,57.65,57,35.66
13.2,32.7,0.00,0.00,100,57.65,100,57.65,100,57.65,58,35.66
12.1,32.7,0.00,0.00,100,57.65,100,57.65,100,57.65,64,35.66
10.0,32.7,0.00,0.00,100,57.65,100,57.65,100,57.65,65,35.66
15.0,32.7,0.00,0.00,100,57.65,100,57.65,100,57.65,57,35.66
15.4,32.7,0.00,0.00,100,57.65,100,57.65,100,57.65,56,35.66
14.6,32.8,0.00,0.00,100,57.65,100,57.65,100,57.65,58,35.66
15.9,32.7,0.00,0.00,100,57.65,100,57.65,100,57.65,57,35.66
11.3,32.7,0.00,0.00,100,57.65,100,57.65,100,57.65,58,35.66
10.0,32.7,0.00,0.00,100,57.65,100,57.65,100,57.65,63,35.66
14.5,32.8,0.00,0.00,100,57.65,100,57.65,100,57.65,57,35.66
14.1,32.8,0.00,0.00,100,57.65,100,57.65,100,57.65,58,35.66
15.0,32.7,0.00,0.00,100,57.65,100,57.65,100,57.65,58,35.66
16.5,32.8,0.00,0.00,100,57.65,100,57.65,100,57.65,57,35.66
10.2,32.7,0.00,0.00,100,57.65,100,57.65,100,57.65,58,35.66
9.8,32.7,0.00,0.00,100,57.65,100,57.65,100,57.65,62,35.66
11.9,32.7,0.00,0.00,100,57.65,100,57.65,100,57.65,57,35.66
14.9,32.8,0.00,0.00,100,57.65,100,57.65,100,57.65,57,35.66
14.1,32.7,0.00,0.00,100,57.65,100,57.65,100,57.65,56,35.66
14.7,32.7,0.00,0.00,100,57.65,100,57.65,100,57.65,57,35.66
15.8,32.7,0.00,0.00,100,57.65,100,57.65,100,57.65,58,35.66
11.1,32.7,0.00,0.00,100,57.65,100,57.65,100,57.65,58,35.66
9.6,32.7,0.00,0.00,100,57.65,100,57.65,100,57.65,58,35.66
14.2,32.8,0.00,0.00,100,57.65,100,57.65,100,57.65,56,35.66
15.3,32.8,0.00,0.00,100,57.65,100,57.65,100,57.65,60,35.66
14.6,32.8,0.00,0.00,100,57.65,100,57.65,100,57.65,60,35.66
9.6,32.7,0.00,0.00,100,57.65,100,57.65,100,57.65,66,35.66
10.9,32.7,0.00,0.00,100,57.65,100,57.65,100,57.65,62,35.66
13.2,32.7,0.00,0.00,100,57.65,100,57.65,100,57.65,64,35.66
14.3,32.8,0.00,0.00,100,57.65,100,57.65,100,57.65,61,35.66
14.6,32.8,0.00,0.00,100,57.65,100,57.65,100,57.65,57,35.66
13.9,32.8,0.00,0.00,100,57.65,100,57.65,100,57.65,56,35.66
14.0,32.7,0.00,0.00,100,57.65,100,57.65,100,57.65,62,35.66
14.2,32.7,0.00,0.00,100,57.65,100,57.65,100,57.65,59,35.66
9.6,32.7,0.00,0.00,100,57.65,100,57.65,63,57.65,67,35.66
12.4,28.0,0.00,0.00,3,57.65,7,57.65,0,57.65,55,35.66
12.8,28.6,0.00,0.00,0,57.65,0,57.65,0,57.65,54,35.66
19.4,29.0,0.00,0.00,0,57.65,0,57.65,0,57.65,53,35.66
10.2,29.7,0.00,0.00,0,57.65,0,57.65,0,57.65,60,35.66
10.9,30.2,0.00,0.00,0,57.65,0,57.65,0,57.65,51,35.66
13.4,31.0,0.00,0.00,0,57.65,0,57.65,0,57.65,50,35.66
11.2,31.3,0.00,0.00,0,57.65,0,57.65,0,57.65,63,35.66
46.7,32.1,0.00,0.00,0,57.65,0,57.65,0,57.65,58,35.66
12.9,32.5,0.00,0.00,0,57.65,0,57.65,0,57.65,59,35.66
14.4,32.9,0.00,0.00,11,57.65,91,57.65,89,57.65,59,35.66
14.3,32.9,0.00,0.00,99,57.65,100,57.65,100,57.65,62,35.66
12.9,32.8,0.00,0.00,100,57.65,100,57.65,100,57.65,59,35.66
10.4,32.8,0.00,0.00,100,57.65,100,57.65,100,57.65,62,35.66
15.2,32.8,0.00,0.00,100,57.65,100,57.65,100,57.65,60,35.66
14.2,32.9,0.00,0.00,100,57.65,100,57.65,100,57.65,56,35.66
15.6,32.9,0.00,0.00,100,57.65,100,57.65,100,57.65,56,35.66
15.0,32.9,0.00,0.00,100,57.65,100,57.65,100,57.65,58,35.66
9.6,32.8,0.00,0.00,100,57.65,100,57.65,100,57.65,63,35.66
10.6,32.8,0.00,0.00,100,57.65,100,57.65,100,57.65,67,35.66
13.1,32.8,0.00,0.00,100,57.65,100,57.65,100,57.65,66,35.66
14.1,32.8,0.00,0.00,100,57.65,100,57.65,100,57.65,61,35.66
15.7,32.8,0.00,0.00,100,57.65,100,57.65,100,57.65,58,35.66
16.0,32.8,0.00,0.00,100,57.65,100,57.65,100,57.65,61,35.66
10.9,32.8,0.00,0.00,100,57.65,100,57.65,100,57.65,62,35.66
10.2,32.8,0.00,0.00,100,57.65,100,57.65,100,57.65,66,35.66
11.8,32.8,0.00,0.00,100,57.65,100,57.65,100,57.65,61,35.66
15.2,32.8,0.00,0.00,100,57.65,100,57.65,100,57.65,57,35.66
15.7,32.8,0.00,0.00,100,57.65,100,57.65,100,57.65,58,35.66
14.2,32.8,0.00,0.00,100,57.65,100,57.65,100,57.65,58,35.66
11.0,32.8,0.00,0.00,100,57.65,100,57.65,100,57.65,61,35.66
13.3,32.8,0.00,0.00,100,57.65,100,57.65,100,57.65,61,35.66
12.0,32.8,0.00,0.00,100,57.65,100,57.65,100,57.65,61,35.66
14.6,32.8,0.00,0.00,100,57.65,100,57.65,100,57.65,57,35.66
15.0,32.8,0.00,0.00,100,57.65,100,57.65,100,57.65,57,35.74
19.5,32.8,0.00,0.00,100,57.65,100,57.65,100,57.65,24,35.74
19.3,31.4,0.00,0.00,100,57.65,100,57.65,100,57.65,91,35.74
13.8,31.6,0.00,0.00,100,57.65,100,57.65,100,57.65,93,35.74
12.7,31.8,0.00,0.00,100,57.65,100,57.65,100,57.65,93,35.74
16.5,32.0,0.00,0.00,100,57.65,100,57.65,100,57.65,91,35.74
16.5,32.2,0.00,0.00,100,57.65,100,57.65,100,57.65,90,35.74
17.9,32.4,0.00,0.00,100,57.65,100,57.65,100,57.65,86,35.74
17.3,32.5,0.00,0.00,100,57.65,100,57.65,100,57.65,84,35.74
16.1,32.7,0.00,0.00,100,57.65,100,57.65,100,57.65,88,35.74
23.8,32.8,0.00,0.00,100,57.65,100,57.65,100,57.65,94,35.74
14.1,32.9,0.00,0.00,100,57.65,100,57.65,100,57.65,90,35.74
15.3,32.9,0.00,0.00,100,57.65,100,57.65,100,57.65,92,35.74
15.1,32.9,0.00,0.00,100,57.65,100,57.65,100,57.65,92,35.74
14.9,32.8,0.00,0.00,100,57.65,100,57.65,100,57.65,91,35.74
13.1,32.8,0.00,0.00,100,57.65,100,57.65,100,57.65,95,35.74
10.0,32.8,0.00,0.00,100,57.65,100,57.65,100,57.65,94,35.74
9.8,32.8,0.00,0.00,100,57.65,100,57.65,100,57.65,93,35.74
14.8,32.8,0.00,0.00,100,57.65,100,57.65,100,57.65,91,35.74
15.4,32.8,0.00,0.00,100,57.65,100,57.65,100,57.65,91,35.74
14.5,32.8,0.00,0.00,100,57.65,100,57.65,100,57.65,91,35.74
9.0,32.7,0.00,0.00,100,57.65,100,57.65,100,57.65,93,35.74
11.1,32.7,0.00,0.00,100,57.65,100,57.65,100,57.65,91,35.74
12.3,32.7,0.00,0.00,100,57.65,100,57.65,100,57.65,94,35.74
16.4,32.8,0.00,0.00,100,57.65,100,57.65,100,57.65,92,35.74
15.8,32.8,0.00,0.00,100,57.65,100,57.65,100,57.65,92,35.74
14.9,32.8,0.00,0.00,100,57.65,100,57.65,100,57.65,93,35.74
13.7,32.8,0.00,0.00,100,57.65,100,57.65,100,57.65,93,35.74
11.5,32.8,0.00,0.00,100,57.65,100,57.65,100,57.65,94,35.74
9.8,32.8,0.00,0.00,100,57.65,100,57.65,100,57.65,95,35.74
14.8,32.8,0.00,0.00,100,57.65,100,57.65,100,57.65,90,35.74
15.1,32.8,0.00,0.00,100,57.65,100,57.65,100,57.65,92,35.74
15.2,32.8,0.00,0.00,100,57.65,100,57.65,100,57.65,92,35.74
10.4,32.8,0.00,0.00,100,57.65,100,57.65,100,57.65,92,35.74
12.6,32.8,0.00,0.00,100,57.65,100,57.65,100,57.65,93,35.74
13.2,32.8,0.00,0.00,100,57.65,100,57.65,100,57.65,93,35.74
16.2,32.8,0.00,0.00,100,57.65,100,57.65,100,57.65,94,35.74
15.7,32.8,0.00,0.00,100,57.65,100,57.65,100,57.65,93,35.74
14.3,32.8,0.00,0.00,100,57.65,100,57.65,100,57.65,92,35.74
10.3,32.8,0.00,0.00,100,57.65,100,57.65,100,57.65,94,35.74
12.6,32.8,0.00,0.00,100,57.65,100,57.65,100,57.65,96,35.74
10.0,32.8,0.00,0.00,100,57.65,100,57.65,100,57.65,95,35.74
14.9,32.8,0.00,0.00,100,57.65,100,57.65,100,57.65,92,35.74
14.6,32.8,0.00,0.00,100,57.65,100,57.65,100,57.65,91,35.74
15.2,32.8,0.00,0.00,100,57.65,100,57.65,100,57.65,92,35.74
18.3,32.8,0.00,0.00,100,57.65,100,57.65,100,57.65,94,35.74
11.0,32.8,0.00,0.00,100,57.65,100,57.65,100,57.65,94,35.74
10.0,32.8,0.00,0.00,100,57.65,100,57.65,100,57.65,95,35.74
12.9,32.8,0.00,0.00,100,57.65,100,57.65,100,57.65,92,35.74
12.8,27.9,0.00,0.00,40,57.6,0,2.95,10,2.95,94,35.74
6.3,18.3,0.00,0.00,9,2.95,0,2.95,0,2.95,95,35.74
2.7,18.3,0.00,0.00,0,2.95,0,2.95,0,2.95,94,35.74
12.1,19.0,0.00,0.00,0,2.95,0,2.95,0,2.95,90,35.74
11.9,19.6,0.00,0.00,0,2.95,0,2.95,0,2.95,93,35.74
22.1,21.1,0.00,0.00,0,2.95,0,2.95,0,2.95,95,35.74
71.5,22.1,0.00,0.00,0,2.95,0,2.95,0,2.95,84,35.74
9.9,22.8,0.00,0.00,0,2.95,0,2.95,0,2.95,95,35.74
21.9,23.3,0.00,0.00,0,3.1,0,6.86,3,9.69,94,45.09
22.9,33.2,0.00,0.00,3,11.42,9,18.26,8,20.58,93,53.36
91.4,37.8,0.00,0.00,12,37.54,0,20.58,0,20.58,96,53.36
67.5,38.5,0.00,0.00,0,37.54,0,20.58,0,20.58,88,53.36
14.7,39.3,0.00,0.00,0,37.54,0,20.58,0,20.58,89,53.36
83.3,40.0,0.00,0.00,0,37.54,0,20.58,0,20.58,81,53.36
59.8,40.7,0.00,0.00,0,37.54,0,20.58,0,20.58,85,53.36
66.9,41.6,0.00,0.00,0,37.54,0,20.58,0,20.58,82,53.36
13.1,42.4,0.00,0.00,0,37.54,0,20.58,0,20.58,92,53.36
45.1,43.3,0.00,0.00,0,37.54,0,20.58,0,20.58,82,53.36
33.8,44.3,0.00,0.00,1,45.43,0,20.92,0,22.19,89,55.37
37.2,48.1,0.00,0.00,51,45.82,31,34.42,35,35.44,100,68.26
22.7,48.8,0.00,0.00,52,45.82,93,35.44,93,35.44,100,68.26
23.7,49.7,0.00,0.00,46,45.82,93,35.44,95,35.44,98,68.26
22.0,50.4,0.00,0.00,50,45.82,87,35.44,93,35.44,96,68.26
27.2,51.1,0.00,0.00,47,45.82,91,35.44,96,35.44,100,68.26
24.6,51.9,0.00,0.00,45,45.82,81,35.44,94,35.44,93,68.26
25.3,52.4,0.00,0.00,49,45.82,92,35.44,83,35.44,97,68.26
24.4,53.3,0.00,0.00,39,45.82,93,35.44,92,35.44,100,68.26
70.6,53.8,0.00,0.00,50,45.82,82,35.44,85,35.44,100,68.26
21.0,54.4,0.00,0.00,55,45.82,93,35.44,86,35.44,100,68.26
16.9,54.6,0.00,0.00,59,45.82,90,35.44,91,35.44,100,68.26
12.6,54.5,0.00,0.00,59,45.82,96,35.44,92,35.44,100,68.26
16.8,54.5,0.00,0.00,57,45.82,97,35.44,93,35.44,100,68.26
17.2,54.5,0.00,0.00,59,45.82,97,35.44,96,35.44,100,68.26
17.5,54.6,0.00,0.00,62,45.82,89,35.44,95,35.44,100,68.26
17.9,54.5,0.00,0.00,50,45.82,92,35.44,96,35.44,99,68.26
16.4,54.5,0.00,0.00,55,45.82,91,35.44,92,35.44,100,68.26
15.7,54.5,0.00,0.00,58,45.82,93,35.44,92,35.44,100,68.26
12.6,54.5,0.00,0.00,58,45.82,94,35.44,93,35.44,100,68.26
12.5,54.5,0.00,0.00,60,45.82,97,35.44,96,35.44,100,68.26
15.3,54.5,0.00,0.00,64,45.82,96,35.44,96,35.44,100,68.26
15.1,54.5,0.00,0.00,58,45.82,93,35.44,96,35.44,100,68.26
14.1,54.5,0.00,0.00,62,45.82,93,35.44,97,35.44,100,68.26
14.9,54.5,0.00,0.00,57,45.82,92,35.44,94,35.44,100,68.26
15.5,54.5,0.00,0.00,62,45.82,95,35.44,96,35.44,100,68.26
17.0,54.5,0.00,0.00,52,45.82,97,35.44,96,35.44,100,68.26
16.7,54.5,0.00,0.00,53,45.82,96,35.44,96,35.44,100,68.26
12.5,54.5,0.00,0.00,51,45.82,93,35.44,93,35.44,100,68.26
12.9,54.5,0.00,0.00,57,45.82,97,35.44,93,35.44,100,68.26
13.4,54.5,0.00,0.00,61,45.82,97,35.44,96,35.44,100,68.26
11.5,54.4,0.00,0.00,50,45.82,97,35.44,97,35.44,100,68.26
19.0,54.4,0.00,0.00,57,45.82,94,35.44,89,35.44,97,68.26
15.4,53.0,0.00,0.00,59,45.82,85,35.44,85,35.44,100,68.26
16.6,53.1,0.00,0.00,54,45.82,93,35.44,91,35.44,100,68.26
15.2,53.4,0.00,0.00,50,45.82,89,35.44,87,35.44,100,68.26
16.0,53.5,0.00,0.00,58,45.82,87,35.44,91,35.44,100,68.26
15.8,53.8,0.00,0.00,59,45.82,88,35.44,92,35.44,96,68.26
15.2,54.0,0.00,0.00,61,45.82,87,35.44,91,35.44,100,68.26
15.2,54.2,0.00,0.00,66,45.82,88,35.44,92,35.44,97,68.26
15.7,54.4,0.00,0.00,62,45.82,86,35.44,89,35.44,100,68.26
16.5,54.4,0.00,0.00,62,45.82,91,35.44,89,35.44,100,68.26
13.7,54.4,0.00,0.00,63,45.82,92,35.44,83,35.44,100,68.26
17.3,54.4,0.00,0.00,59,45.82,93,35.44,91,35.44,100,68.26
17.5,54.5,0.00,0.00,55,45.82,93,35.44,91,35.44,100,68.26
18.1,54.5,0.00,0.00,52,45.82,86,35.44,88,35.44,100,68.26
17.4,54.5,0.00,0.00,54,45.82,87,35.44,88,35.44,100,68.26
12.5,54.4,0.00,0.00,55,45.82,87,35.44,84,35.44,100,68.26
17.0,54.4,0.00,0.00,49,45.82,93,35.44,92,35.44,100,68.26
13.2,54.4,0.00,0.00,60,45.82,93,35.44,92,35.44,100,68.26
14.2,54.4,0.00,0.00,61,45.82,94,35.44,92,35.44,100,68.26
12.1,54.4,0.00,0.00,61,45.82,79,35.44,92,35.44,100,68.26
12.7,54.4,0.00,0.00,56,45.82,92,35.44,91,35.44,100,68.26
18.5,54.4,0.00,0.00,60,45.82,93,35.44,91,35.44,92,68.26
12.9,54.4,0.00,0.00,59,45.82,95,35.44,93,35.44,100,68.26
15.9,54.4,0.00,0.00,59,45.82,94,35.44,86,35.44,100,68.26
11.5,54.4,0.00,0.00,61,45.82,80,35.44,90,35.44,100,68.26
14.6,54.4,0.00,0.00,58,45.82,81,35.44,89,35.44,100,68.26
13.4,54.4,0.00,0.00,60,45.82,78,35.44,92,35.44,100,68.26
14.8,54.4,0.00,0.00,62,45.82,78,35.44,91,35.44,100,68.26
15.1,54.4,0.00,0.00,59,45.82,79,35.44,91,35.44,100,68.26
16.5,54.4,0.00,0.00,61,45.82,79,35.44,91,35.44,100,68.26
12.4,54.4,0.00,0.00,52,45.82,79,35.44,89,35.44,100,68.26
14.6,54.4,0.00,0.00,60,45.82,90,35.44,89,35.44,100,68.26
14.4,54.4,0.00,0.00,58,45.82,89,35.44,90,35.44,100,68.26
11.7,54.4,0.00,0.00,63,45.82,94,35.44,93,35.44,100,68.26
18.1,54.4,0.00,0.00,61,45.82,91,35.44,91,35.44,100,68.26
11.9,54.4,0.00,0.00,61,45.82,93,35.44,90,35.44,100,68.26
17.6,54.4,0.00,0.00,58,45.82,93,35.44,90,35.44,100,68.26
12.5,54.4,0.00,0.00,59,45.82,91,35.44,92,35.44,100,68.26
17.3,54.4,0.00,0.00,57,45.82,95,35.44,92,35.44,100,68.26
12.9,54.4,0.00,0.00,57,45.82,94,35.44,90,35.44,100,68.26
14.2,54.4,0.00,0.00,61,45.82,82,35.44,92,35.44,100,68.26
13.8,54.4,0.00,0.00,51,45.82,93,35.44,91,35.44,100,68.26
13.1,54.4,0.00,0.00,53,45.82,93,35.44,90,35.44,100,68.26
20.3,54.4,0.00,0.00,60,45.82,92,35.44,92,35.44,100,68.26
12.3,54.4,0.00,0.00,63,45.82,93,35.44,92,35.44,100,68.26
13.6,54.4,0.00,0.00,61,45.82,93,35.44,92,35.44,100,68.26
16.5,54.4,0.00,0.00,59,45.82,94,35.44,91,35.44,100,68.26
12.3,54.4,0.00,0.00,54,45.82,93,35.44,92,35.44,100,68.26
13.7,54.4,0.00,0.00,58,45.82,93,35.44,92,35.44,100,68.26
13.3,54.4,0.00,0.00,61,45.82,93,35.44,92,35.59,100,68.4
31.7,54.4,0.00,0.00,61,45.82,0,37.35,11,43.48,64,76.68
21.7,52.4,0.00,0.00,51,45.82,14,43.87,67,43.87,90,76.68
20.2,52.8,0.00,0.00,48,45.82,69,43.87,66,43.87,92,76.68
21.9,53.6,0.00,0.00,45,45.82,62,43.87,68,43.87,90,76.68
19.7,54.0,0.00,0.00,54,45.82,58,43.87,57,43.87,95,76.68
23.2,54.8,0.00,0.00,42,45.82,78,43.87,60,43.87,97,76.68
21.9,55.2,0.00,0.00,43,45.82,68,43.87,61,43.87,94,76.68
22.1,56.0,0.00,0.00,52,45.82,67,43.87,61,43.87,96,76.68
22.6,56.4,0.00,0.00,54,45.82,68,43.87,64,43.87,96,76.68
14.8,56.8,0.00,0.00,57,45.82,81,43.87,76,43.87,96,76.68
15.9,56.8,0.00,0.00,63,45.82,82,43.87,75,43.87,93,76.68
14.4,56.8,0.00,0.00,59,45.89,72,43.87,62,43.87,97,76.68
16.1,56.1,0.00,0.00,3,74.6,77,43.87,70,43.87,95,76.68
18.4,56.3,0.00,0.00,100,74.6,68,43.87,74,43.87,96,76.68
18.4,56.5,0.00,0.00,100,74.6,71,43.87,67,43.87,97,76.68
17.0,56.7,0.00,0.00,100,74.6,77,43.87,58,43.87,97,76.68
18.1,57.0,0.00,0.00,98,74.6,59,43.87,65,43.87,95,76.68
16.6,57.1,0.00,0.00,100,74.6,77,43.87,66,43.87,97,76.68
17.5,57.4,0.00,0.00,100,74.6,67,43.87,70,43.87,96,76.68
16.5,57.5,0.00,0.00,99,74.6,71,43.87,67,43.87,96,76.68
15.8,57.6,0.00,0.00,100,74.6,76,43.87,75,43.87,97,76.68
16.4,57.6,0.00,0.00,100,74.6,76,43.87,70,43.87,97,76.68
17.4,57.6,0.00,0.00,100,74.6,79,43.87,65,43.87,94,76.68
15.3,57.6,0.00,0.00,100,74.6,78,43.87,71,43.87,97,76.68
14.6,57.6,0.00,0.00,100,74.6,76,43.87,74,43.87,89,76.68
13.5,57.6,0.00,0.00,100,74.6,81,43.87,76,43.87,92,76.68
15.4,57.6,0.00,0.00,100,74.6,77,43.87,69,43.87,97,76.68
16.0,57.6,0.00,0.00,100,74.6,75,43.87,67,43.87,96,76.68
14.6,57.6,0.00,0.00,100,74.6,77,43.87,72,43.87,97,76.68
16.1,57.6,0.00,0.00,100,74.6,65,43.87,69,43.87,91,76.68
15.7,57.6,0.00,0.00,100,74.6,78,43.87,69,43.87,96,76.68
14.8,57.6,0.00,0.00,100,74.6,81,43.87,64,43.87,97,76.68
15.6,57.6,0.00,0.00,100,74.6,76,43.87,62,43.87,97,76.68
16.9,57.6,0.00,0.00,100,74.6,76,43.87,67,43.87,97,76.68
14.6,57.6,0.00,0.00,100,74.6,74,43.87,64,43.87,97,76.68
16.1,57.6,0.00,0.00,100,74.6,72,43.87,64,43.87,95,76.68
17.6,57.6,0.00,0.00,100,74.6,73,43.87,64,43.87,97,76.68
30.2,56.4,0.00,0.00,100,74.6,35,43.87,21,43.87,92,76.68
24.3,53.5,0.00,0.00,94,74.6,79,43.87,87,43.87,87,76.68
34.9,53.9,0.00,0.00,100,74.6,73,43.87,85,43.87,90,76.68
20.2,54.7,0.00,0.00,98,74.6,85,43.87,84,43.87,92,76.68
26.2,55.1,0.00,0.00,100,74.6,86,43.87,77,43.87,96,76.68
17.7,55.9,0.00,0.00,100,74.6,86,43.87,66,43.87,95,76.68
29.6,56.4,0.00,0.00,100,74.6,92,43.87,83,43.87,92,76.68
17.1,57.1,0.00,0.00,99,74.6,90,43.87,89,43.87,95,76.68
21.5,57.6,0.00,0.00,99,74.6,79,43.87,90,43.87,100,76.68
15.0,57.7,0.00,0.00,100,74.6,81,43.87,90,43.87,100,76.68
11.9,57.7,0.00,0.00,100,74.6,81,43.87,89,43.87,99,76.68
12.5,57.7,0.00,0.00,100,74.6,93,43.87,89,43.87,100,76.68
12.9,57.7,0.00,0.00,100,74.6,87,43.87,90,43.87,100,76.68
18.2,57.7,0.00,0.00,100,74.6,89,43.87,91,43.87,100,76.68
13.1,57.7,0.00,0.00,100,74.6,92,43.87,92,43.87,100,76.68
11.7,57.7,0.00,0.00,100,74.6,92,43.87,89,43.87,100,76.68
16.8,57.7,0.00,0.00,100,74.6,93,43.87,88,43.87,100,76.68
11.9,57.7,0.00,0.00,100,74.6,92,43.87,90,43.87,100,76.68
10.8,57.7,0.00,0.00,100,74.6,83,43.87,89,43.87,96,76.68
15.9,56.2,0.00,0.00,100,74.6,81,43.87,97,43.87,100,76.68
17.7,56.4,0.00,0.00,100,74.6,95,43.87,95,43.87,100,76.68
16.4,56.7,0.00,0.00,100,74.6,89,43.87,95,43.87,98,76.68
18.0,56.8,0.00,0.00,100,74.6,91,43.87,93,43.87,100,76.68
16.3,57.1,0.00,0.00,99,74.6,95,43.87,96,43.87,100,76.68
15.5,57.2,0.00,0.00,100,74.6,97,43.87,97,43.87,100,76.68
14.6,57.5,0.00,0.00,100,74.6,97,43.87,97,43.87,99,76.68
15.9,57.7,0.00,0.00,100,74.6,96,43.87,97,43.87,100,76.68
15.7,57.7,0.00,0.00,100,74.6,97,43.87,96,43.87,100,76.68
13.0,57.7,0.00,0.00,100,74.6,96,43.87,95,43.87,100,76.68
11.7,57.7,0.00,0.00,100,74.6,97,43.87,93,43.87,100,76.68
13.1,57.7,0.00,0.00,100,74.6,97,43.87,92,43.87,100,76.68
15.0,57.7,0.00,0.00,100,74.6,97,43.87,93,43.87,100,76.68
11.7,57.7,0.00,0.00,100,74.6,97,43.87,96,43.87,100,76.68
12.7,57.7,0.00,0.00,100,74.6,97,43.87,96,43.87,100,76.68
13.5,57.7,0.00,0.00,100,74.6,97,43.87,96,43.87,100,76.68
13.1,57.7,0.00,0.00,100,74.6,94,43.87,93,43.87,100,76.68
12.5,57.7,0.00,0.00,100,74.6,95,43.87,96,43.87,100,76.68
14.2,57.7,0.00,0.00,100,74.6,86,43.87,96,43.87,100,76.68
12.1,57.7,0.00,0.00,100,74.6,94,43.87,95,43.87,100,76.68
14.4,57.7,0.00,0.00,100,74.6,97,43.87,93,43.87,100,76.68
12.7,57.7,0.00,0.00,100,74.6,97,43.87,96,43.87,100,76.68
12.1,57.7,0.00,0.00,100,74.6,97,43.87,97,43.87,100,76.68
12.4,57.7,0.00,0.00,100,74.6,96,43.87,94,43.87,100,76.68
12.7,57.7,0.00,0.00,100,74.6,94,43.87,92,43.87,100,76.68
12.3,57.7,0.00,0.00,100,74.6,97,43.87,92,43.87,100,76.68
11.5,57.7,0.00,0.00,100,74.6,97,43.87,96,43.87,100,76.68
11.5,57.7,0.00,0.00,100,74.6,95,43.87,96,43.87,100,76.68
11.7,57.7,0.00,0.00,100,74.6,94,43.87,96,43.87,100,76.68
13.7,57.7,0.00,0.00,100,74.6,96,43.87,95,43.87,100,76.68
12.1,57.7,0.00,0.00,100,74.6,97,43.87,96,43.87,100,76.68
11.0,57.7,0.00,0.00,100,74.6,97,43.87,96,43.87,100,76.68
10.8,57.7,0.00,0.00,100,74.6,97,43.87,97,43.87,100,76.68
12.5,57.7,0.00,0.00,100,74.6,95,43.87,93,43.87,100,76.68
13.8,57.7,0.00,0.00,100,74.6,97,43.87,93,43.87,100,76.68
11.5,57.7,0.00,0.00,100,74.6,97,43.87,94,43.87,100,76.68
11.2,57.7,0.00,0.00,100,74.6,97,43.87,97,43.87,100,76.68
11.9,57.7,0.00,0.00,100,74.6,94,43.87,96,43.87,100,76.68
13.7,57.7,0.00,0.00,100,74.6,94,43.87,93,43.87,100,76.68
13.3,57.7,0.00,0.00,100,74.6,91,43.87,96,43.87,100,76.68
11.5,57.7,0.00,0.00,100,74.6,97,43.87,96,43.87,100,76.68
14.0,57.7,0.00,0.00,100,74.6,97,43.87,96,43.87,100,76.68
12.9,57.7,0.00,0.00,100,74.6,93,43.87,96,43.87,100,76.68
12.8,57.7,0.00,0.00,100,74.6,96,43.87,93,43.87,100,76.68
12.7,57.7,0.00,0.00,100,74.6,93,43.87,93,43.87,100,76.68
13.5,57.7,0.00,0.00,100,74.6,93,43.87,95,43.87,100,76.68
16.8,57.8,0.00,0.00,100,74.6,95,43.87,96,43.87,100,76.68
16.0,57.8,0.00,0.00,100,74.6,94,43.87,93,43.87,100,76.68
16.8,57.8,0.00,0.00,100,74.6,93,43.87,93,43.87,100,76.68
16.0,57.8,0.00,0.00,100,74.6,92,43.87,96,43.87,100,76.68
16.1,57.8,0.00,0.00,100,74.6,86,43.87,96,43.87,100,76.68
17.4,57.8,0.00,0.00,100,74.6,85,43.87,95,43.87,100,76.68
10.9,57.7,0.00,0.00,100,74.6,89,43.87,95,43.87,100,76.68
13.3,57.7,0.00,0.00,100,74.6,93,43.87,90,43.87,100,76.68
14.6,57.7,0.00,0.00,100,74.6,93,43.87,93,43.87,100,76.68
16.6,57.8,0.00,0.00,100,74.6,93,43.87,96,43.87,100,76.68
15.7,57.8,0.00,0.00,100,74.6,94,43.87,93,43.87,100,76.68
17.2,57.8,0.00,0.00,100,74.6,93,43.87,92,43.87,100,76.68
11.9,57.7,0.00,0.00,100,74.6,95,43.87,94,43.87,100,76.68
18.4,57.7,0.00,0.00,100,74.6,96,43.87,96,43.87,100,76.68
13.8,57.7,0.00,0.00,100,74.6,94,43.87,97,43.87,100,76.68
17.6,57.8,0.00,0.00,100,74.6,94,43.87,96,43.87,100,76.68
16.8,57.8,0.00,0.00,100,74.6,95,43.87,92,43.87,100,76.68
16.8,57.8,0.00,0.00,100,74.6,97,43.87,92,43.87,100,76.68
12.3,57.7,0.00,0.00,100,74.6,97,43.87,97,43.87,100,76.68
13.7,57.7,0.00,0.00,100,74.6,97,43.87,97,43.87,100,76.68
16.7,57.7,0.00,0.00,100,74.6,95,43.87,93,43.87,100,76.68
17.1,57.7,0.00,0.00,100,74.6,96,43.87,93,43.87,100,76.68
16.2,57.8,0.00,0.00,100,74.6,97,43.87,94,43.87,100,76.68
14.9,57.7,0.00,0.00,100,74.6,89,43.87,96,43.87,100,76.68
11.5,57.7,0.00,0.00,100,74.6,86,43.87,96,43.87,100,76.68
13.3,57.7,0.00,0.00,100,74.6,87,43.87,86,43.87,99,76.68
19.3,52.8,0.00,0.00,100,74.6,40,43.87,23,43.87,93,76.68
24.7,53.5,0.00,0.00,97,74.6,77,43.87,65,43.87,96,76.68
27.6,53.8,0.00,0.00,94,74.6,75,43.87,65,43.87,91,76.68
26.2,54.6,0.00,0.00,99,74.6,73,43.87,70,43.87,100,76.68
59.6,54.9,0.00,0.00,100,74.6,70,43.87,61,43.87,100,76.68
68.9,55.5,0.00,0.00,100,74.6,71,43.87,55,43.87,99,76.68
69.0,56.0,0.00,0.00,100,74.6,71,43.87,62,43.87,100,76.68
83.2,56.7,0.00,0.00,99,74.6,72,43.87,73,43.87,100,76.68
42.3,57.2,0.00,0.00,100,74.6,69,43.87,59,43.87,98,76.68
21.8,57.7,0.00,0.00,100,74.6,72,43.87,62,43.87,100,76.68
20.1,57.8,0.00,0.00,100,74.6,66,43.87,63,43.87,100,76.68
19.2,57.8,0.00,0.00,100,74.6,71,43.87,64,43.87,100,76.68
14.0,57.8,0.00,0.00,100,74.6,76,43.87,68,43.87,100,76.68
15.0,57.8,0.00,0.00,100,74.6,70,43.87,67,43.87,100,76.68
17.0,57.8,0.00,0.00,100,74.6,81,43.87,78,43.87,100,76.68
18.9,57.8,0.00,0.00,100,74.6,74,43.87,62,43.87,100,76.68
19.4,57.8,0.00,0.00,100,74.6,70,43.87,64,43.87,100,76.68
19.3,57.8,0.00,0.00,100,74.6,70,43.87,62,43.87,100,76.68
18.5,57.8,0.00,0.00,100,74.6,73,43.87,68,43.87,100,76.68
15.7,57.8,0.00,0.00,100,74.6,78,43.87,70,43.87,100,76.68
14.6,57.8,0.00,0.00,100,74.6,78,43.87,74,43.87,100,76.68
19.1,57.8,0.00,0.00,100,74.6,74,43.87,73,43.87,100,76.68
18.5,57.8,0.00,0.00,100,74.6,71,43.87,68,43.87,100,76.68
19.8,57.8,0.00,0.00,100,74.6,71,43.87,68,43.87,100,76.68
19.6,57.8,0.00,0.00,100,74.6,69,43.87,63,43.87,100,76.68
16.1,57.8,0.00,0.00,100,74.6,78,43.87,74,43.87,100,76.68
15.3,57.8,0.00,0.00,100,74.6,81,43.87,65,43.87,100,76.68
15.9,57.8,0.00,0.00,100,74.6,84,43.87,57,43.87,100,76.68
20.7,57.8,0.00,0.00,100,74.6,84,43.87,62,43.87,99,76.68
20.3,57.8,0.00,0.00,100,74.6,70,43.87,64,43.87,100,76.68
19.5,57.8,0.00,0.00,100,74.6,73,43.87,62,43.87,100,76.68
14.4,57.8,0.00,0.00,100,74.6,75,43.87,64,43.87,100,76.68
15.5,57.8,0.00,0.00,100,74.6,76,43.87,67,43.87,100,76.68
15.4,57.8,0.00,0.00,100,74.6,73,43.87,69,43.87,100,76.68
20.2,57.8,0.00,0.00,100,74.6,77,43.87,47,43.87,99,76.68
19.5,57.8,0.00,0.00,100,74.6,72,43.87,62,43.87,100,76.68
15.7,57.8,0.00,0.00,100,74.6,71,43.87,18,43.87,93,76.68
97.9,53.2,0.00,0.00,100,74.6,71,43.87,93,43.87,99,76.68
48.7,53.7,0.00,0.00,99,74.6,92,43.87,89,43.87,100,76.68
73.1,54.4,0.00,0.00,100,74.6,95,43.87,94,43.87,100,76.68
46.9,54.9,0.00,0.00,100,74.6,91,43.87,88,43.87,97,76.68
20.3,55.4,0.00,0.00,100,74.6,95,43.87,87,43.87,99,76.68
22.5,54.5,0.00,0.00,15,74.63,91,43.87,86,43.87,97,76.68
25.9,55.0,0.00,0.00,51,74.63,94,43.87,96,43.87,98,76.68
28.5,55.9,0.00,0.00,47,74.63,87,43.87,96,43.87,100,76.68
23.8,56.6,0.00,0.00,52,74.63,89,43.87,87,43.87,100,76.68
26.6,57.0,0.00,0.00,57,74.63,94,43.87,89,43.87,99,76.68
19.1,57.3,0.00,0.00,52,74.63,97,43.87,96,43.87,100,76.68
21.2,57.4,0.00,0.00,48,74.63,96,43.87,94,43.87,100,76.68
15.8,57.6,0.00,0.00,45,74.63,97,43.87,96,43.87,100,76.68
17.5,57.7,0.00,0.00,56,74.63,93,43.87,93,43.87,97,76.68
74.3,56.3,0.00,0.00,52,74.63,87,43.87,91,43.87,100,76.68
20.9,56.5,0.00,0.00,59,74.63,84,43.87,80,43.87,96,76.68
18.7,56.7,0.00,0.00,55,74.63,85,43.87,81,43.87,98,76.68
19.8,56.9,0.00,0.00,54,74.63,78,43.87,86,43.87,95,76.68
21.5,57.0,0.00,0.00,55,74.63,81,43.87,85,43.87,98,76.68
16.4,57.2,0.00,0.00,50,74.63,86,43.87,84,43.87,97,76.68
15.4,57.4,0.00,0.00,57,74.63,82,43.87,86,43.87,98,76.68
19.1,57.7,0.00,0.00,51,74.63,82,43.87,90,43.87,100,76.68
19.7,57.8,0.00,0.00,42,74.63,85,43.87,87,43.87,100,76.68
18.2,57.8,0.00,0.00,56,74.63,89,43.87,82,43.87,100,76.68
12.6,57.8,0.00,0.00,53,74.63,90,43.87,91,43.87,100,76.68
15.4,57.8,0.00,0.00,52,74.63,92,43.87,93,43.87,100,76.68
11.7,57.8,0.00,0.00,58,74.63,93,43.87,92,43.87,100,76.68
17.7,57.8,0.00,0.00,58,74.63,90,43.87,86,43.87,98,76.68
17.8,57.8,0.00,0.00,56,74.63,93,43.87,92,43.87,100,76.68
16.3,57.8,0.00,0.00,54,74.63,85,43.87,89,43.87,98,76.68
21.6,57.8,0.00,0.00,57,74.63,88,43.87,86,43.87,100,76.68
17.4,57.8,0.00,0.00,53,74.63,81,43.87,90,43.87,100,76.68
13.2,57.8,0.00,0.00,62,74.63,94,43.87,92,43.87,100,76.68
17.3,57.8,0.00,0.00,60,74.63,91,43.87,91,43.87,100,76.68
17.6,57.8,0.00,0.00,59,74.63,90,43.87,89,43.87,100,76.68
17.9,57.8,0.00,0.00,49,74.63,91,43.87,86,43.87,100,76.68
19.5,57.8,0.00,0.00,55,74.63,93,43.87,87,43.87,100,76.68
18.2,57.8,0.00,0.00,58,74.63,92,43.87,89,43.87,100,76.68
19.3,57.8,0.00,0.00,56,74.63,79,43.87,91,43.87,100,76.68
18.0,57.8,0.00,0.00,56,74.63,81,43.87,85,43.87,100,76.68
15.0,57.8,0.00,0.00,55,74.63,75,43.87,90,43.87,100,76.68
17.3,57.8,0.00,0.00,58,74.63,76,43.87,90,43.87,100,76.68
18.6,57.8,0.00,0.00,53,74.63,86,43.87,89,43.87,100,76.68
17.4,57.8,0.00,0.00,54,74.63,91,43.87,89,43.87,99,76.68
20.0,57.8,0.00,0.00,55,74.63,92,43.87,89,43.87,100,76.68
13.3,57.8,0.00,0.00,58,74.63,92,43.87,91,43.87,100,76.68
12.9,57.8,0.00,0.00,63,74.63,92,43.87,87,43.87,100,76.68
16.1,57.8,0.00,0.00,65,74.63,92,43.87,91,43.87,100,76.68
17.2,57.8,0.00,0.00,59,74.63,88,43.87,87,43.87,100,76.68
18.3,57.8,0.00,0.00,51,74.63,85,43.87,86,43.87,100,76.68
19.0,57.8,0.00,0.00,55,74.63,91,43.87,92,43.87,100,76.68
13.8,57.8,0.00,0.00,64,74.63,91,43.87,93,43.87,100,76.68
15.9,57.8,0.00,0.00,62,74.63,93,43.87,91,43.87,97,76.68
15.1,57.8,0.00,0.00,62,74.63,95,43.87,93,43.87,100,76.68
16.9,57.8,0.00,0.00,55,74.63,89,43.87,90,43.87,100,76.68
18.3,57.8,0.00,0.00,54,74.63,90,43.87,88,43.87,100,76.68
18.9,57.8,0.00,0.00,54,74.63,90,43.87,90,43.87,100,76.68
13.7,57.8,0.00,0.00,58,74.63,90,43.87,89,43.87,100,76.68
13.6,57.8,0.00,0.00,63,74.63,94,43.87,91,43.87,100,76.68
15.4,57.8,0.00,0.00,60,74.63,93,43.87,92,43.87,100,76.68
18.1,57.8,0.00,0.00,58,74.63,91,43.87,90,43.87,100,76.68
18.3,57.8,0.00,0.00,54,74.63,92,43.87,88,43.87,100,76.68
18.3,57.8,0.00,0.00,56,74.63,78,43.87,87,43.87,100,76.68
13.4,57.8,0.00,0.00,59,74.63,83,43.87,88,43.87,100,76.68
12.5,57.8,0.00,0.00,64,74.63,91,43.87,90,43.87,98,76.68
13.1,57.8,0.00,0.00,62,74.63,93,43.87,85,43.87,100,76.68
18.6,57.8,0.00,0.00,57,74.63,89,43.87,91,43.87,100,76.68
17.1,57.8,0.00,0.00,54,74.63,80,43.87,92,43.87,100,76.68
17.3,57.8,0.00,0.00,56,74.63,77,43.87,92,43.87,98,76.68
13.1,57.8,0.00,0.00,55,74.63,95,43.87,91,43.87,100,76.68
14.6,57.7,0.00,0.00,65,74.63,93,43.87,92,43.87,100,76.68
16.1,57.7,0.00,0.00,63,74.63,90,43.87,93,43.87,100,76.68
17.8,57.8,0.00,0.00,59,74.63,88,43.87,92,43.87,100,76.68
18.3,57.8,0.00,0.00,53,74.63,84,43.87,88,43.87,100,76.68
16.5,57.8,0.00,0.00,59,74.63,89,43.87,88,43.87,99,76.68
13.2,57.7,0.00,0.00,58,74.63,94,43.87,88,43.87,100,76.68
13.4,57.7,0.00,0.00,50,74.63,93,43.87,93,43.87,67,76.68
98.5,53.1,0.00,0.00,54,74.63,69,43.87,65,43.87,96,76.68
22.8,53.6,0.00,0.00,54,74.63,72,43.87,65,43.87,93,76.68
24.5,54.0,0.00,0.00,49,74.63,70,43.87,70,43.87,85,76.68
27.2,54.7,0.00,0.00,47,74.63,69,43.87,68,43.87,97,76.68
26.1,55.0,0.00,0.00,47,74.63,71,43.87,48,43.87,97,76.68
21.2,55.7,0.00,0.00,56,74.63,74,43.87,77,43.87,97,76.68
22.1,56.2,0.00,0.00,48,74.63,75,43.87,76,43.87,95,76.68
22.2,57.0,0.00,0.00,55,74.63,76,43.87,70,43.87,97,76.68
75.8,57.3,0.00,0.00,48,74.63,61,43.87,73,43.87,95,76.68
22.3,57.7,0.00,0.00,57,74.63,68,43.87,63,43.87,93,76.68
20.0,57.8,0.00,0.00,53,74.63,71,43.87,46,43.87,96,76.68
19.1,57.8,0.00,0.00,47,74.63,77,43.87,50,43.87,97,76.68
16.1,57.7,0.00,0.00,55,74.63,73,43.87,65,43.87,97,76.68
15.0,57.7,0.00,0.00,46,74.63,71,43.87,75,43.87,96,76.68
17.4,57.8,0.00,0.00,49,74.63,70,43.87,66,43.87,97,76.68
18.9,57.8,0.00,0.00,52,74.63,66,43.87,61,43.87,97,76.68
19.4,57.8,0.00,0.00,43,74.63,65,43.87,68,43.87,96,76.68
18.9,57.7,0.00,0.00,54,74.63,70,43.87,58,43.87,96,76.68
15.1,57.7,0.00,0.00,53,74.63,67,43.87,61,43.87,96,76.68
14.6,57.7,0.00,0.00,56,74.63,81,43.87,64,43.87,95,76.68
16.2,57.7,0.00,0.00,56,74.63,65,43.87,65,43.87,96,76.68
20.4,57.8,0.00,0.00,61,74.63,68,43.87,68,43.87,96,76.68
21.1,57.8,0.00,0.00,56,74.63,62,43.87,68,43.87,95,76.68
21.2,57.8,0.00,0.00,54,74.63,71,43.87,55,43.87,95,76.68
18.4,57.8,0.00,0.00,51,74.63,66,43.87,60,43.87,95,76.68
17.2,56.3,0.00,0.00,26,74.63,65,43.87,77,43.87,91,76.68
17.4,56.4,0.00,0.00,100,74.63,65,43.87,68,43.87,97,76.68
16.7,56.7,0.00,0.00,100,74.63,72,43.87,56,43.87,97,76.68
21.4,56.9,0.00,0.00,100,74.63,75,43.87,49,43.87,97,76.68
22.7,57.1,0.00,0.00,99,74.63,66,43.87,50,43.87,96,76.68
20.5,57.2,0.00,0.00,100,74.63,75,43.87,50,43.87,95,76.68
22.1,57.4,0.00,0.00,100,74.63,65,43.87,59,43.87,91,76.68
17.5,57.6,0.00,0.00,100,74.63,66,43.87,62,43.87,93,76.68
17.5,57.7,0.00,0.00,99,74.63,75,43.87,64,43.87,97,76.68
16.0,57.7,0.00,0.00,99,74.63,73,43.87,68,43.87,97,76.68
20.0,57.8,0.00,0.00,100,74.63,76,43.87,63,43.87,96,76.68
16.0,57.7,0.00,0.00,100,74.63,69,43.87,9,43.87,62,76.68
73.8,53.1,0.00,0.00,99,74.63,45,43.87,73,43.87,100,76.68
33.7,53.6,0.00,0.00,100,74.63,88,43.87,78,43.87,99,76.68
20.7,54.3,0.00,0.00,100,74.63,80,43.87,81,43.87,99,76.68
25.5,54.8,0.00,0.00,100,74.63,71,43.87,82,43.87,97,76.68
24.7,55.5,0.00,0.00,99,74.63,81,43.87,64,43.87,89,76.68
19.7,56.0,0.00,0.00,98,74.63,86,43.87,82,43.87,91,76.68
25.1,54.9,0.00,0.00,100,74.63,87,43.87,87,43.87,97,76.68
21.7,55.8,0.00,0.00,97,74.63,85,43.87,79,43.87,99,76.68
23.9,56.3,0.00,0.00,100,74.63,80,43.87,88,43.87,99,76.68
12.6,56.8,0.00,0.00,100,74.63,89,43.87,96,43.87,96,76.68
18.9,56.9,0.00,0.00,100,74.63,94,43.87,95,43.87,100,76.68
19.2,57.2,0.00,0.00,98,74.63,93,43.87,93,43.87,98,76.68
19.2,57.3,0.00,0.00,100,74.63,88,43.87,95,43.87,99,76.68
15.4,57.6,0.00,0.00,99,74.63,94,43.87,94,43.87,100,76.68
14.1,57.7,0.00,0.00,99,74.63,94,43.87,93,43.87,100,76.68
11.9,57.7,0.00,0.00,100,74.63,94,43.87,93,43.87,100,76.68
17.4,57.8,0.00,0.00,100,74.63,97,43.87,93,43.87,100,76.68
17.1,57.8,0.00,0.00,100,74.63,96,43.87,90,43.87,100,76.68
18.4,57.8,0.00,0.00,100,74.63,96,43.87,95,43.87,100,76.68
11.3,57.7,0.00,0.00,100,74.63,96,43.87,96,43.87,100,76.68
11.0,57.7,0.00,0.00,100,74.63,96,43.87,96,43.87,100,76.68
17.2,57.8,0.00,0.00,100,74.63,96,43.87,96,43.87,100,76.68
18.3,57.8,0.00,0.00,100,74.63,95,43.87,96,43.87,100,76.68
17.5,57.8,0.00,0.00,100,74.63,93,43.87,97,43.87,100,76.68
14.9,57.8,0.00,0.00,100,74.63,96,43.87,96,43.87,100,76.68
16.5,57.8,0.00,0.00,100,74.63,97,43.87,97,43.87,100,76.68
17.0,57.8,0.00,0.00,100,74.63,97,43.87,93,43.87,100,76.68
19.5,57.7,0.00,0.00,100,74.63,97,43.87,93,43.87,100,76.68
11.5,57.7,0.00,0.00,100,74.63,97,43.87,95,43.87,100,76.68
13.2,57.7,0.00,0.00,100,74.63,96,43.87,96,43.87,100,76.68
16.9,57.7,0.00,0.00,100,74.63,94,43.87,96,43.87,100,76.68
16.6,57.7,0.00,0.00,100,74.63,92,43.87,97,43.87,100,76.68
17.0,57.7,0.00,0.00,100,74.63,97,43.87,96,43.87,100,76.68
13.5,57.7,0.00,0.00,100,74.63,97,43.87,93,43.87,100,76.68
14.6,57.7,0.00,0.00,100,74.63,93,43.87,92,43.87,100,76.68
14.1,57.7,0.00,0.00,100,74.63,94,43.87,96,43.87,100,76.68
16.3,57.7,0.00,0.00,100,74.63,94,43.87,96,43.87,100,76.68
18.9,57.7,0.00,0.00,100,74.63,94,43.87,94,43.87,100,76.68
18.4,57.7,0.00,0.00,100,74.63,97,43.87,92,43.87,100,76.68
13.6,57.7,0.00,0.00,100,74.63,97,43.87,93,43.87,100,76.68
13.4,57.7,0.00,0.00,100,74.63,96,43.87,95,43.87,100,76.68
11.4,57.7,0.00,0.00,100,74.63,93,43.87,96,43.87,100,76.68
16.6,57.7,0.00,0.00,100,74.63,95,43.87,96,43.87,100,76.68
17.7,57.7,0.00,0.00,100,74.63,96,43.87,91,43.87,100,76.68
16.7,57.7,0.00,0.00,100,74.63,96,43.87,93,43.87,100,76.68
12.3,57.7,0.00,0.00,100,74.63,97,43.87,96,43.87,100,76.68
13.6,57.7,0.00,0.00,100,74.63,96,43.87,97,43.87,100,76.68
15.0,57.7,0.00,0.00,100,74.63,94,43.87,96,43.87,100,76.68
17.0,57.7,0.00,0.00,100,74.63,93,43.87,96,43.87,100,76.68
16.8,57.7,0.00,0.00,100,74.63,97,43.87,91,43.87,100,76.68
17.1,57.7,0.00,0.00,100,74.63,96,43.87,93,43.87,100,76.68
12.9,57.7,0.00,0.00,100,74.63,94,43.87,93,43.87,100,76.68
12.3,57.7,0.00,0.00,100,74.63,94,43.87,97,43.87,100,76.68
12.7,57.7,0.00,0.00,100,74.63,94,43.87,95,43.87,100,76.68
16.6,57.7,0.00,0.00,100,74.63,95,43.87,93,43.87,100,76.68
16.8,57.7,0.00,0.00,100,74.63,95,43.87,93,43.87,100,76.68
17.9,57.7,0.00,0.00,100,74.63,97,43.87,91,43.87,100,76.68
16.5,57.7,0.00,0.00,100,74.63,94,43.87,97,43.87,100,76.68
11.0,57.7,0.00,0.00,100,74.63,95,43.87,97,43.87,100,76.68
14.6,57.7,0.00,0.00,100,74.63,97,43.87,97,43.87,100,76.68
16.6,57.7,0.00,0.00,100,74.63,96,43.87,93,43.87,100,76.68
15.1,57.7,0.00,0.00,100,74.63,97,43.87,95,43.87,100,76.68
19.6,57.7,0.00,0.00,100,74.63,97,43.87,96,43.87,100,76.68
14.0,57.7,0.00,0.00,100,74.63,94,43.87,97,43.87,100,76.68
13.4,57.7,0.00,0.00,100,74.63,94,43.87,95,43.87,100,76.68
15.7,57.7,0.00,0.00,100,74.63,91,43.87,94,43.87,100,76.68
16.1,57.7,0.00,0.00,100,74.63,97,43.87,90,43.87,100,76.68
17.2,57.7,0.00,0.00,100,74.63,94,43.87,92,43.87,100,76.68
12.6,57.7,0.00,0.00,100,74.63,94,43.87,95,43.87,100,76.68
14.1,57.7,0.00,0.00,100,74.63,94,43.87,94,43.87,100,76.68
15.3,57.7,0.00,0.00,100,74.63,96,43.87,93,43.87,100,76.68
17.2,57.7,0.00,0.00,100,74.63,97,43.87,92,43.87,100,76.68
16.7,57.7,0.00,0.00,100,74.63,96,43.87,93,43.87,100,76.68
17.8,57.7,0.00,0.00,100,74.63,97,43.87,96,43.87,100,76.68
14.9,57.7,0.00,0.00,100,74.63,95,43.87,97,43.87,100,76.68
13.4,57.7,0.00,0.00,100,74.63,97,43.87,96,43.87,100,76.68
15.0,57.7,0.00,0.00,100,74.63,97,43.87,96,43.87,100,76.68
16.5,57.7,0.00,0.00,100,74.63,97,43.87,95,43.87,100,76.68
16.5,57.7,0.00,0.00,100,74.63,97,43.87,96,43.87,100,76.68
17.9,57.7,0.00,0.00,100,74.63,94,43.87,96,43.87,100,76.68
15.6,57.7,0.00,0.00,100,74.63,94,43.87,96,43.87,100,76.68
10.9,57.7,0.00,0.00,99,74.63,94,43.87,95,43.87,100,76.68
10.6,57.7,0.00,0.00,100,74.63,97,43.87,93,43.87,100,76.68
16.5,57.7,0.00,0.00,100,74.63,96,43.87,93,43.87,100,76.68
16.0,57.7,0.00,0.00,100,74.63,92,43.87,93,43.87,100,76.68
16.6,57.7,0.00,0.00,100,74.63,94,43.87,96,43.87,100,76.68
13.3,57.7,0.00,0.00,100,74.63,94,43.87,93,43.87,100,76.68
14.9,57.7,0.00,0.00,100,74.63,96,43.87,92,43.87,100,76.68
11.5,57.7,0.00,0.00,100,74.63,97,43.87,93,43.87,100,76.68
17.6,57.7,0.00,0.00,100,74.63,97,43.87,95,43.87,100,76.68
16.4,57.7,0.00,0.00,99,74.63,97,43.87,96,43.87,100,76.68
14.9,57.7,0.00,0.00,99,74.63,95,43.87,95,43.87,100,76.68
10.6,57.7,0.00,0.00,100,74.63,97,43.87,97,43.87,100,76.68
11.7,57.7,0.00,0.00,100,74.63,97,43.87,90,43.87,100,76.68
18.3,52.8,0.00,0.00,100,74.63,19,43.87,18,43.87,94,76.68
26.0,53.4,0.00,0.00,100,74.63,73,43.87,67,43.87,100,76.68
26.7,53.7,0.00,0.00,99,74.63,58,43.87,68,43.87,100,76.68
92.1,54.4,0.00,0.00,99,74.63,71,43.87,43,43.87,100,76.68
50.0,54.8,0.00,0.00,100,74.63,54,43.87,63,43.87,98,76.68
73.9,55.4,0.00,0.00,100,74.63,62,43.87,59,43.87,94,76.68
81.5,56.0,0.00,0.00,98,74.63,71,43.87,59,43.87,100,76.68
95.0,56.5,0.00,0.00,99,74.63,78,43.87,58,43.87,96,76.68
23.4,57.2,0.00,0.00,99,74.63,63,43.87,57,43.87,97,76.68
22.6,57.5,0.00,0.00,96,74.63,55,43.87,62,43.87,100,76.68
22.0,57.8,0.00,0.00,100,74.63,60,43.87,69,43.87,100,76.68
18.6,57.8,0.00,0.00,100,74.63,75,43.87,58,43.87,100,76.68
16.5,57.8,0.00,0.00,100,74.63,72,43.87,70,43.87,100,76.68
16.3,57.8,0.00,0.00,100,74.63,76,43.87,73,43.87,100,76.68
18.6,57.8,0.00,0.00,100,74.63,73,43.87,61,43.87,100,76.68
20.2,57.8,0.00,0.00,100,74.63,67,43.87,65,43.87,100,76.68
20.9,57.9,0.00,0.00,100,74.63,69,43.87,65,43.87,100,76.68
20.3,57.8,0.00,0.00,100,74.63,69,43.87,67,43.87,100,76.68
16.3,57.8,0.00,0.00,100,74.63,71,43.87,75,43.87,100,76.68
13.5,57.8,0.00,0.00,100,74.63,75,43.87,74,43.87,100,76.68
13.8,57.8,0.00,0.00,100,74.63,84,43.87,73,43.87,100,76.68
19.1,57.8,0.00,0.00,100,74.63,75,43.87,69,43.87,99,76.68
20.6,57.8,0.00,0.00,100,74.63,73,43.87,64,43.87,100,76.68
20.2,57.8,0.00,0.00,100,74.63,77,43.87,66,43.87,100,76.68
19.8,57.8,0.00,0.00,100,74.63,68,43.87,68,43.87,100,76.68
16.2,57.8,0.00,0.00,100,74.63,70,43.87,69,43.87,100,76.68
19.4,57.8,0.00,0.00,100,74.63,69,43.87,61,43.87,100,76.68
19.1,57.8,0.00,0.00,100,74.63,70,43.87,62,43.87,100,76.68
20.2,57.8,0.00,0.00,100,74.63,71,43.87,66,43.87,100,76.68
17.8,57.8,0.00,0.00,100,74.63,71,43.87,70,43.87,100,76.68
19.5,57.8,0.00,0.00,100,74.63,73,43.87,58,43.87,100,76.68
18.7,57.8,0.00,0.00,100,74.63,69,43.87,53,43.87,100,76.68
18.5,57.8,0.00,0.00,100,74.63,71,43.87,59,43.87,100,76.68
13.6,57.8,0.00,0.00,100,74.63,73,43.87,74,43.87,100,76.68
14.8,57.8,0.00,0.00,100,74.63,78,43.87,69,43.87,78,75.9
17.4,53.1,0.00,0.00,100,74.63,67,43.87,70,43.87,97,60.12
16.3,52.8,0.00,0.00,100,74.63,65,43.87,37,43.87,69,60.12
21.7,47.7,0.00,0.00,99,74.63,19,28.45,91,28.45,99,44.7
17.0,38.3,0.00,0.00,100,74.63,90,28.45,92,28.45,100,44.7
12.3,38.2,0.00,0.00,100,74.63,89,28.45,90,28.45,100,44.7
14.6,38.2,0.00,0.00,100,74.63,92,28.45,91,28.45,100,44.7
14.8,38.2,0.00,0.00,100,74.63,92,28.45,86,28.45,100,44.7
16.7,38.2,0.00,0.00,100,74.63,91,28.45,90,28.45,100,44.7
19.0,38.2,0.00,0.00,100,74.63,87,28.45,85,28.45,100,44.7
17.5,38.2,0.00,0.00,100,74.63,89,28.45,87,28.45,100,44.7
16.5,38.2,0.00,0.00,100,74.63,88,28.45,91,28.45,99,44.7
14.0,38.2,0.00,0.00,100,74.63,94,28.45,91,28.45,100,44.7
17.1,38.2,0.00,0.00,100,74.63,93,28.45,89,28.45,100,44.7
16.8,38.2,0.00,0.00,100,74.63,94,28.45,91,28.45,100,44.7
19.0,38.2,0.00,0.00,99,74.63,90,28.45,91,28.45,100,44.7
17.0,38.2,0.00,0.00,100,74.63,91,28.45,90,28.45,100,44.7
16.4,38.2,0.00,0.00,100,74.63,90,28.45,90,28.45,96,44.7
18.7,38.2,0.00,0.00,100,74.63,95,28.45,92,28.45,100,44.7
19.2,36.7,0.00,0.00,19,74.63,91,28.45,88,28.45,100,44.7
20.5,36.9,0.00,0.00,62,74.63,79,28.45,89,28.45,100,44.7
20.4,37.1,0.00,0.00,56,74.63,87,28.45,88,28.45,99,44.7
21.1,37.2,0.00,0.00,58,74.63,88,28.45,81,28.45,99,44.7
20.4,37.4,0.00,0.00,56,74.63,92,28.45,86,28.45,100,44.7
15.5,37.6,0.00,0.00,65,74.63,90,28.45,89,28.45,97,44.7
14.2,37.8,0.00,0.00,49,74.63,93,28.45,90,28.45,100,44.7
17.6,38.0,0.00,0.00,46,74.63,91,28.45,90,28.45,97,44.7
20.3,38.2,0.00,0.00,56,74.63,88,28.45,91,28.45,100,44.7
18.3,38.2,0.00,0.00,56,74.63,88,28.45,87,28.45,100,44.7
18.3,38.2,0.00,0.00,55,74.63,92,28.45,91,28.45,100,44.7
12.8,38.2,0.00,0.00,55,74.63,90,28.45,92,28.45,100,44.7
16.6,38.2,0.00,0.00,58,74.63,93,28.45,92,28.45,100,44.7
13.3,38.2,0.00,0.00,61,74.63,92,28.45,91,28.45,100,44.7
17.9,38.2,0.00,0.00,62,74.63,90,28.45,90,28.45,100,44.7
19.1,38.2,0.00,0.00,55,74.63,91,28.45,89,28.45,100,44.7
19.3,38.2,0.00,0.00,48,74.63,93,28.45,91,28.45,100,44.7
14.0,38.2,0.00,0.00,47,74.63,85,28.45,89,28.45,100,44.7
17.1,38.2,0.00,0.00,60,74.63,89,28.45,92,28.45,100,44.7
13.0,38.2,0.00,0.00,60,74.63,92,28.45,93,28.45,100,44.7
18.8,38.2,0.00,0.00,58,74.63,82,28.45,92,28.45,100,44.7
17.4,38.2,0.00,0.00,58,74.63,80,28.45,86,28.45,99,44.7
19.3,38.2,0.00,0.00,55,74.63,87,28.45,86,28.45,100,44.7
17.6,38.2,0.00,0.00,58,74.63,89,28.45,82,28.45,100,44.7
16.1,38.2,0.00,0.00,58,74.63,91,28.45,92,28.45,100,44.7
13.4,38.2,0.00,0.00,60,74.63,92,28.45,92,28.45,100,44.7
17.6,38.2,0.00,0.00,52,74.63,93,28.45,89,28.45,100,44.7
17.2,38.2,0.00,0.00,45,74.63,89,28.45,86,28.45,100,44.7
17.2,38.2,0.00,0.00,52,74.63,90,28.45,85,28.45,100,44.7
17.8,38.2,0.00,0.00,48,74.63,93,28.45,86,28.45,99,44.7
14.7,38.2,0.00,0.00,60,74.63,94,28.45,92,28.45,100,44.7
16.9,38.2,0.00,0.00,62,74.63,91,28.45,92,28.45,100,44.7
13.2,38.2,0.00,0.00,58,74.63,92,28.45,93,28.45,100,44.7
18.4,38.2,0.00,0.00,56,74.63,85,28.45,92,28.45,100,44.7
18.3,38.2,0.00,0.00,55,74.63,92,28.45,90,28.45,100,44.7
18.5,38.2,0.00,0.00,55,74.63,78,28.45,92,28.45,100,44.7
12.5,38.2,0.00,0.00,55,74.63,83,28.45,91,28.45,100,44.7
14.5,38.2,0.00,0.00,61,74.63,93,28.45,91,28.45,100,44.7
13.1,38.2,0.00,0.00,60,74.63,93,28.45,91,28.45,100,44.7
17.4,38.2,0.00,0.00,54,74.63,88,28.45,88,28.45,100,44.7
18.5,38.2,0.00,0.00,59,74.63,89,28.45,91,28.45,100,44.7
17.4,38.2,0.00,0.00,48,74.63,91,28.45,91,28.45,100,44.7
17.7,38.2,0.00,0.00,55,74.63,93,28.45,87,28.45,100,44.7
13.8,38.2,0.00,0.00,60,74.63,81,28.45,91,28.45,98,44.7
16.9,38.2,0.00,0.00,64,74.63,83,28.45,92,28.45,100,44.7
19.2,38.2,0.00,0.00,53,74.63,85,28.45,90,28.45,100,44.7
17.7,38.2,0.00,0.00,57,74.63,87,28.45,89,28.45,100,44.7
17.6,38.2,0.00,0.00,57,74.63,83,28.45,90,28.45,100,44.7
16.5,38.2,0.00,0.00,49,74.63,89,28.45,89,28.45,100,44.7
16.4,38.2,0.00,0.00,55,74.63,91,28.45,89,28.45,100,44.7
13.7,38.2,0.00,0.00,57,74.63,92,28.45,92,28.45,100,44.7
17.8,38.2,0.00,0.00,52,74.63,93,28.45,85,28.45,100,44.7
17.1,38.2,0.00,0.00,52,74.63,86,28.45,89,28.45,97,44.7
18.3,38.2,0.00,0.00,53,74.63,89,28.45,90,28.45,100,44.7
17.2,38.2,0.00,0.00,54,74.63,92,28.45,86,28.45,100,44.7
14.1,38.2,0.00,0.00,56,74.63,94,28.45,93,28.45,100,44.7
14.1,38.1,0.00,0.00,57,74.63,93,28.45,92,28.45,100,44.7
14.6,38.1,0.00,0.00,54,74.63,94,28.45,92,28.45,93,44.7
32.8,34.3,0.00,0.00,41,74.63,0,28.4,2,2.95,71,19.17
14.3,23.4,0.00,0.00,58,74.63,0,2.95,0,2.95,73,19.17
10.7,23.4,0.00,0.00,47,74.63,0,2.95,0,2.95,71,19.17
7.1,23.3,0.00,0.00,55,74.63,0,2.95,0,2.95,78,19.17
6.7,23.3,0.00,0.00,56,74.63,0,2.95,0,2.95,77,19.17
8.1,23.3,0.00,0.00,59,74.63,0,2.95,0,2.95,67,19.17
15.7,23.8,0.00,0.00,61,74.63,0,2.95,0,2.95,65,19.17
99.2,24.2,0.00,0.00,59,74.63,0,2.95,0,2.95,72,19.17
18.3,25.0,0.00,0.00,58,74.63,0,2.95,0,2.95,59,19.17
16.1,25.8,0.00,0.00,46,74.63,0,2.95,0,2.95,53,19.17
15.8,26.6,0.00,0.00,53,74.75,0,5.43,0,7.11,67,24.87
17.3,33.5,0.00,0.00,51,81.7,3,13.45,2,10.09,70,26.31
20.3,36.2,0.00,0.00,54,81.77,4,26.36,0,10.09,61,26.31
87.4,36.6,0.00,0.00,66,81.77,0,39.77,0,10.09,68,26.31
18.8,37.4,0.00,0.00,52,81.77,0,39.77,0,10.09,63,26.31
15.0,38.1,0.00,0.00,57,81.77,0,39.77,0,10.09,66,26.31
30.5,38.7,0.00,0.00,56,81.77,0,39.77,0,10.09,57,26.31
17.0,39.6,0.00,0.00,47,81.77,0,39.77,0,10.09,67,26.31
18.0,40.0,0.00,0.00,51,81.77,0,39.77,0,10.09,65,26.31
17.8,41.1,0.00,0.00,57,81.77,0,39.77,0,10.09,64,26.31
32.4,41.5,0.00,0.00,62,81.77,0,39.77,0,10.09,63,26.75
26.5,42.6,0.00,0.00,60,83.6,2,48.58,13,23.47,80,39.69
24.7,45.8,0.00,0.00,80,95.15,73,49.7,80,23.47,95,39.69
19.2,45.9,0.00,0.00,94,95.15,71,49.7,77,23.47,96,39.69
19.2,46.2,0.00,0.00,93,95.15,74,49.7,76,23.47,98,39.69
19.2,46.4,0.00,0.00,90,95.15,74,49.7,75,23.47,98,39.69
25.9,46.6,0.00,0.00,90,95.15,73,49.7,67,23.47,97,39.69
23.9,46.7,0.00,0.00,95,95.15,73,49.7,73,23.47,78,38.91
23.1,45.2,0.00,0.00,94,95.15,74,49.7,71,23.47,79,23.47
19.7,42.1,0.00,0.00,92,95.15,77,49.7,71,23.47,83,23.47
17.3,42.4,0.00,0.00,95,95.15,84,49.7,78,23.47,89,23.47
19.1,42.4,0.00,0.00,96,95.15,83,49.7,87,23.47,89,23.47
15.9,42.3,0.00,0.00,96,95.15,85,49.7,84,23.47,89,23.47
14.0,42.3,0.00,0.00,96,95.15,82,49.7,86,23.47,84,23.47
12.8,42.3,0.00,0.00,96,95.15,84,49.7,77,23.47,91,23.47
14.1,42.3,0.00,0.00,95,95.15,88,49.7,76,23.47,88,23.47
14.8,42.3,0.00,0.00,96,95.15,81,49.7,85,23.47,76,23.47
14.2,42.3,0.00,0.00,96,95.15,77,49.7,81,23.47,89,23.47
14.3,42.3,0.00,0.00,96,95.15,87,49.7,86,23.47,87,23.47
16.7,42.3,0.00,0.00,96,95.15,83,49.7,82,23.47,87,23.47
16.4,42.3,0.00,0.00,96,95.15,87,49.7,83,23.47,86,23.47
21.8,42.3,0.00,0.00,96,95.15,79,49.7,62,23.47,87,23.47
16.5,37.6,0.00,0.00,99,78.93,86,49.7,92,23.47,92,23.47
15.6,37.3,0.00,0.00,100,78.93,92,49.7,94,23.47,93,23.47
16.0,37.3,0.00,0.00,100,78.93,87,49.7,94,23.47,77,23.47
15.0,37.3,0.00,0.00,100,78.93,74,49.7,91,23.47,89,23.47
15.6,37.3,0.00,0.00,100,78.93,91,49.7,92,23.47,95,23.47
12.4,37.3,0.00,0.00,100,78.93,89,49.7,95,23.47,95,23.47
14.1,37.3,0.00,0.00,100,78.93,91,49.7,95,23.47,95,23.47
13.1,37.3,0.00,0.00,100,78.93,92,49.7,93,23.47,95,23.47
14.4,37.2,0.00,0.00,100,78.93,85,49.7,91,23.47,95,23.47
13.6,37.2,0.00,0.00,100,78.93,88,49.7,93,23.47,94,23.47
13.6,37.2,0.00,0.00,100,78.93,91,49.7,95,23.47,95,23.47
15.2,37.3,0.00,0.00,100,78.93,91,49.7,94,23.47,92,23.47
14.7,37.2,0.00,0.00,100,78.93,91,49.7,94,23.47,94,23.47
12.5,37.2,0.00,0.00,100,78.93,91,49.7,94,23.47,94,23.57
31.5,37.2,0.00,0.00,100,79.02,91,49.7,0,23.57,0,23.57
11.9,32.9,0.00,0.00,99,79.02,82,49.7,0,23.57,0,23.57
11.5,33.3,0.00,0.00,100,79.02,82,49.7,0,23.57,0,23.57
13.5,34.0,0.00,0.00,99,79.02,78,49.7,0,23.57,0,23.57
13.1,34.5,0.00,0.00,100,79.02,83,49.7,0,23.57,0,23.57
11.6,35.2,0.00,0.00,99,79.02,76,49.7,0,23.57,0,23.57
12.5,35.7,0.00,0.00,99,79.02,81,49.7,0,23.57,0,23.57
11.0,36.5,0.00,0.00,97,79.02,84,49.7,0,23.57,0,23.57
12.3,36.9,0.00,0.00,100,79.02,78,49.7,53,23.57,95,23.57
12.3,37.3,0.00,0.00,100,79.02,89,49.7,94,23.57,92,23.57
14.6,37.3,0.00,0.00,100,79.02,89,49.7,95,23.57,93,23.57
14.2,37.3,0.00,0.00,100,79.02,90,49.7,92,23.57,93,23.57
13.1,37.3,0.00,0.00,100,79.02,91,49.7,94,23.57,93,23.57
17.1,37.3,0.00,0.00,100,79.02,91,49.7,94,23.57,93,23.57
12.6,37.3,0.00,0.00,100,79.02,88,49.7,93,23.57,95,23.57
14.1,37.3,0.00,0.00,100,79.02,90,49.7,94,23.57,94,23.57
15.3,37.3,0.00,0.00,100,79.02,90,49.7,96,23.57,94,23.57
14.1,37.3,0.00,0.00,100,79.02,89,49.7,96,23.57,95,23.57
16.5,37.3,0.00,0.00,100,79.02,90,49.7,96,23.57,95,23.57
11.9,37.3,0.00,0.00,100,79.02,87,49.7,96,23.57,94,23.57
15.5,37.3,0.00,0.00,100,79.02,89,49.7,96,23.57,95,23.57
14.3,37.3,0.00,0.00,100,79.02,92,49.7,96,23.57,94,23.57
12.1,37.3,0.00,0.00,100,79.02,91,49.7,95,23.57,95,23.57
15.3,37.3,0.00,0.00,100,79.02,91,49.7,93,23.57,95,23.57
13.2,37.3,0.00,0.00,100,79.02,89,49.7,95,23.57,95,23.57
14.2,37.3,0.00,0.00,100,79.02,81,49.7,96,23.57,96,23.57
13.6,37.3,0.00,0.00,100,79.02,83,49.7,96,23.57,94,23.57
13.1,37.3,0.00,0.00,100,79.02,89,49.7,96,23.57,95,23.57
12.1,37.3,0.00,0.00,100,79.02,91,49.7,95,23.57,93,23.57
13.2,37.3,0.00,0.00,100,79.02,85,49.7,95,23.57,94,23.57
12.3,37.3,0.00,0.00,100,79.02,86,49.7,95,23.57,95,23.57
13.5,37.3,0.00,0.00,100,79.02,91,49.7,94,23.57,95,23.57
16.0,37.3,0.00,0.00,100,79.02,87,49.7,93,23.57,93,23.57
12.9,37.3,0.00,0.00,100,79.02,91,49.7,94,23.57,90,23.57
15.6,37.3,0.00,0.00,100,79.02,92,49.7,93,23.57,94,23.57
12.3,37.3,0.00,0.00,100,79.02,90,49.7,96,23.57,95,23.57
12.3,37.3,0.00,0.00,100,79.02,90,49.7,96,23.57,96,23.57
14.6,37.3,0.00,0.00,100,79.02,90,49.7,95,23.57,93,23.57
13.8,37.3,0.00,0.00,100,79.02,88,49.7,96,23.57,96,23.57
16.4,37.3,0.00,0.00,100,79.02,86,49.7,94,23.57,95,23.57
13.3,37.3,0.00,0.00,100,79.02,89,49.7,93,23.57,94,23.57
14.4,37.3,0.00,0.00,100,79.02,93,49.7,94,23.57,95,23.57
13.5,37.3,0.00,0.00,100,79.02,93,49.7,92,23.57,96,23.57
12.5,37.3,0.00,0.00,100,79.02,92,49.7,94,23.57,95,23.57
16.5,37.3,0.00,0.00,100,79.02,92,49.7,96,23.57,95,23.57
13.5,37.3,0.00,0.00,100,79.02,89,49.7,95,23.57,95,23.57
14.5,37.3,0.00,0.00,100,79.02,89,49.7,96,23.57,96,23.57
14.3,37.3,0.00,0.00,100,79.02,93,49.7,93,23.57,94,23.57
12.3,37.3,0.00,0.00,100,79.02,84,49.7,95,23.57,95,23.57
15.1,37.3,0.00,0.00,100,79.02,90,49.7,95,23.57,95,23.57
14.3,37.3,0.00,0.00,100,79.02,88,49.7,95,23.57,94,23.57
13.9,37.3,0.00,0.00,100,79.02,92,49.7,96,23.57,95,23.57
13.5,37.3,0.00,0.00,100,79.02,92,49.7,93,23.57,90,23.57
12.3,37.3,0.00,0.00,100,79.02,88,49.7,95,23.57,94,23.57
11.1,37.3,0.00,0.00,100,79.02,93,49.7,97,23.57,94,23.57
17.6,37.3,0.00,0.00,100,79.02,93,49.7,83,23.57,5,23.57
12.6,32.7,0.00,0.00,100,79.02,78,49.7,0,23.57,0,23.57
11.3,33.2,0.00,0.00,100,79.02,82,49.7,0,23.57,0,23.57
10.6,34.0,0.00,0.00,100,79.02,81,49.7,0,23.57,0,23.57
12.5,34.5,0.00,0.00,100,79.02,78,49.7,0,23.57,0,23.57
13.2,35.2,0.00,0.00,100,79.02,72,49.7,0,23.57,0,23.57
79.0,35.6,0.00,0.00,99,79.02,74,49.7,0,23.57,0,23.57
49.2,36.4,0.00,0.00,100,79.02,72,49.7,0,23.57,0,23.57
85.9,36.9,0.00,0.00,98,79.02,83,49.7,0,23.57,56,23.57
13.4,37.4,0.00,0.00,100,79.02,90,49.7,94,23.57,92,23.57
14.2,37.4,0.00,0.00,100,79.02,90,49.7,95,23.57,94,23.57
15.5,37.3,0.00,0.00,100,79.02,90,49.7,96,23.57,95,23.57
15.1,37.3,0.00,0.00,100,79.02,81,49.7,95,23.57,94,23.57
12.9,37.3,0.00,0.00,100,79.02,89,49.7,96,23.57,93,23.57
14.6,37.3,0.00,0.00,100,79.02,85,49.7,94,23.57,95,23.57
12.0,37.3,0.00,0.00,100,79.02,88,49.7,83,23.57,95,23.57
14.4,37.3,0.00,0.00,100,79.02,90,49.7,94,23.57,92,23.57
16.1,37.3,0.00,0.00,100,79.02,89,49.7,95,23.57,94,23.57
13.2,37.3,0.00,0.00,100,79.02,89,49.7,96,23.57,94,23.57
16.5,37.3,0.00,0.00,100,79.02,88,49.7,96,23.57,96,23.57
13.2,37.3,0.00,0.00,100,79.02,87,49.7,96,23.57,94,23.57
13.1,37.3,0.00,0.00,100,79.02,89,49.7,95,23.57,94,23.57
14.1,37.3,0.00,0.00,100,79.02,89,49.7,96,23.57,94,23.57
13.5,37.3,0.00,0.00,100,79.02,87,49.7,94,23.57,95,23.57
14.6,37.3,0.00,0.00,100,79.02,87,49.7,95,23.57,95,23.57
14.0,37.3,0.00,0.00,100,79.02,88,49.7,94,23.57,94,23.57
14.6,37.3,0.00,0.00,100,79.02,87,49.7,96,23.57,95,23.57
12.1,37.3,0.00,0.00,100,79.02,88,49.7,94,23.57,94,23.57
14.2,37.3,0.00,0.00,100,79.02,90,49.7,95,23.57,95,23.57
14.4,37.3,0.00,0.00,100,79.02,87,49.7,95,23.57,94,23.57
15.0,37.3,0.00,0.00,100,79.02,88,49.7,95,23.57,95,23.57
15.3,37.3,0.00,0.00,100,79.02,89,49.7,94,23.57,95,23.57
13.0,37.3,0.00,0.00,100,79.02,91,49.7,94,23.57,95,23.57
15.1,37.3,0.00,0.00,100,79.02,87,49.7,94,23.57,93,23.57
12.8,37.3,0.00,0.00,100,79.02,91,49.7,92,23.57,95,23.57
14.5,37.3,0.00,0.00,100,79.02,90,49.7,94,23.57,96,23.57
16.5,37.3,0.00,0.00,100,79.02,91,49.7,95,23.57,96,23.57
12.5,37.3,0.00,0.00,100,79.02,91,49.7,95,23.57,95,23.57
14.0,37.3,0.00,0.00,100,79.02,92,49.7,96,23.57,96,23.57
12.5,37.3,0.00,0.00,100,79.02,90,49.7,94,23.57,96,23.57
13.4,37.3,0.00,0.00,100,79.02,90,49.7,93,23.57,96,23.57
14.4,37.3,0.00,0.00,100,79.02,90,49.7,94,23.57,96,23.57
13.1,37.3,0.00,0.00,100,79.02,89,49.7,91,23.57,93,23.57
15.2,37.3,0.00,0.00,100,79.02,89,49.7,96,23.57,96,23.57
13.3,37.3,0.00,0.00,100,79.02,91,49.7,94,23.57,96,23.57
13.4,37.3,0.00,0.00,100,79.02,92,49.7,94,23.57,95,23.57
14.3,37.3,0.00,0.00,100,79.02,87,49.7,93,23.57,95,23.57
15.9,37.3,0.00,0.00,100,79.02,91,49.7,94,23.57,96,23.57
16.8,37.3,0.00,0.00,100,79.02,90,49.7,93,23.57,94,23.57
12.3,37.3,0.00,0.00,100,79.02,91,49.7,93,23.57,95,23.57
13.1,37.3,0.00,0.00,100,79.02,89,49.7,92,23.57,94,23.57
13.4,37.3,0.00,0.00,100,79.02,89,49.7,92,23.57,95,23.57
13.6,37.3,0.00,0.00,100,79.02,89,49.7,95,23.57,93,23.57
14.9,37.3,0.00,0.00,100,79.02,93,49.7,92,23.57,95,23.57
11.7,37.3,0.00,0.00,100,79.02,86,49.7,96,23.57,92,23.57
10.6,37.3,0.00,0.00,100,79.02,91,49.7,96,23.57,7,23.52
13.5,29.5,0.00,0.00,100,58.41,87,49.7,3,2.95,0,2.95
6.7,22.6,0.00,0.00,100,58.41,92,49.7,0,2.95,0,2.95
5.0,22.5,0.00,0.00,100,58.41,95,49.7,0,2.95,0,2.95
6.0,22.5,0.00,0.00,100,58.41,94,49.7,0,2.95,0,2.95
7.3,22.5,0.00,0.00,100,58.41,94,49.7,0,2.95,0,2.95
5.8,22.5,0.00,0.00,100,58.41,94,49.7,0,2.95,0,2.95
5.2,22.5,0.00,0.00,100,58.41,95,49.7,0,2.95,0,2.95
6.9,22.5,0.00,0.00,100,58.41,95,49.7,0,2.95,0,2.95
4.2,22.5,0.00,0.00,100,58.41,95,49.7,0,2.95,0,2.95
5.8,22.5,0.00,0.00,100,58.41,94,49.7,0,2.95,0,2.95
6.6,22.5,0.00,0.00,100,58.41,95,49.7,0,2.95,0,2.95
9.1,22.6,0.00,0.00,100,58.41,93,49.7,0,2.95,0,2.95
8.8,22.6,0.00,0.00,100,58.41,94,49.7,0,2.95,0,2.95
9.0,22.6,0.00,0.00,100,58.41,94,49.7,0,2.95,0,2.95
5.2,22.6,0.00,0.00,100,58.41,94,49.7,0,2.95,0,2.95
6.9,22.6,0.00,0.00,100,58.41,92,49.7,0,2.95,0,2.95
9.2,22.5,0.00,0.00,100,58.41,94,49.7,0,2.95,0,2.95
6.5,22.5,0.00,0.00,100,58.41,96,49.7,0,2.95,0,2.95
5.6,22.5,0.00,0.00,100,58.41,95,49.7,0,2.95,0,2.95
5.8,22.5,0.00,0.00,100,58.41,95,49.7,0,2.95,0,2.95
6.1,22.5,0.00,0.00,100,58.41,94,49.7,0,2.95,0,2.95
6.0,22.5,0.00,0.00,100,58.41,94,49.7,0,2.95,0,2.95
5.8,22.5,0.00,0.00,100,58.41,95,49.7,0,2.95,0,2.95
6.0,22.5,0.00,0.00,99,58.41,95,49.7,0,2.95,0,2.95
5.8,22.5,0.00,0.00,100,58.41,94,49.7,0,2.95,0,2.95
6.0,22.5,0.00,0.00,100,58.41,95,49.7,0,2.95,0,2.95
5.6,22.5,0.00,0.00,100,58.41,94,49.7,0,2.95,0,2.95
5.8,22.5,0.00,0.00,100,58.41,94,49.7,0,2.95,0,2.95
6.7,22.5,0.00,0.00,100,58.41,95,49.7,0,2.95,0,2.95
5.6,22.5,0.00,0.00,100,58.41,95,49.7,0,2.95,0,2.95
5.2,22.5,0.00,0.00,100,58.41,95,49.7,0,2.95,0,2.95
6.4,22.5,0.00,0.00,100,58.41,95,49.7,0,2.95,0,2.95
5.4,22.5,0.00,0.00,100,58.41,95,49.7,0,2.95,0,2.95
5.2,22.5,0.00,0.00,100,58.41,94,49.7,0,2.95,0,2.95
6.7,22.5,0.00,0.00,100,58.41,95,49.7,0,2.95,0,2.95
4.8,22.5,0.00,0.00,100,58.41,95,49.7,0,2.95,0,2.95
5.4,22.5,0.00,0.00,100,58.41,95,49.7,0,2.95,0,2.95
6.5,22.5,0.00,0.00,100,58.41,94,49.7,0,2.95,0,2.95
6.4,22.5,0.00,0.00,100,58.41,94,49.7,0,2.95,0,2.95
5.0,22.5,0.00,0.00,100,58.41,94,49.7,0,2.95,0,2.95
7.1,22.5,0.00,0.00,100,58.41,95,49.7,0,2.95,0,2.95
4.6,22.5,0.00,0.00,100,58.41,95,49.7,0,2.95,0,2.95
5.8,22.5,0.00,0.00,100,58.41,94,49.7,0,2.95,0,2.95
5.8,22.5,0.00,0.00,100,58.41,90,49.7,0,2.95,0,2.95
6.2,22.5,0.00,0.00,100,58.41,94,49.7,0,2.95,0,2.95
6.7,22.5,0.00,0.00,100,58.41,92,49.7,0,2.95,0,2.95
5.2,22.5,0.00,0.00,100,58.41,87,49.82,0,2.95,0,2.95
6.9,21.8,0.00,0.00,99,58.41,56,84.39,0,2.95,0,2.95
7.9,22.0,0.00,0.00,100,58.41,100,84.39,0,2.95,0,2.95
6.5,22.2,0.00,0.00,100,58.41,100,84.39,0,2.95,0,2.95
7.5,22.4,0.00,0.00,100,58.41,100,84.39,0,2.95,0,2.95
6.5,22.7,0.00,0.00,99,58.41,100,84.39,0,2.95,0,2.95
7.3,21.2,0.00,0.00,10,57.62,100,84.39,0,2.95,0,2.95
6.3,18.1,0.00,0.00,9,2.95,100,84.39,0,2.95,0,2.95
4.4,18.3,0.00,0.00,0,2.95,100,84.39,0,2.95,0,2.95
2.9,18.3,0.00,0.00,0,2.95,100,84.39,0,2.95,0,2.95
2.1,18.3,0.00,0.00,0,2.95,100,84.39,0,2.95,0,2.95
2.3,18.3,0.00,0.00,0,2.95,100,84.39,0,2.95,0,2.95
2.5,18.2,0.00,0.00,0,2.95,100,84.39,0,2.95,0,2.95
2.3,18.2,0.00,0.00,0,2.95,100,84.39,0,2.95,0,2.95
2.1,18.2,0.00,0.00,0,2.95,100,84.39,0,2.95,0,2.95
3.1,18.2,0.00,0.00,0,2.95,100,84.39,0,2.95,0,2.95
2.7,18.2,0.00,0.00,0,2.95,100,84.39,0,2.95,0,2.95
3.5,18.2,0.00,0.00,0,2.95,100,84.39,0,2.95,0,2.95
4.0,18.2,0.00,0.00,0,2.95,100,84.39,0,2.95,0,2.95
4.4,18.2,0.00,0.00,0,2.95,100,84.39,0,2.95,0,2.95
3.3,18.2,0.00,0.00,0,2.95,100,84.39,0,2.95,0,2.95
2.9,18.2,0.00,0.00,0,2.95,100,84.39,0,2.95,0,2.95
2.1,18.2,0.00,0.00,0,2.95,100,84.39,0,2.95,0,2.95
2.3,18.2,0.00,0.00,0,2.95,100,84.39,0,2.95,0,2.95
2.5,18.2,0.00,0.00,0,2.95,100,84.39,0,2.95,0,2.95
3.5,18.2,0.00,0.00,0,2.95,100,84.39,0,2.95,0,2.95
2.5,18.2,0.00,0.00,0,2.95,100,84.39,0,2.95,0,2.95
2.5,18.2,0.00,0.00,0,2.95,100,84.39,0,2.95,0,2.95
3.7,18.2,0.00,0.00,0,2.95,100,84.39,0,2.95,0,2.95
4.0,18.2,0.00,0.00,0,2.95,100,84.39,0,2.95,0,2.95
4.4,18.2,0.00,0.00,0,2.95,100,84.39,0,2.95,0,2.95
4.0,18.2,0.00,0.00,0,2.95,100,84.39,0,2.95,0,2.95
3.5,18.2,0.00,0.00,0,2.95,100,84.39,0,2.95,0,2.95
2.9,18.2,0.00,0.00,0,2.95,100,84.39,0,2.95,0,2.95
2.3,18.2,0.00,0.00,0,2.95,100,84.39,0,2.95,0,2.95
2.5,18.2,0.00,0.00,0,2.95,100,84.39,0,2.95,0,2.95
4.2,18.2,0.00,0.00,0,2.95,100,84.39,0,2.95,0,2.95
2.5,18.2,0.00,0.00,0,2.95,100,84.39,0,2.95,0,2.95
2.1,18.2,0.00,0.00,0,2.95,100,84.39,0,2.95,0,2.95
2.9,18.2,0.00,0.00,0,2.95,100,84.39,0,2.95,0,2.95
4.4,18.2,0.00,0.00,0,2.95,100,84.39,0,2.95,0,2.95
4.8,18.2,0.00,0.00,0,2.95,100,84.39,0,2.95,0,2.95
3.8,18.2,0.00,0.00,0,2.95,100,84.39,0,2.95,0,2.95
2.5,18.2,0.00,0.00,0,2.95,100,84.39,0,2.95,0,2.95
2.5,18.2,0.00,0.00,0,2.95,100,84.39,0,2.95,0,2.95
4.0,18.2,0.00,0.00,0,2.95,100,84.39,0,2.95,0,2.95
2.5,18.2,0.00,0.00,0,2.95,100,84.39,0,2.95,0,2.95
2.3,18.2,0.00,0.00,0,2.95,100,84.39,0,2.95,0,2.95
3.3,18.2,0.00,0.00,0,2.95,100,84.39,0,2.95,0,2.95
3.3,18.2,0.00,0.00,0,2.95,100,84.39,0,2.95,0,2.95
2.3,18.2,0.00,0.00,0,2.95,100,84.39,0,2.95,0,2.95
2.3,18.2,0.00,0.00,0,2.95,100,84.39,0,2.95,0,2.95
4.2,18.2,0.00,0.00,0,2.95,100,84.39,0,2.95,0,2.95
2.3,18.2,0.00,0.00,0,2.95,100,84.39,0,2.95,0,2.95
2.5,18.2,0.00,0.00,0,2.95,100,84.39,0,2.95,0,2.95
4.2,18.2,0.00,0.00,0,2.95,100,84.39,0,2.95,0,2.95
2.7,18.2,0.00,0.00,0,2.95,100,84.39,0,2.95,0,2.95
3.3,18.2,0.00,0.00,0,2.95,100,84.39,0,2.95,0,2.95
4.0,18.2,0.00,0.00,0,2.95,100,84.39,0,2.95,0,2.95
2.5,18.2,0.00,0.00,0,2.95,100,84.39,0,2.95,0,2.95
2.5,18.2,0.00,0.00,0,2.95,100,84.39,0,2.95,0,2.95
3.8,18.2,0.00,0.00,0,2.95,100,84.39,0,2.95,0,2.95
2.1,18.2,0.00,0.00,0,2.95,100,84.39,0,2.95,0,2.95
4.4,18.2,0.00,0.00,0,2.95,100,84.39,0,2.95,0,2.95
2.1,18.2,0.00,0.00,0,2.95,100,84.39,0,2.95,0,2.95
4.4,18.2,0.00,0.00,0,2.95,100,84.39,0,2.95,0,2.95
2.7,18.2,0.00,0.00,0,2.95,100,84.39,0,2.95,0,2.95
4.0,18.2,0.00,0.00,0,2.95,100,84.39,0,2.95,0,2.95
4.4,18.2,0.00,0.00,0,2.95,100,84.39,0,2.95,0,2.95
3.5,18.2,0.00,0.00,0,2.95,100,84.39,0,2.95,0,2.95
2.1,18.2,0.00,0.00,0,2.95,100,84.39,0,2.95,0,2.95
3.3,18.2,0.00,0.00,0,2.95,100,84.39,0,2.95,0,2.95
2.5,18.2,0.00,0.00,0,2.95,100,84.39,0,2.95,0,2.95
2.7,18.2,0.00,0.00,0,2.95,100,84.39,0,2.95,0,2.95
2.5,18.2,0.00,0.00,0,2.95,100,84.39,0,2.95,0,2.95
2.7,18.2,0.00,0.00,0,2.95,100,84.39,0,2.95,0,2.95
2.3,18.2,0.00,0.00,0,2.95,100,84.39,0,2.95,0,2.95
2.3,18.2,0.00,0.00,0,2.95,100,84.39,0,2.95,0,2.95
3.1,18.2,0.00,0.00,0,2.95,100,84.39,0,2.95,0,2.95
2.7,18.2,0.00,0.00,0,2.95,100,84.39,0,2.95,0,2.95
2.3,18.2,0.00,0.00,0,2.95,100,84.39,0,2.95,0,2.95
4.2,18.2,0.00,0.00,0,2.95,100,84.39,0,2.95,0,2.95
2.5,18.2,0.00,0.00,0,2.95,100,84.39,0,2.95,0,2.95
3.3,18.2,0.00,0.00,0,2.95,100,84.39,0,2.95,0,2.95
2.7,18.2,0.00,0.00,0,2.95,100,84.39,0,2.95,0,2.95
2.5,18.2,0.00,0.00,0,2.95,100,84.39,0,2.95,0,2.95
4.2,18.2,0.00,0.00,0,2.95,100,84.39,0,2.95,0,2.95
2.3,18.2,0.00,0.00,0,2.95,100,84.39,0,2.95,0,2.95
3.1,18.2,0.00,0.00,0,2.95,100,84.39,0,2.95,0,2.95
4.0,18.2,0.00,0.00,0,2.95,100,84.39,0,2.95,0,2.95
2.5,18.2,0.00,0.00,0,2.95,100,84.39,0,2.95,0,2.95
4.2,18.2,0.00,0.00,0,2.95,100,84.39,0,2.95,0,2.95
2.5,18.2,0.00,0.00,0,2.95,100,84.39,0,2.95,0,2.95
3.1,18.2,0.00,0.00,0,2.95,100,84.39,0,2.95,0,2.95
2.7,18.2,0.00,0.00,0,2.95,100,84.39,0,2.95,0,2.95
2.7,18.2,0.00,0.00,0,2.95,100,84.39,0,2.95,0,2.95
4.4,18.2,0.00,0.00,0,2.95,100,84.39,0,2.95,0,2.95
2.7,18.2,0.00,0.00,0,2.95,100,84.39,0,2.95,0,2.95
3.1,18.2,0.00,0.00,0,2.95,100,84.39,0,2.95,0,2.95
3.3,18.2,0.00,0.00,0,2.95,100,84.39,0,2.95,0,2.95
3.1,18.2,0.00,0.00,0,2.95,100,84.39,0,2.95,0,2.95
2.7,18.2,0.00,0.00,0,2.95,100,84.39,0,2.95,0,2.95
4.6,18.2,0.00,0.00,0,2.95,100,84.39,0,2.95,0,2.95
2.3,18.2,0.00,0.00,0,2.95,100,84.39,0,2.95,0,2.95
2.3,18.2,0.00,0.00,0,2.95,100,84.39,0,2.95,0,2.95
4.2,18.2,0.00,0.00,0,2.95,100,84.39,0,2.95,0,2.95
2.5,18.2,0.00,0.00,0,2.95,100,84.39,0,2.95,0,2.95
2.3,18.2,0.00,0.00,0,2.95,100,84.39,0,2.95,0,2.95
4.0,18.2,0.00,0.00,0,2.95,100,84.39,0,2.95,0,2.95
2.7,18.2,0.00,0.00,0,2.95,100,84.39,0,2.95,0,2.95
3.8,18.2,0.00,0.00,0,2.95,100,84.39,0,2.95,0,2.95
3.1,18.2,0.00,0.00,0,2.95,100,84.39,0,2.95,0,2.95
3.5,18.2,0.00,0.00,0,2.95,100,84.39,0,2.95,0,2.95
3.1,18.2,0.00,0.00,0,2.95,100,84.39,0,2.95,0,2.95
2.5,18.2,0.00,0.00,0,2.95,100,84.39,0,2.95,0,2.95
3.5,18.2,0.00,0.00,0,2.95,100,84.39,0,2.95,0,2.95
3.7,18.2,0.00,0.00,0,2.95,100,84.39,0,2.95,0,2.95
2.7,18.2,0.00,0.00,0,2.95,100,84.39,0,2.95,0,2.95
4.2,18.2,0.00,0.00,0,2.95,100,84.39,0,2.95,0,2.95
2.7,18.2,0.00,0.00,0,2.95,100,84.39,0,2.95,0,2.95
2.3,18.2,0.00,0.00,0,2.95,100,84.39,0,2.95,0,2.95
5.0,18.2,0.00,0.00,0,2.95,100,84.39,0,2.95,0,2.95
2.5,18.2,0.00,0.00,0,2.95,100,84.39,0,2.95,0,2.95
2.3,18.2,0.00,0.00,0,2.95,100,84.39,0,2.95,0,2.95
3.5,18.2,0.00,0.00,0,2.95,100,84.39,0,2.95,0,2.95
4.4,18.2,0.00,0.00,0,2.95,100,84.39,0,2.95,0,2.95
2.3,18.2,0.00,0.00,0,2.95,100,84.39,0,2.95,0,2.95
2.3,18.2,0.00,0.00,0,2.95,100,84.39,0,2.95,0,2.95
2.3,18.2,0.00,0.00,0,2.95,100,84.39,0,2.95,0,2.95
4.2,18.2,0.00,0.00,0,2.95,100,84.39,0,2.95,0,2.95
2.9,18.2,0.00,0.00,0,2.95,100,84.39,0,2.95,0,2.95
4.0,18.2,0.00,0.00,0,2.95,100,84.39,0,2.95,0,2.95
2.7,18.2,0.00,0.00,0,2.95,100,84.39,0,2.95,0,2.95
3.3,18.2,0.00,0.00,0,2.95,100,84.39,0,2.95,0,2.95
5.0,18.2,0.00,0.00,0,2.95,100,84.39,0,2.95,0,2.95
2.7,18.2,0.00,0.00,0,2.95,100,84.39,0,2.95,0,2.95
2.7,18.2,0.00,0.00,0,2.95,100,84.39,0,2.95,0,2.95
2.9,18.2,0.00,0.00,0,2.95,100,84.39,0,2.95,0,2.95
5.8,18.2,0.00,0.00,0,2.95,100,84.39,0,2.95,0,2.95
2.9,18.2,0.00,0.00,0,2.95,100,84.39,0,2.95,0,2.95
2.5,18.2,0.00,0.00,0,2.95,100,84.39,0,2.95,0,2.95
2.5,18.2,0.00,0.00,0,2.95,100,84.39,0,2.95,0,2.95
4.0,18.2,0.00,0.00,0,2.95,100,84.39,0,2.95,0,2.95
4.2,18.2,0.00,0.00,0,2.95,100,84.39,0,2.95,0,2.95
2.3,18.2,0.00,0.00,0,2.95,100,84.39,0,2.95,0,2.95
2.5,18.2,0.00,0.00,0,2.95,100,84.39,0,2.95,0,2.95
2.3,18.2,0.00,0.00,0,2.95,100,84.39,0,2.95,0,2.95
3.8,18.2,0.00,0.00,0,2.95,100,84.39,0,2.95,0,2.95
3.8,18.2,0.00,0.00,0,2.95,100,84.39,0,2.95,0,2.95
2.5,18.2,0.00,0.00,0,2.95,100,84.39,0,2.95,0,2.95
2.3,18.2,0.00,0.00,0,2.95,100,84.39,0,2.95,0,2.95
2.5,18.2,0.00,0.00,0,2.95,100,84.39,0,2.95,0,2.95
5.0,18.2,0.00,0.00,0,2.95,100,84.39,0,2.95,0,2.95
2.9,18.2,0.00,0.00,0,2.95,100,84.39,0,2.95,0,2.95
2.5,18.2,0.00,0.00,0,2.95,100,84.39,0,2.95,0,2.95
2.7,18.2,0.00,0.00,0,2.95,100,84.39,0,2.95,0,2.95
2.9,18.2,0.00,0.00,0,2.95,100,84.39,0,2.95,0,2.95
4.4,18.2,0.00,0.00,0,2.95,100,84.39,0,2.95,0,2.95
3.3,18.2,0.00,0.00,0,2.95,100,84.39,0,2.95,0,2.95
2.3,18.2,0.00,0.00,0,2.95,100,84.39,0,2.95,0,2.95
2.1,18.2,0.00,0.00,0,2.95,100,84.39,0,2.95,0,2.95
2.5,18.2,0.00,0.00,0,2.95,100,84.39,0,2.95,0,2.95
2.9,18.2,0.00,0.00,0,2.95,100,84.39,0,2.95,0,2.95
6.0,18.2,0.00,0.00,0,2.95,100,84.39,0,2.95,0,2.95
4.0,18.2,0.00,0.00,0,2.95,100,84.39,0,2.95,0,2.95
2.7,18.2,0.00,0.00,0,2.95,100,84.39,0,2.95,0,2.95
2.5,18.2,0.00,0.00,0,2.95,100,84.39,0,2.95,0,2.95
2.1,18.2,0.00,0.00,0,2.95,100,84.39,0,2.95,0,2.95
2.9,18.2,0.00,0.00,0,2.95,100,84.39,0,2.95,0,2.95
3.6,18.2,0.00,0.00,0,2.95,100,84.39,0,2.95,0,2.95
9.9,18.3,0.00,0.00,0,2.95,100,84.39,0,2.95,0,2.95
6.5,18.3,0.00,0.00,0,2.95,100,84.39,0,2.95,0,2.95
5.7,18.3,0.00,0.00,0,2.95,100,84.39,0,2.95,0,2.95
2.5,18.3,0.00,0.00,0,2.95,100,84.39,0,2.95,0,2.95
6.1,18.3,0.00,0.00,0,2.95,86,84.47,0,2.95,0,2.95
99.8,16.8,0.00,0.00,0,2.95,41,84.47,0,2.95,0,2.95
25.6,16.9,0.00,0.00,0,2.95,89,84.47,0,2.95,0,2.95
5.4,17.2,0.00,0.00,0,2.95,88,84.47,0,2.95,0,2.95
4.6,17.4,0.00,0.00,0,2.95,91,84.47,0,2.95,0,2.95
7.8,17.6,0.00,0.00,0,2.95,83,84.47,0,2.95,0,2.95
8.0,17.8,0.00,0.00,0,2.95,86,84.47,0,2.95,0,2.95
7.3,18.0,0.00,0.00,0,2.95,80,84.47,0,2.95,0,2.95
5.2,18.2,0.00,0.00,0,2.95,86,84.47,0,2.95,0,2.95
2.9,18.3,0.00,0.00,0,2.95,91,84.47,0,2.95,0,2.95
7.4,18.3,0.00,0.00,0,2.95,86,84.47,0,2.95,0,2.95
6.7,18.3,0.00,0.00,0,2.95,87,84.47,0,2.95,0,2.95
5.9,18.3,0.00,0.00,0,2.95,86,84.47,0,2.95,0,2.95
3.5,18.3,0.00,0.00,0,2.95,82,84.47,0,2.95,0,2.95
2.3,18.3,0.00,0.00,0,2.95,89,84.47,0,2.95,0,2.95
3.5,18.3,0.00,0.00,0,2.95,88,84.47,0,2.95,0,2.95
5.7,18.3,0.00,0.00,0,2.95,83,84.47,0,2.95,0,2.95
5.9,18.3,0.00,0.00,0,2.95,86,84.47,0,2.95,0,2.95
2.3,18.3,0.00,0.00,0,2.95,86,84.47,0,2.95,0,2.95
4.3,18.3,0.00,0.00,0,2.95,89,84.47,0,2.95,0,2.95
2.5,18.3,0.00,0.00,0,2.95,88,84.47,0,2.95,0,2.95
3.5,18.3,0.00,0.00,0,2.95,87,84.47,0,2.95,0,2.95
3.5,18.3,0.00,0.00,0,2.95,90,84.47,0,2.95,0,2.95
2.3,18.3,0.00,0.00,0,2.95,89,84.47,0,2.95,0,2.95
3.1,18.3,0.00,0.00,0,2.95,89,84.47,0,2.95,0,2.95
3.9,18.3,0.00,0.00,0,2.95,88,84.47,0,2.95,0,2.95
2.9,18.3,0.00,0.00,0,2.95,89,84.47,0,2.95,0,2.95
2.7,18.3,0.00,0.00,0,2.95,87,84.47,0,2.95,0,2.95
3.7,18.3,0.00,0.00,0,2.95,88,84.47,0,2.95,0,2.95
2.5,18.3,0.00,0.00,0,2.95,90,84.47,0,2.95,0,2.95
2.9,18.3,0.00,0.00,0,2.95,87,84.47,0,2.95,0,2.95
3.3,18.3,0.00,0.00,0,2.95,86,84.47,0,2.95,0,2.95
4.2,18.3,0.00,0.00,0,2.95,88,84.47,0,2.95,0,2.95
3.7,18.3,0.00,0.00,0,2.95,88,84.47,0,2.95,0,2.95
3.3,18.3,0.00,0.00,0,2.95,88,84.47,0,2.95,0,2.95
2.5,18.3,0.00,0.00,0,2.95,87,84.47,0,2.95,0,2.95
3.3,18.3,0.00,0.00,0,2.95,85,84.47,0,2.95,0,2.95
2.9,18.3,0.00,0.00,0,2.95,87,84.47,0,2.95,0,2.95
3.1,18.3,0.00,0.00,0,2.95,87,84.47,0,2.95,0,2.95
2.9,18.3,0.00,0.00,0,2.95,87,84.47,0,2.95,0,2.95
3.1,18.3,0.00,0.00,0,2.95,87,84.47,0,2.95,0,2.95
3.7,18.3,0.00,0.00,0,2.95,87,84.47,0,2.95,0,2.95
3.3,18.3,0.00,0.00,0,2.95,88,84.47,0,2.95,0,2.95
2.3,18.3,0.00,0.00,0,2.95,88,84.47,0,2.95,0,2.95
3.7,18.3,0.00,0.00,0,2.95,88,84.47,0,2.95,0,2.95
2.5,18.3,0.00,0.00,0,2.95,87,84.47,0,2.95,0,2.95
2.9,18.3,0.00,0.00,0,2.95,87,84.47,0,2.95,0,2.95
3.9,18.3,0.00,0.00,0,2.95,86,84.47,0,2.95,0,2.95
2.3,18.3,0.00,0.00,0,2.95,87,84.47,0,2.95,0,2.95
3.1,18.3,0.00,0.00,0,2.95,88,84.47,0,2.95,0,2.95
3.3,18.3,0.00,0.00,0,2.95,86,84.47,0,2.95,0,2.95
2.5,18.3,0.00,0.00,0,2.95,86,84.47,0,2.95,0,2.95
3.3,18.3,0.00,0.00,0,2.95,88,84.47,0,2.95,0,2.95
4.8,18.3,0.00,0.00,0,2.95,86,84.47,0,2.95,0,2.95
2.3,18.3,0.00,0.00,0,2.95,88,84.47,0,2.95,0,2.95
3.7,18.3,0.00,0.00,0,2.95,80,84.47,0,2.95,0,2.95
2.5,18.3,0.00,0.00,0,2.95,88,84.47,0,2.95,0,2.95
3.3,18.3,0.00,0.00,0,2.95,89,84.47,0,2.95,0,2.95
3.5,18.3,0.00,0.00,0,2.95,87,84.47,0,2.95,0,2.95
2.3,18.3,0.00,0.00,0,2.95,87,84.47,0,2.95,0,2.95
3.8,18.3,0.00,0.00,0,2.95,87,84.47,0,2.95,0,2.95
3.1,18.3,0.00,0.00,0,2.95,85,84.47,0,2.95,0,2.95
3.9,18.3,0.00,0.00,0,2.95,87,84.47,0,2.95,0,2.95
5.2,18.3,0.00,0.00,0,2.95,87,84.47,0,2.95,0,2.95
3.7,18.3,0.00,0.00,0,2.95,84,84.47,0,2.95,0,2.95
2.5,18.3,0.00,0.00,0,2.95,83,84.47,0,2.95,0,2.95
4.1,18.3,0.00,0.00,0,2.95,85,84.47,0,2.95,0,2.95
2.3,18.3,0.00,0.00,0,2.95,83,84.47,0,2.95,0,2.95
3.8,18.3,0.00,0.00,0,2.95,87,84.47,0,2.95,0,2.95
3.3,18.3,0.00,0.00,0,2.95,85,84.47,0,2.95,0,2.95
2.5,18.3,0.00,0.00,0,2.95,87,84.47,0,2.95,0,2.95
2.5,18.3,0.00,0.00,0,2.95,88,84.47,0,2.95,0,2.95
2.9,18.3,0.00,0.00,0,2.95,89,84.47,0,2.95,0,2.95
4.0,18.3,0.00,0.00,0,2.95,88,84.47,0,2.95,0,2.95
4.6,18.3,0.00,0.00,0,2.95,89,84.47,0,2.95,0,2.95
3.5,18.3,0.00,0.00,0,2.95,89,84.47,0,2.95,0,2.95
2.5,18.3,0.00,0.00,0,2.95,88,84.47,0,2.95,0,2.95
2.3,18.3,0.00,0.00,0,2.95,89,84.47,0,2.95,0,2.95
2.7,18.3,0.00,0.00,0,2.95,88,84.47,0,2.95,0,2.95
4.3,18.3,0.00,0.00,0,2.95,85,84.47,0,2.95,0,2.95
2.3,18.3,0.00,0.00,0,2.95,89,84.47,0,2.95,0,2.95
2.3,18.3,0.00,0.00,0,2.95,89,84.47,0,2.95,0,2.95
3.7,18.3,0.00,0.00,0,2.95,88,84.47,0,2.95,0,2.95
3.1,18.3,0.00,0.00,0,2.95,88,84.47,0,2.95,0,2.95
2.9,18.3,0.00,0.00,0,2.95,88,84.47,0,2.95,0,2.95
3.3,18.3,0.00,0.00,0,2.95,88,84.47,0,2.95,0,2.95
3.1,18.3,0.00,0.00,0,2.95,89,84.47,0,2.95,0,2.95
3.5,18.3,0.00,0.00,0,2.95,87,84.47,0,2.95,0,2.95
2.7,18.3,0.00,0.00,0,2.95,85,84.47,0,2.95,0,2.95
3.5,18.3,0.00,0.00,0,2.95,87,84.47,0,2.95,0,2.95
2.1,18.3,0.00,0.00,0,2.95,86,84.47,0,2.95,0,2.95
2.7,18.3,0.00,0.00,0,2.95,88,84.47,0,2.95,0,2.95
3.3,18.3,0.00,0.00,0,2.95,87,84.47,0,2.95,0,2.95
2.9,18.3,0.00,0.00,0,2.95,85,84.47,0,2.95,0,2.95
2.3,18.3,0.00,0.00,0,2.95,87,84.47,0,2.95,0,2.95
4.8,18.3,0.00,0.00,0,2.95,89,84.47,0,2.95,0,2.95
3.1,18.2,0.00,0.00,0,2.95,88,84.47,0,2.95,0,2.95
2.3,18.3,0.00,0.00,0,2.95,86,84.47,0,2.95,0,2.95
3.5,18.3,0.00,0.00,0,2.95,86,84.47,0,2.95,0,2.95
3.5,18.2,0.00,0.00,0,2.95,89,84.47,0,2.95,0,2.95
2.5,18.2,0.00,0.00,0,2.95,88,84.47,0,2.95,0,2.95
2.9,18.2,0.00,0.00,0,2.95,87,84.47,0,2.95,0,2.95
3.5,18.2,0.00,0.00,0,2.95,89,84.47,0,2.95,0,2.95
3.1,18.2,0.00,0.00,0,2.95,89,84.47,0,2.95,0,2.95
2.5,18.2,0.00,0.00,0,2.95,90,84.47,0,2.95,0,2.95
2.9,18.2,0.00,0.00,0,2.95,88,84.47,0,2.95,0,2.95
4.4,18.2,0.00,0.00,0,2.95,89,84.47,0,2.95,0,2.95
4.3,18.3,0.00,0.00,0,2.95,88,84.47,0,2.95,0,2.95
2.7,18.2,0.00,0.00,0,2.95,89,84.47,0,2.95,0,2.95
2.1,18.2,0.00,0.00,0,2.95,88,84.47,0,2.95,0,2.95
3.1,18.2,0.00,0.00,0,2.95,88,84.47,0,2.95,0,2.95
3.7,18.2,0.00,0.00,0,2.95,88,84.47,0,2.95,0,2.95
3.7,18.2,0.00,0.00,0,2.95,89,84.47,0,2.95,0,2.95
2.9,18.2,0.00,0.00,0,2.95,89,84.47,0,2.95,0,2.95
2.3,18.2,0.00,0.00,0,2.95,88,84.47,0,2.95,0,2.95
2.7,18.2,0.00,0.00,0,2.95,87,84.47,0,2.95,0,2.95
5.0,18.2,0.00,0.00,0,2.95,88,84.47,0,2.95,0,2.95
4.6,18.2,0.00,0.00,0,2.95,89,84.47,0,2.95,0,2.95
3.7,18.3,0.00,0.00,0,2.95,89,84.47,0,2.95,0,2.95
2.9,18.2,0.00,0.00,0,2.95,89,84.47,0,2.95,0,2.95
2.9,18.2,0.00,0.00,0,2.95,88,84.47,0,2.95,0,2.95
3.5,18.2,0.00,0.00,0,2.95,88,84.47,0,2.95,0,2.95
3.5,18.2,0.00,0.00,0,2.95,89,84.47,0,2.95,0,2.95
2.5,18.3,0.00,0.00,0,2.95,90,84.47,0,2.95,0,2.95
3.5,18.3,0.00,0.00,0,2.95,85,84.47,0,2.95,0,2.95
2.9,18.3,0.00,0.00,0,2.95,86,84.47,0,2.95,0,2.95
2.9,18.2,0.00,0.00,0,2.95,87,84.47,0,2.95,0,2.95
4.2,18.2,0.00,0.00,0,2.95,88,84.47,0,2.95,0,2.95
4.1,18.2,0.00,0.00,0,2.95,88,84.47,0,2.95,0,2.95
4.0,18.3,0.00,0.00,0,2.95,89,84.47,0,2.95,0,2.95
2.7,18.2,0.00,0.00,0,2.95,90,84.47,0,2.95,0,2.95
2.9,18.2,0.00,0.00,0,2.95,89,84.47,0,2.95,0,2.95
2.3,18.3,0.00,0.00,0,2.95,88,84.47,0,2.95,0,2.95
3.5,18.2,0.00,0.00,0,2.95,88,84.47,0,2.95,0,2.95
3.9,18.2,0.00,0.00,0,2.95,89,84.47,0,2.95,0,2.95
3.3,18.2,0.00,0.00,0,2.95,90,84.47,0,2.95,0,2.95
2.9,18.2,0.00,0.00,0,2.95,90,84.47,0,2.95,0,2.95
2.9,18.2,0.00,0.00,0,2.95,89,84.47,0,2.95,0,2.95
3.3,18.3,0.00,0.00,0,2.95,88,84.47,0,2.95,0,2.95
3.5,18.3,0.00,0.00,0,2.95,88,84.47,0,2.95,0,2.95
2.7,18.3,0.00,0.00,0,2.95,88,84.47,0,2.95,0,2.95
2.7,18.3,0.00,0.00,0,2.95,88,84.47,0,2.95,0,2.95
3.3,18.3,0.00,0.00,0,2.95,87,84.47,0,2.95,0,2.95
3.7,18.2,0.00,0.00,0,2.95,87,84.47,0,2.95,0,2.95
2.3,18.2,0.00,0.00,0,2.95,87,84.47,0,2.95,0,2.95
2.7,18.2,0.00,0.00,0,2.95,88,84.47,0,2.95,0,2.95
3.8,18.2,0.00,0.00,0,2.95,88,84.47,0,2.95,0,2.95
2.9,18.2,0.00,0.00,0,2.95,88,84.47,0,2.95,0,2.95
4.4,18.2,0.00,0.00,0,2.95,88,84.47,0,2.95,0,2.95
3.3,18.2,0.00,0.00,0,2.95,87,84.47,0,2.95,0,2.95
3.1,18.2,0.00,0.00,0,2.95,86,84.47,0,2.95,0,2.95
2.5,18.2,0.00,0.00,0,2.95,88,84.47,0,2.95,0,2.95
2.3,18.2,0.00,0.00,0,2.95,88,84.47,0,2.95,0,2.95
3.1,18.2,0.00,0.00,0,2.95,88,84.47,0,2.95,0,2.95
3.5,18.2,0.00,0.00,0,2.95,87,84.47,0,2.95,0,2.95
2.3,18.2,0.00,0.00,0,2.95,89,84.47,0,2.95,0,2.95
3.1,18.2,0.00,0.00,0,2.95,88,84.47,0,2.95,0,2.95
3.8,18.2,0.00,0.00,0,2.95,87,84.47,0,2.95,0,2.95
2.5,18.2,0.00,0.00,0,2.95,88,84.47,0,2.95,0,2.95
2.3,18.2,0.00,0.00,0,2.95,87,84.47,0,2.95,0,2.95
2.7,18.2,0.00,0.00,0,2.95,89,84.47,0,2.95,0,2.95
4.0,18.2,0.00,0.00,0,2.95,86,84.47,0,2.95,0,2.95
2.3,18.2,0.00,0.00,0,2.95,89,84.47,0,2.95,0,2.95
3.1,18.2,0.00,0.00,0,2.95,87,84.47,0,2.95,0,2.95
3.5,18.2,0.00,0.00,0,2.95,87,84.47,0,2.95,0,2.95
2.3,18.2,0.00,0.00,0,2.95,87,84.47,0,2.95,0,2.95
2.7,18.2,0.00,0.00,0,2.95,87,84.47,0,2.95,0,2.95
3.5,18.2,0.00,0.00,0,2.95,87,84.47,0,2.95,0,2.95
2.7,18.2,0.00,0.00,0,2.95,87,84.47,0,2.95,0,2.95
4.0,18.2,0.00,0.00,0,2.95,88,84.47,0,2.95,0,2.95
3.7,18.2,0.00,0.00,0,2.95,88,84.47,0,2.95,0,2.95
2.9,18.2,0.00,0.00,0,2.95,85,84.47,0,2.95,0,2.95
3.5,18.2,0.00,0.00,0,2.95,85,84.47,0,2.95,0,2.95
2.3,18.2,0.00,0.00,0,2.95,84,84.47,0,2.95,0,2.95
4.0,18.2,0.00,0.00,0,2.95,84,84.47,0,2.95,0,2.95
2.5,18.2,0.00,0.00,0,2.95,83,84.47,0,2.95,0,2.95
3.1,18.2,0.00,0.00,0,2.95,85,84.47,0,2.95,0,2.95
3.1,18.2,0.00,0.00,0,2.95,85,84.47,0,2.95,0,2.95
2.5,18.2,0.00,0.00,0,2.95,83,84.47,0,2.95,0,2.95
5.3,18.2,0.00,0.00,0,2.95,84,84.47,0,2.95,0,2.95
3.7,18.2,0.00,0.00,0,2.95,86,84.47,0,2.95,0,2.95
2.1,18.2,0.00,0.00,0,2.95,89,84.47,0,2.95,0,2.95
4.6,16.8,0.00,0.00,0,2.95,99,84.47,0,2.95,0,2.95
3.8,16.9,0.00,0.00,0,2.95,100,84.47,0,2.95,0,2.95
5.2,17.2,0.00,0.00,0,2.95,100,84.47,0,2.95,0,2.95
5.6,17.4,0.00,0.00,0,2.95,100,84.47,0,2.95,0,2.95
6.4,17.6,0.00,0.00,0,2.95,100,84.47,0,2.95,0,2.95
6.0,17.8,0.00,0.00,0,2.95,100,84.47,0,2.95,0,2.95
5.4,18.1,0.00,0.00,0,2.95,100,84.47,0,2.95,0,2.95
15.6,18.2,0.00,0.00,0,2.95,100,84.47,0,2.95,0,2.95
4.1,18.3,0.00,0.00,0,2.95,100,84.47,0,2.95,0,2.95
2.5,18.3,0.00,0.00,0,2.95,100,84.47,0,2.95,0,2.95
2.5,18.3,0.00,0.00,0,2.95,100,84.47,0,2.95,0,2.95
2.5,18.3,0.00,0.00,0,2.95,100,84.47,0,2.95,0,2.95
2.3,18.3,0.00,0.00,0,2.95,100,84.47,0,2.95,0,2.95
2.5,18.3,0.00,0.00,0,2.95,100,84.47,0,2.95,0,2.95
2.3,18.3,0.00,0.00,0,2.95,100,84.47,0,2.95,0,2.95
2.7,18.3,0.00,0.00,0,2.95,100,84.47,0,2.95,0,2.95
2.3,18.3,0.00,0.00,0,2.95,100,84.47,0,2.95,0,2.95
2.1,18.3,0.00,0.00,0,2.95,100,84.47,0,2.95,0,2.95
2.5,18.3,0.00,0.00,0,2.95,100,84.47,0,2.95,0,2.95
3.8,18.3,0.00,0.00,0,2.95,100,84.47,0,2.95,0,2.95
2.5,18.3,0.00,0.00,0,2.95,100,84.47,0,2.95,0,2.95
2.5,18.3,0.00,0.00,0,2.95,100,84.47,0,2.95,0,2.95
2.3,18.3,0.00,0.00,0,2.95,100,84.47,0,2.95,0,2.95
2.7,18.3,0.00,0.00,0,2.95,100,84.47,0,2.95,0,2.95
3.1,18.3,0.00,0.00,0,2.95,100,84.47,0,2.95,0,2.95
3.1,18.3,0.00,0.00,0,2.95,100,84.47,0,2.95,0,2.95
2.9,18.3,0.00,0.00,0,2.95,100,84.47,0,2.95,0,2.95
3.5,18.3,0.00,0.00,0,2.95,100,84.47,0,2.95,0,2.95
4.0,18.3,0.00,0.00,0,2.95,100,84.47,0,2.95,0,2.95
3.8,18.3,0.00,0.00,0,2.95,100,84.47,0,2.95,0,2.95
4.2,18.3,0.00,0.00,0,2.95,100,84.47,0,2.95,0,2.95
4.2,18.3,0.00,0.00,0,2.95,100,84.47,0,2.95,0,2.95
4.4,18.2,0.00,0.00,0,2.95,100,84.47,0,2.95,0,2.95
4.0,18.3,0.00,0.00,0,2.95,100,84.47,0,2.95,0,2.95
4.0,18.3,0.00,0.00,0,2.95,100,84.47,0,2.95,0,2.95
3.8,18.3,0.00,0.00,0,2.95,100,84.47,0,2.95,0,2.95
3.5,18.3,0.00,0.00,0,2.95,100,84.47,0,2.95,0,2.95
3.5,18.3,0.00,0.00,0,2.95,100,84.47,0,2.95,0,2.95
3.5,18.3,0.00,0.00,0,2.95,100,84.47,0,2.95,0,2.95
2.9,18.3,0.00,0.00,0,2.95,100,84.47,0,2.95,0,2.95
4.6,18.3,0.00,0.00,0,2.95,100,84.47,0,2.95,0,2.95
2.5,18.3,0.00,0.00,0,2.95,100,84.47,0,2.95,0,2.95
2.5,18.3,0.00,0.00,0,2.95,100,84.47,0,2.95,0,2.95
2.3,18.3,0.00,0.00,0,2.95,100,84.47,0,2.95,0,2.95
2.5,18.3,0.00,0.00,0,2.95,100,84.47,0,2.95,0,2.95
10.4,18.4,0.00,0.00,0,2.95,100,84.47,0,2.95,0,2.95
7.1,18.3,0.00,0.00,0,2.95,100,84.47,0,2.95,0,2.95
5.5,18.3,0.00,0.00,0,2.95,100,84.47,0,2.95,0,2.95
2.3,18.3,0.00,0.00,0,2.95,100,84.47,0,2.95,0,2.95
6.1,18.3,0.00,0.00,0,2.95,100,84.47,0,2.95,0,2.95
6.5,18.3,0.00,0.00,0,2.95,100,84.47,0,2.95,0,2.95
3.5,18.3,0.00,0.00,0,2.95,100,84.47,0,2.95,0,2.95
2.5,18.3,0.00,0.00,0,2.95,100,84.47,0,2.95,0,2.95
2.7,18.3,0.00,0.00,0,2.95,100,84.47,0,2.95,0,2.95
5.3,18.3,0.00,0.00,0,2.95,100,84.47,0,2.95,0,2.95
6.3,18.3,0.00,0.00,0,2.95,100,84.47,0,2.95,0,2.95
3.3,18.3,0.00,0.00,0,2.95,100,84.47,0,2.95,0,2.95
4.0,18.3,0.00,0.00,0,2.95,100,84.47,0,2.95,0,2.95
4.2,18.3,0.00,0.00,0,2.95,100,84.47,0,2.95,0,2.95
6.9,18.3,0.00,0.00,0,2.95,100,84.47,0,2.95,0,2.95
6.1,18.3,0.00,0.00,0,2.95,100,84.47,0,2.95,0,2.95
5.6,18.3,0.00,0.00,0,2.95,100,84.47,0,2.95,0,2.95
5.2,18.3,0.00,0.00,0,2.95,100,84.47,0,2.95,0,2.95
4.4,18.3,0.00,0.00,0,2.95,100,84.47,0,2.95,0,2.95
6.7,18.3,0.00,0.00,0,2.95,100,84.47,0,2.95,0,2.95
6.3,18.3,0.00,0.00,0,2.95,100,84.47,0,2.95,0,2.95
5.4,18.3,0.00,0.00,0,2.95,100,84.47,0,2.95,0,2.95
3.5,18.3,0.00,0.00,0,2.95,100,84.47,0,2.95,0,2.95
3.3,18.3,0.00,0.00,0,2.95,100,84.47,0,2.95,0,2.95
7.5,18.3,0.00,0.00,0,2.95,100,84.47,0,2.95,0,2.95
6.3,18.3,0.00,0.00,0,2.95,100,84.47,0,2.95,0,2.95
5.9,18.3,0.00,0.00,0,2.95,100,84.47,0,2.95,0,2.95
4.8,18.3,0.00,0.00,0,2.95,100,84.47,0,2.95,0,2.95
2.3,18.3,0.00,0.00,0,2.95,100,84.47,0,2.95,0,2.95
4.4,18.3,0.00,0.00,0,2.95,100,84.47,0,2.95,0,2.95
6.3,18.3,0.00,0.00,0,2.95,100,84.47,0,2.95,0,2.95
5.3,18.3,0.00,0.00,0,2.95,100,84.47,0,2.95,0,2.95
2.5,18.3,0.00,0.00,0,2.95,100,84.47,0,2.95,0,2.95
1.9,18.3,0.00,0.00,0,2.95,100,84.47,0,2.95,0,2.95
2.9,18.3,0.00,0.00,0,2.95,100,84.47,0,2.95,0,2.95
5.7,18.4,0.00,0.00,0,2.95,100,84.47,0,2.95,0,2.95
5.9,18.4,0.00,0.00,0,2.95,100,84.47,0,2.95,0,2.95
2.3,18.3,0.00,0.00,0,2.95,100,84.47,0,2.95,0,2.95
3.1,18.3,0.00,0.00,0,2.95,100,84.47,0,2.95,0,2.95
2.5,18.3,0.00,0.00,0,2.95,100,84.47,0,2.95,0,2.95
5.5,18.4,0.00,0.00,0,2.95,100,84.47,0,2.95,0,2.95
6.3,18.4,0.00,0.00,0,2.95,100,84.47,0,2.95,0,2.95
2.3,18.3,0.00,0.00,0,2.95,100,84.47,0,2.95,0,2.95
2.1,18.3,0.00,0.00,0,2.95,100,84.47,0,2.95,0,2.95
2.1,18.3,0.00,0.00,0,2.95,100,84.47,0,2.95,0,2.95
5.9,18.4,0.00,0.00,0,2.95,100,84.47,0,2.95,0,2.95
6.1,18.4,0.00,0.00,0,2.95,100,84.47,0,2.95,0,2.95
4.4,18.4,0.00,0.00,0,2.95,100,84.47,0,2.95,0,2.95
3.7,18.3,0.00,0.00,0,2.95,100,84.47,0,2.95,0,2.95
3.7,18.3,0.00,0.00,0,2.95,100,84.47,0,2.95,0,2.95
6.5,18.3,0.00,0.00,0,2.95,100,84.47,0,2.95,0,2.95
5.7,18.4,0.00,0.00,0,2.95,100,84.47,0,2.95,0,2.95
5.9,18.4,0.00,0.00,0,2.95,100,84.47,0,2.95,0,2.95
2.5,18.3,0.00,0.00,0,2.95,100,84.47,0,2.95,0,2.95
2.5,18.3,0.00,0.00,0,2.95,100,84.47,0,2.95,0,2.95
4.0,18.3,0.00,0.00,0,2.95,100,84.47,0,2.95,0,2.95
5.7,18.3,0.00,0.00,0,2.95,100,84.47,0,2.95,0,2.95
5.7,18.3,0.00,0.00,0,2.95,100,84.47,0,2.95,0,2.95
2.5,18.3,0.00,0.00,0,2.95,100,84.47,0,2.95,0,2.95
4.0,18.3,0.00,0.00,0,2.95,100,84.47,0,2.95,0,2.95
2.7,18.3,0.00,0.00,0,2.95,100,84.47,0,2.95,0,2.95
5.7,18.3,0.00,0.00,0,2.95,100,84.47,0,2.95,0,2.95
5.7,18.3,0.00,0.00,0,2.95,100,84.47,0,2.95,0,2.95
2.3,18.3,0.00,0.00,0,2.95,100,84.47,0,2.95,0,2.95
2.5,18.3,0.00,0.00,0,2.95,100,84.47,0,2.95,0,2.95
2.1,18.3,0.00,0.00,0,2.95,100,84.47,0,2.95,0,2.95
2.5,18.3,0.00,0.00,0,2.95,100,84.47,0,2.95,0,2.95
2.3,18.3,0.00,0.00,0,2.95,100,84.47,0,2.95,0,2.95
2.5,18.3,0.00,0.00,0,2.95,100,84.47,0,2.95,0,2.95
2.5,18.3,0.00,0.00,0,2.95,100,84.47,0,2.95,0,2.95
2.5,18.3,0.00,0.00,0,2.95,100,84.47,0,2.95,0,2.95
2.5,18.3,0.00,0.00,0,2.95,100,84.47,0,2.95,0,2.95
2.7,18.3,0.00,0.00,0,2.95,100,84.47,0,2.95,0,2.95
2.3,18.3,0.00,0.00,0,2.95,100,84.47,0,2.95,0,2.95
2.5,18.3,0.00,0.00,0,2.95,100,84.47,0,2.95,0,2.95
2.5,18.3,0.00,0.00,0,2.95,100,84.47,0,2.95,0,2.95
2.3,18.3,0.00,0.00,0,2.95,100,84.47,0,2.95,0,2.95
2.3,18.3,0.00,0.00,0,2.95,100,84.47,0,2.95,0,2.95
2.5,18.3,0.00,0.00,0,2.95,100,84.47,0,2.95,0,2.95
2.5,18.3,0.00,0.00,0,2.95,100,84.47,0,2.95,0,2.95
3.8,18.3,0.00,0.00,0,2.95,100,84.47,0,2.95,0,2.95
2.3,18.3,0.00,0.00,0,2.95,100,84.47,0,2.95,0,2.95
2.7,18.3,0.00,0.00,0,2.95,100,84.47,0,2.95,0,2.95
2.5,18.3,0.00,0.00,0,2.95,100,84.47,0,2.95,0,2.95
2.1,18.3,0.00,0.00,0,2.95,100,84.47,0,2.95,0,2.95
2.5,18.3,0.00,0.00,0,2.95,100,84.47,0,2.95,0,2.95
2.5,18.3,0.00,0.00,0,2.95,100,84.47,0,2.95,0,2.95
2.9,18.3,0.00,0.00,0,2.95,100,84.47,0,2.95,0,2.95
2.3,18.3,0.00,0.00,0,2.95,100,84.47,0,2.95,0,2.95
2.5,18.3,0.00,0.00,0,2.95,100,84.47,0,2.95,0,2.95
2.3,18.3,0.00,0.00,0,2.95,100,84.47,0,2.95,0,2.95
2.5,18.3,0.00,0.00,0,2.95,100,84.47,0,2.95,0,2.95
2.3,18.3,0.00,0.00,0,2.95,100,84.47,0,2.95,0,2.95
2.3,18.3,0.00,0.00,0,2.95,100,84.47,0,2.95,0,2.95
2.3,18.3,0.00,0.00,0,2.95,100,84.47,0,2.95,0,2.95
2.5,18.3,0.00,0.00,0,2.95,100,84.47,0,2.95,0,2.95
2.3,18.3,0.00,0.00,0,2.95,100,84.47,0,2.95,0,2.95
5.7,18.3,0.00,0.00,0,2.95,100,84.47,0,2.95,0,2.95
6.3,18.3,0.00,0.00,0,2.95,100,84.47,0,2.95,0,2.95
2.5,18.3,0.00,0.00,0,2.95,100,84.47,0,2.95,0,2.95
2.5,18.3,0.00,0.00,0,2.95,100,84.47,0,2.95,0,2.95
4.0,18.3,0.00,0.00,0,2.95,100,84.47,0,2.95,0,2.95
2.7,18.3,0.00,0.00,0,2.95,100,84.47,0,2.95,0,2.95
2.3,18.3,0.00,0.00,0,2.95,100,84.47,0,2.95,0,2.95
2.3,18.3,0.00,0.00,0,2.95,100,84.47,0,2.95,0,2.95
2.5,18.3,0.00,0.00,0,2.95,100,84.47,0,2.95,0,2.95
2.7,18.3,0.00,0.00,0,2.95,100,84.47,0,2.95,0,2.95
6.1,18.3,0.00,0.00,0,2.95,100,84.47,0,2.95,0,2.95
6.5,18.3,0.00,0.00,0,2.95,100,84.47,0,2.95,0,2.95
5.2,18.3,0.00,0.00,0,2.95,100,84.47,0,2.95,0,2.95
5.4,18.3,0.00,0.00,0,2.95,100,84.47,0,2.95,0,2.95
11.5,18.3,0.00,0.00,0,2.95,70,84.47,0,2.95,0,2.95
7.5,16.8,0.00,0.00,0,2.95,81,84.47,0,2.95,0,2.95
4.8,16.9,0.00,0.00,0,2.95,84,84.47,0,2.95,0,2.95
5.2,17.2,0.00,0.00,0,2.95,83,84.47,0,2.95,0,2.95
13.4,17.4,0.00,0.00,0,2.95,83,84.47,0,2.95,0,2.95
4.4,17.7,0.00,0.00,0,2.95,87,84.47,0,2.95,0,2.95
5.4,17.9,0.00,0.00,0,2.95,82,84.47,0,2.95,0,2.95
5.8,18.1,0.00,0.00,0,2.95,83,84.47,0,2.95,0,2.95
2.7,18.3,0.00,0.00,0,2.95,86,84.47,0,2.95,0,2.95
3.8,18.3,0.00,0.00,0,2.95,87,84.47,0,2.95,0,2.95
2.5,18.3,0.00,0.00,0,2.95,87,84.47,0,2.95,0,2.95
3.1,18.3,0.00,0.00,0,2.95,87,84.47,0,2.95,0,2.95
3.5,18.3,0.00,0.00,0,2.95,83,84.47,0,2.95,0,2.95
2.9,18.3,0.00,0.00,0,2.95,85,84.47,0,2.95,0,2.95
3.8,18.3,0.00,0.00,0,2.95,88,84.47,0,2.95,0,2.95
2.7,18.3,0.00,0.00,0,2.95,82,84.47,0,2.95,0,2.95
2.7,18.3,0.00,0.00,0,2.95,84,84.47,0,2.95,0,2.95
3.8,18.3,0.00,0.00,0,2.95,81,84.47,0,2.95,0,2.95
3.7,18.3,0.00,0.00,0,2.95,87,84.47,0,2.95,0,2.95
3.3,18.3,0.00,0.00,0,2.95,86,84.47,0,2.95,0,2.95
2.7,18.3,0.00,0.00,0,2.95,86,84.47,0,2.95,0,2.95
3.1,18.3,0.00,0.00,0,2.95,85,84.47,0,2.95,0,2.95
4.2,18.3,0.00,0.00,0,2.95,86,84.47,0,2.95,0,2.95
2.5,18.3,0.00,0.00,0,2.95,89,84.47,0,2.95,0,2.95
3.1,18.3,0.00,0.00,0,2.95,87,84.47,0,2.95,0,2.95
2.9,18.3,0.00,0.00,0,2.95,85,84.47,0,2.95,0,2.95
2.7,18.3,0.00,0.00,0,2.95,87,84.47,0,2.95,0,2.95
4.0,18.3,0.00,0.00,0,2.95,88,84.47,0,2.95,0,2.95
3.7,18.3,0.00,0.00,0,2.95,89,84.47,0,2.95,0,2.95
2.5,18.3,0.00,0.00,0,2.95,89,84.47,0,2.95,0,2.95
2.3,18.3,0.00,0.00,0,2.95,88,84.47,0,2.95,0,2.95
3.5,18.3,0.00,0.00,0,2.95,87,84.47,0,2.95,0,2.95
3.7,18.3,0.00,0.00,0,2.95,87,84.47,0,2.95,0,2.95
4.0,18.3,0.00,0.00,0,2.95,87,84.47,0,2.95,0,2.95
2.3,18.3,0.00,0.00,0,2.95,88,84.47,0,2.95,0,2.95
2.7,18.3,0.00,0.00,0,2.95,88,84.47,0,2.95,0,2.95
3.1,18.3,0.00,0.00,0,2.95,88,84.47,0,2.95,0,2.95
3.5,18.3,0.00,0.00,0,2.95,88,84.47,0,2.95,0,2.95
3.1,18.3,0.00,0.00,0,2.95,87,84.47,0,2.95,0,2.95
2.3,18.3,0.00,0.00,0,2.95,86,84.47,0,2.95,0,2.95
2.5,18.3,0.00,0.00,0,2.95,86,84.47,0,2.95,0,2.95
3.7,18.3,0.00,0.00,0,2.95,86,84.47,0,2.95,0,2.95
3.3,18.3,0.00,0.00,0,2.95,88,84.47,0,2.95,0,2.95
4.2,18.3,0.00,0.00,0,2.95,86,84.47,0,2.95,0,2.95
3.5,18.3,0.00,0.00,0,2.95,87,84.47,0,2.95,0,2.95
4.0,18.3,0.00,0.00,0,2.95,83,84.47,0,2.95,0,2.95
2.5,18.3,0.00,0.00,0,2.95,86,84.47,0,2.95,0,2.95
3.5,18.3,0.00,0.00,0,2.95,87,84.47,0,2.95,0,2.95
2.9,18.3,0.00,0.00,0,2.95,85,84.47,0,2.95,0,2.95
2.5,18.3,0.00,0.00,0,2.95,87,84.47,0,2.95,0,2.95
3.5,18.3,0.00,0.00,0,2.95,83,84.47,0,2.95,0,2.95
2.5,18.3,0.00,0.00,0,2.95,86,84.47,0,2.95,0,2.95
5.3,18.3,0.00,0.00,0,2.95,88,84.47,0,2.95,0,2.95
4.1,18.3,0.00,0.00,0,2.95,86,84.47,0,2.95,0,2.95
4.7,18.3,0.00,0.00,0,2.95,87,84.47,0,2.95,0,2.95
3.5,18.3,0.00,0.00,0,2.95,87,84.47,0,2.95,0,2.95
3.5,18.3,0.00,0.00,0,2.95,86,84.47,0,2.95,0,2.95
2.7,18.3,0.00,0.00,0,2.95,86,84.47,0,2.95,0,2.95
3.1,18.3,0.00,0.00,0,2.95,87,84.47,0,2.95,0,2.95
3.3,18.3,0.00,0.00,0,2.95,86,84.47,0,2.95,0,2.95
3.1,18.3,0.00,0.00,0,2.95,86,84.47,0,2.95,0,2.95
3.7,18.3,0.00,0.00,0,2.95,87,84.47,0,2.95,0,2.95
2.3,18.3,0.00,0.00,0,2.95,86,84.47,0,2.95,0,2.95
2.7,18.3,0.00,0.00,0,2.95,87,84.47,0,2.95,0,2.95
4.2,18.3,0.00,0.00,0,2.95,88,84.47,0,2.95,0,2.95
2.7,18.3,0.00,0.00,0,2.95,85,84.47,0,2.95,0,2.95
2.9,18.3,0.00,0.00,0,2.95,86,84.47,0,2.95,0,2.95
12.1,18.3,0.00,0.00,0,2.95,88,84.47,0,2.95,0,2.95
2.5,18.3,0.00,0.00,0,2.95,84,84.47,0,2.95,0,2.95
2.9,18.3,0.00,0.00,0,2.95,88,84.47,0,2.95,0,2.95
3.1,18.3,0.00,0.00,0,2.95,89,84.47,0,2.95,0,2.95
3.8,18.3,0.00,0.00,0,2.95,88,84.47,0,2.95,0,2.95
2.9,18.3,0.00,0.00,0,2.95,87,84.47,0,2.95,0,2.95
2.9,18.3,0.00,0.00,0,2.95,82,84.47,0,2.95,0,2.95
3.3,18.3,0.00,0.00,0,2.95,86,84.47,0,2.95,0,2.95
4.0,18.3,0.00,0.00,0,2.95,86,84.47,0,2.95,0,2.95
4.1,18.3,0.00,0.00,0,2.95,87,84.47,0,2.95,0,2.95
2.1,18.3,0.00,0.00,0,2.95,83,84.47,0,2.95,0,2.95
3.3,18.3,0.00,0.00,0,2.95,85,84.47,0,2.95,0,2.95
3.5,18.2,0.00,0.00,0,2.95,89,84.47,0,2.95,0,2.95
2.1,18.2,0.00,0.00,0,2.95,87,84.47,0,2.95,0,2.95
3.1,18.2,0.00,0.00,0,2.95,86,84.47,0,2.95,0,2.95
3.3,18.2,0.00,0.00,0,2.95,86,84.47,0,2.95,0,2.95
2.5,18.3,0.00,0.00,0,2.95,85,84.47,0,2.95,0,2.95
4.0,18.3,0.00,0.00,0,2.95,87,84.47,0,2.95,0,2.95
2.7,18.2,0.00,0.00,0,2.95,83,84.47,0,2.95,0,2.95
3.7,18.2,0.00,0.00,0,2.95,84,84.47,0,2.95,0,2.95
2.9,18.2,0.00,0.00,0,2.95,86,84.47,0,2.95,0,2.95
2.1,18.2,0.00,0.00,0,2.95,86,84.47,0,2.95,0,2.95
3.7,18.3,0.00,0.00,0,2.95,87,84.47,0,2.95,0,2.95
3.3,18.2,0.00,0.00,0,2.95,87,84.47,0,2.95,0,2.95
2.5,18.3,0.00,0.00,0,2.95,86,84.47,0,2.95,0,2.95
3.5,18.3,0.00,0.00,0,2.95,85,84.47,0,2.95,0,2.95
2.9,18.3,0.00,0.00,0,2.95,87,84.47,0,2.95,0,2.95
2.5,18.2,0.00,0.00,0,2.95,87,84.47,0,2.95,0,2.95
3.5,18.2,0.00,0.00,0,2.95,86,84.47,0,2.95,0,2.95
3.8,18.2,0.00,0.00,0,2.95,86,84.47,0,2.95,0,2.95
4.0,18.2,0.00,0.00,0,2.95,84,84.47,0,2.95,0,2.95
2.5,18.2,0.00,0.00,0,2.95,88,84.47,0,2.95,0,2.95
3.3,18.2,0.00,0.00,0,2.95,85,84.47,0,2.95,0,2.95
4.5,18.2,0.00,0.00,0,2.95,87,84.47,0,2.95,0,2.95
3.1,18.2,0.00,0.00,0,2.95,87,84.47,0,2.95,0,2.95
2.9,18.2,0.00,0.00,0,2.95,87,84.47,0,2.95,0,2.95
3.3,18.2,0.00,0.00,0,2.95,89,84.47,0,2.95,0,2.95
4.0,18.2,0.00,0.00,0,2.95,87,84.47,0,2.95,0,2.95
2.3,18.2,0.00,0.00,0,2.95,88,84.47,0,2.95,0,2.95
2.9,18.2,0.00,0.00,0,2.95,89,84.47,0,2.95,0,2.95
4.4,18.2,0.00,0.00,0,2.95,87,84.47,0,2.95,0,2.95
3.1,18.2,0.00,0.00,0,2.95,86,84.47,0,2.95,0,2.95
2.5,18.2,0.00,0.00,0,2.95,86,84.47,0,2.95,0,2.95
2.9,18.2,0.00,0.00,0,2.95,86,84.47,0,2.95,0,2.95
3.5,18.2,0.00,0.00,0,2.95,84,84.47,0,2.95,0,2.95
2.7,18.2,0.00,0.00,0,2.95,89,84.47,0,2.95,0,2.95
2.1,18.2,0.00,0.00,0,2.95,89,84.47,0,2.95,0,2.95
3.3,18.2,0.00,0.00,0,2.95,87,84.47,0,2.95,0,2.95
2.9,18.2,0.00,0.00,0,2.95,88,84.47,0,2.95,0,2.95
2.1,18.2,0.00,0.00,0,2.95,85,84.47,0,2.95,0,2.95
4.8,18.3,0.00,0.00,0,2.95,86,84.47,0,2.95,0,2.95
3.3,18.2,0.00,0.00,0,2.95,84,84.47,0,2.95,0,2.95
2.7,18.2,0.00,0.00,0,2.95,87,84.47,0,2.95,0,2.95
3.5,18.2,0.00,0.00,0,2.95,85,84.47,0,2.95,0,2.95
2.5,18.2,0.00,0.00,0,2.95,88,84.47,0,2.95,0,2.95
3.5,18.2,0.00,0.00,0,2.95,83,84.47,0,2.95,0,2.95
2.5,18.2,0.00,0.00,0,2.95,84,84.47,0,2.95,0,2.95
4.1,18.2,0.00,0.00,0,2.95,82,84.47,0,2.95,0,2.95
2.7,18.2,0.00,0.00,0,2.95,85,84.47,0,2.95,0,2.95
2.7,18.2,0.00,0.00,0,2.95,81,84.47,0,2.95,0,2.95
2.5,18.2,0.00,0.00,0,2.95,87,84.47,0,2.95,0,2.95
4.8,18.2,0.00,0.00,0,2.95,87,84.47,0,2.95,0,2.95
3.3,18.2,0.00,0.00,0,2.95,86,84.47,0,2.95,0,2.95
3.1,18.2,0.00,0.00,0,2.95,86,84.47,0,2.95,0,2.95
3.3,18.2,0.00,0.00,0,2.95,86,84.47,0,2.95,0,2.95
2.3,18.2,0.00,0.00,0,2.95,87,84.47,0,2.95,0,2.95
3.8,18.2,0.00,0.00,0,2.95,87,84.47,0,2.95,0,2.95
2.5,18.2,0.00,0.00,0,2.95,86,84.47,0,2.95,0,2.95
2.3,18.2,0.00,0.00,0,2.95,87,84.47,0,2.95,0,2.95
3.3,18.2,0.00,0.00,0,2.95,87,84.47,0,2.95,0,2.95
4.4,18.2,0.00,0.00,0,2.95,86,84.47,0,2.95,0,2.95
3.5,18.2,0.00,0.00,0,2.95,87,84.47,0,2.95,0,2.95
3.1,18.2,0.00,0.00,0,2.95,88,84.47,0,2.95,0,2.95
3.7,18.2,0.00,0.00,0,2.95,87,84.47,0,2.95,0,2.95
2.7,18.2,0.00,0.00,0,2.95,87,84.47,0,2.95,0,2.95
2.7,18.2,0.00,0.00,0,2.95,87,84.47,0,2.95,0,2.95
3.9,18.2,0.00,0.00,0,2.95,88,84.47,0,2.95,0,2.95
3.5,18.2,0.00,0.00,0,2.95,86,84.47,0,2.95,0,2.95
2.9,18.2,0.00,0.00,0,2.95,83,84.47,0,2.95,0,2.95
2.9,18.2,0.00,0.00,0,2.95,83,84.47,0,2.95,0,2.95
3.5,18.3,0.00,0.00,0,2.95,88,84.47,0,2.95,0,2.95
3.1,18.3,0.00,0.00,0,2.95,88,84.47,0,2.95,0,2.95
2.9,18.3,0.00,0.00,0,2.95,88,84.47,0,2.95,0,2.95
3.7,18.2,0.00,0.00,0,2.95,85,84.47,0,2.95,0,2.95
3.1,18.2,0.00,0.00,0,2.95,88,84.47,0,2.95,0,2.95
2.1,18.2,0.00,0.00,0,2.95,87,84.47,0,2.95,0,2.95
3.5,18.2,0.00,0.00,0,2.95,88,84.47,0,2.95,0,2.95
2.9,18.2,0.00,0.00,0,2.95,89,84.47,0,2.95,0,2.95
2.3,18.2,0.00,0.00,0,2.95,89,84.47,0,2.95,0,2.95
3.3,18.2,0.00,0.00,0,2.95,85,84.47,0,2.95,0,2.95
3.3,18.2,0.00,0.00,0,2.95,87,84.47,0,2.95,0,2.95
2.5,18.2,0.00,0.00,0,2.95,87,84.47,0,2.95,0,2.95
5.2,18.2,0.00,0.00,0,2.95,87,84.47,0,2.95,0,2.95
3.1,18.2,0.00,0.00,0,2.95,88,84.47,0,2.95,0,2.95
2.3,18.2,0.00,0.00,0,2.95,88,84.47,0,2.95,0,2.95
3.5,18.2,0.00,0.00,0,2.95,88,84.47,0,2.95,0,2.95
3.7,18.2,0.00,0.00,0,2.95,87,84.47,0,2.95,0,2.95
2.5,18.2,0.00,0.00,0,2.95,88,84.47,0,2.95,0,2.95
2.9,18.2,0.00,0.00,0,2.95,86,84.47,0,2.95,0,2.95
4.0,18.2,0.00,0.00,0,2.95,87,84.47,0,2.95,0,2.95
2.9,18.2,0.00,0.00,0,2.95,88,84.47,0,2.95,0,2.95
2.7,18.2,0.00,0.00,0,2.95,89,84.47,0,2.95,0,2.95
2.7,18.2,0.00,0.00,0,2.95,87,84.47,0,2.95,0,2.95
5.2,18.2,0.00,0.00,0,2.95,88,84.47,0,2.95,0,2.95
3.5,18.2,0.00,0.00,0,2.95,88,84.47,0,2.95,0,2.95
2.7,18.2,0.00,0.00,0,2.95,89,84.47,0,2.95,0,2.95
2.1,18.2,0.00,0.00,0,2.95,90,84.47,0,2.95,0,2.95
2.7,18.2,0.00,0.00,0,2.95,88,84.47,0,2.95,0,2.95
3.3,18.2,0.00,0.00,0,2.95,88,84.47,0,2.95,0,2.95
11.3,18.3,0.00,0.00,0,2.95,88,84.47,0,2.95,0,2.95
7.1,18.3,0.00,0.00,0,2.95,83,84.47,0,2.95,0,2.95
5.5,18.3,0.00,0.00,0,2.95,80,84.47,0,2.95,0,2.95
6.3,18.3,0.00,0.00,0,2.95,80,84.47,0,2.95,0,2.95
7.3,18.3,0.00,0.00,0,2.95,83,84.47,0,2.95,0,2.95
6.3,18.3,0.00,0.00,0,2.95,88,84.47,0,2.95,0,2.95
4.6,16.7,0.00,0.00,0,2.95,33,64.31,0,2.95,0,2.95
4.0,13.3,0.00,0.00,0,2.95,100,64.31,0,2.95,0,2.95
4.0,13.3,0.00,0.00,0,2.95,100,64.31,0,2.95,0,2.95
6.5,13.3,0.00,0.00,0,2.95,100,64.31,0,2.95,0,2.95
6.1,13.3,0.00,0.00,0,2.95,100,64.31,0,2.95,0,2.95
3.8,13.3,0.00,0.00,0,2.95,99,64.31,0,2.95,0,2.95
3.3,13.3,0.00,0.00,0,2.95,100,64.31,0,2.95,0,2.95
2.9,13.3,0.00,0.00,0,2.95,100,64.31,0,2.95,0,2.95
5.7,13.3,0.00,0.00,0,2.95,100,64.31,0,2.95,0,2.95
6.9,13.3,0.00,0.00,0,2.95,100,64.31,0,2.95,0,2.95
2.3,13.3,0.00,0.00,0,2.95,100,64.31,0,2.95,0,2.95
2.7,13.3,0.00,0.00,0,2.95,100,64.31,0,2.95,0,2.95
2.5,13.3,0.00,0.00,0,2.95,100,64.31,0,2.95,0,2.95
5.9,13.3,0.00,0.00,0,2.95,100,64.31,0,2.95,0,2.95
5.7,13.3,0.00,0.00,0,2.95,100,64.31,0,2.95,0,2.95
5.4,13.3,0.00,0.00,0,2.95,100,64.31,0,2.95,0,2.95
2.3,13.3,0.00,0.00,0,2.95,100,64.31,0,2.95,0,2.95
2.9,13.3,0.00,0.00,0,2.95,100,64.31,0,2.95,0,2.95
5.8,13.3,0.00,0.00,0,2.95,100,64.31,0,2.95,0,2.95
6.9,13.3,0.00,0.00,0,2.95,100,64.31,0,2.95,0,2.95
6.5,13.3,0.00,0.00,0,2.95,100,64.31,0,2.95,0,2.95
3.7,13.3,0.00,0.00,0,2.95,100,64.31,0,2.95,0,2.95
4.6,13.3,0.00,0.00,0,2.95,100,64.31,0,2.95,0,2.95
4.0,13.3,0.00,0.00,0,2.95,100,64.31,0,2.95,0,2.95
6.1,13.3,0.00,0.00,0,2.95,100,64.31,0,2.95,0,2.95
6.5,13.3,0.00,0.00,0,2.95,99,64.31,0,2.95,0,2.95
3.5,13.3,0.00,0.00,0,2.95,99,64.31,0,2.95,0,2.95
3.3,13.3,0.00,0.00,0,2.95,100,64.31,0,2.95,0,2.95
3.1,13.3,0.00,0.00,0,2.95,100,64.31,0,2.95,0,2.95
6.7,13.3,0.00,0.00,0,2.95,100,64.31,0,2.95,0,2.95
5.7,13.3,0.00,0.00,0,2.95,100,64.31,0,2.95,0,2.95
4.2,13.3,0.00,0.00,0,2.95,100,64.31,0,2.95,0,2.95
2.5,13.3,0.00,0.00,0,2.95,100,64.31,0,2.95,0,2.95
2.5,13.3,0.00,0.00,0,2.95,100,64.31,0,2.95,0,2.95
5.5,13.3,0.00,0.00,0,2.95,100,64.31,0,2.95,0,2.95
5.5,13.3,0.00,0.00,0,2.95,100,64.31,0,2.95,0,2.95
5.9,13.3,0.00,0.00,0,2.95,100,64.31,0,2.95,0,2.95
2.7,13.3,0.00,0.00,0,2.95,100,64.31,0,2.95,0,2.95
3.1,13.3,0.00,0.00,0,2.95,100,64.31,0,2.95,0,2.95
5.8,13.3,0.00,0.00,0,2.95,100,64.31,0,2.95,0,2.95
6.7,13.3,0.00,0.00,0,2.95,100,64.31,0,2.95,0,2.95
6.1,13.3,0.00,0.00,0,2.95,100,64.31,0,2.95,0,2.95
3.8,13.3,0.00,0.00,0,2.95,100,64.31,0,2.95,0,2.95
3.3,13.3,0.00,0.00,0,2.95,100,64.31,0,2.95,0,2.95
2.9,13.3,0.00,0.00,0,2.95,100,64.31,0,2.95,0,2.95
6.2,13.3,0.00,0.00,0,2.95,100,64.31,0,2.95,0,2.95
5.5,13.3,0.00,0.00,0,2.95,100,64.31,0,2.95,0,2.95
2.3,13.3,0.00,0.00,0,2.95,100,64.31,0,2.95,0,2.95
2.5,13.3,0.00,0.00,0,2.95,100,64.31,0,2.95,0,2.95
4.0,13.3,0.00,0.00,0,2.95,100,64.31,0,2.95,0,2.95
5.9,13.3,0.00,0.00,0,2.95,100,64.31,0,2.95,0,2.95
5.8,13.3,0.00,0.00,0,2.95,100,64.31,0,2.95,0,2.95
5.8,13.3,0.00,0.00,0,2.95,100,64.31,0,2.95,0,2.95
2.3,13.3,0.00,0.00,0,2.95,100,64.31,0,2.95,0,2.95
3.1,13.3,0.00,0.00,0,2.95,100,64.31,0,2.95,0,2.95
3.7,13.3,0.00,0.00,0,2.95,100,64.31,0,2.95,0,2.95
6.1,13.3,0.00,0.00,0,2.95,100,64.31,0,2.95,0,2.95
6.1,13.3,0.00,0.00,0,2.95,100,64.31,0,2.95,0,2.95
4.2,13.3,0.00,0.00,0,2.95,100,64.31,0,2.95,0,2.95
5.4,13.3,0.00,0.00,0,2.95,100,64.31,0,2.95,0,2.95
3.3,13.3,0.00,0.00,0,2.95,100,64.31,0,2.95,0,2.95
6.5,13.3,0.00,0.00,0,2.95,100,64.31,0,2.95,0,2.95
6.1,13.3,0.00,0.00,0,2.95,100,64.31,0,2.95,0,2.95
2.1,13.3,0.00,0.00,0,2.95,100,64.31,0,2.95,0,2.95
2.5,13.3,0.00,0.00,0,2.95,100,64.31,0,2.95,0,2.95
3.5,13.3,0.00,0.00,0,2.95,100,64.31,0,2.95,0,2.95
5.9,13.3,0.00,0.00,0,2.95,100,64.31,0,2.95,0,2.95
5.1,13.3,0.00,0.00,0,2.95,100,64.31,0,2.95,0,2.95
3.1,13.3,0.00,0.00,0,2.95,100,64.31,0,2.95,0,2.95
4.0,13.3,0.00,0.00,0,2.95,100,64.31,0,2.95,0,2.95
2.9,13.3,0.00,0.00,0,2.95,100,64.31,0,2.95,0,2.95
6.1,13.3,0.00,0.00,0,2.95,100,64.31,0,2.95,0,2.95
6.7,13.3,0.00,0.00,0,2.95,100,64.31,0,2.95,0,2.95
5.3,13.3,0.00,0.00,0,2.95,100,64.31,0,2.95,0,2.95
3.7,13.3,0.00,0.00,0,2.95,100,64.31,0,2.95,0,2.95
4.2,13.3,0.00,0.00,0,2.95,100,64.31,0,2.95,0,2.95
5.6,13.3,0.00,0.00,0,2.95,100,64.31,0,2.95,0,2.95
6.1,13.3,0.00,0.00,0,2.95,100,64.31,0,2.95,0,2.95
6.7,13.3,0.00,0.00,0,2.95,100,64.31,0,2.95,0,2.95
5.6,13.3,0.00,0.00,0,2.95,100,64.31,0,2.95,0,2.95
3.1,13.3,0.00,0.00,0,2.95,100,64.31,0,2.95,0,2.95
3.1,13.3,0.00,0.00,0,2.95,100,64.31,0,2.95,0,2.95
6.9,13.3,0.00,0.00,0,2.95,100,64.31,0,2.95,0,2.95
6.1,13.3,0.00,0.00,0,2.95,100,64.31,0,2.95,0,2.95
3.1,13.3,0.00,0.00,0,2.95,100,64.31,0,2.95,0,2.95
2.5,13.3,0.00,0.00,0,2.95,100,64.31,0,2.95,0,2.95
2.3,13.3,0.00,0.00,0,2.95,100,64.31,0,2.95,0,2.95
5.9,13.3,0.00,0.00,0,2.95,100,64.31,0,2.95,0,2.95
5.5,13.3,0.00,0.00,0,2.95,100,64.31,0,2.95,0,2.95
5.4,13.3,0.00,0.00,0,2.95,100,64.31,0,2.95,0,2.95
2.7,13.3,0.00,0.00,0,2.95,100,64.31,0,2.95,0,2.95
2.1,13.3,0.00,0.00,0,2.95,100,64.31,0,2.95,0,2.95
5.7,13.3,0.00,0.00,0,2.95,100,64.31,0,2.95,0,2.95
6.3,13.3,0.00,0.00,0,2.95,100,64.31,0,2.95,0,2.95
5.4,13.3,0.00,0.00,0,2.95,100,64.31,0,2.95,0,2.95
5.0,13.3,0.00,0.00,0,2.95,100,64.31,0,2.95,0,2.95
2.9,13.3,0.00,0.00,0,2.95,100,64.31,0,2.95,0,2.95
5.6,13.3,0.00,0.00,0,2.95,100,64.31,0,2.95,0,2.95
5.9,13.3,0.00,0.00,0,2.95,100,64.31,0,2.95,0,2.95
7.6,13.3,0.00,0.00,0,2.95,100,64.31,0,2.95,0,2.95
6.9,13.3,0.00,0.00,0,2.95,100,64.31,0,2.95,0,2.95
6.7,13.3,0.00,0.00,0,2.95,100,64.31,0,2.95,0,2.95
6.3,13.3,0.00,0.00,0,2.95,100,64.31,0,2.95,0,2.95
5.7,13.3,0.00,0.00,0,2.95,100,64.31,0,2.95,0,2.95
6.7,13.3,0.00,0.00,0,2.95,100,64.31,0,2.95,0,2.95
4.0,13.3,0.00,0.00,0,2.95,100,64.31,0,2.95,0,2.95
3.7,13.3,0.00,0.00,0,2.95,100,64.31,0,2.95,0,2.95
3.1,13.3,0.00,0.00,0,2.95,100,64.31,0,2.95,0,2.95
5.9,13.3,0.00,0.00,0,2.95,100,64.31,0,2.95,0,2.95
8.6,13.3,0.00,0.00,0,2.95,100,64.31,0,2.95,0,2.95
5.6,13.3,0.00,0.00,0,2.95,100,64.31,0,2.95,0,2.95
2.3,13.3,0.00,0.00,0,2.95,100,64.31,0,2.95,0,2.95
2.5,13.3,0.00,0.00,0,2.95,100,64.31,0,2.95,0,2.95
5.5,13.3,0.00,0.00,0,2.95,100,64.31,0,2.95,0,2.95
5.9,13.3,0.00,0.00,0,2.95,100,64.31,0,2.95,0,2.95
5.3,13.3,0.00,0.00,0,2.95,100,64.31,0,2.95,0,2.95
2.5,13.3,0.00,0.00,0,2.95,100,64.31,0,2.95,0,2.95
2.7,13.3,0.00,0.00,0,2.95,100,64.31,0,2.95,0,2.95
2.1,13.3,0.00,0.00,0,2.95,100,64.31,0,2.95,0,2.95
7.1,13.3,0.00,0.00,0,2.95,100,64.31,0,2.95,0,2.95
5.9,13.3,0.00,0.00,0,2.95,100,64.31,0,2.95,0,2.95
2.9,13.3,0.00,0.00,0,2.95,100,64.31,0,2.95,0,2.95
9.1,13.2,0.00,0.00,0,2.95,100,64.31,0,2.95,0,2.95
3.5,13.2,0.00,0.00,0,2.95,100,64.31,0,2.95,0,2.95
5.7,13.2,0.00,0.00,0,2.95,100,64.31,0,2.95,0,2.95
6.1,13.2,0.00,0.00,0,2.95,100,64.31,0,2.95,0,2.95
6.8,13.2,0.00,0.00,0,2.95,100,64.31,0,2.95,0,2.95
2.5,13.2,0.00,0.00,0,2.95,100,64.31,0,2.95,0,2.95
3.1,13.2,0.00,0.00,0,2.95,100,64.31,0,2.95,0,2.95
6.3,13.2,0.00,0.00,0,2.95,100,64.31,0,2.95,0,2.95
6.3,13.2,0.00,0.00,0,2.95,100,64.31,0,2.95,0,2.95
5.7,13.2,0.00,0.00,0,2.95,100,64.31,0,2.95,0,2.95
3.3,13.2,0.00,0.00,0,2.95,100,64.31,0,2.95,0,2.95
3.1,13.2,0.00,0.00,0,2.95,100,64.31,0,2.95,0,2.95
3.3,13.2,0.00,0.00,0,2.95,100,64.31,0,2.95,0,2.95
5.9,13.2,0.00,0.00,0,2.95,100,64.31,0,2.95,0,2.95
6.1,13.2,0.00,0.00,0,2.95,100,64.31,0,2.95,0,2.95
4.4,13.2,0.00,0.00,0,2.95,100,64.31,0,2.95,0,2.95
4.2,13.2,0.00,0.00,0,2.95,100,64.31,0,2.95,0,2.95
5.6,13.2,0.00,0.00,0,2.95,100,64.31,0,2.95,0,2.95
6.1,13.2,0.00,0.00,0,2.95,100,64.31,0,2.95,0,2.95
6.3,13.2,0.00,0.00,0,2.95,100,64.31,0,2.95,0,2.95
5.7,13.2,0.00,0.00,0,2.95,100,64.31,0,2.95,0,2.95
4.4,13.2,0.00,0.00,0,2.95,100,64.31,0,2.95,0,2.95
2.9,13.2,0.00,0.00,0,2.95,100,64.31,0,2.95,0,2.95
3.1,13.2,0.00,0.00,0,2.95,100,64.31,0,2.95,0,2.95
6.1,13.2,0.00,0.00,0,2.95,100,64.31,0,2.95,0,2.95
6.7,13.2,0.00,0.00,0,2.95,100,64.31,0,2.95,0,2.95
2.1,13.2,0.00,0.00,0,2.95,100,64.31,0,2.95,0,2.95
4.4,13.2,0.00,0.00,0,2.95,100,64.31,0,2.95,0,2.95
2.9,13.2,0.00,0.00,0,2.95,100,64.31,0,2.95,0,2.95
6.2,13.2,0.00,0.00,0,2.95,100,64.31,0,2.95,0,2.95
5.9,13.2,0.00,0.00,0,2.95,100,64.31,0,2.95,0,2.95
5.7,13.2,0.00,0.00,0,2.95,100,64.31,0,2.95,0,2.95
2.7,13.2,0.00,0.00,0,2.95,100,64.31,0,2.95,0,2.95
2.3,13.2,0.00,0.00,0,2.95,100,64.31,0,2.95,0,2.95
2.7,13.2,0.00,0.00,0,2.95,100,64.31,0,2.95,0,2.95
5.0,13.2,0.00,0.00,0,2.95,100,64.31,0,2.95,0,2.95
5.6,8.5,0.00,0.00,0,2.95,10,2.95,0,2.95,0,2.95
3509.34