1.5,5.3,0.00,0.00,5,2.95,0,2.95,5,2.95,0,2.95
0.4,5.3,0.00,0.00,0,2.95,0,2.95,0,2.95,0,2.95
0.6,5.3,0.00,0.00,0,2.95,0,2.95,0,2.95,0,2.95
0.4,5.3,0.00,0.00,0,2.95,0,2.95,0,2.95,0,2.95
0.6,5.3,0.00,0.00,0,2.95,0,2.95,0,2.95,0,2.95
0.6,5.3,0.00,0.00,0,2.95,0,2.95,0,2.95,0,2.95
6.8,5.7,0.00,0.00,0,2.95,0,2.95,0,2.95,0,2.95
6.1,6.4,0.00,0.00,0,2.95,0,2.95,0,2.95,0,2.95
4.8,8.0,0.00,0.00,1,9.49,1,8.14,0,2.95,0,2.95
6.8,13.9,0.00,0.00,7,22.33,3,14.68,0,2.95,0,2.95
8.7,18.0,0.00,0.00,7,38.98,1,16.54,0,2.95,0,2.95
4.2,18.5,0.00,0.00,0,38.98,0,16.54,0,2.95,0,2.95
3.8,19.0,0.00,0.00,0,38.98,0,16.54,0,2.95,0,2.95
4.4,19.4,0.00,0.00,0,38.98,0,16.54,0,2.95,0,2.95
25.8,20.0,0.00,0.00,0,46.85,6,21.3,0,2.95,0,2.95
15.9,20.4,0.00,0.00,89,46.85,46,21.3,0,2.95,0,2.95
34.9,20.6,0.00,0.00,95,46.85,43,21.3,0,2.95,0,2.95
14.5,20.8,0.00,0.00,95,46.85,42,21.3,0,2.95,0,2.95
14.5,21.1,0.00,0.00,94,46.85,46,21.3,0,2.95,0,2.95
12.1,21.3,0.00,0.00,96,46.85,48,21.3,0,2.95,0,2.95
12.1,21.3,0.00,0.00,95,46.85,46,21.3,0,2.95,0,2.95
12.3,21.3,0.00,0.00,95,46.85,45,21.3,0,2.95,0,2.95
12.4,21.3,0.00,0.00,96,46.85,38,21.3,0,2.95,0,2.95
14.6,21.5,0.00,0.00,95,46.85,45,21.3,0,2.95,0,2.95
14.7,21.8,0.00,0.00,94,46.85,45,21.3,0,5.06,0,2.95
14.4,22.8,0.00,0.00,96,46.85,45,21.3,4,10.95,0,2.95
14.6,24.6,0.00,0.00,95,46.85,44,21.3,5,18.76,0,2.95
99.2,25.7,0.00,0.00,95,46.85,42,21.3,0,18.76,0,2.95
23.2,25.9,0.00,0.00,95,46.85,48,21.3,0,18.76,0,2.95
15.0,26.1,0.00,0.00,94,46.85,50,21.3,0,18.76,0,2.95
13.4,26.3,0.00,0.00,95,46.85,46,21.3,0,18.76,0,2.95
18.3,26.6,0.00,0.00,96,46.85,43,21.3,88,27.72,0,2.95
20.4,25.7,0.00,0.00,52,53.41,45,21.3,90,27.72,0,2.95
77.2,25.9,0.00,0.00,85,53.41,46,21.3,90,27.72,0,2.95
22.5,26.1,0.00,0.00,82,53.41,43,21.3,91,27.72,0,2.95
20.4,26.3,0.00,0.00,78,53.41,43,21.3,91,27.72,0,2.95
20.9,26.5,0.00,0.00,83,53.41,46,21.3,93,27.72,0,2.95
18.6,26.6,0.00,0.00,85,53.41,46,21.3,94,27.72,0,2.95
19.1,26.7,0.00,0.00,84,53.41,44,21.3,93,27.72,0,2.95
18.0,26.7,0.00,0.00,80,53.41,44,21.3,92,27.72,0,2.95
18.8,26.6,0.00,0.00,88,53.41,46,21.3,95,27.72,0,2.95
18.2,26.7,0.00,0.00,82,53.41,45,21.3,94,27.72,0,2.95
17.1,26.6,0.00,0.00,87,53.41,50,21.3,94,27.72,0,2.95
10.9,26.6,0.00,0.00,82,53.46,45,21.3,93,27.72,0,2.95
18.0,25.8,0.00,0.00,83,53.46,44,21.3,89,27.72,0,2.95
16.8,26.0,0.00,0.00,94,53.46,43,21.3,91,27.72,0,2.95
18.3,26.2,0.00,0.00,95,53.46,50,21.3,89,27.72,0,2.95
19.0,26.5,0.00,0.00,94,53.46,48,21.3,93,27.72,0,2.95
13.8,26.7,0.00,0.00,96,53.46,47,21.35,94,27.72,0,2.95
13.3,25.8,0.00,0.00,95,53.46,0,21.35,92,27.72,0,2.95
12.3,26.0,0.00,0.00,96,53.46,0,21.35,94,27.72,0,2.95
12.7,26.2,0.00,0.00,96,53.46,0,21.35,95,27.72,0,2.95
40.1,26.5,0.00,0.00,96,53.46,0,21.35,92,27.72,0,2.95
16.1,26.7,0.00,0.00,96,53.46,3,21.35,93,27.72,0,2.95
16.7,26.6,0.00,0.00,97,53.46,45,21.35,96,27.72,0,2.95
14.9,26.7,0.00,0.00,95,53.46,48,21.35,94,27.72,0,2.95
16.1,26.7,0.00,0.00,96,53.46,44,21.35,95,27.72,0,2.95
14.9,26.7,0.00,0.00,97,53.46,46,21.35,92,27.72,0,2.95
16.7,26.6,0.00,0.00,96,53.46,48,21.35,94,27.72,0,2.95
16.1,26.7,0.00,0.00,96,53.46,46,21.35,96,27.72,0,2.95
17.4,26.7,0.00,0.00,97,53.46,47,21.35,94,27.72,0,2.95
15.5,26.7,0.00,0.00,97,53.46,47,21.35,95,27.72,0,2.95
17.7,26.6,0.00,0.00,97,53.46,45,21.35,95,27.72,0,2.95
42.1,25.8,0.00,0.00,87,53.46,46,21.35,91,27.72,0,2.95
19.9,26.0,0.00,0.00,82,53.46,50,21.35,92,27.72,0,2.95
20.5,26.2,0.00,0.00,80,53.46,46,21.35,94,27.72,0,2.95
18.9,26.5,0.00,0.00,84,53.46,48,21.35,93,27.72,0,2.95
18.8,26.6,0.00,0.00,82,53.46,50,21.35,95,27.72,0,2.95
16.9,26.6,0.00,0.00,91,53.46,51,21.35,96,27.72,0,2.95
18.6,26.6,0.00,0.00,90,53.46,54,21.35,94,27.72,0,2.95
17.8,26.6,0.00,0.00,87,53.46,55,21.35,96,27.72,0,2.95
18.5,26.6,0.00,0.00,90,53.46,52,21.35,96,27.72,0,2.95
19.4,26.6,0.00,0.00,89,53.46,46,21.35,94,27.72,0,2.95
19.8,26.6,0.00,0.00,88,53.46,49,21.35,96,27.72,0,2.95
67.5,25.7,0.00,0.00,52,53.46,45,21.35,89,27.72,0,2.95
45.4,25.9,0.00,0.00,95,53.46,44,21.35,89,27.72,0,2.95
17.6,26.1,0.00,0.00,94,53.46,40,21.35,92,27.72,0,2.95
17.5,26.4,0.00,0.00,96,53.46,48,21.35,91,27.72,0,2.95
18.1,26.5,0.00,0.00,95,53.46,45,21.35,93,27.72,0,2.95
15.9,26.7,0.00,0.00,97,53.46,53,21.35,95,27.72,0,2.95
15.9,26.7,0.00,0.00,96,53.46,49,21.35,96,27.72,0,2.95
15.2,26.7,0.00,0.00,97,53.46,47,21.35,96,27.72,0,2.95
16.1,26.7,0.00,0.00,97,53.46,46,21.35,95,27.72,0,2.95
15.8,26.7,0.00,0.00,96,53.46,48,21.35,96,27.84,0,2.95
15.8,25.7,0.00,0.00,96,53.46,46,21.35,0,27.84,0,2.95
64.0,26.0,0.00,0.00,96,53.46,48,21.35,0,27.84,0,2.95
10.6,26.2,0.00,0.00,97,53.46,45,21.15,0,27.84,0,2.95
9.0,21.1,0.00,0.00,95,53.46,0,2.95,0,27.84,0,2.95
78.0,21.5,0.00,0.00,94,53.46,0,2.95,14,27.84,0,2.95
99.2,22.0,0.00,0.00,94,53.46,0,2.95,91,27.84,0,2.95
14.8,22.1,0.00,0.00,97,53.46,0,4.48,96,27.84,1,8.04
16.1,24.9,0.00,0.00,97,53.46,3,10.63,95,27.84,4,14.31
15.2,28.7,0.00,0.00,97,53.46,3,19.93,95,27.84,5,19.93
19.7,29.0,0.00,0.00,55,53.46,0,19.93,87,27.84,0,19.93
86.8,29.5,0.00,0.00,80,53.46,0,19.93,90,27.84,0,19.93
19.3,30.1,0.00,0.00,83,53.46,0,19.93,93,27.84,0,19.93
27.0,30.8,0.00,0.00,87,53.46,0,19.93,89,27.84,0,19.93
30.0,31.4,0.00,0.00,79,53.46,0,33.87,87,27.84,49,33.87
21.5,32.0,0.00,0.00,89,53.46,98,33.87,95,27.84,98,33.87
22.1,32.0,0.00,0.00,90,53.46,98,33.87,95,27.84,97,33.87
20.9,32.0,0.00,0.00,84,53.46,98,33.87,96,27.84,98,33.87
20.4,32.0,0.00,0.00,86,53.46,98,33.87,96,27.84,97,33.87
21.6,32.0,0.00,0.00,87,53.46,98,33.87,94,27.84,98,33.87
20.2,32.0,0.00,0.00,87,53.46,98,33.87,96,27.84,97,33.87
19.7,32.0,0.00,0.00,85,53.46,98,33.87,96,27.84,98,33.87
21.2,31.1,0.00,0.00,89,53.46,96,33.87,94,27.84,97,33.87
20.8,31.3,0.00,0.00,95,53.46,98,33.87,93,27.84,96,33.87
28.0,31.5,0.00,0.00,96,53.46,97,33.87,94,27.84,97,33.87
20.1,31.7,0.00,0.00,96,53.46,98,33.87,93,27.84,97,33.87
28.1,31.9,0.00,0.00,96,53.46,98,33.87,95,27.84,97,33.87
19.0,32.0,0.00,0.00,97,53.46,98,33.87,96,27.84,97,33.87
18.4,32.0,0.00,0.00,95,53.46,98,33.87,94,27.84,98,33.87
18.5,32.0,0.00,0.00,96,53.46,98,33.87,94,27.84,98,33.87
19.7,32.0,0.00,0.00,96,53.46,99,33.87,96,27.84,98,33.87
18.8,32.0,0.00,0.00,96,53.46,98,33.87,96,27.84,98,33.87
18.6,32.0,0.00,0.00,96,53.46,98,33.87,96,27.84,98,33.87
17.6,32.0,0.00,0.00,97,53.46,98,33.87,96,27.84,98,33.87
18.2,32.0,0.00,0.00,96,53.46,98,33.87,96,27.84,98,33.87
17.7,32.0,0.00,0.00,97,53.46,98,33.87,96,27.84,97,33.87
18.4,32.0,0.00,0.00,96,53.46,98,33.87,96,27.84,98,33.87
17.5,32.0,0.00,0.00,97,53.46,98,33.87,96,27.84,98,33.87
17.6,32.0,0.00,0.00,96,53.46,98,33.87,96,27.84,98,33.87
17.5,32.0,0.00,0.00,95,53.46,97,33.87,96,27.84,98,33.87
10.2,30.0,0.00,0.00,96,53.46,8,33.87,92,27.84,0,33.87
25.5,29.5,0.00,0.00,77,53.46,0,33.87,92,27.84,0,33.87
19.1,30.1,0.00,0.00,83,53.46,0,33.87,93,27.84,0,33.87
94.8,30.7,0.00,0.00,77,53.46,0,33.87,89,27.84,0,33.87
18.8,31.4,0.00,0.00,82,53.46,0,33.87,93,27.84,0,33.87
23.4,31.9,0.00,0.00,80,53.46,93,33.87,95,27.84,97,33.87
21.5,32.0,0.00,0.00,89,53.46,98,33.87,96,27.84,98,33.87
20.3,32.0,0.00,0.00,89,53.46,98,33.87,96,27.84,98,33.87
19.5,32.0,0.00,0.00,86,53.46,98,33.87,96,27.84,98,33.87
20.4,32.0,0.00,0.00,86,53.46,98,33.87,96,27.84,98,33.87
21.1,32.0,0.00,0.00,87,53.46,98,33.87,97,27.84,98,33.87
20.6,32.0,0.00,0.00,87,53.46,98,33.87,96,27.84,97,33.87
14.9,30.9,0.00,0.00,92,53.46,98,33.87,95,27.84,98,33.87
19.6,31.1,0.00,0.00,94,53.46,98,33.87,95,27.84,98,33.87
68.7,31.4,0.00,0.00,93,53.46,99,33.87,95,27.84,98,33.87
19.8,31.6,0.00,0.00,95,53.46,98,33.87,91,27.84,97,33.87
20.6,31.8,0.00,0.00,94,53.46,98,33.87,92,27.84,98,33.87
18.4,32.0,0.00,0.00,94,53.46,98,33.87,96,27.84,98,33.87
18.6,32.0,0.00,0.00,96,53.46,98,33.87,97,27.84,98,33.87
16.9,31.0,0.00,0.00,96,53.46,98,33.87,0,27.84,97,33.87
17.1,31.2,0.00,0.00,96,53.46,98,33.87,0,27.84,98,33.87
25.5,31.4,0.00,0.00,96,53.46,98,33.87,0,27.84,98,33.87
16.4,31.6,0.00,0.00,95,53.46,99,33.87,0,27.84,96,33.87
59.4,31.9,0.00,0.00,95,53.46,98,33.87,6,27.84,98,33.87
16.8,32.0,0.00,0.00,96,53.46,99,33.87,96,27.84,98,33.87
18.2,32.0,0.00,0.00,97,53.46,99,33.87,96,27.84,98,33.87
16.1,32.0,0.00,0.00,96,53.46,98,33.87,96,27.84,98,33.87
18.2,32.0,0.00,0.00,96,53.46,99,33.87,96,27.84,99,33.87
16.7,32.0,0.00,0.00,96,53.46,99,33.87,96,27.84,98,33.87
16.9,32.0,0.00,0.00,96,53.46,99,33.87,96,27.84,98,33.87
17.6,32.0,0.00,0.00,96,53.46,99,33.87,96,27.84,99,33.87
23.3,30.9,0.00,0.00,93,53.46,98,33.87,95,27.84,98,33.87
21.8,31.2,0.00,0.00,86,53.46,98,33.87,94,27.84,98,33.87
32.4,31.4,0.00,0.00,89,53.46,42,33.67,94,27.84,6,2.95
16.1,21.0,0.00,0.00,87,53.46,0,2.95,94,27.84,0,2.95
58.8,21.6,0.00,0.00,81,53.46,0,2.95,93,27.84,0,2.95
52.5,22.2,0.00,0.00,72,53.46,0,2.95,93,27.84,0,2.95
17.4,23.8,0.00,0.00,90,53.46,1,8.55,96,27.84,0,2.95
19.5,26.3,0.00,0.00,89,53.46,5,20.67,95,27.84,0,2.95
16.1,29.4,0.00,0.00,93,53.46,5,31.27,96,27.84,0,2.95
15.0,29.9,0.00,0.00,90,53.46,1,51.19,93,27.84,0,2.95
15.7,30.1,0.00,0.00,87,53.46,0,51.19,92,27.84,0,2.95
19.6,30.3,0.00,0.00,82,53.46,0,51.19,95,27.84,0,2.95
14.9,29.6,0.00,0.00,71,53.46,0,51.19,93,27.84,0,2.95
91.9,30.1,0.00,0.00,95,53.46,0,75.12,91,27.84,0,2.95
18.8,30.7,0.00,0.00,95,53.46,100,75.12,91,27.84,0,2.95
67.2,31.2,0.00,0.00,95,53.46,100,75.12,91,27.84,0,2.95
17.5,31.6,0.00,0.00,96,53.46,100,75.12,93,27.84,0,2.95
99.4,31.8,0.00,0.00,96,53.46,99,75.12,93,27.84,0,2.95
14.8,32.1,0.00,0.00,95,53.46,100,75.12,97,27.84,0,2.95
15.2,32.1,0.00,0.00,97,53.46,100,75.12,95,27.84,0,2.95
14.4,32.1,0.00,0.00,97,53.46,100,75.12,97,27.84,0,2.95
14.3,32.1,0.00,0.00,96,53.46,100,75.12,97,27.84,0,2.95
14.8,32.1,0.00,0.00,97,53.46,100,75.12,97,27.84,0,2.95
15.0,32.1,0.00,0.00,97,53.46,100,75.12,96,27.84,0,2.95
14.3,32.1,0.00,0.00,96,53.46,100,75.12,96,27.84,0,2.95
14.7,32.1,0.00,0.00,97,53.46,100,75.12,97,27.84,0,2.95
15.1,32.1,0.00,0.00,96,53.46,100,75.12,96,27.84,0,2.95
13.7,32.0,0.00,0.00,96,53.46,100,75.12,96,27.84,0,2.95
14.4,32.0,0.00,0.00,97,53.46,100,75.12,97,27.84,0,2.95
14.2,32.0,0.00,0.00,97,53.46,100,75.12,96,27.84,0,2.95
16.1,32.0,0.00,0.00,96,53.27,100,75.12,97,27.84,0,2.95
16.7,26.7,0.00,0.00,96,30.96,100,75.12,96,27.84,0,2.95
16.4,26.7,0.00,0.00,89,30.96,100,75.12,96,27.84,0,2.95
17.8,26.7,0.00,0.00,93,30.96,100,75.12,97,27.84,0,2.95
17.3,26.7,0.00,0.00,93,30.96,100,75.12,97,27.84,0,2.95
16.0,26.7,0.00,0.00,92,30.96,100,75.12,96,27.84,0,2.95
18.3,26.7,0.00,0.00,95,30.96,100,75.12,95,27.84,0,2.95
17.0,26.7,0.00,0.00,93,30.96,100,75.12,96,27.84,0,2.95
16.7,26.7,0.00,0.00,93,30.96,100,75.12,96,27.84,0,2.95
16.1,26.7,0.00,0.00,92,30.96,100,75.12,94,27.84,0,2.95
15.9,26.7,0.00,0.00,95,30.96,100,75.12,96,27.84,0,2.95
8.7,25.7,0.00,0.00,92,30.96,100,75.12,94,27.84,0,2.95
9.4,25.9,0.00,0.00,0,30.96,100,75.12,95,27.84,0,2.95
9.6,26.2,0.00,0.00,0,30.96,100,75.12,94,27.84,0,2.95
10.2,26.4,0.00,0.00,0,30.96,100,75.12,93,27.84,0,2.95
16.7,26.7,0.00,0.00,0,30.96,100,75.12,97,27.84,0,2.95
18.2,26.7,0.00,0.00,93,30.96,100,75.12,97,27.84,0,2.95
16.3,21.6,0.00,0.00,91,30.96,100,75.12,4,2.95,0,2.95
13.2,21.4,0.00,0.00,85,30.96,100,75.12,0,2.95,0,2.95
12.5,21.4,0.00,0.00,90,30.96,100,75.12,0,2.95,0,2.95
12.7,21.4,0.00,0.00,92,30.96,100,75.12,0,2.95,0,2.95
12.2,21.4,0.00,0.00,92,30.96,100,75.12,0,2.95,0,2.95
12.9,21.4,0.00,0.00,92,30.96,100,75.12,0,2.95,0,2.95
17.0,21.6,0.00,0.00,88,30.96,100,75.12,0,2.95,0,2.95
16.8,22.0,0.00,0.00,82,30.96,100,75.12,0,2.95,0,2.95
16.7,23.8,0.00,0.00,94,30.96,100,75.12,0,5.35,2,6.82
10.4,24.6,0.00,0.00,83,2.95,100,75.12,5,11.75,3,13.07
7.7,24.1,0.00,0.00,3,2.95,100,75.12,4,35.48,3,35.48
89.9,24.8,0.00,0.00,0,2.95,100,75.12,0,35.48,0,35.48
12.1,25.6,0.00,0.00,0,2.95,100,75.12,0,35.48,0,35.48
28.6,26.5,0.00,0.00,0,3.19,100,75.12,0,35.48,0,35.48
11.4,30.1,0.00,0.00,3,16.89,100,75.12,0,35.48,0,35.48
33.1,34.0,0.00,0.00,6,28.24,100,75.12,0,57.62,100,57.62
10.4,35.0,0.00,0.00,7,45.85,100,75.12,100,57.62,100,57.62
11.7,35.2,0.00,0.00,0,45.85,100,75.12,100,57.62,100,57.62
12.1,35.4,0.00,0.00,0,45.85,100,75.12,100,57.62,100,57.62
100.0,35.7,0.00,0.00,0,45.85,100,75.12,100,57.62,100,57.62
20.0,36.0,0.00,0.00,21,52.36,100,75.12,100,57.62,100,57.62
21.7,36.2,0.00,0.00,84,52.36,100,75.12,100,57.62,100,57.62
19.9,36.5,0.00,0.00,85,52.36,100,75.12,100,57.62,100,57.62
65.4,36.7,0.00,0.00,81,52.36,100,75.12,100,57.62,100,57.62
20.6,36.9,0.00,0.00,83,52.36,100,75.12,100,57.62,100,57.62
18.4,37.1,0.00,0.00,85,52.36,100,75.12,100,57.62,100,57.62
19.3,37.2,0.00,0.00,89,52.36,100,75.12,100,57.62,100,57.62
19.0,37.2,0.00,0.00,85,52.36,100,75.12,100,57.62,100,57.62
18.0,37.2,0.00,0.00,85,52.36,100,75.12,100,57.62,100,57.62
19.6,37.1,0.00,0.00,85,52.36,100,75.12,100,57.62,100,57.62
20.8,37.2,0.00,0.00,87,52.36,100,75.12,100,57.62,100,57.62
17.6,36.9,0.00,0.00,81,58.93,100,75.12,100,57.62,100,57.62
75.5,36.3,0.00,0.00,88,58.93,100,75.12,100,57.62,100,57.62
21.7,36.5,0.00,0.00,78,58.93,100,75.12,100,57.62,100,57.62
22.0,36.7,0.00,0.00,79,58.93,100,75.12,100,57.62,100,57.62
19.9,37.0,0.00,0.00,78,58.93,100,75.12,100,57.62,100,57.62
19.8,37.2,0.00,0.00,86,58.93,100,75.12,100,57.62,100,57.62
18.2,37.2,0.00,0.00,87,58.93,100,75.12,100,57.62,100,57.62
18.5,37.2,0.00,0.00,88,58.93,100,75.12,100,57.62,100,57.62
20.3,37.2,0.00,0.00,86,58.93,100,75.12,100,57.62,100,57.62
19.5,37.1,0.00,0.00,87,58.93,100,75.12,100,57.62,100,57.62
23.4,37.2,0.00,0.00,89,58.93,91,84.15,100,57.62,100,57.62
86.1,36.3,0.00,0.00,86,58.93,92,84.15,100,57.62,100,57.62
22.8,35.6,0.00,0.00,48,58.98,90,84.15,100,57.62,100,57.62
46.4,36.0,0.00,0.00,74,58.98,95,84.15,100,57.62,100,57.62
26.5,36.5,0.00,0.00,74,58.98,96,84.15,100,57.62,100,57.62
20.2,36.8,0.00,0.00,78,58.98,95,84.15,100,57.62,100,57.62
20.1,37.1,0.00,0.00,83,58.98,96,84.15,100,57.62,100,57.62
18.0,37.2,0.00,0.00,84,58.98,97,84.15,100,57.62,100,57.62
17.4,37.2,0.00,0.00,82,58.98,97,84.15,100,57.62,100,57.62
19.6,37.2,0.00,0.00,87,58.98,97,84.15,100,57.62,100,57.62
21.0,37.2,0.00,0.00,87,58.98,97,84.15,100,57.62,100,57.62
18.1,37.2,0.00,0.00,84,58.98,97,84.15,100,57.62,100,57.62
19.4,37.2,0.00,0.00,82,58.98,97,84.15,100,57.62,100,57.62
11.3,37.2,0.00,0.00,86,58.98,97,84.15,100,57.62,100,57.62
21.9,36.3,0.00,0.00,36,58.98,92,84.15,100,57.62,100,57.62
20.9,36.5,0.00,0.00,80,58.98,96,84.15,100,57.62,100,57.62
21.0,36.7,0.00,0.00,84,58.98,96,84.15,100,57.62,100,57.62
20.1,36.9,0.00,0.00,78,58.98,95,84.15,100,57.62,100,57.62
24.0,37.2,0.00,0.00,82,58.98,97,84.15,100,57.62,100,57.62
18.2,37.2,0.00,0.00,88,58.98,97,84.15,100,57.62,100,57.62
19.4,37.2,0.00,0.00,87,58.98,97,84.15,100,57.62,100,57.62
17.4,37.2,0.00,0.00,85,58.98,98,84.15,100,57.62,100,57.62
18.2,37.2,0.00,0.00,84,58.98,97,84.15,100,57.62,100,57.62
18.3,37.2,0.00,0.00,86,58.98,97,84.15,100,57.62,100,57.62
18.2,37.2,0.00,0.00,87,58.98,97,84.15,100,57.62,100,57.62
22.2,36.2,0.00,0.00,56,58.98,93,84.15,99,57.62,100,57.62
23.6,36.4,0.00,0.00,80,58.98,97,84.15,100,57.62,100,57.62
21.3,36.6,0.00,0.00,82,58.98,96,84.15,100,57.62,100,57.62
22.7,36.8,0.00,0.00,79,58.98,96,84.15,100,57.62,100,57.62
22.1,37.0,0.00,0.00,82,58.98,95,84.15,100,57.62,100,57.62
18.9,37.2,0.00,0.00,82,58.98,97,84.15,100,57.62,100,57.62
19.4,37.2,0.00,0.00,85,58.98,97,84.15,100,57.62,100,57.62
30.5,37.2,0.00,0.00,91,58.98,96,84.15,34,57.62,0,57.62
79.5,35.5,0.00,0.00,83,58.98,94,84.15,0,57.62,0,57.62
98.1,36.0,0.00,0.00,81,58.98,95,84.15,0,57.62,0,57.62
65.6,36.4,0.00,0.00,88,58.98,92,84.15,0,57.62,0,57.62
17.5,36.9,0.00,0.00,84,58.98,95,84.15,2,57.62,45,57.62
21.0,36.3,0.00,0.00,83,58.98,95,84.15,100,57.62,100,57.62
22.4,36.5,0.00,0.00,79,58.98,96,84.15,100,57.62,100,57.62
56.3,36.7,0.00,0.00,84,58.98,95,84.15,100,57.62,100,57.62
21.3,36.9,0.00,0.00,83,58.98,95,84.15,100,57.62,100,57.62
21.3,37.1,0.00,0.00,82,58.98,92,84.15,100,57.62,100,57.62
18.9,37.2,0.00,0.00,91,58.98,97,84.15,100,57.62,100,57.62
18.7,37.2,0.00,0.00,85,58.98,98,84.15,100,57.62,100,57.62
19.2,37.2,0.00,0.00,87,58.98,98,84.15,100,57.62,100,57.62
18.9,37.2,0.00,0.00,89,58.98,98,84.15,100,57.62,100,57.62
18.1,37.2,0.00,0.00,88,58.98,97,84.15,100,57.62,100,57.62
19.9,37.2,0.00,0.00,85,58.98,98,84.15,100,57.62,100,57.62
22.6,36.1,0.00,0.00,86,58.98,95,84.15,100,57.62,100,57.62
27.0,36.4,0.00,0.00,83,58.98,93,84.15,100,57.62,100,57.62
21.2,36.6,0.00,0.00,82,58.98,95,84.15,100,57.62,100,57.62
59.8,36.8,0.00,0.00,80,58.98,96,84.15,100,57.62,100,57.62
21.8,37.0,0.00,0.00,81,58.98,95,84.15,100,57.62,100,57.62
18.5,37.2,0.00,0.00,82,58.98,97,84.15,100,57.62,100,57.62
19.4,37.2,0.00,0.00,85,58.98,97,84.15,100,57.62,100,57.62
19.8,37.2,0.00,0.00,85,58.98,97,84.15,100,57.62,100,57.62
19.7,37.2,0.00,0.00,83,58.98,97,84.15,100,57.62,100,57.62
18.0,37.2,0.00,0.00,85,58.98,97,84.15,100,57.62,100,57.62
19.5,37.1,0.00,0.00,86,58.98,97,84.15,100,57.62,100,57.62
19.3,37.1,0.00,0.00,87,58.98,96,84.15,100,57.62,100,57.62
21.8,36.2,0.00,0.00,57,58.98,93,84.15,100,57.62,100,57.62
54.1,36.5,0.00,0.00,77,58.98,96,84.15,100,57.62,100,57.62
20.2,36.7,0.00,0.00,78,58.98,95,84.15,100,57.62,100,57.62
21.6,36.9,0.00,0.00,82,58.98,97,84.15,100,57.62,100,57.62
18.9,37.1,0.00,0.00,86,58.98,74,84.27,100,57.62,100,57.62
20.5,36.3,0.00,0.00,84,58.98,65,84.27,100,57.62,100,57.62
20.8,36.5,0.00,0.00,80,58.98,100,84.27,100,57.62,100,57.62
42.8,36.8,0.00,0.00,83,58.98,100,84.27,100,57.62,100,57.62
21.0,37.0,0.00,0.00,82,58.98,100,84.27,100,57.62,100,57.62
21.6,37.2,0.00,0.00,83,58.98,100,84.27,100,57.62,100,57.62
20.0,37.2,0.00,0.00,88,58.98,100,84.27,100,57.62,100,57.62
18.8,37.2,0.00,0.00,80,58.98,100,84.27,100,57.62,100,57.62
73.0,36.3,0.00,0.00,83,58.98,100,84.27,100,57.62,100,57.62
19.5,36.5,0.00,0.00,80,58.98,100,84.27,100,57.62,100,57.62
20.6,36.8,0.00,0.00,76,58.98,100,84.27,100,57.62,100,57.62
22.4,37.0,0.00,0.00,83,58.98,99,84.27,100,57.62,100,57.62
17.2,37.2,0.00,0.00,81,58.98,100,84.27,100,57.62,100,57.62
18.0,37.2,0.00,0.00,86,58.98,100,84.27,100,57.62,100,57.62
19.2,37.2,0.00,0.00,91,58.98,100,84.27,100,57.62,100,57.62
18.3,37.2,0.00,0.00,86,58.98,100,84.27,100,57.62,100,57.62
20.2,37.2,0.00,0.00,91,58.98,100,84.27,100,57.62,100,57.62
18.9,37.2,0.00,0.00,92,58.98,100,84.27,100,57.62,100,57.62
19.0,37.2,0.00,0.00,89,58.98,100,84.27,100,57.62,100,57.62
87.7,36.2,0.00,0.00,40,58.98,100,84.27,100,57.62,100,57.62
18.9,36.4,0.00,0.00,80,58.98,100,84.27,100,57.62,100,57.62
20.9,36.6,0.00,0.00,81,58.98,100,84.27,100,57.62,100,57.62
21.3,36.8,0.00,0.00,82,58.98,100,84.27,100,57.62,100,57.62
18.6,37.1,0.00,0.00,83,58.98,100,84.27,100,57.62,100,57.62
18.0,37.2,0.00,0.00,88,58.98,100,84.27,100,57.62,100,57.62
18.2,37.2,0.00,0.00,88,58.98,100,84.27,100,57.62,100,57.62
18.7,37.2,0.00,0.00,84,58.98,100,84.27,100,57.62,100,57.62
18.2,37.2,0.00,0.00,90,58.98,100,84.27,100,57.62,100,57.62
17.7,37.2,0.00,0.00,90,58.98,100,84.27,100,57.62,100,57.62
17.9,37.2,0.00,0.00,89,58.98,100,84.27,100,57.62,100,57.62
15.6,37.1,0.00,0.00,88,58.98,100,84.27,100,57.62,100,57.62
100.0,36.3,0.00,0.00,85,58.98,100,84.27,62,2.95,8,2.95
14.9,26.1,0.00,0.00,82,58.98,100,84.27,0,2.95,0,2.95
15.4,26.4,0.00,0.00,86,58.98,100,84.27,0,2.95,0,2.95
19.5,26.9,0.00,0.00,82,58.98,100,84.27,0,2.95,0,2.95
20.4,27.7,0.00,0.00,69,58.98,100,84.27,0,2.95,0,2.95
17.0,28.2,0.00,0.00,78,58.98,100,84.27,1,8.39,5,11.32
22.3,33.3,0.00,0.00,89,58.98,100,84.27,10,20.65,10,23.58
21.6,40.6,0.00,0.00,91,58.98,100,84.27,16,38.18,4,38.18
17.1,43.4,0.00,0.00,85,58.98,100,84.27,0,38.18,0,38.18
17.5,43.9,0.00,0.00,76,58.98,100,84.27,0,38.18,0,38.18
17.4,44.4,0.00,0.00,80,58.98,100,84.27,0,38.18,0,38.18
72.0,43.9,0.00,0.00,76,58.98,100,84.27,0,38.18,0,44.8
27.4,44.7,0.00,0.00,85,58.98,100,84.27,90,44.8,99,44.8
34.5,45.3,0.00,0.00,68,58.98,100,84.27,99,44.8,98,44.8
46.8,45.9,0.00,0.00,72,58.98,100,84.27,99,44.8,99,44.8
28.4,46.6,0.00,0.00,72,58.98,100,84.27,99,44.8,99,44.8
25.7,47.2,0.00,0.00,71,58.98,100,84.27,99,44.8,99,44.8
20.0,47.5,0.00,0.00,76,58.98,100,84.27,100,44.8,100,44.8
21.4,47.6,0.00,0.00,85,58.98,100,84.27,99,44.8,100,44.8
20.8,47.6,0.00,0.00,84,58.98,100,84.27,100,44.8,100,44.8
21.5,47.6,0.00,0.00,85,58.98,100,84.27,100,44.8,100,44.8
21.1,47.6,0.00,0.00,87,58.98,100,84.27,100,44.8,100,44.8
20.8,47.5,0.00,0.00,84,58.98,100,84.27,100,44.8,100,44.8
22.9,46.5,0.00,0.00,78,58.98,100,84.27,100,44.8,100,44.8
28.6,46.7,0.00,0.00,78,58.98,100,84.27,99,44.8,100,44.8
31.9,46.9,0.00,0.00,77,58.98,100,84.27,99,44.8,98,44.8
22.6,47.1,0.00,0.00,80,58.98,100,84.27,100,44.8,99,44.8
22.8,47.4,0.00,0.00,78,58.98,100,84.27,99,44.8,100,44.8
21.3,47.6,0.00,0.00,80,58.98,100,84.27,100,44.8,99,44.8
21.4,47.6,0.00,0.00,83,58.98,100,84.27,100,44.8,100,44.8
20.0,47.5,0.00,0.00,86,58.98,100,84.27,100,44.8,100,44.8
20.9,47.6,0.00,0.00,85,58.98,100,84.27,100,44.8,100,44.8
21.8,47.5,0.00,0.00,83,58.98,100,84.27,100,44.8,100,44.8
20.6,47.5,0.00,0.00,83,58.98,100,84.27,100,44.8,66,49.56
24.3,45.7,0.00,0.00,88,58.98,100,84.27,44,49.56,68,49.56
27.3,45.1,0.00,0.00,48,58.98,100,84.27,44,49.56,59,49.56
36.0,45.7,0.00,0.00,85,58.98,100,84.27,44,49.56,73,49.56
30.1,46.3,0.00,0.00,73,58.98,100,84.27,48,49.56,61,49.56
69.0,47.0,0.00,0.00,70,58.98,100,84.27,55,49.56,62,49.56
24.6,47.4,0.00,0.00,85,58.98,100,84.27,61,49.56,65,49.56
20.8,47.6,0.00,0.00,90,58.98,100,84.27,61,49.56,79,49.56
22.7,47.6,0.00,0.00,88,58.98,100,84.27,57,49.56,65,49.56
21.6,47.6,0.00,0.00,88,58.98,100,84.27,61,49.56,63,49.56
22.1,47.6,0.00,0.00,87,58.98,100,84.27,56,49.56,62,49.56
20.8,47.6,0.00,0.00,85,58.98,100,84.27,59,49.56,61,49.56
22.7,47.6,0.00,0.00,85,58.98,100,84.27,57,49.56,66,49.56
19.5,47.6,0.00,0.00,89,58.98,100,84.27,61,49.56,61,49.56
23.2,46.7,0.00,0.00,86,58.98,100,84.27,54,49.56,64,49.56
23.0,46.9,0.00,0.00,76,58.98,100,84.27,52,49.56,64,49.56
24.5,47.2,0.00,0.00,78,58.98,100,84.27,58,49.56,56,49.56
24.8,47.4,0.00,0.00,81,58.98,100,84.27,56,49.56,68,49.56
20.7,47.6,0.00,0.00,81,58.98,100,84.27,63,49.63,42,49.63
27.3,40.6,0.00,0.00,94,58.98,90,27.84,99,49.63,99,49.63
25.3,40.7,0.00,0.00,79,58.98,97,27.84,99,49.63,99,49.63
24.5,41.1,0.00,0.00,80,58.98,96,27.84,99,49.63,96,49.63
60.5,41.5,0.00,0.00,80,58.98,95,27.84,99,49.63,99,49.63
24.5,41.9,0.00,0.00,76,58.98,94,27.84,98,49.63,99,49.63
20.0,42.2,0.00,0.00,76,58.98,97,27.84,100,49.63,100,49.63
19.7,42.2,0.00,0.00,87,58.98,97,27.84,99,49.63,100,49.63
24.1,41.3,0.00,0.00,83,58.98,93,27.84,99,49.63,99,49.63
23.9,41.5,0.00,0.00,78,58.98,94,27.84,99,49.63,99,49.63
23.5,41.8,0.00,0.00,82,58.98,95,27.84,99,49.63,99,49.63
98.8,42.0,0.00,0.00,84,58.98,95,27.84,99,49.63,99,49.63
22.7,42.2,0.00,0.00,77,58.98,94,27.84,100,49.63,99,49.63
20.4,42.2,0.00,0.00,85,58.98,96,27.84,100,49.63,99,49.63
20.8,42.2,0.00,0.00,85,58.98,96,27.84,100,49.63,100,49.63
21.3,42.2,0.00,0.00,87,58.98,97,27.84,99,49.63,99,49.63
22.2,42.2,0.00,0.00,88,58.98,97,27.84,100,49.63,100,49.63
22.1,42.2,0.00,0.00,87,58.98,96,27.84,100,49.63,100,49.63
21.4,42.2,0.00,0.00,85,58.98,97,27.84,100,49.63,100,49.63
20.5,41.2,0.00,0.00,87,58.98,97,27.84,99,49.63,99,49.63
22.7,41.4,0.00,0.00,78,58.98,93,27.84,100,49.63,99,49.63
22.6,41.6,0.00,0.00,74,58.98,92,27.84,99,49.63,99,49.63
93.9,41.8,0.00,0.00,76,58.98,96,27.84,82,49.63,35,49.63
27.7,40.3,0.00,0.00,80,58.98,94,27.84,57,49.63,57,49.63
77.1,40.8,0.00,0.00,76,58.98,91,27.84,53,49.63,68,49.63
69.6,41.3,0.00,0.00,77,58.98,93,27.84,64,49.63,66,49.63
26.6,41.7,0.00,0.00,73,58.98,90,27.84,55,49.63,59,49.63
37.2,42.2,0.00,0.00,78,58.98,92,27.84,54,49.63,65,49.63
21.5,42.2,0.00,0.00,81,58.98,97,27.84,61,49.63,64,49.63
21.7,42.2,0.00,0.00,88,58.98,98,27.84,53,49.63,55,49.63
22.6,42.2,0.00,0.00,87,58.98,97,27.84,55,49.63,47,49.63
19.3,41.1,0.00,0.00,87,58.78,96,27.84,57,49.63,63,49.63
22.6,36.9,0.00,0.00,91,30.96,96,27.84,49,49.63,73,49.63
23.2,36.8,0.00,0.00,77,30.96,97,27.84,55,49.63,71,49.63
22.1,36.8,0.00,0.00,86,30.96,98,27.84,57,49.63,60,49.63
22.2,36.8,0.00,0.00,88,30.96,97,27.84,60,49.63,66,49.63
21.8,36.8,0.00,0.00,89,30.96,97,27.84,51,49.63,62,49.63
21.9,36.8,0.00,0.00,83,30.96,97,27.84,62,49.63,58,49.63
21.3,36.8,0.00,0.00,88,30.96,96,27.84,53,49.63,60,49.63
21.6,36.8,0.00,0.00,87,30.96,97,27.84,58,49.63,55,49.63
21.9,36.8,0.00,0.00,86,30.96,96,27.84,55,49.63,41,49.63
26.1,34.9,0.00,0.00,88,30.96,96,27.84,99,49.63,98,49.63
25.4,35.3,0.00,0.00,75,30.96,92,27.84,98,49.63,99,49.63
18.6,34.6,0.00,0.00,66,2.95,96,27.84,99,49.63,99,49.63
85.7,30.8,0.00,0.00,5,2.95,95,27.84,99,49.63,99,49.63
16.7,31.2,0.00,0.00,0,2.95,94,27.84,99,49.63,99,49.63
12.1,31.5,0.00,0.00,0,2.95,97,27.84,100,49.63,100,49.63
13.3,31.5,0.00,0.00,0,2.95,97,27.84,99,49.63,100,49.63
12.5,31.5,0.00,0.00,0,2.95,97,27.84,100,49.63,100,49.63
14.2,31.5,0.00,0.00,0,2.95,97,27.84,100,49.63,100,49.63
12.4,31.5,0.00,0.00,0,2.95,97,27.84,100,49.63,100,49.63
12.3,31.5,0.00,0.00,0,2.95,97,27.84,100,49.63,100,49.63
12.7,31.5,0.00,0.00,0,2.95,97,27.84,100,49.63,100,49.63
12.9,31.5,0.00,0.00,0,2.95,97,27.84,100,49.63,100,49.63
12.9,31.5,0.00,0.00,0,2.95,96,27.84,100,49.63,100,49.63
12.1,31.5,0.00,0.00,0,2.95,97,27.84,100,49.63,100,49.63
12.9,31.5,0.00,0.00,0,2.95,97,27.84,100,49.63,100,49.63
12.3,31.5,0.00,0.00,0,2.95,97,27.84,100,49.63,100,49.63
12.5,31.5,0.00,0.00,0,2.95,97,27.84,100,49.63,100,49.63
13.2,31.5,0.00,0.00,0,2.95,95,27.84,100,49.63,100,49.63
12.9,31.5,0.00,0.00,0,2.95,97,27.84,100,49.63,100,49.63
12.9,31.5,0.00,0.00,0,2.95,97,27.84,100,49.63,100,49.63
7.8,31.5,0.00,0.00,0,2.95,97,27.84,44,49.63,53,49.63
17.6,29.7,0.00,0.00,0,2.95,92,27.84,57,49.63,49,49.63
18.6,30.2,0.00,0.00,0,2.95,93,27.84,56,49.63,56,49.63
18.4,30.7,0.00,0.00,0,2.95,92,27.84,53,49.63,58,49.63
88.4,31.1,0.00,0.00,0,2.95,96,27.84,52,49.63,55,49.63
12.3,31.5,0.00,0.00,0,2.95,94,27.84,61,49.63,63,49.63
10.9,30.6,0.00,0.00,0,2.95,0,27.84,49,49.63,79,49.63
100.0,30.8,0.00,0.00,0,2.95,0,27.84,54,49.63,67,49.63
11.1,31.0,0.00,0.00,0,2.95,0,27.84,58,49.63,62,49.63
10.4,31.3,0.00,0.00,0,2.95,0,27.84,50,49.63,52,49.63
13.2,31.5,0.00,0.00,0,2.95,68,27.84,64,49.63,58,49.63
14.7,31.5,0.00,0.00,0,2.95,95,27.84,55,49.63,75,49.63
14.2,31.5,0.00,0.00,0,2.95,97,27.84,57,49.63,71,49.63
14.0,31.5,0.00,0.00,0,2.95,95,27.84,55,49.63,64,49.63
13.2,31.5,0.00,0.00,0,2.95,95,27.84,60,49.63,54,49.63
14.3,31.4,0.00,0.00,0,2.95,93,27.84,54,49.63,59,49.63
13.8,31.4,0.00,0.00,0,2.95,95,27.84,60,49.63,58,49.63
15.1,31.4,0.00,0.00,0,2.95,97,27.84,58,49.63,58,49.63
18.8,31.4,0.00,0.00,0,2.95,96,27.84,25,49.63,71,49.63
17.2,29.7,0.00,0.00,0,2.95,91,27.84,99,49.63,99,49.63
16.5,30.2,0.00,0.00,0,2.95,91,27.84,99,49.63,99,49.63
64.6,30.6,0.00,0.00,0,2.95,90,27.84,99,49.63,99,49.63
16.0,31.0,0.00,0.00,0,2.95,92,27.84,99,49.63,99,49.63
16.7,31.4,0.00,0.00,0,2.95,94,27.84,99,49.63,99,49.63
11.9,31.4,0.00,0.00,0,2.95,96,27.84,100,49.63,100,49.63
12.7,31.4,0.00,0.00,0,2.95,97,27.84,100,49.63,100,49.63
12.2,31.4,0.00,0.00,0,2.95,95,27.84,100,49.63,100,49.63
12.1,31.4,0.00,0.00,0,2.95,96,27.84,100,49.63,100,49.63
12.3,31.4,0.00,0.00,0,2.95,97,27.84,99,49.63,100,49.63
12.8,31.4,0.00,0.00,0,2.95,96,27.84,100,49.63,100,49.63
12.3,31.4,0.00,0.00,0,2.95,96,27.84,100,49.63,100,49.63
12.5,31.4,0.00,0.00,0,2.95,95,27.84,100,49.63,100,49.63
12.5,31.4,0.00,0.00,0,2.95,96,27.84,100,49.63,100,49.63
12.7,31.4,0.00,0.00,0,2.95,96,27.84,100,49.63,100,49.63
12.7,31.4,0.00,0.00,0,2.95,96,27.84,100,49.63,100,49.63
13.2,31.4,0.00,0.00,0,2.95,96,27.84,100,49.63,100,49.63
12.8,31.4,0.00,0.00,0,2.95,94,27.84,100,49.63,100,49.63
13.5,31.4,0.00,0.00,0,2.95,96,27.84,100,49.63,100,49.63
12.7,31.4,0.00,0.00,0,2.95,96,27.84,100,49.63,100,49.63
12.3,31.4,0.00,0.00,0,2.95,97,27.84,100,49.63,69,49.43
17.2,21.5,0.00,0.00,0,2.95,96,27.84,60,21.47,63,21.47
14.0,21.1,0.00,0.00,0,2.95,97,27.84,54,21.47,64,21.47
13.5,21.1,0.00,0.00,0,2.95,96,27.84,60,21.47,58,21.47
12.8,21.1,0.00,0.00,0,2.95,97,27.84,59,21.47,77,21.47
13.4,21.1,0.00,0.00,0,2.95,96,27.84,59,21.47,63,21.47
13.6,21.1,0.00,0.00,0,2.95,96,27.84,57,21.47,61,21.47
14.0,21.1,0.00,0.00,0,2.95,97,27.84,57,21.47,81,21.47
14.0,21.1,0.00,0.00,0,2.95,95,27.84,61,21.47,63,21.47
14.2,21.1,0.00,0.00,0,2.95,93,27.84,62,21.47,54,21.47
14.0,21.1,0.00,0.00,0,2.95,95,27.84,60,21.47,58,21.47
12.8,21.0,0.00,0.00,0,2.95,97,27.84,55,21.47,72,21.47
13.8,21.0,0.00,0.00,0,2.95,96,27.84,53,21.47,77,21.47
13.2,21.1,0.00,0.00,0,2.95,97,27.84,66,21.47,61,21.47
13.0,21.1,0.00,0.00,0,2.95,97,27.84,57,21.47,69,21.47
12.9,21.1,0.00,0.00,0,2.95,96,27.84,57,21.47,59,21.47
14.0,21.1,0.00,0.00,0,2.95,96,27.84,58,21.47,70,21.47
14.4,21.1,0.00,0.00,0,2.95,96,27.84,55,21.47,59,21.47
8.4,19.0,0.00,0.00,0,2.95,97,27.84,0,2.95,3,2.95
4.4,10.7,0.00,0.00,0,2.95,97,27.84,0,2.95,0,2.95
4.2,10.7,0.00,0.00,0,2.95,96,27.84,0,2.95,0,2.95
4.2,10.6,0.00,0.00,0,2.95,96,27.84,0,2.95,0,2.95
11.3,10.9,0.00,0.00,0,2.95,97,27.84,0,2.95,0,2.95
15.9,11.9,0.00,0.00,0,2.95,85,27.84,0,2.95,0,2.95
10.2,12.8,0.00,0.00,0,2.95,82,27.84,0,5.28,2,11.25
16.9,17.7,0.00,0.00,3,8.52,96,27.84,6,15.64,9,22.92
16.4,27.9,0.00,0.00,7,22.11,95,27.84,11,28.73,6,30.12
10.4,35.2,0.00,0.00,7,32.71,96,27.84,4,35.03,0,30.12
97.6,36.2,0.00,0.00,4,35.03,85,27.84,0,35.03,0,30.12
8.9,36.9,0.00,0.00,0,35.03,91,27.84,0,35.03,0,30.12
6.7,32.3,0.00,0.00,0,35.03,4,2.95,0,35.03,0,30.12
13.5,33.0,0.00,0.00,0,35.03,0,2.95,0,48.82,45,34.88
57.9,34.1,0.00,0.00,32,48.97,0,2.95,96,48.97,40,34.88
24.2,34.9,0.00,0.00,93,48.97,0,2.95,95,48.97,40,34.88
96.7,35.9,0.00,0.00,89,48.97,0,2.95,96,48.97,37,34.88
22.7,36.8,0.00,0.00,91,48.97,0,3.07,97,48.97,42,34.88
22.8,39.4,0.00,0.00,95,48.97,3,9.14,97,48.97,46,34.88
17.5,42.2,0.00,0.00,94,48.97,7,20.82,98,48.97,48,34.88
15.4,45.2,0.00,0.00,98,48.97,7,31.51,97,48.97,50,34.88
15.5,45.5,0.00,0.00,98,48.97,6,50.85,98,48.97,52,34.88
17.3,45.8,0.00,0.00,97,48.97,0,50.85,98,48.97,51,34.88
15.7,46.0,0.00,0.00,95,48.97,0,50.85,98,48.97,48,34.88
22.5,46.2,0.00,0.00,97,48.97,0,50.85,97,48.97,49,34.88
15.1,46.4,0.00,0.00,97,48.97,29,74.78,98,48.97,44,34.88
19.0,46.9,0.00,0.00,98,48.97,100,74.78,95,48.97,45,34.88
18.6,47.1,0.00,0.00,97,48.97,100,74.78,98,48.97,45,34.88
18.6,47.3,0.00,0.00,97,48.97,100,74.78,96,48.97,49,34.88
19.5,47.6,0.00,0.00,97,48.97,100,74.78,97,48.97,51,34.88
15.6,47.8,0.00,0.00,97,48.97,100,74.78,98,48.97,51,34.88
18.0,47.8,0.00,0.00,97,48.97,100,74.78,97,48.97,52,34.88
16.2,47.8,0.00,0.00,98,48.97,100,74.78,97,48.97,51,34.88
15.8,47.7,0.00,0.00,98,48.97,100,74.78,98,48.97,51,34.88
16.4,47.8,0.00,0.00,98,48.97,100,74.78,98,48.97,53,34.88
16.4,47.7,0.00,0.00,98,48.97,100,74.78,98,48.97,50,34.88
16.0,47.7,0.00,0.00,98,48.97,100,74.78,98,48.97,53,34.88
14.0,47.8,0.00,0.00,98,48.97,100,74.78,98,56.34,53,34.88
85.8,45.8,0.00,0.00,49,56.44,100,74.78,95,56.44,47,34.88
24.9,46.3,0.00,0.00,91,56.44,100,74.78,96,56.44,48,34.88
26.9,46.7,0.00,0.00,94,56.44,100,74.78,95,56.44,53,34.88
25.8,47.1,0.00,0.00,95,56.44,100,74.78,95,56.44,41,34.88
88.0,47.5,0.00,0.00,96,56.44,100,74.78,97,56.44,54,34.88
20.2,47.8,0.00,0.00,96,56.44,100,74.78,98,56.44,51,34.88
19.2,47.8,0.00,0.00,95,56.44,100,74.78,97,56.44,51,34.88
20.6,47.8,0.00,0.00,97,56.44,100,74.78,97,56.44,22,39.69
22.8,46.9,0.00,0.00,97,56.44,100,74.78,95,56.44,48,39.69
23.3,47.1,0.00,0.00,95,56.44,100,74.78,96,56.44,46,39.69
89.4,47.3,0.00,0.00,96,56.44,100,74.78,97,56.44,48,39.69
86.9,45.6,0.00,0.00,45,56.44,100,74.78,96,56.44,44,39.69
29.1,46.3,0.00,0.00,97,56.44,100,74.78,98,56.44,47,39.69
20.1,46.7,0.00,0.00,97,56.44,100,74.78,98,56.44,49,39.69
20.0,47.2,0.00,0.00,97,56.44,100,74.78,96,56.44,47,39.69
30.2,47.7,0.00,0.00,97,56.44,100,74.78,97,56.44,54,39.69
16.6,47.7,0.00,0.00,98,56.44,100,74.78,98,56.44,52,39.69
15.7,47.7,0.00,0.00,98,56.44,100,74.78,98,56.44,53,39.69
14.9,47.7,0.00,0.00,98,56.44,100,74.78,98,56.44,54,39.69
16.8,47.7,0.00,0.00,97,56.44,100,74.78,98,56.44,50,39.69
16.3,47.7,0.00,0.00,97,56.44,100,74.78,98,56.44,50,39.69
16.4,47.7,0.00,0.00,97,56.44,100,74.78,98,56.44,49,39.69
17.0,47.7,0.00,0.00,97,56.44,100,74.78,98,56.44,50,39.69
17.1,47.7,0.00,0.00,97,56.44,100,74.78,99,56.44,54,39.69
15.9,47.7,0.00,0.00,98,56.44,100,74.78,98,56.44,51,39.69
16.9,47.7,0.00,0.00,98,56.44,100,74.78,98,56.44,51,39.69
17.5,47.7,0.00,0.00,98,56.44,100,74.78,98,56.44,51,39.69
16.3,47.7,0.00,0.00,98,56.44,100,74.78,98,56.44,53,39.69
15.8,47.7,0.00,0.00,98,56.44,100,74.78,98,56.44,50,39.69
14.9,47.7,0.00,0.00,98,56.44,100,74.78,98,56.44,54,39.69
16.8,47.7,0.00,0.00,98,56.44,100,74.78,98,56.44,51,39.69
15.7,47.7,0.00,0.00,98,56.44,100,74.78,98,56.44,52,39.69
15.8,47.7,0.00,0.00,98,56.44,100,74.78,98,56.44,51,39.69
15.9,47.7,0.00,0.00,98,56.44,100,74.78,98,56.44,50,39.69
15.7,47.7,0.00,0.00,98,56.44,100,74.78,98,56.44,52,39.69
15.9,47.7,0.00,0.00,98,56.44,100,74.78,98,56.44,54,39.69
12.9,47.7,0.00,0.00,98,56.44,100,74.78,53,56.44,45,39.69
24.7,45.9,0.00,0.00,83,56.44,100,74.78,97,56.44,43,39.69
28.8,46.4,0.00,0.00,97,56.44,100,74.78,96,56.44,45,39.69
26.8,46.8,0.00,0.00,90,56.44,100,74.78,96,56.44,48,39.74
26.3,46.2,0.00,0.00,94,56.44,100,74.78,96,56.44,35,39.74
82.5,46.8,0.00,0.00,96,56.44,100,74.78,96,56.44,52,39.74
22.9,47.1,0.00,0.00,97,56.44,100,74.78,96,56.44,46,39.74
22.3,47.4,0.00,0.00,96,56.44,100,74.78,96,56.44,52,39.74
24.4,47.6,0.00,0.00,95,56.44,100,74.78,97,56.44,47,39.74
18.2,47.8,0.00,0.00,95,56.44,100,74.85,98,56.44,53,39.74
53.9,46.8,0.00,0.00,97,56.44,46,83.81,97,56.44,53,39.74
25.3,47.0,0.00,0.00,96,56.44,96,83.81,98,56.44,51,39.74
83.3,45.3,0.00,0.00,71,56.44,93,83.81,92,56.44,44,39.74
31.1,45.9,0.00,0.00,95,56.44,92,83.81,96,56.44,45,39.74
49.2,46.5,0.00,0.00,96,56.44,89,83.81,97,56.44,49,39.74
20.3,47.1,0.00,0.00,96,56.44,93,83.81,98,56.44,51,39.74
25.0,47.5,0.00,0.00,96,56.44,89,83.81,98,56.44,58,39.74
16.5,47.8,0.00,0.00,98,56.44,97,83.81,98,56.44,64,39.74
17.3,47.8,0.00,0.00,97,56.44,96,83.81,98,56.44,53,39.74
16.5,47.8,0.00,0.00,98,56.44,97,83.81,98,56.44,57,39.74
16.6,47.8,0.00,0.00,98,56.44,97,83.81,98,56.44,56,39.74
16.3,47.8,0.00,0.00,98,56.44,97,83.81,98,56.44,59,39.74
16.4,47.8,0.00,0.00,98,56.44,97,83.81,98,56.44,57,39.74
16.7,47.8,0.00,0.00,97,56.44,97,83.81,99,56.44,54,39.74
16.8,47.7,0.00,0.00,97,56.44,97,83.81,99,56.44,59,39.74
16.4,47.8,0.00,0.00,97,56.44,97,83.81,99,56.44,52,39.74
17.0,47.8,0.00,0.00,98,56.44,97,83.81,98,56.44,55,39.74
16.1,47.8,0.00,0.00,98,56.44,97,83.81,98,56.44,57,39.74
16.5,47.8,0.00,0.00,98,56.44,97,83.81,98,56.44,56,39.74
16.0,47.8,0.00,0.00,98,56.44,97,83.81,98,56.44,58,39.74
18.1,47.8,0.00,0.00,98,56.44,97,83.81,98,56.44,54,39.74
18.4,47.8,0.00,0.00,97,56.44,97,83.81,98,56.44,56,39.74
16.7,47.8,0.00,0.00,98,56.44,97,83.81,98,56.44,62,39.74
19.3,47.8,0.00,0.00,98,56.44,97,83.81,98,56.44,66,39.74
16.3,47.8,0.00,0.00,97,56.44,95,83.81,98,56.44,45,21.35
17.8,42.7,0.00,0.00,98,56.44,96,83.81,97,56.44,54,21.35
16.1,42.5,0.00,0.00,98,56.44,97,83.81,98,56.44,55,21.35
16.7,42.5,0.00,0.00,98,56.44,97,83.81,60,25.52,51,21.35
20.2,31.9,0.00,0.00,97,25.52,96,83.81,97,25.52,50,21.35
20.5,31.9,0.00,0.00,98,25.52,97,83.81,97,25.52,50,21.35
20.8,31.9,0.00,0.00,97,25.52,95,83.81,98,25.52,52,21.35
20.8,31.9,0.00,0.00,97,25.52,94,83.81,97,25.52,53,21.35
21.2,31.9,0.00,0.00,97,25.52,95,83.81,97,25.52,48,21.35
21.8,31.9,0.00,0.00,97,25.52,95,83.81,97,25.52,54,21.35
20.5,31.9,0.00,0.00,97,25.52,96,83.81,98,25.52,52,21.35
20.8,31.9,0.00,0.00,97,25.52,94,83.81,97,25.52,52,21.35
21.0,31.9,0.00,0.00,97,25.52,96,83.81,97,25.52,49,21.35
22.5,31.9,0.00,0.00,97,25.52,95,83.81,97,25.52,50,21.35
20.6,31.9,0.00,0.00,97,25.52,96,83.81,62,25.52,50,21.35
11.4,21.5,0.00,0.00,22,2.95,96,83.81,4,2.95,55,21.35
9.6,21.3,0.00,0.00,0,2.95,97,83.81,0,2.95,55,21.35
9.7,21.3,0.00,0.00,0,2.95,97,83.81,0,2.95,52,21.35
9.8,21.3,0.00,0.00,0,2.95,96,83.81,0,2.95,47,21.35
15.9,21.8,0.00,0.00,0,2.95,92,83.81,0,2.95,50,21.35
15.0,22.4,0.00,0.00,0,2.95,92,83.81,0,3.28,56,21.35
15.7,24.6,0.00,0.00,0,2.95,94,83.81,5,17.79,58,21.35
14.9,28.8,0.00,0.00,1,6.92,96,83.81,6,29.27,55,21.35
13.1,33.3,0.00,0.00,4,12.39,96,83.81,1,30.12,50,21.35
13.4,34.2,0.00,0.00,11,35.38,96,83.81,0,30.12,49,21.35
19.0,34.6,0.00,0.00,0,35.38,95,83.81,0,30.12,52,21.35
13.2,35.0,0.00,0.00,0,35.38,94,83.81,0,30.12,51,21.35
99.6,35.5,0.00,0.00,0,35.38,91,83.81,26,38.72,57,21.35
18.4,36.1,0.00,0.00,0,35.38,92,83.81,68,38.72,52,21.35
22.5,36.6,0.00,0.00,52,57.53,96,83.81,73,38.72,52,21.35
21.6,36.8,0.00,0.00,99,57.53,95,83.81,73,38.72,51,21.35
45.4,37.0,0.00,0.00,99,57.53,96,83.81,70,38.72,52,21.35
21.0,37.3,0.00,0.00,99,57.53,97,83.81,71,38.72,41,21.15
17.3,32.3,0.00,0.00,100,57.53,97,83.81,71,38.72,0,2.95
15.3,32.1,0.00,0.00,100,57.53,97,83.81,72,38.72,0,2.95
17.5,32.3,0.00,0.00,99,57.53,92,83.81,68,38.72,0,2.95
19.4,32.8,0.00,0.00,99,57.53,95,83.81,71,38.72,0,2.95
17.7,33.7,0.00,0.00,100,57.53,72,83.93,75,38.72,5,15.08
20.5,36.1,0.00,0.00,99,57.53,100,83.93,75,38.72,6,26.95
20.3,40.0,0.00,0.00,99,57.53,100,83.93,71,38.72,7,42.09
18.6,40.2,0.00,0.00,99,57.53,100,83.93,67,38.72,0,42.09
19.3,40.7,0.00,0.00,100,57.53,100,83.93,70,38.72,0,42.09
15.8,41.1,0.00,0.00,99,57.53,100,83.93,72,38.72,0,42.09
15.5,41.3,0.00,0.00,99,57.53,100,83.93,70,38.72,24,50.53
25.0,41.7,0.00,0.00,99,57.53,100,83.93,69,38.72,73,50.53
24.6,41.9,0.00,0.00,99,57.53,100,83.93,71,47.31,80,50.53
81.9,41.1,0.00,0.00,100,57.53,100,83.93,69,47.43,76,50.53
28.1,41.5,0.00,0.00,99,57.53,100,83.93,71,47.43,77,50.53
69.9,42.0,0.00,0.00,99,57.53,100,83.93,62,47.43,75,50.53
24.7,42.4,0.00,0.00,100,57.53,100,83.93,65,47.43,79,50.53
26.4,42.7,0.00,0.00,100,57.53,100,83.93,69,47.43,88,50.53
22.7,42.8,0.00,0.00,99,57.53,100,83.93,76,47.43,85,50.53
23.3,42.8,0.00,0.00,100,57.53,100,83.93,75,47.43,86,50.53
22.5,42.8,0.00,0.00,100,57.53,100,83.93,76,47.43,82,50.53
22.0,42.8,0.00,0.00,99,57.53,100,83.93,75,47.43,88,50.53
21.0,42.8,0.00,0.00,100,57.53,100,83.93,69,47.43,94,59.03
24.1,41.7,0.00,0.00,100,57.53,100,83.93,69,47.43,89,59.03
32.1,42.0,0.00,0.00,100,57.53,100,83.93,74,47.43,83,59.03
24.7,42.2,0.00,0.00,99,57.53,100,83.93,72,47.43,89,59.03
25.9,42.4,0.00,0.00,100,57.53,100,83.93,74,47.43,91,59.03
49.1,42.7,0.00,0.00,99,57.53,100,83.93,75,47.43,81,59.03
23.2,42.8,0.00,0.00,100,57.53,100,83.93,69,47.43,90,59.03
23.5,42.8,0.00,0.00,100,57.53,100,83.93,72,47.43,97,59.03
23.0,42.8,0.00,0.00,100,57.53,100,83.93,75,47.43,91,59.03
25.1,42.6,0.00,0.00,99,57.53,100,83.93,48,47.55,89,59.03
99.6,41.9,0.00,0.00,99,57.53,100,83.93,70,47.55,86,59.03
26.3,42.2,0.00,0.00,99,57.53,100,83.93,69,47.55,82,59.03
27.3,42.4,0.00,0.00,99,57.53,100,83.93,68,47.55,93,59.08
50.5,41.6,0.00,0.00,99,57.53,100,83.93,71,47.55,87,59.08
25.2,42.0,0.00,0.00,99,57.53,100,83.93,72,47.55,92,59.08
31.4,42.3,0.00,0.00,100,57.53,100,83.93,72,47.55,83,59.08
24.2,42.5,0.00,0.00,99,57.53,100,83.93,73,47.55,88,59.08
69.1,42.7,0.00,0.00,99,57.53,100,83.93,74,47.55,91,59.08
23.3,42.8,0.00,0.00,100,57.53,100,83.93,77,47.55,97,59.08
23.4,42.8,0.00,0.00,100,57.53,100,83.93,70,47.55,99,59.08
22.2,42.8,0.00,0.00,100,57.53,100,83.93,77,47.55,99,59.08
24.8,42.8,0.00,0.00,100,57.53,100,83.93,77,47.55,98,59.08
22.9,42.8,0.00,0.00,100,57.53,100,83.93,72,47.55,99,59.08
22.2,42.8,0.00,0.00,100,57.53,100,83.93,79,47.55,99,59.08
22.6,42.8,0.00,0.00,99,57.53,100,83.93,75,47.55,55,58.88
24.2,37.7,0.00,0.00,100,57.53,100,83.93,79,47.55,99,31.01
22.4,37.5,0.00,0.00,100,57.53,100,83.93,77,47.55,99,31.01
21.1,37.4,0.00,0.00,100,57.53,100,83.93,41,47.55,99,31.01
36.0,36.6,0.00,0.00,99,57.53,100,83.93,75,47.55,99,31.01
24.7,36.8,0.00,0.00,99,57.53,100,83.93,77,47.55,99,31.01
25.7,37.0,0.00,0.00,99,57.53,100,83.93,72,47.55,99,31.01
24.4,37.3,0.00,0.00,100,57.53,100,83.93,76,47.55,99,31.01
23.6,37.4,0.00,0.00,100,57.53,100,83.93,79,47.55,99,31.01
22.8,37.4,0.00,0.00,100,57.53,100,83.93,80,47.55,99,31.01
24.4,37.4,0.00,0.00,100,57.53,100,83.93,77,47.55,99,31.01
21.5,37.4,0.00,0.00,100,57.53,100,83.93,79,47.55,99,31.01
21.1,37.4,0.00,0.00,99,57.53,100,83.93,81,47.55,99,31.01
21.7,37.4,0.00,0.00,100,57.53,100,83.93,74,47.55,99,31.01
21.6,36.9,0.00,0.00,99,57.53,100,83.93,77,47.55,5,2.95
12.8,31.2,0.00,0.00,2,57.53,100,83.93,72,47.55,0,2.95
11.9,31.4,0.00,0.00,0,57.53,100,83.93,72,47.55,0,2.95
12.1,31.6,0.00,0.00,0,57.53,100,83.93,74,47.55,0,2.95
13.6,31.9,0.00,0.00,0,57.53,100,83.93,76,47.55,0,2.95
13.6,32.0,0.00,0.00,55,57.53,100,83.93,74,47.55,0,2.95
80.1,32.1,0.00,0.00,100,57.53,100,83.93,68,47.55,0,2.95
39.4,32.3,0.00,0.00,100,57.53,100,83.93,70,47.55,0,2.95
19.6,31.6,0.00,0.00,100,57.53,100,83.93,76,47.55,3,8.26
83.9,33.3,0.00,0.00,100,57.53,100,83.93,75,47.55,3,14.44
18.0,35.4,0.00,0.00,100,57.53,100,83.93,70,47.55,3,18.76
19.0,36.1,0.00,0.00,100,57.53,100,83.93,75,47.55,0,18.76
25.3,36.7,0.00,0.00,100,57.53,100,83.93,72,47.55,0,18.76
15.4,36.9,0.00,0.00,100,57.53,100,83.93,70,47.55,0,18.76
14.5,37.1,0.00,0.00,100,57.53,99,83.93,73,47.55,17,33.67
18.6,37.4,0.00,0.00,100,57.53,100,83.93,78,47.55,97,33.67
18.5,37.4,0.00,0.00,100,57.53,100,83.93,78,47.55,97,33.67
18.8,37.4,0.00,0.00,100,57.53,100,83.93,77,47.55,98,33.67
17.6,37.4,0.00,0.00,100,57.53,100,83.93,78,47.55,97,33.67
20.4,37.4,0.00,0.00,100,57.53,90,83.74,82,47.55,98,33.67
18.2,32.1,0.00,0.00,100,57.53,97,27.84,74,47.55,97,33.67
17.5,32.1,0.00,0.00,100,57.53,98,27.84,77,47.55,98,33.67
18.4,32.1,0.00,0.00,100,57.53,98,27.84,80,47.55,97,33.67
17.2,32.1,0.00,0.00,100,57.53,97,27.84,76,47.55,98,33.67
19.2,32.1,0.00,0.00,100,57.53,98,27.84,79,47.55,98,33.67
17.3,32.1,0.00,0.00,100,57.53,98,27.84,41,47.55,98,33.67
19.8,31.2,0.00,0.00,100,57.53,97,27.84,69,47.55,98,33.67
19.4,31.4,0.00,0.00,100,57.53,96,27.84,71,47.55,97,33.67
19.8,31.6,0.00,0.00,100,57.53,97,27.84,73,47.55,98,33.67
51.4,31.9,0.00,0.00,100,57.53,97,27.84,71,47.55,98,33.67
17.4,32.1,0.00,0.00,100,57.53,96,27.84,75,47.55,98,33.67
17.2,32.1,0.00,0.00,100,57.53,98,27.84,78,47.55,98,33.67
17.9,32.1,0.00,0.00,100,57.53,98,27.84,75,47.55,98,33.67
16.4,32.1,0.00,0.00,100,57.53,98,27.84,73,47.55,98,33.67
18.3,32.1,0.00,0.00,100,57.53,97,27.84,76,47.55,98,33.67
18.2,32.1,0.00,0.00,100,57.53,98,27.84,78,47.55,99,33.67
17.6,32.1,0.00,0.00,100,57.53,98,27.84,79,47.55,98,33.67
18.8,32.1,0.00,0.00,100,57.53,98,27.84,75,47.55,98,33.67
18.1,32.1,0.00,0.00,100,57.53,98,27.84,79,47.55,98,33.67
18.5,32.1,0.00,0.00,100,57.53,98,27.84,71,47.55,99,33.67
17.4,32.1,0.00,0.00,100,57.53,98,27.84,78,47.55,99,33.67
16.7,32.1,0.00,0.00,100,57.53,98,27.84,73,47.55,99,33.67
18.2,32.1,0.00,0.00,100,57.53,98,27.84,77,47.55,98,33.67
17.7,32.1,0.00,0.00,100,57.53,98,27.84,74,47.55,99,33.67
20.2,31.1,0.00,0.00,100,57.53,98,27.84,77,47.55,98,33.67
20.1,31.3,0.00,0.00,100,57.53,97,27.84,74,47.55,98,33.67
19.9,31.5,0.00,0.00,100,57.53,95,27.84,73,47.55,98,33.67
19.5,31.7,0.00,0.00,100,57.53,96,27.84,77,47.55,98,33.67
38.9,31.9,0.00,0.00,100,57.53,96,27.84,73,47.55,98,33.67
18.6,32.1,0.00,0.00,100,57.53,98,27.84,75,47.55,98,33.67
17.6,32.1,0.00,0.00,100,57.53,98,27.84,77,47.55,98,33.67
18.7,32.1,0.00,0.00,100,57.53,98,27.84,77,47.55,98,33.67
17.2,32.1,0.00,0.00,100,57.53,98,27.84,80,47.55,98,33.67
18.0,32.1,0.00,0.00,100,57.53,98,27.84,77,47.55,98,33.67
20.0,32.1,0.00,0.00,100,57.53,97,27.84,79,47.55,99,33.67
19.2,32.1,0.00,0.00,100,57.53,97,27.84,76,47.55,98,33.67
17.8,32.1,0.00,0.00,100,57.53,97,27.84,88,47.55,98,33.67
18.1,32.1,0.00,0.00,100,57.53,97,27.84,80,47.55,98,33.67
17.8,32.0,0.00,0.00,100,57.53,97,27.84,71,47.55,99,33.67
18.0,32.0,0.00,0.00,100,57.53,97,27.84,80,47.55,99,33.67
16.7,32.0,0.00,0.00,100,57.53,97,27.84,77,47.55,98,33.67
16.9,32.0,0.00,0.00,100,57.53,97,27.84,76,47.55,99,33.67
20.3,31.0,0.00,0.00,100,57.53,97,27.84,47,47.55,98,33.67
20.7,31.3,0.00,0.00,100,57.53,97,27.84,79,47.55,99,33.67
21.0,31.5,0.00,0.00,100,57.53,96,27.84,72,47.55,98,33.67
47.4,31.7,0.00,0.00,100,57.53,96,27.84,75,47.55,98,33.67
39.5,31.9,0.00,0.00,100,57.53,97,27.84,70,47.55,98,33.67
16.5,32.1,0.00,0.00,100,57.53,97,27.84,70,47.55,99,33.67
18.1,32.1,0.00,0.00,100,57.53,97,27.84,74,47.55,98,33.67
20.0,32.1,0.00,0.00,100,57.53,97,27.84,78,47.55,99,33.99
17.5,31.0,0.00,0.00,100,57.53,97,27.84,77,47.55,0,33.99
14.8,26.1,0.00,0.00,0,2.95,96,27.84,71,47.55,0,33.99
76.0,26.2,0.00,0.00,0,2.95,96,27.84,71,47.55,0,33.99
44.0,26.4,0.00,0.00,0,2.95,97,27.84,74,47.55,0,33.99
13.1,26.6,0.00,0.00,0,2.95,94,27.84,75,47.55,14,33.99
14.6,26.8,0.00,0.00,0,2.95,97,27.84,73,47.55,98,33.99
17.1,26.8,0.00,0.00,0,2.95,95,27.84,72,47.55,97,33.99
16.7,27.0,0.00,0.00,0,2.95,96,27.84,67,47.55,98,33.99
16.3,27.2,0.00,0.00,0,2.95,94,27.84,76,47.55,98,33.99
16.4,28.0,0.00,0.00,0,2.95,96,27.84,80,47.55,98,33.99
16.2,29.5,0.00,0.00,1,10.31,98,27.84,45,47.55,98,33.99
18.7,30.5,0.00,0.00,3,22.4,97,27.84,75,47.55,96,33.99
18.2,30.5,0.00,0.00,6,29.89,97,27.84,74,47.55,97,33.99
92.4,30.9,0.00,0.00,0,29.89,96,27.84,75,47.55,97,33.99
18.8,31.4,0.00,0.00,0,29.89,97,27.84,70,47.55,97,33.99
99.2,31.8,0.00,0.00,0,29.89,94,27.84,73,47.55,98,33.99
17.7,32.1,0.00,0.00,19,57.58,97,27.84,81,47.55,98,33.99
18.5,32.1,0.00,0.00,100,57.58,98,27.84,80,47.55,98,33.99
17.0,32.1,0.00,0.00,100,57.58,98,27.84,81,47.55,99,33.99
18.1,32.1,0.00,0.00,100,57.58,98,27.84,81,47.55,99,33.99
17.3,30.8,0.00,0.00,100,57.58,56,2.95,76,47.55,98,33.99
13.6,26.8,0.00,0.00,100,57.58,0,2.95,81,47.55,99,33.99
14.4,26.8,0.00,0.00,100,57.58,0,2.95,75,47.55,98,33.99
23.4,27.2,0.00,0.00,99,57.58,0,2.95,69,47.55,98,33.99
21.5,27.6,0.00,0.00,100,57.58,0,3.07,75,47.55,99,33.99
18.6,29.6,0.00,0.00,100,57.58,6,15.57,77,47.55,99,33.99
18.8,33.3,0.00,0.00,100,57.58,6,28.24,75,47.55,99,33.99
15.5,35.3,0.00,0.00,100,57.58,6,37.98,75,47.55,99,33.99
16.6,35.5,0.00,0.00,99,57.58,0,37.98,60,47.36,98,33.99
18.4,30.4,0.00,0.00,100,57.58,0,37.98,71,25.25,97,33.99
20.0,30.6,0.00,0.00,100,57.58,0,37.98,74,25.25,99,33.99
24.4,31.0,0.00,0.00,100,57.58,31,46.58,72,25.25,98,33.99
21.5,31.2,0.00,0.00,100,57.58,77,46.58,75,25.25,97,33.99
26.5,31.5,0.00,0.00,100,57.58,69,46.58,67,25.25,98,33.99
23.9,31.7,0.00,0.00,100,57.58,77,46.58,76,25.25,98,33.99
68.9,31.9,0.00,0.00,100,57.58,77,46.58,75,25.25,98,33.99
22.2,32.0,0.00,0.00,100,57.58,78,46.58,75,25.25,98,33.99
20.4,32.0,0.00,0.00,100,57.58,80,46.58,75,25.25,98,33.99
21.4,32.0,0.00,0.00,100,57.58,83,46.58,76,25.25,99,33.99
20.6,32.0,0.00,0.00,100,57.58,80,46.58,77,25.25,98,33.99
21.5,32.0,0.00,0.00,100,57.58,79,46.58,75,25.25,98,33.99
19.7,32.0,0.00,0.00,100,57.58,78,46.58,74,25.25,98,33.99
20.6,32.0,0.00,0.00,100,57.58,77,46.58,76,25.25,98,33.99
20.3,32.0,0.00,0.00,100,57.58,79,46.58,76,25.25,98,33.99
21.9,32.0,0.00,0.00,99,57.58,82,46.58,78,25.25,98,33.99
21.1,32.0,0.00,0.00,100,57.58,81,46.58,81,25.25,98,33.99
20.3,32.0,0.00,0.00,100,57.58,81,46.58,73,25.25,98,33.99
16.3,30.9,0.00,0.00,100,57.58,77,46.58,4,2.95,99,33.99
15.1,26.6,0.00,0.00,100,57.58,79,46.7,0,2.95,99,33.99
75.8,25.7,0.00,0.00,100,57.58,48,53.0,0,2.95,98,33.99
18.4,26.1,0.00,0.00,100,57.58,92,53.0,0,2.95,96,33.99
25.6,26.5,0.00,0.00,100,57.58,97,53.0,0,2.95,98,33.99
20.8,27.5,0.00,0.00,100,57.58,98,53.0,0,3.35,98,33.99
76.5,28.5,0.00,0.00,100,57.58,98,53.0,4,10.77,98,33.99
17.4,30.6,0.00,0.00,100,57.58,99,53.0,4,35.38,98,33.99
90.5,31.0,0.00,0.00,100,57.58,98,53.0,0,35.38,98,33.99
16.9,31.2,0.00,0.00,99,57.58,97,53.0,0,35.38,98,33.99
18.1,31.4,0.00,0.00,100,57.58,98,53.0,0,35.38,98,33.99
17.5,31.7,0.00,0.00,100,57.58,98,53.0,0,35.38,98,33.99
25.8,32.0,0.00,0.00,100,57.58,98,53.0,13,59.31,98,33.99
17.8,32.0,0.00,0.00,100,57.58,98,53.0,100,59.31,99,33.99
19.0,32.0,0.00,0.00,100,57.58,98,53.0,100,59.31,98,33.99
17.5,32.0,0.00,0.00,100,57.58,98,53.0,100,59.31,0,33.99
17.4,31.1,0.00,0.00,100,57.58,98,53.0,100,59.31,0,33.99
16.6,31.4,0.00,0.00,100,57.58,98,53.0,100,59.31,0,33.99
14.6,30.6,0.00,0.00,100,57.58,42,53.0,100,59.31,0,33.99
81.5,31.0,0.00,0.00,99,57.58,71,53.0,99,59.31,0,33.99
24.2,31.4,0.00,0.00,100,57.58,76,53.0,100,59.31,97,33.99
79.2,31.7,0.00,0.00,100,57.58,80,53.0,100,59.31,97,33.99
61.6,31.9,0.00,0.00,100,57.58,77,53.0,100,59.31,98,33.99
16.9,32.0,0.00,0.00,100,57.58,81,53.0,100,59.31,98,33.99
18.1,32.0,0.00,0.00,100,57.58,78,53.0,100,59.31,98,33.99
17.4,32.0,0.00,0.00,100,57.58,79,53.0,100,59.31,98,33.99
18.1,32.0,0.00,0.00,100,57.58,80,53.0,100,59.31,98,33.99
19.0,32.0,0.00,0.00,100,57.58,76,53.0,100,59.31,98,33.99
17.1,32.0,0.00,0.00,100,57.58,79,53.0,100,59.31,98,33.99
18.2,32.0,0.00,0.00,100,57.58,78,53.0,100,59.31,98,33.99
18.5,32.0,0.00,0.00,100,57.58,81,53.0,100,59.31,98,33.99
17.4,32.0,0.00,0.00,100,57.58,80,53.0,100,59.31,98,33.99
16.8,32.0,0.00,0.00,100,57.58,84,53.0,100,59.31,98,33.99
18.3,32.0,0.00,0.00,100,57.58,79,53.0,100,59.31,99,33.99
16.9,32.0,0.00,0.00,100,57.58,81,53.0,100,59.31,98,33.99
16.5,31.2,0.00,0.00,0,57.58,80,53.0,100,59.31,98,33.99
16.3,31.4,0.00,0.00,0,57.58,80,53.0,100,59.31,98,33.99
18.9,31.6,0.00,0.00,0,57.58,53,53.0,100,59.31,98,33.99
91.2,31.0,0.00,0.00,0,57.58,95,53.0,100,59.31,98,33.99
85.3,31.4,0.00,0.00,0,57.58,96,53.0,100,59.31,95,33.99
47.1,31.6,0.00,0.00,100,57.58,98,53.0,100,59.31,98,33.99
21.8,31.9,0.00,0.00,100,57.58,96,53.0,100,59.31,98,33.99
20.4,32.0,0.00,0.00,100,57.58,98,53.0,100,59.31,98,33.99
18.3,32.0,0.00,0.00,100,57.58,98,53.0,100,59.31,98,33.99
18.0,32.0,0.00,0.00,100,57.58,98,53.0,100,59.31,98,33.99
18.2,32.0,0.00,0.00,100,57.58,98,53.0,100,59.31,99,33.99
18.6,32.0,0.00,0.00,100,57.58,98,53.0,100,59.31,99,33.99
17.0,32.0,0.00,0.00,100,57.58,99,53.0,100,59.31,98,33.99
17.3,32.0,0.00,0.00,100,57.58,99,53.0,100,59.31,98,33.99
18.2,32.0,0.00,0.00,100,57.58,99,53.0,100,59.31,98,33.99
17.6,32.0,0.00,0.00,100,57.58,99,53.0,100,59.31,99,33.99
16.8,32.0,0.00,0.00,100,57.58,99,53.0,100,59.31,99,33.99
17.9,32.0,0.00,0.00,100,57.58,99,53.0,100,59.31,98,33.99
17.2,32.0,0.00,0.00,100,57.58,99,53.0,100,59.31,98,33.99
18.0,32.0,0.00,0.00,100,57.58,99,53.0,100,59.31,98,33.99
17.9,32.0,0.00,0.00,100,57.58,91,53.0,100,59.31,98,33.99
82.7,31.2,0.00,0.00,100,57.58,80,53.0,100,59.31,98,33.99
20.9,31.4,0.00,0.00,99,57.58,78,53.0,100,59.31,98,33.99
19.5,31.6,0.00,0.00,100,57.58,77,53.0,100,59.31,98,33.99
20.5,31.9,0.00,0.00,100,57.58,79,53.0,100,59.31,98,33.99
18.2,32.0,0.00,0.00,100,57.58,83,53.0,100,59.31,99,33.99
16.5,32.0,0.00,0.00,100,57.58,83,53.0,100,59.31,99,33.99
16.4,32.0,0.00,0.00,100,57.58,83,53.0,100,59.31,98,33.99
18.1,32.0,0.00,0.00,100,57.58,79,53.0,100,59.31,98,33.99
17.5,32.0,0.00,0.00,100,57.58,81,53.0,100,59.31,98,33.99
18.8,32.0,0.00,0.00,100,57.58,82,53.0,100,59.31,98,33.99
16.8,32.0,0.00,0.00,100,57.58,79,53.0,100,59.31,98,33.99
17.7,32.0,0.00,0.00,100,57.58,76,53.0,100,59.31,98,33.99
17.6,32.0,0.00,0.00,100,57.58,81,53.0,100,59.31,99,33.99
17.0,32.0,0.00,0.00,100,57.58,80,53.0,100,59.31,98,33.99
18.0,32.0,0.00,0.00,100,57.58,83,53.0,100,59.31,98,33.99
16.8,32.0,0.00,0.00,100,57.58,82,53.0,54,59.38,98,33.99
16.8,31.1,0.00,0.00,100,57.58,82,53.0,0,59.38,96,33.99
18.4,31.4,0.00,0.00,100,57.58,84,53.0,0,59.38,96,33.99
19.9,30.6,0.00,0.00,100,57.58,40,53.0,0,59.38,97,33.99
100.0,31.0,0.00,0.00,99,57.58,96,53.0,0,59.38,89,33.99
68.1,30.5,0.00,0.00,99,57.58,97,53.0,56,59.38,0,33.99
18.3,30.9,0.00,0.00,100,57.58,94,53.0,100,59.38,0,33.99
69.7,31.3,0.00,0.00,100,57.58,98,53.0,100,59.38,0,33.99
24.0,31.7,0.00,0.00,100,57.58,97,53.0,100,59.38,0,33.99
16.7,32.0,0.00,0.00,100,57.58,99,53.0,100,59.38,97,33.99
19.0,32.0,0.00,0.00,100,57.58,98,53.0,100,59.38,98,33.99
19.2,32.0,0.00,0.00,100,57.58,98,53.0,100,59.38,98,33.99
18.5,32.0,0.00,0.00,100,57.58,98,53.0,100,59.38,98,33.99
17.0,32.0,0.00,0.00,100,57.58,99,53.0,100,59.38,98,33.99
19.5,32.0,0.00,0.00,100,57.58,98,53.0,100,59.38,98,33.99
19.0,32.0,0.00,0.00,100,57.58,98,53.0,100,59.38,98,33.99
18.3,32.0,0.00,0.00,100,57.58,98,53.0,100,59.38,97,33.99
20.3,32.0,0.00,0.00,100,57.58,98,53.0,100,59.38,98,33.99
18.1,32.0,0.00,0.00,100,57.58,99,53.0,100,59.38,98,33.99
17.5,32.0,0.00,0.00,100,57.58,99,53.0,100,59.38,98,33.99
17.9,31.0,0.00,0.00,100,57.58,99,53.0,100,59.38,98,33.99
19.3,31.2,0.00,0.00,100,57.58,76,53.0,100,59.38,97,33.99
20.1,31.4,0.00,0.00,100,57.58,76,53.0,100,59.38,97,33.99
20.2,31.7,0.00,0.00,99,57.58,77,53.0,100,59.38,98,33.99
24.6,31.9,0.00,0.00,100,57.58,79,53.0,100,59.38,98,33.99
17.0,32.0,0.00,0.00,100,57.58,79,53.0,100,59.38,98,33.99
17.2,32.0,0.00,0.00,100,57.58,81,53.0,100,59.38,98,33.99
18.3,32.0,0.00,0.00,100,57.58,81,53.0,100,59.38,98,33.99
17.6,32.0,0.00,0.00,100,57.58,81,53.0,100,59.38,98,33.99
18.0,32.0,0.00,0.00,100,57.58,86,53.0,100,59.38,98,33.99
18.1,32.0,0.00,0.00,100,57.58,80,53.0,100,59.38,98,33.99
17.6,32.0,0.00,0.00,100,57.58,81,53.0,100,59.38,99,33.99
18.0,32.0,0.00,0.00,100,57.58,78,53.0,100,59.38,99,33.99
18.8,32.0,0.00,0.00,100,57.58,79,53.0,100,59.38,98,33.99
17.1,31.1,0.00,0.00,62,57.58,83,53.0,100,59.38,98,33.99
52.3,31.3,0.00,0.00,0,57.58,79,53.0,100,59.38,98,33.99
17.3,31.5,0.00,0.00,0,57.58,83,53.0,100,59.38,98,33.99
16.8,31.8,0.00,0.00,0,57.58,83,53.0,100,59.38,98,33.99
25.4,32.0,0.00,0.00,0,57.58,79,53.0,100,59.38,98,33.99
20.6,31.0,0.00,0.00,100,57.58,77,53.0,100,59.38,99,33.99
19.6,31.2,0.00,0.00,100,57.58,96,53.0,100,59.38,98,33.99
27.2,31.5,0.00,0.00,100,57.58,97,53.0,100,59.38,98,33.99
19.5,31.7,0.00,0.00,100,57.58,97,53.0,100,59.38,98,33.99
20.7,31.9,0.00,0.00,100,57.58,97,53.0,100,59.38,98,33.99
18.0,32.0,0.00,0.00,100,57.58,99,53.0,100,59.38,98,33.99
19.6,32.0,0.00,0.00,100,57.58,99,53.0,100,59.38,98,33.99
17.3,32.0,0.00,0.00,100,57.58,99,53.0,100,59.38,99,33.99
17.3,32.0,0.00,0.00,100,57.58,99,53.0,100,59.38,99,33.99
19.2,32.0,0.00,0.00,100,57.58,99,53.0,100,59.38,99,33.99
17.7,32.0,0.00,0.00,100,57.58,99,53.0,100,59.38,98,33.99
17.3,32.0,0.00,0.00,100,57.58,99,53.0,100,59.38,99,33.99
18.1,32.0,0.00,0.00,100,57.58,99,53.0,100,59.38,99,33.99
17.9,32.0,0.00,0.00,100,57.58,99,53.0,100,59.38,99,33.99
16.6,32.0,0.00,0.00,100,57.58,99,53.0,100,59.38,99,33.99
18.3,32.0,0.00,0.00,100,57.58,99,53.0,100,59.38,99,33.99
18.7,32.0,0.00,0.00,100,57.58,99,53.0,100,59.38,99,33.99
17.8,32.0,0.00,0.00,100,57.58,99,53.0,100,59.38,99,33.99
15.9,32.0,0.00,0.00,100,57.58,79,53.0,100,59.38,98,33.99
19.6,31.2,0.00,0.00,100,57.58,78,53.0,100,59.38,98,33.99
19.1,31.4,0.00,0.00,100,57.58,75,53.0,100,59.38,98,33.99
19.2,31.6,0.00,0.00,99,57.58,76,53.0,100,59.38,98,33.99
19.8,31.9,0.00,0.00,100,57.58,75,53.0,100,59.38,98,33.99
19.2,32.0,0.00,0.00,99,57.58,81,53.0,100,59.38,99,33.99
18.7,32.0,0.00,0.00,100,57.58,83,53.0,100,59.38,99,33.99
17.1,32.0,0.00,0.00,100,57.58,78,53.0,100,59.38,99,33.99
14.7,32.0,0.00,0.00,100,57.58,78,53.0,88,59.38,6,2.95
15.8,21.6,0.00,0.00,100,57.58,77,53.0,10,2.95,0,2.95
28.8,21.8,0.00,0.00,100,57.58,72,53.0,0,2.95,0,2.95
14.2,22.2,0.00,0.00,100,57.58,74,53.0,0,2.95,2,13.15
15.2,25.1,0.00,0.00,100,57.58,78,53.0,0,2.95,8,25.48
15.1,28.8,0.00,0.00,100,57.58,80,53.0,0,2.95,3,32.12
12.7,29.8,0.00,0.00,100,57.58,75,53.0,0,2.95,0,32.12
16.7,30.4,0.00,0.00,100,57.58,72,53.0,0,2.95,0,32.12
17.5,31.0,0.00,0.00,100,57.58,69,53.0,0,2.95,0,32.12
76.9,32.3,0.00,0.00,100,57.58,74,53.0,1,13.86,0,36.25
23.7,36.2,0.00,0.00,100,57.58,80,53.0,6,25.85,86,36.25
19.0,39.9,0.00,0.00,100,57.58,67,53.0,8,45.85,84,36.25
24.7,38.8,0.00,0.00,99,57.58,95,53.0,0,45.85,86,36.25
65.3,39.5,0.00,0.00,99,57.58,98,53.0,0,45.85,87,36.25
23.2,40.1,0.00,0.00,99,57.58,96,53.0,0,45.85,85,36.25
81.3,40.7,0.00,0.00,100,57.58,98,53.0,0,45.85,91,36.25
33.5,41.2,0.00,0.00,99,57.58,97,53.0,69,52.36,86,36.25
29.6,41.6,0.00,0.00,100,57.58,97,53.0,72,52.36,90,36.25
66.4,41.8,0.00,0.00,99,57.58,98,53.0,70,52.36,90,36.25
26.5,42.0,0.00,0.00,100,57.58,98,53.0,69,52.36,89,36.25
26.7,42.3,0.00,0.00,99,57.58,98,53.0,70,52.36,90,36.25
26.0,42.5,0.00,0.00,100,57.58,98,53.0,72,52.36,90,36.25
25.1,42.5,0.00,0.00,99,57.58,98,53.0,74,52.36,90,36.25
27.2,42.5,0.00,0.00,99,57.58,99,53.0,75,52.36,91,36.25
26.8,42.5,0.00,0.00,100,57.58,98,53.0,77,52.36,95,36.25
25.2,42.5,0.00,0.00,100,57.58,99,53.0,77,52.36,94,36.25
25.0,42.5,0.00,0.00,100,57.58,99,53.0,72,52.36,94,36.25
25.8,42.5,0.00,0.00,99,57.58,98,53.0,75,52.36,95,36.25
27.0,42.5,0.00,0.00,99,57.58,47,25.25,81,52.41,94,36.25
28.3,36.2,0.00,0.00,100,57.58,81,25.25,80,58.93,92,36.25
28.8,36.5,0.00,0.00,99,57.58,75,25.25,83,58.93,92,36.25
32.8,36.7,0.00,0.00,99,57.58,74,25.25,73,58.93,91,36.25
27.3,36.9,0.00,0.00,99,57.58,71,25.25,77,58.93,92,36.25
26.1,37.1,0.00,0.00,100,57.58,74,25.25,69,58.93,92,36.25
23.7,37.3,0.00,0.00,100,57.58,75,25.25,86,58.93,69,40.38
24.7,36.3,0.00,0.00,99,57.58,77,25.25,78,58.93,89,40.38
32.5,36.5,0.00,0.00,100,57.58,79,25.25,76,58.93,88,40.38
25.9,36.7,0.00,0.00,100,57.58,77,25.25,78,58.93,90,40.38
28.3,36.9,0.00,0.00,100,57.58,82,25.25,78,58.93,89,40.38
27.2,36.1,0.00,0.00,95,2.95,71,25.25,76,58.93,91,40.38
22.2,32.0,0.00,0.00,9,2.95,83,25.25,82,58.93,93,40.38
23.0,32.0,0.00,0.00,0,2.95,82,25.25,80,58.98,89,40.38
24.2,31.1,0.00,0.00,0,2.95,81,25.25,80,58.98,92,40.38
35.0,31.3,0.00,0.00,0,2.95,77,25.25,74,58.98,92,40.38
78.5,31.6,0.00,0.00,0,2.95,78,25.25,76,58.98,88,40.38
31.1,32.0,0.00,0.00,0,2.95,71,25.25,71,58.98,88,40.38
25.6,32.3,0.00,0.00,0,2.95,72,25.25,81,58.98,90,40.38
19.7,33.8,0.00,0.00,2,8.04,58,25.25,90,58.98,95,40.38
18.0,30.0,0.00,0.00,3,14.22,4,2.95,95,58.98,94,40.38
90.4,30.9,0.00,0.00,3,24.4,0,2.95,87,58.98,92,40.38
30.2,31.2,0.00,0.00,0,24.4,0,2.95,84,58.98,91,40.38
18.5,31.4,0.00,0.00,0,24.4,0,2.95,89,58.98,93,40.38
18.2,31.6,0.00,0.00,0,24.4,0,2.95,90,58.98,91,40.38
29.2,31.8,0.00,0.00,0,31.01,0,2.95,73,58.98,93,40.38
25.1,31.0,0.00,0.00,97,31.01,0,2.95,84,58.98,91,40.38
25.8,31.2,0.00,0.00,96,31.01,0,2.95,78,58.98,91,40.38
26.1,31.4,0.00,0.00,98,31.01,0,2.95,82,58.98,94,40.38
30.4,31.6,0.00,0.00,96,31.01,0,2.95,77,58.98,93,40.38
24.9,31.8,0.00,0.00,98,31.01,0,2.95,77,58.98,94,40.38
24.3,31.9,0.00,0.00,99,31.01,0,2.95,84,58.98,92,40.38
24.9,31.9,0.00,0.00,97,31.01,0,2.95,83,58.98,42,40.38
26.2,31.0,0.00,0.00,98,31.01,0,2.95,73,58.98,90,40.38
25.4,31.2,0.00,0.00,97,31.01,0,2.95,69,58.98,89,40.38
99.8,31.5,0.00,0.00,97,31.01,0,2.95,68,58.98,94,40.38
23.8,31.6,0.00,0.00,98,31.01,0,2.95,74,58.98,93,40.38
33.6,31.9,0.00,0.00,96,31.01,0,2.95,73,58.98,93,40.38
22.6,31.9,0.00,0.00,98,31.01,0,2.95,57,58.98,93,40.38
24.2,31.0,0.00,0.00,98,31.01,0,2.95,76,58.98,92,40.38
25.0,31.2,0.00,0.00,94,31.01,0,2.95,86,58.98,90,40.38
82.5,30.6,0.00,0.00,0,31.01,0,2.95,83,58.98,88,40.38
18.9,31.0,0.00,0.00,0,31.01,0,2.95,93,58.98,92,40.38
21.9,31.5,0.00,0.00,0,31.01,0,2.95,91,58.98,91,40.38
17.9,31.7,0.00,0.00,0,31.01,0,2.95,94,58.98,90,40.38
23.5,31.9,0.00,0.00,16,31.01,0,2.95,78,58.98,94,40.38
21.8,31.9,0.00,0.00,98,31.01,0,2.95,76,58.98,92,40.38
24.9,31.9,0.00,0.00,98,31.01,0,2.95,75,58.98,91,40.38
24.1,31.9,0.00,0.00,97,31.01,0,2.95,79,58.98,92,40.38
24.8,31.9,0.00,0.00,98,31.01,0,2.95,77,58.98,93,40.38
21.0,31.9,0.00,0.00,98,31.01,0,2.95,73,58.98,91,40.38
23.9,30.9,0.00,0.00,98,31.01,0,2.95,86,58.98,93,40.38
24.0,31.1,0.00,0.00,94,31.01,0,2.95,72,58.98,92,40.38
26.4,31.3,0.00,0.00,98,31.01,0,2.95,78,58.98,92,40.38
25.3,31.5,0.00,0.00,95,31.01,0,2.95,77,58.98,92,40.38
36.6,31.8,0.00,0.00,96,31.01,0,2.95,82,58.98,93,40.38
24.2,31.9,0.00,0.00,98,31.01,0,2.95,77,58.98,94,40.38
23.9,31.9,0.00,0.00,98,31.01,0,2.95,76,58.98,93,40.38
22.8,31.9,0.00,0.00,97,31.01,0,2.95,78,58.98,87,40.18
24.6,26.8,0.00,0.00,98,31.01,0,2.95,88,58.98,91,21.66
82.6,25.7,0.00,0.00,37,31.01,0,2.95,81,58.98,92,21.66
72.0,25.9,0.00,0.00,0,31.01,0,2.95,86,58.98,92,21.66
18.8,26.1,0.00,0.00,0,31.01,0,2.95,90,58.98,93,21.66
23.9,26.3,0.00,0.00,0,31.01,0,2.95,56,58.98,91,21.66
60.9,25.6,0.00,0.00,0,31.01,0,2.95,83,58.98,90,21.66
24.3,25.9,0.00,0.00,69,31.01,0,2.95,77,58.98,92,21.66
63.8,26.1,0.00,0.00,98,31.01,0,2.95,79,58.98,93,21.66
62.0,26.4,0.00,0.00,96,31.01,0,2.95,71,58.98,91,21.66
26.2,26.6,0.00,0.00,98,31.01,0,2.95,82,58.98,95,21.66
22.7,26.6,0.00,0.00,99,31.01,0,2.95,75,58.98,93,21.66
23.5,26.6,0.00,0.00,98,31.01,0,2.95,79,58.98,91,21.66
23.4,26.6,0.00,0.00,99,31.01,0,2.95,84,58.98,92,21.66
21.2,26.6,0.00,0.00,99,31.01,0,2.95,79,58.98,93,21.66
22.4,26.6,0.00,0.00,98,31.01,0,2.95,76,58.98,92,21.66
21.7,26.6,0.00,0.00,98,31.01,0,2.95,85,58.98,93,21.66
23.9,26.6,0.00,0.00,98,31.01,0,2.95,81,58.98,94,21.66
23.4,26.6,0.00,0.00,98,31.01,0,2.95,67,58.98,90,21.66
27.7,25.7,0.00,0.00,98,31.01,0,2.95,76,58.98,93,21.66
24.9,26.0,0.00,0.00,95,31.01,0,2.95,79,58.98,93,21.66
23.3,26.2,0.00,0.00,99,31.01,0,2.95,82,58.98,90,21.66
62.7,21.1,0.00,0.00,5,2.95,0,2.95,88,58.98,92,21.66
54.8,21.4,0.00,0.00,0,2.95,0,2.95,90,58.98,93,21.66
95.8,21.7,0.00,0.00,0,2.95,0,2.95,86,58.98,89,21.66
18.3,22.0,0.00,0.00,0,2.95,0,3.07,92,58.98,95,21.66
20.4,25.0,0.00,0.00,1,9.19,3,10.43,97,58.98,95,21.66
23.5,27.9,0.00,0.00,3,15.58,3,16.0,98,58.98,4,2.95
66.2,24.5,0.00,0.00,5,24.49,6,24.49,96,58.98,0,2.95
100.0,25.2,0.00,0.00,0,24.49,0,24.49,77,58.98,0,2.95
16.5,25.4,0.00,0.00,0,24.49,0,24.49,79,58.98,0,6.51
96.5,26.4,0.00,0.00,0,24.49,0,24.49,91,58.98,8,17.82
23.6,30.6,0.00,0.00,0,24.49,0,31.11,85,58.98,9,27.93
24.1,34.2,0.00,0.00,36,31.11,99,31.11,89,58.98,0,32.12
22.5,34.8,0.00,0.00,99,31.11,98,31.11,85,58.98,0,32.12
20.3,35.2,0.00,0.00,98,31.11,99,31.11,84,58.98,0,32.12
20.2,35.4,0.00,0.00,99,31.11,99,31.11,91,58.98,0,32.12
31.5,35.7,0.00,0.00,99,31.11,99,31.11,93,58.98,0,39.99
27.3,36.0,0.00,0.00,99,31.11,99,31.11,74,58.98,93,39.99
28.7,36.2,0.00,0.00,99,31.11,99,31.11,73,58.98,93,39.99
29.3,36.4,0.00,0.00,99,31.11,99,31.11,73,58.98,94,39.99
25.5,36.6,0.00,0.00,98,31.11,99,31.11,73,58.98,95,39.99
26.1,36.9,0.00,0.00,100,31.11,99,31.11,53,58.98,91,39.99
26.2,36.2,0.00,0.00,99,31.11,99,31.11,62,58.98,94,39.99
26.7,36.5,0.00,0.00,99,31.11,100,31.11,72,58.98,93,39.99
25.7,36.7,0.00,0.00,99,31.11,100,31.11,76,58.98,94,39.99
99.8,36.9,0.00,0.00,99,31.11,99,31.11,69,58.98,93,39.99
24.1,37.1,0.00,0.00,99,31.11,99,31.11,75,58.98,95,39.99
22.7,37.1,0.00,0.00,100,31.11,100,31.11,78,58.98,95,39.99
24.6,37.2,0.00,0.00,99,31.11,99,31.11,81,58.98,94,39.99
24.8,37.2,0.00,0.00,99,31.11,100,31.11,79,58.98,95,39.99
22.9,37.1,0.00,0.00,100,31.11,100,31.11,85,58.98,94,39.99
23.7,37.1,0.00,0.00,99,31.11,99,31.11,80,58.98,95,39.99
25.2,37.2,0.00,0.00,100,31.11,100,31.11,84,58.98,96,39.99
24.4,37.1,0.00,0.00,100,31.11,100,31.11,79,58.98,96,39.99
17.9,35.2,0.00,0.00,15,31.11,5,31.11,78,58.98,94,39.99
57.2,34.6,0.00,0.00,0,31.11,0,31.11,75,58.98,95,39.99
23.0,35.2,0.00,0.00,0,31.11,0,31.11,87,58.98,94,40.03
26.1,35.9,0.00,0.00,0,31.11,0,31.11,84,58.98,46,47.9
29.4,35.6,0.00,0.00,0,31.11,0,31.11,76,58.98,95,47.9
27.5,36.3,0.00,0.00,38,31.11,33,31.11,72,58.98,96,47.9
52.0,36.7,0.00,0.00,99,31.11,99,31.11,80,58.98,96,47.9
26.0,36.9,0.00,0.00,99,31.11,99,31.11,77,58.98,96,47.9
28.1,37.1,0.00,0.00,99,31.11,99,31.11,78,58.98,98,47.9
23.3,37.2,0.00,0.00,99,31.11,100,31.11,76,58.98,97,47.9
23.6,37.2,0.00,0.00,99,31.11,99,31.11,84,58.98,97,47.9
24.5,37.2,0.00,0.00,99,31.11,100,31.11,75,58.98,96,47.9
24.2,37.2,0.00,0.00,99,31.11,100,31.11,80,58.98,97,47.9
19.0,37.1,0.00,0.00,99,31.11,100,31.11,61,58.98,95,47.9
38.7,36.3,0.00,0.00,99,31.11,100,31.11,70,58.98,96,47.9
25.5,36.5,0.00,0.00,98,31.11,99,31.11,71,58.98,95,47.9
26.8,36.7,0.00,0.00,99,31.11,99,31.11,74,58.98,96,47.9
25.6,37.0,0.00,0.00,99,31.11,100,31.11,68,58.98,96,47.9
21.7,37.2,0.00,0.00,99,31.11,100,31.11,79,58.98,97,47.9
23.2,37.2,0.00,0.00,99,31.11,100,31.11,78,58.98,97,47.9
23.2,37.2,0.00,0.00,99,31.11,100,31.11,80,58.98,97,47.9
24.5,37.2,0.00,0.00,99,31.11,100,31.11,81,58.98,97,47.9
24.1,37.2,0.00,0.00,100,31.11,100,31.11,79,58.98,97,47.9
22.7,37.2,0.00,0.00,99,31.11,100,31.11,85,58.98,97,47.9
23.0,37.2,0.00,0.00,99,31.11,99,31.11,79,58.98,97,47.94
26.2,37.2,0.00,0.00,99,31.11,100,31.11,85,58.98,39,47.94
21.0,36.3,0.00,0.00,99,31.11,99,31.11,40,58.98,96,47.94
24.5,33.2,0.00,0.00,99,2.95,5,2.95,82,58.98,95,47.94
20.5,25.7,0.00,0.00,5,2.95,0,2.95,90,58.98,96,47.94
21.0,26.1,0.00,0.00,0,2.95,0,2.95,91,58.98,95,47.94
73.5,26.5,0.00,0.00,0,2.95,0,2.95,94,58.98,97,47.94
16.7,26.8,0.00,0.00,0,2.95,0,2.95,99,58.98,97,47.94
17.9,26.8,0.00,0.00,0,2.95,0,2.95,90,58.98,97,47.94
18.6,27.0,0.00,0.00,0,2.95,0,2.95,90,58.98,97,47.94
18.1,27.2,0.00,0.00,0,2.95,0,2.95,97,58.98,97,47.94
18.0,28.5,0.00,0.00,1,9.46,0,2.95,97,58.98,97,47.94
17.2,30.4,0.00,0.00,3,15.56,0,2.95,95,58.98,97,47.94
17.9,31.1,0.00,0.00,2,18.76,0,2.95,84,58.98,97,47.94
20.3,26.2,0.00,0.00,0,18.76,0,2.95,89,30.96,97,47.94
18.9,26.3,0.00,0.00,0,18.76,0,2.95,84,30.96,96,47.94
69.7,26.5,0.00,0.00,0,18.76,0,2.95,85,30.96,97,47.94
19.7,26.8,0.00,0.00,0,33.67,0,2.95,85,30.96,97,47.94
19.7,26.8,0.00,0.00,96,33.67,0,2.95,89,30.96,97,47.94
19.5,26.8,0.00,0.00,97,33.67,0,2.95,94,30.96,97,47.94
20.0,26.8,0.00,0.00,97,33.67,0,2.95,95,30.96,97,47.94
19.9,26.8,0.00,0.00,97,33.67,0,2.95,94,30.96,97,47.94
20.3,26.8,0.00,0.00,97,33.67,0,2.95,95,30.96,97,47.94
22.5,26.8,0.00,0.00,97,33.67,0,2.95,92,30.96,96,47.94
32.6,25.9,0.00,0.00,97,33.67,0,2.95,85,30.96,97,47.94
18.0,26.2,0.00,0.00,96,33.67,0,2.95,19,2.95,96,47.94
12.1,21.1,0.00,0.00,96,33.67,0,2.95,5,2.95,97,47.94
12.9,21.3,0.00,0.00,97,33.67,0,2.95,0,2.95,97,47.94
11.3,21.4,0.00,0.00,97,33.67,0,2.95,0,2.95,98,47.94
10.4,21.4,0.00,0.00,98,33.67,0,2.95,0,2.95,97,47.94
12.9,21.6,0.00,0.00,98,33.67,0,2.95,0,2.95,97,47.94
15.5,21.9,0.00,0.00,97,33.67,0,2.95,0,2.95,94,47.94
14.6,22.2,0.00,0.00,96,33.67,0,4.79,2,6.26,97,47.94
15.6,25.4,0.00,0.00,97,33.67,3,10.92,4,12.75,97,47.94
14.8,29.2,0.00,0.00,98,33.67,3,24.49,4,24.49,97,47.94
14.6,30.0,0.00,0.00,97,33.67,0,24.49,0,24.49,94,47.94
14.4,30.4,0.00,0.00,94,33.67,0,24.49,0,24.49,96,47.94
78.4,30.9,0.00,0.00,96,33.67,0,24.49,0,24.49,97,47.94
35.2,31.3,0.00,0.00,96,33.67,0,24.49,0,24.49,97,47.94
22.0,31.9,0.00,0.00,94,33.67,14,31.11,29,31.11,98,47.94
17.8,31.9,0.00,0.00,97,33.67,99,31.11,100,31.11,96,47.94
18.4,31.9,0.00,0.00,97,33.67,99,31.11,99,31.11,98,47.94
19.0,31.9,0.00,0.00,97,33.67,99,31.11,99,31.11,97,47.94
19.0,31.9,0.00,0.00,97,33.67,99,31.11,99,31.11,97,47.94
18.8,31.9,0.00,0.00,97,33.67,99,31.11,99,31.11,97,47.94
18.6,31.9,0.00,0.00,97,33.67,99,31.11,99,31.11,50,47.94
25.6,30.9,0.00,0.00,97,33.67,99,31.11,99,31.11,97,47.94
99.0,31.1,0.00,0.00,97,33.67,99,31.11,99,31.11,97,47.94
22.2,31.4,0.00,0.00,95,33.67,99,31.11,99,31.11,96,47.94
20.9,31.6,0.00,0.00,96,33.67,99,31.11,99,31.11,97,47.94
26.2,31.9,0.00,0.00,96,33.67,100,31.11,99,31.11,97,47.94
18.6,31.9,0.00,0.00,97,33.67,100,31.11,99,31.11,97,47.94
18.2,31.9,0.00,0.00,97,33.67,100,31.11,99,31.11,97,47.94
18.8,31.9,0.00,0.00,98,33.67,99,31.11,99,31.11,97,47.94
17.6,31.9,0.00,0.00,97,33.67,100,31.11,99,31.11,97,47.94
18.8,31.9,0.00,0.00,97,33.67,100,31.11,99,31.11,97,47.94
18.3,31.9,0.00,0.00,98,33.67,100,31.11,100,31.11,97,47.94
19.0,31.9,0.00,0.00,97,33.67,100,31.11,99,31.11,97,47.94
18.2,31.9,0.00,0.00,97,33.67,99,31.11,99,31.11,97,47.94
17.3,31.9,0.00,0.00,98,33.99,100,31.11,99,31.11,97,47.94
16.9,31.0,0.00,0.00,10,33.99,99,31.11,99,31.11,97,47.94
16.4,31.2,0.00,0.00,0,33.99,99,31.11,100,31.11,97,47.94
16.6,31.4,0.00,0.00,0,33.99,99,31.11,99,31.11,97,47.94
99.6,29.7,0.00,0.00,0,33.99,0,31.11,0,31.11,96,47.94
22.1,30.3,0.00,0.00,0,33.99,0,31.11,0,31.11,94,47.94
14.6,30.8,0.00,0.00,97,33.99,0,31.11,0,31.11,97,47.94
19.8,31.3,0.00,0.00,97,33.99,0,31.11,0,31.11,97,47.94
14.6,31.7,0.00,0.00,96,33.99,0,31.11,85,31.11,97,47.94
14.6,31.9,0.00,0.00,97,33.99,99,31.11,100,31.11,53,47.94
20.6,31.0,0.00,0.00,97,33.99,99,31.11,99,31.11,97,47.94
20.5,31.2,0.00,0.00,97,33.99,99,31.11,99,31.11,97,47.94
96.3,31.4,0.00,0.00,97,33.99,99,31.11,99,31.11,97,47.94
21.5,31.6,0.00,0.00,96,33.99,99,31.11,99,31.11,96,47.94
23.9,31.9,0.00,0.00,95,33.99,99,31.11,99,31.11,97,47.94
18.0,31.9,0.00,0.00,97,33.99,100,31.11,99,31.11,97,47.94
18.2,31.9,0.00,0.00,97,33.99,99,31.11,99,31.11,97,47.94
18.5,31.9,0.00,0.00,97,33.99,99,31.11,99,31.11,97,47.94
18.6,31.9,0.00,0.00,97,33.99,99,31.11,99,31.11,97,47.94
19.4,31.9,0.00,0.00,97,33.99,99,31.11,99,31.11,98,47.94
18.4,31.9,0.00,0.00,97,33.99,100,31.11,99,31.11,97,47.94
20.0,31.8,0.00,0.00,97,33.99,99,31.11,100,31.11,98,47.94
19.0,31.8,0.00,0.00,97,33.99,100,31.11,100,31.11,98,47.94
18.8,31.8,0.00,0.00,97,33.99,99,31.11,99,31.11,98,47.94
18.3,31.8,0.00,0.00,98,33.99,100,31.11,100,31.11,97,47.94
18.9,31.8,0.00,0.00,97,33.99,100,31.11,100,31.11,97,47.94
18.9,31.8,0.00,0.00,97,33.99,100,31.11,99,31.11,97,47.94
19.0,31.8,0.00,0.00,97,33.99,99,31.11,99,31.11,97,47.94
18.9,31.8,0.00,0.00,97,33.99,99,31.11,99,31.11,98,47.94
18.3,31.8,0.00,0.00,97,33.99,99,31.11,99,31.11,97,47.94
18.6,31.8,0.00,0.00,97,33.99,99,31.11,99,31.11,98,47.94
18.7,31.8,0.00,0.00,96,33.99,99,31.11,99,31.11,97,47.94
70.1,30.0,0.00,0.00,97,33.99,0,31.11,0,31.11,70,47.94
15.9,29.5,0.00,0.00,96,33.99,0,31.11,0,31.11,97,47.94
24.9,30.2,0.00,0.00,96,33.99,0,31.11,0,31.11,97,47.94
16.8,30.8,0.00,0.00,94,33.99,0,31.11,0,31.11,94,47.94
16.7,31.5,0.00,0.00,92,33.99,0,31.11,58,31.11,96,47.94
20.4,31.9,0.00,0.00,96,33.99,99,31.11,99,31.11,97,47.94
18.7,31.9,0.00,0.00,97,33.99,100,31.11,99,31.11,97,47.94
19.2,31.9,0.00,0.00,98,33.99,100,31.11,99,31.11,97,47.94
18.6,31.9,0.00,0.00,98,33.99,100,31.11,100,31.11,97,47.94
18.6,31.9,0.00,0.00,98,33.99,99,31.11,99,31.11,97,47.94
18.6,31.9,0.00,0.00,97,33.99,99,31.11,100,31.11,97,47.94
19.5,31.9,0.00,0.00,97,33.99,100,31.11,99,31.11,97,47.94
18.4,31.9,0.00,0.00,98,33.99,100,31.11,99,31.11,97,47.94
18.4,31.9,0.00,0.00,97,33.99,99,31.11,99,31.11,97,47.94
18.3,31.9,0.00,0.00,98,33.99,100,31.11,99,31.11,97,47.94
18.6,31.9,0.00,0.00,98,33.99,99,31.11,99,31.11,97,47.94
16.3,31.9,0.00,0.00,97,33.99,100,31.11,99,31.11,97,47.94
15.6,26.9,0.00,0.00,67,2.95,99,31.11,99,31.11,97,47.94
14.3,26.5,0.00,0.00,0,2.95,100,31.11,99,31.11,97,47.94
15.0,26.5,0.00,0.00,0,2.95,99,31.11,98,31.11,95,47.94
42.6,26.8,0.00,0.00,0,2.95,99,31.11,99,31.11,96,47.94
20.2,27.3,0.00,0.00,0,2.95,99,31.11,98,31.11,97,47.94
20.9,28.9,0.00,0.00,5,12.28,99,31.11,99,31.11,46,47.94
19.7,31.4,0.00,0.00,10,23.46,99,31.11,99,31.11,95,47.94
18.1,34.1,0.00,0.00,9,32.12,99,31.11,99,31.11,97,47.94
18.4,34.5,0.00,0.00,0,32.12,99,31.11,99,31.11,94,47.94
61.3,35.0,0.00,0.00,0,32.12,99,31.11,99,31.11,95,47.94
19.0,35.4,0.00,0.00,0,32.12,99,31.11,99,31.11,97,47.94
13.1,33.7,0.00,0.00,0,32.12,42,31.11,28,31.11,95,47.94
65.1,34.5,0.00,0.00,32,39.99,0,31.11,0,31.11,95,47.94
95.6,35.1,0.00,0.00,95,39.99,0,31.11,0,31.11,95,47.94
20.0,35.8,0.00,0.00,89,39.99,0,31.11,0,31.11,95,47.94
20.6,36.4,0.00,0.00,93,39.99,0,31.11,0,31.11,95,47.94
95.0,37.0,0.00,0.00,90,39.99,45,31.11,99,31.11,97,47.94
21.9,37.2,0.00,0.00,95,39.99,100,31.11,99,31.11,98,47.94
21.5,37.2,0.00,0.00,95,39.99,100,31.11,99,31.11,97,47.94
21.9,37.2,0.00,0.00,95,39.99,100,31.11,99,31.11,97,47.94
21.8,37.2,0.00,0.00,96,39.99,99,31.11,99,31.11,97,47.94
21.8,37.2,0.00,0.00,96,39.99,100,31.11,99,31.11,98,47.94
23.4,37.2,0.00,0.00,96,39.99,99,31.11,99,31.11,97,47.94
22.8,37.2,0.00,0.00,95,39.99,99,31.11,99,31.11,97,47.94
21.4,37.2,0.00,0.00,95,39.99,99,31.11,100,31.11,98,47.94
21.4,37.2,0.00,0.00,95,39.99,100,31.11,99,31.11,96,47.94
20.2,37.2,0.00,0.00,96,39.99,99,31.11,99,31.11,97,47.94
21.4,37.2,0.00,0.00,95,39.99,100,31.11,100,31.11,98,47.94
17.9,37.2,0.00,0.00,96,39.99,99,31.11,99,31.11,52,47.94
23.6,36.3,0.00,0.00,94,39.99,100,31.11,99,31.11,96,47.94
26.1,35.5,0.00,0.00,92,47.9,99,31.11,99,31.11,96,47.94
31.7,35.8,0.00,0.00,90,47.9,99,31.11,99,31.11,95,47.94
32.4,36.2,0.00,0.00,91,47.9,99,31.11,98,31.11,96,47.94
57.6,36.6,0.00,0.00,94,47.9,99,31.11,98,31.11,97,47.94
32.2,37.0,0.00,0.00,95,47.9,99,31.11,99,31.11,97,47.94
28.2,37.2,0.00,0.00,95,47.9,99,31.11,99,31.11,97,47.94
21.8,37.2,0.00,0.00,96,47.9,99,31.11,99,31.11,97,47.94
20.9,37.2,0.00,0.00,96,47.9,100,31.11,99,31.11,97,47.94
21.1,37.2,0.00,0.00,96,47.9,100,31.11,99,31.11,97,47.94
20.9,37.2,0.00,0.00,96,47.9,99,31.11,99,31.11,97,47.94
18.6,35.2,0.00,0.00,96,47.9,35,31.11,0,31.11,96,47.94
25.1,35.6,0.00,0.00,93,47.9,0,31.11,0,31.11,96,47.94
16.7,36.1,0.00,0.00,93,47.9,0,31.11,0,31.11,97,47.94
69.0,36.5,0.00,0.00,96,47.9,0,31.11,0,31.11,96,47.94
57.3,37.0,0.00,0.00,95,47.9,0,31.11,11,31.11,97,47.94
20.8,37.2,0.00,0.00,96,47.9,99,31.11,100,31.11,97,47.94
21.2,37.2,0.00,0.00,96,47.9,100,31.11,99,31.11,97,47.94
20.3,37.2,0.00,0.00,96,47.9,100,31.11,99,31.11,97,47.94
21.0,37.2,0.00,0.00,96,47.9,100,31.11,99,31.11,97,47.94
22.4,36.1,0.00,0.00,48,47.94,99,31.11,99,31.11,97,47.94
25.4,36.4,0.00,0.00,93,47.94,99,31.11,100,31.11,97,47.94
24.7,36.6,0.00,0.00,95,47.94,99,31.11,99,31.11,97,47.94
24.4,35.7,0.00,0.00,95,47.94,100,31.11,99,31.11,96,47.94
26.9,36.2,0.00,0.00,94,47.94,98,31.11,98,31.11,95,47.94
79.7,36.6,0.00,0.00,95,47.94,99,31.11,99,31.11,97,47.94
22.6,36.8,0.00,0.00,94,47.94,98,31.11,99,31.11,96,47.94
22.7,37.0,0.00,0.00,93,47.94,99,31.11,99,31.11,96,47.94
22.5,37.2,0.00,0.00,95,47.94,99,31.11,99,31.11,97,47.94
22.0,37.2,0.00,0.00,96,47.94,99,31.11,99,31.11,97,47.94
21.1,37.2,0.00,0.00,94,47.94,99,31.11,99,31.11,97,47.94
20.8,37.2,0.00,0.00,95,47.94,100,31.11,99,31.11,97,47.94
21.2,37.2,0.00,0.00,95,47.94,99,31.11,99,31.11,97,47.94
20.6,37.2,0.00,0.00,95,47.94,99,31.11,99,31.11,97,47.94
20.3,37.2,0.00,0.00,94,47.94,99,31.11,100,31.11,97,47.94
21.9,37.2,0.00,0.00,95,47.94,99,31.11,99,31.11,97,47.94
21.0,37.2,0.00,0.00,96,47.94,99,31.11,99,31.11,97,47.94
22.5,37.2,0.00,0.00,96,47.94,99,31.11,99,31.11,97,47.94
21.2,37.2,0.00,0.00,95,47.94,99,31.11,99,31.11,97,47.94
14.1,36.1,0.00,0.00,96,47.75,87,31.11,70,30.92,97,47.94
12.9,21.4,0.00,0.00,97,25.45,4,2.95,0,2.95,97,47.94
13.3,21.4,0.00,0.00,96,25.45,0,2.95,0,2.95,97,47.94
13.5,21.4,0.00,0.00,96,25.45,0,2.95,0,2.95,98,47.94
21.3,22.0,0.00,0.00,95,25.45,0,2.95,0,2.95,91,47.94
22.6,22.8,0.00,0.00,91,25.45,0,2.95,0,2.95,95,47.94
21.0,23.4,0.00,0.00,93,25.45,2,9.42,0,9.86,97,47.94
24.0,30.0,0.00,0.00,97,25.45,6,20.65,10,21.94,97,47.94
23.7,35.9,0.00,0.00,95,25.45,6,30.12,13,43.97,95,47.94
19.0,37.8,0.00,0.00,93,25.45,0,30.12,0,43.97,95,47.94
55.9,38.5,0.00,0.00,90,25.45,0,30.12,0,43.97,96,47.94
20.2,39.2,0.00,0.00,93,25.45,0,30.12,0,43.97,96,47.94
52.5,39.8,0.00,0.00,92,25.45,0,30.12,0,43.97,97,47.94
30.9,40.5,0.00,0.00,95,25.45,22,38.72,28,52.41,95,47.94
67.0,40.9,0.00,0.00,92,25.45,67,38.72,62,52.41,96,47.94
29.6,41.3,0.00,0.00,94,25.45,69,38.72,61,52.41,96,47.94
31.5,41.8,0.00,0.00,94,25.45,68,38.72,66,52.41,95,47.94
73.3,42.2,0.00,0.00,96,25.45,69,38.72,67,52.41,97,47.94
27.8,42.7,0.00,0.00,93,25.45,66,38.72,53,52.41,97,47.94
24.2,42.8,0.00,0.00,96,25.45,71,38.72,73,52.41,97,47.94
21.7,37.5,0.00,0.00,2,2.95,74,38.72,84,52.41,97,47.94
21.3,37.5,0.00,0.00,0,2.95,73,38.72,85,52.41,98,47.94
18.3,37.4,0.00,0.00,0,2.95,72,38.72,79,52.41,97,47.94
21.3,37.4,0.00,0.00,0,2.95,75,38.72,77,52.41,97,47.94
24.4,37.4,0.00,0.00,0,2.95,76,38.72,80,52.41,98,47.94
77.8,37.6,0.00,0.00,0,2.95,77,38.72,79,52.41,97,47.94
38.7,38.0,0.00,0.00,0,2.95,69,38.72,50,58.98,94,47.94
27.0,37.4,0.00,0.00,0,2.95,67,38.72,81,58.98,97,47.94
86.8,39.8,0.00,0.00,2,14.42,70,38.72,76,58.98,96,47.94
27.1,43.4,0.00,0.00,5,25.31,74,38.72,80,58.98,97,47.94
89.0,45.6,0.00,0.00,4,30.12,69,38.72,79,58.98,95,47.94
25.6,46.0,0.00,0.00,0,30.12,74,38.72,69,58.98,97,47.94
25.9,46.3,0.00,0.00,0,30.12,27,47.43,88,58.98,89,47.75
94.4,43.1,0.00,0.00,0,30.12,70,47.43,78,58.98,94,25.45
25.2,40.8,0.00,0.00,0,30.12,72,47.43,75,58.98,95,25.45
35.1,41.4,0.00,0.00,6,38.72,67,47.43,64,58.98,96,25.45
44.8,41.9,0.00,0.00,59,38.72,65,47.43,64,58.98,93,25.45
32.4,42.3,0.00,0.00,56,38.72,72,47.43,50,58.98,96,25.45
29.9,42.5,0.00,0.00,60,38.72,67,47.43,57,58.98,95,25.45
28.1,42.7,0.00,0.00,58,38.72,62,47.43,65,59.03,97,25.45
29.7,41.9,0.00,0.00,68,38.72,72,47.43,71,59.03,96,25.45
31.2,42.0,0.00,0.00,64,38.72,66,47.43,71,59.03,96,25.45
89.5,42.3,0.00,0.00,63,38.72,68,47.43,69,59.03,97,25.45
27.8,42.5,0.00,0.00,65,38.72,67,47.43,76,59.03,97,25.45
27.5,42.7,0.00,0.00,62,38.72,61,47.43,63,59.03,97,25.45
30.3,42.9,0.00,0.00,64,38.72,74,47.43,66,59.03,97,25.45
25.9,42.9,0.00,0.00,63,38.72,72,47.43,70,59.03,97,25.45
26.8,42.9,0.00,0.00,62,38.72,67,47.43,67,59.03,97,25.45
26.7,42.9,0.00,0.00,61,38.72,71,47.43,65,59.03,98,25.45
26.4,42.9,0.00,0.00,61,38.72,73,47.43,74,59.03,97,25.45
28.1,42.9,0.00,0.00,59,38.72,71,47.43,68,59.03,97,25.45
28.0,42.9,0.00,0.00,61,38.72,70,47.43,78,59.03,97,25.45
28.0,42.9,0.00,0.00,61,38.72,73,47.55,77,59.03,96,25.45
54.9,41.9,0.00,0.00,65,38.72,66,47.55,69,59.03,96,25.45
31.0,41.0,0.00,0.00,61,38.72,63,47.55,76,30.96,97,25.45
75.4,36.0,0.00,0.00,27,47.43,70,47.55,66,30.96,95,25.45
77.1,36.3,0.00,0.00,63,47.43,65,47.55,60,30.96,4,2.95
27.4,31.4,0.00,0.00,66,47.43,71,47.55,76,30.96,0,2.95
83.7,31.8,0.00,0.00,68,47.43,76,47.55,77,30.96,0,2.95
25.6,32.0,0.00,0.00,67,47.43,74,47.55,78,30.96,0,2.95
22.1,32.2,0.00,0.00,69,47.43,72,47.55,79,30.96,0,2.95
21.8,32.2,0.00,0.00,73,47.43,73,47.55,78,30.96,0,2.95
23.1,32.2,0.00,0.00,69,47.43,73,47.55,68,30.96,0,2.95
29.1,32.6,0.00,0.00,67,47.43,70,47.55,78,30.96,0,2.95
66.5,33.0,0.00,0.00,67,47.43,76,47.55,75,30.96,2,7.66
27.7,34.6,0.00,0.00,71,47.43,76,47.55,82,30.96,8,19.33
25.7,38.2,0.00,0.00,70,47.43,80,47.55,85,30.96,8,38.98
23.8,40.5,0.00,0.00,66,47.43,78,47.55,0,2.95,0,38.98
22.5,35.4,0.00,0.00,75,47.43,76,47.55,0,2.95,0,38.98
22.3,35.7,0.00,0.00,73,47.43,78,47.55,0,2.95,0,38.98
16.3,35.9,0.00,0.00,77,47.43,75,47.55,0,2.95,0,38.98
20.3,36.1,0.00,0.00,63,47.43,75,47.55,0,2.95,80,46.85
21.3,36.5,0.00,0.00,64,47.43,63,47.36,0,2.95,94,46.85
26.7,31.5,0.00,0.00,62,47.55,65,25.25,0,2.95,94,46.85
46.0,31.1,0.00,0.00,32,47.55,65,25.25,0,2.95,91,46.85
31.3,31.9,0.00,0.00,65,47.55,65,25.25,0,4.49,93,46.85
94.7,33.7,0.00,0.00,74,47.55,71,25.25,7,16.89,95,46.85
25.1,37.7,0.00,0.00,69,47.55,74,25.25,7,28.22,95,46.85
27.3,40.5,0.00,0.00,69,47.55,80,25.25,4,32.12,97,46.85
22.2,40.7,0.00,0.00,66,47.55,66,25.25,0,32.12,96,46.85
22.3,41.0,0.00,0.00,68,47.55,71,25.25,0,32.12,97,46.85
23.9,41.2,0.00,0.00,64,47.55,81,25.25,0,32.12,95,46.85
22.8,41.4,0.00,0.00,65,47.55,68,25.25,0,32.12,96,46.85
30.8,41.8,0.00,0.00,70,47.55,78,25.25,93,39.99,95,46.85
28.4,42.0,0.00,0.00,63,47.55,81,25.25,95,39.99,97,46.85
35.6,42.2,0.00,0.00,69,47.55,76,25.25,94,39.99,96,46.85
30.0,42.4,0.00,0.00,63,47.55,76,25.25,96,39.99,95,46.85
30.2,42.6,0.00,0.00,64,47.55,70,25.25,92,39.99,96,46.85
27.2,42.9,0.00,0.00,66,47.55,72,25.25,96,39.99,96,46.85
29.4,42.9,0.00,0.00,64,47.55,70,25.25,96,39.99,96,46.85
27.6,42.9,0.00,0.00,65,47.55,63,25.25,95,39.99,97,46.85
26.3,42.9,0.00,0.00,63,47.55,75,25.25,96,39.99,50,53.41
25.8,41.9,0.00,0.00,69,47.55,76,25.06,93,39.99,85,53.41
31.8,31.5,0.00,0.00,49,25.25,4,2.95,93,39.99,86,53.41
25.5,31.7,0.00,0.00,66,25.25,0,2.95,96,39.99,99,53.41
51.5,32.2,0.00,0.00,69,25.25,0,2.95,95,39.99,72,53.41
97.4,32.8,0.00,0.00,66,25.25,0,2.95,92,39.99,84,53.41
25.2,34.1,0.00,0.00,70,25.25,3,10.98,97,39.99,91,53.41
27.4,37.5,0.00,0.00,74,25.25,7,23.26,96,39.99,90,53.41
27.2,40.5,0.00,0.00,65,25.25,7,45.85,96,39.99,79,53.41
25.2,40.7,0.00,0.00,70,25.25,0,45.85,96,39.99,87,53.41
74.5,40.9,0.00,0.00,61,25.25,0,45.85,97,39.99,82,53.41
23.8,40.1,0.00,0.00,65,25.25,0,45.85,47,47.9,79,53.41
93.9,40.5,0.00,0.00,61,25.25,0,45.85,97,47.9,77,53.41
51.2,41.1,0.00,0.00,67,25.25,66,52.36,95,47.9,51,53.46
35.5,40.6,0.00,0.00,65,25.25,57,52.36,95,47.9,92,53.46
93.4,41.2,0.00,0.00,61,25.25,56,52.36,94,47.9,94,53.46
44.7,41.8,0.00,0.00,57,25.25,56,52.36,95,47.9,95,53.46
33.1,42.2,0.00,0.00,62,25.25,66,52.36,95,47.9,96,53.46
31.8,42.7,0.00,0.00,65,25.25,62,52.36,96,47.9,95,53.46
29.5,42.8,0.00,0.00,65,25.25,74,52.36,96,47.9,95,53.46
28.2,42.8,0.00,0.00,66,25.25,63,52.36,96,47.9,96,53.46
24.5,41.8,0.00,0.00,65,25.25,83,52.36,96,47.9,97,53.46
28.2,42.0,0.00,0.00,0,25.25,80,52.36,97,47.9,97,53.46
24.2,42.2,0.00,0.00,0,25.25,81,52.36,97,47.9,97,53.46
61.6,42.4,0.00,0.00,0,25.25,83,52.36,97,47.9,96,53.46
23.0,42.6,0.00,0.00,0,25.25,85,52.36,96,47.9,97,53.46
27.6,42.8,0.00,0.00,56,25.25,84,58.93,97,47.9,97,53.46
28.5,41.9,0.00,0.00,66,25.25,91,58.93,96,47.9,96,53.46
30.1,42.2,0.00,0.00,65,25.25,72,58.93,92,47.9,97,53.46
29.4,42.4,0.00,0.00,65,25.25,75,58.93,95,47.9,97,53.46
92.4,42.6,0.00,0.00,66,25.25,63,58.93,96,47.9,96,53.46
27.2,42.8,0.00,0.00,58,25.25,66,58.93,97,47.94,97,53.46
31.5,41.8,0.00,0.00,58,25.25,97,58.93,49,47.94,97,53.46
28.5,42.0,0.00,0.00,62,25.25,73,58.93,96,47.94,97,53.46
27.6,42.2,0.00,0.00,65,25.25,74,58.93,96,47.94,97,53.46
25.9,42.4,0.00,0.00,65,25.25,64,58.93,96,47.94,96,53.46
77.8,42.0,0.00,0.00,65,25.25,67,58.93,95,47.94,60,53.46
29.9,42.0,0.00,0.00,69,25.25,51,58.93,94,47.94,97,53.46
30.3,42.2,0.00,0.00,65,25.25,72,58.93,95,47.94,53,53.46
31.8,42.4,0.00,0.00,65,25.25,58,58.93,95,47.94,59,53.46
34.2,42.6,0.00,0.00,65,25.25,63,58.93,96,47.94,56,53.46
26.4,42.9,0.00,0.00,72,25.25,53,58.93,95,47.94,57,53.46
29.8,41.9,0.00,0.00,64,25.25,56,58.98,95,47.94,94,53.46
32.6,42.0,0.00,0.00,65,25.25,58,58.98,96,47.94,65,53.46
29.5,42.3,0.00,0.00,73,25.25,74,58.98,95,47.94,95,53.46
48.7,37.1,0.00,0.00,4,2.95,99,58.98,96,47.94,92,53.46
26.0,37.5,0.00,0.00,0,2.95,99,58.98,97,47.94,66,53.46
24.5,37.8,0.00,0.00,0,2.95,94,58.98,96,47.94,88,53.46
24.8,38.1,0.00,0.00,0,4.74,97,58.98,97,47.94,88,53.46
24.3,39.8,0.00,0.00,3,10.73,97,58.98,97,47.94,85,53.46
23.8,41.6,0.00,0.00,3,18.76,84,58.98,97,47.94,85,53.46
21.5,40.8,0.00,0.00,0,18.76,86,58.98,97,47.94,97,53.46
74.9,41.2,0.00,0.00,0,18.76,98,58.98,97,47.94,95,53.46
24.0,41.7,0.00,0.00,0,18.76,99,58.98,96,47.94,95,53.46
50.5,41.1,0.00,0.00,0,18.76,98,58.98,74,47.94,95,53.46
72.0,41.8,0.00,0.00,0,33.67,94,58.98,95,47.94,95,53.46
88.9,41.3,0.00,0.00,95,33.67,70,58.98,94,47.94,97,53.46
48.0,41.7,0.00,0.00,95,33.67,75,58.98,92,47.94,96,53.46
29.5,42.2,0.00,0.00,93,33.67,75,58.98,94,47.94,97,53.46
27.1,42.6,0.00,0.00,96,33.67,84,58.98,97,47.94,95,53.46
27.1,42.8,0.00,0.00,97,33.67,83,58.98,97,47.94,97,53.46
25.2,42.9,0.00,0.00,97,33.67,84,58.98,96,47.94,98,53.46
21.5,42.9,0.00,0.00,97,33.67,100,58.98,97,47.94,98,53.46
25.8,42.9,0.00,0.00,97,33.67,99,58.98,97,47.94,97,53.46
25.9,42.9,0.00,0.00,97,33.67,99,58.98,97,47.94,97,53.46
25.4,42.9,0.00,0.00,97,33.67,99,58.98,97,47.94,97,53.46
25.3,42.9,0.00,0.00,96,33.67,99,58.98,97,47.94,97,53.46
23.5,42.9,0.00,0.00,97,33.67,93,58.98,97,47.94,98,53.46
24.6,42.9,0.00,0.00,97,33.67,98,58.98,97,47.94,98,53.46
21.1,41.8,0.00,0.00,97,33.67,72,58.98,97,47.94,97,53.46
24.0,42.0,0.00,0.00,97,33.67,82,58.98,96,47.94,97,53.46
31.8,42.3,0.00,0.00,97,33.67,92,58.98,96,47.94,98,53.46
66.8,42.5,0.00,0.00,96,33.67,99,58.98,95,47.94,97,53.46
25.1,42.7,0.00,0.00,97,33.67,99,58.98,94,47.94,97,53.46
24.9,42.9,0.00,0.00,97,33.67,99,58.98,97,47.94,97,53.46
29.2,41.8,0.00,0.00,97,33.67,98,58.98,49,47.94,96,53.46
31.6,41.0,0.00,0.00,96,33.67,98,58.98,95,47.94,77,30.96
30.9,36.9,0.00,0.00,97,33.67,90,58.98,94,47.94,70,30.96
29.4,37.1,0.00,0.00,97,33.67,88,58.98,96,47.94,84,30.96
28.0,37.3,0.00,0.00,97,33.67,77,58.98,96,47.94,77,30.96
26.1,37.5,0.00,0.00,97,33.67,79,58.98,96,47.94,75,30.96
26.1,37.5,0.00,0.00,96,33.67,99,58.98,97,47.94,77,30.96
27.1,37.5,0.00,0.00,97,33.67,99,58.98,97,47.94,85,30.96
24.2,32.2,0.00,0.00,97,33.67,73,30.96,97,47.94,73,30.96
24.9,32.2,0.00,0.00,97,33.67,76,30.96,97,47.94,82,30.96
27.7,32.2,0.00,0.00,97,33.67,99,30.96,97,47.94,87,30.96
27.9,32.2,0.00,0.00,98,33.67,99,30.96,97,47.94,71,30.96
27.6,32.2,0.00,0.00,96,33.67,96,30.96,97,47.94,87,30.96
27.1,32.2,0.00,0.00,97,33.67,95,30.96,97,47.94,82,30.96
25.6,32.2,0.00,0.00,97,33.67,86,30.96,97,47.94,5,2.95
20.2,26.8,0.00,0.00,97,33.67,99,30.96,97,47.94,0,2.95
20.0,26.8,0.00,0.00,97,33.67,99,30.96,97,47.94,0,2.95
19.8,26.8,0.00,0.00,97,33.67,99,30.96,97,47.94,0,2.95
20.9,26.8,0.00,0.00,98,33.67,99,30.96,97,47.94,0,2.95
23.0,27.1,0.00,0.00,96,33.67,98,30.96,95,47.94,0,2.95
22.2,27.6,0.00,0.00,91,33.67,99,30.96,96,47.94,0,2.95
23.4,28.3,0.00,0.00,96,33.67,78,2.95,97,47.94,3,14.69
17.5,25.4,0.00,0.00,97,33.67,0,2.95,97,47.94,8,27.14
68.0,29.0,0.00,0.00,97,33.99,0,2.95,97,47.94,10,45.85
94.6,28.7,0.00,0.00,0,33.99,0,2.95,95,47.94,0,45.85
19.4,29.7,0.00,0.00,0,33.99,0,2.95,91,47.94,0,45.85
17.6,30.7,0.00,0.00,0,33.99,0,3.19,93,47.94,0,45.85
54.1,33.3,0.00,0.00,0,33.99,6,16.77,95,47.94,0,45.85
30.5,37.0,0.00,0.00,0,33.99,7,27.51,96,47.94,81,52.36
57.8,39.6,0.00,0.00,96,33.99,2,30.12,95,47.94,78,52.36
23.9,40.1,0.00,0.00,96,33.99,0,30.12,94,47.94,75,52.36
36.2,40.5,0.00,0.00,96,33.99,0,30.12,94,47.94,84,52.36
25.9,40.9,0.00,0.00,95,33.99,0,30.12,96,47.94,79,52.36
21.8,41.4,0.00,0.00,94,33.99,0,33.76,97,47.94,88,52.36
27.2,41.8,0.00,0.00,97,33.99,29,34.88,96,47.94,77,52.36
50.2,42.0,0.00,0.00,96,33.99,47,34.88,96,47.94,78,52.36
23.7,42.2,0.00,0.00,97,33.99,46,34.88,95,47.94,81,52.36
27.8,42.4,0.00,0.00,97,33.99,46,34.88,95,47.94,79,52.36
25.5,42.7,0.00,0.00,96,33.99,45,34.88,97,47.94,84,52.36
23.1,42.8,0.00,0.00,96,33.99,50,34.88,97,47.94,82,52.36
19.8,42.7,0.00,0.00,97,33.99,48,34.88,96,47.94,67,58.93
25.7,41.9,0.00,0.00,97,33.99,46,34.88,95,47.94,83,58.93
23.8,42.1,0.00,0.00,97,33.99,44,34.88,80,47.94,81,58.93
29.5,41.4,0.00,0.00,97,33.99,43,34.88,94,47.94,77,58.93
58.1,41.8,0.00,0.00,93,33.99,46,34.88,95,47.94,81,58.93
40.1,42.2,0.00,0.00,97,33.99,45,34.88,94,47.94,84,58.93
25.2,42.4,0.00,0.00,95,33.99,44,34.88,96,47.94,77,58.93
25.1,42.6,0.00,0.00,96,33.99,46,34.88,95,47.94,83,58.93
23.7,42.8,0.00,0.00,97,33.99,49,34.88,96,47.94,87,58.93
25.2,42.8,0.00,0.00,97,33.99,48,34.88,97,47.94,89,58.93
25.7,42.8,0.00,0.00,97,33.99,47,34.88,97,47.94,87,58.93
22.2,42.8,0.00,0.00,98,33.99,46,34.88,97,47.94,85,58.93
24.9,42.8,0.00,0.00,97,33.99,49,34.88,97,47.94,85,58.98
26.3,41.8,0.00,0.00,97,33.99,47,34.88,97,47.94,92,58.98
31.9,42.0,0.00,0.00,96,33.99,46,34.88,97,47.94,82,58.98
24.6,42.2,0.00,0.00,96,33.99,45,34.88,95,47.94,82,58.98
26.4,42.4,0.00,0.00,97,33.99,49,34.88,97,47.94,88,58.98
27.2,42.6,0.00,0.00,96,33.99,48,34.88,95,47.94,93,58.98
23.6,42.8,0.00,0.00,97,33.99,48,34.88,97,47.94,90,58.98
24.1,42.8,0.00,0.00,98,33.99,53,34.88,97,47.94,88,58.98
23.7,42.8,0.00,0.00,97,33.99,50,34.88,97,47.94,93,58.98
24.2,42.8,0.00,0.00,98,33.99,50,34.88,97,47.94,96,58.98
23.9,42.8,0.00,0.00,97,33.99,47,34.88,97,47.94,94,58.98
24.7,42.8,0.00,0.00,98,33.99,49,34.88,97,47.94,98,58.98
26.3,41.8,0.00,0.00,97,33.99,50,34.88,96,47.94,94,58.78
35.8,37.6,0.00,0.00,97,33.99,47,34.88,95,47.94,91,30.96
29.4,36.9,0.00,0.00,97,33.99,46,34.88,95,47.94,85,30.96
50.7,37.1,0.00,0.00,96,33.99,46,34.88,97,47.94,99,30.96
29.6,37.3,0.00,0.00,95,33.99,39,39.69,97,47.94,79,30.96
26.3,36.6,0.00,0.00,96,33.99,46,39.69,96,47.94,95,30.96
21.8,36.8,0.00,0.00,97,33.99,48,39.69,94,47.94,86,30.96
26.4,37.1,0.00,0.00,97,33.99,48,39.69,96,47.94,86,30.96
23.9,36.2,0.00,0.00,76,2.95,50,39.69,95,47.94,87,30.96
20.9,32.0,0.00,0.00,0,2.95,44,39.69,97,47.94,98,30.96
20.3,32.1,0.00,0.00,0,2.95,41,39.69,97,47.94,91,30.96
20.8,32.1,0.00,0.00,0,2.95,39,39.69,97,47.94,96,30.96
20.6,32.1,0.00,0.00,0,2.95,48,39.69,97,47.94,97,30.96
21.7,32.1,0.00,0.00,0,2.95,48,39.69,96,47.94,90,30.77
15.7,27.4,0.00,0.00,0,2.95,45,39.69,97,47.94,5,2.95
15.0,27.1,0.00,0.00,0,2.95,52,39.69,97,47.94,0,2.95
13.6,28.0,0.00,0.00,0,2.95,61,39.69,97,47.94,0,2.95
15.7,29.1,0.00,0.00,3,9.46,50,39.69,97,47.94,0,2.95
14.1,31.1,0.00,0.00,4,15.83,53,39.69,97,47.94,0,2.95
16.9,31.2,0.00,0.00,11,35.38,52,39.69,96,47.94,0,2.95
16.1,31.6,0.00,0.00,0,35.38,51,39.69,97,47.94,0,2.95
82.9,31.2,0.00,0.00,0,35.38,46,39.69,50,47.94,0,2.95
17.8,32.2,0.00,0.00,0,35.38,51,39.69,96,47.94,2,8.67
24.2,34.2,0.00,0.00,0,59.31,48,39.69,97,47.94,3,14.88
91.1,36.3,0.00,0.00,99,59.31,52,39.69,97,47.94,6,35.38
18.5,36.3,0.00,0.00,100,59.31,47,39.69,94,47.94,0,35.38
17.5,36.7,0.00,0.00,100,59.31,52,39.69,97,47.94,0,35.38
17.9,36.9,0.00,0.00,100,59.31,52,39.69,95,47.94,0,35.38
17.6,37.1,0.00,0.00,100,59.31,46,39.69,94,47.94,0,57.53
19.1,37.3,0.00,0.00,100,59.31,42,39.69,97,47.94,100,57.53
18.8,37.4,0.00,0.00,100,59.31,54,39.69,97,47.94,100,57.53
18.0,37.3,0.00,0.00,100,59.31,66,39.69,97,47.94,100,57.53
19.2,37.4,0.00,0.00,100,59.31,54,39.69,97,47.94,100,57.53
19.8,37.4,0.00,0.00,100,59.31,54,39.69,97,47.94,100,57.53
17.7,37.3,0.00,0.00,100,59.31,48,39.69,97,47.94,100,57.53
18.4,37.3,0.00,0.00,100,59.31,50,39.69,97,47.94,100,57.53
18.1,37.3,0.00,0.00,100,59.31,55,39.69,97,47.94,100,57.53
19.5,37.3,0.00,0.00,100,59.31,63,39.74,97,47.94,100,57.53
21.3,36.5,0.00,0.00,100,59.31,49,39.74,97,47.94,100,57.53
21.1,36.7,0.00,0.00,99,59.31,48,39.74,96,47.94,100,57.53
20.4,36.9,0.00,0.00,100,59.31,49,39.74,97,47.94,100,57.53
20.6,37.2,0.00,0.00,100,59.31,49,39.74,97,47.94,100,57.53
27.8,36.4,0.00,0.00,100,59.31,45,39.74,97,47.94,100,57.53
21.2,36.6,0.00,0.00,100,59.31,47,39.74,96,47.94,99,57.53
19.9,36.8,0.00,0.00,100,59.31,47,39.74,96,47.94,100,57.53
20.8,37.0,0.00,0.00,100,59.31,46,39.74,97,47.94,100,57.53
21.9,37.2,0.00,0.00,100,59.31,49,39.74,97,47.94,100,57.53
18.7,37.3,0.00,0.00,100,59.31,50,39.74,97,47.94,100,57.53
18.4,37.3,0.00,0.00,100,59.31,46,39.74,97,47.94,100,57.53
18.5,37.3,0.00,0.00,100,59.31,48,39.74,97,47.94,100,57.53
17.9,37.3,0.00,0.00,100,59.31,50,39.74,97,47.94,100,57.53
17.3,37.3,0.00,0.00,100,59.31,49,39.74,97,47.94,100,57.53
18.8,37.3,0.00,0.00,100,59.31,49,39.74,97,47.94,100,57.53
19.0,37.3,0.00,0.00,100,59.31,51,39.74,97,47.94,100,57.53
18.5,37.3,0.00,0.00,100,59.31,49,39.74,97,47.94,100,57.53
17.3,37.3,0.00,0.00,100,59.31,52,39.74,97,47.94,100,57.53
19.2,37.3,0.00,0.00,100,59.31,49,39.74,97,47.94,100,57.53
17.3,37.3,0.00,0.00,100,59.31,50,39.74,97,47.94,100,57.53
18.6,37.3,0.00,0.00,100,59.31,50,39.74,97,47.94,100,57.53
18.8,37.3,0.00,0.00,100,59.31,45,39.74,97,47.94,100,57.53
17.8,37.3,0.00,0.00,100,59.31,47,39.74,97,47.94,100,57.53
18.8,37.3,0.00,0.00,100,59.31,54,39.74,97,47.94,100,57.53
19.0,37.3,0.00,0.00,100,59.31,45,39.74,97,47.94,100,57.53
93.9,36.4,0.00,0.00,100,59.31,47,39.74,97,47.94,100,57.53
22.7,36.6,0.00,0.00,100,59.31,49,39.74,97,47.94,100,57.53
21.9,36.8,0.00,0.00,100,59.31,48,39.74,97,47.94,100,57.53
20.7,37.0,0.00,0.00,100,59.31,50,39.74,94,47.94,100,57.53
24.5,37.3,0.00,0.00,100,59.31,46,39.74,96,47.94,100,57.53
17.4,37.3,0.00,0.00,100,59.31,50,39.74,97,47.94,100,57.53
17.9,37.3,0.00,0.00,100,59.31,49,39.74,97,47.94,100,57.53
18.4,37.3,0.00,0.00,100,59.31,50,39.74,97,47.94,100,57.53
18.4,37.3,0.00,0.00,100,59.31,53,39.74,96,47.94,100,57.53
20.9,32.3,0.00,0.00,100,59.31,24,21.35,97,47.94,100,57.53
17.3,32.1,0.00,0.00,100,59.31,52,21.35,98,47.94,100,57.53
17.5,32.1,0.00,0.00,100,59.31,51,21.35,97,47.94,100,57.53
18.6,32.1,0.00,0.00,100,59.31,52,21.35,97,47.94,100,57.53
18.2,32.1,0.00,0.00,100,59.31,48,21.35,97,47.94,100,57.53
16.9,31.0,0.00,0.00,75,59.38,51,21.35,97,47.94,100,57.53
23.4,31.2,0.00,0.00,0,59.38,50,21.35,97,47.94,100,57.53
19.2,31.5,0.00,0.00,0,59.38,51,21.35,97,47.94,99,57.53
16.3,31.7,0.00,0.00,0,59.38,47,21.35,97,47.94,100,57.53
35.3,31.9,0.00,0.00,0,59.38,50,21.35,96,47.94,100,57.53
18.5,32.0,0.00,0.00,87,59.38,51,21.35,97,47.94,100,57.53
18.4,32.0,0.00,0.00,100,59.38,51,21.35,97,47.94,100,57.53
15.6,32.0,0.00,0.00,100,59.38,51,21.35,78,47.94,100,57.53
19.8,31.1,0.00,0.00,100,59.38,47,21.35,96,47.94,100,57.53
19.5,31.4,0.00,0.00,100,59.38,49,21.35,97,47.94,100,57.53
20.7,31.6,0.00,0.00,100,59.38,48,21.35,96,47.94,100,57.53
40.3,31.8,0.00,0.00,100,59.38,50,21.35,95,47.94,100,57.53
17.6,32.0,0.00,0.00,100,59.38,48,21.35,97,47.94,100,57.53
17.1,32.0,0.00,0.00,100,59.38,54,21.35,97,47.94,100,57.53
18.8,32.0,0.00,0.00,100,59.38,52,21.35,97,47.94,100,57.53
18.4,32.0,0.00,0.00,100,59.38,50,21.35,97,47.94,100,57.53
19.1,32.0,0.00,0.00,100,59.38,53,21.35,98,47.94,100,57.53
18.0,32.0,0.00,0.00,100,59.38,56,21.35,98,47.94,100,57.53
18.0,32.0,0.00,0.00,100,59.38,52,21.35,97,47.94,100,57.53
18.0,32.0,0.00,0.00,100,59.38,50,21.35,98,47.94,100,57.53
18.8,32.0,0.00,0.00,100,59.38,54,21.35,97,47.94,100,57.53
18.8,32.0,0.00,0.00,100,59.38,52,21.35,98,47.94,100,57.53
17.6,32.0,0.00,0.00,100,59.38,49,21.35,98,47.94,100,57.53
18.1,32.0,0.00,0.00,100,59.38,57,21.35,97,47.94,100,57.53
17.1,32.0,0.00,0.00,100,59.38,54,21.35,98,47.94,100,57.53
18.3,32.0,0.00,0.00,100,59.38,52,21.35,97,47.94,100,57.53
18.8,32.0,0.00,0.00,100,59.38,52,21.35,97,47.94,100,57.53
19.3,32.0,0.00,0.00,100,59.38,54,21.35,97,47.94,100,57.53
13.2,26.7,0.00,0.00,100,59.38,3,2.95,97,47.94,100,57.53
15.5,25.7,0.00,0.00,100,59.38,0,2.95,97,47.94,100,57.53
16.3,25.9,0.00,0.00,100,59.38,0,2.95,96,47.94,22,57.53
16.1,25.2,0.00,0.00,100,59.38,0,2.95,93,47.94,0,57.53
16.0,25.7,0.00,0.00,100,59.38,0,2.95,95,47.94,0,57.53
98.8,26.3,0.00,0.00,100,59.38,0,2.95,91,47.94,0,57.53
46.2,27.1,0.00,0.00,100,59.38,0,2.95,96,47.94,0,57.53
16.7,27.6,0.00,0.00,100,59.38,0,8.03,97,47.94,100,57.53
17.6,30.9,0.00,0.00,100,59.38,6,20.65,97,47.94,100,57.53
17.7,34.6,0.00,0.00,100,59.38,6,32.12,97,47.94,100,57.53
15.3,35.3,0.00,0.00,100,59.38,0,32.12,97,47.94,100,57.53
15.0,35.5,0.00,0.00,100,59.38,0,32.12,96,47.94,100,57.53
15.1,35.8,0.00,0.00,100,59.38,0,32.12,97,47.94,100,57.53
16.0,36.0,0.00,0.00,100,59.38,0,32.12,96,47.94,100,57.53
99.4,36.3,0.00,0.00,100,59.38,86,36.25,96,47.94,100,57.53
21.3,36.6,0.00,0.00,100,59.38,87,36.25,95,47.94,100,57.53
21.9,36.8,0.00,0.00,100,59.38,89,36.25,96,47.94,100,57.53
22.0,37.1,0.00,0.00,100,59.38,87,36.25,97,47.94,99,57.53
23.9,37.3,0.00,0.00,99,59.38,89,36.25,97,47.94,100,57.53
20.3,37.3,0.00,0.00,100,59.38,91,36.25,97,47.94,100,57.53
20.2,37.3,0.00,0.00,100,59.38,90,36.25,97,47.94,100,57.53
20.6,37.3,0.00,0.00,100,59.38,93,36.25,97,47.94,100,57.53
21.7,37.3,0.00,0.00,100,59.38,92,36.25,65,25.45,100,57.53
19.2,32.0,0.00,0.00,100,59.38,92,36.25,97,25.45,100,57.53
18.9,32.0,0.00,0.00,100,59.38,95,36.25,97,25.45,100,57.53
19.7,32.0,0.00,0.00,100,59.38,94,36.25,97,25.45,100,57.53
19.5,32.0,0.00,0.00,100,59.38,95,36.25,97,25.45,100,57.53
18.4,32.0,0.00,0.00,100,59.38,95,36.25,97,25.45,100,57.53
19.4,32.0,0.00,0.00,100,59.38,94,36.25,97,25.45,100,57.53
19.0,32.0,0.00,0.00,100,59.38,94,36.25,97,25.45,100,57.53
18.8,32.0,0.00,0.00,100,59.38,94,36.25,97,25.45,100,57.53
19.7,32.0,0.00,0.00,100,59.38,95,36.25,97,25.45,100,57.53
15.4,26.6,0.00,0.00,13,2.95,95,36.25,97,25.45,100,57.53
14.5,26.6,0.00,0.00,0,2.95,94,36.25,97,25.45,100,57.53
15.3,26.6,0.00,0.00,0,2.95,92,36.25,98,25.45,100,57.53
14.8,26.6,0.00,0.00,0,2.95,93,36.25,97,25.45,100,57.53
16.0,26.6,0.00,0.00,0,2.95,95,36.25,97,25.45,100,57.53
17.9,26.7,0.00,0.00,0,2.95,95,36.25,95,25.45,100,57.53
17.7,26.9,0.00,0.00,0,2.95,93,36.25,97,25.45,100,57.53
18.2,26.0,0.00,0.00,0,2.95,53,40.38,97,25.45,100,57.53
18.9,27.1,0.00,0.00,0,2.95,94,40.38,97,25.45,100,57.53
53.2,28.3,0.00,0.00,2,8.67,90,40.38,97,25.45,100,57.53
18.6,30.4,0.00,0.00,3,14.88,94,40.38,97,25.45,100,57.53
40.6,30.7,0.00,0.00,6,35.38,92,40.38,91,25.45,100,57.53
12.7,30.2,0.00,0.00,0,35.38,92,40.38,0,25.45,100,57.53
13.6,30.6,0.00,0.00,0,35.38,92,40.38,0,25.45,99,57.53
19.2,31.0,0.00,0.00,0,35.38,91,40.38,0,25.45,100,57.53
13.2,31.4,0.00,0.00,0,57.53,91,40.38,0,25.45,100,57.53
22.2,31.9,0.00,0.00,93,57.53,95,40.38,38,25.45,100,57.53
19.5,31.9,0.00,0.00,100,57.53,96,40.38,97,25.45,100,57.53
18.9,31.9,0.00,0.00,100,57.53,95,40.38,96,25.45,100,57.53
19.4,31.9,0.00,0.00,100,57.53,95,40.38,97,25.45,100,57.53
19.4,31.9,0.00,0.00,100,57.53,96,40.38,97,25.45,100,57.53
18.6,31.9,0.00,0.00,100,57.53,94,40.38,97,25.45,100,57.53
18.7,31.9,0.00,0.00,100,57.53,96,40.38,97,25.45,100,57.53
18.6,31.9,0.00,0.00,100,57.53,94,40.38,97,25.45,100,57.53
18.8,31.9,0.00,0.00,99,57.53,93,40.38,97,25.45,100,57.53
18.5,31.9,0.00,0.00,100,57.53,95,40.38,97,25.45,100,57.53
19.4,31.9,0.00,0.00,99,57.53,95,40.38,97,25.45,100,57.53
19.5,31.9,0.00,0.00,100,57.53,94,40.38,96,25.45,100,57.53
18.6,31.9,0.00,0.00,100,57.53,95,40.38,97,25.45,100,57.53
19.2,31.9,0.00,0.00,100,57.53,95,40.38,97,25.45,100,57.53
18.7,31.8,0.00,0.00,100,57.53,95,40.38,97,25.45,100,57.53
19.6,31.8,0.00,0.00,100,57.53,94,40.38,97,25.45,100,57.53
19.1,31.8,0.00,0.00,99,57.53,95,40.38,97,25.45,100,57.53
19.4,31.9,0.00,0.00,99,57.53,96,40.38,97,25.45,100,57.53
18.5,31.8,0.00,0.00,99,57.53,94,40.38,97,25.45,100,57.53
19.0,31.8,0.00,0.00,100,57.53,95,40.38,97,25.45,100,57.53
19.4,31.8,0.00,0.00,100,57.53,93,40.38,37,2.95,100,57.53
12.7,25.5,0.00,0.00,100,57.53,57,40.38,0,2.95,100,57.53
17.3,25.9,0.00,0.00,99,57.53,87,40.38,0,2.95,99,57.53
74.4,26.3,0.00,0.00,100,57.53,88,40.38,0,4.7,100,57.53
16.9,27.6,0.00,0.00,99,57.53,93,40.38,3,10.55,100,57.53
17.3,29.5,0.00,0.00,100,57.53,91,40.38,4,17.61,100,57.53
14.0,30.8,0.00,0.00,100,57.53,96,40.38,0,18.76,99,57.53
14.0,31.0,0.00,0.00,100,57.53,94,40.38,0,18.76,100,57.53
13.4,31.2,0.00,0.00,100,57.53,95,40.38,0,18.76,100,57.53
14.1,31.4,0.00,0.00,100,57.53,94,40.38,0,18.76,100,57.53
96.7,31.6,0.00,0.00,100,57.53,95,40.38,48,33.67,100,57.53
15.6,31.9,0.00,0.00,100,57.53,96,40.38,96,33.67,100,57.53
16.1,31.9,0.00,0.00,100,57.53,96,40.38,97,33.67,100,57.53
15.8,31.9,0.00,0.00,100,57.53,95,40.38,97,33.67,100,57.53
15.9,31.9,0.00,0.00,100,57.53,96,40.38,98,33.67,100,57.53
16.1,31.9,0.00,0.00,100,57.53,96,40.38,98,33.67,100,57.53
15.9,31.9,0.00,0.00,100,57.53,96,40.38,98,33.67,100,57.53
15.9,31.9,0.00,0.00,100,57.53,96,40.38,97,33.67,100,57.53
16.1,31.9,0.00,0.00,100,57.53,96,40.38,97,33.67,100,57.53
15.9,31.9,0.00,0.00,100,57.53,96,40.38,97,33.67,100,57.53
16.6,31.9,0.00,0.00,100,57.53,96,40.38,98,33.67,100,57.53
16.4,31.9,0.00,0.00,100,57.53,97,40.38,97,33.67,100,57.53
21.7,31.9,0.00,0.00,100,57.53,95,40.38,97,33.67,10,2.95
12.6,26.6,0.00,0.00,100,57.53,97,40.38,98,33.67,0,2.95
12.6,26.6,0.00,0.00,100,57.53,97,40.38,98,33.67,0,2.95
14.3,26.6,0.00,0.00,100,57.53,97,40.38,98,33.67,0,2.95
12.8,26.6,0.00,0.00,100,57.53,97,40.38,98,33.67,0,2.95
13.2,26.6,0.00,0.00,100,57.53,96,40.38,98,33.67,0,2.95
14.0,26.6,0.00,0.00,100,57.53,97,40.38,97,33.67,0,2.95
14.2,26.9,0.00,0.00,100,57.53,94,40.38,97,33.67,0,2.95
14.8,27.0,0.00,0.00,100,57.53,96,40.38,98,33.67,0,2.95
14.4,27.9,0.00,0.00,100,57.53,96,40.38,98,33.67,0,7.77
13.1,29.1,0.00,0.00,100,57.53,53,40.38,98,33.67,3,14.0
18.8,30.1,0.00,0.00,100,57.53,89,40.38,98,33.67,7,35.38
25.9,30.3,0.00,0.00,100,57.53,94,40.38,97,33.67,0,35.38
16.9,30.7,0.00,0.00,99,57.53,88,40.38,97,33.67,0,35.38
65.8,31.1,0.00,0.00,100,57.53,93,40.38,98,33.67,0,35.38
21.7,31.6,0.00,0.00,100,57.53,95,40.38,97,33.67,0,35.38
29.9,31.8,0.00,0.00,100,57.53,95,40.38,98,33.67,78,59.31
17.9,32.0,0.00,0.00,100,57.53,97,40.38,98,33.67,100,59.31
16.1,32.0,0.00,0.00,100,57.53,97,40.38,98,33.67,100,59.31
16.4,31.9,0.00,0.00,100,57.53,97,40.38,98,33.67,100,59.31
15.9,32.0,0.00,0.00,100,57.53,97,40.38,98,33.67,100,59.31
16.9,32.0,0.00,0.00,100,57.53,96,40.38,98,33.67,100,59.31
15.7,31.9,0.00,0.00,100,57.53,96,40.38,98,33.67,100,59.31
14.6,30.9,0.00,0.00,83,57.53,97,40.38,97,33.67,100,59.31
15.0,31.2,0.00,0.00,0,57.53,96,40.38,97,33.67,100,59.31
14.6,31.4,0.00,0.00,0,57.53,96,40.38,97,33.67,100,59.31
45.8,31.6,0.00,0.00,0,57.53,95,40.38,98,33.67,100,59.31
14.7,31.8,0.00,0.00,0,57.53,95,40.38,97,33.67,100,59.31
16.3,31.9,0.00,0.00,29,57.53,97,40.38,98,33.67,100,59.31
16.5,32.0,0.00,0.00,100,57.53,96,40.38,98,33.67,100,59.31
18.4,31.9,0.00,0.00,100,57.53,97,40.38,98,33.67,100,59.31
15.2,31.9,0.00,0.00,100,57.53,97,40.38,98,33.67,100,59.31
18.0,31.9,0.00,0.00,100,57.53,96,40.38,98,33.67,100,59.31
15.8,31.9,0.00,0.00,100,57.53,97,40.38,98,33.67,100,59.31
16.6,31.9,0.00,0.00,100,57.53,96,40.38,98,33.67,100,59.31
16.5,31.9,0.00,0.00,100,57.53,97,40.38,98,33.67,100,59.31
14.4,31.9,0.00,0.00,100,57.53,97,40.38,24,33.99,100,59.31
14.4,31.0,0.00,0.00,99,57.53,95,40.38,0,33.99,100,59.31
14.1,31.3,0.00,0.00,100,57.53,95,40.38,0,33.99,100,59.31
68.2,31.5,0.00,0.00,99,57.53,96,40.38,0,33.99,100,59.31
14.7,31.7,0.00,0.00,100,57.53,94,40.38,0,33.99,100,59.31
24.8,31.9,0.00,0.00,100,57.53,94,40.38,70,33.99,100,59.31
90.9,31.1,0.00,0.00,99,57.53,92,40.38,97,33.99,100,59.31
51.1,31.3,0.00,0.00,100,57.53,91,40.38,97,33.99,100,59.31
17.2,31.6,0.00,0.00,100,57.53,94,40.38,97,33.99,100,59.31
17.7,31.8,0.00,0.00,100,57.53,93,40.38,96,33.99,100,59.31
16.9,31.9,0.00,0.00,100,57.53,94,40.38,98,33.99,100,59.31
17.0,31.9,0.00,0.00,100,57.53,94,40.38,98,33.99,100,59.31
17.2,31.9,0.00,0.00,100,57.53,96,40.38,98,33.99,100,59.31
16.1,31.9,0.00,0.00,100,57.53,96,40.38,98,33.99,100,59.31
16.7,31.9,0.00,0.00,100,57.53,95,40.38,98,33.99,100,59.31
16.4,31.9,0.00,0.00,100,57.53,95,40.38,98,33.99,100,59.31
16.2,31.9,0.00,0.00,100,57.53,96,40.38,97,33.99,100,59.31
15.7,31.9,0.00,0.00,100,57.53,96,40.38,98,33.99,100,59.31
16.1,31.9,0.00,0.00,100,57.53,96,40.38,98,33.99,100,59.31
15.6,31.9,0.00,0.00,100,57.53,95,40.38,98,33.99,100,59.31
16.9,31.9,0.00,0.00,100,57.53,94,40.38,98,33.99,100,59.31
16.6,31.9,0.00,0.00,100,57.53,95,40.38,98,33.99,100,59.31
15.7,31.9,0.00,0.00,100,57.53,98,40.38,98,33.99,100,59.31
16.1,31.9,0.00,0.00,100,57.53,98,40.38,98,33.99,100,59.31
14.6,31.9,0.00,0.00,100,57.53,97,40.38,98,33.99,100,59.31
17.5,31.9,0.00,0.00,100,57.53,97,40.38,98,33.99,100,59.31
16.3,31.9,0.00,0.00,100,57.53,97,40.38,98,33.99,100,59.31
16.1,31.9,0.00,0.00,100,57.53,97,40.38,98,33.99,100,59.31
15.5,31.9,0.00,0.00,100,57.53,97,40.38,98,33.99,100,59.31
14.8,31.9,0.00,0.00,100,57.53,97,40.38,98,33.99,100,59.31
16.7,31.9,0.00,0.00,100,57.53,97,40.38,98,33.99,100,59.31
15.2,31.9,0.00,0.00,100,57.53,97,40.38,98,33.99,100,59.31
16.1,31.9,0.00,0.00,100,57.53,96,40.38,98,33.99,100,59.31
15.5,31.9,0.00,0.00,100,57.53,98,40.38,98,33.99,100,59.31
15.8,31.9,0.00,0.00,100,57.53,97,40.38,98,33.99,100,59.31
17.9,31.1,0.00,0.00,100,57.53,97,40.38,97,33.99,100,59.31
96.0,31.1,0.00,0.00,100,57.53,89,40.38,98,33.99,100,59.31
19.4,31.3,0.00,0.00,100,57.53,95,40.38,97,33.99,100,59.31
17.0,31.5,0.00,0.00,100,57.53,91,40.38,98,33.99,100,59.31
19.6,31.8,0.00,0.00,100,57.53,91,40.38,98,33.99,100,59.31
18.5,31.9,0.00,0.00,100,57.53,95,40.38,98,33.99,100,59.31
16.1,31.9,0.00,0.00,99,57.53,95,40.38,98,33.99,100,59.31
16.2,31.9,0.00,0.00,100,57.53,95,40.38,98,33.99,100,59.31
16.9,31.9,0.00,0.00,100,57.53,96,40.38,98,33.99,100,59.31
15.5,31.9,0.00,0.00,100,57.53,94,40.38,98,33.99,100,59.31
15.1,31.9,0.00,0.00,100,57.53,94,40.38,98,33.99,100,59.31
15.2,31.9,0.00,0.00,100,57.53,93,40.38,98,33.99,100,59.31
16.7,31.9,0.00,0.00,100,57.53,95,40.38,98,33.99,100,59.31
14.9,31.9,0.00,0.00,100,57.53,96,40.38,98,33.99,100,59.38
20.3,31.9,0.00,0.00,100,57.53,97,40.38,98,33.99,0,59.38
15.4,31.1,0.00,0.00,99,57.53,97,40.38,98,33.99,0,59.38
96.9,31.3,0.00,0.00,100,57.53,96,40.38,98,33.99,0,59.38
44.4,31.5,0.00,0.00,100,57.53,96,40.38,97,33.99,0,59.38
15.0,31.7,0.00,0.00,100,57.53,96,40.38,98,33.99,13,59.38
22.6,31.3,0.00,0.00,100,57.53,97,40.38,6,2.95,100,59.38
13.2,26.5,0.00,0.00,100,57.53,97,40.38,0,2.95,100,59.38
15.7,26.6,0.00,0.00,100,57.53,97,40.38,0,2.95,100,59.38
15.4,27.1,0.00,0.00,100,57.53,91,40.38,0,2.95,100,59.38
13.8,26.1,0.00,0.00,60,2.95,96,40.38,0,10.05,100,59.38
13.7,25.1,0.00,0.00,0,2.95,98,40.38,8,23.29,100,59.38
13.0,29.1,0.00,0.00,0,2.95,97,40.38,6,32.12,100,59.38
10.9,29.8,0.00,0.00,0,2.95,96,40.38,0,32.12,100,59.38
12.3,30.2,0.00,0.00,0,2.95,94,40.38,0,32.12,100,59.38
11.9,30.6,0.00,0.00,0,2.95,93,40.38,0,32.12,100,59.38
13.0,31.5,0.00,0.00,0,5.92,93,40.38,0,36.45,100,59.38
54.5,32.7,0.00,0.00,3,11.34,92,40.38,91,39.99,100,59.38
21.7,34.9,0.00,0.00,3,24.4,95,40.38,93,39.99,100,59.38
32.6,35.2,0.00,0.00,0,24.4,93,40.38,93,39.99,100,59.38
90.2,35.8,0.00,0.00,0,24.4,96,40.38,93,39.99,100,59.38
70.6,36.5,0.00,0.00,0,24.4,95,40.38,93,39.99,100,59.38
15.9,37.0,0.00,0.00,0,24.4,93,40.38,97,39.99,100,59.38
24.7,37.3,0.00,0.00,0,30.7,97,40.38,96,39.99,100,59.38
24.7,37.3,0.00,0.00,98,30.7,95,40.38,96,39.99,100,59.38
24.2,37.3,0.00,0.00,98,30.7,95,40.38,96,39.99,100,59.38
23.8,37.3,0.00,0.00,98,30.7,95,40.38,95,39.99,100,59.38
23.7,37.3,0.00,0.00,99,30.7,95,40.38,97,39.99,100,59.38
23.4,37.3,0.00,0.00,98,30.7,95,40.38,97,39.99,100,59.38
25.4,37.3,0.00,0.00,98,30.7,96,40.38,97,39.99,100,59.38
24.2,37.3,0.00,0.00,99,30.7,95,40.38,97,39.99,100,59.38
23.2,37.3,0.00,0.00,99,30.7,95,40.38,97,39.99,100,59.38
22.0,37.3,0.00,0.00,98,30.7,96,40.38,97,39.99,100,59.38
24.3,37.3,0.00,0.00,98,30.7,93,40.38,97,39.99,100,59.38
22.2,37.3,0.00,0.00,99,30.7,93,40.38,97,39.99,100,59.38
23.1,37.3,0.00,0.00,98,30.7,94,40.38,97,39.99,100,59.38
22.9,37.3,0.00,0.00,98,30.7,95,40.38,97,47.9,100,59.38
26.5,36.4,0.00,0.00,95,30.7,93,40.38,95,47.9,100,59.38
58.8,35.6,0.00,0.00,92,30.7,95,40.38,95,47.9,100,59.38
20.0,36.0,0.00,0.00,0,30.7,91,40.38,94,47.9,100,59.38
19.7,36.4,0.00,0.00,0,30.7,93,40.38,96,47.9,100,59.38
41.5,36.8,0.00,0.00,0,30.7,91,40.38,95,47.9,100,59.38
17.0,37.2,0.00,0.00,0,30.7,94,40.38,97,47.9,100,59.38
22.9,37.3,0.00,0.00,86,30.7,93,40.38,97,47.9,100,59.38
23.5,37.3,0.00,0.00,98,30.7,95,40.38,97,47.9,100,59.38
24.3,37.3,0.00,0.00,99,30.7,94,40.38,97,47.9,100,59.38
22.2,37.3,0.00,0.00,98,30.7,95,40.38,97,47.9,100,59.38
25.1,36.3,0.00,0.00,99,30.7,50,40.38,96,47.9,100,59.38
24.8,36.5,0.00,0.00,96,30.7,94,40.38,95,47.9,100,59.38
25.7,36.7,0.00,0.00,98,30.7,92,40.38,97,47.9,100,59.38
55.0,36.9,0.00,0.00,95,30.7,93,40.38,95,47.9,100,59.38
25.6,37.2,0.00,0.00,97,30.7,93,40.38,96,47.9,100,59.38
24.5,37.3,0.00,0.00,98,30.7,95,40.38,97,47.9,100,59.38
24.2,37.3,0.00,0.00,98,30.7,95,40.38,96,47.9,100,59.38
23.9,37.3,0.00,0.00,99,30.7,91,40.38,97,47.9,100,59.38
24.0,37.3,0.00,0.00,99,30.7,95,40.38,97,47.9,100,59.38
24.1,37.3,0.00,0.00,98,30.7,96,40.38,97,47.9,100,59.38
23.8,37.3,0.00,0.00,98,30.7,95,40.38,97,47.94,100,59.38
16.6,31.1,0.00,0.00,5,2.95,94,40.38,97,47.94,100,59.38
64.8,31.3,0.00,0.00,0,2.95,94,40.38,97,47.94,100,59.38
35.2,31.6,0.00,0.00,0,2.95,90,40.38,95,47.94,100,59.38
16.8,31.8,0.00,0.00,0,2.95,96,40.38,97,47.94,98,59.38
23.8,32.2,0.00,0.00,0,2.95,96,40.38,95,47.94,100,59.38
17.3,32.4,0.00,0.00,0,2.95,97,40.38,97,47.94,100,59.38
16.6,32.9,0.00,0.00,0,5.94,97,40.38,97,47.94,100,59.38
17.3,34.9,0.00,0.00,3,12.24,97,40.38,97,47.94,100,59.38
17.4,36.2,0.00,0.00,5,24.4,97,40.38,96,47.94,100,59.38
16.1,36.5,0.00,0.00,0,24.4,93,40.38,97,47.94,100,59.38
19.1,36.7,0.00,0.00,0,24.4,95,40.38,97,47.94,100,59.38
29.6,36.9,0.00,0.00,0,24.4,95,40.38,97,47.94,100,59.38
17.2,37.1,0.00,0.00,0,24.4,96,40.38,97,47.94,100,59.38
23.8,37.3,0.00,0.00,75,31.01,97,40.38,97,47.94,100,59.38
23.6,37.3,0.00,0.00,98,31.01,96,40.38,97,47.94,100,59.38
23.2,37.3,0.00,0.00,98,31.01,96,40.38,97,47.94,100,59.38
25.1,37.3,0.00,0.00,98,31.01,96,40.38,97,47.94,100,59.38
22.6,37.3,0.00,0.00,98,31.01,96,40.38,97,47.94,100,59.38
23.1,37.3,0.00,0.00,98,31.01,96,40.38,97,47.94,100,59.38
26.5,32.3,0.00,0.00,97,31.01,49,21.66,96,47.94,100,59.38
19.1,32.0,0.00,0.00,99,31.01,94,21.66,48,25.45,100,59.38
24.1,26.6,0.00,0.00,98,31.01,95,21.66,97,25.45,100,59.38
22.4,26.6,0.00,0.00,99,31.01,95,21.66,97,25.45,11,2.95
20.7,21.3,0.00,0.00,98,31.01,95,21.66,97,25.45,0,2.95
20.7,21.3,0.00,0.00,99,31.01,94,21.66,97,25.45,0,2.95
79.2,21.4,0.00,0.00,98,31.01,92,21.66,96,25.45,0,2.95
98.8,21.6,0.00,0.00,96,31.01,90,21.66,97,25.45,0,2.95
22.1,21.7,0.00,0.00,98,31.01,90,21.66,97,25.45,0,2.95
14.9,21.7,0.00,0.00,0,31.01,93,21.66,97,25.45,2,7.58
15.1,23.1,0.00,0.00,0,31.01,97,21.66,97,25.45,3,13.68
73.2,25.1,0.00,0.00,0,31.01,97,21.66,97,25.45,3,35.38
14.8,25.4,0.00,0.00,0,31.01,96,21.66,95,25.45,0,35.38
90.4,25.8,0.00,0.00,0,31.01,96,21.66,96,25.45,0,35.38
22.7,26.0,0.00,0.00,97,31.01,95,21.66,97,25.45,0,35.38
22.0,26.2,0.00,0.00,98,31.01,95,21.66,97,25.45,0,35.38
22.3,26.4,0.00,0.00,98,31.01,96,21.66,96,25.45,100,57.53
23.4,26.6,0.00,0.00,98,31.01,94,21.66,96,25.45,100,57.53
23.9,26.6,0.00,0.00,98,31.01,94,21.66,97,25.45,99,57.53
22.8,26.6,0.00,0.00,98,31.01,95,21.66,97,25.45,99,57.53
23.5,26.6,0.00,0.00,97,31.01,93,21.66,96,25.45,99,57.53
25.4,26.6,0.00,0.00,98,31.01,94,21.66,97,25.45,100,57.53
24.1,26.6,0.00,0.00,98,31.01,96,21.66,96,25.45,100,57.53
20.0,25.5,0.00,0.00,98,31.01,93,21.66,4,2.95,100,57.53
18.6,21.2,0.00,0.00,99,31.01,93,21.66,0,2.95,100,57.53
18.4,21.2,0.00,0.00,98,31.01,94,21.66,0,2.95,100,57.53
18.5,21.2,0.00,0.00,99,31.01,93,21.66,0,2.95,100,57.53
17.3,21.2,0.00,0.00,99,31.01,94,21.66,0,2.95,100,57.53
22.1,21.5,0.00,0.00,79,31.01,89,21.66,0,2.95,99,57.53
15.0,21.0,0.00,0.00,0,31.01,86,21.66,0,2.95,99,57.53
12.1,20.9,0.00,0.00,0,31.01,0,21.66,2,7.19,99,57.53
87.6,23.5,0.00,0.00,0,31.01,0,21.66,4,16.82,99,57.53
11.9,27.1,0.00,0.00,0,31.01,0,21.66,6,28.41,100,57.53
15.7,29.7,0.00,0.00,51,31.01,0,21.66,3,51.19,100,57.53
22.1,29.7,0.00,0.00,95,31.01,0,21.66,0,51.19,100,57.53
20.1,30.0,0.00,0.00,98,31.01,91,21.66,0,51.19,100,57.53
81.4,30.2,0.00,0.00,97,31.01,92,21.66,0,51.19,100,57.53
18.6,30.4,0.00,0.00,98,31.01,91,21.66,0,51.19,100,57.53
27.1,30.7,0.00,0.00,98,31.01,94,21.66,99,75.12,100,57.53
25.1,31.0,0.00,0.00,99,31.01,91,21.66,100,75.12,100,57.53
23.5,31.2,0.00,0.00,98,31.01,92,21.66,99,75.12,100,57.53
22.9,31.4,0.00,0.00,98,31.01,92,21.66,100,75.12,100,57.53
23.3,31.6,0.00,0.00,99,31.01,93,21.66,100,75.12,99,57.53
19.8,31.8,0.00,0.00,98,31.01,95,21.66,100,75.12,100,57.53
21.8,31.8,0.00,0.00,99,31.01,95,21.66,100,75.12,100,57.53
20.8,31.8,0.00,0.00,99,31.01,94,21.66,100,75.12,100,57.53
21.9,31.8,0.00,0.00,99,31.01,96,21.66,100,75.12,100,57.53
22.5,31.8,0.00,0.00,99,31.01,96,21.66,100,75.12,100,57.53
17.8,29.0,0.00,0.00,99,2.95,95,21.66,100,75.12,100,57.53
14.9,26.6,0.00,0.00,5,2.95,95,21.66,100,75.12,100,57.53
15.3,26.8,0.00,0.00,0,2.95,92,21.66,100,75.12,100,57.53
15.0,27.0,0.00,0.00,0,2.95,94,21.66,100,75.12,100,57.53
15.0,28.6,0.00,0.00,3,10.7,95,21.66,100,75.12,100,57.53
14.8,30.6,0.00,0.00,3,17.54,95,21.66,100,75.12,100,57.53
41.5,30.9,0.00,0.00,0,17.54,89,21.66,100,75.12,100,57.53
14.6,31.2,0.00,0.00,0,17.54,92,21.66,100,75.12,100,57.53
14.4,31.4,0.00,0.00,0,17.54,92,21.66,100,75.12,100,57.53
14.8,31.6,0.00,0.00,0,17.54,93,21.66,100,75.12,100,57.53
19.6,31.9,0.00,0.00,0,25.4,94,21.66,100,75.12,100,57.53
19.8,31.9,0.00,0.00,96,25.4,96,21.66,100,75.12,100,57.53
14.6,26.6,0.00,0.00,95,25.4,4,2.95,100,75.12,100,57.53
14.2,26.6,0.00,0.00,96,25.4,0,2.95,100,75.12,100,57.53
14.2,26.6,0.00,0.00,96,25.4,0,2.95,100,75.12,100,57.53
15.3,26.6,0.00,0.00,95,25.4,0,2.95,100,75.12,100,57.53
14.4,26.6,0.00,0.00,96,25.4,0,2.95,100,75.12,100,57.53
14.3,26.6,0.00,0.00,96,25.4,0,2.95,100,75.12,99,57.53
17.1,26.8,0.00,0.00,95,25.4,0,2.95,99,75.12,100,57.53
15.9,27.0,0.00,0.00,96,25.4,0,2.95,100,75.12,100,57.53
16.1,27.9,0.00,0.00,96,25.4,3,9.19,100,75.12,100,57.53
15.9,29.8,0.00,0.00,96,25.4,3,15.44,100,75.12,100,57.53
31.2,30.9,0.00,0.00,97,25.4,0,18.76,100,75.12,100,57.53
15.8,31.2,0.00,0.00,96,25.4,0,18.76,100,75.12,100,57.53
15.2,31.4,0.00,0.00,96,25.4,0,18.76,100,75.12,100,57.53
16.0,31.6,0.00,0.00,96,25.4,0,18.76,100,75.12,100,57.53
22.7,31.8,0.00,0.00,95,25.4,0,33.67,100,75.12,100,57.53
18.2,32.0,0.00,0.00,97,25.4,97,33.67,100,75.12,100,57.53
13.2,31.0,0.00,0.00,97,25.45,97,33.67,100,75.12,100,57.53
21.7,31.2,0.00,0.00,0,25.45,94,33.67,100,75.12,100,57.53
13.3,31.4,0.00,0.00,0,25.45,97,33.67,100,75.12,100,57.53
13.5,31.6,0.00,0.00,0,25.45,97,33.67,100,75.12,100,57.53
91.8,31.9,0.00,0.00,0,25.45,97,33.67,100,75.12,100,57.53
18.0,32.0,0.00,0.00,43,25.45,97,33.67,100,75.12,100,57.53
18.0,32.0,0.00,0.00,96,25.45,98,33.67,100,75.12,100,57.53
17.4,32.0,0.00,0.00,96,25.45,98,33.67,100,75.12,100,57.53
17.3,32.0,0.00,0.00,96,25.45,98,33.67,100,75.12,100,57.53
18.2,32.0,0.00,0.00,97,25.45,98,33.67,100,75.12,100,57.53
17.6,32.0,0.00,0.00,96,25.45,98,33.67,100,75.12,100,57.53
17.0,32.0,0.00,0.00,96,25.45,98,33.67,100,75.12,100,57.53
17.5,32.0,0.00,0.00,97,25.45,97,33.67,100,75.12,100,57.53
17.7,32.0,0.00,0.00,97,25.45,98,33.67,100,75.12,100,57.53
18.3,32.0,0.00,0.00,97,25.45,98,33.67,100,75.12,100,57.53
17.2,32.0,0.00,0.00,96,25.45,97,33.67,100,75.12,100,57.53
18.5,32.0,0.00,0.00,97,25.45,98,33.67,100,75.12,100,57.53
16.8,32.0,0.00,0.00,97,25.45,98,33.67,100,75.12,100,57.53
17.5,32.0,0.00,0.00,97,25.45,98,33.67,100,75.12,100,57.53
17.5,32.0,0.00,0.00,97,25.45,98,33.67,100,75.12,100,57.53
15.1,31.0,0.00,0.00,97,25.45,98,33.67,80,84.15,0,57.53
18.5,30.3,0.00,0.00,95,25.45,97,33.67,89,84.15,0,57.53
24.8,30.8,0.00,0.00,96,25.45,97,33.67,90,84.15,0,57.53
60.9,30.1,0.00,0.00,39,2.95,98,33.67,92,84.15,0,57.53
20.3,26.3,0.00,0.00,0,2.95,98,33.67,93,84.15,90,57.53
17.5,26.6,0.00,0.00,0,2.95,98,33.67,97,84.15,100,57.53
10.8,26.6,0.00,0.00,0,2.95,98,33.67,97,84.15,100,57.53
14.2,26.7,0.00,0.00,0,2.95,97,33.67,91,84.15,100,57.53
14.7,27.0,0.00,0.00,0,2.95,98,33.67,94,84.15,100,57.53
12.7,27.3,0.00,0.00,0,3.35,99,33.67,97,84.15,100,57.53
14.6,29.0,0.00,0.00,4,10.7,99,33.67,96,84.15,100,57.53
12.3,31.0,0.00,0.00,3,24.4,98,33.67,96,84.15,100,57.53
80.4,31.0,0.00,0.00,3,24.4,98,33.67,93,84.15,100,57.53
77.8,31.3,0.00,0.00,0,24.4,98,33.67,94,84.15,99,57.53
12.8,31.5,0.00,0.00,0,24.4,98,33.67,94,84.15,100,57.53
12.8,31.8,0.00,0.00,0,24.4,98,33.67,95,84.15,100,57.53
19.5,31.9,0.00,0.00,78,31.01,99,33.67,95,84.15,100,57.53
19.2,31.9,0.00,0.00,99,31.01,99,33.67,96,84.15,100,57.53
18.6,31.9,0.00,0.00,98,31.01,99,33.67,95,84.15,100,57.53
18.7,31.9,0.00,0.00,99,31.01,99,33.67,95,84.15,100,57.53
18.8,31.9,0.00,0.00,99,31.01,99,33.67,95,84.15,100,57.53
18.9,31.9,0.00,0.00,99,31.01,99,33.67,96,84.15,100,57.53
19.0,31.9,0.00,0.00,99,31.01,99,33.67,96,84.15,100,57.53
19.2,31.9,0.00,0.00,99,31.01,98,33.67,95,84.15,100,57.53
18.5,31.9,0.00,0.00,99,31.01,99,33.67,96,84.15,100,57.53
21.1,31.9,0.00,0.00,99,31.01,99,33.67,95,84.15,100,57.53
19.8,31.9,0.00,0.00,99,31.01,98,33.67,95,84.15,100,57.53
18.2,31.9,0.00,0.00,99,31.01,99,33.67,93,84.15,100,57.53
19.4,31.9,0.00,0.00,99,31.01,99,33.67,95,84.15,100,57.53
18.7,31.9,0.00,0.00,99,31.01,99,33.67,94,84.15,100,57.53
13.3,31.9,0.00,0.00,98,31.01,99,33.67,96,84.15,100,57.53
13.2,31.0,0.00,0.00,0,31.01,98,33.67,94,84.15,100,57.53
12.7,31.3,0.00,0.00,0,31.01,99,33.67,93,84.15,100,57.53
13.0,31.5,0.00,0.00,0,31.01,98,33.67,92,84.15,100,57.53
11.6,31.8,0.00,0.00,0,31.01,98,33.99,92,84.15,100,57.53
17.2,31.0,0.00,0.00,33,31.01,1,33.99,92,84.15,100,57.53
17.4,31.2,0.00,0.00,98,31.01,0,33.99,94,84.15,100,57.53
36.9,31.5,0.00,0.00,97,31.01,0,33.99,91,84.15,100,57.53
85.3,31.7,0.00,0.00,97,31.01,0,33.99,93,84.15,100,57.53
21.5,31.9,0.00,0.00,98,31.01,60,33.99,96,84.15,100,57.53
18.7,31.9,0.00,0.00,99,31.01,98,33.99,96,84.15,100,57.53
18.4,31.9,0.00,0.00,99,31.01,98,33.99,95,84.15,100,57.53
18.1,31.9,0.00,0.00,99,31.01,98,33.99,96,84.15,100,57.53
18.3,31.9,0.00,0.00,99,31.01,99,33.99,95,84.15,100,57.53
19.0,31.9,0.00,0.00,99,31.01,98,33.99,95,84.15,100,57.53
19.2,31.9,0.00,0.00,99,31.01,98,33.99,95,84.15,100,57.53
19.2,31.9,0.00,0.00,99,31.01,98,33.99,94,84.15,100,57.53
19.5,31.9,0.00,0.00,99,31.01,98,33.99,95,84.15,100,57.53
19.2,31.9,0.00,0.00,99,31.01,98,33.99,96,84.15,100,57.53
18.0,31.9,0.00,0.00,99,31.01,98,33.99,92,84.15,100,57.53
99.0,31.0,0.00,0.00,1,31.01,98,33.99,94,84.15,100,57.53
13.1,31.2,0.00,0.00,0,31.01,98,33.99,93,84.15,100,57.53
13.7,31.4,0.00,0.00,0,31.01,98,33.99,95,84.15,100,57.53
13.4,31.7,0.00,0.00,0,31.01,98,33.99,94,84.15,100,57.53
20.6,31.9,0.00,0.00,0,31.01,98,33.99,96,84.15,100,57.53
18.6,31.9,0.00,0.00,99,31.01,98,33.99,95,84.15,100,57.53
18.9,31.9,0.00,0.00,99,31.01,98,33.99,94,84.15,100,57.53
18.4,31.9,0.00,0.00,99,31.01,98,33.99,94,84.27,100,57.53
21.7,30.9,0.00,0.00,99,31.01,97,33.99,81,84.27,100,57.53
20.7,31.1,0.00,0.00,98,31.01,98,33.99,100,84.27,100,57.53
19.8,31.4,0.00,0.00,97,31.01,98,33.99,100,84.27,100,57.53
22.1,31.6,0.00,0.00,98,31.01,98,33.99,100,84.27,100,57.53
93.8,31.8,0.00,0.00,99,31.01,98,33.99,100,84.27,100,57.53
17.9,31.9,0.00,0.00,99,31.01,98,33.99,100,84.27,100,57.53
18.7,31.9,0.00,0.00,99,31.01,98,33.99,100,84.27,100,57.53
18.3,31.9,0.00,0.00,98,31.01,97,33.99,100,84.27,100,57.53
18.0,31.9,0.00,0.00,99,31.01,98,33.99,100,84.27,100,57.53
19.0,31.9,0.00,0.00,99,31.01,99,33.99,100,84.27,100,57.53
18.7,31.9,0.00,0.00,99,31.01,99,33.99,100,84.27,100,57.53
12.9,30.9,0.00,0.00,83,2.95,99,33.99,100,84.27,100,57.53
11.3,26.7,0.00,0.00,0,2.95,99,33.99,100,84.27,100,57.53
10.8,26.7,0.00,0.00,0,2.95,99,33.99,100,84.27,100,57.53
10.4,26.7,0.00,0.00,0,2.95,98,33.99,100,84.27,100,57.53
11.4,26.7,0.00,0.00,0,2.95,99,33.99,100,84.27,100,57.53
10.6,26.7,0.00,0.00,0,2.95,99,33.99,100,84.27,100,57.53
10.2,26.7,0.00,0.00,0,2.95,99,33.99,100,84.27,100,57.53
11.9,26.7,0.00,0.00,0,2.95,98,33.99,100,84.27,100,57.53
10.0,26.7,0.00,0.00,0,2.95,98,33.99,100,84.27,100,57.53
10.5,26.7,0.00,0.00,0,2.95,98,33.99,100,84.27,100,57.53
12.7,26.7,0.00,0.00,0,2.95,98,33.99,100,84.27,100,57.53
10.4,26.7,0.00,0.00,0,2.95,98,33.99,100,84.27,100,57.53
12.3,26.6,0.00,0.00,0,2.95,98,33.99,100,84.27,100,57.53
11.2,26.6,0.00,0.00,0,2.95,98,33.99,100,84.27,100,57.53
10.4,26.6,0.00,0.00,0,2.95,98,33.99,100,84.27,100,57.53
10.6,26.6,0.00,0.00,0,2.95,98,33.99,100,84.27,100,57.53
11.0,26.6,0.00,0.00,0,2.95,98,33.99,100,84.27,100,57.53
9.8,26.6,0.00,0.00,0,2.95,98,33.99,100,84.27,100,57.53
10.5,26.6,0.00,0.00,0,2.95,98,33.99,100,84.27,100,57.53
10.0,26.6,0.00,0.00,0,2.95,99,33.99,100,84.27,100,57.53
10.9,26.6,0.00,0.00,0,2.95,98,33.99,100,84.27,100,57.53
11.1,26.6,0.00,0.00,0,2.95,99,33.99,100,84.27,81,57.33
9.4,21.6,0.00,0.00,0,2.95,98,33.99,100,84.27,0,2.95
8.9,21.3,0.00,0.00,0,2.95,98,33.99,100,84.27,0,2.95
9.1,21.3,0.00,0.00,0,2.95,98,33.99,100,84.27,0,2.95
14.4,21.7,0.00,0.00,0,2.95,98,33.99,100,84.27,0,2.95
7.5,22.0,0.00,0.00,0,2.95,96,33.99,100,84.27,0,2.95
10.4,22.8,0.00,0.00,0,2.95,99,33.99,100,84.27,0,3.07
15.1,23.9,0.00,0.00,0,5.89,21,33.99,100,84.27,4,9.94
10.4,26.8,0.00,0.00,3,12.12,0,33.99,100,84.27,4,16.07
10.4,30.2,0.00,0.00,3,35.48,0,33.99,100,84.27,0,35.48
51.4,29.6,0.00,0.00,0,35.48,0,33.99,99,84.27,0,35.48
100.0,30.3,0.00,0.00,0,35.48,0,33.99,99,84.27,0,35.48
28.8,30.9,0.00,0.00,0,35.48,96,33.99,100,84.27,0,35.48
11.3,31.4,0.00,0.00,0,35.48,98,33.99,99,84.27,45,59.41
13.6,31.9,0.00,0.00,33,59.41,98,33.99,100,84.27,100,59.41
12.2,31.9,0.00,0.00,100,59.41,98,33.99,100,84.27,100,59.41
15.1,31.9,0.00,0.00,100,59.41,98,33.99,100,84.27,100,59.41
13.2,31.9,0.00,0.00,100,59.41,98,33.99,100,84.27,100,59.41
15.0,31.9,0.00,0.00,100,59.41,98,33.99,100,84.27,100,59.41
15.2,31.9,0.00,0.00,100,59.41,98,33.99,100,84.27,100,59.41
12.5,31.9,0.00,0.00,100,59.41,98,33.99,100,84.27,100,59.41
14.7,31.9,0.00,0.00,100,59.41,98,33.99,100,84.27,100,59.41
12.4,31.9,0.00,0.00,100,59.41,98,33.99,100,84.27,100,59.41
14.0,31.9,0.00,0.00,100,59.41,98,33.99,100,84.27,100,59.41
14.4,31.9,0.00,0.00,100,59.41,98,33.99,100,84.27,100,59.41
14.2,31.9,0.00,0.00,100,59.41,98,33.99,100,84.27,100,59.41
16.1,31.9,0.00,0.00,100,59.41,98,33.99,100,84.27,100,59.41
11.9,31.9,0.00,0.00,100,59.41,98,33.99,100,84.27,100,59.41
14.4,31.9,0.00,0.00,100,59.41,97,33.99,100,84.27,100,59.41
15.9,30.9,0.00,0.00,100,59.41,98,33.99,53,84.27,100,59.41
17.1,31.1,0.00,0.00,100,59.41,97,33.99,93,84.27,100,59.41
15.8,31.4,0.00,0.00,100,59.41,98,33.99,93,84.27,100,59.41
16.1,31.6,0.00,0.00,100,59.41,98,33.99,93,84.27,100,59.41
28.3,31.9,0.00,0.00,100,59.41,98,33.99,95,84.27,100,59.41
12.6,31.9,0.00,0.00,100,59.41,98,33.99,96,84.27,100,59.41
15.3,31.9,0.00,0.00,100,59.41,98,33.99,96,84.27,100,59.41
14.6,31.9,0.00,0.00,100,59.41,98,33.99,96,84.27,100,59.41
12.3,31.9,0.00,0.00,100,59.41,98,33.99,96,84.27,100,59.41
12.3,31.9,0.00,0.00,100,59.41,98,33.99,94,84.27,100,59.41
13.5,31.9,0.00,0.00,100,59.41,98,33.99,96,84.27,100,59.41
14.7,31.9,0.00,0.00,100,59.41,98,33.99,96,84.27,100,59.41
14.7,31.9,0.00,0.00,100,59.41,98,33.99,95,84.27,100,59.41
13.4,31.9,0.00,0.00,100,59.41,98,33.99,96,84.27,100,59.41
12.6,31.9,0.00,0.00,100,59.41,98,33.99,95,84.27,100,59.41
12.9,31.9,0.00,0.00,100,59.41,98,33.99,96,84.27,100,59.41
15.6,31.9,0.00,0.00,100,59.41,97,33.99,96,84.27,100,59.41
14.9,31.9,0.00,0.00,100,59.41,98,33.99,96,84.27,100,59.41
14.0,31.9,0.00,0.00,100,59.41,98,33.99,96,84.27,100,59.41
15.2,31.9,0.00,0.00,100,59.41,97,33.99,95,84.27,100,59.41
15.9,31.9,0.00,0.00,100,59.41,97,33.99,97,84.27,100,59.41
13.9,31.9,0.00,0.00,100,59.41,98,33.99,96,84.27,100,59.41
15.2,31.9,0.00,0.00,100,59.41,98,33.99,96,84.27,100,59.41
13.3,31.9,0.00,0.00,100,59.41,98,33.99,96,84.27,100,59.41
13.2,31.9,0.00,0.00,100,59.41,98,33.99,96,84.27,100,59.41
12.7,31.9,0.00,0.00,100,59.41,98,33.99,97,84.27,100,59.41
12.2,31.9,0.00,0.00,100,59.41,98,33.99,97,84.27,74,59.41
11.9,30.1,0.00,0.00,28,59.41,98,33.99,92,84.27,0,59.41
12.1,30.5,0.00,0.00,0,59.41,98,33.99,91,84.27,0,59.41
53.8,31.0,0.00,0.00,0,59.41,98,33.99,89,84.27,0,59.41
74.4,31.5,0.00,0.00,0,59.41,98,33.99,91,84.27,0,59.41
16.0,31.9,0.00,0.00,14,59.41,98,33.99,97,84.27,100,59.41
14.4,31.9,0.00,0.00,100,59.41,98,33.99,96,84.27,100,59.41
13.6,31.9,0.00,0.00,100,59.41,98,33.99,96,84.27,100,59.41
14.1,31.9,0.00,0.00,100,59.41,98,33.99,96,84.27,100,59.41
14.2,31.9,0.00,0.00,100,59.41,98,33.99,97,84.27,100,59.41
18.5,31.9,0.00,0.00,100,59.41,97,33.99,96,84.27,100,59.41
11.6,31.9,0.00,0.00,100,59.41,98,33.99,96,84.27,100,59.41
100.0,31.0,0.00,0.00,100,59.41,0,33.99,94,84.27,100,59.41
49.0,31.2,0.00,0.00,100,59.41,0,33.99,92,84.27,100,59.41
12.3,31.5,0.00,0.00,100,59.41,0,33.99,93,84.27,100,59.41
13.3,31.7,0.00,0.00,100,59.41,0,33.99,93,84.27,100,59.41
19.1,31.9,0.00,0.00,100,59.41,62,33.99,94,84.27,100,59.41
12.3,31.9,0.00,0.00,100,59.41,98,33.99,96,84.27,100,59.41
13.3,31.9,0.00,0.00,100,59.41,97,33.99,95,84.27,100,59.41
15.3,31.9,0.00,0.00,100,59.41,98,33.99,96,84.27,100,59.41
12.9,31.9,0.00,0.00,100,59.41,97,33.99,96,84.27,100,59.41
13.5,31.9,0.00,0.00,100,59.41,98,33.99,96,84.27,100,59.41
13.4,31.9,0.00,0.00,100,59.41,98,33.99,95,84.27,100,59.41
12.1,31.9,0.00,0.00,100,59.41,98,33.99,96,84.27,100,59.41
15.5,31.9,0.00,0.00,100,59.41,98,33.99,96,84.27,100,59.41
15.5,31.9,0.00,0.00,100,59.41,98,33.99,96,84.27,100,59.41
14.1,31.9,0.00,0.00,100,59.41,98,33.99,96,84.27,100,59.41
13.3,31.9,0.00,0.00,100,59.41,98,33.99,94,84.27,100,59.41
12.6,31.9,0.00,0.00,100,59.41,98,33.99,93,84.27,100,59.41
14.9,31.9,0.00,0.00,100,59.41,98,33.99,96,84.27,100,59.41
13.4,31.9,0.00,0.00,100,59.41,98,33.99,96,84.27,100,59.41
20.3,31.7,0.00,0.00,100,59.41,98,33.99,92,84.27,100,59.41
17.4,31.1,0.00,0.00,100,59.41,96,33.99,100,84.27,100,59.41
63.2,31.3,0.00,0.00,100,59.41,98,33.99,100,84.27,100,59.41
15.4,31.6,0.00,0.00,100,59.41,98,33.99,100,84.27,100,59.41
16.6,31.8,0.00,0.00,100,59.41,96,33.99,100,84.27,100,59.41
15.4,31.9,0.00,0.00,100,59.41,98,33.99,100,84.27,100,59.41
15.2,31.9,0.00,0.00,100,59.41,98,33.99,100,84.27,100,59.41
13.7,31.9,0.00,0.00,100,59.41,98,33.99,100,84.27,100,59.41
11.5,31.9,0.00,0.00,100,59.41,97,33.99,100,84.27,100,59.41
14.9,31.9,0.00,0.00,100,59.41,98,33.99,100,84.27,100,59.41
16.6,31.9,0.00,0.00,100,59.41,98,33.99,100,84.27,100,59.41
17.4,31.9,0.00,0.00,100,59.41,98,33.99,100,84.27,100,59.41
16.1,31.9,0.00,0.00,100,59.41,98,33.99,100,84.27,100,59.41
15.6,31.9,0.00,0.00,100,59.41,98,33.99,100,84.27,100,59.41
14.2,31.9,0.00,0.00,100,59.41,98,33.99,100,84.27,100,59.41
12.3,31.9,0.00,0.00,100,59.41,98,33.99,100,84.27,100,59.41
12.1,31.9,0.00,0.00,100,59.41,99,33.99,100,84.27,89,59.41
85.3,30.0,0.00,0.00,68,59.41,98,33.99,100,84.27,0,59.41
10.5,30.4,0.00,0.00,0,59.41,98,33.99,100,84.27,0,59.41
11.5,30.9,0.00,0.00,0,59.41,98,33.99,100,84.27,0,59.41
11.0,31.4,0.00,0.00,0,59.41,97,33.99,100,84.27,0,59.41
25.3,31.8,0.00,0.00,0,59.41,98,33.99,100,84.27,92,59.41
14.0,31.9,0.00,0.00,91,59.41,98,33.99,100,84.27,100,59.41
12.7,31.9,0.00,0.00,100,59.41,98,33.99,100,84.27,100,59.41
13.9,31.9,0.00,0.00,100,59.41,98,33.99,100,84.27,100,59.41
17.2,31.9,0.00,0.00,100,59.41,98,33.99,100,84.27,100,59.41
12.6,31.9,0.00,0.00,100,59.41,98,33.99,100,84.27,100,59.41
14.0,31.9,0.00,0.00,100,59.41,98,33.99,100,84.27,100,59.41
12.5,31.9,0.00,0.00,100,59.41,98,33.99,100,84.27,100,59.41
15.6,31.9,0.00,0.00,100,59.41,98,33.99,100,84.27,100,59.41
13.5,31.9,0.00,0.00,100,59.41,98,33.99,100,84.27,100,59.41
13.7,31.9,0.00,0.00,100,59.41,98,33.99,100,84.27,100,59.41
16.0,31.9,0.00,0.00,100,59.41,98,33.99,100,84.27,100,59.41
14.2,31.9,0.00,0.00,100,59.41,98,33.99,100,84.27,100,59.41
14.4,31.9,0.00,0.00,100,59.41,98,33.99,100,84.27,100,59.41
13.8,31.9,0.00,0.00,100,59.41,98,33.99,100,84.27,100,59.41
14.0,31.9,0.00,0.00,100,59.41,98,33.99,100,84.27,100,59.41
13.4,31.9,0.00,0.00,100,59.41,99,33.99,100,84.27,100,59.41
14.4,31.9,0.00,0.00,100,59.41,99,33.99,100,84.27,100,59.41
12.3,31.9,0.00,0.00,100,59.41,99,33.99,100,84.27,100,59.41
10.3,31.9,0.00,0.00,100,59.41,99,33.99,100,84.27,100,59.41
14.2,31.9,0.00,0.00,100,59.41,99,33.99,100,84.27,100,59.41
15.8,31.9,0.00,0.00,100,59.41,99,33.99,100,84.27,100,59.41
12.7,31.9,0.00,0.00,100,59.41,99,33.99,100,84.27,100,59.41
10.8,26.5,0.00,0.00,100,59.41,6,2.95,100,84.27,100,59.41
8.6,26.5,0.00,0.00,100,59.41,0,2.95,100,84.27,100,59.41
9.2,26.5,0.00,0.00,100,59.41,0,2.95,100,84.27,100,59.41
10.6,26.5,0.00,0.00,100,59.41,0,2.95,100,84.27,100,59.41
11.3,26.5,0.00,0.00,100,59.41,0,2.95,100,84.27,100,59.41
11.3,26.5,0.00,0.00,100,59.41,0,2.95,100,84.27,100,59.41
8.1,26.5,0.00,0.00,100,59.41,0,2.95,100,84.27,100,59.41
10.1,26.5,0.00,0.00,100,59.41,0,2.95,100,84.27,100,59.41
9.0,26.5,0.00,0.00,100,59.41,0,2.95,100,84.27,100,59.41
7.9,26.5,0.00,0.00,100,59.41,0,2.95,100,84.27,100,59.41
8.6,26.5,0.00,0.00,100,59.41,0,2.95,100,84.27,100,59.41
11.7,26.5,0.00,0.00,100,59.41,0,2.95,100,84.27,100,59.41
11.7,26.5,0.00,0.00,100,59.41,0,2.95,100,84.27,100,59.41
13.6,26.5,0.00,0.00,100,59.41,0,2.95,100,84.27,100,59.41
11.6,26.5,0.00,0.00,100,59.41,0,2.95,100,84.27,100,59.41
9.9,26.5,0.00,0.00,100,59.41,0,2.95,100,84.27,100,59.41
7.5,26.5,0.00,0.00,100,59.41,0,2.95,64,27.84,100,59.41
9.6,21.2,0.00,0.00,100,59.41,0,2.95,97,27.84,100,59.41
8.6,21.2,0.00,0.00,100,59.41,0,2.95,97,27.84,100,59.41
7.7,21.2,0.00,0.00,100,59.41,0,2.95,97,27.84,100,59.41
6.7,19.2,0.00,0.00,33,59.41,0,2.95,92,27.84,0,59.41
7.5,19.7,0.00,0.00,0,59.41,0,2.95,90,27.84,0,59.41
7.9,20.1,0.00,0.00,0,59.41,0,2.95,93,27.84,0,59.41
15.2,20.6,0.00,0.00,0,59.41,0,2.95,91,27.84,0,59.41
19.2,21.1,0.00,0.00,0,59.41,0,2.95,88,27.84,45,59.41
10.3,21.2,0.00,0.00,100,59.41,0,2.95,97,27.84,100,59.41
11.6,21.2,0.00,0.00,100,59.41,0,2.95,97,27.84,100,59.41
10.7,21.2,0.00,0.00,100,59.41,0,2.95,96,27.84,100,59.41
8.5,21.2,0.00,0.00,100,59.41,0,2.95,97,27.84,100,59.41
10.2,21.2,0.00,0.00,100,59.41,0,2.95,97,27.84,100,59.41
12.2,21.2,0.00,0.00,100,59.41,0,2.95,96,27.84,100,59.41
10.9,21.2,0.00,0.00,100,59.41,0,2.95,97,27.84,100,59.41
11.1,21.2,0.00,0.00,100,59.41,0,2.95,96,27.84,100,59.41
10.8,21.2,0.00,0.00,100,59.41,0,2.95,95,27.84,100,59.41
10.2,21.2,0.00,0.00,100,59.41,0,2.95,95,27.84,100,59.41
10.6,21.2,0.00,0.00,100,59.41,0,2.95,95,27.84,100,59.41
10.0,21.2,0.00,0.00,100,59.41,0,2.95,96,27.84,100,59.41
10.6,21.2,0.00,0.00,100,59.41,0,2.95,96,27.84,100,59.41
9.2,21.2,0.00,0.00,100,59.41,0,2.95,96,27.84,100,59.41
9.2,21.2,0.00,0.00,100,59.41,0,2.95,95,27.84,100,59.41
8.8,21.2,0.00,0.00,100,59.41,0,2.95,96,27.84,100,59.41
8.6,21.2,0.00,0.00,100,59.41,0,2.95,96,27.84,100,59.41
8.3,21.2,0.00,0.00,100,59.41,0,2.95,96,27.84,100,59.41
9.2,21.2,0.00,0.00,100,59.41,0,2.95,97,27.84,100,59.41
9.4,21.2,0.00,0.00,100,59.41,0,2.95,96,27.84,100,59.41
10.2,21.2,0.00,0.00,100,59.41,0,2.95,96,27.84,100,59.41
11.1,21.2,0.00,0.00,100,59.41,0,2.95,96,27.84,100,59.41
11.0,21.2,0.00,0.00,100,59.41,0,2.95,96,27.84,100,59.41
11.1,21.2,0.00,0.00,100,59.41,0,2.95,97,27.84,100,59.41
10.8,21.2,0.00,0.00,100,59.41,0,2.95,96,27.84,100,59.41
11.3,21.2,0.00,0.00,100,59.41,0,2.95,95,27.84,100,59.41
9.4,21.2,0.00,0.00,100,59.41,0,2.95,97,27.84,100,59.41
9.0,21.2,0.00,0.00,100,59.41,0,2.95,97,27.84,100,59.41
9.1,21.2,0.00,0.00,100,59.41,0,2.95,97,27.84,100,59.41
9.8,21.2,0.00,0.00,100,59.41,0,2.95,96,27.84,100,59.41
10.9,21.2,0.00,0.00,100,59.41,0,2.95,96,27.84,100,59.41
10.6,21.2,0.00,0.00,100,59.41,0,2.95,97,27.84,100,59.41
11.2,21.2,0.00,0.00,100,59.41,0,2.95,96,27.84,100,59.41
10.8,21.2,0.00,0.00,100,59.41,0,2.95,96,27.84,100,59.41
11.3,21.2,0.00,0.00,100,59.41,0,2.95,96,27.84,100,59.41
11.9,21.2,0.00,0.00,100,59.41,0,2.95,95,27.84,100,59.41
11.5,21.2,0.00,0.00,100,59.41,0,2.95,97,27.84,100,59.41
8.0,21.2,0.00,0.00,100,59.41,0,2.95,97,27.84,100,59.41
11.5,21.2,0.00,0.00,100,59.41,0,2.95,97,27.84,100,59.41
9.4,21.1,0.00,0.00,100,59.41,0,2.95,95,27.84,100,59.41
11.0,21.1,0.00,0.00,100,59.41,0,2.95,95,27.84,100,59.41
11.5,21.1,0.00,0.00,100,59.41,0,2.95,96,27.84,100,59.41
21.0,21.2,0.00,0.00,100,59.41,0,2.95,96,27.84,10,2.95
4.0,10.6,0.00,0.00,12,2.95,0,2.95,96,27.84,0,2.95
4.2,10.6,0.00,0.00,0,2.95,0,2.95,97,27.84,0,2.95
4.0,10.6,0.00,0.00,0,2.95,0,2.95,97,27.84,0,2.95
4.4,10.6,0.00,0.00,0,2.95,0,2.95,97,27.84,0,2.95
4.2,10.6,0.00,0.00,0,2.95,0,2.95,96,27.84,0,2.95
4.6,10.6,0.00,0.00,0,2.95,0,2.95,97,27.64,0,2.95
2.7,5.5,0.00,0.00,0,2.95,0,2.95,4,2.95,0,2.95
4268.0