1.3,7.9,0.00,0.00,0,2.67,0,2.67,0,2.67,0,2.67
3.4,7.9,0.00,0.00,0,2.67,0,2.67,0,2.67,0,2.67
3.0,7.9,0.00,0.00,0,2.67,0,2.67,0,2.67,0,2.67
3.2,7.9,0.00,0.00,0,2.67,0,2.67,0,2.67,0,2.67
0.0,7.9,0.00,0.00,0,2.67,0,2.67,0,2.67,0,2.67
0.2,7.9,0.00,0.00,0,2.67,0,2.67,0,2.67,0,2.67
21.8,8.0,0.00,0.00,0,2.67,0,2.67,0,2.67,0,2.67
11.1,8.2,0.00,0.00,0,2.67,0,2.67,0,2.67,0,2.67
10.0,8.8,0.00,0.00,0,2.67,0,2.67,0,2.67,0,2.67
55.3,9.2,0.00,0.00,0,2.67,0,2.67,0,2.67,0,2.67
0.8,9.4,0.00,0.00,0,2.67,0,2.67,0,2.67,0,2.67
6.5,12.0,0.00,0.00,0,2.67,0,2.67,0,2.79,0,2.67
12.1,14.2,0.00,0.00,2,7.54,3,14.13,4,15.5,0,2.67
9.5,15.4,0.00,0.00,9,28.66,8,28.66,0,28.66,0,2.67
11.3,16.2,0.00,0.00,0,28.66,0,28.66,0,28.66,0,2.67
16.3,16.8,0.00,0.00,0,28.66,0,28.66,0,28.66,0,5.68
8.9,18.5,0.00,0.00,0,28.66,0,28.66,0,28.66,4,11.54
59.9,20.1,0.00,0.00,0,28.66,0,28.66,0,28.66,0,11.54
10.2,20.9,0.00,0.00,0,28.66,0,28.66,0,28.66,0,11.54
11.3,21.4,0.00,0.00,0,28.66,0,28.66,0,28.66,0,11.54
10.6,22.3,0.00,0.00,0,28.66,0,28.66,0,28.66,0,11.54
8.7,23.0,0.00,0.00,0,28.83,0,29.39,0,30.07,0,11.54
10.0,25.9,0.00,0.00,54,57.37,75,57.37,88,57.37,0,11.54
14.1,26.2,0.00,0.00,99,57.37,100,57.37,100,57.37,0,11.54
13.6,26.4,0.00,0.00,100,57.37,100,57.37,100,57.37,0,11.54
13.5,26.5,0.00,0.00,100,57.37,100,57.37,100,57.37,3,17.55
16.4,27.4,0.00,0.00,99,57.37,100,57.37,100,57.37,82,19.21
9.2,27.4,0.00,0.00,100,57.37,100,57.37,100,57.37,87,19.21
9.8,27.4,0.00,0.00,99,57.37,100,57.37,100,57.37,90,19.21
13.9,27.4,0.00,0.00,100,57.37,100,57.37,100,57.37,87,19.21
15.8,27.4,0.00,0.00,100,57.37,100,57.37,100,57.37,85,19.21
16.6,27.4,0.00,0.00,100,57.37,100,57.37,100,57.37,85,19.21
15.4,27.5,0.00,0.00,100,57.37,100,57.37,100,57.37,85,19.21
10.0,27.4,0.00,0.00,100,57.37,100,57.37,100,57.37,86,19.21
10.0,27.4,0.00,0.00,100,57.37,100,57.37,100,57.37,85,19.21
12.9,27.4,0.00,0.00,100,57.37,100,57.37,100,57.37,87,19.21
10.6,27.4,0.00,0.00,100,57.37,100,57.37,100,57.37,88,19.21
10.5,27.4,0.00,0.00,100,57.37,100,57.37,100,57.37,89,19.21
13.2,27.4,0.00,0.00,100,57.37,100,57.37,100,57.37,89,19.21
10.6,27.4,0.00,0.00,100,57.37,100,57.37,100,57.37,90,19.21
10.4,27.4,0.00,0.00,100,57.37,100,57.37,100,57.37,89,19.21
11.5,27.4,0.00,0.00,100,57.37,100,57.37,100,57.37,87,19.21
13.8,27.4,0.00,0.00,100,57.37,100,57.37,100,57.37,87,19.21
9.2,27.4,0.00,0.00,100,57.37,100,57.37,100,57.37,88,19.21
11.4,27.4,0.00,0.00,100,57.37,100,57.37,100,57.37,90,19.21
13.0,27.4,0.00,0.00,100,57.37,100,57.37,100,57.37,89,19.21
10.4,27.4,0.00,0.00,100,57.37,100,57.37,100,57.37,81,19.21
12.3,27.4,0.00,0.00,100,57.37,100,57.37,100,57.37,88,19.21
11.5,27.4,0.00,0.00,100,57.37,100,57.37,100,57.37,88,19.21
10.2,27.4,0.00,0.00,100,57.37,100,57.37,100,57.37,88,19.21
12.3,27.4,0.00,0.00,100,57.37,100,57.37,100,57.37,87,19.21
12.7,27.4,0.00,0.00,100,57.37,100,57.37,100,57.37,81,19.21
10.8,27.4,0.00,0.00,100,57.37,100,57.37,100,57.37,79,19.21
11.5,27.4,0.00,0.00,100,57.37,100,57.37,100,57.37,74,19.21
14.2,27.4,0.00,0.00,100,57.37,100,57.37,100,57.37,88,19.21
14.9,27.4,0.00,0.00,100,57.37,100,57.37,100,57.37,88,19.21
10.2,27.4,0.00,0.00,100,57.37,100,57.37,100,57.37,87,19.21
13.8,27.4,0.00,0.00,100,57.37,100,57.37,100,57.37,87,19.21
10.4,27.4,0.00,0.00,100,57.37,100,57.37,100,57.37,85,19.21
12.5,27.4,0.00,0.00,100,57.37,100,57.37,100,57.37,88,19.21
19.7,27.4,0.00,0.00,100,57.37,100,57.37,100,57.37,87,19.21
10.6,27.4,0.00,0.00,100,57.37,100,57.37,100,57.37,88,19.21
13.6,27.4,0.00,0.00,100,57.37,100,57.37,100,57.37,87,19.21
11.4,27.4,0.00,0.00,100,57.37,100,57.37,100,57.37,90,19.21
10.2,27.4,0.00,0.00,100,57.37,100,57.37,100,57.37,89,19.21
12.7,27.4,0.00,0.00,100,57.37,100,57.37,100,57.37,89,19.21
10.2,27.4,0.00,0.00,100,57.37,100,57.37,100,57.37,90,19.21
11.3,27.4,0.00,0.00,100,57.37,100,57.37,100,57.37,86,19.21
14.2,27.4,0.00,0.00,100,57.37,100,57.37,100,57.37,89,19.21
9.8,27.4,0.00,0.00,100,57.37,100,57.37,100,57.37,88,19.21
11.5,27.4,0.00,0.00,100,57.37,100,57.37,100,57.37,87,19.21
13.4,27.4,0.00,0.00,100,57.37,100,57.37,100,57.37,79,19.21
11.9,27.4,0.00,0.00,100,57.37,100,57.37,100,57.37,80,19.21
11.9,27.4,0.00,0.00,100,57.37,100,57.37,100,57.37,89,19.21
10.9,27.4,0.00,0.00,100,57.37,100,57.37,100,57.37,84,19.21
9.8,27.4,0.00,0.00,99,57.37,100,57.37,100,57.37,88,19.21
13.2,27.4,0.00,0.00,100,57.37,100,57.37,100,57.37,87,19.21
11.8,27.4,0.00,0.00,100,57.37,100,57.37,100,57.37,89,19.21
11.8,27.4,0.00,0.00,100,57.37,100,57.37,100,57.37,90,19.21
14.1,27.4,0.00,0.00,100,57.37,100,57.37,100,57.37,89,19.21
10.6,27.4,0.00,0.00,100,57.37,100,57.37,100,57.37,88,19.21
12.9,27.4,0.00,0.00,100,57.37,100,57.37,100,57.37,90,19.21
10.9,27.4,0.00,0.00,100,57.37,100,57.37,100,57.37,87,19.21
9.3,27.4,0.00,0.00,99,57.37,100,57.37,100,57.37,86,19.21
12.7,27.4,0.00,0.00,100,57.37,100,57.37,100,57.37,90,19.21
11.2,27.4,0.00,0.00,100,57.37,100,57.37,100,57.37,83,19.21
12.3,27.4,0.00,0.00,100,57.37,100,57.37,100,57.37,87,19.21
13.5,27.4,0.00,0.00,100,57.37,100,57.37,100,57.37,86,19.21
10.2,27.4,0.00,0.00,100,57.37,100,57.37,100,57.37,87,19.21
11.4,27.4,0.00,0.00,100,57.37,100,57.37,100,57.37,85,19.21
21.4,27.4,0.00,0.00,100,57.37,68,57.37,13,57.37,83,19.21
37.3,23.0,0.00,0.00,12,57.37,0,57.37,0,57.37,80,19.21
10.4,23.5,0.00,0.00,0,57.37,0,57.37,0,57.37,91,19.21
42.4,24.2,0.00,0.00,0,57.37,0,57.37,0,57.37,89,19.21
11.3,24.8,0.00,0.00,0,57.37,0,57.37,0,57.37,86,19.21
94.4,25.4,0.00,0.00,0,57.37,0,57.37,0,57.37,70,19.21
12.8,25.9,0.00,0.00,0,57.37,0,57.37,0,57.37,78,19.21
13.4,26.5,0.00,0.00,0,57.37,0,57.37,0,57.37,74,19.21
11.0,27.0,0.00,0.00,0,57.37,0,57.37,0,57.37,82,19.21
10.9,27.5,0.00,0.00,7,57.37,25,57.37,89,57.37,76,19.21
8.8,27.5,0.00,0.00,99,57.37,100,57.37,100,57.37,78,19.21
11.3,27.5,0.00,0.00,100,57.37,100,57.37,100,57.37,82,19.21
15.0,27.5,0.00,0.00,100,57.37,100,57.37,100,57.37,83,19.21
9.8,27.5,0.00,0.00,100,57.37,100,57.37,100,57.37,79,19.21
13.2,27.5,0.00,0.00,100,57.37,100,57.37,100,57.37,79,19.21
11.4,27.4,0.00,0.00,100,57.37,100,57.37,100,57.37,80,19.21
10.9,27.4,0.00,0.00,100,57.37,100,57.37,100,57.37,15,19.23
10.0,26.0,0.00,0.00,100,57.37,100,57.37,100,57.37,0,19.23
8.3,26.1,0.00,0.00,100,57.37,100,57.37,100,57.37,0,19.23
12.4,26.4,0.00,0.00,100,57.37,100,57.37,100,57.37,0,19.23
12.7,26.5,0.00,0.00,100,57.37,100,57.37,100,57.37,0,19.23
9.6,26.8,0.00,0.00,100,57.37,100,57.37,100,57.37,0,19.23
12.6,26.9,0.00,0.00,100,57.37,100,57.37,100,57.37,0,19.23
9.3,27.2,0.00,0.00,100,57.37,100,57.37,100,57.37,0,19.23
11.9,27.3,0.00,0.00,100,57.37,100,57.37,100,57.37,42,19.23
10.6,27.5,0.00,0.00,99,57.37,100,57.37,100,57.37,80,19.23
12.0,27.5,0.00,0.00,100,57.37,100,57.37,100,57.37,81,19.23
13.0,27.5,0.00,0.00,100,57.37,100,57.37,100,57.37,85,19.23
9.6,27.5,0.00,0.00,100,57.37,100,57.37,100,57.37,89,19.23
11.8,27.5,0.00,0.00,100,57.37,100,57.37,100,57.37,88,19.23
11.9,27.5,0.00,0.00,100,57.37,100,57.37,100,57.37,87,19.23
9.2,27.5,0.00,0.00,100,57.37,100,57.37,100,57.37,67,19.23
12.9,27.5,0.00,0.00,100,57.37,100,57.37,100,57.37,80,19.23
9.2,27.5,0.00,0.00,100,57.37,100,57.37,100,57.37,78,19.23
10.7,27.5,0.00,0.00,100,57.37,100,57.37,100,57.37,82,19.23
13.1,27.5,0.00,0.00,100,57.37,100,57.37,100,57.37,90,19.23
10.0,27.5,0.00,0.00,100,57.37,100,57.37,100,57.37,87,19.23
12.9,27.5,0.00,0.00,100,57.37,100,57.37,100,57.37,87,19.23
12.9,27.5,0.00,0.00,100,57.37,100,57.37,100,57.37,88,19.23
11.0,27.5,0.00,0.00,100,57.37,100,57.37,100,57.37,89,19.23
13.5,27.5,0.00,0.00,100,57.37,100,57.37,100,57.37,86,19.23
10.4,27.5,0.00,0.00,100,57.37,100,57.37,100,57.37,87,19.23
11.7,27.5,0.00,0.00,100,57.37,100,57.37,100,57.37,83,19.23
14.6,27.5,0.00,0.00,100,57.37,100,57.37,100,57.37,84,19.23
10.2,27.5,0.00,0.00,99,57.37,100,57.37,100,57.37,78,19.23
14.0,27.5,0.00,0.00,100,57.37,100,57.37,100,57.37,88,19.23
10.8,27.5,0.00,0.00,100,57.37,100,57.37,100,57.37,90,19.23
12.7,27.5,0.00,0.00,100,57.37,100,57.37,100,57.37,90,19.23
11.0,27.5,0.00,0.00,100,57.37,100,57.37,100,57.37,90,19.23
11.0,27.5,0.00,0.00,100,57.37,100,57.37,100,57.37,89,19.23
13.4,27.5,0.00,0.00,100,57.37,100,57.37,100,57.37,86,19.23
11.1,27.5,0.00,0.00,99,57.37,100,57.37,100,57.37,88,19.23
11.7,27.5,0.00,0.00,100,57.37,100,57.37,100,57.37,89,19.23
12.9,27.5,0.00,0.00,100,57.37,100,57.37,100,57.37,87,19.23
10.6,27.5,0.00,0.00,100,57.37,100,57.37,100,57.37,87,19.23
11.9,27.5,0.00,0.00,100,57.37,100,57.37,100,57.37,90,19.23
10.0,27.5,0.00,0.00,100,57.37,100,57.37,100,57.37,88,19.23
10.2,27.5,0.00,0.00,100,57.37,100,57.37,100,57.37,88,19.23
11.9,27.5,0.00,0.00,100,57.37,100,57.37,100,57.37,90,19.23
10.6,27.5,0.00,0.00,100,57.37,100,57.37,100,57.37,79,19.23
14.0,27.5,0.00,0.00,100,57.37,100,57.37,100,57.37,80,19.23
10.6,27.5,0.00,0.00,100,57.37,100,57.37,100,57.37,88,19.23
13.2,27.5,0.00,0.00,100,57.37,100,57.37,100,57.37,91,19.23
11.6,27.5,0.00,0.00,100,57.37,100,57.37,100,57.37,89,19.23
11.4,27.5,0.00,0.00,99,57.37,100,57.37,100,57.37,87,19.23
11.9,27.5,0.00,0.00,99,57.37,100,57.37,100,57.37,81,19.23
10.0,27.5,0.00,0.00,100,57.37,100,57.37,100,57.37,88,19.23
13.6,27.5,0.00,0.00,100,57.37,100,57.37,100,57.37,87,19.23
9.8,27.5,0.00,0.00,100,57.37,100,57.37,100,57.37,92,19.23
14.6,27.5,0.00,0.00,100,57.37,100,57.37,100,57.37,92,19.23
10.8,27.5,0.00,0.00,100,57.37,100,57.37,100,57.37,90,19.23
12.9,27.5,0.00,0.00,100,57.37,100,57.37,100,57.37,91,19.23
9.6,27.5,0.00,0.00,100,57.37,100,57.37,100,57.37,90,19.23
13.4,27.5,0.00,0.00,100,57.37,100,57.37,100,57.37,88,19.23
11.2,27.5,0.00,0.00,100,57.37,100,57.37,100,57.37,83,19.23
13.5,27.5,0.00,0.00,100,57.37,100,57.37,100,57.37,84,19.23
9.6,27.5,0.00,0.00,100,57.37,100,57.37,100,57.37,88,19.23
9.2,27.5,0.00,0.00,100,57.37,100,57.37,100,57.37,90,19.23
13.2,22.6,0.00,0.00,64,57.37,0,57.37,0,57.37,79,19.23
10.8,23.3,0.00,0.00,0,57.37,0,57.37,0,57.37,80,19.23
18.6,23.8,0.00,0.00,0,57.37,0,57.37,0,57.37,83,19.23
9.2,24.5,0.00,0.00,0,57.37,0,57.37,0,57.37,84,19.23
12.3,25.0,0.00,0.00,0,57.37,0,57.37,0,57.37,80,19.23
9.6,25.8,0.00,0.00,0,57.37,0,57.37,0,57.37,81,19.23
18.2,26.2,0.00,0.00,0,57.37,0,57.37,0,57.37,86,19.23
10.0,27.0,0.00,0.00,0,57.37,0,57.37,0,57.37,83,19.23
9.6,27.4,0.00,0.00,0,57.37,0,57.37,22,57.37,85,19.23
13.9,27.6,0.00,0.00,100,57.37,100,57.37,100,57.37,90,19.23
10.0,27.5,0.00,0.00,100,57.37,100,57.37,100,57.37,90,19.23
9.4,27.5,0.00,0.00,100,57.37,100,57.37,100,57.37,89,19.23
13.1,27.5,0.00,0.00,100,57.37,100,57.37,100,57.37,90,19.23
10.8,27.5,0.00,0.00,100,57.37,100,57.37,100,57.37,90,19.23
14.2,27.5,0.00,0.00,100,57.37,100,57.37,100,57.37,90,19.23
10.0,27.5,0.00,0.00,100,57.37,100,57.37,100,57.37,90,19.23
15.8,27.5,0.00,0.00,100,57.37,100,57.37,100,57.37,89,19.23
9.6,27.5,0.00,0.00,100,57.37,100,57.37,100,57.37,93,19.23
13.0,27.5,0.00,0.00,100,57.37,100,57.37,100,57.37,91,19.23
9.8,27.5,0.00,0.00,100,57.37,100,57.37,100,57.37,84,19.23
12.7,27.5,0.00,0.00,100,57.37,100,57.37,100,57.37,77,19.23
10.9,27.5,0.00,0.00,99,57.37,100,57.37,100,57.37,81,19.23
12.9,27.5,0.00,0.00,100,57.37,100,57.37,100,57.37,82,19.23
9.8,27.5,0.00,0.00,100,57.37,100,57.37,100,57.37,84,19.23
11.9,27.5,0.00,0.00,100,57.37,100,57.37,100,57.37,85,19.23
10.6,27.5,0.00,0.00,100,57.37,100,57.37,100,57.37,90,19.23
11.5,27.5,0.00,0.00,100,57.37,100,57.37,100,57.37,91,19.23
11.7,27.5,0.00,0.00,100,57.37,100,57.37,100,57.37,44,19.23
14.0,25.9,0.00,0.00,100,57.37,100,57.37,100,57.37,0,19.23
13.6,26.1,0.00,0.00,100,57.37,100,57.37,100,57.37,0,19.23
13.5,26.2,0.00,0.00,100,57.37,100,57.37,100,57.37,0,19.23
8.7,26.4,0.00,0.00,100,57.37,100,57.37,100,57.37,0,19.23
11.1,26.6,0.00,0.00,100,57.37,100,57.37,100,57.37,0,19.23
11.9,26.9,0.00,0.00,100,57.37,100,57.37,100,57.37,0,19.23
8.9,27.0,0.00,0.00,100,57.37,100,57.37,100,57.37,0,19.23
8.7,27.3,0.00,0.00,100,57.37,100,57.37,100,57.37,0,19.23
10.6,27.4,0.00,0.00,99,57.37,100,57.37,100,57.37,68,19.23
12.9,27.5,0.00,0.00,100,57.37,100,57.37,100,57.37,89,19.23
9.8,27.5,0.00,0.00,100,57.37,100,57.37,100,57.37,83,19.23
10.9,27.5,0.00,0.00,100,57.37,100,57.37,100,57.37,83,19.23
14.2,27.5,0.00,0.00,100,57.37,100,57.37,100,57.37,81,19.23
11.7,27.5,0.00,0.00,100,57.37,100,57.37,100,57.37,83,19.23
10.4,27.5,0.00,0.00,100,57.37,100,57.37,100,57.37,92,19.23
9.8,27.5,0.00,0.00,100,57.37,100,57.37,100,57.37,81,19.23
11.9,27.5,0.00,0.00,100,57.37,100,57.37,100,57.37,85,19.23
12.5,27.5,0.00,0.00,100,57.37,100,57.37,100,57.37,91,19.23
9.4,27.5,0.00,0.00,100,57.37,100,57.37,100,57.37,91,19.23
10.4,27.5,0.00,0.00,100,57.37,100,57.37,100,57.37,87,19.23
11.7,27.5,0.00,0.00,100,57.37,100,57.37,100,57.37,90,19.23
13.1,27.5,0.00,0.00,100,57.37,100,57.37,100,57.37,91,19.23
10.6,27.5,0.00,0.00,100,57.37,100,57.37,100,57.37,93,19.23
9.8,27.5,0.00,0.00,100,57.37,100,57.37,100,57.37,91,19.23
11.6,27.5,0.00,0.00,100,57.37,100,57.37,100,57.37,94,19.23
11.0,27.5,0.00,0.00,100,57.37,100,57.37,100,57.37,94,19.23
12.9,27.5,0.00,0.00,100,57.37,100,57.37,100,57.37,96,19.23
12.8,27.5,0.00,0.00,100,57.37,100,57.37,100,57.37,84,19.23
11.3,27.5,0.00,0.00,100,57.37,100,57.37,100,57.37,90,19.23
9.6,27.5,0.00,0.00,100,57.37,100,57.37,100,57.37,93,19.23
10.8,27.5,0.00,0.00,100,57.37,100,57.37,100,57.37,93,19.23
11.4,27.5,0.00,0.00,100,57.37,100,57.37,100,57.37,95,19.23
13.2,27.5,0.00,0.00,100,57.37,100,57.37,100,57.37,90,19.23
12.3,27.5,0.00,0.00,100,57.37,100,57.37,100,57.37,95,19.23
9.2,27.5,0.00,0.00,100,57.37,100,57.37,100,57.37,90,19.23
9.4,27.5,0.00,0.00,100,57.37,100,57.37,100,57.37,94,19.23
12.9,27.5,0.00,0.00,100,57.37,100,57.37,100,57.37,94,19.23
12.5,27.5,0.00,0.00,100,57.37,100,57.37,100,57.37,95,19.23
13.1,27.5,0.00,0.00,100,57.37,100,57.37,100,57.37,96,19.23
13.0,27.5,0.00,0.00,100,57.37,100,57.37,100,57.37,94,19.23
9.6,27.5,0.00,0.00,100,57.37,100,57.37,100,57.37,95,19.23
10.8,27.5,0.00,0.00,100,57.37,100,57.37,100,57.37,96,19.23
9.6,27.5,0.00,0.00,100,57.37,100,57.37,100,57.37,95,19.23
11.1,27.5,0.00,0.00,100,57.37,100,57.37,100,57.37,94,19.23
9.4,27.5,0.00,0.00,100,57.37,100,57.37,100,57.37,89,19.23
11.2,27.5,0.00,0.00,100,57.37,100,57.37,100,57.37,92,19.23
11.1,27.5,0.00,0.00,100,57.37,100,57.37,100,57.37,93,19.23
13.4,27.5,0.00,0.00,100,57.37,100,57.37,100,57.37,94,19.23
13.3,27.5,0.00,0.00,100,57.37,100,57.37,100,57.37,91,19.23
12.3,27.5,0.00,0.00,100,57.37,100,57.37,100,57.37,93,19.23
9.5,27.5,0.00,0.00,100,57.37,100,57.37,100,57.37,91,19.23
9.0,27.5,0.00,0.00,100,57.37,100,57.37,100,57.37,91,19.23
28.3,27.5,0.00,0.00,55,57.37,41,57.32,6,2.67,94,19.23
4.8,13.1,0.00,0.00,0,2.67,10,2.67,0,2.67,92,19.23
4.1,13.0,0.00,0.00,0,2.67,0,2.67,0,2.67,92,19.23
3.5,13.0,0.00,0.00,0,2.67,0,2.67,0,2.67,97,19.23
8.3,13.2,0.00,0.00,0,2.67,0,2.67,0,2.67,88,19.23
25.9,13.6,0.00,0.00,0,2.67,0,2.67,0,2.67,83,19.23
8.3,14.1,0.00,0.00,0,2.67,0,2.67,0,2.67,97,19.23
7.9,14.4,0.00,0.00,0,2.67,0,2.67,0,2.67,97,19.23
8.1,16.1,0.00,0.00,1,7.78,1,9.56,0,2.67,96,19.23
20.4,18.3,0.00,0.00,1,10.54,1,10.54,0,2.67,97,19.23
86.9,18.6,0.00,0.00,0,10.54,0,10.54,0,2.67,89,19.23
26.9,19.1,0.00,0.00,0,10.54,0,10.54,0,2.67,94,19.23
75.1,19.5,0.00,0.00,0,10.54,0,10.54,0,2.67,93,19.23
100.0,20.0,0.00,0.00,0,10.54,0,10.54,0,2.67,90,19.23
17.4,20.3,0.00,0.00,0,10.54,0,10.54,0,2.67,90,19.23
8.2,20.9,0.00,0.00,0,10.54,0,10.54,0,2.67,94,19.23
18.0,21.2,0.00,0.00,0,11.81,0,10.54,0,2.67,96,19.23
9.8,23.0,0.00,0.00,23,18.82,43,18.82,0,2.67,90,19.23
12.3,23.0,0.00,0.00,68,18.82,57,18.82,0,2.67,91,19.23
10.7,23.0,0.00,0.00,66,18.82,57,18.82,0,2.67,96,19.23
9.8,23.0,0.00,0.00,58,18.82,60,18.82,0,2.67,94,19.23
10.0,23.0,0.00,0.00,62,18.82,56,18.82,0,2.67,96,19.23
9.6,23.0,0.00,0.00,67,18.82,51,18.82,0,2.67,97,19.23
10.9,23.0,0.00,0.00,63,18.82,54,18.82,0,2.67,96,19.23
9.8,23.0,0.00,0.00,60,18.82,56,18.82,0,2.67,94,19.23
9.8,23.0,0.00,0.00,60,18.82,62,18.82,0,2.67,95,19.23
9.4,23.0,0.00,0.00,61,18.82,62,18.82,0,2.67,92,19.23
11.0,23.0,0.00,0.00,62,18.82,59,18.82,0,2.67,95,19.23
10.9,23.0,0.00,0.00,64,18.82,59,18.82,0,2.67,90,19.23
9.9,22.9,0.00,0.00,62,18.82,51,18.82,0,2.67,89,19.23
9.8,22.9,0.00,0.00,64,18.82,65,18.82,0,2.67,95,19.23
10.2,22.9,0.00,0.00,64,18.82,52,18.82,0,2.67,95,19.23
10.4,22.9,0.00,0.00,64,18.82,58,18.82,0,2.67,96,19.23
9.4,22.9,0.00,0.00,65,18.82,65,18.82,0,2.67,94,19.23
8.8,22.9,0.00,0.00,64,18.82,59,18.82,0,2.67,81,19.23
9.8,23.0,0.00,0.00,67,18.82,51,18.82,0,2.67,81,19.23
10.2,23.0,0.00,0.00,64,18.82,60,18.82,0,2.67,89,19.23
9.2,23.0,0.00,0.00,63,18.82,62,18.82,0,2.67,86,19.23
9.6,23.0,0.00,0.00,64,18.82,68,18.82,0,2.67,87,19.23
11.1,23.0,0.00,0.00,65,18.82,60,18.82,0,2.67,87,19.23
10.4,23.0,0.00,0.00,64,18.82,66,18.82,0,2.67,88,19.23
9.3,22.9,0.00,0.00,64,18.82,63,18.82,0,2.67,47,19.23
8.9,21.3,0.00,0.00,59,18.82,58,18.82,0,2.67,0,19.23
9.8,21.6,0.00,0.00,59,18.82,66,18.82,0,2.67,0,19.23
9.1,21.8,0.00,0.00,60,18.82,65,18.82,0,2.67,0,19.23
80.5,22.0,0.00,0.00,63,18.82,64,18.82,0,2.67,0,19.23
41.6,22.2,0.00,0.00,61,18.82,62,18.82,0,2.67,0,19.23
8.4,22.4,0.00,0.00,59,18.82,64,18.82,0,2.67,0,19.23
9.4,22.7,0.00,0.00,63,18.82,60,18.82,0,2.67,0,19.23
8.5,22.8,0.00,0.00,66,18.82,59,18.82,0,2.67,2,19.23
13.3,23.0,0.00,0.00,64,18.82,61,18.82,0,2.67,90,19.23
12.6,23.0,0.00,0.00,61,18.82,55,18.82,0,2.67,82,19.23
12.8,23.0,0.00,0.00,59,18.82,56,18.82,0,2.67,85,19.23
13.7,23.0,0.00,0.00,57,18.82,60,18.82,0,2.67,84,19.23
10.4,23.0,0.00,0.00,60,18.82,63,18.82,0,2.67,95,19.23
10.6,23.0,0.00,0.00,57,18.82,62,18.82,0,2.67,85,19.23
10.6,23.0,0.00,0.00,59,18.82,60,18.82,0,2.67,96,19.23
9.8,22.9,0.00,0.00,65,18.82,54,18.82,0,2.67,95,19.23
10.2,22.9,0.00,0.00,61,18.82,59,18.82,0,2.67,95,19.23
10.6,22.9,0.00,0.00,66,18.82,64,18.82,0,2.67,91,19.23
11.5,22.9,0.00,0.00,63,18.82,64,18.82,0,2.67,96,19.23
10.0,22.9,0.00,0.00,65,18.82,63,18.82,0,2.67,94,19.23
9.6,22.9,0.00,0.00,61,18.82,64,18.82,0,2.67,96,19.23
10.6,22.9,0.00,0.00,60,18.82,63,18.82,0,2.67,94,19.23
8.4,22.9,0.00,0.00,64,18.82,53,18.82,0,2.67,78,19.23
9.2,22.9,0.00,0.00,64,18.82,50,18.82,0,2.67,93,19.23
10.8,22.9,0.00,0.00,63,18.82,64,18.82,0,2.67,97,19.23
10.4,22.9,0.00,0.00,59,18.82,61,18.82,0,2.67,94,19.23
10.8,22.9,0.00,0.00,64,18.82,63,18.82,0,2.67,96,19.23
10.8,22.9,0.00,0.00,67,18.82,60,18.82,0,2.67,90,19.23
10.6,22.9,0.00,0.00,68,18.82,59,18.82,0,2.67,95,19.23
10.2,22.9,0.00,0.00,68,18.82,50,18.82,0,2.67,96,19.23
10.4,22.9,0.00,0.00,57,18.82,52,18.82,0,2.67,90,19.23
9.2,22.9,0.00,0.00,63,18.82,50,18.82,0,2.67,96,19.23
9.2,22.9,0.00,0.00,65,18.82,50,18.82,0,2.67,96,19.23
10.2,22.9,0.00,0.00,68,18.82,63,18.82,0,2.67,91,19.23
9.2,22.9,0.00,0.00,68,18.82,61,18.82,0,2.67,96,19.23
10.0,22.9,0.00,0.00,61,18.82,63,18.82,0,2.67,96,19.23
10.8,22.9,0.00,0.00,65,18.82,54,18.82,0,2.67,95,19.23
10.3,22.9,0.00,0.00,58,18.82,50,18.82,0,2.67,93,19.23
9.4,22.9,0.00,0.00,66,18.82,59,18.82,0,2.67,95,19.23
10.8,22.9,0.00,0.00,62,18.82,61,18.82,0,2.67,97,19.23
10.6,22.9,0.00,0.00,66,18.82,61,18.82,0,2.67,95,19.23
10.2,22.9,0.00,0.00,66,18.82,57,18.82,0,2.67,95,19.23
9.2,22.9,0.00,0.00,67,18.82,64,18.82,0,2.67,96,19.23
10.4,22.9,0.00,0.00,64,18.82,66,18.82,0,2.67,94,19.23
10.2,22.9,0.00,0.00,59,18.82,64,18.82,0,2.67,85,19.23
10.0,22.9,0.00,0.00,63,18.82,61,18.82,0,2.67,94,19.23
9.4,22.9,0.00,0.00,64,18.82,65,18.82,0,2.67,93,19.23
10.6,22.9,0.00,0.00,64,18.82,66,18.82,0,2.67,94,19.23
9.8,22.9,0.00,0.00,62,18.82,66,18.82,0,2.67,96,19.23
11.3,22.9,0.00,0.00,60,18.82,63,18.82,0,2.67,96,19.23
9.4,22.9,0.00,0.00,65,18.82,62,18.82,0,2.67,94,19.23
10.4,22.9,0.00,0.00,66,18.82,54,18.82,0,2.67,90,19.23
10.6,22.9,0.00,0.00,64,18.82,55,18.82,0,2.67,97,19.23
10.2,22.9,0.00,0.00,62,18.82,63,18.82,0,2.67,94,19.23
9.4,22.9,0.00,0.00,62,18.82,53,18.82,0,2.67,93,19.23
9.0,22.9,0.00,0.00,58,18.82,50,18.82,0,2.67,96,19.23
9.4,22.9,0.00,0.00,66,18.82,64,18.82,0,2.67,83,19.23
11.1,22.9,0.00,0.00,64,18.82,65,18.82,0,2.67,84,19.23
9.2,22.9,0.00,0.00,61,18.82,65,18.82,0,2.67,96,19.23
10.9,22.9,0.00,0.00,61,18.82,60,18.82,0,2.67,96,19.23
9.6,22.9,0.00,0.00,62,18.82,62,18.82,0,2.67,96,19.23
26.4,21.4,0.00,0.00,20,18.89,57,18.82,0,2.67,90,19.23
66.5,21.6,0.00,0.00,0,18.89,61,18.82,0,2.67,96,19.23
93.3,21.9,0.00,0.00,0,18.89,60,18.82,0,2.67,89,19.23
10.1,22.0,0.00,0.00,0,18.89,59,18.82,0,2.67,95,19.23
9.2,22.3,0.00,0.00,0,18.89,65,18.82,0,2.67,89,19.23
9.5,22.5,0.00,0.00,0,18.89,54,18.82,0,2.67,96,19.23
8.2,22.8,0.00,0.00,0,18.89,60,18.82,0,2.67,96,19.23
9.6,22.9,0.00,0.00,0,18.89,64,18.82,0,2.67,95,19.23
9.6,23.0,0.00,0.00,63,18.89,51,18.82,0,2.67,91,19.23
11.1,23.0,0.00,0.00,64,18.89,49,18.89,0,2.67,92,19.23
9.4,21.5,0.00,0.00,57,18.89,0,18.89,0,2.67,92,19.23
9.2,21.7,0.00,0.00,65,18.89,0,18.89,0,2.67,95,19.23
54.5,21.9,0.00,0.00,60,18.89,0,18.89,0,2.67,96,19.23
26.0,22.1,0.00,0.00,59,18.89,0,18.89,0,2.67,96,19.23
7.1,22.3,0.00,0.00,63,18.89,0,18.89,0,2.67,91,19.23
89.0,22.5,0.00,0.00,60,18.89,0,18.89,0,2.67,85,19.23
99.8,22.7,0.00,0.00,58,18.89,0,18.89,0,2.67,88,19.23
8.4,22.9,0.00,0.00,59,18.89,0,18.89,0,2.67,82,19.23
10.6,23.1,0.00,0.00,66,18.89,53,18.89,0,2.67,97,19.23
10.2,23.1,0.00,0.00,62,18.89,60,18.89,0,2.67,96,19.23
10.0,23.0,0.00,0.00,65,18.89,63,18.89,0,2.67,90,19.23
9.4,23.0,0.00,0.00,69,18.89,53,18.89,0,2.67,89,19.23
10.0,23.0,0.00,0.00,66,18.89,65,18.89,0,2.67,93,19.23
9.4,23.0,0.00,0.00,63,18.89,52,18.89,0,2.67,94,19.23
9.4,23.0,0.00,0.00,66,18.89,62,18.89,0,2.67,96,19.23
10.0,23.0,0.00,0.00,60,18.89,60,18.89,0,2.67,95,19.23
9.6,23.0,0.00,0.00,64,18.89,64,18.89,0,2.67,90,19.23
9.4,23.0,0.00,0.00,59,18.89,65,18.89,0,2.67,94,19.23
10.0,23.0,0.00,0.00,66,18.89,63,18.89,0,2.67,86,19.23
10.2,23.0,0.00,0.00,60,18.89,66,18.89,0,2.67,88,19.23
11.0,23.0,0.00,0.00,65,18.89,64,18.89,0,2.67,94,19.23
9.9,23.0,0.00,0.00,62,18.89,64,18.89,0,2.67,88,19.23
10.9,23.0,0.00,0.00,66,18.89,62,18.89,0,2.67,85,19.23
9.5,23.0,0.00,0.00,61,18.89,66,18.89,0,2.67,88,19.23
8.8,21.3,0.00,0.00,65,18.89,60,18.89,0,2.67,3,2.67
6.7,17.9,0.00,0.00,61,18.89,64,18.89,0,2.67,0,2.67
7.3,17.9,0.00,0.00,66,18.89,66,18.89,0,2.67,0,2.67
7.5,17.9,0.00,0.00,69,18.89,56,18.89,0,2.67,0,2.67
7.5,17.9,0.00,0.00,54,18.89,69,18.89,0,2.67,0,2.67
6.9,17.9,0.00,0.00,58,18.89,70,18.89,0,2.67,0,2.67
7.3,17.9,0.00,0.00,64,18.89,69,18.89,0,2.67,0,2.67
6.9,17.9,0.00,0.00,60,18.89,72,18.89,0,2.67,0,2.67
6.7,17.9,0.00,0.00,60,18.89,68,18.89,0,2.67,0,2.67
11.9,17.9,0.00,0.00,65,18.89,63,18.89,0,2.67,0,2.67
6.9,17.9,0.00,0.00,60,18.89,68,18.89,0,2.67,0,2.67
6.9,17.9,0.00,0.00,57,18.89,61,18.89,0,2.67,0,2.67
6.7,17.9,0.00,0.00,59,18.89,68,18.89,0,2.67,0,2.67
7.5,17.9,0.00,0.00,62,18.89,70,18.89,0,2.67,0,2.67
7.1,17.9,0.00,0.00,64,18.89,71,18.89,0,2.67,0,2.67
8.1,17.9,0.00,0.00,64,18.89,64,18.89,0,2.67,0,2.67
7.1,17.9,0.00,0.00,63,18.89,70,18.89,0,2.67,0,2.67
11.0,17.9,0.00,0.00,63,18.89,67,18.89,0,2.67,0,2.67
9.9,17.9,0.00,0.00,62,18.89,52,18.89,0,2.67,0,2.67
10.4,17.9,0.00,0.00,61,18.89,46,18.89,0,2.67,0,2.67
6.9,17.9,0.00,0.00,57,18.89,64,18.89,0,2.67,0,2.67
6.9,17.9,0.00,0.00,64,18.89,72,18.89,0,2.67,0,2.67
6.8,17.9,0.00,0.00,65,18.89,69,18.89,0,2.67,0,2.67
6.5,17.9,0.00,0.00,65,18.89,67,18.89,0,2.67,0,2.67
6.7,17.9,0.00,0.00,67,18.89,63,18.89,0,2.67,0,2.67
8.3,17.9,0.00,0.00,64,18.89,67,18.89,0,2.67,0,2.67
6.9,17.9,0.00,0.00,63,18.89,68,18.89,0,2.67,0,2.67
6.9,17.9,0.00,0.00,68,18.89,65,18.89,0,2.67,0,2.67
7.9,17.9,0.00,0.00,68,18.89,64,18.89,0,2.67,0,2.67
7.1,17.9,0.00,0.00,66,18.89,70,18.89,0,2.67,0,2.67
6.7,17.9,0.00,0.00,66,18.89,67,18.89,0,2.67,0,2.67
6.7,17.9,0.00,0.00,64,18.89,58,18.89,0,2.67,0,2.67
7.3,17.9,0.00,0.00,64,18.89,70,18.89,0,2.67,0,2.67
7.1,17.9,0.00,0.00,67,18.89,68,18.89,0,2.67,0,2.67
7.7,17.9,0.00,0.00,65,18.89,61,18.89,0,2.67,0,2.67
7.3,17.9,0.00,0.00,66,18.89,53,18.89,0,2.67,0,2.67
6.3,17.9,0.00,0.00,61,18.89,55,18.89,0,2.67,0,2.67
6.7,17.9,0.00,0.00,64,18.89,58,18.89,0,2.67,0,2.67
7.3,17.9,0.00,0.00,67,18.89,58,18.89,0,2.67,0,2.67
7.1,17.9,0.00,0.00,62,18.89,70,18.89,0,2.67,0,2.67
6.9,17.9,0.00,0.00,62,18.89,69,18.89,0,2.67,0,2.67
6.7,17.9,0.00,0.00,61,18.89,69,18.89,0,2.67,0,2.67
7.5,17.9,0.00,0.00,64,18.89,70,18.89,0,2.67,0,2.67
7.5,17.9,0.00,0.00,62,18.89,70,18.89,0,2.67,0,2.67
8.4,17.9,0.00,0.00,63,18.89,71,18.89,0,2.67,0,2.67
7.1,17.9,0.00,0.00,64,18.89,68,18.89,0,2.67,0,2.67
7.6,17.9,0.00,0.00,68,18.89,59,18.89,0,2.67,0,2.67
7.3,17.9,0.00,0.00,66,18.89,61,18.89,0,2.67,0,2.67
6.9,17.9,0.00,0.00,67,18.89,61,18.89,0,2.67,0,2.67
7.1,17.9,0.00,0.00,64,18.89,63,18.89,0,2.67,0,2.67
6.5,17.9,0.00,0.00,67,18.89,57,18.89,0,2.67,0,2.67
6.9,17.9,0.00,0.00,62,18.89,59,18.89,0,2.67,0,2.67
7.1,17.9,0.00,0.00,58,18.89,62,18.89,0,2.67,0,2.67
6.7,17.9,0.00,0.00,57,18.89,61,18.89,0,2.67,0,2.67
7.1,17.9,0.00,0.00,63,18.89,62,18.89,0,2.67,0,2.67
6.7,17.9,0.00,0.00,66,18.89,58,18.89,0,2.67,0,2.67
6.3,17.9,0.00,0.00,65,18.89,62,18.89,0,2.67,0,2.67
6.9,17.9,0.00,0.00,65,18.89,60,18.89,0,2.67,0,2.67
6.9,17.9,0.00,0.00,62,18.89,63,18.89,0,2.67,0,2.67
6.7,17.9,0.00,0.00,67,18.89,60,18.89,0,2.67,0,2.67
5.4,16.3,0.00,0.00,11,18.89,58,18.89,0,2.67,0,2.67
6.0,16.5,0.00,0.00,0,18.89,58,18.89,0,2.67,0,2.67
6.3,16.7,0.00,0.00,0,18.89,71,18.89,0,2.67,0,2.67
7.1,16.9,0.00,0.00,0,18.89,69,18.89,0,2.67,0,2.67
6.4,17.1,0.00,0.00,0,18.89,62,18.89,0,2.67,0,2.67
5.8,17.3,0.00,0.00,0,18.89,62,18.89,0,2.67,0,2.67
5.8,17.6,0.00,0.00,0,18.89,68,18.89,0,2.67,0,2.67
5.6,17.8,0.00,0.00,0,18.89,63,18.89,0,2.67,0,2.67
7.1,17.9,0.00,0.00,22,18.89,59,18.89,0,2.67,0,2.67
6.7,17.9,0.00,0.00,67,18.89,66,18.89,0,2.67,0,2.67
7.9,17.9,0.00,0.00,71,18.89,61,18.89,0,2.67,0,2.67
7.7,17.9,0.00,0.00,70,18.89,63,18.89,0,2.67,0,2.67
6.9,17.9,0.00,0.00,69,18.89,64,18.89,0,2.67,0,2.67
8.3,17.9,0.00,0.00,66,18.89,63,18.89,0,2.67,0,2.67
6.9,17.9,0.00,0.00,66,18.89,72,18.89,0,2.67,0,2.67
5.4,16.3,0.00,0.00,67,18.89,19,18.89,0,2.67,0,2.67
6.2,16.5,0.00,0.00,61,18.89,0,18.89,0,2.67,0,2.67
6.4,16.7,0.00,0.00,58,18.89,0,18.89,0,2.67,0,2.67
8.1,17.0,0.00,0.00,60,18.89,0,18.89,0,2.67,0,2.67
39.5,17.2,0.00,0.00,64,18.89,0,18.89,0,2.67,0,2.67
4.8,17.4,0.00,0.00,62,18.89,0,18.89,0,2.67,0,2.67
5.8,17.6,0.00,0.00,64,18.89,0,18.89,0,2.67,0,2.67
5.6,17.8,0.00,0.00,60,18.89,0,18.89,0,2.67,0,2.67
7.7,17.9,0.00,0.00,62,18.89,69,18.89,0,2.67,0,2.67
6.9,17.9,0.00,0.00,61,18.89,69,18.89,0,2.67,0,2.67
6.7,17.9,0.00,0.00,62,18.89,70,18.89,0,2.67,0,2.67
7.2,17.9,0.00,0.00,67,18.89,63,18.89,0,2.67,0,2.67
6.9,17.9,0.00,0.00,66,18.89,67,18.89,0,2.67,0,2.67
6.7,17.9,0.00,0.00,62,18.89,66,18.89,0,2.67,0,2.67
7.3,17.9,0.00,0.00,65,18.89,65,18.89,0,2.67,0,2.67
6.9,17.9,0.00,0.00,65,18.89,70,18.89,0,2.67,0,2.67
6.7,17.9,0.00,0.00,67,18.89,71,18.89,0,2.67,0,2.67
8.7,17.9,0.00,0.00,63,18.89,70,18.89,0,2.67,0,2.67
7.3,17.9,0.00,0.00,63,18.89,65,18.89,0,2.67,0,2.67
6.9,17.9,0.00,0.00,58,18.89,54,18.89,0,2.67,0,2.67
6.1,17.9,0.00,0.00,61,18.89,54,18.89,0,2.67,0,2.67
6.7,17.9,0.00,0.00,59,18.89,53,18.89,0,2.67,0,2.67
7.1,17.9,0.00,0.00,66,18.89,58,18.89,0,2.67,0,2.67
7.3,17.9,0.00,0.00,65,18.89,66,18.89,0,2.67,0,2.67
6.7,17.9,0.00,0.00,63,18.89,64,18.89,0,2.67,0,2.67
6.7,17.9,0.00,0.00,66,18.89,63,18.89,0,2.67,0,2.67
6.5,17.9,0.00,0.00,68,18.89,55,18.89,0,2.67,0,2.67
7.9,17.9,0.00,0.00,63,18.89,54,18.89,0,2.67,0,2.67
6.7,17.9,0.00,0.00,62,18.89,68,18.89,0,2.67,0,2.67
7.3,17.9,0.00,0.00,63,18.89,69,18.89,0,2.67,0,2.67
7.3,17.9,0.00,0.00,66,18.89,67,18.89,0,2.67,0,2.67
7.5,17.9,0.00,0.00,67,18.89,68,18.89,0,2.67,0,2.67
6.7,17.9,0.00,0.00,69,18.89,67,18.89,0,2.67,0,2.67
7.5,17.9,0.00,0.00,66,18.89,68,18.89,0,2.67,0,2.67
7.5,17.9,0.00,0.00,58,18.89,67,18.89,0,2.67,0,2.67
6.7,17.9,0.00,0.00,65,18.89,66,18.89,0,2.67,0,2.67
8.0,17.9,0.00,0.00,65,18.89,59,18.89,0,2.67,0,2.67
7.1,17.9,0.00,0.00,66,18.89,63,18.89,0,2.67,0,2.67
6.7,17.9,0.00,0.00,64,18.89,65,18.89,0,2.67,0,2.67
6.5,17.9,0.00,0.00,62,18.89,70,18.89,0,2.67,0,2.67
6.5,17.9,0.00,0.00,60,18.89,66,18.89,0,2.67,0,2.67
6.9,17.9,0.00,0.00,63,18.89,68,18.89,0,2.67,0,2.67
7.3,17.9,0.00,0.00,63,18.89,65,18.89,0,2.67,0,2.67
6.9,17.9,0.00,0.00,66,18.89,70,18.89,0,2.67,0,2.67
6.9,17.9,0.00,0.00,58,18.89,69,18.89,0,2.67,0,2.67
7.5,18.0,0.00,0.00,63,18.89,65,18.89,0,2.67,0,2.67
11.6,18.0,0.00,0.00,62,18.89,62,18.89,0,2.67,0,2.67
10.1,18.0,0.00,0.00,60,18.89,57,18.89,0,2.67,0,2.67
10.3,18.0,0.00,0.00,57,18.89,45,18.89,0,2.67,0,2.67
6.7,17.9,0.00,0.00,62,18.89,54,18.89,0,2.67,0,2.67
6.7,17.9,0.00,0.00,65,18.89,63,18.89,0,2.67,0,2.67
6.9,17.9,0.00,0.00,64,18.89,67,18.89,0,2.67,0,2.67
6.9,17.9,0.00,0.00,63,18.89,69,18.89,0,2.67,0,2.67
7.1,17.9,0.00,0.00,64,18.89,69,18.89,0,2.67,0,2.67
7.1,17.9,0.00,0.00,60,18.89,69,18.89,0,2.67,0,2.67
6.5,17.9,0.00,0.00,63,18.89,65,18.89,0,2.67,0,2.67
8.3,17.9,0.00,0.00,67,18.89,69,18.89,0,2.67,0,2.67
6.7,17.9,0.00,0.00,61,18.89,70,18.89,0,2.67,0,2.67
6.7,17.9,0.00,0.00,64,18.89,68,18.89,0,2.67,0,2.67
6.3,17.9,0.00,0.00,64,18.89,53,18.89,0,2.67,0,2.67
6.9,17.9,0.00,0.00,61,18.89,55,18.89,0,2.67,0,2.67
7.3,17.9,0.00,0.00,61,18.89,54,18.89,0,2.67,0,2.67
6.3,17.9,0.00,0.00,63,18.89,53,18.89,0,2.67,0,2.67
6.7,17.9,0.00,0.00,63,18.89,55,18.89,0,2.67,0,2.67
7.3,17.9,0.00,0.00,65,18.89,68,18.89,0,2.67,0,2.67
6.9,17.9,0.00,0.00,68,18.89,65,18.89,0,2.67,0,2.67
7.7,17.9,0.00,0.00,67,18.89,69,18.89,0,2.67,0,2.67
6.7,17.9,0.00,0.00,64,18.89,66,18.89,0,2.67,0,2.67
6.7,17.9,0.00,0.00,63,18.89,59,18.89,0,2.67,0,2.67
6.7,17.9,0.00,0.00,63,18.89,54,18.89,0,2.67,0,2.67
6.9,17.9,0.00,0.00,63,18.89,66,18.89,0,2.67,0,2.67
6.7,17.9,0.00,0.00,62,18.89,64,18.89,0,2.67,0,2.67
6.7,17.9,0.00,0.00,62,18.89,68,18.89,0,2.67,0,2.67
7.3,17.9,0.00,0.00,62,18.89,68,18.89,0,2.67,0,2.67
6.7,17.9,0.00,0.00,60,18.89,64,18.89,0,2.67,0,2.67
8.6,17.9,0.00,0.00,58,18.89,67,18.89,0,2.67,0,2.67
6.5,17.9,0.00,0.00,56,18.89,67,18.89,0,2.67,0,2.67
7.3,17.9,0.00,0.00,60,18.89,55,18.89,0,2.67,0,2.67
6.9,17.9,0.00,0.00,62,18.89,68,18.89,0,2.67,0,2.67
5.9,16.3,0.00,0.00,64,18.89,68,18.89,0,2.67,0,2.67
5.8,16.5,0.00,0.00,0,18.89,67,18.89,0,2.67,0,2.67
6.0,16.7,0.00,0.00,0,18.89,66,18.89,0,2.67,0,2.67
5.4,16.9,0.00,0.00,0,18.89,69,18.89,0,2.67,0,2.67
5.8,17.1,0.00,0.00,0,18.89,61,18.89,0,2.67,0,2.67
6.7,17.4,0.00,0.00,0,18.89,66,18.89,0,2.67,0,2.67
5.8,17.6,0.00,0.00,0,18.89,63,18.89,0,2.67,0,2.67
64.6,17.8,0.00,0.00,0,18.89,59,18.89,0,2.67,0,2.67
7.5,17.9,0.00,0.00,25,18.89,68,18.89,0,2.67,0,2.67
7.5,17.9,0.00,0.00,62,18.89,68,18.89,0,2.67,0,2.67
7.1,17.9,0.00,0.00,65,18.89,60,18.89,0,2.67,0,2.67
6.7,17.9,0.00,0.00,66,18.89,68,18.89,0,2.67,0,2.67
6.9,17.9,0.00,0.00,66,18.89,68,18.89,0,2.67,0,2.67
7.1,17.9,0.00,0.00,65,18.89,67,18.89,0,2.67,0,2.67
7.1,17.9,0.00,0.00,58,18.89,64,18.89,0,2.67,0,2.67
8.3,17.9,0.00,0.00,58,18.89,67,18.89,0,2.67,0,2.67
6.9,17.9,0.00,0.00,61,18.89,69,18.89,0,2.67,0,2.67
6.0,17.9,0.00,0.00,66,18.89,69,18.89,0,2.67,0,2.67
5.4,13.9,0.00,0.00,59,18.89,0,2.67,0,2.67,0,2.67
6.0,13.0,0.00,0.00,65,18.89,0,2.67,0,2.67,0,2.67
5.4,13.2,0.00,0.00,63,18.89,0,2.67,0,2.67,0,2.67
9.6,13.8,0.00,0.00,54,18.89,0,2.67,0,2.67,0,2.67
9.8,14.3,0.00,0.00,53,18.89,0,2.67,0,2.67,0,2.67
10.0,14.5,0.00,0.00,63,18.89,0,2.79,0,5.05,1,6.68
9.8,17.8,0.00,0.00,60,18.89,4,10.83,4,13.15,4,13.15
46.4,20.2,0.00,0.00,63,18.89,3,13.15,0,13.15,0,13.15
90.5,20.7,0.00,0.00,63,18.89,0,13.15,0,13.15,0,13.15
7.9,21.5,0.00,0.00,65,18.89,0,13.15,0,13.15,0,13.15
88.2,22.0,0.00,0.00,63,18.89,0,13.15,0,13.15,0,13.15
57.0,22.7,0.00,0.00,60,18.89,0,13.15,0,13.15,0,13.15
75.3,23.2,0.00,0.00,64,18.89,0,13.15,0,13.15,0,13.15
51.7,24.0,0.00,0.00,60,18.89,0,13.15,0,13.15,0,13.15
9.4,24.5,0.00,0.00,63,18.89,0,13.15,0,13.15,34,14.59
10.0,27.0,0.00,0.00,57,18.89,1,27.0,14,28.02,82,28.02
9.6,27.6,0.00,0.00,61,18.89,88,28.02,85,28.02,93,28.02
9.4,27.6,0.00,0.00,63,18.89,87,28.02,83,28.02,91,28.02
14.6,27.6,0.00,0.00,62,18.89,88,28.02,84,28.02,92,28.02
10.0,27.6,0.00,0.00,63,18.89,86,28.02,85,28.02,90,28.02
9.6,27.6,0.00,0.00,59,18.89,88,28.02,85,28.02,90,28.02
13.8,27.6,0.00,0.00,61,18.89,90,28.02,85,28.02,92,28.02
10.8,27.6,0.00,0.00,61,18.89,88,28.02,81,28.02,92,28.02
9.4,27.6,0.00,0.00,60,18.89,89,28.02,84,28.02,90,28.02
9.4,27.6,0.00,0.00,58,18.89,89,28.02,82,28.02,89,28.02
15.1,27.6,0.00,0.00,61,18.89,88,28.02,85,28.02,93,28.02
11.7,27.6,0.00,0.00,61,18.89,91,28.02,85,28.02,90,28.02
10.2,27.6,0.00,0.00,61,18.89,88,28.02,84,28.02,92,28.02
10.9,27.6,0.00,0.00,58,18.89,88,28.02,87,28.02,94,28.02
16.3,27.6,0.00,0.00,61,18.89,89,28.02,88,28.02,93,28.02
10.2,27.6,0.00,0.00,61,18.89,92,28.02,84,28.02,93,28.02
9.6,27.6,0.00,0.00,62,18.89,86,28.02,82,28.02,93,28.02
10.2,27.6,0.00,0.00,57,18.89,94,28.02,82,28.02,94,28.02
10.0,27.6,0.00,0.00,57,18.89,84,28.02,88,28.02,91,28.02
11.0,27.6,0.00,0.00,65,18.89,92,28.02,85,28.02,93,28.02
15.2,27.6,0.00,0.00,64,18.89,91,28.02,89,28.02,91,28.02
10.0,27.6,0.00,0.00,64,18.89,91,28.02,87,28.02,92,28.02
9.6,27.6,0.00,0.00,64,18.89,88,28.02,84,28.02,94,28.02
9.8,27.6,0.00,0.00,63,18.89,90,28.02,87,28.02,92,28.02
11.9,27.6,0.00,0.00,64,18.89,91,28.02,87,28.02,93,28.02
16.7,27.6,0.00,0.00,61,18.89,91,28.02,87,28.02,91,28.02
10.6,27.6,0.00,0.00,65,18.89,93,28.02,86,28.02,91,28.02
10.3,27.6,0.00,0.00,54,18.89,82,28.02,90,28.02,91,28.02
9.8,27.6,0.00,0.00,61,18.89,93,28.02,83,28.02,91,28.02
14.4,27.6,0.00,0.00,64,18.89,95,28.02,87,28.02,90,28.02
12.2,27.6,0.00,0.00,64,18.89,93,28.02,90,28.02,91,28.02
9.8,27.6,0.00,0.00,65,18.89,88,28.02,89,28.02,93,28.02
9.6,27.6,0.00,0.00,66,18.89,89,28.02,88,28.02,91,28.02
10.0,27.6,0.00,0.00,64,18.89,95,28.02,85,28.02,93,28.02
12.1,27.6,0.00,0.00,65,18.89,95,28.02,87,28.02,91,28.02
12.5,27.6,0.00,0.00,60,18.89,91,28.02,90,28.02,91,28.02
10.4,27.6,0.00,0.00,61,18.89,91,28.02,86,28.02,91,28.02
14.4,27.6,0.00,0.00,62,18.89,94,28.02,88,28.02,74,28.02
15.5,27.6,0.00,0.00,56,18.89,91,28.02,81,28.02,80,28.02
14.3,27.6,0.00,0.00,57,18.89,95,28.02,83,28.02,80,28.02
12.3,27.6,0.00,0.00,61,18.89,88,28.02,88,28.02,88,28.02
9.8,27.6,0.00,0.00,63,18.89,95,28.02,87,28.02,90,28.02
9.8,27.6,0.00,0.00,61,18.89,93,28.02,81,28.02,92,28.02
10.7,27.6,0.00,0.00,64,18.89,93,28.02,88,28.02,93,28.02
13.8,27.6,0.00,0.00,61,18.89,95,28.02,89,28.02,90,28.02
15.1,27.6,0.00,0.00,58,18.89,93,28.02,85,28.02,91,28.02
10.0,27.6,0.00,0.00,61,18.89,93,28.02,83,28.02,89,28.02
11.5,27.6,0.00,0.00,63,18.89,94,28.02,84,28.02,91,28.02
11.9,27.6,0.00,0.00,61,18.89,96,28.02,85,28.02,93,28.02
14.2,27.6,0.00,0.00,65,18.89,96,28.02,88,28.02,91,28.02
9.8,27.6,0.00,0.00,66,18.89,94,28.02,87,28.02,90,28.02
9.8,27.6,0.00,0.00,65,18.89,95,28.02,79,28.02,92,28.02
10.2,27.6,0.00,0.00,60,18.89,90,28.02,86,28.02,92,28.02
13.8,27.6,0.00,0.00,56,18.89,94,28.02,83,28.02,89,28.02
13.6,27.6,0.00,0.00,62,18.89,96,28.02,89,28.02,91,28.02
9.8,27.6,0.00,0.00,63,18.89,86,28.02,91,28.02,85,28.02
9.8,27.6,0.00,0.00,62,18.89,96,28.02,91,28.02,85,28.02
10.7,27.6,0.00,0.00,64,18.89,94,28.02,84,28.02,93,28.02
9.8,27.6,0.00,0.00,67,18.89,95,28.02,89,28.02,92,28.02
12.3,27.6,0.00,0.00,67,18.89,93,28.02,86,28.02,91,28.02
13.2,27.6,0.00,0.00,67,18.89,93,28.02,87,28.02,94,28.02
9.8,27.6,0.00,0.00,66,18.89,95,28.02,84,28.02,94,28.02
8.9,27.6,0.00,0.00,58,18.89,96,28.17,20,28.17,39,28.17
97.3,20.8,0.00,0.00,0,2.67,0,28.17,0,28.17,0,28.17
80.3,18.5,0.00,0.00,0,2.67,0,28.17,0,28.17,0,28.17
11.8,19.2,0.00,0.00,0,2.67,0,28.17,0,28.17,0,28.17
6.0,19.7,0.00,0.00,0,2.67,0,28.17,0,28.17,0,28.17
63.4,20.4,0.00,0.00,0,2.67,0,28.17,0,28.17,0,28.17
6.7,20.9,0.00,0.00,0,2.67,0,28.17,0,28.17,0,28.17
84.6,21.7,0.00,0.00,0,2.67,0,28.17,0,28.17,0,28.17
98.7,22.2,0.00,0.00,0,2.67,0,28.17,0,28.17,98,28.17
12.0,22.7,0.00,0.00,0,2.67,81,28.17,88,28.17,94,28.17
9.6,22.7,0.00,0.00,0,2.67,87,28.17,87,28.17,91,28.17
6.3,22.7,0.00,0.00,0,2.67,89,28.17,83,28.17,91,28.17
6.5,22.7,0.00,0.00,0,2.67,90,28.17,87,28.17,92,28.17
9.0,22.7,0.00,0.00,0,2.67,92,28.17,89,28.17,92,28.17
9.4,22.7,0.00,0.00,0,2.67,93,28.17,87,28.17,92,28.17
6.5,22.7,0.00,0.00,0,2.67,91,28.17,88,28.17,94,28.17
6.9,22.7,0.00,0.00,0,2.67,92,28.17,88,28.17,95,28.17
11.7,22.7,0.00,0.00,0,2.67,93,28.17,85,28.17,93,28.17
7.5,22.7,0.00,0.00,0,2.67,90,28.17,87,28.17,93,28.17
6.7,22.7,0.00,0.00,0,2.67,93,28.17,89,28.17,94,28.17
6.5,22.7,0.00,0.00,0,2.67,91,28.17,85,28.17,91,28.17
11.3,22.7,0.00,0.00,0,2.67,92,28.17,85,28.17,90,28.17
9.1,22.7,0.00,0.00,0,2.67,94,28.17,89,28.17,95,28.17
6.5,22.7,0.00,0.00,0,2.67,95,28.17,86,28.17,93,28.17
6.7,22.7,0.00,0.00,0,2.67,93,28.17,85,28.17,95,28.17
12.5,22.7,0.00,0.00,0,2.67,94,28.17,88,28.17,95,28.17
6.8,22.7,0.00,0.00,0,2.67,95,28.17,86,28.17,95,28.17
6.5,22.6,0.00,0.00,0,2.67,91,28.17,88,28.17,93,28.17
8.3,22.7,0.00,0.00,0,2.67,92,28.17,89,28.17,96,28.17
10.4,22.7,0.00,0.00,0,2.67,94,28.17,88,28.17,94,28.17
6.6,22.7,0.00,0.00,0,2.67,93,28.17,89,28.17,91,28.17
6.3,22.7,0.00,0.00,0,2.67,94,28.17,86,28.17,96,28.17
8.8,22.6,0.00,0.00,0,2.67,96,28.17,87,28.17,96,28.17
10.9,22.7,0.00,0.00,0,2.67,95,28.17,88,28.17,95,28.17
6.5,22.7,0.00,0.00,0,2.67,94,28.17,88,28.17,96,28.17
6.4,22.7,0.00,0.00,0,2.67,95,28.17,87,28.17,96,28.17
9.6,22.7,0.00,0.00,0,2.67,94,28.17,89,28.17,94,28.17
10.0,22.7,0.00,0.00,0,2.67,93,28.17,88,28.17,96,28.17
7.1,22.7,0.00,0.00,0,2.67,95,28.17,83,28.17,96,28.17
6.4,22.7,0.00,0.00,0,2.67,93,28.17,87,28.17,96,28.17
11.3,22.7,0.00,0.00,0,2.67,93,28.17,87,28.17,97,28.17
8.9,22.7,0.00,0.00,0,2.67,95,28.17,86,28.17,97,28.17
6.5,22.6,0.00,0.00,0,2.67,95,28.17,87,28.17,96,28.17
6.5,22.7,0.00,0.00,0,2.67,94,28.17,90,28.17,97,28.17
12.1,22.7,0.00,0.00,0,2.67,95,28.17,87,28.17,97,28.17
7.1,22.7,0.00,0.00,0,2.67,94,28.17,88,28.17,95,28.17
6.5,22.6,0.00,0.00,0,2.67,92,28.17,89,28.17,97,28.17
6.7,22.7,0.00,0.00,0,2.67,95,28.17,86,28.17,96,28.17
13.8,22.7,0.00,0.00,0,2.67,93,28.17,89,28.17,92,28.17
8.6,22.7,0.00,0.00,0,2.67,95,28.17,89,28.17,97,28.17
6.5,22.7,0.00,0.00,0,2.67,95,28.17,87,28.17,97,28.17
6.5,22.7,0.00,0.00,0,2.67,95,28.17,91,28.17,95,28.17
13.1,22.7,0.00,0.00,0,2.67,94,28.17,87,28.17,97,28.17
7.1,22.7,0.00,0.00,0,2.67,95,28.17,85,28.17,96,28.17
6.7,22.7,0.00,0.00,0,2.67,94,28.17,87,28.17,95,28.17
8.5,22.7,0.00,0.00,0,2.67,94,28.17,89,28.17,96,28.17
11.4,22.7,0.00,0.00,0,2.67,95,28.17,88,28.17,97,28.17
6.9,22.7,0.00,0.00,0,2.67,95,28.17,88,28.17,95,28.17
6.9,22.7,0.00,0.00,0,2.67,94,28.17,88,28.17,96,28.17
9.6,22.7,0.00,0.00,0,2.67,95,28.17,89,28.17,97,28.17
9.0,22.7,0.00,0.00,0,2.67,95,28.17,89,28.17,97,28.17
6.7,22.7,0.00,0.00,0,2.67,94,28.17,89,28.17,95,28.17
7.1,22.7,0.00,0.00,0,2.67,94,28.17,88,28.17,97,28.17
11.7,22.7,0.00,0.00,0,2.67,96,28.17,88,28.17,96,28.17
6.7,22.7,0.00,0.00,0,2.67,92,28.17,88,28.17,96,28.17
6.5,22.7,0.00,0.00,0,2.67,92,28.17,89,28.17,96,28.17
10.0,22.7,0.00,0.00,0,2.67,95,28.17,88,28.17,97,28.17
8.6,22.7,0.00,0.00,0,2.67,93,28.17,90,28.17,96,28.17
6.4,22.7,0.00,0.00,0,2.67,92,28.17,91,28.17,98,28.17
7.9,22.7,0.00,0.00,0,2.67,95,28.17,90,28.17,95,28.17
25.6,22.7,0.00,0.00,0,2.67,51,28.17,37,28.17,0,28.17
6.6,18.2,0.00,0.00,0,2.67,0,28.17,0,28.17,0,28.17
6.8,18.7,0.00,0.00,0,2.67,0,28.17,0,28.17,0,28.17
6.2,19.5,0.00,0.00,0,2.67,0,28.17,0,28.17,0,28.17
6.4,20.0,0.00,0.00,0,2.67,0,28.17,0,28.17,0,28.17
6.9,20.7,0.00,0.00,0,2.67,0,28.17,0,28.17,0,28.17
6.3,21.2,0.00,0.00,0,2.67,0,28.17,0,28.17,0,28.17
6.7,21.9,0.00,0.00,0,2.67,0,28.17,0,28.17,0,28.17
8.2,22.4,0.00,0.00,0,2.67,0,28.17,0,28.17,75,28.17
13.3,22.7,0.00,0.00,0,2.67,94,28.17,36,28.17,84,28.17
10.9,22.7,0.00,0.00,0,2.67,85,28.17,85,28.17,92,28.17
7.5,22.7,0.00,0.00,0,2.67,86,28.17,85,28.17,94,28.17
12.3,22.7,0.00,0.00,0,2.67,85,28.17,89,28.17,94,28.17
6.8,22.7,0.00,0.00,0,2.67,90,28.17,89,28.17,95,28.17
6.4,22.7,0.00,0.00,0,2.67,92,28.17,86,28.17,94,28.17
12.1,22.7,0.00,0.00,0,2.67,94,28.17,88,28.17,96,28.17
6.5,22.7,0.00,0.00,0,2.67,93,28.17,85,28.17,97,28.17
6.3,22.6,0.00,0.00,0,2.67,94,28.17,88,28.17,96,28.17
9.0,22.6,0.00,0.00,0,2.67,94,28.17,88,28.17,94,28.17
8.5,22.6,0.00,0.00,0,2.67,92,28.17,91,28.17,95,28.17
7.5,22.6,0.00,0.00,0,2.67,91,28.17,90,28.17,95,28.17
11.4,22.6,0.00,0.00,0,2.67,91,28.17,87,28.17,97,28.17
6.5,22.6,0.00,0.00,0,2.67,93,28.17,88,28.17,95,28.17
6.8,22.6,0.00,0.00,0,2.67,93,28.17,87,28.17,94,28.17
11.3,22.6,0.00,0.00,0,2.67,91,28.17,90,28.17,96,28.17
6.9,22.6,0.00,0.00,0,2.67,93,28.17,89,28.17,96,28.17
6.5,22.6,0.00,0.00,0,2.67,93,28.17,88,28.17,95,28.17
9.4,22.6,0.00,0.00,0,2.67,92,28.17,92,28.17,95,28.17
8.8,22.6,0.00,0.00,0,2.67,92,28.17,91,28.17,98,28.17
6.3,22.6,0.00,0.00,0,2.67,89,28.17,90,28.17,97,28.17
7.9,22.6,0.00,0.00,0,2.67,92,28.17,91,28.17,96,28.17
10.4,22.6,0.00,0.00,0,2.67,90,28.17,91,28.17,97,28.17
8.1,22.6,0.00,0.00,0,2.67,93,28.17,89,28.17,97,28.17
7.0,22.6,0.00,0.00,0,2.67,92,28.17,90,28.17,96,28.17
6.7,22.6,0.00,0.00,0,2.67,91,28.17,89,28.17,97,28.17
12.1,22.6,0.00,0.00,0,2.67,91,28.17,89,28.17,97,28.17
8.1,22.6,0.00,0.00,0,2.67,92,28.17,91,28.17,97,28.17
6.5,22.6,0.00,0.00,0,2.67,92,28.17,92,28.17,97,28.17
6.5,22.6,0.00,0.00,0,2.67,93,28.17,91,28.17,98,28.17
12.1,22.6,0.00,0.00,0,2.67,93,28.17,92,28.17,96,28.17
7.3,22.6,0.00,0.00,0,2.67,92,28.17,92,28.17,97,28.17
6.3,22.6,0.00,0.00,0,2.67,95,28.17,90,28.17,97,28.17
7.5,22.6,0.00,0.00,0,2.67,91,28.17,90,28.17,97,28.17
11.3,22.6,0.00,0.00,0,2.67,90,28.17,91,28.17,98,28.17
6.9,22.6,0.00,0.00,0,2.67,90,28.17,91,28.17,97,28.17
7.0,22.6,0.00,0.00,0,2.67,93,28.17,92,28.17,97,28.17
6.7,22.6,0.00,0.00,0,2.67,92,28.17,90,28.17,98,28.17
10.2,22.6,0.00,0.00,0,2.67,94,28.17,89,28.17,96,28.17
8.3,22.6,0.00,0.00,0,2.67,93,28.17,94,28.17,97,28.17
6.5,22.6,0.00,0.00,0,2.67,93,28.17,90,28.17,97,28.17
7.5,22.6,0.00,0.00,0,2.67,95,28.17,93,28.17,95,28.17
11.9,22.6,0.00,0.00,0,2.67,94,28.17,88,28.17,98,28.17
12.1,22.6,0.00,0.00,0,2.67,89,28.17,92,28.17,97,28.17
6.3,22.6,0.00,0.00,0,2.67,94,28.17,89,28.17,96,28.17
6.5,22.6,0.00,0.00,0,2.67,91,28.17,92,28.17,97,28.17
7.3,22.6,0.00,0.00,0,2.67,92,28.17,91,28.17,96,28.17
12.4,22.6,0.00,0.00,0,2.67,92,28.17,91,28.17,96,28.17
6.6,22.6,0.00,0.00,0,2.67,91,28.17,92,28.17,97,28.17
6.8,22.6,0.00,0.00,0,2.67,93,28.17,90,28.17,97,28.17
6.7,22.6,0.00,0.00,0,2.67,94,28.17,93,28.17,96,28.17
11.6,22.6,0.00,0.00,0,2.67,93,28.17,90,28.17,96,28.17
11.0,22.6,0.00,0.00,0,2.67,94,28.17,92,28.17,97,28.17
6.7,22.6,0.00,0.00,0,2.67,92,28.17,92,28.17,97,28.17
6.3,22.6,0.00,0.00,0,2.67,90,28.17,93,28.17,96,28.17
10.0,22.6,0.00,0.00,0,2.67,93,28.17,92,28.17,97,28.17
9.0,22.6,0.00,0.00,0,2.67,91,28.17,94,28.17,97,28.17
6.5,22.6,0.00,0.00,0,2.67,91,28.17,94,28.17,98,28.17
6.7,22.6,0.00,0.00,0,2.67,93,28.17,94,28.17,84,28.17
7.3,22.6,0.00,0.00,0,2.67,93,28.17,95,28.17,91,28.17
6.5,22.6,0.00,0.00,0,2.67,96,28.17,96,28.17,88,28.17
6.7,22.6,0.00,0.00,0,2.67,95,28.17,57,28.17,52,28.17
68.8,17.9,0.00,0.00,0,2.67,0,28.17,0,28.17,0,28.17
11.6,18.5,0.00,0.00,0,2.67,0,28.17,0,28.17,0,28.17
6.3,19.2,0.00,0.00,0,2.67,0,28.17,0,28.17,0,28.17
6.1,19.7,0.00,0.00,0,2.67,0,28.17,0,28.17,0,28.17
6.7,20.3,0.00,0.00,0,2.67,0,28.17,0,28.17,0,28.17
6.7,20.9,0.00,0.00,0,2.67,0,28.17,0,28.17,0,28.17
6.2,21.7,0.00,0.00,0,2.67,0,28.17,0,28.17,0,28.17
62.2,22.2,0.00,0.00,0,2.67,0,28.17,0,28.17,92,28.17
6.7,22.7,0.00,0.00,0,2.67,88,28.17,89,28.17,94,28.17
6.7,22.7,0.00,0.00,0,2.67,88,28.17,90,28.17,95,28.17
9.6,22.7,0.00,0.00,0,2.67,90,28.17,85,28.17,94,28.17
11.1,22.7,0.00,0.00,0,2.67,88,28.17,90,28.17,96,28.17
6.8,22.7,0.00,0.00,0,2.67,87,28.17,86,28.17,94,28.17
6.8,22.7,0.00,0.00,0,2.67,90,28.17,86,28.17,97,28.17
8.8,22.7,0.00,0.00,0,2.67,87,28.17,90,28.17,97,28.17
10.0,22.7,0.00,0.00,0,2.67,89,28.17,90,28.17,94,28.17
6.5,22.7,0.00,0.00,0,2.67,92,28.17,90,28.17,92,28.17
6.4,22.7,0.00,0.00,0,2.67,91,28.17,92,28.17,96,28.17
10.5,22.7,0.00,0.00,0,2.67,88,28.17,90,28.17,96,28.17
7.1,22.7,0.00,0.00,0,2.67,91,28.17,89,28.17,95,28.17
6.3,22.7,0.00,0.00,0,2.67,90,28.17,91,28.17,95,28.17
7.7,22.7,0.00,0.00,0,2.67,92,28.17,87,28.17,96,28.17
10.7,22.7,0.00,0.00,0,2.67,92,28.17,90,28.17,96,28.17
8.5,22.7,0.00,0.00,0,2.67,92,28.17,92,28.17,96,28.17
6.4,22.7,0.00,0.00,0,2.67,92,28.17,90,28.17,96,28.17
6.8,22.7,0.00,0.00,0,2.67,94,28.17,88,28.17,95,28.17
9.2,22.7,0.00,0.00,0,2.67,91,28.17,92,28.17,96,28.17
9.6,22.7,0.00,0.00,0,2.67,92,28.17,88,28.17,96,28.17
6.7,22.7,0.00,0.00,0,2.67,93,28.17,91,28.17,97,28.17
6.9,22.7,0.00,0.00,0,2.67,91,28.17,92,28.17,97,28.17
10.8,22.7,0.00,0.00,0,2.67,92,28.17,93,28.17,97,28.17
7.5,22.7,0.00,0.00,0,2.67,94,28.17,93,28.17,95,28.17
7.9,22.7,0.00,0.00,0,2.67,93,28.17,95,28.17,96,28.17
7.9,22.7,0.00,0.00,0,2.67,92,28.17,93,28.17,96,28.17
10.2,22.7,0.00,0.00,0,2.67,94,28.17,91,28.17,93,28.17
6.5,22.7,0.00,0.00,0,2.67,94,28.17,92,28.17,93,28.17
6.5,22.7,0.00,0.00,0,2.67,92,28.17,92,28.17,97,28.17
8.7,22.7,0.00,0.00,0,2.67,93,28.17,90,28.17,97,28.17
10.8,22.7,0.00,0.00,0,2.67,92,28.17,94,28.17,97,28.17
6.5,22.7,0.00,0.00,0,2.67,93,28.17,94,28.17,97,28.17
11.3,22.7,0.00,0.00,0,2.67,93,28.17,91,28.17,81,28.17
10.3,22.7,0.00,0.00,0,2.67,87,28.17,90,28.17,93,28.17
12.8,22.7,0.00,0.00,0,2.67,92,28.17,92,28.17,95,28.17
7.6,22.7,0.00,0.00,0,2.67,91,28.17,93,28.17,97,28.17
10.6,22.7,0.00,0.00,0,2.67,94,28.17,91,28.17,96,28.17
8.8,22.7,0.00,0.00,0,2.67,93,28.17,92,28.17,97,28.17
6.4,22.7,0.00,0.00,0,2.67,92,28.17,91,28.17,97,28.17
6.5,22.7,0.00,0.00,0,2.67,93,28.17,91,28.17,95,28.17
8.2,22.7,0.00,0.00,0,2.67,91,28.17,89,28.17,97,28.17
11.7,22.7,0.00,0.00,0,2.67,92,28.17,92,28.17,97,28.17
6.7,22.7,0.00,0.00,0,2.67,94,28.17,92,28.17,96,28.17
6.4,22.7,0.00,0.00,0,2.67,92,28.17,94,28.17,97,28.17
7.5,22.7,0.00,0.00,0,2.67,91,28.17,91,28.17,96,28.17
10.9,22.7,0.00,0.00,0,2.67,93,28.17,89,28.17,97,28.17
6.9,22.7,0.00,0.00,0,2.67,89,28.17,94,28.17,97,28.17
6.5,22.7,0.00,0.00,0,2.67,93,28.17,91,28.17,97,28.17
6.8,22.7,0.00,0.00,0,2.67,93,28.17,93,28.17,96,28.17
11.1,22.7,0.00,0.00,0,2.67,90,28.17,90,28.17,97,28.17
10.4,22.7,0.00,0.00,0,2.67,93,28.17,91,28.17,96,28.17
6.4,22.7,0.00,0.00,0,2.67,91,28.17,93,28.17,97,28.17
6.5,22.7,0.00,0.00,0,2.67,93,28.17,86,28.17,97,28.17
6.5,22.7,0.00,0.00,0,2.67,94,28.17,93,28.17,96,28.17
7.7,22.7,0.00,0.00,0,2.67,91,28.17,92,28.17,97,28.17
13.4,22.7,0.00,0.00,0,2.67,94,28.17,90,28.17,96,28.17
6.5,22.7,0.00,0.00,0,2.67,93,28.17,92,28.17,97,28.17
6.5,22.7,0.00,0.00,0,2.67,92,28.17,91,28.17,97,28.17
7.1,22.7,0.00,0.00,0,2.67,93,28.17,92,28.17,96,28.17
12.5,22.7,0.00,0.00,0,2.67,91,28.17,94,28.17,97,28.17
6.5,22.7,0.00,0.00,0,2.67,93,28.17,94,28.17,98,28.17
6.5,22.7,0.00,0.00,0,2.67,94,28.17,21,28.17,23,28.17
43.4,18.0,0.00,0.00,0,2.67,0,28.17,0,28.17,0,28.17
78.6,18.5,0.00,0.00,0,2.67,0,28.17,0,28.17,0,28.17
55.9,19.2,0.00,0.00,0,2.67,0,28.17,0,28.17,0,28.17
96.4,19.7,0.00,0.00,0,2.67,0,28.17,0,28.17,0,28.17
57.2,20.5,0.00,0.00,0,2.67,0,28.17,0,28.17,0,28.17
91.4,20.9,0.00,0.00,0,2.67,0,28.17,0,28.17,0,28.17
89.9,21.7,0.00,0.00,0,2.67,0,28.17,0,28.17,0,28.17
6.3,22.2,0.00,0.00,0,2.67,0,28.17,0,28.17,15,28.17
7.1,22.7,0.00,0.00,0,2.67,53,28.17,88,28.17,95,28.17
12.3,22.7,0.00,0.00,0,2.67,87,28.17,90,28.17,96,28.17
6.7,22.7,0.00,0.00,0,2.67,89,28.17,88,28.17,95,28.17
6.7,22.7,0.00,0.00,0,2.67,90,28.17,89,28.17,93,28.17
7.9,22.7,0.00,0.00,0,2.67,89,28.17,87,28.17,95,28.17
12.3,22.7,0.00,0.00,0,2.67,93,28.17,88,28.17,94,28.17
8.1,22.7,0.00,0.00,0,2.67,89,28.17,89,28.17,96,28.17
6.7,22.7,0.00,0.00,0,2.67,89,28.17,88,28.17,97,28.17
7.1,22.7,0.00,0.00,0,2.67,91,28.17,87,28.17,95,28.17
10.0,22.7,0.00,0.00,0,2.67,90,28.17,91,28.17,97,28.17
11.6,22.7,0.00,0.00,0,2.67,91,28.17,91,28.17,95,28.17
6.5,22.7,0.00,0.00,0,2.67,91,28.17,91,28.17,95,28.17
6.5,22.7,0.00,0.00,0,2.67,90,28.17,91,28.17,97,28.17
8.7,22.6,0.00,0.00,0,2.67,91,28.17,89,28.17,97,28.17
11.5,22.7,0.00,0.00,0,2.67,91,28.17,88,28.17,96,28.17
10.0,22.7,0.00,0.00,0,2.67,89,28.17,92,28.17,97,28.17
7.5,22.7,0.00,0.00,0,2.67,92,28.17,90,28.17,95,28.17
6.7,22.7,0.00,0.00,0,2.67,93,28.17,92,28.17,97,28.17
9.8,22.7,0.00,0.00,0,2.67,90,28.17,90,28.17,97,28.17
11.1,22.7,0.00,0.00,0,2.67,92,28.17,88,28.17,96,28.17
10.2,22.7,0.00,0.00,0,2.67,91,28.17,92,28.17,97,28.17
6.6,22.7,0.00,0.00,0,2.67,90,28.17,91,28.17,96,28.17
6.5,22.7,0.00,0.00,0,2.67,93,28.17,91,28.17,97,28.17
7.3,22.7,0.00,0.00,0,2.67,89,28.17,91,28.17,79,28.17
6.5,22.7,0.00,0.00,0,2.67,92,28.17,95,28.17,84,28.17
6.7,22.7,0.00,0.00,0,2.67,93,28.17,93,28.17,82,28.17
7.1,22.7,0.00,0.00,0,2.67,92,28.17,93,28.17,82,28.17
11.3,22.7,0.00,0.00,0,2.67,93,28.17,92,28.17,84,28.17
13.7,22.7,0.00,0.00,0,2.67,90,28.17,95,28.17,82,28.17
6.5,22.7,0.00,0.00,0,2.67,93,28.17,91,28.17,82,28.17
6.5,22.7,0.00,0.00,0,2.67,93,28.17,94,28.17,82,28.17
6.7,22.7,0.00,0.00,0,2.67,91,28.17,90,28.17,83,28.17
10.9,22.7,0.00,0.00,0,2.67,92,28.17,92,28.17,85,28.17
9.8,22.7,0.00,0.00,0,2.67,91,28.17,93,28.17,86,28.17
6.9,22.7,0.00,0.00,0,2.67,92,28.17,91,28.17,83,28.17
6.5,22.7,0.00,0.00,0,2.67,94,28.17,93,28.17,82,28.17
6.7,22.7,0.00,0.00,0,2.67,93,28.17,92,28.17,83,28.17
11.7,22.7,0.00,0.00,0,2.67,92,28.17,95,28.17,83,28.17
10.9,22.7,0.00,0.00,0,2.67,92,28.17,94,28.17,83,28.17
6.6,22.7,0.00,0.00,0,2.67,92,28.17,94,28.17,82,28.17
6.6,22.7,0.00,0.00,0,2.67,92,28.17,93,28.17,85,28.17
6.3,22.7,0.00,0.00,0,2.67,90,28.17,93,28.17,97,28.17
6.5,22.7,0.00,0.00,0,2.67,91,28.17,92,28.17,96,28.17
11.3,22.7,0.00,0.00,0,2.67,92,28.17,93,28.17,96,28.17
6.8,22.7,0.00,0.00,0,2.67,90,28.17,93,28.17,97,28.17
6.8,22.7,0.00,0.00,0,2.67,92,28.17,92,28.17,96,28.17
7.0,22.7,0.00,0.00,0,2.67,93,28.17,92,28.17,97,28.17
12.1,22.7,0.00,0.00,0,2.67,90,28.17,94,28.17,98,28.17
6.8,22.7,0.00,0.00,0,2.67,92,28.17,93,28.17,96,28.17
6.1,22.7,0.00,0.00,0,2.67,91,28.17,93,28.17,97,28.17
7.3,22.7,0.00,0.00,0,2.67,90,28.17,94,28.17,97,28.17
11.7,22.7,0.00,0.00,0,2.67,89,28.17,92,28.17,96,28.17
8.7,22.7,0.00,0.00,0,2.67,90,28.17,94,28.17,96,28.17
7.0,22.7,0.00,0.00,0,2.67,90,28.17,94,28.17,96,28.17
6.4,22.7,0.00,0.00,0,2.67,92,28.17,88,28.17,96,28.17
7.9,22.7,0.00,0.00,0,2.67,93,28.17,88,28.17,97,28.17
9.4,22.7,0.00,0.00,0,2.67,89,28.17,88,28.17,96,28.17
11.9,22.7,0.00,0.00,0,2.67,90,28.17,93,28.17,97,28.17
7.5,22.7,0.00,0.00,0,2.67,92,28.17,92,28.17,96,28.17
6.3,22.7,0.00,0.00,0,2.67,93,28.17,92,28.17,97,28.17
6.7,22.7,0.00,0.00,0,2.67,92,28.17,93,28.17,97,28.17
9.6,22.7,0.00,0.00,0,2.67,91,28.17,90,28.17,97,28.17
6.7,22.7,0.00,0.00,0,2.67,93,28.17,90,28.17,98,28.17
17.3,22.7,0.00,0.00,0,2.67,92,28.17,1,28.12,10,2.67
2.5,8.3,0.00,0.00,0,2.67,4,2.67,4,2.67,0,2.67
7.3,8.4,0.00,0.00,0,2.67,0,2.67,0,2.67,0,2.67
7.1,8.6,0.00,0.00,0,2.67,0,2.67,0,2.67,0,2.67
11.5,9.4,0.00,0.00,0,2.67,0,2.67,0,2.67,0,2.67
9.5,9.9,0.00,0.00,0,2.67,0,2.67,0,2.67,0,2.67
7.9,10.9,0.00,0.00,0,2.79,0,5.12,0,6.34,0,5.98
9.1,16.1,0.00,0.00,4,9.74,3,9.81,4,9.81,12,29.39
8.9,18.0,0.00,0.00,2,9.81,0,9.81,0,9.81,0,29.39
97.9,18.6,0.00,0.00,0,9.81,0,9.81,0,9.81,0,29.39
93.0,19.6,0.00,0.00,0,9.81,0,9.81,0,9.81,0,29.39
8.4,20.3,0.00,0.00,0,9.81,0,9.81,0,9.81,0,29.39
8.9,21.3,0.00,0.00,0,9.81,0,9.81,0,9.81,0,29.39
8.7,21.9,0.00,0.00,0,9.81,0,9.81,0,9.81,0,29.39
31.2,22.9,0.00,0.00,0,9.81,0,9.81,0,9.81,0,29.39
43.6,23.5,0.00,0.00,0,9.81,0,10.52,0,11.49,0,32.61
11.9,27.2,0.00,0.00,9,18.09,25,18.09,69,18.09,79,63.96
13.2,27.4,0.00,0.00,77,18.09,55,18.09,70,18.09,100,63.96
13.4,27.4,0.00,0.00,71,18.09,72,18.09,64,18.09,100,63.96
13.6,27.4,0.00,0.00,68,18.09,60,18.09,71,18.09,100,63.96
13.1,27.4,0.00,0.00,74,18.09,58,18.09,73,18.09,100,63.96
12.6,27.4,0.00,0.00,73,18.09,60,18.09,63,18.09,100,63.96
12.9,27.4,0.00,0.00,73,18.09,66,18.09,62,18.09,100,63.96
11.9,27.4,0.00,0.00,69,18.09,76,18.09,75,18.09,100,63.96
12.9,27.4,0.00,0.00,68,18.09,66,18.09,66,18.09,100,63.96
13.4,27.4,0.00,0.00,65,18.09,66,18.09,75,18.09,100,63.96
14.4,27.4,0.00,0.00,76,18.09,64,18.09,64,18.09,100,63.96
15.8,27.4,0.00,0.00,76,18.09,70,18.09,68,18.09,100,63.96
13.8,27.4,0.00,0.00,76,18.09,67,18.09,66,18.09,100,63.96
13.3,27.4,0.00,0.00,71,18.09,74,18.09,65,18.09,100,63.96
12.1,27.4,0.00,0.00,72,18.09,64,18.09,74,18.09,100,63.96
11.7,27.4,0.00,0.00,66,18.09,64,18.09,71,18.09,100,63.96
13.3,27.4,0.00,0.00,73,18.09,59,18.09,77,18.09,100,63.96
13.0,27.4,0.00,0.00,66,18.09,65,18.09,77,18.09,100,63.96
10.9,27.4,0.00,0.00,46,18.09,78,18.09,77,18.09,100,63.96
12.3,27.4,0.00,0.00,57,18.09,68,18.09,74,18.09,100,63.96
12.1,27.4,0.00,0.00,68,18.09,67,18.09,73,18.09,100,63.96
13.4,27.4,0.00,0.00,71,18.09,71,18.09,64,18.09,100,63.96
14.2,27.4,0.00,0.00,71,18.09,73,18.09,62,18.09,100,63.96
12.7,27.4,0.00,0.00,66,18.09,74,18.09,59,18.09,100,63.96
12.3,27.4,0.00,0.00,75,18.09,59,18.09,66,18.09,100,63.96
12.6,27.4,0.00,0.00,74,18.09,63,18.09,75,18.09,100,63.96
11.9,27.3,0.00,0.00,68,18.09,61,18.09,59,18.09,100,63.96
14.7,27.3,0.00,0.00,76,18.09,61,18.09,65,18.09,100,63.96
12.1,27.3,0.00,0.00,64,18.09,66,18.09,68,18.09,100,63.96
13.2,27.3,0.00,0.00,67,18.09,60,18.09,58,18.09,100,63.96
11.7,27.3,0.00,0.00,75,18.09,71,18.09,67,18.09,100,63.96
8.7,27.3,0.00,0.00,71,18.09,69,18.09,44,18.09,100,63.96
10.0,22.8,0.00,0.00,0,18.09,0,18.09,0,18.09,100,63.96
8.3,23.4,0.00,0.00,0,18.09,0,18.09,0,18.09,100,63.96
33.7,24.0,0.00,0.00,0,18.09,0,18.09,0,18.09,100,63.96
35.8,24.6,0.00,0.00,0,18.09,0,18.09,0,18.09,100,63.96
75.1,25.1,0.00,0.00,0,18.09,0,18.09,0,18.09,100,63.96
10.2,25.8,0.00,0.00,0,18.09,0,18.09,0,18.09,99,63.96
18.1,26.4,0.00,0.00,0,18.09,0,18.09,0,18.09,100,63.96
9.6,27.0,0.00,0.00,0,18.09,0,18.09,0,18.09,99,63.96
21.7,27.4,0.00,0.00,11,18.09,25,18.09,29,18.09,100,63.96
13.7,27.4,0.00,0.00,66,18.09,71,18.09,74,18.09,100,63.96
12.1,27.4,0.00,0.00,63,18.09,68,18.09,74,18.09,100,63.96
12.5,27.4,0.00,0.00,71,18.09,65,18.09,68,18.09,100,63.96
12.3,27.4,0.00,0.00,69,18.09,70,18.09,64,18.09,100,63.96
13.8,27.4,0.00,0.00,68,18.09,63,18.09,74,18.09,100,63.96
12.3,27.4,0.00,0.00,76,18.09,69,18.09,76,18.09,100,63.96
12.9,27.4,0.00,0.00,53,18.09,79,18.09,83,18.09,100,63.96
12.3,27.4,0.00,0.00,63,18.09,63,18.09,73,18.09,100,63.96
15.0,27.4,0.00,0.00,71,18.09,68,18.09,65,18.09,100,63.96
12.6,27.4,0.00,0.00,73,18.09,63,18.09,73,18.09,100,63.96
11.9,27.4,0.00,0.00,74,18.09,70,18.09,65,18.09,100,63.96
14.0,27.4,0.00,0.00,74,18.09,66,18.09,69,18.09,100,63.96
13.1,27.4,0.00,0.00,64,18.09,76,18.09,65,18.09,100,63.96
12.6,27.4,0.00,0.00,66,18.09,77,18.09,64,18.09,100,63.96
12.9,27.4,0.00,0.00,72,18.09,65,18.09,74,18.09,100,63.96
13.2,27.4,0.00,0.00,64,18.09,68,18.09,70,18.09,100,63.96
14.1,27.4,0.00,0.00,73,18.09,72,18.09,75,18.09,100,63.96
12.3,27.4,0.00,0.00,70,18.09,65,18.09,66,18.09,100,63.96
12.3,27.4,0.00,0.00,70,18.09,72,18.09,71,18.09,100,63.96
12.3,27.4,0.00,0.00,52,18.09,68,18.09,77,18.09,100,63.96
11.3,27.4,0.00,0.00,57,18.09,67,18.09,66,18.09,100,63.96
14.6,27.4,0.00,0.00,67,18.09,71,18.09,69,18.09,100,63.96
12.1,27.4,0.00,0.00,67,18.09,71,18.09,72,18.09,100,63.96
12.1,27.4,0.00,0.00,68,18.09,72,18.09,67,18.09,100,63.96
13.4,27.4,0.00,0.00,69,18.09,63,18.09,53,18.09,100,63.96
11.9,27.4,0.00,0.00,69,18.09,72,18.09,70,18.09,100,63.96
15.3,27.4,0.00,0.00,65,18.09,74,18.09,74,18.09,100,63.96
12.1,27.4,0.00,0.00,66,18.09,71,18.09,78,18.09,100,63.96
11.5,27.4,0.00,0.00,53,18.09,76,18.09,73,18.09,100,63.96
13.0,27.4,0.00,0.00,64,18.09,70,18.09,69,18.09,100,63.96
8.9,27.4,0.00,0.00,71,18.09,60,18.09,77,18.09,100,63.96
10.2,22.7,0.00,0.00,60,18.09,0,18.09,0,18.09,100,63.96
8.7,23.3,0.00,0.00,0,18.09,0,18.09,0,18.09,100,63.96
9.0,23.9,0.00,0.00,0,18.09,0,18.09,0,18.09,100,63.96
9.4,24.6,0.00,0.00,0,18.09,0,18.09,0,18.09,100,63.96
100.0,25.2,0.00,0.00,0,18.09,0,18.09,0,18.09,100,63.96
32.9,25.8,0.00,0.00,0,18.09,0,18.09,0,18.09,100,63.96
9.0,26.4,0.00,0.00,0,18.09,0,18.09,0,18.09,100,63.96
9.1,27.0,0.00,0.00,0,18.09,0,18.09,0,18.09,100,63.96
11.3,27.4,0.00,0.00,33,18.09,20,18.09,73,18.09,100,63.96
11.3,27.4,0.00,0.00,60,18.09,69,18.09,75,18.09,100,63.96
13.6,27.4,0.00,0.00,59,18.09,73,18.09,77,18.09,100,63.96
11.9,27.4,0.00,0.00,58,18.09,74,18.09,74,18.09,100,63.96
12.3,27.4,0.00,0.00,65,18.09,67,18.09,71,18.09,100,63.96
12.1,27.4,0.00,0.00,65,18.09,65,18.09,73,18.09,100,63.96
12.1,27.4,0.00,0.00,71,18.09,68,18.09,75,18.09,100,63.96
14.3,27.4,0.00,0.00,67,18.09,66,18.09,76,18.09,100,63.96
15.9,27.4,0.00,0.00,61,18.09,68,18.09,73,18.09,100,63.96
17.9,27.4,0.00,0.00,57,18.09,71,18.09,66,18.09,100,63.96
15.9,27.4,0.00,0.00,62,18.09,62,18.09,62,18.09,100,63.96
19.8,27.5,0.00,0.00,69,18.09,57,18.09,63,18.09,100,63.96
14.9,27.4,0.00,0.00,71,18.09,66,18.09,65,18.09,100,63.96
11.1,27.4,0.00,0.00,71,18.09,62,18.09,70,18.09,100,63.96
12.7,27.4,0.00,0.00,73,18.09,66,18.09,74,18.09,100,63.96
12.1,27.4,0.00,0.00,63,18.09,73,18.09,75,18.09,100,63.96
12.1,27.4,0.00,0.00,64,18.09,71,18.09,69,18.09,100,63.96
13.6,27.4,0.00,0.00,69,18.09,69,18.09,59,18.09,100,63.96
12.1,27.4,0.00,0.00,74,18.09,65,18.09,69,18.09,100,63.96
13.1,27.4,0.00,0.00,60,18.09,59,18.09,68,18.09,100,63.96
13.4,27.4,0.00,0.00,62,18.09,64,18.09,67,18.09,100,63.96
11.3,27.4,0.00,0.00,67,18.09,62,18.09,69,18.09,100,63.96
12.3,27.4,0.00,0.00,71,18.09,59,18.09,64,18.09,100,63.96
13.7,27.4,0.00,0.00,74,18.09,66,18.09,68,18.09,100,63.96
11.5,27.4,0.00,0.00,51,18.09,79,18.09,79,18.09,100,63.96
11.7,27.4,0.00,0.00,51,18.09,80,18.09,79,18.09,100,63.96
12.9,27.4,0.00,0.00,51,18.09,76,18.09,77,18.09,100,63.96
11.5,27.4,0.00,0.00,66,18.09,69,18.09,70,18.09,100,63.96
12.3,27.4,0.00,0.00,71,18.09,65,18.09,68,18.09,100,63.96
14.0,27.4,0.00,0.00,67,18.09,64,18.09,66,18.09,100,63.96
13.3,27.4,0.00,0.00,61,18.09,73,18.09,62,18.09,100,63.96
12.2,27.4,0.00,0.00,73,18.09,65,18.09,69,18.09,100,63.96
29.6,27.3,0.00,0.00,68,18.09,50,18.09,0,18.09,100,63.96
8.7,23.2,0.00,0.00,0,18.09,0,18.09,0,18.09,100,63.96
9.6,23.6,0.00,0.00,0,18.09,0,18.09,0,18.09,100,63.96
10.1,24.5,0.00,0.00,0,18.09,0,18.09,0,18.09,100,63.96
26.3,24.9,0.00,0.00,0,18.09,0,18.09,0,18.09,100,63.96
9.0,25.7,0.00,0.00,0,18.09,0,18.09,0,18.09,94,63.96
21.9,26.2,0.00,0.00,0,18.09,0,18.09,0,18.09,100,63.96
8.7,26.9,0.00,0.00,0,18.09,0,18.09,0,18.09,100,63.96
25.7,27.4,0.00,0.00,26,18.09,7,18.09,16,18.09,100,63.96
11.9,27.4,0.00,0.00,66,18.09,67,18.09,71,18.09,100,63.96
11.9,27.4,0.00,0.00,61,18.09,75,18.09,75,18.09,100,63.96
13.8,27.4,0.00,0.00,56,18.09,79,18.09,67,18.09,100,63.96
11.0,27.4,0.00,0.00,57,18.09,77,18.09,76,18.09,100,63.96
13.5,27.4,0.00,0.00,54,18.09,79,18.09,78,18.09,100,63.96
11.5,27.4,0.00,0.00,54,18.09,79,18.09,71,18.09,100,63.96
12.1,27.4,0.00,0.00,61,18.09,65,18.09,73,18.09,100,63.96
12.7,27.4,0.00,0.00,74,18.09,62,18.09,77,18.09,100,63.96
10.9,27.4,0.00,0.00,50,18.09,79,18.09,78,18.09,100,63.96
13.2,27.4,0.00,0.00,51,18.09,79,18.09,81,18.09,100,63.96
11.9,27.4,0.00,0.00,52,18.09,69,18.09,67,18.09,100,63.96
11.9,27.4,0.00,0.00,63,18.09,68,18.09,71,18.09,100,63.96
13.2,27.4,0.00,0.00,72,18.09,64,18.09,76,18.09,100,63.96
12.7,27.4,0.00,0.00,58,18.09,69,18.09,75,18.09,100,63.96
11.5,27.4,0.00,0.00,72,18.09,62,18.09,71,18.09,100,63.96
13.7,27.4,0.00,0.00,74,18.09,65,18.09,73,18.09,100,63.96
12.3,27.4,0.00,0.00,72,18.09,69,18.09,74,18.09,100,63.96
12.1,27.4,0.00,0.00,66,18.09,66,18.09,70,18.09,100,63.96
12.1,27.4,0.00,0.00,63,18.09,72,18.09,67,18.09,100,63.96
12.9,27.4,0.00,0.00,64,18.09,71,18.09,76,18.09,100,63.96
12.7,27.4,0.00,0.00,65,18.09,67,18.09,70,18.09,100,63.96
12.7,27.4,0.00,0.00,64,18.09,71,18.09,55,18.09,100,63.96
12.7,27.4,0.00,0.00,70,18.09,69,18.09,72,18.09,100,63.96
11.9,27.4,0.00,0.00,73,18.09,72,18.09,73,18.09,100,63.96
12.6,27.4,0.00,0.00,76,18.09,61,18.09,65,18.09,100,63.96
11.3,27.4,0.00,0.00,75,18.09,58,18.09,69,18.09,100,63.96
14.7,27.4,0.00,0.00,62,18.09,65,18.09,70,18.09,100,63.96
13.6,27.4,0.00,0.00,70,18.09,67,18.09,76,18.09,100,63.96
12.9,27.4,0.00,0.00,72,18.09,59,18.09,72,18.09,100,63.96
13.3,27.4,0.00,0.00,71,18.09,60,18.09,73,18.09,100,63.96
12.1,27.4,0.00,0.00,74,18.09,63,18.09,73,18.09,100,63.96
28.2,27.4,0.00,0.00,62,18.09,45,18.09,41,18.04,100,63.96
6.0,13.4,0.00,0.00,0,2.67,3,2.67,3,2.67,100,63.96
2.5,13.0,0.00,0.00,0,2.67,0,2.67,0,2.67,100,63.96
4.2,13.0,0.00,0.00,0,2.67,0,2.67,0,2.67,100,63.96
6.3,13.2,0.00,0.00,0,2.67,0,2.67,0,2.67,100,63.96
7.3,13.6,0.00,0.00,0,2.67,0,2.67,0,2.67,100,63.96
37.0,14.2,0.00,0.00,0,2.67,0,2.67,0,2.67,100,63.96
85.4,14.9,0.00,0.00,0,2.67,0,2.67,0,2.67,100,63.96
10.0,15.7,0.00,0.00,0,4.58,0,6.51,3,7.81,100,68.68
8.5,21.4,0.00,0.00,5,9.81,4,9.81,2,9.81,100,74.05
10.4,23.2,0.00,0.00,0,9.81,0,9.81,0,9.81,100,74.05
12.7,23.8,0.00,0.00,0,9.81,0,9.81,0,9.81,99,74.05
10.8,24.8,0.00,0.00,0,9.81,0,9.81,0,9.81,100,74.05
10.8,25.4,0.00,0.00,0,9.81,0,9.81,0,9.81,100,74.05
12.3,26.4,0.00,0.00,0,9.81,0,9.81,0,9.81,98,74.05
11.7,27.0,0.00,0.00,0,9.81,0,9.81,0,9.81,100,74.13
16.1,28.0,0.00,0.00,0,9.81,0,9.81,0,9.81,0,74.13
11.4,27.2,0.00,0.00,0,9.81,0,10.37,0,11.86,0,74.59
12.1,30.8,0.00,0.00,1,23.19,60,23.19,53,23.19,17,84.06
15.9,31.6,0.00,0.00,81,23.19,82,23.19,78,23.19,83,84.06
14.8,31.7,0.00,0.00,84,23.19,78,23.19,77,23.19,87,84.06
17.3,32.0,0.00,0.00,83,23.19,82,23.19,61,23.19,76,84.06
17.0,32.2,0.00,0.00,72,23.19,71,23.19,80,23.19,82,84.06
14.6,32.5,0.00,0.00,85,23.19,80,23.19,71,23.19,82,84.06
11.9,32.6,0.00,0.00,79,23.19,58,23.19,72,23.19,93,84.06
15.2,32.7,0.00,0.00,87,23.19,63,23.19,71,23.19,100,84.06
12.3,32.7,0.00,0.00,91,23.19,57,23.19,71,23.19,100,84.06
16.6,32.7,0.00,0.00,92,23.19,59,23.19,73,23.19,100,84.06
14.2,32.7,0.00,0.00,90,23.19,79,23.19,72,23.19,100,84.06
16.7,32.7,0.00,0.00,82,23.19,78,23.19,73,23.19,100,84.06
17.1,32.7,0.00,0.00,81,23.19,75,23.19,81,23.19,100,84.06
11.9,32.7,0.00,0.00,83,23.19,80,23.19,61,23.19,100,84.06
13.4,32.7,0.00,0.00,83,23.19,79,23.19,60,23.19,100,84.06
17.2,32.7,0.00,0.00,83,23.19,80,23.19,59,23.19,100,84.06
14.0,32.7,0.00,0.00,82,23.19,79,23.19,83,23.19,100,84.06
17.5,32.7,0.00,0.00,76,23.19,78,23.19,80,23.19,100,84.06
12.3,32.7,0.00,0.00,76,23.19,79,23.19,79,23.19,100,84.06
16.5,32.7,0.00,0.00,70,23.19,85,23.19,73,23.19,100,84.06
19.1,32.7,0.00,0.00,74,23.19,82,23.19,76,23.19,100,84.06
19.6,32.7,0.00,0.00,76,23.19,67,23.19,79,23.19,100,84.06
19.9,32.8,0.00,0.00,75,23.19,62,23.19,85,23.19,100,84.06
18.9,32.7,0.00,0.00,79,23.19,69,23.19,71,23.19,100,84.06
15.4,32.7,0.00,0.00,81,23.19,64,23.19,71,23.19,100,84.06
15.4,32.7,0.00,0.00,80,23.19,79,23.19,88,23.19,100,84.06
15.1,32.7,0.00,0.00,85,23.19,64,23.19,87,23.19,100,84.06
13.2,32.7,0.00,0.00,86,23.19,68,23.19,74,23.19,100,84.06
12.7,32.7,0.00,0.00,79,23.29,60,23.29,51,23.29,100,84.06
81.3,28.1,0.00,0.00,0,23.29,0,23.29,0,23.29,100,84.06
32.5,28.6,0.00,0.00,0,23.29,0,23.29,0,23.29,100,84.06
10.6,29.4,0.00,0.00,0,23.29,0,23.29,0,23.29,100,84.06
89.1,29.8,0.00,0.00,0,23.29,0,23.29,0,23.29,100,84.06
70.7,30.5,0.00,0.00,0,23.29,0,23.29,0,23.29,100,84.06
39.9,31.1,0.00,0.00,0,23.29,0,23.29,0,23.29,100,84.06
37.5,31.7,0.00,0.00,0,23.29,0,23.29,0,23.29,100,84.06
10.6,32.3,0.00,0.00,0,23.29,0,23.29,4,23.29,100,84.06
15.7,32.8,0.00,0.00,57,23.29,35,23.29,77,23.29,100,84.06
13.8,32.7,0.00,0.00,84,23.29,74,23.29,77,23.29,100,84.06
13.2,32.7,0.00,0.00,81,23.29,73,23.29,80,23.29,100,84.06
16.5,32.7,0.00,0.00,84,23.29,80,23.29,72,23.29,100,84.06
14.9,32.7,0.00,0.00,85,23.29,83,23.29,53,23.29,100,84.06
15.9,32.7,0.00,0.00,88,23.29,73,23.29,84,23.29,100,84.06
14.0,32.7,0.00,0.00,87,23.29,61,23.29,75,23.29,100,84.06
14.4,32.7,0.00,0.00,85,23.29,77,23.29,61,23.29,100,84.06
14.0,32.7,0.00,0.00,85,23.29,79,23.29,58,23.29,100,84.06
14.0,32.7,0.00,0.00,87,23.29,68,23.29,70,23.29,100,84.06
16.0,32.7,0.00,0.00,85,23.29,74,23.29,75,23.29,100,84.06
13.7,32.7,0.00,0.00,75,23.29,82,23.29,82,23.29,100,84.06
15.2,32.7,0.00,0.00,83,23.29,64,23.29,78,23.29,100,84.06
18.8,32.7,0.00,0.00,78,23.29,63,23.29,91,23.29,100,84.06
16.5,32.7,0.00,0.00,87,23.29,75,23.29,86,23.29,100,84.06
14.2,32.7,0.00,0.00,82,23.29,72,23.29,86,23.29,100,84.06
17.3,32.7,0.00,0.00,83,23.29,75,23.29,84,23.29,100,84.06
15.0,32.7,0.00,0.00,80,23.29,65,23.29,89,23.29,100,84.06
13.6,32.7,0.00,0.00,86,23.29,69,23.29,88,23.29,100,84.06
14.2,32.7,0.00,0.00,82,23.29,78,23.29,70,23.29,100,84.06
12.5,32.7,0.00,0.00,83,23.29,83,23.29,76,23.29,100,84.06
17.9,32.7,0.00,0.00,84,23.29,68,23.29,84,23.29,100,84.06
15.0,32.7,0.00,0.00,91,23.29,62,23.29,86,23.29,100,84.06
12.4,32.7,0.00,0.00,90,23.29,59,23.29,85,23.29,100,84.06
15.7,32.7,0.00,0.00,84,23.29,77,23.29,81,23.29,100,84.06
16.9,32.7,0.00,0.00,79,23.29,81,23.29,71,23.29,100,84.06
15.7,32.7,0.00,0.00,81,23.29,81,23.29,77,23.29,100,84.06
10.6,32.7,0.00,0.00,83,23.29,83,23.29,35,23.29,100,84.06
29.4,28.1,0.00,0.00,0,23.29,0,23.29,0,23.29,100,84.06
90.2,28.6,0.00,0.00,0,23.29,0,23.29,0,23.29,100,84.06
40.0,29.3,0.00,0.00,0,23.29,0,23.29,0,23.29,100,84.06
75.3,29.8,0.00,0.00,0,23.29,0,23.29,0,23.29,100,84.06
59.6,30.5,0.00,0.00,0,23.29,0,23.29,0,23.29,100,84.06
84.6,31.0,0.00,0.00,0,23.29,0,23.29,0,23.29,100,84.06
78.1,31.7,0.00,0.00,0,23.29,0,23.29,0,23.29,100,84.06
33.9,32.3,0.00,0.00,0,23.29,0,23.29,0,23.29,100,84.06
12.1,32.8,0.00,0.00,85,23.29,87,23.29,51,23.29,100,84.06
14.2,32.7,0.00,0.00,74,23.29,75,23.29,84,23.29,100,84.06
12.9,32.8,0.00,0.00,81,23.29,78,23.29,83,23.29,100,84.06
16.2,32.7,0.00,0.00,80,23.29,61,23.29,89,23.29,100,84.06
14.8,32.8,0.00,0.00,87,23.29,79,23.29,58,23.29,100,84.06
14.4,32.7,0.00,0.00,86,23.29,84,23.29,58,23.29,100,84.06
16.8,32.7,0.00,0.00,83,23.29,80,23.29,74,23.29,100,84.06
16.4,32.7,0.00,0.00,84,23.29,85,23.29,66,23.29,100,84.06
16.2,32.7,0.00,0.00,84,23.29,78,23.29,80,23.29,100,84.06
14.4,32.7,0.00,0.00,88,23.29,68,23.29,69,23.29,100,84.06
15.4,32.7,0.00,0.00,77,23.29,84,23.29,72,23.29,100,84.06
15.7,32.7,0.00,0.00,79,23.29,85,23.29,73,23.29,100,84.06
15.4,32.7,0.00,0.00,84,23.29,62,23.29,78,23.29,100,84.06
14.6,32.7,0.00,0.00,86,23.29,59,23.29,84,23.29,100,84.06
13.3,32.7,0.00,0.00,84,23.29,57,23.29,59,23.29,100,84.06
12.9,32.7,0.00,0.00,86,23.29,87,23.29,58,23.29,100,84.06
15.3,32.7,0.00,0.00,87,23.29,86,23.29,68,23.29,100,84.06
12.9,32.7,0.00,0.00,82,23.29,78,23.29,80,23.29,100,84.06
12.5,32.7,0.00,0.00,81,23.29,66,23.29,74,23.29,100,84.06
15.5,32.7,0.00,0.00,83,23.29,61,23.29,80,23.29,100,84.06
17.4,32.7,0.00,0.00,84,23.29,61,23.29,74,23.29,100,84.06
15.3,32.7,0.00,0.00,82,23.29,75,23.29,78,23.29,100,84.06
12.9,32.7,0.00,0.00,82,23.29,78,23.29,73,23.29,100,84.06
15.4,32.7,0.00,0.00,81,23.29,79,23.29,76,23.29,100,84.06
16.3,32.7,0.00,0.00,78,23.29,82,23.29,81,23.29,100,84.06
13.1,32.7,0.00,0.00,82,23.29,74,23.29,80,23.29,100,84.06
18.0,32.7,0.00,0.00,83,23.29,66,23.29,85,23.29,100,84.06
11.4,32.7,0.00,0.00,82,23.29,84,23.29,75,23.29,100,84.06
19.9,27.7,0.00,0.00,27,23.24,0,2.67,0,2.67,100,84.06
5.8,18.1,0.00,0.00,0,2.67,0,2.67,0,2.67,100,84.06
5.2,18.1,0.00,0.00,0,2.67,0,2.67,0,2.67,100,84.06
6.4,18.1,0.00,0.00,0,2.67,0,2.67,0,2.67,100,84.06
6.0,18.0,0.00,0.00,0,2.67,0,2.67,0,2.67,100,84.06
4.2,18.0,0.00,0.00,0,2.67,0,2.67,0,2.67,100,84.06
7.5,18.3,0.00,0.00,0,2.67,0,2.67,0,2.67,100,84.06
9.0,18.4,0.00,0.00,0,2.67,0,2.67,0,2.67,100,84.06
6.3,18.7,0.00,0.00,0,2.67,0,2.67,0,2.67,100,84.06
6.9,18.8,0.00,0.00,0,2.67,0,2.67,0,2.67,100,84.06
6.5,19.6,0.00,0.00,0,2.67,0,2.67,0,2.67,100,84.06
8.5,21.0,0.00,0.00,1,15.84,0,2.67,0,2.67,100,84.06
8.1,20.7,0.00,0.00,8,29.39,0,2.67,0,2.67,100,84.06
8.9,20.9,0.00,0.00,0,29.39,0,2.67,0,2.67,100,84.06
8.5,21.2,0.00,0.00,0,29.39,0,2.67,0,2.67,100,84.06
6.4,21.3,0.00,0.00,0,29.39,0,2.67,0,2.67,100,84.06
6.4,21.6,0.00,0.00,0,29.39,0,2.67,0,2.67,100,84.06
6.7,21.7,0.00,0.00,0,29.39,0,2.67,0,2.67,100,84.06
9.2,22.0,0.00,0.00,0,29.39,0,2.67,0,2.67,100,84.06
7.9,22.3,0.00,0.00,0,31.49,0,2.67,0,2.67,100,84.06
7.9,23.0,0.00,0.00,99,58.1,0,2.67,0,2.67,100,84.06
8.1,23.0,0.00,0.00,99,58.1,0,2.67,0,2.67,100,84.06
10.9,23.0,0.00,0.00,100,58.1,0,2.67,0,2.67,100,84.06
11.3,23.0,0.00,0.00,100,58.1,0,2.67,0,2.67,100,84.06
11.1,23.0,0.00,0.00,100,58.1,0,2.67,0,2.67,100,84.06
9.6,23.0,0.00,0.00,100,58.1,0,2.67,0,2.67,100,84.06
6.5,23.0,0.00,0.00,100,58.1,0,2.67,0,2.67,100,84.06
8.3,23.0,0.00,0.00,100,58.1,0,2.67,0,2.67,100,84.06
6.5,23.0,0.00,0.00,100,58.1,0,2.67,0,2.67,100,84.06
9.1,23.0,0.00,0.00,100,58.1,0,2.67,0,2.67,100,84.06
7.7,23.0,0.00,0.00,100,58.1,0,2.67,0,2.67,100,84.06
7.5,23.0,0.00,0.00,100,58.1,0,2.67,0,2.67,100,84.06
8.3,23.0,0.00,0.00,100,58.1,0,2.67,0,2.67,100,84.06
7.7,23.0,0.00,0.00,100,58.1,0,2.67,0,2.67,100,84.06
7.5,23.0,0.00,0.00,100,58.1,0,2.67,0,2.67,100,84.06
8.8,23.0,0.00,0.00,100,58.1,0,2.67,0,2.67,100,84.06
6.3,23.0,0.00,0.00,100,58.1,0,2.67,0,2.67,100,84.06
7.9,23.0,0.00,0.00,100,58.1,0,2.67,0,2.67,100,84.06
6.5,23.0,0.00,0.00,100,58.1,0,2.67,0,2.67,100,84.06
9.6,23.0,0.00,0.00,100,58.1,0,2.67,0,2.67,100,84.06
6.9,23.0,0.00,0.00,100,58.1,0,2.67,0,2.67,100,84.06
8.3,23.0,0.00,0.00,100,58.1,0,2.67,0,2.67,100,84.06
8.4,22.9,0.00,0.00,100,58.1,0,2.67,0,2.67,100,84.06
8.4,22.9,0.00,0.00,100,58.1,0,2.67,0,2.67,100,84.06
8.8,22.9,0.00,0.00,100,58.1,0,2.67,0,2.67,100,84.06
8.6,23.0,0.00,0.00,100,58.1,0,2.67,0,2.67,100,84.06
7.1,22.9,0.00,0.00,100,58.1,0,2.67,0,2.67,100,84.06
6.6,22.9,0.00,0.00,100,58.1,0,2.67,0,2.67,100,84.06
9.6,23.0,0.00,0.00,100,58.1,0,2.67,0,2.67,100,84.06
7.1,23.0,0.00,0.00,100,58.1,0,2.67,0,2.67,100,84.06
7.1,23.0,0.00,0.00,100,58.1,0,2.67,0,2.67,100,84.06
7.7,23.0,0.00,0.00,100,58.1,0,2.67,0,2.67,100,84.06
9.1,23.0,0.00,0.00,100,58.1,0,2.67,0,2.67,100,84.06
7.3,22.9,0.00,0.00,100,58.1,0,2.67,0,2.67,100,84.06
7.9,22.9,0.00,0.00,100,58.1,0,2.67,0,2.67,100,84.06
7.5,22.9,0.00,0.00,100,58.1,0,2.67,0,2.67,100,84.06
9.1,23.0,0.00,0.00,100,58.1,0,2.67,0,2.67,100,84.06
7.7,23.0,0.00,0.00,100,58.1,0,2.67,0,2.67,100,84.06
7.9,22.9,0.00,0.00,100,58.1,0,2.67,0,2.67,100,84.06
8.7,23.0,0.00,0.00,100,58.1,0,2.67,0,2.67,100,84.06
7.9,23.0,0.00,0.00,100,58.1,0,2.67,0,2.67,100,84.06
7.3,23.0,0.00,0.00,100,58.1,0,2.67,0,2.67,100,84.06
6.7,23.0,0.00,0.00,100,58.1,0,2.67,0,2.67,100,84.06
6.9,23.0,0.00,0.00,100,58.1,0,2.67,0,2.67,100,84.06
8.7,23.0,0.00,0.00,100,58.1,0,2.67,0,2.67,100,84.06
7.8,23.0,0.00,0.00,100,58.1,0,2.67,0,2.67,100,84.06
8.3,22.9,0.00,0.00,100,58.1,0,2.67,0,2.67,100,84.06
10.6,23.0,0.00,0.00,100,58.1,0,2.67,0,2.67,100,84.06
9.1,23.0,0.00,0.00,100,58.1,0,2.67,0,2.67,100,84.06
7.9,23.0,0.00,0.00,100,58.1,0,2.67,0,2.67,100,84.06
9.1,23.0,0.00,0.00,100,58.1,0,2.67,0,2.67,100,84.06
8.5,23.0,0.00,0.00,100,58.1,0,2.67,0,2.67,100,84.06
7.5,23.0,0.00,0.00,100,58.1,0,2.67,0,2.67,100,84.06
6.9,23.0,0.00,0.00,100,58.1,0,2.67,0,2.67,100,84.06
6.5,23.0,0.00,0.00,100,58.1,0,2.67,0,2.67,100,84.06
9.4,23.0,0.00,0.00,100,58.1,0,2.67,0,2.67,100,84.06
7.9,23.0,0.00,0.00,100,58.1,0,2.67,0,2.67,100,84.06
10.4,23.0,0.00,0.00,100,58.1,0,2.67,0,2.67,100,84.06
7.3,23.0,0.00,0.00,100,58.1,0,2.67,0,2.67,100,84.06
6.9,23.0,0.00,0.00,100,58.1,0,2.67,0,2.67,100,84.06
8.8,23.0,0.00,0.00,100,58.1,0,2.67,0,2.67,100,84.06
7.5,23.0,0.00,0.00,100,58.1,0,2.67,0,2.67,100,84.06
7.9,23.0,0.00,0.00,100,58.1,0,2.67,0,2.67,100,84.06
7.5,23.0,0.00,0.00,100,58.1,0,2.67,0,2.67,100,84.06
7.7,23.0,0.00,0.00,100,58.1,0,2.67,0,2.67,100,84.06
8.7,23.0,0.00,0.00,100,58.1,0,2.67,0,2.67,100,84.06
8.1,23.0,0.00,0.00,100,58.1,0,2.67,0,2.67,100,84.06
7.9,23.0,0.00,0.00,100,58.1,0,2.67,0,2.67,100,84.06
7.9,23.0,0.00,0.00,100,58.1,0,2.67,0,2.67,100,84.06
7.3,23.0,0.00,0.00,100,58.1,0,2.67,0,2.67,100,84.06
8.1,23.0,0.00,0.00,100,58.1,0,2.67,0,2.67,100,84.06
7.7,23.0,0.00,0.00,100,58.1,0,2.67,0,2.67,100,84.06
6.9,23.0,0.00,0.00,100,58.1,0,2.67,0,2.67,100,84.06
8.3,23.0,0.00,0.00,100,58.1,0,2.67,0,2.67,100,84.06
9.2,23.0,0.00,0.00,100,58.1,0,2.67,0,2.67,100,84.06
8.5,23.0,0.00,0.00,100,58.1,0,2.67,0,2.67,100,84.06
8.7,23.0,0.00,0.00,100,58.1,0,2.67,0,2.67,100,84.06
7.7,23.0,0.00,0.00,100,58.1,0,2.67,0,2.67,100,84.06
8.4,23.0,0.00,0.00,100,58.1,0,2.67,0,2.67,100,84.06
8.9,23.0,0.00,0.00,100,58.1,0,2.67,0,2.67,100,84.06
7.7,23.0,0.00,0.00,100,58.1,0,2.67,0,2.67,100,84.06
7.1,23.0,0.00,0.00,100,58.1,0,2.67,0,2.67,100,84.06
9.0,23.0,0.00,0.00,100,58.1,0,2.67,0,2.67,100,84.06
7.9,23.0,0.00,0.00,100,58.1,0,2.67,0,2.67,100,84.06
6.9,23.0,0.00,0.00,100,58.1,0,2.67,0,2.67,100,84.06
7.5,23.0,0.00,0.00,100,58.1,0,2.67,0,2.67,100,84.06
9.8,23.0,0.00,0.00,100,58.1,0,2.67,0,2.67,100,84.06
6.5,23.0,0.00,0.00,100,58.1,0,2.67,0,2.67,100,84.06
7.9,23.0,0.00,0.00,100,58.1,0,2.67,0,2.67,100,84.06
7.1,23.0,0.00,0.00,100,58.1,0,2.67,0,2.67,100,84.06
7.5,23.0,0.00,0.00,100,58.1,0,2.67,0,2.67,100,84.06
7.7,23.0,0.00,0.00,100,58.1,0,2.67,0,2.67,100,84.06
6.5,23.0,0.00,0.00,100,58.1,0,2.67,0,2.67,100,84.06
7.5,23.0,0.00,0.00,100,58.1,0,2.67,0,2.67,100,84.06
8.5,23.0,0.00,0.00,100,58.1,0,2.67,0,2.67,100,84.06
7.7,23.0,0.00,0.00,100,58.1,0,2.67,0,2.67,100,84.06
8.3,23.0,0.00,0.00,100,58.1,0,2.67,0,2.67,100,84.06
6.8,23.0,0.00,0.00,100,58.1,0,2.67,0,2.67,100,84.06
10.4,23.0,0.00,0.00,100,58.1,0,2.67,0,2.67,100,84.06
7.1,23.0,0.00,0.00,100,58.1,0,2.67,0,2.67,100,84.06
7.7,23.0,0.00,0.00,100,58.1,0,2.67,0,2.67,100,84.06
9.5,23.0,0.00,0.00,100,58.1,0,2.67,0,2.67,100,84.06
7.7,23.0,0.00,0.00,100,58.1,0,2.67,0,2.67,100,84.06
7.7,23.0,0.00,0.00,100,58.1,0,2.67,0,2.67,100,84.06
7.5,23.0,0.00,0.00,100,58.1,0,2.67,0,2.67,100,84.06
11.1,23.0,0.00,0.00,100,58.1,0,2.67,0,2.67,100,84.06
12.4,23.0,0.00,0.00,100,58.1,0,2.67,0,2.67,100,84.06
10.9,23.0,0.00,0.00,100,58.1,0,2.67,0,2.67,100,84.06
7.7,23.0,0.00,0.00,100,58.1,0,2.67,0,2.67,100,84.06
7.1,23.0,0.00,0.00,100,58.1,0,2.67,0,2.67,100,84.06
8.7,23.0,0.00,0.00,100,58.1,0,2.67,0,2.67,100,84.06
7.3,23.0,0.00,0.00,100,58.1,0,2.67,0,2.67,100,84.06
6.5,23.0,0.00,0.00,100,58.1,0,2.67,0,2.67,100,84.06
8.8,23.0,0.00,0.00,100,58.1,0,2.67,0,2.67,100,84.06
6.7,23.0,0.00,0.00,100,58.1,0,2.67,0,2.67,100,84.06
7.3,23.0,0.00,0.00,100,58.1,0,2.67,0,2.67,100,84.06
9.2,23.0,0.00,0.00,100,58.1,0,2.67,0,2.67,100,84.06
6.7,23.0,0.00,0.00,100,58.1,0,2.67,0,2.67,100,84.06
7.3,22.9,0.00,0.00,100,58.1,0,2.67,0,2.67,100,84.06
6.7,22.9,0.00,0.00,100,58.1,0,2.67,0,2.67,100,84.06
8.4,23.0,0.00,0.00,100,58.1,0,2.67,0,2.67,100,84.06
7.3,23.0,0.00,0.00,100,58.1,0,2.67,0,2.67,100,84.06
6.8,22.9,0.00,0.00,100,58.1,0,2.67,0,2.67,100,84.06
7.9,22.9,0.00,0.00,100,58.1,0,2.67,0,2.67,100,84.06
7.9,22.9,0.00,0.00,100,58.1,0,2.67,0,2.67,100,84.06
8.1,22.9,0.00,0.00,100,58.1,0,2.67,0,2.67,100,84.06
8.3,22.9,0.00,0.00,100,58.1,0,2.67,0,2.67,100,84.06
7.5,22.9,0.00,0.00,100,58.1,0,2.67,0,2.67,100,84.06
7.9,22.9,0.00,0.00,100,58.1,0,2.67,0,2.67,100,84.06
6.8,22.9,0.00,0.00,100,58.1,0,2.67,0,2.67,100,84.06
7.9,22.9,0.00,0.00,100,58.1,0,2.67,0,2.67,100,84.06
8.1,22.9,0.00,0.00,100,58.1,0,2.67,0,2.67,100,84.06
6.5,22.9,0.00,0.00,100,58.1,0,2.67,0,2.67,100,84.06
8.1,23.0,0.00,0.00,100,58.1,0,2.67,0,2.67,100,84.06
7.5,23.0,0.00,0.00,100,58.1,0,2.67,0,2.67,100,84.06
7.5,23.0,0.00,0.00,100,58.1,0,2.67,0,2.67,100,84.06
7.3,23.0,0.00,0.00,100,58.1,0,2.67,0,2.67,100,84.06
6.5,22.9,0.00,0.00,100,58.1,0,2.67,0,2.67,100,84.06
9.4,22.9,0.00,0.00,100,58.1,0,2.67,0,2.67,100,84.06
6.5,22.9,0.00,0.00,100,58.1,0,2.67,0,2.67,100,84.06
7.9,22.9,0.00,0.00,100,58.1,0,2.67,0,2.67,100,84.06
7.9,22.9,0.00,0.00,100,58.1,0,2.67,0,2.67,100,84.06
7.3,22.9,0.00,0.00,100,58.1,0,2.67,0,2.67,100,84.06
7.7,22.9,0.00,0.00,100,58.1,0,2.67,0,2.67,100,84.06
7.3,22.9,0.00,0.00,100,58.1,0,2.67,0,2.67,100,84.06
10.5,22.9,0.00,0.00,100,58.1,0,2.67,0,2.67,100,84.06
7.7,22.9,0.00,0.00,100,58.1,0,2.67,0,2.67,100,84.06
7.3,22.9,0.00,0.00,100,58.1,0,2.67,0,2.67,100,84.06
11.0,23.0,0.00,0.00,100,58.1,0,2.67,0,2.67,100,84.06
7.3,22.9,0.00,0.00,100,58.1,0,2.67,0,2.67,100,84.06
6.7,22.9,0.00,0.00,100,58.1,0,2.67,0,2.67,100,84.06
9.8,22.9,0.00,0.00,100,58.1,0,2.67,0,2.67,100,84.06
6.5,22.9,0.00,0.00,100,58.1,0,2.67,0,2.67,100,84.06
7.3,22.9,0.00,0.00,100,58.1,0,2.67,0,2.67,100,84.06
8.1,22.9,0.00,0.00,100,58.1,0,2.67,0,2.67,100,84.06
7.9,23.0,0.00,0.00,100,58.1,0,2.67,0,2.67,100,84.06
7.9,23.0,0.00,0.00,100,58.1,0,2.67,0,2.67,100,84.06
7.9,23.0,0.00,0.00,100,58.1,0,2.67,0,2.67,100,84.06
13.7,23.0,0.00,0.00,83,58.12,0,2.67,0,2.67,100,84.06
6.4,21.6,0.00,0.00,0,58.12,0,2.67,0,2.67,100,84.06
12.5,21.8,0.00,0.00,0,58.12,0,2.67,0,2.67,100,84.06
6.3,22.0,0.00,0.00,0,58.12,0,2.67,0,2.67,100,84.06
8.6,22.2,0.00,0.00,0,58.12,0,2.67,0,2.67,100,84.06
7.4,22.5,0.00,0.00,0,58.12,0,2.67,0,2.67,100,84.06
6.5,22.7,0.00,0.00,0,58.12,0,2.67,0,2.67,100,84.06
9.6,22.9,0.00,0.00,0,58.12,0,2.67,0,2.67,100,84.06
7.3,23.0,0.00,0.00,4,58.12,0,2.67,0,2.67,100,84.06
6.7,23.0,0.00,0.00,100,58.12,0,2.67,0,2.67,100,84.06
8.8,23.0,0.00,0.00,100,58.12,0,2.67,0,2.67,100,84.06
9.1,23.0,0.00,0.00,100,58.12,0,2.67,0,2.67,100,84.06
7.7,23.0,0.00,0.00,100,58.12,0,2.67,0,2.67,100,84.06
9.5,23.0,0.00,0.00,100,58.12,0,2.67,0,2.67,100,84.06
9.3,23.0,0.00,0.00,100,58.12,0,2.67,0,2.67,100,84.06
8.1,23.0,0.00,0.00,100,58.12,0,2.67,0,2.67,100,84.06
7.3,23.0,0.00,0.00,100,58.12,0,2.67,0,2.67,100,84.06
7.1,23.0,0.00,0.00,100,58.12,0,2.67,0,2.67,100,84.06
7.5,23.0,0.00,0.00,100,58.12,0,2.67,0,2.67,100,84.06
6.9,23.0,0.00,0.00,100,58.12,0,2.67,0,2.67,100,84.06
8.4,23.0,0.00,0.00,100,58.12,0,2.67,0,2.67,100,84.06
9.6,23.0,0.00,0.00,100,58.12,0,2.67,0,2.67,100,84.06
7.3,23.0,0.00,0.00,100,58.12,0,2.67,0,2.67,100,84.06
6.5,23.0,0.00,0.00,100,58.12,0,2.67,0,2.67,100,84.06
8.4,23.0,0.00,0.00,100,58.12,0,2.67,0,2.67,100,84.06
7.3,23.0,0.00,0.00,100,58.12,0,2.67,0,2.67,100,84.06
6.9,23.0,0.00,0.00,100,58.12,0,2.67,0,2.67,100,84.06
8.3,23.0,0.00,0.00,100,58.12,0,2.67,0,2.67,100,84.06
8.5,23.0,0.00,0.00,100,58.12,0,2.67,0,2.67,100,84.06
7.7,23.0,0.00,0.00,100,58.12,0,2.67,0,2.67,100,84.06
9.8,23.0,0.00,0.00,100,58.12,0,2.67,0,2.67,100,84.06
9.4,23.0,0.00,0.00,100,58.12,0,2.67,0,2.67,100,84.06
7.3,23.0,0.00,0.00,100,58.12,0,2.67,0,2.67,100,84.06
8.3,23.0,0.00,0.00,100,58.12,0,2.67,0,2.67,100,84.06
8.7,23.0,0.00,0.00,100,58.12,0,2.67,0,2.67,100,84.06
7.1,23.0,0.00,0.00,100,58.12,0,2.67,0,2.67,100,84.06
7.3,23.0,0.00,0.00,100,58.12,0,2.67,0,2.67,100,84.06
8.3,23.0,0.00,0.00,100,58.12,0,2.67,0,2.67,100,84.06
7.5,23.0,0.00,0.00,100,58.12,0,2.67,0,2.67,100,84.06
6.9,23.0,0.00,0.00,100,58.12,0,2.67,0,2.67,100,84.06
8.8,23.0,0.00,0.00,100,58.12,0,2.67,0,2.67,100,84.06
7.7,23.0,0.00,0.00,100,58.12,0,2.67,0,2.67,100,84.06
7.5,23.0,0.00,0.00,100,58.12,0,2.67,0,2.67,100,84.06
7.1,23.0,0.00,0.00,100,58.12,0,2.67,0,2.67,100,84.06
8.8,23.0,0.00,0.00,100,58.12,0,2.67,0,2.67,100,84.06
7.9,23.0,0.00,0.00,100,58.12,0,2.67,0,2.67,100,84.06
6.9,23.0,0.00,0.00,100,58.12,0,2.67,0,2.67,100,84.06
10.2,23.0,0.00,0.00,100,58.12,0,2.67,0,2.67,100,84.06
7.5,23.0,0.00,0.00,100,58.12,0,2.67,0,2.67,100,84.06
6.5,23.0,0.00,0.00,100,58.12,0,2.67,0,2.67,100,84.06
11.7,23.0,0.00,0.00,100,58.12,0,2.67,0,2.67,100,84.06
12.0,23.0,0.00,0.00,100,58.12,0,2.67,0,2.67,100,84.06
10.1,23.0,0.00,0.00,100,58.12,0,2.67,0,2.67,100,84.06
8.8,23.0,0.00,0.00,100,58.12,0,2.67,0,2.67,100,84.06
6.9,23.0,0.00,0.00,100,58.12,0,2.67,0,2.67,100,84.06
7.1,23.0,0.00,0.00,100,58.12,0,2.67,0,2.67,100,84.06
8.5,23.0,0.00,0.00,100,58.12,0,2.67,0,2.67,100,84.06
6.3,23.0,0.00,0.00,100,58.12,0,2.67,0,2.67,100,84.06
7.5,23.0,0.00,0.00,100,58.12,0,2.67,0,2.67,100,84.06
7.5,23.0,0.00,0.00,100,58.12,0,2.67,0,2.67,100,84.06
6.9,23.0,0.00,0.00,100,58.12,0,2.67,0,2.67,100,84.06
14.2,21.4,0.00,0.00,100,58.12,0,2.67,0,2.67,79,84.06
7.1,21.6,0.00,0.00,100,58.12,0,2.67,0,2.67,86,84.06
7.9,21.8,0.00,0.00,100,58.12,0,2.67,0,2.67,75,84.06
7.7,22.0,0.00,0.00,100,58.12,0,2.67,0,2.67,73,84.06
90.7,22.3,0.00,0.00,100,58.12,0,2.67,0,2.67,87,84.06
7.5,22.5,0.00,0.00,100,58.12,0,2.67,0,2.67,87,84.06
6.7,22.7,0.00,0.00,100,58.12,0,2.67,0,2.67,85,84.06
7.9,22.9,0.00,0.00,100,58.12,0,2.67,0,2.67,81,84.06
8.3,23.0,0.00,0.00,100,58.12,0,2.67,0,2.67,100,84.06
6.7,23.0,0.00,0.00,100,58.12,0,2.67,0,2.67,100,84.06
9.0,23.0,0.00,0.00,100,58.12,0,2.67,0,2.67,100,84.06
7.3,23.0,0.00,0.00,100,58.12,0,2.67,0,2.67,100,84.06
7.3,23.0,0.00,0.00,100,58.12,0,2.67,0,2.67,100,84.06
7.7,23.0,0.00,0.00,100,58.12,0,2.67,0,2.67,100,84.06
6.5,23.0,0.00,0.00,100,58.12,0,2.67,0,2.67,100,84.19
80.7,21.5,0.00,0.00,100,58.12,0,2.67,0,2.67,100,84.19
58.1,21.7,0.00,0.00,100,58.12,0,2.67,0,2.67,100,84.19
27.3,22.0,0.00,0.00,99,58.12,0,2.67,0,2.67,100,84.19
7.5,22.1,0.00,0.00,100,58.12,0,2.67,0,2.67,100,84.19
6.6,22.4,0.00,0.00,100,58.12,0,2.67,0,2.67,100,84.19
7.7,22.6,0.00,0.00,100,58.12,0,2.67,0,2.67,100,84.19
8.3,22.9,0.00,0.00,98,58.12,0,2.67,0,2.67,100,84.19
6.9,23.0,0.00,0.00,99,58.12,0,2.67,0,2.67,100,84.19
7.9,23.1,0.00,0.00,100,58.12,0,2.67,0,2.67,100,84.19
7.5,23.1,0.00,0.00,100,58.12,0,2.67,0,2.67,100,84.19
7.7,23.1,0.00,0.00,100,58.12,0,2.67,0,2.67,100,84.19
6.9,23.1,0.00,0.00,100,58.12,0,2.67,0,2.67,100,84.19
8.7,23.1,0.00,0.00,100,58.12,0,2.67,0,2.67,100,84.19
8.1,23.1,0.00,0.00,100,58.12,0,2.67,0,2.67,100,84.19
6.7,23.1,0.00,0.00,100,58.12,0,2.67,0,2.67,100,84.19
8.7,23.1,0.00,0.00,100,58.12,0,2.67,0,2.67,100,84.19
10.8,23.1,0.00,0.00,100,58.12,0,2.67,0,2.67,100,84.19
6.7,23.1,0.00,0.00,100,58.12,0,2.67,0,2.67,100,84.19
8.6,23.1,0.00,0.00,100,58.12,0,2.67,0,2.67,100,84.19
7.3,23.1,0.00,0.00,100,58.12,0,2.67,0,2.67,100,84.19
7.1,23.1,0.00,0.00,100,58.12,0,2.67,0,2.67,100,84.19
8.1,23.1,0.00,0.00,100,58.12,0,2.67,0,2.67,100,84.19
6.7,23.1,0.00,0.00,100,58.12,0,2.67,0,2.67,100,84.19
8.1,23.1,0.00,0.00,100,58.12,0,2.67,0,2.67,100,84.19
8.4,23.1,0.00,0.00,100,58.12,0,2.67,0,2.67,100,84.19
8.3,23.1,0.00,0.00,100,58.12,0,2.67,0,2.67,100,84.19
9.3,23.1,0.00,0.00,100,58.12,0,2.67,0,2.67,100,84.19
8.4,23.1,0.00,0.00,100,58.12,0,2.67,0,2.67,100,84.19
7.9,23.1,0.00,0.00,100,58.12,0,2.67,0,2.67,100,84.19
6.9,23.1,0.00,0.00,100,58.12,0,2.67,0,2.67,100,84.19
7.5,23.1,0.00,0.00,100,58.12,0,2.67,0,2.67,100,84.19
7.3,23.1,0.00,0.00,100,58.12,0,2.67,0,2.67,100,84.19
8.6,23.1,0.00,0.00,100,58.12,0,2.67,0,2.67,100,84.19
7.7,23.1,0.00,0.00,100,58.12,0,2.67,0,2.67,100,84.19
11.9,23.1,0.00,0.00,100,58.12,0,2.67,0,2.67,100,84.19
11.2,23.1,0.00,0.00,100,58.12,0,2.67,0,2.67,100,84.19
7.9,23.1,0.00,0.00,100,58.12,0,2.67,0,2.67,100,84.19
8.7,23.1,0.00,0.00,100,58.12,0,2.67,0,2.67,100,84.19
9.0,23.1,0.00,0.00,100,58.12,0,2.67,0,2.67,100,84.19
7.3,23.1,0.00,0.00,100,58.12,0,2.67,0,2.67,100,84.19
7.9,23.1,0.00,0.00,100,58.12,0,2.67,0,2.67,100,84.19
7.7,23.1,0.00,0.00,100,58.12,0,2.67,0,2.67,100,84.19
6.3,23.1,0.00,0.00,100,58.12,0,2.67,0,2.67,100,84.19
9.8,23.1,0.00,0.00,100,58.12,0,2.67,0,2.67,100,84.19
7.5,23.1,0.00,0.00,100,58.12,0,2.67,0,2.67,100,84.19
6.5,23.1,0.00,0.00,100,58.12,0,2.67,0,2.67,100,84.19
9.0,23.1,0.00,0.00,100,58.12,0,2.67,0,2.67,100,84.19
8.4,23.1,0.00,0.00,100,58.12,0,2.67,0,2.67,100,84.19
9.1,23.1,0.00,0.00,100,58.12,0,2.67,0,2.67,100,84.19
7.7,23.1,0.00,0.00,100,58.12,0,2.67,0,2.67,100,84.19
6.7,23.1,0.00,0.00,99,58.12,0,2.67,0,2.67,100,84.19
9.2,23.0,0.00,0.00,100,58.12,0,2.67,0,2.67,100,84.19
7.5,23.0,0.00,0.00,100,58.12,0,2.67,0,2.67,100,84.19
7.5,23.1,0.00,0.00,100,58.12,0,2.67,0,2.67,100,84.19
8.3,23.1,0.00,0.00,100,58.12,0,2.67,0,2.67,100,84.19
6.9,23.1,0.00,0.00,100,58.12,0,2.67,0,2.67,100,84.19
9.3,23.1,0.00,0.00,100,58.12,0,2.67,0,2.67,100,84.19
9.0,23.0,0.00,0.00,100,58.12,0,2.67,0,2.67,100,84.19
7.7,23.1,0.00,0.00,100,58.12,0,2.67,0,2.67,100,84.19
7.7,23.0,0.00,0.00,100,58.12,0,2.67,0,2.67,100,84.19
7.3,23.1,0.00,0.00,100,58.12,0,2.67,0,2.67,100,84.19
7.9,23.0,0.00,0.00,100,58.12,0,2.67,0,2.67,100,84.19
8.1,23.1,0.00,0.00,100,58.12,0,2.67,0,2.67,100,84.19
7.3,23.0,0.00,0.00,100,58.12,0,2.67,0,2.67,100,84.19
9.4,23.0,0.00,0.00,100,58.12,0,2.67,0,2.67,100,84.19
8.1,23.0,0.00,0.00,100,58.12,0,2.67,0,2.67,100,84.19
7.9,23.1,0.00,0.00,100,58.12,0,2.67,0,2.67,100,84.19
6.9,23.0,0.00,0.00,100,58.12,0,2.67,0,2.67,100,84.19
7.9,23.0,0.00,0.00,100,58.12,0,2.67,0,2.67,100,84.19
8.1,23.0,0.00,0.00,100,58.12,0,2.67,0,2.67,100,84.19
7.3,23.0,0.00,0.00,100,58.12,0,2.67,0,2.67,100,84.19
7.5,23.0,0.00,0.00,100,58.12,0,2.67,0,2.67,100,84.19
7.1,23.0,0.00,0.00,100,58.12,0,2.67,0,2.67,100,84.19
9.2,23.0,0.00,0.00,99,58.12,0,2.67,0,2.67,100,84.19
6.5,23.0,0.00,0.00,100,58.12,0,2.67,0,2.67,100,84.19
7.3,23.0,0.00,0.00,100,58.12,0,2.67,0,2.67,100,84.19
8.8,23.1,0.00,0.00,100,58.12,0,2.67,0,2.67,100,84.19
11.3,23.1,0.00,0.00,100,58.12,0,2.67,0,2.67,100,84.19
12.0,23.1,0.00,0.00,100,58.12,0,2.67,0,2.67,100,84.19
9.0,23.1,0.00,0.00,100,58.12,0,2.67,0,2.67,100,84.19
8.7,23.1,0.00,0.00,100,58.12,0,2.67,0,2.67,100,84.19
7.7,23.1,0.00,0.00,100,58.12,0,2.67,0,2.67,100,84.19
6.9,23.1,0.00,0.00,100,58.12,0,2.67,0,2.67,100,84.19
7.7,23.1,0.00,0.00,100,58.12,0,2.67,0,2.67,100,84.19
7.7,23.1,0.00,0.00,100,58.12,0,2.67,0,2.67,100,84.19
8.7,23.1,0.00,0.00,100,58.12,0,2.67,0,2.67,100,84.19
7.5,23.1,0.00,0.00,100,58.12,0,2.67,0,2.67,100,84.19
7.1,23.1,0.00,0.00,100,58.12,0,2.67,0,2.67,100,84.19
9.6,23.1,0.00,0.00,100,58.12,0,2.67,0,2.67,100,84.19
7.9,23.1,0.00,0.00,100,58.12,0,2.67,0,2.67,100,84.19
9.4,23.1,0.00,0.00,100,58.12,0,2.67,0,2.67,100,84.19
7.3,23.1,0.00,0.00,100,58.12,0,2.67,0,2.67,100,84.19
7.7,23.1,0.00,0.00,100,58.12,0,2.67,0,2.67,100,84.19
7.7,23.0,0.00,0.00,100,58.12,0,2.67,0,2.67,100,84.19
12.1,21.8,0.00,0.00,100,58.12,0,2.67,0,2.67,100,84.19
8.6,21.6,0.00,0.00,0,58.12,0,2.67,0,2.67,100,84.19
6.5,21.8,0.00,0.00,0,58.12,0,2.67,0,2.67,100,84.19
6.5,22.1,0.00,0.00,0,58.12,0,2.67,0,2.67,100,84.19
7.7,22.2,0.00,0.00,0,58.12,0,2.67,0,2.67,100,84.19
7.3,22.5,0.00,0.00,0,58.12,0,2.67,0,2.67,100,84.19
8.1,22.7,0.00,0.00,0,58.12,0,2.67,0,2.67,100,84.19
76.6,22.9,0.00,0.00,0,58.12,0,2.67,0,2.67,100,84.19
8.3,23.0,0.00,0.00,68,58.12,0,2.67,0,2.67,100,84.19
7.3,23.0,0.00,0.00,100,58.12,0,2.67,0,2.67,100,84.19
8.3,23.0,0.00,0.00,100,58.12,0,2.67,0,2.67,100,84.19
10.2,23.1,0.00,0.00,100,58.12,0,2.67,0,2.67,100,84.19
7.7,23.0,0.00,0.00,100,58.12,0,2.67,0,2.67,100,84.19
9.7,23.0,0.00,0.00,100,58.12,0,2.67,0,2.67,100,84.19
7.7,23.0,0.00,0.00,100,58.12,0,2.67,0,2.67,100,84.19
9.1,23.0,0.00,0.00,100,58.12,0,2.67,0,2.67,100,84.19
9.8,23.0,0.00,0.00,100,58.12,0,2.67,0,2.67,100,84.19
7.5,23.0,0.00,0.00,100,58.12,0,2.67,0,2.67,100,84.19
7.9,23.0,0.00,0.00,100,58.12,0,2.67,0,2.67,100,84.19
7.1,23.0,0.00,0.00,100,58.12,0,2.67,0,2.67,100,84.19
7.1,23.0,0.00,0.00,100,58.12,0,2.67,0,2.67,100,84.19
9.0,23.0,0.00,0.00,100,58.12,0,2.67,0,2.67,100,84.19
7.5,23.0,0.00,0.00,100,58.12,0,2.67,0,2.67,100,84.19
6.7,23.0,0.00,0.00,100,58.12,0,2.67,0,2.67,100,84.19
8.3,23.0,0.00,0.00,100,58.12,0,2.67,0,2.67,100,84.19
10.8,23.0,0.00,0.00,100,58.12,0,2.67,0,2.67,100,84.19
9.6,23.1,0.00,0.00,100,58.12,0,2.67,0,2.67,100,84.19
6.4,23.1,0.00,0.00,100,58.12,0,2.67,0,2.67,100,84.19
7.1,23.1,0.00,0.00,100,58.12,0,2.67,0,2.67,100,84.19
10.6,23.1,0.00,0.00,100,58.12,0,2.67,0,2.67,100,84.19
6.5,23.1,0.00,0.00,100,58.12,0,2.67,0,2.67,100,84.19
8.3,23.0,0.00,0.00,100,58.12,0,2.67,0,2.67,100,84.19
7.9,23.0,0.00,0.00,100,58.12,0,2.67,0,2.67,100,84.19
6.9,23.0,0.00,0.00,100,58.12,0,2.67,0,2.67,100,84.19
11.0,23.0,0.00,0.00,100,58.12,0,2.67,0,2.67,100,84.19
8.7,23.0,0.00,0.00,100,58.12,0,2.67,0,2.67,100,84.19
6.9,23.0,0.00,0.00,100,58.12,0,2.67,0,2.67,100,84.19
9.1,23.0,0.00,0.00,100,58.12,0,2.67,0,2.67,100,84.19
7.1,23.0,0.00,0.00,100,58.12,0,2.67,0,2.67,100,84.19
7.9,23.1,0.00,0.00,100,58.12,0,2.67,0,2.67,100,84.19
7.7,23.0,0.00,0.00,100,58.12,0,2.67,0,2.67,100,84.19
6.9,23.0,0.00,0.00,100,58.12,0,2.67,0,2.67,100,84.19
10.4,23.0,0.00,0.00,100,58.12,0,2.67,0,2.67,100,84.19
7.9,23.1,0.00,0.00,100,58.12,0,2.67,0,2.67,100,84.19
6.5,23.0,0.00,0.00,100,58.12,0,2.67,0,2.67,100,84.19
7.5,23.1,0.00,0.00,100,58.12,0,2.67,0,2.67,100,84.19
8.3,23.0,0.00,0.00,100,58.12,0,2.67,0,2.67,100,84.19
8.9,23.1,0.00,0.00,100,58.12,0,2.67,0,2.67,100,84.19
7.7,23.1,0.00,0.00,100,58.12,0,2.67,0,2.67,100,84.19
6.8,23.1,0.00,0.00,100,58.12,0,2.67,0,2.67,100,84.19
10.4,23.1,0.00,0.00,100,58.12,0,2.67,0,2.67,100,84.19
6.7,23.1,0.00,0.00,100,58.12,0,2.67,0,2.67,100,84.19
7.5,23.1,0.00,0.00,100,58.12,0,2.67,0,2.67,100,84.19
7.9,23.1,0.00,0.00,99,58.12,0,2.67,0,2.67,100,84.19
6.9,23.1,0.00,0.00,100,58.12,0,2.67,0,2.67,100,84.19
9.8,23.1,0.00,0.00,100,58.12,0,2.67,0,2.67,100,84.19
8.5,23.0,0.00,0.00,100,58.12,0,2.67,0,2.67,100,84.19
7.9,23.0,0.00,0.00,100,58.12,0,2.67,0,2.67,100,84.19
8.6,23.0,0.00,0.00,100,58.12,0,2.67,0,2.67,100,84.19
6.7,23.0,0.00,0.00,100,58.12,0,2.67,0,2.67,100,84.19
7.7,23.0,0.00,0.00,100,58.12,0,2.67,0,2.67,100,84.19
7.3,23.0,0.00,0.00,100,58.12,0,2.67,0,2.67,100,84.19
7.3,23.0,0.00,0.00,100,58.12,0,2.67,0,2.67,100,84.19
9.4,23.0,0.00,0.00,100,58.12,0,2.67,0,2.67,100,84.19
7.3,23.0,0.00,0.00,100,58.12,0,2.67,0,2.67,100,84.19
7.3,23.0,0.00,0.00,100,58.12,0,2.67,0,2.67,100,84.19
8.9,23.0,0.00,0.00,100,58.12,0,2.67,0,2.67,100,84.19
8.3,23.0,0.00,0.00,100,58.12,0,2.67,0,2.67,100,84.19
9.1,23.0,0.00,0.00,100,58.12,0,2.67,0,2.67,100,84.19
7.3,23.0,0.00,0.00,100,58.12,0,2.67,0,2.67,100,84.19
7.3,23.0,0.00,0.00,100,58.12,0,2.67,0,2.67,100,84.19
7.9,23.0,0.00,0.00,100,58.12,0,2.67,0,2.67,100,84.19
7.9,23.0,0.00,0.00,100,58.12,0,2.67,0,2.67,100,84.19
7.1,23.0,0.00,0.00,100,58.12,0,2.67,0,2.67,100,84.19
8.7,23.0,0.00,0.00,100,58.12,0,2.67,0,2.67,100,84.19
6.9,23.0,0.00,0.00,100,58.12,0,2.67,0,2.67,100,84.19
8.5,23.0,0.00,0.00,100,58.12,0,2.67,0,2.67,100,84.19
8.3,23.0,0.00,0.00,100,58.12,0,2.67,0,2.67,100,84.19
6.4,23.0,0.00,0.00,100,58.12,0,2.67,0,2.67,100,84.19
9.1,23.0,0.00,0.00,100,58.12,0,2.67,0,2.67,100,84.19
7.1,23.0,0.00,0.00,100,58.12,0,2.67,0,2.67,100,84.19
9.5,23.0,0.00,0.00,100,58.12,0,2.67,0,2.67,100,84.19
8.9,23.0,0.00,0.00,100,58.12,0,2.67,0,2.67,100,84.19
6.5,23.0,0.00,0.00,100,58.12,0,2.67,0,2.67,100,84.19
8.7,23.0,0.00,0.00,100,58.12,0,2.67,0,2.67,100,84.19
10.3,23.1,0.00,0.00,100,58.12,0,2.67,0,2.67,100,84.19
10.1,23.1,0.00,0.00,100,58.12,0,2.67,0,2.67,100,84.19
12.7,23.1,0.00,0.00,100,58.12,0,2.67,0,2.67,100,84.19
7.1,23.0,0.00,0.00,100,58.12,0,2.67,0,2.67,100,84.19
9.1,23.0,0.00,0.00,100,58.12,0,2.67,0,2.67,100,84.19
7.7,23.0,0.00,0.00,100,58.12,0,2.67,0,2.67,100,84.19
7.7,23.0,0.00,0.00,100,58.12,0,2.67,0,2.67,100,84.19
7.5,23.0,0.00,0.00,100,58.12,0,2.67,0,2.67,100,84.19
6.7,23.0,0.00,0.00,100,58.12,0,2.67,0,2.67,100,84.19
9.4,23.0,0.00,0.00,100,58.12,0,2.67,0,2.67,100,84.19
7.7,23.0,0.00,0.00,100,58.12,0,2.67,0,2.67,100,84.19
7.7,23.0,0.00,0.00,100,58.12,0,2.67,0,2.67,100,84.19
8.6,23.0,0.00,0.00,100,58.12,0,2.67,0,2.67,100,84.19
6.9,23.0,0.00,0.00,100,58.12,0,2.67,0,2.67,100,84.19
9.8,23.0,0.00,0.00,100,58.12,0,2.67,0,2.67,100,84.19
7.3,23.0,0.00,0.00,100,58.12,0,2.67,0,2.67,100,84.19
7.7,23.0,0.00,0.00,100,58.12,0,2.67,0,2.67,100,84.19
6.9,23.0,0.00,0.00,100,58.12,0,2.67,0,2.67,100,84.19
9.1,23.0,0.00,0.00,100,58.12,0,2.67,0,2.67,100,84.19
7.7,23.0,0.00,0.00,100,58.12,0,2.67,0,2.67,100,84.19
6.9,23.0,0.00,0.00,100,58.12,0,2.67,0,2.67,100,84.19
8.3,23.0,0.00,0.00,100,58.12,0,2.67,0,2.67,100,84.19
8.3,23.0,0.00,0.00,100,58.12,0,2.67,0,2.67,100,84.19
8.6,23.0,0.00,0.00,100,58.12,0,2.67,0,2.67,100,84.19
7.1,23.0,0.00,0.00,100,58.12,0,2.67,0,2.67,100,84.19
7.1,23.0,0.00,0.00,100,58.12,0,2.67,0,2.67,100,84.19
9.0,23.0,0.00,0.00,100,58.12,0,2.67,0,2.67,100,84.19
7.5,23.0,0.00,0.00,100,58.12,0,2.67,0,2.67,100,84.19
8.5,23.1,0.00,0.00,100,58.12,0,2.67,0,2.67,100,84.19
7.3,23.0,0.00,0.00,100,58.12,0,2.67,0,2.67,100,84.19
7.7,23.1,0.00,0.00,100,58.12,0,2.67,0,2.67,100,84.19
8.8,23.1,0.00,0.00,100,58.12,0,2.67,0,2.67,100,84.19
6.9,23.1,0.00,0.00,100,58.12,0,2.67,0,2.67,100,84.19
9.0,23.1,0.00,0.00,100,58.12,0,2.67,0,2.67,100,84.19
7.3,23.1,0.00,0.00,100,58.12,0,2.67,0,2.67,100,84.19
8.7,23.1,0.00,0.00,100,58.12,0,2.67,0,2.67,100,84.19
7.9,23.1,0.00,0.00,100,58.12,0,2.67,0,2.67,100,84.19
7.1,23.1,0.00,0.00,100,58.12,0,2.67,0,2.67,100,84.19
7.7,23.1,0.00,0.00,100,58.12,0,2.67,0,2.67,100,84.19
7.9,23.1,0.00,0.00,100,58.12,0,2.67,0,2.67,100,84.19
9.2,23.1,0.00,0.00,100,58.12,0,2.67,0,2.67,100,84.19
8.7,23.1,0.00,0.00,100,58.12,0,2.67,0,2.67,100,84.19
7.5,23.1,0.00,0.00,100,58.12,0,2.67,0,2.67,100,84.19
9.8,23.1,0.00,0.00,100,58.12,0,2.67,0,2.67,100,84.19
7.9,23.1,0.00,0.00,100,58.12,0,2.67,0,2.67,100,84.19
8.7,23.1,0.00,0.00,100,58.12,0,2.67,0,2.67,100,84.19
6.9,23.1,0.00,0.00,100,58.12,0,2.67,0,2.67,100,84.19
7.9,23.1,0.00,0.00,100,58.12,0,2.67,0,2.67,100,84.19
8.5,23.1,0.00,0.00,100,58.12,0,2.67,0,2.67,100,84.19
7.9,23.1,0.00,0.00,100,58.12,0,2.67,0,2.67,100,84.19
7.9,23.1,0.00,0.00,100,58.12,0,2.67,0,2.67,100,84.19
6.7,23.1,0.00,0.00,100,58.12,0,2.67,0,2.67,100,84.19
9.6,23.1,0.00,0.00,100,58.12,0,2.67,0,2.67,100,84.19
9.4,23.1,0.00,0.00,100,58.12,0,2.67,0,2.67,100,84.19
7.1,23.1,0.00,0.00,100,58.12,0,2.67,0,2.67,100,84.19
8.7,23.1,0.00,0.00,100,58.12,0,2.67,0,2.67,100,84.19
7.5,23.1,0.00,0.00,100,58.12,0,2.67,0,2.67,100,84.19
8.7,23.1,0.00,0.00,100,58.12,0,2.67,0,2.67,100,84.19
6.7,23.1,0.00,0.00,100,58.12,0,2.67,0,2.67,100,84.19
7.9,23.1,0.00,0.00,100,58.12,0,2.67,0,2.67,100,84.19
7.9,23.1,0.00,0.00,100,58.12,0,2.67,0,2.67,100,84.19
9.6,23.1,0.00,0.00,100,58.12,0,2.67,0,2.67,100,84.19
7.3,23.1,0.00,0.00,100,58.12,0,2.67,0,2.67,100,84.19
6.9,23.1,0.00,0.00,100,58.12,0,2.67,0,2.67,100,84.19
7.7,23.1,0.00,0.00,100,58.12,0,2.67,0,2.67,100,84.19
7.7,23.1,0.00,0.00,100,58.12,0,2.67,0,2.67,100,84.19
9.0,23.1,0.00,0.00,100,58.12,0,2.67,0,2.67,100,84.19
7.1,23.1,0.00,0.00,100,58.12,0,2.67,0,2.67,100,84.19
7.7,23.1,0.00,0.00,100,58.12,0,2.67,0,2.67,100,84.19
7.7,23.1,0.00,0.00,100,58.12,0,2.67,0,2.67,100,84.19
8.1,23.1,0.00,0.00,100,58.12,0,2.67,0,2.67,100,84.19
7.9,23.1,0.00,0.00,100,58.12,0,2.67,0,2.67,100,84.19
7.1,23.1,0.00,0.00,100,58.12,0,2.67,0,2.67,100,84.19
9.2,23.1,0.00,0.00,100,58.12,0,2.67,0,2.67,100,84.19
8.6,23.1,0.00,0.00,100,58.12,0,2.67,0,2.67,100,84.19
7.9,23.1,0.00,0.00,100,58.12,0,2.67,0,2.67,100,84.19
7.1,23.1,0.00,0.00,100,58.12,0,2.67,0,2.67,100,84.19
7.7,23.1,0.00,0.00,100,58.12,0,2.67,0,2.67,100,84.19
7.9,23.1,0.00,0.00,100,58.12,0,2.67,0,2.67,100,84.19
8.2,23.1,0.00,0.00,100,58.12,0,2.67,0,2.67,100,84.19
7.3,23.1,0.00,0.00,100,58.12,0,2.67,0,2.67,100,84.19
9.3,23.1,0.00,0.00,100,58.12,0,2.67,0,2.67,100,84.19
9.1,23.1,0.00,0.00,100,58.12,0,2.67,0,2.67,100,84.19
7.1,23.1,0.00,0.00,100,58.12,0,2.67,0,2.67,100,84.19
8.9,23.1,0.00,0.00,100,58.12,0,2.67,0,2.67,100,84.19
13.4,23.1,0.00,0.00,100,58.12,0,2.67,0,2.67,100,84.19
7.3,18.4,0.00,0.00,9,2.67,0,2.67,0,2.67,100,84.19
5.6,18.0,0.00,0.00,0,2.67,0,2.67,0,2.67,100,84.19
5.2,18.0,0.00,0.00,0,2.67,0,2.67,0,2.67,100,84.19
6.8,18.0,0.00,0.00,0,2.67,0,2.67,0,2.67,100,84.19
7.2,18.0,0.00,0.00,0,2.67,0,2.67,0,2.67,100,84.19
5.6,18.0,0.00,0.00,0,2.67,0,2.67,0,2.67,100,84.19
5.6,18.0,0.00,0.00,0,2.67,0,2.67,0,2.67,100,84.19
4.8,18.0,0.00,0.00,0,2.67,0,2.67,0,2.67,100,84.19
5.0,18.0,0.00,0.00,0,2.67,0,2.67,0,2.67,100,84.19
5.2,18.0,0.00,0.00,0,2.67,0,2.67,0,2.67,100,84.19
5.6,18.0,0.00,0.00,0,2.67,0,2.67,0,2.67,100,84.19
5.8,18.0,0.00,0.00,0,2.67,0,2.67,0,2.67,100,84.19
6.5,18.0,0.00,0.00,0,2.67,0,2.67,0,2.67,100,84.19
4.6,18.0,0.00,0.00,0,2.67,0,2.67,0,2.67,100,84.19
5.6,18.0,0.00,0.00,0,2.67,0,2.67,0,2.67,100,84.19
5.4,18.0,0.00,0.00,0,2.67,0,2.67,0,2.67,100,84.19
4.6,18.0,0.00,0.00,0,2.67,0,2.67,0,2.67,100,84.19
8.4,18.0,0.00,0.00,0,2.67,0,2.67,0,2.67,100,84.19
8.6,18.0,0.00,0.00,0,2.67,0,2.67,0,2.67,100,84.19
8.0,18.0,0.00,0.00,0,2.67,0,2.67,0,2.67,100,84.19
6.7,18.0,0.00,0.00,0,2.67,0,2.67,0,2.67,100,84.19
4.6,18.0,0.00,0.00,0,2.67,0,2.67,0,2.67,100,84.19
4.6,18.0,0.00,0.00,0,2.67,0,2.67,0,2.67,100,84.19
6.2,18.0,0.00,0.00,0,2.67,0,2.67,0,2.67,100,84.19
4.4,18.0,0.00,0.00,0,2.67,0,2.67,0,2.67,100,84.19
5.2,18.0,0.00,0.00,0,2.67,0,2.67,0,2.67,100,84.19
4.4,18.0,0.00,0.00,0,2.67,0,2.67,0,2.67,100,84.19
6.0,18.0,0.00,0.00,0,2.67,0,2.67,0,2.67,100,84.19
6.9,18.0,0.00,0.00,0,2.67,0,2.67,0,2.67,100,84.19
4.2,18.0,0.00,0.00,0,2.67,0,2.67,0,2.67,100,84.19
4.6,18.0,0.00,0.00,0,2.67,0,2.67,0,2.67,100,84.19
7.0,18.0,0.00,0.00,0,2.67,0,2.67,0,2.67,100,84.19
4.6,18.0,0.00,0.00,0,2.67,0,2.67,0,2.67,100,84.19
5.2,18.0,0.00,0.00,0,2.67,0,2.67,0,2.67,100,84.19
4.4,18.0,0.00,0.00,0,2.67,0,2.67,0,2.67,100,84.19
4.6,18.0,0.00,0.00,0,2.67,0,2.67,0,2.67,100,84.19
7.3,18.0,0.00,0.00,0,2.67,0,2.67,0,2.67,100,84.19
5.0,18.0,0.00,0.00,0,2.67,0,2.67,0,2.67,100,84.19
4.4,18.0,0.00,0.00,0,2.67,0,2.67,0,2.67,100,84.19
5.4,18.0,0.00,0.00,0,2.67,0,2.67,0,2.67,100,84.19
4.2,18.0,0.00,0.00,0,2.67,0,2.67,0,2.67,100,84.19
5.0,18.0,0.00,0.00,0,2.67,0,2.67,0,2.67,100,84.19
4.4,18.0,0.00,0.00,0,2.67,0,2.67,0,2.67,100,84.19
4.4,18.0,0.00,0.00,0,2.67,0,2.67,0,2.67,100,84.19
5.6,18.0,0.00,0.00,0,2.67,0,2.67,0,2.67,100,84.19
5.0,18.0,0.00,0.00,0,2.67,0,2.67,0,2.67,100,84.19
4.6,18.0,0.00,0.00,0,2.67,0,2.67,0,2.67,100,84.19
5.4,18.0,0.00,0.00,0,2.67,0,2.67,0,2.67,89,22.82
5.0,13.3,0.00,0.00,0,2.67,0,2.67,0,2.67,85,22.82
2.1,12.9,0.00,0.00,0,2.67,0,2.67,0,2.67,88,22.82
3.3,12.9,0.00,0.00,0,2.67,0,2.67,0,2.67,88,22.82
2.7,12.9,0.00,0.00,0,2.67,0,2.67,0,2.67,90,22.82
3.1,12.9,0.00,0.00,0,2.67,0,2.67,0,2.67,88,22.82
3.5,12.9,0.00,0.00,0,2.67,0,2.67,0,2.67,84,22.82
2.5,12.9,0.00,0.00,0,2.67,0,2.67,0,2.67,89,22.82
4.8,12.9,0.00,0.00,0,2.67,0,2.67,0,2.67,85,22.82
4.2,12.9,0.00,0.00,0,2.67,0,2.67,0,2.67,89,22.82
3.1,12.9,0.00,0.00,0,2.67,0,2.67,0,2.67,87,22.82
2.9,12.9,0.00,0.00,0,2.67,0,2.67,0,2.67,88,22.82
3.5,12.9,0.00,0.00,0,2.67,0,2.67,0,2.67,89,22.82
2.5,12.9,0.00,0.00,0,2.67,0,2.67,0,2.67,84,22.82
2.3,12.9,0.00,0.00,0,2.67,0,2.67,0,2.67,87,22.82
3.8,12.9,0.00,0.00,0,2.67,0,2.67,0,2.67,87,22.82
2.3,12.9,0.00,0.00,0,2.67,0,2.67,0,2.67,88,22.82
3.1,12.9,0.00,0.00,0,2.67,0,2.67,0,2.67,90,22.82
3.1,12.9,0.00,0.00,0,2.67,0,2.67,0,2.67,85,22.82
3.5,12.9,0.00,0.00,0,2.67,0,2.67,0,2.67,85,22.82
2.5,12.9,0.00,0.00,0,2.67,0,2.67,0,2.67,87,22.82
3.1,12.9,0.00,0.00,0,2.67,0,2.67,0,2.67,85,22.82
2.5,12.9,0.00,0.00,0,2.67,0,2.67,0,2.67,87,22.82
2.9,12.9,0.00,0.00,0,2.67,0,2.67,0,2.67,84,22.82
2.1,12.9,0.00,0.00,0,2.67,0,2.67,0,2.67,75,22.82
3.3,12.9,0.00,0.00,0,2.67,0,2.67,0,2.67,73,22.82
2.1,12.9,0.00,0.00,0,2.67,0,2.67,0,2.67,69,22.82
2.5,12.9,0.00,0.00,0,2.67,0,2.67,0,2.67,70,22.82
10.1,11.7,0.00,0.00,0,2.67,0,2.67,0,2.67,0,22.82
2.5,11.5,0.00,0.00,0,2.67,0,2.67,0,2.67,0,22.82
2.5,11.7,0.00,0.00,0,2.67,0,2.67,0,2.67,0,22.82
2.1,11.9,0.00,0.00,0,2.67,0,2.67,0,2.67,0,22.82
2.1,12.2,0.00,0.00,0,2.67,0,2.67,0,2.67,0,22.82
1.5,12.4,0.00,0.00,0,2.67,0,2.67,0,2.67,0,22.82
2.3,12.6,0.00,0.00,0,2.67,0,2.67,0,2.67,0,22.82
2.3,12.8,0.00,0.00,0,2.67,0,2.67,0,2.67,70,22.82
2.5,12.9,0.00,0.00,0,2.67,0,2.67,0,2.67,71,22.82
4.2,12.9,0.00,0.00,0,2.67,0,2.67,0,2.67,71,22.82
3.3,12.9,0.00,0.00,0,2.67,0,2.67,0,2.67,73,22.82
2.3,12.9,0.00,0.00,0,2.67,0,2.67,0,2.67,71,22.82
4.0,12.9,0.00,0.00,0,2.67,0,2.67,0,2.67,71,22.82
2.7,12.9,0.00,0.00,0,2.67,0,2.67,0,2.67,71,22.82
2.7,12.9,0.00,0.00,0,2.67,0,2.67,0,2.67,71,22.82
3.7,12.9,0.00,0.00,0,2.67,0,2.67,0,2.67,72,22.82
2.5,12.9,0.00,0.00,0,2.67,0,2.67,0,2.67,71,22.82
2.9,12.9,0.00,0.00,0,2.67,0,2.67,0,2.67,71,22.82
3.7,12.9,0.00,0.00,0,2.67,0,2.67,0,2.67,72,22.82
3.5,12.9,0.00,0.00,0,2.67,0,2.67,0,2.67,73,22.82
2.5,12.9,0.00,0.00,0,2.67,0,2.67,0,2.67,72,22.82
3.5,12.9,0.00,0.00,0,2.67,0,2.67,0,2.67,71,22.82
3.1,12.9,0.00,0.00,0,2.67,0,2.67,0,2.67,72,22.82
2.1,12.9,0.00,0.00,0,2.67,0,2.67,0,2.67,73,22.82
3.3,12.9,0.00,0.00,0,2.67,0,2.67,0,2.67,72,22.82
2.7,12.9,0.00,0.00,0,2.67,0,2.67,0,2.67,72,22.82
2.3,12.9,0.00,0.00,0,2.67,0,2.67,0,2.67,72,22.82
3.9,12.9,0.00,0.00,0,2.67,0,2.67,0,2.67,73,22.82
2.3,12.9,0.00,0.00,0,2.67,0,2.67,0,2.67,73,22.82
2.3,12.9,0.00,0.00,0,2.67,0,2.67,0,2.67,72,22.82
3.1,12.9,0.00,0.00,0,2.67,0,2.67,0,2.67,71,22.82
3.3,12.9,0.00,0.00,0,2.67,0,2.67,0,2.67,72,22.82
2.5,12.9,0.00,0.00,0,2.67,0,2.67,0,2.67,72,22.82
3.5,12.9,0.00,0.00,0,2.67,0,2.67,0,2.67,66,22.82
3.1,12.9,0.00,0.00,0,2.67,0,2.67,0,2.67,72,22.82
3.3,12.9,0.00,0.00,0,2.67,0,2.67,0,2.67,73,22.82
2.3,12.9,0.00,0.00,0,2.67,0,2.67,0,2.67,77,22.82
2.5,12.9,0.00,0.00,0,2.67,0,2.67,0,2.67,78,22.82
5.0,12.9,0.00,0.00,0,2.67,0,2.67,0,2.67,81,22.82
3.8,12.9,0.00,0.00,0,2.67,0,2.67,0,2.67,76,22.82
2.5,12.9,0.00,0.00,0,2.67,0,2.67,0,2.67,78,22.82
2.3,12.9,0.00,0.00,0,2.67,0,2.67,0,2.67,78,22.82
2.9,12.9,0.00,0.00,0,2.67,0,2.67,0,2.67,77,22.82
3.7,12.9,0.00,0.00,0,2.67,0,2.67,0,2.67,77,22.82
2.9,12.9,0.00,0.00,0,2.67,0,2.67,0,2.67,80,22.82
1.9,12.9,0.00,0.00,0,2.67,0,2.67,0,2.67,74,22.82
5.9,12.9,0.00,0.00,0,2.67,0,2.67,0,2.67,74,22.82
5.7,12.9,0.00,0.00,0,2.67,0,2.67,0,2.67,67,22.82
2.3,12.9,0.00,0.00,0,2.67,0,2.67,0,2.67,70,22.82
2.5,12.9,0.00,0.00,0,2.67,0,2.67,0,2.67,68,22.82
3.3,12.9,0.00,0.00,0,2.67,0,2.67,0,2.67,71,22.82
2.5,12.9,0.00,0.00,0,2.67,0,2.67,0,2.67,70,22.82
2.3,12.9,0.00,0.00,0,2.67,0,2.67,0,2.67,73,22.82
2.7,12.9,0.00,0.00,0,2.67,0,2.67,0,2.67,67,22.82
2.3,12.9,0.00,0.00,0,2.67,0,2.67,0,2.67,68,22.82
2.7,12.9,0.00,0.00,0,2.67,0,2.67,0,2.67,68,22.82
2.9,12.9,0.00,0.00,0,2.67,0,2.67,0,2.67,68,22.82
6.0,12.9,0.00,0.00,0,2.67,0,2.67,0,2.67,68,22.82
3.7,12.9,0.00,0.00,0,2.67,0,2.67,0,2.67,68,22.82
2.5,12.9,0.00,0.00,0,2.67,0,2.67,0,2.67,66,22.82
2.7,12.9,0.00,0.00,0,2.67,0,2.67,0,2.67,68,22.82
3.3,12.9,0.00,0.00,0,2.67,0,2.67,0,2.67,69,22.82
2.5,12.9,0.00,0.00,0,2.67,0,2.67,0,2.67,73,22.82
2.9,12.9,0.00,0.00,0,2.67,0,2.67,0,2.67,73,22.82
4.6,12.9,0.00,0.00,0,2.67,0,2.67,0,2.67,75,22.82
2.7,12.9,0.00,0.00,0,2.67,0,2.67,0,2.67,72,22.82
2.3,12.9,0.00,0.00,0,2.67,0,2.67,0,2.67,72,22.82
3.5,12.9,0.00,0.00,0,2.67,0,2.67,0,2.67,73,22.82
2.9,12.9,0.00,0.00,0,2.67,0,2.67,0,2.67,72,22.82
2.5,12.9,0.00,0.00,0,2.67,0,2.67,0,2.67,73,22.82
3.7,12.9,0.00,0.00,0,2.67,0,2.67,0,2.67,73,22.82
2.9,12.9,0.00,0.00,0,2.67,0,2.67,0,2.67,73,22.82
2.3,12.9,0.00,0.00,0,2.67,0,2.67,0,2.67,73,22.82
3.3,12.9,0.00,0.00,0,2.67,0,2.67,0,2.67,73,22.82
3.3,12.9,0.00,0.00,0,2.67,0,2.67,0,2.67,73,22.82
2.5,12.9,0.00,0.00,0,2.67,0,2.67,0,2.67,73,22.82
5.0,12.9,0.00,0.00,0,2.67,0,2.67,0,2.67,72,22.82
3.1,12.9,0.00,0.00,0,2.67,0,2.67,0,2.67,73,22.82
2.1,12.9,0.00,0.00,0,2.67,0,2.67,0,2.67,73,22.82
2.7,12.9,0.00,0.00,0,2.67,0,2.67,0,2.67,74,22.82
3.5,12.9,0.00,0.00,0,2.67,0,2.67,0,2.67,72,22.82
3.1,12.9,0.00,0.00,0,2.67,0,2.67,0,2.67,72,22.82
2.9,12.9,0.00,0.00,0,2.67,0,2.67,0,2.67,72,22.82
2.5,12.9,0.00,0.00,0,2.67,0,2.67,0,2.67,71,22.82
3.3,12.9,0.00,0.00,0,2.67,0,2.67,0,2.67,70,22.82
4.4,12.9,0.00,0.00,0,2.67,0,2.67,0,2.67,73,22.82
2.9,12.9,0.00,0.00,0,2.67,0,2.67,0,2.67,74,22.82
2.5,12.9,0.00,0.00,0,2.67,0,2.67,0,2.67,72,22.82
2.9,12.9,0.00,0.00,0,2.67,0,2.67,0,2.67,72,22.82
4.4,12.9,0.00,0.00,0,2.67,0,2.67,0,2.67,72,22.82
2.3,12.9,0.00,0.00,0,2.67,0,2.67,0,2.67,72,22.82
2.9,12.9,0.00,0.00,0,2.67,0,2.67,0,2.67,73,22.82
3.5,12.9,0.00,0.00,0,2.67,0,2.67,0,2.67,73,22.82
3.1,12.9,0.00,0.00,0,2.67,0,2.67,0,2.67,73,22.82
2.3,12.9,0.00,0.00,0,2.67,0,2.67,0,2.67,73,22.82
5.0,12.9,0.00,0.00,0,2.67,0,2.67,0,2.67,74,22.82
2.7,12.9,0.00,0.00,0,2.67,0,2.67,0,2.67,75,22.82
2.3,12.9,0.00,0.00,0,2.67,0,2.67,0,2.67,73,22.82
2.7,12.9,0.00,0.00,0,2.67,0,2.67,0,2.67,88,22.82
3.7,12.9,0.00,0.00,0,2.67,0,2.67,0,2.67,88,22.82
2.7,12.9,0.00,0.00,0,2.67,0,2.67,0,2.67,88,22.82
2.9,12.9,0.00,0.00,0,2.67,0,2.67,0,2.67,88,22.82
3.7,12.9,0.00,0.00,0,2.67,0,2.67,0,2.67,88,22.82
2.5,12.9,0.00,0.00,0,2.67,0,2.67,0,2.67,88,22.82
4.0,12.9,0.00,0.00,0,2.67,0,2.67,0,2.67,88,22.82
3.5,12.9,0.00,0.00,0,2.67,0,2.67,0,2.67,87,22.82
2.1,12.9,0.00,0.00,0,2.67,0,2.67,0,2.67,87,22.82
3.7,12.9,0.00,0.00,0,2.67,0,2.67,0,2.67,88,22.82
2.7,12.9,0.00,0.00,0,2.67,0,2.67,0,2.67,86,22.82
3.5,12.9,0.00,0.00,0,2.67,0,2.67,0,2.67,84,22.82
2.5,12.9,0.00,0.00,0,2.67,0,2.67,0,2.67,88,22.82
3.3,12.9,0.00,0.00,0,2.67,0,2.67,0,2.67,86,22.82
2.7,12.9,0.00,0.00,0,2.67,0,2.67,0,2.67,87,22.82
4.0,12.9,0.00,0.00,0,2.67,0,2.67,0,2.67,82,22.82
4.1,12.9,0.00,0.00,0,2.67,0,2.67,0,2.67,88,22.82
3.5,12.9,0.00,0.00,0,2.67,0,2.67,0,2.67,87,22.82
3.1,12.9,0.00,0.00,0,2.67,0,2.67,0,2.67,86,22.82
3.1,12.9,0.00,0.00,0,2.67,0,2.67,0,2.67,88,22.82
2.5,12.9,0.00,0.00,0,2.67,0,2.67,0,2.67,87,22.82
3.5,12.9,0.00,0.00,0,2.67,0,2.67,0,2.67,87,22.82
3.1,12.9,0.00,0.00,0,2.67,0,2.67,0,2.67,87,22.82
2.5,12.9,0.00,0.00,0,2.67,0,2.67,0,2.67,88,22.82
3.3,12.9,0.00,0.00,0,2.67,0,2.67,0,2.67,88,22.82
4.6,12.9,0.00,0.00,0,2.67,0,2.67,0,2.67,87,22.82
4.3,12.9,0.00,0.00,0,2.67,0,2.67,0,2.67,87,22.82
2.9,12.9,0.00,0.00,0,2.67,0,2.67,0,2.67,79,22.82
3.5,12.9,0.00,0.00,0,2.67,0,2.67,0,2.67,80,22.82
2.9,12.9,0.00,0.00,0,2.67,0,2.67,0,2.67,77,22.82
2.5,12.9,0.00,0.00,0,2.67,0,2.67,0,2.67,82,22.82
2.1,12.9,0.00,0.00,0,2.67,0,2.67,0,2.67,81,22.82
2.5,12.9,0.00,0.00,0,2.67,0,2.67,0,2.67,76,22.82
4.0,12.9,0.00,0.00,0,2.67,0,2.67,0,2.67,78,22.82
2.3,12.9,0.00,0.00,0,2.67,0,2.67,0,2.67,81,22.82
2.5,12.9,0.00,0.00,0,2.67,0,2.67,0,2.67,82,22.82
3.3,12.9,0.00,0.00,0,2.67,0,2.67,0,2.67,87,22.82
2.1,12.9,0.00,0.00,0,2.67,0,2.67,0,2.67,89,22.82
3.7,12.9,0.00,0.00,0,2.67,0,2.67,0,2.67,87,22.82
2.5,12.9,0.00,0.00,0,2.67,0,2.67,0,2.67,87,22.82
2.7,12.9,0.00,0.00,0,2.67,0,2.67,0,2.67,87,22.82
3.5,12.9,0.00,0.00,0,2.67,0,2.67,0,2.67,87,22.82
2.5,12.9,0.00,0.00,0,2.67,0,2.67,0,2.67,89,22.82
2.3,12.9,0.00,0.00,0,2.67,0,2.67,0,2.67,86,22.82
5.6,12.9,0.00,0.00,0,2.67,0,2.67,0,2.67,87,22.82
3.1,12.9,0.00,0.00,0,2.67,0,2.67,0,2.67,87,22.82
2.5,12.9,0.00,0.00,0,2.67,0,2.67,0,2.67,88,22.82
3.3,12.9,0.00,0.00,0,2.67,0,2.67,0,2.67,87,22.82
2.3,12.9,0.00,0.00,0,2.67,0,2.67,0,2.67,87,22.82
3.1,12.9,0.00,0.00,0,2.67,0,2.67,0,2.67,86,22.82
2.5,12.9,0.00,0.00,0,2.67,0,2.67,0,2.67,83,22.82
5.9,12.9,0.00,0.00,0,2.67,0,2.67,0,2.67,80,22.82
6.5,12.9,0.00,0.00,0,2.67,0,2.67,0,2.67,78,22.82
6.1,12.9,0.00,0.00,0,2.67,0,2.67,0,2.67,82,22.82
3.1,12.9,0.00,0.00,0,2.67,0,2.67,0,2.67,87,22.82
2.5,12.9,0.00,0.00,0,2.67,0,2.67,0,2.67,86,22.82
3.3,12.9,0.00,0.00,0,2.67,0,2.67,0,2.67,87,22.82
2.3,12.9,0.00,0.00,0,2.67,0,2.67,0,2.67,87,22.82
2.5,12.9,0.00,0.00,0,2.67,0,2.67,0,2.67,86,22.82
3.7,12.9,0.00,0.00,0,2.67,0,2.67,0,2.67,87,22.82
2.5,12.9,0.00,0.00,0,2.67,0,2.67,0,2.67,79,22.82
2.5,12.9,0.00,0.00,0,2.67,0,2.67,0,2.67,78,22.82
2.7,12.9,0.00,0.00,0,2.67,0,2.67,0,2.67,82,22.82
4.4,12.9,0.00,0.00,0,2.67,0,2.67,0,2.67,89,22.82
3.1,12.9,0.00,0.00,0,2.67,0,2.67,0,2.67,86,22.82
2.9,12.9,0.00,0.00,0,2.67,0,2.67,0,2.67,84,22.82
3.1,12.9,0.00,0.00,0,2.67,0,2.67,0,2.67,87,22.82
3.3,12.9,0.00,0.00,0,2.67,0,2.67,0,2.67,87,22.82
2.5,12.9,0.00,0.00,0,2.67,0,2.67,0,2.67,88,22.82
3.1,12.9,0.00,0.00,0,2.67,0,2.67,0,2.67,88,22.82
3.3,12.9,0.00,0.00,0,2.67,0,2.67,0,2.67,88,22.82
3.1,12.9,0.00,0.00,0,2.67,0,2.67,0,2.67,87,22.82
3.5,12.9,0.00,0.00,0,2.67,0,2.67,0,2.67,83,22.82
2.7,12.9,0.00,0.00,0,2.67,0,2.67,0,2.67,87,22.82
3.7,12.9,0.00,0.00,0,2.67,0,2.67,0,2.67,86,22.82
2.1,12.9,0.00,0.00,0,2.67,0,2.67,0,2.67,86,22.82
3.5,12.9,0.00,0.00,0,2.67,0,2.67,0,2.67,87,22.82
2.3,12.9,0.00,0.00,0,2.67,0,2.67,0,2.67,86,22.82
3.1,12.9,0.00,0.00,0,2.67,0,2.67,0,2.67,85,22.82
3.3,12.9,0.00,0.00,0,2.67,0,2.67,0,2.67,87,22.82
2.5,12.9,0.00,0.00,0,2.67,0,2.67,0,2.67,87,22.82
2.9,12.9,0.00,0.00,0,2.67,0,2.67,0,2.67,88,22.82
5.2,12.9,0.00,0.00,0,2.67,0,2.67,0,2.67,83,22.82
3.5,12.9,0.00,0.00,0,2.67,0,2.67,0,2.67,85,22.82
2.3,12.9,0.00,0.00,0,2.67,0,2.67,0,2.67,80,22.82
3.1,12.9,0.00,0.00,0,2.67,0,2.67,0,2.67,84,22.82
2.9,12.9,0.00,0.00,0,2.67,0,2.67,0,2.67,88,22.82
3.5,12.9,0.00,0.00,0,2.67,0,2.67,0,2.67,85,22.82
2.1,12.9,0.00,0.00,0,2.67,0,2.67,0,2.67,87,22.82
3.3,12.9,0.00,0.00,0,2.67,0,2.67,0,2.67,87,22.82
3.1,12.9,0.00,0.00,0,2.67,0,2.67,0,2.67,87,22.82
2.7,12.9,0.00,0.00,0,2.67,0,2.67,0,2.67,87,22.82
3.8,12.9,0.00,0.00,0,2.67,0,2.67,0,2.67,87,22.82
2.3,12.9,0.00,0.00,0,2.67,0,2.67,0,2.67,89,22.82
2.7,12.9,0.00,0.00,0,2.67,0,2.67,0,2.67,88,22.82
3.1,12.9,0.00,0.00,0,2.67,0,2.67,0,2.67,86,22.82
2.5,12.9,0.00,0.00,0,2.67,0,2.67,0,2.67,78,22.82
3.3,12.9,0.00,0.00,0,2.67,0,2.67,0,2.67,80,22.82
3.5,12.9,0.00,0.00,0,2.67,0,2.67,0,2.67,74,22.82
2.3,12.9,0.00,0.00,0,2.67,0,2.67,0,2.67,77,22.82
2.1,12.9,0.00,0.00,0,2.67,0,2.67,0,2.67,81,22.82
4.0,12.9,0.00,0.00,0,2.67,0,2.67,0,2.67,76,22.82
3.5,12.9,0.00,0.00,0,2.67,0,2.67,0,2.67,78,22.82
3.3,12.9,0.00,0.00,0,2.67,0,2.67,0,2.67,79,22.82
3.5,12.9,0.00,0.00,0,2.67,0,2.67,0,2.67,79,22.82
3.8,12.9,0.00,0.00,0,2.67,0,2.67,0,2.67,80,22.82
2.9,12.9,0.00,0.00,0,2.67,0,2.67,0,2.67,79,22.82
2.5,12.9,0.00,0.00,0,2.67,0,2.67,0,2.67,9,2.67
2.3,8.2,0.00,0.00,0,2.67,0,2.67,0,2.67,0,2.67
3624.49