1.7,9.5,0.00,0.00,0,2.95,0,2.95,0,2.95,0,2.95
0.4,9.5,0.00,0.00,0,2.95,0,2.95,0,2.95,0,2.95
0.4,9.5,0.00,0.00,0,2.95,0,2.95,0,2.95,0,2.95
0.0,6.1,0.00,0.00,0,2.95,0,2.95,0,2.95,0,2.95
0.4,5.9,0.00,0.00,0,2.95,0,2.95,0,2.95,0,2.95
0.4,5.9,0.00,0.00,0,2.95,0,2.95,0,2.95,0,2.95
95.2,7.1,0.00,0.00,0,2.95,0,2.95,0,2.95,0,2.95
8.1,7.9,0.00,0.00,0,2.95,0,2.95,0,2.95,0,2.95
6.7,9.2,0.00,0.00,0,2.95,0,2.95,0,3.07,0,2.95
6.5,11.8,0.00,0.00,0,7.21,0,2.95,3,10.29,0,2.95
6.9,16.7,0.00,0.00,3,14.22,0,2.95,4,17.29,0,2.95
9.9,20.6,0.00,0.00,5,27.08,0,2.95,5,27.08,0,2.95
77.3,22.4,0.00,0.00,0,27.08,0,2.95,0,27.08,0,2.95
66.9,24.0,0.00,0.00,0,27.08,0,2.95,0,27.08,0,2.95
6.7,25.5,0.00,0.00,0,27.08,0,2.95,0,27.08,0,2.95
6.7,26.9,0.00,0.00,0,27.08,0,2.95,0,27.08,0,2.95
6.3,29.3,0.00,0.00,0,27.08,0,2.95,0,27.08,0,2.95
22.4,30.0,0.00,0.00,0,33.6,0,2.95,38,33.6,0,2.95
21.0,31.0,0.00,0.00,93,33.6,0,2.95,85,33.6,0,2.95
21.1,32.1,0.00,0.00,86,33.6,0,2.95,86,33.6,0,2.95
20.6,33.2,0.00,0.00,88,33.6,4,8.82,88,33.6,0,2.95
21.3,34.8,0.00,0.00,90,33.6,4,15.17,86,33.6,0,2.95
19.4,36.7,0.00,0.00,83,33.6,4,23.3,87,33.6,0,2.95
55.4,35.8,0.00,0.00,82,33.6,0,23.3,85,33.6,0,2.95
42.6,36.1,0.00,0.00,83,33.6,96,57.99,86,33.6,0,2.95
22.9,36.2,0.00,0.00,84,33.6,97,57.99,88,33.6,0,6.5
22.9,37.5,0.00,0.00,87,33.6,92,57.99,88,33.6,3,13.0
24.1,39.4,0.00,0.00,88,33.6,96,57.99,87,31.04,3,27.08
9.0,36.3,0.00,0.00,29,31.04,95,57.99,0,31.04,0,27.08
20.9,37.5,0.00,0.00,0,31.04,97,59.9,0,31.04,0,27.08
8.4,39.1,0.00,0.00,0,31.04,92,59.9,0,31.04,0,27.08
9.1,40.5,0.00,0.00,0,31.04,98,59.9,0,31.04,0,27.08
8.7,41.1,0.00,0.00,0,31.04,96,59.9,0,31.04,0,27.08
10.5,42.8,0.00,0.00,0,31.04,92,59.9,0,33.6,0,33.7
28.5,43.4,0.00,0.00,7,33.6,93,59.9,73,33.6,93,33.7
27.7,43.4,0.00,0.00,78,33.6,86,59.9,71,33.6,93,33.7
27.4,43.4,0.00,0.00,75,33.6,94,59.9,76,33.6,93,33.7
28.9,43.4,0.00,0.00,76,33.6,93,59.9,74,33.6,92,33.7
25.4,43.4,0.00,0.00,75,33.6,95,59.9,66,33.6,91,33.7
28.0,43.5,0.00,0.00,67,33.6,95,59.9,74,33.6,92,33.7
32.0,43.5,0.00,0.00,75,33.6,93,59.9,69,33.6,92,33.7
26.7,43.6,0.00,0.00,76,33.6,84,59.9,77,33.6,94,33.7
27.1,43.6,0.00,0.00,78,33.6,92,59.9,69,33.6,93,33.7
28.9,43.6,0.00,0.00,66,33.6,94,59.9,74,33.6,93,33.7
27.9,43.6,0.00,0.00,72,33.6,94,59.9,75,33.6,94,33.7
28.3,43.6,0.00,0.00,74,33.6,94,59.9,74,33.6,94,33.7
28.4,43.5,0.00,0.00,78,31.04,94,59.9,30,31.04,94,33.7
73.8,39.5,0.00,0.00,0,31.04,94,59.9,0,31.04,92,33.7
24.4,39.8,0.00,0.00,0,31.04,96,59.9,0,31.04,96,33.7
67.8,40.8,0.00,0.00,0,31.04,96,59.9,0,31.04,7,31.06
75.9,39.8,0.00,0.00,0,31.04,96,59.9,0,31.04,0,31.06
25.9,40.9,0.00,0.00,0,31.04,96,59.9,0,31.04,0,31.06
18.0,42.2,0.00,0.00,0,31.04,93,59.9,0,31.04,0,31.06
25.2,43.1,0.00,0.00,35,33.6,92,59.9,90,33.6,0,31.06
24.7,43.6,0.00,0.00,87,33.6,93,59.9,86,33.6,0,31.06
26.4,43.8,0.00,0.00,80,33.6,94,59.9,82,33.6,32,33.7
28.4,43.9,0.00,0.00,77,33.6,93,59.9,73,33.6,90,33.7
28.5,43.9,0.00,0.00,71,33.6,96,59.9,73,33.6,92,33.7
30.0,43.9,0.00,0.00,72,33.6,95,59.9,77,33.6,93,33.7
34.9,44.1,0.00,0.00,75,33.6,94,59.9,69,33.6,92,33.7
31.5,44.2,0.00,0.00,64,33.6,96,59.9,66,33.6,93,33.7
28.1,44.3,0.00,0.00,69,33.6,96,59.9,67,33.6,92,33.7
30.9,44.4,0.00,0.00,68,33.6,94,59.9,68,33.6,90,33.7
30.9,44.4,0.00,0.00,68,33.6,94,59.9,60,33.6,72,33.7
39.6,44.5,0.00,0.00,43,33.6,88,59.9,75,33.6,93,33.7
32.1,45.0,0.00,0.00,69,33.6,96,59.9,54,31.04,93,33.7
22.2,41.3,0.00,0.00,3,31.04,93,59.9,0,31.04,90,33.7
20.4,41.9,0.00,0.00,0,31.04,93,59.9,0,31.04,95,33.7
21.7,43.1,0.00,0.00,0,31.04,96,59.9,0,31.04,90,33.7
19.8,44.0,0.00,0.00,0,31.04,95,59.9,0,31.04,93,33.7
16.7,44.7,0.00,0.00,0,31.04,87,59.9,0,31.04,94,31.06
16.9,44.2,0.00,0.00,0,31.04,95,59.9,0,31.04,0,31.06
25.3,44.3,0.00,0.00,0,33.6,94,59.9,80,33.6,0,31.06
82.6,44.8,0.00,0.00,87,33.6,96,59.9,81,33.6,0,31.06
29.1,45.0,0.00,0.00,83,33.6,94,59.9,88,33.6,0,31.06
59.5,45.5,0.00,0.00,80,33.6,95,59.9,84,33.6,0,31.06
94.1,46.0,0.00,0.00,86,33.6,95,59.9,82,33.6,0,31.06
29.6,46.2,0.00,0.00,84,33.6,96,59.9,76,33.6,94,33.7
30.6,46.2,0.00,0.00,75,33.6,96,59.9,75,33.6,92,33.7
29.5,46.2,0.00,0.00,74,33.6,95,59.9,69,33.6,92,33.7
28.5,46.2,0.00,0.00,67,33.6,94,59.9,72,33.6,93,33.7
26.7,46.2,0.00,0.00,77,33.6,94,59.9,71,33.6,94,33.7
22.7,46.2,0.00,0.00,72,33.6,94,59.9,66,33.6,93,33.7
27.8,46.3,0.00,0.00,76,33.6,94,59.9,77,33.6,93,33.7
27.9,46.2,0.00,0.00,81,31.04,94,59.9,0,31.04,89,33.7
15.1,42.3,0.00,0.00,0,31.04,94,59.9,0,31.04,95,33.7
26.3,43.2,0.00,0.00,0,31.04,96,59.9,0,31.04,93,33.7
15.0,43.6,0.00,0.00,0,31.04,94,59.9,0,31.04,94,33.7
15.4,44.7,0.00,0.00,0,31.04,94,59.9,0,31.04,93,33.7
15.3,45.4,0.00,0.00,0,31.04,95,59.9,0,31.04,93,33.7
14.4,46.0,0.00,0.00,0,31.04,96,59.9,5,33.6,94,33.7
27.7,46.2,0.00,0.00,73,33.6,96,59.9,75,33.6,94,33.7
26.7,45.5,0.00,0.00,77,33.6,93,59.9,78,33.6,0,31.06
23.6,43.4,0.00,0.00,84,33.6,90,59.9,81,33.6,0,31.06
23.8,43.6,0.00,0.00,82,33.6,95,59.9,90,33.6,0,31.06
24.2,44.1,0.00,0.00,85,33.6,95,59.9,80,33.6,0,31.06
23.6,44.6,0.00,0.00,81,33.6,97,59.9,82,33.6,0,31.06
23.6,44.8,0.00,0.00,81,33.6,94,59.9,83,33.6,0,31.06
23.1,45.3,0.00,0.00,80,33.6,95,59.9,81,33.6,31,33.7
27.5,45.5,0.00,0.00,82,33.6,92,59.9,82,33.6,94,33.7
32.0,45.5,0.00,0.00,82,33.6,96,59.9,81,33.6,94,33.7
27.8,45.4,0.00,0.00,78,33.6,93,59.9,75,33.65,92,33.7
14.5,40.6,0.00,0.00,70,31.04,94,59.9,5,2.95,92,33.7
80.3,35.4,0.00,0.00,0,31.04,96,59.9,0,2.95,96,33.7
13.6,33.8,0.00,0.00,0,31.04,94,59.9,0,2.95,95,33.7
13.3,33.9,0.00,0.00,0,31.04,92,59.9,0,2.95,94,33.7
13.9,34.4,0.00,0.00,0,31.04,99,59.9,0,2.95,95,33.7
13.1,34.9,0.00,0.00,0,31.04,98,59.9,0,2.95,93,33.7
20.3,35.1,0.00,0.00,0,33.6,96,59.9,0,2.95,97,33.7
19.1,35.1,0.00,0.00,88,33.6,96,59.9,0,2.95,95,33.7
20.2,35.1,0.00,0.00,86,33.6,97,59.9,0,2.95,96,33.7
19.7,35.1,0.00,0.00,86,33.6,91,59.9,0,2.95,96,33.7
21.1,35.1,0.00,0.00,85,33.6,95,59.9,0,2.95,96,33.7
19.8,35.1,0.00,0.00,89,33.6,96,59.9,0,2.95,95,31.06
14.8,32.8,0.00,0.00,91,33.6,95,59.9,0,2.95,0,31.06
14.4,33.3,0.00,0.00,81,33.6,93,59.9,0,2.95,0,31.06
14.2,33.8,0.00,0.00,91,33.6,96,59.9,0,2.95,0,31.06
14.6,34.2,0.00,0.00,91,33.6,97,58.8,0,2.95,0,31.06
14.6,34.5,0.00,0.00,87,33.6,97,59.9,0,2.95,0,31.06
6.5,32.6,0.00,0.00,92,31.04,93,59.9,0,2.95,0,33.7
12.5,33.2,0.00,0.00,0,31.04,97,59.9,0,2.95,96,33.7
13.5,33.8,0.00,0.00,0,31.04,95,59.9,0,2.95,95,33.7
13.0,34.2,0.00,0.00,0,31.04,96,59.9,0,2.95,91,33.7
13.1,34.4,0.00,0.00,0,31.04,97,59.9,0,2.95,96,33.7
12.9,34.9,0.00,0.00,0,31.04,92,59.9,0,2.95,96,33.7
20.1,35.1,0.00,0.00,0,33.6,96,59.9,0,2.95,97,33.7
19.7,35.1,0.00,0.00,91,33.6,96,59.9,0,2.95,96,33.7
20.2,35.1,0.00,0.00,85,33.6,96,59.9,0,2.95,95,33.7
20.4,35.1,0.00,0.00,85,33.6,96,59.9,0,2.95,96,33.7
20.1,35.1,0.00,0.00,89,33.6,96,59.9,0,2.95,97,33.7
20.2,33.3,0.00,0.00,89,33.6,48,59.68,0,2.95,96,33.7
18.4,22.1,0.00,0.00,90,33.6,0,2.95,0,2.95,97,33.7
18.7,22.1,0.00,0.00,85,33.6,0,2.95,0,2.95,95,33.7
18.2,22.1,0.00,0.00,81,33.6,0,2.95,0,2.95,97,33.7
17.7,22.1,0.00,0.00,91,33.6,0,2.95,0,2.95,40,31.06
12.5,20.0,0.00,0.00,86,33.6,0,2.95,0,2.95,0,31.06
4.6,12.7,0.00,0.00,1,2.95,0,2.95,0,2.95,0,31.06
6.5,13.6,0.00,0.00,4,2.95,0,2.95,0,2.95,0,31.06
40.9,15.3,0.00,0.00,0,2.95,0,2.95,0,2.95,0,31.06
8.9,16.0,0.00,0.00,0,2.95,0,2.95,0,3.35,0,31.06
8.9,18.0,0.00,0.00,0,3.07,0,5.65,3,10.29,3,33.7
15.3,23.3,0.00,0.00,5,10.36,4,11.41,3,17.24,93,33.7
15.2,29.1,0.00,0.00,6,17.41,6,18.51,0,27.08,93,33.7
14.6,31.5,0.00,0.00,7,27.08,2,27.08,0,27.08,89,33.7
14.8,32.3,0.00,0.00,0,27.08,0,27.08,0,27.08,92,33.7
13.9,33.6,0.00,0.00,0,27.08,0,27.08,0,27.08,89,33.7
14.6,34.6,0.00,0.00,0,27.08,0,27.08,0,27.08,91,33.7
61.1,35.5,0.00,0.00,0,27.08,0,27.08,0,27.08,92,33.7
97.5,37.1,0.00,0.00,0,27.08,0,27.08,0,27.08,89,33.7
31.3,37.5,0.00,0.00,0,29.21,14,33.6,60,33.06,94,33.7
27.1,37.9,0.00,0.00,99,33.6,99,33.6,87,33.06,94,33.7
25.8,37.9,0.00,0.00,99,33.6,99,33.6,89,33.06,95,33.7
26.5,37.9,0.00,0.00,99,33.6,99,33.6,88,33.06,93,33.7
24.8,37.9,0.00,0.00,99,33.6,99,33.6,87,33.06,94,33.7
24.7,37.9,0.00,0.00,99,33.6,99,33.6,86,33.06,94,33.7
26.4,37.9,0.00,0.00,99,33.6,99,33.6,88,33.06,92,33.7
25.6,37.9,0.00,0.00,99,33.6,99,33.6,90,33.06,6,2.95
17.3,29.8,0.00,0.00,99,33.6,99,33.6,90,33.06,0,2.95
17.3,29.7,0.00,0.00,99,33.6,99,33.6,87,33.06,0,2.95
17.4,29.7,0.00,0.00,99,33.6,99,33.6,90,33.06,0,2.95
17.8,29.7,0.00,0.00,99,33.6,99,33.6,90,33.06,0,2.95
16.5,26.3,0.00,0.00,99,31.04,41,31.04,89,33.06,0,2.95
75.5,25.9,0.00,0.00,0,31.04,0,31.04,89,33.06,0,2.95
49.1,26.8,0.00,0.00,0,31.04,0,31.04,87,33.06,0,2.95
9.6,27.2,0.00,0.00,0,31.04,0,31.04,87,33.06,0,2.95
9.2,28.2,0.00,0.00,0,31.04,0,31.04,88,33.06,0,2.95
66.3,29.2,0.00,0.00,0,31.04,0,31.04,87,33.06,0,2.95
9.0,29.5,0.00,0.00,0,31.04,0,33.6,91,33.06,0,2.95
17.7,29.7,0.00,0.00,70,33.6,99,33.6,89,33.06,0,2.95
16.5,29.7,0.00,0.00,99,33.6,99,33.6,91,33.06,0,2.95
18.2,29.7,0.00,0.00,99,33.6,99,33.6,91,33.06,0,2.95
16.4,29.7,0.00,0.00,99,33.6,99,33.6,92,33.06,0,2.95
17.3,29.7,0.00,0.00,99,33.6,99,33.6,90,33.06,0,2.95
16.6,29.7,0.00,0.00,99,33.6,99,33.6,92,33.06,0,2.95
16.7,29.7,0.00,0.00,99,33.6,99,33.6,92,33.06,0,2.95
16.7,29.7,0.00,0.00,99,33.6,99,33.6,90,33.06,0,2.95
16.5,29.7,0.00,0.00,99,33.6,99,33.6,91,33.06,0,2.95
17.0,29.7,0.00,0.00,99,33.6,99,33.6,91,33.06,0,2.95
17.0,29.7,0.00,0.00,99,33.6,99,31.04,90,33.06,0,2.95
9.2,25.3,0.00,0.00,23,31.04,0,31.04,91,33.06,0,2.95
10.7,25.9,0.00,0.00,0,31.04,0,31.04,87,33.06,0,2.95
9.2,27.0,0.00,0.00,0,31.04,0,31.04,87,33.06,0,2.95
9.6,27.9,0.00,0.00,0,31.04,0,31.04,88,33.06,0,2.95
8.8,28.3,0.00,0.00,0,31.04,0,31.04,92,33.06,0,2.95
8.8,29.3,0.00,0.00,0,31.04,0,31.04,89,33.06,0,2.95
18.8,29.7,0.00,0.00,0,33.6,62,33.6,92,33.06,0,2.95
16.7,29.7,0.00,0.00,99,33.6,99,33.6,91,33.06,0,2.95
15.9,29.7,0.00,0.00,99,33.6,99,33.6,91,33.06,0,2.95
17.6,29.7,0.00,0.00,99,33.6,99,33.6,89,33.06,0,2.95
17.9,29.7,0.00,0.00,99,33.6,99,33.6,94,33.06,0,2.95
16.9,29.7,0.00,0.00,99,33.6,99,33.6,94,33.06,0,2.95
17.1,29.7,0.00,0.00,99,33.6,99,33.6,90,33.06,0,2.95
17.9,29.7,0.00,0.00,99,33.6,98,33.6,91,33.06,0,2.95
16.5,29.7,0.00,0.00,99,33.6,99,33.6,91,33.06,0,2.95
17.3,29.7,0.00,0.00,99,33.6,99,33.6,91,33.06,0,2.95
16.8,29.7,0.00,0.00,99,33.6,99,33.6,87,33.06,0,2.95
8.8,24.7,0.00,0.00,99,33.43,50,2.95,88,33.06,0,2.95
9.6,14.9,0.00,0.00,0,2.95,0,2.95,86,33.06,0,2.95
15.0,16.0,0.00,0.00,0,2.95,0,2.95,20,30.48,0,2.95
8.9,14.8,0.00,0.00,0,2.95,0,4.79,0,30.48,0,4.82
8.7,18.4,0.00,0.00,1,9.16,3,10.36,0,30.48,4,10.99
14.7,24.0,0.00,0.00,3,15.49,3,16.54,0,30.48,5,18.76
9.4,29.7,0.00,0.00,3,22.93,14,22.93,0,30.48,13,23.08
8.7,30.4,0.00,0.00,27,22.93,32,22.93,0,33.06,16,23.08
36.2,30.5,0.00,0.00,25,22.93,29,22.93,92,33.06,15,23.08
28.9,30.5,0.00,0.00,25,22.93,27,22.93,92,33.06,14,21.44
31.8,30.5,0.00,0.00,26,22.93,31,22.93,94,33.06,15,23.08
37.5,30.5,0.00,0.00,29,22.93,28,22.93,94,33.06,16,23.08
11.0,30.6,0.00,0.00,27,22.93,26,22.93,90,33.06,16,23.08
27.5,30.6,0.00,0.00,24,22.93,26,22.93,90,33.06,16,23.08
25.1,30.5,0.00,0.00,27,22.93,27,22.93,91,33.06,15,23.08
19.0,30.6,0.00,0.00,27,22.93,34,22.93,90,33.06,14,23.08
30.2,30.4,0.00,0.00,30,22.93,27,22.93,90,33.06,14,22.76
12.9,30.5,0.00,0.00,25,22.93,26,22.93,90,33.06,15,23.08
13.1,30.5,0.00,0.00,28,22.93,32,22.93,91,33.06,15,23.08
23.6,30.5,0.00,0.00,26,22.93,33,22.93,90,33.06,15,19.51
35.9,30.5,0.00,0.00,28,22.93,32,22.93,90,33.06,17,23.08
35.8,30.5,0.00,0.00,28,22.93,26,22.93,91,33.06,13,23.08
26.5,30.5,0.00,0.00,34,22.93,27,22.93,91,33.06,17,23.08
11.6,30.5,0.00,0.00,26,22.93,34,22.93,88,33.06,13,2.95
9.5,24.5,0.00,0.00,30,22.93,30,22.93,92,33.06,0,2.95
8.8,24.5,0.00,0.00,34,22.93,30,22.93,91,33.06,0,2.95
9.4,24.5,0.00,0.00,32,22.93,31,22.93,94,33.06,0,2.95
9.0,24.5,0.00,0.00,33,22.93,30,22.93,94,33.06,0,2.95
11.4,24.8,0.00,0.00,33,22.93,32,22.93,89,33.06,0,2.95
11.2,25.1,0.00,0.00,27,22.93,31,22.93,92,33.06,0,2.95
11.6,25.6,0.00,0.00,29,22.93,28,22.93,90,33.06,0,2.95
11.3,25.9,0.00,0.00,31,22.93,34,22.93,90,33.06,3,8.8
11.4,27.5,0.00,0.00,31,22.93,31,22.93,91,33.06,3,15.56
11.8,29.5,0.00,0.00,32,22.93,31,22.93,90,33.06,9,22.76
26.0,30.5,0.00,0.00,31,22.93,30,22.93,86,33.06,10,23.08
41.2,30.5,0.00,0.00,35,22.93,29,22.93,87,33.06,8,23.08
11.6,30.5,0.00,0.00,28,22.93,29,22.93,89,33.06,9,23.08
27.0,30.6,0.00,0.00,25,22.93,31,22.93,90,33.06,10,23.08
34.2,30.6,0.00,0.00,29,22.93,32,22.93,87,33.06,10,23.08
18.6,30.6,0.00,0.00,33,22.93,29,22.93,88,33.06,11,23.08
10.7,30.6,0.00,0.00,29,22.93,32,22.93,89,33.06,4,2.95
9.0,24.6,0.00,0.00,29,22.93,35,22.93,92,33.06,0,2.95
9.1,24.6,0.00,0.00,29,22.93,33,22.93,92,33.06,0,2.95
9.4,24.6,0.00,0.00,29,22.93,31,22.93,93,33.06,0,2.95
8.8,24.6,0.00,0.00,30,22.93,32,22.93,92,33.06,0,2.95
11.1,25.0,0.00,0.00,31,22.93,34,22.93,90,33.06,0,2.95
11.6,25.5,0.00,0.00,29,22.93,32,22.93,91,33.06,0,2.95
11.4,25.7,0.00,0.00,28,22.93,31,22.93,94,33.06,0,5.92
11.2,26.8,0.00,0.00,33,22.93,30,22.93,93,33.06,4,12.58
12.0,28.7,0.00,0.00,29,22.93,34,22.93,94,33.06,4,27.08
11.2,30.5,0.00,0.00,30,22.93,28,22.93,91,33.06,0,27.08
11.4,30.7,0.00,0.00,28,22.93,32,22.93,89,33.06,0,27.08
11.2,31.3,0.00,0.00,31,22.93,28,22.93,90,33.06,0,27.08
11.8,31.7,0.00,0.00,30,22.93,28,22.93,90,33.06,0,27.08
11.1,31.9,0.00,0.00,28,22.93,31,22.93,77,33.06,0,27.08
8.4,25.0,0.00,0.00,29,22.93,30,22.93,0,2.95,11,33.6
15.7,25.2,0.00,0.00,33,22.93,25,22.93,0,2.95,89,33.6
58.2,25.7,0.00,0.00,27,22.93,30,22.93,0,2.95,89,33.6
17.1,25.8,0.00,0.00,29,22.93,28,22.93,0,5.13,89,33.6
16.7,27.1,0.00,0.00,29,22.93,30,22.93,4,11.85,92,33.6
16.8,29.1,0.00,0.00,33,22.93,34,22.93,3,18.24,90,33.6
15.7,30.8,0.00,0.00,28,22.93,32,22.93,0,27.08,86,33.6
23.8,30.9,0.00,0.00,29,22.93,25,22.93,0,27.08,80,33.6
79.2,31.4,0.00,0.00,26,22.93,30,22.93,0,27.08,93,33.6
81.6,32.0,0.00,0.00,30,22.93,26,22.93,0,27.08,86,33.6
20.9,32.0,0.00,0.00,29,22.93,25,22.93,0,27.08,80,31.04
99.8,30.1,0.00,0.00,25,22.93,32,22.93,26,33.21,0,31.04
13.1,30.8,0.00,0.00,30,22.93,29,22.93,93,33.21,0,31.04
13.3,31.3,0.00,0.00,31,22.93,30,22.93,92,33.21,0,31.04
12.7,31.7,0.00,0.00,32,22.93,28,22.93,93,33.21,0,31.04
12.3,31.9,0.00,0.00,34,22.93,28,22.93,92,33.21,0,31.04
13.2,32.4,0.00,0.00,30,22.93,29,22.93,91,33.21,58,33.6
19.9,32.6,0.00,0.00,29,22.93,29,22.93,94,33.21,92,33.6
20.3,32.6,0.00,0.00,32,22.93,32,22.93,94,33.21,85,33.6
20.8,32.6,0.00,0.00,27,22.93,22,22.93,94,33.21,91,33.6
20.5,32.6,0.00,0.00,28,22.93,28,22.93,94,33.21,89,33.6
21.3,32.6,0.00,0.00,31,22.93,32,22.93,92,33.21,89,33.6
20.8,32.6,0.00,0.00,35,22.93,33,22.93,92,33.21,84,33.6
20.3,32.7,0.00,0.00,34,22.93,29,22.93,93,33.21,89,33.6
20.4,32.7,0.00,0.00,33,22.93,26,22.93,93,33.21,89,33.6
20.2,32.7,0.00,0.00,30,22.93,30,22.93,94,33.21,88,33.6
20.1,32.7,0.00,0.00,30,22.93,31,22.93,93,33.21,57,31.04
12.8,30.2,0.00,0.00,31,22.93,26,22.93,91,33.21,0,31.04
12.4,30.8,0.00,0.00,31,22.93,32,22.93,93,33.21,0,31.04
38.9,31.3,0.00,0.00,33,22.93,28,22.93,90,33.21,0,31.04
12.9,31.8,0.00,0.00,29,22.93,33,22.93,89,33.21,0,31.04
12.8,32.0,0.00,0.00,31,22.93,28,22.93,90,33.21,0,31.04
21.2,32.5,0.00,0.00,28,22.93,28,22.93,92,33.21,70,33.6
19.8,32.6,0.00,0.00,35,22.93,33,22.93,95,33.21,92,33.6
21.0,32.6,0.00,0.00,22,22.93,32,22.93,95,33.21,86,33.6
20.0,32.6,0.00,0.00,32,22.93,21,22.93,93,30.45,91,33.6
16.8,30.6,0.00,0.00,37,22.93,23,22.93,0,30.45,87,33.6
16.7,30.8,0.00,0.00,25,22.93,36,22.93,0,30.45,91,33.6
16.9,31.3,0.00,0.00,26,22.93,30,22.93,0,30.45,93,33.6
16.7,31.9,0.00,0.00,29,22.93,30,22.93,0,30.45,89,33.6
16.9,32.4,0.00,0.00,26,22.93,33,22.93,0,30.45,89,33.6
16.9,32.6,0.00,0.00,25,22.93,29,22.93,63,33.21,95,33.6
20.2,32.7,0.00,0.00,28,22.93,27,22.93,91,33.21,33,31.04
30.3,30.7,0.00,0.00,37,22.93,28,22.93,92,33.21,0,31.04
21.4,30.8,0.00,0.00,31,22.93,29,22.93,88,33.21,0,31.04
13.2,31.3,0.00,0.00,30,22.93,28,22.93,93,33.21,0,31.04
12.5,31.9,0.00,0.00,28,22.93,31,22.93,92,33.21,0,31.04
12.5,32.3,0.00,0.00,41,22.93,27,22.93,94,33.21,0,31.04
12.5,32.5,0.00,0.00,29,22.93,27,22.93,93,33.21,59,33.6
20.4,32.6,0.00,0.00,24,22.93,36,22.93,94,33.21,90,33.6
19.9,32.6,0.00,0.00,27,22.93,28,22.93,93,33.21,90,33.6
19.4,32.6,0.00,0.00,27,22.93,34,22.93,92,33.21,95,33.6
19.3,32.6,0.00,0.00,37,22.93,25,22.93,90,33.21,91,33.6
20.0,32.6,0.00,0.00,32,22.93,24,22.93,94,33.21,95,33.6
19.8,32.6,0.00,0.00,27,22.93,30,22.93,94,33.21,89,33.6
19.7,32.6,0.00,0.00,24,22.93,38,22.93,95,33.21,93,33.6
19.2,32.6,0.00,0.00,23,22.93,39,22.93,95,33.21,91,33.6
20.0,32.6,0.00,0.00,24,22.93,40,22.93,94,33.21,95,31.04
19.8,32.6,0.00,0.00,27,22.93,33,22.93,93,33.21,0,31.04
12.7,30.7,0.00,0.00,29,22.93,33,22.93,93,33.21,0,31.04
11.3,31.2,0.00,0.00,27,22.93,27,22.93,92,33.21,0,31.04
12.6,31.7,0.00,0.00,31,22.93,28,22.93,91,33.21,0,31.04
12.7,31.9,0.00,0.00,39,22.93,24,22.93,95,33.21,0,31.04
13.1,32.4,0.00,0.00,32,22.93,32,22.93,91,33.21,13,33.6
20.5,32.6,0.00,0.00,29,22.93,29,22.93,95,33.21,94,33.6
20.1,32.6,0.00,0.00,24,22.93,37,22.93,94,30.45,86,33.6
15.9,30.3,0.00,0.00,26,22.93,34,22.93,0,30.45,88,33.6
23.6,30.8,0.00,0.00,22,22.93,35,22.93,0,30.45,89,33.6
29.5,31.4,0.00,0.00,28,22.93,31,22.93,0,30.45,92,33.6
16.1,31.9,0.00,0.00,31,22.93,26,22.93,0,30.45,86,33.6
16.6,32.0,0.00,0.00,25,22.93,33,22.93,0,30.45,87,33.6
15.9,32.6,0.00,0.00,28,22.93,29,22.93,0,33.21,94,33.6
20.5,32.6,0.00,0.00,35,22.93,29,22.93,94,33.21,95,33.6
20.8,32.6,0.00,0.00,28,22.93,27,22.93,94,33.21,90,31.04
12.7,30.2,0.00,0.00,32,22.93,31,22.93,92,33.21,0,31.04
54.9,30.7,0.00,0.00,30,22.93,27,22.93,88,33.21,0,31.04
21.1,31.2,0.00,0.00,32,22.93,30,22.93,93,33.21,0,31.04
21.2,31.3,0.00,0.00,27,2.95,8,2.95,88,33.21,0,31.04
12.5,22.2,0.00,0.00,0,2.95,0,2.95,86,33.21,0,31.04
11.9,23.8,0.00,0.00,0,2.95,0,2.95,88,33.21,0,33.6
19.9,24.2,0.00,0.00,0,2.95,1,6.21,95,33.21,92,33.6
19.9,26.8,0.00,0.00,1,7.09,4,12.46,90,33.21,91,33.6
19.9,30.6,0.00,0.00,4,13.75,4,18.78,91,33.21,95,33.6
20.5,33.4,0.00,0.00,6,27.08,25,22.93,94,33.21,83,33.6
20.5,33.7,0.00,0.00,0,27.08,26,22.93,89,33.21,94,33.6
19.9,34.2,0.00,0.00,0,27.08,28,22.93,91,33.21,89,33.6
19.7,34.7,0.00,0.00,0,27.08,30,22.93,88,33.21,89,33.6
20.5,34.9,0.00,0.00,0,27.08,26,22.93,94,33.21,97,33.6
21.2,35.4,0.00,0.00,0,27.08,27,22.93,90,33.21,93,33.6
24.8,35.6,0.00,0.00,71,33.21,26,22.93,93,33.21,71,33.45
16.5,33.1,0.00,0.00,91,33.21,27,22.93,90,33.21,0,2.95
14.3,27.5,0.00,0.00,90,33.21,29,22.93,93,33.21,0,2.95
14.3,27.5,0.00,0.00,87,33.21,26,22.93,92,33.21,0,2.95
14.6,27.5,0.00,0.00,90,33.21,28,22.93,92,33.21,0,2.95
17.4,27.9,0.00,0.00,89,33.21,28,22.93,87,33.21,0,2.95
17.4,28.0,0.00,0.00,86,33.21,28,22.93,91,33.21,0,2.95
18.4,28.5,0.00,0.00,89,33.21,27,22.93,0,30.45,0,2.95
12.9,26.7,0.00,0.00,92,33.21,28,20.12,0,30.45,0,2.95
12.1,27.3,0.00,0.00,89,33.21,30,22.93,0,30.45,3,8.41
14.1,29.0,0.00,0.00,93,33.21,29,22.93,0,30.45,4,17.2
57.9,32.1,0.00,0.00,87,33.21,27,22.93,0,30.45,17,36.07
54.2,33.1,0.00,0.00,92,33.21,23,22.93,0,30.45,90,36.07
13.3,33.2,0.00,0.00,89,33.21,26,22.93,22,33.21,93,36.07
16.5,33.3,0.00,0.00,91,33.21,28,22.93,91,33.21,92,36.07
16.5,33.3,0.00,0.00,92,33.21,29,22.93,92,33.21,92,36.07
16.9,33.3,0.00,0.00,92,33.21,27,22.93,91,33.21,92,36.07
16.8,33.3,0.00,0.00,92,33.21,24,22.93,94,33.21,92,36.07
16.3,33.3,0.00,0.00,92,33.21,24,22.93,93,33.21,3,2.95
14.2,27.5,0.00,0.00,92,33.21,25,22.93,92,33.21,0,2.95
13.9,27.5,0.00,0.00,92,33.21,25,22.93,94,33.21,0,2.95
16.7,27.5,0.00,0.00,93,33.21,23,22.93,93,33.21,0,2.95
79.9,28.0,0.00,0.00,90,33.21,27,22.93,92,33.21,0,2.95
15.7,28.5,0.00,0.00,89,33.21,29,22.93,91,33.21,0,2.95
16.7,28.6,0.00,0.00,90,33.21,28,2.95,92,33.21,0,2.95
10.0,21.3,0.00,0.00,32,30.45,0,2.95,92,33.21,0,3.07
11.0,21.7,0.00,0.00,0,30.45,0,2.95,90,33.21,4,12.51
72.3,25.2,0.00,0.00,0,30.45,0,2.95,90,33.21,4,18.95
17.7,27.6,0.00,0.00,0,30.45,0,2.95,88,33.21,59,36.09
15.2,28.6,0.00,0.00,0,30.45,0,2.95,92,33.21,89,36.09
10.9,29.3,0.00,0.00,0,30.45,1,7.5,89,33.21,91,36.09
16.7,31.5,0.00,0.00,70,33.21,4,14.44,94,33.21,92,36.09
18.0,33.7,0.00,0.00,88,33.21,8,27.08,93,33.21,90,36.09
36.8,33.9,0.00,0.00,91,33.21,0,27.08,91,33.21,91,36.09
47.2,34.5,0.00,0.00,92,33.21,0,27.08,93,33.21,89,36.09
24.8,34.5,0.00,0.00,91,33.21,0,27.08,94,33.21,3,2.95
97.1,29.3,0.00,0.00,90,33.21,0,27.08,92,33.21,0,2.95
74.6,29.8,0.00,0.00,92,33.21,0,27.08,93,33.21,0,2.95
93.7,30.4,0.00,0.00,91,33.21,70,33.21,11,2.95,0,2.95
15.0,22.5,0.00,0.00,87,33.21,90,33.21,0,2.95,0,2.95
13.8,23.0,0.00,0.00,89,33.21,86,33.21,0,2.95,0,4.65
14.6,23.8,0.00,0.00,91,33.21,90,33.21,0,2.95,4,11.09
14.9,25.7,0.00,0.00,92,33.21,92,33.21,0,2.95,4,18.0
16.1,27.8,0.00,0.00,92,33.21,90,33.21,0,2.95,0,27.08
94.4,28.6,0.00,0.00,89,33.21,86,33.21,0,2.95,0,27.08
34.2,29.6,0.00,0.00,90,33.21,90,33.21,0,2.95,0,27.08
16.9,29.8,0.00,0.00,88,33.21,91,33.21,0,3.35,0,27.08
16.1,31.4,0.00,0.00,87,33.21,88,33.21,3,10.6,0,27.08
15.9,33.8,0.00,0.00,89,33.21,88,33.21,3,18.34,0,33.02
18.1,35.6,0.00,0.00,89,33.21,88,33.21,3,27.08,84,33.02
19.0,36.1,0.00,0.00,89,33.21,91,33.21,0,27.08,91,33.02
27.3,36.6,0.00,0.00,92,33.21,89,33.21,0,27.08,90,33.02
17.4,36.7,0.00,0.00,90,33.21,90,33.21,0,27.08,91,33.02
20.3,37.2,0.00,0.00,87,33.21,90,33.21,0,27.08,88,33.02
24.1,37.8,0.00,0.00,90,33.21,89,33.21,0,27.08,90,33.02
25.4,38.0,0.00,0.00,90,33.21,92,33.21,63,33.7,90,33.02
19.7,35.7,0.00,0.00,2,30.45,88,33.21,92,33.7,88,33.02
20.9,36.2,0.00,0.00,0,30.45,89,33.21,94,33.7,91,33.02
27.7,36.7,0.00,0.00,0,30.45,90,33.21,94,33.7,91,33.02
28.0,36.8,0.00,0.00,0,30.45,91,33.21,92,33.7,90,33.02
19.5,37.4,0.00,0.00,0,30.45,89,33.21,94,33.7,92,33.02
20.5,37.9,0.00,0.00,0,30.45,90,33.21,95,33.7,90,33.02
24.8,38.0,0.00,0.00,0,33.21,92,33.21,96,33.7,91,33.02
24.5,38.0,0.00,0.00,91,33.21,91,30.45,94,33.7,91,33.02
50.2,36.1,0.00,0.00,91,33.21,0,30.45,92,33.7,88,33.02
20.1,36.6,0.00,0.00,85,33.21,0,30.45,95,33.7,90,33.02
19.8,36.8,0.00,0.00,89,33.21,0,30.45,95,33.7,91,33.02
19.9,37.3,0.00,0.00,91,33.21,0,30.45,95,33.7,88,33.02
20.0,37.4,0.00,0.00,89,33.21,0,30.45,95,33.7,89,33.02
54.1,38.0,0.00,0.00,91,33.21,0,33.21,93,33.7,90,33.02
24.6,38.0,0.00,0.00,92,33.21,69,33.21,0,31.06,89,33.02
18.7,36.2,0.00,0.00,91,33.21,92,33.21,0,31.06,88,33.02
17.8,36.7,0.00,0.00,91,33.21,91,33.21,0,31.06,93,33.02
18.2,37.0,0.00,0.00,93,33.21,87,33.21,0,31.06,90,33.02
17.8,37.4,0.00,0.00,90,33.21,93,33.21,0,31.06,93,33.02
17.6,37.9,0.00,0.00,93,33.21,89,33.21,0,31.06,89,33.02
24.6,38.0,0.00,0.00,91,33.21,93,33.21,96,33.7,92,33.02
24.4,38.0,0.00,0.00,90,33.21,90,33.21,94,33.7,91,33.02
24.9,38.0,0.00,0.00,91,33.21,90,33.21,94,33.7,91,33.02
24.2,38.0,0.00,0.00,92,33.21,89,33.21,95,33.7,91,33.02
25.2,38.0,0.00,0.00,91,33.21,89,33.21,95,33.7,90,33.02
23.4,38.0,0.00,0.00,91,33.21,91,33.21,94,33.7,88,33.02
25.8,38.0,0.00,0.00,90,33.21,87,33.21,96,33.7,91,33.02
23.8,38.0,0.00,0.00,92,33.21,90,33.21,94,33.7,90,33.02
23.6,38.0,0.00,0.00,91,33.21,90,33.21,95,33.7,91,33.02
24.2,38.0,0.00,0.00,90,33.21,93,33.21,95,33.7,91,33.02
24.4,38.0,0.00,0.00,91,33.21,90,33.21,96,33.7,89,33.02
19.6,35.7,0.00,0.00,75,30.45,91,33.21,96,33.7,88,33.02
20.3,36.1,0.00,0.00,0,30.45,89,33.21,92,33.7,92,33.02
20.5,36.7,0.00,0.00,0,30.45,89,33.21,95,33.7,89,33.02
27.0,36.8,0.00,0.00,0,30.45,92,33.21,88,31.06,92,33.02
40.4,35.3,0.00,0.00,0,30.45,89,33.21,0,31.06,91,33.02
13.4,36.0,0.00,0.00,0,30.45,91,33.21,0,31.06,89,33.02
18.0,36.7,0.00,0.00,0,33.21,93,33.21,0,31.06,91,33.02
48.8,37.2,0.00,0.00,92,33.21,94,33.21,0,31.06,89,33.02
16.8,35.1,0.00,0.00,89,33.21,33,30.45,0,31.06,86,33.02
62.6,36.1,0.00,0.00,87,33.21,0,30.45,0,33.7,93,33.02
20.9,36.7,0.00,0.00,91,33.21,0,30.45,92,33.7,90,33.02
20.9,37.3,0.00,0.00,93,33.21,0,30.45,96,33.7,90,33.02
20.7,37.4,0.00,0.00,90,33.21,0,30.45,95,33.7,91,33.02
57.1,37.9,0.00,0.00,91,33.21,0,30.45,94,33.7,92,33.02
24.8,38.0,0.00,0.00,93,33.21,90,33.21,95,33.7,93,33.02
23.7,38.0,0.00,0.00,90,33.21,89,33.21,96,33.7,92,33.02
23.6,38.0,0.00,0.00,90,33.21,91,33.21,95,33.7,91,33.02
24.1,38.0,0.00,0.00,92,33.21,92,33.21,95,33.7,92,33.02
25.2,38.0,0.00,0.00,90,33.21,90,33.21,95,33.7,92,33.02
24.2,38.0,0.00,0.00,92,33.21,92,33.21,95,33.7,90,33.02
25.0,38.0,0.00,0.00,92,33.21,90,33.21,95,33.7,91,33.02
24.7,38.0,0.00,0.00,91,33.21,91,33.21,94,33.7,92,33.02
24.3,38.0,0.00,0.00,91,33.21,92,33.21,95,33.7,91,33.02
24.6,38.0,0.00,0.00,92,33.21,90,33.21,94,33.7,92,33.02
20.8,38.0,0.00,0.00,92,33.21,92,33.21,39,31.06,92,33.02
17.8,36.1,0.00,0.00,91,33.21,93,33.21,0,31.06,91,33.02
18.6,36.2,0.00,0.00,90,33.21,91,33.21,0,31.06,87,33.02
20.6,36.7,0.00,0.00,91,33.21,94,33.21,0,31.06,92,33.02
18.0,37.3,0.00,0.00,90,33.21,88,33.21,0,31.06,92,33.02
18.2,37.7,0.00,0.00,93,33.21,93,33.21,0,31.06,88,33.02
18.0,37.9,0.00,0.00,90,33.21,90,33.21,0,33.7,93,33.02
27.7,38.0,0.00,0.00,92,33.02,93,33.21,95,33.7,92,33.02
17.8,30.0,0.00,0.00,5,2.95,90,33.21,94,33.7,91,33.02
20.5,30.4,0.00,0.00,0,2.95,89,33.21,93,33.7,92,33.02
20.3,30.6,0.00,0.00,0,2.95,92,33.21,96,33.7,91,33.02
19.7,31.0,0.00,0.00,0,2.95,89,33.21,95,33.7,94,33.02
20.5,31.1,0.00,0.00,0,2.95,93,33.21,94,33.7,93,33.02
20.5,31.3,0.00,0.00,0,2.95,92,33.21,97,33.7,94,33.02
19.9,33.0,0.00,0.00,2,11.02,92,33.21,96,33.7,93,33.02
23.1,35.0,0.00,0.00,3,17.95,24,30.45,95,33.7,92,33.02
15.3,33.8,0.00,0.00,2,27.69,0,30.45,95,33.7,90,33.02
15.9,34.3,0.00,0.00,81,27.69,0,30.45,94,33.7,92,33.02
16.1,34.5,0.00,0.00,78,27.69,0,30.45,98,33.7,92,33.02
17.0,35.0,0.00,0.00,77,27.69,0,30.45,96,33.7,95,33.02
16.7,35.6,0.00,0.00,81,27.69,0,30.45,96,33.7,92,33.02
17.8,35.8,0.00,0.00,79,27.69,0,33.21,1,31.06,93,33.02
13.4,33.8,0.00,0.00,79,27.69,92,33.21,0,31.06,92,33.02
14.4,34.1,0.00,0.00,79,27.69,93,33.21,0,31.06,92,33.02
14.6,34.5,0.00,0.00,79,27.69,93,33.21,0,31.06,93,33.02
94.4,35.0,0.00,0.00,80,27.69,91,33.21,0,31.06,94,33.02
90.1,35.5,0.00,0.00,80,27.69,91,33.21,0,31.06,92,33.02
24.1,35.7,0.00,0.00,80,27.69,93,33.21,43,33.7,94,33.02
19.7,35.7,0.00,0.00,80,27.69,91,33.21,94,33.7,91,33.02
20.9,35.7,0.00,0.00,79,27.69,92,33.21,96,33.7,92,33.02
20.6,35.7,0.00,0.00,79,27.69,91,33.21,96,33.7,0,30.33
35.3,29.2,0.00,0.00,71,2.95,88,33.21,91,33.7,0,30.33
14.9,28.6,0.00,0.00,0,2.95,92,33.21,95,33.7,0,30.33
16.7,28.8,0.00,0.00,0,2.95,92,33.21,96,33.7,0,30.33
16.5,29.3,0.00,0.00,0,2.95,90,33.21,95,33.7,0,30.33
16.1,29.8,0.00,0.00,0,2.95,90,33.21,96,33.7,0,30.48
21.6,30.4,0.00,0.00,0,2.95,89,33.21,95,33.7,92,33.02
19.9,30.6,0.00,0.00,0,2.95,92,33.21,95,33.7,90,33.02
20.0,31.1,0.00,0.00,0,2.95,91,33.21,94,33.7,93,33.02
19.2,31.1,0.00,0.00,0,2.95,95,33.21,96,33.7,93,33.02
20.8,31.3,0.00,0.00,0,2.95,90,33.21,97,33.7,93,33.02
20.9,32.1,0.00,0.00,1,9.24,94,33.21,96,33.7,92,33.02
21.7,34.3,0.00,0.00,3,16.05,92,33.21,14,31.06,91,33.02
13.4,33.9,0.00,0.00,3,36.07,92,33.21,0,31.06,92,33.02
14.2,34.4,0.00,0.00,90,36.07,94,33.21,0,31.06,89,33.02
14.6,34.6,0.00,0.00,88,36.07,92,33.21,0,31.06,92,33.02
14.2,35.1,0.00,0.00,88,36.07,94,33.21,0,31.06,92,33.02
65.4,33.2,0.00,0.00,90,36.07,33,30.45,0,31.06,90,33.02
22.0,33.9,0.00,0.00,87,36.07,0,30.45,92,33.7,93,33.02
16.4,34.4,0.00,0.00,88,36.07,0,30.45,96,33.7,93,33.02
22.2,29.4,0.00,0.00,89,2.95,0,30.45,94,33.7,94,33.02
94.4,29.3,0.00,0.00,0,2.95,0,30.45,96,33.7,92,33.02
56.8,29.8,0.00,0.00,0,2.95,0,30.45,94,33.7,91,33.02
19.5,30.5,0.00,0.00,0,2.95,81,33.21,94,33.7,91,33.02
92.4,31.0,0.00,0.00,0,2.95,90,33.21,93,33.7,92,33.02
20.2,31.1,0.00,0.00,0,2.95,89,33.21,96,33.7,93,33.02
19.9,31.9,0.00,0.00,0,2.95,92,33.21,96,33.7,93,33.02
19.7,32.7,0.00,0.00,0,2.95,92,33.21,96,33.7,92,33.02
19.5,33.8,0.00,0.00,0,2.95,93,33.21,96,33.7,92,33.02
20.1,34.5,0.00,0.00,0,2.95,92,33.21,96,33.7,92,33.02
19.9,35.0,0.00,0.00,0,2.95,93,33.21,96,33.7,94,33.02
20.3,36.2,0.00,0.00,0,2.95,93,33.21,97,33.7,92,33.02
20.1,36.6,0.00,0.00,0,2.95,92,33.21,97,33.7,94,33.02
17.4,37.8,0.00,0.00,0,2.95,92,33.21,0,31.06,89,33.02
14.5,36.4,0.00,0.00,0,2.95,90,33.21,0,31.06,92,33.02
13.4,37.9,0.00,0.00,0,2.95,93,33.21,0,31.06,91,33.02
14.0,39.0,0.00,0.00,0,2.95,89,33.21,0,31.06,93,33.02
14.3,40.8,0.00,0.00,2,9.21,91,33.21,0,31.06,89,33.02
13.6,43.1,0.00,0.00,3,15.95,95,33.21,0,31.06,90,33.02
25.9,43.6,0.00,0.00,4,23.3,92,33.21,40,33.7,92,33.02
20.7,43.0,0.00,0.00,0,57.99,94,33.21,96,33.7,94,33.02
20.1,43.0,0.00,0.00,96,57.99,94,33.21,97,33.7,94,33.02
20.5,43.0,0.00,0.00,94,57.99,93,33.21,96,33.7,93,33.02
19.9,43.0,0.00,0.00,96,57.99,94,33.21,97,33.7,93,33.02
19.2,43.0,0.00,0.00,96,57.99,93,33.21,97,33.7,93,33.02
20.1,43.0,0.00,0.00,96,59.9,93,33.21,96,33.7,94,33.02
21.6,43.0,0.00,0.00,97,59.9,91,33.21,95,33.7,95,33.02
20.0,43.0,0.00,0.00,96,59.9,94,33.21,97,33.7,94,33.02
20.0,43.0,0.00,0.00,96,59.9,93,33.21,96,33.7,93,33.02
16.7,35.5,0.00,0.00,96,59.9,6,2.95,96,33.7,90,33.02
16.1,35.4,0.00,0.00,93,59.9,0,2.95,94,33.7,94,33.02
16.5,35.8,0.00,0.00,97,59.9,0,2.95,97,33.7,91,33.02
15.9,36.0,0.00,0.00,94,59.9,0,2.95,96,33.7,94,33.02
16.2,37.0,0.00,0.00,98,59.9,0,8.6,97,33.7,93,33.02
16.3,36.9,0.00,0.00,96,59.9,3,15.34,0,2.95,91,33.02
8.1,32.5,0.00,0.00,94,59.9,5,27.08,0,2.95,94,33.02
8.7,33.0,0.00,0.00,98,59.9,0,27.08,0,2.95,94,33.02
8.5,33.5,0.00,0.00,96,59.9,0,27.08,0,2.95,96,33.02
8.1,34.0,0.00,0.00,96,59.9,0,27.08,0,2.95,93,33.02
8.1,34.5,0.00,0.00,96,59.9,0,27.08,0,2.95,93,33.02
21.4,34.8,0.00,0.00,97,59.9,29,33.21,0,2.95,94,33.02
12.1,34.8,0.00,0.00,95,59.9,93,33.21,0,2.95,95,33.02
12.1,34.8,0.00,0.00,97,59.9,94,33.21,0,2.95,95,33.02
11.5,34.8,0.00,0.00,97,59.9,94,33.21,0,2.95,95,33.02
11.9,34.8,0.00,0.00,96,59.9,94,33.21,0,2.95,95,33.02
11.7,34.8,0.00,0.00,97,59.9,94,33.21,0,2.95,95,33.02
11.5,34.8,0.00,0.00,97,59.9,94,33.21,0,2.95,95,33.02
12.1,34.8,0.00,0.00,97,59.9,94,33.21,0,2.95,95,33.02
11.7,34.8,0.00,0.00,91,59.9,93,33.21,0,2.95,95,33.02
12.3,34.8,0.00,0.00,96,59.9,92,33.21,0,2.95,95,33.02
11.9,34.8,0.00,0.00,98,59.9,95,33.21,0,2.95,94,33.02
12.1,34.8,0.00,0.00,97,59.9,95,33.21,0,2.95,94,33.02
12.1,34.8,0.00,0.00,98,59.9,95,33.21,0,2.95,95,33.02
12.1,34.8,0.00,0.00,99,59.9,93,33.21,0,2.95,94,33.02
12.3,34.8,0.00,0.00,96,59.9,94,33.21,0,2.95,95,33.02
11.8,34.8,0.00,0.00,96,59.9,89,33.21,0,2.95,95,33.02
12.2,34.8,0.00,0.00,97,59.9,94,33.21,0,2.95,95,33.02
13.0,34.8,0.00,0.00,97,59.9,95,33.21,0,2.95,94,33.02
12.3,34.8,0.00,0.00,97,59.9,95,33.21,0,2.95,94,33.02
12.1,34.8,0.00,0.00,97,59.9,93,33.21,0,2.95,94,33.02
11.5,34.8,0.00,0.00,98,59.9,95,33.21,0,2.95,94,33.02
12.1,34.8,0.00,0.00,97,59.9,96,33.21,0,2.95,95,33.02
12.7,34.8,0.00,0.00,97,59.9,97,33.21,0,2.95,94,33.02
11.9,34.8,0.00,0.00,97,59.9,96,33.21,0,2.95,94,33.02
11.9,34.8,0.00,0.00,97,59.9,96,33.21,0,2.95,94,33.02
12.1,34.8,0.00,0.00,97,59.9,95,30.45,0,2.95,95,33.02
42.9,32.8,0.00,0.00,94,59.9,0,30.45,0,2.95,95,33.02
12.8,33.0,0.00,0.00,95,59.9,0,30.45,0,2.95,94,33.02
8.1,33.5,0.00,0.00,97,59.9,0,30.45,0,2.95,94,33.02
8.3,34.1,0.00,0.00,98,59.9,0,30.45,0,2.95,94,33.02
7.7,34.6,0.00,0.00,97,59.9,0,30.45,0,2.95,92,33.02
11.3,34.8,0.00,0.00,96,59.9,73,33.21,0,2.95,94,33.02
12.3,34.8,0.00,0.00,97,59.9,95,33.21,0,2.95,95,33.02
12.3,34.8,0.00,0.00,98,59.9,94,33.21,0,2.95,95,33.02
11.7,34.8,0.00,0.00,97,59.9,94,33.21,0,2.95,94,33.02
12.1,34.8,0.00,0.00,96,59.9,95,33.21,0,2.95,94,33.02
11.9,34.8,0.00,0.00,96,59.9,96,33.21,0,2.95,94,33.02
11.9,34.8,0.00,0.00,96,59.9,95,33.21,0,2.95,93,33.02
12.5,34.8,0.00,0.00,97,59.9,93,33.21,0,2.95,0,2.95
9.8,26.8,0.00,0.00,97,59.9,94,33.21,0,2.95,0,2.95
8.4,26.8,0.00,0.00,98,59.9,95,33.21,0,2.95,0,2.95
7.8,26.8,0.00,0.00,100,59.9,95,33.21,0,2.95,0,2.95
8.9,26.8,0.00,0.00,98,59.9,95,33.21,0,2.95,0,2.95
8.3,26.8,0.00,0.00,98,59.9,95,33.21,0,2.95,0,2.95
8.8,26.8,0.00,0.00,99,59.9,96,33.21,0,2.95,0,2.95
10.2,27.3,0.00,0.00,96,59.9,91,33.21,0,2.95,0,2.95
61.9,28.2,0.00,0.00,98,59.9,92,33.21,0,2.95,0,2.95
11.9,28.4,0.00,0.00,98,59.9,94,33.21,0,2.95,0,2.95
12.5,28.9,0.00,0.00,99,59.9,95,33.21,1,6.87,1,8.5
13.1,32.0,0.00,0.00,96,59.9,93,33.21,3,15.22,4,16.58
12.7,36.7,0.00,0.00,98,59.9,93,33.21,3,22.79,14,22.79
50.2,38.1,0.00,0.00,97,59.9,88,33.21,8,22.79,13,22.79
62.3,38.2,0.00,0.00,96,59.9,89,33.21,11,22.79,15,19.32
12.9,38.0,0.00,0.00,95,59.9,86,33.21,9,22.79,12,22.79
12.3,38.3,0.00,0.00,97,59.9,88,33.21,10,22.79,13,22.79
63.1,38.3,0.00,0.00,97,59.9,90,33.21,6,2.95,16,2.95
8.2,26.8,0.00,0.00,97,59.9,96,33.21,4,2.95,0,2.95
4.4,24.4,0.00,0.00,99,59.9,30,2.95,0,2.95,0,2.95
2.3,18.8,0.00,0.00,97,59.9,0,2.95,0,2.95,0,2.95
2.5,18.8,0.00,0.00,99,59.9,0,2.95,0,2.95,0,2.95
2.7,18.8,0.00,0.00,99,59.9,0,2.95,0,2.95,0,2.95
15.1,20.1,0.00,0.00,99,59.9,0,2.95,0,2.95,0,2.95
8.9,20.9,0.00,0.00,96,48.05,0,2.95,0,2.95,0,2.95
8.1,22.0,0.00,0.00,92,59.9,0,2.95,0,2.95,2,8.31
8.7,25.2,0.00,0.00,97,59.9,2,8.5,2,9.87,3,14.83
8.7,31.1,0.00,0.00,96,59.9,4,15.88,4,16.8,4,22.93
11.2,35.8,0.00,0.00,99,59.9,4,27.08,4,27.08,23,22.93
11.8,36.6,0.00,0.00,96,59.9,0,27.08,0,27.08,26,22.93
69.9,37.6,0.00,0.00,97,59.9,0,27.08,0,27.08,23,22.93
8.5,38.3,0.00,0.00,90,59.9,0,27.08,0,27.08,20,22.93
8.5,39.0,0.00,0.00,98,59.9,0,27.08,0,27.08,25,22.93
9.1,40.1,0.00,0.00,96,59.9,0,27.08,0,33.21,31,22.93
15.2,40.4,0.00,0.00,98,59.9,32,33.06,93,33.21,30,22.93
15.5,40.4,0.00,0.00,96,59.9,93,33.06,93,33.21,28,22.93
15.2,40.4,0.00,0.00,97,59.9,93,33.06,94,33.21,30,22.93
15.1,40.4,0.00,0.00,98,59.9,93,33.06,93,33.21,30,22.93
15.7,40.4,0.00,0.00,95,59.9,94,33.06,92,33.21,30,22.93
15.4,40.4,0.00,0.00,96,59.9,93,33.06,94,33.21,30,22.93
15.4,40.4,0.00,0.00,97,59.9,94,33.06,93,33.21,29,22.93
14.8,40.4,0.00,0.00,97,59.9,93,33.06,93,33.21,29,22.93
15.2,40.4,0.00,0.00,95,59.9,94,33.06,92,33.21,25,22.93
14.5,40.4,0.00,0.00,89,59.9,94,33.06,94,33.21,30,22.93
15.0,40.4,0.00,0.00,97,59.9,94,33.06,93,33.21,27,22.93
15.4,40.3,0.00,0.00,95,59.9,94,33.06,94,33.21,28,22.93
15.2,40.4,0.00,0.00,97,59.9,94,33.06,94,33.21,29,22.93
15.2,40.3,0.00,0.00,96,59.9,94,33.06,93,33.21,28,22.93
14.8,40.3,0.00,0.00,98,59.9,94,33.06,93,33.21,26,22.93
15.1,40.3,0.00,0.00,95,59.9,93,33.06,94,33.21,25,22.93
15.6,40.4,0.00,0.00,97,59.9,93,33.06,94,33.21,23,22.93
14.9,40.3,0.00,0.00,97,59.9,95,33.06,94,33.21,29,22.93
14.7,40.3,0.00,0.00,96,59.9,95,33.06,94,33.21,28,22.93
14.9,40.3,0.00,0.00,97,59.9,94,33.06,93,33.21,28,22.93
15.2,40.4,0.00,0.00,97,59.9,94,33.06,94,33.21,28,22.93
15.2,40.4,0.00,0.00,96,59.9,95,33.06,94,33.21,28,22.93
14.9,40.3,0.00,0.00,92,59.9,95,33.06,95,33.21,27,22.93
14.7,40.3,0.00,0.00,97,59.9,94,33.06,95,33.21,29,22.93
15.0,40.4,0.00,0.00,97,59.9,95,33.06,94,30.45,29,22.93
38.3,38.4,0.00,0.00,97,59.9,92,33.06,0,30.45,30,22.93
11.2,38.6,0.00,0.00,96,59.9,93,33.06,0,30.45,30,22.93
11.4,39.1,0.00,0.00,98,59.9,94,33.06,0,30.45,28,22.93
24.2,27.2,0.00,0.00,3,2.95,91,33.06,0,30.45,30,22.93
25.5,27.2,0.00,0.00,0,2.95,96,33.06,0,30.45,29,22.93
13.3,27.4,0.00,0.00,0,2.95,95,33.06,93,33.21,29,22.64
12.8,27.4,0.00,0.00,0,2.95,96,33.06,90,33.21,30,22.93
12.9,27.4,0.00,0.00,0,2.95,95,33.06,94,33.21,30,22.93
13.0,27.4,0.00,0.00,0,2.95,95,33.06,94,33.21,28,22.93
13.5,27.4,0.00,0.00,0,2.95,95,33.06,94,33.21,28,22.93
13.2,27.4,0.00,0.00,0,2.95,95,33.06,95,33.21,29,22.93
13.1,27.4,0.00,0.00,0,2.95,95,33.06,93,33.21,29,22.93
13.4,27.4,0.00,0.00,0,2.95,95,33.06,94,33.21,29,22.64
12.8,27.4,0.00,0.00,0,2.95,95,33.06,94,33.21,26,22.93
13.0,27.4,0.00,0.00,0,2.95,96,33.06,94,33.21,24,22.93
12.9,27.4,0.00,0.00,0,2.95,97,33.06,93,33.21,27,22.93
12.8,27.4,0.00,0.00,0,2.95,95,33.06,94,33.21,31,22.93
13.0,27.4,0.00,0.00,0,2.95,94,33.06,94,33.21,29,22.93
12.8,27.4,0.00,0.00,0,2.95,94,33.06,95,33.21,30,22.93
12.2,27.4,0.00,0.00,0,2.95,96,33.06,94,33.21,29,22.93
12.6,27.4,0.00,0.00,0,2.95,96,33.06,94,33.21,28,22.93
13.0,27.4,0.00,0.00,0,2.95,95,33.06,95,33.21,28,22.93
13.1,27.4,0.00,0.00,0,2.95,95,33.06,94,33.21,28,22.93
12.3,27.4,0.00,0.00,0,2.95,95,30.48,95,33.21,29,22.93
97.7,25.4,0.00,0.00,0,2.95,0,30.48,93,33.21,26,22.93
10.2,25.6,0.00,0.00,0,2.95,0,30.48,94,33.21,29,22.93
11.8,26.1,0.00,0.00,0,2.95,0,30.48,94,33.21,28,22.93
99.6,26.6,0.00,0.00,0,2.95,0,30.48,90,33.21,28,22.93
18.6,26.8,0.00,0.00,0,2.95,0,30.48,95,33.21,28,22.93
76.4,27.3,0.00,0.00,0,2.95,0,33.06,93,33.21,29,22.93
16.4,25.5,0.00,0.00,0,2.95,94,33.06,6,30.45,29,22.93
40.9,25.5,0.00,0.00,0,2.95,91,33.06,0,30.45,31,22.93
9.0,26.1,0.00,0.00,0,2.95,92,33.06,0,30.45,30,22.93
9.8,26.5,0.00,0.00,0,2.95,93,33.06,0,30.45,30,22.93
9.2,26.7,0.00,0.00,0,2.95,93,33.06,0,30.45,30,22.93
42.7,27.3,0.00,0.00,0,2.95,92,33.06,0,33.21,31,22.93
13.3,27.4,0.00,0.00,0,2.95,94,33.06,94,33.21,30,22.93
12.6,27.4,0.00,0.00,0,2.95,94,33.06,94,33.21,29,22.93
13.2,27.4,0.00,0.00,0,2.95,94,33.06,95,33.21,29,22.93
13.1,27.4,0.00,0.00,0,2.95,94,33.06,95,33.21,28,22.93
12.6,27.4,0.00,0.00,0,2.95,94,33.06,95,33.21,27,22.93
13.0,27.4,0.00,0.00,0,2.95,94,33.06,95,33.21,28,22.93
13.0,27.4,0.00,0.00,0,2.95,94,33.06,95,33.21,26,22.93
13.0,27.4,0.00,0.00,0,2.95,94,33.06,95,33.21,29,22.93
12.8,27.4,0.00,0.00,0,2.95,93,33.06,93,33.21,28,22.93
13.2,27.4,0.00,0.00,0,2.95,94,33.06,95,33.21,29,22.93
12.8,27.4,0.00,0.00,0,2.95,94,33.06,95,33.21,28,22.93
13.1,27.4,0.00,0.00,0,2.95,93,33.06,96,33.21,28,22.93
12.3,27.4,0.00,0.00,0,2.95,94,33.06,94,33.21,26,22.93
13.1,27.4,0.00,0.00,0,2.95,93,33.06,95,33.21,24,22.93
13.3,27.4,0.00,0.00,0,2.95,94,33.06,95,33.21,26,22.93
13.3,27.4,0.00,0.00,0,2.95,95,33.06,92,33.21,31,22.93
13.3,27.4,0.00,0.00,0,2.95,94,33.06,94,33.21,30,22.93
12.8,27.4,0.00,0.00,0,2.95,95,33.06,95,33.21,30,22.93
13.2,27.4,0.00,0.00,0,2.95,94,33.06,95,33.21,30,22.93
14.0,27.4,0.00,0.00,0,2.95,94,33.06,93,33.21,28,22.93
13.2,27.4,0.00,0.00,0,2.95,94,33.06,94,33.21,27,22.93
12.3,27.4,0.00,0.00,0,2.95,95,33.06,95,33.21,28,22.93
12.9,27.4,0.00,0.00,0,2.95,94,33.06,96,33.21,29,22.93
12.4,27.4,0.00,0.00,0,2.95,95,33.06,94,33.21,28,22.93
12.8,27.4,0.00,0.00,0,2.95,94,33.06,95,30.45,27,22.93
13.5,25.4,0.00,0.00,0,2.95,93,33.06,0,30.45,29,22.93
9.4,25.6,0.00,0.00,0,2.95,91,33.06,0,30.45,30,22.93
9.0,26.1,0.00,0.00,0,2.95,90,33.06,0,30.45,31,22.93
9.0,26.7,0.00,0.00,0,2.95,93,33.06,0,30.45,25,22.93
9.0,27.1,0.00,0.00,0,2.95,94,33.06,0,30.45,29,22.93
9.4,27.4,0.00,0.00,0,2.95,95,33.06,62,33.21,29,22.93
12.6,27.4,0.00,0.00,0,2.95,94,33.06,95,33.21,29,22.93
12.9,27.4,0.00,0.00,0,2.95,94,33.06,92,33.21,30,22.93
13.5,27.4,0.00,0.00,0,2.95,95,33.06,92,33.21,29,22.93
13.2,27.4,0.00,0.00,0,2.95,94,33.06,93,33.21,28,22.93
13.0,27.4,0.00,0.00,0,2.95,94,33.06,94,33.21,4,2.95
10.5,21.8,0.00,0.00,0,2.95,93,33.06,94,33.21,0,2.95
11.9,21.8,0.00,0.00,0,2.95,93,33.06,93,33.21,0,2.95
82.5,22.3,0.00,0.00,0,2.95,92,33.06,92,33.21,0,2.95
14.6,23.3,0.00,0.00,0,2.95,86,33.06,91,33.21,0,2.95
12.5,23.5,0.00,0.00,0,2.95,94,33.06,95,33.21,1,5.57
14.9,25.6,0.00,0.00,0,7.67,94,33.06,90,33.21,3,12.19
15.5,29.5,0.00,0.00,4,13.97,94,33.06,91,33.21,3,21.66
11.9,24.5,0.00,0.00,4,27.08,5,2.95,88,33.21,4,27.08
10.3,25.5,0.00,0.00,0,27.08,0,2.95,90,33.21,0,27.08
79.1,26.5,0.00,0.00,0,27.08,0,2.95,90,33.21,0,27.08
10.8,26.9,0.00,0.00,0,27.08,0,2.95,93,33.21,0,27.08
10.0,27.9,0.00,0.00,0,27.08,0,2.95,87,33.21,0,27.08
11.1,28.9,0.00,0.00,0,27.08,0,2.95,89,33.21,0,27.08
12.0,29.7,0.00,0.00,0,30.5,0,2.95,90,33.21,97,33.21
14.8,30.4,0.00,0.00,98,33.21,0,2.95,90,33.21,97,33.21
14.6,30.5,0.00,0.00,97,33.21,0,2.95,93,33.21,98,33.21
15.6,31.6,0.00,0.00,98,33.21,2,9.07,95,33.21,97,33.21
14.6,33.5,0.00,0.00,98,33.21,3,16.61,93,33.21,97,33.21
14.7,35.0,0.00,0.00,98,33.21,5,27.08,95,33.21,97,33.21
14.2,35.5,0.00,0.00,96,33.21,0,27.08,91,30.45,97,33.21
11.4,33.6,0.00,0.00,97,33.21,0,27.08,0,30.45,96,33.21
71.9,34.3,0.00,0.00,96,33.21,0,27.08,0,30.45,98,33.21
42.4,35.3,0.00,0.00,97,33.21,0,27.08,0,30.45,97,33.21
10.6,36.0,0.00,0.00,99,33.21,0,27.08,0,30.45,97,33.21
68.3,36.7,0.00,0.00,97,33.21,0,33.7,0,30.45,98,33.21
18.8,37.3,0.00,0.00,98,33.21,71,33.7,0,30.45,97,33.21
21.1,37.5,0.00,0.00,99,33.21,92,33.7,92,33.21,97,33.21
21.9,37.5,0.00,0.00,98,33.21,95,33.7,94,33.21,97,33.21
21.7,37.5,0.00,0.00,98,33.21,94,33.7,93,33.21,96,33.21
21.0,37.5,0.00,0.00,98,33.21,95,33.7,91,33.21,97,33.21
21.3,37.5,0.00,0.00,98,33.21,93,33.7,92,33.21,98,33.21
21.5,37.5,0.00,0.00,97,33.21,94,33.7,94,33.21,97,33.21
22.5,37.5,0.00,0.00,98,33.21,95,33.7,93,33.21,98,33.21
20.8,37.5,0.00,0.00,98,33.21,95,33.7,93,33.21,98,33.21
21.5,37.5,0.00,0.00,98,33.21,95,33.7,93,33.21,98,33.21
20.3,37.5,0.00,0.00,98,33.21,96,33.7,94,33.21,98,33.21
20.9,37.5,0.00,0.00,98,33.21,95,33.7,93,33.21,98,33.21
21.4,37.5,0.00,0.00,98,33.21,96,33.7,93,33.21,97,33.21
21.5,37.5,0.00,0.00,98,33.21,96,33.7,93,33.21,97,33.21
21.9,37.5,0.00,0.00,98,33.21,47,31.06,93,33.21,98,33.21
14.5,35.6,0.00,0.00,98,33.21,0,31.06,87,33.21,97,33.21
15.2,35.8,0.00,0.00,98,33.21,0,31.06,91,33.21,97,33.21
15.4,36.3,0.00,0.00,98,33.21,0,31.06,90,33.21,98,33.21
14.9,36.8,0.00,0.00,99,33.21,0,31.06,93,33.21,97,33.21
15.4,36.9,0.00,0.00,97,33.21,0,31.06,92,33.21,97,33.21
14.6,37.4,0.00,0.00,98,33.21,0,33.7,93,33.21,97,33.21
21.1,37.6,0.00,0.00,98,33.21,96,33.7,94,33.21,97,33.21
21.1,37.5,0.00,0.00,98,33.21,96,33.7,92,33.21,98,33.21
20.7,37.5,0.00,0.00,97,33.21,95,33.7,93,33.21,98,33.21
21.5,37.6,0.00,0.00,97,33.21,95,33.7,92,33.21,97,33.21
22.2,37.6,0.00,0.00,98,33.21,96,33.7,93,33.21,98,33.21
23.6,37.6,0.00,0.00,98,33.21,96,33.7,0,2.95,98,33.21
15.6,29.5,0.00,0.00,98,33.21,95,33.7,0,2.95,98,33.21
14.7,29.5,0.00,0.00,98,33.21,96,33.7,0,2.95,98,33.21
15.1,29.5,0.00,0.00,98,33.21,96,33.7,0,2.95,98,33.21
14.4,29.5,0.00,0.00,98,33.21,96,33.7,0,2.95,99,33.21
17.3,30.0,0.00,0.00,98,33.21,95,33.7,0,2.95,98,33.21
28.8,30.5,0.00,0.00,98,33.21,97,33.7,0,2.95,97,33.21
16.9,30.6,0.00,0.00,98,33.21,95,33.7,0,4.77,98,33.21
16.6,31.8,0.00,0.00,98,33.21,97,33.7,4,11.21,98,33.21
17.8,33.7,0.00,0.00,98,33.21,97,33.7,4,18.39,98,33.21
10.9,27.0,0.00,0.00,98,30.45,5,2.95,3,27.08,0,30.45
78.3,23.7,0.00,0.00,0,30.45,0,2.95,0,27.08,0,30.45
34.9,24.7,0.00,0.00,0,30.45,0,2.95,0,27.08,0,30.45
13.4,25.7,0.00,0.00,0,30.45,0,2.95,0,27.08,0,30.45
94.8,27.2,0.00,0.00,0,30.45,0,2.95,0,27.08,0,30.45
18.6,28.4,0.00,0.00,0,30.45,0,2.95,0,27.08,0,30.45
16.9,29.9,0.00,0.00,0,33.21,0,2.95,53,33.7,55,33.21
19.4,30.5,0.00,0.00,99,33.21,0,2.95,94,33.7,98,33.21
16.4,30.6,0.00,0.00,97,33.21,0,2.95,97,33.7,97,33.21
17.7,31.8,0.00,0.00,98,33.21,4,9.5,95,33.7,97,33.21
17.3,33.8,0.00,0.00,98,33.21,4,15.93,96,33.7,97,33.21
17.3,35.1,0.00,0.00,98,33.21,3,27.08,97,33.7,97,33.21
17.3,35.6,0.00,0.00,97,33.21,0,27.08,95,33.7,97,33.21
16.7,36.1,0.00,0.00,98,33.21,0,27.08,97,33.7,97,33.21
17.2,36.3,0.00,0.00,97,33.21,0,27.08,94,33.7,97,33.21
17.4,36.8,0.00,0.00,98,33.21,0,27.08,95,33.7,98,33.21
17.5,37.3,0.00,0.00,97,33.21,0,27.08,95,33.7,98,33.21
17.0,37.4,0.00,0.00,98,33.21,0,33.6,97,33.7,98,33.21
22.6,37.6,0.00,0.00,98,33.21,81,33.6,95,33.7,97,33.21
24.3,37.6,0.00,0.00,97,33.21,79,33.6,95,33.7,97,33.21
22.5,37.6,0.00,0.00,98,33.21,81,33.6,96,33.7,98,33.21
25.2,36.8,0.00,0.00,97,33.21,88,33.6,0,31.06,97,33.21
34.9,35.7,0.00,0.00,97,33.21,80,33.6,0,31.06,97,33.21
45.8,36.2,0.00,0.00,97,33.21,88,33.6,0,31.06,97,33.21
18.6,36.4,0.00,0.00,98,33.21,83,33.6,0,31.06,97,33.21
19.0,36.9,0.00,0.00,98,33.21,80,33.6,0,31.06,98,33.21
32.8,37.4,0.00,0.00,98,33.21,88,33.6,0,31.06,97,33.21
25.6,37.6,0.00,0.00,98,33.21,89,33.6,36,33.7,98,33.21
24.3,37.6,0.00,0.00,98,33.21,85,31.04,95,33.7,98,33.21
33.8,35.6,0.00,0.00,97,33.21,0,31.04,95,33.7,97,33.21
17.2,35.8,0.00,0.00,98,33.21,0,31.04,97,33.7,97,33.21
16.5,36.3,0.00,0.00,98,33.21,0,31.04,96,33.7,97,33.21
18.7,36.8,0.00,0.00,98,33.21,0,31.04,92,33.7,97,33.21
16.6,36.9,0.00,0.00,98,33.21,0,31.04,97,33.7,98,33.21
17.5,37.4,0.00,0.00,98,33.21,0,31.04,96,33.7,98,33.21
23.9,37.6,0.00,0.00,98,33.21,5,33.6,96,33.7,98,33.21
23.6,37.6,0.00,0.00,98,33.21,79,33.6,96,33.7,97,33.21
24.1,37.6,0.00,0.00,98,33.21,84,33.6,95,33.7,98,33.21
23.0,37.6,0.00,0.00,97,33.21,82,33.6,95,33.7,97,33.21
24.9,37.6,0.00,0.00,98,33.21,81,33.6,95,33.7,98,33.21
25.2,37.6,0.00,0.00,98,33.21,81,33.6,95,33.7,97,33.21
24.2,37.6,0.00,0.00,98,33.21,86,33.6,95,33.7,97,33.21
25.0,37.6,0.00,0.00,97,33.21,84,33.6,12,2.95,98,33.21
19.3,29.9,0.00,0.00,97,33.21,90,33.6,0,2.95,98,33.21
19.0,30.1,0.00,0.00,97,33.21,90,33.6,0,2.95,98,33.21
18.2,30.6,0.00,0.00,97,33.21,93,33.6,0,2.95,98,33.21
16.9,30.8,0.00,0.00,98,33.21,86,33.45,2,7.26,98,33.21
8.4,24.5,0.00,0.00,98,33.21,5,2.95,4,13.9,98,33.21
8.9,26.3,0.00,0.00,98,33.21,0,2.95,6,27.08,98,33.21
10.6,27.9,0.00,0.00,97,33.21,0,2.95,0,27.08,98,33.21
10.0,28.5,0.00,0.00,99,33.21,0,2.95,0,27.08,97,33.21
11.4,29.2,0.00,0.00,98,33.21,0,2.95,0,27.08,98,33.21
10.8,30.3,0.00,0.00,98,33.21,0,2.95,0,27.08,98,33.21
11.2,31.3,0.00,0.00,98,33.21,0,2.95,0,27.08,97,30.45
8.9,28.0,0.00,0.00,78,30.45,0,2.95,0,27.08,0,30.45
14.0,29.7,0.00,0.00,0,30.45,0,2.95,94,33.28,0,30.45
15.4,31.7,0.00,0.00,0,30.45,0,2.95,93,33.28,0,30.45
15.0,32.8,0.00,0.00,0,30.45,0,2.95,96,33.28,0,30.45
78.6,34.3,0.00,0.00,0,30.45,0,2.95,94,33.28,0,30.45
96.4,36.4,0.00,0.00,0,30.45,0,2.95,93,33.28,0,33.21
16.9,37.3,0.00,0.00,0,33.21,0,2.95,95,33.28,97,33.21
16.8,37.9,0.00,0.00,97,33.21,0,2.95,97,33.28,97,33.21
17.3,39.0,0.00,0.00,97,33.21,0,2.95,96,33.28,97,33.21
17.9,39.9,0.00,0.00,97,33.21,0,6.36,96,33.28,97,33.21
17.7,41.6,0.00,0.00,97,33.21,3,12.61,97,33.28,97,33.21
17.2,43.4,0.00,0.00,97,33.21,3,21.2,96,33.28,97,33.21
16.6,43.2,0.00,0.00,97,33.21,1,23.3,97,33.28,97,33.21
17.3,42.4,0.00,0.00,98,33.21,8,57.99,97,33.28,98,33.21
16.5,42.4,0.00,0.00,98,33.21,97,57.99,98,33.28,98,33.21
16.2,42.4,0.00,0.00,98,33.21,96,57.99,96,33.28,98,33.21
16.9,41.0,0.00,0.00,98,33.21,96,57.99,3,30.4,98,33.21
11.1,40.5,0.00,0.00,98,33.21,96,57.99,0,30.4,98,33.21
18.6,41.1,0.00,0.00,99,33.21,96,57.99,0,30.4,97,33.21
11.6,41.2,0.00,0.00,98,33.21,89,59.9,0,30.4,98,33.21
11.0,41.7,0.00,0.00,99,33.21,96,59.9,0,30.4,98,33.21
17.2,42.2,0.00,0.00,98,33.21,94,59.9,0,30.4,98,33.21
24.0,42.5,0.00,0.00,98,33.21,96,59.9,96,33.28,96,33.21
17.0,42.5,0.00,0.00,98,33.21,96,59.9,97,33.28,98,33.21
17.6,42.5,0.00,0.00,98,33.21,96,59.9,97,33.28,98,33.21
17.2,42.5,0.00,0.00,98,33.21,92,59.9,96,33.28,98,33.21
17.2,42.5,0.00,0.00,98,33.21,96,59.9,94,33.28,97,33.21
17.9,42.5,0.00,0.00,98,33.21,96,59.9,97,33.28,98,33.21
17.4,42.4,0.00,0.00,98,33.21,96,59.9,97,33.28,98,33.21
16.9,42.4,0.00,0.00,98,33.21,96,59.9,96,33.28,98,33.21
17.6,42.4,0.00,0.00,98,33.21,95,59.9,97,33.28,98,33.21
16.8,42.4,0.00,0.00,98,33.21,97,59.9,97,33.28,98,33.21
16.7,40.6,0.00,0.00,98,33.21,0,2.95,96,33.28,98,33.21
15.0,29.5,0.00,0.00,98,33.21,0,2.95,95,33.28,98,33.21
15.5,29.5,0.00,0.00,98,33.21,0,2.95,97,33.28,98,33.21
14.6,29.5,0.00,0.00,98,33.21,0,2.95,95,33.28,98,33.21
16.0,29.5,0.00,0.00,98,33.21,0,2.95,96,33.28,98,33.21
11.9,29.5,0.00,0.00,98,33.21,0,2.95,16,2.95,98,33.21
56.1,22.3,0.00,0.00,98,33.21,0,2.95,0,2.95,98,33.21
13.2,22.5,0.00,0.00,99,33.21,0,2.95,0,2.95,97,33.21
84.2,23.5,0.00,0.00,97,33.21,0,2.95,0,2.95,98,33.21
11.4,24.1,0.00,0.00,99,33.21,1,7.16,0,2.95,97,33.21
11.2,26.0,0.00,0.00,99,33.21,4,13.56,0,2.95,97,33.21
14.0,28.0,0.00,0.00,99,33.21,6,27.08,0,2.95,97,33.21
13.3,29.1,0.00,0.00,97,33.21,0,27.08,0,2.95,97,33.21
18.3,29.7,0.00,0.00,98,33.21,0,27.08,0,2.95,97,33.21
55.1,30.3,0.00,0.00,97,33.21,0,27.08,0,5.55,98,33.21
12.7,32.3,0.00,0.00,98,33.21,0,27.08,4,11.63,99,33.21
12.9,34.3,0.00,0.00,98,33.21,0,27.08,4,18.76,97,33.21
13.3,36.0,0.00,0.00,98,33.21,0,27.08,4,27.08,97,33.21
12.9,36.8,0.00,0.00,97,33.21,1,33.35,0,27.08,97,33.21
12.6,39.1,0.00,0.00,97,33.21,3,39.62,0,27.08,97,33.21
12.9,41.1,0.00,0.00,98,33.21,3,45.6,0,27.08,97,33.21
10.6,37.9,0.00,0.00,97,33.02,5,54.63,0,27.08,5,2.95
10.6,28.6,0.00,0.00,5,2.95,0,54.63,0,27.55,0,2.95
12.7,29.6,0.00,0.00,0,2.95,0,54.63,90,33.02,0,2.95
11.9,31.2,0.00,0.00,0,2.95,0,54.63,85,33.02,0,2.95
12.7,31.8,0.00,0.00,0,3.07,0,54.63,91,33.02,4,9.07
12.5,35.8,0.00,0.00,3,10.09,0,54.63,90,33.02,5,15.46
16.0,39.8,0.00,0.00,3,17.63,100,63.28,91,33.02,4,27.08
14.9,42.0,0.00,0.00,3,25.2,99,63.28,86,33.02,0,27.08
23.1,42.3,0.00,0.00,0,25.2,98,63.28,91,33.02,0,27.08
87.2,43.3,0.00,0.00,0,25.2,97,63.28,89,33.02,0,27.08
14.5,44.3,0.00,0.00,0,25.2,100,63.28,89,33.02,0,27.08
15.8,44.6,0.00,0.00,0,25.2,97,63.28,92,33.02,0,27.08
26.5,45.7,0.00,0.00,0,25.2,99,63.28,88,33.02,0,33.7
27.8,46.1,0.00,0.00,25,33.65,100,63.28,88,33.02,96,33.7
28.3,46.1,0.00,0.00,80,33.65,100,63.28,90,33.02,95,33.7
28.6,46.1,0.00,0.00,79,33.65,100,63.28,88,33.02,95,33.7
29.5,46.1,0.00,0.00,77,33.65,100,63.28,88,33.02,95,33.7
29.3,46.1,0.00,0.00,79,33.65,100,63.28,88,33.02,94,33.7
29.2,46.1,0.00,0.00,78,33.65,100,63.28,87,33.02,96,33.7
29.2,46.1,0.00,0.00,77,33.65,100,63.28,89,33.02,95,33.7
27.6,46.1,0.00,0.00,79,33.65,100,63.28,88,33.02,96,33.7
28.9,46.1,0.00,0.00,79,33.65,100,63.28,89,33.02,94,33.7
27.8,46.1,0.00,0.00,77,33.65,100,63.28,87,33.02,94,33.7
29.2,46.1,0.00,0.00,79,33.65,100,63.28,88,33.02,96,33.7
27.0,46.1,0.00,0.00,80,30.72,100,63.28,90,33.02,97,33.7
22.4,44.1,0.00,0.00,0,30.72,100,63.28,92,33.02,93,33.7
22.6,44.3,0.00,0.00,0,30.72,100,63.28,90,33.02,95,33.7
41.1,44.8,0.00,0.00,0,30.72,99,63.28,91,33.02,96,33.7
17.0,45.3,0.00,0.00,0,30.72,99,63.28,91,33.02,0,31.06
15.8,43.5,0.00,0.00,0,30.72,100,63.28,90,33.02,0,31.06
84.5,44.2,0.00,0.00,0,30.72,99,63.28,89,33.02,0,31.06
32.6,44.9,0.00,0.00,58,33.65,100,63.28,87,33.02,0,31.06
22.3,45.4,0.00,0.00,81,33.65,100,63.28,88,33.02,0,31.06
23.1,45.5,0.00,0.00,77,33.65,99,63.28,91,33.02,0,31.06
22.8,46.1,0.00,0.00,79,33.65,99,63.28,87,33.02,25,33.7
28.8,46.2,0.00,0.00,88,33.65,100,63.28,90,33.02,95,33.7
28.6,46.2,0.00,0.00,77,33.65,100,63.28,90,33.02,94,33.7
27.9,46.2,0.00,0.00,74,33.65,100,63.28,91,33.02,95,33.7
28.9,46.2,0.00,0.00,75,33.65,100,63.28,90,33.02,96,33.7
26.9,46.2,0.00,0.00,77,33.65,100,63.28,90,33.02,94,33.7
28.3,46.2,0.00,0.00,77,33.65,100,63.28,89,33.02,95,33.7
28.0,46.2,0.00,0.00,82,33.65,100,63.28,89,33.02,96,33.7
23.7,46.2,0.00,0.00,76,30.72,100,63.28,88,33.02,96,33.7
21.8,44.2,0.00,0.00,4,30.72,100,63.28,90,33.02,95,33.7
22.5,44.3,0.00,0.00,0,30.72,100,63.28,88,33.02,94,33.7
21.1,44.8,0.00,0.00,0,30.72,100,63.28,93,33.02,97,33.7
21.8,45.4,0.00,0.00,0,30.72,99,63.28,88,33.02,95,33.7
22.6,45.6,0.00,0.00,0,30.72,100,63.28,91,33.02,95,33.7
21.6,46.0,0.00,0.00,0,30.72,98,63.28,92,33.02,95,33.7
25.9,46.1,0.00,0.00,67,33.65,100,60.52,89,33.02,97,31.06
27.5,42.8,0.00,0.00,87,33.65,0,60.52,89,33.02,0,31.06
19.9,42.5,0.00,0.00,79,33.65,0,60.52,88,33.02,0,31.06
18.9,43.5,0.00,0.00,81,33.65,0,60.52,85,33.02,0,31.06
65.5,44.1,0.00,0.00,85,33.65,0,60.52,86,33.02,0,31.06
27.3,44.8,0.00,0.00,85,33.65,0,60.52,89,33.02,0,31.06
62.9,45.8,0.00,0.00,76,33.65,0,60.52,88,33.02,0,31.06
22.9,46.1,0.00,0.00,79,33.65,98,63.28,91,33.02,97,33.7
28.2,46.2,0.00,0.00,80,33.65,100,63.28,90,33.02,95,33.7
27.8,46.2,0.00,0.00,78,33.65,100,63.28,91,33.02,95,33.7
28.3,46.2,0.00,0.00,76,33.65,100,63.28,89,33.02,95,33.7
21.9,44.1,0.00,0.00,11,30.72,100,63.28,89,33.02,94,33.7
21.4,44.3,0.00,0.00,0,30.72,99,63.28,92,33.02,97,33.7
21.3,44.8,0.00,0.00,0,30.72,99,63.28,90,33.02,96,33.7
21.2,45.4,0.00,0.00,0,30.72,98,63.28,91,33.02,94,33.7
21.0,45.5,0.00,0.00,0,30.72,100,63.28,91,33.02,96,33.7
22.4,46.0,0.00,0.00,0,30.72,100,63.28,90,33.02,97,33.7
27.7,46.2,0.00,0.00,10,33.65,100,63.28,89,33.02,96,33.7
27.7,46.2,0.00,0.00,80,33.65,100,63.28,89,33.02,97,33.7
28.4,46.2,0.00,0.00,79,33.65,100,63.28,90,33.02,96,33.7
26.6,46.2,0.00,0.00,74,33.65,100,63.28,88,33.02,97,33.7
28.1,46.2,0.00,0.00,72,33.65,100,63.28,88,33.02,97,33.7
28.4,46.2,0.00,0.00,76,33.65,100,63.28,90,33.02,96,31.06
22.4,43.8,0.00,0.00,84,33.65,100,63.28,89,33.02,0,31.06
52.9,44.3,0.00,0.00,78,33.65,100,63.28,90,33.02,0,31.06
23.0,44.8,0.00,0.00,89,33.65,100,63.28,84,33.02,0,31.06
23.4,45.0,0.00,0.00,77,33.65,100,63.28,91,33.02,0,31.06
71.5,45.5,0.00,0.00,82,33.65,99,63.28,88,33.02,0,31.06
22.1,46.0,0.00,0.00,85,33.5,99,63.28,88,33.02,0,33.7
22.0,38.1,0.00,0.00,5,2.95,100,63.28,93,33.02,97,33.7
20.3,38.1,0.00,0.00,0,2.95,100,63.28,92,33.02,97,33.7
19.9,38.0,0.00,0.00,0,2.95,100,63.28,92,33.02,96,33.7
19.7,38.0,0.00,0.00,0,2.95,100,63.28,93,33.02,97,33.7
22.6,38.2,0.00,0.00,0,2.95,100,63.28,90,33.02,95,33.7
21.7,38.6,0.00,0.00,0,2.95,100,63.28,92,33.02,94,33.7
21.9,39.1,0.00,0.00,0,2.95,100,63.28,88,33.02,94,33.7
22.0,39.2,0.00,0.00,0,2.95,100,63.28,93,33.02,96,33.7
21.8,40.7,0.00,0.00,3,9.43,100,63.28,92,33.02,97,33.7
21.9,42.7,0.00,0.00,4,16.05,100,63.28,92,33.02,97,33.7
21.5,44.0,0.00,0.00,4,27.08,100,63.28,89,33.02,93,33.7
20.1,44.2,0.00,0.00,0,27.08,100,63.28,91,33.02,94,33.7
22.1,44.7,0.00,0.00,0,27.08,99,63.28,91,33.02,96,33.7
20.8,45.2,0.00,0.00,0,27.08,100,63.28,91,33.02,96,33.7
21.4,45.4,0.00,0.00,0,27.08,99,63.28,90,33.02,95,33.7
20.9,45.9,0.00,0.00,0,27.08,99,63.28,90,33.02,96,31.06
23.7,44.1,0.00,0.00,1,33.6,100,63.28,89,33.02,0,31.06
22.3,44.3,0.00,0.00,81,33.6,97,63.28,88,33.02,0,31.06
22.8,44.8,0.00,0.00,78,33.6,100,63.28,88,33.02,0,31.06
27.7,45.1,0.00,0.00,88,33.6,100,63.28,6,30.33,0,31.06
20.7,43.6,0.00,0.00,82,33.6,99,63.28,0,30.33,0,31.06
21.3,44.6,0.00,0.00,85,33.6,100,63.28,0,30.33,0,31.06
28.3,42.6,0.00,0.00,83,33.6,62,60.52,0,30.33,92,33.7
25.0,43.6,0.00,0.00,81,33.6,0,60.52,0,30.33,96,33.7
24.3,44.4,0.00,0.00,86,33.6,0,60.52,0,30.33,94,33.7
24.7,44.9,0.00,0.00,73,33.6,0,60.52,0,33.02,95,33.7
25.3,45.5,0.00,0.00,85,33.6,0,60.52,88,33.02,95,33.7
18.2,43.3,0.00,0.00,47,31.04,0,60.52,91,33.02,95,33.7
17.9,44.2,0.00,0.00,0,31.04,0,63.28,92,33.02,97,33.7
20.5,44.8,0.00,0.00,0,31.04,91,63.28,88,33.02,95,33.7
21.3,45.0,0.00,0.00,0,31.04,99,63.28,89,33.02,95,33.7
21.9,45.5,0.00,0.00,0,31.04,99,63.28,90,33.02,95,33.7
21.1,46.0,0.00,0.00,0,31.04,100,63.28,90,33.02,96,33.7
27.3,46.2,0.00,0.00,0,33.6,100,63.28,92,33.02,98,33.7
28.7,46.2,0.00,0.00,82,33.6,100,63.28,88,33.02,98,33.7
28.9,46.2,0.00,0.00,76,33.6,100,63.28,90,33.02,97,33.7
29.1,46.2,0.00,0.00,77,33.6,100,63.28,88,33.02,97,33.7
28.7,46.2,0.00,0.00,76,33.6,100,63.28,91,33.02,89,31.06
26.1,43.8,0.00,0.00,79,33.6,100,63.28,90,33.02,0,31.06
23.8,44.3,0.00,0.00,82,33.6,99,63.28,89,33.02,0,31.06
21.3,44.8,0.00,0.00,86,33.6,100,63.28,91,33.02,0,31.06
22.7,45.0,0.00,0.00,76,33.6,100,63.28,91,33.02,0,31.06
23.1,45.5,0.00,0.00,80,33.6,100,63.28,89,33.02,0,31.06
21.9,46.0,0.00,0.00,88,33.6,99,63.28,89,33.02,0,31.06
23.2,46.2,0.00,0.00,82,31.04,100,63.28,91,33.02,89,33.7
73.4,44.2,0.00,0.00,0,31.04,100,63.28,88,33.02,94,33.7
21.1,44.3,0.00,0.00,0,31.04,99,63.28,92,33.02,94,33.7
25.3,44.9,0.00,0.00,0,31.04,99,63.28,91,33.02,98,33.7
22.2,45.4,0.00,0.00,0,31.04,100,63.28,92,33.02,96,33.7
21.0,45.6,0.00,0.00,0,31.04,100,63.28,92,33.02,96,33.7
72.6,46.1,0.00,0.00,0,31.04,100,63.28,89,33.02,94,33.7
27.1,46.2,0.00,0.00,29,33.6,100,63.28,91,33.02,96,33.7
28.0,46.2,0.00,0.00,77,33.6,100,63.28,90,33.02,97,33.7
27.1,46.2,0.00,0.00,78,33.6,100,63.28,90,33.02,97,33.7
27.7,46.2,0.00,0.00,77,33.6,100,63.28,88,33.02,96,33.7
27.0,46.2,0.00,0.00,77,33.6,100,63.28,89,33.02,96,33.7
28.7,46.2,0.00,0.00,79,33.6,100,63.28,90,33.02,97,33.7
28.1,46.2,0.00,0.00,74,33.6,100,63.28,89,33.02,96,33.7
28.8,46.2,0.00,0.00,76,33.6,100,63.28,88,33.02,97,33.7
28.0,46.2,0.00,0.00,74,33.6,100,63.28,88,33.02,97,31.06
22.6,43.8,0.00,0.00,80,33.6,100,63.28,90,33.02,0,31.06
23.0,44.3,0.00,0.00,77,33.6,99,63.28,86,33.02,0,31.06
67.4,44.8,0.00,0.00,87,33.65,100,63.28,88,33.02,0,31.06
14.4,36.9,0.00,0.00,5,2.95,100,63.28,93,33.02,0,31.06
77.3,37.9,0.00,0.00,0,2.95,100,63.28,87,33.02,0,31.06
100.0,38.9,0.00,0.00,0,2.95,100,63.28,90,33.02,0,31.06
15.8,39.1,0.00,0.00,0,2.95,99,63.28,92,33.02,97,33.7
22.2,40.3,0.00,0.00,0,8.09,100,63.28,91,33.02,96,33.7
21.8,42.4,0.00,0.00,4,14.88,100,63.28,92,33.02,97,33.7
20.9,43.7,0.00,0.00,4,27.08,100,63.28,90,33.02,96,33.7
23.6,44.2,0.00,0.00,0,27.08,99,63.28,91,33.02,97,33.7
21.5,44.8,0.00,0.00,0,27.08,99,63.28,88,33.02,95,33.7
21.3,44.9,0.00,0.00,0,27.08,100,63.28,90,33.02,94,33.7
20.3,43.0,0.00,0.00,0,27.08,89,33.02,92,33.02,96,33.7
17.2,37.9,0.00,0.00,0,27.08,91,33.02,90,33.02,96,33.7
21.3,38.0,0.00,0.00,0,33.21,91,33.02,91,33.02,97,33.7
21.5,38.0,0.00,0.00,92,33.21,91,33.02,91,33.02,97,33.7
21.6,38.1,0.00,0.00,88,33.21,93,33.02,91,33.02,97,33.7
22.6,38.0,0.00,0.00,92,33.21,92,33.02,92,33.02,97,33.7
21.2,38.0,0.00,0.00,90,33.21,93,33.02,91,33.02,96,33.7
22.9,38.0,0.00,0.00,89,33.21,92,33.02,90,33.02,97,33.7
21.6,38.0,0.00,0.00,90,33.21,93,33.02,91,33.02,89,31.06
22.5,38.0,0.00,0.00,91,33.21,93,33.02,89,33.02,0,31.06
15.5,36.1,0.00,0.00,92,33.21,89,33.02,90,33.02,0,31.06
15.8,36.6,0.00,0.00,89,33.21,93,33.02,91,33.02,0,31.06
15.5,36.8,0.00,0.00,90,33.21,91,33.02,89,33.02,0,31.06
15.7,37.3,0.00,0.00,90,33.21,90,33.02,90,33.02,0,31.06
15.4,37.8,0.00,0.00,91,33.21,93,33.02,85,33.02,0,31.06
16.3,38.0,0.00,0.00,90,33.21,90,33.02,91,33.02,97,33.7
21.9,38.0,0.00,0.00,92,33.21,92,33.02,90,33.02,97,33.7
22.1,38.0,0.00,0.00,90,33.21,92,33.02,91,33.02,96,33.7
22.0,38.0,0.00,0.00,90,33.21,91,33.02,91,33.02,97,33.7
22.2,38.0,0.00,0.00,91,33.21,90,33.02,90,33.02,96,33.7
21.6,38.0,0.00,0.00,92,33.21,92,33.02,91,33.02,98,33.7
22.2,38.0,0.00,0.00,91,33.21,91,33.02,91,33.02,96,33.7
21.8,38.0,0.00,0.00,90,33.21,91,33.02,91,33.02,97,33.7
21.6,38.0,0.00,0.00,91,33.21,93,33.02,91,33.02,97,33.7
19.9,35.7,0.00,0.00,91,33.21,0,30.33,90,33.02,94,33.7
54.4,36.2,0.00,0.00,89,33.21,0,30.33,90,33.02,96,33.7
18.8,36.6,0.00,0.00,94,33.21,0,30.33,92,33.02,93,33.7
19.3,36.8,0.00,0.00,90,33.21,0,30.33,91,33.02,95,33.7
19.2,35.0,0.00,0.00,82,30.45,0,30.33,88,33.02,93,33.7
58.3,35.9,0.00,0.00,0,30.45,0,30.33,90,33.02,94,33.7
67.4,36.6,0.00,0.00,0,30.45,0,33.02,91,33.02,96,33.7
23.9,36.9,0.00,0.00,0,30.45,90,33.02,92,33.02,6,2.95
18.7,29.3,0.00,0.00,0,30.45,91,33.02,94,33.02,0,2.95
9.6,29.8,0.00,0.00,0,30.45,94,33.02,91,33.02,0,2.95
15.7,30.4,0.00,0.00,0,33.21,91,33.02,94,33.02,0,2.95
17.0,30.5,0.00,0.00,91,33.21,91,33.02,91,33.02,0,2.95
25.9,31.0,0.00,0.00,88,33.21,92,33.02,92,33.02,0,2.95
16.5,31.6,0.00,0.00,93,33.21,92,33.02,93,33.02,0,2.95
15.9,32.3,0.00,0.00,93,33.21,93,33.02,90,33.02,0,2.95
15.8,33.1,0.00,0.00,94,33.21,92,33.02,93,33.02,0,2.95
15.7,33.8,0.00,0.00,94,33.21,92,33.02,92,33.02,0,2.95
15.3,34.8,0.00,0.00,92,33.21,92,33.02,93,33.02,0,2.95
15.9,35.6,0.00,0.00,93,33.21,93,33.02,93,33.02,0,2.95
16.6,36.1,0.00,0.00,93,33.21,91,33.02,93,33.02,0,2.95
15.7,37.2,0.00,0.00,93,33.21,92,33.02,92,33.02,0,2.95
15.9,37.8,0.00,0.00,93,33.21,91,33.02,93,33.02,0,2.95
16.5,38.5,0.00,0.00,93,33.21,92,33.02,94,33.02,0,2.95
15.8,39.7,0.00,0.00,94,33.21,92,33.02,93,33.02,0,3.35
14.6,36.5,0.00,0.00,91,33.21,93,33.02,6,2.95,4,10.29
12.1,34.3,0.00,0.00,94,33.21,92,33.02,0,2.95,3,16.68
14.0,36.3,0.00,0.00,94,33.21,91,33.02,0,2.95,2,23.3
13.4,36.2,0.00,0.00,92,33.21,92,33.02,0,2.95,0,23.3
15.1,35.9,0.00,0.00,92,33.21,92,33.02,0,2.95,44,57.99
14.2,36.1,0.00,0.00,90,33.21,95,33.02,2,7.11,97,57.99
14.0,37.9,0.00,0.00,94,33.21,94,33.02,3,13.83,96,57.99
15.0,39.8,0.00,0.00,93,33.21,96,33.02,4,27.08,97,57.99
13.4,40.9,0.00,0.00,93,33.21,94,33.02,0,27.08,95,57.99
14.0,41.0,0.00,0.00,91,33.21,92,33.02,0,27.08,96,57.99
14.2,41.5,0.00,0.00,91,33.21,92,33.02,0,27.08,92,59.9
13.2,42.1,0.00,0.00,91,33.21,94,33.02,0,27.08,96,59.9
11.0,39.8,0.00,0.00,92,2.95,92,33.02,0,27.08,94,59.9
76.6,34.7,0.00,0.00,5,2.95,93,33.02,0,33.7,97,59.9
14.5,34.8,0.00,0.00,0,2.95,95,33.02,97,33.7,97,59.9
14.6,34.8,0.00,0.00,0,2.95,94,33.02,97,33.7,97,59.9
14.8,34.8,0.00,0.00,0,2.95,93,33.02,97,33.7,97,59.9
14.6,34.8,0.00,0.00,0,2.95,93,33.02,97,33.7,93,59.9
15.4,34.8,0.00,0.00,0,2.95,94,33.02,97,33.7,96,59.9
14.8,34.8,0.00,0.00,0,2.95,93,33.02,98,33.7,97,59.9
13.7,34.8,0.00,0.00,0,2.95,95,33.02,98,33.7,97,59.9
14.2,34.8,0.00,0.00,0,2.95,95,33.02,98,33.7,98,59.9
14.1,34.8,0.00,0.00,0,2.95,96,33.02,96,33.7,97,59.9
14.6,34.8,0.00,0.00,0,2.95,95,33.02,97,33.7,98,59.9
13.8,34.8,0.00,0.00,0,2.95,96,33.02,97,33.7,98,59.9
14.6,34.8,0.00,0.00,0,2.95,95,33.02,97,33.7,89,59.9
13.8,34.8,0.00,0.00,0,2.95,95,33.02,97,33.7,98,59.9
14.8,34.8,0.00,0.00,0,2.95,96,33.02,98,33.7,99,59.9
14.4,34.8,0.00,0.00,0,2.95,95,33.02,97,31.06,98,59.9
8.5,32.5,0.00,0.00,0,2.95,95,33.02,0,31.06,98,59.9
8.2,33.0,0.00,0.00,0,2.95,94,33.02,0,31.06,98,59.9
93.1,33.5,0.00,0.00,0,2.95,95,33.02,0,31.06,99,59.9
7.9,34.1,0.00,0.00,0,2.95,93,33.02,0,31.06,98,59.9
8.3,34.6,0.00,0.00,0,2.95,94,33.02,0,31.06,98,59.9
15.7,34.8,0.00,0.00,0,2.95,94,33.02,54,33.7,98,59.9
13.9,34.8,0.00,0.00,0,2.95,95,33.02,95,33.7,99,59.9
14.0,34.9,0.00,0.00,0,2.95,95,33.02,98,33.7,98,59.9
14.0,34.8,0.00,0.00,0,2.95,94,33.02,96,33.7,99,59.9
13.9,34.8,0.00,0.00,0,2.95,94,33.02,97,33.7,99,59.9
14.6,34.8,0.00,0.00,0,2.95,94,33.02,97,33.7,98,59.9
13.8,34.8,0.00,0.00,0,2.95,94,33.02,98,33.7,98,59.9
14.0,34.8,0.00,0.00,0,2.95,94,33.02,97,33.7,98,59.9
13.2,34.8,0.00,0.00,0,2.95,94,33.02,97,33.7,98,59.9
14.2,34.8,0.00,0.00,0,2.95,94,33.02,97,33.7,90,59.9
13.8,34.8,0.00,0.00,0,2.95,94,33.02,97,33.7,98,59.9
13.9,34.8,0.00,0.00,0,2.95,94,33.02,98,33.7,98,59.9
14.0,34.8,0.00,0.00,0,2.95,95,33.02,97,33.7,99,59.9
14.2,34.8,0.00,0.00,0,2.95,94,33.02,98,33.7,98,59.9
13.8,34.8,0.00,0.00,0,2.95,95,33.02,98,33.7,99,59.9
8.7,34.8,0.00,0.00,0,2.95,95,33.02,28,2.95,97,59.9
6.0,26.7,0.00,0.00,0,2.95,95,33.02,0,2.95,99,59.9
6.3,26.7,0.00,0.00,0,2.95,94,33.02,0,2.95,99,59.9
8.3,27.2,0.00,0.00,0,2.95,91,33.02,0,2.95,95,59.9
10.0,28.2,0.00,0.00,0,2.95,95,33.02,0,2.95,99,59.9
6.2,28.4,0.00,0.00,0,2.95,93,33.02,0,2.95,99,59.9
10.6,28.6,0.00,0.00,0,2.95,95,33.02,0,2.95,99,59.9
10.2,29.1,0.00,0.00,0,5.31,94,33.02,4,9.36,99,59.9
10.4,33.5,0.00,0.00,4,13.29,94,33.02,4,16.78,97,59.9
17.4,37.6,0.00,0.00,5,21.08,95,33.02,3,36.26,98,59.9
10.2,37.8,0.00,0.00,72,36.26,95,33.02,93,36.26,98,59.9
10.0,37.8,0.00,0.00,94,36.26,95,33.02,94,36.26,99,59.9
10.4,37.8,0.00,0.00,95,36.26,94,33.02,94,36.26,99,58.8
10.2,37.8,0.00,0.00,95,36.26,94,33.02,94,36.26,99,59.9
10.7,37.4,0.00,0.00,71,2.95,95,33.02,3,2.95,99,59.9
6.2,26.7,0.00,0.00,3,2.95,94,33.02,0,2.95,97,59.9
6.3,26.7,0.00,0.00,0,2.95,95,33.02,0,2.95,98,59.9
6.7,26.7,0.00,0.00,0,2.95,95,33.02,0,2.95,99,59.9
6.6,26.7,0.00,0.00,0,2.95,95,33.02,0,2.95,99,59.9
9.1,27.5,0.00,0.00,0,2.95,93,33.02,0,2.95,100,59.9
10.6,27.8,0.00,0.00,0,2.95,93,33.02,0,2.95,98,59.9
10.2,28.9,0.00,0.00,0,2.95,89,33.02,0,2.95,99,59.9
10.0,29.8,0.00,0.00,0,5.57,94,33.02,0,8.24,48,2.95
8.5,20.7,0.00,0.00,4,12.39,93,33.02,4,14.56,0,2.95
7.9,24.7,0.00,0.00,4,27.08,94,33.02,4,27.08,0,2.95
72.3,26.4,0.00,0.00,0,27.08,90,33.02,0,27.08,0,2.95
75.3,27.6,0.00,0.00,0,27.08,88,33.02,0,27.08,0,2.95
10.0,28.4,0.00,0.00,0,27.08,91,33.02,0,27.08,2,7.87
73.2,31.1,0.00,0.00,0,27.08,88,33.02,0,27.08,3,13.83
41.0,25.9,0.00,0.00,0,27.08,0,2.95,0,27.08,4,27.08
61.4,27.8,0.00,0.00,0,33.7,0,2.95,0,27.08,0,27.08
22.9,28.7,0.00,0.00,90,33.7,0,2.95,86,33.6,0,27.08
24.9,29.7,0.00,0.00,93,33.7,0,2.95,83,33.6,0,27.08
29.4,30.3,0.00,0.00,93,33.7,0,2.95,89,33.6,0,27.08
83.9,31.7,0.00,0.00,93,33.7,0,2.95,89,33.6,0,27.08
97.1,32.8,0.00,0.00,92,33.7,0,2.95,77,33.6,0,27.08
21.8,33.8,0.00,0.00,91,33.7,0,2.95,89,33.6,47,33.6
27.1,34.8,0.00,0.00,93,33.7,0,2.95,83,33.6,74,33.6
29.6,35.2,0.00,0.00,91,33.7,0,2.95,86,33.6,85,33.6
26.2,36.3,0.00,0.00,92,33.7,0,2.95,80,33.6,78,33.6
26.3,36.7,0.00,0.00,93,33.7,0,2.95,82,33.6,76,33.6
27.7,38.0,0.00,0.00,94,33.7,0,2.95,81,33.6,80,33.6
28.0,38.0,0.00,0.00,91,33.7,0,2.95,74,31.04,82,33.6
38.1,36.8,0.00,0.00,93,33.7,0,2.95,0,31.04,87,33.6
29.7,38.1,0.00,0.00,91,33.7,0,2.95,0,31.04,84,33.6
22.2,39.6,0.00,0.00,94,33.7,1,7.67,0,31.04,92,33.6
95.4,39.6,0.00,0.00,4,31.06,4,13.58,0,31.04,93,33.6
17.0,41.6,0.00,0.00,0,31.06,4,21.2,0,31.04,67,31.04
8.4,40.1,0.00,0.00,0,31.06,0,23.3,0,33.6,0,31.04
94.5,40.1,0.00,0.00,0,31.06,0,44.34,81,33.6,0,31.04
62.1,41.0,0.00,0.00,0,31.06,99,44.34,80,33.6,0,31.04
16.6,41.7,0.00,0.00,0,31.06,98,44.34,88,33.6,0,31.04
22.8,42.4,0.00,0.00,0,33.7,99,44.34,90,33.6,0,31.04
22.1,42.9,0.00,0.00,92,33.7,99,44.34,86,33.6,0,33.6
27.3,43.1,0.00,0.00,96,33.7,99,44.34,82,33.6,82,33.6
28.0,43.1,0.00,0.00,91,33.7,99,44.34,76,33.6,74,33.6
27.8,43.1,0.00,0.00,94,33.7,91,46.3,78,33.6,83,33.6
27.1,43.2,0.00,0.00,95,33.7,99,46.3,76,33.6,83,33.6
27.4,43.1,0.00,0.00,95,33.7,99,46.3,81,33.6,80,33.6
27.0,43.1,0.00,0.00,94,33.7,99,46.3,77,33.6,95,33.6
26.1,43.1,0.00,0.00,95,33.7,99,46.3,49,31.04,91,33.6
21.2,41.1,0.00,0.00,95,33.7,99,46.3,0,31.04,91,33.6
22.9,41.2,0.00,0.00,92,33.7,99,46.3,0,31.04,89,33.6
23.1,41.8,0.00,0.00,94,33.7,89,46.3,0,31.04,89,33.6
36.4,42.3,0.00,0.00,95,33.7,99,46.3,0,31.04,87,33.6
22.6,42.5,0.00,0.00,94,33.7,99,46.3,0,31.04,72,31.04
14.4,40.6,0.00,0.00,93,33.7,99,46.3,0,33.6,0,31.04
17.2,38.8,0.00,0.00,95,33.5,99,46.3,89,33.6,0,31.04
38.2,34.0,0.00,0.00,5,2.95,99,46.3,85,33.6,0,31.04
24.8,34.3,0.00,0.00,0,2.95,100,46.3,87,33.6,0,31.04
58.9,35.3,0.00,0.00,0,2.95,99,46.3,81,33.6,0,31.04
92.3,35.9,0.00,0.00,0,2.95,94,46.3,94,33.6,0,31.04
22.4,36.3,0.00,0.00,0,2.95,99,46.3,93,33.6,87,33.6
23.8,37.8,0.00,0.00,2,9.97,99,46.3,93,33.6,87,33.6
23.1,39.7,0.00,0.00,4,16.68,99,46.3,91,33.6,82,33.6
23.3,40.8,0.00,0.00,4,27.69,99,46.3,90,33.6,89,33.6
23.1,40.8,0.00,0.00,79,27.69,99,46.3,92,33.6,92,33.6
22.0,40.8,0.00,0.00,79,27.69,99,46.3,89,31.04,92,33.6
17.1,38.7,0.00,0.00,79,27.69,99,46.3,0,31.04,91,33.6
17.2,38.9,0.00,0.00,74,27.69,93,46.3,0,31.04,98,33.6
17.0,39.5,0.00,0.00,80,27.69,99,46.3,0,31.04,98,33.6
16.2,39.9,0.00,0.00,78,27.69,99,46.3,0,31.04,98,33.6
17.1,40.1,0.00,0.00,77,27.69,100,46.3,0,31.04,84,31.04
15.1,40.3,0.00,0.00,75,27.69,100,46.3,0,31.04,0,31.04
16.5,38.9,0.00,0.00,79,27.69,99,46.3,58,33.6,0,31.04
16.9,39.4,0.00,0.00,81,27.69,100,46.3,92,33.6,0,31.04
17.8,39.5,0.00,0.00,80,27.69,100,46.3,99,33.6,0,31.04
16.9,40.0,0.00,0.00,79,27.69,99,46.3,88,33.6,0,31.04
16.7,40.5,0.00,0.00,77,27.69,100,46.3,91,33.6,0,31.04
16.7,40.7,0.00,0.00,80,27.69,99,46.3,94,33.6,91,33.6
23.0,40.8,0.00,0.00,81,27.69,99,46.3,91,33.6,88,33.6
22.5,35.2,0.00,0.00,18,2.95,99,46.3,88,33.6,88,33.6
20.2,35.0,0.00,0.00,0,2.95,99,46.3,87,33.6,87,33.6
20.3,35.0,0.00,0.00,0,2.95,99,46.3,87,33.6,88,33.6
20.8,35.0,0.00,0.00,0,2.95,99,46.3,90,31.04,92,33.6
17.1,33.1,0.00,0.00,0,2.95,99,46.3,0,31.04,95,33.6
16.9,33.7,0.00,0.00,0,2.95,99,46.3,0,31.04,95,33.6
17.3,34.6,0.00,0.00,0,2.95,94,46.3,0,31.04,90,33.6
23.9,35.0,0.00,0.00,0,2.95,99,46.3,0,31.04,98,33.6
90.3,37.0,0.00,0.00,4,9.5,99,46.3,0,31.04,97,33.6
98.0,39.4,0.00,0.00,4,16.29,99,46.3,0,31.04,6,2.95
18.6,32.6,0.00,0.00,4,25.2,99,46.3,49,33.6,0,2.95
14.4,33.0,0.00,0.00,0,25.2,99,46.3,94,33.6,0,2.95
40.3,33.6,0.00,0.00,0,25.2,99,46.3,90,33.6,0,2.95
13.8,34.1,0.00,0.00,0,25.2,99,46.3,88,33.6,0,2.95
14.0,34.3,0.00,0.00,0,25.2,94,46.3,97,33.6,0,2.95
14.3,34.8,0.00,0.00,0,25.2,99,46.3,89,33.6,0,2.95
19.7,34.9,0.00,0.00,24,33.38,99,46.3,91,33.6,0,2.95
20.4,34.9,0.00,0.00,97,33.38,99,46.3,99,33.6,0,2.95
20.3,34.9,0.00,0.00,96,33.38,99,46.3,90,33.6,0,2.95
19.1,34.9,0.00,0.00,97,33.38,99,46.3,97,33.6,0,2.95
21.6,34.9,0.00,0.00,97,33.38,99,46.3,98,33.65,0,2.95
12.7,32.5,0.00,0.00,97,33.38,100,46.3,4,31.04,0,2.95
54.9,33.0,0.00,0.00,94,33.38,99,46.3,0,31.04,0,2.95
80.6,33.5,0.00,0.00,96,33.38,92,46.3,0,31.04,0,2.95
13.4,33.7,0.00,0.00,94,33.38,99,46.3,0,31.04,0,2.95
12.0,34.2,0.00,0.00,94,33.38,99,46.3,0,31.04,0,2.95
53.9,34.7,0.00,0.00,96,33.38,99,46.3,0,31.04,0,2.95
23.1,34.9,0.00,0.00,95,33.38,99,46.3,32,33.6,0,2.95
18.7,34.9,0.00,0.00,97,33.38,99,46.3,92,33.6,0,2.95
20.3,34.9,0.00,0.00,97,33.38,99,46.3,93,33.6,0,2.95
20.5,34.9,0.00,0.00,97,32.6,99,46.3,89,33.6,0,2.95
77.0,33.0,0.00,0.00,4,30.74,96,46.3,90,33.6,0,2.95
14.3,33.1,0.00,0.00,0,30.74,99,46.3,98,33.6,0,2.95
14.2,33.6,0.00,0.00,0,30.74,100,46.3,91,33.6,0,2.95
14.6,34.2,0.00,0.00,0,30.74,99,46.3,93,33.6,0,2.95
14.5,34.4,0.00,0.00,0,30.74,99,46.3,91,33.6,0,2.95
14.6,34.8,0.00,0.00,0,30.74,99,46.3,96,33.6,0,2.95
18.7,34.9,0.00,0.00,73,33.38,99,46.3,92,33.6,0,2.95
20.1,33.9,0.00,0.00,97,33.38,99,46.3,37,2.95,0,2.95
10.6,26.8,0.00,0.00,95,33.38,99,46.3,0,2.95,0,2.95
11.0,26.8,0.00,0.00,97,33.38,93,46.3,0,2.95,0,2.95
10.1,26.8,0.00,0.00,97,33.38,99,46.3,0,2.95,0,2.95
13.0,26.8,0.00,0.00,97,33.38,99,46.3,0,2.95,0,2.95
12.7,27.3,0.00,0.00,92,33.38,99,46.3,0,2.95,0,2.95
14.6,28.3,0.00,0.00,91,33.38,99,46.3,0,2.95,0,2.95
10.9,28.5,0.00,0.00,94,33.38,99,46.3,0,2.95,0,2.95
14.4,29.6,0.00,0.00,96,33.38,99,46.3,0,2.95,0,2.95
14.8,31.0,0.00,0.00,94,33.38,99,46.3,0,2.95,0,2.95
15.2,32.7,0.00,0.00,92,33.38,99,46.3,0,2.95,0,2.95
15.4,34.1,0.00,0.00,94,33.38,99,46.3,0,2.95,0,2.95
14.8,36.0,0.00,0.00,95,33.38,99,46.3,0,2.95,0,2.95
14.2,37.5,0.00,0.00,97,33.38,99,46.3,0,2.95,0,2.95
8.8,36.2,0.00,0.00,89,30.74,99,46.3,0,2.95,0,2.95
10.4,38.0,0.00,0.00,0,30.74,99,46.3,0,2.95,0,2.95
8.5,40.2,0.00,0.00,0,30.74,99,46.3,0,2.95,0,2.95
8.5,41.5,0.00,0.00,0,30.74,99,46.3,0,2.95,0,2.95
8.3,43.2,0.00,0.00,0,30.74,99,46.3,0,2.95,0,2.95
8.6,45.4,0.00,0.00,0,30.74,99,46.3,3,8.36,0,2.95
15.0,48.1,0.00,0.00,0,33.38,99,46.3,5,14.09,0,2.95
13.4,50.6,0.00,0.00,94,33.38,99,46.3,5,21.2,4,9.53
14.8,52.8,0.00,0.00,96,33.38,100,46.3,0,21.2,4,15.73
15.0,54.5,0.00,0.00,98,33.38,100,46.3,0,25.4,4,25.4
15.0,54.1,0.00,0.00,97,33.38,100,46.3,0,25.4,0,25.4
14.6,52.5,0.00,0.00,96,33.38,100,46.3,49,58.02,0,58.02
15.6,52.3,0.00,0.00,97,33.38,100,46.3,100,58.02,100,58.02
15.1,52.3,0.00,0.00,98,33.38,100,46.3,96,61.02,91,61.02
14.8,52.3,0.00,0.00,97,33.38,99,46.3,100,61.02,99,61.02
14.6,52.3,0.00,0.00,97,33.38,100,46.3,94,61.02,93,61.02
14.6,52.3,0.00,0.00,96,33.38,99,46.3,99,61.02,100,61.02
15.4,52.3,0.00,0.00,97,33.38,99,46.3,95,61.02,100,61.02
15.1,52.3,0.00,0.00,94,33.38,99,46.3,100,61.02,92,61.02
15.2,52.3,0.00,0.00,97,33.38,100,46.3,100,61.02,100,61.02
14.7,52.3,0.00,0.00,98,33.38,99,46.3,93,61.02,98,61.02
8.7,48.4,0.00,0.00,69,2.95,99,46.3,100,61.02,100,61.02
6.7,44.2,0.00,0.00,0,2.95,99,46.3,97,61.02,94,61.02
9.3,44.6,0.00,0.00,0,2.95,100,46.3,100,61.02,100,58.82
9.1,44.7,0.00,0.00,0,2.95,94,46.3,97,61.02,100,61.02
8.4,45.3,0.00,0.00,0,2.95,99,46.3,100,56.77,95,61.02
8.9,46.1,0.00,0.00,0,2.95,99,46.3,100,61.02,100,61.02
8.6,46.8,0.00,0.00,0,2.95,99,46.3,100,61.02,100,61.02
8.9,47.7,0.00,0.00,0,2.95,99,46.3,100,61.02,100,61.02
9.5,48.4,0.00,0.00,0,2.95,99,46.3,100,61.02,94,61.02
10.6,49.1,0.00,0.00,0,2.95,99,46.3,100,61.02,100,61.02
8.5,50.3,0.00,0.00,0,2.95,100,46.3,100,58.82,94,61.02
8.9,50.8,0.00,0.00,0,2.95,100,46.3,100,61.02,100,61.02
8.7,52.0,0.00,0.00,0,2.95,100,46.3,100,58.82,100,61.02
9.3,52.3,0.00,0.00,0,2.95,99,46.3,100,61.02,100,61.02
8.6,53.4,0.00,0.00,0,2.95,99,46.3,100,58.82,100,61.02
8.5,54.5,0.00,0.00,0,2.95,99,46.3,100,61.02,100,61.02
8.8,55.7,0.00,0.00,3,9.33,99,46.3,100,58.82,96,61.02
8.5,57.4,0.00,0.00,3,15.73,99,46.3,100,61.02,100,61.02
8.7,58.4,0.00,0.00,3,23.3,99,46.3,100,58.82,100,61.02
8.9,57.1,0.00,0.00,0,23.3,99,46.3,100,61.02,100,61.02
8.6,57.1,0.00,0.00,56,57.99,100,46.3,100,61.02,100,61.02
8.8,57.1,0.00,0.00,95,57.99,94,46.3,100,61.02,100,61.02
8.7,57.1,0.00,0.00,96,57.99,100,46.3,100,61.02,98,58.82
8.7,57.1,0.00,0.00,96,57.99,100,46.3,100,61.02,97,61.02
8.9,57.1,0.00,0.00,96,57.99,100,46.3,100,61.02,100,61.02
8.6,57.1,0.00,0.00,96,59.9,100,46.3,96,61.02,100,61.02
8.5,57.1,0.00,0.00,98,59.9,100,46.3,100,61.02,100,61.02
8.8,57.1,0.00,0.00,99,59.9,100,46.3,61,60.8,100,61.02
8.5,44.7,0.00,0.00,98,59.9,99,46.3,0,2.95,10,2.95
6.7,31.7,0.00,0.00,97,59.9,100,46.3,0,2.95,0,2.95
6.0,32.2,0.00,0.00,96,59.9,94,46.3,0,2.95,0,2.95
9.1,33.2,0.00,0.00,99,59.9,99,46.3,0,2.95,0,2.95
6.7,33.3,0.00,0.00,96,59.9,99,46.3,0,3.07,0,5.96
8.7,35.5,0.00,0.00,94,59.9,99,46.3,3,10.7,3,12.61
8.9,39.6,0.00,0.00,97,59.9,99,46.3,4,17.61,3,21.57
9.8,42.3,0.00,0.00,98,59.9,99,46.3,2,27.08,0,27.08
99.0,43.4,0.00,0.00,97,59.9,99,46.3,0,27.08,0,27.08
8.7,44.5,0.00,0.00,98,59.9,99,46.3,0,27.08,0,27.08
8.7,44.9,0.00,0.00,95,59.9,94,46.3,0,27.08,0,27.08
8.1,45.8,0.00,0.00,98,59.9,99,46.3,0,27.08,0,27.08
8.7,46.9,0.00,0.00,95,59.9,99,46.3,0,27.08,0,33.7
13.2,47.3,0.00,0.00,90,59.9,99,46.3,99,33.7,100,33.7
13.1,47.3,0.00,0.00,92,59.9,99,46.3,100,33.7,99,33.7
13.5,47.3,0.00,0.00,96,59.9,99,46.3,100,33.7,100,33.7
13.5,47.3,0.00,0.00,96,59.9,100,46.3,100,33.7,100,33.7
13.3,47.3,0.00,0.00,97,59.9,100,46.3,100,33.7,100,33.7
12.9,47.3,0.00,0.00,98,59.9,100,46.3,99,33.7,99,33.7
13.0,36.7,0.00,0.00,95,59.9,8,2.95,99,33.7,100,33.7
10.9,34.4,0.00,0.00,98,59.9,0,2.95,100,33.7,100,33.7
11.5,34.4,0.00,0.00,98,59.9,0,2.95,100,33.7,100,33.7
11.4,34.4,0.00,0.00,97,59.9,0,2.95,100,33.7,100,33.7
13.2,34.8,0.00,0.00,96,59.9,0,2.95,99,33.7,99,33.7
13.2,34.9,0.00,0.00,95,59.9,0,2.95,99,33.7,99,33.7
13.2,35.4,0.00,0.00,92,59.9,0,2.95,99,33.7,99,33.7
15.4,35.7,0.00,0.00,95,59.9,0,5.67,98,33.7,99,33.7
13.7,37.5,0.00,0.00,96,57.19,3,12.19,99,33.7,100,33.7
13.9,39.4,0.00,0.00,90,59.9,4,18.76,99,33.7,100,33.7
13.4,40.4,0.00,0.00,97,59.9,3,27.08,98,33.7,98,33.7
13.5,40.6,0.00,0.00,94,59.9,0,27.08,100,33.7,100,33.7
13.4,41.1,0.00,0.00,95,59.9,0,27.08,99,33.7,99,33.7
13.0,41.3,0.00,0.00,95,59.9,0,27.08,99,33.7,99,33.7
13.0,41.7,0.00,0.00,95,59.9,0,27.08,99,33.7,100,33.7
8.8,42.2,0.00,0.00,87,59.9,0,27.08,0,31.06,34,31.06
17.0,38.6,0.00,0.00,95,59.9,0,33.6,0,31.06,0,31.06
16.9,39.4,0.00,0.00,96,59.9,97,33.6,0,31.06,0,31.06
16.5,40.0,0.00,0.00,92,59.9,88,33.6,0,31.06,0,31.06
16.6,41.0,0.00,0.00,94,59.9,81,33.6,0,31.06,0,31.06
17.0,42.0,0.00,0.00,95,59.9,86,33.6,0,31.06,0,31.06
16.6,42.4,0.00,0.00,95,59.9,92,33.6,73,33.7,99,33.7
21.3,42.5,0.00,0.00,96,59.9,92,33.6,99,33.7,99,33.7
20.4,42.5,0.00,0.00,94,59.9,95,33.6,99,33.7,99,33.7
20.5,42.5,0.00,0.00,94,59.9,94,33.6,99,33.7,99,33.7
20.8,42.5,0.00,0.00,95,59.9,94,33.6,99,33.7,99,33.7
20.8,42.5,0.00,0.00,96,59.9,98,33.6,99,33.7,99,33.7
12.9,40.1,0.00,0.00,95,58.8,1,31.04,99,33.7,98,33.7
25.7,40.6,0.00,0.00,85,59.9,0,31.04,98,33.7,99,33.7
12.2,41.1,0.00,0.00,96,59.9,0,31.04,99,33.7,99,33.7
12.6,41.2,0.00,0.00,92,59.9,0,31.04,99,33.7,99,33.7
13.5,41.7,0.00,0.00,93,59.9,0,31.04,99,33.7,99,33.7
65.1,42.3,0.00,0.00,89,59.9,0,31.04,98,33.7,99,33.7
13.6,42.4,0.00,0.00,91,59.9,0,33.6,99,33.7,99,33.7
21.0,42.5,0.00,0.00,95,59.9,93,33.6,99,33.7,99,33.7
20.3,42.5,0.00,0.00,96,59.9,94,33.6,99,33.7,99,33.7
21.1,42.5,0.00,0.00,96,59.9,94,33.6,99,33.7,99,33.7
21.7,42.5,0.00,0.00,93,59.9,94,33.6,99,33.7,99,33.7
20.8,42.5,0.00,0.00,95,59.9,93,33.6,99,33.7,99,33.7
20.3,42.5,0.00,0.00,96,59.9,95,33.6,99,33.7,99,33.7
20.3,42.5,0.00,0.00,88,59.9,91,33.6,99,33.7,100,33.7
20.7,42.5,0.00,0.00,96,59.9,96,33.6,99,33.7,100,33.7
22.3,42.5,0.00,0.00,96,59.9,94,33.6,99,31.06,99,31.06
17.3,37.7,0.00,0.00,96,59.9,96,33.6,15,31.06,0,31.06
21.0,36.3,0.00,0.00,98,59.9,45,31.04,0,31.06,0,31.06
90.1,37.8,0.00,0.00,93,59.9,0,31.04,0,31.06,0,31.06
89.7,39.0,0.00,0.00,97,59.9,0,31.04,0,31.06,0,31.06
9.2,39.8,0.00,0.00,84,59.9,0,31.04,0,31.06,0,31.06
77.5,41.4,0.00,0.00,98,59.9,0,31.04,0,31.06,43,33.7
50.6,42.3,0.00,0.00,95,59.9,0,31.04,99,33.7,99,33.7
13.6,42.5,0.00,0.00,94,59.9,0,33.6,99,33.7,100,33.7
21.7,42.5,0.00,0.00,94,59.9,98,33.6,99,33.7,99,33.7
21.2,42.5,0.00,0.00,95,59.9,95,33.6,99,33.7,99,33.7
20.4,42.5,0.00,0.00,85,59.9,95,33.6,99,33.7,99,33.7
19.8,42.5,0.00,0.00,96,59.9,90,33.6,99,33.7,99,33.7
20.9,42.5,0.00,0.00,95,59.9,96,33.6,99,33.7,99,33.7
20.3,42.6,0.00,0.00,96,59.9,96,33.6,99,33.7,99,33.7
21.5,42.5,0.00,0.00,95,59.9,98,33.6,99,33.7,99,33.7
20.9,42.5,0.00,0.00,96,59.9,99,33.6,99,33.7,99,33.7
21.6,42.5,0.00,0.00,96,59.9,93,33.6,99,33.7,99,33.7
21.7,42.5,0.00,0.00,85,59.9,93,33.65,99,33.7,99,33.7
13.5,35.7,0.00,0.00,95,59.9,6,2.95,99,33.7,99,33.7
10.9,34.4,0.00,0.00,94,59.9,0,2.95,99,33.7,99,33.7
11.4,34.4,0.00,0.00,96,59.9,0,2.95,99,33.7,99,33.7
13.9,34.9,0.00,0.00,95,59.9,0,2.95,98,33.7,99,33.7
12.9,35.3,0.00,0.00,98,59.9,0,2.95,99,33.7,99,33.7
12.9,35.5,0.00,0.00,87,59.9,0,2.95,99,33.7,99,33.7
13.2,36.3,0.00,0.00,95,59.9,0,2.95,99,33.7,99,33.7
13.4,37.0,0.00,0.00,92,59.9,0,2.95,99,33.7,99,33.7
13.5,37.9,0.00,0.00,96,59.9,0,2.95,99,33.7,99,33.7
13.7,38.6,0.00,0.00,95,59.9,0,2.95,99,31.06,73,31.06
8.5,35.1,0.00,0.00,95,59.9,0,2.95,0,31.06,0,31.06
8.5,36.6,0.00,0.00,98,59.9,0,2.95,0,31.06,0,31.06
8.5,38.1,0.00,0.00,95,59.9,0,2.95,0,31.06,0,31.06
65.8,40.3,0.00,0.00,95,59.9,0,2.95,0,31.06,0,31.06
16.9,41.0,0.00,0.00,97,59.9,0,2.95,0,31.06,0,31.06
9.1,42.7,0.00,0.00,99,59.9,0,2.95,0,33.7,31,33.7
13.0,44.2,0.00,0.00,94,59.9,0,2.95,99,33.7,99,33.7
13.2,45.2,0.00,0.00,94,59.9,1,8.06,99,33.7,99,33.7
13.0,35.2,0.00,0.00,40,2.95,3,14.12,99,33.7,99,33.7
13.2,36.2,0.00,0.00,0,2.95,3,23.3,98,33.7,99,33.7
13.3,35.7,0.00,0.00,0,2.95,0,23.3,98,33.7,98,33.7
13.0,35.5,0.00,0.00,0,2.95,39,57.99,98,33.7,98,33.7
13.8,36.4,0.00,0.00,4,8.31,96,57.99,98,33.7,99,33.7
13.2,38.0,0.00,0.00,5,13.41,96,57.99,99,33.7,99,33.7
13.4,39.7,0.00,0.00,7,18.95,97,57.99,99,33.7,99,33.7
13.4,40.0,0.00,0.00,17,22.93,99,57.99,99,33.7,99,33.7
13.5,40.0,0.00,0.00,31,22.93,99,57.99,99,33.7,99,33.7
13.3,39.9,0.00,0.00,31,22.93,91,59.9,99,33.7,99,33.7
13.2,39.9,0.00,0.00,33,22.93,99,59.9,99,33.7,99,33.7
13.6,39.9,0.00,0.00,32,22.93,97,59.9,99,33.7,99,33.7
13.5,39.9,0.00,0.00,32,22.93,97,59.9,99,33.7,99,33.7
12.7,39.9,0.00,0.00,33,22.93,98,59.9,99,33.7,99,33.7
13.4,39.9,0.00,0.00,30,22.93,97,59.9,99,33.7,99,33.7
13.7,39.9,0.00,0.00,33,22.93,97,59.9,99,33.7,99,33.7
12.9,39.9,0.00,0.00,33,22.93,94,59.9,99,33.7,99,33.7
13.7,39.9,0.00,0.00,33,22.93,99,59.9,99,33.7,99,33.7
13.4,39.9,0.00,0.00,34,22.93,98,59.9,99,33.7,99,33.7
8.7,39.9,0.00,0.00,32,22.93,98,59.9,79,33.5,0,2.95
6.9,24.9,0.00,0.00,32,22.93,97,59.9,4,2.95,5,2.95
4.4,24.3,0.00,0.00,34,22.93,98,59.9,0,2.95,0,2.95
4.6,24.3,0.00,0.00,33,22.93,97,59.9,0,2.95,0,2.95
20.1,25.3,0.00,0.00,31,22.93,95,59.9,0,2.95,0,2.95
8.5,26.3,0.00,0.00,29,22.93,93,59.9,0,2.95,0,2.95
8.7,27.0,0.00,0.00,28,22.93,99,59.9,0,2.95,0,2.95
8.4,29.0,0.00,0.00,31,22.93,99,59.9,0,2.95,0,2.95
8.9,30.4,0.00,0.00,33,22.93,99,59.9,0,2.95,0,2.95
8.6,32.0,0.00,0.00,32,22.93,99,59.9,0,2.95,0,2.95
8.7,34.1,0.00,0.00,31,22.93,99,59.9,0,2.95,0,2.95
8.8,36.1,0.00,0.00,32,22.93,99,59.9,0,2.95,0,2.95
8.5,37.1,0.00,0.00,32,22.93,100,59.9,0,2.95,0,2.95
8.7,39.8,0.00,0.00,32,22.93,99,59.9,0,2.95,0,2.95
8.9,40.3,0.00,0.00,32,22.93,100,59.9,0,2.95,0,2.95
9.1,42.6,0.00,0.00,32,22.93,99,59.9,0,2.95,0,2.95
8.9,45.1,0.00,0.00,31,22.93,99,59.9,0,7.8,3,8.7
8.9,48.2,0.00,0.00,33,22.93,99,59.9,4,14.7,4,15.95
8.5,52.3,0.00,0.00,33,22.93,99,59.9,5,23.64,3,23.64
9.3,51.4,0.00,0.00,32,22.93,99,59.9,0,44.22,0,44.22
8.8,50.2,0.00,0.00,29,22.93,99,59.9,99,44.22,99,44.22
8.8,50.2,0.00,0.00,30,22.93,99,59.9,99,44.22,99,44.22
8.9,50.2,0.00,0.00,30,22.93,99,59.9,99,44.22,99,44.22
9.1,50.2,0.00,0.00,30,22.93,93,59.9,99,44.22,99,44.22
8.4,50.2,0.00,0.00,33,22.93,99,59.9,99,44.22,99,44.22
8.5,50.2,0.00,0.00,33,22.93,99,59.9,99,44.22,99,44.22
8.5,50.2,0.00,0.00,32,22.93,99,59.9,96,47.35,95,47.35
8.7,50.2,0.00,0.00,32,22.93,99,59.9,99,47.35,99,47.35
8.6,50.2,0.00,0.00,32,22.93,99,59.9,99,47.35,100,47.35
8.7,50.2,0.00,0.00,33,22.93,99,59.9,99,47.35,99,47.35
8.8,50.2,0.00,0.00,34,22.93,100,59.9,99,47.35,100,47.35
8.7,50.2,0.00,0.00,34,22.93,99,59.9,99,47.35,99,47.35
8.5,50.2,0.00,0.00,32,22.93,96,59.9,99,47.35,100,47.35
8.6,50.2,0.00,0.00,34,22.93,99,59.9,95,47.35,100,47.35
8.8,50.2,0.00,0.00,33,22.93,100,59.9,99,47.35,100,47.35
8.7,50.2,0.00,0.00,33,22.93,100,59.9,99,47.35,100,47.35
8.8,50.2,0.00,0.00,34,22.93,100,59.9,99,47.35,99,47.35
8.5,50.2,0.00,0.00,31,22.93,100,59.9,99,47.35,100,47.35
8.4,50.2,0.00,0.00,33,22.93,99,59.9,99,47.35,100,47.35
8.6,50.2,0.00,0.00,33,22.93,100,59.9,99,47.35,100,47.35
8.5,50.2,0.00,0.00,33,22.93,100,59.9,99,47.35,100,47.35
8.6,50.2,0.00,0.00,33,22.93,99,59.9,99,47.35,96,47.35
8.8,50.2,0.00,0.00,34,22.93,99,59.9,99,47.35,100,47.35
8.9,50.2,0.00,0.00,33,22.93,100,59.9,99,47.35,100,47.35
8.4,50.2,0.00,0.00,30,22.93,100,59.9,99,47.35,100,47.35
8.5,50.2,0.00,0.00,32,22.93,100,59.9,99,47.35,100,47.35
8.9,50.2,0.00,0.00,33,22.93,100,59.9,99,47.35,100,47.35
8.7,50.2,0.00,0.00,32,22.93,99,59.9,99,47.35,100,47.35
8.7,50.2,0.00,0.00,31,22.93,99,59.9,99,47.35,100,47.35
8.5,50.2,0.00,0.00,31,22.93,99,59.9,99,47.35,100,47.35
8.6,50.2,0.00,0.00,32,22.93,91,59.9,100,47.35,100,47.35
8.9,50.2,0.00,0.00,31,22.93,99,59.9,100,47.35,100,47.35
8.7,50.2,0.00,0.00,32,22.93,99,59.9,99,47.35,100,47.35
9.3,50.2,0.00,0.00,31,22.93,99,59.9,99,47.35,100,47.35
8.7,50.2,0.00,0.00,32,22.93,98,59.9,94,47.35,100,47.35
8.7,50.2,0.00,0.00,32,22.93,98,59.9,100,47.35,100,47.35
8.9,50.2,0.00,0.00,32,22.93,99,59.9,99,47.35,100,47.35
9.1,50.2,0.00,0.00,30,22.93,99,58.8,99,47.35,100,47.35
8.9,50.2,0.00,0.00,31,22.93,99,59.9,99,47.35,100,47.35
8.8,50.2,0.00,0.00,33,22.93,100,59.9,99,47.35,100,47.35
8.7,50.2,0.00,0.00,34,22.93,99,59.9,99,47.35,97,47.35
8.4,50.2,0.00,0.00,32,22.93,99,59.9,99,47.35,100,47.35
8.9,50.2,0.00,0.00,33,22.93,99,59.9,96,47.35,100,47.35
8.7,50.2,0.00,0.00,33,22.93,98,59.9,99,47.35,100,47.35
8.9,50.2,0.00,0.00,33,22.93,99,59.9,99,47.35,100,47.35
8.6,50.2,0.00,0.00,32,22.93,98,59.9,99,47.35,100,47.35
8.9,50.2,0.00,0.00,32,22.93,99,58.8,99,47.35,100,47.35
8.5,50.2,0.00,0.00,33,22.93,99,59.9,99,47.35,100,47.35
8.9,50.2,0.00,0.00,32,22.93,99,59.9,99,47.35,100,47.35
8.4,50.2,0.00,0.00,33,22.93,100,59.9,99,47.13,100,47.35
8.7,38.0,0.00,0.00,34,22.93,98,59.9,8,2.95,99,47.35
7.1,37.2,0.00,0.00,30,22.93,99,59.9,0,2.95,100,47.35
7.0,37.2,0.00,0.00,33,22.93,99,59.9,0,2.95,100,47.35
6.7,37.2,0.00,0.00,33,22.93,99,59.9,0,2.95,100,47.35
8.8,37.3,0.00,0.00,33,22.93,92,59.9,0,2.95,100,47.35
8.3,37.8,0.00,0.00,31,22.93,98,59.9,0,2.95,99,47.35
8.7,38.3,0.00,0.00,33,22.93,98,59.9,0,2.95,99,47.35
8.9,38.8,0.00,0.00,31,22.93,99,59.9,0,2.95,99,47.35
8.5,39.8,0.00,0.00,32,22.93,99,59.9,0,2.95,99,47.35
9.1,40.8,0.00,0.00,33,22.93,99,59.9,0,2.95,99,47.35
8.7,41.7,0.00,0.00,32,22.93,98,59.9,0,2.95,99,47.35
8.7,42.4,0.00,0.00,33,22.93,99,59.9,0,2.95,100,47.35
8.8,43.4,0.00,0.00,33,22.93,99,59.9,0,2.95,99,47.35
8.5,44.2,0.00,0.00,32,22.93,99,59.9,0,2.95,100,47.35
8.8,45.1,0.00,0.00,33,21.1,99,59.9,0,2.95,99,47.35
8.7,45.6,0.00,0.00,33,22.93,99,59.9,0,2.95,99,47.35
8.7,47.0,0.00,0.00,34,22.93,98,59.9,0,2.95,100,47.35
8.6,48.2,0.00,0.00,33,22.93,98,59.9,3,10.31,99,47.35
9.1,50.1,0.00,0.00,31,22.93,98,59.9,4,17.44,100,47.35
9.2,51.6,0.00,0.00,31,22.93,99,59.9,0,23.3,99,47.35
8.5,50.2,0.00,0.00,31,22.93,99,59.9,77,57.99,99,47.35
8.4,50.2,0.00,0.00,31,22.93,99,59.9,96,57.99,100,47.35
8.9,50.2,0.00,0.00,29,22.93,99,59.9,96,57.99,100,47.35
8.7,50.2,0.00,0.00,29,22.93,99,59.9,97,57.99,100,47.35
8.9,50.2,0.00,0.00,29,22.93,98,59.9,97,57.99,100,47.35
8.9,50.2,0.00,0.00,31,22.93,100,59.9,97,57.99,100,47.35
8.7,50.2,0.00,0.00,30,22.93,99,59.9,95,59.9,100,47.35
8.7,50.2,0.00,0.00,31,22.93,98,59.9,96,59.9,99,47.35
8.7,50.2,0.00,0.00,31,22.93,99,59.9,98,59.9,100,47.35
8.7,45.2,0.00,0.00,14,2.95,96,59.9,95,59.9,100,44.22
6.7,44.6,0.00,0.00,0,2.95,99,59.9,95,59.9,98,47.35
7.2,44.6,0.00,0.00,0,2.95,99,59.9,95,59.9,100,47.35
8.5,45.1,0.00,0.00,0,2.95,98,59.9,93,59.9,100,47.35
8.5,45.6,0.00,0.00,0,2.95,99,59.9,98,59.9,100,47.35
8.8,45.8,0.00,0.00,0,2.95,98,59.9,99,59.9,99,47.35
8.6,47.5,0.00,0.00,4,9.82,99,59.9,96,59.9,99,47.35
8.5,49.6,0.00,0.00,4,17.05,91,59.9,99,59.9,99,47.35
8.7,50.6,0.00,0.00,6,27.08,99,59.9,99,59.9,99,47.35
8.6,50.8,0.00,0.00,0,27.08,99,59.9,97,59.9,100,47.35
70.1,51.4,0.00,0.00,0,27.08,98,59.9,91,59.9,95,47.35
8.9,51.9,0.00,0.00,0,27.08,99,59.9,92,59.9,96,47.35
8.6,52.3,0.00,0.00,0,27.08,98,59.9,95,59.9,100,47.35
8.6,52.6,0.00,0.00,0,33.04,97,59.9,97,59.9,100,47.35
13.0,52.7,0.00,0.00,63,33.04,97,59.68,98,59.9,100,47.35
10.2,39.8,0.00,0.00,93,33.04,10,2.95,97,59.9,100,47.35
11.0,39.8,0.00,0.00,91,33.04,0,2.95,96,59.9,100,47.35
11.1,39.8,0.00,0.00,94,33.04,0,2.95,92,59.9,100,47.35
10.8,39.8,0.00,0.00,93,33.04,0,2.95,98,59.9,100,47.35
10.6,39.7,0.00,0.00,93,33.04,0,2.95,97,59.9,100,47.35
10.5,39.7,0.00,0.00,92,33.04,0,2.95,97,59.9,96,47.35
11.0,39.8,0.00,0.00,94,33.04,0,2.95,98,59.9,100,47.35
10.4,39.8,0.00,0.00,94,33.04,0,2.95,98,59.9,100,47.35
10.8,39.8,0.00,0.00,94,33.04,0,2.95,97,59.9,100,47.35
12.0,39.8,0.00,0.00,94,33.04,0,2.95,94,59.9,100,47.35
11.0,39.8,0.00,0.00,94,33.04,0,2.95,98,59.9,100,47.35
10.4,39.7,0.00,0.00,94,33.04,0,2.95,97,59.9,100,47.35
10.8,39.7,0.00,0.00,94,33.04,0,2.95,98,59.9,100,47.35
11.2,39.7,0.00,0.00,94,33.04,0,2.95,97,59.9,100,47.35
10.4,39.7,0.00,0.00,94,33.04,0,2.95,98,59.9,100,47.35
11.2,39.7,0.00,0.00,94,33.04,0,2.95,98,59.9,100,47.35
10.7,39.7,0.00,0.00,91,33.04,0,2.95,40,59.68,99,47.35
9.4,26.8,0.00,0.00,93,33.04,0,2.95,10,2.95,100,47.35
8.8,26.8,0.00,0.00,92,33.04,0,2.95,0,2.95,100,47.35
8.9,26.8,0.00,0.00,94,33.04,0,2.95,0,2.95,100,47.35
11.0,26.9,0.00,0.00,94,33.04,0,2.95,0,2.95,99,47.35
10.4,27.3,0.00,0.00,91,33.04,0,2.95,0,2.95,99,47.35
12.7,28.3,0.00,0.00,88,33.04,0,2.95,0,2.95,99,47.35
9.0,28.5,0.00,0.00,91,33.04,0,2.95,0,2.95,100,47.35
8.7,27.5,0.00,0.00,94,30.23,2,7.65,2,9.36,99,47.35
8.7,31.8,0.00,0.00,0,30.23,3,14.58,3,15.88,99,47.35
8.9,36.2,0.00,0.00,0,30.23,3,27.08,8,27.08,99,47.35
8.9,37.6,0.00,0.00,0,30.23,4,27.08,0,27.08,99,47.35
8.7,38.3,0.00,0.00,0,30.23,0,27.08,0,27.08,99,47.35
8.3,39.7,0.00,0.00,0,30.23,0,27.08,0,27.08,99,47.35
12.9,40.8,0.00,0.00,0,32.99,0,27.08,0,27.08,99,47.35
12.2,41.1,0.00,0.00,88,32.99,0,27.08,0,27.08,99,34.99
20.7,42.1,0.00,0.00,88,32.99,0,27.08,0,33.6,99,47.35
19.0,42.6,0.00,0.00,90,32.99,36,33.6,99,33.6,99,47.35
19.6,42.6,0.00,0.00,91,32.99,100,33.6,100,33.6,99,47.35
20.2,42.6,0.00,0.00,92,32.99,100,33.6,100,33.6,99,47.35
20.9,42.6,0.00,0.00,91,32.99,100,33.6,100,33.6,99,47.35
20.3,42.6,0.00,0.00,91,32.99,100,33.6,100,33.6,99,47.35
19.6,42.6,0.00,0.00,91,32.99,100,33.6,99,33.6,99,47.35
20.2,42.6,0.00,0.00,92,32.99,100,33.6,100,33.6,99,47.35
20.2,42.6,0.00,0.00,92,32.99,100,33.6,100,33.6,99,47.35
20.2,42.6,0.00,0.00,93,32.99,100,33.6,100,33.6,99,47.35
19.3,42.6,0.00,0.00,91,32.99,100,33.6,100,33.6,99,47.35
18.4,42.6,0.00,0.00,91,32.99,100,33.6,100,33.6,99,47.35
18.4,42.6,0.00,0.00,91,32.99,100,33.6,100,33.6,99,47.35
19.2,42.6,0.00,0.00,90,32.99,100,33.6,100,33.6,99,47.35
12.9,42.6,0.00,0.00,92,32.99,53,31.04,36,31.04,99,47.35
12.9,38.7,0.00,0.00,90,32.99,0,31.04,0,31.04,99,47.35
13.5,39.2,0.00,0.00,89,32.99,0,31.04,0,31.04,99,47.35
88.7,40.0,0.00,0.00,90,32.99,0,31.04,0,31.04,99,47.35
78.9,41.0,0.00,0.00,87,32.99,0,31.04,0,31.04,99,47.35
12.8,41.3,0.00,0.00,86,32.99,0,31.04,0,31.04,99,47.35
12.3,42.3,0.00,0.00,89,32.99,0,31.04,0,33.6,99,47.35
19.6,42.6,0.00,0.00,89,32.99,100,33.6,99,33.6,99,47.35
18.2,42.6,0.00,0.00,93,32.99,100,33.6,99,33.6,99,47.35
18.8,42.6,0.00,0.00,91,32.99,100,33.6,100,33.6,99,47.35
14.5,40.2,0.00,0.00,41,30.23,99,33.6,100,33.6,99,47.35
65.0,40.7,0.00,0.00,0,30.23,99,33.6,100,33.6,99,47.13
82.2,31.8,0.00,0.00,0,30.23,99,33.6,99,33.6,8,2.95
13.9,28.4,0.00,0.00,0,30.23,100,33.6,100,33.6,0,2.95
13.1,28.9,0.00,0.00,0,30.23,100,33.6,100,33.6,0,2.95
13.9,29.4,0.00,0.00,0,30.23,100,33.6,100,33.6,0,2.95
12.9,29.6,0.00,0.00,0,32.99,99,33.6,100,33.6,0,2.95
16.3,29.6,0.00,0.00,90,32.99,100,33.6,99,33.6,0,2.95
58.3,30.1,0.00,0.00,88,32.99,100,33.6,99,33.6,0,2.95
41.6,30.6,0.00,0.00,89,32.99,100,33.6,100,33.6,0,2.95
25.2,30.7,0.00,0.00,89,32.99,45,33.43,29,2.95,0,2.95
8.5,15.8,0.00,0.00,89,32.99,5,2.95,0,2.95,0,2.95
8.7,16.6,0.00,0.00,92,32.99,0,2.95,0,2.95,0,2.95
21.6,18.2,0.00,0.00,91,32.99,0,2.95,0,2.95,0,2.95
14.2,19.1,0.00,0.00,89,32.99,0,2.95,0,2.95,0,2.95
37.4,20.9,0.00,0.00,88,32.99,0,2.95,0,2.95,0,2.95
12.9,22.6,0.00,0.00,91,32.99,0,7.09,0,2.95,0,2.95
13.1,25.8,0.00,0.00,89,32.99,3,13.17,0,2.95,0,2.95
13.2,29.5,0.00,0.00,91,32.99,3,27.08,0,2.95,0,2.95
12.5,31.6,0.00,0.00,89,32.99,0,27.08,0,2.95,0,2.95
21.1,33.3,0.00,0.00,89,32.99,0,27.08,0,2.95,0,2.95
12.4,35.4,0.00,0.00,90,32.99,0,27.08,0,2.95,0,2.95
12.5,37.7,0.00,0.00,90,32.99,0,27.08,0,2.95,3,8.26
13.9,40.0,0.00,0.00,87,32.99,0,27.08,0,2.95,5,14.05
13.3,42.8,0.00,0.00,88,32.99,0,27.08,0,2.95,6,23.3
21.0,44.6,0.00,0.00,93,32.99,26,33.6,0,2.95,0,23.3
19.7,44.7,0.00,0.00,92,32.99,91,33.6,0,2.95,0,44.34
20.5,45.4,0.00,0.00,91,32.99,95,33.6,2,8.16,99,44.34
20.4,47.1,0.00,0.00,94,32.99,95,33.6,4,14.61,99,44.34
20.5,48.9,0.00,0.00,95,32.99,97,33.6,6,23.3,99,44.34
20.5,48.8,0.00,0.00,92,32.99,98,33.6,0,23.3,99,44.34
20.3,47.9,0.00,0.00,94,32.99,92,33.6,0,57.99,99,44.34
21.2,47.9,0.00,0.00,94,32.99,99,33.6,96,57.99,99,44.34
16.3,40.4,0.00,0.00,72,2.95,97,33.6,95,57.99,93,46.3
14.8,39.9,0.00,0.00,0,2.95,98,33.6,95,57.99,99,46.3
11.2,40.3,0.00,0.00,0,2.95,90,31.04,97,57.99,99,46.3
8.5,38.9,0.00,0.00,0,2.95,0,31.04,96,57.99,99,46.3
8.6,39.3,0.00,0.00,0,2.95,0,31.04,93,59.9,99,46.3
8.1,41.3,0.00,0.00,4,9.82,0,31.04,97,59.9,99,46.3
8.9,43.9,0.00,0.00,4,16.71,0,31.04,96,59.9,99,46.3
8.7,45.4,0.00,0.00,4,27.08,0,31.04,95,59.9,98,46.3
8.6,45.9,0.00,0.00,0,27.08,10,33.6,97,59.9,99,46.3
16.9,46.5,0.00,0.00,0,27.08,91,33.6,95,59.9,99,46.3
17.2,47.0,0.00,0.00,0,27.08,94,33.6,94,59.9,99,46.3
24.9,47.2,0.00,0.00,0,27.08,92,33.6,97,59.9,99,46.3
57.8,47.8,0.00,0.00,0,27.08,87,33.6,95,59.9,99,46.3
22.1,47.9,0.00,0.00,94,33.7,93,33.6,93,59.9,99,46.3
22.5,47.9,0.00,0.00,95,33.7,92,33.6,97,59.9,92,46.3
22.3,47.9,0.00,0.00,96,33.7,96,33.6,96,59.9,99,46.3
21.3,47.9,0.00,0.00,96,33.7,96,33.6,94,59.9,99,46.3
21.8,47.9,0.00,0.00,96,33.7,96,33.6,89,59.9,99,46.3
21.8,47.9,0.00,0.00,97,33.7,98,33.6,96,59.9,99,46.3
21.1,47.9,0.00,0.00,95,33.7,46,2.95,96,59.9,99,46.3
12.2,39.8,0.00,0.00,95,33.7,0,2.95,97,59.9,99,46.3
13.3,39.8,0.00,0.00,96,33.7,0,2.95,97,59.9,99,46.3
12.4,39.8,0.00,0.00,96,33.7,0,2.95,98,59.9,99,46.3
13.9,38.0,0.00,0.00,96,33.7,0,2.95,98,59.9,3,2.95
12.9,27.4,0.00,0.00,92,33.7,0,2.95,95,59.9,0,2.95
13.3,27.8,0.00,0.00,93,33.7,0,2.95,95,59.9,0,2.95
13.1,28.2,0.00,0.00,95,33.7,0,2.95,97,59.9,0,2.95
13.8,29.1,0.00,0.00,94,33.7,0,2.95,97,59.9,0,2.95
6.7,27.8,0.00,0.00,45,31.06,0,2.95,97,59.9,0,2.95
8.9,29.3,0.00,0.00,0,31.06,0,2.95,96,59.9,0,2.95
8.9,30.9,0.00,0.00,0,31.06,0,2.95,96,59.9,0,2.95
41.0,32.1,0.00,0.00,0,31.06,0,2.95,95,59.9,4,9.09
16.4,35.2,0.00,0.00,0,31.06,0,2.95,98,59.9,3,15.85
31.9,38.2,0.00,0.00,0,31.06,0,2.95,97,59.9,3,22.93
14.7,40.2,0.00,0.00,52,33.7,0,2.95,98,59.9,29,22.93
14.8,40.3,0.00,0.00,94,33.7,0,2.95,99,59.9,27,22.93
14.3,41.3,0.00,0.00,95,33.7,0,2.95,98,59.9,26,22.93
14.6,42.4,0.00,0.00,94,33.7,0,2.95,98,59.9,28,22.93
14.4,43.6,0.00,0.00,96,33.7,4,8.82,91,59.9,29,22.93
14.8,45.3,0.00,0.00,95,33.7,5,15.56,97,59.9,29,22.93
14.8,46.8,0.00,0.00,94,33.7,5,23.3,99,59.9,27,22.93
15.4,45.4,0.00,0.00,95,33.7,0,44.34,99,59.9,27,22.93
14.4,45.4,0.00,0.00,96,33.7,99,44.34,97,59.9,28,22.93
15.2,45.4,0.00,0.00,97,33.7,99,44.34,98,59.9,28,22.93
14.9,45.4,0.00,0.00,97,33.7,99,44.34,97,59.9,29,22.93
14.9,45.4,0.00,0.00,97,33.7,99,44.34,90,59.9,29,22.93
14.6,45.4,0.00,0.00,97,33.7,99,44.34,98,59.9,27,22.93
14.9,45.4,0.00,0.00,98,33.7,99,44.34,98,59.9,29,22.93
14.8,45.4,0.00,0.00,96,33.7,93,46.3,98,59.9,29,22.93
8.5,43.3,0.00,0.00,0,31.06,99,46.3,98,59.9,25,22.93
8.8,43.5,0.00,0.00,0,31.06,99,46.3,98,59.9,27,22.93
16.7,44.1,0.00,0.00,0,31.06,99,46.3,99,59.9,29,22.93
9.1,44.6,0.00,0.00,0,31.06,99,46.3,99,59.9,27,22.93
8.6,44.9,0.00,0.00,0,31.06,99,46.3,96,59.9,27,22.93
8.7,45.3,0.00,0.00,0,33.7,99,46.3,97,59.9,28,22.93
15.0,45.4,0.00,0.00,95,33.7,93,46.3,97,59.9,27,22.93
14.8,45.4,0.00,0.00,96,33.7,99,46.3,97,59.9,26,22.93
14.6,45.4,0.00,0.00,97,33.7,99,46.3,97,59.9,29,22.93
14.6,45.4,0.00,0.00,96,33.7,99,46.3,97,59.9,29,22.93
14.4,45.3,0.00,0.00,94,33.7,99,46.3,96,59.9,29,22.93
14.6,45.3,0.00,0.00,97,33.7,99,46.3,97,59.9,28,22.93
15.2,45.4,0.00,0.00,97,33.7,99,46.3,97,59.9,28,22.93
15.9,45.3,0.00,0.00,96,33.7,99,46.3,97,59.9,28,22.93
14.7,45.3,0.00,0.00,96,33.7,99,46.3,97,59.9,30,22.93
14.7,45.3,0.00,0.00,96,33.7,99,46.3,97,59.9,27,22.93
15.6,45.3,0.00,0.00,97,33.7,99,46.3,97,59.9,28,22.93
15.1,45.3,0.00,0.00,97,33.7,99,46.3,90,59.9,30,22.93
14.4,45.3,0.00,0.00,97,33.7,99,46.3,97,59.9,28,22.93
15.2,45.3,0.00,0.00,97,33.7,99,46.3,97,59.9,29,22.93
12.1,45.3,0.00,0.00,96,33.7,99,46.3,98,59.9,30,22.93
6.9,37.3,0.00,0.00,3,2.95,99,46.3,98,59.9,30,22.93
6.9,37.3,0.00,0.00,0,2.95,100,46.3,97,59.9,29,22.93
8.5,37.6,0.00,0.00,0,2.95,99,46.3,98,59.9,28,22.93
8.4,37.8,0.00,0.00,0,2.95,99,46.3,96,59.9,28,22.93
66.9,38.3,0.00,0.00,0,2.95,99,46.3,95,59.9,30,22.93
8.9,38.9,0.00,0.00,0,5.92,100,46.3,99,59.9,29,22.93
8.7,41.0,0.00,0.00,3,12.78,100,46.3,98,59.9,30,22.93
9.3,42.8,0.00,0.00,3,21.66,100,46.3,98,59.9,29,22.93
8.8,43.3,0.00,0.00,0,27.08,99,46.3,99,59.9,29,22.93
8.7,43.7,0.00,0.00,0,27.08,99,46.3,98,59.9,28,22.93
8.9,44.0,0.00,0.00,0,27.08,99,46.3,91,59.9,31,22.93
8.9,44.5,0.00,0.00,0,27.08,100,46.3,96,59.9,29,22.93
8.7,45.0,0.00,0.00,0,27.08,100,46.3,96,59.9,29,22.93
8.5,45.2,0.00,0.00,0,29.3,100,46.3,96,59.9,31,22.93
16.3,45.4,0.00,0.00,92,33.6,99,46.3,96,59.9,31,22.93
16.5,45.4,0.00,0.00,87,33.6,99,46.3,96,59.9,29,22.93
16.3,45.4,0.00,0.00,92,33.6,99,46.3,97,59.9,29,22.93
16.7,45.4,0.00,0.00,92,33.6,99,46.3,92,59.9,31,22.93
16.8,45.4,0.00,0.00,92,33.6,99,46.3,98,59.9,29,22.93
16.7,45.4,0.00,0.00,90,33.6,99,46.3,97,59.9,31,22.93
17.5,45.4,0.00,0.00,93,33.6,100,46.3,96,59.9,30,22.93
16.6,45.4,0.00,0.00,95,33.6,99,46.3,97,59.9,31,22.93
16.7,45.4,0.00,0.00,95,33.6,99,46.3,98,59.9,29,22.93
16.3,45.4,0.00,0.00,96,33.6,99,46.3,98,59.9,22,22.93
8.6,43.4,0.00,0.00,50,31.04,99,46.3,96,58.8,28,22.93
8.8,43.6,0.00,0.00,0,31.04,99,46.3,98,59.9,28,22.93
52.4,44.1,0.00,0.00,0,31.04,99,46.3,99,59.9,30,22.93
22.9,44.6,0.00,0.00,0,31.04,99,46.3,98,59.9,29,22.93
9.0,44.8,0.00,0.00,0,31.04,99,46.3,97,59.9,30,22.93
9.1,45.3,0.00,0.00,0,31.04,99,46.3,97,59.9,29,22.93
16.9,45.4,0.00,0.00,89,33.6,99,46.3,98,59.9,23,22.93
16.7,45.4,0.00,0.00,96,33.6,99,46.3,92,59.9,29,22.93
17.3,45.4,0.00,0.00,90,33.6,99,46.3,98,59.9,25,22.93
16.7,45.4,0.00,0.00,95,33.6,99,46.3,97,59.9,30,22.93
16.5,45.4,0.00,0.00,94,33.6,99,46.3,97,59.9,29,22.93
16.4,45.4,0.00,0.00,95,33.6,99,46.3,97,59.9,30,22.93
16.9,45.4,0.00,0.00,95,33.6,99,46.3,96,59.9,28,22.93
17.5,45.4,0.00,0.00,94,33.6,95,46.3,96,59.9,29,22.93
17.4,45.4,0.00,0.00,93,33.6,99,46.3,92,59.9,30,22.93
16.7,45.4,0.00,0.00,97,33.6,99,46.3,96,59.9,30,22.93
8.7,37.9,0.00,0.00,29,2.95,99,46.3,98,59.9,32,22.93
6.7,37.3,0.00,0.00,0,2.95,100,46.3,98,59.9,32,22.93
6.1,37.3,0.00,0.00,0,2.95,100,46.3,98,59.9,32,22.93
6.7,37.3,0.00,0.00,0,2.95,100,46.3,98,59.9,32,22.93
6.8,37.3,0.00,0.00,0,2.95,100,46.3,99,59.9,31,22.93
6.9,37.3,0.00,0.00,0,2.95,100,46.3,97,59.9,31,22.93
50.7,37.8,0.00,0.00,0,2.95,97,46.3,97,59.9,31,22.93
8.5,38.3,0.00,0.00,0,2.95,99,46.3,96,59.9,32,22.93
8.1,38.5,0.00,0.00,0,2.95,99,46.3,99,59.9,31,22.93
8.7,40.3,0.00,0.00,1,10.48,100,46.3,99,59.9,31,22.93
8.5,42.3,0.00,0.00,4,17.17,99,46.3,98,59.9,31,22.93
7.9,43.3,0.00,0.00,6,27.08,99,46.3,96,59.9,27,22.93
16.3,43.5,0.00,0.00,0,27.08,99,46.3,94,59.9,30,22.93
89.5,44.0,0.00,0.00,0,27.08,100,46.3,98,59.9,30,22.93
8.6,44.5,0.00,0.00,0,27.08,100,46.3,96,59.9,29,22.93
8.8,44.7,0.00,0.00,0,27.08,97,46.3,98,59.9,30,22.93
8.3,45.2,0.00,0.00,0,27.08,99,46.3,98,59.9,29,22.93
13.1,45.3,0.00,0.00,44,33.21,99,46.3,98,59.9,30,22.93
12.5,45.3,0.00,0.00,93,33.21,99,46.3,97,59.9,29,22.93
12.7,45.3,0.00,0.00,91,33.21,99,46.3,92,59.9,31,22.93
11.9,45.3,0.00,0.00,90,33.21,99,46.3,97,59.9,29,22.93
12.7,45.3,0.00,0.00,91,33.21,99,46.3,98,59.9,31,22.93
12.5,45.3,0.00,0.00,93,33.21,99,46.3,97,59.9,30,22.93
12.8,45.3,0.00,0.00,93,33.21,99,46.3,98,59.9,29,22.93
12.6,45.3,0.00,0.00,94,33.21,99,46.3,98,59.9,31,22.93
12.6,45.3,0.00,0.00,92,33.21,100,46.3,97,59.9,27,22.93
13.3,45.3,0.00,0.00,93,33.21,99,46.3,98,59.9,27,22.93
12.7,45.3,0.00,0.00,93,33.21,99,46.3,98,59.9,28,22.93
13.1,45.3,0.00,0.00,92,33.21,99,46.3,97,59.9,28,22.93
12.9,45.3,0.00,0.00,94,33.21,99,46.3,97,59.9,29,22.93
13.1,45.3,0.00,0.00,92,33.21,99,46.3,97,59.9,30,22.93
12.1,45.3,0.00,0.00,92,33.21,99,46.3,97,59.9,30,22.93
12.5,45.3,0.00,0.00,94,33.21,99,46.3,98,59.9,30,22.93
12.8,45.3,0.00,0.00,93,33.21,99,46.3,91,59.9,28,22.93
12.3,45.3,0.00,0.00,93,33.21,99,46.3,97,59.9,28,22.93
12.9,45.3,0.00,0.00,95,33.21,99,46.3,97,59.9,31,22.93
12.9,45.3,0.00,0.00,93,33.21,99,46.3,97,59.9,30,22.93
12.2,45.3,0.00,0.00,92,33.21,100,46.3,98,59.9,28,22.93
13.2,45.3,0.00,0.00,94,33.21,99,46.3,97,59.9,27,22.93
13.2,45.3,0.00,0.00,91,33.21,99,46.3,97,59.9,30,22.93
12.3,45.3,0.00,0.00,94,33.21,99,46.3,94,59.9,28,22.93
13.3,45.3,0.00,0.00,92,33.21,96,46.3,97,59.9,27,22.93
10.0,45.3,0.00,0.00,91,30.45,99,46.3,97,59.9,25,22.93
8.4,43.4,0.00,0.00,0,30.45,99,46.3,97,59.9,28,22.93
8.6,43.9,0.00,0.00,0,30.45,100,46.3,97,59.9,29,22.93
8.5,44.1,0.00,0.00,0,30.45,99,46.3,98,59.9,30,22.93
8.4,44.6,0.00,0.00,0,30.45,99,46.3,98,59.9,28,22.93
14.2,45.1,0.00,0.00,0,30.45,99,46.3,90,59.9,30,22.93
19.1,45.3,0.00,0.00,0,33.21,99,46.3,99,59.9,30,22.93
12.3,45.3,0.00,0.00,94,33.21,99,46.3,98,59.9,30,22.93
12.6,45.3,0.00,0.00,93,33.21,99,46.3,98,59.9,30,22.93
12.7,45.3,0.00,0.00,94,33.21,99,46.3,97,59.9,29,22.93
12.7,45.3,0.00,0.00,93,33.21,99,46.3,97,59.9,28,22.93
12.9,45.3,0.00,0.00,92,33.21,99,46.3,98,59.9,29,22.93
12.7,45.3,0.00,0.00,94,33.21,99,46.3,97,59.68,29,22.93
12.1,32.4,0.00,0.00,94,33.21,99,46.3,10,2.95,28,22.93
10.6,32.3,0.00,0.00,93,33.21,99,46.3,0,2.95,30,22.93
10.8,32.3,0.00,0.00,95,33.21,99,46.3,0,2.95,30,22.93
11.0,32.3,0.00,0.00,94,33.21,86,46.08,0,2.95,30,22.93
8.9,19.4,0.00,0.00,91,33.21,0,2.95,0,2.95,30,22.93
13.1,20.3,0.00,0.00,90,33.21,0,2.95,0,2.95,24,22.93
12.9,21.0,0.00,0.00,88,33.21,0,2.95,0,2.95,27,22.93
12.4,21.6,0.00,0.00,88,33.21,0,2.95,0,2.95,30,22.93
13.1,23.1,0.00,0.00,92,33.21,1,8.21,0,2.95,25,22.93
12.5,25.7,0.00,0.00,93,33.21,3,15.02,0,2.95,29,22.93
12.9,28.6,0.00,0.00,91,33.21,4,27.08,0,2.95,30,22.93
12.6,29.6,0.00,0.00,90,33.21,0,27.08,0,2.95,29,22.93
12.5,30.8,0.00,0.00,93,33.21,0,27.08,0,2.95,28,22.93
12.3,32.0,0.00,0.00,90,33.21,0,27.08,0,2.95,29,22.93
12.5,32.9,0.00,0.00,93,33.21,0,27.08,0,2.95,28,22.93
12.5,34.5,0.00,0.00,90,33.21,0,27.08,0,2.95,20,2.95
11.6,30.1,0.00,0.00,89,33.21,0,33.21,0,2.95,0,2.95
14.4,30.4,0.00,0.00,92,33.21,72,33.21,0,2.95,0,2.95
15.7,31.5,0.00,0.00,92,33.21,94,33.21,0,2.95,0,2.95
14.4,32.5,0.00,0.00,94,33.21,95,33.21,3,9.31,0,2.95
10.6,26.5,0.00,0.00,35,2.95,94,33.21,3,15.97,0,2.95
14.2,29.3,0.00,0.00,0,2.95,91,33.21,2,23.3,0,2.95
14.6,28.6,0.00,0.00,0,2.95,90,33.21,0,44.34,0,2.95
14.4,29.9,0.00,0.00,0,2.95,87,33.21,98,44.34,0,2.95
14.8,30.6,0.00,0.00,0,2.95,93,33.21,99,44.34,0,2.95
14.8,31.6,0.00,0.00,0,2.95,94,33.21,99,44.34,0,5.43
14.8,33.1,0.00,0.00,0,2.95,93,33.21,99,44.34,4,11.8
15.0,35.9,0.00,0.00,0,2.95,92,33.21,99,44.34,4,18.07
14.6,38.4,0.00,0.00,0,2.95,92,33.21,99,44.34,2,26.33
14.8,39.8,0.00,0.00,0,2.95,94,33.21,91,46.3,0,26.33
14.8,40.5,0.00,0.00,0,2.95,94,33.21,99,46.3,1,33.2
14.8,43.6,0.00,0.00,0,2.95,95,33.21,99,46.3,3,39.72
14.6,45.8,0.00,0.00,0,2.95,93,33.21,99,46.3,3,52.44
15.5,47.5,0.00,0.00,0,2.95,95,33.21,99,46.3,83,52.44
14.6,48.7,0.00,0.00,0,2.95,95,33.21,99,46.3,82,52.44
14.6,50.2,0.00,0.00,3,9.94,94,33.21,99,46.3,82,52.44
15.3,52.0,0.00,0.00,4,16.98,94,33.21,99,46.3,83,52.44
14.8,52.2,0.00,0.00,4,23.3,95,33.21,99,46.3,82,52.44
14.8,51.3,0.00,0.00,19,44.34,95,33.21,99,46.3,83,52.44
15.0,51.3,0.00,0.00,99,44.34,94,33.21,100,46.3,83,52.44
15.0,51.3,0.00,0.00,99,44.34,95,33.21,100,46.3,84,52.44
15.2,51.3,0.00,0.00,99,44.34,95,33.21,99,46.3,84,52.44
14.7,51.3,0.00,0.00,99,44.34,95,30.45,100,46.3,84,52.44
11.0,49.4,0.00,0.00,99,44.34,0,30.45,99,46.3,81,52.44
10.8,49.6,0.00,0.00,94,46.3,0,30.45,100,46.3,83,52.44
42.8,50.1,0.00,0.00,98,46.3,0,30.45,100,46.3,85,52.44
77.4,50.6,0.00,0.00,99,46.3,0,30.45,99,46.3,87,52.44
10.6,50.7,0.00,0.00,99,46.3,0,30.45,100,46.3,84,52.44
10.8,51.3,0.00,0.00,99,46.3,0,30.45,99,46.3,86,52.44
15.0,51.4,0.00,0.00,99,46.3,51,33.21,100,46.3,85,52.44
15.1,51.4,0.00,0.00,99,46.3,94,33.21,99,46.3,86,52.44
14.6,51.4,0.00,0.00,96,46.3,94,33.21,99,46.3,86,52.44
15.0,51.4,0.00,0.00,99,46.3,94,33.21,99,46.3,86,52.44
15.0,51.4,0.00,0.00,99,46.3,94,33.21,99,46.3,87,52.44
15.2,51.4,0.00,0.00,99,46.3,95,33.21,100,46.3,86,52.44
15.0,51.4,0.00,0.00,99,46.3,93,33.21,100,46.3,86,52.44
14.6,51.4,0.00,0.00,99,46.3,95,33.21,100,46.3,86,52.44
15.1,51.4,0.00,0.00,99,46.3,93,33.21,93,46.3,86,52.44
15.4,51.4,0.00,0.00,99,46.3,94,33.21,100,46.3,86,52.44
15.3,51.4,0.00,0.00,99,46.3,95,33.21,100,46.3,86,52.44
15.0,51.4,0.00,0.00,99,46.3,95,33.21,100,46.3,86,52.44
15.0,51.4,0.00,0.00,99,46.3,94,33.21,100,46.3,87,52.44
14.6,51.4,0.00,0.00,99,46.3,95,33.21,100,46.3,87,52.44
14.8,51.4,0.00,0.00,99,46.3,95,33.21,100,46.3,87,52.44
14.6,51.4,0.00,0.00,96,46.3,93,33.21,100,46.3,13,22.22
12.9,45.6,0.00,0.00,99,46.3,94,33.21,96,46.3,0,22.22
12.3,45.6,0.00,0.00,99,46.3,94,33.21,100,46.3,0,22.22
12.9,45.6,0.00,0.00,99,46.3,95,33.21,100,46.3,0,22.22
13.1,45.6,0.00,0.00,99,46.3,94,33.21,100,46.3,0,22.22
13.3,45.6,0.00,0.00,99,46.3,95,33.21,100,46.3,0,22.22
13.3,45.6,0.00,0.00,99,46.3,94,33.21,100,46.3,0,22.22
13.5,45.6,0.00,0.00,93,46.3,94,33.21,100,46.3,0,22.22
12.9,45.6,0.00,0.00,99,46.3,95,33.21,100,46.3,0,22.22
12.1,45.6,0.00,0.00,99,46.3,95,33.21,99,46.3,0,22.22
12.3,45.6,0.00,0.00,99,46.3,96,33.21,100,46.3,0,22.22
8.9,38.1,0.00,0.00,99,46.3,6,2.95,100,46.3,0,22.22
8.6,37.5,0.00,0.00,99,46.3,0,2.95,99,46.3,0,22.22
6.5,35.7,0.00,0.00,99,46.08,0,2.95,100,46.3,0,22.22
4.6,24.5,0.00,0.00,7,2.95,0,2.95,100,46.3,0,22.22
4.4,24.5,0.00,0.00,0,2.95,0,2.95,100,46.3,0,22.22
4.6,24.5,0.00,0.00,0,2.95,0,2.95,97,46.3,0,22.22
6.5,25.0,0.00,0.00,0,2.95,0,2.95,99,46.3,0,22.22
8.9,26.0,0.00,0.00,0,2.95,0,2.95,99,46.3,0,22.22
8.7,26.4,0.00,0.00,0,2.95,0,3.07,99,46.3,0,22.22
8.7,28.8,0.00,0.00,2,8.8,3,10.73,99,46.3,0,22.22
9.1,32.8,0.00,0.00,5,15.44,3,17.44,99,46.3,0,22.22
45.3,35.8,0.00,0.00,4,22.76,2,22.76,99,46.3,0,22.22
49.2,35.9,0.00,0.00,21,22.76,14,22.76,99,46.3,0,22.22
50.7,35.9,0.00,0.00,22,22.76,18,22.76,92,46.3,0,22.22
52.9,36.0,0.00,0.00,23,22.76,13,22.76,99,46.3,0,22.22
8.8,36.0,0.00,0.00,19,22.76,12,22.76,99,46.3,0,22.22
38.1,36.0,0.00,0.00,21,22.76,17,22.76,99,46.3,0,22.22
45.4,36.0,0.00,0.00,21,22.76,15,22.76,99,46.3,0,22.22
13.2,36.0,0.00,0.00,27,22.76,13,22.76,99,46.3,0,22.22
48.5,35.9,0.00,0.00,22,22.76,15,22.76,99,46.3,0,22.22
27.1,36.1,0.00,0.00,19,22.76,16,22.76,99,46.3,0,22.22
33.3,36.1,0.00,0.00,23,22.76,18,22.76,99,46.3,0,22.22
45.0,36.1,0.00,0.00,20,22.76,9,22.76,99,46.3,0,22.22
14.5,36.1,0.00,0.00,26,22.76,13,22.76,99,46.3,0,22.22
52.0,36.1,0.00,0.00,24,22.76,10,22.76,99,46.3,0,22.22
25.5,36.1,0.00,0.00,24,22.76,13,22.76,99,46.3,0,22.22
18.9,36.1,0.00,0.00,30,22.76,15,22.76,99,46.3,0,22.22
9.1,32.9,0.00,0.00,23,2.95,5,2.95,99,46.3,0,22.22
5.2,24.6,0.00,0.00,2,2.95,0,2.95,94,46.3,0,22.22
4.6,24.6,0.00,0.00,0,2.95,0,2.95,100,46.3,0,22.22
4.6,24.6,0.00,0.00,0,2.95,0,2.95,100,46.3,0,22.22
4.8,24.6,0.00,0.00,0,2.95,0,2.95,100,46.3,0,22.22
4.4,24.6,0.00,0.00,0,2.95,0,2.95,100,46.3,0,22.22
8.9,25.5,0.00,0.00,0,2.95,0,2.95,98,46.3,0,22.22
7.1,26.5,0.00,0.00,0,2.95,0,2.95,99,46.3,0,22.22
8.3,26.8,0.00,0.00,0,5.55,0,2.95,99,46.3,0,22.22
8.8,28.9,0.00,0.00,4,12.29,0,2.95,95,46.3,0,22.22
8.5,31.0,0.00,0.00,4,18.95,0,2.95,99,46.3,0,22.22
8.9,31.3,0.00,0.00,4,22.86,0,2.95,99,46.3,0,22.22
8.7,31.6,0.00,0.00,0,25.73,0,2.95,100,46.3,0,22.22
8.5,33.7,0.00,0.00,4,32.78,0,2.95,100,46.3,0,22.22
8.7,35.8,0.00,0.00,4,40.43,0,2.95,100,46.3,0,22.22
8.7,35.9,0.00,0.00,40,56.05,0,2.95,100,46.3,0,22.22
8.5,35.9,0.00,0.00,39,56.05,0,2.95,100,46.3,0,22.22
8.7,35.9,0.00,0.00,39,56.05,0,2.95,100,46.3,0,22.22
8.7,35.9,0.00,0.00,39,56.05,0,2.95,100,46.3,0,22.22
8.9,35.9,0.00,0.00,39,56.05,0,2.95,100,46.3,0,22.22
8.7,35.9,0.00,0.00,39,56.05,0,2.95,99,46.3,0,22.22
8.7,35.9,0.00,0.00,39,56.05,0,2.95,100,46.3,0,22.22
8.7,35.9,0.00,0.00,39,56.05,0,2.95,99,46.3,0,22.22
8.9,35.9,0.00,0.00,39,56.05,0,2.95,100,46.3,0,22.22
8.5,35.9,0.00,0.00,39,56.05,0,2.95,96,46.3,0,22.22
8.5,35.9,0.00,0.00,39,56.05,0,2.95,100,46.3,0,22.22
8.8,35.9,0.00,0.00,39,56.05,0,2.95,100,46.3,0,22.22
8.6,35.9,0.00,0.00,39,56.05,0,2.95,99,46.3,0,22.22
8.5,35.9,0.00,0.00,38,56.05,0,2.95,100,46.3,0,22.22
8.5,35.9,0.00,0.00,39,56.05,0,2.95,100,46.3,0,22.22
8.9,35.9,0.00,0.00,42,56.05,0,2.95,100,46.3,0,22.22
8.5,35.9,0.00,0.00,40,56.05,0,2.95,99,46.3,0,22.22
8.7,35.9,0.00,0.00,39,56.05,0,2.95,100,46.3,0,22.22
8.7,35.9,0.00,0.00,41,56.05,0,2.95,100,46.3,0,22.22
8.8,35.9,0.00,0.00,40,56.05,0,2.95,100,46.3,0,22.22
8.7,35.9,0.00,0.00,39,56.05,0,2.95,100,46.3,0,22.22
8.7,35.9,0.00,0.00,37,56.05,0,2.95,100,46.3,0,22.22
8.5,35.9,0.00,0.00,38,56.05,0,2.95,99,46.3,0,22.22
8.9,35.9,0.00,0.00,38,56.05,0,2.95,99,46.3,0,22.22
8.9,35.9,0.00,0.00,39,56.05,0,2.95,94,46.3,0,22.22
8.9,35.9,0.00,0.00,39,56.05,0,2.95,100,46.3,0,22.22
8.8,35.9,0.00,0.00,41,56.05,0,2.95,99,46.3,0,22.22
9.1,35.9,0.00,0.00,39,56.05,0,2.95,100,46.3,0,22.22
8.9,35.9,0.00,0.00,39,56.05,0,2.95,100,46.3,0,22.22
8.5,35.9,0.00,0.00,41,56.05,0,2.95,99,46.3,0,22.22
8.5,35.9,0.00,0.00,39,56.03,0,2.95,100,46.3,0,22.22
9.0,35.9,0.00,0.00,39,56.05,0,2.95,100,46.3,0,22.22
8.6,35.9,0.00,0.00,39,56.05,0,2.95,100,46.3,0,22.22
8.8,35.9,0.00,0.00,40,56.05,0,2.95,100,46.3,0,22.22
8.5,35.9,0.00,0.00,39,56.05,0,2.95,99,46.3,0,22.22
8.6,35.9,0.00,0.00,40,56.05,0,2.95,100,46.3,0,22.22
9.1,35.9,0.00,0.00,39,56.05,0,2.95,100,46.3,0,22.22
8.9,35.9,0.00,0.00,39,56.05,0,2.95,99,46.3,0,22.22
8.5,35.7,0.00,0.00,40,22.93,0,2.95,99,46.3,0,22.22
6.3,30.1,0.00,0.00,3,22.93,0,2.95,100,46.3,0,22.22
6.5,30.1,0.00,0.00,0,22.93,0,2.95,100,46.3,0,22.22
6.7,30.1,0.00,0.00,0,22.93,0,2.95,100,46.3,0,22.22
6.7,30.1,0.00,0.00,0,22.93,0,2.95,100,46.3,0,22.22
6.7,30.1,0.00,0.00,0,22.93,0,2.95,100,46.3,0,22.22
6.5,30.1,0.00,0.00,0,22.93,0,2.95,100,46.3,0,22.22
6.8,30.1,0.00,0.00,0,22.93,0,2.95,100,46.3,0,22.22
6.5,30.1,0.00,0.00,0,22.93,0,2.95,96,46.3,0,22.22
7.1,30.1,0.00,0.00,0,22.93,0,2.95,100,46.3,0,22.22
6.7,30.1,0.00,0.00,0,22.93,0,2.95,100,46.3,0,22.22
6.7,30.1,0.00,0.00,0,22.93,0,2.95,100,46.3,0,22.22
6.5,30.1,0.00,0.00,0,22.93,0,2.95,100,46.3,0,22.22
6.7,30.1,0.00,0.00,0,22.93,0,2.95,100,46.3,0,22.22
7.1,30.1,0.00,0.00,0,22.93,0,2.95,100,46.3,0,22.22
6.5,30.1,0.00,0.00,0,22.93,0,2.95,100,46.3,0,22.22
6.3,30.1,0.00,0.00,0,22.93,0,2.95,100,46.3,0,22.22
6.7,30.1,0.00,0.00,0,22.93,0,2.95,99,46.3,0,22.22
6.7,30.1,0.00,0.00,0,22.93,0,2.95,100,46.3,0,22.22
6.5,30.1,0.00,0.00,0,22.93,0,2.95,100,46.3,0,22.22
6.9,30.1,0.00,0.00,0,22.93,0,2.95,100,46.3,0,22.22
6.8,30.1,0.00,0.00,0,22.93,0,2.95,100,46.3,0,22.22
7.2,30.1,0.00,0.00,0,22.93,0,2.95,95,46.3,0,22.22
6.7,30.1,0.00,0.00,0,22.93,0,2.95,100,46.3,0,22.22
6.7,30.1,0.00,0.00,0,22.93,0,2.95,100,46.3,0,22.22
6.8,30.1,0.00,0.00,0,22.93,0,2.95,100,46.3,0,22.22
6.7,30.1,0.00,0.00,0,22.93,0,2.95,100,46.3,0,22.22
7.2,30.1,0.00,0.00,0,22.93,0,2.95,100,46.3,0,22.22
6.5,30.1,0.00,0.00,0,22.93,0,2.95,100,46.3,0,22.22
7.0,30.1,0.00,0.00,0,22.93,0,2.95,100,46.3,0,22.22
6.7,30.1,0.00,0.00,0,22.93,0,2.95,100,46.3,0,22.22
6.5,30.1,0.00,0.00,0,22.93,0,2.95,100,46.3,0,22.22
7.2,30.1,0.00,0.00,0,22.93,0,2.95,100,46.3,0,22.22
6.7,30.1,0.00,0.00,0,22.93,0,2.95,100,46.3,0,22.22
6.9,30.1,0.00,0.00,0,22.93,0,2.95,100,46.3,0,22.22
6.5,30.1,0.00,0.00,0,22.93,0,2.95,100,46.3,0,22.22
6.7,30.1,0.00,0.00,0,22.93,0,2.95,100,46.3,0,22.22
7.1,30.1,0.00,0.00,0,22.93,0,2.95,96,46.3,0,22.22
6.5,30.1,0.00,0.00,0,22.93,0,2.95,100,46.3,0,22.22
6.7,30.1,0.00,0.00,0,22.93,0,2.95,100,46.3,0,22.22
6.8,30.1,0.00,0.00,0,22.93,0,2.95,100,46.3,0,22.22
6.5,30.1,0.00,0.00,0,22.93,0,2.95,100,46.3,0,22.22
6.7,30.1,0.00,0.00,0,22.93,0,2.95,100,46.3,0,22.22
6.8,30.1,0.00,0.00,0,22.93,0,2.95,100,46.3,0,22.22
6.7,30.1,0.00,0.00,0,22.93,0,2.95,99,46.3,0,22.22
6.5,28.3,0.00,0.00,0,22.93,0,2.95,2,2.95,0,22.22
4.8,17.1,0.00,0.00,0,22.93,0,2.95,0,2.95,0,22.22
4.6,17.1,0.00,0.00,0,22.93,0,2.95,0,2.95,0,22.22
4.8,17.1,0.00,0.00,0,22.93,0,2.95,0,2.95,0,22.22
4.8,17.1,0.00,0.00,0,22.93,0,2.95,0,2.95,0,22.22
4.6,17.1,0.00,0.00,0,22.93,0,2.95,0,2.95,0,22.22
4.6,17.1,0.00,0.00,0,22.93,0,2.95,0,2.95,0,22.22
4.6,17.1,0.00,0.00,0,22.93,0,2.95,0,2.95,0,22.22
4.6,17.1,0.00,0.00,0,22.93,0,2.95,0,2.95,0,22.22
4.8,17.1,0.00,0.00,0,22.93,0,2.95,0,2.95,0,22.22
4.6,17.1,0.00,0.00,0,22.93,0,2.95,0,2.95,0,22.22
4.4,17.1,0.00,0.00,0,22.93,0,2.95,0,2.95,0,22.22
4.4,17.1,0.00,0.00,0,22.93,0,2.95,0,2.95,0,22.22
4.2,17.1,0.00,0.00,0,22.93,0,2.95,0,2.95,0,22.22
4.8,17.1,0.00,0.00,0,22.93,0,2.95,0,2.95,0,22.22
4.6,17.1,0.00,0.00,0,22.93,0,2.95,0,2.95,0,22.22
4.6,17.1,0.00,0.00,0,22.93,0,2.95,0,2.95,0,22.22
4.8,17.1,0.00,0.00,0,22.93,0,2.95,0,2.95,0,22.22
4.4,17.1,0.00,0.00,0,22.93,0,2.95,0,2.95,0,22.22
4.8,17.1,0.00,0.00,0,22.93,0,2.95,0,2.95,0,22.22
4.4,17.1,0.00,0.00,0,22.93,0,2.95,0,2.95,0,22.22
4.6,17.1,0.00,0.00,0,22.93,0,2.95,0,2.95,0,22.22
4.6,17.1,0.00,0.00,0,22.93,0,2.95,0,2.95,0,22.22
4.6,17.1,0.00,0.00,0,22.93,0,2.95,0,2.95,0,22.22
5.0,17.1,0.00,0.00,0,22.93,0,2.95,0,2.95,0,22.22
4.6,17.1,0.00,0.00,0,22.93,0,2.95,0,2.95,0,22.22
4.4,17.1,0.00,0.00,0,22.93,0,2.95,0,2.95,0,22.22
4.6,17.1,0.00,0.00,0,22.93,0,2.95,0,2.95,0,22.22
4.6,17.1,0.00,0.00,0,22.93,0,2.95,0,2.95,0,22.22
4.6,17.1,0.00,0.00,0,22.93,0,2.95,0,2.95,0,22.22
4.6,17.1,0.00,0.00,0,22.93,0,2.95,0,2.95,0,22.22
4.4,17.1,0.00,0.00,0,22.93,0,2.95,0,2.95,0,22.22
4.6,17.1,0.00,0.00,0,22.93,0,2.95,0,2.95,0,22.22
4.4,17.1,0.00,0.00,0,22.93,0,2.95,0,2.95,0,22.22
4.2,17.1,0.00,0.00,0,22.93,0,2.95,0,2.95,0,22.22
4.8,17.1,0.00,0.00,0,22.93,0,2.95,0,2.95,0,22.22
4.4,17.1,0.00,0.00,0,22.93,0,2.95,0,2.95,0,22.22
4.8,17.1,0.00,0.00,0,22.93,0,2.95,0,2.95,0,22.22
4.6,17.1,0.00,0.00,0,22.93,0,2.95,0,2.95,0,22.22
4.2,17.1,0.00,0.00,0,22.93,0,2.95,0,2.95,0,22.22
5.0,17.1,0.00,0.00,0,22.93,0,2.95,0,2.95,0,22.22
4.6,17.1,0.00,0.00,0,22.93,0,2.95,0,2.95,0,22.22
4.6,17.1,0.00,0.00,0,22.93,0,2.95,0,2.95,0,22.22
4.6,17.1,0.00,0.00,0,22.93,0,2.95,0,2.95,0,22.22
4.8,17.1,0.00,0.00,0,22.93,0,2.95,0,2.95,0,22.22
4.6,17.1,0.00,0.00,0,22.93,0,2.95,0,2.95,0,22.22
4.4,17.1,0.00,0.00,0,22.93,0,2.95,0,2.95,0,22.22
5.0,17.1,0.00,0.00,0,22.93,0,2.95,0,2.95,0,22.22
4.4,17.1,0.00,0.00,0,22.93,0,2.95,0,2.95,0,22.22
4.2,17.1,0.00,0.00,0,22.93,0,2.95,0,2.95,0,22.22
4.2,17.1,0.00,0.00,0,22.93,0,2.95,0,2.95,0,22.22
4.6,17.1,0.00,0.00,0,22.93,0,2.95,0,2.95,0,22.22
5.0,17.1,0.00,0.00,0,22.93,0,2.95,0,2.95,0,22.22
4.6,17.1,0.00,0.00,0,22.93,0,2.95,0,2.95,0,22.22
4.4,17.1,0.00,0.00,0,22.93,0,2.95,0,2.95,0,22.22
4.4,17.1,0.00,0.00,0,22.93,0,2.95,0,2.95,0,22.22
4.4,17.1,0.00,0.00,0,22.93,0,2.95,0,2.95,0,22.22
4.4,17.1,0.00,0.00,0,22.93,0,2.95,0,2.95,0,22.22
4.2,17.1,0.00,0.00,0,22.93,0,2.95,0,2.95,0,22.22
5.0,17.1,0.00,0.00,0,22.93,0,2.95,0,2.95,0,22.22
4.4,17.1,0.00,0.00,0,22.93,0,2.95,0,2.95,0,22.22
4.4,17.1,0.00,0.00,0,22.93,0,2.95,0,2.95,0,22.22
4.8,17.1,0.00,0.00,0,22.93,0,2.95,0,2.95,0,22.22
4.4,17.1,0.00,0.00,0,22.93,0,2.95,0,2.95,0,22.22
5.0,17.1,0.00,0.00,0,22.93,0,2.95,0,2.95,0,22.22
4.6,17.1,0.00,0.00,0,22.93,0,2.95,0,2.95,0,22.22
4.8,17.1,0.00,0.00,0,22.93,0,2.95,0,2.95,0,22.22
4.4,17.1,0.00,0.00,0,22.93,0,2.95,0,2.95,0,22.22
4.4,17.1,0.00,0.00,0,22.93,0,2.95,0,2.95,0,22.22
4.4,17.1,0.00,0.00,0,22.93,0,2.95,0,2.95,0,22.22
4.8,17.1,0.00,0.00,0,22.93,0,2.95,0,2.95,0,22.22
4.6,17.1,0.00,0.00,0,22.93,0,2.95,0,2.95,0,22.22
5.0,17.1,0.00,0.00,0,22.93,0,2.95,0,2.95,0,22.22
4.8,17.1,0.00,0.00,0,22.93,0,2.95,0,2.95,0,22.22
4.4,17.1,0.00,0.00,0,22.93,0,2.95,0,2.95,0,22.22
4.6,17.1,0.00,0.00,0,22.93,0,2.95,0,2.95,0,22.22
4.2,17.1,0.00,0.00,0,22.93,0,2.95,0,2.95,0,22.22
4.8,17.1,0.00,0.00,0,22.93,0,2.95,0,2.95,0,22.22
4.8,17.1,0.00,0.00,0,22.93,0,2.95,0,2.95,0,22.22
4.4,17.1,0.00,0.00,0,22.93,0,2.95,0,2.95,0,22.22
4.8,17.1,0.00,0.00,0,22.93,0,2.95,0,2.95,0,22.22
4.2,17.1,0.00,0.00,0,22.93,0,2.95,0,2.95,0,22.22
4.8,17.1,0.00,0.00,0,22.93,0,2.95,0,2.95,0,22.22
5.0,17.1,0.00,0.00,0,22.93,0,2.95,0,2.95,0,22.22
4.4,17.1,0.00,0.00,0,22.93,0,2.95,0,2.95,0,22.22
4.4,17.1,0.00,0.00,0,22.93,0,2.95,0,2.95,0,22.22
4.6,17.1,0.00,0.00,0,22.93,0,2.95,0,2.95,0,22.22
4.2,17.1,0.00,0.00,0,22.93,0,2.95,0,2.95,0,22.22
4.8,17.1,0.00,0.00,0,22.93,0,2.95,0,2.95,0,22.22
4.8,17.1,0.00,0.00,0,22.93,0,2.95,0,2.95,0,22.22
4.6,17.1,0.00,0.00,0,22.93,0,2.95,0,2.95,0,22.22
4.6,17.1,0.00,0.00,0,22.93,0,2.95,0,2.95,0,22.22
5.0,17.1,0.00,0.00,0,22.93,0,2.95,0,2.95,0,22.22
4.8,17.1,0.00,0.00,0,22.93,0,2.95,0,2.95,0,22.22
4.6,17.1,0.00,0.00,0,22.93,0,2.95,0,2.95,0,22.22
4.4,17.1,0.00,0.00,0,22.93,0,2.95,0,2.95,0,22.22
4.4,17.1,0.00,0.00,0,22.93,0,2.95,0,2.95,0,22.22
4.4,17.1,0.00,0.00,0,22.93,0,2.95,0,2.95,0,22.22
4.4,17.1,0.00,0.00,0,22.93,0,2.95,0,2.95,0,22.22
4.4,17.1,0.00,0.00,0,22.93,0,2.95,0,2.95,0,22.22
4.6,17.1,0.00,0.00,0,22.93,0,2.95,0,2.95,0,22.22
4.6,17.1,0.00,0.00,0,22.93,0,2.95,0,2.95,0,22.22
4.4,17.1,0.00,0.00,0,22.93,0,2.95,0,2.95,0,22.22
4.2,17.1,0.00,0.00,0,22.93,0,2.95,0,2.95,0,22.22
5.0,17.1,0.00,0.00,0,22.93,0,2.95,0,2.95,0,22.22
4.2,17.1,0.00,0.00,0,22.93,0,2.95,0,2.95,0,22.22
4.2,17.1,0.00,0.00,0,22.93,0,2.95,0,2.95,0,22.22
4.4,17.1,0.00,0.00,0,22.93,0,2.95,0,2.95,0,22.22
4.4,17.1,0.00,0.00,0,22.93,0,2.95,0,2.95,0,22.22
4.6,17.1,0.00,0.00,0,22.93,0,2.95,0,2.95,0,22.22
4.4,17.1,0.00,0.00,0,22.93,0,2.95,0,2.95,0,22.22
4.6,17.1,0.00,0.00,0,22.93,0,2.95,0,2.95,0,22.22
4.4,17.1,0.00,0.00,0,22.93,0,2.95,0,2.95,0,22.22
4.8,17.1,0.00,0.00,0,22.93,0,2.95,0,2.95,0,22.22
4.8,17.1,0.00,0.00,0,22.93,0,2.95,0,2.95,0,22.22
4.6,17.1,0.00,0.00,0,22.93,0,2.95,0,2.95,0,22.22
4.6,17.1,0.00,0.00,0,22.93,0,2.95,0,2.95,0,22.22
4.4,17.1,0.00,0.00,0,22.93,0,2.95,0,2.95,0,22.22
4.8,17.1,0.00,0.00,0,22.93,0,2.95,0,2.95,0,22.22
4.4,17.1,0.00,0.00,0,22.93,0,2.95,0,2.95,0,22.22
4.4,17.1,0.00,0.00,0,22.93,0,2.95,0,2.95,0,22.22
4.2,17.1,0.00,0.00,0,22.93,0,2.95,0,2.95,0,22.22
4.4,17.1,0.00,0.00,0,22.93,0,2.95,0,2.95,0,22.22
5.0,17.1,0.00,0.00,0,22.93,0,2.95,0,2.95,0,22.22
4.4,17.1,0.00,0.00,0,22.93,0,2.95,0,2.95,0,22.22
4.6,17.1,0.00,0.00,0,22.93,0,2.95,0,2.95,0,22.22
4.4,17.1,0.00,0.00,0,22.93,0,2.95,0,2.95,0,22.22
4.6,17.1,0.00,0.00,0,22.93,0,2.95,0,2.95,0,22.22
4.8,17.1,0.00,0.00,0,22.93,0,2.95,0,2.95,0,22.22
4.6,17.1,0.00,0.00,0,22.93,0,2.95,0,2.95,0,22.22
4.6,17.1,0.00,0.00,0,22.93,0,2.95,0,2.95,0,22.22
4.4,17.1,0.00,0.00,0,22.93,0,2.95,0,2.95,0,22.22
4.6,17.1,0.00,0.00,0,22.93,0,2.95,0,2.95,0,22.22
4.6,17.1,0.00,0.00,0,22.93,0,2.95,0,2.95,0,22.22
4.6,17.1,0.00,0.00,0,22.93,0,2.95,0,2.95,0,22.22
5.0,17.1,0.00,0.00,0,22.93,0,2.95,0,2.95,0,22.22
5.0,17.1,0.00,0.00,0,22.93,0,2.95,0,2.95,0,22.22
4.8,17.1,0.00,0.00,0,22.93,0,2.95,0,2.95,0,22.22
4.6,17.1,0.00,0.00,0,22.93,0,2.95,0,2.95,0,22.22
4.6,17.1,0.00,0.00,0,22.93,0,2.95,0,2.95,0,22.22
4.6,17.1,0.00,0.00,0,22.93,0,2.95,0,2.95,0,22.22
4.6,17.1,0.00,0.00,0,22.93,0,2.95,0,2.95,0,22.22
4.8,17.1,0.00,0.00,0,22.93,0,2.95,0,2.95,0,22.22
4.4,17.1,0.00,0.00,0,22.93,0,2.95,0,2.95,0,22.22
4.6,17.1,0.00,0.00,0,22.93,0,2.95,0,2.95,0,22.22
4.4,17.1,0.00,0.00,0,22.93,0,2.95,0,2.95,0,22.22
4.6,17.1,0.00,0.00,0,22.93,0,2.95,0,2.95,0,22.22
4.4,17.1,0.00,0.00,0,22.93,0,2.95,0,2.95,0,22.22
4.6,17.1,0.00,0.00,0,22.93,0,2.95,0,2.95,0,22.22
4.6,17.1,0.00,0.00,0,22.93,0,2.95,0,2.95,0,22.22
4.6,17.1,0.00,0.00,0,22.93,0,2.95,0,2.95,0,22.22
4.4,17.1,0.00,0.00,0,22.93,0,2.95,0,2.95,0,22.22
4.6,17.1,0.00,0.00,0,22.93,0,2.95,0,2.95,0,22.22
4.4,17.1,0.00,0.00,0,22.93,0,2.95,0,2.95,0,22.22
4.6,17.1,0.00,0.00,0,22.93,0,2.95,0,2.95,0,22.22
4.8,17.1,0.00,0.00,0,22.93,0,2.95,0,2.95,0,22.22
4.8,17.1,0.00,0.00,0,22.93,0,2.95,0,2.95,0,22.22
4.6,17.1,0.00,0.00,0,22.93,0,2.95,0,2.95,0,22.22
4.4,17.1,0.00,0.00,0,22.93,0,2.95,0,2.95,0,22.22
4.6,17.1,0.00,0.00,0,22.93,0,2.95,0,2.95,0,22.22
4.2,17.1,0.00,0.00,0,22.93,0,2.95,0,2.95,0,22.22
4.6,17.1,0.00,0.00,0,22.93,0,2.95,0,2.95,0,22.22
4.6,17.1,0.00,0.00,0,22.93,0,2.95,0,2.95,0,22.22
4.6,17.1,0.00,0.00,0,22.93,0,2.95,0,2.95,0,22.22
4.6,17.1,0.00,0.00,0,22.93,0,2.95,0,2.95,0,22.22
5.0,17.1,0.00,0.00,0,22.93,0,2.95,0,2.95,0,22.22
4.6,17.1,0.00,0.00,0,22.93,0,2.95,0,2.95,0,22.22
4.4,17.1,0.00,0.00,0,22.93,0,2.95,0,2.95,0,22.22
4.6,17.1,0.00,0.00,0,22.93,0,2.95,0,2.95,0,22.22
5.0,17.1,0.00,0.00,0,22.93,0,2.95,0,2.95,0,22.22
4.4,17.1,0.00,0.00,0,22.93,0,2.95,0,2.95,0,22.22
4.6,17.1,0.00,0.00,0,22.93,0,2.95,0,2.95,0,22.22
4.6,17.1,0.00,0.00,0,22.93,0,2.95,0,2.95,0,22.22
4.4,17.1,0.00,0.00,0,22.93,0,2.95,0,2.95,0,22.22
4.4,17.1,0.00,0.00,0,22.93,0,2.95,0,2.95,0,22.22
4.6,17.1,0.00,0.00,0,22.93,0,2.95,0,2.95,0,22.22
4.4,17.1,0.00,0.00,0,22.93,0,2.95,0,2.95,0,22.22
4.4,17.1,0.00,0.00,0,22.93,0,2.95,0,2.95,0,22.22
4.6,17.1,0.00,0.00,0,22.93,0,2.95,0,2.95,0,22.22
4.2,17.1,0.00,0.00,0,22.93,0,2.95,0,2.95,0,22.22
4.8,17.1,0.00,0.00,0,22.93,0,2.95,0,2.95,0,22.22
4.8,17.1,0.00,0.00,0,22.93,0,2.95,0,2.95,0,22.22
4.8,17.1,0.00,0.00,0,22.93,0,2.95,0,2.95,0,22.22
4.2,17.1,0.00,0.00,0,22.93,0,2.95,0,2.95,0,22.22
4.6,17.1,0.00,0.00,0,22.93,0,2.95,0,2.95,0,22.22
4.4,17.1,0.00,0.00,0,22.93,0,2.95,0,2.95,0,22.22
4.4,17.1,0.00,0.00,0,22.93,0,2.95,0,2.95,0,22.22
4.6,17.1,0.00,0.00,0,22.93,0,2.95,0,2.95,0,22.22
4.2,17.1,0.00,0.00,0,22.93,0,2.95,0,2.95,0,22.22
4.4,17.1,0.00,0.00,0,22.93,0,2.95,0,2.95,0,22.22
4.6,17.1,0.00,0.00,0,22.93,0,2.95,0,2.95,0,22.22
4.6,17.1,0.00,0.00,0,22.93,0,2.95,0,2.95,0,22.22
4.6,17.1,0.00,0.00,0,22.93,0,2.95,0,2.95,0,22.22
5.0,17.1,0.00,0.00,0,22.93,0,2.95,0,2.95,0,22.22
4.6,17.1,0.00,0.00,0,22.93,0,2.95,0,2.95,0,22.22
4.4,17.1,0.00,0.00,0,22.93,0,2.95,0,2.95,0,22.22
4.6,17.1,0.00,0.00,0,22.93,0,2.95,0,2.95,0,22.22
4.6,17.1,0.00,0.00,0,22.93,0,2.95,0,2.95,0,22.22
4.2,17.1,0.00,0.00,0,22.93,0,2.95,0,2.95,0,22.22
4.4,17.1,0.00,0.00,0,22.93,0,2.95,0,2.95,0,22.22
4.4,17.1,0.00,0.00,0,22.93,0,2.95,0,2.95,0,22.22
4.6,17.1,0.00,0.00,0,22.93,0,2.95,0,2.95,0,22.22
4.6,17.1,0.00,0.00,0,22.93,0,2.95,0,2.95,0,22.22
4.4,17.1,0.00,0.00,0,22.93,0,2.95,0,2.95,0,22.22
4.6,17.1,0.00,0.00,0,22.93,0,2.95,0,2.95,0,22.22
4.4,17.1,0.00,0.00,0,22.93,0,2.95,0,2.95,0,22.22
4.8,17.1,0.00,0.00,0,22.93,0,2.95,0,2.95,0,22.22
4.6,17.1,0.00,0.00,0,22.93,0,2.95,0,2.95,0,22.22
4.6,17.1,0.00,0.00,0,22.93,0,2.95,0,2.95,0,22.22
4.8,17.1,0.00,0.00,0,22.93,0,2.95,0,2.95,0,22.22
4.8,17.1,0.00,0.00,0,22.93,0,2.95,0,2.95,0,22.22
4.8,17.1,0.00,0.00,0,22.93,0,2.95,0,2.95,0,22.22
4.6,17.1,0.00,0.00,0,22.93,0,2.95,0,2.95,0,22.22
5.0,17.1,0.00,0.00,0,22.93,0,2.95,0,2.95,0,22.22
4.6,17.1,0.00,0.00,0,22.93,0,2.95,0,2.95,0,22.22
4.4,17.1,0.00,0.00,0,22.93,0,2.95,0,2.95,0,22.22
4.4,17.1,0.00,0.00,0,22.93,0,2.95,0,2.95,0,22.22
4.4,17.1,0.00,0.00,0,22.93,0,2.95,0,2.95,0,22.22
4.6,17.1,0.00,0.00,0,22.93,0,2.95,0,2.95,0,22.22
4.2,17.1,0.00,0.00,0,22.93,0,2.95,0,2.95,0,22.22
4.8,17.1,0.00,0.00,0,22.93,0,2.95,0,2.95,0,22.22
4.8,17.1,0.00,0.00,0,22.93,0,2.95,0,2.95,0,22.22
4.2,17.1,0.00,0.00,0,22.93,0,2.95,0,2.95,0,22.22
4.6,17.1,0.00,0.00,0,22.93,0,2.95,0,2.95,0,22.22
4.4,17.1,0.00,0.00,0,22.93,0,2.95,0,2.95,0,22.22
5.0,17.1,0.00,0.00,0,22.93,0,2.95,0,2.95,0,22.22
4.8,17.1,0.00,0.00,0,22.93,0,2.95,0,2.95,0,22.22
4.2,17.1,0.00,0.00,0,22.93,0,2.95,0,2.95,0,22.22
4.8,17.1,0.00,0.00,0,22.93,0,2.95,0,2.95,0,22.22
4.2,17.1,0.00,0.00,0,22.93,0,2.95,0,2.95,0,22.22
4.4,17.1,0.00,0.00,0,22.93,0,2.95,0,2.95,0,22.22
4.6,17.1,0.00,0.00,0,22.93,0,2.95,0,2.95,0,22.22
4.6,17.1,0.00,0.00,0,22.93,0,2.95,0,2.95,0,22.22
4.2,17.1,0.00,0.00,0,22.93,0,2.95,0,2.95,0,22.22
4.4,17.1,0.00,0.00,0,22.93,0,2.95,0,2.95,0,22.22
4.4,17.1,0.00,0.00,0,22.93,0,2.95,0,2.95,0,22.22
4.8,17.1,0.00,0.00,0,22.93,0,2.95,0,2.95,0,22.22
4.8,17.1,0.00,0.00,0,22.93,0,2.95,0,2.95,0,22.22
4.4,17.1,0.00,0.00,0,22.93,0,2.95,0,2.95,0,22.22
4.8,17.1,0.00,0.00,0,22.93,0,2.95,0,2.95,0,22.22
4.4,17.1,0.00,0.00,0,22.93,0,2.95,0,2.95,0,22.22
4.4,17.1,0.00,0.00,0,22.93,0,2.95,0,2.95,0,22.22
4.8,17.1,0.00,0.00,0,22.93,0,2.95,0,2.95,0,22.22
4.4,17.1,0.00,0.00,0,22.93,0,2.95,0,2.95,0,22.22
4.6,17.1,0.00,0.00,0,22.93,0,2.95,0,2.95,0,22.22
4.2,17.1,0.00,0.00,0,22.93,0,2.95,0,2.95,0,22.22
5.0,17.1,0.00,0.00,0,22.93,0,2.95,0,2.95,0,22.22
4.2,17.1,0.00,0.00,0,22.93,0,2.95,0,2.95,0,22.22
4.8,17.1,0.00,0.00,0,22.93,0,2.95,0,2.95,0,22.22
4.4,17.1,0.00,0.00,0,22.93,0,2.95,0,2.95,0,22.22
4.4,17.1,0.00,0.00,0,22.93,0,2.95,0,2.95,0,22.22
5.0,17.1,0.00,0.00,0,22.93,0,2.95,0,2.95,0,22.22
4.6,17.1,0.00,0.00,0,22.93,0,2.95,0,2.95,0,22.22
4.8,17.1,0.00,0.00,0,22.93,0,2.95,0,2.95,0,22.22
4.2,17.1,0.00,0.00,0,22.93,0,2.95,0,2.95,0,22.22
4.8,17.1,0.00,0.00,0,22.93,0,2.95,0,2.95,0,22.22
4.6,17.1,0.00,0.00,0,22.93,0,2.95,0,2.95,0,22.22
4.6,17.1,0.00,0.00,0,22.93,0,2.95,0,2.95,0,22.22
4.8,17.1,0.00,0.00,0,22.93,0,2.95,0,2.95,0,22.22
4.4,17.1,0.00,0.00,0,22.93,0,2.95,0,2.95,0,22.22
4.4,17.1,0.00,0.00,0,22.93,0,2.95,0,2.95,0,22.22
4.4,17.1,0.00,0.00,0,22.93,0,2.95,0,2.95,0,22.22
4.8,17.1,0.00,0.00,0,22.93,0,2.95,0,2.95,0,22.22
4.6,17.1,0.00,0.00,0,22.93,0,2.95,0,2.95,0,22.22
4.6,17.1,0.00,0.00,0,22.93,0,2.95,0,2.95,0,22.22
4.4,17.1,0.00,0.00,0,22.93,0,2.95,0,2.95,0,22.22
4.4,17.1,0.00,0.00,0,22.93,0,2.95,0,2.95,0,22.22
4.6,17.1,0.00,0.00,0,22.93,0,2.95,0,2.95,0,22.22
4.6,17.1,0.00,0.00,0,22.93,0,2.95,0,2.95,0,22.22
4.6,17.1,0.00,0.00,0,22.93,0,2.95,0,2.95,0,22.22
4.6,17.1,0.00,0.00,0,22.93,0,2.95,0,2.95,0,22.22
4.6,17.1,0.00,0.00,0,22.93,0,2.95,0,2.95,0,22.22
4.6,17.1,0.00,0.00,0,22.93,0,2.95,0,2.95,0,22.22
4.8,17.1,0.00,0.00,0,22.93,0,2.95,0,2.95,0,22.22
4.4,17.1,0.00,0.00,0,22.93,0,2.95,0,2.95,0,22.22
4.8,17.1,0.00,0.00,0,22.93,0,2.95,0,2.95,0,22.22
4.6,17.1,0.00,0.00,0,22.93,0,2.95,0,2.95,0,22.22
4.4,17.1,0.00,0.00,0,22.93,0,2.95,0,2.95,0,22.22
4.4,17.1,0.00,0.00,0,22.93,0,2.95,0,2.95,0,22.22
4.6,17.1,0.00,0.00,0,22.93,0,2.95,0,2.95,0,22.22
4.6,17.1,0.00,0.00,0,22.93,0,2.95,0,2.95,0,22.22
4.6,17.1,0.00,0.00,0,22.93,0,2.95,0,2.95,0,22.22
4.6,17.1,0.00,0.00,0,22.93,0,2.95,0,2.95,0,22.22
4.4,17.1,0.00,0.00,0,22.93,0,2.95,0,2.95,0,22.22
5.0,17.1,0.00,0.00,0,22.93,0,2.95,0,2.95,0,22.22
4.4,17.1,0.00,0.00,0,22.93,0,2.95,0,2.95,0,22.22
5.0,17.1,0.00,0.00,0,22.93,0,2.95,0,2.95,0,22.22
4.4,17.1,0.00,0.00,0,22.93,0,2.95,0,2.95,0,22.22
4.6,17.1,0.00,0.00,0,22.93,0,2.95,0,2.95,0,22.22
4.4,17.1,0.00,0.00,0,22.93,0,2.95,0,2.95,0,22.22
4.8,17.1,0.00,0.00,0,22.93,0,2.95,0,2.95,0,22.22
5.0,17.1,0.00,0.00,0,22.93,0,2.95,0,2.95,0,22.22
4.6,17.1,0.00,0.00,0,22.93,0,2.95,0,2.95,0,22.22
4.4,17.1,0.00,0.00,0,22.93,0,2.95,0,2.95,0,22.22
4.6,17.1,0.00,0.00,0,22.93,0,2.95,0,2.95,0,22.22
4.4,17.1,0.00,0.00,0,22.93,0,2.95,0,2.95,0,22.22
5.0,17.1,0.00,0.00,0,22.93,0,2.95,0,2.95,0,22.22
4.2,17.1,0.00,0.00,0,22.93,0,2.95,0,2.95,0,22.22
4.6,17.1,0.00,0.00,0,22.93,0,2.95,0,2.95,0,22.22
4.6,17.1,0.00,0.00,0,22.93,0,2.95,0,2.95,0,22.22
4.6,17.1,0.00,0.00,0,22.93,0,2.95,0,2.95,0,22.22
4.6,17.1,0.00,0.00,0,22.93,0,2.95,0,2.95,0,22.22
4.4,17.1,0.00,0.00,0,22.93,0,2.95,0,2.95,0,22.22
4.6,17.1,0.00,0.00,0,22.93,0,2.95,0,2.95,0,22.22
4.6,17.1,0.00,0.00,0,22.93,0,2.95,0,2.95,0,22.22
4.4,17.1,0.00,0.00,0,22.93,0,2.95,0,2.95,0,22.22
4.2,17.1,0.00,0.00,0,22.93,0,2.95,0,2.95,0,22.22
4.4,17.1,0.00,0.00,0,22.93,0,2.95,0,2.95,0,22.22
4.8,17.1,0.00,0.00,0,22.93,0,2.95,0,2.95,0,22.22
4.8,17.1,0.00,0.00,0,22.93,0,2.95,0,2.95,0,22.22
4.6,17.1,0.00,0.00,0,22.93,0,2.95,0,2.95,0,22.22
4.4,17.1,0.00,0.00,0,22.93,0,2.95,0,2.95,0,22.22
4.6,17.1,0.00,0.00,0,22.93,0,2.95,0,2.95,0,22.22
4.4,17.1,0.00,0.00,0,22.93,0,2.95,0,2.95,0,22.22
4.6,17.1,0.00,0.00,0,22.93,0,2.95,0,2.95,0,22.22
4.6,17.1,0.00,0.00,0,22.93,0,2.95,0,2.95,0,22.22
4.2,17.1,0.00,0.00,0,22.93,0,2.95,0,2.95,0,22.22
4.8,17.1,0.00,0.00,0,22.93,0,2.95,0,2.95,0,22.22
4.4,17.1,0.00,0.00,0,22.93,0,2.95,0,2.95,0,22.22
4.4,17.1,0.00,0.00,0,22.93,0,2.95,0,2.95,0,22.22
4.6,17.1,0.00,0.00,0,22.93,0,2.95,0,2.95,0,22.22
4.8,17.1,0.00,0.00,0,22.93,0,2.95,0,2.95,0,22.22
4.6,17.1,0.00,0.00,0,22.93,0,2.95,0,2.95,0,22.22
4.4,17.1,0.00,0.00,0,22.93,0,2.95,0,2.95,0,22.22
4.6,17.1,0.00,0.00,0,22.93,0,2.95,0,2.95,0,22.22
5.0,17.1,0.00,0.00,0,22.93,0,2.95,0,2.95,0,22.22
4.6,17.1,0.00,0.00,0,22.93,0,2.95,0,2.95,0,22.22
4.6,17.1,0.00,0.00,0,22.93,0,2.95,0,2.95,0,22.22
4.6,17.1,0.00,0.00,0,22.93,0,2.95,0,2.95,0,22.22
5.0,17.1,0.00,0.00,0,22.93,0,2.95,0,2.95,0,22.22
4.6,17.1,0.00,0.00,0,22.93,0,2.95,0,2.95,0,22.22
4.6,17.1,0.00,0.00,0,22.93,0,2.95,0,2.95,0,22.22
4.4,17.1,0.00,0.00,0,22.93,0,2.95,0,2.95,0,22.22
4.4,17.1,0.00,0.00,0,22.93,0,2.95,0,2.95,0,22.22
4.6,17.1,0.00,0.00,0,22.93,0,2.95,0,2.95,0,22.22
4.8,17.1,0.00,0.00,0,22.93,0,2.95,0,2.95,0,22.22
4.4,17.1,0.00,0.00,0,22.93,0,2.95,0,2.95,0,22.22
4.6,17.1,0.00,0.00,0,22.93,0,2.95,0,2.95,0,22.22
4.8,17.1,0.00,0.00,0,22.93,0,2.95,0,2.95,0,22.22
4.8,17.1,0.00,0.00,0,22.93,0,2.95,0,2.95,0,22.22
4.4,17.1,0.00,0.00,0,22.93,0,2.95,0,2.95,0,22.22
4.4,17.1,0.00,0.00,0,22.93,0,2.95,0,2.95,0,22.22
4.2,17.1,0.00,0.00,0,22.93,0,2.95,0,2.95,0,22.22
4.6,17.1,0.00,0.00,0,22.93,0,2.95,0,2.95,0,22.22
4.4,17.1,0.00,0.00,0,22.93,0,2.95,0,2.95,0,22.22
5.2,17.1,0.00,0.00,0,22.93,0,2.95,0,2.95,0,22.22
4.4,17.1,0.00,0.00,0,22.93,0,2.95,0,2.95,0,22.22
4.4,17.1,0.00,0.00,0,22.93,0,2.95,0,2.95,0,22.22
4.8,17.1,0.00,0.00,0,22.93,0,2.95,0,2.95,0,22.22
4.4,17.1,0.00,0.00,0,22.93,0,2.95,0,2.95,0,22.22
4.8,17.1,0.00,0.00,0,22.93,0,2.95,0,2.95,0,22.22
4.6,17.1,0.00,0.00,0,22.93,0,2.95,0,2.95,0,22.22
4.6,17.1,0.00,0.00,0,22.93,0,2.95,0,2.95,0,22.22
4.2,17.1,0.00,0.00,0,22.93,0,2.95,0,2.95,0,22.22
4.4,17.1,0.00,0.00,0,22.93,0,2.95,0,2.95,0,22.22
4.4,17.1,0.00,0.00,0,22.93,0,2.95,0,2.95,0,22.22
4.4,17.1,0.00,0.00,0,22.93,0,2.95,0,2.95,0,22.22
4.4,17.1,0.00,0.00,0,22.93,0,2.95,0,2.95,0,22.22
4.8,17.1,0.00,0.00,0,22.93,0,2.95,0,2.95,0,22.22
4.6,17.1,0.00,0.00,0,22.93,0,2.95,0,2.95,0,22.22
4.6,17.1,0.00,0.00,0,22.93,0,2.95,0,2.95,0,22.22
4.6,17.1,0.00,0.00,0,22.93,0,2.95,0,2.95,0,22.22
4.8,17.1,0.00,0.00,0,22.93,0,2.95,0,2.95,0,22.22
4.8,17.1,0.00,0.00,0,22.93,0,2.95,0,2.95,0,22.22
4.6,17.1,0.00,0.00,0,22.93,0,2.95,0,2.95,0,22.22
4.4,17.1,0.00,0.00,0,22.93,0,2.95,0,2.95,0,22.22
4.4,17.1,0.00,0.00,0,22.93,0,2.95,0,2.95,0,22.22
4.6,17.1,0.00,0.00,0,22.93,0,2.95,0,2.95,0,22.22
4.6,17.1,0.00,0.00,0,22.93,0,2.95,0,2.95,0,22.22
4.8,17.1,0.00,0.00,0,22.93,0,2.95,0,2.95,0,22.22
4.4,17.1,0.00,0.00,0,22.93,0,2.95,0,2.95,0,22.22
4.4,17.1,0.00,0.00,0,22.93,0,2.95,0,2.95,0,22.22
4.4,17.1,0.00,0.00,0,22.93,0,2.95,0,2.95,0,22.22
4.8,17.1,0.00,0.00,0,22.93,0,2.95,0,2.95,0,22.22
4.6,17.1,0.00,0.00,0,22.93,0,2.95,0,2.95,0,22.22
4.2,17.1,0.00,0.00,0,22.93,0,2.95,0,2.95,0,22.22
5.2,17.1,0.00,0.00,0,22.93,0,2.95,0,2.95,0,22.22
4.4,17.1,0.00,0.00,0,22.93,0,2.95,0,2.95,0,22.22
4.4,17.1,0.00,0.00,0,22.93,0,2.95,0,2.95,0,22.22
4.4,17.1,0.00,0.00,0,22.93,0,2.95,0,2.95,0,22.22
4.6,17.1,0.00,0.00,0,22.93,0,2.95,0,2.95,0,22.22
4.8,17.1,0.00,0.00,0,22.93,0,2.95,0,2.95,0,22.22
4.4,17.1,0.00,0.00,0,22.93,0,2.95,0,2.95,0,22.22
4.8,17.1,0.00,0.00,0,22.93,0,2.95,0,2.95,0,22.22
4.2,17.1,0.00,0.00,0,22.93,0,2.95,0,2.95,0,22.22
4.4,17.1,0.00,0.00,0,22.93,0,2.95,0,2.95,0,22.22
4.2,17.1,0.00,0.00,0,22.93,0,2.95,0,2.95,0,22.22
4.4,17.1,0.00,0.00,0,22.93,0,2.95,0,2.95,0,22.22
4.6,17.1,0.00,0.00,0,22.93,0,2.95,0,2.95,0,22.22
4.6,17.1,0.00,0.00,0,22.93,0,2.95,0,2.95,0,22.22
4.8,17.1,0.00,0.00,0,22.93,0,2.95,0,2.95,0,22.22
4.4,17.1,0.00,0.00,0,22.93,0,2.95,0,2.95,0,22.22
4.6,17.1,0.00,0.00,0,22.93,0,2.95,0,2.95,0,22.22
4.6,17.1,0.00,0.00,0,22.93,0,2.95,0,2.95,0,22.22
4.8,17.1,0.00,0.00,0,22.93,0,2.95,0,2.95,0,22.22
4.8,17.1,0.00,0.00,0,22.93,0,2.95,0,2.95,0,22.22
4.8,17.1,0.00,0.00,0,22.93,0,2.95,0,2.95,0,22.22
4.6,17.1,0.00,0.00,0,22.93,0,2.95,0,2.95,0,22.22
4.4,17.1,0.00,0.00,0,22.93,0,2.95,0,2.95,0,22.22
4.4,17.1,0.00,0.00,0,22.93,0,2.95,0,2.95,0,22.22
4.8,17.1,0.00,0.00,0,22.93,0,2.95,0,2.95,0,22.22
4.8,17.1,0.00,0.00,0,22.93,0,2.95,0,2.95,0,22.22
4.8,17.1,0.00,0.00,0,22.93,0,2.95,0,2.95,0,22.22
4.4,17.1,0.00,0.00,0,22.93,0,2.95,0,2.95,0,22.22
4.8,17.1,0.00,0.00,0,22.93,0,2.95,0,2.95,0,22.22
4.4,17.1,0.00,0.00,0,22.93,0,2.95,0,2.95,0,22.22
4.4,17.1,0.00,0.00,0,22.93,0,2.95,0,2.95,0,22.22
4.6,17.1,0.00,0.00,0,22.93,0,2.95,0,2.95,0,22.22
4.4,17.1,0.00,0.00,0,22.93,0,2.95,0,2.95,0,22.22
4.6,17.1,0.00,0.00,0,22.93,0,2.95,0,2.95,0,22.22
4.6,17.1,0.00,0.00,0,22.93,0,2.95,0,2.95,0,22.22
4.8,17.1,0.00,0.00,0,22.93,0,2.95,0,2.95,0,22.22
4.4,17.1,0.00,0.00,0,22.93,0,2.95,0,2.95,0,22.22
4.4,17.1,0.00,0.00,0,22.93,0,2.95,0,2.95,0,22.22
4.8,17.1,0.00,0.00,0,22.93,0,2.95,0,2.95,0,22.22
4.6,17.1,0.00,0.00,0,22.93,0,2.95,0,2.95,0,22.22
4.4,17.1,0.00,0.00,0,22.93,0,2.95,0,2.95,0,22.22
4.4,17.1,0.00,0.00,0,22.93,0,2.95,0,2.95,0,22.22
4.4,17.1,0.00,0.00,0,22.93,0,2.95,0,2.95,0,22.22
4.6,17.1,0.00,0.00,0,22.93,0,2.95,0,2.95,0,22.22
5.0,17.1,0.00,0.00,0,22.93,0,2.95,0,2.95,0,22.22
4.8,17.1,0.00,0.00,0,22.93,0,2.95,0,2.95,0,22.22
4.6,17.1,0.00,0.00,0,22.93,0,2.95,0,2.95,0,22.22
4.6,17.1,0.00,0.00,0,22.93,0,2.95,0,2.95,0,22.22
4.6,17.1,0.00,0.00,0,22.93,0,2.95,0,2.95,0,22.22
4.4,17.1,0.00,0.00,0,22.93,0,2.95,0,2.95,0,22.22
5.2,17.1,0.00,0.00,0,22.93,0,2.95,0,2.95,0,22.22
4.6,17.1,0.00,0.00,0,22.93,0,2.95,0,2.95,0,22.22
4.4,17.1,0.00,0.00,0,22.93,0,2.95,0,2.95,0,22.22
4.6,17.1,0.00,0.00,0,22.93,0,2.95,0,2.95,0,22.22
4.4,17.1,0.00,0.00,0,22.93,0,2.95,0,2.95,0,22.22
4.4,17.1,0.00,0.00,0,22.93,0,2.95,0,2.95,0,22.22
4.6,17.1,0.00,0.00,0,22.93,0,2.95,0,2.95,0,22.22
4.6,17.1,0.00,0.00,0,22.93,0,2.95,0,2.95,0,22.22
4.6,17.1,0.00,0.00,0,22.93,0,2.95,0,2.95,0,22.22
4.6,17.1,0.00,0.00,0,22.93,0,2.95,0,2.95,0,22.22
4.4,17.1,0.00,0.00,0,22.93,0,2.95,0,2.95,0,22.22
4.6,17.1,0.00,0.00,0,22.93,0,2.95,0,2.95,0,22.22
4.4,17.1,0.00,0.00,0,22.93,0,2.95,0,2.95,0,22.22
4.2,17.1,0.00,0.00,0,22.93,0,2.95,0,2.95,0,22.22
4.6,17.1,0.00,0.00,0,22.93,0,2.95,0,2.95,0,22.22
4.6,17.1,0.00,0.00,0,22.93,0,2.95,0,2.95,0,22.22
4.6,17.1,0.00,0.00,0,22.93,0,2.95,0,2.95,0,22.22
4.6,17.1,0.00,0.00,0,22.93,0,2.95,0,2.95,0,22.22
4.6,17.1,0.00,0.00,0,22.93,0,2.95,0,2.95,0,22.22
4.8,17.1,0.00,0.00,0,22.93,0,2.95,0,2.95,0,22.22
4.4,17.1,0.00,0.00,0,22.93,0,2.95,0,2.95,0,22.22
4.8,17.1,0.00,0.00,0,22.93,0,2.95,0,2.95,0,22.22
4.8,17.1,0.00,0.00,0,22.93,0,2.95,0,2.95,0,22.22
4.4,17.1,0.00,0.00,0,22.93,0,2.95,0,2.95,0,22.22
5.0,17.1,0.00,0.00,0,22.93,0,2.95,0,2.95,0,22.22
4.4,17.1,0.00,0.00,0,22.93,0,2.95,0,2.95,0,22.22
4.8,17.1,0.00,0.00,0,22.93,0,2.95,0,2.95,0,22.22
4.2,17.1,0.00,0.00,0,22.93,0,2.95,0,2.95,0,22.22
4.8,17.1,0.00,0.00,0,22.93,0,2.95,0,2.95,0,22.22
4.6,17.1,0.00,0.00,0,22.93,0,2.95,0,2.95,0,22.22
4.6,17.1,0.00,0.00,0,22.93,0,2.95,0,2.95,0,22.22
4.4,17.1,0.00,0.00,0,22.93,0,2.95,0,2.95,0,22.22
4.4,17.1,0.00,0.00,0,22.93,0,2.95,0,2.95,0,22.22
4.6,17.1,0.00,0.00,0,22.93,0,2.95,0,2.95,0,22.22
4.4,17.1,0.00,0.00,0,22.93,0,2.95,0,2.95,0,22.22
4.6,17.1,0.00,0.00,0,22.93,0,2.95,0,2.95,0,22.22
4.4,17.1,0.00,0.00,0,22.93,0,2.95,0,2.95,0,22.22
4.6,17.1,0.00,0.00,0,22.93,0,2.95,0,2.95,0,22.22
4.6,17.1,0.00,0.00,0,22.93,0,2.95,0,2.95,0,22.22
4.4,17.1,0.00,0.00,0,22.93,0,2.95,0,2.95,0,22.22
4.4,17.1,0.00,0.00,0,22.93,0,2.95,0,2.95,0,22.22
4.6,17.1,0.00,0.00,0,22.93,0,2.95,0,2.95,0,22.22
4.4,17.1,0.00,0.00,0,22.93,0,2.95,0,2.95,0,22.22
4.4,17.1,0.00,0.00,0,22.93,0,2.95,0,2.95,0,22.22
4.4,17.1,0.00,0.00,0,22.93,0,2.95,0,2.95,0,22.22
4.6,17.1,0.00,0.00,0,22.93,0,2.95,0,2.95,0,22.22
4.6,17.1,0.00,0.00,0,22.93,0,2.95,0,2.95,0,22.22
4.8,17.1,0.00,0.00,0,22.93,0,2.95,0,2.95,0,22.22
5.0,17.1,0.00,0.00,0,22.93,0,2.95,0,2.95,0,22.22
4.8,17.1,0.00,0.00,0,22.93,0,2.95,0,2.95,0,22.22
4.4,17.1,0.00,0.00,0,22.93,0,2.95,0,2.95,0,22.22
4.8,17.1,0.00,0.00,0,22.93,0,2.95,0,2.95,0,22.22
4.8,17.1,0.00,0.00,0,22.93,0,2.95,0,2.95,0,22.22
4.4,17.1,0.00,0.00,0,22.93,0,2.95,0,2.95,0,22.22
5.0,17.1,0.00,0.00,0,22.93,0,2.95,0,2.95,0,22.22
4.4,17.1,0.00,0.00,0,22.93,0,2.95,0,2.95,0,22.22
4.4,17.1,0.00,0.00,0,22.93,0,2.95,0,2.95,0,22.22
4.4,17.1,0.00,0.00,0,22.93,0,2.95,0,2.95,0,22.22
4.6,17.1,0.00,0.00,0,22.93,0,2.95,0,2.95,0,22.22
4.6,17.1,0.00,0.00,0,22.93,0,2.95,0,2.95,0,22.22
4.6,17.1,0.00,0.00,0,22.93,0,2.95,0,2.95,0,22.22
4.4,17.1,0.00,0.00,0,22.93,0,2.95,0,2.95,0,22.22
4.2,17.1,0.00,0.00,0,22.93,0,2.95,0,2.95,0,22.22
4.6,17.1,0.00,0.00,0,22.93,0,2.95,0,2.95,0,22.22
4.4,17.1,0.00,0.00,0,22.93,0,2.95,0,2.95,0,22.22
4.4,17.1,0.00,0.00,0,22.93,0,2.95,0,2.95,0,22.22
4.6,17.1,0.00,0.00,0,22.93,0,2.95,0,2.95,0,22.22
4.4,17.1,0.00,0.00,0,22.93,0,2.95,0,2.95,0,22.22
4.8,17.1,0.00,0.00,0,22.93,0,2.95,0,2.95,0,22.22
4.4,17.1,0.00,0.00,0,22.93,0,2.95,0,2.95,0,22.22
4.6,17.1,0.00,0.00,0,22.93,0,2.95,0,2.95,0,22.22
4.4,17.1,0.00,0.00,0,22.93,0,2.95,0,2.95,0,22.22
4.6,17.1,0.00,0.00,0,22.93,0,2.95,0,2.95,0,22.22
4.6,17.1,0.00,0.00,0,22.93,0,2.95,0,2.95,0,22.22
4.8,17.1,0.00,0.00,0,22.93,0,2.95,0,2.95,0,22.22
5.0,17.1,0.00,0.00,0,22.93,0,2.95,0,2.95,0,22.22
4.4,17.1,0.00,0.00,0,22.93,0,2.95,0,2.95,0,22.22
4.6,17.1,0.00,0.00,0,22.93,0,2.95,0,2.95,0,22.22
4.4,17.1,0.00,0.00,0,22.93,0,2.95,0,2.95,0,22.22
4.8,17.1,0.00,0.00,0,22.93,0,2.95,0,2.95,0,22.22
4.8,17.1,0.00,0.00,0,22.93,0,2.95,0,2.95,0,22.22
4.6,17.1,0.00,0.00,0,22.93,0,2.95,0,2.95,0,22.22
4.4,17.1,0.00,0.00,0,22.93,0,2.95,0,2.95,0,22.22
4.6,17.1,0.00,0.00,0,22.93,0,2.95,0,2.95,0,22.22
4.4,17.1,0.00,0.00,0,22.93,0,2.95,0,2.95,0,22.22
4.4,17.1,0.00,0.00,0,22.93,0,2.95,0,2.95,0,22.22
4.6,17.1,0.00,0.00,0,22.93,0,2.95,0,2.95,0,22.22
5.0,17.1,0.00,0.00,0,22.93,0,2.95,0,2.95,0,22.22
4.8,17.1,0.00,0.00,0,22.93,0,2.95,0,2.95,0,22.22
4.4,17.1,0.00,0.00,0,22.93,0,2.95,0,2.95,0,22.22
4.6,17.1,0.00,0.00,0,22.93,0,2.95,0,2.95,0,22.22
4.4,17.1,0.00,0.00,0,22.93,0,2.95,0,2.95,0,22.22
4.8,17.1,0.00,0.00,0,22.93,0,2.95,0,2.95,0,22.22
4.2,17.1,0.00,0.00,0,22.93,0,2.95,0,2.95,0,22.22
4.6,17.1,0.00,0.00,0,22.93,0,2.95,0,2.95,0,22.22
4.6,17.1,0.00,0.00,0,22.93,0,2.95,0,2.95,0,22.22
4.6,17.1,0.00,0.00,0,22.93,0,2.95,0,2.95,0,22.22
4.8,17.1,0.00,0.00,0,22.93,0,2.95,0,2.95,0,22.22
4.6,17.1,0.00,0.00,0,22.93,0,2.95,0,2.95,0,22.22
5.2,17.1,0.00,0.00,0,22.93,0,2.95,0,2.95,0,22.22
4.8,17.1,0.00,0.00,0,22.93,0,2.95,0,2.95,0,22.22
4.6,17.1,0.00,0.00,0,22.93,0,2.95,0,2.95,0,22.22
4.6,17.1,0.00,0.00,0,22.93,0,2.95,0,2.95,0,22.22
4.6,17.1,0.00,0.00,0,22.93,0,2.95,0,2.95,0,22.22
4.2,17.1,0.00,0.00,0,22.93,0,2.95,0,2.95,0,22.22
4.4,17.1,0.00,0.00,0,22.93,0,2.95,0,2.95,0,22.22
4.8,17.1,0.00,0.00,0,22.93,0,2.95,0,2.95,0,22.22
5.0,17.1,0.00,0.00,0,22.93,0,2.95,0,2.95,0,22.22
4.4,17.1,0.00,0.00,0,22.93,0,2.95,0,2.95,0,22.22
4.4,17.1,0.00,0.00,0,22.93,0,2.95,0,2.95,0,22.22
4.4,17.1,0.00,0.00,0,22.93,0,2.95,0,2.95,0,22.22
4.8,17.1,0.00,0.00,0,22.93,0,2.95,0,2.95,0,22.22
4.6,17.1,0.00,0.00,0,22.93,0,2.95,0,2.95,0,22.22
4.4,17.1,0.00,0.00,0,22.93,0,2.95,0,2.95,0,22.22
4.8,17.1,0.00,0.00,0,22.93,0,2.95,0,2.95,0,22.22
4.6,17.1,0.00,0.00,0,22.93,0,2.95,0,2.95,0,22.22
4.4,17.1,0.00,0.00,0,22.93,0,2.95,0,2.95,0,22.22
4.2,17.1,0.00,0.00,0,22.93,0,2.95,0,2.95,0,22.22
5.2,17.1,0.00,0.00,0,22.93,0,2.95,0,2.95,0,22.22
4.8,17.1,0.00,0.00,0,22.93,0,2.95,0,2.95,0,22.22
4.6,17.1,0.00,0.00,0,22.93,0,2.95,0,2.95,0,22.22
4.8,17.1,0.00,0.00,0,22.93,0,2.95,0,2.95,0,22.22
4.4,17.1,0.00,0.00,0,22.93,0,2.95,0,2.95,0,22.22
4.6,17.1,0.00,0.00,0,22.93,0,2.95,0,2.95,0,22.22
4.6,17.1,0.00,0.00,0,22.93,0,2.95,0,2.95,0,22.22
4.6,17.1,0.00,0.00,0,22.93,0,2.95,0,2.95,0,22.22
4.6,17.1,0.00,0.00,0,22.93,0,2.95,0,2.95,0,22.22
4.4,17.1,0.00,0.00,0,22.93,0,2.95,0,2.95,0,22.22
4.6,17.1,0.00,0.00,0,22.93,0,2.95,0,2.95,0,22.22
4.2,17.1,0.00,0.00,0,22.93,0,2.95,0,2.95,0,22.22
4.4,17.1,0.00,0.00,0,22.93,0,2.95,0,2.95,0,22.22
4.6,17.1,0.00,0.00,0,22.93,0,2.95,0,2.95,0,22.22
4.4,17.1,0.00,0.00,0,22.93,0,2.95,0,2.95,0,22.22
4.6,17.1,0.00,0.00,0,22.93,0,2.95,0,2.95,0,22.22
4.6,17.1,0.00,0.00,0,22.93,0,2.95,0,2.95,0,22.22
4.4,17.1,0.00,0.00,0,22.93,0,2.95,0,2.95,0,22.22
4.6,17.1,0.00,0.00,0,22.93,0,2.95,0,2.95,0,22.22
4.8,17.1,0.00,0.00,0,22.93,0,2.95,0,2.95,0,22.22
4.4,17.1,0.00,0.00,0,22.93,0,2.95,0,2.95,0,22.22
4.6,17.1,0.00,0.00,0,22.93,0,2.95,0,2.95,0,22.22
4.4,17.1,0.00,0.00,0,22.93,0,2.95,0,2.95,0,22.22
4.8,17.1,0.00,0.00,0,22.93,0,2.95,0,2.95,0,22.22
4.6,17.1,0.00,0.00,0,22.93,0,2.95,0,2.95,0,22.22
4.6,17.1,0.00,0.00,0,22.93,0,2.95,0,2.95,0,22.22
4.8,17.1,0.00,0.00,0,22.93,0,2.95,0,2.95,0,22.22
4.4,17.1,0.00,0.00,0,22.93,0,2.95,0,2.95,0,22.22
4.4,17.1,0.00,0.00,0,22.93,0,2.95,0,2.95,0,22.22
4.6,17.1,0.00,0.00,0,22.93,0,2.95,0,2.95,0,22.22
4.8,17.1,0.00,0.00,0,22.93,0,2.95,0,2.95,0,22.22
5.0,17.1,0.00,0.00,0,22.93,0,2.95,0,2.95,0,22.22
4.4,17.1,0.00,0.00,0,22.93,0,2.95,0,2.95,0,22.22
4.2,17.1,0.00,0.00,0,22.93,0,2.95,0,2.95,0,22.22
4.4,17.1,0.00,0.00,0,22.93,0,2.95,0,2.95,0,22.22
4.6,17.1,0.00,0.00,0,22.93,0,2.95,0,2.95,0,22.22
5.0,17.1,0.00,0.00,0,22.93,0,2.95,0,2.95,0,22.22
4.6,17.1,0.00,0.00,0,22.93,0,2.95,0,2.95,0,22.22
4.4,17.1,0.00,0.00,0,22.93,0,2.95,0,2.95,0,22.22
4.4,17.1,0.00,0.00,0,22.93,0,2.95,0,2.95,0,22.22
4.2,17.1,0.00,0.00,0,22.93,0,2.95,0,2.95,0,22.22
4.8,17.1,0.00,0.00,0,22.93,0,2.95,0,2.95,0,22.22
4.4,17.1,0.00,0.00,0,22.93,0,2.95,0,2.95,0,22.22
4.8,17.1,0.00,0.00,0,22.93,0,2.95,0,2.95,0,22.22
4.6,17.1,0.00,0.00,0,22.93,0,2.95,0,2.95,0,22.22
4.6,17.1,0.00,0.00,0,22.93,0,2.95,0,2.95,0,22.22
4.6,17.1,0.00,0.00,0,22.93,0,2.95,0,2.95,0,22.22
4.4,17.1,0.00,0.00,0,22.93,0,2.95,0,2.95,0,22.22
4.4,17.1,0.00,0.00,0,22.93,0,2.95,0,2.95,0,22.22
4.4,17.1,0.00,0.00,0,22.93,0,2.95,0,2.95,0,22.22
7.9,17.1,0.00,0.00,0,22.93,0,2.95,0,2.95,0,22.22
4.2,17.1,0.00,0.00,0,22.93,0,2.95,0,2.95,0,22.22
4.6,17.1,0.00,0.00,0,22.93,0,2.95,0,2.95,0,22.22
4.4,17.1,0.00,0.00,0,22.93,0,2.95,0,2.95,0,22.22
5.0,17.1,0.00,0.00,0,22.93,0,2.95,0,2.95,0,22.22
4.8,17.1,0.00,0.00,0,22.93,0,2.95,0,2.95,0,22.22
5.0,17.1,0.00,0.00,0,22.93,0,2.95,0,2.95,0,22.22
4.6,17.1,0.00,0.00,0,22.93,0,2.95,0,2.95,0,22.22
4.8,17.1,0.00,0.00,0,22.93,0,2.95,0,2.95,0,22.22
4.8,17.1,0.00,0.00,0,22.93,0,2.95,0,2.95,0,22.22
4.4,17.1,0.00,0.00,0,22.93,0,2.95,0,2.95,0,22.22
4.4,17.1,0.00,0.00,0,22.93,0,2.95,0,2.95,0,22.22
4.4,17.1,0.00,0.00,0,22.93,0,2.95,0,2.95,0,22.22
4.8,17.1,0.00,0.00,0,22.93,0,2.95,0,2.95,0,22.22
4.6,17.1,0.00,0.00,0,22.93,0,2.95,0,2.95,0,22.22
4.8,17.1,0.00,0.00,0,22.93,0,2.95,0,2.95,0,22.22
4.6,17.1,0.00,0.00,0,22.93,0,2.95,0,2.95,0,22.22
4.6,17.1,0.00,0.00,0,22.93,0,2.95,0,2.95,0,22.22
4.4,17.1,0.00,0.00,0,22.93,0,2.95,0,2.95,0,22.22
4.6,17.1,0.00,0.00,0,22.93,0,2.95,0,2.95,0,22.22
4.6,17.1,0.00,0.00,0,22.93,0,2.95,0,2.95,0,22.22
4.8,17.1,0.00,0.00,0,22.93,0,2.95,0,2.95,0,22.22
4.6,17.1,0.00,0.00,0,22.93,0,2.95,0,2.95,0,22.22
4.4,17.1,0.00,0.00,0,22.93,0,2.95,0,2.95,0,22.22
4.6,17.1,0.00,0.00,0,22.93,0,2.95,0,2.95,0,22.22
4.4,17.1,0.00,0.00,0,22.93,0,2.95,0,2.95,0,22.22
5.0,17.1,0.00,0.00,0,22.93,0,2.95,0,2.95,0,22.22
4.8,17.1,0.00,0.00,0,22.93,0,2.95,0,2.95,0,22.22
4.4,17.1,0.00,0.00,0,22.93,0,2.95,0,2.95,0,22.22
4.6,17.1,0.00,0.00,0,22.93,0,2.95,0,2.95,0,22.22
4.4,17.1,0.00,0.00,0,22.93,0,2.95,0,2.95,0,22.22
4.2,17.1,0.00,0.00,0,22.93,0,2.95,0,2.95,0,22.22
4.6,17.1,0.00,0.00,0,22.93,0,2.95,0,2.95,0,22.22
4.6,17.1,0.00,0.00,0,22.93,0,2.95,0,2.95,0,22.22
4.4,17.1,0.00,0.00,0,22.93,0,2.95,0,2.95,0,22.22
4.6,17.1,0.00,0.00,0,22.93,0,2.95,0,2.95,0,22.22
4.4,17.1,0.00,0.00,0,22.93,0,2.95,0,2.95,0,22.22
4.2,17.1,0.00,0.00,0,22.93,0,2.95,0,2.95,0,22.22
4.6,17.1,0.00,0.00,0,22.93,0,2.95,0,2.95,0,22.22
4.6,17.1,0.00,0.00,0,22.93,0,2.95,0,2.95,0,22.22
4.6,17.1,0.00,0.00,0,22.93,0,2.95,0,2.95,0,22.22
4.6,17.1,0.00,0.00,0,22.93,0,2.95,0,2.95,0,22.22
4.6,17.1,0.00,0.00,0,22.93,0,2.95,0,2.95,0,22.22
4.6,17.1,0.00,0.00,0,22.93,0,2.95,0,2.95,0,22.22
4.4,17.1,0.00,0.00,0,22.93,0,2.95,0,2.95,0,22.22
4.8,17.1,0.00,0.00,0,22.93,0,2.95,0,2.95,0,22.22
4.4,17.1,0.00,0.00,0,22.93,0,2.95,0,2.95,0,22.22
4.4,17.1,0.00,0.00,0,22.93,0,2.95,0,2.95,0,22.22
4.6,17.1,0.00,0.00,0,22.93,0,2.95,0,2.95,0,22.22
4.4,17.1,0.00,0.00,0,22.93,0,2.95,0,2.95,0,22.22
4.6,17.1,0.00,0.00,0,22.93,0,2.95,0,2.95,0,22.22
4.6,17.1,0.00,0.00,0,22.93,0,2.95,0,2.95,0,22.22
4.6,17.1,0.00,0.00,0,22.93,0,2.95,0,2.95,0,22.22
4.4,17.1,0.00,0.00,0,22.93,0,2.95,0,2.95,0,22.22
4.4,17.1,0.00,0.00,0,22.93,0,2.95,0,2.95,0,22.22
4.8,17.1,0.00,0.00,0,22.93,0,2.95,0,2.95,0,22.22
4.8,17.1,0.00,0.00,0,22.93,0,2.95,0,2.95,0,22.22
4.6,17.1,0.00,0.00,0,22.93,0,2.95,0,2.95,0,22.22
4.4,17.1,0.00,0.00,0,22.93,0,2.95,0,2.95,0,22.22
4.6,17.1,0.00,0.00,0,22.93,0,2.95,0,2.95,0,22.22
4.4,17.1,0.00,0.00,0,22.93,0,2.95,0,2.95,0,22.22
4.8,17.1,0.00,0.00,0,22.93,0,2.95,0,2.95,0,22.22
4.2,17.1,0.00,0.00,0,22.93,0,2.95,0,2.95,0,22.22
4.8,17.1,0.00,0.00,0,22.93,0,2.95,0,2.95,0,22.22
4.4,17.1,0.00,0.00,0,22.93,0,2.95,0,2.95,0,22.22
4.6,17.1,0.00,0.00,0,22.93,0,2.95,0,2.95,0,22.22
4.6,17.1,0.00,0.00,0,22.93,0,2.95,0,2.95,0,22.22
4.4,17.1,0.00,0.00,0,22.93,0,2.95,0,2.95,0,22.22
4.6,17.1,0.00,0.00,0,22.93,0,2.95,0,2.95,0,22.22
4.6,17.1,0.00,0.00,0,22.93,0,2.95,0,2.95,0,22.22
4.8,17.1,0.00,0.00,0,22.93,0,2.95,0,2.95,0,22.22
4.4,17.1,0.00,0.00,0,22.93,0,2.95,0,2.95,0,22.22
4.6,17.1,0.00,0.00,0,22.93,0,2.95,0,2.95,0,22.22
4.8,17.1,0.00,0.00,0,22.93,0,2.95,0,2.95,0,22.22
4.4,17.1,0.00,0.00,0,22.93,0,2.95,0,2.95,0,22.22
4.6,17.1,0.00,0.00,0,22.93,0,2.95,0,2.95,0,22.22
4.8,17.1,0.00,0.00,0,22.93,0,2.95,0,2.95,0,22.22
4.8,17.1,0.00,0.00,0,22.93,0,2.95,0,2.95,0,22.22
4.6,17.1,0.00,0.00,0,22.93,0,2.95,0,2.95,0,22.22
4.6,17.1,0.00,0.00,0,22.93,0,2.95,0,2.95,0,22.22
4.8,17.1,0.00,0.00,0,22.93,0,2.95,0,2.95,0,22.22
4.4,17.1,0.00,0.00,0,22.93,0,2.95,0,2.95,0,22.22
4.6,17.1,0.00,0.00,0,22.93,0,2.95,0,2.95,0,22.22
4.4,17.1,0.00,0.00,0,22.93,0,2.95,0,2.95,0,22.22
4.6,17.1,0.00,0.00,0,22.93,0,2.95,0,2.95,0,22.22
4.6,17.1,0.00,0.00,0,22.93,0,2.95,0,2.95,0,22.22
4.6,17.1,0.00,0.00,0,22.93,0,2.95,0,2.95,0,22.22
4.6,17.1,0.00,0.00,0,22.93,0,2.95,0,2.95,0,22.22
4.8,17.1,0.00,0.00,0,22.93,0,2.95,0,2.95,0,22.22
4.6,17.1,0.00,0.00,0,22.93,0,2.95,0,2.95,0,22.22
5.0,17.1,0.00,0.00,0,22.93,0,2.95,0,2.95,0,22.22
4.2,17.1,0.00,0.00,0,22.93,0,2.95,0,2.95,0,22.22
4.6,17.1,0.00,0.00,0,22.93,0,2.95,0,2.95,0,22.22
4.4,17.1,0.00,0.00,0,22.93,0,2.95,0,2.95,0,22.22
4.4,17.1,0.00,0.00,0,22.93,0,2.95,0,2.95,0,22.22
5.0,17.1,0.00,0.00,0,22.93,0,2.95,0,2.95,0,22.22
4.4,17.1,0.00,0.00,0,22.93,0,2.95,0,2.95,0,22.22
4.8,17.1,0.00,0.00,0,22.93,0,2.95,0,2.95,0,22.22
4.8,17.1,0.00,0.00,0,22.93,0,2.95,0,2.95,0,22.22
4.4,17.1,0.00,0.00,0,22.93,0,2.95,0,2.95,0,22.22
4.4,17.1,0.00,0.00,0,22.93,0,2.95,0,2.95,0,22.22
4.4,17.1,0.00,0.00,0,22.93,0,2.95,0,2.95,0,22.22
4.4,17.1,0.00,0.00,0,22.93,0,2.95,0,2.95,0,22.22
4.6,17.1,0.00,0.00,0,22.93,0,2.95,0,2.95,0,22.22
4.8,17.1,0.00,0.00,0,22.93,0,2.95,0,2.95,0,22.22
4.4,17.1,0.00,0.00,0,22.93,0,2.95,0,2.95,0,22.22
4.4,17.1,0.00,0.00,0,22.93,0,2.95,0,2.95,0,22.22
4.6,17.1,0.00,0.00,0,22.93,0,2.95,0,2.95,0,22.22
4.6,17.1,0.00,0.00,0,22.93,0,2.95,0,2.95,0,22.22
4.4,17.1,0.00,0.00,0,22.93,0,2.95,0,2.95,0,22.22
4.6,17.1,0.00,0.00,0,22.93,0,2.95,0,2.95,0,22.22
4.6,17.1,0.00,0.00,0,22.93,0,2.95,0,2.95,0,22.22
4.2,17.1,0.00,0.00,0,22.93,0,2.95,0,2.95,0,22.22
4.8,17.1,0.00,0.00,0,22.93,0,2.95,0,2.95,0,22.22
4.8,17.1,0.00,0.00,0,22.93,0,2.95,0,2.95,0,22.22
4.6,17.1,0.00,0.00,0,22.93,0,2.95,0,2.95,0,22.22
4.6,17.1,0.00,0.00,0,22.93,0,2.95,0,2.95,0,22.22
4.4,17.1,0.00,0.00,0,22.93,0,2.95,0,2.95,0,22.22
4.6,17.1,0.00,0.00,0,22.93,0,2.95,0,2.95,0,22.22
4.8,17.1,0.00,0.00,0,22.93,0,2.95,0,2.95,0,22.22
4.4,17.1,0.00,0.00,0,22.93,0,2.95,0,2.95,0,22.22
4.4,17.1,0.00,0.00,0,22.93,0,2.95,0,2.95,0,22.22
4.2,17.1,0.00,0.00,0,22.93,0,2.95,0,2.95,0,22.22
5.0,17.1,0.00,0.00,0,22.93,0,2.95,0,2.95,0,22.22
4.8,17.1,0.00,0.00,0,22.93,0,2.95,0,2.95,0,22.22
4.2,17.1,0.00,0.00,0,22.93,0,2.95,0,2.95,0,22.22
4.6,17.1,0.00,0.00,0,22.93,0,2.95,0,2.95,0,22.22
4.6,17.1,0.00,0.00,0,22.93,0,2.95,0,2.95,0,22.22
4.4,17.1,0.00,0.00,0,22.93,0,2.95,0,2.95,0,22.22
4.4,17.1,0.00,0.00,0,22.93,0,2.95,0,2.95,0,22.22
4.2,17.1,0.00,0.00,0,22.93,0,2.95,0,2.95,0,22.22
4.6,17.1,0.00,0.00,0,22.93,0,2.95,0,2.95,0,22.22
4.8,17.1,0.00,0.00,0,22.93,0,2.95,0,2.95,0,22.22
4.8,17.1,0.00,0.00,0,22.93,0,2.95,0,2.95,0,22.22
4.8,17.1,0.00,0.00,0,22.93,0,2.95,0,2.95,0,22.22
4.6,17.1,0.00,0.00,0,22.93,0,2.95,0,2.95,0,22.22
4.6,17.1,0.00,0.00,0,22.93,0,2.95,0,2.95,0,22.22
4.8,17.1,0.00,0.00,0,22.93,0,2.95,0,2.95,0,22.22
4.2,17.1,0.00,0.00,0,22.93,0,2.95,0,2.95,0,22.22
4.6,17.1,0.00,0.00,0,22.93,0,2.95,0,2.95,0,22.22
4.6,17.1,0.00,0.00,0,22.93,0,2.95,0,2.95,0,22.22
4.4,17.1,0.00,0.00,0,22.93,0,2.95,0,2.95,0,22.22
4.6,17.1,0.00,0.00,0,22.93,0,2.95,0,2.95,0,22.22
4.2,17.1,0.00,0.00,0,22.93,0,2.95,0,2.95,0,22.22
4.8,17.1,0.00,0.00,0,22.93,0,2.95,0,2.95,0,22.22
4.4,17.1,0.00,0.00,0,22.93,0,2.95,0,2.95,0,22.22
4.4,17.1,0.00,0.00,0,22.93,0,2.95,0,2.95,0,22.22
4.6,17.1,0.00,0.00,0,22.93,0,2.95,0,2.95,0,22.22
4.6,17.1,0.00,0.00,0,22.93,0,2.95,0,2.95,0,22.22
4.6,17.1,0.00,0.00,0,22.93,0,2.95,0,2.95,0,22.22
4.4,17.1,0.00,0.00,0,22.93,0,2.95,0,2.95,0,22.22
4.2,17.1,0.00,0.00,0,22.93,0,2.95,0,2.95,0,22.22
4.4,17.1,0.00,0.00,0,22.93,0,2.95,0,2.95,0,22.22
4.6,17.1,0.00,0.00,0,22.93,0,2.95,0,2.95,0,22.22
4.6,17.1,0.00,0.00,0,22.93,0,2.95,0,2.95,0,22.22
4.6,17.1,0.00,0.00,0,22.93,0,2.95,0,2.95,0,22.22
4.8,17.1,0.00,0.00,0,22.93,0,2.95,0,2.95,0,22.22
4.6,17.1,0.00,0.00,0,22.93,0,2.95,0,2.95,0,22.22
4.8,17.1,0.00,0.00,0,22.93,0,2.95,0,2.95,0,22.22
4.4,17.1,0.00,0.00,0,22.93,0,2.95,0,2.95,0,22.22
4.4,17.1,0.00,0.00,0,22.93,0,2.95,0,2.95,0,22.22
4.6,17.1,0.00,0.00,0,22.93,0,2.95,0,2.95,0,22.22
4.4,17.1,0.00,0.00,0,22.93,0,2.95,0,2.95,0,22.22
4.6,17.1,0.00,0.00,0,22.93,0,2.95,0,2.95,0,22.22
4.4,17.1,0.00,0.00,0,22.93,0,2.95,0,2.95,0,22.22
4.4,17.1,0.00,0.00,0,22.93,0,2.95,0,2.95,0,22.22
4.4,17.1,0.00,0.00,0,22.93,0,2.95,0,2.95,0,22.22
4.8,17.1,0.00,0.00,0,22.93,0,2.95,0,2.95,0,22.22
4.8,17.1,0.00,0.00,0,22.93,0,2.95,0,2.95,0,22.22
4.4,17.1,0.00,0.00,0,22.93,0,2.95,0,2.95,0,22.22
4.4,17.1,0.00,0.00,0,22.93,0,2.95,0,2.95,0,22.22
4.6,17.1,0.00,0.00,0,22.93,0,2.95,0,2.95,0,22.22
4.6,17.1,0.00,0.00,0,22.93,0,2.95,0,2.95,0,22.22
4.4,17.1,0.00,0.00,0,22.93,0,2.95,0,2.95,0,22.22
4.6,17.1,0.00,0.00,0,22.93,0,2.95,0,2.95,0,22.22
4.4,17.1,0.00,0.00,0,22.93,0,2.95,0,2.95,0,22.22
4.6,17.1,0.00,0.00,0,22.93,0,2.95,0,2.95,0,22.22
4.4,17.1,0.00,0.00,0,22.93,0,2.95,0,2.95,0,22.22
4.8,17.1,0.00,0.00,0,22.93,0,2.95,0,2.95,0,22.22
4.8,17.1,0.00,0.00,0,22.93,0,2.95,0,2.95,0,22.22
4.8,17.1,0.00,0.00,0,22.93,0,2.95,0,2.95,0,22.22
4.2,17.1,0.00,0.00,0,22.93,0,2.95,0,2.95,0,22.22
4.8,17.1,0.00,0.00,0,22.93,0,2.95,0,2.95,0,22.22
4.6,17.1,0.00,0.00,0,22.93,0,2.95,0,2.95,0,22.22
4.4,17.1,0.00,0.00,0,22.93,0,2.95,0,2.95,0,22.22
4.8,17.1,0.00,0.00,0,22.93,0,2.95,0,2.95,0,22.22
4.6,17.1,0.00,0.00,0,22.93,0,2.95,0,2.95,0,22.22
4.6,17.1,0.00,0.00,0,22.93,0,2.95,0,2.95,0,22.22
4.6,17.1,0.00,0.00,0,22.93,0,2.95,0,2.95,0,22.22
4.8,17.1,0.00,0.00,0,22.93,0,2.95,0,2.95,0,22.22
4.6,17.1,0.00,0.00,0,22.93,0,2.95,0,2.95,0,22.22
4.6,17.1,0.00,0.00,0,22.93,0,2.95,0,2.95,0,22.22
5.0,17.1,0.00,0.00,0,22.93,0,2.95,0,2.95,0,22.22
4.8,17.1,0.00,0.00,0,22.93,0,2.95,0,2.95,0,22.22
4.6,17.1,0.00,0.00,0,22.93,0,2.95,0,2.95,0,22.22
4.6,17.1,0.00,0.00,0,22.93,0,2.95,0,2.95,0,22.22
5.0,17.1,0.00,0.00,0,22.93,0,2.95,0,2.95,0,22.22
4.4,17.1,0.00,0.00,0,22.93,0,2.95,0,2.95,0,22.22
4.6,17.1,0.00,0.00,0,22.93,0,2.95,0,2.95,0,22.22
4.6,17.1,0.00,0.00,0,22.93,0,2.95,0,2.95,0,22.22
4.2,17.1,0.00,0.00,0,22.93,0,2.95,0,2.95,0,22.22
4.2,17.1,0.00,0.00,0,22.93,0,2.95,0,2.95,0,22.22
4.4,17.1,0.00,0.00,0,22.93,0,2.95,0,2.95,0,22.22
4.4,17.1,0.00,0.00,0,22.93,0,2.95,0,2.95,0,22.22
4.8,17.1,0.00,0.00,0,22.93,0,2.95,0,2.95,0,22.22
4.6,17.1,0.00,0.00,0,22.93,0,2.95,0,2.95,0,22.22
4.6,17.1,0.00,0.00,0,22.93,0,2.95,0,2.95,0,22.22
4.4,17.1,0.00,0.00,0,22.93,0,2.95,0,2.95,0,22.22
4.4,17.1,0.00,0.00,0,22.93,0,2.95,0,2.95,0,22.22
4.4,17.1,0.00,0.00,0,22.93,0,2.95,0,2.95,0,22.22
4.4,17.1,0.00,0.00,0,22.93,0,2.95,0,2.95,0,22.22
4.4,17.1,0.00,0.00,0,22.93,0,2.95,0,2.95,0,22.22
4.4,17.1,0.00,0.00,0,22.93,0,2.95,0,2.95,0,22.22
4.6,17.1,0.00,0.00,0,22.93,0,2.95,0,2.95,0,22.22
4.6,17.1,0.00,0.00,0,22.93,0,2.95,0,2.95,0,22.22
4.4,17.1,0.00,0.00,0,22.93,0,2.95,0,2.95,0,22.22
5.0,17.1,0.00,0.00,0,22.93,0,2.95,0,2.95,0,22.22
4.8,17.1,0.00,0.00,0,22.93,0,2.95,0,2.95,0,22.22
4.6,17.1,0.00,0.00,0,22.93,0,2.95,0,2.95,0,22.22
4.2,17.1,0.00,0.00,0,22.93,0,2.95,0,2.95,0,22.22
4.4,17.1,0.00,0.00,0,22.93,0,2.95,0,2.95,0,22.22
4.4,17.1,0.00,0.00,0,22.93,0,2.95,0,2.95,0,22.22
4.6,17.1,0.00,0.00,0,22.93,0,2.95,0,2.95,0,22.22
4.4,17.1,0.00,0.00,0,22.93,0,2.95,0,2.95,0,22.22
4.4,17.1,0.00,0.00,0,22.93,0,2.95,0,2.95,0,22.22
4.6,17.1,0.00,0.00,0,22.93,0,2.95,0,2.95,0,22.22
4.4,17.1,0.00,0.00,0,22.93,0,2.95,0,2.95,0,22.22
4.6,17.1,0.00,0.00,0,22.93,0,2.95,0,2.95,0,22.22
4.4,17.1,0.00,0.00,0,22.93,0,2.95,0,2.95,0,22.22
4.4,17.1,0.00,0.00,0,22.93,0,2.95,0,2.95,0,22.22
4.8,17.1,0.00,0.00,0,22.93,0,2.95,0,2.95,0,22.22
4.4,17.1,0.00,0.00,0,22.93,0,2.95,0,2.95,0,22.22
4.6,17.1,0.00,0.00,0,22.93,0,2.95,0,2.95,0,22.22
4.6,17.1,0.00,0.00,0,22.93,0,2.95,0,2.95,0,22.22
5.0,17.1,0.00,0.00,0,22.93,0,2.95,0,2.95,0,22.22
4.6,17.1,0.00,0.00,0,22.93,0,2.95,0,2.95,0,22.22
4.4,17.1,0.00,0.00,0,22.93,0,2.95,0,2.95,0,22.22
4.8,17.1,0.00,0.00,0,22.93,0,2.95,0,2.95,0,22.22
4.6,17.1,0.00,0.00,0,22.93,0,2.95,0,2.95,0,22.22
4.4,17.1,0.00,0.00,0,22.93,0,2.95,0,2.95,0,22.22
4.4,17.1,0.00,0.00,0,22.93,0,2.95,0,2.95,0,22.22
4.8,17.1,0.00,0.00,0,22.93,0,2.95,0,2.95,0,22.22
4.4,17.1,0.00,0.00,0,22.93,0,2.95,0,2.95,0,22.22
4.8,17.1,0.00,0.00,0,22.93,0,2.95,0,2.95,0,22.22
4.6,17.1,0.00,0.00,0,22.93,0,2.95,0,2.95,0,22.22
4.8,17.1,0.00,0.00,0,22.93,0,2.95,0,2.95,0,22.22
4.4,17.1,0.00,0.00,0,22.93,0,2.95,0,2.95,0,22.22
4.4,17.1,0.00,0.00,0,22.93,0,2.95,0,2.95,0,22.22
4.4,17.1,0.00,0.00,0,22.93,0,2.95,0,2.95,0,22.22
4.6,17.1,0.00,0.00,0,22.93,0,2.95,0,2.95,0,22.22
4.6,17.1,0.00,0.00,0,22.93,0,2.95,0,2.95,0,22.22
4.8,17.1,0.00,0.00,0,22.93,0,2.95,0,2.95,0,22.22
4.6,17.1,0.00,0.00,0,22.93,0,2.95,0,2.95,0,22.22
4.6,17.1,0.00,0.00,0,22.93,0,2.95,0,2.95,0,22.22
4.6,17.1,0.00,0.00,0,22.93,0,2.95,0,2.95,0,22.22
4.6,17.1,0.00,0.00,0,22.93,0,2.95,0,2.95,0,22.22
5.0,17.1,0.00,0.00,0,22.93,0,2.95,0,2.95,0,22.22
4.4,17.1,0.00,0.00,0,22.93,0,2.95,0,2.95,0,22.22
4.4,17.1,0.00,0.00,0,22.93,0,2.95,0,2.95,0,22.22
4.8,17.1,0.00,0.00,0,22.93,0,2.95,0,2.95,0,22.22
4.4,17.1,0.00,0.00,0,22.93,0,2.95,0,2.95,0,22.22
4.4,17.1,0.00,0.00,0,22.93,0,2.95,0,2.95,0,22.22
4.6,17.1,0.00,0.00,0,22.93,0,2.95,0,2.95,0,22.22
4.6,17.1,0.00,0.00,0,22.93,0,2.95,0,2.95,0,22.22
4.2,17.1,0.00,0.00,0,22.93,0,2.95,0,2.95,0,22.22
4.6,17.1,0.00,0.00,0,22.93,0,2.95,0,2.95,0,22.22
4.6,17.1,0.00,0.00,0,22.93,0,2.95,0,2.95,0,22.22
4.8,17.1,0.00,0.00,0,22.93,0,2.95,0,2.95,0,22.22
4.8,17.1,0.00,0.00,0,22.93,0,2.95,0,2.95,0,22.22
4.6,17.1,0.00,0.00,0,22.93,0,2.95,0,2.95,0,22.22
4.8,17.1,0.00,0.00,0,22.93,0,2.95,0,2.95,0,22.22
4.6,17.1,0.00,0.00,0,22.93,0,2.95,0,2.95,0,22.22
4.4,17.1,0.00,0.00,0,22.93,0,2.95,0,2.95,0,22.22
4.8,17.1,0.00,0.00,0,22.93,0,2.95,0,2.95,0,22.22
4.6,17.1,0.00,0.00,0,22.93,0,2.95,0,2.95,0,22.22
4.6,17.1,0.00,0.00,0,22.93,0,2.95,0,2.95,0,22.22
4.6,17.1,0.00,0.00,0,22.93,0,2.95,0,2.95,0,22.22
4.4,17.1,0.00,0.00,0,22.93,0,2.95,0,2.95,0,22.22
4.4,17.1,0.00,0.00,0,22.93,0,2.95,0,2.95,0,22.22
4.6,17.1,0.00,0.00,0,22.93,0,2.95,0,2.95,0,22.22
4.4,17.1,0.00,0.00,0,22.93,0,2.95,0,2.95,0,22.22
4.4,17.1,0.00,0.00,0,22.93,0,2.95,0,2.95,0,22.22
4.8,17.1,0.00,0.00,0,22.93,0,2.95,0,2.95,0,22.22
4.6,17.1,0.00,0.00,0,22.93,0,2.95,0,2.95,0,22.22
4.8,17.1,0.00,0.00,0,22.93,0,2.95,0,2.95,0,22.22
4.6,17.1,0.00,0.00,0,22.93,0,2.95,0,2.95,0,22.22
4.4,17.1,0.00,0.00,0,22.93,0,2.95,0,2.95,0,22.22
4.6,17.1,0.00,0.00,0,22.93,0,2.95,0,2.95,0,22.22
4.6,17.1,0.00,0.00,0,22.93,0,2.95,0,2.95,0,22.22
4.8,17.1,0.00,0.00,0,22.93,0,2.95,0,2.95,0,22.22
4.6,17.1,0.00,0.00,0,22.93,0,2.95,0,2.95,0,22.22
4.8,17.1,0.00,0.00,0,22.93,0,2.95,0,2.95,0,22.22
4.6,17.1,0.00,0.00,0,22.93,0,2.95,0,2.95,0,22.22
4.4,17.1,0.00,0.00,0,22.93,0,2.95,0,2.95,0,22.22
4.6,17.1,0.00,0.00,0,22.93,0,2.95,0,2.95,0,22.22
4.6,17.1,0.00,0.00,0,22.93,0,2.95,0,2.95,0,22.22
4.8,17.1,0.00,0.00,0,22.93,0,2.95,0,2.95,0,22.22
4.4,17.1,0.00,0.00,0,22.93,0,2.95,0,2.95,0,22.22
4.6,17.1,0.00,0.00,0,22.93,0,2.95,0,2.95,0,22.22
4.4,17.1,0.00,0.00,0,22.93,0,2.95,0,2.95,0,22.22
4.8,17.1,0.00,0.00,0,22.93,0,2.95,0,2.95,0,22.22
4.8,17.1,0.00,0.00,0,22.93,0,2.95,0,2.95,0,22.22
4.4,17.1,0.00,0.00,0,22.93,0,2.95,0,2.95,0,22.22
4.4,17.1,0.00,0.00,0,22.93,0,2.95,0,2.95,0,22.22
4.6,17.1,0.00,0.00,0,22.93,0,2.95,0,2.95,0,22.22
4.4,17.1,0.00,0.00,0,22.93,0,2.95,0,2.95,0,22.22
4.6,17.1,0.00,0.00,0,22.93,0,2.95,0,2.95,0,22.22
4.2,17.1,0.00,0.00,0,22.93,0,2.95,0,2.95,0,22.22
4.6,17.1,0.00,0.00,0,22.93,0,2.95,0,2.95,0,22.22
4.6,17.1,0.00,0.00,0,22.93,0,2.95,0,2.95,0,22.22
4.6,17.1,0.00,0.00,0,22.93,0,2.95,0,2.95,0,22.22
4.2,17.1,0.00,0.00,0,22.93,0,2.95,0,2.95,0,22.22
4.6,17.1,0.00,0.00,0,22.93,0,2.95,0,2.95,0,22.22
4.6,17.1,0.00,0.00,0,22.93,0,2.95,0,2.95,0,22.22
4.8,17.1,0.00,0.00,0,22.93,0,2.95,0,2.95,0,22.22
4.8,17.1,0.00,0.00,0,22.93,0,2.95,0,2.95,0,22.22
4.6,17.1,0.00,0.00,0,22.93,0,2.95,0,2.95,0,22.22
4.4,17.1,0.00,0.00,0,22.93,0,2.95,0,2.95,0,22.22
4.4,17.1,0.00,0.00,0,22.93,0,2.95,0,2.95,0,22.22
4.2,17.1,0.00,0.00,0,22.93,0,2.95,0,2.95,0,22.22
4.8,17.1,0.00,0.00,0,22.93,0,2.95,0,2.95,0,22.22
4.6,17.1,0.00,0.00,0,22.93,0,2.95,0,2.95,0,22.22
4.2,17.1,0.00,0.00,0,22.93,0,2.95,0,2.95,0,22.22
4.4,17.1,0.00,0.00,0,22.93,0,2.95,0,2.95,0,22.22
4.4,17.1,0.00,0.00,0,22.93,0,2.95,0,2.95,0,22.22
4.4,17.1,0.00,0.00,0,22.93,0,2.95,0,2.95,0,22.22
4.4,17.1,0.00,0.00,0,22.93,0,2.95,0,2.95,0,22.22
4.8,17.1,0.00,0.00,0,22.93,0,2.95,0,2.95,0,22.22
4.4,17.1,0.00,0.00,0,22.93,0,2.95,0,2.95,0,22.22
4.2,17.1,0.00,0.00,0,22.93,0,2.95,0,2.95,0,22.22
4.4,17.1,0.00,0.00,0,22.93,0,2.95,0,2.95,0,22.22
4.4,17.1,0.00,0.00,0,22.93,0,2.95,0,2.95,0,22.22
4.6,17.1,0.00,0.00,0,22.93,0,2.95,0,2.95,0,22.22
4.6,17.1,0.00,0.00,0,22.93,0,2.95,0,2.95,0,22.22
5.0,17.1,0.00,0.00,0,22.93,0,2.95,0,2.95,0,22.22
4.8,17.1,0.00,0.00,0,22.93,0,2.95,0,2.95,0,22.22
4.8,17.1,0.00,0.00,0,22.93,0,2.95,0,2.95,0,22.22
4.2,17.1,0.00,0.00,0,22.93,0,2.95,0,2.95,0,22.22
4.6,17.1,0.00,0.00,0,22.93,0,2.95,0,2.95,0,22.22
4.8,17.1,0.00,0.00,0,22.93,0,2.95,0,2.95,0,22.22
4.6,17.1,0.00,0.00,0,22.93,0,2.95,0,2.95,0,22.22
4.8,17.1,0.00,0.00,0,22.93,0,2.95,0,2.95,0,22.22
4.6,17.1,0.00,0.00,0,22.93,0,2.95,0,2.95,0,22.22
4.4,17.1,0.00,0.00,0,22.93,0,2.95,0,2.95,0,22.22
4.6,17.1,0.00,0.00,0,22.93,0,2.95,0,2.95,0,22.22
4.6,17.1,0.00,0.00,0,22.93,0,2.95,0,2.95,0,22.22
4.6,17.1,0.00,0.00,0,22.93,0,2.95,0,2.95,0,22.22
4.6,17.1,0.00,0.00,0,22.93,0,2.95,0,2.95,0,22.22
4.4,17.1,0.00,0.00,0,22.93,0,2.95,0,2.95,0,22.22
4.2,17.1,0.00,0.00,0,22.93,0,2.95,0,2.95,0,22.22
4.4,17.1,0.00,0.00,0,22.93,0,2.95,0,2.95,0,22.22
4.4,17.1,0.00,0.00,0,22.93,0,2.95,0,2.95,0,22.22
4.6,17.1,0.00,0.00,0,22.93,0,2.95,0,2.95,0,22.22
4.6,17.1,0.00,0.00,0,22.93,0,2.95,0,2.95,0,22.22
4.6,17.1,0.00,0.00,0,22.93,0,2.95,0,2.95,0,22.22
4.2,17.1,0.00,0.00,0,22.93,0,2.95,0,2.95,0,22.22
4.6,17.1,0.00,0.00,0,22.93,0,2.95,0,2.95,0,22.22
4.2,17.1,0.00,0.00,0,22.93,0,2.95,0,2.95,0,22.22
4.8,17.1,0.00,0.00,0,22.93,0,2.95,0,2.95,0,22.22
4.6,17.1,0.00,0.00,0,22.93,0,2.95,0,2.95,0,22.22
5.4,17.1,0.00,0.00,0,22.93,0,2.95,0,2.95,0,22.22
4.4,17.1,0.00,0.00,0,22.93,0,2.95,0,2.95,0,22.22
4.6,17.1,0.00,0.00,0,22.93,0,2.95,0,2.95,0,22.22
4.8,17.1,0.00,0.00,0,22.93,0,2.95,0,2.95,0,22.22
4.6,17.1,0.00,0.00,0,22.93,0,2.95,0,2.95,0,22.22
4.4,17.1,0.00,0.00,0,22.93,0,2.95,0,2.95,0,22.22
4.4,17.1,0.00,0.00,0,22.93,0,2.95,0,2.95,0,22.22
4.8,17.1,0.00,0.00,0,22.93,0,2.95,0,2.95,0,22.22
4.4,17.1,0.00,0.00,0,22.93,0,2.95,0,2.95,0,22.22
4.4,17.1,0.00,0.00,0,22.93,0,2.95,0,2.95,0,22.22
4.6,17.1,0.00,0.00,0,22.93,0,2.95,0,2.95,0,22.22
4.6,17.1,0.00,0.00,0,22.93,0,2.95,0,2.95,0,22.22
4.8,17.1,0.00,0.00,0,22.93,0,2.95,0,2.95,0,22.22
4.4,17.1,0.00,0.00,0,22.93,0,2.95,0,2.95,0,22.22
5.0,17.1,0.00,0.00,0,22.93,0,2.95,0,2.95,0,22.22
4.2,17.1,0.00,0.00,0,22.93,0,2.95,0,2.95,0,22.22
4.4,17.1,0.00,0.00,0,22.93,0,2.95,0,2.95,0,22.22
4.2,17.1,0.00,0.00,0,22.93,0,2.95,0,2.95,0,22.22
4.8,17.1,0.00,0.00,0,22.93,0,2.95,0,2.95,0,22.22
4.6,17.1,0.00,0.00,0,22.93,0,2.95,0,2.95,0,22.22
4.4,17.1,0.00,0.00,0,22.93,0,2.95,0,2.95,0,22.22
4.6,17.1,0.00,0.00,0,22.93,0,2.95,0,2.95,0,22.22
4.6,17.1,0.00,0.00,0,22.93,0,2.95,0,2.95,0,22.22
4.4,17.1,0.00,0.00,0,22.93,0,2.95,0,2.95,0,22.22
4.8,17.1,0.00,0.00,0,22.93,0,2.95,0,2.95,0,22.22
4.6,17.1,0.00,0.00,0,22.93,0,2.95,0,2.95,0,22.22
4.6,17.1,0.00,0.00,0,22.93,0,2.95,0,2.95,0,22.22
4.8,17.1,0.00,0.00,0,22.93,0,2.95,0,2.95,0,22.22
4.4,17.1,0.00,0.00,0,22.93,0,2.95,0,2.95,0,22.22
4.4,17.1,0.00,0.00,0,22.93,0,2.95,0,2.95,0,22.22
4.8,17.1,0.00,0.00,0,22.93,0,2.95,0,2.95,0,22.22
4.6,17.1,0.00,0.00,0,22.93,0,2.95,0,2.95,0,22.22
4.6,17.1,0.00,0.00,0,22.93,0,2.95,0,2.95,0,22.22
4.2,17.1,0.00,0.00,0,22.93,0,2.95,0,2.95,0,22.22
4.6,17.1,0.00,0.00,0,22.93,0,2.95,0,2.95,0,22.22
4.6,17.1,0.00,0.00,0,22.93,0,2.95,0,2.95,0,22.22
5.0,17.1,0.00,0.00,0,22.93,0,2.95,0,2.95,0,22.22
4.6,17.1,0.00,0.00,0,22.93,0,2.95,0,2.95,0,22.22
4.6,17.1,0.00,0.00,0,22.93,0,2.95,0,2.95,0,22.22
4.6,17.1,0.00,0.00,0,22.93,0,2.95,0,2.95,0,22.22
4.2,17.1,0.00,0.00,0,22.93,0,2.95,0,2.95,0,22.22
4.8,17.1,0.00,0.00,0,22.93,0,2.95,0,2.95,0,22.22
4.6,17.1,0.00,0.00,0,22.93,0,2.95,0,2.95,0,22.22
4.4,17.1,0.00,0.00,0,22.93,0,2.95,0,2.95,0,22.22
4.2,17.1,0.00,0.00,0,22.93,0,2.95,0,2.95,0,22.22
4.8,17.1,0.00,0.00,0,22.93,0,2.95,0,2.95,0,22.22
4.4,17.1,0.00,0.00,0,22.93,0,2.95,0,2.95,0,22.22
4.8,17.1,0.00,0.00,0,22.93,0,2.95,0,2.95,0,22.22
4.4,17.1,0.00,0.00,0,22.93,0,2.95,0,2.95,0,22.22
4.4,17.1,0.00,0.00,0,22.93,0,2.95,0,2.95,0,22.22
4.8,17.1,0.00,0.00,0,22.93,0,2.95,0,2.95,0,22.22
4.6,17.1,0.00,0.00,0,22.93,0,2.95,0,2.95,0,22.22
4.6,17.1,0.00,0.00,0,22.93,0,2.95,0,2.95,0,22.22
4.8,17.1,0.00,0.00,0,22.93,0,2.95,0,2.95,0,22.22
4.6,17.1,0.00,0.00,0,22.93,0,2.95,0,2.95,0,22.22
4.4,17.1,0.00,0.00,0,22.93,0,2.95,0,2.95,0,22.22
4.8,17.1,0.00,0.00,0,22.93,0,2.95,0,2.95,0,22.22
4.6,17.1,0.00,0.00,0,22.93,0,2.95,0,2.95,0,22.22
4.4,17.1,0.00,0.00,0,22.93,0,2.95,0,2.95,0,22.22
4.6,17.1,0.00,0.00,0,22.93,0,2.95,0,2.95,0,22.22
4.6,17.1,0.00,0.00,0,22.93,0,2.95,0,2.95,0,22.22
4.6,17.1,0.00,0.00,0,22.93,0,2.95,0,2.95,0,22.22
4.6,17.1,0.00,0.00,0,22.93,0,2.95,0,2.95,0,22.22
4.6,17.1,0.00,0.00,0,22.93,0,2.95,0,2.95,0,22.22
4.8,17.1,0.00,0.00,0,22.93,0,2.95,0,2.95,0,22.22
4.4,17.1,0.00,0.00,0,22.93,0,2.95,0,2.95,0,22.22
4.8,17.1,0.00,0.00,0,22.93,0,2.95,0,2.95,0,22.22
4.8,17.1,0.00,0.00,0,22.93,0,2.95,0,2.95,0,22.22
4.8,17.1,0.00,0.00,0,22.93,0,2.95,0,2.95,0,22.22
4.6,17.1,0.00,0.00,0,22.93,0,2.95,0,2.95,0,22.22
4.2,17.1,0.00,0.00,0,22.93,0,2.95,0,2.95,0,22.22
4.4,17.1,0.00,0.00,0,22.93,0,2.95,0,2.95,0,22.22
4.6,17.1,0.00,0.00,0,22.93,0,2.95,0,2.95,0,22.22
4.8,17.1,0.00,0.00,0,22.93,0,2.95,0,2.95,0,22.22
4.8,17.1,0.00,0.00,0,22.93,0,2.95,0,2.95,0,22.22
4.6,17.1,0.00,0.00,0,22.93,0,2.95,0,2.95,0,22.22
4.4,17.1,0.00,0.00,0,22.93,0,2.95,0,2.95,0,22.22
4.4,17.1,0.00,0.00,0,22.93,0,2.95,0,2.95,0,22.22
4.2,17.1,0.00,0.00,0,22.93,0,2.95,0,2.95,0,22.22
4.6,17.1,0.00,0.00,0,22.93,0,2.95,0,2.95,0,22.22
4.2,17.1,0.00,0.00,0,22.93,0,2.95,0,2.95,0,22.22
4.4,17.1,0.00,0.00,0,22.93,0,2.95,0,2.95,0,22.22
4.8,17.1,0.00,0.00,0,22.93,0,2.95,0,2.95,0,22.22
4.8,17.1,0.00,0.00,0,22.93,0,2.95,0,2.95,0,22.22
4.6,17.1,0.00,0.00,0,22.93,0,2.95,0,2.95,0,22.22
4.2,17.1,0.00,0.00,0,22.93,0,2.95,0,2.95,0,22.22
4.6,17.1,0.00,0.00,0,22.93,0,2.95,0,2.95,0,22.22
4.4,17.1,0.00,0.00,0,22.93,0,2.95,0,2.95,0,22.22
4.8,17.1,0.00,0.00,0,22.93,0,2.95,0,2.95,0,22.22
4.6,17.1,0.00,0.00,0,22.93,0,2.95,0,2.95,0,22.22
4.6,17.1,0.00,0.00,0,22.93,0,2.95,0,2.95,0,22.22
4.2,17.1,0.00,0.00,0,22.93,0,2.95,0,2.95,0,22.22
4.8,17.1,0.00,0.00,0,22.93,0,2.95,0,2.95,0,22.22
4.2,17.1,0.00,0.00,0,22.93,0,2.95,0,2.95,0,22.22
4.4,17.1,0.00,0.00,0,22.93,0,2.95,0,2.95,0,22.22
5.2,17.1,0.00,0.00,0,22.93,0,2.95,0,2.95,0,22.22
4.2,17.1,0.00,0.00,0,22.93,0,2.95,0,2.95,0,22.22
4.4,17.1,0.00,0.00,0,22.93,0,2.95,0,2.95,0,22.22
4.4,17.1,0.00,0.00,0,22.93,0,2.95,0,2.95,0,22.22
4.4,17.1,0.00,0.00,0,22.93,0,2.95,0,2.95,0,22.22
5.2,17.1,0.00,0.00,0,22.93,0,2.95,0,2.95,0,22.22
4.6,17.1,0.00,0.00,0,22.93,0,2.95,0,2.95,0,22.22
4.8,17.1,0.00,0.00,0,22.93,0,2.95,0,2.95,0,22.22
4.4,17.1,0.00,0.00,0,22.93,0,2.95,0,2.95,0,22.22
5.0,17.1,0.00,0.00,0,22.93,0,2.95,0,2.95,0,22.22
4.2,17.1,0.00,0.00,0,22.93,0,2.95,0,2.95,0,22.22
4.4,17.1,0.00,0.00,0,22.93,0,2.95,0,2.95,0,22.22
4.6,17.1,0.00,0.00,0,22.93,0,2.95,0,2.95,0,22.22
4.4,17.1,0.00,0.00,0,22.93,0,2.95,0,2.95,0,22.22
4.6,17.1,0.00,0.00,0,22.93,0,2.95,0,2.95,0,22.22
4.6,17.1,0.00,0.00,0,22.93,0,2.95,0,2.95,0,22.22
4.6,17.1,0.00,0.00,0,22.93,0,2.95,0,2.95,0,22.22
4.8,17.1,0.00,0.00,0,22.93,0,2.95,0,2.95,0,22.22
4.8,17.1,0.00,0.00,0,22.93,0,2.95,0,2.95,0,22.22
4.8,17.1,0.00,0.00,0,22.93,0,2.95,0,2.95,0,22.22
4.4,17.1,0.00,0.00,0,22.93,0,2.95,0,2.95,0,22.22
4.2,17.1,0.00,0.00,0,22.93,0,2.95,0,2.95,0,22.22
4.4,17.1,0.00,0.00,0,22.93,0,2.95,0,2.95,0,22.22
4.8,17.1,0.00,0.00,0,22.93,0,2.95,0,2.95,0,22.22
4.4,17.1,0.00,0.00,0,22.93,0,2.95,0,2.95,0,22.22
4.6,17.1,0.00,0.00,0,22.93,0,2.95,0,2.95,0,22.22
4.8,17.1,0.00,0.00,0,22.93,0,2.95,0,2.95,0,22.22
4.8,17.1,0.00,0.00,0,22.93,0,2.95,0,2.95,0,22.22
4.6,17.1,0.00,0.00,0,22.93,0,2.95,0,2.95,0,22.22
4.6,17.1,0.00,0.00,0,22.93,0,2.95,0,2.95,0,22.22
4.4,17.1,0.00,0.00,0,22.93,0,2.95,0,2.95,0,22.22
4.6,17.1,0.00,0.00,0,22.93,0,2.95,0,2.95,0,22.22
4.8,17.1,0.00,0.00,0,22.93,0,2.95,0,2.95,0,22.22
4.6,17.1,0.00,0.00,0,22.93,0,2.95,0,2.95,0,22.22
4.2,17.1,0.00,0.00,0,22.93,0,2.95,0,2.95,0,22.22
4.8,17.1,0.00,0.00,0,22.93,0,2.95,0,2.95,0,22.22
4.6,17.1,0.00,0.00,0,22.93,0,2.95,0,2.95,0,22.22
4.2,17.1,0.00,0.00,0,22.93,0,2.95,0,2.95,0,22.22
5.0,17.1,0.00,0.00,0,22.93,0,2.95,0,2.95,0,22.22
4.4,17.1,0.00,0.00,0,22.93,0,2.95,0,2.95,0,22.22
4.4,17.1,0.00,0.00,0,22.93,0,2.95,0,2.95,0,22.22
4.6,17.1,0.00,0.00,0,22.93,0,2.95,0,2.95,0,22.22
4.4,17.1,0.00,0.00,0,22.93,0,2.95,0,2.95,0,22.22
4.6,17.1,0.00,0.00,0,22.93,0,2.95,0,2.95,0,22.22
4.2,17.1,0.00,0.00,0,22.93,0,2.95,0,2.95,0,22.22
4.4,17.1,0.00,0.00,0,22.93,0,2.95,0,2.95,0,22.22
4.4,17.1,0.00,0.00,0,22.93,0,2.95,0,2.95,0,22.22
4.6,17.1,0.00,0.00,0,22.93,0,2.95,0,2.95,0,22.22
4.4,17.1,0.00,0.00,0,22.93,0,2.95,0,2.95,0,22.22
4.6,17.1,0.00,0.00,0,22.93,0,2.95,0,2.95,0,22.22
4.6,17.1,0.00,0.00,0,22.93,0,2.95,0,2.95,0,22.22
4.6,17.1,0.00,0.00,0,22.93,0,2.95,0,2.95,0,22.22
4.6,17.1,0.00,0.00,0,22.93,0,2.95,0,2.95,0,22.22
4.6,17.1,0.00,0.00,0,22.93,0,2.95,0,2.95,0,22.22
4.6,17.1,0.00,0.00,0,22.93,0,2.95,0,2.95,0,22.22
4.6,17.1,0.00,0.00,0,22.93,0,2.95,0,2.95,0,22.22
4.4,17.1,0.00,0.00,0,22.93,0,2.95,0,2.95,0,22.22
4.6,17.1,0.00,0.00,0,22.93,0,2.95,0,2.95,0,22.22
4.6,17.1,0.00,0.00,0,22.93,0,2.95,0,2.95,0,22.22
4.8,17.1,0.00,0.00,0,22.93,0,2.95,0,2.95,0,22.22
4.6,17.1,0.00,0.00,0,22.93,0,2.95,0,2.95,0,22.22
4.2,17.1,0.00,0.00,0,22.93,0,2.95,0,2.95,0,22.22
4.4,17.1,0.00,0.00,0,22.93,0,2.95,0,2.95,0,22.22
4.4,17.1,0.00,0.00,0,22.93,0,2.95,0,2.95,0,22.22
4.6,17.1,0.00,0.00,0,22.93,0,2.95,0,2.95,0,22.22
4.8,17.1,0.00,0.00,0,22.93,0,2.95,0,2.95,0,22.22
4.6,17.1,0.00,0.00,0,22.93,0,2.95,0,2.95,0,22.22
4.6,17.1,0.00,0.00,0,22.93,0,2.95,0,2.95,0,22.22
4.6,17.1,0.00,0.00,0,22.93,0,2.95,0,2.95,0,22.22
4.2,17.1,0.00,0.00,0,22.93,0,2.95,0,2.95,0,22.22
4.8,17.1,0.00,0.00,0,22.93,0,2.95,0,2.95,0,22.22
4.6,17.1,0.00,0.00,0,22.93,0,2.95,0,2.95,0,22.22
5.0,17.1,0.00,0.00,0,22.93,0,2.95,0,2.95,0,22.22
4.4,17.1,0.00,0.00,0,22.93,0,2.95,0,2.95,0,22.22
4.2,17.1,0.00,0.00,0,22.93,0,2.95,0,2.95,0,22.22
4.2,17.1,0.00,0.00,0,22.93,0,2.95,0,2.95,0,22.22
4.6,17.1,0.00,0.00,0,22.93,0,2.95,0,2.95,0,22.22
4.6,17.1,0.00,0.00,0,22.93,0,2.95,0,2.95,0,22.22
4.6,17.1,0.00,0.00,0,22.93,0,2.95,0,2.95,0,22.22
4.6,17.1,0.00,0.00,0,22.93,0,2.95,0,2.95,0,22.22
4.6,17.1,0.00,0.00,0,22.93,0,2.95,0,2.95,0,22.22
4.6,17.1,0.00,0.00,0,22.93,0,2.95,0,2.95,0,22.22
4.6,17.1,0.00,0.00,0,22.93,0,2.95,0,2.95,0,22.22
4.6,17.1,0.00,0.00,0,22.93,0,2.95,0,2.95,0,22.22
4.4,17.1,0.00,0.00,0,22.93,0,2.95,0,2.95,0,22.22
4.8,17.1,0.00,0.00,0,22.93,0,2.95,0,2.95,0,22.22
4.8,17.1,0.00,0.00,0,22.93,0,2.95,0,2.95,0,22.22
4.4,17.1,0.00,0.00,0,22.93,0,2.95,0,2.95,0,22.22
4.8,17.1,0.00,0.00,0,22.93,0,2.95,0,2.95,0,22.22
4.6,17.1,0.00,0.00,0,22.93,0,2.95,0,2.95,0,22.22
4.4,17.1,0.00,0.00,0,22.93,0,2.95,0,2.95,0,22.22
4.4,17.1,0.00,0.00,0,22.93,0,2.95,0,2.95,0,22.22
4.8,17.1,0.00,0.00,0,22.93,0,2.95,0,2.95,0,22.22
4.4,17.1,0.00,0.00,0,22.93,0,2.95,0,2.95,0,22.22
4.6,17.1,0.00,0.00,0,22.93,0,2.95,0,2.95,0,22.22
4.6,17.1,0.00,0.00,0,22.93,0,2.95,0,2.95,0,22.22
4.4,17.1,0.00,0.00,0,22.93,0,2.95,0,2.95,0,22.22
4.8,17.1,0.00,0.00,0,22.93,0,2.95,0,2.95,0,22.22
4.4,17.1,0.00,0.00,0,22.93,0,2.95,0,2.95,0,22.22
4.8,17.1,0.00,0.00,0,22.93,0,2.95,0,2.95,0,22.22
4.6,17.1,0.00,0.00,0,22.93,0,2.95,0,2.95,0,22.22
4.6,17.1,0.00,0.00,0,22.93,0,2.95,0,2.95,0,22.22
4.8,17.1,0.00,0.00,0,22.93,0,2.95,0,2.95,0,22.22
4.4,17.1,0.00,0.00,0,22.93,0,2.95,0,2.95,0,22.22
4.4,17.1,0.00,0.00,0,22.93,0,2.95,0,2.95,0,22.22
4.8,17.1,0.00,0.00,0,22.93,0,2.95,0,2.95,0,22.22
4.6,17.1,0.00,0.00,0,22.93,0,2.95,0,2.95,0,22.22
4.4,17.1,0.00,0.00,0,22.93,0,2.95,0,2.95,0,22.22
4.6,17.1,0.00,0.00,0,22.93,0,2.95,0,2.95,0,22.22
4.6,17.1,0.00,0.00,0,22.93,0,2.95,0,2.95,0,22.22
4.2,17.1,0.00,0.00,0,22.93,0,2.95,0,2.95,0,22.22
5.0,17.1,0.00,0.00,0,22.93,0,2.95,0,2.95,0,22.22
4.6,17.1,0.00,0.00,0,22.93,0,2.95,0,2.95,0,22.22
4.4,17.1,0.00,0.00,0,22.93,0,2.95,0,2.95,0,22.22
4.2,17.1,0.00,0.00,0,22.93,0,2.95,0,2.95,0,22.22
4.6,17.1,0.00,0.00,0,22.93,0,2.95,0,2.95,0,22.22
4.4,17.1,0.00,0.00,0,22.93,0,2.95,0,2.95,0,22.22
4.6,17.1,0.00,0.00,0,22.93,0,2.95,0,2.95,0,22.22
4.6,17.1,0.00,0.00,0,22.93,0,2.95,0,2.95,0,22.22
4.6,17.1,0.00,0.00,0,22.93,0,2.95,0,2.95,0,22.22
4.4,17.1,0.00,0.00,0,22.93,0,2.95,0,2.95,0,22.22
4.4,17.1,0.00,0.00,0,22.93,0,2.95,0,2.95,0,22.22
4.6,17.1,0.00,0.00,0,22.93,0,2.95,0,2.95,0,22.22
4.6,17.1,0.00,0.00,0,22.93,0,2.95,0,2.95,0,22.22
4.4,17.1,0.00,0.00,0,22.93,0,2.95,0,2.95,0,22.22
4.6,17.1,0.00,0.00,0,22.93,0,2.95,0,2.95,0,22.22
4.8,17.1,0.00,0.00,0,22.93,0,2.95,0,2.95,0,22.22
4.6,17.1,0.00,0.00,0,22.93,0,2.95,0,2.95,0,22.22
4.6,17.1,0.00,0.00,0,22.93,0,2.95,0,2.95,0,22.22
4.4,17.1,0.00,0.00,0,22.93,0,2.95,0,2.95,0,22.22
4.6,17.1,0.00,0.00,0,22.93,0,2.95,0,2.95,0,22.22
4.6,17.1,0.00,0.00,0,22.93,0,2.95,0,2.95,0,22.22
5.0,17.1,0.00,0.00,0,22.93,0,2.95,0,2.95,0,22.22
4.6,17.1,0.00,0.00,0,22.93,0,2.95,0,2.95,0,22.22
4.6,17.1,0.00,0.00,0,22.93,0,2.95,0,2.95,0,22.22
4.6,17.1,0.00,0.00,0,22.93,0,2.95,0,2.95,0,22.22
4.6,17.1,0.00,0.00,0,22.93,0,2.95,0,2.95,0,22.22
4.6,17.1,0.00,0.00,0,22.93,0,2.95,0,2.95,0,22.22
4.2,17.1,0.00,0.00,0,22.93,0,2.95,0,2.95,0,22.22
4.8,17.1,0.00,0.00,0,22.93,0,2.95,0,2.95,0,22.22
4.8,17.1,0.00,0.00,0,22.93,0,2.95,0,2.95,0,22.22
4.4,17.1,0.00,0.00,0,22.93,0,2.95,0,2.95,0,22.22
4.6,17.1,0.00,0.00,0,22.93,0,2.95,0,2.95,0,22.22
4.6,17.1,0.00,0.00,0,22.93,0,2.95,0,2.95,0,22.22
5.0,17.1,0.00,0.00,0,22.93,0,2.95,0,2.95,0,22.22
4.6,17.1,0.00,0.00,0,22.93,0,2.95,0,2.95,0,22.22
4.6,17.1,0.00,0.00,0,22.93,0,2.95,0,2.95,0,22.22
4.2,17.1,0.00,0.00,0,22.93,0,2.95,0,2.95,0,22.22
4.6,17.1,0.00,0.00,0,22.93,0,2.95,0,2.95,0,22.22
4.8,17.1,0.00,0.00,0,22.93,0,2.95,0,2.95,0,22.22
4.6,17.1,0.00,0.00,0,22.93,0,2.95,0,2.95,0,22.22
4.8,17.1,0.00,0.00,0,22.93,0,2.95,0,2.95,0,22.22
4.6,17.1,0.00,0.00,0,22.93,0,2.95,0,2.95,0,22.22
5.2,17.1,0.00,0.00,0,22.93,0,2.95,0,2.95,0,22.22
4.4,17.1,0.00,0.00,0,22.93,0,2.95,0,2.95,0,22.22
4.6,17.1,0.00,0.00,0,22.93,0,2.95,0,2.95,0,22.22
4.4,17.1,0.00,0.00,0,22.93,0,2.95,0,2.95,0,22.22
4.4,17.1,0.00,0.00,0,22.93,0,2.95,0,2.95,0,22.22
4.4,17.1,0.00,0.00,0,22.93,0,2.95,0,2.95,0,22.22
4.4,17.1,0.00,0.00,0,22.93,0,2.95,0,2.95,0,22.22
4.6,17.1,0.00,0.00,0,22.93,0,2.95,0,2.95,0,22.22
4.6,17.1,0.00,0.00,0,22.93,0,2.95,0,2.95,0,22.22
4.6,17.1,0.00,0.00,0,22.93,0,2.95,0,2.95,0,22.22
4.6,17.1,0.00,0.00,0,22.93,0,2.95,0,2.95,0,22.22
4.4,17.1,0.00,0.00,0,22.93,0,2.95,0,2.95,0,22.22
4.6,17.1,0.00,0.00,0,22.93,0,2.95,0,2.95,0,22.22
4.4,17.1,0.00,0.00,0,22.93,0,2.95,0,2.95,0,22.22
4.8,17.1,0.00,0.00,0,22.93,0,2.95,0,2.95,0,22.22
4.6,17.1,0.00,0.00,0,22.93,0,2.95,0,2.95,0,22.22
4.6,17.1,0.00,0.00,0,22.93,0,2.95,0,2.95,0,22.22
4.6,17.1,0.00,0.00,0,22.93,0,2.95,0,2.95,0,22.22
4.6,17.1,0.00,0.00,0,22.93,0,2.95,0,2.95,0,22.22
4.4,17.1,0.00,0.00,0,22.93,0,2.95,0,2.95,0,22.22
5.0,17.1,0.00,0.00,0,22.93,0,2.95,0,2.95,0,22.22
4.6,17.1,0.00,0.00,0,22.93,0,2.95,0,2.95,0,22.22
4.6,17.1,0.00,0.00,0,22.93,0,2.95,0,2.95,0,22.22
4.6,17.1,0.00,0.00,0,22.93,0,2.95,0,2.95,0,22.22
4.6,17.1,0.00,0.00,0,22.93,0,2.95,0,2.95,0,22.22
4.6,17.1,0.00,0.00,0,22.93,0,2.95,0,2.95,0,22.22
4.4,17.1,0.00,0.00,0,22.93,0,2.95,0,2.95,0,22.22
4.8,17.1,0.00,0.00,0,22.93,0,2.95,0,2.95,0,22.22
4.2,17.1,0.00,0.00,0,22.93,0,2.95,0,2.95,0,22.22
4.8,17.1,0.00,0.00,0,22.93,0,2.95,0,2.95,0,22.22
4.6,17.1,0.00,0.00,0,22.93,0,2.95,0,2.95,0,22.22
4.6,17.1,0.00,0.00,0,22.93,0,2.95,0,2.95,0,22.22
4.6,17.1,0.00,0.00,0,22.93,0,2.95,0,2.95,0,22.22
4.4,17.1,0.00,0.00,0,22.93,0,2.95,0,2.95,0,22.22
4.6,17.1,0.00,0.00,0,22.93,0,2.95,0,2.95,0,22.22
4.6,17.1,0.00,0.00,0,22.93,0,2.95,0,2.95,0,22.22
4.6,17.1,0.00,0.00,0,22.93,0,2.95,0,2.95,0,22.22
4.2,17.1,0.00,0.00,0,22.93,0,2.95,0,2.95,0,22.22
4.4,17.1,0.00,0.00,0,22.93,0,2.95,0,2.95,0,22.22
4.6,17.1,0.00,0.00,0,22.93,0,2.95,0,2.95,0,22.22
4.6,17.1,0.00,0.00,0,22.93,0,2.95,0,2.95,0,22.22
4.4,17.1,0.00,0.00,0,22.93,0,2.95,0,2.95,0,22.22
4.8,17.1,0.00,0.00,0,22.93,0,2.95,0,2.95,0,22.22
4.6,17.1,0.00,0.00,0,22.93,0,2.95,0,2.95,0,22.22
4.6,17.1,0.00,0.00,0,22.93,0,2.95,0,2.95,0,22.22
4.2,17.1,0.00,0.00,0,22.93,0,2.95,0,2.95,0,22.22
4.4,17.1,0.00,0.00,0,22.93,0,2.95,0,2.95,0,22.22
4.6,17.1,0.00,0.00,0,22.93,0,2.95,0,2.95,0,22.22
4.8,17.1,0.00,0.00,0,22.93,0,2.95,0,2.95,0,22.22
4.6,17.1,0.00,0.00,0,22.93,0,2.95,0,2.95,0,22.22
4.8,17.1,0.00,0.00,0,22.93,0,2.95,0,2.95,0,22.22
4.6,17.1,0.00,0.00,0,22.93,0,2.95,0,2.95,0,22.22
5.0,17.1,0.00,0.00,0,22.93,0,2.95,0,2.95,0,22.22
4.8,17.1,0.00,0.00,0,22.93,0,2.95,0,2.95,0,22.22
4.6,17.1,0.00,0.00,0,22.93,0,2.95,0,2.95,0,22.22
4.8,17.1,0.00,0.00,0,22.93,0,2.95,0,2.95,0,22.22
4.6,17.1,0.00,0.00,0,22.93,0,2.95,0,2.95,0,22.22
4.4,17.1,0.00,0.00,0,22.93,0,2.95,0,2.95,0,22.22
4.6,17.1,0.00,0.00,0,22.93,0,2.95,0,2.95,0,22.22
4.8,17.1,0.00,0.00,0,22.93,0,2.95,0,2.95,0,22.22
4.6,17.1,0.00,0.00,0,22.93,0,2.95,0,2.95,0,22.22
4.4,17.1,0.00,0.00,0,22.93,0,2.95,0,2.95,0,22.22
4.2,17.1,0.00,0.00,0,22.93,0,2.95,0,2.95,0,22.22
4.4,17.1,0.00,0.00,0,22.93,0,2.95,0,2.95,0,22.22
4.4,17.1,0.00,0.00,0,22.93,0,2.95,0,2.95,0,22.22
4.6,17.1,0.00,0.00,0,22.93,0,2.95,0,2.95,0,22.22
4.8,17.1,0.00,0.00,0,22.93,0,2.95,0,2.95,0,22.22
4.2,17.1,0.00,0.00,0,22.93,0,2.95,0,2.95,0,22.22
4.6,17.1,0.00,0.00,0,22.93,0,2.95,0,2.95,0,22.22
4.8,17.1,0.00,0.00,0,22.93,0,2.95,0,2.95,0,22.22
4.6,17.1,0.00,0.00,0,22.93,0,2.95,0,2.95,0,22.22
5.0,17.1,0.00,0.00,0,22.93,0,2.95,0,2.95,0,22.22
4.4,17.1,0.00,0.00,0,22.93,0,2.95,0,2.95,0,22.22
4.4,17.1,0.00,0.00,0,22.93,0,2.95,0,2.95,0,22.22
4.4,17.1,0.00,0.00,0,22.93,0,2.95,0,2.95,0,22.22
4.6,17.1,0.00,0.00,0,22.93,0,2.95,0,2.95,0,22.22
4.2,17.1,0.00,0.00,0,22.93,0,2.95,0,2.95,0,22.22
5.4,17.1,0.00,0.00,0,22.93,0,2.95,0,2.95,0,22.22
4.6,17.1,0.00,0.00,0,22.93,0,2.95,0,2.95,0,22.22
4.6,17.1,0.00,0.00,0,22.93,0,2.95,0,2.95,0,22.22
4.4,17.1,0.00,0.00,0,22.93,0,2.95,0,2.95,0,22.22
4.6,17.1,0.00,0.00,0,22.93,0,2.95,0,2.95,0,22.22
4.4,17.1,0.00,0.00,0,22.93,0,2.95,0,2.95,0,22.22
4.4,17.1,0.00,0.00,0,22.93,0,2.95,0,2.95,0,22.22
4.8,17.1,0.00,0.00,0,22.93,0,2.95,0,2.95,0,22.22
4.6,17.1,0.00,0.00,0,22.93,0,2.95,0,2.95,0,22.22
5.0,17.1,0.00,0.00,0,22.93,0,2.95,0,2.95,0,22.22
4.6,17.1,0.00,0.00,0,22.93,0,2.95,0,2.95,0,22.22
4.4,17.1,0.00,0.00,0,22.93,0,2.95,0,2.95,0,22.22
4.2,17.1,0.00,0.00,0,22.93,0,2.95,0,2.95,0,22.22
4.4,17.1,0.00,0.00,0,22.93,0,2.95,0,2.95,0,22.22
4.8,17.1,0.00,0.00,0,22.93,0,2.95,0,2.95,0,22.22
4.6,17.1,0.00,0.00,0,22.93,0,2.95,0,2.95,0,22.22
4.6,17.1,0.00,0.00,0,22.93,0,2.95,0,2.95,0,22.22
4.4,17.1,0.00,0.00,0,22.93,0,2.95,0,2.95,0,22.22
4.4,17.1,0.00,0.00,0,22.93,0,2.95,0,2.95,0,22.22
4.6,17.1,0.00,0.00,0,22.93,0,2.95,0,2.95,0,22.22
4.8,17.1,0.00,0.00,0,22.93,0,2.95,0,2.95,0,22.22
4.8,17.1,0.00,0.00,0,22.93,0,2.95,0,2.95,0,22.22
4.8,17.1,0.00,0.00,0,22.93,0,2.95,0,2.95,0,22.22
4.8,17.1,0.00,0.00,0,22.93,0,2.95,0,2.95,0,22.22
4.8,17.1,0.00,0.00,0,22.93,0,2.95,0,2.95,0,22.22
4.8,17.1,0.00,0.00,0,22.93,0,2.95,0,2.95,0,22.22
4.8,17.1,0.00,0.00,0,22.93,0,2.95,0,2.95,0,22.22
4.4,17.1,0.00,0.00,0,22.93,0,2.95,0,2.95,0,22.22
4.8,17.1,0.00,0.00,0,22.93,0,2.95,0,2.95,0,22.22
4.4,17.1,0.00,0.00,0,22.93,0,2.95,0,2.95,0,22.22
4.4,17.1,0.00,0.00,0,22.93,0,2.95,0,2.95,0,22.22
4.4,17.1,0.00,0.00,0,22.93,0,2.95,0,2.95,0,22.22
4.6,17.1,0.00,0.00,0,22.93,0,2.95,0,2.95,0,22.22
4.4,17.1,0.00,0.00,0,22.93,0,2.95,0,2.95,0,22.22
4.6,17.1,0.00,0.00,0,22.93,0,2.95,0,2.95,0,22.22
4.4,17.1,0.00,0.00,0,22.93,0,2.95,0,2.95,0,22.22
4.4,17.1,0.00,0.00,0,22.93,0,2.95,0,2.95,0,22.22
4.8,17.1,0.00,0.00,0,22.93,0,2.95,0,2.95,0,22.22
4.6,17.1,0.00,0.00,0,22.93,0,2.95,0,2.95,0,22.22
4.6,17.1,0.00,0.00,0,22.93,0,2.95,0,2.95,0,22.22
5.0,17.1,0.00,0.00,0,22.93,0,2.95,0,2.95,0,22.22
4.4,17.1,0.00,0.00,0,22.93,0,2.95,0,2.95,0,22.22
4.6,17.1,0.00,0.00,0,22.93,0,2.95,0,2.95,0,22.22
4.6,17.1,0.00,0.00,0,22.93,0,2.95,0,2.95,0,22.22
4.6,17.1,0.00,0.00,0,22.93,0,2.95,0,2.95,0,22.22
5.0,17.1,0.00,0.00,0,22.93,0,2.95,0,2.95,0,22.22
4.6,17.1,0.00,0.00,0,22.93,0,2.95,0,2.95,0,22.22
4.6,17.1,0.00,0.00,0,22.93,0,2.95,0,2.95,0,22.22
4.6,17.1,0.00,0.00,0,22.93,0,2.95,0,2.95,0,22.22
5.0,17.1,0.00,0.00,0,22.93,0,2.95,0,2.95,0,22.22
4.6,17.1,0.00,0.00,0,22.93,0,2.95,0,2.95,0,22.22
4.6,17.1,0.00,0.00,0,22.93,0,2.95,0,2.95,0,22.22
4.8,17.1,0.00,0.00,0,22.93,0,2.95,0,2.95,0,22.22
4.6,17.1,0.00,0.00,0,22.93,0,2.95,0,2.95,0,22.22
4.4,17.1,0.00,0.00,0,22.93,0,2.95,0,2.95,0,22.22
4.6,17.1,0.00,0.00,0,22.93,0,2.95,0,2.95,0,22.22
4.4,17.1,0.00,0.00,0,22.93,0,2.95,0,2.95,0,22.22
4.4,17.1,0.00,0.00,0,22.93,0,2.95,0,2.95,0,22.22
4.4,17.1,0.00,0.00,0,22.93,0,2.95,0,2.95,0,22.22
4.8,17.1,0.00,0.00,0,22.93,0,2.95,0,2.95,0,22.22
4.4,17.1,0.00,0.00,0,22.93,0,2.95,0,2.95,0,22.22
4.4,17.1,0.00,0.00,0,22.93,0,2.95,0,2.95,0,22.22
4.4,17.1,0.00,0.00,0,22.93,0,2.95,0,2.95,0,22.22
4.8,17.1,0.00,0.00,0,22.93,0,2.95,0,2.95,0,22.22
4.6,17.1,0.00,0.00,0,22.93,0,2.95,0,2.95,0,22.22
4.4,17.1,0.00,0.00,0,22.93,0,2.95,0,2.95,0,22.22
4.6,17.1,0.00,0.00,0,22.93,0,2.95,0,2.95,0,22.22
4.2,17.1,0.00,0.00,0,22.93,0,2.95,0,2.95,0,22.22
5.0,17.1,0.00,0.00,0,22.93,0,2.95,0,2.95,0,22.22
4.4,17.1,0.00,0.00,0,22.93,0,2.95,0,2.95,0,22.22
5.0,17.1,0.00,0.00,0,22.93,0,2.95,0,2.95,0,22.22
4.6,17.1,0.00,0.00,0,22.93,0,2.95,0,2.95,0,22.22
4.6,17.1,0.00,0.00,0,22.93,0,2.95,0,2.95,0,22.22
4.6,17.1,0.00,0.00,0,22.93,0,2.95,0,2.95,0,22.22
4.4,17.1,0.00,0.00,0,22.93,0,2.95,0,2.95,0,22.22
4.4,17.1,0.00,0.00,0,22.93,0,2.95,0,2.95,0,22.22
4.4,17.1,0.00,0.00,0,22.93,0,2.95,0,2.95,0,22.22
4.6,17.1,0.00,0.00,0,22.93,0,2.95,0,2.95,0,22.22
4.8,17.1,0.00,0.00,0,22.93,0,2.95,0,2.95,0,22.22
4.6,17.1,0.00,0.00,0,22.93,0,2.95,0,2.95,0,22.22
4.8,17.1,0.00,0.00,0,22.93,0,2.95,0,2.95,0,22.22
4.4,17.1,0.00,0.00,0,22.93,0,2.95,0,2.95,0,22.22
4.8,17.1,0.00,0.00,0,22.93,0,2.95,0,2.95,0,22.22
4.8,17.1,0.00,0.00,0,22.93,0,2.95,0,2.95,0,22.22
4.4,17.1,0.00,0.00,0,22.93,0,2.95,0,2.95,0,22.22
4.6,17.1,0.00,0.00,0,22.93,0,2.95,0,2.95,0,22.22
4.6,17.1,0.00,0.00,0,22.93,0,2.95,0,2.95,0,22.22
4.4,17.1,0.00,0.00,0,22.93,0,2.95,0,2.95,0,22.22
4.6,17.1,0.00,0.00,0,22.93,0,2.95,0,2.95,0,22.22
4.6,17.1,0.00,0.00,0,22.93,0,2.95,0,2.95,0,22.22
4.8,17.1,0.00,0.00,0,22.93,0,2.95,0,2.95,0,22.22
4.6,17.1,0.00,0.00,0,22.93,0,2.95,0,2.95,0,22.22
4.8,17.1,0.00,0.00,0,22.93,0,2.95,0,2.95,0,22.22
5.0,17.1,0.00,0.00,0,22.93,0,2.95,0,2.95,0,22.22
4.4,17.1,0.00,0.00,0,22.93,0,2.95,0,2.95,0,22.22
4.4,17.1,0.00,0.00,0,22.93,0,2.95,0,2.95,0,22.22
4.2,17.1,0.00,0.00,0,22.93,0,2.95,0,2.95,0,22.22
4.6,17.1,0.00,0.00,0,22.93,0,2.95,0,2.95,0,22.22
4.6,17.1,0.00,0.00,0,22.93,0,2.95,0,2.95,0,22.22
4.6,17.1,0.00,0.00,0,22.93,0,2.95,0,2.95,0,22.22
4.6,17.1,0.00,0.00,0,22.93,0,2.95,0,2.95,0,22.22
4.6,17.1,0.00,0.00,0,22.93,0,2.95,0,2.95,0,22.22
4.8,17.1,0.00,0.00,0,22.93,0,2.95,0,2.95,0,22.22
4.8,17.1,0.00,0.00,0,22.93,0,2.95,0,2.95,0,22.22
4.6,17.1,0.00,0.00,0,22.93,0,2.95,0,2.95,0,22.22
4.4,17.1,0.00,0.00,0,22.93,0,2.95,0,2.95,0,22.22
4.4,17.1,0.00,0.00,0,22.93,0,2.95,0,2.95,0,22.22
4.2,17.1,0.00,0.00,0,22.93,0,2.95,0,2.95,0,22.22
4.6,17.1,0.00,0.00,0,22.93,0,2.95,0,2.95,0,22.22
4.6,17.1,0.00,0.00,0,22.93,0,2.95,0,2.95,0,22.22
4.6,17.1,0.00,0.00,0,22.93,0,2.95,0,2.95,0,22.22
4.8,17.1,0.00,0.00,0,22.93,0,2.95,0,2.95,0,22.22
4.4,17.1,0.00,0.00,0,22.93,0,2.95,0,2.95,0,22.22
4.2,17.1,0.00,0.00,0,22.93,0,2.95,0,2.95,0,22.22
4.6,17.1,0.00,0.00,0,22.93,0,2.95,0,2.95,0,22.22
4.4,17.1,0.00,0.00,0,22.93,0,2.95,0,2.95,0,22.22
4.6,17.1,0.00,0.00,0,22.93,0,2.95,0,2.95,0,22.22
4.4,17.1,0.00,0.00,0,22.93,0,2.95,0,2.95,0,22.22
4.6,17.1,0.00,0.00,0,22.93,0,2.95,0,2.95,0,22.22
4.6,17.1,0.00,0.00,0,22.93,0,2.95,0,2.95,0,22.22
4.4,17.1,0.00,0.00,0,22.93,0,2.95,0,2.95,0,22.22
4.8,17.1,0.00,0.00,0,22.93,0,2.95,0,2.95,0,22.22
4.4,17.1,0.00,0.00,0,22.93,0,2.95,0,2.95,0,22.22
4.6,17.1,0.00,0.00,0,22.93,0,2.95,0,2.95,0,22.22
4.8,17.1,0.00,0.00,0,22.93,0,2.95,0,2.95,0,22.22
4.6,17.1,0.00,0.00,0,22.93,0,2.95,0,2.95,0,22.22
4.2,17.1,0.00,0.00,0,22.93,0,2.95,0,2.95,0,22.22
4.8,17.1,0.00,0.00,0,22.93,0,2.95,0,2.95,0,22.22
4.6,17.1,0.00,0.00,0,22.93,0,2.95,0,2.95,0,22.22
4.4,17.1,0.00,0.00,0,22.93,0,2.95,0,2.95,0,22.22
4.8,17.1,0.00,0.00,0,22.93,0,2.95,0,2.95,0,22.22
4.4,17.1,0.00,0.00,0,22.93,0,2.95,0,2.95,0,22.22
4.8,17.1,0.00,0.00,0,22.93,0,2.95,0,2.95,0,22.22
4.4,17.1,0.00,0.00,0,22.93,0,2.95,0,2.95,0,22.22
4.6,17.1,0.00,0.00,0,22.93,0,2.95,0,2.95,0,22.22
4.8,17.1,0.00,0.00,0,22.93,0,2.95,0,2.95,0,22.22
4.4,17.1,0.00,0.00,0,22.93,0,2.95,0,2.95,0,22.22
4.6,17.1,0.00,0.00,0,22.93,0,2.95,0,2.95,0,22.22
5.0,17.1,0.00,0.00,0,22.93,0,2.95,0,2.95,0,22.22
4.6,17.1,0.00,0.00,0,22.93,0,2.95,0,2.95,0,22.22
4.8,17.1,0.00,0.00,0,22.93,0,2.95,0,2.95,0,22.22
4.8,17.1,0.00,0.00,0,22.93,0,2.95,0,2.95,0,22.22
4.8,17.1,0.00,0.00,0,22.93,0,2.95,0,2.95,0,22.22
4.6,17.1,0.00,0.00,0,22.93,0,2.95,0,2.95,0,22.22
4.6,17.1,0.00,0.00,0,22.93,0,2.95,0,2.95,0,22.22
4.6,17.1,0.00,0.00,0,22.93,0,2.95,0,2.95,0,22.22
4.4,17.1,0.00,0.00,0,22.93,0,2.95,0,2.95,0,22.22
4.2,17.1,0.00,0.00,0,22.93,0,2.95,0,2.95,0,22.22
4.6,17.1,0.00,0.00,0,22.93,0,2.95,0,2.95,0,22.22
5.2,17.1,0.00,0.00,0,22.93,0,2.95,0,2.95,0,22.22
4.4,17.1,0.00,0.00,0,22.93,0,2.95,0,2.95,0,22.22
4.4,17.1,0.00,0.00,0,22.93,0,2.95,0,2.95,0,22.22
4.6,17.1,0.00,0.00,0,22.93,0,2.95,0,2.95,0,22.22
4.2,17.1,0.00,0.00,0,22.93,0,2.95,0,2.95,0,22.22
4.4,17.1,0.00,0.00,0,22.93,0,2.95,0,2.95,0,22.22
4.6,17.1,0.00,0.00,0,22.93,0,2.95,0,2.95,0,22.22
4.6,17.1,0.00,0.00,0,22.93,0,2.95,0,2.95,0,22.22
4.6,17.1,0.00,0.00,0,22.93,0,2.95,0,2.95,0,22.22
4.8,17.1,0.00,0.00,0,22.93,0,2.95,0,2.95,0,22.22
5.0,17.1,0.00,0.00,0,22.93,0,2.95,0,2.95,0,22.22
4.8,17.1,0.00,0.00,0,22.93,0,2.95,0,2.95,0,22.22
4.8,17.1,0.00,0.00,0,22.93,0,2.95,0,2.95,0,22.22
4.6,17.1,0.00,0.00,0,22.93,0,2.95,0,2.95,0,22.22
5.0,17.1,0.00,0.00,0,22.93,0,2.95,0,2.95,0,22.22
4.4,17.1,0.00,0.00,0,22.93,0,2.95,0,2.95,0,22.22
4.8,17.1,0.00,0.00,0,22.93,0,2.95,0,2.95,0,22.22
4.8,17.1,0.00,0.00,0,22.93,0,2.95,0,2.95,0,22.22
4.8,17.1,0.00,0.00,0,22.93,0,2.95,0,2.95,0,22.22
4.4,17.1,0.00,0.00,0,22.93,0,2.95,0,2.95,0,22.22
4.4,17.1,0.00,0.00,0,22.93,0,2.95,0,2.95,0,22.22
4.6,17.1,0.00,0.00,0,22.93,0,2.95,0,2.95,0,22.22
4.4,17.1,0.00,0.00,0,22.93,0,2.95,0,2.95,0,22.22
4.6,17.1,0.00,0.00,0,22.93,0,2.95,0,2.95,0,22.22
4.8,17.1,0.00,0.00,0,22.93,0,2.95,0,2.95,0,22.22
4.4,17.1,0.00,0.00,0,22.93,0,2.95,0,2.95,0,22.22
4.8,17.1,0.00,0.00,0,22.93,0,2.95,0,2.95,0,22.22
4.4,17.1,0.00,0.00,0,22.93,0,2.95,0,2.95,0,22.22
4.8,17.1,0.00,0.00,0,22.93,0,2.95,0,2.95,0,22.22
4.6,17.1,0.00,0.00,0,22.93,0,2.95,0,2.95,0,22.22
4.4,17.1,0.00,0.00,0,22.93,0,2.95,0,2.95,0,22.22
4.2,17.1,0.00,0.00,0,22.93,0,2.95,0,2.95,0,22.22
4.6,17.1,0.00,0.00,0,22.93,0,2.95,0,2.95,0,22.22
4.8,17.1,0.00,0.00,0,22.93,0,2.95,0,2.95,0,22.22
4.8,17.1,0.00,0.00,0,22.93,0,2.95,0,2.95,0,22.22
4.8,17.1,0.00,0.00,0,22.93,0,2.95,0,2.95,0,22.22
4.4,17.1,0.00,0.00,0,22.93,0,2.95,0,2.95,0,22.22
4.6,17.1,0.00,0.00,0,22.93,0,2.95,0,2.95,0,22.22
4.8,17.1,0.00,0.00,0,22.93,0,2.95,0,2.95,0,22.22
4.8,17.1,0.00,0.00,0,22.93,0,2.95,0,2.95,0,22.22
4.8,17.1,0.00,0.00,0,22.93,0,2.95,0,2.95,0,22.22
4.6,17.1,0.00,0.00,0,22.93,0,2.95,0,2.95,0,22.22
4.4,17.1,0.00,0.00,0,22.93,0,2.95,0,2.95,0,22.22
5.0,17.1,0.00,0.00,0,22.93,0,2.95,0,2.95,0,22.22
4.6,17.1,0.00,0.00,0,22.93,0,2.95,0,2.95,0,22.22
4.4,17.1,0.00,0.00,0,22.93,0,2.95,0,2.95,0,22.22
4.4,17.1,0.00,0.00,0,22.93,0,2.95,0,2.95,0,22.22
4.8,17.1,0.00,0.00,0,22.93,0,2.95,0,2.95,0,22.22
4.4,17.1,0.00,0.00,0,22.93,0,2.95,0,2.95,0,22.22
4.6,17.1,0.00,0.00,0,22.93,0,2.95,0,2.95,0,22.22
4.8,17.1,0.00,0.00,0,22.93,0,2.95,0,2.95,0,22.22
4.8,17.1,0.00,0.00,0,22.93,0,2.95,0,2.95,0,22.22
4.6,17.1,0.00,0.00,0,22.93,0,2.95,0,2.95,0,22.22
4.6,17.1,0.00,0.00,0,22.93,0,2.95,0,2.95,0,22.22
4.4,17.1,0.00,0.00,0,22.93,0,2.95,0,2.95,0,22.22
4.4,17.1,0.00,0.00,0,22.93,0,2.95,0,2.95,0,22.22
4.4,17.1,0.00,0.00,0,22.93,0,2.95,0,2.95,0,22.22
4.2,17.1,0.00,0.00,0,22.93,0,2.95,0,2.95,0,22.22
4.4,17.1,0.00,0.00,0,22.93,0,2.95,0,2.95,0,22.22
4.6,17.1,0.00,0.00,0,22.93,0,2.95,0,2.95,0,22.22
5.0,17.1,0.00,0.00,0,22.93,0,2.95,0,2.95,0,22.22
5.0,17.1,0.00,0.00,0,22.93,0,2.95,0,2.95,0,22.22
4.2,17.1,0.00,0.00,0,22.93,0,2.95,0,2.95,0,22.22
4.4,17.1,0.00,0.00,0,22.93,0,2.95,0,2.95,0,22.22
4.8,17.1,0.00,0.00,0,22.93,0,2.95,0,2.95,0,22.22
4.4,17.1,0.00,0.00,0,22.93,0,2.95,0,2.95,0,22.22
4.8,17.1,0.00,0.00,0,22.93,0,2.95,0,2.95,0,22.22
4.8,17.1,0.00,0.00,0,22.93,0,2.95,0,2.95,0,22.22
4.2,17.1,0.00,0.00,0,22.93,0,2.95,0,2.95,0,22.22
4.4,17.1,0.00,0.00,0,22.93,0,2.95,0,2.95,0,22.22
4.6,17.1,0.00,0.00,0,22.93,0,2.95,0,2.95,0,22.22
4.4,17.1,0.00,0.00,0,22.93,0,2.95,0,2.95,0,22.22
4.2,17.1,0.00,0.00,0,22.93,0,2.95,0,2.95,0,22.22
4.6,17.1,0.00,0.00,0,22.93,0,2.95,0,2.95,0,22.22
5.7,17.1,0.00,0.00,0,22.93,0,2.95,0,2.95,0,22.22
5.0,17.1,0.00,0.00,0,22.93,0,2.95,0,2.95,0,22.22
4.4,17.1,0.00,0.00,0,22.93,0,2.95,0,2.95,0,22.22
4.4,17.1,0.00,0.00,0,22.93,0,2.95,0,2.95,0,22.22
4.8,17.1,0.00,0.00,0,22.93,0,2.95,0,2.95,0,22.22
4.4,17.1,0.00,0.00,0,22.93,0,2.95,0,2.95,0,22.22
4.8,17.1,0.00,0.00,0,22.93,0,2.95,0,2.95,0,22.22
4.4,17.1,0.00,0.00,0,22.93,0,2.95,0,2.95,0,22.22
4.6,17.1,0.00,0.00,0,22.93,0,2.95,0,2.95,0,22.22
4.6,17.1,0.00,0.00,0,22.93,0,2.95,0,2.95,0,22.22
4.8,17.1,0.00,0.00,0,22.93,0,2.95,0,2.95,0,22.22
4.8,17.1,0.00,0.00,0,22.93,0,2.95,0,2.95,0,22.22
4.8,17.1,0.00,0.00,0,22.93,0,2.95,0,2.95,0,22.22
4.6,17.1,0.00,0.00,0,22.93,0,2.95,0,2.95,0,22.22
4.6,17.1,0.00,0.00,0,22.93,0,2.95,0,2.95,0,22.22
4.6,17.1,0.00,0.00,0,22.93,0,2.95,0,2.95,0,22.22
4.8,17.1,0.00,0.00,0,22.93,0,2.95,0,2.95,0,22.22
4.4,17.1,0.00,0.00,0,22.93,0,2.95,0,2.95,0,22.22
4.8,17.1,0.00,0.00,0,22.93,0,2.95,0,2.95,0,22.22
4.8,17.1,0.00,0.00,0,22.93,0,2.95,0,2.95,0,22.22
4.4,17.1,0.00,0.00,0,22.93,0,2.95,0,2.95,0,22.22
4.8,17.1,0.00,0.00,0,22.93,0,2.95,0,2.95,0,22.22
4.4,17.1,0.00,0.00,0,22.93,0,2.95,0,2.95,0,22.22
4.4,17.1,0.00,0.00,0,22.93,0,2.95,0,2.95,0,22.22
4.6,17.1,0.00,0.00,0,22.93,0,2.95,0,2.95,0,22.22
4.6,17.1,0.00,0.00,0,22.93,0,2.95,0,2.95,0,22.22
4.4,17.1,0.00,0.00,0,22.93,0,2.95,0,2.95,0,22.22
4.6,17.1,0.00,0.00,0,22.93,0,2.95,0,2.95,0,22.22
4.6,17.1,0.00,0.00,0,22.93,0,2.95,0,2.95,0,22.22
4.4,17.1,0.00,0.00,0,22.93,0,2.95,0,2.95,0,22.22
4.6,17.1,0.00,0.00,0,22.93,0,2.95,0,2.95,0,22.22
4.4,17.1,0.00,0.00,0,22.93,0,2.95,0,2.95,0,22.22
4.8,17.1,0.00,0.00,0,22.93,0,2.95,0,2.95,0,22.22
4.6,17.1,0.00,0.00,0,22.93,0,2.95,0,2.95,0,22.22
4.4,17.1,0.00,0.00,0,22.93,0,2.95,0,2.95,0,22.22
4.6,17.1,0.00,0.00,0,22.93,0,2.95,0,2.95,0,22.22
4.4,17.1,0.00,0.00,0,22.93,0,2.95,0,2.95,0,22.22
4.8,17.1,0.00,0.00,0,22.93,0,2.95,0,2.95,0,22.22
4.6,17.1,0.00,0.00,0,22.93,0,2.95,0,2.95,0,22.22
4.8,17.1,0.00,0.00,0,22.93,0,2.95,0,2.95,0,22.22
4.6,17.1,0.00,0.00,0,22.93,0,2.95,0,2.95,0,22.22
4.6,17.1,0.00,0.00,0,22.93,0,2.95,0,2.95,0,22.22
4.4,17.1,0.00,0.00,0,22.93,0,2.95,0,2.95,0,22.22
4.8,17.1,0.00,0.00,0,22.93,0,2.95,0,2.95,0,22.22
4.8,17.1,0.00,0.00,0,22.93,0,2.95,0,2.95,0,22.22
4.4,17.1,0.00,0.00,0,22.93,0,2.95,0,2.95,0,22.22
4.6,17.1,0.00,0.00,0,22.93,0,2.95,0,2.95,0,22.22
4.6,17.1,0.00,0.00,0,22.93,0,2.95,0,2.95,0,22.22
4.4,17.1,0.00,0.00,0,22.93,0,2.95,0,2.95,0,22.22
4.8,17.1,0.00,0.00,0,22.93,0,2.95,0,2.95,0,22.22
4.6,17.1,0.00,0.00,0,22.93,0,2.95,0,2.95,0,22.22
4.2,17.1,0.00,0.00,0,22.93,0,2.95,0,2.95,0,22.22
4.6,17.1,0.00,0.00,0,22.93,0,2.95,0,2.95,0,22.22
4.4,17.1,0.00,0.00,0,22.93,0,2.95,0,2.95,0,22.22
4.6,17.1,0.00,0.00,0,22.93,0,2.95,0,2.95,0,22.22
4.6,17.1,0.00,0.00,0,22.93,0,2.95,0,2.95,0,22.22
4.4,17.1,0.00,0.00,0,22.93,0,2.95,0,2.95,0,22.22
4.6,17.1,0.00,0.00,0,22.93,0,2.95,0,2.95,0,22.22
4.4,17.1,0.00,0.00,0,22.93,0,2.95,0,2.95,0,22.22
4.4,17.1,0.00,0.00,0,22.93,0,2.95,0,2.95,0,22.22
4.6,17.1,0.00,0.00,0,22.93,0,2.95,0,2.95,0,22.22
4.4,17.1,0.00,0.00,0,22.93,0,2.95,0,2.95,0,22.22
4.8,17.1,0.00,0.00,0,22.93,0,2.95,0,2.95,0,22.22
4.8,17.1,0.00,0.00,0,22.93,0,2.95,0,2.95,0,22.22
4.6,17.1,0.00,0.00,0,22.93,0,2.95,0,2.95,0,22.22
4.4,17.1,0.00,0.00,0,22.93,0,2.95,0,2.95,0,22.22
4.4,17.1,0.00,0.00,0,22.93,0,2.95,0,2.95,0,22.22
4.6,17.1,0.00,0.00,0,22.93,0,2.95,0,2.95,0,22.22
4.4,17.1,0.00,0.00,0,22.93,0,2.95,0,2.95,0,22.22
4.4,17.1,0.00,0.00,0,22.93,0,2.95,0,2.95,0,22.22
4.8,17.1,0.00,0.00,0,22.93,0,2.95,0,2.95,0,22.22
4.4,17.1,0.00,0.00,0,22.93,0,2.95,0,2.95,0,22.22
4.4,17.1,0.00,0.00,0,22.93,0,2.95,0,2.95,0,22.22
4.4,17.1,0.00,0.00,0,22.93,0,2.95,0,2.95,0,22.22
4.4,17.1,0.00,0.00,0,22.93,0,2.95,0,2.95,0,22.22
4.8,17.1,0.00,0.00,0,22.93,0,2.95,0,2.95,0,22.22
5.0,17.1,0.00,0.00,0,22.93,0,2.95,0,2.95,0,22.22
4.6,17.1,0.00,0.00,0,22.93,0,2.95,0,2.95,0,22.22
4.8,17.1,0.00,0.00,0,22.93,0,2.95,0,2.95,0,22.22
4.8,17.1,0.00,0.00,0,22.93,0,2.95,0,2.95,0,22.22
4.4,17.1,0.00,0.00,0,22.93,0,2.95,0,2.95,0,22.22
4.8,17.1,0.00,0.00,0,22.93,0,2.95,0,2.95,0,22.22
4.8,17.1,0.00,0.00,0,22.93,0,2.95,0,2.95,0,22.22
4.4,17.1,0.00,0.00,0,22.93,0,2.95,0,2.95,0,22.22
4.6,17.1,0.00,0.00,0,22.93,0,2.95,0,2.95,0,22.22
4.6,17.1,0.00,0.00,0,22.93,0,2.95,0,2.95,0,22.22
4.8,17.1,0.00,0.00,0,22.93,0,2.95,0,2.95,0,22.22
4.6,17.1,0.00,0.00,0,22.93,0,2.95,0,2.95,0,22.22
4.8,17.1,0.00,0.00,0,22.93,0,2.95,0,2.95,0,22.22
4.6,17.1,0.00,0.00,0,22.93,0,2.95,0,2.95,0,22.22
4.4,17.1,0.00,0.00,0,22.93,0,2.95,0,2.95,0,22.22
4.4,17.1,0.00,0.00,0,22.93,0,2.95,0,2.95,0,22.22
4.6,17.1,0.00,0.00,0,22.93,0,2.95,0,2.95,0,22.22
5.0,17.1,0.00,0.00,0,22.93,0,2.95,0,2.95,0,22.22
4.6,17.1,0.00,0.00,0,22.93,0,2.95,0,2.95,0,22.22
4.8,17.1,0.00,0.00,0,22.93,0,2.95,0,2.95,0,22.22
4.4,17.1,0.00,0.00,0,22.93,0,2.95,0,2.95,0,22.22
4.4,17.1,0.00,0.00,0,22.93,0,2.95,0,2.95,0,22.22
4.4,17.1,0.00,0.00,0,22.93,0,2.95,0,2.95,0,22.22
4.8,17.1,0.00,0.00,0,22.93,0,2.95,0,2.95,0,22.22
4.4,17.1,0.00,0.00,0,22.93,0,2.95,0,2.95,0,22.22
5.0,17.1,0.00,0.00,0,22.93,0,2.95,0,2.95,0,22.22
4.6,17.1,0.00,0.00,0,22.93,0,2.95,0,2.95,0,22.22
4.8,17.1,0.00,0.00,0,22.93,0,2.95,0,2.95,0,22.22
4.6,17.1,0.00,0.00,0,22.93,0,2.95,0,2.95,0,22.22
5.0,17.1,0.00,0.00,0,22.93,0,2.95,0,2.95,0,22.22
4.2,17.1,0.00,0.00,0,22.93,0,2.95,0,2.95,0,22.22
4.8,17.1,0.00,0.00,0,22.93,0,2.95,0,2.95,0,22.22
4.6,17.1,0.00,0.00,0,22.93,0,2.95,0,2.95,0,22.22
4.4,17.1,0.00,0.00,0,22.93,0,2.95,0,2.95,0,22.22
4.6,17.1,0.00,0.00,0,22.93,0,2.95,0,2.95,0,22.22
4.4,17.1,0.00,0.00,0,22.93,0,2.95,0,2.95,0,22.22
4.4,17.1,0.00,0.00,0,22.93,0,2.95,0,2.95,0,22.22
5.0,17.1,0.00,0.00,0,22.93,0,2.95,0,2.95,0,22.22
4.6,17.1,0.00,0.00,0,22.93,0,2.95,0,2.95,0,22.22
4.8,17.1,0.00,0.00,0,22.93,0,2.95,0,2.95,0,22.22
4.4,17.1,0.00,0.00,0,22.93,0,2.95,0,2.95,0,22.22
4.4,17.1,0.00,0.00,0,22.93,0,2.95,0,2.95,0,22.22
4.4,17.1,0.00,0.00,0,22.93,0,2.95,0,2.95,0,22.22
4.4,17.1,0.00,0.00,0,22.93,0,2.95,0,2.95,0,22.22
4.6,17.1,0.00,0.00,0,22.93,0,2.95,0,2.95,0,22.22
5.0,17.1,0.00,0.00,0,22.93,0,2.95,0,2.95,0,22.22
4.6,17.1,0.00,0.00,0,22.93,0,2.95,0,2.95,0,22.22
5.0,17.1,0.00,0.00,0,22.93,0,2.95,0,2.95,0,22.22
4.2,17.1,0.00,0.00,0,22.93,0,2.95,0,2.95,0,22.22
4.6,17.1,0.00,0.00,0,22.93,0,2.95,0,2.95,0,22.22
4.6,17.1,0.00,0.00,0,22.93,0,2.95,0,2.95,0,22.22
4.8,17.1,0.00,0.00,0,22.93,0,2.95,0,2.95,0,22.22
4.4,17.1,0.00,0.00,0,22.93,0,2.95,0,2.95,0,22.22
4.8,17.1,0.00,0.00,0,22.93,0,2.95,0,2.95,0,22.22
4.6,17.1,0.00,0.00,0,22.93,0,2.95,0,2.95,0,22.22
4.2,17.1,0.00,0.00,0,22.93,0,2.95,0,2.95,0,22.22
4.8,17.1,0.00,0.00,0,22.93,0,2.95,0,2.95,0,22.22
4.6,17.1,0.00,0.00,0,22.93,0,2.95,0,2.95,0,22.22
4.6,17.1,0.00,0.00,0,22.93,0,2.95,0,2.95,0,22.22
4.4,17.1,0.00,0.00,0,22.93,0,2.95,0,2.95,0,22.22
4.6,17.1,0.00,0.00,0,22.93,0,2.95,0,2.95,0,22.22
4.8,17.1,0.00,0.00,0,22.93,0,2.95,0,2.95,0,22.22
4.6,17.1,0.00,0.00,0,22.93,0,2.95,0,2.95,0,22.22
4.6,17.1,0.00,0.00,0,22.93,0,2.95,0,2.95,0,22.22
4.4,17.1,0.00,0.00,0,22.93,0,2.95,0,2.95,0,22.22
4.6,17.1,0.00,0.00,0,22.93,0,2.95,0,2.95,0,22.22
4.4,17.1,0.00,0.00,0,22.93,0,2.95,0,2.95,0,22.22
4.4,17.1,0.00,0.00,0,22.93,0,2.95,0,2.95,0,22.22
4.4,17.1,0.00,0.00,0,22.93,0,2.95,0,2.95,0,22.22
4.2,17.1,0.00,0.00,0,22.93,0,2.95,0,2.95,0,22.22
4.6,17.1,0.00,0.00,0,22.93,0,2.95,0,2.95,0,22.22
4.4,17.1,0.00,0.00,0,22.93,0,2.95,0,2.95,0,22.22
4.8,17.1,0.00,0.00,0,22.93,0,2.95,0,2.95,0,22.22
4.6,17.1,0.00,0.00,0,22.93,0,2.95,0,2.95,0,22.22
4.6,17.1,0.00,0.00,0,22.93,0,2.95,0,2.95,0,22.22
4.6,17.1,0.00,0.00,0,22.93,0,2.95,0,2.95,0,22.22
4.8,17.1,0.00,0.00,0,22.93,0,2.95,0,2.95,0,22.22
4.6,17.1,0.00,0.00,0,22.93,0,2.95,0,2.95,0,22.22
4.6,17.1,0.00,0.00,0,22.93,0,2.95,0,2.95,0,22.22
4.8,17.1,0.00,0.00,0,22.93,0,2.95,0,2.95,0,22.22
4.2,17.1,0.00,0.00,0,22.93,0,2.95,0,2.95,0,22.22
4.6,17.1,0.00,0.00,0,22.93,0,2.95,0,2.95,0,22.22
4.4,17.1,0.00,0.00,0,22.93,0,2.95,0,2.95,0,22.22
4.8,17.1,0.00,0.00,0,22.93,0,2.95,0,2.95,0,22.22
4.8,17.1,0.00,0.00,0,22.93,0,2.95,0,2.95,0,22.22
4.8,17.1,0.00,0.00,0,22.93,0,2.95,0,2.95,0,22.22
4.6,17.1,0.00,0.00,0,22.93,0,2.95,0,2.95,0,22.22
4.6,17.1,0.00,0.00,0,22.93,0,2.95,0,2.95,0,22.22
4.8,17.1,0.00,0.00,0,22.93,0,2.95,0,2.95,0,22.22
4.6,17.1,0.00,0.00,0,22.93,0,2.95,0,2.95,0,22.22
4.2,17.1,0.00,0.00,0,22.93,0,2.95,0,2.95,0,22.22
4.6,17.1,0.00,0.00,0,22.93,0,2.95,0,2.95,0,22.22
4.6,17.1,0.00,0.00,0,22.93,0,2.95,0,2.95,0,22.22
4.2,17.1,0.00,0.00,0,22.93,0,2.95,0,2.95,0,22.22
4.6,17.1,0.00,0.00,0,22.93,0,2.95,0,2.95,0,22.22
4.6,17.1,0.00,0.00,0,22.93,0,2.95,0,2.95,0,22.22
4.6,17.1,0.00,0.00,0,22.93,0,2.95,0,2.95,0,22.22
4.6,17.1,0.00,0.00,0,22.93,0,2.95,0,2.95,0,22.22
4.8,17.1,0.00,0.00,0,22.93,0,2.95,0,2.95,0,22.22
4.4,17.1,0.00,0.00,0,22.93,0,2.95,0,2.95,0,22.22
4.6,17.1,0.00,0.00,0,22.93,0,2.95,0,2.95,0,22.22
4.8,17.1,0.00,0.00,0,22.93,0,2.95,0,2.95,0,22.22
4.4,17.1,0.00,0.00,0,22.93,0,2.95,0,2.95,0,22.22
4.6,17.1,0.00,0.00,0,22.93,0,2.95,0,2.95,0,22.22
5.0,17.1,0.00,0.00,0,22.93,0,2.95,0,2.95,0,22.22
5.0,17.1,0.00,0.00,0,22.93,0,2.95,0,2.95,0,22.22
4.6,17.1,0.00,0.00,0,22.93,0,2.95,0,2.95,0,22.22
4.6,17.1,0.00,0.00,0,22.93,0,2.95,0,2.95,0,22.22
4.8,17.1,0.00,0.00,0,22.93,0,2.95,0,2.95,0,22.22
4.2,17.1,0.00,0.00,0,22.93,0,2.95,0,2.95,0,22.22
5.0,17.1,0.00,0.00,0,22.93,0,2.95,0,2.95,0,22.22
4.6,17.1,0.00,0.00,0,22.93,0,2.95,0,2.95,0,22.22
4.8,17.1,0.00,0.00,0,22.93,0,2.95,0,2.95,0,22.22
4.4,17.1,0.00,0.00,0,22.93,0,2.95,0,2.95,0,22.22
4.4,17.1,0.00,0.00,0,22.93,0,2.95,0,2.95,0,22.22
4.6,17.1,0.00,0.00,0,22.93,0,2.95,0,2.95,0,22.22
4.8,17.1,0.00,0.00,0,22.93,0,2.95,0,2.95,0,22.22
4.6,17.1,0.00,0.00,0,22.93,0,2.95,0,2.95,0,22.22
4.2,17.1,0.00,0.00,0,22.93,0,2.95,0,2.95,0,22.22
4.6,17.1,0.00,0.00,0,22.93,0,2.95,0,2.95,0,22.22
4.6,17.1,0.00,0.00,0,22.93,0,2.95,0,2.95,0,22.22
4.4,17.1,0.00,0.00,0,22.93,0,2.95,0,2.95,0,22.22
4.4,17.1,0.00,0.00,0,22.93,0,2.95,0,2.95,0,22.22
4.6,17.1,0.00,0.00,0,22.93,0,2.95,0,2.95,0,22.22
5.0,17.1,0.00,0.00,0,22.93,0,2.95,0,2.95,0,22.22
4.4,17.1,0.00,0.00,0,22.93,0,2.95,0,2.95,0,22.22
4.4,17.1,0.00,0.00,0,22.93,0,2.95,0,2.95,0,22.22
4.4,17.1,0.00,0.00,0,22.93,0,2.95,0,2.95,0,22.22
4.8,17.1,0.00,0.00,0,22.93,0,2.95,0,2.95,0,22.22
4.4,17.1,0.00,0.00,0,22.93,0,2.95,0,2.95,0,22.22
4.6,17.1,0.00,0.00,0,22.93,0,2.95,0,2.95,0,22.22
4.6,17.1,0.00,0.00,0,22.93,0,2.95,0,2.95,0,22.22
4.4,17.1,0.00,0.00,0,22.93,0,2.95,0,2.95,0,22.22
4.8,17.1,0.00,0.00,0,22.93,0,2.95,0,2.95,0,22.22
4.6,17.1,0.00,0.00,0,22.93,0,2.95,0,2.95,0,22.22
4.4,17.1,0.00,0.00,0,22.93,0,2.95,0,2.95,0,22.22
4.6,17.1,0.00,0.00,0,22.93,0,2.95,0,2.95,0,22.22
4.4,17.1,0.00,0.00,0,22.93,0,2.95,0,2.95,0,22.22
4.8,17.1,0.00,0.00,0,22.93,0,2.95,0,2.95,0,22.22
4.6,17.1,0.00,0.00,0,22.93,0,2.95,0,2.95,0,22.22
4.6,17.1,0.00,0.00,0,22.93,0,2.95,0,2.95,0,22.22
4.4,17.1,0.00,0.00,0,22.93,0,2.95,0,2.95,0,22.22
4.6,17.1,0.00,0.00,0,22.93,0,2.95,0,2.95,0,22.22
4.6,17.1,0.00,0.00,0,22.93,0,2.95,0,2.95,0,22.22
4.4,17.1,0.00,0.00,0,22.93,0,2.95,0,2.95,0,22.22
4.8,17.1,0.00,0.00,0,22.93,0,2.95,0,2.95,0,22.22
4.6,17.1,0.00,0.00,0,22.93,0,2.95,0,2.95,0,22.22
4.4,17.1,0.00,0.00,0,22.93,0,2.95,0,2.95,0,22.22
4.4,17.1,0.00,0.00,0,22.93,0,2.95,0,2.95,0,22.22
4.6,17.1,0.00,0.00,0,22.93,0,2.95,0,2.95,0,22.22
4.6,17.1,0.00,0.00,0,22.93,0,2.95,0,2.95,0,22.22
4.8,17.1,0.00,0.00,0,22.93,0,2.95,0,2.95,0,22.22
4.6,17.1,0.00,0.00,0,22.93,0,2.95,0,2.95,0,22.22
4.6,17.1,0.00,0.00,0,22.93,0,2.95,0,2.95,0,22.22
4.4,17.1,0.00,0.00,0,22.93,0,2.95,0,2.95,0,22.22
4.6,17.1,0.00,0.00,0,22.93,0,2.95,0,2.95,0,22.22
4.4,17.1,0.00,0.00,0,22.93,0,2.95,0,2.95,0,22.22
4.6,17.1,0.00,0.00,0,22.93,0,2.95,0,2.95,0,22.22
4.6,17.1,0.00,0.00,0,22.93,0,2.95,0,2.95,0,22.22
4.8,17.1,0.00,0.00,0,22.93,0,2.95,0,2.95,0,22.22
4.6,17.1,0.00,0.00,0,22.93,0,2.95,0,2.95,0,22.22
4.6,17.1,0.00,0.00,0,22.93,0,2.95,0,2.95,0,22.22
4.6,17.1,0.00,0.00,0,22.93,0,2.95,0,2.95,0,22.22
4.6,17.1,0.00,0.00,0,22.93,0,2.95,0,2.95,0,22.22
4.6,17.1,0.00,0.00,0,22.93,0,2.95,0,2.95,0,22.22
4.4,17.1,0.00,0.00,0,22.93,0,2.95,0,2.95,0,22.22
4.4,17.1,0.00,0.00,0,22.93,0,2.95,0,2.95,0,22.22
4.8,17.1,0.00,0.00,0,22.93,0,2.95,0,2.95,0,22.22
4.4,17.1,0.00,0.00,0,22.93,0,2.95,0,2.95,0,22.22
4.4,17.1,0.00,0.00,0,22.93,0,2.95,0,2.95,0,22.22
4.8,17.1,0.00,0.00,0,22.93,0,2.95,0,2.95,0,22.22
4.6,17.1,0.00,0.00,0,22.93,0,2.95,0,2.95,0,22.22
4.2,17.1,0.00,0.00,0,22.93,0,2.95,0,2.95,0,22.22
4.6,17.1,0.00,0.00,0,22.93,0,2.95,0,2.95,0,22.22
4.8,17.1,0.00,0.00,0,22.93,0,2.95,0,2.95,0,22.22
4.6,17.1,0.00,0.00,0,22.93,0,2.95,0,2.95,0,22.22
4.8,17.1,0.00,0.00,0,22.93,0,2.95,0,2.95,0,22.22
4.6,17.1,0.00,0.00,0,22.93,0,2.95,0,2.95,0,22.22
4.8,17.1,0.00,0.00,0,22.93,0,2.95,0,2.95,0,22.22
4.6,17.1,0.00,0.00,0,22.93,0,2.95,0,2.95,0,22.22
4.8,17.1,0.00,0.00,0,22.93,0,2.95,0,2.95,0,22.22
5.0,17.1,0.00,0.00,0,22.93,0,2.95,0,2.95,0,22.22
5.6,17.1,0.00,0.00,0,22.93,0,2.95,0,2.95,0,22.22
5.2,17.1,0.00,0.00,0,22.93,0,2.95,0,2.95,0,22.22
4.4,17.1,0.00,0.00,0,22.93,0,2.95,0,2.95,0,22.22
4.6,17.1,0.00,0.00,0,22.93,0,2.95,0,2.95,0,22.22
4.4,17.1,0.00,0.00,0,22.93,0,2.95,0,2.95,0,22.22
4.4,17.1,0.00,0.00,0,22.93,0,2.95,0,2.95,0,22.22
4.8,17.1,0.00,0.00,0,22.93,0,2.95,0,2.95,0,22.22
4.6,17.1,0.00,0.00,0,22.93,0,2.95,0,2.95,0,22.22
4.8,17.1,0.00,0.00,0,22.93,0,2.95,0,2.95,0,22.22
4.4,17.1,0.00,0.00,0,22.93,0,2.95,0,2.95,0,22.22
4.4,17.1,0.00,0.00,0,22.93,0,2.95,0,2.95,0,22.22
4.2,17.1,0.00,0.00,0,22.93,0,2.95,0,2.95,0,22.22
4.8,17.1,0.00,0.00,0,22.93,0,2.95,0,2.95,0,22.22
4.6,17.1,0.00,0.00,0,22.93,0,2.95,0,2.95,0,22.22
4.8,17.1,0.00,0.00,0,22.93,0,2.95,0,2.95,0,22.22
4.8,17.1,0.00,0.00,0,22.93,0,2.95,0,2.95,0,22.22
4.6,17.1,0.00,0.00,0,22.93,0,2.95,0,2.95,0,22.22
4.4,17.1,0.00,0.00,0,22.93,0,2.95,0,2.95,0,22.22
4.6,17.1,0.00,0.00,0,22.93,0,2.95,0,2.95,0,22.22
4.4,17.1,0.00,0.00,0,22.93,0,2.95,0,2.95,0,22.22
4.8,17.1,0.00,0.00,0,22.93,0,2.95,0,2.95,0,22.22
4.6,17.1,0.00,0.00,0,22.93,0,2.95,0,2.95,0,22.22
5.2,17.1,0.00,0.00,0,22.93,0,2.95,0,2.95,0,22.22
4.8,17.1,0.00,0.00,0,22.93,0,2.95,0,2.95,0,22.22
4.4,17.1,0.00,0.00,0,22.93,0,2.95,0,2.95,0,22.22
4.8,17.1,0.00,0.00,0,22.93,0,2.95,0,2.95,0,22.22
4.6,17.1,0.00,0.00,0,22.93,0,2.95,0,2.95,0,22.22
5.4,17.1,0.00,0.00,0,22.93,0,2.95,0,2.95,0,22.22
4.4,17.1,0.00,0.00,0,22.93,0,2.95,0,2.95,0,22.22
4.6,17.1,0.00,0.00,0,22.93,0,2.95,0,2.95,0,22.22
4.6,17.1,0.00,0.00,0,22.93,0,2.95,0,2.95,0,22.22
4.4,17.1,0.00,0.00,0,22.93,0,2.95,0,2.95,0,22.22
4.4,17.1,0.00,0.00,0,22.93,0,2.95,0,2.95,0,22.22
4.4,17.1,0.00,0.00,0,22.93,0,2.95,0,2.95,0,22.22
4.2,17.1,0.00,0.00,0,22.93,0,2.95,0,2.95,0,22.22
4.4,17.1,0.00,0.00,0,22.93,0,2.95,0,2.95,0,22.22
4.8,17.1,0.00,0.00,0,22.93,0,2.95,0,2.95,0,22.22
4.4,17.1,0.00,0.00,0,22.93,0,2.95,0,2.95,0,22.22
5.0,17.1,0.00,0.00,0,22.93,0,2.95,0,2.95,0,22.22
4.8,17.1,0.00,0.00,0,22.93,0,2.95,0,2.95,0,22.22
4.8,17.1,0.00,0.00,0,22.93,0,2.95,0,2.95,0,22.22
4.4,17.1,0.00,0.00,0,22.93,0,2.95,0,2.95,0,22.22
4.8,17.1,0.00,0.00,0,22.93,0,2.95,0,2.95,0,22.22
4.2,17.1,0.00,0.00,0,22.93,0,2.95,0,2.95,0,22.22
4.6,17.1,0.00,0.00,0,22.93,0,2.95,0,2.95,0,22.22
4.8,17.1,0.00,0.00,0,22.93,0,2.95,0,2.95,0,22.22
4.8,17.1,0.00,0.00,0,22.93,0,2.95,0,2.95,0,22.22
4.6,17.1,0.00,0.00,0,22.93,0,2.95,0,2.95,0,22.22
4.8,17.1,0.00,0.00,0,22.93,0,2.95,0,2.95,0,22.22
4.8,17.1,0.00,0.00,0,22.93,0,2.95,0,2.95,0,22.22
4.6,17.1,0.00,0.00,0,22.93,0,2.95,0,2.95,0,22.22
4.8,17.1,0.00,0.00,0,22.93,0,2.95,0,2.95,0,22.22
4.4,17.1,0.00,0.00,0,22.93,0,2.95,0,2.95,0,22.22
4.8,17.1,0.00,0.00,0,22.93,0,2.95,0,2.95,0,22.22
4.4,17.1,0.00,0.00,0,22.93,0,2.95,0,2.95,0,22.22
4.8,17.1,0.00,0.00,0,22.93,0,2.95,0,2.95,0,22.22
4.4,17.1,0.00,0.00,0,22.93,0,2.95,0,2.95,0,22.22
4.8,17.1,0.00,0.00,0,22.93,0,2.95,0,2.95,0,22.22
4.6,17.1,0.00,0.00,0,22.93,0,2.95,0,2.95,0,22.22
4.6,17.1,0.00,0.00,0,22.93,0,2.95,0,2.95,0,22.22
4.8,17.1,0.00,0.00,0,22.93,0,2.95,0,2.95,0,22.22
4.6,17.1,0.00,0.00,0,22.93,0,2.95,0,2.95,0,22.22
4.8,17.1,0.00,0.00,0,22.93,0,2.95,0,2.95,0,22.22
4.6,17.1,0.00,0.00,0,22.93,0,2.95,0,2.95,0,22.22
4.4,17.1,0.00,0.00,0,22.93,0,2.95,0,2.95,0,22.22
4.8,17.1,0.00,0.00,0,22.93,0,2.95,0,2.95,0,22.22
4.4,17.1,0.00,0.00,0,22.93,0,2.95,0,2.95,0,22.22
4.2,17.1,0.00,0.00,0,22.93,0,2.95,0,2.95,0,22.22
4.8,17.1,0.00,0.00,0,22.93,0,2.95,0,2.95,0,22.22
4.6,17.1,0.00,0.00,0,22.93,0,2.95,0,2.95,0,22.22
4.8,17.1,0.00,0.00,0,22.93,0,2.95,0,2.95,0,22.22
5.0,17.1,0.00,0.00,0,22.93,0,2.95,0,2.95,0,22.22
5.0,17.1,0.00,0.00,0,22.93,0,2.95,0,2.95,0,22.22
4.8,17.1,0.00,0.00,0,22.93,0,2.95,0,2.95,0,22.22
4.6,17.1,0.00,0.00,0,22.93,0,2.95,0,2.95,0,22.22
4.8,17.1,0.00,0.00,0,22.93,0,2.95,0,2.95,0,22.22
4.8,17.1,0.00,0.00,0,22.93,0,2.95,0,2.95,0,22.22
4.6,17.1,0.00,0.00,0,22.93,0,2.95,0,2.95,0,22.22
4.4,17.1,0.00,0.00,0,22.93,0,2.95,0,2.95,0,22.22
4.6,17.1,0.00,0.00,0,22.93,0,2.95,0,2.95,0,22.22
4.6,17.1,0.00,0.00,0,22.93,0,2.95,0,2.95,0,22.22
4.4,17.1,0.00,0.00,0,22.93,0,2.95,0,2.95,0,22.22
4.8,17.1,0.00,0.00,0,22.93,0,2.95,0,2.95,0,22.22
4.4,17.1,0.00,0.00,0,22.93,0,2.95,0,2.95,0,22.22
4.8,17.1,0.00,0.00,0,22.93,0,2.95,0,2.95,0,22.22
4.4,17.1,0.00,0.00,0,22.93,0,2.95,0,2.95,0,22.22
4.8,17.1,0.00,0.00,0,22.93,0,2.95,0,2.95,0,22.22
4.6,17.1,0.00,0.00,0,22.93,0,2.95,0,2.95,0,22.22
4.2,17.1,0.00,0.00,0,22.93,0,2.95,0,2.95,0,22.22
4.6,17.1,0.00,0.00,0,22.93,0,2.95,0,2.95,0,22.22
4.6,17.1,0.00,0.00,0,22.93,0,2.95,0,2.95,0,22.22
5.0,17.1,0.00,0.00,0,22.93,0,2.95,0,2.95,0,22.22
4.6,17.1,0.00,0.00,0,22.93,0,2.95,0,2.95,0,22.22
4.8,17.1,0.00,0.00,0,22.93,0,2.95,0,2.95,0,22.22
4.2,17.1,0.00,0.00,0,22.93,0,2.95,0,2.95,0,22.22
4.4,17.1,0.00,0.00,0,22.93,0,2.95,0,2.95,0,22.22
4.4,17.1,0.00,0.00,0,22.93,0,2.95,0,2.95,0,22.22
4.6,17.1,0.00,0.00,0,22.93,0,2.95,0,2.95,0,22.22
4.6,17.1,0.00,0.00,0,22.93,0,2.95,0,2.95,0,22.22
5.0,17.1,0.00,0.00,0,22.93,0,2.95,0,2.95,0,22.22
4.8,17.1,0.00,0.00,0,22.93,0,2.95,0,2.95,0,22.22
4.6,17.1,0.00,0.00,0,22.93,0,2.95,0,2.95,0,22.22
4.6,17.1,0.00,0.00,0,22.93,0,2.95,0,2.95,0,22.22
4.4,17.1,0.00,0.00,0,22.93,0,2.95,0,2.95,0,22.22
4.4,17.1,0.00,0.00,0,22.93,0,2.95,0,2.95,0,22.22
4.4,17.1,0.00,0.00,0,22.93,0,2.95,0,2.95,0,22.22
4.8,17.1,0.00,0.00,0,22.93,0,2.95,0,2.95,0,22.22
4.4,17.1,0.00,0.00,0,22.93,0,2.95,0,2.95,0,22.22
4.6,17.1,0.00,0.00,0,22.93,0,2.95,0,2.95,0,22.22
4.6,17.1,0.00,0.00,0,22.93,0,2.95,0,2.95,0,22.22
4.4,17.1,0.00,0.00,0,22.93,0,2.95,0,2.95,0,22.22
4.8,17.1,0.00,0.00,0,22.93,0,2.95,0,2.95,0,22.22
4.8,17.1,0.00,0.00,0,22.93,0,2.95,0,2.95,0,22.22
4.4,17.1,0.00,0.00,0,22.93,0,2.95,0,2.95,0,22.22
4.4,17.1,0.00,0.00,0,22.93,0,2.95,0,2.95,0,22.22
4.6,17.1,0.00,0.00,0,22.93,0,2.95,0,2.95,0,22.22
4.2,17.1,0.00,0.00,0,22.93,0,2.95,0,2.95,0,22.22
4.6,17.1,0.00,0.00,0,22.93,0,2.95,0,2.95,0,22.22
4.4,17.1,0.00,0.00,0,22.93,0,2.95,0,2.95,0,22.22
4.6,17.1,0.00,0.00,0,22.93,0,2.95,0,2.95,0,22.22
4.2,17.1,0.00,0.00,0,22.93,0,2.95,0,2.95,0,22.22
4.6,17.1,0.00,0.00,0,22.93,0,2.95,0,2.95,0,22.22
4.8,17.1,0.00,0.00,0,22.93,0,2.95,0,2.95,0,22.22
4.4,17.1,0.00,0.00,0,22.93,0,2.95,0,2.95,0,22.22
4.6,17.1,0.00,0.00,0,22.93,0,2.95,0,2.95,0,22.22
4.4,17.1,0.00,0.00,0,22.93,0,2.95,0,2.95,0,22.22
4.8,17.1,0.00,0.00,0,22.93,0,2.95,0,2.95,0,22.22
4.6,17.1,0.00,0.00,0,22.93,0,2.95,0,2.95,0,22.22
4.8,17.1,0.00,0.00,0,22.93,0,2.95,0,2.95,0,22.22
4.4,17.1,0.00,0.00,0,22.93,0,2.95,0,2.95,0,22.22
4.2,17.1,0.00,0.00,0,22.93,0,2.95,0,2.95,0,22.22
4.8,17.1,0.00,0.00,0,22.93,0,2.95,0,2.95,0,22.22
4.6,17.1,0.00,0.00,0,22.93,0,2.95,0,2.95,0,22.22
4.4,17.1,0.00,0.00,0,22.93,0,2.95,0,2.95,0,22.22
4.4,17.1,0.00,0.00,0,22.93,0,2.95,0,2.95,0,22.22
4.6,17.1,0.00,0.00,0,22.93,0,2.95,0,2.95,0,22.22
4.4,17.1,0.00,0.00,0,22.93,0,2.95,0,2.95,0,22.22
4.6,17.1,0.00,0.00,0,22.93,0,2.95,0,2.95,0,22.22
4.8,17.1,0.00,0.00,0,22.93,0,2.95,0,2.95,0,22.22
4.4,17.1,0.00,0.00,0,22.93,0,2.95,0,2.95,0,22.22
4.4,17.1,0.00,0.00,0,22.93,0,2.95,0,2.95,0,22.22
4.4,17.1,0.00,0.00,0,22.93,0,2.95,0,2.95,0,22.22
4.8,17.1,0.00,0.00,0,22.93,0,2.95,0,2.95,0,22.22
4.6,17.1,0.00,0.00,0,22.93,0,2.95,0,2.95,0,22.22
4.6,17.1,0.00,0.00,0,22.93,0,2.95,0,2.95,0,22.22
4.8,17.1,0.00,0.00,0,22.93,0,2.95,0,2.95,0,22.22
5.0,17.1,0.00,0.00,0,22.93,0,2.95,0,2.95,0,22.22
4.6,17.1,0.00,0.00,0,22.93,0,2.95,0,2.95,0,22.22
4.4,17.1,0.00,0.00,0,22.93,0,2.95,0,2.95,0,22.22
4.6,17.1,0.00,0.00,0,22.93,0,2.95,0,2.95,0,22.22
5.0,17.1,0.00,0.00,0,22.93,0,2.95,0,2.95,0,22.22
4.4,17.1,0.00,0.00,0,22.93,0,2.95,0,2.95,0,22.22
4.8,17.1,0.00,0.00,0,22.93,0,2.95,0,2.95,0,22.22
4.8,17.1,0.00,0.00,0,22.93,0,2.95,0,2.95,0,22.22
4.4,17.1,0.00,0.00,0,22.93,0,2.95,0,2.95,0,22.22
4.6,17.1,0.00,0.00,0,22.93,0,2.95,0,2.95,0,22.22
4.6,17.1,0.00,0.00,0,22.93,0,2.95,0,2.95,0,22.22
5.0,17.1,0.00,0.00,0,22.93,0,2.95,0,2.95,0,22.22
4.4,17.1,0.00,0.00,0,22.93,0,2.95,0,2.95,0,22.22
4.6,17.1,0.00,0.00,0,22.93,0,2.95,0,2.95,0,22.22
4.8,17.1,0.00,0.00,0,22.93,0,2.95,0,2.95,0,22.22
4.4,17.1,0.00,0.00,0,22.93,0,2.95,0,2.95,0,22.22
4.4,17.1,0.00,0.00,0,22.93,0,2.95,0,2.95,0,22.22
4.2,17.1,0.00,0.00,0,22.93,0,2.95,0,2.95,0,22.22
4.4,17.1,0.00,0.00,0,22.93,0,2.95,0,2.95,0,22.22
4.8,17.1,0.00,0.00,0,22.93,0,2.95,0,2.95,0,22.22
5.0,17.1,0.00,0.00,0,22.93,0,2.95,0,2.95,0,22.22
4.4,17.1,0.00,0.00,0,22.93,0,2.95,0,2.95,0,22.22
5.0,17.1,0.00,0.00,0,22.93,0,2.95,0,2.95,0,22.22
4.6,17.1,0.00,0.00,0,22.93,0,2.95,0,2.95,0,22.22
4.2,17.1,0.00,0.00,0,22.93,0,2.95,0,2.95,0,22.22
4.8,17.1,0.00,0.00,0,22.93,0,2.95,0,2.95,0,22.22
4.6,17.1,0.00,0.00,0,22.93,0,2.95,0,2.95,0,22.22
4.6,17.1,0.00,0.00,0,22.93,0,2.95,0,2.95,0,22.22
4.4,17.1,0.00,0.00,0,22.93,0,2.95,0,2.95,0,22.22
4.6,17.1,0.00,0.00,0,22.93,0,2.95,0,2.95,0,22.22
4.6,17.1,0.00,0.00,0,22.93,0,2.95,0,2.95,0,22.22
4.6,17.1,0.00,0.00,0,22.93,0,2.95,0,2.95,0,22.22
5.0,17.1,0.00,0.00,0,22.93,0,2.95,0,2.95,0,22.22
4.4,17.1,0.00,0.00,0,22.93,0,2.95,0,2.95,0,22.22
4.8,17.1,0.00,0.00,0,22.93,0,2.95,0,2.95,0,22.22
4.8,17.1,0.00,0.00,0,22.93,0,2.95,0,2.95,0,22.22
4.4,17.1,0.00,0.00,0,22.93,0,2.95,0,2.95,0,22.22
5.0,17.1,0.00,0.00,0,22.93,0,2.95,0,2.95,0,22.22
5.0,17.1,0.00,0.00,0,22.93,0,2.95,0,2.95,0,22.22
4.4,17.1,0.00,0.00,0,22.93,0,2.95,0,2.95,0,22.22
4.4,17.1,0.00,0.00,0,22.93,0,2.95,0,2.95,0,22.22
4.4,17.1,0.00,0.00,0,22.93,0,2.95,0,2.95,0,22.22
4.4,17.1,0.00,0.00,0,22.93,0,2.95,0,2.95,0,22.22
4.6,17.1,0.00,0.00,0,22.93,0,2.95,0,2.95,0,22.22
4.8,17.1,0.00,0.00,0,22.93,0,2.95,0,2.95,0,22.22
4.6,17.1,0.00,0.00,0,22.93,0,2.95,0,2.95,0,22.22
4.8,17.1,0.00,0.00,0,22.93,0,2.95,0,2.95,0,22.22
5.0,17.1,0.00,0.00,0,22.93,0,2.95,0,2.95,0,22.22
4.8,17.1,0.00,0.00,0,22.93,0,2.95,0,2.95,0,22.22
4.8,17.1,0.00,0.00,0,22.93,0,2.95,0,2.95,0,22.22
4.4,17.1,0.00,0.00,0,22.93,0,2.95,0,2.95,0,22.22
4.4,17.1,0.00,0.00,0,22.93,0,2.95,0,2.95,0,22.22
4.8,17.1,0.00,0.00,0,22.93,0,2.95,0,2.95,0,22.22
4.6,17.1,0.00,0.00,0,22.93,0,2.95,0,2.95,0,22.22
4.4,17.1,0.00,0.00,0,22.93,0,2.95,0,2.95,0,22.22
4.6,17.1,0.00,0.00,0,22.93,0,2.95,0,2.95,0,22.22
4.8,17.1,0.00,0.00,0,22.93,0,2.95,0,2.95,0,22.22
4.8,17.1,0.00,0.00,0,22.93,0,2.95,0,2.95,0,22.22
4.8,17.1,0.00,0.00,0,22.93,0,2.95,0,2.95,0,22.22
4.8,17.1,0.00,0.00,0,22.93,0,2.95,0,2.95,0,22.22
4.2,17.1,0.00,0.00,0,22.93,0,2.95,0,2.95,0,22.22
4.4,17.1,0.00,0.00,0,22.93,0,2.95,0,2.95,0,22.22
4.6,17.1,0.00,0.00,0,22.93,0,2.95,0,2.95,0,22.22
4.6,17.1,0.00,0.00,0,22.93,0,2.95,0,2.95,0,22.22
4.6,17.1,0.00,0.00,0,22.93,0,2.95,0,2.95,0,22.22
4.8,17.1,0.00,0.00,0,22.93,0,2.95,0,2.95,0,22.22
4.6,17.1,0.00,0.00,0,22.93,0,2.95,0,2.95,0,22.22
4.6,17.1,0.00,0.00,0,22.93,0,2.95,0,2.95,0,22.22
4.4,17.1,0.00,0.00,0,22.93,0,2.95,0,2.95,0,22.22
4.6,17.1,0.00,0.00,0,22.93,0,2.95,0,2.95,0,22.22
4.8,17.1,0.00,0.00,0,22.93,0,2.95,0,2.95,0,22.22
4.8,17.1,0.00,0.00,0,22.93,0,2.95,0,2.95,0,22.22
4.6,17.1,0.00,0.00,0,22.93,0,2.95,0,2.95,0,22.22
4.4,17.1,0.00,0.00,0,22.93,0,2.95,0,2.95,0,22.22
4.6,17.1,0.00,0.00,0,22.93,0,2.95,0,2.95,0,22.22
4.4,17.1,0.00,0.00,0,22.93,0,2.95,0,2.95,0,22.22
4.6,17.1,0.00,0.00,0,22.93,0,2.95,0,2.95,0,22.22
4.4,17.1,0.00,0.00,0,22.93,0,2.95,0,2.95,0,22.22
4.6,17.1,0.00,0.00,0,22.93,0,2.95,0,2.95,0,22.22
4.8,17.1,0.00,0.00,0,22.93,0,2.95,0,2.95,0,22.22
4.4,17.1,0.00,0.00,0,22.93,0,2.95,0,2.95,0,22.22
4.6,17.1,0.00,0.00,0,22.93,0,2.95,0,2.95,0,22.22
4.4,17.1,0.00,0.00,0,22.93,0,2.95,0,2.95,0,22.22
4.4,17.1,0.00,0.00,0,22.93,0,2.95,0,2.95,0,22.22
4.8,17.1,0.00,0.00,0,22.93,0,2.95,0,2.95,0,22.22
5.0,17.1,0.00,0.00,0,22.93,0,2.95,0,2.95,0,22.22
4.6,17.1,0.00,0.00,0,22.93,0,2.95,0,2.95,0,22.22
4.6,17.1,0.00,0.00,0,22.93,0,2.95,0,2.95,0,22.22
4.6,17.1,0.00,0.00,0,22.93,0,2.95,0,2.95,0,22.22
4.6,17.1,0.00,0.00,0,22.93,0,2.95,0,2.95,0,22.22
4.6,17.1,0.00,0.00,0,22.93,0,2.95,0,2.95,0,22.22
4.6,17.1,0.00,0.00,0,22.93,0,2.95,0,2.95,0,22.22
4.8,17.1,0.00,0.00,0,22.93,0,2.95,0,2.95,0,22.22
4.4,17.1,0.00,0.00,0,22.93,0,2.95,0,2.95,0,22.22
4.6,17.1,0.00,0.00,0,22.93,0,2.95,0,2.95,0,22.22
4.6,17.1,0.00,0.00,0,22.93,0,2.95,0,2.95,0,22.22
4.6,17.1,0.00,0.00,0,22.93,0,2.95,0,2.95,0,22.22
4.6,17.1,0.00,0.00,0,22.93,0,2.95,0,2.95,0,22.22
4.6,17.1,0.00,0.00,0,22.93,0,2.95,0,2.95,0,22.22
4.4,17.1,0.00,0.00,0,22.93,0,2.95,0,2.95,0,22.22
4.4,17.1,0.00,0.00,0,22.93,0,2.95,0,2.95,0,22.22
4.6,17.1,0.00,0.00,0,22.93,0,2.95,0,2.95,0,22.22
4.6,17.1,0.00,0.00,0,22.93,0,2.95,0,2.95,0,22.22
4.4,17.1,0.00,0.00,0,22.93,0,2.95,0,2.95,0,22.22
4.6,17.1,0.00,0.00,0,22.93,0,2.95,0,2.95,0,22.22
4.8,17.1,0.00,0.00,0,22.93,0,2.95,0,2.95,0,22.22
4.4,17.1,0.00,0.00,0,22.93,0,2.95,0,2.95,0,22.22
4.8,17.1,0.00,0.00,0,22.93,0,2.95,0,2.95,0,22.22
4.4,17.1,0.00,0.00,0,22.93,0,2.95,0,2.95,0,22.22
4.6,17.1,0.00,0.00,0,22.93,0,2.95,0,2.95,0,22.22
4.8,17.1,0.00,0.00,0,22.93,0,2.95,0,2.95,0,22.22
4.4,17.1,0.00,0.00,0,22.93,0,2.95,0,2.95,0,22.22
4.4,17.1,0.00,0.00,0,22.93,0,2.95,0,2.95,0,22.22
4.8,17.1,0.00,0.00,0,22.93,0,2.95,0,2.95,0,22.22
4.4,17.1,0.00,0.00,0,22.93,0,2.95,0,2.95,0,22.22
4.6,17.1,0.00,0.00,0,22.93,0,2.95,0,2.95,0,22.22
4.6,17.1,0.00,0.00,0,22.93,0,2.95,0,2.95,0,22.22
4.6,17.1,0.00,0.00,0,22.93,0,2.95,0,2.95,0,22.22
4.6,17.1,0.00,0.00,0,22.93,0,2.95,0,2.95,0,22.22
4.6,17.1,0.00,0.00,0,22.93,0,2.95,0,2.95,0,22.22
4.6,17.1,0.00,0.00,0,22.93,0,2.95,0,2.95,0,22.22
4.4,17.1,0.00,0.00,0,22.93,0,2.95,0,2.95,0,22.22
4.4,17.1,0.00,0.00,0,22.93,0,2.95,0,2.95,0,22.22
4.8,17.1,0.00,0.00,0,22.93,0,2.95,0,2.95,0,22.22
4.8,17.1,0.00,0.00,0,22.93,0,2.95,0,2.95,0,22.22
4.6,17.1,0.00,0.00,0,22.93,0,2.95,0,2.95,0,22.22
4.4,17.1,0.00,0.00,0,22.93,0,2.95,0,2.95,0,22.22
4.6,17.1,0.00,0.00,0,22.93,0,2.95,0,2.95,0,22.22
4.6,17.1,0.00,0.00,0,22.93,0,2.95,0,2.95,0,22.22
4.6,17.1,0.00,0.00,0,22.93,0,2.95,0,2.95,0,22.22
4.8,17.1,0.00,0.00,0,22.93,0,2.95,0,2.95,0,22.22
4.4,17.1,0.00,0.00,0,22.93,0,2.95,0,2.95,0,22.22
4.2,17.1,0.00,0.00,0,22.93,0,2.95,0,2.95,0,22.22
4.2,17.1,0.00,0.00,0,22.93,0,2.95,0,2.95,0,22.22
4.6,17.1,0.00,0.00,0,22.93,0,2.95,0,2.95,0,22.22
4.8,17.1,0.00,0.00,0,22.93,0,2.95,0,2.95,0,22.22
4.6,17.1,0.00,0.00,0,22.93,0,2.95,0,2.95,0,22.22
5.0,17.1,0.00,0.00,0,22.93,0,2.95,0,2.95,0,22.22
4.4,17.1,0.00,0.00,0,22.93,0,2.95,0,2.95,0,22.22
4.8,17.1,0.00,0.00,0,22.93,0,2.95,0,2.95,0,22.22
4.6,17.1,0.00,0.00,0,22.93,0,2.95,0,2.95,0,22.22
4.2,17.1,0.00,0.00,0,22.93,0,2.95,0,2.95,0,22.22
4.8,17.1,0.00,0.00,0,22.93,0,2.95,0,2.95,0,22.22
4.8,17.1,0.00,0.00,0,22.93,0,2.95,0,2.95,0,22.22
4.8,17.1,0.00,0.00,0,22.93,0,2.95,0,2.95,0,22.22
4.4,17.1,0.00,0.00,0,22.93,0,2.95,0,2.95,0,22.22
4.4,17.1,0.00,0.00,0,22.93,0,2.95,0,2.95,0,22.22
4.4,17.1,0.00,0.00,0,22.93,0,2.95,0,2.95,0,22.22
4.6,17.1,0.00,0.00,0,22.93,0,2.95,0,2.95,0,22.22
4.8,17.1,0.00,0.00,0,22.93,0,2.95,0,2.95,0,22.22
4.6,17.1,0.00,0.00,0,22.93,0,2.95,0,2.95,0,22.22
4.6,17.1,0.00,0.00,0,22.93,0,2.95,0,2.95,0,22.22
4.6,17.1,0.00,0.00,0,22.93,0,2.95,0,2.95,0,22.22
4.6,17.1,0.00,0.00,0,22.93,0,2.95,0,2.95,0,22.22
4.8,17.1,0.00,0.00,0,22.93,0,2.95,0,2.95,0,22.22
5.0,17.1,0.00,0.00,0,22.93,0,2.95,0,2.95,0,22.22
4.6,17.1,0.00,0.00,0,22.93,0,2.95,0,2.95,0,22.22
4.8,17.1,0.00,0.00,0,22.93,0,2.95,0,2.95,0,22.22
4.6,17.1,0.00,0.00,0,22.93,0,2.95,0,2.95,0,22.22
4.6,17.1,0.00,0.00,0,22.93,0,2.95,0,2.95,0,22.22
4.4,17.1,0.00,0.00,0,22.93,0,2.95,0,2.95,0,22.22
4.2,17.1,0.00,0.00,0,22.93,0,2.95,0,2.95,0,22.22
4.4,17.1,0.00,0.00,0,22.93,0,2.95,0,2.95,0,22.22
4.6,17.1,0.00,0.00,0,22.93,0,2.95,0,2.95,0,22.22
4.6,17.1,0.00,0.00,0,22.93,0,2.95,0,2.95,0,22.22
4.8,17.1,0.00,0.00,0,22.93,0,2.95,0,2.95,0,22.22
4.4,17.1,0.00,0.00,0,22.93,0,2.95,0,2.95,0,22.22
4.4,17.1,0.00,0.00,0,22.93,0,2.95,0,2.95,0,22.22
4.6,17.1,0.00,0.00,0,22.93,0,2.95,0,2.95,0,22.22
5.0,17.1,0.00,0.00,0,22.93,0,2.95,0,2.95,0,22.22
4.4,17.1,0.00,0.00,0,22.93,0,2.95,0,2.95,0,22.22
5.0,17.1,0.00,0.00,0,22.93,0,2.95,0,2.95,0,22.22
4.4,17.1,0.00,0.00,0,22.93,0,2.95,0,2.95,0,22.22
4.6,17.1,0.00,0.00,0,22.93,0,2.95,0,2.95,0,22.22
4.8,17.1,0.00,0.00,0,22.93,0,2.95,0,2.95,0,22.22
4.6,17.1,0.00,0.00,0,22.93,0,2.95,0,2.95,0,22.22
5.0,17.1,0.00,0.00,0,22.93,0,2.95,0,2.95,0,22.22
5.0,17.1,0.00,0.00,0,22.93,0,2.95,0,2.95,0,22.22
4.8,17.1,0.00,0.00,0,22.93,0,2.95,0,2.95,0,22.22
4.4,17.1,0.00,0.00,0,22.93,0,2.95,0,2.95,0,22.22
4.6,17.1,0.00,0.00,0,22.93,0,2.95,0,2.95,0,22.22
4.8,17.1,0.00,0.00,0,22.93,0,2.95,0,2.95,0,22.22
4.4,17.1,0.00,0.00,0,22.93,0,2.95,0,2.95,0,22.22
4.6,17.1,0.00,0.00,0,22.93,0,2.95,0,2.95,0,22.22
4.6,17.1,0.00,0.00,0,22.93,0,2.95,0,2.95,0,22.22
4.4,17.1,0.00,0.00,0,22.93,0,2.95,0,2.95,0,22.22
4.2,17.1,0.00,0.00,0,22.93,0,2.95,0,2.95,0,22.22
4.4,17.1,0.00,0.00,0,22.93,0,2.95,0,2.95,0,22.22
4.6,17.1,0.00,0.00,0,22.93,0,2.95,0,2.95,0,22.22
4.4,17.1,0.00,0.00,0,22.93,0,2.95,0,2.95,0,22.22
4.4,17.1,0.00,0.00,0,22.93,0,2.95,0,2.95,0,22.22
4.8,17.1,0.00,0.00,0,22.93,0,2.95,0,2.95,0,22.22
4.6,17.1,0.00,0.00,0,22.93,0,2.95,0,2.95,0,22.22
4.6,17.1,0.00,0.00,0,22.93,0,2.95,0,2.95,0,22.22
4.6,17.1,0.00,0.00,0,22.93,0,2.95,0,2.95,0,22.22
4.8,17.1,0.00,0.00,0,22.93,0,2.95,0,2.95,0,22.22
4.4,17.1,0.00,0.00,0,22.93,0,2.95,0,2.95,0,22.22
4.4,17.1,0.00,0.00,0,22.93,0,2.95,0,2.95,0,22.22
4.8,17.1,0.00,0.00,0,22.93,0,2.95,0,2.95,0,22.22
4.6,17.1,0.00,0.00,0,22.93,0,2.95,0,2.95,0,22.22
4.6,17.1,0.00,0.00,0,22.93,0,2.95,0,2.95,0,22.22
4.6,17.1,0.00,0.00,0,22.93,0,2.95,0,2.95,0,22.22
4.6,17.1,0.00,0.00,0,22.93,0,2.95,0,2.95,0,22.22
4.6,17.1,0.00,0.00,0,22.93,0,2.95,0,2.95,0,22.22
4.4,17.1,0.00,0.00,0,22.93,0,2.95,0,2.95,0,22.22
4.8,17.1,0.00,0.00,0,22.93,0,2.95,0,2.95,0,22.22
4.6,17.1,0.00,0.00,0,22.93,0,2.95,0,2.95,0,22.22
4.4,17.1,0.00,0.00,0,22.93,0,2.95,0,2.95,0,22.22
4.6,17.1,0.00,0.00,0,22.93,0,2.95,0,2.95,0,22.22
4.2,17.1,0.00,0.00,0,22.93,0,2.95,0,2.95,0,22.22
4.6,17.1,0.00,0.00,0,22.93,0,2.95,0,2.95,0,22.22
4.6,17.1,0.00,0.00,0,22.93,0,2.95,0,2.95,0,22.22
4.6,17.1,0.00,0.00,0,22.93,0,2.95,0,2.95,0,22.22
4.4,17.1,0.00,0.00,0,22.93,0,2.95,0,2.95,0,22.22
4.4,17.1,0.00,0.00,0,22.93,0,2.95,0,2.95,0,22.22
4.6,17.1,0.00,0.00,0,22.93,0,2.95,0,2.95,0,22.22
4.2,17.1,0.00,0.00,0,22.93,0,2.95,0,2.95,0,22.22
4.6,17.1,0.00,0.00,0,22.93,0,2.95,0,2.95,0,22.22
4.4,17.1,0.00,0.00,0,22.93,0,2.95,0,2.95,0,22.22
4.4,17.1,0.00,0.00,0,22.93,0,2.95,0,2.95,0,22.22
4.4,17.1,0.00,0.00,0,22.93,0,2.95,0,2.95,0,22.22
4.4,17.1,0.00,0.00,0,22.93,0,2.95,0,2.95,0,22.22
4.8,17.1,0.00,0.00,0,22.93,0,2.95,0,2.95,0,22.22
5.0,17.1,0.00,0.00,0,22.93,0,2.95,0,2.95,0,22.22
4.4,17.1,0.00,0.00,0,22.93,0,2.95,0,2.95,0,22.22
4.4,17.1,0.00,0.00,0,22.93,0,2.95,0,2.95,0,22.22
4.6,17.1,0.00,0.00,0,22.93,0,2.95,0,2.95,0,22.22
4.6,17.1,0.00,0.00,0,22.93,0,2.95,0,2.95,0,22.22
4.6,17.1,0.00,0.00,0,22.93,0,2.95,0,2.95,0,22.22
4.8,17.1,0.00,0.00,0,22.93,0,2.95,0,2.95,0,22.22
4.4,17.1,0.00,0.00,0,22.93,0,2.95,0,2.95,0,22.22
4.8,17.1,0.00,0.00,0,22.93,0,2.95,0,2.95,0,22.22
4.2,17.1,0.00,0.00,0,22.93,0,2.95,0,2.95,0,22.22
4.8,17.1,0.00,0.00,0,22.93,0,2.95,0,2.95,0,22.22
5.0,17.1,0.00,0.00,0,22.93,0,2.95,0,2.95,0,22.22
4.4,17.1,0.00,0.00,0,22.93,0,2.95,0,2.95,0,22.22
4.4,17.1,0.00,0.00,0,22.93,0,2.95,0,2.95,0,22.22
4.6,17.1,0.00,0.00,0,22.93,0,2.95,0,2.95,0,22.22
4.6,17.1,0.00,0.00,0,22.93,0,2.95,0,2.95,0,22.22
4.6,17.1,0.00,0.00,0,22.93,0,2.95,0,2.95,0,22.22
4.8,17.1,0.00,0.00,0,22.93,0,2.95,0,2.95,0,22.22
4.4,17.1,0.00,0.00,0,22.93,0,2.95,0,2.95,0,22.22
4.2,17.1,0.00,0.00,0,22.93,0,2.95,0,2.95,0,22.22
4.6,17.1,0.00,0.00,0,22.93,0,2.95,0,2.95,0,22.22
4.6,17.1,0.00,0.00,0,22.93,0,2.95,0,2.95,0,22.22
4.6,17.1,0.00,0.00,0,22.93,0,2.95,0,2.95,0,22.22
4.6,17.1,0.00,0.00,0,22.93,0,2.95,0,2.95,0,22.22
4.8,17.1,0.00,0.00,0,22.93,0,2.95,0,2.95,0,22.22
4.8,17.1,0.00,0.00,0,22.93,0,2.95,0,2.95,0,22.22
4.4,17.1,0.00,0.00,0,22.93,0,2.95,0,2.95,0,22.22
4.6,17.1,0.00,0.00,0,22.93,0,2.95,0,2.95,0,22.22
4.4,17.1,0.00,0.00,0,22.93,0,2.95,0,2.95,0,22.22
4.8,17.1,0.00,0.00,0,22.93,0,2.95,0,2.95,0,22.22
4.8,17.1,0.00,0.00,0,22.93,0,2.95,0,2.95,0,22.22
4.6,17.1,0.00,0.00,0,22.93,0,2.95,0,2.95,0,22.22
4.6,17.1,0.00,0.00,0,22.93,0,2.95,0,2.95,0,22.22
4.2,17.1,0.00,0.00,0,22.93,0,2.95,0,2.95,0,22.22
4.4,17.1,0.00,0.00,0,22.93,0,2.95,0,2.95,0,22.22
4.6,17.1,0.00,0.00,0,22.93,0,2.95,0,2.95,0,22.22
4.8,17.1,0.00,0.00,0,22.93,0,2.95,0,2.95,0,22.22
4.6,17.1,0.00,0.00,0,22.93,0,2.95,0,2.95,0,22.22
4.4,17.1,0.00,0.00,0,22.93,0,2.95,0,2.95,0,22.22
4.6,17.1,0.00,0.00,0,22.93,0,2.95,0,2.95,0,22.22
4.4,17.1,0.00,0.00,0,22.93,0,2.95,0,2.95,0,22.22
4.8,17.1,0.00,0.00,0,22.93,0,2.95,0,2.95,0,22.22
4.6,17.1,0.00,0.00,0,22.93,0,2.95,0,2.95,0,22.22
4.4,17.1,0.00,0.00,0,22.93,0,2.95,0,2.95,0,22.22
4.4,17.1,0.00,0.00,0,22.93,0,2.95,0,2.95,0,22.22
4.8,17.1,0.00,0.00,0,22.93,0,2.95,0,2.95,0,22.22
5.0,17.1,0.00,0.00,0,22.93,0,2.95,0,2.95,0,22.22
4.4,17.1,0.00,0.00,0,22.93,0,2.95,0,2.95,0,22.22
5.0,17.1,0.00,0.00,0,22.93,0,2.95,0,2.95,0,22.22
5.0,17.1,0.00,0.00,0,22.93,0,2.95,0,2.95,0,22.22
5.0,17.1,0.00,0.00,0,22.93,0,2.95,0,2.95,0,22.22
4.4,17.1,0.00,0.00,0,22.93,0,2.95,0,2.95,0,22.22
4.8,17.1,0.00,0.00,0,22.93,0,2.95,0,2.95,0,22.22
4.8,17.1,0.00,0.00,0,22.93,0,2.95,0,2.95,0,22.22
4.8,17.1,0.00,0.00,0,22.93,0,2.95,0,2.95,0,22.22
4.4,17.1,0.00,0.00,0,22.93,0,2.95,0,2.95,0,22.22
4.4,17.1,0.00,0.00,0,22.93,0,2.95,0,2.95,0,22.22
5.0,17.1,0.00,0.00,0,22.93,0,2.95,0,2.95,0,22.22
4.4,17.1,0.00,0.00,0,22.93,0,2.95,0,2.95,0,22.22
4.8,17.1,0.00,0.00,0,22.93,0,2.95,0,2.95,0,22.22
4.4,17.1,0.00,0.00,0,22.93,0,2.95,0,2.95,0,22.22
4.8,17.1,0.00,0.00,0,22.93,0,2.95,0,2.95,0,22.22
4.4,17.1,0.00,0.00,0,22.93,0,2.95,0,2.95,0,22.22
4.8,17.1,0.00,0.00,0,22.93,0,2.95,0,2.95,0,22.22
4.4,17.1,0.00,0.00,0,22.93,0,2.95,0,2.95,0,22.22
4.4,17.1,0.00,0.00,0,22.93,0,2.95,0,2.95,0,22.22
4.8,17.1,0.00,0.00,0,22.93,0,2.95,0,2.95,0,22.22
4.4,17.1,0.00,0.00,0,22.93,0,2.95,0,2.95,0,22.22
4.6,17.1,0.00,0.00,0,22.93,0,2.95,0,2.95,0,22.22
4.8,17.1,0.00,0.00,0,22.93,0,2.95,0,2.95,0,22.22
4.4,17.1,0.00,0.00,0,22.93,0,2.95,0,2.95,0,22.22
4.4,17.1,0.00,0.00,0,22.93,0,2.95,0,2.95,0,22.22
4.4,17.1,0.00,0.00,0,22.93,0,2.95,0,2.95,0,22.22
4.4,17.1,0.00,0.00,0,22.93,0,2.95,0,2.95,0,22.22
4.8,17.1,0.00,0.00,0,22.93,0,2.95,0,2.95,0,22.22
4.4,17.1,0.00,0.00,0,22.93,0,2.95,0,2.95,0,22.22
4.6,17.1,0.00,0.00,0,22.93,0,2.95,0,2.95,0,22.22
4.8,17.1,0.00,0.00,0,22.93,0,2.95,0,2.95,0,22.22
4.8,17.1,0.00,0.00,0,22.93,0,2.95,0,2.95,0,22.22
4.4,17.1,0.00,0.00,0,22.93,0,2.95,0,2.95,0,22.22
4.6,17.1,0.00,0.00,0,22.93,0,2.95,0,2.95,0,22.22
4.4,17.1,0.00,0.00,0,22.93,0,2.95,0,2.95,0,22.22
4.6,17.1,0.00,0.00,0,22.93,0,2.95,0,2.95,0,22.22
4.6,17.1,0.00,0.00,0,22.93,0,2.95,0,2.95,0,22.22
4.8,17.1,0.00,0.00,0,22.93,0,2.95,0,2.95,0,22.22
5.0,17.1,0.00,0.00,0,22.93,0,2.95,0,2.95,0,22.22
4.4,17.1,0.00,0.00,0,22.93,0,2.95,0,2.95,0,22.22
4.6,17.1,0.00,0.00,0,22.93,0,2.95,0,2.95,0,22.22
4.6,17.1,0.00,0.00,0,22.93,0,2.95,0,2.95,0,22.22
4.6,17.1,0.00,0.00,0,22.93,0,2.95,0,2.95,0,22.22
4.6,17.1,0.00,0.00,0,22.93,0,2.95,0,2.95,0,22.22
4.4,17.1,0.00,0.00,0,22.93,0,2.95,0,2.95,0,22.22
4.4,17.1,0.00,0.00,0,22.93,0,2.95,0,2.95,0,22.22
4.4,17.1,0.00,0.00,0,22.93,0,2.95,0,2.95,0,22.22
4.4,17.1,0.00,0.00,0,22.93,0,2.95,0,2.95,0,22.22
4.6,17.1,0.00,0.00,0,22.93,0,2.95,0,2.95,0,22.22
4.8,17.1,0.00,0.00,0,22.93,0,2.95,0,2.95,0,22.22
4.4,17.1,0.00,0.00,0,22.93,0,2.95,0,2.95,0,22.22
4.4,17.1,0.00,0.00,0,22.93,0,2.95,0,2.95,0,22.22
4.6,17.1,0.00,0.00,0,22.93,0,2.95,0,2.95,0,22.22
4.6,17.1,0.00,0.00,0,22.93,0,2.95,0,2.95,0,22.22
4.6,17.1,0.00,0.00,0,22.93,0,2.95,0,2.95,0,22.22
4.6,17.1,0.00,0.00,0,22.93,0,2.95,0,2.95,0,22.22
4.8,17.1,0.00,0.00,0,22.93,0,2.95,0,2.95,0,22.22
4.6,17.1,0.00,0.00,0,22.93,0,2.95,0,2.95,0,22.22
4.8,17.1,0.00,0.00,0,22.93,0,2.95,0,2.95,0,22.22
4.4,17.1,0.00,0.00,0,22.93,0,2.95,0,2.95,0,22.22
5.0,17.1,0.00,0.00,0,22.93,0,2.95,0,2.95,0,22.22
4.6,17.1,0.00,0.00,0,22.93,0,2.95,0,2.95,0,22.22
4.6,17.1,0.00,0.00,0,22.93,0,2.95,0,2.95,0,22.22
4.2,17.1,0.00,0.00,0,22.93,0,2.95,0,2.95,0,22.22
4.6,17.1,0.00,0.00,0,22.93,0,2.95,0,2.95,0,22.22
4.6,17.1,0.00,0.00,0,22.93,0,2.95,0,2.95,0,22.22
4.4,17.1,0.00,0.00,0,22.93,0,2.95,0,2.95,0,22.22
4.6,17.1,0.00,0.00,0,22.93,0,2.95,0,2.95,0,22.22
4.6,17.1,0.00,0.00,0,22.93,0,2.95,0,2.95,0,22.22
4.8,17.1,0.00,0.00,0,22.93,0,2.95,0,2.95,0,22.22
4.4,17.1,0.00,0.00,0,22.93,0,2.95,0,2.95,0,22.22
4.6,17.1,0.00,0.00,0,22.93,0,2.95,0,2.95,0,22.22
4.2,17.1,0.00,0.00,0,22.93,0,2.95,0,2.95,0,22.22
4.6,17.1,0.00,0.00,0,22.93,0,2.95,0,2.95,0,22.22
4.6,17.1,0.00,0.00,0,22.93,0,2.95,0,2.95,0,22.22
4.2,17.1,0.00,0.00,0,22.93,0,2.95,0,2.95,0,22.22
4.4,17.1,0.00,0.00,0,22.93,0,2.95,0,2.95,0,22.22
4.4,17.1,0.00,0.00,0,22.93,0,2.95,0,2.95,0,22.22
4.4,17.1,0.00,0.00,0,22.93,0,2.95,0,2.95,0,22.22
4.4,17.1,0.00,0.00,0,22.93,0,2.95,0,2.95,0,22.22
4.8,17.1,0.00,0.00,0,22.93,0,2.95,0,2.95,0,22.22
4.2,17.1,0.00,0.00,0,22.93,0,2.95,0,2.95,0,22.22
4.6,17.1,0.00,0.00,0,22.93,0,2.95,0,2.95,0,22.22
4.6,17.1,0.00,0.00,0,22.93,0,2.95,0,2.95,0,22.22
4.6,17.1,0.00,0.00,0,22.93,0,2.95,0,2.95,0,22.22
4.6,17.1,0.00,0.00,0,22.93,0,2.95,0,2.95,0,22.22
4.4,17.1,0.00,0.00,0,22.93,0,2.95,0,2.95,0,22.22
4.2,17.1,0.00,0.00,0,22.93,0,2.95,0,2.95,0,22.22
4.4,17.1,0.00,0.00,0,22.93,0,2.95,0,2.95,0,22.22
4.8,17.1,0.00,0.00,0,22.93,0,2.95,0,2.95,0,22.22
4.6,17.1,0.00,0.00,0,22.93,0,2.95,0,2.95,0,22.22
4.6,17.1,0.00,0.00,0,22.93,0,2.95,0,2.95,0,22.22
4.8,17.1,0.00,0.00,0,22.93,0,2.95,0,2.95,0,22.22
4.6,17.1,0.00,0.00,0,22.93,0,2.95,0,2.95,0,22.22
4.8,17.1,0.00,0.00,0,22.93,0,2.95,0,2.95,0,22.22
4.4,17.1,0.00,0.00,0,22.93,0,2.95,0,2.95,0,22.22
4.6,17.1,0.00,0.00,0,22.93,0,2.95,0,2.95,0,22.22
4.8,17.1,0.00,0.00,0,22.93,0,2.95,0,2.95,0,22.22
4.8,17.1,0.00,0.00,0,22.93,0,2.95,0,2.95,0,22.22
5.0,17.1,0.00,0.00,0,22.93,0,2.95,0,2.95,0,22.22
4.6,17.1,0.00,0.00,0,22.93,0,2.95,0,2.95,0,22.22
5.0,17.1,0.00,0.00,0,22.93,0,2.95,0,2.95,0,22.22
4.4,17.1,0.00,0.00,0,22.93,0,2.95,0,2.95,0,22.22
4.6,17.1,0.00,0.00,0,22.93,0,2.95,0,2.95,0,22.22
4.6,17.1,0.00,0.00,0,22.93,0,2.95,0,2.95,0,22.22
4.6,17.1,0.00,0.00,0,22.93,0,2.95,0,2.95,0,22.22
4.4,17.1,0.00,0.00,0,22.93,0,2.95,0,2.95,0,22.22
4.6,17.1,0.00,0.00,0,22.93,0,2.95,0,2.95,0,22.22
4.2,17.1,0.00,0.00,0,22.93,0,2.95,0,2.95,0,22.22
4.6,17.1,0.00,0.00,0,22.93,0,2.95,0,2.95,0,22.22
4.4,17.1,0.00,0.00,0,22.93,0,2.95,0,2.95,0,22.22
5.0,17.1,0.00,0.00,0,22.93,0,2.95,0,2.95,0,22.22
4.6,17.1,0.00,0.00,0,22.93,0,2.95,0,2.95,0,22.22
4.4,17.1,0.00,0.00,0,22.93,0,2.95,0,2.95,0,22.22
4.6,17.1,0.00,0.00,0,22.93,0,2.95,0,2.95,0,22.22
4.6,17.1,0.00,0.00,0,22.93,0,2.95,0,2.95,0,22.22
4.6,17.1,0.00,0.00,0,22.93,0,2.95,0,2.95,0,22.22
4.8,17.1,0.00,0.00,0,22.93,0,2.95,0,2.95,0,22.22
4.6,17.1,0.00,0.00,0,22.93,0,2.95,0,2.95,0,22.22
4.8,17.1,0.00,0.00,0,22.93,0,2.95,0,2.95,0,22.22
4.8,17.1,0.00,0.00,0,22.93,0,2.95,0,2.95,0,22.22
4.6,17.1,0.00,0.00,0,22.93,0,2.95,0,2.95,0,22.22
4.4,17.1,0.00,0.00,0,22.93,0,2.95,0,2.95,0,22.22
4.6,17.1,0.00,0.00,0,22.93,0,2.95,0,2.95,0,22.22
4.4,17.1,0.00,0.00,0,22.93,0,2.95,0,2.95,0,22.22
4.6,17.1,0.00,0.00,0,22.93,0,2.95,0,2.95,0,22.22
4.4,17.1,0.00,0.00,0,22.93,0,2.95,0,2.95,0,22.22
4.6,17.1,0.00,0.00,0,22.93,0,2.95,0,2.95,0,22.22
4.8,17.1,0.00,0.00,0,22.93,0,2.95,0,2.95,0,22.22
4.4,17.1,0.00,0.00,0,22.93,0,2.95,0,2.95,0,22.22
5.0,17.1,0.00,0.00,0,22.93,0,2.95,0,2.95,0,22.22
4.2,17.1,0.00,0.00,0,22.93,0,2.95,0,2.95,0,22.22
4.4,17.1,0.00,0.00,0,22.93,0,2.95,0,2.95,0,22.22
4.6,17.1,0.00,0.00,0,22.93,0,2.95,0,2.95,0,22.22
4.6,17.1,0.00,0.00,0,22.93,0,2.95,0,2.95,0,22.22
4.4,17.1,0.00,0.00,0,22.93,0,2.95,0,2.95,0,22.22
4.2,17.1,0.00,0.00,0,22.93,0,2.95,0,2.95,0,22.22
4.8,17.1,0.00,0.00,0,22.93,0,2.95,0,2.95,0,22.22
4.6,17.1,0.00,0.00,0,22.93,0,2.95,0,2.95,0,22.22
4.8,17.1,0.00,0.00,0,22.93,0,2.95,0,2.95,0,22.22
4.6,17.1,0.00,0.00,0,22.93,0,2.95,0,2.95,0,22.22
4.6,17.1,0.00,0.00,0,22.93,0,2.95,0,2.95,0,22.22
4.8,17.1,0.00,0.00,0,22.93,0,2.95,0,2.95,0,22.22
4.8,17.1,0.00,0.00,0,22.93,0,2.95,0,2.95,0,22.22
4.8,17.1,0.00,0.00,0,22.93,0,2.95,0,2.95,0,22.22
4.4,17.1,0.00,0.00,0,22.93,0,2.95,0,2.95,0,22.22
4.6,17.1,0.00,0.00,0,22.93,0,2.95,0,2.95,0,22.22
4.4,17.1,0.00,0.00,0,22.93,0,2.95,0,2.95,0,22.22
4.4,17.1,0.00,0.00,0,22.93,0,2.95,0,2.95,0,22.22
4.6,17.1,0.00,0.00,0,22.93,0,2.95,0,2.95,0,22.22
4.8,17.1,0.00,0.00,0,22.93,0,2.95,0,2.95,0,22.22
4.6,17.1,0.00,0.00,0,22.93,0,2.95,0,2.95,0,22.22
4.2,17.1,0.00,0.00,0,22.93,0,2.95,0,2.95,0,22.22
4.4,17.1,0.00,0.00,0,22.93,0,2.95,0,2.95,0,22.22
4.6,17.1,0.00,0.00,0,22.93,0,2.95,0,2.95,0,22.22
4.4,17.1,0.00,0.00,0,22.93,0,2.95,0,2.95,0,22.22
4.8,17.1,0.00,0.00,0,22.93,0,2.95,0,2.95,0,22.22
4.8,17.1,0.00,0.00,0,22.93,0,2.95,0,2.95,0,22.22
4.2,17.1,0.00,0.00,0,22.93,0,2.95,0,2.95,0,22.22
4.6,17.1,0.00,0.00,0,22.93,0,2.95,0,2.95,0,22.22
4.4,17.1,0.00,0.00,0,22.93,0,2.95,0,2.95,0,22.22
4.4,17.1,0.00,0.00,0,22.93,0,2.95,0,2.95,0,22.22
4.8,17.1,0.00,0.00,0,22.93,0,2.95,0,2.95,0,22.22
4.6,17.1,0.00,0.00,0,22.93,0,2.95,0,2.95,0,22.22
4.6,17.1,0.00,0.00,0,22.93,0,2.95,0,2.95,0,22.22
5.6,17.1,0.00,0.00,0,22.93,0,2.95,0,2.95,0,22.22
4.6,17.1,0.00,0.00,0,22.93,0,2.95,0,2.95,0,22.22
4.6,17.1,0.00,0.00,0,22.93,0,2.95,0,2.95,0,22.22
4.6,17.1,0.00,0.00,0,22.93,0,2.95,0,2.95,0,22.22
4.6,17.1,0.00,0.00,0,22.93,0,2.95,0,2.95,0,22.22
5.0,17.1,0.00,0.00,0,22.93,0,2.95,0,2.95,0,22.22
4.4,17.1,0.00,0.00,0,22.93,0,2.95,0,2.95,0,22.22
4.6,17.1,0.00,0.00,0,22.93,0,2.95,0,2.95,0,22.22
4.4,17.1,0.00,0.00,0,22.93,0,2.95,0,2.95,0,22.22
4.6,17.1,0.00,0.00,0,22.93,0,2.95,0,2.95,0,22.22
4.8,17.1,0.00,0.00,0,22.93,0,2.95,0,2.95,0,22.22
4.6,17.1,0.00,0.00,0,22.93,0,2.95,0,2.95,0,22.22
4.6,17.1,0.00,0.00,0,22.93,0,2.95,0,2.95,0,22.22
4.4,17.1,0.00,0.00,0,22.93,0,2.95,0,2.95,0,22.22
4.4,17.1,0.00,0.00,0,22.93,0,2.95,0,2.95,0,22.22
4.2,17.1,0.00,0.00,0,22.93,0,2.95,0,2.95,0,22.22
4.8,17.1,0.00,0.00,0,22.93,0,2.95,0,2.95,0,22.22
4.6,17.1,0.00,0.00,0,22.93,0,2.95,0,2.95,0,22.22
4.4,17.1,0.00,0.00,0,22.93,0,2.95,0,2.95,0,22.22
4.8,17.1,0.00,0.00,0,22.93,0,2.95,0,2.95,0,22.22
4.6,17.1,0.00,0.00,0,22.93,0,2.95,0,2.95,0,22.22
4.8,17.1,0.00,0.00,0,22.93,0,2.95,0,2.95,0,22.22
4.8,17.1,0.00,0.00,0,22.93,0,2.95,0,2.95,0,22.22
4.4,17.1,0.00,0.00,0,22.93,0,2.95,0,2.95,0,22.22
4.6,17.1,0.00,0.00,0,22.93,0,2.95,0,2.95,0,22.22
4.6,17.1,0.00,0.00,0,22.93,0,2.95,0,2.95,0,22.22
4.8,17.1,0.00,0.00,0,22.93,0,2.95,0,2.95,0,22.22
4.6,17.1,0.00,0.00,0,22.93,0,2.95,0,2.95,0,22.22
4.8,17.1,0.00,0.00,0,22.93,0,2.95,0,2.95,0,22.22
4.8,17.1,0.00,0.00,0,22.93,0,2.95,0,2.95,0,22.22
4.8,17.1,0.00,0.00,0,22.93,0,2.95,0,2.95,0,22.22
4.8,17.1,0.00,0.00,0,22.93,0,2.95,0,2.95,0,22.22
4.4,17.1,0.00,0.00,0,22.93,0,2.95,0,2.95,0,22.22
4.6,17.1,0.00,0.00,0,22.93,0,2.95,0,2.95,0,22.22
4.6,17.1,0.00,0.00,0,22.93,0,2.95,0,2.95,0,22.22
4.6,17.1,0.00,0.00,0,22.93,0,2.95,0,2.95,0,22.22
4.4,17.1,0.00,0.00,0,22.93,0,2.95,0,2.95,0,22.22
4.6,17.1,0.00,0.00,0,22.93,0,2.95,0,2.95,0,22.22
4.6,17.1,0.00,0.00,0,22.93,0,2.95,0,2.95,0,22.22
5.0,17.1,0.00,0.00,0,22.93,0,2.95,0,2.95,0,22.22
4.6,17.1,0.00,0.00,0,22.93,0,2.95,0,2.95,0,22.22
4.6,17.1,0.00,0.00,0,22.93,0,2.95,0,2.95,0,22.22
4.6,17.1,0.00,0.00,0,22.93,0,2.95,0,2.95,0,22.22
4.8,17.1,0.00,0.00,0,22.93,0,2.95,0,2.95,0,22.22
4.4,17.1,0.00,0.00,0,22.93,0,2.95,0,2.95,0,22.22
4.6,17.1,0.00,0.00,0,22.93,0,2.95,0,2.95,0,22.22
4.6,17.1,0.00,0.00,0,22.93,0,2.95,0,2.95,0,22.22
4.8,17.1,0.00,0.00,0,22.93,0,2.95,0,2.95,0,22.22
4.4,17.1,0.00,0.00,0,22.93,0,2.95,0,2.95,0,22.22
4.6,17.1,0.00,0.00,0,22.93,0,2.95,0,2.95,0,22.22
4.8,17.1,0.00,0.00,0,22.93,0,2.95,0,2.95,0,22.22
4.8,17.1,0.00,0.00,0,22.93,0,2.95,0,2.95,0,22.22
4.8,17.1,0.00,0.00,0,22.93,0,2.95,0,2.95,0,22.22
4.2,17.1,0.00,0.00,0,22.93,0,2.95,0,2.95,0,22.22
4.2,17.1,0.00,0.00,0,22.93,0,2.95,0,2.95,0,22.22
4.8,17.1,0.00,0.00,0,22.93,0,2.95,0,2.95,0,22.22
4.4,17.1,0.00,0.00,0,22.93,0,2.95,0,2.95,0,22.22
4.6,17.1,0.00,0.00,0,22.93,0,2.95,0,2.95,0,22.22
4.6,17.1,0.00,0.00,0,22.93,0,2.95,0,2.95,0,22.22
4.6,17.1,0.00,0.00,0,22.93,0,2.95,0,2.95,0,22.22
4.8,17.1,0.00,0.00,0,22.93,0,2.95,0,2.95,0,22.22
5.0,17.1,0.00,0.00,0,22.93,0,2.95,0,2.95,0,22.22
4.4,17.1,0.00,0.00,0,22.93,0,2.95,0,2.95,0,22.22
4.6,17.1,0.00,0.00,0,22.93,0,2.95,0,2.95,0,22.22
4.6,17.1,0.00,0.00,0,22.93,0,2.95,0,2.95,0,22.22
4.8,17.1,0.00,0.00,0,22.93,0,2.95,0,2.95,0,22.22
4.6,17.1,0.00,0.00,0,22.93,0,2.95,0,2.95,0,22.22
4.2,17.1,0.00,0.00,0,22.93,0,2.95,0,2.95,0,22.22
4.8,17.1,0.00,0.00,0,22.93,0,2.95,0,2.95,0,22.22
4.4,17.1,0.00,0.00,0,22.93,0,2.95,0,2.95,0,22.22
4.6,17.1,0.00,0.00,0,22.93,0,2.95,0,2.95,0,22.22
4.6,17.1,0.00,0.00,0,22.93,0,2.95,0,2.95,0,22.22
4.8,17.1,0.00,0.00,0,22.93,0,2.95,0,2.95,0,22.22
4.4,17.1,0.00,0.00,0,22.93,0,2.95,0,2.95,0,22.22
4.6,17.1,0.00,0.00,0,22.93,0,2.95,0,2.95,0,22.22
4.6,17.1,0.00,0.00,0,22.93,0,2.95,0,2.95,0,22.22
4.6,17.1,0.00,0.00,0,22.93,0,2.95,0,2.95,0,22.22
5.2,17.1,0.00,0.00,0,22.93,0,2.95,0,2.95,0,22.22
4.6,17.1,0.00,0.00,0,22.93,0,2.95,0,2.95,0,22.22
4.2,17.1,0.00,0.00,0,22.93,0,2.95,0,2.95,0,22.22
4.6,17.1,0.00,0.00,0,22.93,0,2.95,0,2.95,0,22.22
4.6,17.1,0.00,0.00,0,22.93,0,2.95,0,2.95,0,22.22
4.6,17.1,0.00,0.00,0,22.93,0,2.95,0,2.95,0,22.22
4.4,17.1,0.00,0.00,0,22.93,0,2.95,0,2.95,0,22.22
4.4,17.1,0.00,0.00,0,22.93,0,2.95,0,2.95,0,22.22
4.4,17.1,0.00,0.00,0,22.93,0,2.95,0,2.95,0,22.22
4.4,17.1,0.00,0.00,0,22.93,0,2.95,0,2.95,0,22.22
4.6,17.1,0.00,0.00,0,22.93,0,2.95,0,2.95,0,22.22
4.2,17.1,0.00,0.00,0,22.93,0,2.95,0,2.95,0,22.22
4.8,17.1,0.00,0.00,0,22.93,0,2.95,0,2.95,0,22.22
4.6,17.1,0.00,0.00,0,22.93,0,2.95,0,2.95,0,22.22
4.2,17.1,0.00,0.00,0,22.93,0,2.95,0,2.95,0,22.22
4.8,17.1,0.00,0.00,0,22.93,0,2.95,0,2.95,0,22.22
4.4,17.1,0.00,0.00,0,22.93,0,2.95,0,2.95,0,22.22
4.4,17.1,0.00,0.00,0,22.93,0,2.95,0,2.95,0,22.22
4.8,17.1,0.00,0.00,0,22.93,0,2.95,0,2.95,0,22.22
4.8,17.1,0.00,0.00,0,22.93,0,2.95,0,2.95,0,22.22
4.6,17.1,0.00,0.00,0,22.93,0,2.95,0,2.95,0,22.22
4.2,17.1,0.00,0.00,0,22.93,0,2.95,0,2.95,0,22.22
5.0,17.1,0.00,0.00,0,22.93,0,2.95,0,2.95,0,22.22
4.6,17.1,0.00,0.00,0,22.93,0,2.95,0,2.95,0,22.22
4.6,17.1,0.00,0.00,0,22.93,0,2.95,0,2.95,0,22.22
4.6,17.1,0.00,0.00,0,22.93,0,2.95,0,2.95,0,22.22
4.6,17.1,0.00,0.00,0,22.93,0,2.95,0,2.95,0,22.22
4.8,17.1,0.00,0.00,0,22.93,0,2.95,0,2.95,0,22.22
4.6,17.1,0.00,0.00,0,22.93,0,2.95,0,2.95,0,22.22
4.6,17.1,0.00,0.00,0,22.93,0,2.95,0,2.95,0,22.22
4.2,17.1,0.00,0.00,0,22.93,0,2.95,0,2.95,0,22.22
4.6,17.1,0.00,0.00,0,22.93,0,2.95,0,2.95,0,22.22
4.4,17.1,0.00,0.00,0,22.93,0,2.95,0,2.95,0,22.22
4.6,17.1,0.00,0.00,0,22.93,0,2.95,0,2.95,0,22.22
4.6,17.1,0.00,0.00,0,22.93,0,2.95,0,2.95,0,22.22
4.4,17.1,0.00,0.00,0,22.93,0,2.95,0,2.95,0,22.22
4.2,17.1,0.00,0.00,0,22.93,0,2.95,0,2.95,0,22.22
4.8,17.1,0.00,0.00,0,22.93,0,2.95,0,2.95,0,22.22
4.6,17.1,0.00,0.00,0,22.93,0,2.95,0,2.95,0,22.22
4.8,17.1,0.00,0.00,0,22.93,0,2.95,0,2.95,0,22.22
4.2,17.1,0.00,0.00,0,22.93,0,2.95,0,2.95,0,22.22
4.8,17.1,0.00,0.00,0,22.93,0,2.95,0,2.95,0,22.22
4.4,17.1,0.00,0.00,0,22.93,0,2.95,0,2.95,0,22.22
4.6,17.1,0.00,0.00,0,22.93,0,2.95,0,2.95,0,22.22
4.8,17.1,0.00,0.00,0,22.93,0,2.95,0,2.95,0,22.22
4.4,17.1,0.00,0.00,0,22.93,0,2.95,0,2.95,0,22.22
5.0,17.1,0.00,0.00,0,22.93,0,2.95,0,2.95,0,22.22
4.8,17.1,0.00,0.00,0,22.93,0,2.95,0,2.95,0,22.22
4.6,17.1,0.00,0.00,0,22.93,0,2.95,0,2.95,0,22.22
4.4,17.1,0.00,0.00,0,22.93,0,2.95,0,2.95,0,22.22
4.4,17.1,0.00,0.00,0,22.93,0,2.95,0,2.95,0,22.22
4.8,17.1,0.00,0.00,0,22.93,0,2.95,0,2.95,0,22.22
4.8,17.1,0.00,0.00,0,22.93,0,2.95,0,2.95,0,22.22
5.0,17.1,0.00,0.00,0,22.93,0,2.95,0,2.95,0,22.22
5.0,17.1,0.00,0.00,0,22.93,0,2.95,0,2.95,0,22.22
4.6,17.1,0.00,0.00,0,22.93,0,2.95,0,2.95,0,22.22
4.4,17.1,0.00,0.00,0,22.93,0,2.95,0,2.95,0,22.22
4.2,17.1,0.00,0.00,0,22.93,0,2.95,0,2.95,0,22.22
4.6,17.1,0.00,0.00,0,22.93,0,2.95,0,2.95,0,22.22
4.2,17.1,0.00,0.00,0,22.93,0,2.95,0,2.95,0,22.22
4.4,17.1,0.00,0.00,0,22.93,0,2.95,0,2.95,0,22.22
4.6,17.1,0.00,0.00,0,22.93,0,2.95,0,2.95,0,22.22
4.6,17.1,0.00,0.00,0,22.93,0,2.95,0,2.95,0,22.22
5.2,17.1,0.00,0.00,0,22.93,0,2.95,0,2.95,0,22.22
4.6,17.1,0.00,0.00,0,22.93,0,2.95,0,2.95,0,22.22
5.0,17.1,0.00,0.00,0,22.93,0,2.95,0,2.95,0,22.22
4.6,17.1,0.00,0.00,0,22.93,0,2.95,0,2.95,0,22.22
4.8,17.1,0.00,0.00,0,22.93,0,2.95,0,2.95,0,22.22
4.2,17.1,0.00,0.00,0,22.93,0,2.95,0,2.95,0,22.22
4.4,17.1,0.00,0.00,0,22.93,0,2.95,0,2.95,0,22.22
4.2,17.1,0.00,0.00,0,22.93,0,2.95,0,2.95,0,22.22
4.4,17.1,0.00,0.00,0,22.93,0,2.95,0,2.95,0,22.22
5.0,17.1,0.00,0.00,0,22.93,0,2.95,0,2.95,0,22.22
4.4,17.1,0.00,0.00,0,22.93,0,2.95,0,2.95,0,22.22
4.8,17.1,0.00,0.00,0,22.93,0,2.95,0,2.95,0,22.22
4.4,17.1,0.00,0.00,0,22.93,0,2.95,0,2.95,0,22.22
4.4,17.1,0.00,0.00,0,22.93,0,2.95,0,2.95,0,22.22
4.8,17.1,0.00,0.00,0,22.93,0,2.95,0,2.95,0,22.22
4.8,17.1,0.00,0.00,0,22.93,0,2.95,0,2.95,0,22.22
4.6,17.1,0.00,0.00,0,22.93,0,2.95,0,2.95,0,22.22
4.4,17.1,0.00,0.00,0,22.93,0,2.95,0,2.95,0,22.22
4.6,17.1,0.00,0.00,0,22.93,0,2.95,0,2.95,0,22.22
4.4,17.1,0.00,0.00,0,22.93,0,2.95,0,2.95,0,22.22
4.6,17.1,0.00,0.00,0,22.93,0,2.95,0,2.95,0,22.22
4.4,17.1,0.00,0.00,0,22.93,0,2.95,0,2.95,0,22.22
4.6,17.1,0.00,0.00,0,22.93,0,2.95,0,2.95,0,22.22
4.6,17.1,0.00,0.00,0,22.93,0,2.95,0,2.95,0,22.22
4.4,17.1,0.00,0.00,0,22.93,0,2.95,0,2.95,0,22.22
4.6,17.1,0.00,0.00,0,22.93,0,2.95,0,2.95,0,22.22
4.4,17.1,0.00,0.00,0,22.93,0,2.95,0,2.95,0,22.22
4.2,17.1,0.00,0.00,0,22.93,0,2.95,0,2.95,0,22.22
4.6,17.1,0.00,0.00,0,22.93,0,2.95,0,2.95,0,22.22
4.6,17.1,0.00,0.00,0,22.93,0,2.95,0,2.95,0,22.22
4.8,17.1,0.00,0.00,0,22.93,0,2.95,0,2.95,0,22.22
4.4,17.1,0.00,0.00,0,22.93,0,2.95,0,2.95,0,22.22
4.6,17.1,0.00,0.00,0,22.93,0,2.95,0,2.95,0,22.22
4.6,17.1,0.00,0.00,0,22.93,0,2.95,0,2.95,0,22.22
4.4,17.1,0.00,0.00,0,22.93,0,2.95,0,2.95,0,22.22
4.8,17.1,0.00,0.00,0,22.93,0,2.95,0,2.95,0,22.22
4.6,17.1,0.00,0.00,0,22.93,0,2.95,0,2.95,0,22.22
4.6,17.1,0.00,0.00,0,22.93,0,2.95,0,2.95,0,22.22
4.2,17.1,0.00,0.00,0,22.93,0,2.95,0,2.95,0,22.22
5.0,17.1,0.00,0.00,0,22.93,0,2.95,0,2.95,0,22.22
4.6,17.1,0.00,0.00,0,22.93,0,2.95,0,2.95,0,22.22
4.6,17.1,0.00,0.00,0,22.93,0,2.95,0,2.95,0,22.22
4.8,17.1,0.00,0.00,0,22.93,0,2.95,0,2.95,0,22.22
4.6,17.1,0.00,0.00,0,22.93,0,2.95,0,2.95,0,22.22
4.4,17.1,0.00,0.00,0,22.93,0,2.95,0,2.95,0,22.22
4.4,17.1,0.00,0.00,0,22.93,0,2.95,0,2.95,0,22.22
4.4,17.1,0.00,0.00,0,22.93,0,2.95,0,2.95,0,22.22
4.4,17.1,0.00,0.00,0,22.93,0,2.95,0,2.95,0,22.22
4.6,17.1,0.00,0.00,0,22.93,0,2.95,0,2.95,0,22.22
4.6,17.1,0.00,0.00,0,22.93,0,2.95,0,2.95,0,22.22
4.6,17.1,0.00,0.00,0,22.93,0,2.95,0,2.95,0,22.22
4.4,17.1,0.00,0.00,0,22.93,0,2.95,0,2.95,0,22.22
4.6,17.1,0.00,0.00,0,22.93,0,2.95,0,2.95,0,22.22
4.4,17.1,0.00,0.00,0,22.93,0,2.95,0,2.95,0,22.22
4.4,17.1,0.00,0.00,0,22.93,0,2.95,0,2.95,0,22.22
4.8,17.1,0.00,0.00,0,22.93,0,2.95,0,2.95,0,22.22
4.4,17.1,0.00,0.00,0,22.93,0,2.95,0,2.95,0,22.22
4.4,17.1,0.00,0.00,0,22.93,0,2.95,0,2.95,0,22.22
4.6,17.1,0.00,0.00,0,22.93,0,2.95,0,2.95,0,22.22
4.8,17.1,0.00,0.00,0,22.93,0,2.95,0,2.95,0,22.22
4.4,17.1,0.00,0.00,0,22.93,0,2.95,0,2.95,0,22.22
4.8,17.1,0.00,0.00,0,22.93,0,2.95,0,2.95,0,22.22
4.4,17.1,0.00,0.00,0,22.93,0,2.95,0,2.95,0,22.22
4.8,17.1,0.00,0.00,0,22.93,0,2.95,0,2.95,0,22.22
4.8,17.1,0.00,0.00,0,22.93,0,2.95,0,2.95,0,22.22
4.4,17.1,0.00,0.00,0,22.93,0,2.95,0,2.95,0,22.22
4.6,17.1,0.00,0.00,0,22.93,0,2.95,0,2.95,0,22.22
4.6,17.1,0.00,0.00,0,22.93,0,2.95,0,2.95,0,22.22
4.8,17.1,0.00,0.00,0,22.93,0,2.95,0,2.95,0,22.22
4.8,17.1,0.00,0.00,0,22.93,0,2.95,0,2.95,0,22.22
4.4,17.1,0.00,0.00,0,22.93,0,2.95,0,2.95,0,22.22
4.8,17.1,0.00,0.00,0,22.93,0,2.95,0,2.95,0,22.22
4.4,17.1,0.00,0.00,0,22.93,0,2.95,0,2.95,0,22.22
4.4,17.1,0.00,0.00,0,22.93,0,2.95,0,2.95,0,22.22
4.4,17.1,0.00,0.00,0,22.93,0,2.95,0,2.95,0,22.22
5.0,17.1,0.00,0.00,0,22.93,0,2.95,0,2.95,0,22.22
4.2,17.1,0.00,0.00,0,22.93,0,2.95,0,2.95,0,22.22
4.4,17.1,0.00,0.00,0,22.93,0,2.95,0,2.95,0,22.22
4.8,17.1,0.00,0.00,0,22.93,0,2.95,0,2.95,0,22.22
4.6,17.1,0.00,0.00,0,22.93,0,2.95,0,2.95,0,22.22
4.8,17.1,0.00,0.00,0,22.93,0,2.95,0,2.95,0,22.22
4.4,17.1,0.00,0.00,0,22.93,0,2.95,0,2.95,0,22.22
4.4,17.1,0.00,0.00,0,22.93,0,2.95,0,2.95,0,22.22
4.4,17.1,0.00,0.00,0,22.93,0,2.95,0,2.95,0,22.22
4.6,17.1,0.00,0.00,0,22.93,0,2.95,0,2.95,0,22.22
4.8,17.1,0.00,0.00,0,22.93,0,2.95,0,2.95,0,22.22
4.4,17.1,0.00,0.00,0,22.93,0,2.95,0,2.95,0,22.22
4.6,17.1,0.00,0.00,0,22.93,0,2.95,0,2.95,0,22.22
4.4,17.1,0.00,0.00,0,22.93,0,2.95,0,2.95,0,22.22
4.8,17.1,0.00,0.00,0,22.93,0,2.95,0,2.95,0,22.22
4.6,17.1,0.00,0.00,0,22.93,0,2.95,0,2.95,0,22.22
4.6,17.1,0.00,0.00,0,22.93,0,2.95,0,2.95,0,22.22
4.4,17.1,0.00,0.00,0,22.93,0,2.95,0,2.95,0,22.22
4.4,17.1,0.00,0.00,0,22.93,0,2.95,0,2.95,0,22.22
4.4,17.1,0.00,0.00,0,22.93,0,2.95,0,2.95,0,22.22
4.6,17.1,0.00,0.00,0,22.93,0,2.95,0,2.95,0,22.22
4.8,17.1,0.00,0.00,0,22.93,0,2.95,0,2.95,0,22.22
4.6,17.1,0.00,0.00,0,22.93,0,2.95,0,2.95,0,22.22
4.4,17.1,0.00,0.00,0,22.93,0,2.95,0,2.95,0,22.22
4.4,17.1,0.00,0.00,0,22.93,0,2.95,0,2.95,0,22.22
4.2,17.1,0.00,0.00,0,22.93,0,2.95,0,2.95,0,22.22
4.8,17.1,0.00,0.00,0,22.93,0,2.95,0,2.95,0,22.22
4.4,17.1,0.00,0.00,0,22.93,0,2.95,0,2.95,0,22.22
4.8,17.1,0.00,0.00,0,22.93,0,2.95,0,2.95,0,22.22
4.6,17.1,0.00,0.00,0,22.93,0,2.95,0,2.95,0,22.22
4.6,17.1,0.00,0.00,0,22.93,0,2.95,0,2.95,0,22.22
4.4,17.1,0.00,0.00,0,22.93,0,2.95,0,2.95,0,22.22
4.8,17.1,0.00,0.00,0,22.93,0,2.95,0,2.95,0,22.22
4.6,17.1,0.00,0.00,0,22.93,0,2.95,0,2.95,0,22.22
4.6,17.1,0.00,0.00,0,22.93,0,2.95,0,2.95,0,22.22
4.6,17.1,0.00,0.00,0,22.93,0,2.95,0,2.95,0,22.22
4.4,17.1,0.00,0.00,0,22.93,0,2.95,0,2.95,0,22.22
4.4,17.1,0.00,0.00,0,22.93,0,2.95,0,2.95,0,22.22
4.4,17.1,0.00,0.00,0,22.93,0,2.95,0,2.95,0,22.22
4.6,17.1,0.00,0.00,0,22.93,0,2.95,0,2.95,0,22.22
5.0,17.1,0.00,0.00,0,22.93,0,2.95,0,2.95,0,22.22
4.6,17.1,0.00,0.00,0,22.93,0,2.95,0,2.95,0,22.22
4.2,17.1,0.00,0.00,0,22.93,0,2.95,0,2.95,0,22.22
4.6,17.1,0.00,0.00,0,22.93,0,2.95,0,2.95,0,22.22
4.8,17.1,0.00,0.00,0,22.93,0,2.95,0,2.95,0,22.22
4.6,17.1,0.00,0.00,0,22.93,0,2.95,0,2.95,0,22.22
5.0,17.1,0.00,0.00,0,22.93,0,2.95,0,2.95,0,22.22
4.6,17.1,0.00,0.00,0,22.93,0,2.95,0,2.95,0,22.22
4.6,17.1,0.00,0.00,0,22.93,0,2.95,0,2.95,0,22.22
4.6,17.1,0.00,0.00,0,22.93,0,2.95,0,2.95,0,22.22
4.2,17.1,0.00,0.00,0,22.93,0,2.95,0,2.95,0,22.22
5.0,17.1,0.00,0.00,0,22.93,0,2.95,0,2.95,0,22.22
4.6,17.1,0.00,0.00,0,22.93,0,2.95,0,2.95,0,22.22
5.0,17.1,0.00,0.00,0,22.93,0,2.95,0,2.95,0,22.22
4.6,17.1,0.00,0.00,0,22.93,0,2.95,0,2.95,0,22.22
4.2,17.1,0.00,0.00,0,22.93,0,2.95,0,2.95,0,22.22
4.8,17.1,0.00,0.00,0,22.93,0,2.95,0,2.95,0,22.22
4.6,17.1,0.00,0.00,0,22.93,0,2.95,0,2.95,0,22.22
4.6,17.1,0.00,0.00,0,22.93,0,2.95,0,2.95,0,22.22
4.8,17.1,0.00,0.00,0,22.93,0,2.95,0,2.95,0,22.22
4.6,17.1,0.00,0.00,0,22.93,0,2.95,0,2.95,0,22.22
4.8,17.1,0.00,0.00,0,22.93,0,2.95,0,2.95,0,22.22
4.4,17.1,0.00,0.00,0,22.93,0,2.95,0,2.95,0,22.22
4.4,17.1,0.00,0.00,0,22.93,0,2.95,0,2.95,0,22.22
4.8,17.1,0.00,0.00,0,22.93,0,2.95,0,2.95,0,22.22
4.4,17.1,0.00,0.00,0,22.93,0,2.95,0,2.95,0,22.22
4.8,17.1,0.00,0.00,0,22.93,0,2.95,0,2.95,0,22.22
4.6,17.1,0.00,0.00,0,22.93,0,2.95,0,2.95,0,22.22
4.6,17.1,0.00,0.00,0,22.93,0,2.95,0,2.95,0,22.22
4.6,17.1,0.00,0.00,0,22.93,0,2.95,0,2.95,0,22.22
4.6,17.1,0.00,0.00,0,22.93,0,2.95,0,2.95,0,22.22
4.6,17.1,0.00,0.00,0,22.93,0,2.95,0,2.95,0,22.22
4.6,17.1,0.00,0.00,0,22.93,0,2.95,0,2.95,0,22.22
4.8,17.1,0.00,0.00,0,22.93,0,2.95,0,2.95,0,22.22
4.6,17.1,0.00,0.00,0,22.93,0,2.95,0,2.95,0,22.22
4.6,17.1,0.00,0.00,0,22.93,0,2.95,0,2.95,0,22.22
4.4,17.1,0.00,0.00,0,22.93,0,2.95,0,2.95,0,22.22
4.6,17.1,0.00,0.00,0,22.93,0,2.95,0,2.95,0,22.22
4.4,17.1,0.00,0.00,0,22.93,0,2.95,0,2.95,0,22.22
4.8,17.1,0.00,0.00,0,22.93,0,2.95,0,2.95,0,22.22
4.6,17.1,0.00,0.00,0,22.93,0,2.95,0,2.95,0,22.22
4.6,17.1,0.00,0.00,0,22.93,0,2.95,0,2.95,0,22.22
4.8,17.1,0.00,0.00,0,22.93,0,2.95,0,2.95,0,22.22
4.4,17.1,0.00,0.00,0,22.93,0,2.95,0,2.95,0,22.22
4.6,17.1,0.00,0.00,0,22.93,0,2.95,0,2.95,0,22.22
4.6,17.1,0.00,0.00,0,22.93,0,2.95,0,2.95,0,22.22
4.4,17.1,0.00,0.00,0,22.93,0,2.95,0,2.95,0,22.22
5.0,17.1,0.00,0.00,0,22.93,0,2.95,0,2.95,0,22.22
4.6,17.1,0.00,0.00,0,22.93,0,2.95,0,2.95,0,22.22
5.0,17.1,0.00,0.00,0,22.93,0,2.95,0,2.95,0,22.22
4.6,17.1,0.00,0.00,0,22.93,0,2.95,0,2.95,0,22.22
4.4,17.1,0.00,0.00,0,22.93,0,2.95,0,2.95,0,22.22
5.0,17.1,0.00,0.00,0,22.93,0,2.95,0,2.95,0,22.22
4.6,17.1,0.00,0.00,0,22.93,0,2.95,0,2.95,0,22.22
4.8,17.1,0.00,0.00,0,22.93,0,2.95,0,2.95,0,22.22
4.6,17.1,0.00,0.00,0,22.93,0,2.95,0,2.95,0,22.22
4.8,17.1,0.00,0.00,0,22.93,0,2.95,0,2.95,0,22.22
4.8,17.1,0.00,0.00,0,22.93,0,2.95,0,2.95,0,22.22
4.6,17.1,0.00,0.00,0,22.93,0,2.95,0,2.95,0,22.22
4.6,17.1,0.00,0.00,0,22.93,0,2.95,0,2.95,0,22.22
4.4,17.1,0.00,0.00,0,22.93,0,2.95,0,2.95,0,22.22
4.4,17.1,0.00,0.00,0,22.93,0,2.95,0,2.95,0,22.22
4.4,17.1,0.00,0.00,0,22.93,0,2.95,0,2.95,0,22.22
4.2,17.1,0.00,0.00,0,22.93,0,2.95,0,2.95,0,22.22
4.4,17.1,0.00,0.00,0,22.93,0,2.95,0,2.95,0,22.22
4.6,17.1,0.00,0.00,0,22.93,0,2.95,0,2.95,0,22.22
4.4,17.1,0.00,0.00,0,22.93,0,2.95,0,2.95,0,22.22
4.6,17.1,0.00,0.00,0,22.93,0,2.95,0,2.95,0,22.22
4.8,17.1,0.00,0.00,0,22.93,0,2.95,0,2.95,0,22.22
5.0,17.1,0.00,0.00,0,22.93,0,2.95,0,2.95,0,22.22
4.8,17.1,0.00,0.00,0,22.93,0,2.95,0,2.95,0,22.22
4.8,17.1,0.00,0.00,0,22.93,0,2.95,0,2.95,0,22.22
4.4,17.1,0.00,0.00,0,22.93,0,2.95,0,2.95,0,22.22
4.8,17.1,0.00,0.00,0,22.93,0,2.95,0,2.95,0,22.22
4.8,17.1,0.00,0.00,0,22.93,0,2.95,0,2.95,0,22.22
4.4,17.1,0.00,0.00,0,22.93,0,2.95,0,2.95,0,22.22
4.6,17.1,0.00,0.00,0,22.93,0,2.95,0,2.95,0,22.22
4.6,17.1,0.00,0.00,0,22.93,0,2.95,0,2.95,0,22.22
4.6,17.1,0.00,0.00,0,22.93,0,2.95,0,2.95,0,22.22
4.4,17.1,0.00,0.00,0,22.93,0,2.95,0,2.95,0,22.22
4.8,17.1,0.00,0.00,0,22.93,0,2.95,0,2.95,0,22.22
4.6,17.1,0.00,0.00,0,22.93,0,2.95,0,2.95,0,22.22
4.8,17.1,0.00,0.00,0,22.93,0,2.95,0,2.95,0,22.22
4.8,17.1,0.00,0.00,0,22.93,0,2.95,0,2.95,0,22.22
4.4,17.1,0.00,0.00,0,22.93,0,2.95,0,2.95,0,22.22
5.0,17.1,0.00,0.00,0,22.93,0,2.95,0,2.95,0,22.22
4.4,17.1,0.00,0.00,0,22.93,0,2.95,0,2.95,0,22.22
4.6,17.1,0.00,0.00,0,22.93,0,2.95,0,2.95,0,22.22
4.6,17.1,0.00,0.00,0,22.93,0,2.95,0,2.95,0,22.22
4.4,17.1,0.00,0.00,0,22.93,0,2.95,0,2.95,0,22.22
4.6,17.1,0.00,0.00,0,22.93,0,2.95,0,2.95,0,22.22
4.4,17.1,0.00,0.00,0,22.93,0,2.95,0,2.95,0,22.22
4.8,17.1,0.00,0.00,0,22.93,0,2.95,0,2.95,0,22.22
4.8,17.1,0.00,0.00,0,22.93,0,2.95,0,2.95,0,22.22
4.4,17.1,0.00,0.00,0,22.93,0,2.95,0,2.95,0,22.22
4.2,17.1,0.00,0.00,0,22.93,0,2.95,0,2.95,0,22.22
4.4,17.1,0.00,0.00,0,22.93,0,2.95,0,2.95,0,22.22
4.8,17.1,0.00,0.00,0,22.93,0,2.95,0,2.95,0,22.22
4.6,17.1,0.00,0.00,0,22.93,0,2.95,0,2.95,0,22.22
4.6,17.1,0.00,0.00,0,22.93,0,2.95,0,2.95,0,22.22
4.8,17.1,0.00,0.00,0,22.93,0,2.95,0,2.95,0,22.22
4.6,17.1,0.00,0.00,0,22.93,0,2.95,0,2.95,0,22.22
4.6,17.1,0.00,0.00,0,22.93,0,2.95,0,2.95,0,22.22
4.4,17.1,0.00,0.00,0,22.93,0,2.95,0,2.95,0,22.22
4.4,17.1,0.00,0.00,0,22.93,0,2.95,0,2.95,0,22.22
4.4,17.1,0.00,0.00,0,22.93,0,2.95,0,2.95,0,22.22
4.6,17.1,0.00,0.00,0,22.93,0,2.95,0,2.95,0,22.22
4.4,17.1,0.00,0.00,0,22.93,0,2.95,0,2.95,0,22.22
4.4,17.1,0.00,0.00,0,22.93,0,2.95,0,2.95,0,22.22
4.4,17.1,0.00,0.00,0,22.93,0,2.95,0,2.95,0,22.22
4.2,17.1,0.00,0.00,0,22.93,0,2.95,0,2.95,0,22.22
4.2,17.1,0.00,0.00,0,22.93,0,2.95,0,2.95,0,22.22
4.4,17.1,0.00,0.00,0,22.93,0,2.95,0,2.95,0,22.22
4.6,17.1,0.00,0.00,0,22.93,0,2.95,0,2.95,0,22.22
4.4,17.1,0.00,0.00,0,22.93,0,2.95,0,2.95,0,22.22
5.0,17.1,0.00,0.00,0,22.93,0,2.95,0,2.95,0,22.22
5.0,17.1,0.00,0.00,0,22.93,0,2.95,0,2.95,0,22.22
4.4,17.1,0.00,0.00,0,22.93,0,2.95,0,2.95,0,22.22
4.6,17.1,0.00,0.00,0,22.93,0,2.95,0,2.95,0,22.22
4.4,17.1,0.00,0.00,0,22.93,0,2.95,0,2.95,0,22.22
4.4,17.1,0.00,0.00,0,22.93,0,2.95,0,2.95,0,22.22
4.2,17.1,0.00,0.00,0,22.93,0,2.95,0,2.95,0,22.22
4.6,17.1,0.00,0.00,0,22.93,0,2.95,0,2.95,0,22.22
4.6,17.1,0.00,0.00,0,22.93,0,2.95,0,2.95,0,22.22
4.8,17.1,0.00,0.00,0,22.93,0,2.95,0,2.95,0,22.22
4.6,17.1,0.00,0.00,0,22.93,0,2.95,0,2.95,0,22.22
4.6,17.1,0.00,0.00,0,22.93,0,2.95,0,2.95,0,22.22
4.6,17.1,0.00,0.00,0,22.93,0,2.95,0,2.95,0,22.22
4.8,17.1,0.00,0.00,0,22.93,0,2.95,0,2.95,0,22.22
4.4,17.1,0.00,0.00,0,22.93,0,2.95,0,2.95,0,22.22
4.8,17.1,0.00,0.00,0,22.93,0,2.95,0,2.95,0,22.22
4.6,17.1,0.00,0.00,0,22.93,0,2.95,0,2.95,0,22.22
4.4,17.1,0.00,0.00,0,22.93,0,2.95,0,2.95,0,22.22
4.6,17.1,0.00,0.00,0,22.93,0,2.95,0,2.95,0,22.22
4.8,17.1,0.00,0.00,0,22.93,0,2.95,0,2.95,0,22.22
4.8,17.1,0.00,0.00,0,22.93,0,2.95,0,2.95,0,22.22
4.2,17.1,0.00,0.00,0,22.93,0,2.95,0,2.95,0,22.22
4.4,17.1,0.00,0.00,0,22.93,0,2.95,0,2.95,0,22.22
4.8,17.1,0.00,0.00,0,22.93,0,2.95,0,2.95,0,22.22
4.6,17.1,0.00,0.00,0,22.93,0,2.95,0,2.95,0,22.22
4.6,17.1,0.00,0.00,0,22.93,0,2.95,0,2.95,0,22.22
4.6,17.1,0.00,0.00,0,22.93,0,2.95,0,2.95,0,22.22
4.6,17.1,0.00,0.00,0,22.93,0,2.95,0,2.95,0,22.22
4.4,17.1,0.00,0.00,0,22.93,0,2.95,0,2.95,0,22.22
5.0,17.1,0.00,0.00,0,22.93,0,2.95,0,2.95,0,22.22
4.6,17.1,0.00,0.00,0,22.93,0,2.95,0,2.95,0,22.22
4.8,17.1,0.00,0.00,0,22.93,0,2.95,0,2.95,0,22.22
4.4,17.1,0.00,0.00,0,22.93,0,2.95,0,2.95,0,22.22
4.8,17.1,0.00,0.00,0,22.93,0,2.95,0,2.95,0,22.22
5.0,17.1,0.00,0.00,0,22.93,0,2.95,0,2.95,0,22.22
4.2,17.1,0.00,0.00,0,22.93,0,2.95,0,2.95,0,22.22
5.0,17.1,0.00,0.00,0,22.93,0,2.95,0,2.95,0,22.22
4.6,17.1,0.00,0.00,0,22.93,0,2.95,0,2.95,0,22.22
5.2,17.1,0.00,0.00,0,22.93,0,2.95,0,2.95,0,22.22
4.8,17.1,0.00,0.00,0,22.93,0,2.95,0,2.95,0,22.22
4.4,17.1,0.00,0.00,0,22.93,0,2.95,0,2.95,0,22.22
4.6,17.1,0.00,0.00,0,22.93,0,2.95,0,2.95,0,22.22
4.8,17.1,0.00,0.00,0,22.93,0,2.95,0,2.95,0,22.22
5.0,17.1,0.00,0.00,0,22.93,0,2.95,0,2.95,0,22.22
4.6,17.1,0.00,0.00,0,22.93,0,2.95,0,2.95,0,22.22
4.4,17.1,0.00,0.00,0,22.93,0,2.95,0,2.95,0,22.22
4.8,17.1,0.00,0.00,0,22.93,0,2.95,0,2.95,0,22.22
4.4,17.1,0.00,0.00,0,22.93,0,2.95,0,2.95,0,22.22
4.8,17.1,0.00,0.00,0,22.93,0,2.95,0,2.95,0,22.22
4.4,17.1,0.00,0.00,0,22.93,0,2.95,0,2.95,0,22.22
4.4,17.1,0.00,0.00,0,22.93,0,2.95,0,2.95,0,22.22
4.8,17.1,0.00,0.00,0,22.93,0,2.95,0,2.95,0,22.22
4.2,17.1,0.00,0.00,0,22.93,0,2.95,0,2.95,0,22.22
4.8,17.1,0.00,0.00,0,22.93,0,2.95,0,2.95,0,22.22
4.4,17.1,0.00,0.00,0,22.93,0,2.95,0,2.95,0,22.22
4.6,17.1,0.00,0.00,0,22.93,0,2.95,0,2.95,0,22.22
4.2,17.1,0.00,0.00,0,22.93,0,2.95,0,2.95,0,22.22
4.4,17.1,0.00,0.00,0,22.93,0,2.95,0,2.95,0,22.22
4.4,17.1,0.00,0.00,0,22.93,0,2.95,0,2.95,0,22.22
4.4,17.1,0.00,0.00,0,22.93,0,2.95,0,2.95,0,22.22
4.8,17.1,0.00,0.00,0,22.93,0,2.95,0,2.95,0,22.22
4.2,17.1,0.00,0.00,0,22.93,0,2.95,0,2.95,0,22.22
4.4,17.1,0.00,0.00,0,22.93,0,2.95,0,2.95,0,22.22
4.6,17.1,0.00,0.00,0,22.93,0,2.95,0,2.95,0,22.22
4.6,17.1,0.00,0.00,0,22.93,0,2.95,0,2.95,0,22.22
4.8,17.1,0.00,0.00,0,22.93,0,2.95,0,2.95,0,22.22
4.8,17.1,0.00,0.00,0,22.93,0,2.95,0,2.95,0,22.22
4.6,17.1,0.00,0.00,0,22.93,0,2.95,0,2.95,0,22.22
4.6,17.1,0.00,0.00,0,22.93,0,2.95,0,2.95,0,22.22
4.6,17.1,0.00,0.00,0,22.93,0,2.95,0,2.95,0,22.22
4.4,17.1,0.00,0.00,0,22.93,0,2.95,0,2.95,0,22.22
4.4,17.1,0.00,0.00,0,22.93,0,2.95,0,2.95,0,22.22
4.6,17.1,0.00,0.00,0,22.93,0,2.95,0,2.95,0,22.22
4.4,17.1,0.00,0.00,0,22.93,0,2.95,0,2.95,0,22.22
4.8,17.1,0.00,0.00,0,22.93,0,2.95,0,2.95,0,22.22
4.6,17.1,0.00,0.00,0,22.93,0,2.95,0,2.95,0,22.22
4.4,17.1,0.00,0.00,0,22.93,0,2.95,0,2.95,0,22.22
4.4,17.1,0.00,0.00,0,22.93,0,2.95,0,2.95,0,22.22
4.2,17.1,0.00,0.00,0,22.93,0,2.95,0,2.95,0,22.22
4.4,17.1,0.00,0.00,0,22.93,0,2.95,0,2.95,0,22.22
4.6,17.1,0.00,0.00,0,22.93,0,2.95,0,2.95,0,22.22
4.6,17.1,0.00,0.00,0,22.93,0,2.95,0,2.95,0,22.22
4.4,17.1,0.00,0.00,0,22.93,0,2.95,0,2.95,0,22.22
4.6,17.1,0.00,0.00,0,22.93,0,2.95,0,2.95,0,22.22
4.6,17.1,0.00,0.00,0,22.93,0,2.95,0,2.95,0,22.22
4.2,17.1,0.00,0.00,0,22.93,0,2.95,0,2.95,0,22.22
4.8,17.1,0.00,0.00,0,22.93,0,2.95,0,2.95,0,22.22
4.4,17.1,0.00,0.00,0,22.93,0,2.95,0,2.95,0,22.22
4.4,17.1,0.00,0.00,0,22.93,0,2.95,0,2.95,0,22.22
4.4,17.1,0.00,0.00,0,22.93,0,2.95,0,2.95,0,22.22
4.6,17.1,0.00,0.00,0,22.93,0,2.95,0,2.95,0,22.22
4.6,17.1,0.00,0.00,0,22.93,0,2.95,0,2.95,0,22.22
4.6,17.1,0.00,0.00,0,22.93,0,2.95,0,2.95,0,22.22
4.8,17.1,0.00,0.00,0,22.93,0,2.95,0,2.95,0,22.22
4.6,17.1,0.00,0.00,0,22.93,0,2.95,0,2.95,0,22.22
4.8,17.1,0.00,0.00,0,22.93,0,2.95,0,2.95,0,22.22
4.8,17.1,0.00,0.00,0,22.93,0,2.95,0,2.95,0,22.22
4.2,17.1,0.00,0.00,0,22.93,0,2.95,0,2.95,0,22.22
4.8,17.1,0.00,0.00,0,22.93,0,2.95,0,2.95,0,22.22
4.6,17.1,0.00,0.00,0,22.93,0,2.95,0,2.95,0,22.22
4.8,17.1,0.00,0.00,0,22.93,0,2.95,0,2.95,0,22.22
4.4,17.1,0.00,0.00,0,22.93,0,2.95,0,2.95,0,22.22
4.6,17.1,0.00,0.00,0,22.93,0,2.95,0,2.95,0,22.22
4.4,17.1,0.00,0.00,0,22.93,0,2.95,0,2.95,0,22.22
4.2,17.1,0.00,0.00,0,22.93,0,2.95,0,2.95,0,22.22
4.6,17.1,0.00,0.00,0,22.93,0,2.95,0,2.95,0,22.22
4.6,17.1,0.00,0.00,0,22.93,0,2.95,0,2.95,0,22.22
4.6,17.1,0.00,0.00,0,22.93,0,2.95,0,2.95,0,22.22
4.6,17.1,0.00,0.00,0,22.93,0,2.95,0,2.95,0,22.22
4.6,17.1,0.00,0.00,0,22.93,0,2.95,0,2.95,0,22.22
4.4,17.1,0.00,0.00,0,22.93,0,2.95,0,2.95,0,22.22
4.4,17.1,0.00,0.00,0,22.93,0,2.95,0,2.95,0,22.22
4.8,17.1,0.00,0.00,0,22.93,0,2.95,0,2.95,0,22.22
4.8,17.1,0.00,0.00,0,22.93,0,2.95,0,2.95,0,22.22
4.4,17.1,0.00,0.00,0,22.93,0,2.95,0,2.95,0,22.22
5.0,17.1,0.00,0.00,0,22.93,0,2.95,0,2.95,0,22.22
4.6,17.1,0.00,0.00,0,22.93,0,2.95,0,2.95,0,22.22
4.6,17.1,0.00,0.00,0,22.93,0,2.95,0,2.95,0,22.22
4.4,17.1,0.00,0.00,0,22.93,0,2.95,0,2.95,0,22.22
4.8,17.1,0.00,0.00,0,22.93,0,2.95,0,2.95,0,22.22
4.4,17.1,0.00,0.00,0,22.93,0,2.95,0,2.95,0,22.22
4.6,17.1,0.00,0.00,0,22.93,0,2.95,0,2.95,0,22.22
4.6,17.1,0.00,0.00,0,22.93,0,2.95,0,2.95,0,22.22
4.8,17.1,0.00,0.00,0,22.93,0,2.95,0,2.95,0,22.22
4.8,17.1,0.00,0.00,0,22.93,0,2.95,0,2.95,0,22.22
4.6,17.1,0.00,0.00,0,22.93,0,2.95,0,2.95,0,22.22
5.0,17.1,0.00,0.00,0,22.93,0,2.95,0,2.95,0,22.22
4.4,17.1,0.00,0.00,0,22.93,0,2.95,0,2.95,0,22.22
4.4,17.1,0.00,0.00,0,22.93,0,2.95,0,2.95,0,22.22
4.4,17.1,0.00,0.00,0,22.93,0,2.95,0,2.95,0,22.22
4.8,17.1,0.00,0.00,0,22.93,0,2.95,0,2.95,0,22.22
4.8,17.1,0.00,0.00,0,22.93,0,2.95,0,2.95,0,22.22
4.4,17.1,0.00,0.00,0,22.93,0,2.95,0,2.95,0,22.22
4.6,17.1,0.00,0.00,0,22.93,0,2.95,0,2.95,0,22.22
4.6,17.1,0.00,0.00,0,22.93,0,2.95,0,2.95,0,22.22
4.2,17.1,0.00,0.00,0,22.93,0,2.95,0,2.95,0,22.22
4.2,17.1,0.00,0.00,0,22.93,0,2.95,0,2.95,0,22.22
4.6,17.1,0.00,0.00,0,22.93,0,2.95,0,2.95,0,22.22
5.0,17.1,0.00,0.00,0,22.93,0,2.95,0,2.95,0,22.22
4.6,17.1,0.00,0.00,0,22.93,0,2.95,0,2.95,0,22.22
4.2,17.1,0.00,0.00,0,22.93,0,2.95,0,2.95,0,22.22
4.6,17.1,0.00,0.00,0,22.93,0,2.95,0,2.95,0,22.22
4.6,17.1,0.00,0.00,0,22.93,0,2.95,0,2.95,0,22.22
4.4,17.1,0.00,0.00,0,22.93,0,2.95,0,2.95,0,22.22
4.6,17.1,0.00,0.00,0,22.93,0,2.95,0,2.95,0,22.22
4.4,17.1,0.00,0.00,0,22.93,0,2.95,0,2.95,0,22.22
4.6,17.1,0.00,0.00,0,22.93,0,2.95,0,2.95,0,22.22
4.6,17.1,0.00,0.00,0,22.93,0,2.95,0,2.95,0,22.22
4.6,17.1,0.00,0.00,0,22.93,0,2.95,0,2.95,0,22.22
4.6,17.1,0.00,0.00,0,22.93,0,2.95,0,2.95,0,22.22
4.6,17.1,0.00,0.00,0,22.93,0,2.95,0,2.95,0,22.22
4.8,17.1,0.00,0.00,0,22.93,0,2.95,0,2.95,0,22.22
4.6,17.1,0.00,0.00,0,22.93,0,2.95,0,2.95,0,22.22
4.4,17.1,0.00,0.00,0,22.93,0,2.95,0,2.95,0,22.22
4.8,17.1,0.00,0.00,0,22.93,0,2.95,0,2.95,0,22.22
4.6,17.1,0.00,0.00,0,22.93,0,2.95,0,2.95,0,22.22
4.4,17.1,0.00,0.00,0,22.93,0,2.95,0,2.95,0,22.22
4.6,17.1,0.00,0.00,0,22.93,0,2.95,0,2.95,0,22.22
4.8,17.1,0.00,0.00,0,22.93,0,2.95,0,2.95,0,22.22
4.8,17.1,0.00,0.00,0,22.93,0,2.95,0,2.95,0,22.22
4.6,17.1,0.00,0.00,0,22.93,0,2.95,0,2.95,0,22.22
4.4,17.1,0.00,0.00,0,22.93,0,2.95,0,2.95,0,22.22
4.2,17.1,0.00,0.00,0,22.93,0,2.95,0,2.95,0,22.22
4.4,17.1,0.00,0.00,0,22.93,0,2.95,0,2.95,0,22.22
4.4,17.1,0.00,0.00,0,22.93,0,2.95,0,2.95,0,22.22
4.2,17.1,0.00,0.00,0,22.93,0,2.95,0,2.95,0,22.22
4.6,17.1,0.00,0.00,0,22.93,0,2.95,0,2.95,0,22.22
4.8,17.1,0.00,0.00,0,22.93,0,2.95,0,2.95,0,22.22
4.4,17.1,0.00,0.00,0,22.93,0,2.95,0,2.95,0,22.22
4.4,17.1,0.00,0.00,0,22.93,0,2.95,0,2.95,0,22.22
4.6,17.1,0.00,0.00,0,22.93,0,2.95,0,2.95,0,22.22
4.6,17.1,0.00,0.00,0,22.93,0,2.95,0,2.95,0,22.22
4.8,17.1,0.00,0.00,0,22.93,0,2.95,0,2.95,0,22.22
4.8,17.1,0.00,0.00,0,22.93,0,2.95,0,2.95,0,22.22
4.8,17.1,0.00,0.00,0,22.93,0,2.95,0,2.95,0,22.22
4.6,17.1,0.00,0.00,0,22.93,0,2.95,0,2.95,0,22.22
4.8,17.1,0.00,0.00,0,22.93,0,2.95,0,2.95,0,22.22
4.8,17.1,0.00,0.00,0,22.93,0,2.95,0,2.95,0,22.22
4.8,17.1,0.00,0.00,0,22.93,0,2.95,0,2.95,0,22.22
4.4,17.1,0.00,0.00,0,22.93,0,2.95,0,2.95,0,22.22
4.4,17.1,0.00,0.00,0,22.93,0,2.95,0,2.95,0,22.22
4.6,17.1,0.00,0.00,0,22.93,0,2.95,0,2.95,0,22.22
4.4,17.1,0.00,0.00,0,22.93,0,2.95,0,2.95,0,22.22
4.6,17.1,0.00,0.00,0,22.93,0,2.95,0,2.95,0,22.22
4.6,17.1,0.00,0.00,0,22.93,0,2.95,0,2.95,0,22.22
4.6,17.1,0.00,0.00,0,22.93,0,2.95,0,2.95,0,22.22
4.8,17.1,0.00,0.00,0,22.93,0,2.95,0,2.95,0,22.22
4.8,17.1,0.00,0.00,0,22.93,0,2.95,0,2.95,0,22.22
4.4,17.1,0.00,0.00,0,22.93,0,2.95,0,2.95,0,22.22
4.6,17.1,0.00,0.00,0,22.93,0,2.95,0,2.95,0,22.22
4.4,17.1,0.00,0.00,0,22.93,0,2.95,0,2.95,0,22.22
4.6,17.1,0.00,0.00,0,22.93,0,2.95,0,2.95,0,22.22
4.8,17.1,0.00,0.00,0,22.93,0,2.95,0,2.95,0,22.22
4.4,17.1,0.00,0.00,0,22.93,0,2.95,0,2.95,0,22.22
4.8,17.1,0.00,0.00,0,22.93,0,2.95,0,2.95,0,22.22
4.4,17.1,0.00,0.00,0,22.93,0,2.95,0,2.95,0,22.22
4.6,17.1,0.00,0.00,0,22.93,0,2.95,0,2.95,0,22.22
4.4,17.1,0.00,0.00,0,22.93,0,2.95,0,2.95,0,22.22
4.4,17.1,0.00,0.00,0,22.93,0,2.95,0,2.95,0,22.22
4.4,17.1,0.00,0.00,0,22.93,0,2.95,0,2.95,0,22.22
4.4,17.1,0.00,0.00,0,22.93,0,2.95,0,2.95,0,22.22
5.0,17.1,0.00,0.00,0,22.93,0,2.95,0,2.95,0,22.22
4.6,17.1,0.00,0.00,0,22.93,0,2.95,0,2.95,0,22.22
4.6,17.1,0.00,0.00,0,22.93,0,2.95,0,2.95,0,22.22
4.6,17.1,0.00,0.00,0,22.93,0,2.95,0,2.95,0,22.22
4.4,17.1,0.00,0.00,0,22.93,0,2.95,0,2.95,0,22.22
4.8,17.1,0.00,0.00,0,22.93,0,2.95,0,2.95,0,22.22
4.8,17.1,0.00,0.00,0,22.93,0,2.95,0,2.95,0,22.22
4.8,17.1,0.00,0.00,0,22.93,0,2.95,0,2.95,0,22.22
4.2,17.1,0.00,0.00,0,22.93,0,2.95,0,2.95,0,22.22
4.4,17.1,0.00,0.00,0,22.93,0,2.95,0,2.95,0,22.22
4.2,17.1,0.00,0.00,0,22.93,0,2.95,0,2.95,0,22.22
4.8,17.1,0.00,0.00,0,22.93,0,2.95,0,2.95,0,22.22
4.6,17.1,0.00,0.00,0,22.93,0,2.95,0,2.95,0,22.22
4.2,17.1,0.00,0.00,0,22.93,0,2.95,0,2.95,0,22.22
4.8,17.1,0.00,0.00,0,22.93,0,2.95,0,2.95,0,22.22
4.4,17.1,0.00,0.00,0,22.93,0,2.95,0,2.95,0,22.22
4.4,17.1,0.00,0.00,0,22.93,0,2.95,0,2.95,0,22.22
4.2,17.1,0.00,0.00,0,22.93,0,2.95,0,2.95,0,22.22
4.8,17.1,0.00,0.00,0,22.93,0,2.95,0,2.95,0,22.22
4.6,17.1,0.00,0.00,0,22.93,0,2.95,0,2.95,0,22.22
4.6,17.1,0.00,0.00,0,22.93,0,2.95,0,2.95,0,22.22
4.4,17.1,0.00,0.00,0,22.93,0,2.95,0,2.95,0,22.22
4.4,17.1,0.00,0.00,0,22.93,0,2.95,0,2.95,0,22.22
4.6,17.1,0.00,0.00,0,22.93,0,2.95,0,2.95,0,22.22
4.6,17.1,0.00,0.00,0,22.93,0,2.95,0,2.95,0,22.22
4.4,17.1,0.00,0.00,0,22.93,0,2.95,0,2.95,0,22.22
4.8,17.1,0.00,0.00,0,22.93,0,2.95,0,2.95,0,22.22
4.6,17.1,0.00,0.00,0,22.93,0,2.95,0,2.95,0,22.22
4.4,17.1,0.00,0.00,0,22.93,0,2.95,0,2.95,0,22.22
4.6,17.1,0.00,0.00,0,22.93,0,2.95,0,2.95,0,22.22
4.4,17.1,0.00,0.00,0,22.93,0,2.95,0,2.95,0,22.22
4.6,17.1,0.00,0.00,0,22.93,0,2.95,0,2.95,0,22.22
4.6,17.1,0.00,0.00,0,22.93,0,2.95,0,2.95,0,22.22
5.0,17.1,0.00,0.00,0,22.93,0,2.95,0,2.95,0,22.22
4.4,17.1,0.00,0.00,0,22.93,0,2.95,0,2.95,0,22.22
4.4,17.1,0.00,0.00,0,22.93,0,2.95,0,2.95,0,22.22
4.6,17.1,0.00,0.00,0,22.93,0,2.95,0,2.95,0,22.22
4.4,17.1,0.00,0.00,0,22.93,0,2.95,0,2.95,0,22.22
4.6,17.1,0.00,0.00,0,22.93,0,2.95,0,2.95,0,22.22
4.8,17.1,0.00,0.00,0,22.93,0,2.95,0,2.95,0,22.22
5.0,17.1,0.00,0.00,0,22.93,0,2.95,0,2.95,0,22.22
4.4,17.1,0.00,0.00,0,22.93,0,2.95,0,2.95,0,22.22
4.2,17.1,0.00,0.00,0,22.93,0,2.95,0,2.95,0,22.22
4.6,17.1,0.00,0.00,0,22.93,0,2.95,0,2.95,0,22.22
4.6,17.1,0.00,0.00,0,22.93,0,2.95,0,2.95,0,22.22
4.6,17.1,0.00,0.00,0,22.93,0,2.95,0,2.95,0,22.22
4.6,17.1,0.00,0.00,0,22.93,0,2.95,0,2.95,0,22.22
4.8,17.1,0.00,0.00,0,22.93,0,2.95,0,2.95,0,22.22
4.4,17.1,0.00,0.00,0,22.93,0,2.95,0,2.95,0,22.22
4.6,17.1,0.00,0.00,0,22.93,0,2.95,0,2.95,0,22.22
4.2,17.1,0.00,0.00,0,22.93,0,2.95,0,2.95,0,22.22
4.6,17.1,0.00,0.00,0,22.93,0,2.95,0,2.95,0,22.22
4.8,17.1,0.00,0.00,0,22.93,0,2.95,0,2.95,0,22.22
4.8,17.1,0.00,0.00,0,22.93,0,2.95,0,2.95,0,22.22
4.4,17.1,0.00,0.00,0,22.93,0,2.95,0,2.95,0,22.22
4.4,17.1,0.00,0.00,0,22.93,0,2.95,0,2.95,0,22.22
4.4,17.1,0.00,0.00,0,22.93,0,2.95,0,2.95,0,22.22
4.6,17.1,0.00,0.00,0,22.93,0,2.95,0,2.95,0,22.22
4.6,17.1,0.00,0.00,0,22.93,0,2.95,0,2.95,0,22.22
4.6,17.1,0.00,0.00,0,22.93,0,2.95,0,2.95,0,22.22
4.4,17.1,0.00,0.00,0,22.93,0,2.95,0,2.95,0,22.22
4.8,17.1,0.00,0.00,0,22.93,0,2.95,0,2.95,0,22.22
4.6,17.1,0.00,0.00,0,22.93,0,2.95,0,2.95,0,22.22
4.4,17.1,0.00,0.00,0,22.93,0,2.95,0,2.95,0,22.22
5.2,17.1,0.00,0.00,0,22.93,0,2.95,0,2.95,0,22.22
4.4,17.1,0.00,0.00,0,22.93,0,2.95,0,2.95,0,22.22
4.2,17.1,0.00,0.00,0,22.93,0,2.95,0,2.95,0,22.22
4.6,17.1,0.00,0.00,0,22.93,0,2.95,0,2.95,0,22.22
4.6,17.1,0.00,0.00,0,22.93,0,2.95,0,2.95,0,22.22
4.6,17.1,0.00,0.00,0,22.93,0,2.95,0,2.95,0,22.22
4.6,17.1,0.00,0.00,0,22.93,0,2.95,0,2.95,0,22.22
4.6,17.1,0.00,0.00,0,22.93,0,2.95,0,2.95,0,22.22
4.6,17.1,0.00,0.00,0,22.93,0,2.95,0,2.95,0,22.22
4.8,17.1,0.00,0.00,0,22.93,0,2.95,0,2.95,0,22.22
4.4,17.1,0.00,0.00,0,22.93,0,2.95,0,2.95,0,22.22
4.8,17.1,0.00,0.00,0,22.93,0,2.95,0,2.95,0,22.22
4.6,17.1,0.00,0.00,0,22.93,0,2.95,0,2.95,0,22.22
4.6,17.1,0.00,0.00,0,22.93,0,2.95,0,2.95,0,22.22
5.0,17.1,0.00,0.00,0,22.93,0,2.95,0,2.95,0,22.22
4.6,17.1,0.00,0.00,0,22.93,0,2.95,0,2.95,0,22.22
4.4,17.1,0.00,0.00,0,22.93,0,2.95,0,2.95,0,22.22
4.6,17.1,0.00,0.00,0,22.93,0,2.95,0,2.95,0,22.22
4.6,17.1,0.00,0.00,0,22.93,0,2.95,0,2.95,0,22.22
4.4,17.1,0.00,0.00,0,22.93,0,2.95,0,2.95,0,22.22
4.4,17.1,0.00,0.00,0,22.93,0,2.95,0,2.95,0,22.22
4.6,17.1,0.00,0.00,0,22.93,0,2.95,0,2.95,0,22.22
4.6,17.1,0.00,0.00,0,22.93,0,2.95,0,2.95,0,22.22
4.6,17.1,0.00,0.00,0,22.93,0,2.95,0,2.95,0,22.22
4.8,17.1,0.00,0.00,0,22.93,0,2.95,0,2.95,0,22.22
4.6,17.1,0.00,0.00,0,22.93,0,2.95,0,2.95,0,22.22
4.6,17.1,0.00,0.00,0,22.93,0,2.95,0,2.95,0,22.22
4.4,17.1,0.00,0.00,0,22.93,0,2.95,0,2.95,0,22.22
4.4,17.1,0.00,0.00,0,22.93,0,2.95,0,2.95,0,22.22
4.6,17.1,0.00,0.00,0,22.93,0,2.95,0,2.95,0,22.22
4.4,17.1,0.00,0.00,0,22.93,0,2.95,0,2.95,0,22.22
4.8,17.1,0.00,0.00,0,22.93,0,2.95,0,2.95,0,22.22
4.6,17.1,0.00,0.00,0,22.93,0,2.95,0,2.95,0,22.22
4.6,17.1,0.00,0.00,0,22.93,0,2.95,0,2.95,0,22.22
4.8,17.1,0.00,0.00,0,22.93,0,2.95,0,2.95,0,22.22
4.4,17.1,0.00,0.00,0,22.93,0,2.95,0,2.95,0,22.22
4.4,17.1,0.00,0.00,0,22.93,0,2.95,0,2.95,0,22.22
4.4,17.1,0.00,0.00,0,22.93,0,2.95,0,2.95,0,22.22
4.6,17.1,0.00,0.00,0,22.93,0,2.95,0,2.95,0,22.22
5.0,17.1,0.00,0.00,0,22.93,0,2.95,0,2.95,0,22.22
4.8,17.1,0.00,0.00,0,22.93,0,2.95,0,2.95,0,22.22
4.6,17.1,0.00,0.00,0,22.93,0,2.95,0,2.95,0,22.22
4.4,17.1,0.00,0.00,0,22.93,0,2.95,0,2.95,0,22.22
4.8,17.1,0.00,0.00,0,22.93,0,2.95,0,2.95,0,22.22
4.6,17.1,0.00,0.00,0,22.93,0,2.95,0,2.95,0,22.22
4.6,17.1,0.00,0.00,0,22.93,0,2.95,0,2.95,0,22.22
4.4,17.1,0.00,0.00,0,22.93,0,2.95,0,2.95,0,22.22
5.0,17.1,0.00,0.00,0,22.93,0,2.95,0,2.95,0,22.22
5.2,17.1,0.00,0.00,0,22.93,0,2.95,0,2.95,0,22.22
4.4,17.1,0.00,0.00,0,22.93,0,2.95,0,2.95,0,22.22
4.6,17.1,0.00,0.00,0,22.93,0,2.95,0,2.95,0,22.22
4.6,17.1,0.00,0.00,0,22.93,0,2.95,0,2.95,0,22.22
4.6,17.1,0.00,0.00,0,22.93,0,2.95,0,2.95,0,22.22
4.6,17.1,0.00,0.00,0,22.93,0,2.95,0,2.95,0,22.22
4.4,17.1,0.00,0.00,0,22.93,0,2.95,0,2.95,0,22.22
4.6,17.1,0.00,0.00,0,22.93,0,2.95,0,2.95,0,22.22
4.4,17.1,0.00,0.00,0,22.93,0,2.95,0,2.95,0,22.22
5.0,17.1,0.00,0.00,0,22.93,0,2.95,0,2.95,0,22.22
4.6,17.1,0.00,0.00,0,22.93,0,2.95,0,2.95,0,22.22
4.8,17.1,0.00,0.00,0,22.93,0,2.95,0,2.95,0,22.22
4.4,17.1,0.00,0.00,0,22.93,0,2.95,0,2.95,0,22.22
4.4,17.1,0.00,0.00,0,22.93,0,2.95,0,2.95,0,22.22
4.6,17.1,0.00,0.00,0,22.93,0,2.95,0,2.95,0,22.22
4.2,17.1,0.00,0.00,0,22.93,0,2.95,0,2.95,0,22.22
4.6,17.1,0.00,0.00,0,22.93,0,2.95,0,2.95,0,22.22
4.4,17.1,0.00,0.00,0,22.93,0,2.95,0,2.95,0,22.22
4.6,17.1,0.00,0.00,0,22.93,0,2.95,0,2.95,0,22.22
4.6,17.1,0.00,0.00,0,22.93,0,2.95,0,2.95,0,22.22
5.0,17.1,0.00,0.00,0,22.93,0,2.95,0,2.95,0,22.22
4.4,17.1,0.00,0.00,0,22.93,0,2.95,0,2.95,0,22.22
4.4,17.1,0.00,0.00,0,22.93,0,2.95,0,2.95,0,22.22
4.6,17.1,0.00,0.00,0,22.93,0,2.95,0,2.95,0,22.22
4.2,17.1,0.00,0.00,0,22.93,0,2.95,0,2.95,0,22.22
4.4,17.1,0.00,0.00,0,22.93,0,2.95,0,2.95,0,22.22
4.4,17.1,0.00,0.00,0,22.93,0,2.95,0,2.95,0,22.22
4.2,17.1,0.00,0.00,0,22.93,0,2.95,0,2.95,0,22.22
4.4,17.1,0.00,0.00,0,22.93,0,2.95,0,2.95,0,22.22
4.6,17.1,0.00,0.00,0,22.93,0,2.95,0,2.95,0,22.22
5.0,17.1,0.00,0.00,0,22.93,0,2.95,0,2.95,0,22.22
4.8,17.1,0.00,0.00,0,22.93,0,2.95,0,2.95,0,22.22
4.8,17.1,0.00,0.00,0,22.93,0,2.95,0,2.95,0,22.22
5.0,17.1,0.00,0.00,0,22.93,0,2.95,0,2.95,0,22.22
4.6,17.1,0.00,0.00,0,22.93,0,2.95,0,2.95,0,22.22
4.6,17.1,0.00,0.00,0,22.93,0,2.95,0,2.95,0,22.22
4.4,17.1,0.00,0.00,0,22.93,0,2.95,0,2.95,0,22.22
4.6,17.1,0.00,0.00,0,22.93,0,2.95,0,2.95,0,22.22
4.8,17.1,0.00,0.00,0,22.93,0,2.95,0,2.95,0,22.22
4.8,17.1,0.00,0.00,0,22.93,0,2.95,0,2.95,0,22.22
4.4,17.1,0.00,0.00,0,22.93,0,2.95,0,2.95,0,22.22
4.8,17.1,0.00,0.00,0,22.93,0,2.95,0,2.95,0,22.22
4.8,17.1,0.00,0.00,0,22.93,0,2.95,0,2.95,0,22.22
4.2,17.1,0.00,0.00,0,22.93,0,2.95,0,2.95,0,22.22
4.6,17.1,0.00,0.00,0,22.93,0,2.95,0,2.95,0,22.22
5.0,17.1,0.00,0.00,0,22.93,0,2.95,0,2.95,0,22.22
4.8,17.1,0.00,0.00,0,22.93,0,2.95,0,2.95,0,22.22
4.6,17.1,0.00,0.00,0,22.93,0,2.95,0,2.95,0,22.22
4.4,17.1,0.00,0.00,0,22.93,0,2.95,0,2.95,0,22.22
4.6,17.1,0.00,0.00,0,22.93,0,2.95,0,2.95,0,22.22
4.8,17.1,0.00,0.00,0,22.93,0,2.95,0,2.95,0,22.22
4.8,17.1,0.00,0.00,0,22.93,0,2.95,0,2.95,0,22.22
4.8,17.1,0.00,0.00,0,22.93,0,2.95,0,2.95,0,22.22
4.2,17.1,0.00,0.00,0,22.93,0,2.95,0,2.95,0,22.22
4.6,17.1,0.00,0.00,0,22.93,0,2.95,0,2.95,0,22.22
4.6,17.1,0.00,0.00,0,22.93,0,2.95,0,2.95,0,22.22
4.8,17.1,0.00,0.00,0,22.93,0,2.95,0,2.95,0,22.22
4.4,17.1,0.00,0.00,0,22.93,0,2.95,0,2.95,0,22.22
4.6,17.1,0.00,0.00,0,22.93,0,2.95,0,2.95,0,22.22
4.6,17.1,0.00,0.00,0,22.93,0,2.95,0,2.95,0,22.22
4.4,17.1,0.00,0.00,0,22.93,0,2.95,0,2.95,0,22.22
4.4,17.1,0.00,0.00,0,22.93,0,2.95,0,2.95,0,22.22
4.6,17.1,0.00,0.00,0,22.93,0,2.95,0,2.95,0,22.22
4.6,17.1,0.00,0.00,0,22.93,0,2.95,0,2.95,0,22.22
4.4,17.1,0.00,0.00,0,22.93,0,2.95,0,2.95,0,22.22
4.6,17.1,0.00,0.00,0,22.93,0,2.95,0,2.95,0,22.22
4.4,17.1,0.00,0.00,0,22.93,0,2.95,0,2.95,0,22.22
5.0,17.1,0.00,0.00,0,22.93,0,2.95,0,2.95,0,22.22
4.6,17.1,0.00,0.00,0,22.93,0,2.95,0,2.95,0,22.22
6.0,17.1,0.00,0.00,0,22.93,0,2.95,0,2.95,0,22.22
4.4,17.1,0.00,0.00,0,22.93,0,2.95,0,2.95,0,22.22
4.6,17.1,0.00,0.00,0,22.93,0,2.95,0,2.95,0,22.22
4.4,17.1,0.00,0.00,0,22.93,0,2.95,0,2.95,0,22.22
4.4,17.1,0.00,0.00,0,22.93,0,2.95,0,2.95,0,22.22
4.4,17.1,0.00,0.00,0,22.93,0,2.95,0,2.95,0,22.22
5.4,17.1,0.00,0.00,0,22.93,0,2.95,0,2.95,0,22.22
4.4,17.1,0.00,0.00,0,22.93,0,2.95,0,2.95,0,22.22
4.4,17.1,0.00,0.00,0,22.93,0,2.95,0,2.95,0,22.22
4.4,17.1,0.00,0.00,0,22.93,0,2.95,0,2.95,0,22.22
4.6,17.1,0.00,0.00,0,22.93,0,2.95,0,2.95,0,22.22
4.6,17.1,0.00,0.00,0,22.93,0,2.95,0,2.95,0,22.22
4.6,17.1,0.00,0.00,0,22.93,0,2.95,0,2.95,0,22.22
4.6,17.1,0.00,0.00,0,22.93,0,2.95,0,2.95,0,22.22
4.8,17.1,0.00,0.00,0,22.93,0,2.95,0,2.95,0,22.22
4.6,17.1,0.00,0.00,0,22.93,0,2.95,0,2.95,0,22.22
4.4,17.1,0.00,0.00,0,22.93,0,2.95,0,2.95,0,22.22
4.4,17.1,0.00,0.00,0,22.93,0,2.95,0,2.95,0,22.22
5.0,17.1,0.00,0.00,0,22.93,0,2.95,0,2.95,0,22.22
4.4,17.1,0.00,0.00,0,22.93,0,2.95,0,2.95,0,22.22
4.6,17.1,0.00,0.00,0,22.93,0,2.95,0,2.95,0,22.22
4.4,17.1,0.00,0.00,0,22.93,0,2.95,0,2.95,0,22.22
4.2,17.1,0.00,0.00,0,22.93,0,2.95,0,2.95,0,22.22
4.6,17.1,0.00,0.00,0,22.93,0,2.95,0,2.95,0,22.22
4.6,17.1,0.00,0.00,0,22.93,0,2.95,0,2.95,0,22.22
4.8,17.1,0.00,0.00,0,22.93,0,2.95,0,2.95,0,22.22
4.2,17.1,0.00,0.00,0,22.93,0,2.95,0,2.95,0,22.22
4.4,17.1,0.00,0.00,0,22.93,0,2.95,0,2.95,0,22.22
4.4,17.1,0.00,0.00,0,22.93,0,2.95,0,2.95,0,22.22
4.4,17.1,0.00,0.00,0,22.93,0,2.95,0,2.95,0,22.22
4.2,17.1,0.00,0.00,0,22.93,0,2.95,0,2.95,0,22.22
4.4,17.1,0.00,0.00,0,22.93,0,2.95,0,2.95,0,22.22
4.4,17.1,0.00,0.00,0,22.93,0,2.95,0,2.95,0,22.22
4.6,17.1,0.00,0.00,0,22.93,0,2.95,0,2.95,0,22.22
4.6,17.1,0.00,0.00,0,22.93,0,2.95,0,2.95,0,22.22
4.4,17.1,0.00,0.00,0,22.93,0,2.95,0,2.95,0,22.22
4.8,17.1,0.00,0.00,0,22.93,0,2.95,0,2.95,0,22.22
4.6,17.1,0.00,0.00,0,22.93,0,2.95,0,2.95,0,22.22
4.8,17.1,0.00,0.00,0,22.93,0,2.95,0,2.95,0,22.22
4.6,17.1,0.00,0.00,0,22.93,0,2.95,0,2.95,0,22.22
4.4,17.1,0.00,0.00,0,22.93,0,2.95,0,2.95,0,22.22
4.4,17.1,0.00,0.00,0,22.93,0,2.95,0,2.95,0,22.22
4.6,17.1,0.00,0.00,0,22.93,0,2.95,0,2.95,0,22.22
4.8,17.1,0.00,0.00,0,22.93,0,2.95,0,2.95,0,22.22
4.6,17.1,0.00,0.00,0,22.93,0,2.95,0,2.95,0,22.22
4.8,17.1,0.00,0.00,0,22.93,0,2.95,0,2.95,0,22.22
4.6,17.1,0.00,0.00,0,22.93,0,2.95,0,2.95,0,22.22
4.4,17.1,0.00,0.00,0,22.93,0,2.95,0,2.95,0,22.22
4.4,17.1,0.00,0.00,0,22.93,0,2.95,0,2.95,0,22.22
4.6,17.1,0.00,0.00,0,22.93,0,2.95,0,2.95,0,22.22
4.2,17.1,0.00,0.00,0,22.93,0,2.95,0,2.95,0,22.22
4.6,17.1,0.00,0.00,0,22.93,0,2.95,0,2.95,0,22.22
4.6,17.1,0.00,0.00,0,22.93,0,2.95,0,2.95,0,22.22
4.4,17.1,0.00,0.00,0,22.93,0,2.95,0,2.95,0,22.22
4.8,17.1,0.00,0.00,0,22.93,0,2.95,0,2.95,0,22.22
4.4,17.1,0.00,0.00,0,22.93,0,2.95,0,2.95,0,22.22
4.4,17.1,0.00,0.00,0,22.93,0,2.95,0,2.95,0,22.22
5.2,17.1,0.00,0.00,0,22.93,0,2.95,0,2.95,0,22.22
4.4,17.1,0.00,0.00,0,22.93,0,2.95,0,2.95,0,22.22
4.8,17.1,0.00,0.00,0,22.93,0,2.95,0,2.95,0,22.22
5.0,17.1,0.00,0.00,0,22.93,0,2.95,0,2.95,0,22.22
4.4,17.1,0.00,0.00,0,22.93,0,2.95,0,2.95,0,22.22
4.8,17.1,0.00,0.00,0,22.93,0,2.95,0,2.95,0,22.22
4.8,17.1,0.00,0.00,0,22.93,0,2.95,0,2.95,0,22.22
4.6,17.1,0.00,0.00,0,22.93,0,2.95,0,2.95,0,22.22
4.6,17.1,0.00,0.00,0,22.93,0,2.95,0,2.95,0,22.22
4.6,17.1,0.00,0.00,0,22.93,0,2.95,0,2.95,0,22.22
4.6,17.1,0.00,0.00,0,22.93,0,2.95,0,2.95,0,22.22
4.2,17.1,0.00,0.00,0,22.93,0,2.95,0,2.95,0,22.22
4.4,17.1,0.00,0.00,0,22.93,0,2.95,0,2.95,0,22.22
4.6,17.1,0.00,0.00,0,22.93,0,2.95,0,2.95,0,22.22
4.6,17.1,0.00,0.00,0,22.93,0,2.95,0,2.95,0,22.22
4.6,17.1,0.00,0.00,0,22.93,0,2.95,0,2.95,0,22.22
4.8,17.1,0.00,0.00,0,22.93,0,2.95,0,2.95,0,22.22
4.4,17.1,0.00,0.00,0,22.93,0,2.95,0,2.95,0,22.22
4.4,17.1,0.00,0.00,0,22.93,0,2.95,0,2.95,0,22.22
4.4,17.1,0.00,0.00,0,22.93,0,2.95,0,2.95,0,22.22
4.8,17.1,0.00,0.00,0,22.93,0,2.95,0,2.95,0,22.22
4.4,17.1,0.00,0.00,0,22.93,0,2.95,0,2.95,0,22.22
4.8,17.1,0.00,0.00,0,22.93,0,2.95,0,2.95,0,22.22
4.6,17.1,0.00,0.00,0,22.93,0,2.95,0,2.95,0,22.22
4.4,17.1,0.00,0.00,0,22.93,0,2.95,0,2.95,0,22.22
4.4,17.1,0.00,0.00,0,22.93,0,2.95,0,2.95,0,22.22
4.6,17.1,0.00,0.00,0,22.93,0,2.95,0,2.95,0,22.22
4.2,17.1,0.00,0.00,0,22.93,0,2.95,0,2.95,0,22.22
5.2,17.1,0.00,0.00,0,22.93,0,2.95,0,2.95,0,22.22
4.4,17.1,0.00,0.00,0,22.93,0,2.95,0,2.95,0,22.22
4.6,17.1,0.00,0.00,0,22.93,0,2.95,0,2.95,0,22.22
4.6,17.1,0.00,0.00,0,22.93,0,2.95,0,2.95,0,22.22
4.6,17.1,0.00,0.00,0,22.93,0,2.95,0,2.95,0,22.22
4.8,17.1,0.00,0.00,0,22.93,0,2.95,0,2.95,0,22.22
4.6,17.1,0.00,0.00,0,22.93,0,2.95,0,2.95,0,22.22
4.6,17.1,0.00,0.00,0,22.93,0,2.95,0,2.95,0,22.22
4.4,17.1,0.00,0.00,0,22.93,0,2.95,0,2.95,0,22.22
4.8,17.1,0.00,0.00,0,22.93,0,2.95,0,2.95,0,22.22
4.2,17.1,0.00,0.00,0,22.93,0,2.95,0,2.95,0,22.22
4.2,17.1,0.00,0.00,0,22.93,0,2.95,0,2.95,0,22.22
4.4,17.1,0.00,0.00,0,22.93,0,2.95,0,2.95,0,22.22
4.6,17.1,0.00,0.00,0,22.93,0,2.95,0,2.95,0,22.22
4.4,17.1,0.00,0.00,0,22.93,0,2.95,0,2.95,0,22.22
4.8,17.1,0.00,0.00,0,22.93,0,2.95,0,2.95,0,22.22
4.6,17.1,0.00,0.00,0,22.93,0,2.95,0,2.95,0,22.22
4.8,17.1,0.00,0.00,0,22.93,0,2.95,0,2.95,0,22.22
4.4,17.1,0.00,0.00,0,22.93,0,2.95,0,2.95,0,22.22
4.4,17.1,0.00,0.00,0,22.93,0,2.95,0,2.95,0,22.22
4.4,17.1,0.00,0.00,0,22.93,0,2.95,0,2.95,0,22.22
4.4,17.1,0.00,0.00,0,22.93,0,2.95,0,2.95,0,22.22
4.4,17.1,0.00,0.00,0,22.93,0,2.95,0,2.95,0,22.22
4.8,17.1,0.00,0.00,0,22.93,0,2.95,0,2.95,0,22.22
5.0,17.1,0.00,0.00,0,22.93,0,2.95,0,2.95,0,22.22
4.8,17.1,0.00,0.00,0,22.93,0,2.95,0,2.95,0,22.22
4.6,17.1,0.00,0.00,0,22.93,0,2.95,0,2.95,0,22.22
4.6,17.1,0.00,0.00,0,22.93,0,2.95,0,2.95,0,22.22
4.8,17.1,0.00,0.00,0,22.93,0,2.95,0,2.95,0,22.22
8.1,17.1,0.00,0.00,0,22.93,0,2.95,0,2.95,0,22.22
4.6,17.1,0.00,0.00,0,22.93,0,2.95,0,2.95,0,22.22
4.6,17.1,0.00,0.00,0,22.93,0,2.95,0,2.95,0,22.22
4.4,17.1,0.00,0.00,0,22.93,0,2.95,0,2.95,0,22.22
4.4,17.1,0.00,0.00,0,22.93,0,2.95,0,2.95,0,22.22
4.6,17.1,0.00,0.00,0,22.93,0,2.95,0,2.95,0,22.22
4.6,17.1,0.00,0.00,0,22.93,0,2.95,0,2.95,0,22.22
4.8,17.1,0.00,0.00,0,22.93,0,2.95,0,2.95,0,22.22
4.4,17.1,0.00,0.00,0,22.93,0,2.95,0,2.95,0,22.22
4.4,17.1,0.00,0.00,0,22.93,0,2.95,0,2.95,0,22.22
4.6,17.1,0.00,0.00,0,22.93,0,2.95,0,2.95,0,22.22
4.6,17.1,0.00,0.00,0,22.93,0,2.95,0,2.95,0,22.22
4.4,17.1,0.00,0.00,0,22.93,0,2.95,0,2.95,0,22.22
4.6,17.1,0.00,0.00,0,22.93,0,2.95,0,2.95,0,22.22
4.2,17.1,0.00,0.00,0,22.93,0,2.95,0,2.95,0,22.22
4.8,17.1,0.00,0.00,0,22.93,0,2.95,0,2.95,0,22.22
4.8,17.1,0.00,0.00,0,22.93,0,2.95,0,2.95,0,22.22
4.2,17.1,0.00,0.00,0,22.93,0,2.95,0,2.95,0,22.22
4.4,17.1,0.00,0.00,0,22.93,0,2.95,0,2.95,0,22.22
4.4,17.1,0.00,0.00,0,22.93,0,2.95,0,2.95,0,22.22
4.6,17.1,0.00,0.00,0,22.93,0,2.95,0,2.95,0,22.22
4.6,17.1,0.00,0.00,0,22.93,0,2.95,0,2.95,0,22.22
5.0,17.1,0.00,0.00,0,22.93,0,2.95,0,2.95,0,22.22
4.6,17.1,0.00,0.00,0,22.93,0,2.95,0,2.95,0,22.22
4.4,17.1,0.00,0.00,0,22.93,0,2.95,0,2.95,0,22.22
4.4,17.1,0.00,0.00,0,22.93,0,2.95,0,2.95,0,22.22
4.8,17.1,0.00,0.00,0,22.93,0,2.95,0,2.95,0,22.22
4.8,17.1,0.00,0.00,0,22.93,0,2.95,0,2.95,0,22.22
4.4,17.1,0.00,0.00,0,22.93,0,2.95,0,2.95,0,22.22
4.8,17.1,0.00,0.00,0,22.93,0,2.95,0,2.95,0,22.22
4.2,17.1,0.00,0.00,0,22.93,0,2.95,0,2.95,0,22.22
4.6,17.1,0.00,0.00,0,22.93,0,2.95,0,2.95,0,22.22
4.6,17.1,0.00,0.00,0,22.93,0,2.95,0,2.95,0,22.22
4.4,17.1,0.00,0.00,0,22.93,0,2.95,0,2.95,0,22.22
4.4,17.1,0.00,0.00,0,22.93,0,2.95,0,2.95,0,22.22
4.4,17.1,0.00,0.00,0,22.93,0,2.95,0,2.95,0,22.22
4.4,17.1,0.00,0.00,0,22.93,0,2.95,0,2.95,0,22.22
4.4,17.1,0.00,0.00,0,22.93,0,2.95,0,2.95,0,22.22
4.8,17.1,0.00,0.00,0,22.93,0,2.95,0,2.95,0,22.22
4.8,17.1,0.00,0.00,0,22.93,0,2.95,0,2.95,0,22.22
4.6,17.1,0.00,0.00,0,22.93,0,2.95,0,2.95,0,22.22
4.2,17.1,0.00,0.00,0,22.93,0,2.95,0,2.95,0,22.22
4.2,17.1,0.00,0.00,0,22.93,0,2.95,0,2.95,0,22.22
4.4,17.1,0.00,0.00,0,22.93,0,2.95,0,2.95,0,22.22
4.4,17.1,0.00,0.00,0,22.93,0,2.95,0,2.95,0,22.22
4.6,17.1,0.00,0.00,0,22.93,0,2.95,0,2.95,0,22.22
4.6,17.1,0.00,0.00,0,22.93,0,2.95,0,2.95,0,22.22
4.6,17.1,0.00,0.00,0,22.93,0,2.95,0,2.95,0,22.22
5.2,17.1,0.00,0.00,0,22.93,0,2.95,0,2.95,0,22.22
4.4,17.1,0.00,0.00,0,22.93,0,2.95,0,2.95,0,22.22
4.4,17.1,0.00,0.00,0,22.93,0,2.95,0,2.95,0,22.22
4.6,17.1,0.00,0.00,0,22.93,0,2.95,0,2.95,0,22.22
4.2,17.1,0.00,0.00,0,22.93,0,2.95,0,2.95,0,22.22
4.4,17.1,0.00,0.00,0,22.93,0,2.95,0,2.95,0,22.22
4.6,17.1,0.00,0.00,0,22.93,0,2.95,0,2.95,0,22.22
4.8,17.1,0.00,0.00,0,22.93,0,2.95,0,2.95,0,22.22
4.6,17.1,0.00,0.00,0,22.93,0,2.95,0,2.95,0,22.22
4.8,17.1,0.00,0.00,0,22.93,0,2.95,0,2.95,0,22.22
4.4,17.1,0.00,0.00,0,22.93,0,2.95,0,2.95,0,22.22
4.4,17.1,0.00,0.00,0,22.93,0,2.95,0,2.95,0,22.22
4.6,17.1,0.00,0.00,0,22.93,0,2.95,0,2.95,0,22.22
4.6,17.1,0.00,0.00,0,22.93,0,2.95,0,2.95,0,22.22
4.8,17.1,0.00,0.00,0,22.93,0,2.95,0,2.95,0,22.22
4.8,17.1,0.00,0.00,0,22.93,0,2.95,0,2.95,0,22.22
4.6,17.1,0.00,0.00,0,22.93,0,2.95,0,2.95,0,22.22
4.4,17.1,0.00,0.00,0,22.93,0,2.95,0,2.95,0,22.22
4.4,17.1,0.00,0.00,0,22.93,0,2.95,0,2.95,0,22.22
4.8,17.1,0.00,0.00,0,22.93,0,2.95,0,2.95,0,22.22
4.4,17.1,0.00,0.00,0,22.93,0,2.95,0,2.95,0,22.22
4.8,17.1,0.00,0.00,0,22.93,0,2.95,0,2.95,0,22.22
4.6,17.1,0.00,0.00,0,22.93,0,2.95,0,2.95,0,22.22
4.6,17.1,0.00,0.00,0,22.93,0,2.95,0,2.95,0,22.22
4.6,17.1,0.00,0.00,0,22.93,0,2.95,0,2.95,0,22.22
4.4,17.1,0.00,0.00,0,22.93,0,2.95,0,2.95,0,22.22
4.8,17.1,0.00,0.00,0,22.93,0,2.95,0,2.95,0,22.22
4.4,17.1,0.00,0.00,0,22.93,0,2.95,0,2.95,0,22.22
4.6,17.1,0.00,0.00,0,22.93,0,2.95,0,2.95,0,22.22
4.6,17.1,0.00,0.00,0,22.93,0,2.95,0,2.95,0,22.22
4.8,17.1,0.00,0.00,0,22.93,0,2.95,0,2.95,0,22.22
4.6,17.1,0.00,0.00,0,22.93,0,2.95,0,2.95,0,22.22
5.0,17.1,0.00,0.00,0,22.93,0,2.95,0,2.95,0,22.22
4.4,17.1,0.00,0.00,0,22.93,0,2.95,0,2.95,0,22.22
4.6,17.1,0.00,0.00,0,22.93,0,2.95,0,2.95,0,22.22
4.2,17.1,0.00,0.00,0,22.93,0,2.95,0,2.95,0,22.22
4.6,17.1,0.00,0.00,0,22.93,0,2.95,0,2.95,0,22.22
4.6,17.1,0.00,0.00,0,22.93,0,2.95,0,2.95,0,22.22
4.4,17.1,0.00,0.00,0,22.93,0,2.95,0,2.95,0,22.22
4.4,17.1,0.00,0.00,0,22.93,0,2.95,0,2.95,0,22.22
4.6,17.1,0.00,0.00,0,22.93,0,2.95,0,2.95,0,22.22
4.6,17.1,0.00,0.00,0,22.93,0,2.95,0,2.95,0,22.22
4.6,17.1,0.00,0.00,0,22.93,0,2.95,0,2.95,0,22.22
4.6,17.1,0.00,0.00,0,22.93,0,2.95,0,2.95,0,22.22
4.2,17.1,0.00,0.00,0,22.93,0,2.95,0,2.95,0,22.22
4.4,17.1,0.00,0.00,0,22.93,0,2.95,0,2.95,0,22.22
4.6,17.1,0.00,0.00,0,22.93,0,2.95,0,2.95,0,22.22
4.2,17.1,0.00,0.00,0,22.93,0,2.95,0,2.95,0,22.22
4.6,17.1,0.00,0.00,0,22.93,0,2.95,0,2.95,0,22.22
4.4,17.1,0.00,0.00,0,22.93,0,2.95,0,2.95,0,22.22
4.6,17.1,0.00,0.00,0,22.93,0,2.95,0,2.95,0,22.22
4.4,17.1,0.00,0.00,0,22.93,0,2.95,0,2.95,0,22.22
4.8,17.1,0.00,0.00,0,22.93,0,2.95,0,2.95,0,22.22
4.4,17.1,0.00,0.00,0,22.93,0,2.95,0,2.95,0,22.22
4.8,17.1,0.00,0.00,0,22.93,0,2.95,0,2.95,0,22.22
4.4,17.1,0.00,0.00,0,22.93,0,2.95,0,2.95,0,22.22
4.4,17.1,0.00,0.00,0,22.93,0,2.95,0,2.95,0,22.22
6.7,17.2,0.00,0.00,0,22.93,0,2.95,0,2.95,0,22.22
4.6,17.2,0.00,0.00,0,22.93,0,2.95,0,2.95,0,22.22
6.5,17.4,0.00,0.00,0,22.93,0,2.95,0,2.95,0,22.22
6.3,17.4,0.00,0.00,0,22.93,0,2.95,0,2.95,0,22.22
6.7,17.4,0.00,0.00,0,22.93,0,2.95,0,2.95,0,22.22
6.7,17.4,0.00,0.00,0,22.93,0,2.95,0,2.95,0,22.22
7.3,17.4,0.00,0.00,0,22.93,0,2.95,0,2.95,0,22.22
6.7,17.4,0.00,0.00,0,22.93,0,2.95,0,2.95,0,22.22
6.7,17.4,0.00,0.00,0,22.93,0,2.95,0,2.95,0,22.22
6.7,17.4,0.00,0.00,0,22.93,0,2.95,0,2.95,0,22.22
7.5,17.4,0.00,0.00,0,22.93,0,2.95,0,2.95,0,22.22
6.5,17.4,0.00,0.00,0,22.93,0,2.95,0,2.95,0,22.22
6.8,17.4,0.00,0.00,0,22.93,0,2.95,0,2.95,0,22.22
6.5,17.4,0.00,0.00,0,22.93,0,2.95,0,2.95,0,22.22
7.7,17.4,0.00,0.00,0,22.93,0,2.95,0,2.95,0,22.22
6.5,17.5,0.00,0.00,0,22.93,0,2.95,0,2.95,0,22.22
6.5,17.5,0.00,0.00,0,22.93,0,2.95,0,2.95,0,22.22
6.7,17.5,0.00,0.00,0,22.93,0,2.95,0,2.95,0,22.22
6.5,17.6,0.00,0.00,0,22.93,0,2.95,0,2.95,0,22.22
6.5,17.6,0.00,0.00,0,22.93,0,2.95,0,2.95,0,22.22
7.1,17.6,0.00,0.00,0,22.93,0,2.95,0,2.95,0,22.22
6.5,17.6,0.00,0.00,0,22.93,0,2.95,0,2.95,0,22.22
6.3,17.6,0.00,0.00,0,22.93,0,2.95,0,2.95,0,22.22
7.7,17.5,0.00,0.00,0,22.93,0,2.95,0,2.95,0,22.22
6.5,17.5,0.00,0.00,0,22.93,0,2.95,0,2.95,0,22.22
6.8,17.6,0.00,0.00,0,22.93,0,2.95,0,2.95,0,22.22
6.7,17.6,0.00,0.00,0,22.93,0,2.95,0,2.95,0,22.22
7.1,17.6,0.00,0.00,0,22.93,0,2.95,0,2.95,0,22.22
6.7,17.6,0.00,0.00,0,22.93,0,2.95,0,2.95,0,22.22
6.5,17.6,0.00,0.00,0,22.93,0,2.95,0,2.95,0,22.22
6.8,17.6,0.00,0.00,0,22.93,0,2.95,0,2.95,0,22.22
6.3,17.6,0.00,0.00,0,22.93,0,2.95,0,2.95,0,22.22
6.5,17.6,0.00,0.00,0,22.93,0,2.95,0,2.95,0,22.22
6.5,17.6,0.00,0.00,0,22.93,0,2.95,0,2.95,0,22.22
6.7,17.6,0.00,0.00,0,22.93,0,2.95,0,2.95,0,22.22
4.8,17.6,0.00,0.00,0,22.93,0,2.95,0,2.95,0,22.22
4.4,17.6,0.00,0.00,0,22.93,0,2.95,0,2.95,0,22.22
4.4,17.6,0.00,0.00,0,22.93,0,2.95,0,2.95,0,22.22
4.4,17.6,0.00,0.00,0,22.93,0,2.95,0,2.95,0,22.22
4.8,17.6,0.00,0.00,0,22.93,0,2.95,0,2.95,0,22.22
6.7,17.6,0.00,0.00,0,22.93,0,2.95,0,2.95,0,22.22
4.4,17.6,0.00,0.00,0,22.93,0,2.95,0,2.95,0,22.22
4.2,17.6,0.00,0.00,0,22.93,0,2.95,0,2.95,0,22.22
4.2,17.6,0.00,0.00,0,22.93,0,2.95,0,2.95,0,22.22
4.4,17.6,0.00,0.00,0,22.93,0,2.95,0,2.95,0,22.22
4.6,17.6,0.00,0.00,0,22.93,0,2.95,0,2.95,0,22.22
8.8,17.7,0.00,0.00,0,22.93,0,2.95,0,2.95,0,22.22
5.6,17.8,0.00,0.00,0,22.93,0,2.95,0,2.95,0,22.22
4.8,17.8,0.00,0.00,0,22.93,0,2.95,0,2.95,0,22.22
4.4,17.8,0.00,0.00,0,22.93,0,2.95,0,2.95,0,22.22
7.1,17.8,0.00,0.00,0,22.93,0,2.95,0,2.95,0,22.22
5.4,17.9,0.00,0.00,0,22.93,0,2.95,0,2.95,0,22.22
4.4,17.9,0.00,0.00,0,22.93,0,2.95,0,2.95,0,22.22
4.6,17.9,0.00,0.00,0,22.93,0,2.95,0,2.95,0,22.22
4.6,17.9,0.00,0.00,0,22.93,0,2.95,0,2.95,0,22.22
4.4,18.0,0.00,0.00,0,22.93,0,2.95,0,2.95,0,22.22
4.8,17.9,0.00,0.00,0,22.93,0,2.95,0,2.95,0,22.22
4.6,17.9,0.00,0.00,0,22.93,0,2.95,0,2.95,0,22.22
4.8,17.9,0.00,0.00,0,22.93,0,2.95,0,2.95,0,22.22
4.4,17.9,0.00,0.00,0,22.93,0,2.95,0,2.95,0,22.22
4.2,17.9,0.00,0.00,0,22.93,0,2.95,0,2.95,0,22.22
4.8,17.9,0.00,0.00,0,22.93,0,2.95,0,2.95,0,22.22
4.6,17.9,0.00,0.00,0,22.93,0,2.95,0,2.95,0,22.22
4.4,17.9,0.00,0.00,0,22.93,0,2.95,0,2.95,0,22.22
5.0,17.9,0.00,0.00,0,22.93,0,2.95,0,2.95,0,22.22
5.0,17.9,0.00,0.00,0,22.93,0,2.95,0,2.95,0,22.22
6.5,17.9,0.00,0.00,0,22.93,0,2.95,0,2.95,0,22.22
4.6,17.9,0.00,0.00,0,22.93,0,2.95,0,2.95,0,22.22
4.8,17.9,0.00,0.00,0,22.93,0,2.95,0,2.95,0,22.22
4.6,17.9,0.00,0.00,0,22.93,0,2.95,0,2.95,0,22.22
5.0,17.9,0.00,0.00,0,22.93,0,2.95,0,2.95,0,22.22
4.6,17.9,0.00,0.00,0,22.93,0,2.95,0,2.95,0,22.22
4.6,17.9,0.00,0.00,0,22.93,0,2.95,0,2.95,0,22.22
5.0,17.9,0.00,0.00,0,22.93,0,2.95,0,2.95,0,22.22
10.4,17.9,0.00,0.00,0,22.93,0,2.95,0,2.95,0,22.22
4.6,17.9,0.00,0.00,0,22.93,0,2.95,0,2.95,0,22.22
4.6,17.9,0.00,0.00,0,22.93,0,2.95,0,2.95,0,22.22
4.4,17.9,0.00,0.00,0,22.93,0,2.95,0,2.95,0,22.22
4.2,17.9,0.00,0.00,0,22.93,0,2.95,0,2.95,0,22.22
4.4,17.9,0.00,0.00,0,22.93,0,2.95,0,2.95,0,22.22
7.3,17.9,0.00,0.00,0,22.93,0,2.95,0,2.95,0,22.22
7.7,18.2,0.00,0.00,0,22.93,0,2.95,0,2.95,0,22.22
6.7,18.3,0.00,0.00,0,22.93,0,2.95,0,2.95,0,22.22
9.8,18.4,0.00,0.00,0,22.93,0,2.95,0,2.95,0,22.22
16.0,18.7,0.00,0.00,0,22.93,0,2.95,0,2.95,0,22.22
12.2,19.0,0.00,0.00,0,22.93,0,2.95,0,2.95,0,22.22
9.0,19.2,0.00,0.00,0,22.93,0,2.95,0,2.95,0,22.22
16.1,19.8,0.00,0.00,0,22.93,0,2.95,0,2.95,0,22.22
10.4,20.3,0.00,0.00,0,22.93,0,2.95,0,2.95,0,22.22
4.6,20.3,0.00,0.00,0,22.93,0,2.95,0,2.95,0,22.22
4.6,20.3,0.00,0.00,0,22.93,0,2.95,0,2.95,0,22.22
4.6,20.3,0.00,0.00,0,22.93,0,2.95,0,2.95,0,22.22
5.4,20.3,0.00,0.00,0,22.93,0,2.95,0,2.95,0,22.22
4.6,20.3,0.00,0.00,0,22.93,0,2.95,0,2.95,0,22.22
4.8,20.3,0.00,0.00,0,22.93,0,2.95,0,2.95,0,22.22
4.6,20.3,0.00,0.00,0,22.93,0,2.95,0,2.95,0,22.22
4.6,20.3,0.00,0.00,0,22.93,0,2.95,0,2.95,0,22.22
4.6,20.3,0.00,0.00,0,22.93,0,2.95,0,2.95,0,22.22
4.2,20.3,0.00,0.00,0,22.93,0,2.95,0,2.95,0,22.22
4.6,20.3,0.00,0.00,0,22.93,0,2.95,0,2.95,0,22.22
5.2,20.3,0.00,0.00,0,22.93,0,2.95,0,2.95,0,22.22
4.8,20.3,0.00,0.00,0,22.93,0,2.95,0,2.95,0,22.22
4.4,20.3,0.00,0.00,0,22.93,0,2.95,0,2.95,0,22.22
5.4,20.3,0.00,0.00,0,22.93,0,2.95,0,2.95,0,22.22
4.2,20.2,0.00,0.00,0,22.93,0,2.95,0,2.95,0,22.22
4.4,20.2,0.00,0.00,0,22.93,0,2.95,0,2.95,0,22.22
4.8,20.2,0.00,0.00,0,22.93,0,2.95,0,2.95,0,22.22
4.6,19.4,0.00,0.00,0,22.93,0,2.95,0,2.95,0,22.22
4.8,19.4,0.00,0.00,0,22.93,0,2.95,0,2.95,0,22.22
4.6,19.4,0.00,0.00,0,22.93,0,2.95,0,2.95,0,22.22
4.6,19.4,0.00,0.00,0,22.93,0,2.95,0,2.95,0,22.22
4.6,19.4,0.00,0.00,0,22.93,0,2.95,0,2.95,0,22.22
4.6,19.4,0.00,0.00,0,22.93,0,2.95,0,2.95,0,22.22
4.4,19.4,0.00,0.00,0,22.93,0,2.95,0,2.95,0,22.22
4.6,19.4,0.00,0.00,0,22.93,0,2.95,0,2.95,0,22.22
4.6,19.4,0.00,0.00,0,22.93,0,2.95,0,2.95,0,22.22
4.4,19.4,0.00,0.00,0,22.93,0,2.95,0,2.95,0,22.22
5.2,19.4,0.00,0.00,0,22.93,0,2.95,0,2.95,0,22.22
5.0,19.4,0.00,0.00,0,22.93,0,2.95,0,2.95,0,22.22
4.8,19.4,0.00,0.00,0,22.93,0,2.95,0,2.95,0,22.22
4.8,19.4,0.00,0.00,0,22.93,0,2.95,0,2.95,0,22.22
4.2,19.4,0.00,0.00,0,22.93,0,2.95,0,2.95,0,22.22
7.3,19.4,0.00,0.00,0,22.93,0,2.95,0,2.95,0,22.22
4.6,19.4,0.00,0.00,0,22.93,0,2.95,0,2.95,0,22.22
4.6,19.4,0.00,0.00,0,22.93,0,2.95,0,2.95,0,22.22
4.8,19.4,0.00,0.00,0,22.93,0,2.95,0,2.95,0,22.22
4.6,19.4,0.00,0.00,0,22.93,0,2.95,0,2.95,0,22.22
5.0,19.4,0.00,0.00,0,22.93,0,2.95,0,2.95,0,22.22
5.2,19.4,0.00,0.00,0,22.93,0,2.95,0,2.95,0,22.22
4.8,19.4,0.00,0.00,0,22.93,0,2.95,0,2.95,0,22.22
4.6,19.4,0.00,0.00,0,22.93,0,2.95,0,2.95,0,22.22
4.4,19.4,0.00,0.00,0,22.93,0,2.95,0,2.95,0,22.22
4.6,19.4,0.00,0.00,0,22.93,0,2.95,0,2.95,0,22.22
4.4,19.4,0.00,0.00,0,22.93,0,2.95,0,2.95,0,22.22
4.6,19.4,0.00,0.00,0,22.93,0,2.95,0,2.95,0,22.22
4.6,19.4,0.00,0.00,0,22.93,0,2.95,0,2.95,0,22.22
4.8,19.4,0.00,0.00,0,22.93,0,2.95,0,2.95,0,22.22
4.2,19.4,0.00,0.00,0,22.93,0,2.95,0,2.95,0,22.22
4.6,19.4,0.00,0.00,0,22.93,0,2.95,0,2.95,0,22.22
5.0,19.4,0.00,0.00,0,22.93,0,2.95,0,2.95,0,22.22
4.4,19.4,0.00,0.00,0,22.93,0,2.95,0,2.95,0,22.22
5.0,19.4,0.00,0.00,0,22.93,0,2.95,0,2.95,0,22.22
5.0,19.4,0.00,0.00,0,22.93,0,2.95,0,2.95,0,22.22
5.0,19.4,0.00,0.00,0,22.93,0,2.95,0,2.95,0,22.22
4.6,19.4,0.00,0.00,0,22.93,0,2.95,0,2.95,0,22.22
4.8,19.4,0.00,0.00,0,22.93,0,2.95,0,2.95,0,22.22
4.8,19.4,0.00,0.00,0,22.93,0,2.95,0,2.95,0,22.22
4.8,19.4,0.00,0.00,0,22.93,0,2.95,0,2.95,0,22.22
4.8,19.4,0.00,0.00,0,22.93,0,2.95,0,2.95,0,22.22
4.4,19.4,0.00,0.00,0,22.93,0,2.95,0,2.95,0,22.22
4.8,19.4,0.00,0.00,0,22.93,0,2.95,0,2.95,0,22.22
6.9,19.5,0.00,0.00,0,22.93,0,2.95,0,2.95,0,22.22
5.9,19.5,0.00,0.00,0,22.93,0,2.95,0,2.95,0,22.22
5.0,19.5,0.00,0.00,0,22.93,0,2.95,0,2.95,0,22.22
4.8,19.5,0.00,0.00,0,22.93,0,2.95,0,2.95,0,22.22
4.6,19.5,0.00,0.00,0,22.93,0,2.95,0,2.95,0,22.22
4.8,19.4,0.00,0.00,0,22.93,0,2.95,0,2.95,0,22.22
4.6,19.4,0.00,0.00,0,22.93,0,2.95,0,2.95,0,22.22
5.0,19.4,0.00,0.00,0,22.93,0,2.95,0,2.95,0,22.22
4.8,19.4,0.00,0.00,0,22.93,0,2.95,0,2.95,0,22.22
4.8,19.4,0.00,0.00,0,22.93,0,2.95,0,2.95,0,22.22
4.4,19.4,0.00,0.00,0,22.93,0,2.95,0,2.95,0,22.22
5.0,19.4,0.00,0.00,0,22.93,0,2.95,0,2.95,0,22.22
4.4,19.4,0.00,0.00,0,22.93,0,2.95,0,2.95,0,22.22
4.6,19.4,0.00,0.00,0,22.93,0,2.95,0,2.95,0,22.22
4.4,19.4,0.00,0.00,0,22.93,0,2.95,0,2.95,0,22.22
4.6,19.4,0.00,0.00,0,22.93,0,2.95,0,2.95,0,22.22
6.1,19.4,0.00,0.00,0,22.93,0,2.95,0,2.95,0,22.22
4.6,19.4,0.00,0.00,0,22.93,0,2.95,0,2.95,0,22.22
4.8,19.4,0.00,0.00,0,22.93,0,2.95,0,2.95,0,22.22
4.6,19.4,0.00,0.00,0,22.93,0,2.95,0,2.95,0,22.22
4.6,19.4,0.00,0.00,0,22.93,0,2.95,0,2.95,0,22.22
4.8,19.4,0.00,0.00,0,22.93,0,2.95,0,2.95,0,22.22
4.6,19.4,0.00,0.00,0,22.93,0,2.95,0,2.95,0,22.22
5.8,19.4,0.00,0.00,0,22.93,0,2.95,0,2.95,0,22.22
4.8,19.4,0.00,0.00,0,22.93,0,2.95,0,2.95,0,22.22
4.4,19.4,0.00,0.00,0,22.93,0,2.95,0,2.95,0,22.22
4.4,19.4,0.00,0.00,0,22.93,0,2.95,0,2.95,0,22.22
5.8,19.4,0.00,0.00,0,22.93,0,2.95,0,2.95,0,22.22
5.0,19.4,0.00,0.00,0,22.93,0,2.95,0,2.95,0,22.22
4.6,19.4,0.00,0.00,0,22.93,0,2.95,0,2.95,0,22.22
5.0,19.4,0.00,0.00,0,22.93,0,2.95,0,2.95,0,22.22
4.8,19.4,0.00,0.00,0,22.93,0,2.95,0,2.95,0,22.22
5.0,19.4,0.00,0.00,0,22.93,0,2.95,0,2.95,0,22.22
4.4,19.4,0.00,0.00,0,22.93,0,2.95,0,2.95,0,22.22
4.6,19.4,0.00,0.00,0,22.93,0,2.95,0,2.95,0,22.22
5.0,19.4,0.00,0.00,0,22.93,0,2.95,0,2.95,0,22.22
4.6,19.4,0.00,0.00,0,22.93,0,2.95,0,2.95,0,22.22
4.8,19.4,0.00,0.00,0,22.93,0,2.95,0,2.95,0,22.22
4.8,19.4,0.00,0.00,0,22.93,0,2.95,0,2.95,0,22.22
4.4,19.4,0.00,0.00,0,22.93,0,2.95,0,2.95,0,22.22
4.6,15.4,0.00,0.00,0,2.95,0,2.95,0,2.95,0,22.22
3.5,13.8,0.00,0.00,11,2.95,0,2.95,0,2.95,0,22.22
2.5,13.8,0.00,0.00,0,2.95,0,2.95,0,2.95,0,22.22
2.7,13.8,0.00,0.00,0,2.95,0,2.95,0,2.95,0,22.22
3.5,13.8,0.00,0.00,0,2.95,0,2.95,0,2.95,0,22.22
2.3,13.8,0.00,0.00,0,2.95,0,2.95,0,2.95,0,22.22
2.5,13.8,0.00,0.00,0,2.95,0,2.95,0,2.95,10,2.95
10134.76