1.4,8.0,0.00,0.00,0,2.95,0,2.95,0,2.95,0,2.95
0.6,8.0,0.00,0.00,0,2.95,0,2.95,0,2.95,0,2.95
0.6,8.0,0.00,0.00,0,2.95,0,2.95,0,2.95,0,2.95
0.2,8.0,0.00,0.00,0,2.95,0,2.95,0,2.95,0,2.95
0.4,8.0,0.00,0.00,0,2.95,0,2.95,0,2.95,0,2.95
0.2,8.0,0.00,0.00,0,2.95,0,2.95,0,2.95,0,2.95
6.4,8.4,0.00,0.00,0,2.95,0,2.95,0,2.95,0,2.95
6.8,9.0,0.00,0.00,0,2.95,0,2.95,0,2.95,0,2.95
5.6,9.7,0.00,0.00,0,7.49,0,6.82,0,2.95,0,2.95
6.7,15.1,0.00,0.00,5,19.55,3,12.85,0,2.95,0,2.95
7.1,20.5,0.00,0.00,6,32.34,3,16.54,0,2.95,0,2.95
35.7,21.0,0.00,0.00,0,32.34,0,16.54,0,2.95,0,2.95
4.2,21.5,0.00,0.00,0,32.34,0,16.54,0,2.95,0,2.95
4.4,22.0,0.00,0.00,0,32.34,0,16.54,0,2.95,0,2.95
4.6,22.5,0.00,0.00,0,37.1,0,25.13,0,2.95,0,2.95
52.2,23.0,0.00,0.00,33,37.1,68,25.13,0,2.95,0,2.95
15.1,23.3,0.00,0.00,43,37.1,69,25.13,0,2.95,0,2.95
14.1,23.5,0.00,0.00,44,37.1,70,25.13,0,2.95,0,2.95
15.1,23.8,0.00,0.00,39,37.1,70,25.13,0,2.95,0,2.95
12.1,24.0,0.00,0.00,46,37.1,67,25.13,0,2.95,0,2.95
12.2,24.0,0.00,0.00,44,37.1,74,25.13,0,2.95,0,2.95
11.5,24.0,0.00,0.00,46,37.1,67,25.13,0,2.95,0,2.95
13.9,24.1,0.00,0.00,46,37.1,75,25.13,0,2.95,0,2.95
16.0,24.3,0.00,0.00,43,37.1,69,25.13,0,2.95,0,2.95
13.7,24.5,0.00,0.00,44,37.1,72,25.13,0,5.33,0,2.95
14.8,25.6,0.00,0.00,44,37.1,74,25.13,5,11.24,0,2.95
15.1,27.4,0.00,0.00,44,37.1,75,25.13,6,18.76,0,2.95
78.7,28.4,0.00,0.00,41,37.1,73,25.13,0,18.76,0,2.95
13.9,28.6,0.00,0.00,43,37.1,73,25.13,0,18.76,0,2.95
14.4,28.8,0.00,0.00,43,37.1,71,25.13,0,18.76,0,2.95
14.4,29.0,0.00,0.00,41,37.1,69,25.13,0,18.76,0,2.95
14.3,29.2,0.00,0.00,45,37.1,74,25.13,56,33.67,0,2.95
18.4,28.9,0.00,0.00,45,37.1,61,25.25,97,33.67,0,2.95
13.8,28.6,0.00,0.00,44,37.1,0,25.25,95,33.67,0,2.95
81.6,28.8,0.00,0.00,45,37.1,0,25.25,97,33.67,0,2.95
11.9,29.0,0.00,0.00,43,37.1,0,25.25,96,33.67,0,2.95
11.7,29.3,0.00,0.00,48,37.1,0,25.25,96,33.67,0,2.95
16.1,29.4,0.00,0.00,41,37.1,54,25.25,97,33.67,0,2.95
17.0,29.4,0.00,0.00,37,37.1,74,25.25,97,33.67,0,2.95
15.9,29.4,0.00,0.00,43,37.1,74,25.25,97,33.67,0,2.95
16.5,29.4,0.00,0.00,45,37.1,75,25.25,97,33.67,0,2.95
15.9,29.4,0.00,0.00,43,37.1,71,25.25,97,33.67,0,2.95
15.9,29.4,0.00,0.00,46,37.1,65,25.25,97,33.67,0,2.95
16.9,29.4,0.00,0.00,46,37.1,69,25.25,97,33.67,0,2.95
17.2,29.4,0.00,0.00,45,37.1,77,25.25,97,33.67,0,2.95
17.6,29.4,0.00,0.00,45,37.1,76,25.25,97,33.67,0,2.95
17.0,29.4,0.00,0.00,41,37.1,78,25.25,97,33.67,0,2.95
16.5,29.5,0.00,0.00,46,37.1,75,25.25,98,33.67,0,2.95
17.3,29.4,0.00,0.00,46,37.1,79,25.25,98,33.67,0,2.95
65.3,28.5,0.00,0.00,63,52.07,74,25.25,97,33.67,0,2.95
16.4,28.7,0.00,0.00,97,52.07,74,25.25,96,33.67,0,2.95
17.8,28.9,0.00,0.00,97,52.07,73,25.25,97,33.67,0,2.95
17.6,29.2,0.00,0.00,96,52.07,67,25.25,97,33.67,0,2.95
24.9,29.4,0.00,0.00,96,52.07,72,25.25,97,33.67,0,2.95
13.9,29.4,0.00,0.00,97,52.07,75,25.25,98,33.67,0,2.95
11.0,28.5,0.00,0.00,96,52.07,0,25.25,97,33.67,0,2.95
10.2,28.8,0.00,0.00,97,52.07,0,25.25,97,33.67,0,2.95
11.6,29.0,0.00,0.00,97,52.07,0,25.25,97,33.67,0,2.95
14.0,29.2,0.00,0.00,97,52.07,0,25.25,96,33.67,0,2.95
16.8,29.4,0.00,0.00,94,52.07,74,25.25,98,33.67,0,2.95
16.3,29.4,0.00,0.00,97,52.07,77,25.25,98,33.67,0,2.95
15.9,29.4,0.00,0.00,97,52.07,77,25.25,98,33.67,0,2.95
16.9,29.4,0.00,0.00,97,52.07,77,25.25,98,33.67,0,2.95
15.7,29.4,0.00,0.00,97,52.07,71,25.25,98,33.67,0,2.95
16.3,29.4,0.00,0.00,97,52.07,77,25.25,98,33.67,0,2.95
14.6,29.4,0.00,0.00,97,52.07,75,25.25,98,33.67,0,2.95
16.4,29.4,0.00,0.00,97,52.07,78,25.25,97,33.67,0,2.95
15.6,29.4,0.00,0.00,98,52.07,76,25.25,97,33.67,0,2.95
16.5,29.4,0.00,0.00,98,52.07,78,25.25,97,33.67,0,2.95
15.7,29.4,0.00,0.00,98,52.07,79,25.25,97,33.67,0,2.95
15.3,29.4,0.00,0.00,97,52.07,76,25.25,97,33.67,0,2.95
16.5,29.4,0.00,0.00,97,52.07,80,25.25,98,33.67,0,2.95
15.1,29.4,0.00,0.00,97,52.07,82,25.25,98,33.67,0,2.95
15.9,29.4,0.00,0.00,98,52.07,77,25.25,97,33.67,0,2.95
14.8,29.4,0.00,0.00,97,52.07,73,25.25,97,33.99,0,2.95
13.0,28.4,0.00,0.00,98,52.07,79,25.25,0,33.99,0,2.95
22.5,28.6,0.00,0.00,97,52.07,73,25.25,0,33.99,0,2.95
8.4,23.9,0.00,0.00,95,52.07,4,2.95,0,33.99,0,2.95
6.9,23.7,0.00,0.00,95,52.07,0,2.95,0,33.99,0,2.95
7.1,24.0,0.00,0.00,98,52.07,0,2.95,38,33.99,0,2.95
8.7,24.1,0.00,0.00,98,52.07,0,2.95,98,33.99,0,2.95
8.8,24.1,0.00,0.00,98,52.07,0,2.95,97,33.99,0,2.95
10.4,24.2,0.00,0.00,98,52.07,0,2.95,97,33.99,0,2.95
99.6,24.5,0.00,0.00,97,52.07,0,2.95,92,33.99,0,2.95
8.6,24.7,0.00,0.00,97,52.07,0,2.95,98,33.99,0,3.35
12.7,25.6,0.00,0.00,98,52.07,0,7.58,97,33.99,4,10.65
12.7,29.4,0.00,0.00,97,52.07,4,13.78,97,33.99,4,19.93
15.8,32.4,0.00,0.00,97,52.07,4,19.93,97,33.99,0,19.93
13.2,32.9,0.00,0.00,96,52.07,0,19.93,92,33.99,0,19.93
13.8,33.3,0.00,0.00,97,52.07,0,19.93,96,33.99,0,19.93
81.8,33.7,0.00,0.00,97,52.07,0,19.93,97,33.99,0,19.93
16.0,34.2,0.00,0.00,96,52.39,0,33.72,96,33.99,18,33.87
19.4,33.8,0.00,0.00,42,52.39,97,33.87,97,33.99,98,33.87
19.5,34.1,0.00,0.00,45,52.39,97,33.87,96,33.99,98,33.87
19.4,34.3,0.00,0.00,43,52.39,97,33.87,97,33.99,97,33.87
20.3,34.5,0.00,0.00,43,52.39,98,33.87,98,33.99,97,33.87
17.1,34.7,0.00,0.00,47,52.39,98,33.87,98,33.99,98,33.87
17.9,34.7,0.00,0.00,47,52.39,98,33.87,98,33.99,98,33.87
18.2,34.7,0.00,0.00,41,52.39,98,33.87,98,33.99,98,33.87
17.5,34.7,0.00,0.00,46,52.39,97,33.87,98,33.99,98,33.87
16.1,34.7,0.00,0.00,48,52.39,98,33.87,97,33.99,98,33.87
17.4,34.7,0.00,0.00,45,52.39,98,33.87,97,33.99,98,33.87
17.4,34.7,0.00,0.00,44,52.39,98,33.87,98,33.99,98,33.87
16.6,34.7,0.00,0.00,47,52.39,98,33.87,98,33.99,98,33.87
16.7,34.7,0.00,0.00,45,52.39,98,33.87,98,33.99,98,33.87
17.3,34.7,0.00,0.00,48,52.39,98,33.87,97,33.99,99,33.87
15.5,34.7,0.00,0.00,46,52.39,99,33.87,98,33.99,98,33.87
16.8,34.7,0.00,0.00,48,52.39,98,33.87,98,33.99,98,33.87
16.9,34.7,0.00,0.00,47,52.39,98,33.87,98,33.99,99,33.87
16.4,34.7,0.00,0.00,42,52.39,98,33.87,97,33.99,98,33.87
15.8,34.7,0.00,0.00,46,52.39,98,33.87,98,33.99,98,33.87
16.6,34.7,0.00,0.00,39,52.39,98,33.87,98,33.99,98,33.87
17.1,34.7,0.00,0.00,40,52.39,98,33.87,98,33.99,98,33.87
16.4,34.7,0.00,0.00,45,52.39,98,33.87,98,33.99,98,33.87
16.3,34.7,0.00,0.00,41,52.39,98,33.87,97,33.99,98,33.87
16.0,34.7,0.00,0.00,41,52.39,98,33.87,98,33.99,98,33.87
16.0,34.7,0.00,0.00,43,52.39,98,33.87,98,33.99,99,33.87
24.7,33.3,0.00,0.00,47,52.39,46,33.87,97,33.99,0,33.87
14.0,33.0,0.00,0.00,43,52.39,0,33.87,96,33.99,0,33.87
15.9,33.5,0.00,0.00,40,52.39,0,33.87,97,33.99,0,33.87
81.4,33.9,0.00,0.00,41,52.39,0,33.87,97,33.99,0,33.87
13.7,34.4,0.00,0.00,42,52.39,0,33.87,93,33.99,34,33.87
16.6,34.7,0.00,0.00,42,52.39,98,33.87,97,33.99,98,33.87
17.5,34.7,0.00,0.00,47,52.39,98,33.87,98,33.99,98,33.87
16.0,34.7,0.00,0.00,44,52.39,98,33.87,98,33.99,98,33.87
21.1,34.7,0.00,0.00,43,52.39,98,33.87,97,33.99,98,33.87
54.2,32.9,0.00,0.00,95,52.39,96,33.87,0,33.99,98,33.87
16.8,33.3,0.00,0.00,96,52.39,96,33.87,0,33.99,98,33.87
15.7,33.8,0.00,0.00,97,52.39,98,33.87,0,33.99,97,33.87
17.4,34.2,0.00,0.00,96,52.39,98,33.87,0,33.99,98,33.87
22.9,34.6,0.00,0.00,95,52.39,98,33.87,24,33.99,98,33.87
14.9,34.7,0.00,0.00,97,52.39,98,33.87,98,33.99,98,33.87
15.3,34.7,0.00,0.00,97,52.39,99,33.87,97,33.99,99,33.87
14.4,34.7,0.00,0.00,98,52.39,98,33.87,97,33.99,99,33.87
14.3,34.7,0.00,0.00,98,52.39,99,33.87,97,33.99,99,33.87
15.4,34.7,0.00,0.00,98,52.39,98,33.87,98,33.99,99,33.87
15.7,34.7,0.00,0.00,98,52.39,98,33.87,97,33.99,99,33.87
15.8,34.7,0.00,0.00,97,52.39,98,33.87,98,33.99,99,33.87
14.8,34.7,0.00,0.00,98,52.39,98,33.87,98,33.99,99,33.87
15.1,34.7,0.00,0.00,98,52.39,99,33.87,98,33.99,99,33.87
15.9,34.7,0.00,0.00,97,52.39,98,33.87,98,33.99,98,33.87
19.2,34.7,0.00,0.00,97,52.39,98,33.87,74,33.99,98,33.87
13.7,34.8,0.00,0.00,60,52.39,98,33.87,55,33.99,86,33.87
11.4,34.8,0.00,0.00,62,52.39,73,33.87,61,33.99,90,33.87
15.6,34.7,0.00,0.00,61,52.39,94,33.87,59,33.99,97,33.87
17.5,34.7,0.00,0.00,71,52.39,96,33.87,98,33.99,99,33.87
17.1,34.7,0.00,0.00,63,52.39,98,33.87,75,33.99,98,33.87
17.9,34.8,0.00,0.00,53,52.39,99,33.87,72,33.99,88,33.87
12.8,34.7,0.00,0.00,57,52.39,82,33.87,54,33.99,83,33.87
25.6,34.7,0.00,0.00,60,52.39,97,33.87,79,33.99,98,33.87
12.7,34.7,0.00,0.00,98,52.39,94,33.87,98,33.99,6,2.95
8.4,24.1,0.00,0.00,97,52.39,5,2.95,98,33.99,0,2.95
13.3,24.3,0.00,0.00,98,52.39,0,2.95,95,33.99,0,2.95
12.3,24.5,0.00,0.00,71,52.39,0,2.95,62,33.99,0,2.95
14.0,24.9,0.00,0.00,49,52.39,0,2.95,66,33.99,0,2.95
12.4,25.0,0.00,0.00,49,52.39,0,2.95,70,33.99,0,2.95
13.4,26.4,0.00,0.00,84,52.39,6,14.94,98,33.99,0,2.95
13.1,30.3,0.00,0.00,98,52.39,6,27.36,98,33.99,0,2.95
10.2,32.5,0.00,0.00,98,52.39,5,32.34,98,33.99,0,2.95
12.7,32.8,0.00,0.00,96,52.39,0,32.34,97,33.99,0,2.95
12.4,32.9,0.00,0.00,76,52.39,0,32.34,84,33.99,0,2.95
11.9,33.2,0.00,0.00,60,52.39,0,32.34,94,33.99,0,2.95
80.8,33.3,0.00,0.00,73,52.39,0,32.34,95,33.99,0,2.95
15.1,33.7,0.00,0.00,97,52.39,73,47.26,96,33.99,0,2.95
14.6,33.9,0.00,0.00,97,52.39,95,47.26,98,33.99,0,2.95
16.8,34.2,0.00,0.00,96,52.39,97,47.26,98,33.99,0,2.95
13.4,34.4,0.00,0.00,79,52.39,57,47.26,54,33.99,0,2.95
14.8,34.6,0.00,0.00,53,52.39,63,47.26,54,33.99,0,2.95
12.4,34.7,0.00,0.00,50,52.39,66,47.26,61,33.99,0,2.95
13.1,34.7,0.00,0.00,67,52.39,97,47.26,98,33.99,0,2.95
14.0,34.8,0.00,0.00,97,52.39,98,47.26,98,33.99,0,2.95
12.7,34.8,0.00,0.00,98,52.39,98,47.26,98,33.99,0,2.95
14.7,34.8,0.00,0.00,98,52.39,98,47.26,98,33.99,0,2.95
13.0,34.8,0.00,0.00,78,52.39,85,47.26,65,33.99,0,2.95
14.6,34.8,0.00,0.00,55,52.39,85,47.26,61,33.99,0,2.95
20.7,34.8,0.00,0.00,65,52.39,98,47.26,87,33.99,0,2.95
31.7,33.9,0.00,0.00,43,52.39,98,47.26,97,33.99,0,2.95
14.6,34.1,0.00,0.00,42,52.39,99,47.26,96,33.99,0,2.95
14.2,34.4,0.00,0.00,43,52.39,98,47.26,98,33.99,0,2.95
14.1,34.6,0.00,0.00,20,52.39,98,47.26,89,33.99,0,2.95
13.6,34.8,0.00,0.00,23,52.39,97,47.26,57,33.99,0,2.95
13.7,34.8,0.00,0.00,25,52.39,69,47.26,59,33.99,0,2.95
25.7,34.8,0.00,0.00,27,52.39,99,47.26,85,33.99,0,2.95
17.5,34.7,0.00,0.00,46,52.39,99,47.26,6,2.95,0,2.95
10.9,29.4,0.00,0.00,52,52.39,99,47.26,0,2.95,0,2.95
12.1,29.6,0.00,0.00,48,52.39,99,47.26,0,2.95,0,2.95
12.8,29.9,0.00,0.00,24,52.39,99,47.26,0,2.95,0,2.95
10.5,30.0,0.00,0.00,27,52.39,98,47.26,0,2.95,0,2.95
12.6,30.1,0.00,0.00,27,52.39,98,47.26,0,2.95,0,5.01
13.0,31.6,0.00,0.00,41,52.39,98,47.26,4,10.02,5,11.41
14.0,35.6,0.00,0.00,51,52.39,99,47.26,5,18.98,9,24.49
14.6,37.7,0.00,0.00,53,52.39,98,47.26,7,24.49,0,24.49
14.4,38.0,0.00,0.00,24,52.39,98,47.26,0,24.49,0,24.49
12.9,38.4,0.00,0.00,27,52.39,99,47.26,0,24.49,0,24.49
13.7,38.9,0.00,0.00,26,52.39,98,47.26,0,24.49,0,24.49
12.9,39.2,0.00,0.00,26,52.39,98,47.26,0,24.49,0,28.47
23.3,39.9,0.00,0.00,47,52.39,98,47.26,99,31.01,99,31.01
20.0,39.9,0.00,0.00,48,52.39,98,47.26,99,31.01,99,31.01
14.8,39.9,0.00,0.00,42,52.39,99,47.26,28,31.01,38,31.01
12.4,39.9,0.00,0.00,22,52.39,98,47.26,39,31.01,28,31.01
13.1,39.9,0.00,0.00,24,52.39,96,47.26,35,31.01,21,31.01
12.3,39.9,0.00,0.00,25,52.39,80,47.26,25,31.01,26,31.01
26.8,39.9,0.00,0.00,24,52.39,62,47.26,99,31.01,99,31.01
21.4,39.9,0.00,0.00,43,52.39,98,47.26,99,31.01,99,31.01
22.0,39.9,0.00,0.00,56,52.39,98,47.26,99,31.01,99,31.01
13.9,39.9,0.00,0.00,42,52.39,98,47.26,37,31.01,37,31.01
14.0,39.9,0.00,0.00,22,52.39,95,47.26,29,31.01,33,31.01
12.8,39.9,0.00,0.00,24,52.39,73,47.26,29,31.01,34,31.01
16.8,39.9,0.00,0.00,23,52.39,67,47.26,25,31.01,39,31.01
27.9,39.9,0.00,0.00,24,52.39,73,47.26,99,31.01,99,31.01
20.6,39.9,0.00,0.00,48,52.39,98,47.26,99,31.01,99,31.01
20.6,39.9,0.00,0.00,47,52.39,98,47.26,99,31.01,99,31.01
12.7,40.0,0.00,0.00,42,52.39,99,47.26,44,31.01,25,31.01
13.6,40.0,0.00,0.00,20,52.39,98,47.26,36,31.01,26,31.01
12.5,39.9,0.00,0.00,23,52.39,79,47.26,39,31.04,32,31.04
14.6,38.1,0.00,0.00,26,52.39,77,47.26,0,31.04,0,31.04
13.4,38.3,0.00,0.00,41,52.39,97,47.26,0,31.04,0,31.04
13.2,38.8,0.00,0.00,46,52.39,96,47.26,0,31.04,0,31.04
14.4,39.2,0.00,0.00,44,52.39,98,47.26,0,31.04,0,31.04
11.3,39.7,0.00,0.00,42,52.39,98,47.26,50,31.04,90,31.04
22.2,34.6,0.00,0.00,50,33.99,98,47.26,99,31.04,100,31.04
20.8,34.6,0.00,0.00,97,33.99,98,47.26,99,31.04,99,31.04
18.5,34.6,0.00,0.00,97,33.99,87,51.02,99,31.04,99,31.04
22.9,33.7,0.00,0.00,97,33.99,29,52.34,99,31.04,98,31.04
28.4,34.0,0.00,0.00,97,33.99,45,52.34,99,31.04,99,31.04
23.6,34.1,0.00,0.00,97,33.99,45,52.34,99,31.04,99,31.04
31.1,34.3,0.00,0.00,97,33.99,55,52.34,99,31.04,99,31.04
26.0,34.5,0.00,0.00,96,33.99,47,52.34,99,31.04,99,31.04
23.9,34.6,0.00,0.00,97,33.99,52,52.34,99,31.04,100,31.04
22.5,34.6,0.00,0.00,97,33.99,54,52.34,79,31.04,43,31.04
15.1,34.7,0.00,0.00,97,33.99,23,52.34,42,31.04,42,31.04
10.4,34.7,0.00,0.00,65,33.99,25,52.34,47,31.04,40,31.04
13.2,34.7,0.00,0.00,65,33.99,25,52.34,48,31.04,38,31.04
14.1,32.6,0.00,0.00,43,33.99,26,52.34,0,31.04,0,31.04
14.0,32.9,0.00,0.00,79,33.99,47,52.34,0,31.04,0,31.04
85.2,33.4,0.00,0.00,96,33.99,48,52.34,0,31.04,0,31.04
90.5,33.9,0.00,0.00,95,33.99,48,52.34,0,31.04,0,31.04
14.3,34.3,0.00,0.00,93,33.99,24,52.34,0,31.04,0,31.04
10.7,34.6,0.00,0.00,51,33.99,24,52.34,21,31.04,31,31.04
9.0,34.7,0.00,0.00,60,33.99,21,52.34,25,31.04,27,31.04
16.0,34.7,0.00,0.00,62,33.99,23,52.34,42,31.04,77,31.04
20.8,34.7,0.00,0.00,89,33.99,45,52.34,90,31.04,57,31.04
11.0,34.7,0.00,0.00,98,33.99,20,52.34,30,31.04,45,31.04
10.7,34.7,0.00,0.00,67,33.99,23,52.34,38,31.04,49,31.04
10.0,34.7,0.00,0.00,66,33.99,23,52.34,39,31.04,48,31.04
14.2,34.7,0.00,0.00,62,33.99,27,52.34,26,31.04,66,31.04
21.4,34.7,0.00,0.00,70,33.99,47,52.34,100,31.04,99,31.04
11.5,34.7,0.00,0.00,98,33.99,45,52.34,48,31.04,38,31.04
12.4,34.7,0.00,0.00,71,33.99,22,52.34,36,31.04,45,31.04
15.3,34.7,0.00,0.00,67,33.99,25,52.34,37,31.04,40,31.04
9.9,34.7,0.00,0.00,65,33.99,25,52.34,34,31.04,38,31.04
29.4,34.7,0.00,0.00,62,33.99,38,52.34,99,31.04,99,31.04
21.1,34.7,0.00,0.00,97,33.99,52,52.34,99,31.04,99,31.04
22.4,34.7,0.00,0.00,97,33.99,51,52.34,99,31.04,99,31.04
14.2,34.7,0.00,0.00,97,33.99,50,52.34,70,31.04,35,31.04
15.4,34.7,0.00,0.00,71,33.99,22,52.34,26,31.04,33,31.04
10.8,34.7,0.00,0.00,48,33.99,25,52.34,29,31.04,60,31.04
13.3,34.7,0.00,0.00,47,33.99,25,52.34,37,31.04,55,31.04
14.0,34.7,0.00,0.00,54,33.99,25,52.34,81,31.04,99,31.04
23.0,34.6,0.00,0.00,84,33.99,51,52.34,41,31.04,77,31.04
14.0,32.8,0.00,0.00,97,33.99,49,52.34,0,31.04,0,31.04
14.0,33.3,0.00,0.00,93,33.99,46,52.34,0,31.04,0,31.04
11.1,33.6,0.00,0.00,94,33.99,22,52.34,0,31.04,0,31.04
13.3,33.9,0.00,0.00,63,33.99,26,52.34,0,31.04,0,31.04
14.5,34.3,0.00,0.00,55,33.99,27,52.34,0,31.04,7,31.04
25.3,34.6,0.00,0.00,84,33.99,43,52.34,99,31.04,99,31.04
22.8,34.6,0.00,0.00,97,33.99,49,52.34,99,31.04,99,31.04
23.1,34.7,0.00,0.00,97,33.99,50,52.34,99,31.04,99,31.04
12.8,34.7,0.00,0.00,97,33.99,46,52.39,54,31.04,37,31.04
12.0,33.8,0.00,0.00,55,33.99,39,52.39,39,31.04,45,31.04
16.0,33.9,0.00,0.00,50,33.99,48,52.39,27,31.04,32,31.04
13.0,34.1,0.00,0.00,57,33.99,64,52.39,27,31.04,33,31.04
52.8,29.1,0.00,0.00,5,2.95,68,52.39,91,31.04,99,31.04
17.8,29.1,0.00,0.00,0,2.95,98,52.39,99,31.04,99,31.04
19.9,29.3,0.00,0.00,0,2.95,98,52.39,99,31.04,99,31.04
14.5,29.3,0.00,0.00,0,2.95,97,52.39,100,31.04,55,31.04
10.5,29.4,0.00,0.00,0,2.95,98,52.39,34,31.04,37,31.04
11.6,29.5,0.00,0.00,0,2.95,62,52.39,31,31.04,38,31.04
11.9,29.7,0.00,0.00,0,2.95,75,52.39,32,31.04,43,31.04
26.9,29.8,0.00,0.00,0,2.95,82,52.39,100,31.04,88,31.04
20.5,30.6,0.00,0.00,0,2.95,98,52.39,99,31.04,99,31.04
18.5,31.8,0.00,0.00,1,9.58,98,52.39,99,31.04,99,31.04
12.7,31.8,0.00,0.00,3,15.9,98,52.39,0,31.04,0,31.04
93.4,31.9,0.00,0.00,6,35.38,98,52.39,0,31.04,0,31.04
13.0,32.5,0.00,0.00,0,35.38,95,52.39,0,31.04,0,31.04
80.6,33.0,0.00,0.00,0,35.38,86,52.39,0,31.04,0,31.04
9.3,33.7,0.00,0.00,0,35.38,97,52.39,0,31.04,0,31.04
17.9,34.4,0.00,0.00,0,35.38,97,52.39,99,31.04,95,31.04
16.4,34.6,0.00,0.00,23,57.53,98,52.39,100,31.04,72,31.04
11.8,34.6,0.00,0.00,100,57.53,98,52.39,26,31.04,33,31.04
11.7,34.6,0.00,0.00,87,57.53,71,52.39,26,31.04,37,31.04
10.6,34.6,0.00,0.00,84,57.53,97,52.39,26,31.04,41,31.04
11.6,34.6,0.00,0.00,81,57.53,65,52.39,50,31.04,99,31.04
20.3,34.6,0.00,0.00,99,57.53,98,52.39,100,31.04,99,31.04
21.0,34.6,0.00,0.00,100,57.53,98,52.39,99,31.04,100,31.04
19.8,34.6,0.00,0.00,100,57.53,98,52.39,99,31.04,99,31.04
19.9,34.6,0.00,0.00,100,57.53,98,52.39,100,31.04,99,31.04
19.2,34.6,0.00,0.00,100,57.53,98,52.39,99,31.04,99,31.04
21.1,34.6,0.00,0.00,100,57.53,98,52.39,99,31.04,99,31.04
21.8,34.6,0.00,0.00,100,57.53,98,52.39,100,31.04,99,31.04
19.8,34.6,0.00,0.00,100,57.53,98,52.39,100,31.04,99,31.04
12.9,34.6,0.00,0.00,100,57.53,98,52.39,11,31.04,38,31.04
11.9,32.8,0.00,0.00,98,57.53,98,52.39,0,31.04,0,31.04
11.9,33.3,0.00,0.00,100,57.53,97,52.39,0,31.04,0,31.04
13.9,33.7,0.00,0.00,100,57.53,98,52.39,0,31.04,0,31.04
22.8,34.1,0.00,0.00,99,57.53,97,52.39,0,31.04,0,31.04
20.5,34.4,0.00,0.00,99,57.53,96,52.39,0,31.04,44,31.04
11.1,34.6,0.00,0.00,100,57.53,68,52.39,24,31.04,69,31.04
20.5,34.5,0.00,0.00,88,57.53,90,52.39,99,31.04,99,31.04
19.0,34.5,0.00,0.00,100,57.53,99,52.39,99,31.04,100,31.04
18.1,34.5,0.00,0.00,100,57.53,99,52.39,99,31.04,99,31.04
18.7,34.5,0.00,0.00,100,57.53,99,52.39,99,31.04,99,31.04
19.0,34.5,0.00,0.00,100,57.53,99,52.39,99,31.04,99,31.04
19.0,34.5,0.00,0.00,100,57.53,99,52.39,99,31.04,99,31.04
18.4,34.5,0.00,0.00,100,57.53,99,52.39,99,31.04,100,31.04
21.0,34.5,0.00,0.00,100,57.53,99,52.39,99,31.04,100,31.04
19.8,34.5,0.00,0.00,100,57.53,99,52.39,99,31.04,99,31.04
17.8,34.5,0.00,0.00,100,57.53,98,52.39,99,31.04,99,31.04
19.2,34.5,0.00,0.00,100,57.53,98,52.39,99,31.04,65,2.95
9.2,24.2,0.00,0.00,100,57.53,99,52.39,5,2.95,0,2.95
6.9,24.0,0.00,0.00,100,57.53,99,52.39,0,2.95,0,2.95
7.1,24.0,0.00,0.00,100,57.53,99,52.39,0,2.95,0,2.95
7.5,24.0,0.00,0.00,100,57.53,99,52.39,0,2.95,0,2.95
7.3,24.0,0.00,0.00,100,57.53,99,52.39,0,2.95,0,2.95
6.7,24.0,0.00,0.00,100,57.53,99,52.39,0,2.95,0,2.95
17.5,24.5,0.00,0.00,100,57.53,99,52.39,0,2.95,0,2.95
15.9,25.4,0.00,0.00,99,57.53,97,52.39,0,2.95,0,3.07
13.8,26.4,0.00,0.00,100,57.53,98,52.39,3,12.42,9,15.45
18.9,32.1,0.00,0.00,100,57.53,47,21.35,9,24.24,8,26.7
17.1,34.7,0.00,0.00,100,57.53,56,21.35,6,38.98,6,30.12
14.4,35.7,0.00,0.00,100,57.53,50,21.35,0,38.98,0,30.12
14.4,36.2,0.00,0.00,100,57.53,56,21.35,0,38.98,0,30.12
13.3,36.6,0.00,0.00,100,57.53,51,21.35,0,38.98,0,30.12
14.0,37.1,0.00,0.00,100,57.53,51,21.35,0,46.85,0,38.72
28.3,37.9,0.00,0.00,100,57.53,51,21.35,91,46.85,65,38.72
27.6,38.3,0.00,0.00,97,57.53,49,21.35,90,46.85,66,38.72
28.9,38.7,0.00,0.00,99,57.53,46,21.35,96,46.85,65,38.72
32.7,39.1,0.00,0.00,100,57.53,47,21.35,93,46.85,68,38.72
52.2,39.6,0.00,0.00,100,57.53,46,21.35,93,46.85,69,38.72
23.8,40.0,0.00,0.00,99,57.53,50,21.35,96,46.85,73,38.72
22.6,40.0,0.00,0.00,100,57.53,50,21.35,95,46.85,68,38.72
22.6,40.0,0.00,0.00,100,57.53,45,21.35,95,46.85,71,38.72
23.4,40.0,0.00,0.00,100,57.53,45,21.35,95,46.85,68,38.72
22.4,40.0,0.00,0.00,99,57.53,49,21.35,97,46.85,77,38.72
20.9,40.0,0.00,0.00,100,57.53,47,21.35,96,46.85,70,38.72
22.2,40.0,0.00,0.00,100,57.53,47,21.35,96,46.85,71,38.72
23.0,40.0,0.00,0.00,99,57.53,45,21.35,96,46.85,71,38.72
23.7,40.0,0.00,0.00,99,57.53,45,21.35,95,46.85,75,38.72
25.2,40.0,0.00,0.00,99,57.53,48,21.35,95,46.85,70,38.72
22.0,40.0,0.00,0.00,100,57.53,46,21.35,97,46.85,76,38.72
22.3,40.0,0.00,0.00,100,57.53,53,21.35,96,46.85,73,38.72
20.9,40.0,0.00,0.00,99,57.53,47,21.35,95,46.85,73,38.72
25.2,40.0,0.00,0.00,99,57.53,48,21.35,73,53.41,76,44.72
85.6,37.1,0.00,0.00,99,57.53,45,21.35,83,53.41,62,47.43
78.7,37.7,0.00,0.00,0,57.53,44,21.35,72,53.41,66,47.43
28.6,38.3,0.00,0.00,0,57.53,41,21.35,68,53.41,67,47.43
89.6,39.0,0.00,0.00,0,57.53,44,21.35,81,53.41,71,47.43
51.0,39.7,0.00,0.00,0,57.53,47,21.35,82,53.41,73,47.43
24.9,40.1,0.00,0.00,0,57.53,47,21.35,91,53.41,80,47.43
23.3,40.1,0.00,0.00,100,57.53,48,21.35,80,53.41,79,47.43
23.8,40.1,0.00,0.00,99,57.53,45,21.35,73,53.41,74,47.43
22.7,40.1,0.00,0.00,100,57.53,48,21.35,77,53.41,73,47.43
25.2,40.1,0.00,0.00,99,57.53,43,21.35,77,53.41,75,47.43
22.6,39.1,0.00,0.00,99,57.53,44,21.35,77,53.41,75,47.43
24.4,39.2,0.00,0.00,100,57.53,0,21.35,83,53.41,72,47.43
16.9,38.4,0.00,0.00,100,57.53,0,21.35,94,53.46,76,47.43
22.0,38.8,0.00,0.00,100,57.53,0,21.35,96,53.46,73,47.43
36.3,39.3,0.00,0.00,100,57.53,0,21.35,97,53.46,74,47.43
24.9,39.7,0.00,0.00,100,57.53,39,21.35,95,53.46,78,47.43
23.5,39.9,0.00,0.00,100,57.53,46,21.35,96,53.46,74,47.43
21.2,40.1,0.00,0.00,100,57.53,49,21.35,98,53.46,78,47.43
20.8,40.1,0.00,0.00,100,57.53,46,21.35,97,53.46,71,47.55
23.2,40.1,0.00,0.00,99,57.53,48,21.35,97,53.46,70,47.55
23.5,39.2,0.00,0.00,100,57.53,51,21.35,95,53.46,75,47.55
23.5,39.4,0.00,0.00,100,57.53,46,21.35,96,53.46,80,47.55
24.7,39.6,0.00,0.00,99,57.53,43,21.35,95,53.46,78,47.55
62.2,39.8,0.00,0.00,100,57.53,47,21.35,97,53.46,73,47.55
23.6,40.1,0.00,0.00,100,57.53,52,21.35,97,53.46,77,47.55
23.2,40.1,0.00,0.00,100,57.53,50,21.35,96,53.46,71,47.55
21.3,40.1,0.00,0.00,100,57.53,48,21.35,97,53.46,79,47.55
21.2,40.1,0.00,0.00,100,57.53,49,21.35,97,53.46,76,47.55
22.7,40.1,0.00,0.00,100,57.53,48,21.35,97,53.46,65,47.55
21.6,40.1,0.00,0.00,99,57.53,47,21.35,96,53.46,73,47.55
23.2,40.1,0.00,0.00,99,57.53,47,21.35,97,53.46,76,47.55
21.9,40.1,0.00,0.00,99,57.53,43,21.35,96,53.46,70,47.55
20.9,40.1,0.00,0.00,100,57.53,43,21.35,96,53.46,77,47.55
23.5,39.0,0.00,0.00,100,57.53,52,21.35,90,53.46,78,47.55
57.8,39.2,0.00,0.00,100,57.53,44,21.35,71,53.46,75,47.55
25.2,39.4,0.00,0.00,100,57.53,51,21.35,78,53.46,76,47.55
25.9,39.7,0.00,0.00,100,57.53,47,21.35,82,53.46,72,47.55
26.5,39.9,0.00,0.00,100,57.53,44,21.35,74,53.46,77,47.55
19.7,40.1,0.00,0.00,99,57.53,52,21.35,86,53.46,43,47.55
26.1,39.2,0.00,0.00,99,57.53,48,21.35,77,53.46,73,47.55
24.5,39.4,0.00,0.00,99,57.53,48,21.35,78,53.46,74,47.55
39.5,39.6,0.00,0.00,100,57.53,48,21.35,73,53.46,76,47.55
24.7,39.8,0.00,0.00,100,57.53,48,21.35,71,53.46,74,47.55
29.7,40.1,0.00,0.00,99,57.53,47,21.35,77,53.46,78,47.55
26.7,40.1,0.00,0.00,99,57.53,51,21.35,83,53.46,74,47.55
24.4,40.1,0.00,0.00,99,57.53,44,21.35,76,53.46,77,47.55
24.8,39.0,0.00,0.00,99,57.53,48,21.35,96,53.46,76,47.55
25.5,39.3,0.00,0.00,100,57.53,47,21.35,96,53.46,78,47.55
26.4,39.5,0.00,0.00,100,57.53,47,21.35,96,53.46,80,47.55
82.5,38.7,0.00,0.00,100,57.53,31,21.35,97,53.46,75,47.55
20.9,39.1,0.00,0.00,100,57.53,0,21.35,94,53.46,75,47.55
18.8,39.5,0.00,0.00,100,57.53,0,21.35,95,53.46,77,47.55
89.1,39.7,0.00,0.00,100,57.53,0,21.35,96,53.46,79,47.55
20.0,40.0,0.00,0.00,100,57.53,0,21.35,97,53.46,74,47.55
23.5,40.1,0.00,0.00,100,57.53,50,21.35,97,53.46,82,47.55
21.7,40.1,0.00,0.00,100,57.53,50,21.35,97,53.46,81,47.55
22.9,40.1,0.00,0.00,100,57.53,46,21.35,96,53.46,77,47.55
23.9,39.5,0.00,0.00,100,57.53,51,21.35,97,53.46,41,47.55
78.6,39.2,0.00,0.00,100,57.53,47,21.35,95,53.46,73,47.55
22.1,39.4,0.00,0.00,99,57.53,44,21.35,94,53.46,72,47.55
24.5,39.7,0.00,0.00,100,57.53,48,21.35,97,53.46,74,47.55
23.8,39.9,0.00,0.00,99,57.53,44,21.35,96,53.46,70,47.55
23.9,40.1,0.00,0.00,100,57.53,50,21.35,97,53.46,78,47.55
20.6,40.1,0.00,0.00,100,57.53,49,21.35,97,53.46,74,47.55
22.5,40.1,0.00,0.00,100,57.53,41,21.35,97,53.46,77,47.55
22.2,40.1,0.00,0.00,100,57.53,43,21.35,97,53.46,75,47.55
21.0,40.1,0.00,0.00,100,57.53,51,21.35,75,53.46,70,47.55
26.6,34.9,0.00,0.00,100,57.53,47,21.35,91,30.96,80,47.55
25.3,34.7,0.00,0.00,100,57.53,49,21.35,99,30.96,72,47.55
23.1,34.7,0.00,0.00,99,57.53,46,21.35,87,30.96,75,47.55
30.0,34.7,0.00,0.00,100,57.53,46,21.35,88,30.96,76,47.55
31.3,33.9,0.00,0.00,0,57.53,48,21.35,82,30.96,74,47.55
23.3,34.1,0.00,0.00,0,57.53,51,21.35,80,30.96,73,47.55
22.9,34.3,0.00,0.00,0,57.53,47,21.35,79,30.96,76,47.55
22.0,34.6,0.00,0.00,0,57.53,50,21.35,81,30.96,74,47.55
23.6,34.7,0.00,0.00,36,57.53,47,21.35,84,30.96,76,47.55
21.8,33.7,0.00,0.00,100,57.53,49,21.35,88,30.96,75,47.55
26.9,33.9,0.00,0.00,99,57.53,47,21.35,82,30.96,73,47.55
27.4,34.1,0.00,0.00,100,57.53,48,21.35,80,30.96,76,47.55
25.0,33.3,0.00,0.00,99,57.53,53,21.35,5,2.95,76,47.55
17.8,29.2,0.00,0.00,100,57.53,48,21.35,0,2.95,77,47.55
16.5,29.4,0.00,0.00,100,57.53,54,21.35,0,2.95,79,47.55
15.7,29.4,0.00,0.00,100,57.53,55,21.35,0,2.95,81,47.55
16.5,29.4,0.00,0.00,100,57.53,51,21.35,0,2.95,80,47.55
16.9,29.4,0.00,0.00,99,57.53,52,21.35,0,2.95,80,47.55
20.8,29.6,0.00,0.00,100,57.53,46,21.35,0,2.95,76,47.55
19.1,30.1,0.00,0.00,99,57.53,45,21.35,0,2.95,69,47.55
25.2,30.2,0.00,0.00,99,57.53,43,2.95,0,9.39,83,47.55
16.2,28.2,0.00,0.00,100,57.53,0,2.95,6,22.04,84,47.55
15.0,32.0,0.00,0.00,100,57.53,0,2.95,8,45.85,79,47.55
16.9,32.6,0.00,0.00,100,57.53,0,2.95,0,45.85,67,47.55
20.1,33.3,0.00,0.00,99,57.53,0,2.95,0,45.85,72,47.55
47.4,33.9,0.00,0.00,100,57.53,0,6.25,0,45.85,78,47.55
20.0,36.6,0.00,0.00,100,57.53,7,18.31,0,45.85,75,47.55
23.6,40.4,0.00,0.00,100,57.53,10,30.07,80,52.36,51,47.55
70.5,41.3,0.00,0.00,100,57.53,1,30.12,66,52.36,70,47.55
25.9,41.9,0.00,0.00,99,57.53,0,30.12,78,52.36,50,47.55
42.5,42.5,0.00,0.00,99,57.53,0,30.12,13,52.36,13,47.55
26.4,43.0,0.00,0.00,95,57.53,0,30.12,9,52.36,16,47.55
13.1,43.5,0.00,0.00,75,57.53,0,30.12,14,52.36,19,47.55
42.3,43.9,0.00,0.00,83,57.53,0,30.12,14,52.36,13,47.55
14.2,44.4,0.00,0.00,77,57.53,17,38.72,9,52.36,21,47.55
37.4,44.6,0.00,0.00,94,57.53,44,38.72,54,52.36,68,47.55
28.5,44.8,0.00,0.00,99,57.53,71,38.72,64,52.36,71,47.55
52.3,45.0,0.00,0.00,99,57.53,72,38.72,66,52.36,66,47.55
27.3,45.2,0.00,0.00,100,57.53,72,38.72,72,52.36,74,47.55
26.5,45.5,0.00,0.00,99,57.53,74,38.72,71,52.36,72,47.55
25.9,45.5,0.00,0.00,99,57.53,71,38.72,73,52.36,73,47.55
27.4,45.5,0.00,0.00,99,57.53,73,38.72,77,52.36,73,47.55
29.8,45.5,0.00,0.00,99,57.53,72,38.72,71,52.36,71,47.55
27.0,45.5,0.00,0.00,99,57.53,71,38.72,72,52.36,75,47.55
27.4,45.5,0.00,0.00,99,57.53,73,38.72,69,52.41,67,47.55
30.8,44.4,0.00,0.00,100,57.53,77,38.72,46,58.93,66,47.55
33.5,44.7,0.00,0.00,99,57.53,70,38.72,72,58.93,72,47.55
29.0,44.9,0.00,0.00,100,57.53,73,38.72,77,58.93,72,47.55
54.1,45.1,0.00,0.00,99,57.53,77,38.72,74,58.93,68,47.55
27.6,45.3,0.00,0.00,99,57.53,75,38.72,76,58.93,71,47.55
25.9,45.5,0.00,0.00,99,57.53,72,38.72,75,58.93,73,47.55
27.0,45.5,0.00,0.00,99,57.53,70,38.72,78,58.93,76,25.25
25.9,40.2,0.00,0.00,100,57.53,80,38.72,83,58.93,78,25.25
21.2,40.1,0.00,0.00,99,57.53,77,47.43,82,58.93,73,25.25
26.3,39.2,0.00,0.00,99,57.53,70,47.43,74,58.93,71,25.25
27.9,39.5,0.00,0.00,99,57.53,74,47.43,77,58.93,74,25.25
27.9,39.7,0.00,0.00,99,57.53,73,47.43,73,58.93,74,25.25
29.0,39.9,0.00,0.00,99,57.53,67,47.43,64,58.93,70,25.25
27.8,39.1,0.00,0.00,99,57.53,70,47.43,79,58.98,72,25.25
28.7,39.3,0.00,0.00,99,57.53,78,47.43,68,58.98,72,25.25
27.3,39.5,0.00,0.00,100,57.53,72,47.43,62,58.98,76,25.25
29.8,39.7,0.00,0.00,99,57.53,68,47.43,77,58.98,69,25.25
26.8,40.0,0.00,0.00,99,57.53,73,47.43,76,58.98,71,25.25
26.7,40.1,0.00,0.00,100,57.53,75,47.43,69,58.98,70,25.25
25.6,40.2,0.00,0.00,99,57.53,72,47.43,77,58.98,72,25.25
24.7,40.1,0.00,0.00,99,57.53,73,47.43,68,58.98,73,25.25
26.6,40.2,0.00,0.00,99,57.53,70,47.43,66,58.98,73,25.25
24.5,40.1,0.00,0.00,100,57.53,75,47.43,75,58.98,70,25.25
25.4,40.1,0.00,0.00,99,57.53,73,47.43,78,58.98,74,25.25
25.2,40.1,0.00,0.00,99,57.53,72,47.43,82,58.98,72,25.25
21.8,40.1,0.00,0.00,100,57.53,73,47.43,84,58.98,4,2.95
20.7,34.8,0.00,0.00,99,57.53,76,47.43,51,58.98,0,2.95
26.0,34.3,0.00,0.00,99,57.53,66,47.43,70,58.98,0,2.95
52.6,34.9,0.00,0.00,99,57.53,62,47.55,79,58.98,0,9.42
83.4,35.6,0.00,0.00,69,57.53,72,47.55,82,58.98,5,20.48
24.7,34.4,0.00,0.00,9,2.95,72,47.55,83,58.98,6,30.12
30.5,37.4,0.00,0.00,0,2.95,75,47.55,76,58.98,0,30.12
23.3,38.1,0.00,0.00,0,2.95,67,47.55,74,58.98,0,30.12
19.8,38.7,0.00,0.00,0,2.95,76,47.55,84,58.98,0,30.12
77.8,39.4,0.00,0.00,0,2.95,79,47.55,93,58.98,0,30.12
57.8,40.1,0.00,0.00,0,5.33,71,47.55,91,58.98,14,38.72
25.8,42.4,0.00,0.00,4,11.75,81,47.55,76,58.98,71,38.72
28.7,44.3,0.00,0.00,4,35.38,75,47.55,77,58.98,68,38.72
25.0,44.0,0.00,0.00,0,35.38,73,47.55,66,58.98,67,38.72
26.1,44.5,0.00,0.00,0,35.38,74,47.55,54,58.98,60,38.72
28.3,44.0,0.00,0.00,0,35.38,71,47.55,73,58.98,62,38.72
52.4,44.6,0.00,0.00,0,35.38,80,47.55,75,58.98,74,38.72
28.3,45.1,0.00,0.00,0,57.53,80,47.55,76,58.98,77,38.72
80.7,45.3,0.00,0.00,99,57.53,79,47.55,77,58.98,65,38.72
27.7,45.5,0.00,0.00,99,57.53,77,47.55,73,58.98,66,38.72
25.9,45.5,0.00,0.00,99,57.53,74,47.55,74,58.98,71,38.72
27.3,45.5,0.00,0.00,99,57.53,84,47.55,87,58.98,77,38.72
12.2,45.5,0.00,0.00,99,57.53,32,47.55,9,58.98,23,38.72
13.6,45.5,0.00,0.00,100,57.53,23,47.55,10,58.98,25,38.72
14.4,40.6,0.00,0.00,97,57.53,46,25.25,15,58.98,12,38.72
10.6,40.2,0.00,0.00,91,57.53,13,25.25,12,58.98,24,38.72
26.3,40.2,0.00,0.00,99,57.53,63,25.25,73,58.98,67,38.72
25.8,40.2,0.00,0.00,99,57.53,74,25.25,76,58.98,66,38.72
26.4,40.2,0.00,0.00,99,57.53,70,25.25,71,58.98,50,38.72
10.9,40.2,0.00,0.00,100,57.53,21,25.25,9,58.98,16,38.72
11.2,40.2,0.00,0.00,100,57.53,18,25.25,9,58.98,20,38.72
11.1,40.2,0.00,0.00,92,57.53,17,25.25,13,58.98,19,38.72
12.0,40.2,0.00,0.00,83,57.53,20,25.25,12,58.98,20,38.72
26.2,40.2,0.00,0.00,97,57.53,59,25.25,75,58.98,75,38.72
28.4,39.2,0.00,0.00,100,57.53,73,25.25,77,58.98,66,38.72
28.3,39.4,0.00,0.00,99,57.53,74,25.25,75,58.98,42,47.43
19.3,38.6,0.00,0.00,100,57.53,16,25.25,9,58.98,12,47.43
17.7,39.0,0.00,0.00,100,57.53,15,25.25,15,58.98,16,47.43
15.4,39.2,0.00,0.00,81,57.53,20,25.25,9,58.98,26,47.43
17.7,39.6,0.00,0.00,80,57.53,15,25.25,18,58.98,12,47.43
29.1,39.9,0.00,0.00,80,57.53,21,25.25,41,58.98,69,47.43
29.4,40.1,0.00,0.00,99,57.53,72,25.25,65,58.98,70,47.43
27.7,40.2,0.00,0.00,100,57.53,71,25.25,70,58.98,74,47.43
12.4,40.2,0.00,0.00,99,57.53,55,25.25,18,58.98,17,47.43
11.4,40.2,0.00,0.00,100,57.53,16,25.25,13,58.98,21,47.43
11.7,40.2,0.00,0.00,100,57.53,16,25.25,15,58.98,21,47.43
14.5,40.2,0.00,0.00,98,57.53,16,25.25,13,58.98,20,47.43
29.1,40.2,0.00,0.00,97,57.53,30,25.25,56,58.98,65,47.43
28.3,40.2,0.00,0.00,99,57.53,79,25.25,77,58.98,73,47.43
24.5,40.2,0.00,0.00,100,57.53,77,25.25,72,58.98,71,47.43
15.3,40.2,0.00,0.00,99,57.53,45,25.25,18,58.98,18,47.43
14.1,40.2,0.00,0.00,100,57.53,20,25.25,18,58.98,20,47.43
11.8,40.2,0.00,0.00,100,57.53,20,25.25,18,58.98,20,47.43
13.4,40.2,0.00,0.00,94,57.53,20,25.25,9,58.98,20,47.43
27.9,40.2,0.00,0.00,97,57.53,32,25.25,58,58.98,67,47.43
25.3,40.2,0.00,0.00,99,57.53,71,25.25,76,58.98,70,47.43
21.9,39.1,0.00,0.00,99,57.53,28,2.95,85,58.98,79,47.43
12.1,34.8,0.00,0.00,100,57.53,0,2.95,10,58.98,18,47.43
12.7,34.9,0.00,0.00,99,57.53,0,2.95,9,58.98,19,47.43
12.8,34.9,0.00,0.00,100,57.53,0,2.95,10,58.98,23,47.43
18.1,34.8,0.00,0.00,100,57.53,0,2.95,16,58.98,20,47.43
18.7,34.3,0.00,0.00,99,57.53,0,2.95,45,58.98,28,47.43
18.1,34.9,0.00,0.00,99,57.53,0,2.95,18,58.98,22,47.43
14.4,35.1,0.00,0.00,100,57.53,0,2.95,18,58.98,21,47.43
13.3,35.4,0.00,0.00,98,57.53,0,5.21,18,58.98,19,47.43
22.8,37.9,0.00,0.00,100,57.53,7,15.74,14,58.98,21,47.43
16.7,41.1,0.00,0.00,99,57.53,7,26.73,9,58.98,20,47.43
14.8,43.3,0.00,0.00,99,57.53,4,37.98,18,58.98,18,47.43
13.6,43.4,0.00,0.00,100,57.53,0,37.98,14,58.98,13,47.43
22.6,43.6,0.00,0.00,100,57.53,0,37.98,56,58.98,68,47.43
23.1,43.8,0.00,0.00,100,57.53,0,37.98,81,58.98,70,47.43
21.0,44.0,0.00,0.00,100,57.53,0,37.98,86,58.98,60,47.55
15.8,43.2,0.00,0.00,100,57.53,0,46.58,9,58.98,22,47.55
53.5,43.6,0.00,0.00,99,57.53,12,46.58,9,58.98,12,47.55
25.4,44.0,0.00,0.00,84,57.53,21,46.58,9,58.98,24,47.55
24.2,44.4,0.00,0.00,74,57.53,15,46.58,9,58.98,12,47.55
28.6,44.7,0.00,0.00,81,57.53,21,46.58,30,58.98,61,47.55
27.2,45.1,0.00,0.00,99,57.53,60,46.58,63,58.98,69,47.55
25.7,45.4,0.00,0.00,99,57.53,62,46.58,85,58.98,71,47.55
11.6,45.5,0.00,0.00,100,57.53,64,46.58,9,58.98,20,47.55
13.2,45.5,0.00,0.00,100,57.53,15,46.58,9,58.98,22,47.55
14.4,45.5,0.00,0.00,100,57.53,17,46.58,17,58.98,23,47.55
12.9,45.5,0.00,0.00,94,57.53,19,46.58,13,58.98,14,47.55
27.6,45.5,0.00,0.00,96,57.53,64,46.58,50,58.98,74,47.55
22.6,44.5,0.00,0.00,100,57.53,73,46.58,82,58.98,67,47.55
25.3,44.7,0.00,0.00,0,57.53,66,46.58,72,58.98,75,47.55
12.8,44.9,0.00,0.00,0,57.53,54,46.58,9,58.98,15,47.55
10.3,45.1,0.00,0.00,0,57.53,17,46.58,9,58.98,16,47.55
11.7,45.3,0.00,0.00,0,57.53,23,46.58,22,58.98,18,47.55
13.5,44.5,0.00,0.00,0,57.53,20,46.58,14,58.98,47,47.55
29.8,44.6,0.00,0.00,97,57.53,70,46.58,65,58.98,69,47.55
27.4,44.8,0.00,0.00,99,57.53,69,46.58,76,58.98,73,47.55
28.9,45.0,0.00,0.00,99,57.53,67,46.58,73,58.98,78,47.55
13.4,45.3,0.00,0.00,99,57.53,42,46.58,13,58.98,14,47.55
12.7,45.4,0.00,0.00,99,57.53,20,46.58,11,58.98,15,47.55
10.2,45.5,0.00,0.00,82,57.53,17,46.58,14,58.98,17,47.55
13.0,45.4,0.00,0.00,88,57.53,17,46.58,14,58.98,35,47.55
26.8,45.4,0.00,0.00,97,57.53,65,46.58,56,58.98,74,47.55
26.4,45.4,0.00,0.00,100,57.53,73,46.58,74,58.98,65,47.55
24.4,45.4,0.00,0.00,99,57.53,69,46.58,78,58.98,74,47.55
13.3,45.5,0.00,0.00,100,57.53,56,46.58,9,58.98,18,47.55
14.7,45.5,0.00,0.00,100,57.53,16,46.58,9,58.98,20,47.55
11.1,45.5,0.00,0.00,100,57.53,19,46.58,9,58.98,20,47.55
13.9,45.5,0.00,0.00,95,57.53,20,46.58,9,58.98,42,47.55
25.7,45.4,0.00,0.00,97,57.53,70,46.58,77,58.98,67,47.55
25.8,45.4,0.00,0.00,99,57.53,70,46.58,74,58.98,58,47.55
33.1,43.4,0.00,0.00,100,57.53,69,53.32,75,58.98,66,47.55
69.2,43.8,0.00,0.00,100,57.53,47,53.32,18,58.98,15,47.55
96.0,44.2,0.00,0.00,97,57.53,21,53.32,12,58.98,17,47.55
16.5,44.5,0.00,0.00,75,57.53,18,53.32,9,58.98,20,47.55
14.9,44.9,0.00,0.00,88,57.53,20,53.32,9,58.98,18,47.55
35.3,45.2,0.00,0.00,88,57.53,41,53.32,63,58.98,67,47.55
25.2,45.4,0.00,0.00,99,57.53,98,53.32,70,58.98,68,47.55
30.6,44.4,0.00,0.00,99,57.53,98,53.32,54,58.98,67,47.55
15.1,44.6,0.00,0.00,99,57.53,24,53.32,18,58.98,18,47.55
13.6,44.8,0.00,0.00,100,57.53,19,53.32,12,58.98,15,47.55
14.6,45.1,0.00,0.00,92,57.53,20,53.32,13,58.98,16,47.55
14.9,45.2,0.00,0.00,90,57.53,18,53.32,14,58.98,20,47.55
84.8,45.3,0.00,0.00,91,57.53,32,53.32,58,58.98,73,47.55
26.6,45.4,0.00,0.00,99,57.53,98,53.32,72,58.98,60,47.55
28.5,45.4,0.00,0.00,99,57.53,98,53.32,69,58.98,70,47.55
15.2,45.5,0.00,0.00,100,57.53,42,53.32,32,58.98,17,47.55
12.4,45.5,0.00,0.00,100,57.53,21,53.32,16,58.98,15,47.55
14.5,45.5,0.00,0.00,100,57.53,21,53.32,17,58.98,15,47.55
12.3,45.5,0.00,0.00,98,57.53,21,53.32,14,58.98,15,47.55
27.9,45.4,0.00,0.00,96,57.53,50,53.32,76,58.98,69,47.55
29.1,45.4,0.00,0.00,99,57.53,98,53.32,70,58.98,71,47.55
26.2,45.5,0.00,0.00,99,57.53,98,53.32,73,58.98,55,47.55
14.5,45.5,0.00,0.00,99,57.53,19,53.32,12,58.98,21,47.55
12.1,45.5,0.00,0.00,100,57.53,21,53.32,16,58.98,22,47.55
14.0,45.5,0.00,0.00,100,57.53,21,53.32,16,58.98,22,47.55
11.6,45.5,0.00,0.00,100,57.53,22,53.32,17,58.98,25,47.55
25.7,45.4,0.00,0.00,98,57.53,69,53.32,72,58.98,70,47.55
25.2,45.4,0.00,0.00,99,57.53,98,53.32,73,58.98,60,47.55
27.8,45.4,0.00,0.00,99,57.53,98,53.32,63,58.98,48,47.55
16.5,44.6,0.00,0.00,100,57.53,20,53.32,18,58.98,15,47.55
13.6,44.7,0.00,0.00,100,57.53,22,53.32,16,58.98,19,47.55
36.7,44.9,0.00,0.00,88,57.53,25,53.32,9,58.98,21,47.55
14.4,45.0,0.00,0.00,84,57.53,12,53.32,9,58.98,18,47.55
33.4,45.2,0.00,0.00,85,57.53,35,53.32,68,58.98,69,47.55
25.7,44.5,0.00,0.00,99,57.53,70,53.32,83,58.98,39,47.55
30.6,43.7,0.00,0.00,99,57.53,70,53.32,69,58.98,65,47.55
19.8,44.2,0.00,0.00,100,57.53,33,53.32,11,58.98,19,47.55
27.0,44.1,0.00,0.00,100,57.53,20,53.32,16,58.98,16,47.55
33.7,42.3,0.00,0.00,82,57.53,17,53.32,10,58.98,19,47.55
15.1,42.6,0.00,0.00,86,57.53,23,53.32,12,58.98,20,47.55
15.1,42.9,0.00,0.00,86,57.53,17,53.32,25,58.98,58,47.55
26.2,42.9,0.00,0.00,99,57.53,75,53.32,75,58.98,71,47.55
26.4,42.9,0.00,0.00,100,57.53,65,53.32,83,58.98,68,47.55
27.3,42.9,0.00,0.00,99,57.53,71,53.32,76,58.98,68,47.55
25.1,42.9,0.00,0.00,99,57.53,71,53.32,76,58.98,71,47.55
27.0,42.9,0.00,0.00,99,57.53,75,53.32,73,58.98,71,47.55
27.1,42.9,0.00,0.00,99,57.53,70,53.32,75,58.98,69,47.55
24.3,42.9,0.00,0.00,99,57.53,71,53.32,75,58.98,72,47.55
26.1,42.9,0.00,0.00,99,57.53,73,53.32,77,58.98,77,47.55
25.1,42.9,0.00,0.00,100,57.53,72,53.32,75,58.98,71,47.55
25.6,42.9,0.00,0.00,99,57.53,67,53.32,56,58.98,67,47.55
25.9,41.0,0.00,0.00,99,57.53,67,53.32,77,58.98,66,47.55
26.4,41.4,0.00,0.00,0,57.53,70,53.32,72,58.98,64,47.55
82.4,41.8,0.00,0.00,0,57.53,73,53.32,74,58.98,73,47.55
26.9,42.2,0.00,0.00,0,57.53,73,53.32,81,58.98,69,47.55
38.7,41.7,0.00,0.00,0,57.53,34,53.32,69,58.98,70,47.55
28.7,42.0,0.00,0.00,48,57.53,98,53.32,76,58.98,68,47.55
30.1,42.2,0.00,0.00,100,57.53,97,53.32,82,58.98,32,47.55
31.9,41.5,0.00,0.00,99,57.53,97,53.32,62,58.98,70,47.55
29.9,41.9,0.00,0.00,99,57.53,96,53.32,68,58.98,66,47.55
33.3,42.3,0.00,0.00,99,57.53,96,53.32,55,58.98,72,47.55
29.3,42.5,0.00,0.00,99,57.53,96,53.32,70,58.98,70,47.55
28.5,42.7,0.00,0.00,99,57.53,99,53.32,69,58.98,71,47.55
28.2,42.9,0.00,0.00,100,57.53,99,53.32,73,58.98,69,47.55
28.6,41.8,0.00,0.00,99,57.53,99,53.32,75,58.98,69,47.55
29.9,42.0,0.00,0.00,99,57.53,95,53.32,66,58.98,60,47.55
27.0,42.2,0.00,0.00,99,57.53,98,53.32,66,58.98,67,47.55
28.7,42.4,0.00,0.00,100,57.53,98,53.32,70,58.98,72,47.55
29.5,42.7,0.00,0.00,99,57.53,98,53.32,73,58.98,74,47.55
26.8,42.9,0.00,0.00,99,57.53,99,53.32,74,58.98,76,47.55
29.9,42.9,0.00,0.00,99,57.53,98,53.32,71,58.98,69,47.55
26.4,42.9,0.00,0.00,99,57.53,99,53.32,79,58.98,71,47.55
26.2,41.9,0.00,0.00,99,57.53,48,53.32,73,58.98,71,47.55
28.0,42.1,0.00,0.00,100,57.53,73,53.32,74,58.98,72,47.55
31.6,42.3,0.00,0.00,99,57.53,77,53.32,71,58.98,68,47.55
27.0,42.5,0.00,0.00,99,57.53,80,53.32,73,58.98,71,47.55
28.4,42.7,0.00,0.00,99,57.53,85,53.32,79,58.98,74,47.55
18.4,42.9,0.00,0.00,99,57.53,75,53.32,46,58.98,39,47.55
30.6,41.1,0.00,0.00,99,57.53,71,53.32,74,58.98,70,47.55
29.2,41.5,0.00,0.00,100,57.53,78,53.32,74,58.98,69,47.55
81.6,41.9,0.00,0.00,99,57.53,78,53.32,80,58.98,64,47.55
29.9,42.2,0.00,0.00,99,57.53,71,53.32,73,58.98,68,47.55
61.8,42.6,0.00,0.00,99,57.53,73,53.32,83,58.98,74,47.55
26.1,42.9,0.00,0.00,100,57.53,82,53.32,82,58.98,71,47.55
27.0,43.0,0.00,0.00,100,57.53,79,53.32,82,58.98,70,47.55
26.3,42.9,0.00,0.00,99,57.53,68,53.32,73,58.98,72,47.55
26.7,42.9,0.00,0.00,100,57.53,63,53.32,81,58.98,75,47.55
25.8,42.9,0.00,0.00,99,57.53,74,53.32,79,58.98,74,47.55
26.1,42.9,0.00,0.00,99,57.53,77,53.32,81,58.98,70,47.55
26.4,42.9,0.00,0.00,100,57.53,78,53.32,82,58.98,72,47.55
27.0,41.8,0.00,0.00,100,57.53,78,53.32,47,30.96,71,47.55
26.3,37.6,0.00,0.00,99,57.53,71,53.32,82,30.96,76,47.55
29.0,36.5,0.00,0.00,99,57.53,66,53.32,78,30.96,67,47.55
35.7,36.8,0.00,0.00,99,57.53,95,53.32,81,30.96,71,47.55
27.0,37.0,0.00,0.00,99,57.53,99,53.32,77,30.96,69,47.55
29.2,37.2,0.00,0.00,100,57.53,96,53.32,77,30.96,71,47.55
77.5,37.4,0.00,0.00,99,57.53,98,53.32,72,30.96,75,47.55
21.7,37.6,0.00,0.00,100,57.53,99,53.32,86,30.96,56,47.55
28.5,36.7,0.00,0.00,99,57.53,97,53.32,80,30.96,75,47.55
29.2,36.9,0.00,0.00,99,57.53,99,53.32,74,30.96,75,47.55
99.8,37.1,0.00,0.00,99,57.53,98,53.32,75,30.96,71,47.55
29.6,37.3,0.00,0.00,99,57.53,99,53.32,68,30.96,72,47.55
35.0,37.5,0.00,0.00,99,57.53,98,53.32,77,30.96,75,47.55
19.0,36.5,0.00,0.00,99,57.53,98,53.32,30,2.95,70,47.55
21.9,32.3,0.00,0.00,100,57.53,99,53.32,0,2.95,70,47.55
21.6,32.7,0.00,0.00,100,57.53,95,53.32,0,2.95,72,47.55
25.5,33.1,0.00,0.00,100,57.53,97,53.32,0,4.54,81,47.55
21.7,35.3,0.00,0.00,100,57.53,99,53.32,8,18.35,78,47.55
21.5,39.0,0.00,0.00,100,57.53,98,53.32,7,29.19,77,47.55
19.2,40.6,0.00,0.00,100,57.53,98,53.32,0,45.85,76,47.55
47.9,39.9,0.00,0.00,100,57.53,60,53.32,0,45.85,71,47.55
20.7,40.4,0.00,0.00,100,57.53,73,53.32,0,45.85,72,47.55
87.3,40.8,0.00,0.00,99,57.53,79,53.32,0,45.85,73,47.55
27.1,41.2,0.00,0.00,100,57.53,80,53.32,0,52.36,73,47.55
81.6,41.8,0.00,0.00,99,57.53,76,53.32,71,52.36,72,47.55
40.1,42.1,0.00,0.00,100,57.53,73,53.32,76,52.36,72,47.55
27.8,42.3,0.00,0.00,100,57.53,77,53.32,73,52.36,48,47.55
77.0,41.6,0.00,0.00,100,57.53,74,53.32,66,52.36,70,47.55
28.1,41.9,0.00,0.00,99,57.53,69,53.32,71,52.36,68,47.55
35.0,42.3,0.00,0.00,100,57.53,76,53.32,74,52.36,75,47.55
28.8,42.5,0.00,0.00,99,57.53,75,53.32,70,52.36,68,47.55
26.6,41.7,0.00,0.00,47,2.95,70,53.32,76,52.36,77,47.55
23.3,37.6,0.00,0.00,9,2.95,71,53.32,81,52.36,72,47.55
25.9,37.5,0.00,0.00,0,2.95,80,53.32,81,52.36,79,47.55
21.6,37.6,0.00,0.00,0,2.95,78,53.32,76,52.36,72,47.55
25.3,37.6,0.00,0.00,0,2.95,77,53.32,72,52.36,67,47.55
56.2,37.9,0.00,0.00,0,2.95,77,53.32,31,59.03,72,47.55
65.6,37.4,0.00,0.00,0,2.95,70,53.32,97,59.03,72,47.55
84.8,38.5,0.00,0.00,0,7.54,79,53.32,98,59.03,69,47.55
24.1,42.1,0.00,0.00,7,18.77,47,53.32,98,59.03,72,47.55
38.7,44.6,0.00,0.00,6,31.78,80,53.32,92,59.03,72,47.55
29.2,45.3,0.00,0.00,10,43.97,95,53.32,92,59.03,73,47.55
62.4,45.8,0.00,0.00,0,43.97,94,53.32,96,59.03,73,47.55
25.8,46.2,0.00,0.00,0,43.97,98,53.32,97,59.03,72,47.55
30.0,46.6,0.00,0.00,0,43.97,97,53.32,97,59.03,74,47.55
26.1,46.9,0.00,0.00,0,52.41,98,53.32,99,59.03,71,47.55
26.9,47.2,0.00,0.00,59,52.41,98,53.32,94,59.03,50,47.55
34.9,46.5,0.00,0.00,55,52.41,87,53.32,83,59.03,66,47.55
89.6,46.9,0.00,0.00,49,52.41,78,53.32,80,59.03,63,47.55
28.8,47.2,0.00,0.00,46,52.41,93,53.32,75,59.03,66,47.55
32.0,47.6,0.00,0.00,48,52.41,84,53.32,76,59.03,67,47.55
33.3,48.0,0.00,0.00,45,52.41,72,53.32,88,59.03,68,47.55
31.1,48.2,0.00,0.00,52,52.41,84,53.32,92,59.03,69,47.55
28.6,47.2,0.00,0.00,57,52.41,98,53.32,55,59.03,66,47.55
60.5,47.4,0.00,0.00,56,52.41,92,53.32,50,59.03,64,47.55
29.8,47.6,0.00,0.00,53,52.41,94,53.32,56,59.03,66,47.55
29.6,47.8,0.00,0.00,56,52.41,98,53.32,57,59.03,64,47.55
31.0,47.0,0.00,0.00,59,52.41,64,53.32,66,59.03,64,47.55
36.7,47.4,0.00,0.00,50,52.41,71,53.32,51,59.03,70,47.55
90.9,47.6,0.00,0.00,54,52.41,71,53.32,55,59.03,71,47.55
29.3,47.8,0.00,0.00,63,52.41,72,53.32,62,59.03,70,47.55
30.0,48.0,0.00,0.00,53,52.41,76,53.32,57,59.03,64,47.55
31.4,48.2,0.00,0.00,55,52.46,74,53.32,69,59.03,74,47.55
32.4,47.3,0.00,0.00,41,58.98,75,53.32,56,59.03,67,47.55
64.2,47.5,0.00,0.00,48,58.98,69,53.32,60,59.03,67,47.55
31.2,47.7,0.00,0.00,53,58.98,64,53.32,50,59.03,68,47.55
29.7,47.9,0.00,0.00,53,58.98,69,53.32,58,59.03,38,47.55
34.2,47.1,0.00,0.00,65,58.98,72,53.32,65,59.03,71,47.55
28.1,47.4,0.00,0.00,50,58.98,67,53.32,54,59.03,74,47.55
31.5,47.6,0.00,0.00,57,58.98,75,53.32,60,59.03,69,47.55
35.6,46.8,0.00,0.00,59,58.98,73,53.32,86,59.03,66,47.55
84.6,47.2,0.00,0.00,54,58.98,65,53.32,82,59.03,71,47.55
27.8,47.6,0.00,0.00,60,58.98,77,53.32,64,59.03,67,47.55
31.7,47.8,0.00,0.00,45,58.98,69,53.32,82,59.03,68,47.55
30.6,48.0,0.00,0.00,53,58.98,70,53.32,78,59.03,70,47.55
29.5,48.1,0.00,0.00,56,58.98,78,53.32,90,59.03,69,47.55
29.4,48.2,0.00,0.00,55,58.98,71,53.32,97,59.03,75,47.55
30.2,47.5,0.00,0.00,73,58.98,55,31.01,98,59.03,78,47.55
29.1,42.9,0.00,0.00,65,58.98,98,31.01,91,59.03,71,47.55
29.1,41.8,0.00,0.00,56,59.03,98,31.01,95,59.03,68,47.55
63.5,42.0,0.00,0.00,62,59.03,95,31.01,87,59.03,66,47.55
31.3,42.2,0.00,0.00,56,59.03,96,31.01,80,59.03,64,47.55
70.0,42.4,0.00,0.00,43,59.03,83,31.01,92,59.03,68,47.55
27.9,42.6,0.00,0.00,53,59.03,91,31.01,83,59.03,69,47.55
31.0,42.8,0.00,0.00,57,59.03,93,31.01,91,59.03,67,47.55
32.3,42.9,0.00,0.00,53,59.03,85,31.01,89,59.03,67,47.55
27.9,42.9,0.00,0.00,53,59.03,90,31.01,93,59.03,69,47.55
33.5,42.9,0.00,0.00,61,59.03,98,31.01,43,59.03,53,25.25
28.7,36.7,0.00,0.00,67,59.03,97,31.01,59,59.03,68,25.25
32.1,36.9,0.00,0.00,61,59.03,96,31.01,58,59.03,70,25.25
81.1,37.1,0.00,0.00,53,59.03,97,31.01,57,59.03,70,25.25
29.4,37.3,0.00,0.00,57,59.03,94,31.01,58,59.03,65,25.25
29.3,37.5,0.00,0.00,54,59.03,93,31.01,50,59.03,64,25.25
29.8,37.5,0.00,0.00,59,59.03,99,31.01,62,59.03,71,25.25
25.7,37.5,0.00,0.00,57,59.03,99,31.01,61,59.03,71,25.25
24.9,36.6,0.00,0.00,63,59.03,0,31.01,74,59.03,69,25.25
27.1,31.6,0.00,0.00,36,30.96,0,31.01,71,59.03,74,25.25
33.0,31.7,0.00,0.00,64,30.96,0,31.01,72,59.03,72,25.25
27.0,31.8,0.00,0.00,69,30.96,0,31.01,74,59.03,73,25.25
25.3,32.1,0.00,0.00,67,30.96,0,31.01,74,59.03,75,25.25
27.9,32.2,0.00,0.00,55,30.96,97,31.01,61,59.03,71,25.25
29.5,32.2,0.00,0.00,55,30.96,88,31.01,57,59.03,69,25.25
27.0,32.2,0.00,0.00,57,30.96,96,31.01,44,59.03,71,25.25
95.9,31.2,0.00,0.00,66,30.96,87,31.01,71,59.03,65,25.25
34.3,31.4,0.00,0.00,55,30.96,86,31.01,90,59.03,71,25.25
34.0,31.6,0.00,0.00,51,30.96,93,31.01,88,59.03,69,25.25
33.8,31.7,0.00,0.00,58,30.96,93,31.01,87,59.03,62,25.25
30.6,31.9,0.00,0.00,50,30.96,91,31.01,97,59.03,22,2.95
24.9,26.7,0.00,0.00,61,30.96,99,31.01,98,59.03,0,2.95
25.9,26.7,0.00,0.00,68,30.96,98,31.01,98,59.03,0,2.95
85.8,26.9,0.00,0.00,70,30.96,93,31.01,92,59.03,0,2.95
97.1,27.3,0.00,0.00,66,30.96,94,31.01,95,59.03,0,2.95
19.2,22.2,0.00,0.00,5,2.95,95,31.01,98,59.03,4,11.79
20.0,24.9,0.00,0.00,0,2.95,98,31.01,98,59.03,8,23.75
19.5,28.7,0.00,0.00,0,2.95,98,31.01,98,59.03,7,37.98
17.2,29.9,0.00,0.00,0,2.95,95,31.01,98,59.03,0,37.98
17.7,30.1,0.00,0.00,0,2.95,89,31.01,95,59.03,0,37.98
11.5,25.1,0.00,0.00,0,2.95,5,2.95,97,59.03,0,37.98
100.0,25.3,0.00,0.00,0,2.95,0,2.95,98,59.03,0,42.74
12.4,24.6,0.00,0.00,0,2.95,0,2.95,63,59.03,44,42.74
25.3,25.0,0.00,0.00,0,2.95,0,2.95,85,59.03,44,42.74
19.0,25.5,0.00,0.00,0,2.95,0,2.95,79,59.03,41,42.74
22.8,26.3,0.00,0.00,0,2.95,0,2.95,75,59.03,38,42.74
59.7,27.0,0.00,0.00,0,2.95,0,2.95,79,59.03,43,42.74
19.8,29.8,0.00,0.00,1,8.19,1,9.72,98,59.03,49,42.74
20.1,33.6,0.00,0.00,3,14.31,3,16.02,98,59.03,48,42.74
89.7,35.1,0.00,0.00,5,24.49,5,24.49,90,59.03,42,42.74
26.4,35.5,0.00,0.00,0,24.49,0,24.49,88,59.03,43,42.74
19.6,35.9,0.00,0.00,0,24.49,0,24.49,94,59.03,44,42.74
25.1,36.4,0.00,0.00,0,24.49,0,24.49,87,59.03,45,42.74
18.2,36.9,0.00,0.00,0,31.11,25,31.11,84,59.03,46,42.74
23.4,36.0,0.00,0.00,99,31.11,99,31.11,82,59.03,45,42.74
23.6,36.2,0.00,0.00,99,31.11,99,31.11,98,59.03,43,42.74
81.9,36.4,0.00,0.00,99,31.11,98,31.11,96,59.03,40,42.74
23.7,36.6,0.00,0.00,99,31.11,99,31.11,98,59.03,43,42.74
24.6,36.9,0.00,0.00,99,31.11,99,31.11,98,59.03,40,42.74
22.4,37.0,0.00,0.00,100,31.11,99,31.11,99,59.03,45,42.74
22.4,37.1,0.00,0.00,100,31.11,100,31.11,99,59.03,43,42.74
21.8,37.0,0.00,0.00,99,31.11,100,31.11,98,59.03,47,42.74
21.3,37.1,0.00,0.00,100,31.11,99,31.11,99,59.03,41,42.74
21.4,37.0,0.00,0.00,100,31.11,100,31.11,99,59.03,44,42.74
21.4,37.0,0.00,0.00,100,31.11,100,31.11,99,59.03,44,42.74
25.0,37.0,0.00,0.00,100,31.11,100,31.11,99,59.03,45,42.74
24.6,37.0,0.00,0.00,100,31.11,100,31.11,99,59.03,45,42.74
21.6,37.0,0.00,0.00,100,31.11,100,31.11,99,59.03,46,42.74
21.7,37.0,0.00,0.00,100,31.11,100,31.11,99,59.03,43,42.74
21.9,37.1,0.00,0.00,100,31.11,100,31.11,99,59.03,45,42.74
75.6,36.1,0.00,0.00,99,31.11,99,31.11,90,59.03,44,42.74
25.3,36.3,0.00,0.00,99,31.11,99,31.11,82,59.03,45,42.74
25.7,36.5,0.00,0.00,99,31.11,98,31.11,81,59.03,44,42.74
76.7,36.7,0.00,0.00,100,31.11,99,31.11,82,59.03,43,42.74
26.2,36.9,0.00,0.00,99,31.11,99,31.11,88,59.03,41,42.74
19.1,37.0,0.00,0.00,99,31.11,59,31.11,96,59.03,46,42.74
19.2,35.3,0.00,0.00,0,31.11,0,31.11,89,59.03,45,42.74
19.2,35.7,0.00,0.00,0,31.11,0,31.11,96,59.03,44,42.74
18.5,36.2,0.00,0.00,0,31.11,0,31.11,90,59.03,65,49.41
69.1,35.7,0.00,0.00,0,31.11,0,31.11,75,59.03,93,49.41
28.5,36.3,0.00,0.00,8,31.11,61,31.11,72,59.03,95,49.41
71.4,36.6,0.00,0.00,99,31.11,100,31.11,69,59.03,96,49.41
23.0,35.7,0.00,0.00,99,31.11,99,31.11,42,59.03,98,49.41
29.8,36.1,0.00,0.00,99,31.11,99,31.11,96,59.03,98,49.41
26.5,36.4,0.00,0.00,99,31.11,99,31.11,97,59.03,94,49.41
47.9,36.6,0.00,0.00,99,31.11,99,31.11,98,59.03,98,49.41
27.9,36.7,0.00,0.00,99,31.11,99,31.11,97,59.03,97,49.41
31.9,37.0,0.00,0.00,99,31.11,99,31.11,98,59.03,98,49.41
25.3,37.0,0.00,0.00,99,31.11,100,31.11,99,59.03,98,49.41
24.7,37.0,0.00,0.00,99,31.11,100,31.11,98,59.03,98,49.41
25.5,37.0,0.00,0.00,99,31.11,99,31.11,98,59.03,98,49.41
24.3,37.0,0.00,0.00,99,31.11,99,31.11,98,59.03,99,49.41
24.5,37.0,0.00,0.00,99,31.11,99,31.11,98,59.03,99,49.41
24.7,37.0,0.00,0.00,99,31.11,99,31.11,99,59.03,98,49.41
19.6,37.0,0.00,0.00,99,31.11,99,31.11,99,59.03,42,49.41
23.6,36.1,0.00,0.00,99,31.11,99,31.11,98,59.03,46,49.41
25.3,36.3,0.00,0.00,98,31.11,99,31.11,97,59.03,46,49.41
22.9,36.5,0.00,0.00,99,31.11,98,31.11,97,59.03,45,49.41
35.0,35.7,0.00,0.00,100,31.11,100,31.11,78,59.03,41,49.41
82.0,36.1,0.00,0.00,99,31.11,99,31.11,68,59.03,43,49.41
25.8,36.4,0.00,0.00,99,31.11,99,31.11,79,59.03,45,49.41
23.1,36.7,0.00,0.00,99,31.11,99,31.11,78,59.03,45,49.41
21.3,34.8,0.00,0.00,75,30.92,29,2.95,94,59.03,48,49.41
15.3,26.6,0.00,0.00,0,2.95,0,2.95,99,59.03,52,49.41
15.9,26.6,0.00,0.00,0,2.95,0,2.95,94,59.03,50,49.41
15.1,26.6,0.00,0.00,0,2.95,0,2.95,95,59.03,49,49.41
14.3,26.6,0.00,0.00,0,2.95,0,2.95,98,59.03,53,49.41
14.8,26.6,0.00,0.00,0,2.95,0,2.95,99,59.03,52,49.41
23.0,26.8,0.00,0.00,0,2.95,0,2.95,92,59.03,45,49.41
22.9,27.5,0.00,0.00,0,2.95,0,2.95,80,59.03,42,49.41
21.2,27.3,0.00,0.00,0,2.95,0,2.95,96,59.03,50,49.41
21.7,30.5,0.00,0.00,5,11.69,9,14.35,97,59.03,48,49.41
23.6,37.4,0.00,0.00,10,22.6,9,25.41,96,59.03,50,49.41
22.8,43.0,0.00,0.00,9,32.12,9,32.12,93,59.03,43,49.41
59.2,43.6,0.00,0.00,0,32.12,0,32.12,97,59.03,46,49.41
89.3,44.2,0.00,0.00,0,32.12,0,32.12,96,59.03,50,49.41
17.8,44.6,0.00,0.00,0,32.12,0,32.12,96,59.03,48,49.41
16.9,45.1,0.00,0.00,0,32.12,0,32.12,96,59.03,49,49.41
35.1,45.9,0.00,0.00,49,36.25,92,39.99,92,59.03,46,49.41
46.2,46.3,0.00,0.00,78,36.25,92,39.99,96,59.03,45,49.41
30.7,46.7,0.00,0.00,81,36.25,94,39.99,92,59.03,42,49.41
33.3,47.0,0.00,0.00,79,36.25,93,39.99,98,59.03,41,49.41
31.3,47.5,0.00,0.00,78,36.25,90,39.99,95,59.03,41,49.41
27.7,47.9,0.00,0.00,80,36.25,96,39.99,98,59.03,47,49.41
27.3,47.9,0.00,0.00,85,36.25,97,39.99,98,59.03,42,49.41
27.6,47.9,0.00,0.00,81,36.25,95,39.99,98,59.03,47,49.41
28.7,47.0,0.00,0.00,84,36.25,95,39.99,72,59.03,44,49.41
43.6,47.2,0.00,0.00,79,36.25,95,39.99,69,59.03,47,49.41
25.3,47.4,0.00,0.00,85,36.25,96,39.99,72,59.03,43,49.41
27.8,47.6,0.00,0.00,82,36.25,96,39.99,76,59.03,44,49.41
76.0,47.8,0.00,0.00,84,36.25,95,39.99,74,59.03,44,49.41
31.7,47.0,0.00,0.00,86,36.25,96,39.99,59,59.03,92,49.41
30.7,47.2,0.00,0.00,82,36.25,96,39.99,58,59.03,76,49.41
29.2,47.4,0.00,0.00,83,36.25,93,39.99,55,59.03,85,49.41
30.4,47.6,0.00,0.00,85,36.25,96,39.99,50,59.03,73,49.41
99.4,47.8,0.00,0.00,77,36.25,95,39.99,57,59.03,83,49.41
27.5,47.9,0.00,0.00,87,36.25,96,39.99,57,59.03,97,49.41
25.3,47.9,0.00,0.00,86,36.25,57,47.9,75,59.03,98,49.41
28.6,47.0,0.00,0.00,76,36.25,87,47.9,66,59.03,97,49.41
32.1,47.2,0.00,0.00,87,36.25,97,47.9,68,59.03,96,49.41
34.2,46.4,0.00,0.00,82,40.38,97,47.9,62,59.03,91,49.41
35.1,45.7,0.00,0.00,84,40.38,97,47.9,48,59.03,92,49.41
36.9,46.3,0.00,0.00,78,40.38,96,47.9,91,59.03,88,49.41
32.6,46.9,0.00,0.00,79,40.38,96,47.9,98,59.03,97,49.41
39.1,47.3,0.00,0.00,83,40.38,96,47.9,96,59.03,95,49.41
86.5,47.7,0.00,0.00,82,40.38,98,47.9,83,59.03,98,49.41
32.1,47.9,0.00,0.00,84,40.38,98,47.9,98,59.03,93,49.41
25.8,46.9,0.00,0.00,83,40.38,97,47.9,97,59.03,32,49.41
75.1,47.1,0.00,0.00,84,40.38,97,47.9,97,59.03,47,49.41
26.7,47.3,0.00,0.00,87,40.38,97,47.9,99,59.03,45,49.41
26.2,47.5,0.00,0.00,86,40.38,97,47.9,99,59.03,43,49.41
27.9,47.7,0.00,0.00,87,40.38,98,47.9,99,59.03,46,49.41
23.2,47.9,0.00,0.00,86,40.38,97,47.9,99,59.03,45,49.41
24.0,47.9,0.00,0.00,85,40.38,97,47.9,99,59.03,50,49.41
24.7,47.9,0.00,0.00,85,40.38,97,47.9,98,59.03,46,49.41
23.7,47.9,0.00,0.00,85,40.38,97,47.9,99,59.03,46,49.41
24.1,47.9,0.00,0.00,84,40.38,97,47.9,68,58.83,45,49.41
28.9,42.9,0.00,0.00,88,40.38,97,47.9,80,30.96,46,49.41
27.7,42.7,0.00,0.00,87,40.38,97,47.9,83,30.96,45,49.41
26.0,42.7,0.00,0.00,87,40.38,97,47.9,78,30.96,44,49.41
26.6,42.7,0.00,0.00,85,40.38,97,47.9,94,30.96,47,49.41
25.4,42.7,0.00,0.00,86,40.38,98,47.9,87,30.96,48,49.41
24.7,42.7,0.00,0.00,82,40.38,98,47.9,84,30.96,44,49.41
28.9,41.6,0.00,0.00,63,40.38,97,47.94,79,30.96,45,49.41
84.8,40.9,0.00,0.00,82,40.38,95,47.94,78,30.96,50,49.41
29.1,41.4,0.00,0.00,81,40.38,95,47.94,74,30.96,46,49.41
28.9,41.8,0.00,0.00,85,40.38,96,47.94,73,30.96,44,49.41
74.3,42.3,0.00,0.00,82,40.38,96,47.94,71,30.96,43,49.41
27.1,42.7,0.00,0.00,88,40.38,97,47.94,90,30.96,41,49.41
24.2,42.7,0.00,0.00,86,40.38,97,47.94,46,2.95,47,49.41
17.2,37.3,0.00,0.00,91,40.38,97,47.94,0,2.95,46,49.41
16.5,37.3,0.00,0.00,90,40.38,97,47.94,0,2.95,44,49.41
21.5,37.6,0.00,0.00,86,40.38,96,47.94,0,2.95,45,49.41
20.7,38.0,0.00,0.00,87,40.38,96,47.94,0,2.95,44,49.41
22.1,38.7,0.00,0.00,88,40.38,98,47.94,0,11.59,45,49.41
23.1,42.1,0.00,0.00,92,40.38,97,47.94,6,23.63,49,49.41
20.6,45.5,0.00,0.00,91,40.38,97,47.94,9,45.85,43,49.41
19.1,45.8,0.00,0.00,90,40.38,97,47.94,0,45.85,46,49.41
19.2,46.0,0.00,0.00,92,40.38,97,47.94,0,45.85,47,49.41
19.0,46.2,0.00,0.00,83,40.38,97,47.94,0,45.85,45,49.41
19.2,46.5,0.00,0.00,88,40.38,95,47.94,0,45.85,44,49.41
27.2,46.8,0.00,0.00,87,40.38,97,47.94,73,52.36,45,49.41
28.1,47.0,0.00,0.00,86,40.38,96,47.94,66,52.36,38,49.41
81.2,47.2,0.00,0.00,82,40.38,97,47.94,72,52.36,66,31.01
30.4,42.2,0.00,0.00,87,40.38,97,47.94,67,52.36,97,31.01
31.1,42.4,0.00,0.00,84,40.38,97,47.94,63,52.36,97,31.01
27.2,42.6,0.00,0.00,83,40.38,97,47.94,63,52.36,93,31.01
30.7,41.8,0.00,0.00,82,40.38,97,47.94,64,52.36,98,31.01
28.3,42.0,0.00,0.00,82,40.38,97,47.94,66,52.36,96,31.01
29.4,42.2,0.00,0.00,81,40.38,76,47.94,69,52.36,97,31.01
33.9,41.5,0.00,0.00,83,40.38,96,47.94,58,52.36,90,31.01
59.3,41.9,0.00,0.00,85,40.38,95,47.94,53,52.36,94,31.01
29.1,42.1,0.00,0.00,84,40.38,96,47.94,59,52.36,87,31.01
30.0,42.3,0.00,0.00,87,40.38,95,47.94,61,52.36,95,31.01
31.3,42.5,0.00,0.00,81,40.38,97,47.94,58,52.36,85,31.01
31.0,42.6,0.00,0.00,88,40.38,96,47.94,65,52.41,98,31.01
30.0,41.6,0.00,0.00,86,40.38,96,47.94,66,58.93,97,31.01
31.5,41.8,0.00,0.00,84,40.38,97,47.94,57,58.93,98,31.01
85.5,42.0,0.00,0.00,83,40.38,97,47.94,63,58.93,96,31.01
30.0,42.2,0.00,0.00,86,40.38,97,47.94,62,58.93,21,2.95
23.5,37.2,0.00,0.00,83,40.38,97,47.94,81,58.93,0,2.95
20.2,37.4,0.00,0.00,86,40.38,96,47.94,86,58.93,0,2.95
20.8,37.4,0.00,0.00,87,40.38,97,47.94,85,58.93,0,2.95
19.5,37.4,0.00,0.00,86,40.38,97,47.94,79,58.93,0,2.95
19.2,37.4,0.00,0.00,89,40.38,98,47.94,87,58.93,0,2.95
22.7,37.4,0.00,0.00,89,40.38,98,47.94,79,58.93,0,2.95
19.6,37.4,0.00,0.00,87,40.38,98,47.94,78,58.93,0,2.95
22.4,37.4,0.00,0.00,87,40.38,98,47.94,88,58.93,0,2.95
21.6,37.4,0.00,0.00,87,40.38,98,47.94,81,58.98,0,2.95
22.0,36.4,0.00,0.00,91,40.38,97,47.94,85,58.98,0,2.95
81.4,35.7,0.00,0.00,39,40.38,94,47.94,80,58.98,0,2.95
26.9,36.1,0.00,0.00,89,40.38,97,47.94,76,58.98,0,2.95
34.0,36.6,0.00,0.00,81,40.38,95,47.94,78,58.98,0,2.95
25.8,37.0,0.00,0.00,83,40.38,96,47.94,78,58.98,0,2.95
67.0,36.2,0.00,0.00,89,40.38,53,47.94,84,58.98,0,2.95
23.7,36.5,0.00,0.00,90,40.38,95,47.94,79,58.98,0,2.95
64.6,36.7,0.00,0.00,89,40.38,96,47.94,78,58.98,0,2.95
23.4,37.0,0.00,0.00,89,40.38,97,47.94,79,58.98,0,2.95
24.6,37.2,0.00,0.00,86,40.38,97,47.94,76,58.98,0,2.95
21.4,37.4,0.00,0.00,92,40.38,97,47.94,89,58.98,0,2.95
20.0,37.4,0.00,0.00,90,40.38,97,47.94,85,58.98,0,2.95
23.5,36.4,0.00,0.00,87,40.38,97,47.94,77,58.98,0,2.95
22.5,36.6,0.00,0.00,87,40.38,97,47.94,85,58.98,0,2.95
22.7,36.8,0.00,0.00,87,40.38,97,47.94,82,58.98,0,2.95
67.8,37.0,0.00,0.00,86,40.38,95,47.94,82,58.98,0,2.95
24.6,37.2,0.00,0.00,88,40.38,97,47.94,80,58.98,0,2.95
20.6,37.4,0.00,0.00,91,40.38,98,47.94,91,58.98,0,2.95
21.5,37.4,0.00,0.00,88,40.38,97,47.94,82,58.98,0,2.95
23.2,37.4,0.00,0.00,91,40.38,97,47.94,88,58.98,0,2.95
21.7,37.4,0.00,0.00,89,40.38,97,47.94,82,58.98,0,2.95
22.7,37.4,0.00,0.00,89,40.38,97,47.94,73,58.98,0,2.95
20.9,37.4,0.00,0.00,88,40.38,98,47.94,97,58.98,0,2.95
19.6,37.4,0.00,0.00,89,40.38,98,47.94,78,58.98,0,2.95
26.1,35.4,0.00,0.00,51,40.38,95,47.94,64,58.98,0,2.95
24.9,35.8,0.00,0.00,87,40.38,94,47.94,79,58.98,0,2.95
25.8,36.2,0.00,0.00,89,40.38,96,47.94,79,58.98,0,2.95
64.3,36.6,0.00,0.00,82,40.38,95,47.94,81,58.98,0,2.95
25.2,37.1,0.00,0.00,87,40.38,94,47.94,77,58.98,0,2.95
20.5,37.4,0.00,0.00,92,40.38,98,47.94,96,58.98,0,2.95
21.3,37.4,0.00,0.00,90,40.38,98,47.94,85,58.98,0,2.95
20.7,36.3,0.00,0.00,92,40.38,66,47.94,88,58.98,0,2.95
23.3,36.5,0.00,0.00,90,40.38,97,47.94,80,58.98,0,2.95
51.5,36.7,0.00,0.00,91,40.38,97,47.94,81,58.98,0,2.95
24.4,37.0,0.00,0.00,91,40.38,97,47.94,83,58.98,0,2.95
25.4,37.2,0.00,0.00,86,40.38,97,47.94,80,58.98,0,2.95
24.4,36.3,0.00,0.00,93,40.38,96,47.94,89,58.98,0,2.95
23.6,36.5,0.00,0.00,90,40.38,94,47.94,82,58.98,0,2.95
37.6,36.8,0.00,0.00,91,40.38,94,47.94,77,58.98,0,2.95
24.2,37.0,0.00,0.00,89,40.38,96,47.94,91,58.98,0,2.95
23.7,37.2,0.00,0.00,88,40.38,96,47.94,85,58.98,0,2.95
20.3,37.4,0.00,0.00,86,40.38,97,47.94,87,58.98,0,2.95
20.1,37.4,0.00,0.00,89,40.38,96,47.94,77,58.98,0,2.95
20.0,37.4,0.00,0.00,89,40.38,97,47.94,83,58.98,0,2.95
22.0,37.4,0.00,0.00,90,40.38,98,47.94,83,58.98,0,2.95
20.7,37.4,0.00,0.00,90,40.38,98,47.94,85,58.98,0,2.95
20.4,37.4,0.00,0.00,89,40.38,98,47.94,82,58.98,0,2.95
22.5,36.5,0.00,0.00,47,40.38,97,47.94,78,58.98,0,2.95
24.4,35.7,0.00,0.00,90,40.38,97,47.94,77,58.98,0,2.95
40.8,36.1,0.00,0.00,87,40.38,96,47.94,74,58.98,0,2.95
43.5,36.5,0.00,0.00,86,40.38,97,47.94,76,58.98,0,2.95
27.7,36.9,0.00,0.00,88,40.38,98,47.94,79,58.98,0,2.95
22.6,37.2,0.00,0.00,89,40.38,96,47.94,79,58.98,0,2.95
20.8,37.4,0.00,0.00,89,40.38,98,47.94,91,58.98,0,2.95
20.0,37.4,0.00,0.00,91,40.38,97,47.94,78,58.98,0,2.95
21.2,37.4,0.00,0.00,88,40.38,98,47.94,80,58.98,0,2.95
16.8,37.4,0.00,0.00,88,40.38,98,47.94,92,58.98,0,2.95
22.6,36.5,0.00,0.00,89,40.38,95,47.94,87,58.98,0,2.95
22.6,36.7,0.00,0.00,86,40.38,95,47.94,84,58.98,0,2.95
23.7,36.9,0.00,0.00,88,40.38,97,47.94,87,58.98,0,2.95
97.7,37.1,0.00,0.00,90,40.38,96,47.94,50,58.98,0,2.95
42.8,36.5,0.00,0.00,89,40.38,97,47.94,75,58.98,0,2.95
23.7,36.7,0.00,0.00,89,40.38,97,47.94,85,58.98,0,2.95
22.1,36.9,0.00,0.00,89,40.38,97,47.94,76,58.98,0,2.95
23.0,37.2,0.00,0.00,89,40.38,97,47.94,86,58.98,0,2.95
22.3,37.4,0.00,0.00,86,40.38,98,47.94,88,58.98,0,2.95
21.4,37.4,0.00,0.00,92,40.38,97,47.94,79,58.98,0,2.95
22.4,37.4,0.00,0.00,89,40.38,97,47.94,82,58.98,0,2.95
21.8,37.4,0.00,0.00,90,40.38,97,47.94,80,58.98,0,2.95
20.6,37.4,0.00,0.00,87,40.38,97,47.94,84,58.98,0,2.95
23.3,36.5,0.00,0.00,49,40.38,97,47.94,78,58.98,0,2.95
24.8,36.7,0.00,0.00,88,40.38,96,47.94,84,58.98,0,2.95
19.0,36.9,0.00,0.00,91,40.38,95,47.94,71,58.98,0,2.95
24.1,36.2,0.00,0.00,86,40.38,97,47.94,73,58.98,0,2.95
25.5,36.7,0.00,0.00,87,40.38,96,47.94,74,58.98,0,2.95
23.2,37.0,0.00,0.00,86,40.38,97,47.94,82,58.98,0,2.95
22.9,37.2,0.00,0.00,85,40.38,97,47.94,83,58.98,0,2.95
21.9,37.4,0.00,0.00,86,40.38,97,47.94,86,58.98,0,2.95
20.0,37.4,0.00,0.00,91,40.38,97,47.94,83,58.98,0,2.95
21.1,37.4,0.00,0.00,88,40.38,98,47.94,81,58.98,0,2.95
21.4,37.4,0.00,0.00,89,40.38,98,47.94,82,58.98,0,2.95
21.5,36.3,0.00,0.00,91,40.38,74,47.94,86,58.98,0,2.95
23.5,36.5,0.00,0.00,88,40.38,97,47.94,81,58.98,0,2.95
62.7,36.8,0.00,0.00,87,40.38,98,47.94,83,58.98,0,2.95
75.5,37.0,0.00,0.00,88,40.38,96,47.94,39,58.78,0,2.95
24.6,31.9,0.00,0.00,88,40.38,97,47.94,82,30.96,0,2.95
21.0,32.0,0.00,0.00,92,40.38,97,47.94,90,30.96,0,2.95
21.0,32.0,0.00,0.00,92,40.38,98,47.94,91,30.96,0,2.95
19.9,32.0,0.00,0.00,93,40.38,97,47.94,88,30.96,0,2.95
20.2,32.0,0.00,0.00,87,40.38,98,47.94,79,30.96,0,2.95
20.5,32.0,0.00,0.00,87,40.38,97,47.94,76,30.96,0,2.95
20.8,32.0,0.00,0.00,88,40.38,97,47.94,82,30.96,0,2.95
15.9,32.0,0.00,0.00,90,40.38,97,47.94,76,30.96,0,2.95
23.4,31.2,0.00,0.00,68,40.38,97,47.94,86,30.96,0,2.95
22.8,31.4,0.00,0.00,91,40.38,97,47.94,85,30.96,0,2.95
24.3,31.6,0.00,0.00,90,40.38,97,47.94,79,30.96,0,2.95
22.4,31.8,0.00,0.00,88,40.38,97,47.94,43,30.77,0,2.95
12.8,26.7,0.00,0.00,90,40.38,98,47.94,0,2.95,0,2.95
13.9,26.7,0.00,0.00,95,40.38,98,47.94,0,2.95,0,2.95
12.6,26.7,0.00,0.00,89,40.38,97,47.94,0,2.95,0,2.95
12.6,26.7,0.00,0.00,93,40.38,97,47.94,0,2.95,0,2.95
12.8,26.7,0.00,0.00,91,40.38,97,47.94,0,2.95,0,2.95
13.0,26.8,0.00,0.00,90,40.38,97,47.94,0,2.95,0,2.95
15.9,27.1,0.00,0.00,91,40.38,96,47.94,0,2.95,0,2.95
13.3,27.3,0.00,0.00,88,40.38,98,47.94,0,2.95,0,2.95
16.4,28.9,0.00,0.00,92,40.38,98,47.94,0,4.23,0,5.89
16.2,30.3,0.00,0.00,93,40.38,98,47.94,3,10.46,3,12.09
16.3,34.1,0.00,0.00,94,40.38,98,47.94,3,21.61,3,35.48
75.2,34.0,0.00,0.00,88,40.38,95,47.94,5,35.48,0,35.48
33.3,34.8,0.00,0.00,88,40.38,93,47.94,0,35.48,0,35.48
20.4,35.4,0.00,0.00,87,40.38,95,47.94,0,35.48,0,35.48
26.0,36.0,0.00,0.00,87,40.38,96,47.94,0,35.48,0,35.48
16.6,36.7,0.00,0.00,85,40.38,97,47.94,19,57.62,73,57.62
19.7,37.1,0.00,0.00,91,40.38,98,47.94,100,57.62,100,57.62
16.7,37.1,0.00,0.00,93,40.38,97,47.94,100,57.62,100,57.62
19.7,37.1,0.00,0.00,85,40.38,98,47.94,100,57.62,100,57.62
19.8,36.2,0.00,0.00,89,40.38,97,47.94,100,57.62,100,57.62
19.3,36.4,0.00,0.00,91,40.38,97,47.94,100,57.62,100,57.62
19.3,36.7,0.00,0.00,90,40.38,97,47.94,100,57.62,100,57.62
20.3,36.8,0.00,0.00,90,40.38,97,47.94,100,57.62,100,57.62
17.2,37.1,0.00,0.00,92,40.38,97,47.94,100,57.62,100,57.62
17.8,37.1,0.00,0.00,93,40.38,98,47.94,100,57.62,100,57.62
18.9,37.1,0.00,0.00,93,40.38,98,47.94,100,57.62,100,57.62
18.3,37.1,0.00,0.00,94,40.38,98,47.94,100,57.62,100,57.62
16.1,37.1,0.00,0.00,94,40.38,97,47.94,100,57.62,100,57.62
18.0,37.1,0.00,0.00,94,40.38,98,47.94,100,57.62,100,57.62
18.4,37.1,0.00,0.00,92,40.38,98,47.94,100,57.62,100,57.62
17.1,37.1,0.00,0.00,92,40.38,98,47.94,100,57.62,100,57.62
16.7,37.1,0.00,0.00,88,40.38,98,47.94,100,57.62,100,57.62
19.8,37.1,0.00,0.00,88,40.38,97,47.94,100,57.62,100,57.62
18.1,37.1,0.00,0.00,94,40.38,97,47.94,100,57.62,100,57.62
17.3,37.1,0.00,0.00,93,40.38,97,47.94,100,57.62,100,57.62
18.5,37.1,0.00,0.00,90,40.38,97,47.94,100,57.62,100,57.62
19.3,37.1,0.00,0.00,93,40.38,97,47.94,100,57.62,100,57.62
14.8,37.1,0.00,0.00,94,40.38,97,47.94,100,57.62,100,57.62
20.9,36.2,0.00,0.00,89,40.38,96,47.94,100,57.62,100,57.62
20.1,36.4,0.00,0.00,92,40.38,96,47.94,100,57.62,100,57.62
72.4,36.6,0.00,0.00,89,40.38,96,47.94,100,57.62,100,57.62
23.2,31.7,0.00,0.00,73,21.66,94,47.94,100,57.62,100,57.62
25.9,31.7,0.00,0.00,89,21.66,96,47.94,100,57.62,100,57.62
18.5,31.8,0.00,0.00,90,21.66,97,47.94,100,57.62,100,57.62
18.3,31.8,0.00,0.00,93,21.66,97,47.94,100,57.62,100,57.62
17.7,31.8,0.00,0.00,91,21.66,96,47.94,100,57.62,100,57.62
19.7,31.8,0.00,0.00,94,21.66,97,47.94,100,57.62,100,57.62
17.3,31.8,0.00,0.00,91,21.66,96,47.94,100,57.62,100,57.62
19.2,31.8,0.00,0.00,93,21.66,97,47.94,100,57.62,100,57.62
17.7,31.8,0.00,0.00,93,21.66,97,47.94,100,57.62,100,57.62
18.1,31.8,0.00,0.00,93,21.66,97,47.94,100,57.62,100,57.62
18.2,31.8,0.00,0.00,92,21.66,97,47.94,100,57.62,100,57.62
17.6,31.8,0.00,0.00,92,21.66,97,47.94,100,57.62,100,57.62
19.5,31.8,0.00,0.00,94,21.66,97,47.94,100,57.62,100,57.62
17.8,31.8,0.00,0.00,93,21.66,97,47.94,100,57.62,100,57.62
18.2,31.8,0.00,0.00,93,21.66,97,47.94,100,57.62,100,57.62
17.9,31.8,0.00,0.00,92,21.66,97,47.94,100,57.62,100,57.62
17.4,31.8,0.00,0.00,93,21.66,97,47.94,100,57.62,100,57.62
18.9,31.8,0.00,0.00,93,21.66,98,47.94,100,57.62,100,57.62
16.5,31.8,0.00,0.00,93,21.66,98,47.94,100,57.62,100,57.62
18.2,31.8,0.00,0.00,90,21.66,96,47.94,100,57.62,100,57.62
17.7,31.8,0.00,0.00,93,21.66,97,47.94,100,57.62,100,57.62
19.5,31.8,0.00,0.00,93,21.66,98,47.94,100,57.62,100,57.62
13.3,30.7,0.00,0.00,92,2.95,97,47.94,100,57.62,100,57.62
18.8,25.8,0.00,0.00,3,2.95,90,47.94,100,57.62,100,57.62
18.9,26.4,0.00,0.00,0,2.95,93,47.94,100,57.62,100,57.62
17.2,27.0,0.00,0.00,0,2.95,96,47.94,100,57.62,100,57.62
18.8,29.7,0.00,0.00,5,13.33,95,47.94,100,57.62,100,57.62
26.7,33.2,0.00,0.00,10,24.21,96,47.94,100,57.62,100,57.62
14.6,34.9,0.00,0.00,15,45.85,97,47.94,100,57.62,100,57.62
13.7,35.1,0.00,0.00,0,45.85,96,47.94,100,57.62,100,57.62
21.5,35.3,0.00,0.00,0,45.85,95,47.94,100,57.62,100,57.62
12.8,35.5,0.00,0.00,0,45.85,96,47.94,100,57.62,100,57.62
42.1,35.8,0.00,0.00,0,45.85,96,47.94,54,57.62,0,57.62
20.5,34.3,0.00,0.00,81,52.14,95,47.94,0,57.62,0,57.62
20.6,35.1,0.00,0.00,92,52.14,96,47.94,0,57.62,0,57.62
20.8,35.7,0.00,0.00,99,52.14,95,47.94,0,57.62,0,57.62
59.1,36.4,0.00,0.00,95,52.14,97,47.94,0,57.62,0,57.62
30.1,37.1,0.00,0.00,94,52.14,96,47.94,53,57.62,74,57.62
21.4,37.1,0.00,0.00,99,52.14,97,47.94,100,57.62,100,57.62
22.0,37.1,0.00,0.00,98,52.14,98,47.94,100,57.62,100,57.62
20.2,37.1,0.00,0.00,99,52.14,97,47.94,100,57.62,100,57.62
19.3,37.1,0.00,0.00,98,52.14,97,47.94,100,57.62,100,57.62
19.8,37.1,0.00,0.00,99,52.14,97,47.94,100,57.62,100,57.62
18.4,37.1,0.00,0.00,99,52.14,97,47.94,100,57.62,100,57.62
20.7,37.1,0.00,0.00,99,52.14,97,47.94,100,57.62,100,57.62
18.8,37.1,0.00,0.00,99,52.14,97,47.94,100,57.62,100,57.62
97.7,36.1,0.00,0.00,99,52.14,41,47.94,100,57.62,100,57.62
21.9,36.3,0.00,0.00,98,52.14,97,47.94,100,57.62,100,57.62
25.4,35.7,0.00,0.00,64,58.66,95,47.94,100,57.62,100,57.62
33.7,36.1,0.00,0.00,81,58.66,96,47.94,100,57.62,100,57.62
24.7,36.5,0.00,0.00,81,58.66,97,47.94,100,57.62,100,57.62
21.3,36.8,0.00,0.00,85,58.66,97,47.94,100,57.62,100,57.62
24.0,37.0,0.00,0.00,83,58.66,97,47.94,100,57.62,100,57.62
21.0,37.1,0.00,0.00,93,58.66,98,47.94,100,57.62,100,57.62
20.3,37.1,0.00,0.00,87,58.66,97,47.94,100,57.62,100,57.62
21.9,37.1,0.00,0.00,89,58.66,97,47.94,100,57.62,100,57.62
20.3,37.1,0.00,0.00,83,58.66,97,47.94,100,57.62,100,57.62
21.7,37.1,0.00,0.00,89,58.66,98,47.94,100,57.62,100,57.62
21.8,37.1,0.00,0.00,92,58.66,97,47.94,100,57.62,100,57.62
90.5,36.1,0.00,0.00,50,58.71,95,47.94,100,57.62,100,57.62
21.7,36.3,0.00,0.00,97,58.71,97,47.94,100,57.62,100,57.62
28.9,36.5,0.00,0.00,97,58.71,97,47.94,100,57.62,100,57.62
21.1,36.7,0.00,0.00,98,58.71,97,47.94,100,57.62,100,57.62
74.8,36.9,0.00,0.00,97,58.71,97,47.94,100,57.62,100,57.62
20.5,37.1,0.00,0.00,98,58.71,97,47.94,100,57.62,100,57.62
19.7,37.1,0.00,0.00,99,58.71,97,47.94,100,57.62,100,57.62
19.5,37.1,0.00,0.00,99,58.71,98,47.94,100,57.62,100,57.62
18.9,37.1,0.00,0.00,99,58.71,97,47.94,100,57.62,100,57.62
19.2,37.1,0.00,0.00,99,58.71,97,47.94,100,57.62,100,57.62
19.0,37.1,0.00,0.00,99,58.71,97,47.94,100,57.62,100,57.62
19.7,37.1,0.00,0.00,98,58.71,97,47.94,100,57.62,100,57.62
19.2,37.1,0.00,0.00,99,58.71,97,47.94,100,57.62,100,57.62
18.4,37.1,0.00,0.00,99,58.71,98,47.94,100,57.62,100,57.62
18.4,37.1,0.00,0.00,99,58.71,98,47.94,100,57.62,100,57.62
29.7,35.0,0.00,0.00,53,58.52,69,47.94,100,57.62,100,57.62
29.5,31.0,0.00,0.00,88,30.96,97,47.94,100,57.62,100,57.62
35.6,31.2,0.00,0.00,85,30.96,96,47.94,100,57.62,100,57.62
22.3,31.4,0.00,0.00,88,30.96,97,47.94,100,57.62,100,57.62
24.1,31.7,0.00,0.00,83,30.96,96,47.94,100,57.62,100,57.62
20.7,31.8,0.00,0.00,81,30.96,97,47.94,100,57.62,100,57.62
21.2,31.8,0.00,0.00,95,30.96,97,47.94,100,57.62,100,57.62
21.4,31.8,0.00,0.00,92,30.96,98,47.94,100,57.62,100,57.62
21.3,31.8,0.00,0.00,89,30.96,97,47.94,100,57.62,100,57.62
21.5,31.8,0.00,0.00,94,30.96,97,47.94,100,57.62,100,57.62
20.2,31.8,0.00,0.00,94,30.96,97,47.94,100,57.62,100,57.62
18.5,31.0,0.00,0.00,89,30.77,97,47.94,100,57.62,100,57.62
12.1,26.5,0.00,0.00,5,2.95,97,47.94,100,57.62,100,57.62
16.1,26.7,0.00,0.00,0,2.95,96,47.94,100,57.62,100,57.62
16.1,27.2,0.00,0.00,0,2.95,94,47.94,100,57.62,100,57.62
16.5,27.5,0.00,0.00,0,5.2,96,47.94,100,57.62,100,57.62
16.6,30.7,0.00,0.00,8,17.99,96,47.94,100,57.62,100,57.62
14.8,34.4,0.00,0.00,10,30.66,97,47.94,100,57.62,100,57.62
14.1,35.0,0.00,0.00,3,32.12,97,47.94,100,57.62,100,57.62
14.8,35.3,0.00,0.00,0,32.12,93,47.94,100,57.62,100,57.62
13.5,35.5,0.00,0.00,0,32.12,96,47.94,100,57.62,100,57.62
46.8,35.7,0.00,0.00,0,32.12,97,47.94,100,57.62,100,57.62
19.8,36.0,0.00,0.00,15,36.25,97,47.94,77,2.95,5,2.95
23.6,25.8,0.00,0.00,87,36.25,98,47.94,0,2.95,0,2.95
25.6,26.7,0.00,0.00,83,36.25,93,47.94,0,2.95,0,2.95
22.2,26.6,0.00,0.00,83,36.25,51,25.45,0,2.95,0,2.95
22.1,23.7,0.00,0.00,81,36.25,96,25.45,7,13.06,1,8.45
20.5,29.3,0.00,0.00,83,36.25,94,25.45,9,24.87,9,20.45
21.1,36.2,0.00,0.00,89,36.25,97,25.45,10,30.12,8,30.59
15.9,38.8,0.00,0.00,90,36.25,98,25.45,0,30.12,13,51.19
16.3,38.7,0.00,0.00,89,36.25,94,25.45,0,30.12,0,51.19
16.3,39.1,0.00,0.00,87,36.25,96,25.45,0,30.12,0,51.19
91.2,39.6,0.00,0.00,90,36.25,96,25.45,0,30.12,0,51.19
27.8,40.2,0.00,0.00,88,36.25,94,25.45,62,38.72,10,75.12
28.0,40.8,0.00,0.00,82,36.25,97,25.45,62,38.72,100,75.12
65.9,41.2,0.00,0.00,87,36.25,98,25.45,68,38.72,100,75.12
29.9,41.6,0.00,0.00,86,36.25,97,25.45,68,38.72,100,75.12
26.2,42.1,0.00,0.00,86,36.25,95,25.45,67,38.72,99,75.12
23.6,42.6,0.00,0.00,87,36.25,97,25.45,70,38.72,100,75.12
24.2,42.7,0.00,0.00,93,36.25,98,25.45,76,38.72,100,75.12
22.9,42.7,0.00,0.00,91,36.25,97,25.45,71,38.72,100,75.12
23.0,42.7,0.00,0.00,93,36.25,97,25.45,76,38.72,100,75.12
22.2,42.7,0.00,0.00,90,36.25,97,25.45,71,38.72,100,75.12
22.9,42.8,0.00,0.00,91,36.25,98,25.45,76,38.72,100,75.12
25.0,42.7,0.00,0.00,90,40.38,97,25.45,76,38.72,100,75.12
58.4,41.9,0.00,0.00,87,40.38,96,25.45,69,38.72,100,75.12
24.1,42.1,0.00,0.00,90,40.38,97,25.45,68,38.72,100,75.12
23.3,42.4,0.00,0.00,88,40.38,97,25.45,72,38.72,100,75.12
24.6,42.6,0.00,0.00,88,40.38,98,25.45,71,38.72,100,75.12
21.9,42.7,0.00,0.00,88,40.38,98,25.45,72,38.72,100,75.12
23.1,42.7,0.00,0.00,89,40.38,98,25.45,76,38.72,100,75.12
17.0,42.7,0.00,0.00,92,40.38,96,25.45,29,47.43,100,75.12
21.3,40.9,0.00,0.00,86,40.38,0,25.45,69,47.43,100,75.12
21.6,41.4,0.00,0.00,85,40.38,0,25.45,66,47.43,100,75.12
21.2,41.9,0.00,0.00,88,40.38,0,25.45,67,47.43,100,75.12
20.7,42.3,0.00,0.00,83,40.38,0,25.45,70,47.43,100,75.12
30.7,42.8,0.00,0.00,88,40.38,10,25.45,75,47.43,100,75.12
21.3,42.8,0.00,0.00,92,40.38,97,25.45,78,47.43,100,75.12
21.5,42.8,0.00,0.00,92,40.38,98,25.45,73,47.43,100,75.12
22.1,42.8,0.00,0.00,90,40.38,97,25.45,78,47.43,100,75.12
22.3,42.7,0.00,0.00,91,40.38,98,25.45,73,47.43,100,75.12
22.5,42.8,0.00,0.00,92,40.38,97,25.45,76,47.43,100,75.12
20.6,42.7,0.00,0.00,91,40.38,98,25.45,74,47.43,100,75.12
22.0,42.8,0.00,0.00,93,40.38,98,25.45,75,47.43,100,75.12
23.2,42.7,0.00,0.00,92,40.38,98,25.45,77,47.43,100,75.12
22.6,42.7,0.00,0.00,92,40.38,98,25.45,72,47.43,100,75.12
22.7,42.7,0.00,0.00,91,40.38,98,25.45,72,47.43,100,75.12
25.0,41.7,0.00,0.00,45,40.38,97,25.45,76,47.43,100,75.12
30.1,42.0,0.00,0.00,88,40.38,96,25.45,71,47.43,100,75.12
25.9,42.2,0.00,0.00,87,40.38,96,25.45,74,47.43,100,75.12
76.9,41.9,0.00,0.00,85,40.38,97,25.45,35,47.55,100,75.12
26.2,41.7,0.00,0.00,88,40.38,96,25.45,66,47.55,100,75.12
24.1,42.1,0.00,0.00,84,40.38,97,25.45,73,47.55,100,75.12
23.6,42.4,0.00,0.00,88,40.38,97,25.45,72,47.55,100,75.12
25.0,42.6,0.00,0.00,88,40.38,98,25.45,72,47.55,100,75.12
20.8,42.8,0.00,0.00,90,40.38,98,25.45,72,47.55,100,75.12
20.7,42.8,0.00,0.00,92,40.38,99,25.45,79,47.55,100,75.12
22.1,42.8,0.00,0.00,91,40.38,98,25.45,76,47.55,100,75.12
20.9,42.8,0.00,0.00,91,40.38,98,25.45,79,47.55,100,75.12
21.2,42.8,0.00,0.00,91,40.38,98,25.45,77,47.55,100,75.12
22.3,42.8,0.00,0.00,91,40.38,98,25.45,80,47.55,100,75.12
26.7,42.0,0.00,0.00,93,40.38,24,25.45,75,47.55,100,75.12
18.1,41.9,0.00,0.00,89,40.38,0,25.45,73,47.55,100,75.12
23.0,42.1,0.00,0.00,91,40.38,0,25.45,77,47.55,100,75.12
80.0,42.4,0.00,0.00,92,40.38,0,25.45,75,47.55,100,75.12
26.5,42.6,0.00,0.00,89,40.38,0,25.45,77,47.55,100,75.12
23.6,42.8,0.00,0.00,91,40.38,97,25.45,75,47.55,100,75.12
21.2,42.8,0.00,0.00,91,40.38,97,25.45,73,47.55,100,75.12
18.2,42.8,0.00,0.00,90,40.38,97,25.45,31,25.25,100,75.12
22.4,37.4,0.00,0.00,91,40.38,97,25.45,78,25.25,100,75.12
23.2,32.9,0.00,0.00,41,21.66,97,25.45,77,25.25,100,75.12
22.9,32.1,0.00,0.00,88,21.66,97,25.45,72,25.25,100,75.12
21.5,32.1,0.00,0.00,91,21.66,97,25.45,77,25.25,100,75.12
21.6,32.1,0.00,0.00,92,21.66,97,25.45,78,25.25,100,75.12
22.1,32.1,0.00,0.00,90,21.66,97,25.45,77,25.25,100,75.12
21.7,32.1,0.00,0.00,92,21.66,97,25.45,74,25.25,100,75.12
22.9,32.1,0.00,0.00,92,21.66,97,25.45,76,25.25,100,75.12
21.3,32.1,0.00,0.00,92,21.66,97,25.45,73,25.25,100,75.12
21.5,32.1,0.00,0.00,92,21.66,97,25.45,76,25.25,100,75.12
24.1,32.1,0.00,0.00,93,21.66,98,25.45,75,25.25,100,75.12
21.5,32.1,0.00,0.00,93,21.66,98,25.45,76,25.25,100,75.12
21.9,32.1,0.00,0.00,92,21.66,97,25.45,76,25.25,100,75.12
21.3,32.1,0.00,0.00,93,21.66,97,25.45,76,25.25,100,75.12
20.0,32.1,0.00,0.00,91,21.66,96,25.45,74,25.25,100,75.19
27.3,31.1,0.00,0.00,91,21.66,97,25.45,76,25.25,95,84.15
24.9,31.2,0.00,0.00,89,21.66,96,25.45,72,25.25,95,84.15
88.1,31.5,0.00,0.00,89,21.66,97,25.45,68,25.25,95,84.15
19.0,30.6,0.00,0.00,90,21.66,97,25.45,4,2.95,96,84.15
17.3,26.6,0.00,0.00,91,21.66,97,25.45,0,2.95,95,84.15
19.5,26.8,0.00,0.00,95,21.66,95,25.45,0,2.95,91,84.15
15.1,27.3,0.00,0.00,89,21.66,96,25.25,0,2.95,91,84.15
14.0,22.3,0.00,0.00,88,21.66,1,2.95,0,7.83,98,84.15
15.0,24.9,0.00,0.00,94,21.66,0,2.95,9,19.6,97,84.15
8.1,23.2,0.00,0.00,14,2.95,0,2.95,8,45.85,97,84.15
7.7,24.5,0.00,0.00,0,2.95,0,2.95,0,45.85,89,84.15
85.0,25.1,0.00,0.00,0,2.95,0,2.95,0,45.85,89,84.15
10.2,25.7,0.00,0.00,0,2.95,0,2.95,0,45.85,96,84.15
10.0,27.9,0.00,0.00,1,7.09,1,8.33,0,45.85,96,84.15
20.3,31.8,0.00,0.00,3,12.83,3,14.53,36,52.36,97,84.15
19.7,34.2,0.00,0.00,3,24.4,4,24.4,83,52.36,92,84.15
97.5,34.8,0.00,0.00,0,24.4,0,24.4,77,52.36,88,84.15
81.0,35.4,0.00,0.00,0,24.4,0,24.4,87,52.36,91,84.15
19.9,36.1,0.00,0.00,0,24.4,0,24.4,87,52.36,93,84.15
17.1,36.9,0.00,0.00,0,24.4,0,24.4,82,52.36,88,84.15
29.5,37.2,0.00,0.00,52,31.01,54,31.01,78,52.36,96,84.15
27.9,37.2,0.00,0.00,97,31.01,98,31.01,67,52.36,96,84.15
28.5,37.2,0.00,0.00,97,31.01,98,31.01,67,52.36,94,84.15
27.3,37.2,0.00,0.00,92,31.01,98,31.01,78,52.36,96,84.15
28.5,37.2,0.00,0.00,98,31.01,98,31.01,69,52.36,89,84.15
27.9,37.2,0.00,0.00,98,31.01,97,31.01,72,52.36,95,84.15
31.0,37.2,0.00,0.00,97,31.01,98,31.01,42,58.93,95,84.15
87.3,36.3,0.00,0.00,98,31.01,97,31.01,70,58.93,93,84.15
28.7,36.5,0.00,0.00,97,31.01,97,31.01,68,58.93,93,84.15
31.7,36.7,0.00,0.00,96,31.01,97,31.01,62,58.93,94,84.15
84.5,36.8,0.00,0.00,97,31.01,97,31.01,66,58.93,93,84.15
29.7,37.1,0.00,0.00,98,31.01,98,31.01,69,58.93,95,84.15
28.9,37.3,0.00,0.00,95,31.01,98,31.01,69,58.93,94,84.15
28.6,37.3,0.00,0.00,98,31.01,98,31.01,76,58.93,96,84.15
28.1,37.3,0.00,0.00,98,31.01,98,31.01,72,58.93,96,84.15
22.4,36.3,0.00,0.00,17,31.01,98,31.01,77,58.93,90,84.15
18.2,35.6,0.00,0.00,0,31.01,0,31.01,88,58.93,94,84.15
24.8,36.1,0.00,0.00,0,31.01,0,31.01,86,58.93,94,84.15
41.3,36.5,0.00,0.00,0,31.01,0,31.01,86,58.93,89,84.15
76.4,36.9,0.00,0.00,0,31.01,0,31.01,84,58.98,95,84.15
32.2,36.3,0.00,0.00,85,31.01,0,31.01,50,58.98,95,84.15
37.8,36.5,0.00,0.00,97,31.01,96,31.01,76,58.98,94,84.15
33.4,36.7,0.00,0.00,97,31.01,98,31.01,72,58.98,95,84.15
28.9,36.9,0.00,0.00,96,31.01,97,31.01,76,58.98,95,84.15
29.9,37.1,0.00,0.00,98,31.01,98,31.01,65,58.98,93,84.15
26.5,37.3,0.00,0.00,96,31.01,98,31.01,69,58.98,96,84.15
28.1,37.3,0.00,0.00,97,31.01,98,31.01,75,58.98,91,84.15
27.8,37.3,0.00,0.00,98,31.01,98,31.01,73,58.98,90,84.15
28.8,37.3,0.00,0.00,98,31.01,98,31.01,72,58.98,90,84.15
28.0,37.3,0.00,0.00,98,31.01,98,31.01,73,58.98,94,84.15
27.1,37.3,0.00,0.00,97,31.01,98,31.01,68,58.98,95,84.15
28.5,37.3,0.00,0.00,98,31.01,98,31.01,73,58.98,93,84.15
26.0,37.3,0.00,0.00,98,31.01,98,31.01,71,58.98,96,84.15
27.2,37.3,0.00,0.00,98,31.01,98,31.01,67,58.98,97,84.15
87.9,36.3,0.00,0.00,98,31.01,98,31.01,75,58.98,92,84.15
22.8,35.6,0.00,0.00,0,31.01,98,31.01,70,58.98,92,84.15
28.0,35.1,0.00,0.00,0,31.01,52,31.01,84,58.98,91,84.15
92.9,35.6,0.00,0.00,0,31.01,0,31.01,88,58.98,93,84.15
74.2,36.3,0.00,0.00,0,31.01,0,31.01,78,58.98,92,84.15
25.3,36.9,0.00,0.00,7,31.01,0,31.01,94,58.98,91,84.15
22.4,37.1,0.00,0.00,98,31.01,0,31.01,80,58.98,97,84.15
27.9,37.3,0.00,0.00,98,31.01,99,31.01,85,58.98,96,84.15
28.8,37.3,0.00,0.00,98,31.01,98,31.01,66,58.98,96,84.15
28.1,37.3,0.00,0.00,98,31.01,98,31.01,72,58.98,65,84.27
33.0,36.3,0.00,0.00,98,31.01,97,31.01,67,58.98,100,84.27
27.3,36.6,0.00,0.00,95,31.01,99,31.01,63,58.98,99,84.27
28.4,36.7,0.00,0.00,95,31.01,97,31.01,66,58.98,100,84.27
25.2,35.9,0.00,0.00,97,31.01,98,31.01,42,58.98,100,84.27
39.0,36.3,0.00,0.00,92,31.01,97,31.01,64,58.98,100,84.27
29.8,36.6,0.00,0.00,94,31.01,96,31.01,70,58.98,100,84.27
30.0,36.8,0.00,0.00,97,31.01,97,31.01,67,58.98,100,84.27
28.4,37.0,0.00,0.00,97,31.01,99,31.01,71,58.98,100,84.27
35.8,37.2,0.00,0.00,98,31.01,94,31.01,66,58.98,100,84.27
26.5,37.3,0.00,0.00,98,31.01,98,31.01,76,58.98,100,84.27
30.9,37.3,0.00,0.00,98,31.01,98,31.01,84,58.98,100,84.27
20.2,32.0,0.00,0.00,5,2.95,98,31.01,91,58.98,100,84.27
20.0,32.0,0.00,0.00,0,2.95,99,31.01,95,58.98,100,84.27
16.0,31.0,0.00,0.00,0,2.95,52,2.95,99,58.98,100,84.27
13.2,26.7,0.00,0.00,0,2.95,0,2.95,99,58.98,100,84.27
13.8,26.7,0.00,0.00,0,2.95,0,2.95,99,58.98,100,84.27
90.6,26.0,0.00,0.00,0,2.95,0,2.95,88,58.98,100,84.27
46.1,26.8,0.00,0.00,0,2.95,0,2.95,71,58.98,99,84.27
19.3,27.4,0.00,0.00,0,2.95,0,2.95,90,58.98,100,84.27
23.0,30.9,0.00,0.00,1,7.62,2,14.67,97,58.98,100,84.27
59.9,36.3,0.00,0.00,3,13.14,6,26.7,88,58.98,100,84.27
40.4,39.4,0.00,0.00,5,24.4,8,45.85,89,58.98,100,84.27
18.2,39.8,0.00,0.00,0,24.4,0,45.85,86,58.98,100,84.27
90.4,40.2,0.00,0.00,0,24.4,0,45.85,92,58.98,100,84.27
25.1,40.7,0.00,0.00,0,24.4,0,45.85,90,58.98,100,84.27
33.3,41.2,0.00,0.00,0,24.4,34,52.36,87,58.98,100,84.27
30.0,41.7,0.00,0.00,2,31.01,67,52.36,70,58.98,100,84.27
29.4,41.9,0.00,0.00,96,31.01,67,52.36,61,58.98,100,84.27
30.4,41.2,0.00,0.00,89,31.01,70,52.36,58,58.98,100,84.27
32.7,41.5,0.00,0.00,87,31.01,62,52.36,65,58.98,100,84.27
30.3,41.9,0.00,0.00,92,31.01,58,52.36,56,58.98,100,84.27
28.0,42.3,0.00,0.00,92,31.01,71,52.36,65,58.98,100,84.27
26.8,42.5,0.00,0.00,93,31.01,67,52.36,69,58.98,100,84.27
29.8,42.7,0.00,0.00,92,31.01,74,52.36,67,58.98,100,84.27
26.8,42.7,0.00,0.00,97,31.01,66,52.36,75,58.98,100,84.27
26.8,42.7,0.00,0.00,99,31.01,74,52.36,75,58.98,100,84.27
27.4,42.7,0.00,0.00,98,31.01,75,52.36,71,58.98,100,84.27
26.0,42.7,0.00,0.00,98,31.01,75,52.36,75,58.98,100,84.27
29.7,42.7,0.00,0.00,97,31.01,77,52.36,74,58.98,100,84.27
25.6,42.7,0.00,0.00,98,31.01,46,58.93,75,58.98,100,84.27
31.3,41.8,0.00,0.00,98,31.01,66,58.93,65,58.98,100,84.27
24.8,41.1,0.00,0.00,89,31.01,68,58.93,72,58.98,100,84.27
20.8,40.4,0.00,0.00,0,31.01,97,58.93,84,30.96,100,84.27
25.7,36.6,0.00,0.00,0,31.01,78,58.93,78,30.96,100,84.27
85.2,37.0,0.00,0.00,0,31.01,80,58.93,83,30.96,100,84.27
23.1,37.2,0.00,0.00,0,31.01,80,58.93,84,30.96,100,84.27
27.5,37.4,0.00,0.00,98,31.01,66,58.93,70,30.96,100,84.27
26.0,37.4,0.00,0.00,98,31.01,75,58.93,71,30.96,100,84.27
27.7,37.4,0.00,0.00,98,31.01,75,58.93,75,30.96,100,84.27
30.4,37.4,0.00,0.00,99,31.01,99,58.93,73,30.96,100,84.27
27.4,37.4,0.00,0.00,98,31.01,99,58.93,73,30.96,100,84.27
29.2,37.4,0.00,0.00,97,31.01,94,58.93,72,30.96,100,84.27
27.7,37.4,0.00,0.00,98,31.01,82,58.93,76,30.96,100,84.27
29.0,37.4,0.00,0.00,98,31.01,78,58.98,81,30.96,100,84.27
29.0,36.5,0.00,0.00,96,31.01,80,58.98,67,30.96,100,84.27
28.2,36.7,0.00,0.00,95,31.01,71,58.98,19,30.77,100,84.27
26.9,31.6,0.00,0.00,98,31.01,87,58.98,5,2.95,100,84.27
48.3,31.8,0.00,0.00,97,31.01,84,58.98,0,2.95,100,84.27
23.6,32.0,0.00,0.00,98,31.01,89,58.98,0,2.95,100,84.27
22.2,32.0,0.00,0.00,99,31.01,98,58.98,0,2.95,100,84.27
21.7,32.0,0.00,0.00,98,31.01,99,58.98,0,2.95,100,84.27
15.6,31.1,0.00,0.00,0,31.01,99,58.98,0,2.95,100,84.27
15.1,31.4,0.00,0.00,0,31.01,99,58.98,0,2.95,100,84.27
31.1,31.6,0.00,0.00,0,31.01,98,58.98,0,2.95,100,84.27
66.0,31.8,0.00,0.00,0,31.01,98,58.98,0,2.95,100,84.27
13.8,32.0,0.00,0.00,1,31.01,59,58.78,0,2.95,100,84.27
21.5,26.7,0.00,0.00,98,31.01,93,30.96,0,2.95,100,84.27
20.3,26.7,0.00,0.00,98,31.01,99,30.96,0,2.95,100,84.27
21.4,26.7,0.00,0.00,99,31.01,99,30.96,0,2.95,100,84.27
21.6,26.7,0.00,0.00,98,31.01,99,30.96,0,2.95,100,84.27
21.6,26.7,0.00,0.00,99,31.01,99,30.96,0,2.95,100,84.27
19.3,26.7,0.00,0.00,98,31.01,99,30.96,0,2.95,100,84.27
21.7,26.7,0.00,0.00,98,31.01,99,30.96,0,2.95,100,84.27
19.9,26.7,0.00,0.00,99,31.01,99,30.96,0,2.95,100,84.27
18.1,26.7,0.00,0.00,99,31.01,99,30.96,0,2.95,70,27.84
21.1,21.3,0.00,0.00,98,31.01,99,30.96,0,2.95,97,27.84
19.4,21.3,0.00,0.00,98,31.01,99,30.96,0,2.95,96,27.84
19.9,21.3,0.00,0.00,98,31.01,99,30.96,0,2.95,97,27.84
20.1,21.3,0.00,0.00,99,31.01,99,30.96,0,2.95,97,27.84
13.6,20.2,0.00,0.00,98,31.01,12,2.95,0,2.95,97,27.84
6.0,14.9,0.00,0.00,99,30.82,0,2.95,0,2.95,97,27.84
76.9,10.9,0.00,0.00,5,2.95,0,2.95,0,2.95,92,27.84
94.9,11.3,0.00,0.00,0,2.95,0,2.95,0,4.55,98,27.84
7.9,13.0,0.00,0.00,0,2.95,2,9.46,5,10.95,98,27.84
9.4,17.1,0.00,0.00,0,2.95,4,16.98,4,18.05,98,27.84
9.0,19.1,0.00,0.00,0,2.95,1,18.05,0,18.05,92,27.84
10.9,19.7,0.00,0.00,0,2.95,0,18.05,0,18.05,95,27.84
68.5,20.3,0.00,0.00,0,2.95,0,18.05,0,18.05,92,27.84
53.9,20.9,0.00,0.00,0,3.07,0,18.05,0,18.05,95,27.84
36.6,22.9,0.00,0.00,3,10.02,18,21.78,28,21.78,93,27.84
17.6,24.8,0.00,0.00,3,15.73,94,21.78,91,21.78,97,27.84
17.3,25.4,0.00,0.00,0,17.54,93,21.78,92,21.78,95,27.84
17.5,25.7,0.00,0.00,0,17.54,91,21.78,88,21.78,93,27.84
49.0,25.9,0.00,0.00,0,17.54,92,21.78,92,21.78,95,27.84
17.1,26.1,0.00,0.00,0,17.54,92,21.78,89,21.78,94,27.84
23.7,26.4,0.00,0.00,0,25.4,92,21.78,93,21.78,97,27.84
25.0,26.4,0.00,0.00,95,25.4,95,21.78,93,21.78,97,27.84
24.5,26.4,0.00,0.00,95,25.4,93,21.78,93,21.78,97,27.84
21.8,26.4,0.00,0.00,96,25.4,93,21.78,94,21.78,96,27.84
22.3,26.4,0.00,0.00,95,25.4,93,21.78,94,21.78,93,27.84
22.0,26.4,0.00,0.00,95,25.4,92,21.78,89,21.78,97,27.84
22.0,26.4,0.00,0.00,96,25.4,94,21.78,91,21.78,97,27.84
21.5,26.5,0.00,0.00,95,25.4,95,21.78,94,21.78,97,27.84
27.7,26.2,0.00,0.00,96,25.4,39,21.81,0,21.81,94,27.84
50.5,24.8,0.00,0.00,93,25.4,0,21.81,0,21.81,93,27.84
67.3,25.2,0.00,0.00,95,25.4,0,21.81,0,21.81,93,27.84
15.2,25.7,0.00,0.00,96,25.4,0,21.81,0,21.81,94,27.84
39.6,26.1,0.00,0.00,95,25.4,0,21.81,0,21.81,93,27.84
22.7,26.5,0.00,0.00,95,25.4,46,21.81,94,21.81,97,27.84
23.2,26.5,0.00,0.00,95,25.4,93,21.81,94,21.81,97,27.84
24.8,26.5,0.00,0.00,95,25.4,92,21.81,93,21.81,97,27.84
22.1,26.4,0.00,0.00,95,25.4,93,21.81,93,21.81,97,27.84
22.8,26.5,0.00,0.00,94,25.4,95,21.81,95,21.81,96,27.84
23.8,26.5,0.00,0.00,90,25.45,94,21.81,93,21.81,95,27.84
84.6,25.6,0.00,0.00,0,25.45,91,21.81,93,21.81,94,27.84
16.9,25.8,0.00,0.00,0,25.45,91,21.81,93,21.81,96,27.84
16.8,26.0,0.00,0.00,0,25.45,93,21.81,90,21.81,95,27.84
17.1,26.3,0.00,0.00,0,25.45,93,21.81,93,21.81,96,27.84
22.9,26.5,0.00,0.00,18,25.45,93,21.81,95,21.81,97,27.84
22.0,26.4,0.00,0.00,95,25.45,96,21.81,94,21.81,95,27.84
22.3,26.4,0.00,0.00,93,25.45,91,21.81,93,21.81,96,27.84
22.0,26.4,0.00,0.00,95,25.45,95,21.81,94,21.81,96,27.84
29.7,24.6,0.00,0.00,95,25.45,2,21.81,0,21.81,91,27.84
14.6,24.8,0.00,0.00,94,25.45,0,21.81,0,21.81,91,27.84
95.9,25.3,0.00,0.00,95,25.45,0,21.81,0,21.81,94,27.84
57.8,25.7,0.00,0.00,95,25.45,0,21.81,0,21.81,94,27.84
14.4,26.2,0.00,0.00,96,25.45,0,21.81,0,21.81,95,27.84
21.3,26.4,0.00,0.00,96,25.45,92,21.81,94,21.81,95,27.84
21.9,26.4,0.00,0.00,95,25.45,95,21.81,95,21.81,95,27.84
22.6,26.4,0.00,0.00,95,25.45,94,21.81,94,21.81,96,27.84
20.8,26.4,0.00,0.00,94,25.45,94,21.81,95,21.81,93,27.84
22.4,26.4,0.00,0.00,95,25.45,93,21.81,95,21.81,96,27.84
21.1,26.4,0.00,0.00,96,25.45,95,21.81,94,21.81,95,27.84
21.3,26.4,0.00,0.00,96,25.45,94,21.81,93,21.81,95,27.84
21.8,26.4,0.00,0.00,96,25.45,94,21.81,94,21.81,95,27.84
21.1,26.4,0.00,0.00,96,25.45,93,21.81,94,21.81,96,27.84
20.3,26.4,0.00,0.00,96,25.45,95,21.81,94,21.81,96,27.84
18.2,25.5,0.00,0.00,0,25.45,92,21.81,91,21.81,92,27.84
24.9,25.7,0.00,0.00,0,25.45,91,21.81,91,21.81,93,27.84
83.1,26.0,0.00,0.00,0,25.45,93,21.81,92,21.81,0,27.84
13.6,25.3,0.00,0.00,0,25.45,89,21.81,83,21.81,0,27.84
12.9,23.9,0.00,0.00,0,25.45,31,21.81,0,21.81,0,27.84
45.9,24.5,0.00,0.00,90,25.45,0,21.81,0,21.81,0,27.84
13.2,25.2,0.00,0.00,95,25.45,0,21.81,0,21.81,0,27.84
19.9,25.8,0.00,0.00,94,25.45,0,21.81,0,21.81,92,27.84
87.8,26.2,0.00,0.00,94,25.45,2,21.81,28,21.81,95,27.84
21.0,26.4,0.00,0.00,96,25.45,94,21.81,94,21.81,96,27.84
22.4,26.4,0.00,0.00,95,25.45,94,21.81,94,21.81,95,27.84
22.7,26.4,0.00,0.00,95,25.45,94,21.81,95,21.81,96,27.84
20.8,26.4,0.00,0.00,96,25.45,95,21.81,93,21.81,94,27.84
23.4,26.4,0.00,0.00,95,25.45,95,21.81,93,21.81,95,27.84
21.8,26.4,0.00,0.00,95,25.45,96,21.81,95,21.81,96,27.84
21.3,26.4,0.00,0.00,95,25.45,96,21.81,94,21.81,97,27.84
21.8,26.4,0.00,0.00,96,25.45,94,21.81,92,21.81,94,27.84
21.4,26.4,0.00,0.00,96,25.45,94,21.81,92,21.81,95,27.84
21.8,26.4,0.00,0.00,96,25.45,94,21.81,92,21.81,94,27.84
21.7,26.4,0.00,0.00,96,25.45,94,21.81,94,21.81,94,27.84
22.4,26.4,0.00,0.00,95,25.45,94,21.81,92,21.81,96,27.84
21.7,26.4,0.00,0.00,95,25.45,94,21.81,93,21.81,96,27.84
20.4,26.4,0.00,0.00,96,25.45,92,21.81,53,21.81,96,27.84
27.2,23.6,0.00,0.00,76,25.45,0,21.81,0,21.81,90,27.84
24.7,24.2,0.00,0.00,0,25.45,0,21.81,0,21.81,88,27.84
10.2,24.8,0.00,0.00,0,25.45,0,21.81,0,21.81,90,27.84
52.5,25.5,0.00,0.00,0,25.45,0,21.81,0,21.81,90,27.84
11.7,26.1,0.00,0.00,0,25.45,0,21.81,48,21.81,95,27.84
21.5,26.5,0.00,0.00,40,25.45,95,21.81,95,21.81,96,27.84
21.9,26.5,0.00,0.00,96,25.45,96,21.81,94,21.81,96,27.84
22.9,26.4,0.00,0.00,95,25.45,94,21.81,94,21.81,97,27.84
21.8,26.4,0.00,0.00,96,25.45,96,21.81,94,21.81,97,27.84
23.3,26.5,0.00,0.00,96,25.45,94,21.81,94,21.81,96,27.84
22.7,26.5,0.00,0.00,96,25.45,93,21.81,94,21.81,96,27.84
21.8,26.5,0.00,0.00,96,25.45,93,21.81,95,21.81,95,27.84
23.4,26.5,0.00,0.00,95,25.45,93,21.81,94,21.81,96,27.84
21.5,26.5,0.00,0.00,96,25.45,96,21.81,95,21.81,96,27.84
20.5,26.5,0.00,0.00,97,25.45,95,21.81,94,21.81,94,27.84
21.5,26.5,0.00,0.00,96,25.45,95,21.81,93,21.81,96,27.84
22.4,26.5,0.00,0.00,95,25.45,95,21.81,94,21.81,95,27.84
22.3,26.5,0.00,0.00,96,25.45,94,21.81,95,21.81,95,27.84
20.7,26.5,0.00,0.00,96,25.45,94,21.81,47,21.81,95,27.84
14.8,24.7,0.00,0.00,95,25.45,0,21.81,0,21.81,92,27.84
18.7,25.1,0.00,0.00,95,25.45,0,21.81,0,21.81,93,27.84
84.6,25.6,0.00,0.00,96,25.45,0,21.81,0,21.81,92,27.84
15.0,26.0,0.00,0.00,94,25.45,0,21.81,0,21.81,91,27.84
16.4,26.4,0.00,0.00,94,25.45,1,21.81,94,21.81,96,27.84
16.0,25.5,0.00,0.00,0,25.45,92,21.81,93,21.81,92,27.84
16.7,25.8,0.00,0.00,0,25.45,92,21.81,92,21.81,95,27.84
44.7,26.0,0.00,0.00,0,25.45,92,21.81,92,21.81,91,27.84
25.8,26.2,0.00,0.00,0,25.45,93,21.81,91,21.81,95,27.84
23.7,26.4,0.00,0.00,0,25.45,92,21.81,94,21.81,96,27.84
23.0,26.5,0.00,0.00,95,25.45,93,21.81,93,21.81,95,27.84
22.1,26.5,0.00,0.00,96,25.45,93,21.81,90,21.81,97,27.84
22.7,26.4,0.00,0.00,94,25.45,96,21.81,95,21.81,96,27.84
21.3,26.4,0.00,0.00,95,25.45,93,21.81,92,21.81,96,27.84
21.4,26.5,0.00,0.00,96,25.45,92,21.81,90,21.81,95,27.84
23.1,26.5,0.00,0.00,95,25.45,95,21.81,91,21.81,96,27.84
21.1,26.4,0.00,0.00,96,25.45,95,21.81,92,21.81,96,27.84
21.7,26.4,0.00,0.00,96,25.45,95,21.81,94,21.81,96,27.84
15.2,26.4,0.00,0.00,96,25.45,92,21.81,10,2.95,97,27.84
11.1,16.1,0.00,0.00,96,25.45,3,2.95,3,2.95,95,27.84
11.3,16.1,0.00,0.00,97,25.45,0,2.95,0,2.95,96,27.84
16.7,16.5,0.00,0.00,97,25.45,0,2.95,0,2.95,88,27.84
17.1,17.2,0.00,0.00,91,25.45,0,2.95,0,2.95,94,27.84
16.5,18.7,0.00,0.00,95,25.45,0,7.82,9,16.11,97,27.84
17.0,24.5,0.00,0.00,95,25.45,3,14.09,9,29.1,97,27.84
15.0,28.7,0.00,0.00,96,25.45,2,18.76,4,30.12,93,27.84
16.6,29.2,0.00,0.00,93,25.45,0,18.76,0,30.12,93,27.84
25.8,29.6,0.00,0.00,95,25.45,0,18.76,0,30.12,5,2.95
28.7,19.8,0.00,0.00,81,2.95,0,18.76,0,30.12,0,2.95
4.2,19.9,0.00,0.00,0,2.95,0,33.67,20,34.88,0,2.95
44.9,20.5,0.00,0.00,0,2.95,97,33.67,51,34.88,0,2.95
11.3,20.7,0.00,0.00,0,2.95,97,33.67,45,34.88,0,2.95
97.7,21.1,0.00,0.00,0,2.95,97,33.67,45,34.88,0,2.95
99.6,21.7,0.00,0.00,0,2.95,95,33.67,45,34.88,0,2.95
13.5,22.0,0.00,0.00,0,2.95,98,33.67,51,34.88,2,7.43
13.6,24.7,0.00,0.00,2,9.31,97,33.67,53,34.88,4,13.19
13.4,28.3,0.00,0.00,3,15.73,98,33.67,51,34.88,4,19.93
13.6,29.9,0.00,0.00,3,19.93,97,33.67,50,34.88,0,19.93
99.0,30.4,0.00,0.00,0,19.93,96,33.67,47,34.88,0,19.93
56.1,30.8,0.00,0.00,0,19.93,98,33.67,46,34.88,0,19.93
12.3,31.2,0.00,0.00,0,19.93,98,33.67,51,34.88,0,19.93
15.3,31.8,0.00,0.00,0,33.87,98,33.67,52,34.88,97,33.87
18.0,32.0,0.00,0.00,98,33.87,98,33.67,58,34.88,97,33.87
16.4,32.0,0.00,0.00,97,33.87,98,33.67,46,34.88,98,33.87
16.5,32.0,0.00,0.00,97,33.87,98,33.67,47,34.88,98,33.87
16.7,32.0,0.00,0.00,98,33.87,98,33.67,48,34.88,97,33.87
17.0,32.0,0.00,0.00,98,33.87,98,33.67,49,34.88,96,33.87
17.8,32.0,0.00,0.00,98,33.87,98,33.67,51,34.88,97,33.87
15.7,32.0,0.00,0.00,97,33.87,98,33.67,50,34.88,98,33.87
15.9,32.0,0.00,0.00,98,33.87,98,33.67,48,34.88,98,33.87
16.4,32.0,0.00,0.00,98,33.87,98,33.67,50,34.88,98,33.87
16.7,32.0,0.00,0.00,98,33.87,98,33.67,47,34.88,98,33.87
16.0,32.0,0.00,0.00,98,33.87,98,33.67,49,34.88,98,33.87
16.3,32.0,0.00,0.00,98,33.87,98,33.67,52,34.88,98,33.87
16.8,32.0,0.00,0.00,98,33.87,99,33.67,47,34.88,98,33.87
16.3,32.0,0.00,0.00,97,33.87,98,33.67,52,34.88,99,33.87
15.9,32.0,0.00,0.00,97,33.87,98,33.67,52,34.88,98,33.87
15.9,32.0,0.00,0.00,98,33.87,99,33.67,48,34.88,98,33.87
15.7,32.0,0.00,0.00,98,33.87,98,33.67,50,34.88,97,33.87
16.0,32.0,0.00,0.00,98,33.87,98,33.67,49,34.88,97,33.87
15.6,32.0,0.00,0.00,98,33.87,99,33.67,51,34.88,98,33.87
19.7,32.0,0.00,0.00,98,33.87,98,33.67,25,39.69,98,33.87
43.0,31.1,0.00,0.00,98,33.87,98,33.67,45,39.69,98,33.87
18.2,31.4,0.00,0.00,98,33.87,98,33.67,46,39.69,98,33.87
18.5,31.6,0.00,0.00,96,33.87,98,33.67,44,39.69,98,33.87
18.5,31.8,0.00,0.00,98,33.87,98,33.67,46,39.69,98,33.87
16.3,32.0,0.00,0.00,98,33.87,99,33.67,50,39.69,99,33.87
12.5,32.0,0.00,0.00,98,33.87,98,33.67,50,39.69,0,33.87
13.8,30.1,0.00,0.00,0,33.87,98,33.67,45,39.69,0,33.87
60.4,30.6,0.00,0.00,0,33.87,98,33.67,49,39.69,0,33.87
54.0,31.0,0.00,0.00,0,33.87,98,33.67,52,39.69,0,33.87
12.9,31.5,0.00,0.00,0,33.87,98,33.67,44,39.69,0,33.87
20.6,32.0,0.00,0.00,0,33.87,96,33.67,47,39.69,98,33.87
15.3,32.0,0.00,0.00,98,33.87,99,33.67,48,39.69,97,33.87
16.3,32.0,0.00,0.00,97,33.87,98,33.67,54,39.69,97,33.87
17.7,32.0,0.00,0.00,98,33.87,98,33.67,53,39.69,98,33.87
15.9,32.0,0.00,0.00,98,33.87,98,33.67,51,39.69,98,33.87
15.6,32.0,0.00,0.00,98,33.87,99,33.67,48,39.69,98,33.87
16.9,32.0,0.00,0.00,98,33.87,99,33.67,54,39.69,98,33.87
16.5,32.0,0.00,0.00,98,33.87,99,33.67,49,39.69,98,33.87
16.3,32.0,0.00,0.00,98,33.87,99,33.67,48,39.69,98,33.87
16.0,32.0,0.00,0.00,98,33.87,99,33.67,52,39.69,97,33.87
16.5,32.0,0.00,0.00,98,33.87,98,33.67,48,39.69,99,33.87
19.5,32.0,0.00,0.00,98,33.87,99,33.67,50,39.69,98,33.87
15.1,32.0,0.00,0.00,98,33.87,98,33.67,55,39.69,98,33.87
15.8,32.0,0.00,0.00,98,33.87,99,33.99,64,39.69,98,33.87
14.5,31.0,0.00,0.00,98,33.87,0,33.99,50,39.69,98,33.87
14.8,31.3,0.00,0.00,97,33.87,0,33.99,50,39.69,96,33.87
47.0,31.5,0.00,0.00,96,33.87,0,33.99,45,39.69,98,33.87
16.0,31.7,0.00,0.00,98,33.87,0,33.99,48,39.69,99,33.87
18.0,32.0,0.00,0.00,98,33.87,33,33.99,50,39.69,99,33.87
17.2,31.9,0.00,0.00,98,33.87,98,33.99,48,39.69,98,33.87
15.8,31.9,0.00,0.00,98,33.87,98,33.99,49,39.69,99,33.87
17.4,31.9,0.00,0.00,98,33.87,98,33.99,49,39.74,98,33.87
19.8,31.0,0.00,0.00,98,33.87,98,33.99,50,39.74,97,33.87
76.6,31.3,0.00,0.00,97,33.87,98,33.99,54,39.74,98,33.87
18.8,31.5,0.00,0.00,98,33.87,96,33.99,48,39.74,98,33.87
17.4,31.7,0.00,0.00,98,33.87,97,33.99,46,39.74,98,33.87
21.3,31.9,0.00,0.00,97,33.87,98,33.99,54,39.74,99,33.87
14.8,31.9,0.00,0.00,98,33.87,98,33.99,51,39.74,51,33.87
13.3,30.2,0.00,0.00,0,33.87,98,33.99,46,39.74,0,33.87
12.9,30.6,0.00,0.00,0,33.87,97,33.99,50,39.74,0,33.87
13.2,31.1,0.00,0.00,0,33.87,98,33.99,49,39.74,0,33.87
78.3,31.6,0.00,0.00,0,33.87,98,33.99,46,39.74,11,33.87
16.9,32.0,0.00,0.00,0,33.87,99,33.99,54,39.74,98,33.87
16.5,32.0,0.00,0.00,98,33.87,99,33.99,52,39.74,98,33.87
15.9,31.9,0.00,0.00,98,33.87,99,33.99,52,39.74,98,33.87
16.2,32.0,0.00,0.00,98,33.87,98,33.99,52,39.74,98,33.87
16.4,32.0,0.00,0.00,98,33.87,98,33.99,51,39.74,98,33.87
15.9,31.9,0.00,0.00,98,33.87,99,33.99,51,39.74,98,33.87
15.4,32.0,0.00,0.00,98,33.87,99,33.99,52,39.74,98,33.87
15.8,31.9,0.00,0.00,98,33.87,99,33.99,52,39.74,98,33.87
16.3,31.9,0.00,0.00,98,33.87,99,33.99,51,39.74,99,33.87
17.4,31.9,0.00,0.00,98,33.87,99,33.99,51,39.74,98,33.87
17.2,31.9,0.00,0.00,98,33.87,99,33.99,53,39.74,98,33.87
15.5,31.9,0.00,0.00,98,33.87,99,33.99,50,39.74,99,33.87
16.7,31.9,0.00,0.00,98,33.87,99,33.99,49,39.74,98,33.87
15.7,31.9,0.00,0.00,98,33.87,99,33.99,54,39.74,98,33.87
16.1,31.9,0.00,0.00,98,33.87,99,33.99,52,39.74,99,33.87
15.5,31.9,0.00,0.00,98,33.87,99,33.99,50,39.74,99,33.87
15.7,31.9,0.00,0.00,98,33.87,99,33.99,52,39.74,99,33.87
15.7,31.9,0.00,0.00,98,33.87,99,33.99,51,39.74,99,33.87
15.1,31.9,0.00,0.00,98,33.87,98,33.99,51,39.74,99,33.87
15.9,31.9,0.00,0.00,98,33.87,99,33.99,49,39.74,99,33.87
16.2,31.9,0.00,0.00,98,33.87,99,33.99,52,39.74,98,33.87
13.2,31.9,0.00,0.00,98,33.87,99,33.99,45,21.35,98,33.87
15.8,26.6,0.00,0.00,98,33.87,99,33.99,52,21.35,98,33.87
16.9,26.6,0.00,0.00,97,33.87,99,33.99,50,21.35,98,33.87
16.8,26.6,0.00,0.00,98,33.87,99,33.99,50,21.35,98,33.87
15.9,26.7,0.00,0.00,98,33.87,99,33.99,52,21.35,98,33.87
16.1,26.7,0.00,0.00,98,33.87,99,33.99,46,21.35,99,33.87
13.5,26.7,0.00,0.00,98,33.87,99,33.99,46,21.35,95,33.67
13.2,20.2,0.00,0.00,36,2.95,98,33.99,48,21.35,6,2.95
8.6,16.1,0.00,0.00,0,2.95,99,33.99,52,21.35,0,2.95
13.1,16.4,0.00,0.00,0,2.95,97,33.99,48,21.35,0,2.95
13.5,16.8,0.00,0.00,0,2.95,96,33.99,44,21.35,0,2.95
13.3,17.7,0.00,0.00,0,7.39,99,33.99,48,21.35,0,2.95
12.6,21.2,0.00,0.00,6,19.65,99,33.99,50,21.35,0,2.95
13.5,25.0,0.00,0.00,6,45.85,99,33.99,45,21.35,0,2.95
44.5,24.6,0.00,0.00,0,45.85,99,33.99,47,21.35,0,2.95
11.5,24.8,0.00,0.00,0,45.85,99,33.99,47,21.35,0,2.95
11.7,25.1,0.00,0.00,0,45.85,98,33.99,54,21.35,0,2.95
11.7,25.3,0.00,0.00,0,45.85,99,33.99,51,21.35,0,2.95
21.3,25.7,0.00,0.00,42,52.36,99,33.99,47,21.35,0,2.95
19.8,25.9,0.00,0.00,83,52.36,98,33.99,51,21.35,0,2.95
20.7,26.2,0.00,0.00,81,52.36,98,33.99,43,21.35,0,2.95
51.8,26.4,0.00,0.00,87,52.36,98,33.99,45,21.35,0,2.95
17.4,26.7,0.00,0.00,83,52.36,99,33.99,47,21.35,0,2.95
18.9,26.7,0.00,0.00,91,52.36,98,33.99,55,21.35,0,2.95
18.5,26.7,0.00,0.00,90,52.36,99,33.99,48,21.35,0,2.95
19.3,26.7,0.00,0.00,92,52.36,99,33.99,46,21.35,0,2.95
17.7,26.7,0.00,0.00,92,52.36,98,33.99,47,21.35,0,2.95
16.2,26.7,0.00,0.00,94,52.36,99,33.99,52,21.35,0,2.95
15.8,21.4,0.00,0.00,94,52.36,6,2.95,46,21.35,0,2.95
16.3,20.4,0.00,0.00,52,58.93,0,2.95,47,21.35,0,2.95
15.6,20.6,0.00,0.00,83,58.93,0,2.95,48,21.35,0,2.95
54.0,21.0,0.00,0.00,76,58.93,0,2.95,46,21.35,0,2.95
21.7,21.6,0.00,0.00,79,58.93,0,2.95,46,21.35,0,2.95
41.0,21.9,0.00,0.00,81,58.93,0,3.07,51,21.35,2,6.36
16.3,19.6,0.00,0.00,91,58.93,3,9.55,3,2.95,3,12.39
14.6,22.8,0.00,0.00,91,58.93,5,15.58,0,2.95,4,24.49
17.3,24.7,0.00,0.00,91,58.93,4,24.49,0,2.95,0,24.49
45.8,25.4,0.00,0.00,66,58.93,0,24.49,0,2.95,0,24.49
56.5,26.1,0.00,0.00,83,58.93,0,24.49,0,10.18,0,24.49
95.4,29.2,0.00,0.00,79,58.93,0,24.49,7,21.09,0,24.49
13.5,33.2,0.00,0.00,90,58.98,0,24.49,6,30.12,79,31.01
26.0,34.2,0.00,0.00,59,58.98,93,31.01,0,30.12,99,31.01
25.6,34.7,0.00,0.00,81,58.98,100,31.01,0,30.12,100,31.01
89.3,35.1,0.00,0.00,75,58.98,99,31.01,0,30.12,99,31.01
25.3,35.4,0.00,0.00,84,58.98,99,31.01,0,30.12,99,31.01
25.1,35.9,0.00,0.00,78,58.98,99,31.01,0,38.72,99,31.01
26.7,36.3,0.00,0.00,73,58.98,99,31.01,59,38.72,99,31.01
82.4,36.5,0.00,0.00,72,58.98,99,31.01,62,38.72,99,31.01
27.9,36.7,0.00,0.00,77,58.98,99,31.01,62,38.72,99,31.01
28.9,36.9,0.00,0.00,81,58.98,99,31.01,62,38.72,99,31.01
38.8,37.1,0.00,0.00,74,58.98,99,31.01,64,38.72,100,31.01
25.9,37.4,0.00,0.00,76,58.98,100,31.01,71,38.72,99,31.01
27.3,37.4,0.00,0.00,83,58.98,100,31.01,64,38.72,100,31.01
23.2,36.5,0.00,0.00,83,58.98,48,31.04,68,38.72,0,31.04
98.7,34.7,0.00,0.00,80,58.98,0,31.04,61,38.72,0,31.04
21.8,35.4,0.00,0.00,72,58.98,0,31.04,64,38.72,0,31.04
34.3,36.0,0.00,0.00,74,58.98,0,31.04,67,38.72,0,31.04
66.9,36.6,0.00,0.00,84,58.98,0,31.04,66,38.72,0,31.04
30.6,37.3,0.00,0.00,79,58.98,30,31.04,73,38.72,99,31.04
27.8,37.3,0.00,0.00,67,58.98,100,31.04,65,38.72,100,31.04
24.4,37.3,0.00,0.00,65,58.98,99,31.04,69,38.72,99,31.04
25.6,37.3,0.00,0.00,65,58.98,100,31.04,70,38.72,100,31.04
25.2,37.3,0.00,0.00,75,58.98,100,31.04,69,38.72,100,31.04
24.8,37.3,0.00,0.00,75,58.98,99,31.04,64,38.72,99,31.04
22.7,37.3,0.00,0.00,65,58.98,100,31.04,71,38.72,99,31.04
28.2,37.3,0.00,0.00,71,58.98,99,31.04,38,47.43,99,31.04
27.7,36.5,0.00,0.00,71,58.98,99,31.04,65,47.43,99,31.04
95.0,35.7,0.00,0.00,60,58.98,99,31.04,61,47.43,99,31.04
31.9,36.1,0.00,0.00,63,58.98,99,31.04,66,47.43,99,31.04
32.5,36.4,0.00,0.00,61,58.98,99,31.04,63,47.43,99,31.04
34.6,36.8,0.00,0.00,67,58.98,99,31.04,62,47.43,94,31.04
36.1,37.2,0.00,0.00,71,58.98,70,31.04,68,47.43,0,31.04
94.9,35.6,0.00,0.00,75,58.98,0,31.04,69,47.43,0,31.04
20.4,36.0,0.00,0.00,77,58.98,0,31.04,72,47.43,0,31.04
20.2,36.5,0.00,0.00,85,58.98,0,31.04,80,47.43,0,31.04
22.3,36.9,0.00,0.00,82,58.98,0,31.04,74,47.43,0,31.04
28.9,37.3,0.00,0.00,80,58.98,7,31.04,71,47.43,99,31.04
26.2,37.3,0.00,0.00,78,58.98,99,31.04,68,47.43,100,31.04
25.4,37.3,0.00,0.00,76,58.98,100,31.04,70,47.43,100,31.04
26.2,37.3,0.00,0.00,73,58.98,99,31.04,69,47.43,99,31.04
97.3,36.4,0.00,0.00,54,58.98,99,31.04,65,47.43,100,31.04
28.9,36.6,0.00,0.00,64,58.98,99,31.04,67,47.43,99,31.04
35.3,36.8,0.00,0.00,65,58.98,99,31.04,62,47.43,99,31.04
32.2,37.0,0.00,0.00,70,58.98,99,31.04,68,47.43,99,31.04
29.4,37.2,0.00,0.00,69,58.98,99,31.04,69,47.43,99,31.04
30.0,37.1,0.00,0.00,55,58.98,99,31.04,28,47.55,100,31.04
36.0,36.5,0.00,0.00,69,58.98,99,31.04,69,47.55,100,31.04
28.3,36.7,0.00,0.00,64,58.98,99,31.04,67,47.55,100,31.04
27.2,36.9,0.00,0.00,66,58.98,99,31.04,68,47.55,76,31.04
93.7,35.2,0.00,0.00,70,58.98,0,31.04,60,47.55,0,31.04
18.7,35.9,0.00,0.00,69,58.98,0,31.04,64,47.55,0,31.04
20.8,36.3,0.00,0.00,80,58.98,0,31.04,71,47.55,0,31.04
20.4,36.7,0.00,0.00,81,58.98,0,31.04,59,47.55,0,31.04
24.6,37.3,0.00,0.00,78,58.98,0,31.04,66,47.55,65,31.04
27.2,36.4,0.00,0.00,78,58.98,100,31.04,64,47.55,100,31.04
27.3,36.6,0.00,0.00,66,58.98,100,31.04,61,47.55,99,31.04
28.4,36.8,0.00,0.00,68,58.98,100,31.04,70,47.55,99,31.04
27.6,37.0,0.00,0.00,63,58.98,99,31.04,68,47.55,99,31.04
95.8,37.2,0.00,0.00,61,58.98,99,31.04,66,47.55,100,31.04
26.9,37.3,0.00,0.00,59,58.98,100,31.04,68,47.55,100,31.04
25.0,37.3,0.00,0.00,67,58.98,99,31.04,71,47.55,100,31.04
25.1,37.3,0.00,0.00,63,58.98,99,31.04,69,47.55,100,31.04
26.2,37.3,0.00,0.00,68,58.98,99,31.04,73,47.55,100,31.04
27.7,37.3,0.00,0.00,73,58.98,100,31.04,71,47.55,100,31.04
26.7,37.3,0.00,0.00,69,58.98,100,31.04,72,47.55,100,31.04
23.9,37.3,0.00,0.00,68,58.98,99,31.04,46,25.25,61,31.04
19.8,30.0,0.00,0.00,92,58.98,44,31.04,69,25.25,0,31.04
27.9,30.3,0.00,0.00,81,58.98,0,31.04,70,25.25,0,31.04
22.9,29.9,0.00,0.00,82,58.98,0,31.04,72,25.25,0,31.04
86.8,30.5,0.00,0.00,75,58.98,0,31.04,68,25.25,0,31.04
100.0,31.2,0.00,0.00,84,58.98,0,31.04,72,25.25,9,31.04
30.1,31.7,0.00,0.00,75,58.98,99,31.04,72,25.25,99,31.04
36.4,31.9,0.00,0.00,74,58.98,99,31.04,64,25.25,99,31.04
27.0,32.0,0.00,0.00,70,58.98,100,31.04,73,25.25,100,31.04
26.2,32.0,0.00,0.00,75,58.98,100,31.04,75,25.25,100,31.04
27.5,32.0,0.00,0.00,73,58.98,99,31.04,71,25.25,100,31.04
27.2,32.0,0.00,0.00,69,58.98,100,31.04,71,25.25,100,31.04
27.3,32.0,0.00,0.00,72,58.98,100,31.04,74,25.25,100,31.04
25.7,32.0,0.00,0.00,76,58.98,100,31.04,71,25.25,100,31.04
25.3,32.0,0.00,0.00,74,58.98,100,31.04,71,25.25,100,31.04
23.6,32.0,0.00,0.00,68,58.98,100,31.04,74,25.25,100,31.04
30.3,31.0,0.00,0.00,45,58.98,100,31.04,72,25.25,99,31.04
28.0,31.2,0.00,0.00,67,58.98,99,31.04,70,25.25,100,31.04
29.4,31.4,0.00,0.00,66,58.98,100,31.04,67,25.25,60,2.95
82.6,21.3,0.00,0.00,72,58.98,5,2.95,35,25.06,0,2.95
14.6,15.9,0.00,0.00,86,58.98,0,2.95,4,2.95,0,2.95
9.6,16.0,0.00,0.00,93,58.98,0,2.95,0,2.95,0,2.95
27.3,16.5,0.00,0.00,83,58.98,0,2.95,0,2.95,0,2.95
18.8,17.3,0.00,0.00,78,58.98,0,2.95,0,2.95,0,2.95
15.5,18.2,0.00,0.00,96,58.98,1,11.18,0,5.35,0,6.7
18.0,24.4,0.00,0.00,93,58.98,7,22.82,5,11.29,5,12.46
19.3,31.5,0.00,0.00,97,58.98,7,34.57,7,24.49,7,24.49
97.4,33.0,0.00,0.00,88,58.98,0,34.57,2,24.49,0,24.49
18.8,32.8,0.00,0.00,58,58.98,0,34.57,0,24.49,0,24.49
18.2,33.6,0.00,0.00,72,58.98,0,34.57,0,24.49,0,24.49
51.0,34.4,0.00,0.00,77,58.98,0,34.57,0,24.49,0,24.49
84.8,35.3,0.00,0.00,82,58.98,18,43.53,0,31.01,0,31.01
32.1,36.2,0.00,0.00,72,58.98,88,43.53,99,31.01,99,31.01
25.3,36.5,0.00,0.00,69,58.98,91,43.53,99,31.01,99,31.01
26.3,36.8,0.00,0.00,76,58.98,93,43.53,99,31.01,99,31.01
28.7,37.0,0.00,0.00,73,58.98,91,43.53,99,31.01,99,31.01
25.5,37.2,0.00,0.00,70,58.98,93,43.53,100,31.01,100,31.01
26.6,37.2,0.00,0.00,76,58.98,94,43.53,99,31.01,99,31.01
26.3,37.2,0.00,0.00,79,58.98,95,43.53,99,31.01,99,31.01
23.6,37.2,0.00,0.00,78,58.98,94,43.53,99,31.01,100,31.01
24.9,37.2,0.00,0.00,75,58.98,94,43.53,99,31.01,99,31.01
24.7,36.3,0.00,0.00,65,58.98,93,43.53,100,31.01,100,31.01
25.7,36.5,0.00,0.00,71,58.98,95,43.53,99,31.01,100,31.01
40.6,36.7,0.00,0.00,67,58.98,93,43.53,81,31.04,0,31.04
20.4,35.1,0.00,0.00,78,58.98,86,43.53,0,31.04,0,31.04
27.7,35.8,0.00,0.00,81,58.98,89,43.53,0,31.04,0,31.04
28.5,36.3,0.00,0.00,87,58.98,94,43.53,0,31.04,0,31.04
88.6,36.7,0.00,0.00,82,58.98,94,43.53,0,31.04,0,31.04
24.9,37.2,0.00,0.00,80,58.98,97,43.53,99,31.04,99,31.04
22.6,37.2,0.00,0.00,82,58.98,97,43.53,99,31.04,99,31.04
23.2,37.2,0.00,0.00,78,58.98,96,43.53,100,31.04,100,31.04
26.6,37.2,0.00,0.00,78,58.98,97,43.53,100,31.04,99,31.04
24.0,37.2,0.00,0.00,79,58.98,97,43.53,100,31.04,99,31.04
27.9,35.5,0.00,0.00,59,30.96,96,43.53,99,31.04,100,31.04
23.8,31.8,0.00,0.00,80,30.96,97,43.53,100,31.04,100,31.04
22.6,31.8,0.00,0.00,79,30.96,97,43.53,99,31.04,100,31.04
23.4,31.8,0.00,0.00,80,30.96,96,43.53,100,31.04,100,31.04
23.4,31.8,0.00,0.00,78,30.96,97,43.53,100,31.04,99,31.04
24.0,31.8,0.00,0.00,82,30.96,97,43.53,99,31.04,99,31.04
22.9,31.8,0.00,0.00,82,30.96,97,43.53,99,31.04,100,31.04
17.4,29.7,0.00,0.00,80,30.96,97,43.53,5,2.95,5,2.95
14.0,21.3,0.00,0.00,97,30.96,97,43.53,0,2.95,0,2.95
14.3,21.3,0.00,0.00,97,30.96,97,43.53,0,2.95,0,2.95
14.0,21.3,0.00,0.00,87,30.96,96,43.53,0,2.95,0,2.95
14.8,21.3,0.00,0.00,96,30.96,98,43.53,0,2.95,0,2.95
16.1,16.5,0.00,0.00,37,2.95,92,43.53,0,2.95,0,2.95
31.5,17.1,0.00,0.00,0,2.95,94,43.53,0,2.95,0,9.13
10.2,19.6,0.00,0.00,0,2.95,97,43.53,4,9.36,9,21.38
10.2,25.1,0.00,0.00,0,2.95,96,43.53,5,15.46,6,30.12
72.6,28.7,0.00,0.00,0,2.95,95,43.53,5,24.4,0,30.12
13.9,29.2,0.00,0.00,0,2.95,92,43.53,0,24.4,0,30.12
23.4,29.9,0.00,0.00,0,2.95,92,43.53,0,24.4,0,30.12
17.0,30.5,0.00,0.00,0,2.95,95,43.53,0,24.4,0,30.12
9.6,32.6,0.00,0.00,2,9.68,95,43.53,17,31.01,37,34.88
66.5,34.7,0.00,0.00,3,14.97,93,43.53,97,31.01,40,34.88
21.1,35.5,0.00,0.00,4,24.4,95,43.53,97,31.01,42,34.88
56.7,35.9,0.00,0.00,0,24.4,84,43.53,97,31.01,42,34.88
20.7,36.4,0.00,0.00,0,24.4,93,43.53,96,31.01,44,34.88
18.8,36.8,0.00,0.00,0,24.4,92,43.53,96,31.01,46,34.88
21.0,37.0,0.00,0.00,0,30.7,97,43.53,99,31.01,43,34.88
22.3,37.1,0.00,0.00,96,30.7,97,43.53,98,31.01,41,34.88
26.3,37.1,0.00,0.00,98,30.7,97,43.53,98,31.01,44,34.88
26.0,37.1,0.00,0.00,97,30.7,96,43.53,98,31.01,41,34.88
24.9,37.1,0.00,0.00,98,30.7,96,43.53,98,31.01,42,34.88
25.2,37.1,0.00,0.00,98,30.7,96,43.53,98,31.01,54,34.88
25.3,37.1,0.00,0.00,97,30.7,96,43.53,98,31.01,46,34.88
26.1,37.1,0.00,0.00,98,30.7,97,43.53,98,31.01,49,34.88
24.9,37.1,0.00,0.00,98,30.7,96,43.53,98,31.01,46,34.88
24.9,37.1,0.00,0.00,98,30.7,97,43.53,98,31.01,46,34.88
19.0,36.2,0.00,0.00,98,30.7,96,43.53,0,31.01,50,34.88
18.1,36.3,0.00,0.00,98,30.7,96,43.53,0,31.01,48,34.88
19.1,36.5,0.00,0.00,98,30.7,96,43.53,0,31.01,48,34.88
41.5,36.8,0.00,0.00,96,30.7,96,43.53,0,31.01,47,34.88
19.8,37.0,0.00,0.00,98,30.7,95,43.53,24,31.01,51,34.88
25.8,36.9,0.00,0.00,98,30.7,92,49.6,97,31.01,50,34.88
70.1,35.4,0.00,0.00,0,30.7,91,52.61,96,31.01,46,34.88
21.6,35.8,0.00,0.00,0,30.7,89,52.61,92,31.01,39,34.88
26.5,36.3,0.00,0.00,0,30.7,92,52.61,97,31.01,45,34.88
21.1,36.7,0.00,0.00,0,30.7,94,52.61,96,31.01,51,34.88
28.4,37.1,0.00,0.00,0,30.7,92,52.61,98,31.01,51,34.88
26.8,37.1,0.00,0.00,99,30.7,93,52.61,98,31.01,44,34.88
24.3,37.1,0.00,0.00,97,30.7,96,52.61,98,31.01,49,34.88
26.2,37.1,0.00,0.00,98,30.7,96,52.61,98,31.01,44,34.88
26.5,37.1,0.00,0.00,98,30.7,95,52.61,98,31.01,46,34.88
25.3,37.1,0.00,0.00,98,30.7,96,52.61,98,31.01,47,34.88
24.7,37.1,0.00,0.00,98,30.7,96,52.61,98,31.01,42,34.88
26.8,37.1,0.00,0.00,98,30.7,93,52.61,97,31.01,44,34.88
24.9,37.1,0.00,0.00,98,30.7,95,52.61,98,31.01,43,34.88
27.2,37.1,0.00,0.00,98,30.7,96,52.61,98,31.01,46,34.93
22.8,36.1,0.00,0.00,98,30.7,95,52.61,18,2.95,45,39.69
63.4,31.0,0.00,0.00,98,30.7,93,52.61,0,2.95,43,39.69
19.7,31.2,0.00,0.00,98,30.7,93,52.61,0,2.95,46,39.69
18.7,31.4,0.00,0.00,97,30.7,93,52.61,0,2.95,41,39.69
23.1,31.9,0.00,0.00,95,30.7,93,52.61,0,2.95,46,39.69
70.9,31.6,0.00,0.00,67,30.7,85,52.61,0,2.95,48,39.69
14.4,32.3,0.00,0.00,0,30.7,95,52.61,0,13.11,54,39.69
35.5,36.0,0.00,0.00,0,30.7,93,52.61,7,24.41,50,39.69
15.9,39.6,0.00,0.00,0,30.7,96,52.61,8,32.12,51,39.69
20.5,40.4,0.00,0.00,0,30.7,92,52.61,0,32.12,50,39.69
18.7,40.6,0.00,0.00,97,30.7,95,52.61,0,32.12,47,39.69
18.5,40.9,0.00,0.00,98,30.7,95,52.61,0,32.12,49,39.69
19.4,41.1,0.00,0.00,99,30.7,93,52.61,0,39.99,49,39.69
29.1,41.5,0.00,0.00,98,30.7,93,52.61,93,39.99,46,39.69
25.3,41.7,0.00,0.00,98,30.7,95,52.61,95,39.99,46,39.69
35.3,41.9,0.00,0.00,96,30.7,93,52.61,95,39.99,51,39.69
25.6,42.1,0.00,0.00,97,30.7,91,52.61,95,39.99,47,39.69
43.9,42.3,0.00,0.00,98,30.7,94,52.61,92,39.99,48,39.69
23.2,42.5,0.00,0.00,96,30.7,94,52.61,96,39.99,46,39.69
23.9,42.5,0.00,0.00,98,30.7,95,52.61,95,39.99,47,39.69
23.3,42.5,0.00,0.00,98,30.7,97,52.61,96,39.99,44,39.69
23.7,42.5,0.00,0.00,99,30.7,95,52.61,96,39.99,46,39.69
23.5,42.5,0.00,0.00,98,30.7,95,52.61,96,39.99,45,39.69
24.2,42.5,0.00,0.00,98,30.7,95,52.61,96,39.99,49,39.69
19.2,41.5,0.00,0.00,71,30.7,91,52.61,93,39.99,49,39.69
18.4,41.7,0.00,0.00,0,30.7,96,52.61,95,39.99,54,39.69
57.9,42.0,0.00,0.00,0,30.7,97,52.61,96,39.99,52,39.69
50.7,42.2,0.00,0.00,0,30.7,97,52.61,95,39.99,50,39.69
17.2,42.4,0.00,0.00,0,30.7,96,52.61,97,39.99,52,39.69
23.4,42.5,0.00,0.00,62,30.7,95,52.61,97,39.99,46,39.69
22.5,42.5,0.00,0.00,99,30.7,97,52.61,97,39.99,49,39.69
25.1,42.5,0.00,0.00,99,30.7,96,52.61,97,47.9,50,39.69
34.9,41.6,0.00,0.00,96,30.7,96,52.61,95,47.9,46,39.69
23.0,41.8,0.00,0.00,99,30.7,91,52.61,97,47.9,48,39.69
25.4,42.0,0.00,0.00,97,30.7,95,52.61,97,47.9,28,39.74
78.8,41.3,0.00,0.00,98,30.7,94,52.61,94,47.9,46,39.74
33.5,41.7,0.00,0.00,99,30.7,92,52.61,95,47.9,46,39.74
23.7,42.0,0.00,0.00,98,30.7,93,52.61,97,47.9,46,39.74
24.8,42.2,0.00,0.00,96,30.7,96,52.61,96,47.9,44,39.74
25.4,42.5,0.00,0.00,98,30.7,95,52.61,97,47.9,44,39.74
22.3,42.6,0.00,0.00,99,30.7,97,52.61,97,47.9,48,39.74
23.6,42.6,0.00,0.00,98,30.7,96,52.61,97,47.9,48,39.74
22.2,42.6,0.00,0.00,99,30.7,97,52.61,97,47.9,45,39.74
24.2,42.6,0.00,0.00,99,30.7,96,52.61,97,47.9,48,39.74
16.7,41.7,0.00,0.00,2,30.7,94,52.61,96,47.9,48,39.74
17.6,41.9,0.00,0.00,0,30.7,92,52.61,96,47.9,53,39.74
16.8,42.2,0.00,0.00,0,30.7,96,52.61,95,47.9,48,39.74
18.0,42.4,0.00,0.00,0,30.7,96,52.61,97,47.9,49,39.74
25.0,41.5,0.00,0.00,76,30.7,46,52.73,97,47.9,45,39.74
27.9,41.7,0.00,0.00,96,30.7,93,52.73,96,47.9,45,39.74
51.2,41.9,0.00,0.00,96,30.7,95,52.73,97,47.9,49,39.74
23.6,42.2,0.00,0.00,99,30.7,94,52.73,97,47.9,44,39.74
24.5,42.4,0.00,0.00,98,30.7,92,52.73,94,47.94,46,39.74
29.4,41.6,0.00,0.00,98,30.7,96,52.73,96,47.94,49,39.74
22.8,41.8,0.00,0.00,97,30.7,94,52.73,96,47.94,49,39.74
25.1,42.0,0.00,0.00,95,30.7,93,52.73,95,47.94,41,39.74
27.7,42.2,0.00,0.00,98,30.7,94,52.73,96,47.94,46,39.74
26.3,42.5,0.00,0.00,97,30.7,96,52.73,96,47.94,46,39.74
23.4,42.6,0.00,0.00,99,30.7,97,52.73,97,47.94,47,39.74
23.3,42.5,0.00,0.00,99,30.7,97,52.73,97,47.94,45,39.74
22.9,42.5,0.00,0.00,99,30.7,95,52.73,97,47.94,50,39.74
22.2,42.5,0.00,0.00,99,30.7,97,52.73,97,47.94,47,39.74
23.6,42.6,0.00,0.00,98,30.7,96,52.73,97,47.94,45,39.74
16.8,41.7,0.00,0.00,0,30.7,95,52.73,97,47.94,43,39.74
16.5,41.9,0.00,0.00,0,30.7,94,52.73,96,47.94,44,39.74
17.7,42.1,0.00,0.00,0,30.7,96,52.73,96,47.94,45,39.74
18.8,42.4,0.00,0.00,0,30.7,95,52.73,97,47.94,47,39.74
22.2,42.5,0.00,0.00,0,30.7,95,52.73,97,47.94,49,39.74
23.6,42.6,0.00,0.00,99,30.7,96,52.73,97,47.94,45,39.74
22.6,42.6,0.00,0.00,98,30.7,96,52.73,96,47.94,47,39.74
28.4,42.6,0.00,0.00,98,30.7,96,52.73,96,47.94,28,39.74
64.5,41.7,0.00,0.00,96,30.7,92,52.73,97,47.94,44,39.74
26.0,41.9,0.00,0.00,95,30.7,92,52.73,97,47.94,47,39.74
24.5,42.2,0.00,0.00,97,30.7,92,52.73,94,47.94,47,39.74
29.6,40.9,0.00,0.00,95,30.7,92,52.73,96,25.45,46,39.74
23.0,37.2,0.00,0.00,98,30.7,95,52.73,96,25.45,46,39.74
23.9,37.2,0.00,0.00,98,30.7,96,52.73,96,25.45,45,39.74
25.2,37.2,0.00,0.00,98,30.7,94,52.73,96,25.45,44,39.74
24.2,37.2,0.00,0.00,98,30.7,96,52.73,97,25.45,46,39.74
21.7,37.2,0.00,0.00,99,30.7,94,52.73,97,25.45,47,39.74
22.4,37.2,0.00,0.00,99,30.7,96,52.73,97,25.45,44,39.74
22.2,37.2,0.00,0.00,98,30.7,95,52.73,97,25.45,45,39.74
18.4,36.2,0.00,0.00,78,30.7,95,52.73,97,25.45,47,39.74
16.2,36.4,0.00,0.00,0,30.7,97,52.73,97,25.45,50,39.74
17.4,36.7,0.00,0.00,0,30.7,96,52.73,97,25.45,49,39.74
23.7,36.9,0.00,0.00,0,30.7,95,52.73,96,25.45,51,39.74
17.7,37.1,0.00,0.00,0,30.7,96,52.73,97,25.45,49,39.74
23.1,37.2,0.00,0.00,98,30.7,96,52.73,97,25.45,49,39.74
22.6,37.2,0.00,0.00,99,30.7,95,52.73,97,25.45,49,39.74
23.4,37.2,0.00,0.00,98,30.7,96,52.73,97,25.45,45,39.74
23.8,37.2,0.00,0.00,98,30.7,96,52.73,97,25.45,50,39.74
23.5,37.2,0.00,0.00,99,30.7,95,52.73,97,25.45,48,39.74
24.3,37.2,0.00,0.00,99,30.7,96,52.73,97,25.45,46,39.74
23.5,37.2,0.00,0.00,99,30.7,95,52.73,97,25.45,47,39.74
22.4,37.2,0.00,0.00,99,30.7,95,52.73,97,25.45,49,39.74
21.7,36.1,0.00,0.00,98,30.7,96,52.73,20,2.95,51,39.74
17.6,31.8,0.00,0.00,99,30.7,97,52.73,0,2.95,47,39.74
19.5,31.8,0.00,0.00,98,30.7,96,52.73,0,2.95,51,39.74
16.8,31.8,0.00,0.00,99,30.7,96,52.73,0,2.95,51,39.74
16.4,31.8,0.00,0.00,99,30.7,96,52.73,0,2.95,51,39.74
18.9,32.0,0.00,0.00,98,30.7,95,52.73,0,2.95,46,39.74
16.1,32.2,0.00,0.00,97,30.7,95,52.73,0,2.95,46,39.74
10.6,27.3,0.00,0.00,5,2.95,97,52.73,1,7.75,48,39.74
10.6,29.1,0.00,0.00,0,2.95,97,52.73,3,14.24,54,39.74
11.5,30.7,0.00,0.00,0,2.95,97,52.73,3,24.4,53,39.74
12.5,31.0,0.00,0.00,0,2.95,94,52.73,0,24.4,24,39.74
16.4,30.5,0.00,0.00,0,2.95,93,52.73,0,24.4,53,39.74
14.4,31.2,0.00,0.00,0,2.95,92,52.73,0,24.4,50,39.74
15.9,32.6,0.00,0.00,0,6.79,94,52.73,0,31.01,48,39.74
22.1,34.7,0.00,0.00,4,12.8,94,52.73,93,31.01,48,39.74
22.0,35.0,0.00,0.00,5,24.4,57,27.84,97,31.01,46,39.74
20.3,31.0,0.00,0.00,0,24.4,96,27.84,98,31.01,44,39.74
19.1,31.2,0.00,0.00,0,24.4,95,27.84,98,31.01,41,39.74
18.6,31.4,0.00,0.00,0,24.4,96,27.84,98,31.01,44,39.74
22.2,31.7,0.00,0.00,0,31.01,92,27.84,98,31.01,49,39.74
26.3,31.8,0.00,0.00,62,31.01,95,27.84,98,31.01,45,39.74
24.8,31.8,0.00,0.00,99,31.01,96,27.84,98,31.01,47,39.74
24.7,31.8,0.00,0.00,97,31.01,96,27.84,98,31.01,45,39.74
23.3,31.8,0.00,0.00,98,31.01,97,27.84,98,31.01,48,39.74
25.2,31.8,0.00,0.00,98,31.01,97,27.84,99,31.01,48,39.74
27.1,31.8,0.00,0.00,98,31.01,97,27.84,98,31.01,46,39.74
23.6,31.8,0.00,0.00,98,31.01,95,27.84,98,31.01,46,39.74
26.1,31.8,0.00,0.00,98,31.01,97,27.84,98,31.01,48,39.74
25.8,31.8,0.00,0.00,98,31.01,96,27.84,98,31.01,46,39.74
24.7,31.8,0.00,0.00,98,31.01,97,27.84,0,31.01,49,39.74
21.6,31.0,0.00,0.00,98,31.01,95,27.84,0,31.01,47,39.74
84.7,31.2,0.00,0.00,97,31.01,94,27.84,0,31.01,55,39.74
19.3,31.4,0.00,0.00,98,31.01,95,27.84,0,31.01,56,39.74
18.1,31.7,0.00,0.00,98,31.01,95,27.84,0,31.01,49,39.74
24.9,31.8,0.00,0.00,97,31.01,97,27.84,99,31.01,38,39.74
91.0,30.9,0.00,0.00,0,31.01,94,27.84,99,31.01,43,39.74
79.9,31.2,0.00,0.00,0,31.01,96,27.84,97,31.01,46,39.74
41.7,31.4,0.00,0.00,0,31.01,96,27.84,97,31.01,46,39.74
71.7,31.7,0.00,0.00,0,31.01,95,27.84,95,31.01,43,39.74
23.6,31.8,0.00,0.00,47,31.01,97,27.84,98,31.01,53,39.74
26.5,31.8,0.00,0.00,98,31.01,96,27.84,98,31.01,47,39.74
24.8,31.8,0.00,0.00,98,31.01,96,27.84,98,31.01,49,39.74
23.8,31.8,0.00,0.00,99,31.01,95,27.84,98,31.01,45,39.74
25.8,31.8,0.00,0.00,98,31.01,95,27.84,98,31.01,44,39.74
26.6,31.8,0.00,0.00,98,31.01,93,27.84,98,31.01,49,39.74
25.6,31.8,0.00,0.00,99,31.01,97,27.84,99,31.01,47,39.74
23.2,30.8,0.00,0.00,99,31.01,97,27.84,99,31.01,45,39.74
29.0,31.0,0.00,0.00,98,31.01,92,27.84,98,31.01,43,39.74
25.4,31.2,0.00,0.00,98,31.01,94,27.84,97,31.01,41,39.74
20.0,30.4,0.00,0.00,98,31.01,94,27.84,0,31.01,39,39.74
23.9,30.9,0.00,0.00,97,31.01,93,27.84,0,31.01,45,39.74
19.8,31.2,0.00,0.00,96,31.01,91,27.84,0,31.01,54,39.74
19.3,31.5,0.00,0.00,98,31.01,95,27.84,0,31.01,50,39.74
48.6,31.7,0.00,0.00,99,31.01,94,27.84,10,31.01,52,39.74
16.4,26.5,0.00,0.00,5,2.95,96,27.84,99,31.01,61,39.74
16.5,26.5,0.00,0.00,0,2.95,96,27.84,99,31.01,54,39.74
18.4,26.5,0.00,0.00,0,2.95,97,27.84,99,31.01,56,39.74
19.6,26.5,0.00,0.00,0,2.95,97,27.84,99,31.01,53,39.74
17.0,26.5,0.00,0.00,0,2.95,97,27.84,99,31.01,51,39.74
17.4,26.5,0.00,0.00,0,2.95,97,27.84,99,31.01,50,39.74
16.5,26.5,0.00,0.00,0,2.95,97,27.84,99,31.01,52,39.74
17.2,26.5,0.00,0.00,0,2.95,96,27.84,98,31.01,51,39.74
16.8,26.5,0.00,0.00,0,2.95,97,27.84,99,31.01,56,39.74
16.7,26.5,0.00,0.00,0,2.95,97,27.84,98,31.01,53,39.74
17.3,26.5,0.00,0.00,0,2.95,97,27.84,99,31.01,57,39.74
17.5,26.5,0.00,0.00,0,2.95,97,27.84,99,31.01,44,39.74
17.2,26.5,0.00,0.00,0,2.95,95,27.84,99,31.01,54,39.74
16.6,26.5,0.00,0.00,0,2.95,97,27.84,99,31.01,54,39.74
17.5,26.5,0.00,0.00,0,2.95,97,27.84,99,31.01,54,39.74
11.3,22.1,0.00,0.00,0,2.95,97,27.84,6,2.95,54,39.74
12.5,21.4,0.00,0.00,0,2.95,93,27.84,0,2.95,46,39.74
14.0,21.8,0.00,0.00,0,2.95,93,27.84,0,2.95,52,39.74
13.2,23.2,0.00,0.00,0,6.21,96,27.84,4,9.24,52,39.74
12.9,26.9,0.00,0.00,3,12.31,96,27.84,4,15.14,52,39.74
13.9,29.4,0.00,0.00,3,24.49,96,27.84,4,24.49,49,39.74
13.7,29.9,0.00,0.00,0,24.49,92,27.84,0,24.49,45,39.74
72.1,30.4,0.00,0.00,0,24.49,94,27.84,0,24.49,44,39.74
37.7,30.8,0.00,0.00,0,24.49,94,27.84,0,24.49,52,39.74
12.1,31.3,0.00,0.00,0,24.49,94,27.84,0,31.11,53,39.74
10.4,26.4,0.00,0.00,50,31.11,5,2.95,99,31.11,36,39.74
15.9,25.5,0.00,0.00,99,31.11,0,2.95,99,31.11,48,39.74
74.3,25.9,0.00,0.00,98,31.11,0,2.95,99,31.11,47,39.74
35.4,26.3,0.00,0.00,98,31.11,0,2.95,99,31.11,47,39.74
17.7,27.1,0.00,0.00,99,31.11,0,2.95,99,31.11,48,39.74
19.8,27.8,0.00,0.00,99,31.11,1,7.67,99,31.11,52,39.74
14.7,29.6,0.00,0.00,99,31.11,6,12.9,100,31.11,49,39.74
15.6,31.3,0.00,0.00,99,31.11,7,22.74,99,31.11,50,39.74
15.7,30.7,0.00,0.00,99,31.11,0,35.38,99,31.11,45,39.74
64.0,30.9,0.00,0.00,99,31.11,0,35.38,99,31.11,48,39.74
15.1,31.1,0.00,0.00,99,31.11,0,35.38,100,31.11,49,39.74
15.4,31.3,0.00,0.00,100,31.11,0,35.38,99,31.11,46,39.74
29.8,31.5,0.00,0.00,99,31.11,0,57.53,99,31.11,47,39.74
17.1,31.6,0.00,0.00,99,31.11,100,57.53,99,31.11,49,39.74
16.7,31.6,0.00,0.00,100,31.11,100,57.53,99,31.11,50,39.74
17.3,31.6,0.00,0.00,99,31.11,99,57.53,99,31.11,51,39.74
16.9,31.6,0.00,0.00,100,31.11,100,57.53,99,31.11,52,39.74
16.7,31.6,0.00,0.00,99,31.11,100,57.53,99,31.11,48,39.74
18.1,31.6,0.00,0.00,99,31.11,100,57.53,99,31.11,45,39.74
16.5,31.6,0.00,0.00,99,31.11,100,57.53,99,31.11,52,39.74
18.0,31.6,0.00,0.00,100,31.11,100,57.53,100,31.11,50,39.74
16.9,31.6,0.00,0.00,100,31.11,100,57.53,99,31.11,44,39.74
16.1,31.6,0.00,0.00,99,31.11,100,57.53,99,31.11,50,39.74
16.3,31.6,0.00,0.00,100,31.11,100,57.53,99,31.11,42,39.74
17.4,29.6,0.00,0.00,76,31.11,100,57.53,24,31.11,44,39.74
28.6,30.0,0.00,0.00,0,31.11,100,57.53,0,31.11,47,39.74
13.1,30.4,0.00,0.00,0,31.11,100,57.53,0,31.11,45,39.74
16.8,30.9,0.00,0.00,0,31.11,100,57.53,0,31.11,50,39.74
12.7,31.3,0.00,0.00,0,31.11,100,57.53,0,31.11,51,39.74
16.1,31.6,0.00,0.00,75,31.11,99,57.53,86,31.11,52,39.74
16.9,31.6,0.00,0.00,100,31.11,100,57.53,100,31.11,51,39.74
16.3,31.6,0.00,0.00,100,31.11,100,57.53,99,31.11,49,39.74
16.0,31.6,0.00,0.00,100,31.11,100,57.53,99,31.11,43,39.74
16.5,31.6,0.00,0.00,99,31.11,100,57.53,99,31.11,47,39.74
17.4,31.6,0.00,0.00,99,31.11,100,57.53,100,31.11,54,39.74
17.3,31.6,0.00,0.00,99,31.11,100,57.53,99,31.11,21,39.55
18.9,26.7,0.00,0.00,99,31.11,100,57.53,99,31.11,53,21.35
17.8,26.3,0.00,0.00,99,31.11,100,57.53,99,31.11,50,21.35
16.6,26.3,0.00,0.00,99,31.11,100,57.53,99,31.11,49,21.35
16.9,26.3,0.00,0.00,99,31.11,100,57.53,99,31.11,47,21.35
15.7,26.3,0.00,0.00,99,31.11,100,57.53,99,31.11,50,21.35
16.0,26.3,0.00,0.00,99,31.11,100,57.53,99,31.11,50,21.35
16.1,26.3,0.00,0.00,99,31.11,100,57.53,99,31.11,51,21.35
16.5,26.3,0.00,0.00,99,31.11,100,57.53,99,31.11,49,21.35
16.9,26.3,0.00,0.00,99,31.11,100,57.53,99,31.11,51,21.35
16.7,26.3,0.00,0.00,99,31.11,100,57.53,99,31.11,51,21.35
16.3,26.3,0.00,0.00,99,31.11,100,57.53,99,31.11,49,21.35
15.8,26.3,0.00,0.00,99,31.11,100,57.53,99,31.11,52,21.35
16.8,26.3,0.00,0.00,99,31.11,100,57.53,99,31.11,49,21.35
18.0,26.3,0.00,0.00,99,31.11,100,57.53,99,31.11,51,21.35
16.3,26.3,0.00,0.00,99,31.11,100,57.53,99,31.11,48,21.35
15.7,26.3,0.00,0.00,99,31.11,100,57.53,99,31.11,47,21.35
17.6,26.3,0.00,0.00,99,31.11,100,57.53,99,31.11,49,21.35
12.4,26.3,0.00,0.00,99,31.11,100,57.53,28,31.11,49,21.35
12.9,24.6,0.00,0.00,9,31.11,100,57.53,0,31.11,46,21.35
12.5,25.0,0.00,0.00,0,31.11,99,57.53,0,31.11,48,21.35
92.9,25.4,0.00,0.00,0,31.11,99,57.53,0,31.11,49,21.35
13.1,25.9,0.00,0.00,0,31.11,100,57.53,0,31.11,49,21.35
23.0,26.3,0.00,0.00,0,31.11,100,57.53,88,31.11,51,21.35
16.3,26.3,0.00,0.00,88,31.11,100,57.53,99,31.11,47,21.35
16.7,26.3,0.00,0.00,99,31.11,100,57.53,100,31.11,48,21.35
16.1,26.3,0.00,0.00,100,31.11,100,57.53,99,31.11,49,21.35
17.6,26.3,0.00,0.00,99,31.11,100,57.53,99,31.11,47,21.35
15.7,26.3,0.00,0.00,99,31.11,100,57.53,99,31.11,46,21.35
16.8,26.3,0.00,0.00,99,31.11,100,57.53,99,31.11,54,21.35
16.6,26.3,0.00,0.00,99,31.11,100,57.53,99,31.11,49,21.35
16.1,26.3,0.00,0.00,99,31.11,100,57.53,99,31.11,46,21.35
16.4,26.3,0.00,0.00,99,31.11,100,57.53,99,31.11,55,21.35
17.0,26.3,0.00,0.00,99,31.11,100,57.53,99,31.11,50,21.35
16.9,26.3,0.00,0.00,99,31.11,100,57.53,99,31.11,48,21.35
19.8,25.8,0.00,0.00,99,31.11,100,57.53,99,31.11,0,21.35
14.6,25.5,0.00,0.00,99,31.11,100,57.53,99,31.11,0,21.35
67.8,25.7,0.00,0.00,99,31.11,100,57.53,99,31.11,0,21.35
13.7,25.9,0.00,0.00,99,31.11,100,57.53,99,31.11,0,21.35
14.0,26.2,0.00,0.00,99,31.11,100,57.53,99,31.11,23,21.35
16.8,26.3,0.00,0.00,99,31.11,100,57.53,99,31.11,53,21.35
16.4,26.3,0.00,0.00,99,31.11,100,57.53,99,31.11,50,21.35
18.2,26.3,0.00,0.00,99,31.11,100,57.53,99,31.11,50,21.35
16.8,26.3,0.00,0.00,99,31.11,100,57.53,99,31.11,45,21.35
16.7,26.3,0.00,0.00,100,31.11,100,57.53,100,31.11,51,21.35
16.9,26.3,0.00,0.00,99,31.11,100,57.53,99,31.11,52,21.35
16.8,26.3,0.00,0.00,100,31.11,100,57.53,100,31.11,51,21.35
17.3,26.3,0.00,0.00,99,31.11,100,57.53,100,31.11,51,21.35
13.2,24.3,0.00,0.00,71,31.11,100,57.53,0,31.11,53,21.35
25.7,24.8,0.00,0.00,0,31.11,99,57.53,0,31.11,53,21.35
10.9,24.2,0.00,0.00,0,31.11,42,57.53,0,31.11,44,21.35
64.3,24.8,0.00,0.00,0,31.11,0,57.53,0,31.11,46,21.35
39.7,25.4,0.00,0.00,0,31.11,0,57.53,0,31.11,49,21.35
15.9,25.9,0.00,0.00,25,31.11,0,57.53,99,31.11,52,21.35
17.4,26.2,0.00,0.00,99,31.11,0,57.53,99,31.11,57,21.35
17.0,26.3,0.00,0.00,99,31.11,65,57.53,99,31.11,51,21.35
18.1,26.3,0.00,0.00,99,31.11,100,57.53,99,31.11,49,21.35
15.8,26.3,0.00,0.00,99,31.11,100,57.53,100,31.11,50,21.35
16.2,26.3,0.00,0.00,99,31.11,100,57.53,99,31.11,49,21.35
16.4,26.3,0.00,0.00,99,31.11,100,57.53,99,31.11,49,21.35
17.2,26.3,0.00,0.00,99,31.11,100,57.53,99,31.11,50,21.35
16.9,26.3,0.00,0.00,99,31.11,99,57.53,99,31.11,49,21.35
16.5,26.3,0.00,0.00,99,31.11,100,57.53,99,31.11,50,21.35
15.9,26.3,0.00,0.00,99,31.11,100,57.53,99,31.11,48,21.35
17.5,26.3,0.00,0.00,99,31.11,100,57.53,99,31.11,51,21.35
17.0,26.3,0.00,0.00,99,31.11,100,57.53,99,31.11,52,21.35
17.1,26.3,0.00,0.00,99,31.11,100,57.53,99,31.11,48,21.35
16.2,26.3,0.00,0.00,99,31.11,100,57.53,100,31.11,51,21.35
16.7,26.3,0.00,0.00,99,31.11,100,57.53,99,31.11,51,21.35
16.9,26.3,0.00,0.00,99,31.11,100,57.53,99,31.11,48,21.35
16.6,26.3,0.00,0.00,99,31.11,100,57.53,99,31.11,47,21.35
17.0,26.3,0.00,0.00,99,31.11,100,57.53,99,31.11,52,21.35
16.5,26.3,0.00,0.00,99,31.11,100,57.53,99,31.11,52,21.35
13.6,26.3,0.00,0.00,99,31.11,100,57.53,99,31.11,3,2.95
12.8,21.0,0.00,0.00,99,31.11,100,57.53,99,31.11,0,2.95
11.1,21.0,0.00,0.00,99,31.11,100,57.53,99,31.11,0,2.95
11.7,21.0,0.00,0.00,99,31.11,100,57.53,99,31.11,0,2.95
7.7,21.0,0.00,0.00,99,31.11,100,57.53,100,31.11,0,2.95
7.7,19.3,0.00,0.00,0,31.11,100,57.53,0,31.11,0,2.95
7.9,19.7,0.00,0.00,0,31.11,100,57.53,0,31.11,0,2.95
7.7,20.2,0.00,0.00,0,31.11,100,57.53,0,31.11,0,2.95
24.4,20.6,0.00,0.00,0,31.11,100,57.53,0,31.11,0,2.95
11.7,21.0,0.00,0.00,14,31.11,100,57.53,99,31.11,0,2.95
11.5,21.0,0.00,0.00,100,31.11,100,57.53,100,31.11,0,2.95
13.8,21.0,0.00,0.00,100,31.11,100,57.53,99,31.11,0,2.95
11.9,21.0,0.00,0.00,99,31.11,100,57.53,99,31.11,0,2.95
12.3,21.0,0.00,0.00,99,31.11,100,57.53,99,31.11,0,2.95
12.3,21.0,0.00,0.00,100,31.11,100,57.53,99,31.11,0,2.95
11.9,21.0,0.00,0.00,99,31.11,100,57.53,99,31.11,0,2.95
12.9,21.0,0.00,0.00,99,31.11,100,57.53,99,31.11,0,2.95
11.3,21.0,0.00,0.00,99,31.11,100,57.53,99,31.11,0,2.95
11.3,21.0,0.00,0.00,99,31.11,100,57.53,99,31.11,0,2.95
11.5,21.0,0.00,0.00,99,31.11,100,57.53,100,31.11,0,2.95
11.1,21.0,0.00,0.00,99,31.11,100,57.53,99,31.11,0,2.95
11.7,21.0,0.00,0.00,99,31.11,100,57.53,99,31.11,0,2.95
11.5,21.0,0.00,0.00,99,31.11,100,57.53,99,31.11,0,2.95
12.5,21.0,0.00,0.00,100,31.11,100,57.53,99,31.11,0,2.95
12.6,21.0,0.00,0.00,99,31.11,100,57.53,99,31.11,0,2.95
11.4,21.0,0.00,0.00,99,31.11,100,57.53,99,31.11,0,2.95
12.6,21.0,0.00,0.00,99,31.11,100,57.53,99,31.11,0,2.95
11.5,21.0,0.00,0.00,99,31.11,100,57.53,99,31.11,0,2.95
11.9,21.0,0.00,0.00,99,31.11,100,57.53,99,31.11,0,2.95
11.7,21.0,0.00,0.00,99,31.11,100,57.53,99,31.11,0,2.95
12.0,21.0,0.00,0.00,100,31.11,100,57.53,100,31.11,0,2.95
12.1,21.0,0.00,0.00,99,31.11,100,57.53,99,31.11,0,2.95
12.8,21.0,0.00,0.00,100,31.11,100,57.53,100,31.11,0,2.95
11.7,21.0,0.00,0.00,100,31.11,100,57.53,96,31.11,0,2.95
7.7,19.1,0.00,0.00,55,31.11,100,57.53,0,31.11,0,2.95
6.9,19.5,0.00,0.00,0,31.11,99,57.53,0,31.11,0,2.95
7.9,20.0,0.00,0.00,0,31.11,100,57.53,0,31.11,0,2.95
9.2,20.4,0.00,0.00,0,31.11,100,57.53,0,31.11,0,2.95
18.9,20.9,0.00,0.00,0,31.11,100,57.53,84,31.11,0,2.95
11.7,21.0,0.00,0.00,93,31.11,100,57.53,100,31.11,0,2.95
11.9,21.0,0.00,0.00,99,31.11,100,57.53,99,31.11,0,2.95
11.7,21.0,0.00,0.00,100,31.11,100,57.53,99,31.11,0,2.95
11.5,21.0,0.00,0.00,99,31.11,100,57.53,99,31.11,0,2.95
11.9,21.0,0.00,0.00,99,31.11,100,57.53,100,31.11,0,2.95
11.7,21.0,0.00,0.00,100,31.11,100,57.53,99,31.11,0,2.95
12.1,21.0,0.00,0.00,100,31.11,100,57.53,99,31.11,0,2.95
11.7,21.0,0.00,0.00,99,31.11,100,57.53,100,31.11,0,2.95
11.5,21.0,0.00,0.00,99,31.11,100,57.53,99,31.11,0,2.95
12.3,21.0,0.00,0.00,100,31.11,100,57.53,99,31.11,0,2.95
11.3,21.0,0.00,0.00,99,31.11,100,57.53,100,31.11,0,2.95
14.2,21.0,0.00,0.00,99,31.11,100,57.53,99,31.11,0,2.95
13.3,21.0,0.00,0.00,100,31.11,100,57.53,100,31.11,0,2.95
11.7,21.0,0.00,0.00,99,31.11,100,57.53,99,31.11,0,2.95
12.1,21.0,0.00,0.00,99,31.11,100,57.53,99,31.11,0,2.95
11.7,21.0,0.00,0.00,99,31.11,100,57.53,99,31.11,0,2.95
11.3,21.0,0.00,0.00,99,31.11,100,57.53,99,31.11,0,2.95
12.2,21.0,0.00,0.00,99,31.11,100,57.53,99,31.11,0,2.95
16.8,20.8,0.00,0.00,99,31.11,57,2.95,100,31.11,0,2.95
8.3,15.7,0.00,0.00,99,31.11,0,2.95,99,31.11,0,2.95
8.5,15.7,0.00,0.00,100,31.11,0,2.95,100,31.11,0,2.95
8.4,15.7,0.00,0.00,100,31.11,0,2.95,99,31.11,0,2.95
9.3,15.7,0.00,0.00,99,31.11,0,2.95,99,31.11,0,2.95
7.7,15.7,0.00,0.00,100,31.11,0,2.95,100,31.11,0,2.95
18.9,15.7,0.00,0.00,100,31.11,0,2.95,85,2.95,0,2.95
4146.21