1.6,10.5,0.00,0.00,0,2.95,0,2.95,0,2.95,0,2.95
0.0,10.5,0.00,0.00,0,2.95,0,2.95,0,2.95,0,2.95
0.4,10.5,0.00,0.00,0,2.95,0,2.95,0,2.95,0,2.95
0.0,10.5,0.00,0.00,0,2.95,0,2.95,0,2.95,0,2.95
0.4,10.5,0.00,0.00,0,2.95,0,2.95,0,2.95,0,2.95
0.4,10.5,0.00,0.00,0,2.95,0,2.95,0,2.95,0,2.95
6.3,10.9,0.00,0.00,0,2.95,0,2.95,0,2.95,0,2.95
6.2,11.6,0.00,0.00,0,2.95,0,2.95,0,2.95,0,2.95
6.6,12.6,0.00,0.00,0,8.47,1,7.65,0,2.95,0,2.95
6.8,18.5,0.00,0.00,8,21.87,5,14.24,0,2.95,0,2.95
6.7,23.1,0.00,0.00,9,32.34,1,16.54,0,2.95,0,2.95
5.0,23.6,0.00,0.00,0,32.34,0,16.54,0,2.95,0,2.95
4.8,24.1,0.00,0.00,0,32.34,0,16.54,0,2.95,0,2.95
4.6,24.6,0.00,0.00,0,32.34,0,16.54,0,2.95,0,2.95
17.4,25.4,0.00,0.00,0,37.1,9,25.13,0,2.95,0,2.95
14.6,25.6,0.00,0.00,45,37.1,70,25.13,0,2.95,0,2.95
13.6,25.8,0.00,0.00,45,37.1,69,25.13,0,2.95,0,2.95
53.6,26.1,0.00,0.00,42,37.1,68,25.13,0,2.95,0,2.95
15.5,26.3,0.00,0.00,43,37.1,72,25.13,0,2.95,0,2.95
12.5,26.6,0.00,0.00,48,37.1,73,25.13,0,2.95,0,2.95
12.7,26.6,0.00,0.00,46,37.1,67,25.13,0,2.95,0,2.95
11.7,26.6,0.00,0.00,46,37.1,61,25.13,0,2.95,0,2.95
13.0,26.6,0.00,0.00,45,37.1,68,25.13,0,2.95,0,2.95
14.6,26.8,0.00,0.00,42,37.1,68,25.13,0,2.95,0,2.95
14.6,27.0,0.00,0.00,41,37.1,68,25.13,0,4.82,0,2.95
14.9,28.0,0.00,0.00,49,37.1,76,25.13,4,11.14,0,2.95
14.6,29.7,0.00,0.00,46,37.1,65,25.13,5,18.76,0,2.95
13.6,30.9,0.00,0.00,46,37.1,72,25.13,2,18.76,0,2.95
14.0,31.1,0.00,0.00,49,37.1,78,25.13,0,18.76,0,2.95
14.4,31.3,0.00,0.00,47,37.1,75,25.13,0,18.76,0,2.95
20.9,31.5,0.00,0.00,42,37.1,68,25.13,0,18.76,0,2.95
15.2,31.8,0.00,0.00,44,37.1,75,25.13,67,33.67,0,2.95
18.1,32.0,0.00,0.00,48,37.1,39,25.25,97,33.67,0,2.95
23.6,31.1,0.00,0.00,43,37.1,0,25.25,97,33.67,0,2.95
95.3,31.3,0.00,0.00,47,37.1,0,25.25,95,33.67,0,2.95
18.9,31.6,0.00,0.00,44,37.1,0,25.25,96,33.67,0,2.95
11.9,31.8,0.00,0.00,45,37.1,0,25.25,97,33.67,0,2.95
16.2,32.0,0.00,0.00,47,37.1,70,25.25,97,33.67,0,2.95
16.9,31.9,0.00,0.00,46,37.1,71,25.25,97,33.67,0,2.95
16.9,31.9,0.00,0.00,46,37.1,74,25.25,97,33.67,0,2.95
16.4,32.0,0.00,0.00,49,37.1,79,25.25,97,33.67,0,2.95
15.9,31.9,0.00,0.00,47,37.1,76,25.25,97,33.67,0,2.95
16.9,31.9,0.00,0.00,46,37.1,74,25.25,97,33.67,0,2.95
16.3,32.0,0.00,0.00,46,37.1,70,25.25,97,33.67,0,2.95
15.6,31.9,0.00,0.00,45,37.1,68,25.25,96,33.67,0,2.95
16.8,31.9,0.00,0.00,51,37.1,76,25.25,97,33.67,0,2.95
16.5,31.9,0.00,0.00,47,37.1,75,25.25,97,33.67,0,2.95
21.0,30.9,0.00,0.00,44,52.07,73,25.25,95,33.67,0,2.95
16.8,31.1,0.00,0.00,96,52.07,71,25.25,95,33.67,0,2.95
26.9,31.4,0.00,0.00,95,52.07,68,25.25,96,33.67,0,2.95
39.9,31.6,0.00,0.00,95,52.07,68,25.25,96,33.67,0,2.95
18.0,31.8,0.00,0.00,96,52.07,72,25.25,96,33.67,0,2.95
14.9,32.0,0.00,0.00,96,52.07,73,25.25,96,33.67,0,2.95
15.3,32.0,0.00,0.00,97,52.07,79,25.25,97,33.67,0,2.95
14.6,32.0,0.00,0.00,97,52.07,77,25.25,97,33.67,0,2.95
10.5,31.0,0.00,0.00,97,52.07,0,25.25,97,33.67,0,2.95
11.0,31.3,0.00,0.00,97,52.07,0,25.25,97,33.67,0,2.95
11.7,31.5,0.00,0.00,97,52.07,0,25.25,97,33.67,0,2.95
80.5,31.7,0.00,0.00,92,52.07,0,25.25,97,33.67,0,2.95
16.8,31.9,0.00,0.00,97,52.07,4,25.25,98,33.67,0,2.95
15.8,32.0,0.00,0.00,96,52.07,70,25.25,97,33.67,0,2.95
14.5,32.0,0.00,0.00,97,52.07,76,25.25,97,33.67,0,2.95
15.9,32.0,0.00,0.00,97,52.07,72,25.25,98,33.67,0,2.95
15.2,31.9,0.00,0.00,97,52.07,67,25.25,97,33.67,0,2.95
14.9,31.9,0.00,0.00,97,52.07,75,25.25,97,33.67,0,2.95
16.2,31.9,0.00,0.00,97,52.07,75,25.25,97,33.67,0,2.95
16.0,31.9,0.00,0.00,97,52.07,78,25.25,98,33.67,0,2.95
15.6,32.0,0.00,0.00,97,52.07,81,25.25,98,33.67,0,2.95
14.8,32.0,0.00,0.00,97,52.07,72,25.25,97,33.67,0,2.95
15.3,32.0,0.00,0.00,97,52.07,79,25.25,97,33.67,0,2.95
15.9,32.0,0.00,0.00,98,52.07,74,25.25,97,33.67,0,2.95
15.1,32.0,0.00,0.00,97,52.07,78,25.25,98,33.67,0,2.95
14.6,32.0,0.00,0.00,98,52.07,66,25.25,98,33.67,0,2.95
14.0,32.0,0.00,0.00,98,52.07,81,25.25,97,33.99,0,2.95
14.1,31.0,0.00,0.00,97,52.07,69,25.25,0,33.99,0,2.95
13.2,31.2,0.00,0.00,97,52.07,77,25.25,0,33.99,0,2.95
11.9,31.5,0.00,0.00,96,52.07,72,25.25,0,33.99,0,2.95
14.6,31.7,0.00,0.00,96,52.07,78,25.06,0,33.99,0,2.95
13.8,26.6,0.00,0.00,97,52.07,4,2.95,38,33.99,0,2.95
8.7,26.6,0.00,0.00,98,52.07,0,2.95,98,33.99,0,2.95
8.6,26.6,0.00,0.00,98,52.07,0,2.95,97,33.99,0,2.95
8.4,26.6,0.00,0.00,98,52.07,0,2.95,98,33.99,0,2.95
91.2,26.7,0.00,0.00,98,52.07,0,2.95,97,33.99,0,2.95
12.9,27.0,0.00,0.00,97,52.07,0,2.95,96,33.99,0,2.95
12.7,27.4,0.00,0.00,94,52.07,0,5.28,98,33.99,1,8.5
14.5,30.6,0.00,0.00,97,52.07,4,11.85,98,33.99,3,14.78
15.9,34.3,0.00,0.00,97,52.07,4,19.93,97,33.99,4,19.93
12.5,35.2,0.00,0.00,95,52.07,0,19.93,95,33.99,0,19.93
12.9,35.7,0.00,0.00,92,52.07,0,19.93,97,33.99,0,19.93
12.3,36.1,0.00,0.00,96,52.07,0,19.93,94,33.99,0,19.93
15.7,35.6,0.00,0.00,96,52.39,0,19.93,97,33.99,5,33.87
20.5,36.4,0.00,0.00,46,52.39,55,33.87,97,33.99,96,33.87
19.1,36.6,0.00,0.00,45,52.39,97,33.87,94,33.99,97,33.87
18.7,36.8,0.00,0.00,45,52.39,97,33.87,97,33.99,96,33.87
48.2,37.0,0.00,0.00,49,52.39,97,33.87,97,33.99,98,33.87
17.9,37.2,0.00,0.00,48,52.39,98,33.87,97,33.99,98,33.87
17.1,37.2,0.00,0.00,47,52.39,98,33.87,97,33.99,98,33.87
16.8,37.2,0.00,0.00,49,52.39,98,33.87,97,33.99,98,33.87
17.5,37.2,0.00,0.00,42,52.39,98,33.87,98,33.99,98,33.87
17.6,37.2,0.00,0.00,48,52.39,98,33.87,98,33.99,98,33.87
18.6,37.2,0.00,0.00,45,52.39,98,33.87,98,33.99,98,33.87
17.0,37.2,0.00,0.00,49,52.39,98,33.87,98,33.99,97,33.87
18.0,37.2,0.00,0.00,50,52.39,98,33.87,98,33.99,97,33.87
16.0,37.2,0.00,0.00,50,52.39,98,33.87,97,33.99,97,33.87
16.9,37.2,0.00,0.00,50,52.39,98,33.87,97,33.99,98,33.87
16.2,37.2,0.00,0.00,47,52.39,98,33.87,98,33.99,98,33.87
16.3,37.2,0.00,0.00,44,52.39,98,33.87,98,33.99,98,33.87
16.9,37.2,0.00,0.00,47,52.39,98,33.87,97,33.99,99,33.87
17.3,37.2,0.00,0.00,45,52.39,98,33.87,97,33.99,98,33.87
16.7,37.2,0.00,0.00,47,52.39,98,33.87,97,33.99,98,33.87
16.3,37.2,0.00,0.00,46,52.39,98,33.87,98,33.99,99,33.87
16.7,37.2,0.00,0.00,46,52.39,98,33.87,97,33.99,98,33.87
17.3,37.2,0.00,0.00,47,52.39,98,33.87,98,33.99,98,33.87
15.5,37.2,0.00,0.00,45,52.39,98,33.87,97,33.99,99,33.87
17.3,37.1,0.00,0.00,45,52.39,98,33.87,98,33.99,99,33.87
15.8,37.1,0.00,0.00,49,52.39,97,33.87,98,33.99,99,33.87
14.1,37.1,0.00,0.00,48,52.39,97,33.87,98,33.99,30,33.87
14.3,35.4,0.00,0.00,44,52.39,0,33.87,96,33.99,0,33.87
13.1,35.9,0.00,0.00,46,52.39,0,33.87,97,33.99,0,33.87
13.8,36.3,0.00,0.00,41,52.39,0,33.87,97,33.99,0,33.87
14.4,36.8,0.00,0.00,42,52.39,0,33.87,96,33.99,3,33.87
16.9,37.2,0.00,0.00,46,52.39,72,33.87,98,33.99,98,33.87
16.7,37.1,0.00,0.00,48,52.39,97,33.87,97,33.99,99,33.87
18.7,36.2,0.00,0.00,47,52.39,97,33.87,96,33.99,98,33.87
16.6,36.4,0.00,0.00,96,52.39,97,33.87,96,33.99,97,33.87
23.4,35.8,0.00,0.00,97,52.39,97,33.87,0,33.99,98,33.87
16.1,36.2,0.00,0.00,97,52.39,97,33.87,0,33.99,96,33.87
39.3,36.7,0.00,0.00,97,52.39,98,33.87,0,33.99,99,33.87
14.0,37.0,0.00,0.00,96,52.39,97,33.87,0,33.99,97,33.87
15.3,37.2,0.00,0.00,96,52.39,98,33.87,97,33.99,98,33.87
15.1,37.2,0.00,0.00,97,52.39,98,33.87,97,33.99,98,33.87
16.3,37.2,0.00,0.00,97,52.39,99,33.87,97,33.99,99,33.87
15.6,37.2,0.00,0.00,97,52.39,98,33.87,97,33.99,98,33.87
15.2,37.2,0.00,0.00,98,52.39,99,33.87,97,33.99,99,33.87
15.5,37.2,0.00,0.00,98,52.39,99,33.87,97,33.99,99,33.87
15.4,37.2,0.00,0.00,97,52.39,99,33.87,97,33.99,98,33.87
15.6,37.2,0.00,0.00,98,52.39,98,33.87,98,33.99,99,33.87
15.7,37.2,0.00,0.00,98,52.39,99,33.87,97,33.99,99,33.87
15.0,37.2,0.00,0.00,98,52.39,99,33.87,98,33.99,99,33.87
15.8,37.2,0.00,0.00,98,52.39,98,33.87,98,33.99,99,33.87
15.4,37.2,0.00,0.00,97,52.39,98,33.87,98,33.99,99,33.87
15.5,37.2,0.00,0.00,98,52.39,99,33.87,98,33.99,99,33.87
15.2,37.2,0.00,0.00,98,52.39,98,33.87,98,33.99,99,33.87
15.7,37.2,0.00,0.00,98,52.39,99,33.87,98,33.99,99,33.87
14.9,37.2,0.00,0.00,98,52.39,99,33.87,98,33.99,99,33.87
16.3,37.2,0.00,0.00,98,52.39,98,33.87,97,33.99,99,33.87
14.6,37.2,0.00,0.00,98,52.39,99,33.87,98,33.99,99,33.87
14.4,37.2,0.00,0.00,98,52.39,98,33.87,98,33.99,99,33.87
15.6,37.2,0.00,0.00,98,52.39,99,33.87,98,33.99,99,33.87
24.9,37.2,0.00,0.00,98,52.39,58,2.95,98,33.99,0,2.95
8.7,26.6,0.00,0.00,98,52.39,0,2.95,98,33.99,0,2.95
8.5,26.6,0.00,0.00,98,52.39,0,2.95,98,33.99,0,2.95
12.3,26.8,0.00,0.00,98,52.39,0,2.95,94,33.99,0,2.95
14.4,27.3,0.00,0.00,93,52.39,0,2.95,97,33.99,0,2.95
12.9,27.9,0.00,0.00,97,52.39,0,11.08,98,33.99,0,2.95
12.9,31.7,0.00,0.00,98,52.39,8,23.68,98,33.99,0,2.95
13.8,35.0,0.00,0.00,98,52.39,7,32.34,98,33.99,0,2.95
14.1,35.3,0.00,0.00,96,52.39,0,32.34,97,33.99,0,2.95
10.6,35.5,0.00,0.00,95,52.39,0,32.34,98,33.99,0,2.95
10.2,35.7,0.00,0.00,97,52.39,0,32.34,97,33.99,0,2.95
10.3,36.0,0.00,0.00,97,52.39,0,47.26,97,33.99,0,2.95
96.7,36.3,0.00,0.00,97,52.39,95,47.26,98,33.99,0,2.95
54.3,36.6,0.00,0.00,95,52.39,97,47.26,96,33.99,0,2.95
51.9,36.8,0.00,0.00,96,52.39,97,47.26,97,33.99,0,2.95
14.2,37.1,0.00,0.00,97,52.39,97,47.26,97,33.99,0,2.95
12.3,37.2,0.00,0.00,98,52.39,98,47.26,98,33.99,0,2.95
10.6,37.2,0.00,0.00,98,52.39,98,47.26,98,33.99,0,2.95
15.4,36.3,0.00,0.00,49,52.39,97,47.26,97,33.99,0,2.95
15.0,36.6,0.00,0.00,50,52.39,98,47.26,96,33.99,0,2.95
15.6,36.8,0.00,0.00,46,52.39,95,47.26,98,33.99,0,2.95
14.8,37.1,0.00,0.00,46,52.39,97,47.26,97,33.99,0,2.95
12.5,37.2,0.00,0.00,48,52.39,98,47.26,98,33.99,0,2.95
13.5,37.2,0.00,0.00,48,52.39,98,47.26,97,33.99,0,2.95
13.7,37.2,0.00,0.00,48,52.39,98,47.26,98,33.99,0,2.95
12.6,37.2,0.00,0.00,47,52.39,98,47.26,98,33.99,0,2.95
13.0,37.2,0.00,0.00,50,52.39,98,47.26,98,33.99,0,2.95
15.4,37.2,0.00,0.00,49,52.39,98,47.26,54,2.95,0,2.95
9.8,31.9,0.00,0.00,50,52.39,98,47.26,0,2.95,0,2.95
9.4,31.8,0.00,0.00,51,52.39,99,47.26,0,2.95,0,2.95
11.5,32.0,0.00,0.00,43,52.39,97,47.26,0,2.95,0,2.95
12.9,32.3,0.00,0.00,45,52.39,97,47.26,0,2.95,0,2.95
13.7,32.9,0.00,0.00,46,52.39,98,47.26,0,7.04,3,8.26
13.9,36.2,0.00,0.00,50,52.39,98,47.26,3,12.63,3,14.0
13.2,39.5,0.00,0.00,50,52.39,98,47.26,3,24.49,8,24.49
14.3,40.3,0.00,0.00,48,52.39,98,47.26,0,24.49,0,24.49
62.3,40.8,0.00,0.00,46,52.39,98,47.26,0,24.49,0,24.49
13.5,41.2,0.00,0.00,46,52.39,98,47.26,0,24.49,0,24.49
13.4,41.6,0.00,0.00,48,52.39,98,47.26,0,24.49,0,24.84
34.6,42.2,0.00,0.00,47,52.39,96,47.26,0,31.01,99,31.01
21.2,42.4,0.00,0.00,46,52.39,97,47.26,99,31.01,99,31.01
19.2,42.4,0.00,0.00,45,52.39,98,47.26,99,31.01,99,31.01
19.5,42.4,0.00,0.00,44,52.39,98,47.26,100,31.01,99,31.01
20.0,42.4,0.00,0.00,45,52.39,98,47.26,100,31.01,100,31.01
20.9,42.4,0.00,0.00,41,52.39,98,47.26,99,31.01,100,31.01
20.9,42.4,0.00,0.00,47,52.39,97,47.26,100,31.01,99,31.01
19.7,42.4,0.00,0.00,43,52.39,98,47.26,99,31.01,99,31.01
20.1,42.4,0.00,0.00,42,52.39,98,47.26,99,31.01,99,31.01
21.2,42.4,0.00,0.00,45,52.39,98,47.26,100,31.01,99,31.01
20.3,42.4,0.00,0.00,43,52.39,98,47.26,99,31.01,100,31.01
24.4,42.4,0.00,0.00,44,52.39,98,47.26,99,31.04,89,31.04
17.2,35.2,0.00,0.00,97,33.99,98,47.26,0,31.04,0,31.04
11.7,35.6,0.00,0.00,95,33.99,97,47.26,0,31.04,0,31.04
18.3,36.0,0.00,0.00,93,33.99,97,47.26,0,31.04,0,31.04
11.3,36.4,0.00,0.00,94,33.99,95,47.26,0,31.04,0,31.04
28.1,36.9,0.00,0.00,96,33.99,98,47.26,0,31.04,99,31.04
19.2,37.1,0.00,0.00,97,33.99,98,47.26,99,31.04,99,31.04
20.3,37.1,0.00,0.00,97,33.99,98,47.26,99,31.04,99,31.04
20.9,37.1,0.00,0.00,97,33.99,98,47.26,99,31.04,99,31.04
20.3,37.1,0.00,0.00,96,33.99,98,47.26,99,31.04,99,31.04
19.5,37.1,0.00,0.00,97,33.99,98,47.26,99,31.04,99,31.04
20.8,37.1,0.00,0.00,97,33.99,98,47.26,99,31.04,99,31.04
20.2,37.1,0.00,0.00,97,33.99,97,47.26,99,31.04,99,31.04
20.4,37.1,0.00,0.00,97,33.99,98,47.26,99,31.04,99,31.04
19.5,37.1,0.00,0.00,97,33.99,98,47.26,99,31.04,99,31.04
18.4,37.1,0.00,0.00,97,33.99,98,47.26,99,31.04,99,31.04
18.7,37.1,0.00,0.00,97,33.99,98,47.26,99,31.04,99,31.04
12.1,37.1,0.00,0.00,96,33.99,98,47.26,95,31.04,0,31.04
10.6,35.3,0.00,0.00,96,33.99,98,47.58,0,31.04,0,31.04
16.2,34.9,0.00,0.00,97,33.99,34,52.34,0,31.04,0,31.04
28.5,35.5,0.00,0.00,97,33.99,50,52.34,0,31.04,0,31.04
80.6,36.1,0.00,0.00,94,33.99,44,52.34,0,31.04,0,31.04
24.1,36.9,0.00,0.00,95,33.99,48,52.34,97,31.04,99,31.04
23.3,37.0,0.00,0.00,97,33.99,48,52.34,99,31.04,99,31.04
21.2,37.1,0.00,0.00,97,33.99,50,52.34,99,31.04,99,31.04
21.5,37.1,0.00,0.00,96,33.99,50,52.34,99,31.04,99,31.04
20.7,37.1,0.00,0.00,95,33.99,49,52.34,99,31.04,100,31.04
21.6,37.1,0.00,0.00,97,33.99,51,52.34,99,31.04,99,31.04
20.1,37.1,0.00,0.00,97,33.99,44,52.34,99,31.04,99,31.04
21.4,37.1,0.00,0.00,97,33.99,51,52.34,99,31.04,99,31.04
22.8,37.1,0.00,0.00,97,33.99,48,52.34,99,31.04,99,31.04
21.8,37.1,0.00,0.00,97,33.99,50,52.34,99,31.04,99,31.04
20.9,37.1,0.00,0.00,97,33.99,48,52.34,100,31.04,99,31.04
20.9,37.1,0.00,0.00,96,33.99,49,52.34,99,31.04,99,31.04
15.1,35.2,0.00,0.00,97,33.99,48,52.34,0,31.04,0,31.04
13.5,35.6,0.00,0.00,98,33.99,48,52.34,0,31.04,0,31.04
20.1,36.0,0.00,0.00,95,33.99,48,52.34,0,31.04,0,31.04
15.2,36.5,0.00,0.00,95,33.99,46,52.34,0,31.04,0,31.04
94.3,36.9,0.00,0.00,96,33.99,48,52.34,0,31.04,99,31.04
21.2,37.1,0.00,0.00,97,33.99,51,52.34,99,31.04,99,31.04
20.5,37.1,0.00,0.00,97,33.99,49,52.34,99,31.04,99,31.04
20.8,37.1,0.00,0.00,97,33.99,49,52.34,99,31.04,99,31.04
21.3,37.1,0.00,0.00,96,33.99,49,52.34,99,31.04,99,31.04
20.2,37.1,0.00,0.00,96,33.99,50,52.34,99,31.04,99,31.04
19.1,37.1,0.00,0.00,96,33.99,49,52.34,99,31.04,99,31.04
16.5,31.7,0.00,0.00,6,2.95,50,52.34,99,31.04,99,31.04
16.6,31.7,0.00,0.00,0,2.95,49,52.34,99,31.04,99,31.04
17.5,31.7,0.00,0.00,0,2.95,49,52.34,99,31.04,99,31.04
17.7,31.7,0.00,0.00,0,2.95,52,52.34,99,31.04,99,31.04
16.4,31.7,0.00,0.00,0,2.95,50,52.34,99,31.04,99,31.04
81.0,31.8,0.00,0.00,0,2.95,47,52.34,4,31.04,0,31.04
100.0,30.2,0.00,0.00,0,2.95,43,52.34,0,31.04,0,31.04
11.1,30.9,0.00,0.00,0,2.95,47,52.34,0,31.04,0,31.04
12.7,32.2,0.00,0.00,0,2.95,51,52.39,0,31.04,0,31.04
13.5,32.9,0.00,0.00,3,9.02,95,52.39,0,31.04,0,31.04
20.1,35.1,0.00,0.00,3,13.97,97,52.39,88,31.04,99,31.04
19.4,35.6,0.00,0.00,14,35.38,95,52.39,99,31.04,98,31.04
26.2,36.0,0.00,0.00,0,35.38,96,52.39,99,31.04,99,31.04
18.3,36.4,0.00,0.00,0,35.38,93,52.39,99,31.04,99,31.04
62.1,36.6,0.00,0.00,0,35.38,96,52.39,99,31.04,99,31.04
16.7,36.9,0.00,0.00,0,35.38,96,52.39,98,31.04,99,31.04
19.2,37.0,0.00,0.00,80,57.53,97,52.39,99,31.04,99,31.04
19.8,37.0,0.00,0.00,99,57.53,97,52.39,99,31.04,99,31.04
20.0,37.0,0.00,0.00,100,57.53,97,52.39,99,31.04,99,31.04
18.9,37.0,0.00,0.00,99,57.53,97,52.39,99,31.04,99,31.04
19.4,37.0,0.00,0.00,99,57.53,97,52.39,99,31.04,99,31.04
19.9,37.0,0.00,0.00,99,57.53,97,52.39,99,31.04,87,31.04
15.2,35.0,0.00,0.00,99,57.53,98,52.39,32,31.04,0,31.04
11.5,35.3,0.00,0.00,100,57.53,97,52.39,0,31.04,0,31.04
40.7,35.8,0.00,0.00,100,57.53,98,52.39,0,31.04,0,31.04
58.2,36.3,0.00,0.00,99,57.53,95,52.39,0,31.04,0,31.04
32.7,36.7,0.00,0.00,100,57.53,98,52.39,13,31.04,75,31.04
18.4,37.0,0.00,0.00,100,57.53,98,52.39,99,31.04,99,31.04
19.2,37.0,0.00,0.00,99,57.53,97,52.39,99,31.04,99,31.04
18.7,37.0,0.00,0.00,100,57.53,98,52.39,99,31.04,99,31.04
19.2,37.0,0.00,0.00,99,57.53,98,52.39,99,31.04,99,31.04
18.7,37.0,0.00,0.00,99,57.53,98,52.39,99,31.04,98,31.04
19.4,37.0,0.00,0.00,99,57.53,98,52.39,99,31.04,99,31.04
18.7,37.0,0.00,0.00,100,57.53,98,52.39,99,31.04,99,31.04
18.8,37.0,0.00,0.00,99,57.53,98,52.39,99,31.04,99,31.04
18.4,37.0,0.00,0.00,99,57.53,98,52.39,99,31.04,99,31.04
18.8,37.0,0.00,0.00,99,57.53,98,52.39,99,31.04,99,31.04
18.4,37.0,0.00,0.00,99,57.53,98,52.39,98,31.04,99,31.04
24.5,37.0,0.00,0.00,99,57.53,98,52.39,40,2.95,5,2.95
7.3,26.5,0.00,0.00,100,57.53,98,52.39,0,2.95,0,2.95
7.3,26.5,0.00,0.00,100,57.53,98,52.39,0,2.95,0,2.95
7.3,26.5,0.00,0.00,100,57.53,98,52.39,0,2.95,0,2.95
7.3,26.5,0.00,0.00,100,57.53,98,52.39,0,2.95,0,2.95
15.4,27.0,0.00,0.00,98,57.53,91,52.39,0,2.95,0,2.95
16.3,27.8,0.00,0.00,99,57.53,96,52.39,0,2.95,0,2.95
15.1,28.5,0.00,0.00,100,57.53,95,52.39,1,11.1,4,14.64
15.9,35.0,0.00,0.00,100,57.53,98,52.39,6,23.43,7,26.92
17.0,42.5,0.00,0.00,100,57.53,98,52.39,6,38.98,1,30.12
11.3,43.6,0.00,0.00,100,57.53,98,52.39,0,38.98,0,30.12
11.5,44.1,0.00,0.00,99,57.53,98,52.39,0,38.98,0,30.12
12.2,44.6,0.00,0.00,99,57.53,97,52.39,0,38.98,0,30.12
11.8,45.0,0.00,0.00,100,57.53,98,52.39,0,45.5,0,38.72
85.6,45.7,0.00,0.00,100,57.53,98,52.39,74,45.5,65,38.72
27.0,46.2,0.00,0.00,99,57.53,97,52.39,70,45.5,59,38.72
32.3,46.6,0.00,0.00,99,57.53,98,52.39,76,45.5,66,38.72
25.4,47.0,0.00,0.00,99,57.53,96,52.39,70,45.5,65,38.72
74.3,47.4,0.00,0.00,99,57.53,98,52.39,62,45.5,69,38.72
21.2,47.9,0.00,0.00,100,57.53,97,52.39,84,45.5,76,38.72
22.3,47.8,0.00,0.00,100,57.53,98,52.39,78,45.5,73,38.72
22.4,47.8,0.00,0.00,100,57.53,98,52.39,79,45.5,76,38.72
23.3,47.9,0.00,0.00,100,57.53,98,52.39,89,45.5,79,38.72
23.0,47.9,0.00,0.00,100,57.53,98,52.39,81,45.5,75,38.72
23.4,47.9,0.00,0.00,99,57.53,98,52.39,87,45.5,74,38.72
21.2,47.9,0.00,0.00,100,57.53,98,52.39,84,45.55,72,38.72
23.7,46.8,0.00,0.00,100,57.53,98,52.39,94,53.41,73,38.72
27.0,47.0,0.00,0.00,99,57.53,98,52.39,95,53.41,68,38.72
26.6,42.1,0.00,0.00,99,57.53,47,21.35,93,53.41,72,38.72
24.2,42.1,0.00,0.00,100,57.53,48,21.35,95,53.41,69,38.72
25.0,42.4,0.00,0.00,99,57.53,47,21.35,94,53.41,70,38.72
21.6,42.6,0.00,0.00,100,57.53,47,21.35,96,53.41,74,38.72
21.2,42.6,0.00,0.00,100,57.53,52,21.35,97,53.41,71,39.3
20.1,41.5,0.00,0.00,100,57.53,51,21.35,96,53.41,72,47.43
23.7,41.7,0.00,0.00,100,57.53,48,21.35,96,53.41,69,47.43
51.3,42.0,0.00,0.00,99,57.53,45,21.35,95,53.41,71,47.43
22.6,42.2,0.00,0.00,100,57.53,49,21.35,95,53.41,74,47.43
23.8,42.4,0.00,0.00,99,57.53,50,21.35,95,53.41,75,47.43
22.2,42.6,0.00,0.00,100,57.53,50,21.35,97,53.41,77,47.43
22.5,42.6,0.00,0.00,100,57.53,48,21.35,96,53.41,69,47.43
22.1,42.6,0.00,0.00,100,57.53,48,21.35,96,53.41,79,47.43
21.4,42.6,0.00,0.00,100,57.53,50,21.35,96,53.41,77,47.43
22.7,42.6,0.00,0.00,100,57.53,44,21.35,96,53.41,67,47.43
89.4,41.6,0.00,0.00,21,57.53,51,21.35,97,53.41,73,47.43
21.0,41.8,0.00,0.00,0,57.53,52,21.35,97,53.41,79,47.43
20.6,42.1,0.00,0.00,0,57.53,46,21.35,96,53.46,76,47.43
24.6,41.2,0.00,0.00,0,57.53,46,21.35,81,53.46,76,47.43
99.6,41.6,0.00,0.00,0,57.53,38,21.35,79,53.46,77,47.43
27.4,42.0,0.00,0.00,80,57.53,45,21.35,79,53.46,78,47.43
43.4,42.2,0.00,0.00,100,57.53,46,21.35,80,53.46,75,47.43
26.6,42.4,0.00,0.00,99,57.53,46,21.35,92,53.46,77,47.43
22.2,42.6,0.00,0.00,99,57.53,46,21.35,77,53.46,78,47.55
24.9,41.5,0.00,0.00,99,57.53,45,21.35,79,53.46,64,47.55
25.5,41.7,0.00,0.00,100,57.53,47,21.35,77,53.46,69,47.55
24.7,42.0,0.00,0.00,100,57.53,41,21.35,74,53.46,70,47.55
90.9,42.2,0.00,0.00,100,57.53,48,21.35,75,53.46,73,47.55
28.3,42.4,0.00,0.00,100,57.53,49,21.35,88,53.46,75,47.55
23.7,42.6,0.00,0.00,99,57.53,53,21.35,80,53.46,72,47.55
24.6,42.6,0.00,0.00,99,57.53,53,21.35,83,53.46,74,47.55
24.0,41.5,0.00,0.00,99,57.53,55,21.35,97,53.46,77,47.55
25.4,41.8,0.00,0.00,100,57.53,43,21.35,96,53.46,77,47.55
23.7,42.0,0.00,0.00,99,57.53,42,21.35,96,53.46,75,47.55
29.1,42.2,0.00,0.00,100,57.53,42,21.35,97,53.46,77,47.55
88.3,42.4,0.00,0.00,100,57.53,47,21.35,96,53.46,76,47.55
20.0,41.7,0.00,0.00,100,57.53,0,21.35,94,53.46,73,47.55
19.8,41.9,0.00,0.00,100,57.53,0,21.35,96,53.46,73,47.55
19.1,42.1,0.00,0.00,100,57.53,0,21.35,97,53.46,76,47.55
70.5,42.4,0.00,0.00,100,57.53,0,21.35,95,53.46,74,47.55
20.6,42.5,0.00,0.00,99,57.53,2,21.35,95,53.46,82,47.55
20.2,42.6,0.00,0.00,100,57.53,45,21.35,97,53.46,81,47.55
22.5,42.6,0.00,0.00,100,57.53,49,21.35,97,53.46,78,47.55
19.3,42.5,0.00,0.00,99,57.53,40,21.35,97,53.46,69,47.55
22.8,41.7,0.00,0.00,100,57.53,42,21.35,97,53.46,72,47.55
22.7,41.9,0.00,0.00,99,57.53,41,21.35,95,53.46,71,47.55
23.3,42.2,0.00,0.00,99,57.53,41,21.35,97,53.46,70,47.55
22.8,42.4,0.00,0.00,100,57.53,44,21.35,96,53.46,75,47.55
20.6,42.6,0.00,0.00,100,57.53,48,21.35,97,53.46,70,47.55
22.0,42.6,0.00,0.00,100,57.53,43,21.35,96,53.46,75,47.55
22.0,42.6,0.00,0.00,99,57.53,42,21.35,97,53.46,76,47.55
20.7,42.6,0.00,0.00,100,57.53,39,21.35,97,53.46,76,47.55
18.2,42.6,0.00,0.00,99,57.53,45,21.35,50,53.46,75,47.55
26.3,41.7,0.00,0.00,99,57.53,43,21.35,77,53.46,77,47.55
76.1,41.9,0.00,0.00,100,57.53,47,21.35,78,53.46,75,47.55
24.8,42.1,0.00,0.00,100,57.53,47,21.35,77,53.46,76,47.55
33.6,42.3,0.00,0.00,100,57.53,43,21.35,78,53.46,68,47.55
27.1,42.5,0.00,0.00,100,57.53,45,21.35,73,53.46,81,47.55
23.8,42.6,0.00,0.00,99,57.53,37,21.35,78,53.46,75,47.55
23.2,42.6,0.00,0.00,100,57.53,47,21.35,78,53.46,80,47.55
24.7,42.6,0.00,0.00,100,57.53,45,21.35,82,53.46,69,47.55
25.3,42.6,0.00,0.00,100,57.53,45,21.35,84,53.46,78,47.55
24.6,42.6,0.00,0.00,100,57.53,48,21.35,77,53.46,40,47.55
32.3,41.6,0.00,0.00,100,57.53,46,21.35,80,53.46,72,47.55
25.1,41.8,0.00,0.00,100,57.53,46,21.35,75,53.46,70,47.55
24.1,41.2,0.00,0.00,100,57.53,44,21.35,52,25.45,72,47.55
23.8,36.9,0.00,0.00,100,57.53,54,21.35,97,25.45,74,47.55
61.5,37.1,0.00,0.00,100,57.53,50,21.35,96,25.45,74,47.55
20.7,37.2,0.00,0.00,100,57.53,46,21.35,96,25.45,74,47.55
21.0,37.2,0.00,0.00,100,57.53,43,21.35,96,25.45,73,47.55
20.9,37.2,0.00,0.00,100,57.53,48,21.35,97,25.45,72,47.55
21.4,37.2,0.00,0.00,100,57.53,41,21.35,97,25.45,78,47.55
22.5,37.2,0.00,0.00,100,57.53,42,21.35,96,25.45,75,47.55
20.7,37.2,0.00,0.00,99,57.53,45,21.35,96,25.45,78,47.55
22.6,37.2,0.00,0.00,100,57.53,43,21.35,96,25.45,75,47.55
20.8,37.2,0.00,0.00,100,57.53,46,21.35,97,25.45,80,47.55
19.1,36.3,0.00,0.00,100,57.53,0,21.35,97,25.45,79,47.55
18.6,36.5,0.00,0.00,100,57.53,0,21.35,97,25.45,69,47.55
24.8,36.7,0.00,0.00,100,57.53,0,21.35,94,25.45,73,47.55
20.9,36.9,0.00,0.00,100,57.53,0,21.35,97,25.45,73,47.55
73.9,37.1,0.00,0.00,100,57.53,0,21.35,96,25.45,77,47.55
21.0,37.2,0.00,0.00,100,57.53,48,21.35,97,25.45,75,47.55
22.9,37.2,0.00,0.00,100,57.53,40,21.35,97,25.45,68,47.55
25.4,36.4,0.00,0.00,99,57.53,42,21.35,96,25.45,73,47.55
95.7,36.6,0.00,0.00,100,57.53,44,21.35,96,25.45,63,47.55
28.2,36.8,0.00,0.00,100,57.53,45,21.35,97,25.45,73,47.55
22.6,36.2,0.00,0.00,0,57.53,45,21.35,8,2.95,68,47.55
14.2,31.2,0.00,0.00,0,57.53,53,21.35,0,2.95,77,47.55
13.8,31.5,0.00,0.00,0,57.53,46,21.35,0,2.95,71,47.55
55.0,31.7,0.00,0.00,0,57.53,50,21.35,0,2.95,70,47.55
18.4,32.2,0.00,0.00,0,57.53,43,21.35,0,2.95,67,47.55
18.4,32.6,0.00,0.00,99,57.53,46,21.35,0,2.95,85,47.55
20.2,33.2,0.00,0.00,100,57.53,52,21.35,2,11.2,82,47.55
19.2,36.5,0.00,0.00,100,57.53,41,21.35,9,23.95,79,47.55
19.0,40.4,0.00,0.00,100,57.53,48,21.35,13,43.97,79,47.55
17.9,40.4,0.00,0.00,100,57.53,48,21.35,0,43.97,78,47.55
16.7,40.6,0.00,0.00,100,57.53,50,21.35,0,43.97,71,47.55
16.7,40.8,0.00,0.00,100,57.53,47,21.35,0,43.97,76,47.55
18.4,41.1,0.00,0.00,99,57.53,48,21.35,0,43.97,71,47.55
25.3,41.4,0.00,0.00,100,57.53,50,21.35,71,50.48,72,47.55
29.7,41.6,0.00,0.00,99,57.53,44,21.35,78,50.48,72,47.55
25.5,41.8,0.00,0.00,100,57.53,48,21.35,77,50.48,41,47.55
64.1,41.1,0.00,0.00,100,57.53,45,21.35,77,50.48,70,47.55
28.5,41.6,0.00,0.00,99,57.53,41,21.35,75,50.48,76,47.55
26.8,42.0,0.00,0.00,99,57.53,44,21.35,77,50.48,76,47.55
26.6,42.2,0.00,0.00,100,57.53,49,21.35,77,50.48,76,47.55
26.9,42.5,0.00,0.00,100,57.53,43,21.35,73,50.48,78,47.55
23.7,42.6,0.00,0.00,100,57.53,46,21.35,85,50.48,74,47.55
23.6,42.5,0.00,0.00,100,57.53,40,21.35,81,50.48,78,47.55
23.8,42.5,0.00,0.00,100,57.53,50,21.35,83,50.48,69,47.55
23.1,42.5,0.00,0.00,99,57.53,47,21.35,74,50.48,74,47.55
23.7,42.5,0.00,0.00,99,57.53,45,21.35,76,58.98,71,47.55
24.8,41.6,0.00,0.00,99,57.53,51,21.35,78,58.98,73,47.55
25.4,41.9,0.00,0.00,100,57.53,45,21.35,74,58.98,70,47.55
84.8,42.1,0.00,0.00,100,57.53,51,21.35,73,58.98,64,47.55
25.2,42.3,0.00,0.00,100,57.53,49,21.35,74,58.98,73,47.55
29.5,37.7,0.00,0.00,99,57.53,19,2.95,84,58.98,69,47.55
27.7,37.6,0.00,0.00,100,57.53,0,2.95,89,58.98,66,47.55
60.5,38.0,0.00,0.00,99,57.53,0,2.95,78,58.98,76,47.55
23.5,39.4,0.00,0.00,100,57.53,4,14.6,89,58.98,72,47.55
22.6,43.2,0.00,0.00,100,57.53,7,25.83,86,58.98,78,47.55
27.2,45.0,0.00,0.00,100,57.53,3,30.12,86,58.98,55,25.25
21.0,40.5,0.00,0.00,100,57.53,0,30.12,90,58.98,73,25.25
52.2,40.8,0.00,0.00,99,57.53,0,30.12,82,59.03,74,25.25
24.4,39.9,0.00,0.00,100,57.53,0,30.12,80,59.03,64,25.25
25.2,40.4,0.00,0.00,100,57.53,0,30.12,73,59.03,71,25.25
99.2,40.9,0.00,0.00,99,57.53,46,38.72,71,59.03,73,25.25
30.7,41.3,0.00,0.00,99,57.53,65,38.72,74,59.03,71,25.25
27.9,41.8,0.00,0.00,99,57.53,67,38.72,71,59.03,70,25.25
29.9,42.1,0.00,0.00,99,57.53,71,38.72,67,59.03,73,25.25
29.7,42.4,0.00,0.00,99,57.53,68,38.72,82,59.03,74,25.25
24.9,42.6,0.00,0.00,100,57.53,78,38.72,75,59.03,72,25.25
26.2,42.6,0.00,0.00,99,57.53,73,38.72,76,59.03,72,25.25
24.8,42.6,0.00,0.00,99,57.53,73,38.72,82,59.03,73,25.25
24.1,42.6,0.00,0.00,99,57.53,72,38.72,77,59.03,76,25.25
26.5,42.6,0.00,0.00,99,57.53,74,38.72,79,59.03,72,25.25
27.3,42.6,0.00,0.00,99,57.53,69,38.72,77,59.03,70,25.25
26.3,42.6,0.00,0.00,99,57.53,71,38.72,47,59.03,76,25.25
27.6,41.7,0.00,0.00,99,57.53,68,38.72,76,59.03,76,25.25
28.2,42.0,0.00,0.00,99,57.53,61,38.72,76,59.03,75,25.25
26.9,42.2,0.00,0.00,100,57.53,69,38.72,67,59.03,15,2.95
100.0,37.3,0.00,0.00,100,57.53,73,38.72,82,59.03,0,2.95
23.1,37.3,0.00,0.00,100,57.53,74,38.72,89,59.03,0,2.95
19.1,37.3,0.00,0.00,100,57.53,70,38.72,81,59.03,0,2.95
22.9,37.7,0.00,0.00,100,57.53,71,38.72,75,59.03,0,2.95
27.1,37.3,0.00,0.00,100,57.53,30,47.43,83,59.03,0,8.64
25.2,38.8,0.00,0.00,100,57.53,75,47.43,89,59.03,7,20.45
26.2,42.5,0.00,0.00,100,57.53,72,47.43,85,59.03,9,30.12
25.9,45.2,0.00,0.00,99,57.53,70,47.43,89,59.03,0,30.12
24.3,45.7,0.00,0.00,100,57.53,72,47.43,81,59.03,0,30.12
92.2,45.1,0.00,0.00,99,57.53,72,47.43,80,59.03,0,30.12
23.6,45.6,0.00,0.00,100,57.53,66,47.43,74,59.03,0,30.12
24.5,46.0,0.00,0.00,100,57.53,72,47.43,94,59.03,0,38.72
32.6,46.5,0.00,0.00,100,57.53,74,47.43,63,59.03,66,38.72
31.2,46.9,0.00,0.00,99,57.53,69,47.43,75,59.03,67,38.72
27.7,47.3,0.00,0.00,100,57.53,74,47.43,69,59.03,67,38.72
27.1,42.2,0.00,0.00,42,2.95,69,47.43,73,59.03,69,38.72
24.3,42.4,0.00,0.00,0,2.95,73,47.43,73,59.03,74,38.72
21.8,42.7,0.00,0.00,0,2.95,71,47.43,78,59.03,73,38.72
24.6,42.7,0.00,0.00,0,2.95,78,47.43,81,59.03,75,38.72
41.6,42.9,0.00,0.00,0,2.95,76,47.43,78,59.03,67,38.72
22.3,43.1,0.00,0.00,0,2.95,73,47.43,79,59.03,78,38.72
22.9,43.9,0.00,0.00,0,2.95,80,47.43,78,59.03,75,38.72
26.7,43.6,0.00,0.00,0,7.36,71,47.43,77,59.03,74,38.72
32.3,45.6,0.00,0.00,3,13.36,74,47.55,88,59.03,66,38.72
28.9,45.4,0.00,0.00,3,35.38,68,47.55,72,59.03,64,38.72
39.5,46.0,0.00,0.00,0,35.38,67,47.55,73,59.03,67,38.72
27.1,46.7,0.00,0.00,0,35.38,71,47.55,69,59.03,68,38.72
33.2,47.2,0.00,0.00,0,35.38,72,47.55,74,59.03,63,38.72
28.3,47.6,0.00,0.00,0,35.38,73,47.55,75,59.03,73,38.72
25.5,48.0,0.00,0.00,23,57.53,75,47.55,82,59.03,69,38.72
24.9,48.0,0.00,0.00,100,57.53,80,47.55,75,59.03,71,38.84
28.9,48.0,0.00,0.00,100,57.53,77,47.55,83,59.03,68,47.43
27.8,47.1,0.00,0.00,99,57.53,75,47.55,68,59.03,68,47.43
26.5,47.3,0.00,0.00,99,57.53,74,47.55,73,59.03,69,47.43
26.9,47.6,0.00,0.00,99,57.53,77,47.55,74,59.03,73,47.43
44.2,47.7,0.00,0.00,99,57.53,76,47.55,47,59.03,66,47.43
30.2,47.1,0.00,0.00,100,57.53,77,47.55,72,59.03,69,47.43
26.8,47.3,0.00,0.00,100,57.53,74,47.55,72,59.03,71,47.43
27.2,47.6,0.00,0.00,99,57.53,75,47.55,74,59.03,75,47.43
26.2,47.8,0.00,0.00,99,57.53,81,47.55,76,59.03,73,47.43
31.6,48.0,0.00,0.00,99,57.53,77,47.55,75,59.03,77,47.43
25.8,48.0,0.00,0.00,100,57.53,76,47.55,76,59.03,77,47.43
27.0,48.0,0.00,0.00,99,57.53,79,47.55,74,59.03,80,47.43
26.6,46.9,0.00,0.00,100,57.53,46,25.25,94,59.03,71,47.43
24.6,42.7,0.00,0.00,99,57.53,81,25.25,83,59.03,76,47.43
25.7,42.6,0.00,0.00,100,57.53,79,25.25,83,59.03,74,47.43
25.7,42.7,0.00,0.00,100,57.53,76,25.25,75,59.03,72,47.43
24.8,42.6,0.00,0.00,99,57.53,76,25.25,79,59.03,77,47.43
26.7,41.6,0.00,0.00,100,57.53,72,25.25,80,59.03,70,47.43
27.9,41.8,0.00,0.00,99,57.53,76,25.25,73,59.03,70,47.43
42.0,42.0,0.00,0.00,99,57.53,80,25.25,78,59.03,39,47.55
28.6,41.3,0.00,0.00,99,57.53,71,25.25,66,59.03,69,47.55
78.3,41.8,0.00,0.00,99,57.53,70,25.25,78,59.03,71,47.55
29.5,42.1,0.00,0.00,99,57.53,70,25.25,80,59.03,72,47.55
28.2,42.3,0.00,0.00,99,57.53,73,25.25,75,59.03,71,47.55
51.3,42.5,0.00,0.00,99,57.53,75,25.25,74,59.03,79,47.55
25.6,42.7,0.00,0.00,99,57.53,70,25.25,76,59.03,71,47.55
25.7,42.6,0.00,0.00,99,57.53,73,25.25,74,59.03,69,47.55
25.7,42.6,0.00,0.00,99,57.53,69,25.25,84,59.03,77,47.55
25.4,42.7,0.00,0.00,99,57.53,74,25.25,84,59.03,77,47.55
26.3,42.6,0.00,0.00,99,57.53,83,25.25,88,59.03,77,47.55
22.6,41.6,0.00,0.00,100,57.53,75,25.25,82,59.03,66,47.55
22.9,41.8,0.00,0.00,99,57.53,68,25.25,79,59.03,65,47.55
47.5,36.7,0.00,0.00,100,57.53,4,2.95,88,59.03,73,47.55
21.5,36.9,0.00,0.00,100,57.53,0,2.95,83,59.03,75,47.55
22.0,37.1,0.00,0.00,99,57.53,0,2.95,85,59.03,71,47.55
21.0,37.3,0.00,0.00,100,57.53,0,2.95,98,59.03,73,47.55
89.9,37.6,0.00,0.00,99,57.53,0,2.95,76,59.03,68,47.55
39.7,38.0,0.00,0.00,99,57.53,0,2.95,82,59.03,69,47.55
24.5,39.4,0.00,0.00,100,57.53,3,13.08,95,59.03,79,47.55
26.8,43.0,0.00,0.00,100,57.53,7,24.82,98,59.03,73,47.55
82.9,44.7,0.00,0.00,99,57.53,6,37.98,92,59.03,70,47.55
24.1,45.2,0.00,0.00,99,57.53,0,37.98,83,59.03,74,47.55
46.8,44.6,0.00,0.00,99,57.53,0,37.98,72,59.03,69,47.55
27.0,45.3,0.00,0.00,99,57.53,0,37.98,68,59.03,65,47.55
22.5,45.9,0.00,0.00,99,57.53,0,37.98,80,59.03,71,47.55
73.9,46.4,0.00,0.00,99,57.53,48,44.6,68,59.03,71,47.55
30.6,46.8,0.00,0.00,99,57.53,93,44.6,69,59.03,69,47.55
27.9,47.2,0.00,0.00,98,57.53,97,44.6,72,59.03,69,47.55
99.0,47.4,0.00,0.00,100,57.53,98,44.6,76,59.03,72,47.55
26.9,47.6,0.00,0.00,100,57.53,97,44.6,78,59.03,75,47.55
26.2,47.9,0.00,0.00,100,57.53,98,44.6,72,59.03,71,47.55
26.5,47.9,0.00,0.00,100,57.53,98,44.6,76,59.03,68,47.55
26.2,47.9,0.00,0.00,99,57.53,98,44.6,67,59.03,71,47.55
26.0,47.9,0.00,0.00,99,57.53,98,44.6,68,59.03,77,47.55
25.4,47.9,0.00,0.00,99,57.53,98,44.6,74,59.03,73,47.55
24.1,47.9,0.00,0.00,99,57.53,98,44.6,71,59.03,75,47.55
29.8,46.9,0.00,0.00,100,57.53,94,44.6,79,59.03,73,47.55
28.4,47.1,0.00,0.00,99,57.53,97,44.6,72,59.03,75,47.55
28.6,47.3,0.00,0.00,99,57.53,97,44.6,71,59.03,71,47.55
33.8,46.5,0.00,0.00,99,57.53,96,44.6,73,59.03,69,47.55
80.9,46.9,0.00,0.00,99,57.53,95,44.84,75,59.03,68,47.55
84.8,46.4,0.00,0.00,99,57.53,55,53.19,76,59.03,78,47.55
66.6,46.8,0.00,0.00,99,57.53,70,53.19,72,59.03,67,47.55
32.8,46.2,0.00,0.00,99,57.53,68,53.19,69,59.03,74,47.55
89.1,46.8,0.00,0.00,0,57.53,68,53.19,65,59.03,73,47.55
26.7,47.2,0.00,0.00,0,57.53,68,53.19,69,59.03,76,47.55
24.6,47.5,0.00,0.00,0,57.53,77,53.19,95,59.03,78,47.55
24.3,47.7,0.00,0.00,0,57.53,82,53.19,79,59.03,79,47.55
25.4,47.9,0.00,0.00,0,57.53,75,53.19,77,59.03,75,47.55
21.0,47.9,0.00,0.00,99,57.53,77,53.19,53,59.03,72,47.55
27.0,47.0,0.00,0.00,99,57.53,77,53.19,72,59.03,73,47.55
27.7,47.2,0.00,0.00,99,57.53,73,53.19,69,59.03,70,47.55
27.8,47.5,0.00,0.00,99,57.53,72,53.19,75,59.03,71,47.55
30.8,47.7,0.00,0.00,99,57.53,74,53.19,76,59.03,73,47.55
24.9,47.9,0.00,0.00,99,57.53,70,53.19,76,59.03,77,47.55
26.8,47.9,0.00,0.00,99,57.53,73,53.19,71,59.03,74,47.55
25.5,47.9,0.00,0.00,99,57.53,72,53.19,74,59.03,74,47.55
25.1,47.9,0.00,0.00,99,57.53,76,53.19,73,59.03,75,47.55
22.4,46.9,0.00,0.00,99,57.53,76,53.19,76,59.03,69,47.55
26.5,47.1,0.00,0.00,99,57.53,69,53.19,76,59.03,68,47.55
49.6,47.3,0.00,0.00,100,57.53,72,53.32,78,59.03,64,47.55
31.7,46.6,0.00,0.00,99,57.53,97,53.32,71,59.03,71,47.55
59.0,47.0,0.00,0.00,99,57.53,98,53.32,65,59.03,72,47.55
25.2,46.6,0.00,0.00,100,57.53,96,53.32,77,59.03,69,47.55
31.7,46.7,0.00,0.00,99,57.53,96,53.32,73,59.03,77,47.55
38.0,47.1,0.00,0.00,99,57.53,98,53.32,70,59.03,72,47.55
29.2,47.5,0.00,0.00,99,57.53,96,53.32,76,59.03,73,47.55
28.6,47.7,0.00,0.00,99,57.53,98,53.32,78,59.03,72,47.55
25.8,47.9,0.00,0.00,100,57.53,99,53.32,73,59.03,74,47.55
26.8,47.9,0.00,0.00,99,57.53,98,53.32,67,59.03,74,47.55
26.0,47.9,0.00,0.00,99,57.53,99,53.32,90,59.03,72,47.55
26.2,47.9,0.00,0.00,100,57.53,99,53.32,76,59.03,77,47.55
27.1,47.9,0.00,0.00,99,57.53,99,53.32,78,59.03,76,47.55
25.8,47.9,0.00,0.00,99,57.53,98,53.32,81,59.03,75,47.55
26.6,47.9,0.00,0.00,99,57.53,99,53.32,84,59.03,68,47.55
25.9,47.9,0.00,0.00,100,57.53,99,53.32,89,59.03,74,47.55
26.0,47.9,0.00,0.00,99,57.53,99,53.32,48,58.83,75,47.55
26.7,42.8,0.00,0.00,100,57.53,99,53.32,85,31.01,43,47.55
76.5,40.6,0.00,0.00,100,57.53,50,53.32,79,31.01,69,47.55
30.6,41.0,0.00,0.00,100,57.53,71,53.32,95,31.01,76,47.55
36.1,41.4,0.00,0.00,100,57.53,72,53.32,78,31.01,66,47.55
33.4,41.9,0.00,0.00,99,57.53,67,53.32,73,31.01,71,47.55
29.8,42.3,0.00,0.00,100,57.53,72,53.32,75,31.01,75,47.55
25.2,42.6,0.00,0.00,100,57.53,77,53.32,74,31.01,76,47.55
26.1,42.6,0.00,0.00,99,57.53,73,53.32,78,31.01,77,47.55
24.4,42.6,0.00,0.00,99,57.53,72,53.32,74,31.01,77,47.55
26.2,42.6,0.00,0.00,99,57.53,76,53.32,74,31.01,80,47.55
23.7,42.6,0.00,0.00,99,57.53,48,53.32,16,31.01,17,47.55
12.4,42.6,0.00,0.00,100,57.53,16,53.32,9,31.01,20,47.55
8.5,42.6,0.00,0.00,100,57.53,16,53.32,9,31.01,20,47.55
10.5,42.6,0.00,0.00,95,57.53,17,53.32,9,31.01,20,47.55
27.6,42.6,0.00,0.00,92,57.53,47,53.32,73,31.01,76,47.55
25.6,42.6,0.00,0.00,100,57.53,75,53.32,81,31.01,75,47.55
26.2,42.6,0.00,0.00,100,57.53,72,53.32,71,31.01,81,47.55
19.8,37.5,0.00,0.00,100,57.53,75,53.32,5,2.95,82,47.55
17.8,37.2,0.00,0.00,100,57.53,79,53.32,0,2.95,77,47.55
23.2,37.6,0.00,0.00,100,57.53,72,53.32,0,2.95,77,47.55
23.3,38.0,0.00,0.00,99,57.53,76,53.32,0,2.95,76,47.55
20.9,39.6,0.00,0.00,100,57.53,81,53.32,7,15.69,75,47.55
21.8,43.1,0.00,0.00,100,57.53,78,53.32,6,26.14,33,47.55
63.9,45.2,0.00,0.00,100,57.53,82,53.32,1,45.85,66,47.55
57.8,44.1,0.00,0.00,99,57.53,94,53.32,0,45.85,68,47.55
30.2,44.8,0.00,0.00,99,57.53,94,53.32,0,45.85,65,47.55
85.0,45.4,0.00,0.00,98,57.53,98,53.32,0,45.85,75,47.55
24.6,46.0,0.00,0.00,99,57.53,91,53.32,0,45.85,70,47.55
31.2,46.7,0.00,0.00,98,57.53,98,53.32,67,52.36,79,47.55
27.3,47.0,0.00,0.00,99,57.53,97,53.32,74,52.36,73,47.55
29.6,47.2,0.00,0.00,100,57.53,98,53.32,72,52.36,68,47.55
36.4,47.4,0.00,0.00,99,57.53,98,53.32,69,52.36,71,47.55
26.4,47.6,0.00,0.00,100,57.53,97,53.32,69,52.36,70,47.55
24.8,47.8,0.00,0.00,99,57.53,98,53.32,75,52.36,71,47.55
26.5,47.8,0.00,0.00,100,57.53,99,53.32,73,52.36,70,47.55
26.4,47.8,0.00,0.00,100,57.53,99,53.32,73,52.36,72,47.55
23.3,47.8,0.00,0.00,99,57.53,98,53.32,73,52.36,74,47.55
23.4,46.9,0.00,0.00,0,57.53,98,53.32,70,52.36,73,47.55
23.2,47.2,0.00,0.00,0,57.53,97,53.32,88,52.36,64,47.55
23.9,47.4,0.00,0.00,0,57.53,96,53.32,75,52.36,69,47.55
25.8,47.5,0.00,0.00,0,57.53,99,53.32,74,52.36,71,47.55
28.0,46.8,0.00,0.00,0,57.53,37,53.32,30,59.03,70,47.55
92.2,46.2,0.00,0.00,95,57.53,73,53.32,95,59.03,44,47.55
83.4,45.7,0.00,0.00,100,57.53,66,53.32,95,59.03,67,47.55
95.8,46.2,0.00,0.00,99,57.53,61,53.32,94,59.03,67,47.55
30.7,46.9,0.00,0.00,99,57.53,70,53.32,95,59.03,68,47.55
50.6,47.4,0.00,0.00,99,57.53,77,53.32,97,59.03,77,47.55
27.4,47.7,0.00,0.00,100,57.53,74,53.32,98,59.03,78,47.55
24.8,47.8,0.00,0.00,99,57.53,79,53.32,98,59.03,73,47.55
27.9,47.8,0.00,0.00,99,57.53,72,53.32,97,59.03,73,47.55
26.3,47.8,0.00,0.00,100,57.53,74,53.32,98,59.03,74,47.55
25.6,47.8,0.00,0.00,99,57.53,73,53.32,98,59.03,69,47.55
26.2,47.8,0.00,0.00,99,57.53,74,53.32,98,59.03,75,47.55
24.1,47.8,0.00,0.00,99,57.53,73,53.32,98,59.03,72,47.55
26.6,47.8,0.00,0.00,99,57.53,74,53.32,99,59.03,74,47.55
24.5,47.8,0.00,0.00,100,57.53,74,53.32,98,59.03,77,47.55
25.9,47.8,0.00,0.00,100,57.53,80,53.32,68,59.03,75,47.55
88.8,46.9,0.00,0.00,99,57.53,78,53.32,74,59.03,75,47.55
28.0,47.1,0.00,0.00,100,57.53,70,53.32,74,59.03,79,47.55
27.3,47.3,0.00,0.00,100,57.53,73,53.32,74,59.03,75,47.55
30.3,47.5,0.00,0.00,99,57.53,76,53.32,74,59.03,57,47.55
18.1,42.1,0.00,0.00,100,57.53,20,53.32,11,59.03,16,47.55
22.0,42.2,0.00,0.00,80,57.53,14,53.32,11,59.03,20,47.55
15.1,42.3,0.00,0.00,88,57.53,21,53.32,9,59.03,20,47.55
14.0,42.5,0.00,0.00,87,57.53,15,53.32,12,59.03,20,47.55
27.0,42.7,0.00,0.00,94,57.53,51,53.32,44,59.03,33,47.55
30.4,42.0,0.00,0.00,99,57.53,89,53.32,52,59.03,73,47.55
30.3,42.2,0.00,0.00,99,57.53,97,53.32,73,59.03,73,47.55
28.0,42.4,0.00,0.00,99,57.53,97,53.32,65,59.03,72,47.55
35.7,42.6,0.00,0.00,100,57.53,98,53.32,70,59.03,66,47.55
79.4,42.8,0.00,0.00,99,57.53,97,53.32,64,59.03,77,47.55
24.6,42.9,0.00,0.00,99,57.53,98,53.32,73,59.03,71,47.55
26.9,42.9,0.00,0.00,99,57.53,98,53.32,73,59.03,72,47.55
27.8,42.9,0.00,0.00,99,57.53,98,53.32,68,59.03,74,47.55
22.0,42.9,0.00,0.00,99,57.53,98,53.32,47,59.03,76,47.55
29.1,42.0,0.00,0.00,99,57.53,97,53.32,96,59.03,75,47.55
27.3,42.2,0.00,0.00,100,57.53,97,53.32,98,59.03,72,47.55
72.0,42.5,0.00,0.00,99,57.53,97,53.32,98,59.03,73,47.55
28.3,42.6,0.00,0.00,100,57.53,99,53.32,98,59.03,66,47.55
27.4,42.8,0.00,0.00,99,57.53,99,53.32,98,59.03,75,47.55
26.7,42.9,0.00,0.00,100,57.53,99,53.32,98,59.03,70,47.55
23.4,41.9,0.00,0.00,99,57.53,40,53.32,98,59.03,69,47.55
26.8,42.1,0.00,0.00,99,57.53,77,53.32,98,59.03,70,47.55
28.3,42.3,0.00,0.00,99,57.53,74,53.32,98,59.03,74,47.55
38.7,42.5,0.00,0.00,100,57.53,72,53.32,98,59.03,57,47.55
28.9,41.8,0.00,0.00,100,57.53,78,53.32,95,59.03,71,47.55
34.3,42.1,0.00,0.00,99,57.53,79,53.32,95,59.03,74,47.55
45.0,42.3,0.00,0.00,99,57.53,74,53.32,98,59.03,68,47.55
41.7,42.5,0.00,0.00,99,57.53,79,53.32,98,59.03,73,47.55
25.3,42.7,0.00,0.00,100,57.53,77,53.32,97,59.03,66,47.55
27.6,41.9,0.00,0.00,100,57.53,76,53.32,58,59.03,74,47.55
28.0,42.1,0.00,0.00,99,57.53,72,53.32,82,59.03,72,47.55
70.5,42.3,0.00,0.00,99,57.53,77,53.32,77,59.03,74,47.55
27.1,42.5,0.00,0.00,99,57.53,76,53.32,73,59.03,72,47.55
27.8,42.8,0.00,0.00,100,57.53,76,53.32,75,59.03,76,47.55
26.1,42.9,0.00,0.00,100,57.53,79,53.32,76,59.03,80,47.55
26.9,42.9,0.00,0.00,99,57.53,82,53.32,82,59.03,75,47.55
25.1,42.9,0.00,0.00,99,57.53,77,53.32,73,59.03,65,47.55
25.8,42.9,0.00,0.00,99,57.53,80,53.32,76,59.03,74,47.55
25.9,42.9,0.00,0.00,100,57.53,79,53.32,86,59.03,72,47.55
26.9,42.9,0.00,0.00,99,57.53,76,53.32,86,59.03,71,47.55
28.7,42.0,0.00,0.00,100,57.53,54,53.32,78,59.03,70,47.55
92.9,42.2,0.00,0.00,99,57.53,98,53.32,74,59.03,68,47.55
30.9,41.4,0.00,0.00,100,57.53,98,53.32,57,59.03,68,47.55
25.8,41.8,0.00,0.00,99,57.53,95,53.32,94,59.03,37,25.25
47.9,36.9,0.00,0.00,99,57.53,92,53.32,92,59.03,73,25.25
30.1,37.1,0.00,0.00,99,57.53,96,53.32,96,59.03,72,25.25
33.8,37.3,0.00,0.00,94,57.33,99,53.32,98,59.03,71,25.25
25.2,32.2,0.00,0.00,4,2.95,95,53.32,98,59.03,76,25.25
72.7,32.4,0.00,0.00,0,2.95,98,53.32,94,59.03,72,25.25
67.2,32.8,0.00,0.00,0,2.95,94,53.32,93,59.03,67,25.25
27.2,33.1,0.00,0.00,0,2.95,98,53.32,96,59.03,74,25.25
25.8,35.7,0.00,0.00,2,13.69,98,53.32,98,59.03,75,25.25
24.8,39.3,0.00,0.00,6,25.53,98,53.32,98,59.03,76,25.25
75.7,40.7,0.00,0.00,7,45.85,98,53.32,99,59.03,73,25.25
23.5,40.9,0.00,0.00,0,45.85,97,53.32,96,59.03,76,25.25
24.6,41.1,0.00,0.00,0,45.85,97,53.32,98,59.03,71,25.25
23.8,41.4,0.00,0.00,0,45.85,97,53.32,98,59.03,76,25.25
23.5,41.6,0.00,0.00,0,52.36,96,53.32,98,59.03,72,25.25
33.5,40.0,0.00,0.00,67,52.36,68,53.32,58,59.03,66,25.25
81.9,40.6,0.00,0.00,53,52.36,65,53.32,53,59.03,64,25.25
55.7,41.2,0.00,0.00,44,52.36,70,53.32,53,59.03,64,25.25
34.8,41.8,0.00,0.00,58,52.36,72,53.32,56,59.03,65,25.25
77.1,42.4,0.00,0.00,54,52.36,64,53.32,48,59.03,70,25.25
25.7,42.9,0.00,0.00,53,52.36,70,53.32,59,59.03,0,2.95
25.1,37.7,0.00,0.00,69,52.36,78,53.32,74,59.03,0,2.95
22.1,37.5,0.00,0.00,68,52.36,78,53.32,71,59.03,0,2.95
21.8,37.5,0.00,0.00,71,52.36,74,53.32,71,59.03,0,2.95
22.3,37.5,0.00,0.00,69,52.36,79,53.32,70,59.03,0,2.95
22.0,37.5,0.00,0.00,68,52.36,79,53.32,70,59.03,0,2.95
24.1,37.5,0.00,0.00,70,52.36,76,53.32,61,59.03,0,2.95
26.6,37.9,0.00,0.00,72,52.36,76,53.32,61,59.03,0,2.95
27.3,38.3,0.00,0.00,67,52.36,76,53.32,70,59.03,0,6.78
28.2,39.7,0.00,0.00,75,58.93,80,53.32,74,59.03,7,17.92
68.8,41.0,0.00,0.00,81,58.93,76,53.32,45,59.03,6,28.61
51.9,44.6,0.00,0.00,68,58.93,74,53.32,96,59.03,4,37.98
61.6,45.0,0.00,0.00,63,58.93,72,53.32,92,59.03,0,37.98
72.0,45.6,0.00,0.00,59,58.93,70,53.32,89,59.03,0,37.98
29.5,46.3,0.00,0.00,70,58.93,75,53.32,87,59.03,0,37.98
60.7,41.6,0.00,0.00,69,58.93,50,31.01,92,59.03,0,42.74
29.9,41.7,0.00,0.00,67,58.93,94,31.01,95,59.03,43,42.74
27.9,41.9,0.00,0.00,54,58.93,90,31.01,83,59.03,39,42.74
96.9,42.1,0.00,0.00,59,58.93,94,31.01,88,59.03,40,42.74
29.6,42.3,0.00,0.00,62,58.93,95,31.01,95,59.03,41,42.74
27.9,42.6,0.00,0.00,59,58.93,97,31.01,97,59.03,39,42.74
27.7,42.8,0.00,0.00,63,58.93,98,31.01,93,59.03,43,42.74
28.5,42.8,0.00,0.00,66,58.93,98,31.01,97,59.03,45,42.74
27.9,42.8,0.00,0.00,60,58.93,98,31.01,98,59.03,43,42.74
30.6,42.8,0.00,0.00,63,58.98,98,31.01,98,59.03,41,42.74
31.5,41.9,0.00,0.00,62,58.98,96,31.01,85,59.03,40,42.74
75.1,42.0,0.00,0.00,55,58.98,98,31.01,71,59.03,38,42.74
32.3,41.4,0.00,0.00,68,58.98,94,31.01,64,59.03,41,42.74
32.3,41.8,0.00,0.00,58,58.98,96,31.01,63,59.03,39,42.74
84.6,42.2,0.00,0.00,56,58.98,98,31.01,59,59.03,42,42.74
28.9,42.5,0.00,0.00,57,58.98,97,31.01,60,59.03,40,42.74
29.0,42.7,0.00,0.00,59,58.98,95,31.01,57,59.03,40,42.74
29.2,42.5,0.00,0.00,62,58.98,73,2.95,79,59.03,45,42.74
23.8,37.5,0.00,0.00,75,58.98,0,2.95,86,59.03,42,42.74
21.0,37.5,0.00,0.00,77,58.98,0,2.95,86,59.03,41,42.74
21.2,37.5,0.00,0.00,78,58.98,0,2.95,77,59.03,43,42.74
22.8,37.5,0.00,0.00,75,58.98,0,2.95,80,59.03,44,42.74
20.7,37.5,0.00,0.00,71,58.98,0,2.95,77,59.03,47,42.74
24.8,37.5,0.00,0.00,73,58.98,0,2.95,83,59.03,44,42.74
22.2,34.3,0.00,0.00,41,30.96,0,2.95,86,59.03,48,42.74
21.2,31.1,0.00,0.00,83,30.96,0,2.95,50,59.03,46,42.74
24.2,31.3,0.00,0.00,76,30.96,0,2.95,97,59.03,48,42.74
23.5,31.5,0.00,0.00,78,30.96,0,2.95,97,59.03,49,42.74
23.2,31.8,0.00,0.00,77,30.96,0,2.95,96,59.03,48,42.74
23.3,32.0,0.00,0.00,74,30.96,0,2.95,96,59.03,44,42.74
21.1,32.2,0.00,0.00,75,30.96,0,2.95,99,59.03,52,42.74
21.5,32.2,0.00,0.00,76,30.96,0,2.95,98,59.03,48,42.74
20.8,32.2,0.00,0.00,84,30.96,0,2.95,99,59.03,44,42.74
21.7,32.2,0.00,0.00,74,30.96,0,2.95,99,59.03,45,42.74
22.4,32.2,0.00,0.00,77,30.96,0,2.95,99,59.03,47,42.74
21.4,32.2,0.00,0.00,75,30.96,0,2.95,98,59.03,45,42.74
20.2,32.2,0.00,0.00,80,30.96,0,2.95,98,59.03,44,42.74
13.4,26.8,0.00,0.00,5,2.95,0,2.95,98,59.03,26,49.41
97.9,25.9,0.00,0.00,0,2.95,0,2.95,96,59.03,98,49.41
16.9,26.1,0.00,0.00,0,2.95,0,2.95,98,59.03,97,49.41
54.7,26.5,0.00,0.00,0,2.95,0,2.95,93,59.03,95,49.41
17.2,27.0,0.00,0.00,0,2.95,0,2.95,49,59.03,96,49.41
66.7,26.5,0.00,0.00,0,2.95,0,2.95,82,59.03,97,49.41
23.4,28.9,0.00,0.00,1,7.41,1,8.6,85,59.03,97,49.41
24.2,32.7,0.00,0.00,3,13.12,3,14.29,90,59.03,97,49.41
22.2,34.9,0.00,0.00,3,24.49,7,24.49,75,59.03,96,49.41
22.8,35.5,0.00,0.00,0,24.49,0,24.49,90,59.03,97,49.41
21.4,36.0,0.00,0.00,0,24.49,0,24.49,88,59.03,97,49.41
79.5,36.4,0.00,0.00,0,24.49,0,24.49,80,59.03,96,49.41
22.5,36.9,0.00,0.00,0,24.49,0,28.57,85,59.03,97,49.41
25.2,37.2,0.00,0.00,46,31.11,71,31.11,83,59.03,98,49.41
27.6,37.2,0.00,0.00,100,31.11,99,31.11,91,59.03,98,49.41
27.2,37.2,0.00,0.00,99,31.11,100,31.11,84,59.03,98,49.41
25.2,37.2,0.00,0.00,100,31.11,100,31.11,50,59.03,54,49.41
24.3,35.3,0.00,0.00,99,31.11,99,31.11,96,59.03,39,49.41
26.5,35.6,0.00,0.00,99,31.11,99,31.11,98,59.03,44,49.41
24.7,36.0,0.00,0.00,99,31.11,99,31.11,96,59.03,41,49.41
38.7,36.4,0.00,0.00,99,31.11,99,31.11,95,59.03,44,49.41
25.5,36.8,0.00,0.00,99,31.11,99,31.11,95,59.03,41,49.41
23.7,37.1,0.00,0.00,99,31.11,99,31.11,98,59.03,47,49.41
21.3,37.2,0.00,0.00,99,31.11,100,31.11,98,59.03,46,49.41
21.0,37.2,0.00,0.00,100,31.11,100,31.11,98,59.03,47,49.41
21.0,37.2,0.00,0.00,100,31.11,99,31.11,98,59.03,48,49.41
21.7,37.2,0.00,0.00,100,31.11,99,31.11,99,59.03,49,49.41
21.5,37.2,0.00,0.00,100,31.11,100,31.11,98,59.03,47,49.41
21.5,37.2,0.00,0.00,100,31.11,100,31.11,98,59.03,48,49.41
21.7,37.2,0.00,0.00,100,31.11,100,31.11,99,59.03,45,49.41
21.0,37.2,0.00,0.00,99,31.11,100,31.11,98,59.03,47,49.41
21.5,37.2,0.00,0.00,100,31.11,100,31.11,98,59.03,45,49.41
21.5,37.2,0.00,0.00,100,31.11,100,31.11,59,59.03,45,49.41
24.0,36.3,0.00,0.00,100,31.11,99,31.11,85,59.03,43,49.41
22.0,36.5,0.00,0.00,99,31.11,99,31.11,88,59.03,44,49.41
21.2,36.7,0.00,0.00,100,31.11,99,31.11,88,59.03,45,49.41
27.3,35.1,0.00,0.00,0,31.11,0,31.11,86,59.03,41,49.41
64.2,35.7,0.00,0.00,0,31.11,0,31.11,79,59.03,48,49.41
24.9,36.1,0.00,0.00,0,31.11,0,31.11,88,59.03,45,49.41
24.1,36.6,0.00,0.00,0,31.11,0,31.11,93,59.03,47,49.41
40.9,37.0,0.00,0.00,0,31.11,18,31.11,90,59.03,44,49.41
21.8,37.2,0.00,0.00,55,31.11,100,31.11,90,59.03,46,49.41
21.6,37.2,0.00,0.00,100,31.11,100,31.11,89,59.03,47,49.41
22.8,37.2,0.00,0.00,100,31.11,100,31.11,88,59.03,44,49.41
21.5,37.1,0.00,0.00,100,31.11,100,31.11,53,59.03,43,49.41
24.5,36.2,0.00,0.00,99,31.11,100,31.11,98,59.03,46,49.41
24.4,36.4,0.00,0.00,99,31.11,99,31.11,98,59.03,43,49.41
22.2,36.6,0.00,0.00,100,31.11,99,31.11,96,59.03,43,49.41
30.2,36.8,0.00,0.00,99,31.11,100,31.11,98,59.03,45,49.41
24.7,37.0,0.00,0.00,100,31.11,99,31.11,98,59.03,47,49.41
22.5,37.1,0.00,0.00,100,31.11,100,31.11,99,59.03,47,49.41
21.4,37.1,0.00,0.00,100,31.11,100,31.11,99,59.03,47,49.41
23.2,37.1,0.00,0.00,100,31.11,100,31.11,98,59.03,47,49.41
20.8,37.1,0.00,0.00,100,31.11,100,31.11,99,59.03,34,49.41
18.7,36.0,0.00,0.00,99,31.11,100,31.11,96,59.03,66,49.41
92.3,36.2,0.00,0.00,99,31.11,99,31.11,97,59.03,97,49.41
26.9,36.4,0.00,0.00,100,31.11,99,31.11,99,59.03,95,49.41
29.2,36.7,0.00,0.00,99,31.11,99,31.11,98,59.03,98,49.41
26.1,36.8,0.00,0.00,99,31.11,99,31.11,96,59.03,97,49.41
30.1,37.0,0.00,0.00,99,31.11,99,31.11,98,59.03,98,49.41
25.2,37.1,0.00,0.00,99,31.11,99,31.11,70,30.96,98,49.41
25.5,31.8,0.00,0.00,99,31.11,100,31.11,80,30.96,98,49.41
22.8,31.8,0.00,0.00,99,31.11,100,31.11,81,30.96,98,49.41
26.3,31.8,0.00,0.00,100,31.11,100,30.92,93,30.96,98,49.41
18.1,21.4,0.00,0.00,0,2.95,5,2.95,98,30.96,99,49.41
16.3,21.4,0.00,0.00,0,2.95,0,2.95,95,30.96,99,49.41
16.5,21.4,0.00,0.00,0,2.95,0,2.95,87,30.96,99,49.41
25.6,21.9,0.00,0.00,0,2.95,0,2.95,75,30.96,93,49.41
32.1,22.7,0.00,0.00,0,2.95,0,2.95,83,30.96,95,49.41
21.1,23.2,0.00,0.00,0,3.22,0,7.1,91,30.96,67,49.41
24.0,27.6,0.00,0.00,6,15.77,7,18.6,98,30.96,36,49.41
25.7,34.7,0.00,0.00,6,27.46,6,31.2,89,30.96,47,49.41
23.1,36.7,0.00,0.00,6,32.12,3,32.12,5,2.95,50,49.41
95.8,33.2,0.00,0.00,0,32.12,0,32.12,0,2.95,49,49.41
26.4,33.9,0.00,0.00,0,32.12,0,32.12,0,2.95,49,49.41
9.6,34.4,0.00,0.00,0,32.12,0,32.12,0,2.95,49,49.41
29.8,34.9,0.00,0.00,0,36.25,4,39.99,0,2.95,46,49.41
88.1,35.5,0.00,0.00,86,36.25,93,39.99,0,2.95,44,49.41
71.2,36.3,0.00,0.00,79,36.25,91,39.99,0,2.95,35,49.41
24.7,37.1,0.00,0.00,77,36.25,94,39.99,0,2.95,38,49.41
74.0,38.1,0.00,0.00,77,36.25,94,39.99,2,11.08,45,49.41
37.7,41.7,0.00,0.00,78,36.25,96,39.99,7,23.38,46,49.41
21.1,45.6,0.00,0.00,86,36.25,97,39.99,9,45.85,43,49.41
20.0,45.9,0.00,0.00,85,36.25,96,39.99,0,45.85,45,49.41
20.2,46.1,0.00,0.00,87,36.25,96,39.99,0,45.85,44,49.41
20.0,46.3,0.00,0.00,81,36.25,96,39.99,0,45.85,44,49.41
19.2,46.6,0.00,0.00,87,36.25,97,39.99,0,45.85,45,49.41
28.7,46.9,0.00,0.00,85,36.25,97,39.99,64,52.36,45,49.41
28.2,47.1,0.00,0.00,81,36.25,97,39.99,65,52.36,44,49.41
29.4,47.3,0.00,0.00,87,36.25,96,39.99,68,52.36,46,49.41
28.4,47.5,0.00,0.00,85,36.25,97,39.99,70,52.36,46,49.41
28.1,47.8,0.00,0.00,88,36.25,97,39.99,66,52.36,47,49.41
26.6,48.0,0.00,0.00,84,36.25,97,39.99,69,52.36,44,49.41
27.1,48.0,0.00,0.00,85,36.25,97,39.99,71,52.36,45,49.41
26.3,48.0,0.00,0.00,84,36.25,97,39.99,74,52.36,46,49.41
23.6,48.0,0.00,0.00,88,36.25,96,39.99,68,52.36,44,49.41
25.1,48.0,0.00,0.00,85,36.25,97,40.03,76,52.36,46,49.41
27.8,47.1,0.00,0.00,83,36.25,96,47.9,73,52.36,48,49.41
23.4,47.3,0.00,0.00,85,36.25,96,47.9,74,52.36,47,49.41
31.3,46.7,0.00,0.00,75,40.38,94,47.9,74,52.36,38,49.41
28.3,47.1,0.00,0.00,83,40.38,95,47.9,64,58.93,42,49.41
31.0,46.5,0.00,0.00,78,40.38,92,47.9,63,58.93,43,49.41
34.8,47.1,0.00,0.00,88,40.38,96,47.9,70,58.93,40,49.41
29.4,47.5,0.00,0.00,83,40.38,94,47.9,78,58.93,38,49.41
96.6,47.8,0.00,0.00,88,40.38,96,47.9,73,58.93,45,49.41
26.4,48.1,0.00,0.00,90,40.38,97,47.9,80,58.93,44,49.41
26.1,48.1,0.00,0.00,88,40.38,97,47.9,84,58.93,26,31.01
29.3,43.0,0.00,0.00,87,40.38,97,47.9,74,58.93,98,31.01
29.1,42.8,0.00,0.00,90,40.38,97,47.9,64,58.93,97,31.01
29.7,42.8,0.00,0.00,86,40.38,98,47.9,69,58.93,98,31.01
25.0,42.8,0.00,0.00,85,40.38,98,47.9,66,58.93,97,31.01
30.7,42.8,0.00,0.00,88,40.38,98,47.9,69,58.93,98,31.01
29.9,42.8,0.00,0.00,85,40.38,97,47.9,69,58.93,98,31.01
28.6,42.8,0.00,0.00,85,40.38,98,47.9,64,58.93,98,31.01
23.6,41.8,0.00,0.00,85,40.38,97,47.9,62,58.98,97,31.01
36.9,41.9,0.00,0.00,85,40.38,96,47.9,66,58.98,96,31.01
31.0,42.1,0.00,0.00,85,40.38,97,47.9,62,58.98,95,31.01
30.3,42.4,0.00,0.00,85,40.38,97,47.9,68,58.98,97,31.01
58.1,42.6,0.00,0.00,87,40.38,98,47.9,66,58.98,96,31.01
30.4,42.8,0.00,0.00,87,40.38,95,47.9,63,58.98,93,31.01
26.1,42.8,0.00,0.00,89,40.38,98,47.9,72,58.98,98,31.01
25.7,42.8,0.00,0.00,88,40.38,71,47.94,73,58.98,97,31.01
30.6,41.0,0.00,0.00,31,40.38,97,47.94,63,58.98,9,2.95
26.7,36.1,0.00,0.00,83,40.38,93,47.94,77,58.98,0,2.95
22.8,36.5,0.00,0.00,86,40.38,97,47.94,74,58.98,0,2.95
26.6,36.8,0.00,0.00,84,40.38,96,47.94,76,58.98,0,2.95
24.6,37.3,0.00,0.00,87,40.38,96,47.94,68,58.98,0,2.95
20.2,37.5,0.00,0.00,86,40.38,98,47.94,88,58.98,0,2.95
24.0,36.5,0.00,0.00,90,40.38,97,47.94,90,58.98,0,2.95
28.5,36.7,0.00,0.00,84,40.38,97,47.94,74,58.98,0,2.95
21.2,36.9,0.00,0.00,86,40.38,97,47.94,82,58.98,0,2.95
84.5,37.1,0.00,0.00,85,40.38,97,47.94,78,58.98,0,2.95
25.8,37.4,0.00,0.00,89,40.38,97,47.94,80,58.98,0,2.95
20.4,37.5,0.00,0.00,90,40.38,97,47.94,88,58.98,0,2.95
21.5,37.5,0.00,0.00,88,40.38,97,47.94,77,58.98,0,2.95
21.1,37.5,0.00,0.00,87,40.38,97,47.94,86,58.98,0,2.95
21.6,37.5,0.00,0.00,93,40.38,97,47.94,83,58.98,0,2.95
20.3,37.5,0.00,0.00,89,40.38,97,47.94,81,58.98,0,2.95
18.6,37.5,0.00,0.00,88,40.38,98,47.94,82,58.98,0,2.95
20.2,37.5,0.00,0.00,89,40.38,98,47.94,84,58.98,0,2.95
20.4,37.5,0.00,0.00,91,40.38,98,47.94,57,58.98,0,2.95
65.7,36.6,0.00,0.00,88,40.38,98,47.94,78,58.98,0,2.95
22.7,36.8,0.00,0.00,88,40.38,98,47.94,80,58.98,0,2.95
22.9,37.1,0.00,0.00,91,40.38,98,47.94,83,58.98,0,2.95
24.1,37.3,0.00,0.00,87,40.38,98,47.94,81,58.98,0,2.95
23.9,36.5,0.00,0.00,46,40.38,98,47.94,83,58.98,0,2.95
20.3,36.8,0.00,0.00,88,40.38,98,47.94,84,58.98,0,2.95
22.4,37.0,0.00,0.00,89,40.38,98,47.94,85,58.98,0,2.95
24.4,36.2,0.00,0.00,88,40.38,55,47.94,74,58.98,0,2.95
26.0,36.6,0.00,0.00,84,40.38,95,47.94,78,58.98,0,2.95
63.0,36.9,0.00,0.00,89,40.38,97,47.94,81,58.98,0,2.95
23.5,37.1,0.00,0.00,89,40.38,97,47.94,78,58.98,0,2.95
21.5,37.3,0.00,0.00,89,40.38,97,47.94,66,58.98,0,2.95
23.9,36.6,0.00,0.00,89,40.38,96,47.94,78,58.98,0,2.95
23.1,36.8,0.00,0.00,90,40.38,97,47.94,79,58.98,0,2.95
23.4,37.1,0.00,0.00,90,40.38,96,47.94,81,58.98,0,2.95
99.8,37.3,0.00,0.00,89,40.38,95,47.94,83,58.98,0,2.95
27.7,37.5,0.00,0.00,87,40.38,98,47.94,89,58.98,0,2.95
20.3,37.5,0.00,0.00,90,40.38,98,47.94,82,58.98,0,2.95
19.8,37.5,0.00,0.00,90,40.38,98,47.94,81,58.98,0,2.95
20.8,37.5,0.00,0.00,89,40.38,98,47.94,81,58.98,0,2.95
20.1,37.5,0.00,0.00,90,40.38,98,47.94,88,58.98,0,2.95
18.8,37.5,0.00,0.00,91,40.38,98,47.94,84,58.98,0,2.95
20.7,37.5,0.00,0.00,87,40.38,97,47.94,82,58.98,0,2.95
20.9,37.5,0.00,0.00,88,40.38,98,47.94,45,58.98,0,2.95
22.3,36.6,0.00,0.00,88,40.38,98,47.94,86,58.98,0,2.95
76.1,36.8,0.00,0.00,87,40.38,97,47.94,75,58.98,0,2.95
23.7,37.0,0.00,0.00,90,40.38,97,47.94,80,58.98,0,2.95
27.3,36.3,0.00,0.00,48,40.38,95,47.94,69,58.98,0,2.95
98.1,36.7,0.00,0.00,83,40.38,96,47.94,66,58.98,0,2.95
20.5,37.0,0.00,0.00,84,40.38,97,47.94,78,58.98,0,2.95
21.5,37.2,0.00,0.00,90,40.38,97,47.94,83,58.98,0,2.95
25.9,37.5,0.00,0.00,83,40.38,97,47.94,75,58.98,0,2.95
21.3,37.5,0.00,0.00,90,40.38,97,47.94,80,58.98,0,2.95
18.3,36.4,0.00,0.00,89,40.38,45,47.94,82,58.98,0,2.95
24.3,36.7,0.00,0.00,90,40.38,96,47.94,77,58.98,0,2.95
23.9,36.9,0.00,0.00,85,40.38,96,47.94,75,58.98,0,2.95
18.5,37.1,0.00,0.00,84,40.38,94,47.94,42,58.98,0,2.95
25.5,36.4,0.00,0.00,88,40.38,96,47.94,76,58.98,0,2.95
23.1,36.8,0.00,0.00,85,40.38,95,47.94,69,58.98,0,2.95
23.8,37.1,0.00,0.00,86,40.38,97,47.94,77,58.98,0,2.95
97.7,37.3,0.00,0.00,84,40.38,96,47.94,81,58.98,0,2.95
24.2,37.5,0.00,0.00,88,40.38,97,47.94,81,58.98,0,2.95
22.3,37.5,0.00,0.00,86,40.38,97,47.94,80,58.98,0,2.95
21.4,37.5,0.00,0.00,88,40.38,97,47.94,75,58.98,0,2.95
18.8,37.5,0.00,0.00,87,40.38,96,47.94,78,58.98,0,2.95
20.7,37.5,0.00,0.00,88,40.38,97,47.94,80,58.98,0,2.95
21.2,37.5,0.00,0.00,89,40.38,97,47.94,80,58.98,0,2.95
20.4,37.5,0.00,0.00,88,40.38,97,47.94,76,58.98,0,2.95
20.0,37.5,0.00,0.00,88,40.38,97,47.94,80,58.98,0,2.95
15.1,36.4,0.00,0.00,87,40.38,97,47.94,76,58.98,0,2.95
25.7,35.6,0.00,0.00,49,40.38,97,47.94,80,58.98,0,2.95
25.6,36.0,0.00,0.00,84,40.38,96,47.94,81,58.98,0,2.95
24.4,36.5,0.00,0.00,90,40.38,96,47.94,81,58.98,0,2.95
25.8,36.9,0.00,0.00,88,40.38,96,47.94,84,58.98,0,2.95
25.1,37.3,0.00,0.00,84,40.38,95,47.94,79,58.98,0,2.95
24.8,36.9,0.00,0.00,86,40.38,81,47.94,83,58.98,0,2.95
23.1,36.6,0.00,0.00,89,40.38,96,47.94,82,58.98,0,2.95
38.7,36.9,0.00,0.00,89,40.38,96,47.94,79,58.98,0,2.95
91.1,37.1,0.00,0.00,90,40.38,97,47.94,77,58.98,0,2.95
22.6,37.3,0.00,0.00,90,40.38,97,47.94,82,58.98,0,2.95
20.7,37.5,0.00,0.00,91,40.38,97,47.94,84,58.98,0,2.95
20.6,37.5,0.00,0.00,89,40.38,97,47.94,52,30.96,0,2.95
20.3,32.2,0.00,0.00,91,40.38,97,47.94,87,30.96,0,2.95
20.1,32.2,0.00,0.00,94,40.38,97,47.94,84,30.96,0,2.95
20.2,32.2,0.00,0.00,91,40.38,98,47.94,86,30.96,0,2.95
21.5,32.2,0.00,0.00,92,40.38,97,47.94,83,30.96,0,2.95
21.3,32.2,0.00,0.00,91,40.38,98,47.94,83,30.96,0,2.95
21.5,32.2,0.00,0.00,89,40.38,97,47.94,89,30.96,0,2.95
21.6,32.2,0.00,0.00,90,40.38,98,47.94,79,30.96,0,2.95
19.7,32.2,0.00,0.00,88,40.38,97,47.94,81,30.96,0,2.95
21.6,32.2,0.00,0.00,88,40.38,97,47.94,78,30.96,0,2.95
21.8,32.2,0.00,0.00,88,40.38,97,47.94,79,30.96,0,2.95
20.7,32.2,0.00,0.00,89,40.38,97,47.94,83,30.96,0,2.95
24.4,31.2,0.00,0.00,80,40.38,97,47.94,81,30.77,0,2.95
23.3,26.2,0.00,0.00,88,40.38,96,47.94,3,2.95,0,2.95
21.2,26.3,0.00,0.00,89,40.38,97,47.94,0,2.95,0,2.95
16.5,26.6,0.00,0.00,84,40.38,94,47.94,0,2.95,0,2.95
93.9,27.2,0.00,0.00,85,40.38,94,47.94,0,2.95,0,2.95
16.8,28.1,0.00,0.00,88,40.38,96,47.94,0,2.95,0,3.07
16.6,29.3,0.00,0.00,91,40.38,97,47.94,1,7.89,3,10.09
12.9,32.8,0.00,0.00,88,40.38,97,47.94,4,14.0,4,16.07
18.7,35.4,0.00,0.00,89,40.38,95,47.94,8,35.48,12,35.48
18.1,34.6,0.00,0.00,83,40.38,93,47.94,0,35.48,0,35.48
18.0,35.2,0.00,0.00,86,40.38,96,47.94,0,35.48,0,35.48
16.7,35.8,0.00,0.00,85,40.38,94,47.94,0,35.48,0,35.48
24.2,36.4,0.00,0.00,87,40.38,94,47.94,0,35.48,0,35.48
65.1,36.9,0.00,0.00,90,40.38,96,47.94,0,57.62,26,57.62
19.1,37.2,0.00,0.00,93,40.38,97,47.94,100,57.62,100,57.62
18.0,37.2,0.00,0.00,88,40.38,98,47.94,100,57.62,100,57.62
17.6,37.2,0.00,0.00,92,40.38,98,47.94,100,57.62,100,57.62
18.4,37.2,0.00,0.00,92,40.38,98,47.94,100,57.62,100,57.62
18.2,37.1,0.00,0.00,92,40.38,97,47.94,100,57.62,100,57.62
17.2,37.1,0.00,0.00,91,40.38,98,47.94,100,57.62,100,57.62
18.9,37.1,0.00,0.00,91,40.38,98,47.94,100,57.62,100,57.62
19.6,37.1,0.00,0.00,91,40.38,98,47.94,100,57.62,100,57.62
18.0,37.1,0.00,0.00,92,40.38,98,47.94,100,57.62,100,57.62
20.8,36.2,0.00,0.00,39,40.38,96,47.94,100,57.62,100,57.62
21.7,36.4,0.00,0.00,91,40.38,97,47.94,100,57.62,100,57.62
19.9,36.6,0.00,0.00,90,40.38,96,47.94,100,57.62,100,57.62
19.4,36.9,0.00,0.00,89,40.38,97,47.94,100,57.62,100,57.62
39.1,37.1,0.00,0.00,89,40.38,97,47.94,100,57.62,100,57.62
19.0,37.2,0.00,0.00,93,40.38,97,47.94,100,57.62,100,57.62
19.2,37.2,0.00,0.00,92,40.38,97,47.94,100,57.62,100,57.62
15.6,37.2,0.00,0.00,93,40.38,97,47.94,100,57.62,100,57.62
20.8,36.3,0.00,0.00,89,40.38,89,47.94,100,57.62,100,57.62
20.2,36.5,0.00,0.00,92,40.38,92,47.94,100,57.62,100,57.62
46.3,36.7,0.00,0.00,92,40.38,95,47.94,100,57.62,100,57.62
17.9,36.9,0.00,0.00,89,40.38,97,47.94,100,57.62,100,57.62
21.6,37.2,0.00,0.00,92,40.38,96,47.94,100,57.62,100,57.62
18.1,37.2,0.00,0.00,93,40.38,96,47.94,100,57.62,100,57.62
16.6,37.2,0.00,0.00,94,40.38,95,47.94,100,57.62,100,57.62
16.9,37.2,0.00,0.00,94,40.38,96,47.94,100,57.62,100,57.62
18.2,37.2,0.00,0.00,94,40.38,97,47.94,100,57.62,100,57.62
16.4,37.2,0.00,0.00,94,40.38,97,47.94,100,57.62,100,57.62
18.0,37.2,0.00,0.00,93,40.38,97,47.94,100,57.62,100,57.62
18.3,37.2,0.00,0.00,93,40.38,96,47.94,100,57.62,100,57.62
18.0,37.2,0.00,0.00,93,40.38,97,47.94,100,57.62,100,57.62
19.5,37.2,0.00,0.00,93,40.38,97,47.94,100,57.62,100,57.62
20.8,37.2,0.00,0.00,93,40.38,97,47.94,100,57.62,100,57.62
26.8,36.3,0.00,0.00,86,40.38,96,47.94,100,57.62,99,57.62
66.9,36.6,0.00,0.00,85,40.38,95,47.94,100,57.62,100,57.62
67.1,36.8,0.00,0.00,87,40.38,96,47.94,100,57.62,100,57.62
20.5,37.0,0.00,0.00,89,40.38,96,47.94,100,57.62,100,57.62
17.4,37.2,0.00,0.00,86,40.38,97,47.94,100,57.62,100,57.62
19.1,37.1,0.00,0.00,87,40.38,97,47.94,100,57.62,100,57.62
17.4,37.2,0.00,0.00,92,40.38,96,47.94,100,57.62,100,57.62
18.2,37.2,0.00,0.00,89,40.38,97,47.94,100,57.62,100,57.62
15.1,37.2,0.00,0.00,88,40.38,97,47.94,100,57.62,100,57.62
21.9,36.2,0.00,0.00,90,40.38,95,47.94,100,57.62,100,57.62
51.1,36.4,0.00,0.00,90,40.38,96,47.94,100,57.62,100,57.62
19.5,36.6,0.00,0.00,91,40.38,97,47.94,100,57.62,100,57.62
21.3,36.8,0.00,0.00,84,40.38,96,47.94,100,57.62,100,57.62
84.1,37.0,0.00,0.00,86,40.38,96,47.94,100,57.62,100,57.62
19.6,37.2,0.00,0.00,93,40.38,97,47.94,100,57.62,100,57.62
17.6,37.2,0.00,0.00,90,40.38,98,47.94,100,57.62,100,57.62
19.0,37.2,0.00,0.00,92,40.38,98,47.94,100,57.62,100,57.62
18.6,37.2,0.00,0.00,93,40.38,97,47.94,100,57.62,100,57.62
17.6,37.2,0.00,0.00,93,40.38,97,47.94,100,57.62,100,57.62
19.0,37.2,0.00,0.00,92,40.38,98,47.94,100,57.62,100,57.62
17.4,37.2,0.00,0.00,93,40.38,98,47.94,100,57.62,100,57.62
17.9,37.2,0.00,0.00,93,40.38,97,47.94,100,57.62,100,57.62
20.1,36.1,0.00,0.00,46,40.18,97,47.94,100,57.62,100,57.62
18.2,31.9,0.00,0.00,91,21.66,97,47.94,100,57.62,100,57.62
18.8,31.9,0.00,0.00,92,21.66,97,47.94,100,57.62,100,57.62
16.7,29.9,0.00,0.00,93,21.66,97,47.94,0,57.62,0,57.62
17.1,30.3,0.00,0.00,89,21.66,96,47.94,0,57.62,0,57.62
17.4,30.7,0.00,0.00,88,21.66,96,47.94,0,57.62,0,57.62
89.4,31.2,0.00,0.00,86,21.66,96,47.94,0,57.62,0,57.62
74.9,31.7,0.00,0.00,86,21.66,96,47.94,0,57.62,91,57.62
18.6,31.9,0.00,0.00,93,21.66,98,47.94,100,57.62,100,57.62
14.0,31.9,0.00,0.00,93,21.66,97,47.94,100,57.62,100,57.62
19.4,31.0,0.00,0.00,92,21.66,89,47.94,100,57.62,100,57.62
19.5,31.2,0.00,0.00,90,21.66,98,47.94,100,57.62,100,57.62
87.9,31.4,0.00,0.00,91,21.66,98,47.94,100,57.62,100,57.62
18.9,31.6,0.00,0.00,85,21.66,98,47.94,100,57.62,100,57.62
24.4,31.9,0.00,0.00,89,21.66,96,47.94,100,57.62,100,57.62
18.2,31.9,0.00,0.00,94,21.66,98,47.94,100,57.62,100,57.62
16.9,31.9,0.00,0.00,92,21.66,98,47.94,100,57.62,100,57.62
18.7,31.9,0.00,0.00,94,21.66,97,47.94,100,57.62,100,57.62
16.4,31.9,0.00,0.00,94,21.66,97,47.94,100,57.62,100,57.62
18.2,31.9,0.00,0.00,94,21.66,96,47.94,100,57.62,100,57.62
18.2,31.9,0.00,0.00,93,21.66,96,47.94,100,57.62,100,57.62
18.1,31.9,0.00,0.00,94,21.66,97,47.94,100,57.62,100,57.62
16.9,31.9,0.00,0.00,94,21.66,97,47.94,100,57.62,100,57.62
14.2,31.0,0.00,0.00,49,21.66,96,47.94,100,57.62,100,57.62
12.8,31.2,0.00,0.00,0,21.66,95,47.94,100,57.62,100,57.62
14.2,31.5,0.00,0.00,0,21.66,97,47.94,100,57.62,100,57.62
91.7,31.7,0.00,0.00,0,21.66,97,47.94,100,57.62,100,57.62
17.7,31.9,0.00,0.00,5,21.66,97,47.94,100,57.62,100,57.62
18.0,31.9,0.00,0.00,92,21.66,97,47.94,100,57.62,100,57.62
17.5,31.9,0.00,0.00,93,21.66,97,47.94,100,57.62,100,57.62
18.2,31.9,0.00,0.00,93,21.66,98,47.94,100,57.62,100,57.62
19.0,31.9,0.00,0.00,92,21.66,97,47.94,100,57.62,100,57.62
17.7,31.9,0.00,0.00,92,21.66,97,47.94,100,57.62,100,57.62
18.6,31.9,0.00,0.00,93,21.66,97,47.94,100,57.62,100,57.62
17.7,31.9,0.00,0.00,94,21.66,97,47.94,100,57.62,100,57.62
19.1,31.9,0.00,0.00,94,21.66,97,47.94,100,57.62,100,57.62
18.2,31.9,0.00,0.00,94,21.66,97,47.94,100,57.62,100,57.62
16.5,31.9,0.00,0.00,94,21.66,97,47.94,100,57.62,100,57.62
52.4,30.9,0.00,0.00,94,21.66,95,47.94,100,57.62,100,57.62
19.9,31.1,0.00,0.00,88,21.66,97,47.94,100,57.62,100,57.62
28.1,31.3,0.00,0.00,89,21.66,97,47.94,100,57.62,100,57.62
19.4,31.5,0.00,0.00,87,21.66,96,47.94,100,57.62,100,57.62
76.7,31.7,0.00,0.00,89,21.66,97,47.94,100,57.62,100,57.62
18.3,31.9,0.00,0.00,92,21.66,97,47.94,100,57.62,100,57.62
19.8,31.9,0.00,0.00,91,21.66,97,47.94,100,57.62,100,57.62
18.2,31.9,0.00,0.00,94,21.66,97,47.94,100,57.62,100,57.62
18.4,31.9,0.00,0.00,93,21.66,97,47.94,100,57.62,100,57.62
18.5,31.9,0.00,0.00,92,21.66,97,47.94,100,57.62,100,57.62
18.2,31.9,0.00,0.00,93,21.66,97,47.94,100,57.62,100,57.62
13.3,30.8,0.00,0.00,46,2.95,97,47.94,100,57.62,100,57.62
12.7,26.6,0.00,0.00,3,2.95,97,47.94,100,57.62,100,57.62
11.1,26.6,0.00,0.00,0,2.95,98,47.94,100,57.62,100,57.62
11.4,26.6,0.00,0.00,0,2.95,98,47.94,100,57.62,100,57.62
15.3,26.9,0.00,0.00,0,2.95,97,47.94,99,57.62,100,57.62
16.5,27.3,0.00,0.00,0,2.95,98,47.94,100,57.62,100,57.62
14.5,28.1,0.00,0.00,0,6.25,97,47.94,100,57.62,100,57.62
15.9,31.5,0.00,0.00,6,18.57,96,47.94,100,57.62,100,57.62
16.5,35.2,0.00,0.00,6,45.85,97,47.94,100,57.62,100,57.62
49.8,35.1,0.00,0.00,6,45.85,97,47.94,100,57.62,100,57.62
14.4,35.4,0.00,0.00,0,45.85,97,47.94,100,57.62,100,57.62
13.8,35.6,0.00,0.00,0,45.85,97,47.94,100,57.62,100,57.62
10.0,35.8,0.00,0.00,0,45.85,97,47.94,100,57.62,100,57.62
26.6,35.3,0.00,0.00,71,52.46,96,47.94,100,57.62,100,57.62
73.1,35.7,0.00,0.00,94,52.46,96,47.94,100,57.62,100,57.62
24.1,36.0,0.00,0.00,95,52.46,96,47.94,100,57.62,100,57.62
30.1,36.4,0.00,0.00,95,52.46,96,47.94,100,57.62,100,57.62
50.5,36.8,0.00,0.00,98,52.46,95,47.94,82,2.95,10,2.95
13.6,26.8,0.00,0.00,98,52.46,98,47.94,1,2.95,0,2.95
14.6,26.8,0.00,0.00,99,52.46,97,47.94,0,2.95,0,2.95
22.5,27.4,0.00,0.00,94,52.46,93,47.94,0,2.95,0,2.95
23.0,28.2,0.00,0.00,91,52.46,94,47.94,0,2.95,0,2.95
20.3,28.9,0.00,0.00,99,52.46,98,47.94,6,11.98,10,15.13
22.3,35.4,0.00,0.00,98,52.46,97,47.94,11,23.53,10,27.29
23.0,42.5,0.00,0.00,98,52.46,97,47.94,10,32.12,0,30.12
17.8,43.9,0.00,0.00,98,52.46,97,47.94,0,32.12,0,30.12
17.7,44.4,0.00,0.00,94,52.46,96,47.94,0,32.12,0,30.12
17.9,44.8,0.00,0.00,96,52.46,97,47.94,0,32.12,0,30.12
65.1,44.4,0.00,0.00,57,58.98,94,47.94,0,32.12,0,38.72
72.5,45.2,0.00,0.00,67,58.98,94,47.94,78,36.25,65,38.72
36.0,45.8,0.00,0.00,62,58.98,96,47.94,83,36.25,60,38.72
61.2,46.4,0.00,0.00,63,58.98,95,47.94,86,36.25,64,38.72
33.1,47.0,0.00,0.00,64,58.98,96,47.94,82,36.25,64,38.72
33.0,47.6,0.00,0.00,61,58.98,97,47.94,84,36.25,67,38.72
22.2,48.1,0.00,0.00,65,58.98,97,47.94,82,36.25,62,38.72
26.8,48.1,0.00,0.00,64,58.98,97,47.94,89,36.25,71,38.72
26.6,48.1,0.00,0.00,66,58.98,98,47.94,83,36.25,68,38.72
25.5,48.1,0.00,0.00,69,58.98,98,47.94,85,36.25,72,38.72
26.5,47.1,0.00,0.00,72,58.98,85,47.94,89,36.25,69,38.72
29.2,47.2,0.00,0.00,63,58.98,97,47.94,83,36.25,73,38.72
28.8,47.5,0.00,0.00,69,58.98,97,47.94,87,36.25,65,38.72
29.9,47.7,0.00,0.00,63,58.98,97,47.94,89,36.25,70,38.72
28.2,47.9,0.00,0.00,66,59.03,98,47.94,89,36.25,68,38.72
29.2,47.2,0.00,0.00,89,59.03,98,47.94,88,36.25,66,38.72
28.4,47.4,0.00,0.00,96,59.03,97,47.94,85,36.25,67,38.72
29.1,47.7,0.00,0.00,98,59.03,97,47.94,85,36.25,69,38.72
27.4,47.9,0.00,0.00,97,59.03,97,47.94,88,36.25,74,38.72
32.8,48.1,0.00,0.00,94,59.03,96,47.94,85,36.25,67,38.72
25.3,48.1,0.00,0.00,98,59.03,98,47.94,81,36.25,59,43.11
24.2,47.1,0.00,0.00,98,59.03,97,47.94,80,36.25,70,47.43
29.4,47.3,0.00,0.00,98,59.03,97,47.94,86,36.25,67,47.43
29.4,47.5,0.00,0.00,98,59.03,97,47.94,86,36.25,68,47.43
28.4,47.7,0.00,0.00,98,59.03,98,47.94,70,40.38,73,47.43
30.0,47.1,0.00,0.00,97,59.03,96,47.94,83,40.38,68,47.43
30.8,47.5,0.00,0.00,80,59.03,96,47.94,86,40.38,72,47.43
33.3,47.7,0.00,0.00,98,59.03,98,47.94,87,40.38,72,47.43
73.3,47.9,0.00,0.00,97,59.03,98,47.94,85,40.38,70,47.43
26.5,48.1,0.00,0.00,94,59.03,97,47.94,85,40.38,67,47.43
29.4,43.1,0.00,0.00,61,30.96,97,47.94,88,40.38,73,47.43
26.8,42.9,0.00,0.00,67,30.96,98,47.94,87,40.38,72,47.43
26.3,42.9,0.00,0.00,70,30.96,97,47.94,89,40.38,71,47.43
28.3,42.9,0.00,0.00,63,30.96,97,47.94,89,40.38,72,47.43
25.7,42.9,0.00,0.00,68,30.96,98,47.94,88,40.38,70,47.43
24.9,42.9,0.00,0.00,67,30.96,97,47.94,88,40.38,71,47.43
27.5,42.9,0.00,0.00,72,30.96,98,47.94,90,40.38,70,47.43
27.1,42.9,0.00,0.00,72,30.96,97,47.94,90,40.38,69,47.43
22.9,42.9,0.00,0.00,70,30.96,97,47.94,90,40.38,69,47.43
29.4,42.0,0.00,0.00,70,30.96,95,47.94,85,40.38,71,47.43
30.6,42.2,0.00,0.00,68,30.96,96,47.94,85,40.38,69,47.55
30.9,41.4,0.00,0.00,68,30.96,96,47.94,84,40.38,73,47.55
32.2,41.7,0.00,0.00,62,30.96,95,47.94,85,40.38,67,47.55
31.5,42.1,0.00,0.00,64,30.96,96,47.94,87,40.38,70,47.55
20.7,41.4,0.00,0.00,23,2.95,98,47.94,83,40.38,72,47.55
20.7,37.3,0.00,0.00,5,2.95,98,47.94,90,40.38,71,47.55
18.0,37.5,0.00,0.00,0,2.95,98,47.94,91,40.38,74,47.55
17.6,37.5,0.00,0.00,0,2.95,97,47.94,92,40.38,75,47.55
17.5,37.5,0.00,0.00,0,2.95,97,47.94,87,40.38,77,47.55
20.9,37.2,0.00,0.00,0,2.95,97,47.94,65,40.38,76,47.55
92.7,36.8,0.00,0.00,0,2.95,96,47.94,86,40.38,74,47.55
46.6,37.5,0.00,0.00,0,2.95,94,47.94,85,40.38,69,47.55
23.8,38.0,0.00,0.00,0,2.95,96,47.94,88,40.38,73,47.55
80.0,40.2,0.00,0.00,0,8.58,98,47.94,90,40.38,72,47.55
21.7,42.9,0.00,0.00,3,19.45,98,47.94,93,40.38,77,47.55
45.5,45.7,0.00,0.00,7,29.66,97,47.94,90,40.38,73,47.55
20.3,46.2,0.00,0.00,7,51.19,96,47.94,91,40.38,72,47.55
19.3,46.4,0.00,0.00,0,51.19,97,47.94,87,40.38,75,47.55
23.5,46.6,0.00,0.00,0,51.19,96,47.94,91,40.38,77,47.55
20.3,46.8,0.00,0.00,0,60.15,97,47.94,89,40.38,79,47.55
26.6,47.1,0.00,0.00,90,60.15,96,47.94,91,40.38,75,25.25
26.7,42.0,0.00,0.00,88,60.15,97,47.94,90,40.38,74,25.25
23.4,42.3,0.00,0.00,91,60.15,96,47.94,91,40.38,76,25.25
22.9,42.5,0.00,0.00,89,60.15,97,47.94,90,40.38,68,25.25
23.4,42.8,0.00,0.00,91,60.15,97,47.94,93,40.38,75,25.25
20.4,42.8,0.00,0.00,91,60.15,97,47.75,94,40.38,75,25.25
22.2,37.4,0.00,0.00,91,60.15,97,25.45,95,40.38,75,25.25
23.6,37.4,0.00,0.00,92,60.15,97,25.45,94,40.38,70,25.25
23.5,37.4,0.00,0.00,93,60.15,97,25.45,93,40.38,70,25.25
24.2,37.4,0.00,0.00,93,60.15,97,25.45,92,40.38,71,25.25
23.0,37.4,0.00,0.00,91,60.15,97,25.45,92,40.38,72,25.25
23.9,37.4,0.00,0.00,93,60.15,97,25.45,92,40.38,73,25.25
24.1,37.4,0.00,0.00,92,60.15,98,25.45,93,40.38,72,25.25
19.0,37.4,0.00,0.00,92,60.15,98,25.45,64,21.66,77,25.25
24.7,32.1,0.00,0.00,93,60.15,97,25.45,92,21.66,75,25.25
21.9,32.2,0.00,0.00,93,60.15,96,25.45,95,21.66,76,25.25
23.4,32.2,0.00,0.00,92,60.15,97,25.45,93,21.66,70,25.25
21.9,32.1,0.00,0.00,94,60.15,98,25.45,90,21.66,71,25.25
23.2,32.2,0.00,0.00,91,60.15,98,25.45,93,21.66,74,25.25
22.2,32.1,0.00,0.00,91,60.15,98,25.45,89,21.66,29,2.95
18.0,26.9,0.00,0.00,95,60.15,97,25.45,92,21.66,0,2.95
15.9,26.8,0.00,0.00,95,60.15,97,25.45,94,21.66,0,2.95
50.5,26.9,0.00,0.00,94,60.15,97,25.45,91,21.66,0,2.95
17.2,27.4,0.00,0.00,87,60.15,93,25.45,87,21.66,0,2.95
18.8,27.7,0.00,0.00,89,60.15,97,25.45,89,21.66,0,9.59
19.2,30.1,0.00,0.00,94,60.15,97,25.45,91,21.66,9,21.14
19.2,33.6,0.00,0.00,95,60.15,97,25.45,93,21.66,10,45.85
43.2,35.3,0.00,0.00,96,60.15,98,25.45,89,21.66,0,45.85
17.3,35.5,0.00,0.00,94,60.15,96,25.45,92,21.66,0,45.85
16.9,35.7,0.00,0.00,90,60.15,96,25.45,89,21.66,0,45.85
18.1,35.9,0.00,0.00,93,60.15,97,25.45,92,21.66,0,45.85
60.4,35.3,0.00,0.00,92,60.15,0,25.45,88,21.66,61,52.36
80.0,35.7,0.00,0.00,93,60.15,0,25.45,88,21.66,78,52.36
29.6,36.2,0.00,0.00,90,60.15,0,25.45,86,21.66,84,52.36
22.9,36.6,0.00,0.00,87,60.15,0,25.45,89,21.66,80,52.36
23.2,37.1,0.00,0.00,90,60.15,0,25.45,88,21.66,71,52.36
26.1,37.5,0.00,0.00,88,60.15,95,25.45,90,21.66,74,52.36
24.9,37.5,0.00,0.00,92,60.15,96,25.45,91,21.66,75,52.36
21.4,36.5,0.00,0.00,94,60.15,97,25.45,0,2.95,91,52.36
18.9,32.2,0.00,0.00,96,60.15,97,25.45,0,2.95,88,52.36
20.2,32.2,0.00,0.00,95,60.15,97,25.45,0,2.95,85,52.36
18.3,32.2,0.00,0.00,94,60.15,98,25.45,0,2.95,90,52.36
19.2,32.2,0.00,0.00,93,60.15,97,25.45,0,2.95,99,52.41
17.1,31.2,0.00,0.00,96,60.15,97,25.45,0,2.95,86,58.93
84.1,31.5,0.00,0.00,86,60.15,95,25.45,0,2.95,85,58.93
23.7,31.9,0.00,0.00,91,60.15,96,25.45,0,2.95,86,58.93
22.6,32.7,0.00,0.00,90,60.15,97,25.45,2,8.65,91,58.93
24.5,34.8,0.00,0.00,87,60.15,97,25.45,3,14.61,94,58.93
21.1,36.7,0.00,0.00,90,60.15,96,25.45,3,24.4,95,58.93
42.4,36.6,0.00,0.00,92,60.15,98,25.45,0,24.4,98,58.93
65.6,36.9,0.00,0.00,91,60.15,97,25.45,0,24.4,95,58.93
77.0,36.8,0.00,0.00,92,84.2,98,25.45,0,24.4,94,58.93
23.6,36.5,0.00,0.00,100,84.2,97,25.45,0,31.01,90,58.93
28.2,36.9,0.00,0.00,100,84.2,96,25.45,97,31.01,84,58.93
27.6,37.1,0.00,0.00,100,84.2,97,25.45,97,31.01,83,58.98
25.8,36.3,0.00,0.00,100,84.2,98,25.45,93,31.01,73,58.98
31.1,36.6,0.00,0.00,100,84.2,98,25.45,97,31.01,79,58.98
33.2,36.8,0.00,0.00,99,84.2,97,25.45,95,31.01,75,58.98
27.2,37.1,0.00,0.00,99,84.2,97,25.45,98,31.01,99,58.98
28.3,37.3,0.00,0.00,100,84.2,97,25.45,97,31.01,99,58.98
25.9,37.5,0.00,0.00,100,84.2,97,25.45,97,31.01,99,58.98
22.0,32.5,0.00,0.00,100,84.2,1,2.95,99,31.01,99,58.98
20.9,32.1,0.00,0.00,100,84.2,0,2.95,99,31.01,99,58.98
20.9,32.1,0.00,0.00,99,84.2,0,2.95,99,31.01,99,58.98
20.6,32.1,0.00,0.00,100,84.2,0,2.95,99,31.01,99,58.98
94.2,32.2,0.00,0.00,100,84.2,0,2.95,97,31.01,99,58.98
46.3,32.4,0.00,0.00,100,84.2,0,2.95,97,31.01,99,58.98
21.5,32.6,0.00,0.00,100,84.2,0,4.67,99,31.01,99,58.98
18.2,33.2,0.00,0.00,100,84.2,5,10.24,0,31.01,60,58.98
20.0,34.0,0.00,0.00,100,84.2,4,15.73,0,31.01,90,58.98
88.0,35.1,0.00,0.00,100,84.2,0,24.4,0,31.01,77,58.98
36.4,35.7,0.00,0.00,99,84.2,0,24.4,0,31.01,84,58.98
19.1,36.4,0.00,0.00,100,84.2,0,24.4,0,31.01,94,58.98
30.5,37.0,0.00,0.00,100,84.2,0,24.4,95,31.01,88,58.98
24.3,37.3,0.00,0.00,100,84.2,0,31.01,98,31.01,84,58.98
28.6,37.4,0.00,0.00,100,84.2,99,31.01,97,31.01,73,58.98
28.6,37.4,0.00,0.00,100,84.2,98,31.01,98,31.01,79,58.98
26.6,37.4,0.00,0.00,100,84.2,97,31.01,97,31.01,70,58.98
29.4,37.4,0.00,0.00,100,84.2,98,31.01,97,31.01,66,58.98
27.3,37.4,0.00,0.00,100,84.2,98,31.01,96,31.01,78,58.98
27.7,37.4,0.00,0.00,99,84.2,98,31.01,97,31.01,86,58.98
27.8,37.4,0.00,0.00,100,84.2,98,31.01,98,31.01,50,58.98
29.0,36.4,0.00,0.00,100,84.2,99,31.01,97,31.01,76,58.98
32.4,36.6,0.00,0.00,100,84.2,95,31.01,98,31.01,74,58.98
29.4,36.8,0.00,0.00,100,84.2,98,31.01,96,31.01,72,58.98
29.0,37.0,0.00,0.00,100,84.2,96,31.01,97,31.01,79,58.98
27.7,37.2,0.00,0.00,100,84.2,98,31.01,98,31.01,90,58.98
29.3,37.4,0.00,0.00,100,84.2,97,31.01,98,31.01,78,58.98
24.4,36.4,0.00,0.00,100,84.2,97,31.01,0,31.01,95,58.98
23.9,36.6,0.00,0.00,100,84.2,98,31.01,0,31.01,98,58.98
17.0,35.9,0.00,0.00,100,84.2,10,31.01,0,31.01,96,58.98
98.4,36.3,0.00,0.00,100,84.2,0,31.01,0,31.01,99,58.98
28.6,36.8,0.00,0.00,100,84.2,0,31.01,36,31.01,99,58.98
23.5,37.1,0.00,0.00,100,84.2,0,31.01,97,31.01,91,58.98
23.9,37.3,0.00,0.00,100,84.2,25,31.01,97,31.01,90,58.98
28.1,37.4,0.00,0.00,100,84.2,98,31.01,98,31.01,74,58.98
30.0,36.5,0.00,0.00,100,84.2,97,31.01,96,31.01,65,58.98
31.4,36.7,0.00,0.00,100,84.2,98,31.01,95,31.01,99,58.98
29.4,37.0,0.00,0.00,100,84.2,98,31.01,98,31.01,77,58.98
29.6,37.2,0.00,0.00,100,84.2,96,31.01,97,31.01,74,58.98
31.7,37.4,0.00,0.00,100,84.2,98,31.01,98,31.01,74,58.98
27.7,37.4,0.00,0.00,100,84.2,98,31.01,98,31.01,99,58.98
29.8,37.4,0.00,0.00,100,84.2,99,31.01,98,31.01,99,58.98
30.1,37.4,0.00,0.00,100,84.2,98,31.01,98,31.01,99,58.98
29.0,37.4,0.00,0.00,100,84.2,98,31.01,98,31.01,99,58.98
27.7,37.4,0.00,0.00,100,84.2,98,31.01,98,31.01,99,58.98
25.2,37.4,0.00,0.00,100,84.27,99,31.01,98,31.01,97,58.98
29.6,36.5,0.00,0.00,52,84.27,99,31.01,98,31.01,78,58.98
23.1,35.7,0.00,0.00,90,84.27,98,31.01,9,2.95,89,58.98
18.9,31.7,0.00,0.00,92,84.27,97,31.01,0,2.95,53,58.98
56.4,31.0,0.00,0.00,91,84.27,96,31.01,0,2.95,90,58.98
23.5,30.6,0.00,0.00,87,84.27,0,31.01,0,2.95,92,58.98
79.9,31.0,0.00,0.00,88,84.27,0,31.01,0,2.95,96,58.98
78.9,31.4,0.00,0.00,91,84.27,0,31.01,0,2.95,92,58.98
27.6,32.0,0.00,0.00,88,84.27,0,31.01,0,2.95,91,58.98
16.5,32.5,0.00,0.00,93,84.27,0,31.01,0,3.07,99,58.98
23.6,33.5,0.00,0.00,95,84.27,98,31.01,3,10.33,99,58.98
22.9,35.4,0.00,0.00,95,84.27,99,31.01,2,18.1,99,58.98
23.5,36.4,0.00,0.00,95,84.27,98,31.01,0,24.4,98,58.98
24.7,36.6,0.00,0.00,90,84.27,98,31.01,0,24.4,91,58.98
22.5,36.8,0.00,0.00,91,84.27,96,31.01,0,24.4,90,58.98
23.8,37.0,0.00,0.00,91,84.27,96,31.01,0,24.4,52,30.96
46.0,31.9,0.00,0.00,92,84.27,97,31.01,0,30.7,99,30.96
27.1,32.0,0.00,0.00,95,84.27,98,31.01,98,30.7,72,30.96
26.7,32.0,0.00,0.00,91,84.27,98,31.01,93,30.7,68,30.96
27.8,32.0,0.00,0.00,90,84.27,97,31.01,97,30.7,72,30.96
28.8,32.0,0.00,0.00,91,84.27,98,31.01,98,30.7,85,30.96
25.3,32.0,0.00,0.00,92,84.27,98,31.01,99,30.7,100,30.96
28.8,32.0,0.00,0.00,95,84.27,98,31.01,98,30.7,83,30.96
23.7,32.0,0.00,0.00,93,84.27,99,31.01,98,30.7,100,30.96
27.3,32.0,0.00,0.00,95,84.27,99,31.01,98,30.7,82,30.96
29.5,32.0,0.00,0.00,94,84.27,98,31.01,98,30.7,91,30.96
20.9,27.0,0.00,0.00,92,84.27,5,2.95,99,30.7,90,30.96
20.5,26.8,0.00,0.00,92,84.27,0,2.95,99,30.7,95,30.96
20.2,26.8,0.00,0.00,94,84.27,0,2.95,99,30.7,93,30.96
25.4,27.0,0.00,0.00,89,84.27,0,2.95,95,30.7,89,30.96
18.3,26.4,0.00,0.00,92,84.27,0,2.95,94,30.7,5,2.95
15.1,22.7,0.00,0.00,94,84.27,0,8.64,98,30.7,0,2.95
10.6,25.1,0.00,0.00,95,84.27,6,20.55,0,30.7,0,2.95
10.6,28.9,0.00,0.00,92,84.27,6,45.85,0,30.7,0,2.95
8.3,29.5,0.00,0.00,91,84.27,0,45.85,0,30.7,0,2.95
8.5,30.0,0.00,0.00,91,84.27,0,45.85,0,30.7,0,2.95
14.0,30.4,0.00,0.00,94,84.27,0,45.85,98,30.7,0,2.95
17.8,30.6,0.00,0.00,93,84.27,0,45.85,96,30.7,0,2.95
22.9,30.9,0.00,0.00,94,84.27,37,52.36,97,30.7,0,2.95
28.4,31.1,0.00,0.00,92,84.27,75,52.36,97,30.7,0,2.95
22.9,31.4,0.00,0.00,92,84.27,80,52.36,96,30.7,0,2.95
23.2,31.6,0.00,0.00,94,84.27,83,52.36,99,30.7,0,2.95
22.9,31.8,0.00,0.00,89,84.27,80,52.36,98,30.7,0,2.95
20.6,32.0,0.00,0.00,91,84.27,85,52.36,99,30.7,0,2.95
22.2,32.0,0.00,0.00,95,84.27,80,52.36,99,30.7,0,2.95
22.1,32.0,0.00,0.00,96,84.27,99,52.36,99,30.7,0,2.95
21.6,32.1,0.00,0.00,95,84.27,89,52.36,99,30.7,0,2.95
20.7,32.0,0.00,0.00,94,84.27,95,52.36,98,30.7,0,2.95
20.7,32.0,0.00,0.00,96,84.27,93,52.36,99,30.7,0,2.95
21.2,32.0,0.00,0.00,96,84.27,90,52.36,99,30.7,0,2.95
23.3,31.1,0.00,0.00,95,84.27,53,58.93,98,30.7,0,2.95
24.7,31.3,0.00,0.00,89,84.27,86,58.93,20,30.7,0,2.95
85.4,30.6,0.00,0.00,90,84.27,85,58.93,0,30.7,0,2.95
95.8,31.1,0.00,0.00,87,84.27,85,58.93,0,30.7,0,2.95
17.8,30.6,0.00,0.00,55,84.27,90,58.93,0,30.7,0,2.95
16.2,31.1,0.00,0.00,100,84.27,98,58.93,0,30.7,0,2.95
35.1,31.5,0.00,0.00,100,84.27,99,58.93,97,30.7,0,2.95
22.7,31.7,0.00,0.00,100,84.27,98,58.93,98,30.7,0,2.95
22.0,32.0,0.00,0.00,99,84.27,99,58.93,97,30.7,0,2.95
21.2,32.1,0.00,0.00,100,84.27,99,58.93,99,30.7,0,2.95
20.0,32.1,0.00,0.00,100,84.27,99,58.93,99,30.7,0,2.95
20.2,32.1,0.00,0.00,100,84.27,98,58.93,99,30.7,0,2.95
20.9,32.1,0.00,0.00,100,84.27,99,58.98,99,30.7,0,2.95
24.2,31.2,0.00,0.00,100,84.27,87,58.98,98,30.7,0,2.95
73.2,31.4,0.00,0.00,100,84.27,91,58.98,97,30.7,0,2.95
22.2,31.6,0.00,0.00,100,84.27,85,58.98,95,30.7,0,2.95
21.1,31.9,0.00,0.00,100,84.27,82,58.98,98,30.7,0,2.95
26.1,32.1,0.00,0.00,100,84.27,97,58.98,98,30.7,0,2.95
18.6,32.1,0.00,0.00,100,84.27,99,58.98,99,30.7,0,2.95
19.6,32.1,0.00,0.00,100,84.27,99,58.98,99,30.7,0,2.95
19.2,32.1,0.00,0.00,100,84.27,99,58.98,99,30.7,0,2.95
20.4,32.1,0.00,0.00,100,84.27,99,58.98,20,2.95,0,2.95
16.6,27.0,0.00,0.00,100,84.27,99,58.98,0,2.95,0,2.95
18.2,27.3,0.00,0.00,100,84.27,98,58.98,0,2.95,0,2.95
12.8,27.5,0.00,0.00,100,84.27,100,58.98,0,4.74,0,6.26
16.9,29.4,0.00,0.00,100,84.27,99,58.98,5,10.68,5,12.58
16.7,33.1,0.00,0.00,100,84.27,86,58.98,5,18.05,5,18.05
69.5,29.9,0.00,0.00,100,84.27,55,30.96,0,18.05,0,18.05
17.6,30.3,0.00,0.00,100,84.27,96,30.96,0,18.05,0,18.05
24.2,30.7,0.00,0.00,100,84.27,99,30.96,0,18.05,0,18.05
24.2,31.2,0.00,0.00,100,84.27,91,30.96,0,18.05,0,18.05
18.3,31.6,0.00,0.00,99,84.27,99,30.96,0,21.78,60,21.78
22.4,31.9,0.00,0.00,100,84.27,99,30.96,90,21.78,91,21.78
23.0,31.9,0.00,0.00,99,84.27,99,30.96,93,21.78,92,21.78
23.4,31.9,0.00,0.00,100,84.27,99,30.96,93,21.78,91,21.78
21.8,31.9,0.00,0.00,100,84.27,99,30.96,93,21.78,90,21.78
23.1,31.9,0.00,0.00,99,84.27,99,30.96,93,21.78,92,21.78
23.0,31.9,0.00,0.00,100,84.27,99,30.96,91,21.78,94,21.78
22.6,31.9,0.00,0.00,100,84.27,98,30.96,91,21.78,95,21.78
23.1,31.9,0.00,0.00,100,84.27,99,30.96,93,21.78,94,21.78
21.6,31.9,0.00,0.00,100,84.27,99,30.96,93,21.78,94,21.78
22.8,31.8,0.00,0.00,100,84.27,82,2.95,94,21.78,90,21.78
14.4,26.5,0.00,0.00,100,84.27,0,2.95,91,21.78,89,21.78
15.4,26.5,0.00,0.00,100,84.27,0,2.95,89,21.78,94,21.78
19.9,26.7,0.00,0.00,100,84.27,0,2.95,87,21.81,3,21.81
42.1,25.2,0.00,0.00,99,84.27,0,2.95,0,21.81,0,21.81
9.6,26.4,0.00,0.00,100,84.27,1,8.63,0,21.81,0,21.81
10.2,28.6,0.00,0.00,99,84.27,3,14.44,0,21.81,0,21.81
10.2,30.4,0.00,0.00,100,84.27,2,17.54,0,21.81,0,21.81
24.1,31.0,0.00,0.00,100,84.27,0,17.54,91,21.81,91,21.81
17.2,31.2,0.00,0.00,100,84.27,0,17.54,91,21.81,92,21.81
17.7,31.4,0.00,0.00,100,84.27,0,17.54,92,21.81,92,21.81
33.9,31.7,0.00,0.00,100,84.27,0,25.4,92,21.81,89,21.81
22.8,31.9,0.00,0.00,100,84.27,95,25.4,91,21.81,91,21.81
21.2,31.9,0.00,0.00,100,84.27,95,25.4,91,21.81,95,21.81
21.0,31.9,0.00,0.00,100,84.27,96,25.4,94,21.81,94,21.81
22.0,31.9,0.00,0.00,100,84.27,96,25.4,94,21.81,95,21.81
21.6,31.9,0.00,0.00,100,84.27,96,25.4,93,21.81,95,21.81
20.9,31.9,0.00,0.00,100,84.27,96,25.4,92,21.81,95,21.81
20.0,31.9,0.00,0.00,99,84.27,97,25.4,93,21.81,96,21.81
23.0,26.8,0.00,0.00,49,27.84,97,25.4,94,21.81,95,21.81
21.0,26.5,0.00,0.00,94,27.84,97,25.4,94,21.81,89,21.81
17.7,26.5,0.00,0.00,95,27.84,97,25.4,25,21.81,24,21.81
13.5,24.8,0.00,0.00,91,27.84,95,25.4,0,21.81,0,21.81
13.8,25.2,0.00,0.00,85,27.84,95,25.4,0,21.81,0,21.81
14.0,25.7,0.00,0.00,88,27.84,96,25.4,0,21.81,0,21.81
73.3,26.2,0.00,0.00,90,27.84,95,25.4,0,21.81,23,21.81
20.2,26.5,0.00,0.00,92,27.84,97,25.4,95,21.81,93,21.81
22.5,26.5,0.00,0.00,94,27.84,97,25.4,94,21.81,96,21.81
20.5,26.5,0.00,0.00,96,27.84,97,25.4,94,21.81,94,21.81
20.8,26.5,0.00,0.00,94,27.84,97,25.4,94,21.81,93,21.81
21.8,26.5,0.00,0.00,94,27.84,97,25.4,93,21.81,94,21.81
21.3,26.5,0.00,0.00,93,27.84,97,25.4,92,21.81,94,21.81
19.3,26.5,0.00,0.00,95,27.84,97,25.4,91,21.81,95,21.81
20.8,26.5,0.00,0.00,94,27.84,96,25.4,93,21.81,92,21.81
17.3,26.5,0.00,0.00,95,27.84,97,25.45,90,21.81,93,21.81
16.7,25.6,0.00,0.00,94,27.84,0,25.45,92,21.81,92,21.81
16.9,25.8,0.00,0.00,93,27.84,0,25.45,87,21.81,92,21.81
32.5,26.0,0.00,0.00,93,27.84,0,25.45,91,21.81,92,21.81
17.1,26.2,0.00,0.00,93,27.84,0,25.45,90,21.81,92,21.81
27.4,26.5,0.00,0.00,93,27.84,30,25.45,92,21.81,95,21.81
24.6,24.7,0.00,0.00,96,27.84,96,25.45,0,21.81,0,21.81
15.0,24.9,0.00,0.00,89,27.84,95,25.45,0,21.81,0,21.81
78.7,25.4,0.00,0.00,88,27.84,94,25.45,0,21.81,0,21.81
51.8,25.8,0.00,0.00,87,27.84,95,25.45,0,21.81,0,21.81
14.0,26.3,0.00,0.00,91,27.84,94,25.45,0,21.81,3,21.81
20.5,26.5,0.00,0.00,96,27.84,97,25.45,91,21.81,95,21.81
21.9,26.5,0.00,0.00,95,27.84,97,25.45,94,21.81,91,21.81
21.5,26.5,0.00,0.00,94,27.84,97,25.45,94,21.81,95,21.81
20.3,26.5,0.00,0.00,95,27.84,97,25.45,94,21.81,94,21.81
21.1,26.5,0.00,0.00,94,27.84,97,25.45,94,21.81,95,21.81
21.4,26.5,0.00,0.00,93,27.84,96,25.45,87,21.81,95,21.81
18.7,26.5,0.00,0.00,94,27.84,97,25.45,93,21.81,94,21.81
18.6,26.5,0.00,0.00,93,27.84,97,25.45,91,21.81,94,21.81
21.0,26.5,0.00,0.00,95,27.84,97,25.45,91,21.81,94,21.81
20.5,26.5,0.00,0.00,95,27.84,96,25.45,93,21.81,95,21.81
21.4,26.5,0.00,0.00,94,27.84,97,25.45,91,21.81,94,21.81
20.0,26.5,0.00,0.00,96,27.84,97,25.45,92,21.81,96,21.81
20.1,26.5,0.00,0.00,95,27.84,97,25.45,91,21.81,96,21.81
20.6,26.5,0.00,0.00,93,27.84,97,25.45,93,21.81,95,21.81
13.9,24.5,0.00,0.00,94,27.84,97,25.45,0,21.81,0,21.81
26.3,25.0,0.00,0.00,90,27.84,95,25.45,0,21.81,0,21.81
21.5,25.5,0.00,0.00,91,27.84,95,25.45,0,21.81,0,21.81
13.7,25.9,0.00,0.00,91,27.84,96,25.45,0,21.81,0,21.81
10.2,26.4,0.00,0.00,86,27.84,94,25.45,57,21.81,80,21.81
17.5,25.6,0.00,0.00,93,27.84,0,25.45,90,21.81,89,21.81
17.7,25.9,0.00,0.00,93,27.84,0,25.45,90,21.81,92,21.81
17.0,26.1,0.00,0.00,93,27.84,0,25.45,92,21.81,89,21.81
86.1,26.3,0.00,0.00,93,27.84,0,25.45,91,21.81,92,21.81
23.1,26.5,0.00,0.00,91,27.84,54,25.45,84,21.81,92,21.81
21.4,26.5,0.00,0.00,94,27.84,97,25.45,90,21.81,88,21.81
20.0,26.5,0.00,0.00,95,27.84,96,25.45,92,21.81,94,21.81
19.1,26.5,0.00,0.00,93,27.84,97,25.45,93,21.81,95,21.81
25.0,26.5,0.00,0.00,96,27.64,97,25.45,92,21.81,88,21.81
17.4,21.2,0.00,0.00,4,2.95,98,25.45,92,21.81,91,21.81
16.3,21.2,0.00,0.00,0,2.95,98,25.45,91,21.81,94,21.81
16.5,21.2,0.00,0.00,0,2.95,98,25.45,92,21.81,95,21.81
16.9,21.2,0.00,0.00,0,2.95,98,25.45,93,21.81,92,21.81
15.8,21.2,0.00,0.00,0,2.95,98,25.45,92,21.81,40,21.81
10.6,19.2,0.00,0.00,0,2.95,98,25.45,0,21.81,0,21.81
18.7,19.9,0.00,0.00,0,2.95,93,25.45,0,21.81,0,21.81
19.3,20.5,0.00,0.00,0,2.95,96,25.45,0,21.81,0,21.81
73.0,21.7,0.00,0.00,1,6.84,97,25.45,0,21.81,0,21.81
11.7,23.9,0.00,0.00,3,12.53,97,25.45,3,21.81,53,21.81
20.5,25.5,0.00,0.00,3,18.76,97,25.45,94,21.81,91,21.81
18.8,25.7,0.00,0.00,0,18.76,97,25.45,90,21.81,94,21.81
21.0,25.9,0.00,0.00,0,18.76,96,25.45,91,21.81,93,21.81
20.2,26.1,0.00,0.00,0,18.76,97,25.45,91,21.81,93,21.81
18.5,26.4,0.00,0.00,0,18.76,97,25.45,89,21.81,91,21.81
20.7,26.6,0.00,0.00,49,33.67,97,25.45,93,21.81,93,21.81
20.1,26.6,0.00,0.00,97,33.67,97,25.45,92,21.81,95,21.81
21.0,26.6,0.00,0.00,97,33.67,97,25.45,93,21.81,96,21.81
20.8,26.6,0.00,0.00,97,33.67,97,25.45,92,21.81,95,21.81
19.5,26.6,0.00,0.00,97,33.67,96,25.45,93,21.81,95,21.81
20.8,26.6,0.00,0.00,96,33.67,97,25.45,92,21.81,93,21.81
20.9,26.6,0.00,0.00,97,33.67,97,25.45,92,21.81,96,21.81
16.9,26.6,0.00,0.00,97,33.67,84,25.45,92,21.81,94,21.81
16.8,25.7,0.00,0.00,97,33.67,0,25.45,92,21.81,92,21.81
10.5,23.9,0.00,0.00,97,33.67,0,25.45,1,2.95,4,2.95
6.1,15.8,0.00,0.00,96,33.67,0,25.45,0,2.95,0,2.95
6.7,16.0,0.00,0.00,96,33.67,0,25.45,0,2.95,0,2.95
26.5,16.4,0.00,0.00,92,33.67,61,25.45,0,2.95,0,2.95
18.8,16.9,0.00,0.00,94,33.67,96,25.45,0,2.95,0,2.95
13.0,17.4,0.00,0.00,97,33.67,97,25.45,3,14.33,0,2.95
14.4,21.2,0.00,0.00,96,33.67,97,25.45,8,26.8,0,2.95
16.1,24.6,0.00,0.00,97,33.67,97,25.45,2,30.12,0,2.95
18.6,24.9,0.00,0.00,97,33.67,98,25.45,0,30.12,0,2.95
11.5,25.1,0.00,0.00,96,33.67,98,25.45,0,30.12,0,2.95
11.3,25.3,0.00,0.00,97,33.67,97,25.45,0,30.12,0,2.95
13.2,25.6,0.00,0.00,97,33.67,97,25.45,0,34.88,0,2.95
23.8,25.9,0.00,0.00,97,33.67,98,25.45,49,34.88,0,2.95
16.1,26.2,0.00,0.00,97,33.67,98,25.45,45,34.88,0,2.95
16.1,26.4,0.00,0.00,97,33.67,98,25.45,46,34.88,0,2.95
16.5,26.6,0.00,0.00,97,33.67,98,25.45,45,34.88,0,2.95
13.8,26.8,0.00,0.00,96,33.67,97,25.45,48,34.88,0,2.95
14.2,26.8,0.00,0.00,98,33.67,98,25.45,48,34.88,0,2.95
14.6,26.8,0.00,0.00,97,33.67,98,25.45,49,34.88,0,2.95
14.8,26.8,0.00,0.00,97,33.67,98,25.45,49,34.88,0,2.95
15.0,26.8,0.00,0.00,98,33.67,98,25.45,49,34.88,0,2.95
15.0,26.8,0.00,0.00,98,33.67,97,25.45,49,34.88,0,2.95
14.6,26.8,0.00,0.00,98,33.67,98,25.45,46,34.88,0,2.95
14.6,26.8,0.00,0.00,98,33.67,98,25.45,47,34.88,0,2.95
14.8,26.8,0.00,0.00,98,33.67,98,25.45,49,34.88,0,2.95
14.6,26.8,0.00,0.00,98,33.67,97,25.45,49,34.88,0,2.95
14.6,26.8,0.00,0.00,97,33.67,98,25.45,50,34.88,0,2.95
13.3,26.8,0.00,0.00,98,33.67,98,25.45,49,34.88,0,2.95
14.6,26.8,0.00,0.00,98,33.67,97,25.45,51,34.88,0,2.95
10.1,25.8,0.00,0.00,98,33.67,33,25.45,46,34.88,0,2.95
11.3,26.0,0.00,0.00,97,33.67,0,25.45,47,34.88,0,2.95
11.5,26.2,0.00,0.00,97,33.67,0,25.45,47,34.88,0,2.95
11.9,26.5,0.00,0.00,98,33.67,0,25.45,49,34.88,0,2.95
15.5,26.8,0.00,0.00,97,33.67,38,25.45,49,34.88,0,2.95
14.7,26.8,0.00,0.00,98,33.67,97,25.45,55,34.88,0,2.95
18.3,26.8,0.00,0.00,98,33.99,97,25.45,51,34.88,0,2.95
14.2,25.9,0.00,0.00,0,33.99,95,25.45,46,34.88,0,2.95
12.9,26.1,0.00,0.00,0,33.99,97,25.45,46,34.88,0,2.95
12.7,26.3,0.00,0.00,0,33.99,96,25.45,45,34.88,0,2.95
13.6,26.6,0.00,0.00,0,33.99,97,25.45,47,34.88,0,2.95
14.9,26.8,0.00,0.00,26,33.99,97,25.45,48,34.88,0,2.95
15.0,26.8,0.00,0.00,96,33.99,97,25.45,51,34.88,0,2.95
14.4,26.8,0.00,0.00,97,33.99,97,25.45,47,34.88,0,2.95
15.2,26.8,0.00,0.00,98,33.99,97,25.45,49,34.88,0,2.95
20.9,26.0,0.00,0.00,97,33.99,97,25.45,28,39.69,0,2.95
18.2,26.0,0.00,0.00,95,33.99,96,25.45,48,39.69,0,2.95
37.2,26.2,0.00,0.00,97,33.99,95,25.45,46,39.69,0,2.95
16.8,26.4,0.00,0.00,97,33.99,95,25.45,52,39.69,0,2.95
17.4,26.7,0.00,0.00,97,33.99,96,25.45,50,39.69,0,2.95
15.4,26.8,0.00,0.00,97,33.99,98,25.45,52,39.69,0,2.95
15.1,26.8,0.00,0.00,97,33.99,97,25.45,50,39.69,0,2.95
15.4,26.8,0.00,0.00,98,33.99,97,25.45,49,39.69,0,2.95
15.2,26.8,0.00,0.00,98,33.99,98,25.45,54,39.69,0,2.95
15.4,26.8,0.00,0.00,98,33.99,97,25.45,50,39.69,0,2.95
14.1,26.8,0.00,0.00,98,33.99,97,25.45,50,39.69,0,2.95
15.2,26.8,0.00,0.00,98,33.99,97,25.45,49,39.69,0,2.95
18.3,26.8,0.00,0.00,97,33.99,97,2.95,50,39.69,0,2.95
11.7,21.5,0.00,0.00,98,33.99,4,2.95,48,39.69,0,2.95
14.2,21.7,0.00,0.00,97,33.99,0,2.95,47,39.69,0,2.95
12.4,22.1,0.00,0.00,96,33.99,0,2.95,46,39.69,0,5.74
13.2,23.7,0.00,0.00,98,33.99,3,9.04,49,39.69,4,11.99
14.1,27.5,0.00,0.00,98,33.99,3,15.02,47,39.69,4,19.93
13.1,29.9,0.00,0.00,98,33.99,5,19.93,42,39.69,0,19.93
16.3,30.3,0.00,0.00,96,33.99,0,19.93,45,39.69,0,19.93
13.4,30.7,0.00,0.00,94,33.99,0,19.93,48,39.69,0,19.93
13.5,31.1,0.00,0.00,96,33.99,0,19.93,46,39.69,0,19.93
13.2,31.6,0.00,0.00,97,33.99,0,33.72,44,39.69,10,33.87
16.7,32.1,0.00,0.00,98,33.99,98,33.87,49,39.69,98,33.87
18.4,32.1,0.00,0.00,97,33.99,98,33.87,46,39.69,97,33.87
16.2,32.1,0.00,0.00,96,33.99,98,33.87,48,39.69,98,33.87
17.2,32.1,0.00,0.00,96,33.99,98,33.87,50,39.69,97,33.87
17.3,32.1,0.00,0.00,98,33.99,97,33.87,48,39.69,97,33.87
17.9,32.1,0.00,0.00,98,33.99,98,33.87,49,39.69,98,33.87
17.3,32.1,0.00,0.00,98,33.99,98,33.87,48,39.69,98,33.87
17.1,32.1,0.00,0.00,98,33.99,98,33.87,47,39.69,99,33.87
16.0,32.1,0.00,0.00,98,33.99,98,33.87,51,39.69,96,33.87
15.9,32.1,0.00,0.00,98,33.99,98,33.87,48,39.74,97,33.87
18.7,31.1,0.00,0.00,98,33.99,98,33.87,44,39.74,97,33.87
17.6,31.3,0.00,0.00,96,33.99,98,33.87,41,39.74,98,33.87
25.1,31.5,0.00,0.00,97,33.99,97,33.87,43,39.74,97,33.87
19.2,31.7,0.00,0.00,96,33.99,98,33.87,47,39.74,98,33.87
19.5,32.0,0.00,0.00,96,33.99,98,33.87,43,39.74,99,33.87
16.4,32.1,0.00,0.00,97,33.99,99,33.87,47,39.74,99,33.87
15.9,32.1,0.00,0.00,98,33.99,98,33.87,46,39.74,99,33.87
15.4,32.1,0.00,0.00,98,33.99,99,33.87,47,39.74,99,33.87
19.8,32.1,0.00,0.00,98,33.99,98,33.87,47,39.74,98,33.87
12.3,26.7,0.00,0.00,5,2.95,98,33.87,49,39.74,99,33.87
11.8,26.7,0.00,0.00,0,2.95,98,33.87,48,39.74,99,33.87
12.5,26.7,0.00,0.00,0,2.95,98,33.87,47,39.74,99,33.87
12.5,26.7,0.00,0.00,0,2.95,98,33.87,47,39.74,99,33.87
16.6,27.0,0.00,0.00,0,2.95,98,33.87,45,39.74,97,33.87
16.3,27.4,0.00,0.00,0,2.95,98,33.87,46,39.74,95,33.87
16.2,28.4,0.00,0.00,0,7.83,98,33.87,51,39.74,98,33.87
16.1,32.0,0.00,0.00,9,20.04,98,33.87,48,39.74,98,33.87
14.6,35.0,0.00,0.00,15,45.85,99,33.87,45,39.74,0,33.87
83.3,33.4,0.00,0.00,1,45.85,0,33.87,43,39.74,0,33.87
11.0,34.1,0.00,0.00,0,45.85,0,33.87,44,39.74,0,33.87
47.2,34.8,0.00,0.00,0,45.85,0,33.87,44,39.74,0,33.87
12.6,35.4,0.00,0.00,0,45.85,0,33.87,42,39.74,0,33.87
83.9,36.3,0.00,0.00,30,52.36,0,33.87,43,39.74,97,33.87
23.9,36.5,0.00,0.00,81,52.36,96,33.87,46,39.74,97,33.87
26.0,36.7,0.00,0.00,81,52.36,97,33.87,47,39.74,97,33.87
29.4,36.9,0.00,0.00,82,52.36,98,33.87,46,39.74,97,33.87
22.4,37.1,0.00,0.00,79,52.36,97,33.87,46,39.74,97,33.87
21.2,37.3,0.00,0.00,82,52.36,97,33.87,42,39.74,97,33.87
20.0,37.3,0.00,0.00,85,52.36,98,33.87,48,39.74,98,33.87
21.3,37.3,0.00,0.00,84,52.36,97,33.87,47,39.74,98,33.87
21.4,37.3,0.00,0.00,89,52.36,98,33.87,45,39.74,98,33.87
21.2,37.3,0.00,0.00,86,52.36,98,33.87,46,39.74,97,33.87
20.6,37.3,0.00,0.00,85,52.36,98,33.87,47,39.74,97,33.87
20.6,37.3,0.00,0.00,88,58.93,98,33.87,43,39.74,97,33.87
80.8,36.5,0.00,0.00,88,58.93,98,33.87,34,21.35,98,33.87
59.8,31.4,0.00,0.00,87,58.93,97,33.87,45,21.35,97,33.87
22.8,31.6,0.00,0.00,80,58.93,98,33.87,48,21.35,98,33.87
23.3,31.9,0.00,0.00,81,58.93,98,33.87,42,21.35,96,33.87
21.0,32.1,0.00,0.00,82,58.93,98,33.87,50,21.35,98,33.87
22.9,32.1,0.00,0.00,92,58.93,98,33.87,48,21.35,98,33.87
21.8,32.1,0.00,0.00,87,58.93,98,33.87,50,21.35,98,33.87
22.3,32.1,0.00,0.00,90,58.93,98,33.87,48,21.35,98,33.87
22.2,32.1,0.00,0.00,93,58.93,98,33.87,47,21.35,98,33.87
21.6,32.1,0.00,0.00,84,58.93,98,33.87,45,21.35,98,33.87
21.1,32.1,0.00,0.00,91,58.98,98,33.87,45,21.35,98,33.87
24.0,31.1,0.00,0.00,53,58.98,98,33.87,43,21.35,98,33.87
22.9,31.4,0.00,0.00,84,58.98,97,33.87,43,21.35,98,33.87
83.3,31.6,0.00,0.00,86,58.98,97,33.87,46,21.35,98,33.87
24.8,31.8,0.00,0.00,83,58.98,98,33.87,52,21.35,98,33.87
26.4,32.1,0.00,0.00,85,58.98,98,33.87,42,21.35,97,33.87
19.8,30.0,0.00,0.00,97,58.98,16,33.87,45,21.35,0,33.87
47.1,30.3,0.00,0.00,82,58.98,0,33.87,45,21.35,0,33.87
91.4,30.8,0.00,0.00,85,58.98,0,33.87,48,21.35,0,33.87
19.5,31.2,0.00,0.00,83,58.98,0,33.87,47,21.35,0,33.87
18.7,31.7,0.00,0.00,85,58.98,0,33.87,42,21.35,23,33.87
21.8,32.1,0.00,0.00,82,58.98,67,33.87,46,21.35,98,33.87
20.9,32.1,0.00,0.00,89,58.98,98,33.87,46,21.35,98,33.87
22.9,31.2,0.00,0.00,78,58.98,98,33.87,45,21.35,98,33.87
24.5,31.4,0.00,0.00,94,58.98,97,33.87,48,21.35,98,33.87
23.8,31.7,0.00,0.00,89,58.98,98,33.87,44,21.35,97,33.87
24.1,31.9,0.00,0.00,81,58.98,98,33.87,43,21.35,98,33.87
20.5,32.1,0.00,0.00,79,58.98,97,33.87,45,21.35,98,33.87
20.8,32.1,0.00,0.00,89,58.98,98,33.87,44,21.35,97,33.87
21.1,32.1,0.00,0.00,85,58.98,98,33.87,46,21.35,98,33.87
21.5,32.1,0.00,0.00,88,58.98,98,33.87,46,21.35,99,33.87
20.7,32.1,0.00,0.00,89,58.98,98,33.87,46,21.35,98,33.87
20.4,32.1,0.00,0.00,83,58.98,98,33.87,47,21.35,98,33.87
21.4,32.1,0.00,0.00,86,58.98,98,33.87,47,21.35,98,33.87
34.2,31.1,0.00,0.00,54,58.98,98,33.87,44,21.15,97,33.87
18.8,26.0,0.00,0.00,84,58.98,98,33.87,3,2.95,98,33.87
20.4,26.2,0.00,0.00,92,58.98,98,33.87,0,2.95,97,33.87
19.6,26.5,0.00,0.00,88,58.98,96,33.87,0,2.95,98,33.87
18.6,26.7,0.00,0.00,87,58.98,98,33.87,0,2.95,98,33.87
17.4,26.7,0.00,0.00,95,58.98,98,33.87,0,2.95,99,33.87
14.9,26.7,0.00,0.00,99,58.98,99,33.87,0,2.95,99,33.87
15.7,26.7,0.00,0.00,97,58.98,99,33.87,0,2.95,99,33.87
16.9,26.7,0.00,0.00,98,58.98,99,33.87,0,2.95,99,33.87
17.0,26.7,0.00,0.00,98,58.98,99,33.87,0,2.95,98,33.87
16.8,26.7,0.00,0.00,95,58.98,98,33.87,0,2.95,98,33.87
44.1,25.8,0.00,0.00,49,58.98,98,33.87,0,2.95,98,33.87
18.3,26.0,0.00,0.00,92,58.98,98,33.87,0,2.95,97,33.87
19.5,26.3,0.00,0.00,88,58.98,99,33.87,0,2.95,98,33.87
18.8,26.5,0.00,0.00,93,58.98,99,33.87,0,2.95,98,33.87
27.3,26.7,0.00,0.00,91,58.98,98,33.87,0,2.95,98,33.87
15.5,26.8,0.00,0.00,98,58.98,91,33.67,0,2.95,6,2.95
9.8,16.2,0.00,0.00,98,58.98,0,2.95,0,2.95,0,2.95
10.3,16.2,0.00,0.00,99,58.98,0,2.95,0,2.95,0,2.95
9.7,16.2,0.00,0.00,95,58.98,0,2.95,0,2.95,0,2.95
66.6,16.4,0.00,0.00,92,58.98,0,2.95,0,2.95,0,2.95
60.7,17.1,0.00,0.00,89,58.98,0,2.95,0,2.95,0,2.95
72.6,16.7,0.00,0.00,44,58.98,0,2.95,0,2.95,0,12.23
81.8,20.0,0.00,0.00,93,58.98,0,5.89,2,6.92,6,22.19
21.1,26.4,0.00,0.00,94,58.98,3,11.24,3,12.7,8,30.12
47.4,32.0,0.00,0.00,93,58.98,3,24.49,3,24.49,0,30.12
18.2,33.2,0.00,0.00,82,58.98,6,24.49,0,24.49,0,30.12
21.2,33.9,0.00,0.00,78,58.98,0,24.49,0,24.49,0,30.12
39.9,34.5,0.00,0.00,82,58.98,0,24.49,0,24.49,0,30.12
15.8,35.1,0.00,0.00,84,58.98,0,24.49,0,24.49,38,38.72
59.1,35.9,0.00,0.00,80,58.98,0,31.01,34,31.01,64,38.72
27.8,36.6,0.00,0.00,79,58.98,99,31.01,99,31.01,66,38.72
28.4,36.8,0.00,0.00,75,58.98,99,31.01,95,31.01,69,38.72
27.2,37.0,0.00,0.00,72,58.98,99,31.01,99,31.01,69,38.72
31.6,36.2,0.00,0.00,62,58.98,99,31.01,99,31.01,66,38.72
33.3,36.6,0.00,0.00,64,58.98,99,31.01,99,31.01,67,38.72
30.0,36.8,0.00,0.00,68,58.98,99,31.01,99,31.01,65,38.72
27.0,37.0,0.00,0.00,69,58.98,100,31.01,99,31.01,59,38.72
29.2,37.2,0.00,0.00,67,58.98,99,31.01,99,31.01,66,38.72
27.5,37.4,0.00,0.00,66,58.98,100,31.01,99,31.01,61,38.72
25.2,37.4,0.00,0.00,77,58.98,99,31.01,99,31.01,67,38.72
25.1,37.4,0.00,0.00,70,58.98,99,31.01,100,31.01,68,38.72
27.3,37.4,0.00,0.00,72,58.98,100,31.01,99,31.01,70,38.72
24.5,37.4,0.00,0.00,77,58.98,100,31.04,99,31.04,74,38.72
38.9,35.5,0.00,0.00,93,58.98,0,31.04,0,31.04,72,38.72
29.6,35.9,0.00,0.00,85,58.98,0,31.04,0,31.04,68,38.72
20.1,36.3,0.00,0.00,78,58.98,0,31.04,0,31.04,70,38.72
28.6,35.7,0.00,0.00,49,58.98,0,31.04,0,31.04,68,38.72
86.3,36.3,0.00,0.00,84,58.98,0,31.04,0,31.04,68,38.72
97.0,36.8,0.00,0.00,80,58.98,99,31.04,100,31.04,28,47.43
45.5,36.0,0.00,0.00,74,58.98,99,31.04,98,31.04,70,47.43
35.0,36.4,0.00,0.00,66,58.98,99,31.04,98,31.04,58,47.43
27.7,36.8,0.00,0.00,71,58.98,99,31.04,99,31.04,65,47.43
30.5,37.0,0.00,0.00,72,58.98,99,31.04,99,31.04,68,47.43
28.6,37.2,0.00,0.00,71,58.98,99,31.04,99,31.04,64,47.43
24.8,37.4,0.00,0.00,64,58.98,99,31.04,99,31.04,74,47.43
26.7,37.4,0.00,0.00,71,58.98,100,31.04,99,31.04,69,47.43
25.3,37.4,0.00,0.00,77,58.98,99,31.04,99,31.04,72,47.43
26.8,37.4,0.00,0.00,75,58.98,99,31.04,99,31.04,73,47.43
27.6,37.4,0.00,0.00,74,58.98,100,31.04,99,31.04,71,47.43
23.8,37.4,0.00,0.00,74,58.98,99,31.04,99,31.04,72,47.43
22.5,36.5,0.00,0.00,63,58.98,68,31.04,34,31.04,72,47.43
61.4,34.9,0.00,0.00,77,58.98,0,31.04,0,31.04,74,47.43
22.9,35.5,0.00,0.00,71,58.98,0,31.04,0,31.04,77,47.43
22.2,36.2,0.00,0.00,78,58.98,0,31.04,0,31.04,70,47.43
21.5,36.9,0.00,0.00,78,58.98,0,31.04,0,31.04,69,47.43
30.0,37.4,0.00,0.00,85,58.98,22,31.04,48,31.04,71,47.43
25.4,37.4,0.00,0.00,76,58.98,100,31.04,99,31.04,72,47.43
25.7,37.4,0.00,0.00,81,58.98,99,31.04,99,31.04,73,47.43
26.9,37.4,0.00,0.00,75,58.98,100,31.04,99,31.04,47,47.55
45.0,36.5,0.00,0.00,82,58.98,99,31.04,99,31.04,73,47.55
27.2,36.6,0.00,0.00,70,58.98,100,31.04,99,31.04,68,47.55
28.1,36.9,0.00,0.00,70,58.98,99,31.04,100,31.04,71,47.55
41.7,37.0,0.00,0.00,68,58.98,99,31.04,99,31.04,66,47.55
32.8,36.3,0.00,0.00,37,58.98,99,31.04,99,31.04,64,47.55
26.4,36.6,0.00,0.00,64,58.98,99,31.04,99,31.04,71,47.55
29.8,36.8,0.00,0.00,69,58.98,99,31.04,99,31.04,69,47.55
76.4,37.0,0.00,0.00,73,58.98,99,31.04,99,31.04,68,47.55
26.8,37.3,0.00,0.00,65,58.98,99,31.04,99,31.04,70,47.55
31.9,36.2,0.00,0.00,62,58.98,77,31.04,50,31.04,68,47.55
68.6,35.7,0.00,0.00,84,58.98,0,31.04,0,31.04,69,47.55
21.0,36.1,0.00,0.00,82,58.98,0,31.04,0,31.04,69,47.55
19.5,36.6,0.00,0.00,87,58.98,0,31.04,0,31.04,69,47.55
19.0,37.0,0.00,0.00,85,58.98,0,31.04,0,31.04,71,47.55
27.4,37.4,0.00,0.00,82,58.98,11,31.04,99,31.04,75,47.55
26.8,37.4,0.00,0.00,79,58.98,99,31.04,99,31.04,72,47.55
24.6,37.4,0.00,0.00,72,58.98,99,31.04,99,31.04,70,47.55
27.7,32.5,0.00,0.00,41,30.96,99,31.04,99,31.04,70,47.55
23.2,32.1,0.00,0.00,77,30.96,99,31.04,99,31.04,70,47.55
28.0,32.1,0.00,0.00,74,30.96,99,31.04,99,31.04,31,47.36
29.2,27.2,0.00,0.00,79,30.96,99,31.04,99,31.04,78,25.25
24.7,26.7,0.00,0.00,78,30.96,99,31.04,99,31.04,73,25.25
25.1,26.7,0.00,0.00,79,30.96,99,31.04,99,31.04,71,25.25
24.9,26.7,0.00,0.00,74,30.96,99,31.04,99,31.04,72,25.25
26.7,26.7,0.00,0.00,72,30.96,100,31.04,99,31.04,73,25.25
25.4,26.7,0.00,0.00,75,30.96,99,31.04,100,31.04,73,25.25
25.3,26.7,0.00,0.00,73,30.96,100,31.04,99,31.04,70,25.25
32.5,26.7,0.00,0.00,83,30.96,16,31.04,0,31.04,71,25.25
65.8,25.0,0.00,0.00,79,30.96,0,31.04,0,31.04,73,25.25
20.8,25.4,0.00,0.00,82,30.96,0,31.04,0,31.04,67,25.25
12.8,20.7,0.00,0.00,35,2.95,0,31.04,0,31.04,70,25.25
35.5,21.0,0.00,0.00,0,2.95,0,31.04,0,31.04,71,25.25
18.4,21.4,0.00,0.00,0,2.95,99,31.04,90,31.04,79,25.25
18.2,21.3,0.00,0.00,0,2.95,100,31.04,100,31.04,72,25.25
19.0,21.3,0.00,0.00,0,2.95,99,31.04,99,31.04,74,25.25
18.2,21.3,0.00,0.00,0,2.95,99,31.04,99,31.04,70,25.25
22.0,21.7,0.00,0.00,0,2.95,99,31.04,98,31.04,69,25.25
22.4,22.1,0.00,0.00,0,2.95,98,31.04,99,31.04,80,25.25
20.7,22.6,0.00,0.00,0,7.2,99,31.04,99,31.04,78,25.25
18.8,25.9,0.00,0.00,7,18.4,99,31.04,100,31.04,4,2.95
15.7,24.0,0.00,0.00,6,33.08,99,31.04,99,31.04,0,2.95
13.4,24.6,0.00,0.00,5,34.57,99,31.04,99,31.04,0,2.95
14.0,24.8,0.00,0.00,0,34.57,99,31.04,100,31.04,0,2.95
13.4,25.0,0.00,0.00,0,34.57,99,31.04,100,31.04,0,2.95
14.4,25.3,0.00,0.00,0,34.57,100,31.04,99,31.04,0,2.95
30.5,15.4,0.00,0.00,27,43.53,5,2.95,5,2.95,0,2.95
6.8,15.3,0.00,0.00,91,43.53,0,2.95,0,2.95,0,2.95
11.0,16.0,0.00,0.00,85,43.53,0,2.95,0,2.95,0,2.95
25.5,16.8,0.00,0.00,84,43.53,0,2.95,0,2.95,0,5.11
22.8,18.1,0.00,0.00,93,43.53,0,4.72,0,6.01,5,11.56
10.6,23.3,0.00,0.00,93,43.53,3,10.97,4,12.19,10,24.4
10.8,27.9,0.00,0.00,94,43.53,3,24.49,4,24.49,0,24.4
10.4,29.1,0.00,0.00,84,43.53,7,24.49,0,24.49,0,24.4
56.4,29.7,0.00,0.00,85,43.53,0,24.49,0,24.49,0,24.4
73.8,30.4,0.00,0.00,89,43.53,0,24.49,0,24.49,0,24.4
27.0,31.2,0.00,0.00,86,43.53,0,24.49,0,24.49,96,31.01
27.5,31.8,0.00,0.00,88,43.53,26,31.01,32,31.01,98,31.01
23.8,31.9,0.00,0.00,94,43.53,99,31.01,99,31.01,99,31.01
23.0,31.9,0.00,0.00,93,43.53,99,31.01,99,31.01,98,31.01
23.2,31.9,0.00,0.00,93,43.53,99,31.01,99,31.01,99,31.01
23.4,31.9,0.00,0.00,93,43.53,99,31.01,99,31.01,99,31.01
22.6,31.9,0.00,0.00,93,43.53,99,31.01,99,31.01,98,31.01
23.7,31.9,0.00,0.00,89,43.53,99,31.01,99,31.01,99,31.01
23.8,31.9,0.00,0.00,94,43.53,99,31.01,99,31.01,99,31.01
22.5,31.9,0.00,0.00,93,43.53,99,31.01,100,31.01,99,31.01
24.3,31.9,0.00,0.00,90,43.53,99,31.01,99,31.01,99,31.01
22.9,31.9,0.00,0.00,94,43.53,99,31.01,99,31.01,99,31.01
22.9,31.9,0.00,0.00,95,43.53,99,31.01,99,31.01,99,31.01
23.8,31.9,0.00,0.00,93,43.53,99,31.01,99,31.01,98,31.01
29.4,31.9,0.00,0.00,94,43.53,67,31.04,51,31.04,98,31.01
99.8,30.2,0.00,0.00,90,43.53,0,31.04,0,31.04,16,31.01
10.2,29.7,0.00,0.00,86,43.53,0,31.04,0,31.04,0,31.01
29.8,30.4,0.00,0.00,85,43.53,0,31.04,0,31.04,0,31.01
48.0,31.1,0.00,0.00,91,43.53,0,31.04,0,31.04,0,31.01
17.5,31.7,0.00,0.00,88,43.53,79,31.04,100,31.04,0,31.01
24.5,31.9,0.00,0.00,91,43.53,99,31.04,100,31.04,98,31.01
23.6,31.9,0.00,0.00,88,43.53,99,31.04,99,31.04,98,31.01
23.1,31.9,0.00,0.00,91,43.53,99,31.04,99,31.04,98,31.01
23.1,31.9,0.00,0.00,95,43.53,99,31.04,99,31.04,99,31.01
24.5,31.9,0.00,0.00,95,43.53,99,31.04,99,31.04,99,31.01
22.6,31.9,0.00,0.00,95,43.53,99,31.04,99,31.04,98,31.01
24.5,31.9,0.00,0.00,95,43.53,99,31.04,99,31.04,98,31.01
22.2,31.9,0.00,0.00,93,43.53,99,31.04,100,31.04,98,31.01
23.2,31.9,0.00,0.00,95,43.53,100,31.04,99,31.04,99,31.01
24.4,31.9,0.00,0.00,93,43.53,99,31.04,99,31.04,99,31.01
23.9,31.9,0.00,0.00,94,43.53,99,31.04,99,31.04,99,31.01
24.3,31.9,0.00,0.00,94,43.53,99,31.04,99,31.04,99,31.01
16.3,29.7,0.00,0.00,95,43.53,43,2.95,5,2.95,98,31.01
11.9,21.4,0.00,0.00,96,43.53,0,2.95,0,2.95,99,31.01
11.9,21.4,0.00,0.00,94,43.53,0,2.95,0,2.95,95,31.01
48.8,22.0,0.00,0.00,89,43.53,0,2.95,0,2.95,79,31.01
22.9,21.6,0.00,0.00,90,43.53,0,2.95,0,2.95,0,2.95
10.8,19.8,0.00,0.00,95,43.53,2,15.6,5,9.72,0,2.95
11.2,25.5,0.00,0.00,95,43.53,6,27.8,6,18.98,0,2.95
6.7,28.8,0.00,0.00,95,43.53,3,30.12,0,24.4,0,2.95
12.5,29.6,0.00,0.00,83,43.53,0,30.12,0,24.4,0,2.95
15.1,30.4,0.00,0.00,88,43.53,0,30.12,0,24.4,0,3.07
12.5,30.5,0.00,0.00,37,52.61,0,30.12,0,24.4,7,16.11
72.7,34.4,0.00,0.00,86,52.61,0,34.88,0,31.01,9,27.14
34.4,38.5,0.00,0.00,87,52.61,43,34.88,94,31.01,0,32.12
25.5,39.5,0.00,0.00,85,52.61,39,34.88,96,31.01,0,32.12
24.9,40.1,0.00,0.00,86,52.61,43,34.88,94,31.01,0,32.12
56.7,40.7,0.00,0.00,89,52.61,44,34.88,96,31.01,0,32.12
30.7,41.2,0.00,0.00,93,52.61,40,34.88,97,31.01,0,39.89
27.5,41.5,0.00,0.00,92,52.61,44,34.88,98,31.01,95,39.99
26.4,41.7,0.00,0.00,91,52.61,40,34.88,97,31.01,94,39.99
24.9,42.0,0.00,0.00,91,52.61,45,34.88,98,31.01,95,39.99
24.4,42.2,0.00,0.00,95,52.61,43,34.88,97,31.01,94,39.99
25.0,42.4,0.00,0.00,93,52.61,43,34.88,97,31.01,96,39.99
22.8,42.7,0.00,0.00,92,52.61,46,34.88,98,31.01,95,39.99
23.4,42.7,0.00,0.00,93,52.61,42,34.88,98,31.01,95,39.99
23.6,42.7,0.00,0.00,95,52.61,48,34.88,99,31.01,97,39.99
23.7,42.7,0.00,0.00,90,52.61,47,34.88,98,31.01,97,39.99
23.3,42.7,0.00,0.00,94,52.61,46,34.88,92,31.01,97,39.99
17.7,41.8,0.00,0.00,94,52.61,49,34.88,0,31.01,96,39.99
17.9,42.0,0.00,0.00,91,52.61,49,34.88,0,31.01,97,39.99
91.2,42.2,0.00,0.00,89,52.61,47,34.88,0,31.01,96,39.99
16.1,42.5,0.00,0.00,91,52.61,48,34.88,0,31.01,97,39.99
23.2,42.7,0.00,0.00,92,52.61,50,34.88,35,31.01,97,39.99
22.0,42.7,0.00,0.00,95,52.61,50,34.88,98,31.01,97,39.99
22.1,42.7,0.00,0.00,93,52.61,49,34.88,99,31.01,97,39.99
23.9,42.7,0.00,0.00,95,52.61,48,34.88,99,31.01,97,39.99
22.5,42.7,0.00,0.00,94,52.61,49,34.88,99,31.01,97,39.99
21.3,42.7,0.00,0.00,94,52.61,45,34.88,99,31.01,96,39.99
22.6,42.7,0.00,0.00,92,52.61,46,34.88,98,31.01,97,40.03
25.9,42.7,0.00,0.00,95,52.61,46,34.88,99,31.01,96,47.9
27.8,41.9,0.00,0.00,94,52.61,42,34.88,96,31.01,95,47.9
27.5,42.1,0.00,0.00,88,52.61,45,34.88,97,31.01,97,47.9
24.2,42.3,0.00,0.00,91,52.61,50,34.88,99,31.01,96,47.9
23.8,42.5,0.00,0.00,92,52.61,43,34.88,97,31.01,97,47.9
23.4,42.7,0.00,0.00,90,52.61,44,34.88,99,31.01,97,47.9
23.8,42.7,0.00,0.00,89,52.61,44,34.88,99,31.01,97,47.9
22.8,42.7,0.00,0.00,96,52.61,47,34.88,99,31.01,97,47.9
22.8,42.7,0.00,0.00,95,52.61,49,38.81,0,31.01,97,47.9
81.8,41.0,0.00,0.00,94,52.61,46,39.69,0,31.01,94,47.9
18.6,41.4,0.00,0.00,89,52.61,45,39.69,0,31.01,96,47.9
32.6,41.9,0.00,0.00,94,52.61,48,39.69,0,31.01,95,47.9
18.4,42.3,0.00,0.00,88,52.61,41,39.69,0,31.01,96,47.9
33.5,42.7,0.00,0.00,90,52.61,45,39.69,98,31.01,97,47.9
21.9,42.7,0.00,0.00,92,52.61,47,39.69,98,31.01,97,47.9
22.2,42.7,0.00,0.00,94,52.61,47,39.69,99,31.01,97,47.9
23.2,42.7,0.00,0.00,92,52.61,46,39.69,98,31.01,97,47.9
22.9,42.7,0.00,0.00,95,52.61,50,39.69,98,31.01,97,47.9
22.4,42.7,0.00,0.00,95,52.61,48,39.69,98,31.01,97,47.9
20.7,42.7,0.00,0.00,93,52.61,47,39.69,98,31.01,97,47.9
23.8,42.7,0.00,0.00,96,52.61,49,39.69,98,31.01,97,47.9
22.1,42.7,0.00,0.00,93,52.61,50,39.69,98,31.01,97,47.9
22.4,42.7,0.00,0.00,95,52.61,47,39.69,98,31.01,70,47.94
21.0,41.6,0.00,0.00,91,52.61,53,39.69,96,31.01,74,47.94
30.0,41.9,0.00,0.00,87,52.61,50,39.69,98,31.01,98,47.94
25.6,41.1,0.00,0.00,61,52.73,57,39.69,98,31.01,96,47.94
32.6,41.5,0.00,0.00,87,52.73,45,39.69,98,31.01,95,47.94
28.9,41.9,0.00,0.00,86,52.73,46,39.69,96,31.01,96,47.94
34.0,41.3,0.00,0.00,93,52.73,49,39.69,0,31.01,95,47.94
18.6,41.8,0.00,0.00,91,52.73,47,39.69,0,31.01,97,47.94
18.7,42.1,0.00,0.00,89,52.73,49,39.69,0,31.01,97,47.94
16.7,42.3,0.00,0.00,88,52.73,50,39.69,0,31.01,97,47.94
18.0,42.6,0.00,0.00,93,52.73,55,39.69,0,31.01,97,47.94
24.1,42.7,0.00,0.00,96,52.73,56,39.69,99,31.01,97,47.94
24.2,42.7,0.00,0.00,94,52.73,46,39.69,98,31.01,97,47.94
22.5,42.7,0.00,0.00,95,52.73,53,39.69,98,31.01,97,47.94
24.6,42.7,0.00,0.00,94,52.73,52,39.69,98,31.01,97,47.94
22.7,42.7,0.00,0.00,94,52.73,51,39.69,98,31.01,97,47.94
23.7,42.7,0.00,0.00,94,52.73,53,39.69,98,31.01,97,47.94
21.8,42.7,0.00,0.00,93,52.73,48,39.69,98,31.01,97,47.94
22.9,42.7,0.00,0.00,93,52.73,54,39.69,99,31.01,97,47.94
24.2,42.7,0.00,0.00,93,52.73,51,39.69,98,31.01,97,47.94
23.9,42.7,0.00,0.00,95,52.73,44,39.74,98,31.01,96,47.94
24.3,41.8,0.00,0.00,94,52.73,30,39.74,98,31.01,96,47.94
64.4,42.0,0.00,0.00,93,52.73,46,39.74,97,31.01,97,47.94
23.7,42.2,0.00,0.00,93,52.73,44,39.74,98,31.01,97,47.94
25.5,42.4,0.00,0.00,89,52.73,47,39.74,98,31.01,96,47.94
24.3,42.6,0.00,0.00,92,52.73,52,39.74,97,31.01,60,25.45
76.1,36.5,0.00,0.00,94,52.73,44,39.74,0,31.01,95,25.45
81.5,36.7,0.00,0.00,88,52.73,43,39.74,0,31.01,96,25.45
18.6,36.9,0.00,0.00,90,52.73,45,39.74,0,31.01,96,25.45
18.4,37.2,0.00,0.00,90,52.73,44,39.74,0,31.01,97,25.45
23.6,37.3,0.00,0.00,91,52.73,47,39.74,99,31.01,97,25.45
24.2,37.3,0.00,0.00,93,52.73,47,39.74,99,31.01,97,25.45
24.0,37.3,0.00,0.00,91,52.73,48,39.74,99,31.01,97,25.45
24.1,37.4,0.00,0.00,93,52.73,45,39.74,98,31.01,97,25.45
23.3,37.3,0.00,0.00,93,52.73,44,39.74,98,31.01,97,25.45
23.1,37.3,0.00,0.00,92,52.73,43,39.74,98,31.01,97,25.45
22.7,37.3,0.00,0.00,93,52.73,47,39.74,98,31.01,97,25.45
22.5,37.3,0.00,0.00,95,52.73,46,39.74,99,31.01,97,25.45
23.7,37.3,0.00,0.00,94,52.73,49,39.74,98,31.01,97,25.45
23.5,37.3,0.00,0.00,95,52.73,50,39.74,98,31.01,97,25.45
21.9,37.3,0.00,0.00,93,52.73,46,39.74,99,31.01,97,25.45
23.0,37.3,0.00,0.00,94,52.73,47,39.74,99,31.01,97,25.45
22.7,37.3,0.00,0.00,92,52.73,45,39.74,99,31.01,97,25.45
22.6,37.3,0.00,0.00,95,52.73,48,39.74,99,31.01,97,25.45
24.1,37.3,0.00,0.00,93,52.73,45,39.74,99,31.01,97,25.45
18.7,36.3,0.00,0.00,89,52.73,44,39.74,0,31.01,97,25.45
17.7,36.4,0.00,0.00,93,52.73,45,39.74,0,31.01,95,25.45
16.1,36.7,0.00,0.00,92,52.73,49,39.74,0,31.01,97,25.45
16.3,36.9,0.00,0.00,91,52.73,49,39.74,0,31.01,71,25.25
12.8,32.0,0.00,0.00,93,52.73,48,39.74,28,31.01,0,2.95
16.6,31.9,0.00,0.00,95,52.73,53,39.74,99,31.01,0,2.95
17.0,31.9,0.00,0.00,95,52.73,50,39.74,99,31.01,0,2.95
17.3,31.9,0.00,0.00,94,52.73,54,39.74,99,31.01,0,2.95
18.7,31.9,0.00,0.00,92,52.73,53,39.74,99,31.01,0,2.95
17.1,31.9,0.00,0.00,91,52.73,44,39.74,99,31.01,0,2.95
62.9,32.1,0.00,0.00,91,52.73,45,39.74,99,31.01,0,2.95
64.1,29.8,0.00,0.00,45,27.84,28,39.74,96,31.01,0,3.1
28.4,26.8,0.00,0.00,92,27.84,62,39.74,98,31.01,4,10.31
20.2,28.8,0.00,0.00,91,27.84,51,39.74,99,31.01,4,16.07
22.7,30.4,0.00,0.00,83,27.84,48,39.74,94,31.01,0,24.4
61.6,30.8,0.00,0.00,88,27.84,52,39.74,98,31.01,0,24.4
19.7,31.2,0.00,0.00,90,27.84,55,39.74,96,31.01,0,24.4
18.9,31.4,0.00,0.00,93,27.84,53,39.74,98,31.01,0,24.4
50.9,31.6,0.00,0.00,91,27.84,55,39.74,95,31.01,0,31.01
24.4,31.8,0.00,0.00,90,27.84,47,39.74,98,31.01,97,31.01
19.1,30.8,0.00,0.00,91,27.84,44,39.74,19,31.01,97,31.01
18.9,31.1,0.00,0.00,93,27.84,46,39.74,0,31.01,98,31.01
18.9,31.3,0.00,0.00,93,27.84,46,39.74,0,31.01,97,31.01
20.0,31.5,0.00,0.00,89,27.84,44,39.74,0,31.01,98,31.01
93.2,31.7,0.00,0.00,93,27.84,45,39.74,29,31.01,99,31.01
25.3,31.8,0.00,0.00,95,27.84,45,39.74,99,31.01,99,31.01
25.3,31.8,0.00,0.00,95,27.84,43,39.74,98,31.01,98,31.01
24.7,31.8,0.00,0.00,92,27.84,48,39.74,98,31.01,98,31.01
24.8,31.8,0.00,0.00,94,27.84,43,39.74,99,31.01,98,31.01
24.2,31.8,0.00,0.00,95,27.84,45,39.74,99,31.01,98,31.01
26.4,31.8,0.00,0.00,95,27.84,47,39.74,99,31.01,98,31.01
24.4,31.8,0.00,0.00,96,27.84,48,39.74,99,31.01,99,31.01
25.7,31.8,0.00,0.00,94,27.84,49,39.74,98,31.01,98,31.01
24.9,31.8,0.00,0.00,93,27.84,45,39.74,98,31.01,98,31.01
25.9,31.8,0.00,0.00,95,27.84,48,39.74,98,31.01,50,31.01
19.5,30.9,0.00,0.00,93,27.84,47,39.74,96,31.01,0,31.01
19.2,31.1,0.00,0.00,93,27.84,48,39.74,98,31.01,0,31.01
94.2,31.3,0.00,0.00,92,27.84,53,39.74,99,31.01,0,31.01
18.1,31.6,0.00,0.00,87,27.84,54,39.74,98,31.01,0,31.01
25.5,31.8,0.00,0.00,91,27.84,49,39.74,98,31.01,66,31.01
18.6,30.0,0.00,0.00,95,27.84,47,39.74,5,2.95,98,31.01
16.9,26.6,0.00,0.00,96,27.84,47,39.74,0,2.95,99,31.01
19.7,26.7,0.00,0.00,94,27.84,46,39.74,0,2.95,99,31.01
19.7,26.9,0.00,0.00,91,27.84,46,39.74,0,2.95,96,31.01
19.2,27.2,0.00,0.00,91,27.84,53,39.74,2,7.36,99,31.01
19.0,29.0,0.00,0.00,91,27.84,48,39.74,3,13.46,98,31.01
21.2,29.9,0.00,0.00,96,27.84,34,39.74,4,24.4,98,31.01
25.4,30.1,0.00,0.00,89,27.84,45,39.74,0,24.4,97,31.01
21.9,30.6,0.00,0.00,90,27.84,43,39.74,0,24.4,94,31.01
64.8,31.0,0.00,0.00,89,27.84,48,39.74,0,24.4,96,31.01
44.4,31.5,0.00,0.00,84,27.84,48,39.74,0,24.4,98,31.01
24.3,31.8,0.00,0.00,90,27.84,46,39.74,98,30.7,98,31.01
25.1,31.8,0.00,0.00,95,27.84,46,39.74,98,30.7,98,31.01
24.8,31.8,0.00,0.00,95,27.84,47,39.74,97,30.7,98,31.01
24.4,31.8,0.00,0.00,95,27.84,46,39.74,98,30.7,99,31.01
21.2,30.8,0.00,0.00,90,27.84,45,39.74,98,30.7,0,31.01
20.7,31.0,0.00,0.00,90,27.84,51,39.74,98,30.7,0,31.01
81.2,31.2,0.00,0.00,91,27.84,50,39.74,97,30.7,0,31.01
18.4,31.4,0.00,0.00,93,27.84,49,39.74,98,30.7,0,31.01
18.4,31.7,0.00,0.00,94,27.84,49,39.74,98,30.7,0,31.01
25.3,31.8,0.00,0.00,94,27.84,48,39.74,98,30.7,99,31.01
26.0,31.8,0.00,0.00,93,27.84,46,39.74,99,30.7,99,31.01
24.7,31.8,0.00,0.00,93,27.84,49,39.74,99,30.7,99,31.01
24.4,31.8,0.00,0.00,93,27.84,43,39.74,99,30.7,99,31.01
31.8,31.8,0.00,0.00,95,27.84,45,39.74,98,30.7,99,31.01
22.0,26.5,0.00,0.00,4,2.95,49,39.74,99,30.7,98,31.01
16.3,26.5,0.00,0.00,0,2.95,44,39.74,60,30.7,98,31.01
41.6,25.6,0.00,0.00,0,2.95,43,39.74,0,30.7,97,31.01
85.2,25.9,0.00,0.00,0,2.95,47,39.74,0,30.7,98,31.01
79.1,26.1,0.00,0.00,0,2.95,45,39.74,0,30.7,96,31.01
14.8,26.4,0.00,0.00,0,2.95,43,39.74,55,30.7,97,31.01
20.4,26.5,0.00,0.00,0,2.95,49,39.74,99,30.7,98,31.01
21.1,26.5,0.00,0.00,0,2.95,47,39.74,98,30.7,99,31.01
21.8,26.5,0.00,0.00,0,2.95,47,39.74,98,30.7,98,31.01
20.8,26.5,0.00,0.00,0,2.95,44,39.74,99,30.7,98,31.01
20.9,26.5,0.00,0.00,0,2.95,41,39.74,99,30.7,35,31.01
15.7,25.4,0.00,0.00,0,2.95,51,39.74,98,30.7,5,2.95
13.0,21.2,0.00,0.00,0,2.95,50,39.74,99,30.7,0,2.95
12.8,21.2,0.00,0.00,0,2.95,52,39.74,99,30.7,0,2.95
12.6,21.2,0.00,0.00,0,2.95,53,39.74,99,30.7,0,2.95
15.5,21.3,0.00,0.00,0,2.95,50,39.74,97,30.7,0,2.95
17.4,21.6,0.00,0.00,0,2.95,51,39.74,95,30.7,0,2.95
19.0,21.1,0.00,0.00,0,2.95,54,39.74,97,30.7,0,7.14
21.8,24.2,0.00,0.00,3,9.16,54,39.74,97,30.7,5,13.14
39.9,28.0,0.00,0.00,4,14.92,50,39.74,96,30.7,9,24.49
96.1,29.4,0.00,0.00,9,24.49,50,39.74,95,30.7,0,24.49
23.4,28.9,0.00,0.00,0,24.49,48,39.74,5,2.95,0,24.49
9.8,25.2,0.00,0.00,0,24.49,49,39.74,0,2.95,0,24.49
20.1,25.7,0.00,0.00,0,24.49,47,39.74,0,2.95,0,24.49
38.9,26.2,0.00,0.00,0,31.11,50,39.74,0,2.95,77,31.11
14.3,26.3,0.00,0.00,99,31.11,51,39.74,0,2.95,100,31.11
15.9,26.5,0.00,0.00,100,31.11,49,39.74,0,2.95,99,31.11
14.9,26.7,0.00,0.00,99,31.11,49,39.74,0,2.95,100,31.11
15.9,27.2,0.00,0.00,99,31.11,50,39.74,0,2.95,99,31.11
15.4,27.8,0.00,0.00,99,31.11,52,39.74,4,8.87,99,31.11
15.7,29.7,0.00,0.00,99,31.11,52,39.74,4,15.0,99,31.11
16.1,30.5,0.00,0.00,99,31.11,53,39.74,9,35.38,99,31.11
14.8,30.7,0.00,0.00,99,31.11,49,39.74,0,35.38,99,31.11
98.6,31.0,0.00,0.00,99,31.11,47,39.74,0,35.38,99,31.11
15.2,31.2,0.00,0.00,99,31.11,48,39.74,0,35.38,99,31.11
15.1,31.4,0.00,0.00,99,31.11,47,39.74,0,57.53,100,31.11
16.8,31.6,0.00,0.00,99,31.11,52,39.74,100,57.53,99,31.11
17.4,31.6,0.00,0.00,99,31.11,51,39.74,100,57.53,99,31.11
16.6,31.6,0.00,0.00,99,31.11,53,39.74,100,57.53,100,31.11
16.5,31.6,0.00,0.00,99,31.11,51,39.74,100,57.53,99,31.11
16.5,31.6,0.00,0.00,99,31.11,49,39.74,100,57.53,100,31.11
16.7,31.6,0.00,0.00,99,31.11,49,39.74,100,57.53,99,31.11
16.1,31.6,0.00,0.00,99,31.11,46,39.74,100,57.53,99,31.11
16.7,31.6,0.00,0.00,99,31.11,46,39.74,100,57.53,99,31.11
16.5,31.6,0.00,0.00,99,31.11,51,39.74,100,57.53,99,31.11
17.1,31.6,0.00,0.00,99,31.11,46,39.74,100,57.53,99,31.11
16.7,31.6,0.00,0.00,99,31.11,53,39.74,100,57.53,99,31.11
16.8,31.6,0.00,0.00,99,31.11,49,39.74,100,57.53,100,31.11
19.5,31.6,0.00,0.00,99,31.11,51,39.74,100,57.53,0,31.11
13.9,29.9,0.00,0.00,10,31.11,49,39.74,99,57.53,0,31.11
17.1,30.4,0.00,0.00,0,31.11,37,39.74,100,57.53,0,31.11
15.1,29.9,0.00,0.00,0,31.11,43,39.74,99,57.53,0,31.11
94.3,30.6,0.00,0.00,0,31.11,47,39.74,99,57.53,0,31.11
28.9,31.2,0.00,0.00,0,31.11,50,39.74,99,57.53,98,31.11
17.6,31.4,0.00,0.00,99,31.11,45,39.74,100,57.53,99,31.11
17.2,31.6,0.00,0.00,99,31.11,46,39.74,100,57.53,100,31.11
16.9,31.6,0.00,0.00,99,31.11,51,39.74,100,57.53,99,31.11
17.6,31.6,0.00,0.00,99,31.11,52,39.74,100,57.53,99,31.11
16.7,31.6,0.00,0.00,99,31.11,46,39.74,100,57.53,99,31.11
16.7,31.6,0.00,0.00,99,31.11,51,39.74,100,57.53,100,31.11
15.9,31.6,0.00,0.00,100,31.11,46,39.74,100,57.53,99,31.11
16.3,31.6,0.00,0.00,99,31.11,49,39.74,100,57.53,99,31.11
17.6,31.6,0.00,0.00,99,31.11,46,39.74,100,57.53,99,31.11
16.3,31.6,0.00,0.00,99,31.11,50,39.74,100,57.53,100,31.11
16.6,31.6,0.00,0.00,100,31.11,50,39.74,100,57.53,99,31.11
15.7,31.6,0.00,0.00,99,31.11,48,39.74,100,57.53,99,31.11
16.3,31.6,0.00,0.00,99,31.11,51,39.74,100,57.53,100,31.11
16.5,31.6,0.00,0.00,99,31.11,51,39.74,100,57.53,99,31.11
17.3,31.6,0.00,0.00,99,31.11,46,39.74,100,57.53,99,31.11
16.9,31.6,0.00,0.00,99,31.11,47,39.74,100,57.53,99,31.11
16.4,31.6,0.00,0.00,99,31.11,48,39.74,100,57.53,99,31.11
16.7,31.6,0.00,0.00,99,31.11,49,39.74,100,57.53,99,31.11
16.8,31.6,0.00,0.00,99,31.11,49,39.74,100,57.53,99,31.11
16.8,31.6,0.00,0.00,99,31.11,49,39.74,100,57.53,99,31.11
16.2,31.6,0.00,0.00,99,31.11,46,39.74,100,57.53,99,31.11
16.6,31.6,0.00,0.00,99,31.11,47,39.74,100,57.53,100,31.11
16.3,31.6,0.00,0.00,99,31.11,56,39.74,100,57.53,99,31.11
16.6,31.6,0.00,0.00,99,31.11,49,39.74,100,57.53,99,31.11
11.5,29.7,0.00,0.00,99,31.11,48,39.74,100,57.53,0,31.11
12.9,30.1,0.00,0.00,0,31.11,48,39.74,100,57.53,0,31.11
15.1,30.6,0.00,0.00,0,31.11,54,39.74,99,57.53,0,31.11
12.5,31.0,0.00,0.00,0,31.11,48,39.74,100,57.53,0,31.11
100.0,31.4,0.00,0.00,0,31.11,50,39.74,100,57.53,100,31.11
16.4,31.6,0.00,0.00,99,31.11,53,39.74,100,57.53,100,31.11
20.4,31.4,0.00,0.00,99,31.11,29,21.35,100,57.53,99,31.11
15.7,26.3,0.00,0.00,99,31.11,42,21.35,100,57.53,99,31.11
15.8,26.4,0.00,0.00,99,31.11,45,21.35,100,57.53,99,31.11
16.7,26.3,0.00,0.00,99,31.11,49,21.35,100,57.53,99,31.11
16.4,26.3,0.00,0.00,99,31.11,48,21.35,100,57.53,99,31.11
16.9,26.3,0.00,0.00,99,31.11,49,21.35,100,57.53,100,31.11
15.7,26.3,0.00,0.00,100,31.11,50,21.35,100,57.53,100,31.11
16.5,26.3,0.00,0.00,99,31.11,48,21.35,100,57.53,99,31.11
17.0,26.3,0.00,0.00,99,31.11,46,21.35,100,57.53,99,31.11
16.5,26.3,0.00,0.00,99,31.11,46,21.35,100,57.53,99,31.11
15.9,26.3,0.00,0.00,99,31.11,42,21.35,100,57.53,99,31.11
17.3,26.3,0.00,0.00,99,31.11,48,21.35,100,57.53,99,31.11
16.7,26.3,0.00,0.00,99,31.11,50,21.35,100,57.53,99,31.11
16.6,26.3,0.00,0.00,99,31.11,48,21.35,100,57.53,99,31.11
16.8,26.3,0.00,0.00,100,31.11,51,21.35,100,57.53,100,31.11
17.0,26.3,0.00,0.00,99,31.11,50,21.35,100,57.53,99,31.11
16.8,26.3,0.00,0.00,100,31.11,51,21.35,100,57.53,99,31.11
16.1,26.3,0.00,0.00,99,31.11,44,21.35,100,57.53,99,31.11
16.9,26.3,0.00,0.00,99,31.11,46,21.35,100,57.53,99,31.11
16.0,26.3,0.00,0.00,99,31.11,49,21.35,100,57.53,99,31.11
15.7,26.3,0.00,0.00,99,31.11,43,21.35,51,57.53,99,31.11
16.2,25.4,0.00,0.00,99,31.11,50,21.35,0,57.53,99,31.11
15.3,25.7,0.00,0.00,99,31.11,42,21.35,0,57.53,99,31.11
28.0,23.9,0.00,0.00,99,31.11,46,21.35,0,57.53,0,31.11
12.1,24.4,0.00,0.00,0,31.11,43,21.35,0,57.53,0,31.11
77.2,25.1,0.00,0.00,0,31.11,50,21.35,48,57.53,0,31.11
12.3,25.6,0.00,0.00,0,31.11,45,21.35,100,57.53,0,31.11
13.3,26.1,0.00,0.00,0,31.11,53,21.35,100,57.53,13,31.11
16.0,26.3,0.00,0.00,11,31.11,46,21.35,100,57.53,100,31.11
17.2,26.3,0.00,0.00,99,31.11,50,21.35,100,57.53,99,31.11
16.6,26.3,0.00,0.00,99,31.11,48,21.35,100,57.53,99,31.11
16.7,26.3,0.00,0.00,99,31.11,47,21.35,100,57.53,99,31.11
17.1,26.4,0.00,0.00,99,31.11,49,21.35,100,57.53,99,31.11
17.1,26.3,0.00,0.00,99,31.11,51,21.35,100,57.53,99,31.11
15.7,26.3,0.00,0.00,99,31.11,42,21.35,100,57.53,99,31.11
13.6,25.3,0.00,0.00,99,31.11,0,21.35,100,57.53,99,31.11
14.2,25.5,0.00,0.00,99,31.11,0,21.35,100,57.53,98,31.11
65.0,25.7,0.00,0.00,99,31.11,0,21.35,100,57.53,99,31.11
14.2,26.0,0.00,0.00,100,31.11,0,21.35,100,57.53,99,31.11
13.6,26.2,0.00,0.00,99,31.11,0,21.35,100,57.53,99,31.11
16.9,26.3,0.00,0.00,100,31.11,43,21.35,100,57.53,99,31.11
16.1,26.3,0.00,0.00,99,31.11,46,21.35,100,57.53,99,31.11
17.2,26.3,0.00,0.00,100,31.11,46,21.35,100,57.53,100,31.11
16.7,26.3,0.00,0.00,100,31.11,45,21.35,100,57.53,100,31.11
18.4,26.3,0.00,0.00,99,31.11,49,21.35,100,57.53,99,31.11
16.8,26.3,0.00,0.00,99,31.11,46,21.35,100,57.53,99,31.11
16.7,26.3,0.00,0.00,99,31.11,48,21.35,100,57.53,99,31.11
16.3,26.3,0.00,0.00,99,31.11,43,21.35,100,57.53,99,31.11
16.3,26.3,0.00,0.00,100,31.11,48,21.35,100,57.53,99,31.11
16.6,26.3,0.00,0.00,99,31.11,48,21.35,100,57.53,99,31.11
16.4,26.3,0.00,0.00,99,31.11,48,21.35,100,57.53,99,31.11
15.5,26.3,0.00,0.00,99,31.11,49,21.35,100,57.53,99,31.11
13.0,24.4,0.00,0.00,40,31.11,41,21.35,100,57.53,0,31.11
12.3,24.8,0.00,0.00,0,31.11,46,21.35,100,57.53,0,31.11
12.5,25.3,0.00,0.00,0,31.11,46,21.35,99,57.53,0,31.11
12.8,25.7,0.00,0.00,0,31.11,51,21.35,100,57.53,0,31.11
69.1,26.1,0.00,0.00,0,31.11,42,21.35,100,57.53,22,31.11
16.3,26.3,0.00,0.00,99,31.11,46,21.35,100,57.53,99,31.11
16.9,26.3,0.00,0.00,99,31.11,50,21.35,100,57.53,99,31.11
16.4,26.3,0.00,0.00,99,31.11,44,21.35,100,57.53,99,31.11
17.1,26.3,0.00,0.00,99,31.11,49,21.35,100,57.53,100,31.11
15.9,26.3,0.00,0.00,99,31.11,46,21.35,100,57.53,99,31.11
16.3,26.3,0.00,0.00,99,31.11,49,21.35,100,57.53,99,31.11
17.8,26.3,0.00,0.00,100,31.11,48,21.35,100,57.53,99,31.11
16.3,26.3,0.00,0.00,100,31.11,45,21.35,100,57.53,99,31.11
16.6,26.3,0.00,0.00,99,31.11,46,21.35,100,57.53,99,31.11
16.9,26.3,0.00,0.00,99,31.11,46,21.35,100,57.53,99,31.11
16.6,26.3,0.00,0.00,100,31.11,43,21.35,100,57.53,99,31.11
16.5,26.3,0.00,0.00,99,31.11,44,21.35,100,57.53,100,31.11
16.9,26.3,0.00,0.00,99,31.11,51,21.35,100,57.53,99,31.11
16.9,26.3,0.00,0.00,99,31.11,48,21.35,100,57.53,99,31.11
16.5,26.3,0.00,0.00,99,31.11,42,21.35,100,57.53,99,31.11
16.9,26.3,0.00,0.00,99,31.11,44,21.35,100,57.53,99,31.11
16.0,26.3,0.00,0.00,99,31.11,50,21.35,100,57.53,99,31.11
16.1,26.3,0.00,0.00,99,31.11,46,21.35,100,57.53,99,31.11
14.3,21.2,0.00,0.00,100,31.11,0,2.95,100,57.53,99,31.11
12.7,21.0,0.00,0.00,100,31.11,0,2.95,100,57.53,100,31.11
11.9,21.0,0.00,0.00,99,31.11,0,2.95,100,57.53,100,31.11
12.1,21.0,0.00,0.00,99,31.11,0,2.95,100,57.53,99,31.11
12.1,21.0,0.00,0.00,99,31.11,0,2.95,100,57.53,99,31.11
10.9,21.0,0.00,0.00,99,31.11,0,2.95,100,57.53,99,31.11
7.7,19.0,0.00,0.00,99,31.11,0,2.95,100,57.53,0,31.11
7.9,19.5,0.00,0.00,0,31.11,0,2.95,100,57.53,0,31.11
17.1,20.0,0.00,0.00,0,31.11,0,2.95,100,57.53,0,31.11
8.1,20.4,0.00,0.00,0,31.11,0,2.95,98,57.53,0,31.11
7.9,20.8,0.00,0.00,0,31.11,0,2.95,100,57.53,100,31.11
12.3,21.0,0.00,0.00,78,31.11,0,2.95,100,57.53,100,31.11
12.6,21.0,0.00,0.00,100,31.11,0,2.95,100,57.53,100,31.11
12.1,21.0,0.00,0.00,99,31.11,0,2.95,100,57.53,99,31.11
11.3,21.0,0.00,0.00,100,31.11,0,2.95,100,57.53,99,31.11
11.3,21.0,0.00,0.00,99,31.11,0,2.95,100,57.53,100,31.11
12.3,21.0,0.00,0.00,99,31.11,0,2.95,100,57.53,100,31.11
11.7,21.0,0.00,0.00,100,31.11,0,2.95,100,57.53,100,31.11
11.5,21.0,0.00,0.00,100,31.11,0,2.95,100,57.53,99,31.11
11.9,21.0,0.00,0.00,99,31.11,0,2.95,100,57.53,100,31.11
10.0,20.0,0.00,0.00,100,31.11,0,2.95,10,2.95,99,31.11
8.9,15.8,0.00,0.00,99,31.11,0,2.95,0,2.95,100,31.11
8.1,15.8,0.00,0.00,100,31.11,0,2.95,0,2.95,100,31.11
7.9,15.8,0.00,0.00,99,31.11,0,2.95,0,2.95,100,31.11
8.7,15.8,0.00,0.00,100,31.11,0,2.95,0,2.95,100,31.11
8.7,15.7,0.00,0.00,100,31.11,0,2.95,0,2.95,99,31.11
8.4,15.7,0.00,0.00,100,31.11,0,2.95,0,2.95,99,31.11
8.7,15.7,0.00,0.00,100,31.11,0,2.95,0,2.95,100,31.11
8.7,15.7,0.00,0.00,99,31.11,0,2.95,0,2.95,99,31.11
8.4,15.8,0.00,0.00,99,31.11,0,2.95,0,2.95,100,31.11
7.9,15.7,0.00,0.00,99,31.11,0,2.95,0,2.95,99,31.11
8.1,15.7,0.00,0.00,99,31.11,0,2.95,0,2.95,100,31.11
9.0,15.7,0.00,0.00,99,31.11,0,2.95,0,2.95,100,31.11
8.5,15.7,0.00,0.00,100,31.11,0,2.95,0,2.95,99,31.11
8.5,15.7,0.00,0.00,100,31.11,0,2.95,0,2.95,100,30.92
4.4,8.8,0.00,0.00,95,2.95,0,2.95,0,2.95,5,2.95
3992.36