1.0,5.3,0.00,0.00,0,2.95,0,2.95,0,2.95,0,2.95
0.4,5.3,0.00,0.00,0,2.95,0,2.95,0,2.95,0,2.95
0.2,5.3,0.00,0.00,0,2.95,0,2.95,0,2.95,0,2.95
0.8,5.3,0.00,0.00,0,2.95,0,2.95,0,2.95,0,2.95
0.2,5.3,0.00,0.00,0,2.95,0,2.95,0,2.95,0,2.95
0.2,5.3,0.00,0.00,0,2.95,0,2.95,0,2.95,0,2.95
6.8,5.7,0.00,0.00,0,2.95,0,2.95,0,2.95,0,2.95
7.7,6.3,0.00,0.00,0,2.95,0,2.95,0,2.95,0,2.95
7.1,7.7,0.00,0.00,0,9.0,1,8.41,0,2.95,0,2.95
6.5,13.4,0.00,0.00,9,21.77,5,14.63,0,2.95,0,2.95
3.7,17.8,0.00,0.00,9,31.71,1,16.22,0,2.95,0,2.95
4.0,18.2,0.00,0.00,0,31.71,0,16.22,0,2.95,0,2.95
15.9,18.7,0.00,0.00,0,31.71,0,16.22,0,2.95,0,2.95
11.4,19.2,0.00,0.00,0,31.71,0,16.22,0,2.95,0,2.95
14.3,19.8,0.00,0.00,0,36.47,18,24.81,0,2.95,0,2.95
21.2,20.1,0.00,0.00,40,36.47,68,24.81,0,2.95,0,2.95
19.0,20.3,0.00,0.00,40,36.47,67,24.81,0,2.95,0,2.95
13.4,20.5,0.00,0.00,40,36.47,67,24.81,0,2.95,0,2.95
98.8,20.7,0.00,0.00,37,36.47,63,24.81,0,2.95,0,2.95
13.9,21.0,0.00,0.00,42,36.47,72,24.81,0,2.95,0,2.95
12.6,21.0,0.00,0.00,38,36.47,75,24.81,0,2.95,0,2.95
11.8,20.9,0.00,0.00,40,36.47,61,24.81,0,2.95,0,2.95
11.7,20.9,0.00,0.00,42,36.47,65,24.81,0,2.95,0,2.95
16.7,21.4,0.00,0.00,41,36.47,64,24.81,0,2.95,0,2.95
12.5,22.0,0.00,0.00,35,36.47,63,24.81,0,5.01,0,2.95
17.3,23.4,0.00,0.00,42,36.47,71,27.88,3,10.8,1,8.87
18.7,28.4,0.00,0.00,39,36.47,73,33.78,3,18.44,3,14.83
66.7,33.0,0.00,0.00,42,36.47,62,40.4,0,18.44,3,18.54
21.2,33.9,0.00,0.00,38,36.47,64,40.4,0,18.44,0,18.54
20.3,34.8,0.00,0.00,35,36.47,64,40.4,0,18.44,0,18.54
87.2,35.7,0.00,0.00,36,36.47,61,40.4,0,18.44,3,24.12
88.0,37.8,0.00,0.00,35,36.47,58,40.4,0,33.36,3,29.8
38.4,40.2,0.00,0.00,38,36.47,68,55.32,96,33.36,56,48.95
23.1,40.8,0.00,0.00,37,36.47,99,55.32,96,33.36,97,48.95
22.1,41.1,0.00,0.00,39,36.47,100,55.44,95,33.36,95,48.95
20.6,40.4,0.00,0.00,38,36.47,96,55.44,95,33.36,96,48.95
20.7,40.9,0.00,0.00,41,36.47,95,55.44,93,33.36,92,63.86
20.5,41.4,0.00,0.00,34,36.47,98,55.44,95,33.36,99,63.86
99.4,41.6,0.00,0.00,38,36.47,99,55.44,93,33.36,99,63.86
29.8,42.0,0.00,0.00,38,36.47,97,55.44,95,33.36,99,63.86
26.5,42.4,0.00,0.00,39,36.47,99,55.44,97,33.76,99,63.86
28.4,44.6,0.00,0.00,44,41.07,100,55.44,97,40.79,99,63.86
25.7,48.1,0.00,0.00,47,46.86,100,55.44,97,51.78,99,63.86
28.4,50.0,0.00,0.00,48,55.01,99,55.44,96,51.9,98,63.86
25.2,50.4,0.00,0.00,37,55.01,99,55.44,95,51.9,99,63.86
28.4,50.9,0.00,0.00,37,55.01,100,55.44,93,51.9,98,63.86
30.9,51.3,0.00,0.00,36,55.01,99,55.44,94,51.9,100,63.86
29.3,51.7,0.00,0.00,39,55.01,99,55.44,96,61.18,100,63.86
29.9,52.1,0.00,0.00,99,64.29,100,55.44,100,61.18,100,63.86
29.4,52.1,0.00,0.00,99,64.29,100,55.44,100,61.18,99,63.86
28.4,52.1,0.00,0.00,99,64.29,100,55.44,100,61.18,99,63.86
26.7,52.1,0.00,0.00,100,64.29,99,55.44,100,61.18,99,63.86
30.8,52.1,0.00,0.00,100,64.29,99,55.44,100,61.18,99,63.86
26.7,52.1,0.00,0.00,100,64.29,99,55.44,100,61.18,99,63.86
27.5,52.1,0.00,0.00,99,64.29,100,55.44,100,61.18,99,63.86
30.8,52.1,0.00,0.00,100,64.29,100,55.44,100,61.18,99,63.86
29.2,52.1,0.00,0.00,100,64.29,99,55.44,100,61.18,99,63.86
28.4,52.1,0.00,0.00,100,64.29,100,55.44,100,61.18,99,63.86
97.5,51.2,0.00,0.00,100,79.26,99,55.44,100,61.18,99,63.86
31.1,51.4,0.00,0.00,100,79.26,99,55.44,100,61.18,99,63.86
30.3,51.6,0.00,0.00,100,79.26,99,55.44,100,61.18,99,63.86
36.8,51.8,0.00,0.00,100,79.26,99,55.44,100,61.18,99,63.86
42.9,52.0,0.00,0.00,100,79.26,100,55.44,100,61.18,99,63.86
28.9,52.1,0.00,0.00,100,79.26,99,55.44,100,61.18,99,63.86
30.5,52.1,0.00,0.00,100,79.26,100,55.44,100,61.18,99,63.86
28.7,52.1,0.00,0.00,100,79.26,100,55.44,100,61.18,99,63.86
28.1,52.1,0.00,0.00,100,79.26,99,55.44,100,61.18,99,63.86
26.8,52.1,0.00,0.00,100,79.26,100,55.44,100,61.18,99,63.86
51.8,50.2,0.00,0.00,100,79.28,77,55.44,97,61.2,92,63.86
59.5,48.7,0.00,0.00,84,79.28,64,55.44,91,61.2,89,63.86
26.9,49.6,0.00,0.00,92,79.28,60,55.44,93,61.2,92,63.86
27.6,50.5,0.00,0.00,92,79.28,63,55.44,90,61.2,96,63.86
49.9,51.3,0.00,0.00,91,79.28,60,55.44,96,61.2,91,63.86
43.4,51.1,0.00,0.00,93,79.28,38,55.44,100,61.2,100,63.86
28.2,51.3,0.00,0.00,100,79.28,99,55.44,100,61.2,100,63.86
92.7,51.5,0.00,0.00,100,79.28,98,55.44,100,61.2,100,63.86
26.7,51.7,0.00,0.00,100,79.28,99,55.44,100,61.2,100,63.86
28.5,52.0,0.00,0.00,100,79.28,99,55.44,100,61.2,100,63.86
27.7,52.1,0.00,0.00,100,79.28,100,55.44,100,61.2,99,63.86
28.1,52.1,0.00,0.00,100,79.28,100,55.44,100,61.2,99,63.86
29.7,52.1,0.00,0.00,100,79.28,99,55.44,100,61.2,99,63.86
27.5,52.1,0.00,0.00,100,79.28,100,55.44,100,61.2,99,63.86
28.7,52.1,0.00,0.00,100,79.28,99,55.44,100,61.2,99,63.86
26.3,52.1,0.00,0.00,100,79.28,100,55.44,100,61.2,99,63.86
25.6,52.1,0.00,0.00,100,79.28,100,55.44,100,61.52,99,63.86
26.7,51.1,0.00,0.00,100,79.28,100,55.44,100,61.52,99,63.86
32.0,51.3,0.00,0.00,100,79.28,99,55.44,100,61.52,99,63.86
28.9,51.5,0.00,0.00,100,79.28,100,55.44,99,61.52,99,63.86
28.8,51.8,0.00,0.00,100,79.28,99,55.44,99,61.52,99,63.86
75.9,52.0,0.00,0.00,100,79.28,99,55.44,100,61.52,99,63.86
31.3,52.1,0.00,0.00,100,79.28,100,55.44,100,61.52,99,63.86
30.2,52.1,0.00,0.00,100,79.28,100,55.44,100,61.52,99,63.86
30.5,52.1,0.00,0.00,100,79.28,100,55.44,100,61.52,99,63.86
38.5,52.1,0.00,0.00,100,79.28,100,55.44,98,61.52,99,63.86
97.7,50.4,0.00,0.00,93,79.28,100,55.44,89,61.52,100,63.86
65.4,50.9,0.00,0.00,94,79.28,100,55.44,94,61.52,100,63.86
28.4,51.3,0.00,0.00,94,79.28,99,55.44,93,61.52,99,63.86
27.3,51.8,0.00,0.00,92,79.28,98,55.44,95,61.52,99,63.86
26.4,52.1,0.00,0.00,99,79.28,100,55.44,100,61.52,100,63.86
27.8,52.1,0.00,0.00,100,79.28,99,55.44,100,61.52,99,63.86
26.5,52.1,0.00,0.00,100,79.28,99,55.44,100,61.52,99,63.86
28.5,52.1,0.00,0.00,100,79.28,99,55.44,100,61.52,99,63.86
29.3,52.1,0.00,0.00,100,79.28,99,55.44,100,61.52,99,63.86
28.9,52.1,0.00,0.00,100,79.28,100,55.44,100,61.52,99,63.86
27.1,52.1,0.00,0.00,100,79.28,100,55.44,100,61.52,99,63.86
28.1,52.1,0.00,0.00,100,79.28,100,55.44,100,61.52,99,63.86
30.8,52.1,0.00,0.00,100,79.28,100,55.44,100,61.52,99,63.86
26.7,52.1,0.00,0.00,100,79.28,100,55.44,100,61.52,100,63.86
30.5,52.1,0.00,0.00,100,79.28,99,55.44,100,61.52,99,63.86
29.4,52.1,0.00,0.00,100,79.28,100,55.44,100,61.52,99,63.86
27.3,52.1,0.00,0.00,100,79.28,100,55.44,100,61.52,99,63.86
30.8,52.1,0.00,0.00,100,79.28,100,55.44,100,61.52,99,63.86
26.9,52.1,0.00,0.00,100,79.28,100,55.44,100,61.52,100,63.86
26.8,52.1,0.00,0.00,100,79.28,100,55.44,100,61.52,99,63.86
24.4,46.9,0.00,0.00,100,79.28,99,33.45,100,61.52,99,64.18
25.1,45.9,0.00,0.00,100,79.28,99,33.45,100,61.52,97,64.18
35.0,45.6,0.00,0.00,100,79.28,72,2.95,100,61.52,6,33.67
19.6,36.0,0.00,0.00,100,79.28,5,2.95,100,61.52,0,33.67
15.0,36.2,0.00,0.00,100,79.28,0,2.95,98,61.52,0,33.67
14.4,34.7,0.00,0.00,95,79.28,0,2.95,96,61.52,76,33.67
16.1,35.2,0.00,0.00,95,79.28,0,2.95,91,61.52,98,33.67
96.0,35.6,0.00,0.00,95,79.28,0,2.95,96,61.52,97,33.67
19.3,36.4,0.00,0.00,92,79.28,0,2.95,94,61.52,94,33.67
40.5,37.2,0.00,0.00,84,79.28,0,3.07,93,61.52,98,33.67
24.5,39.2,0.00,0.00,100,79.28,5,10.21,100,61.52,97,33.67
23.7,41.3,0.00,0.00,100,79.28,7,20.43,100,61.52,97,33.67
21.2,44.0,0.00,0.00,100,79.28,7,26.92,100,61.52,97,33.67
22.8,44.7,0.00,0.00,100,79.28,19,42.04,100,61.52,98,33.67
20.9,44.9,0.00,0.00,100,79.6,0,42.04,100,61.52,96,33.67
31.9,44.3,0.00,0.00,100,79.6,0,42.04,100,61.52,97,33.67
28.2,44.7,0.00,0.00,100,79.6,0,42.04,100,61.52,95,33.67
23.3,45.1,0.00,0.00,100,79.6,0,42.04,100,61.52,95,33.67
28.1,45.6,0.00,0.00,100,79.6,46,70.5,100,61.52,93,33.67
80.0,46.1,0.00,0.00,100,79.6,100,70.5,100,61.52,98,33.67
24.8,46.3,0.00,0.00,100,79.6,99,70.5,100,61.52,97,33.67
26.8,46.5,0.00,0.00,100,79.6,99,70.5,100,61.52,97,33.67
37.1,46.8,0.00,0.00,100,79.6,99,70.5,100,61.52,98,33.67
23.3,46.8,0.00,0.00,100,79.6,100,70.5,100,61.52,98,33.67
25.2,46.8,0.00,0.00,100,79.6,100,70.5,100,61.52,98,33.67
23.7,46.8,0.00,0.00,100,79.6,100,70.5,100,61.52,98,33.67
18.3,46.8,0.00,0.00,100,79.6,100,70.5,100,61.52,97,33.67
19.3,45.1,0.00,0.00,69,79.6,100,70.5,93,61.52,98,33.67
19.5,45.5,0.00,0.00,38,79.6,99,70.5,96,61.52,97,33.67
36.0,45.9,0.00,0.00,38,79.6,99,70.5,97,61.52,96,33.67
90.8,46.4,0.00,0.00,40,79.6,100,70.5,96,61.52,95,33.67
23.9,46.8,0.00,0.00,38,79.6,100,70.5,99,61.52,97,33.67
22.6,46.8,0.00,0.00,100,79.6,100,70.5,100,61.52,98,33.67
24.3,46.8,0.00,0.00,100,79.6,100,70.5,100,61.52,98,33.67
23.0,46.8,0.00,0.00,100,79.6,100,70.5,100,61.52,97,33.67
24.2,46.8,0.00,0.00,100,79.6,99,70.5,100,61.52,97,33.67
23.2,46.8,0.00,0.00,100,79.6,100,70.5,100,61.52,98,33.67
21.8,46.8,0.00,0.00,100,79.6,100,70.5,100,61.52,98,33.67
22.6,46.8,0.00,0.00,100,79.6,100,70.5,100,61.52,97,33.67
25.4,46.8,0.00,0.00,100,79.6,100,70.5,100,61.52,98,33.67
22.0,46.8,0.00,0.00,100,79.6,100,70.5,100,61.52,98,33.67
23.0,46.8,0.00,0.00,100,79.6,100,70.5,100,61.52,98,33.67
23.5,46.8,0.00,0.00,100,79.6,100,70.5,100,61.52,98,33.67
23.4,46.8,0.00,0.00,100,79.6,100,70.5,100,61.52,97,33.67
26.8,45.9,0.00,0.00,100,79.6,100,70.5,100,61.52,97,33.67
69.4,46.1,0.00,0.00,100,79.6,99,70.5,100,61.52,96,33.67
21.7,46.3,0.00,0.00,100,79.6,100,70.5,100,61.52,97,33.67
17.5,46.5,0.00,0.00,100,79.6,100,70.5,91,61.52,97,33.67
19.1,45.0,0.00,0.00,33,79.6,100,70.5,20,61.52,97,33.67
19.7,45.5,0.00,0.00,42,79.6,100,70.5,96,61.52,97,33.67
19.4,46.0,0.00,0.00,45,79.6,100,70.5,96,61.52,96,33.67
34.6,46.4,0.00,0.00,41,79.6,100,70.5,96,61.52,93,33.67
22.4,46.8,0.00,0.00,76,79.6,99,70.5,100,61.52,97,33.67
22.8,46.8,0.00,0.00,100,79.6,100,70.5,100,61.52,98,33.67
22.9,46.8,0.00,0.00,100,79.6,100,70.5,100,61.52,98,33.67
23.1,46.8,0.00,0.00,100,79.6,100,70.5,100,61.52,6,2.95
20.1,41.6,0.00,0.00,100,79.6,100,70.5,100,61.52,0,2.95
18.6,41.6,0.00,0.00,100,79.6,100,70.5,100,61.52,0,2.95
21.4,41.6,0.00,0.00,100,79.6,100,70.5,100,61.52,0,2.95
20.1,41.6,0.00,0.00,100,79.6,100,70.5,100,61.52,0,2.95
21.8,41.7,0.00,0.00,100,79.6,100,70.5,100,61.52,0,2.95
22.9,42.1,0.00,0.00,100,79.6,100,70.5,100,61.52,0,2.95
22.4,42.4,0.00,0.00,100,79.6,100,70.5,100,61.52,4,11.81
23.8,45.2,0.00,0.00,100,79.6,100,70.5,100,61.52,8,23.36
23.1,48.7,0.00,0.00,100,79.6,100,70.5,100,61.52,6,35.66
23.6,49.9,0.00,0.00,100,79.6,100,70.5,100,61.52,0,35.66
22.4,50.1,0.00,0.00,100,79.6,100,70.5,100,61.52,0,35.66
26.0,50.3,0.00,0.00,100,79.6,100,70.5,100,61.52,0,35.66
100.0,50.5,0.00,0.00,100,79.6,100,70.5,100,61.32,0,44.94
24.9,40.6,0.00,0.00,43,51.75,100,70.5,98,33.67,86,44.94
23.7,40.8,0.00,0.00,38,51.75,100,70.5,96,33.67,76,44.94
63.9,41.3,0.00,0.00,33,51.75,99,70.5,95,33.67,65,44.94
27.7,41.9,0.00,0.00,38,51.75,100,70.5,95,33.67,71,44.94
96.3,42.3,0.00,0.00,42,51.75,100,70.5,95,46.1,85,44.94
27.3,46.2,0.00,0.00,94,51.75,100,70.5,97,57.92,89,44.94
31.8,49.4,0.00,0.00,94,51.75,100,70.5,97,60.21,78,44.94
24.3,49.8,0.00,0.00,95,51.75,100,70.5,95,60.21,78,44.94
24.6,50.2,0.00,0.00,96,51.75,100,70.5,95,60.21,88,44.94
23.4,50.5,0.00,0.00,97,51.75,100,70.5,97,60.21,86,44.94
23.2,50.8,0.00,0.00,96,51.75,100,70.5,99,68.81,87,44.94
29.7,51.2,0.00,0.00,97,51.75,99,70.5,99,68.81,79,52.85
60.4,50.5,0.00,0.00,96,51.75,100,70.5,99,68.81,95,52.85
25.3,50.9,0.00,0.00,95,51.75,99,70.5,99,68.81,96,52.85
24.9,51.3,0.00,0.00,96,51.75,100,70.5,99,68.81,96,52.85
23.2,51.8,0.00,0.00,96,51.75,100,70.5,99,68.81,95,52.85
22.7,52.0,0.00,0.00,93,51.75,100,70.5,99,68.81,97,52.85
21.0,52.2,0.00,0.00,97,51.75,100,70.5,100,68.81,97,52.85
21.1,52.2,0.00,0.00,97,51.75,100,70.5,100,68.81,96,52.85
21.5,52.2,0.00,0.00,97,51.75,100,70.5,100,68.81,97,52.85
20.1,52.2,0.00,0.00,97,51.75,100,70.5,100,68.81,97,52.85
26.0,51.3,0.00,0.00,95,51.75,41,75.26,100,68.81,95,52.85
27.4,51.6,0.00,0.00,94,51.75,46,75.26,99,68.81,97,52.85
28.2,51.8,0.00,0.00,93,51.75,50,75.26,99,68.81,96,52.85
80.6,52.0,0.00,0.00,96,51.75,44,75.26,100,68.81,96,52.85
22.0,52.2,0.00,0.00,96,51.75,50,75.26,100,68.81,97,52.85
22.6,52.2,0.00,0.00,97,51.75,53,75.26,100,68.81,97,52.85
24.3,52.2,0.00,0.00,97,51.75,48,75.26,100,68.81,97,52.85
23.0,52.2,0.00,0.00,97,51.75,49,75.26,100,68.81,97,52.85
22.7,52.2,0.00,0.00,97,51.75,48,75.26,100,68.81,97,52.85
22.2,52.2,0.00,0.00,96,51.75,48,75.26,100,68.81,97,52.85
22.1,52.2,0.00,0.00,97,51.75,45,75.26,100,68.81,97,52.85
22.7,52.2,0.00,0.00,96,51.75,49,75.26,100,68.81,97,52.9
24.5,52.2,0.00,0.00,97,51.75,49,75.26,100,68.81,83,52.9
79.9,51.3,0.00,0.00,95,51.75,44,75.26,100,68.81,92,52.9
73.8,51.6,0.00,0.00,96,51.75,43,75.26,99,68.81,94,52.9
29.4,51.8,0.00,0.00,93,51.75,52,75.26,100,68.81,97,52.9
26.6,52.0,0.00,0.00,95,51.75,43,75.26,100,68.81,99,52.9
24.3,52.2,0.00,0.00,96,51.75,45,75.26,100,68.81,98,52.9
25.5,52.2,0.00,0.00,97,51.75,39,75.26,100,68.81,99,52.9
24.6,52.2,0.00,0.00,97,51.75,48,75.26,100,68.81,99,52.9
32.0,52.2,0.00,0.00,96,51.75,47,75.26,83,38.08,93,52.9
25.1,46.9,0.00,0.00,97,51.75,42,75.26,74,38.08,87,52.9
23.7,46.9,0.00,0.00,97,51.75,48,75.26,76,38.08,84,52.9
24.5,46.9,0.00,0.00,97,51.75,46,75.26,71,38.08,87,52.9
24.7,46.9,0.00,0.00,97,51.75,48,75.26,34,46.8,51,52.9
24.0,45.2,0.00,0.00,95,51.75,46,75.26,64,46.8,94,52.9
93.7,44.7,0.00,0.00,23,51.75,47,75.26,59,46.8,97,52.9
31.3,45.3,0.00,0.00,41,51.75,40,75.26,67,46.8,94,52.9
27.1,45.9,0.00,0.00,40,51.75,45,75.26,69,46.8,94,52.9
37.3,46.6,0.00,0.00,48,51.75,41,75.26,68,46.8,97,52.9
24.6,46.9,0.00,0.00,39,51.75,45,75.26,74,46.8,97,52.9
23.7,46.9,0.00,0.00,42,51.75,46,75.26,69,46.8,97,52.9
22.9,46.9,0.00,0.00,46,51.75,46,75.26,67,46.8,97,52.9
22.3,46.9,0.00,0.00,42,51.75,45,75.26,69,46.8,97,52.9
20.9,46.9,0.00,0.00,43,51.75,44,75.26,72,46.8,97,52.9
21.8,46.9,0.00,0.00,40,51.75,45,75.31,65,46.8,95,52.9
23.1,46.1,0.00,0.00,43,51.75,92,75.31,65,46.8,95,52.9
23.9,46.3,0.00,0.00,39,51.75,100,75.31,65,46.8,96,52.9
24.1,46.5,0.00,0.00,43,51.75,100,75.31,73,46.8,94,52.9
24.5,46.8,0.00,0.00,40,51.75,100,75.31,71,46.8,97,52.9
20.0,46.9,0.00,0.00,38,51.75,100,75.31,69,46.8,97,52.9
20.0,46.9,0.00,0.00,47,51.75,100,75.31,70,46.8,97,52.9
21.9,46.9,0.00,0.00,45,51.75,100,75.31,71,46.8,97,52.9
21.3,46.9,0.00,0.00,44,51.75,100,75.31,70,46.8,97,52.9
19.0,46.9,0.00,0.00,40,51.75,100,75.31,53,46.92,95,52.9
23.1,46.1,0.00,0.00,41,51.75,100,75.31,68,46.92,96,52.9
22.0,46.3,0.00,0.00,43,51.75,100,75.31,73,46.92,97,52.9
21.5,46.5,0.00,0.00,41,51.75,100,75.31,72,46.92,70,52.9
27.1,45.9,0.00,0.00,42,51.75,99,75.31,72,46.92,75,52.9
23.8,46.3,0.00,0.00,39,51.75,100,75.31,75,46.92,100,52.9
47.8,46.5,0.00,0.00,45,51.75,100,75.31,68,46.92,77,52.9
33.9,46.7,0.00,0.00,41,51.75,99,75.31,71,46.92,99,52.9
24.3,46.9,0.00,0.00,37,51.75,100,75.31,73,46.92,95,52.9
22.0,46.9,0.00,0.00,40,51.75,100,75.31,72,46.92,91,52.9
23.7,46.9,0.00,0.00,40,51.75,99,75.31,70,46.92,86,52.9
24.6,46.9,0.00,0.00,36,51.75,100,75.31,71,46.92,96,52.9
22.9,46.9,0.00,0.00,35,51.75,100,75.31,72,46.92,98,52.9
24.6,46.9,0.00,0.00,41,51.75,100,75.31,72,46.92,95,52.9
22.6,46.9,0.00,0.00,41,51.75,100,75.31,72,46.92,88,52.9
23.6,47.0,0.00,0.00,42,51.75,100,75.31,75,46.92,98,52.9
22.0,46.9,0.00,0.00,37,51.75,100,75.31,66,46.92,58,25.13
22.5,41.7,0.00,0.00,41,51.75,100,75.31,72,46.92,97,25.13
18.9,41.7,0.00,0.00,42,51.75,100,75.31,66,46.92,97,25.13
24.3,36.6,0.00,0.00,40,33.67,100,75.31,38,46.92,96,25.13
21.7,35.7,0.00,0.00,96,33.67,100,75.31,69,46.92,96,25.13
22.3,35.9,0.00,0.00,97,33.67,100,75.31,71,46.92,97,25.13
24.0,36.2,0.00,0.00,96,33.67,100,75.31,68,46.92,97,25.13
22.0,36.4,0.00,0.00,94,33.67,100,75.31,71,46.92,95,25.13
21.4,36.6,0.00,0.00,96,33.67,100,75.31,72,46.92,97,25.13
20.0,36.6,0.00,0.00,97,33.67,100,75.31,73,46.92,96,25.13
19.9,36.6,0.00,0.00,97,33.67,100,75.31,75,46.92,97,25.13
20.3,36.6,0.00,0.00,96,33.67,100,75.31,72,46.92,97,25.13
20.4,36.6,0.00,0.00,97,33.67,100,75.31,71,46.92,97,25.13
20.0,36.6,0.00,0.00,97,33.67,100,75.31,74,46.92,97,25.13
18.7,36.6,0.00,0.00,97,33.67,100,75.31,71,46.92,96,25.13
18.5,36.6,0.00,0.00,97,33.67,100,75.31,72,46.92,96,25.13
19.5,36.6,0.00,0.00,97,33.67,100,75.31,70,46.92,97,25.13
19.1,36.6,0.00,0.00,97,33.67,100,75.31,65,46.92,97,25.13
21.1,36.6,0.00,0.00,97,33.67,100,75.31,71,46.92,96,25.13
19.2,36.6,0.00,0.00,98,33.67,100,75.31,74,46.92,97,25.13
19.5,36.5,0.00,0.00,97,33.67,100,75.31,67,46.92,96,25.13
18.1,36.5,0.00,0.00,97,33.67,100,75.31,72,46.92,97,25.13
22.7,36.0,0.00,0.00,97,33.67,100,75.31,36,46.92,96,25.13
21.1,35.7,0.00,0.00,96,33.67,100,75.31,68,46.92,96,25.13
92.7,35.9,0.00,0.00,97,33.67,100,75.31,69,46.92,88,25.13
18.2,35.2,0.00,0.00,97,33.67,100,75.31,66,46.92,0,25.13
18.2,35.7,0.00,0.00,96,33.67,100,75.31,69,46.92,0,25.13
15.6,36.0,0.00,0.00,96,33.67,100,75.31,68,46.92,0,25.13
16.7,36.2,0.00,0.00,96,33.67,100,75.31,66,46.92,0,25.13
17.8,36.5,0.00,0.00,96,33.67,100,75.31,75,46.92,39,25.13
20.8,36.6,0.00,0.00,98,33.67,100,75.31,76,46.92,97,25.13
20.9,36.6,0.00,0.00,97,33.67,100,75.31,70,46.92,96,25.13
19.0,36.6,0.00,0.00,97,33.67,100,75.31,70,46.92,97,25.13
19.9,36.6,0.00,0.00,97,33.67,100,75.31,69,46.92,97,25.13
20.4,36.6,0.00,0.00,97,33.67,100,75.31,76,46.92,97,25.13
20.3,36.5,0.00,0.00,97,33.67,100,75.31,70,46.92,97,25.13
22.3,36.5,0.00,0.00,97,33.67,100,75.31,76,46.92,97,25.13
19.6,36.6,0.00,0.00,98,33.67,100,75.31,71,46.92,97,25.13
19.5,36.5,0.00,0.00,97,33.67,100,75.31,72,46.92,96,25.13
20.0,36.5,0.00,0.00,97,33.67,100,75.31,73,46.92,97,25.13
19.4,36.5,0.00,0.00,97,33.67,100,75.31,75,46.92,97,25.13
16.8,35.5,0.00,0.00,97,33.67,100,75.31,43,46.92,96,25.13
22.2,35.7,0.00,0.00,96,33.67,100,75.31,69,46.92,95,25.13
20.7,36.0,0.00,0.00,97,33.67,100,75.31,69,46.92,96,25.13
24.5,36.2,0.00,0.00,96,33.67,100,75.31,66,46.92,96,25.13
98.1,36.4,0.00,0.00,97,33.67,100,75.31,73,46.92,97,25.13
16.1,31.3,0.00,0.00,5,2.95,100,75.31,70,46.92,97,25.13
15.9,31.3,0.00,0.00,0,2.95,100,75.31,70,46.92,97,25.13
18.9,31.3,0.00,0.00,0,2.95,100,75.31,68,46.92,95,25.13
20.3,31.8,0.00,0.00,0,2.95,100,75.31,66,46.92,95,25.13
19.8,32.1,0.00,0.00,0,2.95,100,75.31,72,46.92,97,25.13
17.8,34.7,0.00,0.00,5,13.76,100,75.31,73,46.92,48,25.13
16.5,37.5,0.00,0.00,8,25.02,100,75.31,72,46.92,0,25.13
97.5,38.9,0.00,0.00,11,39.84,100,75.31,69,46.92,0,25.13
14.2,39.4,0.00,0.00,0,39.84,100,75.31,71,46.92,0,25.13
16.7,39.8,0.00,0.00,0,39.84,100,75.31,70,46.92,0,25.13
19.7,40.2,0.00,0.00,0,39.84,100,75.31,76,46.92,96,25.13
34.9,40.5,0.00,0.00,0,49.12,100,75.31,71,46.92,96,25.13
95.0,39.8,0.00,0.00,76,49.12,31,75.31,61,46.92,95,25.13
30.6,40.3,0.00,0.00,67,49.12,46,75.31,65,46.92,95,25.13
30.0,40.7,0.00,0.00,66,49.12,54,75.31,35,46.92,94,25.13
37.7,40.2,0.00,0.00,64,49.12,47,75.31,60,46.92,94,25.13
59.0,40.9,0.00,0.00,66,49.12,47,75.31,64,46.92,97,25.13
34.0,41.2,0.00,0.00,61,49.12,47,75.31,66,46.92,96,25.13
29.5,41.4,0.00,0.00,71,49.12,44,75.31,68,46.92,96,25.13
28.9,41.6,0.00,0.00,67,49.12,43,75.31,66,46.92,96,25.13
25.8,41.7,0.00,0.00,68,49.12,49,75.31,66,46.92,96,25.13
25.1,41.8,0.00,0.00,70,49.12,43,75.31,67,46.92,96,25.13
25.2,41.7,0.00,0.00,70,49.12,50,75.31,67,46.92,96,25.13
26.7,41.8,0.00,0.00,71,49.12,46,75.31,67,46.92,97,25.13
27.4,41.7,0.00,0.00,64,49.12,42,75.31,62,46.92,97,25.13
31.9,40.8,0.00,0.00,50,58.44,42,75.31,67,46.92,96,25.13
28.2,41.0,0.00,0.00,66,58.44,52,75.31,69,46.92,96,25.13
28.5,41.2,0.00,0.00,72,58.44,39,75.31,70,46.92,97,25.13
83.4,41.4,0.00,0.00,65,58.44,43,75.31,67,46.92,97,25.13
27.3,41.6,0.00,0.00,65,58.44,38,75.31,66,46.92,95,25.13
25.4,41.8,0.00,0.00,65,58.44,46,75.31,64,46.92,97,25.13
26.1,41.8,0.00,0.00,70,58.44,47,75.31,67,46.92,97,25.13
29.3,41.8,0.00,0.00,71,58.44,47,75.31,71,46.92,4,2.95
20.0,36.6,0.00,0.00,84,58.44,49,75.31,77,46.92,0,2.95
20.5,36.6,0.00,0.00,85,58.44,44,75.31,49,24.93,0,2.95
25.1,31.8,0.00,0.00,80,58.44,43,75.31,62,24.93,0,2.95
24.7,32.2,0.00,0.00,77,58.44,44,75.31,75,24.93,1,11.57
23.7,34.5,0.00,0.00,87,58.49,49,75.31,68,24.93,9,22.38
27.8,37.0,0.00,0.00,80,58.49,46,75.31,66,24.93,6,29.49
23.3,39.0,0.00,0.00,82,58.49,44,75.31,68,24.93,0,29.49
96.9,39.4,0.00,0.00,73,58.49,46,75.31,65,24.93,0,29.49
24.6,39.8,0.00,0.00,76,58.49,40,75.31,67,24.93,0,29.49
26.4,40.2,0.00,0.00,81,58.49,40,75.31,68,24.93,0,29.49
21.0,40.5,0.00,0.00,82,58.49,45,75.31,72,24.93,43,38.08
38.0,40.8,0.00,0.00,65,58.49,42,75.31,66,24.93,70,38.08
29.5,41.1,0.00,0.00,62,58.49,43,75.31,66,24.93,68,38.08
27.7,41.3,0.00,0.00,62,58.49,39,75.31,69,24.93,67,38.08
26.7,41.5,0.00,0.00,67,58.49,41,75.31,67,24.93,65,38.08
26.6,41.8,0.00,0.00,72,58.49,37,75.31,66,24.93,71,38.08
24.7,41.8,0.00,0.00,67,58.49,44,75.31,65,24.93,71,38.08
29.8,40.9,0.00,0.00,74,58.49,80,75.31,72,24.93,68,38.08
64.7,40.2,0.00,0.00,43,58.49,99,75.31,64,24.93,67,38.08
28.7,40.5,0.00,0.00,65,58.49,99,75.31,60,24.93,60,38.08
28.9,40.9,0.00,0.00,70,58.49,100,75.31,64,24.93,64,38.08
82.9,41.3,0.00,0.00,67,58.49,99,75.31,49,24.93,66,38.08
26.2,36.6,0.00,0.00,82,58.49,100,75.31,0,2.95,65,38.08
23.2,36.8,0.00,0.00,82,58.49,100,75.31,0,2.95,66,38.08
24.6,37.2,0.00,0.00,64,58.49,100,75.31,0,3.07,76,38.08
23.4,38.5,0.00,0.00,87,58.49,100,75.31,6,17.04,72,38.08
22.7,42.3,0.00,0.00,93,58.49,100,75.31,6,29.46,71,38.08
20.1,44.8,0.00,0.00,87,58.49,100,75.31,0,29.49,68,38.08
21.2,45.0,0.00,0.00,86,58.49,99,75.31,0,29.49,70,38.08
21.9,45.2,0.00,0.00,89,58.49,100,75.31,0,29.49,69,38.2
34.1,44.5,0.00,0.00,76,58.49,100,75.31,0,29.49,63,46.8
29.8,44.0,0.00,0.00,72,58.49,100,75.31,0,38.08,70,46.8
30.5,44.8,0.00,0.00,67,58.49,99,75.31,57,38.08,67,46.8
31.4,45.5,0.00,0.00,75,58.49,98,75.31,60,38.08,66,46.8
32.4,46.1,0.00,0.00,66,58.49,100,75.31,56,38.08,63,46.8
88.4,46.7,0.00,0.00,68,58.49,100,75.31,60,38.08,68,46.8
24.3,47.0,0.00,0.00,69,58.49,100,75.31,67,38.08,72,46.8
25.4,47.0,0.00,0.00,76,58.49,100,75.31,68,38.08,74,46.8
24.9,47.0,0.00,0.00,76,58.49,100,75.31,69,38.08,72,46.8
25.6,47.0,0.00,0.00,80,58.49,100,75.31,62,38.08,69,46.8
25.9,47.0,0.00,0.00,77,58.49,100,75.31,70,38.08,75,46.8
25.8,47.0,0.00,0.00,80,58.49,100,75.31,65,38.08,67,46.8
24.7,47.0,0.00,0.00,78,58.49,100,75.31,67,38.08,71,46.8
27.5,46.1,0.00,0.00,45,58.49,100,75.31,68,38.08,68,46.8
50.6,46.3,0.00,0.00,78,58.49,100,75.31,70,38.08,74,46.8
28.3,46.5,0.00,0.00,78,58.49,100,75.31,68,38.08,75,46.8
28.1,46.7,0.00,0.00,76,58.49,100,75.31,74,38.08,74,46.8
26.3,46.9,0.00,0.00,82,58.49,100,75.31,75,38.08,75,46.8
24.8,47.0,0.00,0.00,79,58.49,100,75.31,68,38.08,73,46.8
24.5,47.0,0.00,0.00,80,58.49,100,75.31,69,38.08,50,46.92
28.1,46.0,0.00,0.00,84,58.49,100,75.31,67,38.2,72,46.92
36.1,45.3,0.00,0.00,80,58.49,100,75.31,60,46.8,66,46.92
27.0,45.7,0.00,0.00,65,58.49,99,75.31,59,46.8,68,46.92
79.3,46.1,0.00,0.00,71,58.49,100,75.31,69,46.8,70,46.92
31.3,46.5,0.00,0.00,68,58.49,100,75.31,64,46.8,68,46.92
85.8,46.9,0.00,0.00,72,58.49,100,75.31,62,46.8,66,46.92
61.3,46.1,0.00,0.00,60,58.49,100,75.31,69,46.8,69,46.92
26.6,46.4,0.00,0.00,77,58.49,99,75.31,73,46.8,70,46.92
28.7,46.6,0.00,0.00,72,58.49,100,75.31,79,46.8,68,46.92
28.5,46.8,0.00,0.00,72,58.49,100,75.31,77,46.8,73,46.92
24.8,47.0,0.00,0.00,64,58.49,100,75.31,76,46.8,76,46.92
26.4,47.0,0.00,0.00,82,58.49,100,75.31,72,46.8,73,46.92
25.4,47.0,0.00,0.00,78,58.49,100,75.31,73,46.8,73,46.92
24.3,47.0,0.00,0.00,80,58.49,100,75.31,67,46.8,68,46.92
24.9,47.0,0.00,0.00,86,58.49,100,75.31,80,46.8,72,46.92
24.5,47.0,0.00,0.00,83,58.49,100,75.31,74,46.8,72,46.92
27.4,47.0,0.00,0.00,83,58.49,100,75.31,74,46.8,73,46.92
26.7,47.0,0.00,0.00,79,58.49,100,75.31,75,46.8,69,46.92
25.8,46.2,0.00,0.00,71,58.49,100,75.31,63,46.8,75,46.92
28.2,46.4,0.00,0.00,69,58.49,100,75.31,68,46.92,40,24.93
50.7,40.5,0.00,0.00,75,58.49,100,75.31,70,46.92,71,24.93
60.9,40.9,0.00,0.00,72,58.49,100,75.31,71,46.92,67,24.93
32.9,41.3,0.00,0.00,76,58.49,100,75.31,68,46.92,78,24.93
26.5,41.5,0.00,0.00,79,58.49,100,75.31,67,46.92,72,24.93
26.3,41.7,0.00,0.00,80,58.49,100,75.31,65,46.92,77,24.93
24.8,41.8,0.00,0.00,83,58.49,100,75.31,71,46.92,73,24.93
25.4,41.8,0.00,0.00,78,58.49,100,75.31,70,46.92,73,24.93
24.2,41.8,0.00,0.00,82,58.49,100,75.31,71,46.92,77,24.93
22.9,41.8,0.00,0.00,80,58.49,100,75.31,71,46.92,76,24.93
23.5,41.8,0.00,0.00,87,58.49,100,75.31,74,46.92,75,24.93
29.1,40.8,0.00,0.00,74,58.49,100,75.31,68,46.92,73,24.93
25.5,41.0,0.00,0.00,82,58.49,100,75.31,70,46.92,66,24.93
25.7,41.2,0.00,0.00,77,58.49,100,75.31,69,46.92,65,24.93
80.0,41.4,0.00,0.00,78,58.49,100,75.31,67,46.92,64,24.93
29.3,41.6,0.00,0.00,77,58.49,100,75.31,69,46.92,71,24.93
25.8,41.8,0.00,0.00,77,58.49,100,75.31,75,46.92,74,24.93
24.1,41.8,0.00,0.00,89,58.49,100,75.31,65,46.92,74,24.93
25.8,41.8,0.00,0.00,82,58.49,100,75.31,67,46.92,73,24.93
26.2,41.8,0.00,0.00,83,58.49,100,75.31,71,46.92,75,24.93
22.5,39.8,0.00,0.00,84,58.49,100,75.31,71,46.92,4,2.95
21.2,35.7,0.00,0.00,83,58.49,100,75.31,70,46.92,0,2.95
21.5,36.0,0.00,0.00,88,58.49,100,75.31,69,46.92,0,2.95
53.0,35.5,0.00,0.00,57,58.49,100,75.31,59,46.92,0,2.95
98.3,36.2,0.00,0.00,61,58.49,100,75.31,56,46.92,0,2.95
22.6,36.9,0.00,0.00,67,58.49,99,75.31,74,46.92,0,6.92
25.9,39.1,0.00,0.00,83,58.49,100,75.31,72,46.92,3,14.16
24.9,41.4,0.00,0.00,81,58.49,100,75.31,71,46.92,9,26.44
74.6,44.2,0.00,0.00,91,58.49,100,75.31,65,46.92,3,43.4
20.9,45.1,0.00,0.00,83,58.49,100,75.31,71,46.92,0,44.26
21.5,45.3,0.00,0.00,83,58.49,100,75.31,72,46.92,0,44.26
21.9,45.5,0.00,0.00,85,58.49,100,75.31,68,46.92,0,44.26
27.2,45.8,0.00,0.00,85,58.49,100,75.31,73,46.92,67,53.22
25.7,46.0,0.00,0.00,78,58.49,100,75.31,72,46.92,90,53.22
93.6,46.2,0.00,0.00,83,58.49,65,75.12,66,46.92,91,53.22
27.0,40.4,0.00,0.00,43,58.49,45,21.03,69,46.92,86,53.22
27.5,40.8,0.00,0.00,79,58.49,47,21.03,60,46.92,89,53.22
26.6,41.2,0.00,0.00,72,58.49,50,21.03,71,46.92,94,53.22
25.8,41.4,0.00,0.00,81,58.49,43,21.03,66,46.92,90,53.22
78.3,41.6,0.00,0.00,74,58.49,47,21.03,67,46.92,93,53.22
26.7,40.8,0.00,0.00,79,58.49,43,21.03,71,46.92,90,53.22
26.2,41.1,0.00,0.00,78,58.49,48,21.03,66,46.92,87,53.22
24.2,41.3,0.00,0.00,81,58.49,47,21.03,65,46.92,92,53.22
60.4,41.5,0.00,0.00,80,58.49,49,21.03,67,46.92,94,53.22
26.9,41.7,0.00,0.00,77,58.49,47,21.03,69,46.92,94,53.22
23.3,41.7,0.00,0.00,84,58.49,53,21.03,72,46.92,93,53.22
22.1,41.7,0.00,0.00,80,58.49,48,21.03,66,46.92,93,53.22
25.8,40.8,0.00,0.00,55,58.49,47,21.03,66,46.92,93,53.22
24.6,41.0,0.00,0.00,82,58.49,43,21.03,72,46.92,95,53.22
31.8,41.2,0.00,0.00,77,58.49,47,21.03,68,46.92,94,53.22
25.4,41.4,0.00,0.00,76,58.49,46,21.03,69,46.92,92,53.22
79.6,41.6,0.00,0.00,73,58.49,42,21.03,75,46.92,95,53.22
23.9,41.7,0.00,0.00,81,58.49,41,21.03,75,46.92,95,53.22
23.4,41.7,0.00,0.00,85,58.49,47,21.03,74,46.92,95,53.22
25.2,41.7,0.00,0.00,85,58.49,44,21.03,68,46.92,96,53.22
24.1,41.7,0.00,0.00,84,58.49,51,21.03,75,46.92,95,53.22
24.0,41.7,0.00,0.00,78,58.49,40,21.03,70,46.92,93,53.22
23.5,41.7,0.00,0.00,80,58.49,46,21.03,68,46.92,91,53.22
23.4,41.7,0.00,0.00,77,58.49,47,21.03,70,46.92,95,53.22
20.5,39.7,0.00,0.00,87,58.49,46,21.03,63,46.92,90,53.22
27.7,40.1,0.00,0.00,75,58.49,48,21.03,66,46.92,90,53.22
99.8,40.5,0.00,0.00,72,58.49,40,21.03,60,46.92,89,53.22
29.2,41.0,0.00,0.00,78,58.49,43,21.03,67,46.92,91,53.22
26.5,41.4,0.00,0.00,73,58.49,43,21.03,66,46.92,89,53.22
24.6,41.7,0.00,0.00,70,58.49,45,21.03,76,46.92,96,53.22
24.6,41.7,0.00,0.00,80,58.49,46,21.03,70,46.92,94,53.22
25.0,41.7,0.00,0.00,72,58.49,53,21.03,76,46.92,96,53.22
23.4,41.7,0.00,0.00,78,58.49,46,21.03,68,46.92,96,53.22
22.6,41.7,0.00,0.00,79,58.49,47,21.03,64,46.92,95,53.22
23.7,41.7,0.00,0.00,80,58.49,46,21.03,66,46.92,96,53.22
25.1,41.6,0.00,0.00,81,58.49,48,21.03,76,46.92,95,53.22
21.6,40.7,0.00,0.00,75,58.49,8,21.03,73,46.92,93,53.22
28.1,35.7,0.00,0.00,51,30.72,0,21.03,74,46.92,95,53.22
21.7,35.9,0.00,0.00,86,30.72,0,21.03,70,46.92,92,53.22
22.8,36.2,0.00,0.00,84,30.72,0,21.03,67,46.92,94,53.22
21.9,36.4,0.00,0.00,81,30.72,0,21.03,63,46.92,95,53.22
23.5,36.5,0.00,0.00,80,30.72,49,21.03,67,46.92,96,53.22
23.0,36.5,0.00,0.00,81,30.72,46,21.03,71,46.92,95,53.22
20.8,36.5,0.00,0.00,76,30.72,47,21.03,42,46.92,90,53.22
25.4,35.6,0.00,0.00,78,30.72,44,21.03,68,46.92,93,53.22
26.5,35.8,0.00,0.00,76,30.72,37,21.03,68,46.92,93,53.22
62.7,36.1,0.00,0.00,77,30.72,43,21.03,64,46.92,92,53.22
25.8,36.2,0.00,0.00,85,30.72,42,21.03,67,46.92,95,53.22
29.6,36.5,0.00,0.00,79,30.72,38,21.03,64,46.92,95,53.22
17.4,31.3,0.00,0.00,51,2.95,53,21.03,77,46.92,97,53.22
15.9,31.3,0.00,0.00,0,2.95,60,21.03,78,46.92,97,53.22
14.9,31.3,0.00,0.00,0,2.95,48,21.03,78,46.92,96,53.22
95.5,31.4,0.00,0.00,0,2.95,43,21.03,67,46.92,93,53.22
49.5,31.9,0.00,0.00,0,2.95,45,21.03,70,46.92,94,53.22
18.8,32.2,0.00,0.00,0,2.95,40,21.03,77,46.92,96,53.22
19.2,35.4,0.00,0.00,7,16.23,49,21.03,74,46.92,97,53.22
20.7,39.2,0.00,0.00,8,30.54,48,21.03,75,46.92,95,53.34
22.4,39.6,0.00,0.00,12,39.84,44,21.03,71,46.92,99,81.81
20.5,39.0,0.00,0.00,0,39.84,41,21.03,68,46.92,100,81.81
56.7,39.4,0.00,0.00,0,39.84,45,21.03,68,46.92,99,81.81
68.4,39.9,0.00,0.00,0,39.84,44,21.03,67,46.92,100,81.81
29.1,40.4,0.00,0.00,0,49.12,44,21.03,68,46.92,100,81.81
24.3,40.8,0.00,0.00,66,49.12,43,21.03,37,46.92,100,81.81
27.0,40.1,0.00,0.00,76,49.12,41,21.03,62,46.92,99,81.81
28.1,40.5,0.00,0.00,69,49.12,43,21.03,67,46.92,99,81.81
79.9,40.9,0.00,0.00,79,49.12,37,21.03,69,46.92,100,81.81
24.6,41.3,0.00,0.00,71,49.12,43,21.03,74,46.92,100,81.81
26.8,41.6,0.00,0.00,77,49.12,40,21.03,75,46.92,100,81.81
23.0,41.6,0.00,0.00,78,49.12,43,21.03,68,46.92,100,81.81
24.7,41.6,0.00,0.00,84,49.12,48,21.03,74,46.92,100,81.81
24.0,41.6,0.00,0.00,82,49.12,44,21.03,68,46.92,100,81.81
23.8,41.6,0.00,0.00,80,49.12,45,21.03,77,46.92,100,81.81
22.7,41.6,0.00,0.00,81,49.12,44,21.03,74,46.92,100,81.81
21.5,41.1,0.00,0.00,80,58.08,40,21.03,74,46.92,99,81.81
25.7,40.8,0.00,0.00,89,58.08,45,21.03,70,46.92,100,81.81
26.9,41.0,0.00,0.00,95,58.08,39,21.03,63,46.92,99,81.81
24.9,41.2,0.00,0.00,96,58.08,43,21.03,70,46.92,100,81.81
20.5,36.3,0.00,0.00,97,58.08,3,2.95,73,46.92,100,81.81
17.5,36.5,0.00,0.00,99,58.08,0,2.95,71,46.92,99,81.81
21.9,36.7,0.00,0.00,98,58.08,0,2.95,70,46.92,99,81.81
21.6,37.1,0.00,0.00,95,58.08,0,2.95,69,46.92,99,81.81
21.8,37.9,0.00,0.00,95,58.08,0,9.03,60,46.92,100,81.81
24.2,40.3,0.00,0.00,98,58.08,6,20.28,62,46.92,100,81.81
23.6,44.1,0.00,0.00,95,58.08,6,39.84,66,46.92,100,81.81
21.6,44.4,0.00,0.00,93,58.08,0,39.84,66,46.92,98,81.81
22.8,44.9,0.00,0.00,94,58.08,0,39.84,67,46.92,100,81.81
20.0,45.2,0.00,0.00,98,58.08,0,39.84,72,46.92,100,81.81
21.4,45.5,0.00,0.00,96,58.08,0,39.84,69,46.92,100,81.81
49.9,45.8,0.00,0.00,98,58.08,98,48.75,68,46.92,99,81.81
32.2,45.1,0.00,0.00,70,58.08,95,48.75,63,46.92,100,81.81
38.3,45.6,0.00,0.00,71,58.08,95,48.75,68,46.92,100,81.81
31.6,46.0,0.00,0.00,72,58.08,94,48.75,65,46.92,99,81.81
86.1,46.4,0.00,0.00,74,58.08,95,48.75,63,46.92,100,81.81
25.5,46.7,0.00,0.00,73,58.08,97,48.75,77,46.92,100,81.81
25.4,46.7,0.00,0.00,77,58.08,98,48.75,76,46.92,100,81.81
26.7,46.7,0.00,0.00,75,58.08,98,48.75,69,46.92,100,81.81
27.7,46.7,0.00,0.00,81,58.08,98,48.75,77,46.92,100,81.81
25.9,46.7,0.00,0.00,69,58.08,97,48.75,70,46.92,100,81.81
27.2,46.7,0.00,0.00,71,58.08,98,48.75,76,46.92,100,81.81
28.7,46.7,0.00,0.00,80,58.08,98,48.75,70,46.92,100,81.81
26.2,46.7,0.00,0.00,68,58.08,98,48.75,74,46.92,100,81.81
31.8,44.7,0.00,0.00,83,58.08,98,48.75,65,46.92,100,81.81
33.0,45.1,0.00,0.00,92,58.08,94,48.75,69,46.92,100,81.81
44.7,44.5,0.00,0.00,95,58.08,42,57.66,59,46.92,100,81.81
97.1,45.1,0.00,0.00,92,58.08,96,57.66,62,46.92,100,81.81
54.0,45.7,0.00,0.00,93,58.08,94,57.66,61,46.92,100,81.81
31.0,46.3,0.00,0.00,94,58.08,85,57.66,69,46.92,100,81.81
26.8,46.5,0.00,0.00,97,58.08,97,57.66,67,46.92,100,81.81
31.6,46.7,0.00,0.00,95,58.08,98,57.66,73,46.92,100,81.81
27.4,46.7,0.00,0.00,98,58.08,98,57.66,70,46.92,100,81.81
28.3,46.8,0.00,0.00,97,58.08,98,57.66,71,46.92,100,81.81
26.9,46.7,0.00,0.00,98,58.08,98,57.66,76,46.92,100,81.81
30.5,46.7,0.00,0.00,98,58.08,98,57.66,69,46.92,100,81.81
26.5,46.7,0.00,0.00,98,58.08,98,57.66,73,46.92,100,81.81
26.0,46.7,0.00,0.00,98,58.08,99,57.66,74,46.92,100,81.81
25.5,46.7,0.00,0.00,98,58.08,99,57.66,71,46.92,100,81.81
26.4,46.7,0.00,0.00,98,58.08,99,57.66,63,46.92,100,81.81
28.6,45.9,0.00,0.00,47,58.08,96,57.66,67,46.92,100,81.81
28.7,46.1,0.00,0.00,72,58.08,96,57.66,72,46.92,100,81.81
84.1,46.3,0.00,0.00,71,58.08,98,57.66,65,46.92,100,81.81
27.4,45.6,0.00,0.00,72,58.08,98,57.66,38,46.92,100,81.81
42.0,45.2,0.00,0.00,78,58.08,95,57.66,62,46.92,99,81.81
27.8,45.7,0.00,0.00,66,58.08,97,57.66,63,46.92,100,81.81
80.7,46.1,0.00,0.00,67,58.08,97,57.66,69,46.92,100,81.81
27.4,46.5,0.00,0.00,63,58.08,95,57.66,67,46.92,100,81.81
30.8,46.7,0.00,0.00,65,58.08,98,57.66,70,46.92,100,81.81
25.0,46.7,0.00,0.00,74,58.08,99,57.66,74,46.92,100,81.81
26.0,46.7,0.00,0.00,74,58.08,98,57.66,62,46.92,100,81.81
25.1,46.7,0.00,0.00,73,58.08,98,57.66,71,46.92,100,81.81
27.4,46.7,0.00,0.00,78,58.08,99,57.66,74,46.92,100,81.81
85.3,45.8,0.00,0.00,51,58.08,98,57.66,66,46.92,100,81.81
26.8,46.0,0.00,0.00,95,58.08,99,57.66,71,46.92,100,81.81
26.2,46.2,0.00,0.00,98,58.08,99,57.66,67,46.92,100,81.81
31.1,46.4,0.00,0.00,98,58.08,98,57.66,71,46.92,100,81.81
34.3,46.7,0.00,0.00,96,58.08,97,57.66,78,46.92,100,81.81
25.7,46.7,0.00,0.00,98,58.08,99,57.66,75,46.92,100,81.81
26.3,46.7,0.00,0.00,98,58.08,99,57.66,71,46.92,100,81.81
27.8,46.7,0.00,0.00,98,58.08,57,57.66,65,46.92,99,81.81
51.8,45.9,0.00,0.00,97,58.08,98,57.66,66,46.92,73,81.81
29.2,45.3,0.00,0.00,91,58.08,96,57.66,66,46.92,90,81.81
32.1,43.8,0.00,0.00,93,58.08,94,57.66,55,24.93,89,81.81
40.2,40.9,0.00,0.00,96,58.08,96,57.66,63,24.93,94,81.81
27.4,41.3,0.00,0.00,97,58.08,99,57.66,72,24.93,93,81.81
29.5,41.5,0.00,0.00,96,58.08,98,57.66,66,24.93,89,81.81
25.7,41.5,0.00,0.00,96,58.08,99,57.66,69,24.93,95,81.81
19.9,40.5,0.00,0.00,98,58.08,98,57.66,63,24.93,95,81.81
28.6,40.8,0.00,0.00,66,58.08,97,57.66,69,24.93,92,81.81
29.9,40.9,0.00,0.00,69,58.08,98,57.66,64,24.93,94,81.81
29.2,41.2,0.00,0.00,68,58.08,98,57.66,67,24.93,93,81.81
26.7,41.4,0.00,0.00,72,58.08,98,57.66,70,24.93,94,81.81
26.3,41.5,0.00,0.00,59,58.08,99,57.66,69,24.93,96,81.81
24.2,41.5,0.00,0.00,72,58.08,99,57.66,67,24.93,97,81.81
25.3,41.5,0.00,0.00,79,58.08,99,57.66,69,24.93,93,81.81
24.9,41.5,0.00,0.00,74,58.08,99,57.66,71,24.93,93,81.81
25.4,41.5,0.00,0.00,69,58.08,99,57.66,68,24.93,96,81.81
22.4,40.5,0.00,0.00,69,58.08,83,57.66,67,24.93,95,81.81
28.1,40.7,0.00,0.00,74,58.08,98,57.66,66,24.93,95,81.81
27.8,41.0,0.00,0.00,70,58.08,96,57.66,63,24.93,93,81.81
35.2,41.2,0.00,0.00,75,58.08,98,57.66,67,24.93,92,81.81
31.9,40.5,0.00,0.00,31,58.08,97,57.66,55,24.74,85,81.81
22.6,35.8,0.00,0.00,97,58.08,97,57.66,0,2.95,93,81.81
21.2,35.8,0.00,0.00,96,58.08,96,57.66,0,2.95,92,81.81
21.2,36.0,0.00,0.00,96,58.08,97,57.66,0,2.95,94,81.81
30.8,36.2,0.00,0.00,98,58.08,98,57.66,0,2.95,90,81.81
25.5,36.5,0.00,0.00,95,58.08,97,57.66,0,2.95,90,81.81
23.1,37.0,0.00,0.00,95,58.08,94,57.66,0,2.95,89,81.81
24.3,37.4,0.00,0.00,97,58.08,98,57.66,1,10.44,91,81.81
23.1,40.7,0.00,0.00,98,58.08,98,57.66,6,22.53,95,81.81
23.5,44.4,0.00,0.00,98,58.08,97,57.66,8,39.84,92,81.81
21.6,44.6,0.00,0.00,94,58.08,95,57.66,0,39.84,94,81.81
21.0,44.8,0.00,0.00,97,58.08,95,57.66,0,39.84,91,81.81
22.2,45.1,0.00,0.00,98,58.08,98,57.66,0,39.84,93,81.81
65.0,44.3,0.00,0.00,98,58.08,52,57.66,0,39.84,88,81.81
38.3,44.9,0.00,0.00,96,58.08,98,57.66,54,49.12,87,81.81
35.6,44.3,0.00,0.00,47,58.08,95,57.66,60,49.12,89,81.81
78.1,44.9,0.00,0.00,63,58.08,94,57.66,64,49.12,88,81.81
34.0,45.5,0.00,0.00,64,58.08,98,57.66,59,49.12,90,81.81
43.6,46.1,0.00,0.00,61,58.08,96,57.66,63,49.12,94,81.81
28.1,46.6,0.00,0.00,63,58.08,98,57.66,71,49.12,92,81.81
27.7,46.7,0.00,0.00,64,58.08,96,57.66,70,49.12,94,81.81
27.2,46.7,0.00,0.00,66,58.08,98,57.66,70,49.12,96,81.81
25.6,46.7,0.00,0.00,68,58.08,98,57.66,69,49.12,94,81.81
27.7,46.7,0.00,0.00,75,58.08,99,57.66,71,49.12,95,81.81
26.1,46.7,0.00,0.00,73,58.08,99,57.66,71,49.12,96,81.81
26.9,46.7,0.00,0.00,71,58.08,99,57.66,78,49.12,96,81.81
29.3,46.7,0.00,0.00,73,58.08,98,57.66,67,49.12,93,81.81
27.4,46.7,0.00,0.00,69,58.08,98,57.66,67,49.17,94,81.81
30.3,45.7,0.00,0.00,76,58.08,99,57.66,70,58.44,95,81.81
30.9,45.0,0.00,0.00,36,58.08,98,57.66,74,58.44,90,81.81
29.8,45.3,0.00,0.00,96,58.08,96,57.66,67,58.44,91,81.81
89.3,44.9,0.00,0.00,96,58.08,95,57.66,53,58.44,88,81.81
31.8,45.5,0.00,0.00,79,58.08,91,57.66,52,58.44,86,81.81
33.4,46.1,0.00,0.00,78,58.08,97,57.66,54,58.44,92,81.81
30.8,46.5,0.00,0.00,92,58.08,96,57.66,63,58.44,96,81.81
29.9,46.6,0.00,0.00,95,58.08,96,57.66,68,58.44,92,81.81
28.0,46.7,0.00,0.00,96,58.08,99,57.66,73,58.44,96,81.81
28.6,46.7,0.00,0.00,97,58.08,98,57.66,71,58.44,95,81.81
26.9,46.7,0.00,0.00,97,58.08,99,57.66,72,58.44,91,81.81
26.8,46.7,0.00,0.00,98,58.08,99,57.66,73,58.44,93,81.81
28.4,46.7,0.00,0.00,97,58.08,99,57.66,73,58.44,94,81.81
26.7,46.7,0.00,0.00,97,58.08,98,57.66,69,58.44,93,81.81
26.9,45.7,0.00,0.00,98,58.08,98,57.66,55,58.49,89,81.81
31.6,45.9,0.00,0.00,96,58.08,98,57.66,75,58.49,48,81.81
73.3,45.2,0.00,0.00,97,58.08,97,57.66,73,58.49,99,81.81
34.2,44.8,0.00,0.00,42,58.08,97,57.66,54,58.49,100,81.81
39.9,45.4,0.00,0.00,62,58.08,94,57.66,57,58.49,100,81.81
31.6,45.9,0.00,0.00,60,58.08,97,57.66,61,58.49,99,81.81
28.8,46.3,0.00,0.00,61,58.08,97,57.66,68,58.49,99,81.81
32.9,45.8,0.00,0.00,68,58.08,75,57.66,66,58.49,99,81.81
30.0,46.0,0.00,0.00,66,58.08,99,57.66,67,58.49,100,81.81
27.6,46.2,0.00,0.00,72,58.08,99,57.66,67,58.49,100,81.81
28.2,46.4,0.00,0.00,68,58.08,95,57.66,69,58.49,100,81.81
28.3,46.6,0.00,0.00,68,58.08,98,57.66,74,58.49,100,81.81
25.5,46.7,0.00,0.00,73,58.08,99,57.66,75,58.49,100,81.81
24.5,46.7,0.00,0.00,70,58.08,99,57.66,65,58.49,100,81.81
28.4,46.7,0.00,0.00,68,58.08,99,57.66,70,58.3,100,81.81
26.8,41.5,0.00,0.00,75,58.08,99,57.66,72,30.72,100,81.81
27.8,41.5,0.00,0.00,64,58.08,99,57.66,71,30.72,100,81.81
29.1,40.6,0.00,0.00,93,58.08,99,57.66,75,30.72,100,81.81
29.4,40.8,0.00,0.00,97,58.08,98,57.66,71,30.72,100,81.81
50.0,41.1,0.00,0.00,95,58.08,99,57.66,74,30.72,99,81.81
27.5,41.3,0.00,0.00,98,58.08,98,57.66,68,30.72,100,81.81
29.9,41.5,0.00,0.00,97,58.08,98,57.66,74,30.72,100,81.81
25.7,41.5,0.00,0.00,97,58.08,99,57.66,74,30.72,100,81.81
25.0,41.5,0.00,0.00,98,58.08,98,57.66,74,30.72,100,81.81
26.0,41.5,0.00,0.00,98,58.08,98,57.66,73,30.72,100,81.81
26.5,41.5,0.00,0.00,97,58.08,98,57.66,71,30.72,100,81.81
58.1,40.6,0.00,0.00,97,58.08,75,57.66,75,30.72,100,81.81
31.5,40.8,0.00,0.00,97,58.08,96,57.66,68,30.72,100,81.81
24.2,37.8,0.00,0.00,95,58.08,98,57.66,5,2.95,100,81.81
20.8,36.0,0.00,0.00,96,58.08,98,57.66,0,2.95,100,81.81
29.1,36.3,0.00,0.00,96,58.08,95,57.66,0,2.95,100,81.81
19.8,36.3,0.00,0.00,98,58.08,98,57.66,0,2.95,100,81.81
26.5,35.5,0.00,0.00,49,30.72,95,57.66,0,2.95,100,81.81
23.9,31.9,0.00,0.00,75,30.72,99,57.66,0,2.95,100,81.81
23.1,32.6,0.00,0.00,85,30.72,99,57.66,3,11.79,100,81.81
23.8,36.0,0.00,0.00,91,30.72,99,57.66,7,23.73,100,81.81
24.0,39.5,0.00,0.00,92,30.72,99,57.66,8,39.84,100,81.81
21.1,39.5,0.00,0.00,90,30.72,99,57.66,0,39.84,100,81.81
21.5,39.7,0.00,0.00,82,30.72,97,57.66,0,39.84,100,81.81
21.3,39.9,0.00,0.00,82,30.72,99,57.66,0,39.84,100,81.81
90.4,40.1,0.00,0.00,79,30.72,99,57.66,0,39.84,100,81.81
31.1,40.4,0.00,0.00,85,30.72,99,57.66,88,48.75,100,81.81
34.4,40.6,0.00,0.00,83,30.72,98,57.66,96,48.75,100,81.81
29.0,40.8,0.00,0.00,78,30.72,97,57.66,98,48.75,100,81.81
21.8,40.2,0.00,0.00,13,30.72,98,57.66,95,48.75,100,81.81
25.7,39.8,0.00,0.00,0,30.72,97,57.66,92,48.75,100,81.81
21.4,40.4,0.00,0.00,0,30.72,96,57.66,95,48.75,100,81.81
71.2,40.8,0.00,0.00,0,30.72,98,57.66,97,48.75,100,81.81
30.6,41.3,0.00,0.00,0,30.72,99,57.66,97,48.75,100,81.81
26.8,41.4,0.00,0.00,67,30.72,99,57.66,97,48.75,100,81.81
27.9,41.4,0.00,0.00,72,30.72,99,57.66,97,48.75,100,81.81
26.4,41.4,0.00,0.00,68,30.72,99,57.66,97,48.75,100,81.81
27.4,41.4,0.00,0.00,74,30.72,99,57.66,97,48.75,100,81.81
28.2,41.4,0.00,0.00,67,30.72,99,57.66,97,48.75,100,81.81
26.5,41.4,0.00,0.00,67,30.72,99,57.66,97,48.75,100,81.81
26.7,41.4,0.00,0.00,73,30.72,99,57.66,97,48.75,100,81.81
26.5,41.4,0.00,0.00,69,30.72,98,57.66,63,57.66,100,81.81
29.4,40.6,0.00,0.00,71,30.72,98,57.66,97,57.66,100,81.81
32.1,40.8,0.00,0.00,79,30.72,97,57.66,96,57.66,100,81.81
31.7,41.0,0.00,0.00,76,30.72,98,57.66,98,57.66,100,81.81
28.9,41.2,0.00,0.00,70,30.72,96,57.66,95,57.66,100,81.81
33.5,41.4,0.00,0.00,70,30.72,97,57.66,99,57.66,100,81.81
18.2,36.2,0.00,0.00,5,2.95,99,57.66,98,57.66,100,81.81
20.3,35.4,0.00,0.00,0,2.95,99,57.66,98,57.66,100,81.81
25.1,35.9,0.00,0.00,0,2.95,94,57.66,93,57.66,100,81.81
24.4,36.5,0.00,0.00,0,2.95,98,57.66,96,57.66,100,81.81
25.3,37.6,0.00,0.00,2,9.39,98,57.66,96,57.66,99,81.81
23.9,41.2,0.00,0.00,6,21.02,97,57.66,98,57.66,100,81.81
19.9,44.4,0.00,0.00,8,29.49,99,57.66,98,57.66,100,81.81
20.3,44.6,0.00,0.00,0,29.49,98,57.66,97,57.66,100,81.81
27.2,44.9,0.00,0.00,0,29.49,96,57.66,98,57.66,100,81.81
26.7,45.1,0.00,0.00,0,29.49,99,57.66,98,57.66,100,81.81
22.8,44.3,0.00,0.00,0,38.08,98,57.66,59,57.66,100,81.81
27.9,44.9,0.00,0.00,59,38.08,98,57.66,96,57.66,100,81.81
41.9,45.3,0.00,0.00,62,38.08,97,57.66,95,57.66,99,81.81
30.6,45.7,0.00,0.00,64,38.08,95,57.66,92,57.66,100,81.81
28.9,46.2,0.00,0.00,59,38.08,98,57.66,93,57.66,100,81.81
32.1,46.5,0.00,0.00,50,38.08,96,57.66,98,57.66,100,81.81
26.3,46.6,0.00,0.00,66,38.08,98,57.66,97,57.66,100,81.81
25.1,46.6,0.00,0.00,61,38.08,99,57.66,98,57.66,100,81.81
24.8,46.6,0.00,0.00,58,38.08,98,57.66,98,57.66,100,81.81
26.7,45.7,0.00,0.00,54,38.08,97,57.66,98,57.66,100,81.81
28.7,45.9,0.00,0.00,62,38.08,97,57.66,97,57.66,100,81.81
30.2,46.1,0.00,0.00,64,38.08,97,57.66,95,57.66,100,81.81
60.5,46.4,0.00,0.00,64,38.08,97,57.66,96,57.66,100,81.81
24.7,46.6,0.00,0.00,62,38.08,99,57.66,98,57.66,100,81.81
27.3,45.6,0.00,0.00,66,38.08,98,57.66,95,57.66,94,81.81
28.9,45.8,0.00,0.00,58,38.08,98,57.66,95,57.66,94,81.81
29.2,45.1,0.00,0.00,64,38.08,98,57.66,66,57.66,89,81.81
28.3,45.5,0.00,0.00,56,38.08,98,57.66,97,57.66,89,81.81
33.0,45.9,0.00,0.00,57,38.08,98,57.66,96,57.66,90,81.81
27.5,46.2,0.00,0.00,62,38.08,98,57.66,95,57.66,91,81.81
26.4,46.4,0.00,0.00,58,38.2,98,57.66,95,57.66,94,81.81
24.0,45.7,0.00,0.00,34,42.96,98,57.66,97,57.66,93,81.81
24.8,45.9,0.00,0.00,39,42.96,98,57.66,98,57.66,94,81.81
26.7,46.2,0.00,0.00,42,42.96,98,57.66,95,57.66,89,81.81
25.0,46.4,0.00,0.00,36,42.96,98,57.66,98,57.66,93,81.81
22.4,46.6,0.00,0.00,38,42.96,99,57.66,98,57.66,97,81.81
22.4,46.6,0.00,0.00,36,42.96,99,57.66,98,57.66,97,81.81
25.8,45.7,0.00,0.00,41,42.96,96,57.66,96,57.66,97,81.81
26.1,45.9,0.00,0.00,38,42.96,97,57.66,97,57.66,94,81.81
26.1,46.1,0.00,0.00,40,42.96,98,57.66,98,57.66,95,81.81
27.0,46.3,0.00,0.00,39,42.96,97,57.66,97,57.66,95,81.81
30.7,46.5,0.00,0.00,37,42.96,98,57.66,53,57.66,97,81.81
27.1,45.7,0.00,0.00,41,42.96,97,57.66,97,57.66,94,81.81
38.4,45.9,0.00,0.00,39,42.96,98,57.66,97,57.66,94,81.81
27.0,46.1,0.00,0.00,41,42.96,98,57.66,95,57.66,94,81.81
26.4,46.3,0.00,0.00,38,42.96,98,57.66,96,57.66,91,81.81
27.0,46.5,0.00,0.00,40,42.96,97,57.66,98,57.66,94,81.81
25.3,46.6,0.00,0.00,40,42.96,98,57.66,98,57.66,95,81.81
25.6,46.6,0.00,0.00,38,42.96,99,57.66,98,57.66,96,81.81
25.7,46.6,0.00,0.00,38,42.96,99,57.66,98,57.66,95,81.81
24.5,46.6,0.00,0.00,40,42.96,99,57.66,98,57.66,95,81.81
24.8,46.6,0.00,0.00,39,42.96,99,57.66,98,57.66,95,81.81
23.2,46.6,0.00,0.00,51,42.96,99,57.66,99,57.66,96,81.81
24.6,46.6,0.00,0.00,43,42.96,77,57.66,98,57.66,96,81.81
21.8,41.5,0.00,0.00,40,42.96,68,30.31,99,57.66,96,81.81
23.5,41.5,0.00,0.00,42,42.96,98,30.31,98,57.66,96,81.81
24.1,41.5,0.00,0.00,40,42.96,98,30.31,98,57.66,93,81.81
23.6,41.5,0.00,0.00,41,42.96,99,30.31,47,30.31,93,81.81
24.6,36.3,0.00,0.00,43,42.96,98,30.31,98,30.31,95,81.81
25.4,36.3,0.00,0.00,39,42.96,98,30.31,98,30.31,94,81.81
25.1,36.3,0.00,0.00,41,42.96,98,30.31,98,30.31,97,81.81
23.4,36.3,0.00,0.00,41,42.96,98,30.31,98,30.31,91,81.81
23.4,36.3,0.00,0.00,34,42.96,99,30.31,99,30.31,95,81.81
25.6,36.3,0.00,0.00,42,42.96,98,30.31,98,30.31,95,81.81
22.9,36.3,0.00,0.00,39,42.96,98,30.31,99,30.31,95,81.81
23.6,36.3,0.00,0.00,41,42.96,99,30.31,98,30.31,95,81.81
23.7,36.3,0.00,0.00,34,42.96,99,30.31,98,30.31,95,81.81
22.7,36.3,0.00,0.00,41,42.96,99,30.31,99,30.31,96,81.81
27.7,36.3,0.00,0.00,40,43.01,99,30.31,98,30.31,91,81.81
28.3,35.5,0.00,0.00,59,43.01,96,30.31,94,30.31,92,81.81
29.0,35.7,0.00,0.00,63,43.01,96,30.31,94,30.31,91,81.81
51.4,35.9,0.00,0.00,59,43.01,97,30.31,95,30.31,92,81.81
22.1,31.0,0.00,0.00,60,43.01,5,2.95,98,30.31,95,81.81
18.8,31.2,0.00,0.00,72,43.01,0,2.95,57,2.95,97,81.81
12.3,26.1,0.00,0.00,64,43.01,0,2.95,0,2.95,97,81.81
10.7,26.1,0.00,0.00,67,43.01,0,2.95,0,2.95,97,81.81
15.9,26.3,0.00,0.00,74,43.01,0,2.95,0,2.95,93,81.81
43.9,27.2,0.00,0.00,56,43.01,0,2.95,0,2.95,90,81.81
20.0,28.0,0.00,0.00,58,43.01,0,2.95,0,3.07,97,81.81
23.0,31.8,0.00,0.00,62,51.46,3,10.42,6,13.76,97,81.81
23.1,41.9,0.00,0.00,73,62.72,8,22.38,9,25.36,96,81.81
20.7,50.1,0.00,0.00,68,71.55,11,40.03,17,40.03,93,81.81
17.3,50.9,0.00,0.00,60,71.55,0,40.03,0,40.03,93,81.81
22.4,51.6,0.00,0.00,64,71.55,0,40.03,0,40.03,91,81.81
99.6,52.2,0.00,0.00,64,71.55,0,40.03,0,40.03,91,81.81
16.9,52.9,0.00,0.00,63,75.68,0,46.77,0,49.31,92,81.81
29.4,54.0,0.00,0.00,94,75.68,82,49.31,99,49.31,91,81.81
81.2,54.6,0.00,0.00,89,75.68,99,49.31,100,49.31,88,81.81
55.2,55.2,0.00,0.00,90,75.68,99,49.31,99,49.31,90,81.81
27.3,55.7,0.00,0.00,89,75.68,99,49.31,99,49.31,36,81.81
61.1,54.4,0.00,0.00,91,75.68,99,49.31,99,49.31,100,57.23
26.5,50.9,0.00,0.00,96,75.68,99,49.31,99,49.31,100,57.23
61.4,51.1,0.00,0.00,94,75.68,99,49.31,99,49.31,100,57.23
25.8,51.3,0.00,0.00,94,75.68,99,49.31,99,49.31,100,57.23
30.7,51.5,0.00,0.00,97,75.68,99,49.31,99,49.31,100,57.23
24.1,51.5,0.00,0.00,97,75.68,99,49.31,99,49.31,100,57.23
24.2,51.5,0.00,0.00,98,75.68,99,49.31,99,49.31,100,57.23
23.8,51.5,0.00,0.00,98,75.68,99,49.31,99,49.31,100,57.23
24.0,51.5,0.00,0.00,98,75.68,99,49.34,99,49.34,100,57.23
78.0,49.7,0.00,0.00,98,75.68,98,58.25,99,58.25,100,57.23
25.0,50.0,0.00,0.00,95,75.68,99,58.25,99,58.25,99,57.23
24.7,50.5,0.00,0.00,94,75.68,99,58.25,99,58.25,98,57.23
36.8,50.9,0.00,0.00,92,75.68,98,58.25,99,58.25,99,57.23
26.0,51.3,0.00,0.00,94,75.68,98,58.25,99,58.25,100,57.23
21.8,51.5,0.00,0.00,97,75.68,99,58.25,99,58.25,100,57.23
20.2,51.5,0.00,0.00,98,75.68,99,58.25,99,58.25,100,57.23
21.3,51.5,0.00,0.00,98,75.68,99,58.25,99,58.25,100,57.23
21.5,51.5,0.00,0.00,98,75.68,99,58.25,99,58.25,100,57.23
21.5,51.5,0.00,0.00,98,75.68,99,58.25,99,58.25,100,57.23
20.6,51.5,0.00,0.00,98,75.68,99,58.25,99,58.25,100,57.23
20.8,51.5,0.00,0.00,98,75.68,99,58.25,99,58.25,100,57.23
21.9,51.5,0.00,0.00,98,75.68,99,58.25,99,58.25,100,57.23
20.4,51.5,0.00,0.00,98,75.68,99,58.25,99,58.25,100,57.23
70.1,50.6,0.00,0.00,75,79.8,99,58.25,99,58.25,100,57.23
22.6,50.9,0.00,0.00,93,79.8,99,58.25,99,58.25,100,57.23
22.4,51.0,0.00,0.00,93,79.8,99,58.25,99,58.25,100,57.23
30.7,51.3,0.00,0.00,95,79.8,99,58.25,99,58.25,100,57.23
23.2,51.5,0.00,0.00,95,79.8,99,58.25,99,58.25,100,57.23
20.9,51.5,0.00,0.00,97,79.8,99,58.25,99,58.25,100,57.23
21.3,51.5,0.00,0.00,96,79.8,99,58.25,99,58.25,100,57.23
20.2,51.5,0.00,0.00,96,79.8,99,58.25,99,58.25,100,57.23
21.1,51.5,0.00,0.00,97,79.8,99,58.25,99,58.25,100,57.23
19.7,51.5,0.00,0.00,96,79.8,99,58.25,99,58.25,100,57.23
30.4,50.8,0.00,0.00,96,79.8,98,58.25,51,58.25,100,57.23
40.6,49.9,0.00,0.00,94,79.8,99,58.25,98,58.25,100,57.23
28.1,50.3,0.00,0.00,92,79.8,99,58.25,98,58.25,100,57.23
27.9,50.8,0.00,0.00,95,79.8,99,58.25,99,58.25,100,57.23
28.2,51.2,0.00,0.00,94,79.8,99,58.25,99,58.25,100,57.23
22.9,51.5,0.00,0.00,93,79.8,99,58.25,99,58.25,100,57.23
22.5,51.5,0.00,0.00,97,79.8,99,58.25,99,58.25,100,57.23
24.8,51.5,0.00,0.00,96,79.8,99,58.25,99,58.25,100,57.23
23.1,51.5,0.00,0.00,97,79.8,100,58.25,99,58.25,100,57.23
24.5,51.5,0.00,0.00,96,79.8,100,58.25,99,58.25,100,57.23
26.6,51.5,0.00,0.00,97,79.8,99,58.25,99,58.25,100,57.23
24.1,51.5,0.00,0.00,97,79.8,99,58.25,99,58.25,100,57.23
24.3,51.5,0.00,0.00,97,79.8,99,58.25,99,58.25,100,57.23
29.8,51.5,0.00,0.00,97,79.8,99,58.05,56,30.4,100,57.23
20.5,41.3,0.00,0.00,96,79.8,99,30.4,99,30.4,100,57.23
26.5,41.3,0.00,0.00,97,79.8,99,30.4,99,30.4,100,57.23
47.8,40.5,0.00,0.00,96,79.8,99,30.4,99,30.4,100,57.23
24.4,40.7,0.00,0.00,97,79.8,99,30.4,99,30.4,100,57.23
29.2,40.9,0.00,0.00,96,79.8,99,30.4,99,30.4,100,57.23
24.8,40.3,0.00,0.00,92,79.8,99,30.4,100,30.4,100,57.23
21.8,40.7,0.00,0.00,91,79.8,99,30.4,99,30.4,100,57.23
22.6,40.9,0.00,0.00,90,79.8,99,30.4,99,30.4,100,57.23
22.8,41.1,0.00,0.00,92,79.8,99,30.4,99,30.4,100,57.23
19.2,41.3,0.00,0.00,92,79.8,99,30.4,99,30.4,100,57.23
19.7,41.3,0.00,0.00,93,79.8,99,30.4,99,30.4,100,57.23
20.5,41.3,0.00,0.00,93,79.8,99,30.4,99,30.4,100,57.23
20.0,41.3,0.00,0.00,93,79.8,100,30.4,99,30.4,100,57.23
20.5,41.3,0.00,0.00,93,79.8,99,30.4,99,30.4,100,57.23
21.0,41.3,0.00,0.00,93,79.8,99,30.4,100,30.4,100,57.23
20.7,41.3,0.00,0.00,93,79.8,100,30.4,99,30.4,100,57.23
22.3,41.3,0.00,0.00,93,79.8,100,30.4,100,30.4,100,57.23
20.8,41.3,0.00,0.00,94,79.8,99,30.4,100,30.4,100,57.23
20.2,41.3,0.00,0.00,94,79.8,99,30.4,99,30.4,100,57.23
19.2,41.3,0.00,0.00,93,79.8,99,30.4,99,30.4,100,57.23
21.1,41.3,0.00,0.00,93,79.8,100,30.4,99,30.4,100,57.23
20.6,41.3,0.00,0.00,93,79.8,99,30.4,99,30.4,100,57.23
20.1,41.3,0.00,0.00,93,79.8,100,30.4,99,30.4,100,57.23
20.7,41.3,0.00,0.00,93,79.8,100,30.4,100,30.4,100,57.23
20.5,41.3,0.00,0.00,93,79.8,99,30.4,100,30.4,100,57.23
19.9,41.2,0.00,0.00,94,79.8,99,30.4,99,30.4,100,57.23
22.1,39.3,0.00,0.00,94,79.8,42,2.95,5,2.95,100,57.23
12.3,31.2,0.00,0.00,98,79.8,0,2.95,0,2.95,100,57.23
16.6,31.3,0.00,0.00,98,79.8,0,2.95,0,2.95,100,57.23
90.6,31.7,0.00,0.00,95,79.8,0,2.95,0,2.95,100,57.23
16.9,32.0,0.00,0.00,97,79.8,0,7.91,0,2.95,100,57.23
18.2,35.0,0.00,0.00,98,79.8,6,19.53,0,2.95,100,57.23
17.4,38.6,0.00,0.00,98,79.8,6,31.49,0,2.95,100,57.23
17.0,39.5,0.00,0.00,97,79.8,0,31.49,0,2.95,97,2.95
14.6,34.6,0.00,0.00,97,79.8,0,31.49,0,2.95,0,2.95
13.6,33.8,0.00,0.00,94,79.8,0,31.49,0,2.95,0,2.95
13.8,34.2,0.00,0.00,94,79.8,0,31.49,0,2.95,0,2.95
21.8,34.8,0.00,0.00,96,79.8,4,39.35,0,2.95,0,2.95
57.9,34.2,0.00,0.00,94,79.8,93,39.35,0,2.95,0,2.95
41.4,35.0,0.00,0.00,95,79.8,88,39.35,0,2.95,0,2.95
99.6,36.0,0.00,0.00,91,79.8,90,39.35,0,2.95,0,2.95
24.3,36.7,0.00,0.00,90,79.8,94,39.35,1,7.61,0,2.95
21.7,39.8,0.00,0.00,97,79.8,95,39.35,7,19.4,0,2.95
19.2,43.5,0.00,0.00,97,79.8,96,39.35,8,39.84,0,2.95
20.4,44.7,0.00,0.00,94,79.8,96,39.35,0,39.84,0,2.95
50.6,44.9,0.00,0.00,94,79.8,97,39.35,0,39.84,0,2.95
50.8,45.2,0.00,0.00,97,79.8,95,39.35,0,39.84,0,2.95
17.6,45.4,0.00,0.00,95,79.8,97,39.35,0,39.84,0,2.95
26.3,45.7,0.00,0.00,96,79.8,96,39.35,80,49.12,0,2.95
24.1,45.9,0.00,0.00,96,79.8,94,39.35,67,49.12,0,2.95
66.1,46.1,0.00,0.00,95,79.8,95,39.35,71,49.12,0,2.95
27.3,46.4,0.00,0.00,97,79.8,96,39.35,71,49.12,0,2.95
25.2,46.6,0.00,0.00,95,79.8,95,39.35,72,49.12,0,2.95
24.7,46.9,0.00,0.00,96,79.8,96,39.35,71,49.12,0,2.95
25.5,46.8,0.00,0.00,97,79.8,96,39.35,74,49.12,0,2.95
22.6,46.9,0.00,0.00,96,79.8,95,39.35,72,49.12,0,2.95
24.4,46.9,0.00,0.00,97,79.8,96,39.35,76,49.12,0,2.95
23.4,46.8,0.00,0.00,97,79.8,96,39.4,80,49.12,0,2.95
46.9,45.9,0.00,0.00,97,79.8,96,47.26,72,49.12,0,2.95
25.7,46.1,0.00,0.00,95,79.8,96,47.26,74,49.12,0,2.95
26.8,46.3,0.00,0.00,96,79.8,97,47.26,78,58.44,0,2.95
99.8,45.6,0.00,0.00,95,79.8,94,47.26,79,58.44,0,2.95
92.8,46.0,0.00,0.00,95,79.8,96,47.26,69,58.44,0,2.95
34.7,46.3,0.00,0.00,97,79.8,96,47.26,75,58.44,0,2.95
27.0,46.5,0.00,0.00,96,79.8,97,47.26,80,58.44,0,2.95
96.4,46.7,0.00,0.00,96,79.8,97,47.26,76,58.44,0,2.95
22.2,46.9,0.00,0.00,97,79.8,98,47.26,88,58.44,0,2.95
24.9,46.1,0.00,0.00,89,79.8,98,47.26,79,58.44,0,2.95
23.7,46.3,0.00,0.00,96,79.8,98,47.26,77,58.44,0,2.95
87.9,46.5,0.00,0.00,95,79.8,97,47.26,82,58.44,0,2.95
24.7,46.7,0.00,0.00,97,79.8,98,47.26,80,58.44,0,2.95
32.8,46.9,0.00,0.00,96,79.8,98,47.26,85,58.44,0,2.95
23.8,46.9,0.00,0.00,98,79.8,98,47.26,82,58.49,0,2.95
25.4,45.9,0.00,0.00,98,79.8,97,47.26,80,58.49,0,2.95
31.2,46.1,0.00,0.00,97,79.8,97,47.26,71,58.49,0,2.95
33.5,46.4,0.00,0.00,96,79.8,97,47.26,78,58.49,0,2.95
24.2,46.6,0.00,0.00,97,79.8,97,47.26,78,58.49,0,2.95
96.3,46.8,0.00,0.00,96,79.8,97,47.26,80,58.49,0,2.95
24.7,46.9,0.00,0.00,98,79.8,96,47.26,85,58.49,0,2.95
22.4,46.9,0.00,0.00,98,79.8,98,47.26,85,58.49,0,2.95
23.3,46.9,0.00,0.00,98,79.8,97,47.26,74,58.49,0,2.95
22.3,46.9,0.00,0.00,98,79.8,97,47.26,81,58.49,0,2.95
24.4,46.9,0.00,0.00,98,79.8,97,47.26,81,58.49,0,2.95
24.2,46.9,0.00,0.00,98,79.8,97,47.26,81,58.49,0,2.95
21.6,46.9,0.00,0.00,98,79.8,98,47.26,82,58.49,0,2.95
20.1,41.8,0.00,0.00,93,61.73,98,47.31,60,58.49,0,2.95
27.5,40.0,0.00,0.00,96,61.73,95,47.31,70,58.49,0,2.95
27.1,40.4,0.00,0.00,95,61.73,96,47.31,67,58.49,0,2.95
31.6,40.8,0.00,0.00,96,61.73,94,47.31,76,58.49,0,2.95
29.4,41.1,0.00,0.00,95,61.73,95,47.31,70,58.49,0,2.95
33.5,41.5,0.00,0.00,95,61.73,96,47.31,74,58.49,0,2.95
24.1,41.7,0.00,0.00,97,61.73,97,47.31,85,58.49,0,2.95
23.8,41.7,0.00,0.00,97,61.73,97,47.31,85,58.49,0,2.95
25.1,41.7,0.00,0.00,98,61.73,97,47.31,86,58.49,0,2.95
24.4,41.7,0.00,0.00,98,61.73,97,47.31,79,58.49,0,2.95
22.6,41.7,0.00,0.00,97,61.73,96,47.31,82,58.49,0,2.95
26.7,40.8,0.00,0.00,90,61.73,97,47.31,78,58.49,0,2.95
25.4,41.0,0.00,0.00,97,61.73,96,47.31,78,58.49,0,2.95
29.2,40.3,0.00,0.00,96,61.73,96,47.31,63,58.49,0,2.95
48.0,40.6,0.00,0.00,97,61.73,93,47.31,76,58.49,0,2.95
27.8,41.1,0.00,0.00,96,61.73,96,47.31,74,58.49,0,2.95
26.3,41.4,0.00,0.00,96,61.73,96,47.31,77,58.49,0,2.95
26.8,41.6,0.00,0.00,99,61.73,97,47.31,71,58.49,0,2.95
25.1,41.8,0.00,0.00,96,61.73,97,47.31,84,58.49,0,2.95
24.7,41.8,0.00,0.00,98,61.73,97,47.31,89,58.49,0,2.95
25.5,41.8,0.00,0.00,98,61.73,97,47.31,84,58.49,0,2.95
24.1,41.8,0.00,0.00,98,61.73,97,47.31,73,58.49,0,2.95
23.4,41.7,0.00,0.00,98,61.73,97,47.31,84,58.49,0,2.95
26.1,41.8,0.00,0.00,98,61.73,97,47.31,79,58.49,0,2.95
23.8,41.7,0.00,0.00,98,61.73,97,47.31,84,58.49,0,2.95
24.7,40.8,0.00,0.00,98,61.73,51,47.31,46,58.49,0,2.95
29.5,40.1,0.00,0.00,97,61.73,97,47.31,80,58.49,0,2.95
50.9,40.5,0.00,0.00,97,61.73,94,47.31,68,58.49,0,2.95
76.0,40.9,0.00,0.00,97,61.73,92,47.31,74,58.49,0,2.95
28.2,41.3,0.00,0.00,95,61.73,94,47.31,69,58.49,0,2.95
30.8,41.7,0.00,0.00,95,61.73,95,47.31,77,58.49,0,2.95
28.1,41.7,0.00,0.00,98,61.73,97,47.31,74,58.49,0,2.95
22.7,40.9,0.00,0.00,87,61.73,97,47.31,77,58.49,0,2.95
86.9,41.1,0.00,0.00,86,61.73,97,47.31,78,58.49,0,2.95
44.7,41.4,0.00,0.00,86,61.73,96,47.31,85,58.49,0,2.95
22.4,41.6,0.00,0.00,88,61.73,96,47.31,78,58.49,0,2.95
25.5,41.7,0.00,0.00,96,61.73,97,47.31,80,58.49,0,2.95
24.7,41.7,0.00,0.00,98,61.73,97,47.31,82,58.49,0,2.95
18.3,41.7,0.00,0.00,98,61.73,97,47.31,53,58.49,0,2.95
24.6,40.9,0.00,0.00,97,61.73,96,47.31,76,58.49,0,2.95
25.8,41.1,0.00,0.00,97,61.73,96,47.31,82,58.49,0,2.95
32.4,40.4,0.00,0.00,95,61.73,96,47.31,80,58.49,0,2.95
27.4,40.7,0.00,0.00,96,61.73,95,47.31,73,58.49,0,2.95
35.9,41.1,0.00,0.00,96,61.73,97,47.31,71,58.49,0,2.95
23.1,41.4,0.00,0.00,96,61.73,97,47.31,73,58.49,0,2.95
26.1,41.6,0.00,0.00,95,61.73,96,47.31,80,58.49,0,2.95
24.5,41.7,0.00,0.00,97,61.73,97,47.31,83,58.49,0,2.95
22.2,41.7,0.00,0.00,96,61.73,97,47.31,84,58.49,0,2.95
24.5,41.7,0.00,0.00,97,61.73,97,47.31,83,58.49,0,2.95
24.7,41.7,0.00,0.00,97,61.73,97,47.31,83,58.49,0,2.95
21.9,41.7,0.00,0.00,97,61.73,81,47.31,84,58.49,0,2.95
28.8,39.9,0.00,0.00,95,61.73,70,47.31,89,58.49,0,2.95
30.3,40.3,0.00,0.00,96,61.73,95,47.31,73,58.49,0,2.95
27.1,40.7,0.00,0.00,96,61.73,96,47.31,76,58.49,0,2.95
95.4,41.1,0.00,0.00,93,61.73,96,47.31,71,58.49,0,2.95
28.7,41.5,0.00,0.00,96,61.73,96,47.31,68,58.49,0,2.95
24.6,41.8,0.00,0.00,97,61.73,97,47.31,86,58.49,0,2.95
23.7,41.7,0.00,0.00,97,61.73,97,47.31,86,58.49,0,2.95
25.5,41.8,0.00,0.00,96,61.73,97,47.31,82,58.49,0,2.95
23.2,41.8,0.00,0.00,97,61.73,97,47.31,72,58.49,0,2.95
22.6,41.7,0.00,0.00,97,61.73,97,47.31,85,58.49,0,2.95
21.6,41.7,0.00,0.00,97,61.73,98,47.31,78,58.49,0,2.95
22.2,41.8,0.00,0.00,96,61.73,98,47.31,80,58.49,0,2.95
20.1,41.7,0.00,0.00,97,61.73,97,47.31,68,58.49,0,2.95
25.7,40.9,0.00,0.00,96,61.73,97,47.31,76,58.49,0,2.95
26.8,41.1,0.00,0.00,96,61.73,97,47.31,73,58.49,0,2.95
82.1,41.3,0.00,0.00,95,61.73,97,47.31,75,58.49,0,2.95
25.1,41.5,0.00,0.00,95,61.73,96,47.31,76,58.49,0,2.95
24.3,37.2,0.00,0.00,87,39.74,96,47.31,85,58.49,0,2.95
20.2,36.5,0.00,0.00,89,39.74,97,47.31,81,58.49,0,2.95
22.6,36.5,0.00,0.00,86,39.74,97,47.31,82,58.49,0,2.95
91.3,36.6,0.00,0.00,87,39.74,97,47.31,72,58.49,0,2.95
99.6,36.9,0.00,0.00,87,39.74,93,47.31,76,58.49,0,2.95
26.9,36.3,0.00,0.00,45,39.74,93,47.31,74,58.49,0,2.95
27.2,38.3,0.00,0.00,88,39.74,95,47.31,86,58.49,0,5.23
54.6,38.9,0.00,0.00,88,41.88,96,47.31,85,58.49,4,10.48
50.2,40.0,0.00,0.00,84,46.91,75,47.31,82,30.72,3,15.53
32.6,39.7,0.00,0.00,83,52.55,96,47.31,82,30.72,8,28.87
88.3,39.0,0.00,0.00,88,65.66,93,47.31,68,30.72,0,28.87
28.1,39.6,0.00,0.00,83,65.66,94,47.31,76,30.72,0,28.87
31.9,40.2,0.00,0.00,84,65.66,94,47.31,79,30.72,0,28.87
25.4,40.8,0.00,0.00,88,65.66,95,47.31,81,30.72,0,28.87
27.4,41.1,0.00,0.00,84,65.66,96,47.31,68,30.72,81,57.33
23.1,41.5,0.00,0.00,98,94.12,97,47.31,91,30.72,100,57.33
22.7,41.4,0.00,0.00,100,94.12,97,47.31,86,30.72,100,57.33
23.2,41.4,0.00,0.00,100,94.12,97,47.31,88,30.72,100,57.33
22.0,41.4,0.00,0.00,100,94.12,97,47.31,83,30.72,100,57.33
21.7,41.5,0.00,0.00,100,94.12,97,47.31,82,30.72,100,57.33
24.2,41.4,0.00,0.00,100,94.12,97,47.31,19,2.95,100,57.33
14.8,36.2,0.00,0.00,100,94.12,97,47.31,0,2.95,100,57.33
14.8,36.2,0.00,0.00,100,94.12,97,47.31,0,2.95,100,57.33
13.5,36.2,0.00,0.00,100,94.12,97,47.31,0,2.95,100,57.33
14.4,36.2,0.00,0.00,100,94.12,97,47.31,0,2.95,100,57.33
17.7,36.6,0.00,0.00,100,94.12,97,47.31,0,2.95,100,57.33
18.3,37.0,0.00,0.00,100,94.12,96,47.31,0,3.19,100,57.33
19.8,38.9,0.00,0.00,100,94.12,97,47.31,6,16.84,100,57.33
20.2,42.6,0.00,0.00,100,94.12,97,47.31,7,34.18,100,57.33
15.5,44.4,0.00,0.00,100,94.12,95,47.31,1,39.84,100,57.33
15.3,44.6,0.00,0.00,100,94.12,97,47.31,0,39.84,100,57.33
29.0,43.9,0.00,0.00,100,94.12,55,47.31,0,39.84,100,57.33
20.2,44.3,0.00,0.00,100,94.12,97,47.31,0,39.84,100,57.33
18.6,44.7,0.00,0.00,100,94.12,96,47.31,25,48.75,100,57.33
26.2,45.2,0.00,0.00,100,94.12,97,47.31,97,48.75,100,57.33
25.9,45.7,0.00,0.00,100,94.12,97,47.31,93,48.75,100,57.33
25.0,46.0,0.00,0.00,100,94.12,97,47.31,97,48.75,100,57.33
29.1,46.3,0.00,0.00,100,94.12,97,47.31,95,48.75,100,57.33
22.2,46.5,0.00,0.00,100,94.12,98,47.31,98,48.75,100,57.33
22.3,46.5,0.00,0.00,100,94.12,98,47.31,98,48.75,100,57.33
21.7,46.5,0.00,0.00,100,94.12,98,47.31,99,48.75,100,57.33
21.2,46.5,0.00,0.00,100,94.12,98,47.31,98,48.75,100,57.33
25.7,46.5,0.00,0.00,100,94.12,97,47.31,99,48.75,100,57.33
22.9,46.5,0.00,0.00,100,94.12,97,47.31,98,48.75,100,57.33
24.1,46.5,0.00,0.00,100,94.12,97,47.31,99,48.75,100,57.33
24.0,46.5,0.00,0.00,100,94.12,97,47.31,99,48.75,100,57.33
23.6,46.5,0.00,0.00,100,94.12,97,47.31,99,48.75,100,57.33
21.6,46.5,0.00,0.00,100,94.12,96,47.31,98,48.75,100,57.33
21.5,46.5,0.00,0.00,100,94.12,97,47.31,77,57.66,100,57.33
23.8,45.7,0.00,0.00,100,94.12,96,47.31,96,57.66,100,57.33
23.6,45.9,0.00,0.00,100,94.12,96,47.31,95,57.66,100,57.33
26.6,46.1,0.00,0.00,100,94.12,96,47.31,97,57.66,100,57.33
69.5,46.3,0.00,0.00,100,94.12,97,47.31,96,57.66,100,57.33
23.1,46.5,0.00,0.00,100,94.12,97,47.31,98,57.66,100,57.33
22.5,46.5,0.00,0.00,100,94.12,96,47.31,99,57.66,100,57.33
22.0,46.5,0.00,0.00,100,94.12,97,47.31,98,57.66,100,57.33
25.4,45.5,0.00,0.00,100,94.12,97,47.31,98,57.66,100,57.33
22.9,45.8,0.00,0.00,100,94.12,97,47.31,97,57.66,100,57.33
27.7,46.0,0.00,0.00,100,94.12,94,47.31,96,57.66,100,57.33
35.8,45.4,0.00,0.00,100,94.12,94,47.31,94,57.66,100,57.33
28.0,45.8,0.00,0.00,100,94.12,96,47.31,97,57.66,100,57.33
25.5,46.1,0.00,0.00,100,94.12,96,47.31,97,57.66,100,57.33
25.3,46.3,0.00,0.00,100,94.12,97,47.31,95,57.66,100,57.33
23.5,46.5,0.00,0.00,100,94.12,97,47.31,79,57.66,100,57.33
69.6,45.6,0.00,0.00,100,94.12,97,47.31,72,57.66,100,57.33
23.2,45.8,0.00,0.00,100,94.12,95,47.31,98,57.66,100,57.33
26.2,46.0,0.00,0.00,100,94.12,96,47.31,97,57.66,100,57.33
24.3,46.3,0.00,0.00,100,94.12,96,47.31,96,57.66,100,57.33
25.1,46.5,0.00,0.00,100,94.12,96,47.31,98,57.66,100,57.33
21.4,46.5,0.00,0.00,100,94.12,97,47.31,98,57.66,100,57.33
24.6,46.5,0.00,0.00,100,94.12,97,47.31,99,57.66,100,57.33
22.8,46.5,0.00,0.00,100,94.12,97,47.31,98,57.66,100,57.33
20.9,46.5,0.00,0.00,100,94.12,97,47.31,98,57.66,100,57.33
23.2,46.5,0.00,0.00,100,94.12,97,47.31,99,57.66,100,57.33
22.6,46.5,0.00,0.00,100,94.12,97,47.31,98,57.66,100,57.33
22.5,46.5,0.00,0.00,100,94.12,97,47.31,98,57.66,100,57.33
22.9,46.5,0.00,0.00,100,94.12,97,47.31,98,57.66,100,57.33
21.9,46.5,0.00,0.00,100,94.12,97,47.31,98,57.66,100,57.33
23.4,46.5,0.00,0.00,100,94.12,97,47.31,98,57.66,100,57.33
22.9,46.5,0.00,0.00,100,94.12,97,47.31,57,30.31,100,57.33
21.5,41.4,0.00,0.00,100,94.12,97,47.31,98,30.31,100,57.33
23.1,41.4,0.00,0.00,100,94.12,97,47.31,98,30.31,100,57.33
54.9,40.4,0.00,0.00,100,94.12,44,47.31,97,30.31,100,57.33
26.5,40.7,0.00,0.00,100,94.12,96,47.31,98,30.31,100,57.33
26.5,40.9,0.00,0.00,100,94.12,96,47.31,98,30.31,100,57.33
24.9,41.0,0.00,0.00,100,94.12,95,47.31,98,30.31,100,57.33
43.6,41.3,0.00,0.00,100,94.12,95,47.31,97,30.31,100,57.33
23.3,41.4,0.00,0.00,100,94.12,97,47.31,98,30.31,100,57.33
21.8,41.4,0.00,0.00,100,94.12,96,47.31,99,30.31,100,57.33
23.5,41.4,0.00,0.00,100,94.12,97,47.31,98,30.31,100,57.33
23.8,41.4,0.00,0.00,100,94.12,96,47.31,98,30.31,100,57.33
22.5,41.4,0.00,0.00,100,94.12,97,47.31,98,30.31,100,57.33
22.5,41.4,0.00,0.00,100,94.12,97,47.31,98,30.31,100,57.33
21.1,41.4,0.00,0.00,100,94.12,97,47.31,98,30.31,100,57.33
21.9,41.4,0.00,0.00,100,94.12,97,47.31,71,30.11,100,57.33
16.5,34.3,0.00,0.00,100,94.12,96,47.31,0,2.95,0,57.33
21.7,34.8,0.00,0.00,83,94.12,95,47.31,0,2.95,0,57.33
16.1,35.2,0.00,0.00,87,94.12,97,47.31,0,2.95,0,57.33
23.8,35.6,0.00,0.00,89,94.12,93,47.31,0,2.95,0,57.33
21.6,36.4,0.00,0.00,85,94.12,95,47.31,0,2.95,51,57.33
18.7,37.1,0.00,0.00,100,94.12,97,47.31,0,8.66,100,57.33
19.2,39.5,0.00,0.00,100,94.12,97,47.31,10,20.53,100,57.33
20.1,43.0,0.00,0.00,100,94.12,97,47.31,10,31.49,100,57.33
17.3,44.5,0.00,0.00,100,94.12,97,47.31,0,31.49,100,57.33
26.1,44.7,0.00,0.00,100,94.12,97,47.31,0,31.49,100,57.33
17.1,45.0,0.00,0.00,100,94.12,96,47.31,0,31.49,100,57.33
14.5,45.2,0.00,0.00,100,94.12,96,47.31,0,31.49,100,57.33
27.1,44.5,0.00,0.00,100,94.12,43,47.31,21,35.62,100,57.33
24.9,44.9,0.00,0.00,100,94.12,98,47.31,81,35.62,100,57.33
59.7,45.3,0.00,0.00,100,94.12,97,47.31,78,35.62,100,57.33
24.4,45.7,0.00,0.00,100,94.12,97,47.31,81,35.62,100,57.33
22.2,46.2,0.00,0.00,100,94.12,92,47.31,84,35.62,100,57.33
18.6,46.5,0.00,0.00,100,94.12,97,47.31,87,35.62,100,57.33
20.8,46.5,0.00,0.00,100,94.12,98,47.31,88,35.62,100,57.33
19.2,46.5,0.00,0.00,100,94.12,97,47.31,91,35.62,100,57.33
20.7,46.5,0.00,0.00,100,94.12,98,47.31,86,35.62,100,57.33
19.0,46.5,0.00,0.00,100,94.12,97,47.31,87,35.62,100,57.33
20.1,46.5,0.00,0.00,100,94.12,97,47.31,92,35.62,100,57.33
20.7,46.5,0.00,0.00,100,94.12,98,47.31,90,35.62,100,57.33
20.0,46.5,0.00,0.00,100,94.12,97,47.31,92,35.62,100,57.33
20.0,46.5,0.00,0.00,100,94.12,97,47.31,89,35.62,100,57.33
26.8,46.5,0.00,0.00,100,94.12,97,47.31,87,35.62,100,57.33
90.7,45.7,0.00,0.00,100,94.12,97,47.31,84,35.62,100,57.33
45.9,45.9,0.00,0.00,100,94.12,92,47.31,85,35.62,100,57.33
24.0,46.2,0.00,0.00,100,94.12,96,47.31,86,35.62,100,57.33
22.8,46.4,0.00,0.00,100,94.12,97,47.31,86,35.62,100,57.33
21.5,46.5,0.00,0.00,100,94.12,97,47.31,89,35.62,100,57.33
22.4,46.5,0.00,0.00,100,94.12,97,47.31,89,35.62,100,57.33
21.5,46.5,0.00,0.00,100,94.12,97,47.31,90,35.62,100,57.33
21.5,46.5,0.00,0.00,100,94.12,97,47.31,91,35.62,100,57.33
22.5,45.6,0.00,0.00,100,94.12,97,47.31,71,39.74,100,57.33
23.3,45.7,0.00,0.00,100,94.12,95,47.31,85,39.74,100,57.33
99.0,45.9,0.00,0.00,100,94.12,94,47.31,88,39.74,100,57.33
23.8,46.2,0.00,0.00,100,94.12,97,47.31,88,39.74,100,57.33
22.5,46.4,0.00,0.00,100,94.12,96,47.31,89,39.74,100,57.33
20.2,46.5,0.00,0.00,100,94.12,97,47.31,93,39.74,100,57.33
28.4,45.6,0.00,0.00,100,94.12,41,47.31,89,39.74,100,57.33
21.5,45.8,0.00,0.00,100,94.12,95,47.31,88,39.74,100,57.33
23.3,46.0,0.00,0.00,100,94.12,97,47.31,86,39.74,100,57.33
22.8,46.2,0.00,0.00,100,94.12,95,47.31,87,39.74,100,57.33
73.7,46.4,0.00,0.00,100,94.12,96,47.31,88,39.74,100,57.33
20.9,46.5,0.00,0.00,100,94.12,97,47.31,90,39.74,100,57.33
21.2,46.5,0.00,0.00,100,94.12,96,47.31,88,39.74,100,57.33
24.3,46.5,0.00,0.00,100,94.12,97,47.31,92,39.74,100,57.33
21.1,46.5,0.00,0.00,100,94.12,97,47.31,89,39.74,100,57.33
23.1,46.5,0.00,0.00,100,94.12,97,47.31,90,39.74,100,57.33
21.7,46.5,0.00,0.00,100,94.12,96,47.31,90,39.74,100,57.33
21.8,46.5,0.00,0.00,100,94.12,97,47.31,90,39.74,100,57.33
21.5,46.5,0.00,0.00,100,94.12,97,47.31,91,39.74,100,57.33
21.1,46.5,0.00,0.00,100,94.12,97,47.31,91,39.74,100,57.33
20.8,46.5,0.00,0.00,100,94.12,97,47.31,91,39.74,100,57.33
22.2,46.5,0.00,0.00,100,94.12,97,47.31,91,39.74,100,57.33
21.0,46.5,0.00,0.00,100,94.12,96,47.31,91,39.74,100,57.33
22.8,46.5,0.00,0.00,100,94.12,97,47.31,92,39.74,100,57.33
24.4,45.6,0.00,0.00,100,94.12,97,47.31,83,39.74,100,57.33
24.3,45.8,0.00,0.00,100,94.12,96,47.31,86,39.74,100,57.33
23.3,46.0,0.00,0.00,100,94.12,92,47.31,88,39.74,100,57.33
25.2,46.2,0.00,0.00,100,94.12,96,47.31,91,39.74,100,57.33
80.3,46.4,0.00,0.00,100,94.12,96,47.31,90,39.74,100,57.33
20.7,46.5,0.00,0.00,100,94.12,97,47.31,93,39.74,100,57.33
21.5,46.5,0.00,0.00,100,94.12,97,47.31,94,39.74,100,57.33
23.2,45.6,0.00,0.00,100,94.12,57,47.31,88,39.74,100,57.33
22.9,45.8,0.00,0.00,100,94.12,97,47.31,90,39.74,100,57.33
24.5,46.0,0.00,0.00,100,94.12,95,47.31,87,39.74,100,57.33
21.9,46.2,0.00,0.00,100,94.12,97,47.31,85,39.74,100,57.33
24.0,46.4,0.00,0.00,100,94.12,97,47.31,89,39.74,100,57.33
19.8,46.5,0.00,0.00,100,94.12,97,47.31,92,39.74,100,57.33
20.2,46.5,0.00,0.00,100,94.12,96,47.31,94,39.74,100,57.33
19.4,46.5,0.00,0.00,100,94.12,97,47.31,90,39.74,100,57.33
21.2,46.5,0.00,0.00,100,94.12,96,47.31,91,39.74,100,57.33
19.2,46.5,0.00,0.00,100,94.12,96,47.31,92,39.74,100,57.33
20.0,46.5,0.00,0.00,100,94.12,97,47.31,92,39.74,100,57.33
20.7,46.5,0.00,0.00,100,94.12,97,47.31,90,39.74,100,57.33
20.7,46.5,0.00,0.00,100,94.12,97,47.31,92,39.74,100,57.33
20.8,46.5,0.00,0.00,100,94.12,97,47.31,91,39.74,100,57.33
20.4,46.5,0.00,0.00,100,94.12,97,47.31,93,39.74,100,57.33
20.5,46.5,0.00,0.00,100,94.12,97,47.31,92,39.74,100,57.33
20.0,46.5,0.00,0.00,100,94.12,97,47.31,92,39.74,100,57.33
21.7,45.5,0.00,0.00,100,94.12,96,47.31,91,21.35,100,57.33
23.1,39.5,0.00,0.00,100,93.93,97,47.31,93,21.35,10,2.95
18.4,31.3,0.00,0.00,92,39.74,96,47.31,87,21.35,0,2.95
18.5,31.3,0.00,0.00,89,39.74,96,47.31,89,21.35,0,2.95
18.2,31.3,0.00,0.00,89,39.74,97,47.31,91,21.35,0,2.95
19.0,31.5,0.00,0.00,86,39.74,91,47.31,87,21.35,0,2.95
22.0,26.8,0.00,0.00,85,21.35,95,47.31,87,21.35,0,3.5
21.8,27.5,0.00,0.00,92,21.35,98,47.31,89,21.35,6,17.48
22.1,31.1,0.00,0.00,90,21.35,96,47.31,90,21.35,7,29.46
22.7,33.3,0.00,0.00,90,21.35,56,47.31,86,21.35,0,29.49
21.5,33.7,0.00,0.00,85,21.35,97,47.31,87,21.35,0,29.49
70.1,34.1,0.00,0.00,83,21.35,98,47.31,88,21.35,0,29.49
20.8,34.5,0.00,0.00,90,21.35,98,47.31,83,21.35,0,29.49
21.3,35.0,0.00,0.00,82,21.35,94,47.31,89,21.35,24,38.08
70.9,35.5,0.00,0.00,89,21.35,97,47.31,88,21.35,63,38.08
26.3,35.7,0.00,0.00,84,21.35,98,47.31,88,21.35,67,38.08
27.0,35.9,0.00,0.00,85,21.35,95,47.31,90,21.35,73,38.08
32.2,36.1,0.00,0.00,84,21.35,97,47.31,86,21.35,67,38.08
29.7,36.4,0.00,0.00,85,21.35,98,47.31,85,21.35,72,38.08
22.0,36.6,0.00,0.00,87,21.35,98,47.31,91,21.35,70,38.08
24.6,36.6,0.00,0.00,86,21.35,97,47.31,89,21.35,70,38.08
27.0,36.6,0.00,0.00,84,21.35,98,47.31,91,21.35,67,38.08
23.4,36.5,0.00,0.00,85,21.35,97,47.31,91,21.35,69,38.08
25.3,36.5,0.00,0.00,85,21.35,97,47.31,90,21.35,66,38.08
21.2,36.5,0.00,0.00,84,21.35,97,47.31,71,2.95,70,38.08
17.6,31.4,0.00,0.00,90,21.35,98,47.31,0,2.95,68,38.08
78.6,31.6,0.00,0.00,87,21.35,97,47.31,0,2.95,62,38.08
83.2,32.0,0.00,0.00,84,21.35,97,47.31,0,2.95,70,38.08
20.9,32.3,0.00,0.00,88,21.35,98,47.31,0,8.1,75,38.08
18.3,34.2,0.00,0.00,34,2.95,98,47.31,6,20.04,73,38.08
16.7,33.6,0.00,0.00,3,2.95,98,47.31,7,39.84,75,38.08
14.2,34.6,0.00,0.00,0,2.95,98,47.31,0,39.84,69,38.08
95.8,35.3,0.00,0.00,0,2.95,96,47.31,0,39.84,65,38.08
93.9,36.1,0.00,0.00,0,2.95,96,47.31,0,39.84,30,46.8
22.2,37.6,0.00,0.00,0,2.95,95,56.37,0,39.84,67,46.8
38.1,41.4,0.00,0.00,0,4.94,97,65.86,54,49.12,59,46.8
33.1,46.5,0.00,0.00,3,10.87,95,84.2,71,49.12,63,46.8
77.8,48.7,0.00,0.00,3,21.3,97,84.2,70,49.12,62,46.8
28.1,48.9,0.00,0.00,0,28.77,94,84.2,78,49.12,67,46.8
76.6,48.5,0.00,0.00,0,28.77,38,62.02,73,49.12,64,46.8
41.9,45.1,0.00,0.00,0,28.77,95,62.02,69,49.12,67,46.8
30.5,45.6,0.00,0.00,0,28.77,97,71.3,70,49.12,69,46.8
33.5,46.0,0.00,0.00,0,58.48,100,71.3,66,49.12,64,46.8
29.3,46.4,0.00,0.00,100,58.48,100,71.3,70,49.12,69,46.8
30.0,46.6,0.00,0.00,100,58.48,100,71.3,67,49.12,72,46.8
30.0,46.8,0.00,0.00,100,58.48,100,71.3,71,49.12,71,46.8
28.9,47.1,0.00,0.00,100,58.48,100,71.3,79,49.12,72,46.8
27.3,47.1,0.00,0.00,100,58.48,100,71.3,77,49.12,71,46.8
27.1,47.1,0.00,0.00,100,58.48,100,71.3,78,58.44,72,46.8
28.1,46.2,0.00,0.00,99,58.48,100,71.3,65,58.44,65,46.8
30.5,46.4,0.00,0.00,100,58.48,100,71.3,66,58.44,65,46.8
29.2,46.6,0.00,0.00,100,58.48,100,71.3,70,58.44,63,46.8
30.8,46.8,0.00,0.00,100,58.48,100,71.3,71,58.44,71,46.8
29.5,47.0,0.00,0.00,100,58.48,100,71.3,71,58.44,69,46.92
31.2,46.1,0.00,0.00,100,58.48,100,71.3,73,58.44,68,46.92
39.6,46.3,0.00,0.00,100,58.48,100,71.3,66,58.44,71,46.92
29.6,46.5,0.00,0.00,99,58.48,100,71.3,72,58.44,69,46.92
55.7,46.7,0.00,0.00,100,58.48,100,71.3,77,58.44,66,46.92
30.8,47.0,0.00,0.00,99,58.48,100,71.3,70,58.44,74,46.92
28.1,47.1,0.00,0.00,100,58.48,100,71.3,75,58.44,73,46.92
27.1,47.1,0.00,0.00,100,58.48,100,71.3,79,58.44,75,46.92
27.6,47.1,0.00,0.00,100,58.48,100,71.3,77,58.49,74,46.92
30.8,46.2,0.00,0.00,100,58.48,100,71.3,53,58.49,67,46.92
30.5,46.4,0.00,0.00,100,58.48,100,71.3,71,58.49,65,46.92
30.2,46.6,0.00,0.00,99,58.48,100,71.3,74,58.49,68,46.92
36.5,46.8,0.00,0.00,100,58.48,100,71.3,70,58.49,66,46.92
30.2,47.0,0.00,0.00,100,58.48,100,71.3,76,58.49,69,46.92
50.5,46.2,0.00,0.00,100,58.48,100,80.62,74,58.49,69,46.92
30.9,46.4,0.00,0.00,100,58.48,100,80.62,70,58.49,69,46.92
36.2,46.6,0.00,0.00,100,58.48,100,80.62,72,58.49,75,46.92
43.1,46.8,0.00,0.00,99,58.48,100,80.62,76,58.49,73,46.92
28.5,47.0,0.00,0.00,100,58.48,100,80.62,70,58.49,74,46.92
28.0,47.1,0.00,0.00,100,58.48,100,80.62,79,58.49,67,46.92
27.4,47.1,0.00,0.00,100,58.48,100,80.62,78,58.49,47,24.93
32.2,42.1,0.00,0.00,100,58.48,100,80.62,80,58.49,71,24.93
30.7,40.8,0.00,0.00,100,58.48,100,80.62,81,30.72,72,24.93
30.4,36.7,0.00,0.00,100,58.48,100,80.62,79,30.72,71,24.93
28.5,36.7,0.00,0.00,100,58.48,100,80.62,84,30.72,71,24.93
27.1,36.7,0.00,0.00,100,58.48,100,80.62,79,30.72,70,24.93
27.5,36.7,0.00,0.00,100,58.48,100,80.62,99,30.72,72,24.93
28.0,36.7,0.00,0.00,100,58.48,100,80.62,77,30.72,73,24.93
27.9,36.7,0.00,0.00,100,58.48,100,80.62,75,30.72,72,24.93
27.7,36.7,0.00,0.00,100,58.48,100,80.62,82,30.72,72,24.93
28.7,36.7,0.00,0.00,100,58.48,100,80.62,83,30.72,69,24.93
28.5,36.7,0.00,0.00,100,58.48,100,80.62,71,30.72,72,24.93
29.0,36.7,0.00,0.00,99,58.48,100,80.62,82,30.72,69,24.93
26.4,36.7,0.00,0.00,100,58.48,100,80.62,83,30.72,75,24.93
29.3,36.7,0.00,0.00,100,58.48,100,80.62,77,30.72,74,24.93
22.7,31.9,0.00,0.00,100,58.48,100,80.62,5,2.95,73,24.93
18.9,31.4,0.00,0.00,100,58.48,100,80.62,0,2.95,69,24.93
23.8,31.7,0.00,0.00,100,58.48,100,80.62,0,2.95,63,24.93
25.2,32.1,0.00,0.00,100,58.48,100,80.62,0,2.95,71,24.93
25.0,31.7,0.00,0.00,100,58.48,99,80.62,0,10.69,69,24.93
24.6,34.0,0.00,0.00,100,58.48,84,80.67,5,21.33,6,2.95
30.4,32.5,0.00,0.00,100,58.48,84,80.67,5,39.84,0,2.95
22.6,33.6,0.00,0.00,100,58.48,97,80.67,0,39.84,0,2.95
22.8,33.6,0.00,0.00,32,58.55,87,80.67,0,39.84,0,2.95
28.2,34.7,0.00,0.00,0,58.55,95,80.67,0,39.84,0,6.61
24.3,36.9,0.00,0.00,0,58.55,100,80.67,0,39.84,8,17.99
18.2,40.8,0.00,0.00,0,58.55,100,80.67,76,48.75,7,28.27
81.9,44.2,0.00,0.00,0,58.55,100,80.67,91,48.75,0,39.84
25.0,44.2,0.00,0.00,67,58.55,100,80.67,94,48.75,0,39.84
24.7,44.6,0.00,0.00,100,58.55,100,80.67,97,48.75,0,39.84
26.8,45.0,0.00,0.00,99,58.55,100,80.67,96,48.75,0,39.84
23.8,45.5,0.00,0.00,100,58.55,100,80.67,96,48.75,0,48.75
32.7,45.8,0.00,0.00,100,58.55,100,80.67,97,48.75,97,48.75
31.1,46.0,0.00,0.00,99,58.55,100,80.67,95,48.75,97,48.75
31.7,46.2,0.00,0.00,100,58.55,100,80.67,97,48.75,92,48.75
33.4,46.4,0.00,0.00,99,58.55,100,80.67,95,48.75,97,48.75
33.0,46.6,0.00,0.00,100,58.55,100,80.67,96,48.75,90,48.75
31.3,46.8,0.00,0.00,100,58.55,100,80.67,98,48.75,98,48.75
28.5,46.8,0.00,0.00,99,58.55,100,80.67,98,48.75,97,48.75
30.7,46.8,0.00,0.00,100,58.55,100,80.67,98,48.75,98,48.75
25.0,46.8,0.00,0.00,100,58.55,100,80.67,99,48.75,98,48.75
28.1,46.0,0.00,0.00,99,58.55,100,80.67,82,57.66,97,48.75
88.5,45.3,0.00,0.00,100,58.55,100,80.67,95,57.66,96,48.75
33.8,45.7,0.00,0.00,100,58.55,100,80.67,96,57.66,97,48.75
33.3,46.0,0.00,0.00,99,58.55,100,80.67,97,57.66,98,48.75
87.0,46.4,0.00,0.00,100,58.55,100,80.67,97,57.66,95,48.75
28.5,46.7,0.00,0.00,100,58.55,100,80.67,96,57.66,96,48.75
28.2,46.8,0.00,0.00,100,58.55,100,80.67,98,57.66,57,58.03
32.4,46.0,0.00,0.00,100,58.55,100,80.67,96,57.66,79,58.03
54.0,46.2,0.00,0.00,100,58.55,100,80.67,97,57.66,78,58.03
29.8,46.4,0.00,0.00,100,58.55,100,80.67,98,57.66,73,58.03
29.9,46.6,0.00,0.00,100,58.55,100,80.67,97,57.66,72,58.03
33.1,46.8,0.00,0.00,100,58.55,100,80.67,95,57.66,85,58.03
29.0,46.8,0.00,0.00,99,58.55,100,80.67,98,57.66,99,58.03
29.4,46.8,0.00,0.00,100,58.55,100,80.67,98,57.66,99,58.03
30.3,46.8,0.00,0.00,100,58.55,100,80.67,98,57.66,70,58.03
32.3,46.8,0.00,0.00,100,58.55,100,80.67,98,57.66,78,58.03
30.9,46.8,0.00,0.00,100,58.55,100,80.67,56,57.66,80,58.03
92.9,46.0,0.00,0.00,100,58.55,100,80.67,97,57.66,72,58.03
31.0,46.2,0.00,0.00,100,58.55,100,80.67,95,57.66,71,58.03
30.4,46.5,0.00,0.00,100,58.55,100,80.67,97,57.66,96,58.08
35.7,45.7,0.00,0.00,99,58.55,100,80.67,96,57.66,94,58.08
42.9,46.0,0.00,0.00,100,58.55,100,80.67,97,57.66,95,58.08
29.5,46.2,0.00,0.00,100,58.55,100,80.67,98,57.66,98,58.08
29.6,46.4,0.00,0.00,100,58.55,100,80.67,98,57.66,98,58.08
33.8,46.7,0.00,0.00,100,58.55,100,80.67,98,57.66,97,58.08
31.3,46.9,0.00,0.00,100,58.55,100,80.67,99,57.66,98,58.08
28.4,46.8,0.00,0.00,99,58.55,100,80.67,98,57.66,99,58.08
26.1,46.8,0.00,0.00,100,58.55,100,80.67,98,57.66,99,58.08
30.7,46.9,0.00,0.00,99,58.55,100,80.67,99,57.66,98,58.08
33.1,46.8,0.00,0.00,100,58.55,99,80.67,98,57.66,98,58.08
99.8,46.0,0.00,0.00,100,58.55,100,80.67,98,57.66,97,58.08
32.6,46.2,0.00,0.00,100,58.55,100,80.67,98,57.66,97,58.08
32.7,45.5,0.00,0.00,100,58.55,100,80.67,90,57.66,97,58.08
33.5,45.9,0.00,0.00,100,58.55,100,80.67,91,57.66,94,58.08
75.7,46.3,0.00,0.00,100,58.55,100,80.67,98,57.66,96,58.08
29.1,46.5,0.00,0.00,100,58.55,100,80.67,95,57.66,95,58.08
28.9,46.7,0.00,0.00,100,58.55,100,80.67,95,57.66,59,30.72
32.6,41.9,0.00,0.00,100,58.55,100,80.67,98,57.66,86,30.72
28.9,41.7,0.00,0.00,100,58.55,100,80.67,98,57.66,84,30.72
29.4,41.7,0.00,0.00,100,58.55,100,80.67,99,57.66,95,30.72
26.3,41.7,0.00,0.00,100,58.55,100,80.67,98,57.66,87,30.72
27.5,35.8,0.00,0.00,29,2.95,98,80.67,96,57.66,78,30.72
28.4,35.8,0.00,0.00,0,2.95,89,80.67,98,57.66,79,30.72
23.3,36.0,0.00,0.00,0,2.95,87,80.67,98,57.66,74,30.72
26.5,36.2,0.00,0.00,0,2.95,90,80.67,97,57.66,84,30.72
26.7,36.4,0.00,0.00,0,2.95,76,80.67,96,57.66,72,30.72
26.6,36.5,0.00,0.00,0,2.95,100,80.67,98,57.66,86,30.72
25.0,36.5,0.00,0.00,0,2.95,100,80.67,97,57.66,92,30.72
62.3,35.6,0.00,0.00,0,2.95,100,80.67,96,57.66,77,30.72
27.8,35.8,0.00,0.00,0,2.95,100,80.67,98,57.66,86,30.53
28.7,34.1,0.00,0.00,0,2.95,100,80.67,98,57.66,5,2.95
33.8,30.1,0.00,0.00,0,2.95,100,80.67,94,57.66,0,2.95
27.0,30.5,0.00,0.00,0,2.95,100,80.67,95,57.66,0,2.95
55.0,30.8,0.00,0.00,0,2.95,100,80.67,95,57.66,0,2.95
19.0,31.0,0.00,0.00,0,2.95,100,80.67,98,57.66,0,2.95
22.6,31.3,0.00,0.00,0,2.95,100,80.67,96,57.66,0,2.95
17.1,31.3,0.00,0.00,0,2.95,100,80.67,99,57.66,0,2.95
18.3,31.3,0.00,0.00,0,2.95,100,80.67,99,57.66,0,2.95
17.1,31.3,0.00,0.00,0,2.95,100,80.67,98,57.66,0,2.95
16.6,31.3,0.00,0.00,0,2.95,100,80.67,98,57.66,0,2.95
16.2,31.3,0.00,0.00,0,2.95,100,80.67,98,57.66,0,2.95
16.8,31.3,0.00,0.00,0,2.95,100,80.67,99,57.66,0,2.95
17.8,31.2,0.00,0.00,0,2.95,100,80.67,98,57.66,0,2.95
18.2,31.2,0.00,0.00,0,2.95,100,80.67,98,57.66,0,2.95
20.3,28.6,0.00,0.00,0,2.95,100,80.67,98,30.31,0,2.95
16.6,26.1,0.00,0.00,0,2.95,100,80.67,98,30.31,0,2.95
17.3,26.1,0.00,0.00,0,2.95,100,80.67,98,30.31,0,2.95
16.4,26.1,0.00,0.00,0,2.95,100,80.67,99,30.31,0,2.95
18.6,26.1,0.00,0.00,0,2.95,100,80.67,99,30.31,0,2.95
17.9,26.1,0.00,0.00,0,2.95,100,80.67,98,30.31,0,2.95
17.8,26.1,0.00,0.00,0,2.95,100,80.67,98,30.31,0,2.95
17.4,26.1,0.00,0.00,0,2.95,100,80.67,99,30.31,0,2.95
17.4,26.1,0.00,0.00,0,2.95,100,80.67,99,30.31,0,2.95
16.6,26.1,0.00,0.00,0,2.95,100,80.67,99,30.31,0,2.95
16.8,26.1,0.00,0.00,0,2.95,100,80.67,98,30.31,0,2.95
17.4,26.1,0.00,0.00,0,2.95,100,80.67,99,30.31,0,2.95
15.4,26.0,0.00,0.00,0,2.95,100,80.67,98,30.31,0,2.95
20.1,25.2,0.00,0.00,0,2.95,100,80.67,98,30.31,0,2.95
20.0,25.4,0.00,0.00,0,2.95,100,80.67,96,30.31,0,2.95
82.6,25.6,0.00,0.00,0,2.95,100,80.67,98,30.31,0,2.95
13.3,23.1,0.00,0.00,0,2.95,100,80.67,5,2.95,0,2.95
10.6,21.0,0.00,0.00,0,2.95,100,80.67,0,2.95,0,2.95
9.6,21.0,0.00,0.00,0,2.95,100,80.67,0,2.95,0,2.95
18.1,21.5,0.00,0.00,0,2.95,100,80.67,0,2.95,0,2.95
21.7,22.6,0.00,0.00,0,2.95,100,80.67,0,2.95,0,2.95
14.0,23.3,0.00,0.00,0,2.95,100,80.67,0,3.19,2,8.5
22.5,28.2,0.00,0.00,0,10.08,100,80.67,5,15.55,4,19.09
22.7,38.0,0.00,0.00,13,21.06,100,80.67,7,26.95,7,29.41
18.6,45.3,0.00,0.00,14,35.86,100,80.67,10,35.86,7,44.26
19.7,45.7,0.00,0.00,0,35.86,100,80.67,0,35.86,0,44.26
95.8,46.4,0.00,0.00,0,35.86,100,80.67,0,35.86,0,44.26
16.7,47.0,0.00,0.00,0,35.86,100,80.67,0,35.86,0,44.26
52.1,47.7,0.00,0.00,0,35.86,100,80.67,0,45.14,0,72.72
37.9,48.8,0.00,0.00,0,45.14,100,80.67,99,45.14,99,72.72
29.1,49.4,0.00,0.00,99,45.14,100,80.67,99,45.14,99,72.72
32.4,50.0,0.00,0.00,99,45.14,100,80.67,98,45.14,99,72.72
64.0,50.5,0.00,0.00,99,45.14,100,80.67,99,45.14,99,72.72
96.0,51.1,0.00,0.00,99,45.14,100,80.48,99,45.14,98,72.72
24.7,46.5,0.00,0.00,99,45.14,76,58.49,100,45.14,99,72.72
30.0,46.8,0.00,0.00,99,45.14,47,30.72,99,45.14,99,72.72
29.4,42.1,0.00,0.00,99,45.14,77,30.72,98,45.14,99,72.72
27.3,43.7,0.00,0.00,99,45.14,85,42.39,99,45.14,99,72.72
26.8,47.0,0.00,0.00,99,45.14,84,53.43,99,45.14,99,72.72
26.2,49.6,0.00,0.00,99,45.14,77,57.26,99,45.14,99,72.72
25.8,49.8,0.00,0.00,99,45.14,89,57.26,99,45.14,99,72.72
25.7,50.0,0.00,0.00,99,45.14,91,57.26,77,49.24,99,72.72
84.9,48.3,0.00,0.00,79,49.29,88,57.26,88,49.29,98,72.72
31.6,48.9,0.00,0.00,84,49.29,72,62.02,87,49.29,98,72.72
44.9,49.6,0.00,0.00,86,49.29,86,62.02,88,49.29,99,72.72
90.4,50.2,0.00,0.00,87,49.29,86,62.02,84,49.29,99,72.72
60.0,50.8,0.00,0.00,78,49.29,93,62.02,85,49.29,99,72.72
28.4,51.3,0.00,0.00,86,49.29,95,62.02,93,49.29,99,72.72
30.0,51.5,0.00,0.00,86,49.29,67,34.25,87,49.29,100,72.72
18.8,46.4,0.00,0.00,90,49.29,49,34.25,90,49.29,100,72.72
20.2,46.4,0.00,0.00,87,49.29,51,34.25,91,49.29,100,72.72
19.1,46.4,0.00,0.00,91,49.29,46,34.25,91,49.29,100,72.72
20.1,46.4,0.00,0.00,90,49.29,49,34.25,91,49.29,100,72.72
20.0,46.4,0.00,0.00,89,49.29,47,34.25,90,49.29,100,72.72
20.1,46.4,0.00,0.00,89,49.29,46,34.25,91,49.29,100,72.72
20.3,46.4,0.00,0.00,88,49.29,48,34.25,89,49.31,100,72.72
22.1,44.6,0.00,0.00,48,49.31,46,34.25,99,49.31,99,72.72
24.0,45.0,0.00,0.00,99,49.31,49,34.25,99,49.31,99,72.72
36.5,45.4,0.00,0.00,99,49.31,46,34.25,99,49.31,100,72.72
26.4,45.8,0.00,0.00,98,49.31,44,34.25,99,49.31,100,72.72
54.3,46.2,0.00,0.00,99,49.31,46,34.25,99,49.31,99,72.72
19.6,46.4,0.00,0.00,99,49.31,53,34.25,99,49.31,100,72.72
18.6,46.4,0.00,0.00,99,49.31,49,34.25,99,49.31,100,72.72
19.8,46.5,0.00,0.00,99,49.31,51,34.25,99,49.31,100,72.72
20.1,46.4,0.00,0.00,99,49.31,50,34.25,99,49.31,100,72.72
19.8,46.4,0.00,0.00,99,49.31,52,34.25,99,49.31,100,72.72
20.2,46.4,0.00,0.00,99,49.31,50,34.25,99,49.31,100,72.72
19.7,46.4,0.00,0.00,99,49.31,48,34.25,99,49.31,100,72.72
25.8,46.4,0.00,0.00,99,49.31,48,34.25,59,49.31,100,72.72
98.5,44.8,0.00,0.00,85,49.31,43,34.25,92,49.31,100,72.72
78.7,45.2,0.00,0.00,87,49.31,41,34.25,85,49.31,100,72.72
23.8,45.6,0.00,0.00,85,49.31,40,34.25,88,49.31,100,72.72
22.2,46.1,0.00,0.00,86,49.31,43,34.25,87,49.31,99,72.72
18.6,46.4,0.00,0.00,83,49.31,47,34.25,93,49.31,100,72.72
22.2,46.4,0.00,0.00,90,49.31,45,34.25,94,49.31,100,72.72
20.4,46.4,0.00,0.00,89,49.31,53,34.25,91,49.31,100,72.72
18.8,46.4,0.00,0.00,88,49.31,44,34.25,91,49.31,100,72.72
20.1,46.4,0.00,0.00,89,49.31,43,34.25,92,49.31,100,72.72
18.8,46.4,0.00,0.00,89,49.31,45,34.25,93,49.31,100,72.72
18.7,46.4,0.00,0.00,91,49.31,44,34.25,93,49.31,100,72.72
20.4,45.5,0.00,0.00,89,49.31,27,39.06,92,49.31,100,72.72
22.8,45.7,0.00,0.00,88,49.31,43,39.06,88,49.31,100,72.72
27.6,45.9,0.00,0.00,88,49.31,47,39.06,48,49.31,100,72.72
78.4,44.4,0.00,0.00,99,49.31,38,39.06,99,49.31,99,72.72
25.8,45.1,0.00,0.00,99,49.31,42,39.06,99,49.31,98,72.72
23.5,45.7,0.00,0.00,99,49.31,44,39.06,99,49.31,100,72.72
54.7,46.1,0.00,0.00,98,49.31,41,39.06,99,49.31,99,72.72
20.0,46.5,0.00,0.00,99,49.31,42,39.06,99,49.31,100,72.72
19.7,46.5,0.00,0.00,99,49.31,51,39.06,99,49.31,100,72.72
18.4,46.4,0.00,0.00,99,49.31,48,39.06,99,49.31,100,72.72
20.1,46.4,0.00,0.00,99,49.31,49,39.06,99,49.31,100,72.72
19.4,46.4,0.00,0.00,99,49.31,49,39.06,99,49.31,100,72.72
19.0,46.4,0.00,0.00,99,49.31,48,39.06,99,49.31,100,72.72
20.8,46.4,0.00,0.00,99,49.31,51,39.06,99,49.31,100,72.72
20.9,46.4,0.00,0.00,99,49.31,48,39.06,99,49.31,100,72.72
35.9,44.6,0.00,0.00,87,49.31,47,39.06,77,49.31,100,72.72
99.8,45.0,0.00,0.00,87,49.31,40,39.06,87,49.31,100,72.72
28.1,45.4,0.00,0.00,87,49.31,40,39.06,92,49.31,99,72.72
30.2,45.8,0.00,0.00,86,49.31,46,39.06,85,49.31,100,72.72
76.7,46.2,0.00,0.00,85,49.31,41,39.06,92,49.31,100,72.72
18.9,46.4,0.00,0.00,91,49.31,47,39.06,93,49.31,100,72.72
18.9,46.4,0.00,0.00,87,49.31,41,39.06,89,49.31,100,72.72
19.0,46.4,0.00,0.00,89,49.31,43,39.06,92,49.31,100,72.72
19.2,46.5,0.00,0.00,87,49.31,43,39.06,92,49.31,100,72.72
19.6,46.5,0.00,0.00,88,49.31,42,39.06,92,49.31,100,72.72
19.0,46.4,0.00,0.00,88,49.31,42,39.06,90,49.31,100,72.72
18.3,46.4,0.00,0.00,89,49.31,44,39.06,90,49.31,100,72.72
20.3,45.7,0.00,0.00,90,49.31,46,39.06,88,49.31,96,87.64
48.0,45.6,0.00,0.00,89,49.31,43,39.06,93,49.31,98,87.64
25.5,44.0,0.00,0.00,52,49.31,38,39.06,99,49.31,97,87.64
40.0,44.6,0.00,0.00,99,49.31,44,39.06,98,49.31,93,87.64
29.6,45.2,0.00,0.00,99,49.31,39,39.06,99,49.31,96,87.64
26.8,45.7,0.00,0.00,99,49.31,37,39.06,97,49.31,96,87.64
24.9,46.2,0.00,0.00,99,49.31,44,39.06,98,49.31,94,87.64
21.5,46.5,0.00,0.00,98,49.31,53,39.06,99,49.31,97,87.64
21.3,46.4,0.00,0.00,99,49.31,48,39.11,99,49.31,97,87.64
22.3,45.6,0.00,0.00,99,49.31,46,39.11,99,49.31,97,87.64
21.5,45.8,0.00,0.00,99,49.31,44,39.11,99,49.31,95,87.64
69.5,46.0,0.00,0.00,98,49.31,44,39.11,99,49.31,97,87.64
21.3,46.2,0.00,0.00,99,49.31,41,39.11,99,49.31,96,87.64
19.1,46.4,0.00,0.00,99,49.31,47,39.11,99,49.31,98,87.64
20.8,46.4,0.00,0.00,99,49.31,44,39.11,78,49.31,93,87.64
22.9,44.8,0.00,0.00,50,49.31,39,39.11,90,49.31,97,87.64
24.0,45.2,0.00,0.00,89,49.31,43,39.11,90,49.31,98,87.64
23.8,45.6,0.00,0.00,85,49.31,44,39.11,82,49.31,96,87.64
24.2,46.1,0.00,0.00,85,49.31,41,39.11,85,49.31,98,87.64
19.7,46.4,0.00,0.00,88,49.31,46,39.11,91,49.31,97,87.64
20.0,46.4,0.00,0.00,91,49.31,45,39.11,93,49.31,98,87.64
20.0,46.4,0.00,0.00,88,49.31,44,39.11,96,49.31,99,87.64
18.4,46.4,0.00,0.00,91,49.31,46,39.11,93,49.31,98,87.64
19.5,46.4,0.00,0.00,86,49.31,48,39.11,93,49.31,98,87.64
20.0,46.4,0.00,0.00,90,49.31,47,39.11,94,49.31,98,87.64
19.4,46.4,0.00,0.00,91,49.31,45,39.11,93,49.31,98,87.64
20.3,46.4,0.00,0.00,92,49.31,49,39.11,91,49.31,98,87.64
20.6,46.4,0.00,0.00,91,49.31,48,39.11,90,49.31,97,87.64
27.0,45.8,0.00,0.00,89,49.31,46,39.11,75,49.31,96,87.64
58.4,44.9,0.00,0.00,99,49.31,44,39.11,98,49.31,93,87.64
92.7,45.3,0.00,0.00,99,49.31,43,39.11,99,49.31,97,87.64
24.9,45.7,0.00,0.00,99,49.31,48,39.11,99,49.31,98,87.64
24.3,46.2,0.00,0.00,99,49.31,45,39.11,99,49.31,97,87.64
19.8,46.5,0.00,0.00,98,49.31,46,39.11,99,49.31,97,87.64
19.7,46.4,0.00,0.00,99,49.31,50,39.11,99,49.31,98,87.64
20.2,46.4,0.00,0.00,99,49.31,48,39.11,99,49.31,98,87.64
20.7,46.5,0.00,0.00,99,49.31,48,39.11,99,49.31,98,87.64
19.5,46.5,0.00,0.00,99,49.31,45,39.11,99,49.31,98,87.64
20.1,46.4,0.00,0.00,99,49.31,46,39.11,100,49.31,98,87.64
20.6,46.4,0.00,0.00,99,49.31,45,39.11,99,49.31,98,87.64
19.3,46.4,0.00,0.00,99,49.31,49,39.11,99,49.12,98,87.64
22.4,36.4,0.00,0.00,58,21.47,45,39.11,94,21.47,98,87.64
20.8,36.2,0.00,0.00,92,21.47,47,39.11,83,21.47,98,87.64
16.5,35.2,0.00,0.00,90,21.47,35,21.03,91,21.47,98,87.64
19.7,31.1,0.00,0.00,91,21.47,48,21.03,93,21.47,98,87.64
19.5,31.1,0.00,0.00,88,21.47,46,21.03,93,21.47,98,87.64
20.4,31.0,0.00,0.00,92,21.47,47,21.03,92,21.47,98,87.64
19.4,31.1,0.00,0.00,91,21.47,46,21.03,93,21.47,98,87.64
19.2,31.1,0.00,0.00,90,21.47,45,21.03,92,21.47,98,87.64
18.9,31.0,0.00,0.00,90,21.47,51,21.03,93,21.47,98,87.64
20.1,31.0,0.00,0.00,89,21.47,47,21.03,92,21.47,98,87.64
19.4,31.0,0.00,0.00,88,21.47,46,21.03,91,21.47,98,87.64
20.0,31.0,0.00,0.00,90,21.47,46,21.03,93,21.47,98,87.64
19.2,31.0,0.00,0.00,90,21.47,50,21.03,93,21.47,98,87.64
19.7,31.0,0.00,0.00,92,21.47,45,21.03,88,21.47,98,87.64
13.1,29.4,0.00,0.00,11,21.47,42,21.03,0,21.47,96,87.64
12.5,29.8,0.00,0.00,0,21.47,45,21.03,0,21.47,98,87.64
14.0,30.2,0.00,0.00,0,21.47,47,21.03,0,21.47,98,87.64
83.4,30.7,0.00,0.00,0,21.47,56,21.03,0,21.47,50,87.96
21.7,30.2,0.00,0.00,27,21.47,44,21.03,45,21.47,99,87.96
21.5,30.4,0.00,0.00,90,21.47,45,21.03,92,21.47,100,87.96
22.2,30.6,0.00,0.00,88,21.47,41,21.03,90,21.47,100,87.96
68.9,30.8,0.00,0.00,87,21.47,44,21.03,92,21.47,100,87.96
20.4,31.1,0.00,0.00,86,21.47,42,21.03,94,21.47,100,87.96
18.7,31.0,0.00,0.00,87,21.47,44,21.03,92,21.47,100,87.96
18.5,31.0,0.00,0.00,90,21.47,45,21.03,88,21.47,100,87.96
20.1,31.1,0.00,0.00,89,21.47,44,21.03,92,21.47,100,87.96
19.3,31.1,0.00,0.00,91,21.47,44,21.03,91,21.47,100,87.96
19.5,31.0,0.00,0.00,84,21.47,44,21.03,92,21.47,100,87.96
19.3,31.0,0.00,0.00,88,21.47,42,21.03,90,21.47,100,87.96
19.0,31.0,0.00,0.00,89,21.47,46,21.03,92,21.47,100,87.96
19.9,31.0,0.00,0.00,88,21.47,39,21.03,91,21.47,100,87.96
19.1,31.0,0.00,0.00,91,21.47,45,21.03,90,21.47,100,87.96
26.0,31.0,0.00,0.00,90,21.47,42,21.03,45,2.95,100,87.96
10.0,20.9,0.00,0.00,3,2.95,46,21.03,0,2.95,100,87.96
8.2,20.9,0.00,0.00,0,2.95,46,21.03,0,2.95,99,87.96
91.0,21.5,0.00,0.00,0,2.95,43,21.03,0,2.95,95,87.96
100.0,22.7,0.00,0.00,0,2.95,45,21.03,0,2.95,100,87.96
15.7,24.9,0.00,0.00,0,5.7,54,28.13,3,11.03,100,87.96
14.2,29.2,0.00,0.00,10,17.94,12,21.58,7,22.87,100,87.96
15.9,39.4,0.00,0.00,9,33.86,17,39.84,9,37.08,100,87.96
38.5,40.7,0.00,0.00,15,37.08,0,39.84,0,37.08,99,87.96
13.8,41.8,0.00,0.00,0,37.08,0,39.84,0,37.08,100,87.96
13.8,42.9,0.00,0.00,0,37.08,0,44.77,0,37.08,99,87.96
78.5,46.3,0.00,0.00,0,37.08,5,55.61,0,37.08,100,87.96
94.6,50.5,0.00,0.00,21,45.99,39,76.63,98,45.99,99,87.96
28.5,52.2,0.00,0.00,99,45.99,77,80.1,98,45.99,99,87.96
66.0,53.0,0.00,0.00,97,45.99,68,80.1,99,45.99,99,87.96
84.8,53.8,0.00,0.00,97,45.99,73,80.1,98,45.99,100,87.96
28.6,54.6,0.00,0.00,98,45.99,70,80.1,98,45.99,99,87.96
95.3,55.6,0.00,0.00,99,45.99,64,80.1,99,45.99,100,87.96
25.6,55.9,0.00,0.00,99,45.99,92,89.06,99,45.99,100,87.96
24.9,56.1,0.00,0.00,99,45.99,100,89.06,99,45.99,99,87.96
25.6,56.3,0.00,0.00,99,45.99,100,89.06,99,45.99,100,87.96
31.0,56.5,0.00,0.00,99,45.99,100,89.06,99,45.99,100,87.96
23.9,56.7,0.00,0.00,99,45.99,100,89.06,99,45.99,99,87.96
22.5,56.9,0.00,0.00,99,45.99,100,89.06,99,45.99,100,87.96
22.7,56.9,0.00,0.00,99,45.99,100,89.06,99,45.99,100,87.96
21.3,56.9,0.00,0.00,99,45.99,100,89.06,99,45.99,100,87.96
23.9,55.9,0.00,0.00,99,45.99,98,98.38,99,45.99,100,87.96
25.0,56.1,0.00,0.00,99,45.99,98,98.38,99,45.99,100,87.96
28.1,56.4,0.00,0.00,99,45.99,99,98.38,99,45.99,100,87.96
24.9,56.6,0.00,0.00,99,45.99,99,98.38,98,45.99,100,87.96
36.8,56.8,0.00,0.00,99,45.99,99,98.38,99,45.99,100,87.96
23.0,56.9,0.00,0.00,99,45.99,99,98.38,99,45.99,100,87.96
21.5,56.9,0.00,0.00,99,45.99,99,98.38,99,45.99,100,87.96
20.3,56.9,0.00,0.00,99,45.99,99,98.38,99,45.99,100,87.96
20.3,56.9,0.00,0.00,99,45.99,99,98.38,100,45.99,100,87.96
19.9,56.9,0.00,0.00,99,45.99,99,98.38,100,45.99,100,87.96
19.2,56.9,0.00,0.00,99,45.99,99,98.38,100,45.99,100,87.96
20.5,56.9,0.00,0.00,99,45.99,99,98.38,100,46.38,100,87.96
99.8,55.1,0.00,0.00,75,60.91,100,98.38,96,60.91,100,87.96
24.3,55.6,0.00,0.00,94,60.91,100,98.38,96,60.91,99,87.96
24.1,56.0,0.00,0.00,91,60.91,100,98.38,97,60.91,100,87.96
29.1,56.3,0.00,0.00,96,60.91,100,98.38,96,60.91,100,87.96
25.4,56.8,0.00,0.00,95,60.91,99,98.38,98,60.91,100,87.96
21.5,56.9,0.00,0.00,97,60.91,98,98.43,97,60.91,100,87.96
35.0,56.1,0.00,0.00,97,60.91,100,98.43,96,60.91,100,87.96
98.1,56.3,0.00,0.00,97,60.91,100,98.43,96,60.91,100,87.96
22.5,56.5,0.00,0.00,95,60.91,100,98.43,97,60.91,100,87.96
38.6,56.8,0.00,0.00,97,60.91,100,98.43,97,60.91,100,87.96
20.4,56.9,0.00,0.00,97,60.91,100,98.43,98,60.91,100,87.96
20.6,56.9,0.00,0.00,97,60.91,100,98.43,96,60.91,100,87.96
21.0,57.0,0.00,0.00,98,60.91,100,98.43,98,60.91,100,87.96
20.7,56.9,0.00,0.00,98,60.91,100,98.43,98,60.91,100,87.96
20.5,56.9,0.00,0.00,98,60.91,100,98.43,98,60.91,100,87.96
20.2,56.9,0.00,0.00,98,60.91,100,98.43,98,60.91,100,87.96
21.0,56.9,0.00,0.00,97,60.91,100,98.43,98,60.91,100,87.96
21.9,56.9,0.00,0.00,97,60.91,100,98.43,98,60.91,100,87.96
20.3,56.9,0.00,0.00,97,60.91,100,98.43,98,60.91,100,87.96
19.8,56.9,0.00,0.00,97,60.91,100,98.43,98,60.91,100,87.96
19.7,56.9,0.00,0.00,98,60.91,100,98.43,98,60.91,100,87.96
20.5,56.9,0.00,0.00,98,60.91,100,98.43,98,60.91,100,87.96
21.6,57.0,0.00,0.00,98,60.91,100,98.43,98,60.91,100,87.96
19.8,56.9,0.00,0.00,98,60.91,100,98.43,98,60.91,100,87.96
28.2,54.9,0.00,0.00,71,60.91,100,98.43,99,60.91,66,33.67
26.6,49.2,0.00,0.00,99,60.91,96,98.43,99,60.91,93,33.67
74.0,49.8,0.00,0.00,97,60.91,98,98.43,99,60.91,93,33.67
26.5,50.4,0.00,0.00,98,60.91,99,98.43,98,60.91,97,33.67
29.3,51.0,0.00,0.00,99,60.91,99,98.43,98,60.91,97,33.67
28.6,51.6,0.00,0.00,99,60.91,99,98.43,99,60.91,98,33.67
21.0,51.8,0.00,0.00,100,60.91,99,98.43,99,60.91,98,33.67
21.0,51.8,0.00,0.00,99,60.91,99,98.43,99,60.91,98,33.67
20.3,51.8,0.00,0.00,99,60.91,99,98.43,99,60.91,98,33.67
20.5,51.8,0.00,0.00,100,60.91,99,98.43,100,60.91,98,33.67
21.9,51.8,0.00,0.00,100,60.91,99,98.43,99,60.91,98,33.67
19.9,51.8,0.00,0.00,99,60.91,99,98.43,99,60.91,98,33.67
21.5,51.8,0.00,0.00,99,60.91,99,98.43,99,60.91,98,33.67
19.7,51.8,0.00,0.00,99,60.91,99,98.43,100,60.91,98,33.67
20.9,51.8,0.00,0.00,99,60.91,99,98.43,99,60.91,98,33.67
20.0,51.8,0.00,0.00,99,60.91,99,98.43,99,60.91,98,33.67
21.3,51.8,0.00,0.00,100,60.91,99,98.43,99,60.91,98,33.67
20.6,51.8,0.00,0.00,99,60.91,99,98.43,100,60.91,98,33.67
20.9,51.8,0.00,0.00,99,60.91,99,98.43,99,60.91,98,33.67
20.6,51.8,0.00,0.00,99,60.91,99,98.43,100,60.91,98,33.67
16.8,51.8,0.00,0.00,99,60.91,99,98.43,99,60.91,98,33.67
24.2,50.9,0.00,0.00,99,60.91,100,98.43,99,60.91,98,33.67
22.3,51.2,0.00,0.00,98,60.91,100,98.43,99,60.91,98,33.67
22.9,51.4,0.00,0.00,98,60.91,100,98.43,99,60.91,98,33.67
73.4,51.6,0.00,0.00,98,60.91,100,98.43,99,60.91,97,33.67
20.4,51.8,0.00,0.00,99,60.91,100,98.43,99,60.91,98,33.67
17.1,51.8,0.00,0.00,100,60.91,100,98.43,79,60.91,98,33.67
24.1,50.1,0.00,0.00,55,60.91,100,98.43,97,60.91,98,33.67
24.0,50.6,0.00,0.00,94,60.91,100,98.43,97,60.91,97,33.67
25.0,51.1,0.00,0.00,95,60.91,100,98.43,96,60.91,98,33.67
29.6,51.5,0.00,0.00,95,60.91,100,98.43,96,60.91,97,33.67
21.4,51.8,0.00,0.00,97,60.91,100,98.43,97,60.91,98,33.67
22.0,51.8,0.00,0.00,98,60.91,100,98.43,97,60.91,98,33.67
21.4,51.8,0.00,0.00,96,60.91,100,98.43,98,60.91,98,33.67
22.0,51.8,0.00,0.00,97,60.91,100,98.43,98,60.91,98,33.67
21.0,51.8,0.00,0.00,98,60.91,100,98.43,98,60.91,98,33.67
20.7,51.8,0.00,0.00,97,60.91,100,98.43,98,60.91,98,33.67
22.0,51.8,0.00,0.00,97,60.91,100,98.43,97,60.91,98,33.67
21.3,51.8,0.00,0.00,97,60.91,100,98.43,98,60.91,98,33.67
23.2,50.8,0.00,0.00,98,60.91,98,98.43,97,60.91,98,33.67
22.9,51.1,0.00,0.00,95,60.91,100,98.43,97,60.91,98,33.67
23.1,51.3,0.00,0.00,97,60.91,100,98.43,97,60.91,98,33.67
22.9,51.5,0.00,0.00,97,60.91,100,98.43,98,60.91,98,33.67
28.1,51.8,0.00,0.00,97,60.91,100,98.43,98,60.91,98,33.67
22.1,51.8,0.00,0.00,98,60.91,100,98.43,97,60.91,98,33.67
23.0,51.8,0.00,0.00,98,60.91,100,98.43,98,60.91,98,33.67
21.5,51.8,0.00,0.00,97,60.91,100,98.43,98,60.91,98,33.67
20.2,51.8,0.00,0.00,98,60.91,100,98.43,98,60.91,98,33.67
21.0,51.8,0.00,0.00,98,60.91,100,98.43,97,60.91,98,33.67
20.9,51.8,0.00,0.00,98,60.91,100,98.43,98,60.91,98,33.67
21.4,51.8,0.00,0.00,98,60.91,100,98.43,98,60.91,98,33.67
30.5,51.8,0.00,0.00,98,60.91,100,98.43,48,60.91,98,33.67
55.8,50.1,0.00,0.00,99,60.91,99,98.43,99,60.91,96,33.67
46.4,50.6,0.00,0.00,98,60.91,98,98.43,99,60.91,97,33.67
25.0,51.0,0.00,0.00,97,60.91,99,98.43,99,60.91,98,33.67
25.9,51.5,0.00,0.00,99,60.91,99,98.43,99,60.91,97,33.67
15.2,51.8,0.00,0.00,99,60.91,99,98.43,99,60.91,98,33.67
22.2,51.0,0.00,0.00,99,60.91,100,98.43,99,60.91,98,33.67
21.0,51.2,0.00,0.00,99,60.91,100,98.43,99,60.91,0,2.95
18.4,46.2,0.00,0.00,99,60.91,100,98.43,99,60.91,0,2.95
18.5,46.4,0.00,0.00,99,60.91,100,98.43,99,60.91,0,2.95
16.3,46.6,0.00,0.00,98,60.91,100,98.43,99,60.91,0,2.95
16.6,46.6,0.00,0.00,99,60.91,100,98.43,99,60.91,0,2.95
17.4,46.6,0.00,0.00,99,60.91,100,98.43,99,60.91,0,2.95
16.8,46.6,0.00,0.00,99,60.91,100,98.43,99,60.91,0,2.95
16.6,46.6,0.00,0.00,99,60.91,100,98.43,99,60.91,0,2.95
17.5,46.6,0.00,0.00,99,60.91,100,98.43,99,60.91,0,2.95
16.9,46.6,0.00,0.00,99,60.91,100,98.43,99,60.91,0,2.95
16.9,46.5,0.00,0.00,99,60.91,100,98.43,99,60.91,0,2.95
19.1,46.6,0.00,0.00,99,60.91,100,98.43,99,60.91,0,2.95
17.2,46.6,0.00,0.00,99,60.91,100,98.43,99,60.91,0,2.95
17.3,46.6,0.00,0.00,99,60.91,100,98.43,99,60.91,0,2.95
17.7,46.6,0.00,0.00,100,60.91,100,98.43,99,60.91,0,2.95
16.3,46.5,0.00,0.00,99,60.91,100,98.43,99,60.91,0,2.95
17.4,46.5,0.00,0.00,99,60.91,100,98.43,99,60.91,0,2.95
17.7,46.5,0.00,0.00,99,60.91,100,98.43,99,60.91,0,2.95
17.8,46.5,0.00,0.00,99,60.91,100,98.43,69,60.91,0,2.95
25.1,44.9,0.00,0.00,67,60.91,97,98.43,92,60.91,0,2.95
57.0,44.5,0.00,0.00,96,60.91,100,98.43,97,60.91,0,2.95
23.0,45.2,0.00,0.00,96,60.91,100,98.43,97,60.91,0,2.95
67.7,45.8,0.00,0.00,96,60.91,100,98.43,95,60.91,0,2.95
27.1,46.4,0.00,0.00,96,60.91,99,98.43,96,60.91,0,2.95
18.6,46.6,0.00,0.00,97,60.91,99,98.43,97,60.91,0,2.95
17.9,46.6,0.00,0.00,98,60.91,99,98.43,98,60.91,0,2.95
17.7,46.6,0.00,0.00,97,60.91,100,98.43,98,60.91,0,2.95
18.7,46.6,0.00,0.00,96,60.91,100,98.43,97,60.91,0,2.95
18.0,46.6,0.00,0.00,98,60.91,100,98.43,98,60.91,0,2.95
18.1,46.6,0.00,0.00,97,60.91,100,98.43,98,60.91,0,2.95
18.3,46.6,0.00,0.00,98,60.91,100,98.43,97,60.91,0,2.95
19.6,46.6,0.00,0.00,96,60.91,100,98.43,98,60.91,0,2.95
18.8,46.6,0.00,0.00,97,60.91,100,98.43,98,60.91,0,2.95
18.4,46.6,0.00,0.00,98,60.91,100,98.43,98,60.91,0,2.95
18.2,46.6,0.00,0.00,97,60.91,100,98.43,98,60.91,0,2.95
18.1,46.6,0.00,0.00,98,60.91,100,98.43,98,60.91,0,2.95
19.8,45.7,0.00,0.00,98,60.91,100,98.43,95,60.91,0,2.95
20.3,45.9,0.00,0.00,97,60.91,100,98.43,98,60.91,0,2.95
86.5,46.1,0.00,0.00,97,60.91,100,98.43,97,60.91,0,2.95
51.5,46.3,0.00,0.00,97,60.91,100,98.43,98,60.91,0,2.95
16.4,46.6,0.00,0.00,97,60.91,100,98.43,98,60.91,0,2.95
17.6,46.6,0.00,0.00,98,60.91,100,98.43,98,60.91,0,2.95
16.2,46.5,0.00,0.00,97,60.91,100,98.43,98,60.91,0,2.95
20.8,43.6,0.00,0.00,74,30.4,100,98.43,99,30.4,0,2.95
19.2,36.3,0.00,0.00,99,30.4,100,98.43,99,30.4,0,2.95
16.8,36.3,0.00,0.00,99,30.4,100,98.43,99,30.4,0,2.95
17.6,36.3,0.00,0.00,99,30.4,100,98.43,99,30.4,0,2.95
17.4,36.3,0.00,0.00,99,30.4,100,98.43,99,30.4,0,2.95
17.2,36.3,0.00,0.00,99,30.4,100,98.43,100,30.4,0,2.95
18.4,36.3,0.00,0.00,99,30.4,100,98.43,99,30.4,0,2.95
19.0,36.3,0.00,0.00,99,30.4,100,98.43,99,30.4,0,2.95
17.1,36.3,0.00,0.00,99,30.4,100,98.43,99,30.4,0,2.95
16.9,36.3,0.00,0.00,99,30.4,100,98.43,99,30.4,0,2.95
17.3,36.3,0.00,0.00,99,30.4,100,98.43,99,30.4,0,2.95
17.5,36.3,0.00,0.00,99,30.4,100,98.43,99,30.4,0,2.95
20.3,36.3,0.00,0.00,99,30.4,100,98.43,99,30.4,0,2.95
74.6,35.4,0.00,0.00,99,30.4,99,98.43,99,30.4,0,2.95
20.6,35.6,0.00,0.00,99,30.4,99,98.43,99,30.4,0,2.95
19.4,35.9,0.00,0.00,99,30.4,99,98.43,99,30.4,0,2.95
18.2,36.1,0.00,0.00,99,30.4,99,98.43,99,30.4,0,2.95
17.2,36.3,0.00,0.00,99,30.4,99,98.43,99,30.4,0,2.95
18.0,36.3,0.00,0.00,99,30.4,99,98.43,99,30.4,0,2.95
16.8,36.3,0.00,0.00,100,30.4,99,98.43,99,30.4,0,2.95
17.0,36.3,0.00,0.00,99,30.4,99,98.43,100,30.4,0,2.95
17.6,36.3,0.00,0.00,99,30.4,99,98.43,100,30.4,0,2.95
17.2,36.3,0.00,0.00,99,30.4,99,98.43,99,30.4,0,2.95
19.1,36.3,0.00,0.00,99,30.4,99,98.43,100,30.4,0,2.95
15.6,36.3,0.00,0.00,100,30.4,99,98.43,100,30.4,0,2.95
16.5,36.3,0.00,0.00,99,30.4,99,99.75,99,30.4,0,2.95
17.6,28.5,0.00,0.00,51,30.4,98,83.06,0,30.4,0,2.95
21.8,28.9,0.00,0.00,0,30.4,98,83.06,0,30.4,0,2.95
99.8,29.5,0.00,0.00,0,30.4,93,83.06,0,30.4,0,2.95
89.1,30.2,0.00,0.00,0,30.4,95,83.06,0,30.4,0,2.95
19.1,29.9,0.00,0.00,0,30.4,86,83.06,0,30.4,0,2.95
20.0,30.5,0.00,0.00,67,30.4,98,83.06,99,30.4,0,2.95
21.4,30.7,0.00,0.00,99,30.4,99,83.06,99,30.4,0,2.95
81.0,30.9,0.00,0.00,99,30.4,98,83.06,99,30.4,0,2.95
18.4,31.1,0.00,0.00,99,30.4,98,83.06,99,30.4,0,2.95
18.7,31.1,0.00,0.00,99,30.4,98,83.06,100,30.4,0,2.95
17.5,31.1,0.00,0.00,99,30.4,99,83.06,100,30.4,0,2.95
19.5,31.1,0.00,0.00,99,30.4,98,83.06,99,30.4,0,2.95
20.2,31.1,0.00,0.00,99,30.4,99,83.06,99,30.4,0,2.95
17.9,31.1,0.00,0.00,100,30.4,98,83.06,99,30.4,0,2.95
19.0,31.1,0.00,0.00,99,30.4,99,83.06,99,30.4,0,2.95
20.6,26.1,0.00,0.00,99,30.4,59,55.29,99,30.4,0,2.95
17.8,25.9,0.00,0.00,100,30.4,99,55.29,99,30.4,0,2.95
17.4,25.9,0.00,0.00,100,30.4,91,55.29,99,30.4,0,2.95
18.2,25.9,0.00,0.00,100,30.4,98,55.29,100,30.4,0,2.95
18.0,25.9,0.00,0.00,99,30.4,99,55.29,100,30.4,0,2.95
18.5,25.9,0.00,0.00,100,30.4,97,55.29,99,30.4,0,2.95
18.2,25.9,0.00,0.00,100,30.4,92,55.29,99,30.4,0,2.95
17.2,25.9,0.00,0.00,99,30.4,95,55.29,99,30.4,0,2.95
17.9,25.9,0.00,0.00,100,30.4,98,55.29,99,30.4,0,2.95
16.8,25.9,0.00,0.00,98,30.4,99,55.29,99,30.4,0,2.95
16.2,25.9,0.00,0.00,99,30.4,99,55.29,99,30.4,0,2.95
17.5,25.9,0.00,0.00,99,30.4,99,55.29,99,30.4,0,2.95
11.1,21.0,0.00,0.00,99,30.4,27,27.52,99,30.4,0,2.95
8.1,20.7,0.00,0.00,99,30.4,0,27.52,99,30.4,0,2.95
8.9,19.0,0.00,0.00,99,30.4,0,27.52,0,30.4,0,2.95
14.8,19.8,0.00,0.00,0,30.4,0,27.52,0,30.4,0,2.95
28.7,20.8,0.00,0.00,0,30.4,0,27.52,0,30.4,5,14.57
100.0,24.4,0.00,0.00,0,30.4,0,27.52,0,30.4,6,26.24
97.3,28.4,0.00,0.00,0,30.4,0,27.52,26,30.4,2,35.66
10.0,29.0,0.00,0.00,99,30.4,0,27.52,99,30.4,0,35.66
10.9,29.2,0.00,0.00,99,30.4,0,27.52,99,30.4,0,35.66
11.0,29.4,0.00,0.00,99,30.4,0,27.52,99,30.4,0,35.66
10.2,29.7,0.00,0.00,99,30.4,0,27.52,99,30.4,0,43.53
17.9,30.0,0.00,0.00,99,30.4,0,27.52,99,30.4,91,43.53
17.5,30.2,0.00,0.00,99,30.4,0,27.52,99,30.4,93,43.53
19.8,30.4,0.00,0.00,99,30.4,0,27.52,99,30.4,93,43.53
73.9,30.6,0.00,0.00,99,30.4,0,27.52,99,30.4,93,43.53
17.5,30.8,0.00,0.00,99,30.4,0,27.52,99,30.4,92,43.53
15.6,31.0,0.00,0.00,99,30.4,0,27.52,99,30.4,94,43.53
15.6,31.0,0.00,0.00,99,30.4,0,27.52,100,30.4,95,43.53
15.2,31.0,0.00,0.00,99,30.4,0,27.52,99,30.4,94,43.53
15.8,31.0,0.00,0.00,100,30.4,0,27.52,99,30.4,95,43.53
14.5,31.0,0.00,0.00,99,30.4,0,27.52,99,30.4,94,43.53
16.4,31.0,0.00,0.00,99,30.4,0,27.52,99,30.4,95,43.53
15.6,31.0,0.00,0.00,99,30.4,0,27.52,99,30.4,95,43.53
15.5,31.0,0.00,0.00,99,30.4,0,27.52,99,30.4,94,43.53
14.7,31.0,0.00,0.00,99,30.4,0,27.52,99,30.4,94,43.53
14.9,31.0,0.00,0.00,99,30.4,0,27.52,99,30.4,95,43.53
15.2,31.0,0.00,0.00,99,30.4,0,27.52,99,30.4,95,43.53
15.5,31.0,0.00,0.00,99,30.4,0,27.52,99,30.4,96,43.53
15.1,31.0,0.00,0.00,99,30.4,0,27.52,99,30.4,91,52.49
95.6,30.0,0.00,0.00,99,30.4,0,27.52,99,30.4,96,52.49
15.0,30.2,0.00,0.00,99,30.4,0,27.52,19,2.95,97,52.49
10.2,20.3,0.00,0.00,23,2.95,0,27.52,5,2.95,98,52.49
10.4,20.5,0.00,0.00,0,2.95,0,27.52,0,2.95,96,52.49
10.8,20.7,0.00,0.00,0,2.95,0,27.52,0,2.95,99,52.49
100.0,21.1,0.00,0.00,0,2.95,0,27.52,0,2.95,90,52.49
93.7,22.0,0.00,0.00,0,2.95,0,27.52,0,2.95,91,52.49
15.4,22.6,0.00,0.00,0,4.94,0,27.52,3,10.74,98,52.49
16.5,28.7,0.00,0.00,5,17.72,0,27.52,6,22.7,98,52.49
16.9,35.9,0.00,0.00,9,29.46,0,27.52,6,31.49,97,52.49
12.5,37.5,0.00,0.00,2,29.49,0,27.52,0,31.49,96,52.49
12.5,38.0,0.00,0.00,0,29.49,0,27.52,0,31.49,96,52.49
13.4,38.4,0.00,0.00,0,29.49,0,27.52,0,31.49,98,52.49
52.3,38.8,0.00,0.00,0,29.49,0,27.52,0,31.49,97,52.49
24.0,39.5,0.00,0.00,2,34.25,0,27.52,93,39.35,94,52.49
25.3,39.9,0.00,0.00,38,34.25,0,27.52,93,39.35,52,52.49
79.2,39.4,0.00,0.00,40,34.25,0,27.52,93,39.35,90,52.49
23.4,40.1,0.00,0.00,41,34.25,0,27.52,94,39.35,95,52.49
100.0,40.7,0.00,0.00,41,34.25,0,27.52,94,39.35,91,52.49
19.0,41.4,0.00,0.00,40,34.25,0,27.52,95,39.35,97,52.49
18.8,41.6,0.00,0.00,44,34.25,0,27.52,95,39.35,97,52.49
18.8,41.6,0.00,0.00,49,34.25,0,27.52,95,39.35,97,52.49
18.8,41.6,0.00,0.00,42,34.25,0,27.52,95,39.35,97,52.49
18.0,41.6,0.00,0.00,44,34.25,0,27.52,95,39.35,96,52.49
18.7,41.6,0.00,0.00,42,34.25,0,27.52,95,39.35,97,52.49
18.4,41.6,0.00,0.00,42,34.25,0,27.52,95,39.35,97,52.49
17.8,41.6,0.00,0.00,44,34.25,0,27.52,96,39.35,97,52.49
18.2,41.6,0.00,0.00,48,34.25,0,27.52,96,39.35,96,52.49
19.1,41.6,0.00,0.00,40,34.25,0,27.52,95,39.35,97,52.49
17.5,41.6,0.00,0.00,38,34.25,0,27.52,95,39.35,97,52.49
17.7,41.6,0.00,0.00,40,34.25,0,27.52,95,39.35,96,52.49
17.4,41.6,0.00,0.00,40,34.25,0,27.52,95,39.35,96,52.49
14.8,41.6,0.00,0.00,41,34.25,0,27.52,67,47.26,94,52.49
19.4,40.7,0.00,0.00,42,34.25,0,27.52,94,47.26,96,52.49
19.6,40.9,0.00,0.00,41,34.25,0,27.52,96,47.26,93,52.49
20.0,41.2,0.00,0.00,38,34.25,0,27.52,94,47.26,96,52.49
15.6,41.4,0.00,0.00,42,34.25,0,27.52,96,47.26,56,52.49
21.6,40.7,0.00,0.00,38,34.25,0,27.52,96,47.26,98,52.49
21.2,40.9,0.00,0.00,38,34.25,0,27.52,96,47.26,97,52.49
20.8,41.2,0.00,0.00,37,34.25,0,27.52,96,47.26,98,52.49
23.3,41.4,0.00,0.00,36,34.25,0,27.52,96,47.26,97,52.49
19.7,41.6,0.00,0.00,37,34.25,0,27.52,97,47.26,99,52.49
18.7,41.6,0.00,0.00,36,34.25,0,27.52,96,47.26,99,52.49
19.0,41.6,0.00,0.00,39,34.25,0,27.52,97,47.26,99,52.49
18.7,41.6,0.00,0.00,50,34.25,0,27.52,97,47.26,98,52.49
19.4,41.6,0.00,0.00,41,34.25,0,27.52,96,47.26,99,52.49
19.6,41.5,0.00,0.00,38,34.25,0,27.52,96,47.26,99,52.49
20.7,41.5,0.00,0.00,42,34.25,0,27.52,96,47.26,98,52.49
19.4,41.5,0.00,0.00,39,34.25,0,27.52,96,47.26,99,52.49
20.5,41.5,0.00,0.00,41,34.25,0,27.52,97,47.26,98,52.49
16.5,41.5,0.00,0.00,39,34.3,0,27.52,96,47.26,96,52.49
36.7,40.7,0.00,0.00,32,39.06,0,27.52,94,47.26,98,52.49
22.5,40.9,0.00,0.00,42,39.06,0,27.52,96,47.31,94,52.49
81.4,39.4,0.00,0.00,37,39.06,0,27.52,94,47.31,96,52.49
52.4,40.0,0.00,0.00,38,39.06,0,27.52,93,47.31,93,52.49
21.7,40.6,0.00,0.00,37,39.06,0,27.52,95,47.31,94,52.49
99.8,41.1,0.00,0.00,37,39.06,0,27.52,94,47.31,95,52.49
19.7,41.4,0.00,0.00,39,39.06,0,27.52,95,47.31,97,52.49
16.9,41.6,0.00,0.00,39,39.06,0,27.52,97,47.31,97,52.49
17.5,41.6,0.00,0.00,43,39.06,0,27.52,96,47.31,97,52.49
17.3,41.6,0.00,0.00,42,39.06,0,27.52,96,47.31,97,52.49
17.6,41.6,0.00,0.00,39,39.06,0,27.52,97,47.31,96,52.49
17.5,41.6,0.00,0.00,40,39.06,0,27.52,96,47.31,96,52.49
17.8,41.6,0.00,0.00,42,39.06,0,27.52,97,47.31,97,52.49
17.9,41.6,0.00,0.00,41,39.06,0,27.52,96,47.31,97,52.49
20.3,41.6,0.00,0.00,39,39.06,0,27.52,96,47.31,97,52.49
18.7,41.6,0.00,0.00,43,39.06,0,27.52,97,47.31,97,52.49
18.6,41.6,0.00,0.00,43,39.06,0,27.52,97,47.31,97,52.49
17.9,41.6,0.00,0.00,44,39.06,0,27.52,97,47.31,97,52.49
17.5,41.6,0.00,0.00,44,39.06,0,27.52,97,47.31,97,52.49
18.3,41.6,0.00,0.00,41,39.06,0,27.52,96,47.31,96,52.49
18.2,41.6,0.00,0.00,42,39.06,0,27.52,96,47.31,96,52.49
17.5,41.6,0.00,0.00,40,39.06,0,27.52,96,47.31,97,52.49
16.9,41.6,0.00,0.00,42,39.06,0,27.52,97,47.31,61,30.31
21.5,31.4,0.00,0.00,40,39.06,0,27.52,96,25.13,98,30.31
18.8,31.2,0.00,0.00,42,39.06,0,27.52,96,25.13,98,30.31
20.8,31.2,0.00,0.00,42,39.06,0,27.52,95,25.13,98,30.31
19.7,31.2,0.00,0.00,39,39.06,0,27.52,95,25.13,99,30.31
18.4,31.2,0.00,0.00,38,39.06,0,27.52,97,25.13,99,30.31
19.3,31.2,0.00,0.00,41,39.06,0,27.52,97,25.13,99,30.31
19.7,31.2,0.00,0.00,39,39.06,0,27.52,96,25.13,99,30.31
21.8,31.1,0.00,0.00,39,39.06,0,27.52,97,25.13,99,30.31
20.3,31.2,0.00,0.00,38,39.06,0,27.52,96,25.13,99,30.31
20.0,31.1,0.00,0.00,42,39.06,0,27.52,97,25.13,99,30.31
19.7,31.1,0.00,0.00,41,39.06,0,27.52,96,25.13,99,30.31
19.6,31.1,0.00,0.00,39,39.06,0,27.52,96,25.13,99,30.31
19.8,31.1,0.00,0.00,40,39.06,0,27.52,97,25.13,98,30.31
21.2,30.2,0.00,0.00,39,39.11,0,27.52,96,25.13,96,30.31
28.0,30.4,0.00,0.00,40,39.11,0,27.52,94,25.13,96,30.31
18.4,30.6,0.00,0.00,40,39.11,0,27.52,92,25.13,6,2.95
13.7,25.7,0.00,0.00,42,39.11,0,27.52,96,25.13,0,2.95
46.6,26.3,0.00,0.00,40,39.11,0,27.52,95,25.13,0,2.95
15.5,26.8,0.00,0.00,38,39.11,0,27.52,97,25.13,3,10.44
16.8,28.9,0.00,0.00,46,39.11,0,27.52,97,25.13,8,22.82
16.2,32.7,0.00,0.00,47,39.11,0,27.52,60,25.13,2,29.49
9.2,29.3,0.00,0.00,45,39.11,0,27.52,4,2.95,0,29.49
7.7,29.4,0.00,0.00,43,39.11,0,27.52,0,2.95,0,29.49
7.7,29.6,0.00,0.00,43,39.11,0,27.52,0,2.95,0,29.49
55.6,29.8,0.00,0.00,44,39.11,0,27.52,0,2.95,0,38.08
16.0,30.2,0.00,0.00,42,39.11,0,27.52,0,2.95,60,38.08
14.4,30.3,0.00,0.00,38,39.11,0,27.52,0,2.95,73,38.08
37.5,30.5,0.00,0.00,40,39.11,0,27.52,0,2.95,63,38.08
15.0,30.8,0.00,0.00,36,39.11,0,27.52,0,2.95,71,38.08
13.2,31.0,0.00,0.00,37,39.11,0,27.52,0,2.95,72,38.08
11.6,31.3,0.00,0.00,39,39.11,0,27.52,0,2.95,69,38.08
12.3,31.2,0.00,0.00,41,39.11,0,27.52,0,2.95,67,38.08
11.8,31.3,0.00,0.00,45,39.11,0,27.52,0,2.95,66,38.08
11.5,31.3,0.00,0.00,42,39.11,0,27.52,0,2.95,71,38.08
11.0,31.3,0.00,0.00,38,39.11,0,27.52,0,2.95,72,38.08
13.7,31.3,0.00,0.00,40,39.11,0,27.52,0,2.95,75,38.08
12.3,31.3,0.00,0.00,41,39.11,0,27.52,0,2.95,72,38.08
10.8,31.3,0.00,0.00,42,39.11,0,27.52,0,2.95,64,38.08
10.9,31.2,0.00,0.00,41,39.11,0,27.52,0,2.95,68,38.08
11.7,31.2,0.00,0.00,39,39.11,0,27.52,0,2.95,68,38.08
13.1,31.2,0.00,0.00,35,39.11,0,27.52,0,2.95,73,38.08
11.7,31.2,0.00,0.00,37,39.11,0,27.52,0,2.95,69,38.08
13.7,31.2,0.00,0.00,38,39.11,0,27.52,0,2.95,76,38.08
12.3,31.2,0.00,0.00,42,39.11,0,27.52,0,2.95,76,38.2
12.6,31.2,0.00,0.00,43,39.11,0,27.52,0,2.95,69,46.8
44.7,30.4,0.00,0.00,41,39.11,0,27.52,0,2.95,69,46.8
14.0,30.6,0.00,0.00,39,39.11,0,27.52,0,2.95,72,46.8
13.2,30.8,0.00,0.00,44,39.11,0,27.52,0,2.95,63,46.8
13.3,31.1,0.00,0.00,42,39.11,0,27.52,0,2.95,64,46.8
9.8,31.3,0.00,0.00,40,39.11,0,27.52,0,2.95,63,46.8
13.8,30.5,0.00,0.00,44,39.11,0,27.52,0,2.95,76,46.8
14.0,30.7,0.00,0.00,41,39.11,0,27.52,0,2.95,72,46.8
14.6,30.9,0.00,0.00,40,39.11,0,27.52,0,2.95,77,46.8
15.0,31.1,0.00,0.00,39,39.11,0,27.52,0,2.95,75,46.8
13.0,31.3,0.00,0.00,40,39.11,0,27.52,0,2.95,76,46.8
11.5,31.3,0.00,0.00,46,39.11,0,27.52,0,2.95,73,46.8
11.5,31.3,0.00,0.00,43,39.11,0,27.52,0,2.95,78,46.8
12.8,31.3,0.00,0.00,45,39.11,0,27.52,0,2.95,76,46.8
11.5,31.3,0.00,0.00,41,39.11,0,27.52,0,2.95,76,46.8
11.5,31.3,0.00,0.00,47,39.11,0,27.52,0,2.95,75,46.8
12.1,31.3,0.00,0.00,43,39.11,0,27.52,0,2.95,72,46.8
12.7,31.3,0.00,0.00,44,39.11,0,27.52,0,2.95,62,46.8
13.8,31.3,0.00,0.00,44,39.11,0,27.52,0,2.95,77,46.92
14.0,31.0,0.00,0.00,45,39.11,0,27.52,0,2.95,73,46.92
29.4,30.5,0.00,0.00,43,39.11,0,27.52,0,2.95,72,46.92
81.0,30.7,0.00,0.00,43,39.11,0,27.52,0,2.95,72,46.92
14.1,30.9,0.00,0.00,42,39.11,0,27.52,0,2.95,69,46.92
14.8,31.1,0.00,0.00,42,39.11,0,27.52,0,2.95,75,46.92
11.8,31.3,0.00,0.00,47,39.11,0,27.52,0,2.95,76,46.92
12.1,31.3,0.00,0.00,46,39.11,0,27.52,0,2.95,74,46.92
11.7,31.3,0.00,0.00,44,39.11,0,27.52,0,2.95,74,46.92
12.1,31.3,0.00,0.00,44,39.11,0,27.52,0,2.95,71,46.92
11.3,31.3,0.00,0.00,42,39.11,0,27.52,0,2.95,73,46.92
12.3,31.3,0.00,0.00,45,39.11,0,27.52,0,2.95,68,46.92
12.8,31.2,0.00,0.00,46,39.11,0,27.52,0,2.95,73,46.92
13.0,31.2,0.00,0.00,44,39.11,0,27.52,0,2.95,72,46.92
13.8,31.2,0.00,0.00,43,39.11,0,27.52,0,2.95,70,46.92
12.3,31.2,0.00,0.00,43,39.11,0,27.52,0,2.95,69,46.92
13.7,31.2,0.00,0.00,43,39.11,0,27.52,0,2.95,75,46.92
12.3,31.2,0.00,0.00,42,39.11,0,27.52,0,2.95,71,46.92
12.4,31.2,0.00,0.00,44,39.11,0,27.52,0,2.95,72,46.92
12.3,31.2,0.00,0.00,44,39.11,0,27.52,0,2.95,71,46.92
14.6,30.7,0.00,0.00,42,39.11,0,27.52,0,2.95,41,24.93
12.3,26.0,0.00,0.00,43,39.11,0,27.52,0,2.95,75,24.93
14.7,25.0,0.00,0.00,26,39.11,0,27.52,0,2.95,68,24.93
13.7,25.3,0.00,0.00,39,39.11,0,27.52,0,2.95,69,24.93
13.2,25.5,0.00,0.00,41,39.11,0,27.52,0,2.95,71,24.93
13.1,25.7,0.00,0.00,40,39.11,0,27.52,0,2.95,69,24.93
14.0,25.9,0.00,0.00,41,39.11,0,27.52,0,2.95,68,24.93
12.5,26.0,0.00,0.00,41,39.11,0,27.52,0,2.95,70,24.93
11.9,26.0,0.00,0.00,40,39.11,0,27.52,0,2.95,72,24.93
12.7,26.0,0.00,0.00,42,39.11,0,27.52,0,2.95,73,24.93
11.3,26.0,0.00,0.00,40,39.11,0,27.52,0,2.95,72,24.93
10.9,26.0,0.00,0.00,37,39.11,0,27.52,0,2.95,65,24.93
11.9,26.0,0.00,0.00,43,39.11,0,27.52,0,2.95,69,24.93
11.5,26.0,0.00,0.00,41,39.11,0,27.52,0,2.95,68,24.93
11.1,26.0,0.00,0.00,41,39.11,0,27.52,0,2.95,75,24.93
12.3,26.0,0.00,0.00,41,39.11,0,27.52,0,2.95,72,24.93
12.4,26.0,0.00,0.00,43,39.11,0,27.52,0,2.95,73,24.93
11.3,26.0,0.00,0.00,43,39.11,0,27.52,0,2.95,73,24.93
12.3,26.0,0.00,0.00,41,39.11,0,27.52,0,2.95,73,24.93
12.4,26.0,0.00,0.00,40,39.11,0,27.52,0,2.95,19,2.95
6.1,20.8,0.00,0.00,43,39.11,0,27.52,0,2.95,0,2.95
5.6,20.8,0.00,0.00,46,39.11,0,27.52,0,2.95,0,2.95
5.0,20.8,0.00,0.00,41,39.11,0,27.52,0,2.95,0,2.95
5.8,20.8,0.00,0.00,40,39.11,0,27.52,0,2.95,0,2.95
5.4,20.7,0.00,0.00,47,39.11,0,27.52,0,2.95,0,2.95
5.0,20.8,0.00,0.00,44,39.11,0,27.52,0,2.95,0,2.95
5.6,20.7,0.00,0.00,45,39.11,0,27.52,0,2.95,0,2.95
5.2,20.7,0.00,0.00,49,39.11,0,27.52,0,2.95,0,2.95
5.4,20.7,0.00,0.00,47,39.11,0,27.52,0,2.95,0,2.95
5.2,20.7,0.00,0.00,46,39.11,0,27.52,0,2.95,0,2.95
5.0,20.7,0.00,0.00,48,39.11,0,27.52,0,2.95,0,2.95
6.7,20.7,0.00,0.00,48,39.11,0,27.52,0,2.95,0,2.95
5.4,20.7,0.00,0.00,47,39.11,0,27.52,0,2.95,0,2.95
5.0,20.7,0.00,0.00,48,39.11,0,27.52,0,2.95,0,2.95
5.2,20.7,0.00,0.00,46,39.11,0,27.52,0,2.95,0,2.95
5.2,20.7,0.00,0.00,50,39.11,0,27.52,0,2.95,0,2.95
5.2,20.7,0.00,0.00,47,39.11,0,27.52,0,2.95,0,2.95
8.7,20.7,0.00,0.00,45,39.11,0,27.52,0,2.95,0,2.95
7.1,20.0,0.00,0.00,41,39.11,0,27.52,0,2.95,0,2.95
7.3,20.2,0.00,0.00,48,39.11,0,27.52,0,2.95,0,2.95
7.1,20.5,0.00,0.00,44,39.11,0,27.52,0,2.95,0,2.95
6.9,20.7,0.00,0.00,43,39.11,0,27.52,0,2.95,0,2.95
6.1,20.8,0.00,0.00,45,39.11,0,27.52,0,2.95,0,2.95
6.1,20.8,0.00,0.00,48,39.11,0,27.52,0,2.95,0,2.95
6.4,20.8,0.00,0.00,44,39.11,0,27.52,0,2.95,0,2.95
5.6,20.8,0.00,0.00,45,39.11,0,27.52,0,2.95,0,2.95
5.2,20.8,0.00,0.00,43,39.11,0,27.52,0,2.95,0,2.95
6.0,20.8,0.00,0.00,47,39.11,0,27.52,0,2.95,0,2.95
5.5,20.8,0.00,0.00,53,39.11,0,27.52,0,2.95,0,2.95
4.8,20.8,0.00,0.00,55,39.11,0,27.52,0,2.95,0,2.95
5.6,20.8,0.00,0.00,45,39.11,0,27.52,0,2.95,0,2.95
5.4,20.8,0.00,0.00,45,39.11,0,27.52,0,2.95,0,2.95
5.0,20.8,0.00,0.00,40,39.11,0,27.52,0,2.95,0,2.95
5.4,20.8,0.00,0.00,46,39.11,0,27.52,0,2.95,0,2.95
6.9,20.8,0.00,0.00,46,39.11,0,27.52,0,2.95,0,2.95
5.2,20.8,0.00,0.00,46,39.11,0,27.52,0,2.95,0,2.95
5.8,20.8,0.00,0.00,47,39.11,0,27.52,0,2.95,0,2.95
5.4,20.8,0.00,0.00,43,39.11,0,27.52,0,2.95,0,2.95
5.8,20.8,0.00,0.00,45,39.11,0,27.52,0,2.95,0,2.95
6.2,20.8,0.00,0.00,46,39.11,0,27.52,0,2.95,0,2.95
5.2,20.8,0.00,0.00,46,39.11,0,27.52,0,2.95,0,2.95
5.4,20.8,0.00,0.00,45,39.11,0,27.52,0,2.95,0,2.95
5.6,20.8,0.00,0.00,46,39.11,0,27.52,0,2.95,0,2.95
5.4,20.8,0.00,0.00,45,39.11,0,27.52,0,2.95,0,2.95
6.8,20.8,0.00,0.00,46,39.11,0,27.52,0,2.95,0,2.95
5.6,20.8,0.00,0.00,44,39.11,0,27.52,0,2.95,0,2.95
7.1,20.8,0.00,0.00,45,39.11,0,27.52,0,2.95,0,2.95
5.2,20.8,0.00,0.00,43,39.11,0,27.52,0,2.95,0,2.95
5.2,20.8,0.00,0.00,43,39.11,0,27.52,0,2.95,0,2.95
5.6,20.8,0.00,0.00,46,39.11,0,27.52,0,2.95,0,2.95
5.2,20.8,0.00,0.00,44,39.11,0,27.52,0,2.95,0,2.95
6.7,19.9,0.00,0.00,44,39.11,0,27.52,0,2.95,0,2.95
7.3,20.1,0.00,0.00,39,39.11,0,27.52,0,2.95,0,2.95
7.3,20.3,0.00,0.00,47,39.11,0,27.52,0,2.95,0,2.95
7.3,20.5,0.00,0.00,42,39.11,0,27.52,0,2.95,0,2.95
8.8,20.8,0.00,0.00,48,39.11,0,27.52,0,2.95,0,2.95
4.8,20.8,0.00,0.00,47,39.11,0,27.52,0,2.95,0,2.95
6.0,20.8,0.00,0.00,43,39.11,0,27.52,0,2.95,0,2.95
5.4,20.8,0.00,0.00,44,39.11,0,27.52,0,2.95,0,2.95
5.6,20.7,0.00,0.00,46,39.11,0,27.52,0,2.95,0,2.95
5.6,20.8,0.00,0.00,47,39.11,0,27.52,0,2.95,0,2.95
5.2,20.7,0.00,0.00,41,39.11,0,27.52,0,2.95,0,2.95
5.8,20.8,0.00,0.00,45,39.11,0,27.52,0,2.95,0,2.95
6.0,20.8,0.00,0.00,41,39.11,0,27.52,0,2.95,0,2.95
5.6,20.8,0.00,0.00,47,39.11,0,27.52,0,2.95,0,2.95
6.2,20.8,0.00,0.00,43,39.11,0,27.52,0,2.95,0,2.95
5.6,20.8,0.00,0.00,42,39.11,0,27.52,0,2.95,0,2.95
5.2,20.8,0.00,0.00,47,39.11,0,27.52,0,2.95,0,2.95
5.2,20.8,0.00,0.00,46,39.11,0,27.52,0,2.95,0,2.95
7.1,20.8,0.00,0.00,43,39.11,0,27.52,0,2.95,0,2.95
5.2,20.8,0.00,0.00,45,39.11,0,27.52,0,2.95,0,2.95
5.6,20.8,0.00,0.00,47,39.11,0,27.52,0,2.95,0,2.95
5.4,20.8,0.00,0.00,46,39.11,0,27.52,0,2.95,0,2.95
5.2,20.8,0.00,0.00,44,39.11,0,27.52,0,2.95,0,2.95
5.6,20.8,0.00,0.00,43,39.11,0,27.52,0,2.95,0,2.95
5.8,20.8,0.00,0.00,46,39.11,0,27.52,0,2.95,0,2.95
5.4,20.8,0.00,0.00,48,39.11,0,27.52,0,2.95,0,2.95
5.0,20.8,0.00,0.00,46,39.11,0,27.52,0,2.95,0,2.95
4.6,20.8,0.00,0.00,47,39.11,0,27.52,0,2.95,0,2.95
6.0,20.8,0.00,0.00,40,39.11,0,27.52,0,2.95,0,2.95
6.1,20.8,0.00,0.00,43,39.11,0,27.52,0,2.95,0,2.95
5.8,20.8,0.00,0.00,43,39.11,0,27.52,0,2.95,0,2.95
5.2,20.8,0.00,0.00,48,39.11,0,27.52,0,2.95,0,2.95
5.0,20.8,0.00,0.00,41,39.11,0,27.52,0,2.95,0,2.95
5.0,20.8,0.00,0.00,42,39.11,0,27.52,0,2.95,0,2.95
4.8,20.8,0.00,0.00,46,39.11,0,27.52,0,2.95,0,2.95
51.2,20.0,0.00,0.00,43,39.11,0,27.52,0,2.95,0,2.95
7.7,20.2,0.00,0.00,44,39.11,0,27.52,0,2.95,0,2.95
7.1,20.4,0.00,0.00,44,39.11,0,27.52,0,2.95,0,2.95
7.3,20.7,0.00,0.00,43,39.11,0,27.52,0,2.95,0,2.95
5.8,20.8,0.00,0.00,44,39.11,0,27.52,0,2.95,0,2.95
5.2,20.8,0.00,0.00,45,39.11,0,27.52,0,2.95,0,2.95
7.3,20.8,0.00,0.00,45,39.11,0,27.52,0,2.95,0,2.95
5.2,20.8,0.00,0.00,45,39.11,0,27.52,0,2.95,0,2.95
5.6,20.8,0.00,0.00,44,39.11,0,27.52,0,2.95,0,2.95
5.0,20.8,0.00,0.00,43,39.11,0,27.52,0,2.95,0,2.95
5.4,20.8,0.00,0.00,42,39.11,0,27.52,0,2.95,0,2.95
5.6,20.8,0.00,0.00,42,39.11,0,27.52,0,2.95,0,2.95
5.0,20.8,0.00,0.00,43,39.11,0,27.52,0,2.95,0,2.95
5.2,20.8,0.00,0.00,43,39.11,0,27.52,0,2.95,0,2.95
5.0,20.8,0.00,0.00,45,39.11,0,27.52,0,2.95,0,2.95
5.0,20.8,0.00,0.00,46,39.11,0,27.52,0,2.95,0,2.95
4.8,20.8,0.00,0.00,41,39.11,0,27.52,0,2.95,0,2.95
5.4,20.8,0.00,0.00,39,39.11,0,27.52,0,2.95,0,2.95
7.1,20.8,0.00,0.00,41,39.11,0,27.52,0,2.95,0,2.95
5.8,20.8,0.00,0.00,45,39.11,0,27.52,0,2.95,0,2.95
5.0,20.8,0.00,0.00,44,39.11,0,27.52,0,2.95,0,2.95
6.0,20.8,0.00,0.00,46,39.11,0,27.52,0,2.95,0,2.95
5.0,20.8,0.00,0.00,45,39.11,0,27.52,0,2.95,0,2.95
5.2,20.8,0.00,0.00,44,39.11,0,27.52,0,2.95,0,2.95
5.0,20.8,0.00,0.00,46,39.11,0,27.52,0,2.95,0,2.95
5.6,20.8,0.00,0.00,44,39.11,0,27.52,0,2.95,0,2.95
5.2,20.8,0.00,0.00,44,39.11,0,27.52,0,2.95,0,2.95
5.4,20.8,0.00,0.00,45,39.11,0,27.52,0,2.95,0,2.95
5.4,20.8,0.00,0.00,49,39.11,0,27.52,0,2.95,0,2.95
5.0,20.7,0.00,0.00,48,39.11,0,27.52,0,2.95,0,2.95
6.1,20.7,0.00,0.00,44,39.11,0,27.52,0,2.95,0,2.95
5.6,20.7,0.00,0.00,41,39.11,0,27.52,0,2.95,0,2.95
5.6,20.7,0.00,0.00,45,39.11,0,27.52,0,2.95,0,2.95
5.6,20.7,0.00,0.00,42,39.11,0,27.52,0,2.95,0,2.95
4.6,15.6,0.00,0.00,31,21.03,0,27.52,0,2.95,0,2.95
5.2,15.6,0.00,0.00,44,21.03,0,27.52,0,2.95,0,2.95
5.2,15.6,0.00,0.00,46,21.03,0,27.52,0,2.95,0,2.95
5.6,15.6,0.00,0.00,45,21.03,0,27.52,0,2.95,0,2.95
5.6,15.6,0.00,0.00,44,21.03,0,27.52,0,2.95,0,2.95
5.6,15.6,0.00,0.00,48,21.03,0,27.52,0,2.95,0,2.95
5.4,15.6,0.00,0.00,39,21.03,0,27.52,0,2.95,0,2.95
7.7,15.6,0.00,0.00,56,21.03,0,27.52,0,2.95,0,2.95
6.0,15.6,0.00,0.00,58,21.03,0,27.52,0,2.95,0,2.95
6.1,15.6,0.00,0.00,57,21.03,0,27.52,0,2.95,0,2.95
5.8,15.6,0.00,0.00,54,21.03,0,27.52,0,2.95,0,2.95
6.1,15.6,0.00,0.00,48,21.03,0,27.52,0,2.95,0,2.95
5.6,15.6,0.00,0.00,45,21.03,0,27.52,0,2.95,0,2.95
5.8,15.6,0.00,0.00,39,21.03,0,27.52,0,2.95,0,2.95
5.6,15.6,0.00,0.00,45,21.03,0,27.52,0,2.95,0,2.95
5.8,15.6,0.00,0.00,43,21.03,0,27.52,0,2.95,0,2.95
5.8,15.6,0.00,0.00,47,21.03,0,27.52,0,2.95,0,2.95
5.6,15.6,0.00,0.00,50,21.03,0,27.52,0,2.95,0,2.95
5.8,15.6,0.00,0.00,36,21.03,0,27.52,0,2.95,0,2.95
5.4,15.6,0.00,0.00,44,21.03,0,27.52,0,2.95,0,2.95
5.2,15.6,0.00,0.00,47,21.03,0,27.52,0,2.95,0,2.95
5.2,15.6,0.00,0.00,44,21.03,0,27.52,0,2.95,0,2.95
5.6,15.6,0.00,0.00,45,21.03,0,27.52,0,2.95,0,2.95
5.2,15.6,0.00,0.00,43,21.03,0,27.52,0,2.95,0,2.95
5.2,15.6,0.00,0.00,38,21.03,0,27.52,0,2.95,0,2.95
5.4,15.6,0.00,0.00,47,21.03,0,27.52,0,2.95,0,2.95
5.8,15.6,0.00,0.00,45,21.03,0,27.52,0,2.95,0,2.95
5.2,15.6,0.00,0.00,43,21.03,0,27.52,0,2.95,0,2.95
6.0,15.6,0.00,0.00,48,21.03,0,27.52,0,2.95,0,2.95
5.8,15.6,0.00,0.00,44,21.03,0,27.52,0,2.95,0,2.95
5.6,15.6,0.00,0.00,46,21.03,0,27.52,0,2.95,0,2.95
5.2,15.6,0.00,0.00,44,21.03,0,27.52,0,2.95,0,2.95
5.2,15.6,0.00,0.00,43,21.03,0,27.52,0,2.95,0,2.95
2.1,14.6,0.00,0.00,26,2.95,0,27.52,0,2.95,0,2.95
0.2,10.5,0.00,0.00,0,2.95,0,27.52,0,2.95,0,2.95
0.2,10.5,0.00,0.00,0,2.95,0,27.52,0,2.95,0,2.95
0.0,10.5,0.00,0.00,0,2.95,0,27.52,0,2.95,0,2.95
0.6,10.5,0.00,0.00,0,2.95,0,27.52,0,2.95,0,2.95
0.2,10.5,0.00,0.00,0,2.95,0,27.52,0,2.95,0,2.95
2.5,10.5,0.00,0.00,0,2.95,0,27.52,0,2.95,0,2.95
0.0,10.5,0.00,0.00,0,2.95,0,27.52,0,2.95,0,2.95
0.2,10.5,0.00,0.00,0,2.95,0,27.52,0,2.95,0,2.95
0.2,10.5,0.00,0.00,0,2.95,0,27.52,0,2.95,0,2.95
0.2,10.5,0.00,0.00,0,2.95,0,27.52,0,2.95,0,2.95
0.4,10.5,0.00,0.00,0,2.95,0,27.52,0,2.95,0,2.95
0.4,10.5,0.00,0.00,0,2.95,0,27.52,0,2.95,0,2.95
0.0,10.5,0.00,0.00,0,2.95,0,27.52,0,2.95,0,2.95
0.2,10.5,0.00,0.00,0,2.95,0,27.52,0,2.95,0,2.95
0.0,10.5,0.00,0.00,0,2.95,0,27.52,0,2.95,0,2.95
0.8,10.5,0.00,0.00,0,2.95,0,27.52,0,2.95,0,2.95
0.2,10.5,0.00,0.00,0,2.95,0,27.52,0,2.95,0,2.95
0.4,10.5,0.00,0.00,0,2.95,0,27.52,0,2.95,0,2.95
0.2,10.4,0.00,0.00,0,2.95,0,27.52,0,2.95,0,2.95
0.4,10.4,0.00,0.00,0,2.95,0,27.52,0,2.95,0,2.95
0.6,10.4,0.00,0.00,0,2.95,0,27.52,0,2.95,0,2.95
0.4,10.4,0.00,0.00,0,2.95,0,27.52,0,2.95,0,2.95
0.4,10.4,0.00,0.00,0,2.95,0,27.52,0,2.95,0,2.95
0.0,10.4,0.00,0.00,0,2.95,0,27.52,0,2.95,0,2.95
0.4,10.4,0.00,0.00,0,2.95,0,27.52,0,2.95,0,2.95
0.2,10.4,0.00,0.00,0,2.95,0,27.52,0,2.95,0,2.95
2.5,10.4,0.00,0.00,0,2.95,0,27.52,0,2.95,0,2.95
0.2,10.4,0.00,0.00,0,2.95,0,27.52,0,2.95,0,2.95
0.2,10.4,0.00,0.00,0,2.95,0,27.52,0,2.95,0,2.95
0.2,10.4,0.00,0.00,0,2.95,0,27.52,0,2.95,0,2.95
0.0,10.4,0.00,0.00,0,2.95,0,27.52,0,2.95,0,2.95
0.2,10.4,0.00,0.00,0,2.95,0,27.52,0,2.95,0,2.95
0.4,10.4,0.00,0.00,0,2.95,0,27.52,0,2.95,0,2.95
0.4,10.4,0.00,0.00,0,2.95,0,27.52,0,2.95,0,2.95
0.6,10.4,0.00,0.00,0,2.95,0,27.52,0,2.95,0,2.95
0.4,10.4,0.00,0.00,0,2.95,0,27.52,0,2.95,0,2.95
0.8,10.4,0.00,0.00,0,2.95,0,27.52,0,2.95,0,2.95
0.8,10.4,0.00,0.00,0,2.95,0,27.52,0,2.95,0,2.95
0.6,10.4,0.00,0.00,0,2.95,0,27.52,0,2.95,0,2.95
0.0,10.4,0.00,0.00,0,2.95,0,27.52,0,2.95,0,2.95
0.4,10.4,0.00,0.00,0,2.95,0,27.52,0,2.95,0,2.95
0.2,10.4,0.00,0.00,0,2.95,0,27.52,0,2.95,0,2.95
0.4,10.4,0.00,0.00,0,2.95,0,27.52,0,2.95,0,2.95
0.6,10.4,0.00,0.00,0,2.95,0,27.52,0,2.95,0,2.95
0.0,10.4,0.00,0.00,0,2.95,0,27.52,0,2.95,0,2.95
0.4,10.4,0.00,0.00,0,2.95,0,27.52,0,2.95,0,2.95
0.2,10.4,0.00,0.00,0,2.95,0,27.52,0,2.95,0,2.95
1.2,10.4,0.00,0.00,0,2.95,0,27.52,0,2.95,0,2.95
0.4,10.4,0.00,0.00,0,2.95,0,27.52,0,2.95,0,2.95
0.4,10.4,0.00,0.00,0,2.95,0,27.52,0,2.95,0,2.95
0.2,10.4,0.00,0.00,0,2.95,0,27.52,0,2.95,0,2.95
0.6,10.4,0.00,0.00,0,2.95,0,27.52,0,2.95,0,2.95
0.6,10.4,0.00,0.00,0,2.95,0,27.52,0,2.95,0,2.95
0.4,10.4,0.00,0.00,0,2.95,0,27.52,0,2.95,0,2.95
0.0,10.4,0.00,0.00,0,2.95,0,27.52,0,2.95,0,2.95
0.4,10.4,0.00,0.00,0,2.95,0,27.52,0,2.95,0,2.95
0.2,10.4,0.00,0.00,0,2.95,0,27.52,0,2.95,0,2.95
0.4,10.4,0.00,0.00,0,2.95,0,27.52,0,2.95,0,2.95
1.5,10.4,0.00,0.00,0,2.95,0,27.52,0,2.95,0,2.95
0.2,10.4,0.00,0.00,0,2.95,0,27.52,0,2.95,0,2.95
0.2,10.4,0.00,0.00,0,2.95,0,27.52,0,2.95,0,2.95
0.2,10.4,0.00,0.00,0,2.95,0,27.52,0,2.95,0,2.95
0.0,10.4,0.00,0.00,0,2.95,0,27.52,0,2.95,0,2.95
0.2,10.4,0.00,0.00,0,2.95,0,27.52,0,2.95,0,2.95
0.2,10.4,0.00,0.00,0,2.95,0,27.52,0,2.95,0,2.95
0.4,10.4,0.00,0.00,0,2.95,0,27.52,0,2.95,0,2.95
0.6,10.4,0.00,0.00,0,2.95,0,27.52,0,2.95,0,2.95
0.2,10.4,0.00,0.00,0,2.95,0,27.52,0,2.95,0,2.95
1.7,10.4,0.00,0.00,0,2.95,0,27.52,0,2.95,0,2.95
0.8,10.4,0.00,0.00,0,2.95,0,27.52,0,2.95,0,2.95
0.0,10.4,0.00,0.00,0,2.95,0,27.52,0,2.95,0,2.95
0.4,10.4,0.00,0.00,0,2.95,0,27.52,0,2.95,0,2.95
0.2,10.4,0.00,0.00,0,2.95,0,27.52,0,2.95,0,2.95
0.4,10.4,0.00,0.00,0,2.95,0,27.52,0,2.95,0,2.95
0.0,10.4,0.00,0.00,0,2.95,0,27.52,0,2.95,0,2.95
0.2,10.4,0.00,0.00,0,2.95,0,27.52,0,2.95,0,2.95
0.2,10.4,0.00,0.00,0,2.95,0,27.52,0,2.95,0,2.95
0.0,10.4,0.00,0.00,0,2.95,0,27.52,0,2.95,0,2.95
0.6,10.4,0.00,0.00,0,2.95,0,27.52,0,2.95,0,2.95
1.5,10.4,0.00,0.00,0,2.95,0,27.52,0,2.95,0,2.95
1.2,10.4,0.00,0.00,0,2.95,0,27.52,0,2.95,0,2.95
0.2,10.4,0.00,0.00,0,2.95,0,27.52,0,2.95,0,2.95
0.2,10.4,0.00,0.00,0,2.95,0,27.52,0,2.95,0,2.95
0.0,10.4,0.00,0.00,0,2.95,0,27.52,0,2.95,0,2.95
0.2,10.4,0.00,0.00,0,2.95,0,27.52,0,2.95,0,2.95
0.6,10.4,0.00,0.00,0,2.95,0,27.52,0,2.95,0,2.95
0.0,10.4,0.00,0.00,0,2.95,0,27.52,0,2.95,0,2.95
0.2,10.4,0.00,0.00,0,2.95,0,27.52,0,2.95,0,2.95
0.8,10.4,0.00,0.00,0,2.95,0,27.52,0,2.95,0,2.95
1.3,10.4,0.00,0.00,0,2.95,0,27.52,0,2.95,0,2.95
0.2,10.4,0.00,0.00,0,2.95,0,27.52,0,2.95,0,2.95
0.6,10.4,0.00,0.00,0,2.95,0,27.52,0,2.95,0,2.95
0.4,10.4,0.00,0.00,0,2.95,0,27.52,0,2.95,0,2.95
0.4,10.4,0.00,0.00,0,2.95,0,27.52,0,2.95,0,2.95
0.6,10.4,0.00,0.00,0,2.95,0,27.52,0,2.95,0,2.95
0.6,10.4,0.00,0.00,0,2.95,0,27.52,0,2.95,0,2.95
0.2,10.4,0.00,0.00,0,2.95,0,27.52,0,2.95,0,2.95
0.4,10.4,0.00,0.00,0,2.95,0,27.52,0,2.95,0,2.95
0.6,10.4,0.00,0.00,0,2.95,0,27.52,0,2.95,0,2.95
0.6,10.4,0.00,0.00,0,2.95,0,27.52,0,2.95,0,2.95
2.1,10.4,0.00,0.00,0,2.95,0,27.52,0,2.95,0,2.95
0.4,10.4,0.00,0.00,0,2.95,0,27.52,0,2.95,0,2.95
0.2,10.4,0.00,0.00,0,2.95,0,27.52,0,2.95,0,2.95
0.2,10.4,0.00,0.00,0,2.95,0,27.52,0,2.95,0,2.95
0.4,10.4,0.00,0.00,0,2.95,0,27.52,0,2.95,0,2.95
0.4,10.4,0.00,0.00,0,2.95,0,27.52,0,2.95,0,2.95
0.4,10.4,0.00,0.00,0,2.95,0,27.52,0,2.95,0,2.95
0.0,10.4,0.00,0.00,0,2.95,0,27.52,0,2.95,0,2.95
0.2,10.4,0.00,0.00,0,2.95,0,27.52,0,2.95,0,2.95
0.0,10.4,0.00,0.00,0,2.95,0,27.52,0,2.95,0,2.95
0.6,10.4,0.00,0.00,0,2.95,0,27.52,0,2.95,0,2.95
0.2,10.4,0.00,0.00,0,2.95,0,27.52,0,2.95,0,2.95
0.6,10.4,0.00,0.00,0,2.95,0,27.52,0,2.95,0,2.95
0.4,10.4,0.00,0.00,0,2.95,0,27.52,0,2.95,0,2.95
0.6,10.4,0.00,0.00,0,2.95,0,27.52,0,2.95,0,2.95
0.2,10.4,0.00,0.00,0,2.95,0,27.52,0,2.95,0,2.95
0.0,10.4,0.00,0.00,0,2.95,0,27.52,0,2.95,0,2.95
0.2,10.4,0.00,0.00,0,2.95,0,27.52,0,2.95,0,2.95
0.4,10.4,0.00,0.00,0,2.95,0,27.52,0,2.95,0,2.95
0.2,10.4,0.00,0.00,0,2.95,0,27.52,0,2.95,0,2.95
0.4,10.4,0.00,0.00,0,2.95,0,27.52,0,2.95,0,2.95
1.9,10.4,0.00,0.00,0,2.95,0,27.52,0,2.95,0,2.95
0.4,10.4,0.00,0.00,0,2.95,0,27.52,0,2.95,0,2.95
0.2,10.4,0.00,0.00,0,2.95,0,27.52,0,2.95,0,2.95
0.2,10.4,0.00,0.00,0,2.95,0,27.52,0,2.95,0,2.95
0.4,10.4,0.00,0.00,0,2.95,0,27.52,0,2.95,0,2.95
0.0,10.4,0.00,0.00,0,2.95,0,27.52,0,2.95,0,2.95
0.0,10.4,0.00,0.00,0,2.95,0,27.52,0,2.95,0,2.95
0.0,10.4,0.00,0.00,0,2.95,0,27.52,0,2.95,0,2.95
0.2,10.4,0.00,0.00,0,2.95,0,27.52,0,2.95,0,2.95
0.2,10.4,0.00,0.00,0,2.95,0,27.52,0,2.95,0,2.95
0.6,10.4,0.00,0.00,0,2.95,0,27.52,0,2.95,0,2.95
0.6,10.4,0.00,0.00,0,2.95,0,27.52,0,2.95,0,2.95
0.4,10.4,0.00,0.00,0,2.95,0,27.52,0,2.95,0,2.95
0.6,10.4,0.00,0.00,0,2.95,0,27.52,0,2.95,0,2.95
0.0,10.4,0.00,0.00,0,2.95,0,27.52,0,2.95,0,2.95
0.6,10.4,0.00,0.00,0,2.95,0,27.52,0,2.95,0,2.95
0.0,10.4,0.00,0.00,0,2.95,0,27.52,0,2.95,0,2.95
0.6,10.4,0.00,0.00,0,2.95,0,27.52,0,2.95,0,2.95
0.2,10.4,0.00,0.00,0,2.95,0,27.52,0,2.95,0,2.95
0.4,10.4,0.00,0.00,0,2.95,0,27.52,0,2.95,0,2.95
0.4,10.4,0.00,0.00,0,2.95,0,27.52,0,2.95,0,2.95
2.5,10.4,0.00,0.00,0,2.95,0,27.52,0,2.95,0,2.95
0.0,10.4,0.00,0.00,0,2.95,0,27.52,0,2.95,0,2.95
0.4,10.4,0.00,0.00,0,2.95,0,27.52,0,2.95,0,2.95
0.2,10.4,0.00,0.00,0,2.95,0,27.52,0,2.95,0,2.95
0.4,10.4,0.00,0.00,0,2.95,0,27.52,0,2.95,0,2.95
0.0,10.4,0.00,0.00,0,2.95,0,27.52,0,2.95,0,2.95
0.6,10.4,0.00,0.00,0,2.95,0,27.52,0,2.95,0,2.95
0.8,10.4,0.00,0.00,0,2.95,0,27.52,0,2.95,0,2.95
0.6,10.4,0.00,0.00,0,2.95,0,27.52,0,2.95,0,2.95
0.4,10.4,0.00,0.00,0,2.95,0,27.52,0,2.95,0,2.95
0.4,10.4,0.00,0.00,0,2.95,0,27.52,0,2.95,0,2.95
0.6,10.4,0.00,0.00,0,2.95,0,27.52,0,2.95,0,2.95
0.6,10.4,0.00,0.00,0,2.95,0,27.52,0,2.95,0,2.95
0.6,10.4,0.00,0.00,0,2.95,0,27.52,0,2.95,0,2.95
0.4,10.4,0.00,0.00,0,2.95,0,27.52,0,2.95,0,2.95
0.2,10.4,0.00,0.00,0,2.95,0,27.52,0,2.95,0,2.95
0.4,10.4,0.00,0.00,0,2.95,0,27.52,0,2.95,0,2.95
0.2,10.4,0.00,0.00,0,2.95,0,27.52,0,2.95,0,2.95
0.4,10.4,0.00,0.00,0,2.95,0,27.52,0,2.95,0,2.95
0.4,10.4,0.00,0.00,0,2.95,0,27.52,0,2.95,0,2.95
0.6,10.4,0.00,0.00,0,2.95,0,27.52,0,2.95,0,2.95
2.3,10.4,0.00,0.00,0,2.95,0,27.52,0,2.95,0,2.95
0.2,10.4,0.00,0.00,0,2.95,0,27.52,0,2.95,0,2.95
0.2,10.4,0.00,0.00,0,2.95,0,27.52,0,2.95,0,2.95
0.2,10.4,0.00,0.00,0,2.95,0,27.52,0,2.95,0,2.95
0.2,10.4,0.00,0.00,0,2.95,0,27.52,0,2.95,0,2.95
0.0,10.4,0.00,0.00,0,2.95,0,27.52,0,2.95,0,2.95
0.0,10.4,0.00,0.00,0,2.95,0,27.52,0,2.95,0,2.95
0.2,10.4,0.00,0.00,0,2.95,0,27.52,0,2.95,0,2.95
0.2,10.4,0.00,0.00,0,2.95,0,27.52,0,2.95,0,2.95
0.4,10.4,0.00,0.00,0,2.95,0,27.52,0,2.95,0,2.95
0.4,10.4,0.00,0.00,0,2.95,0,27.52,0,2.95,0,2.95
0.4,10.4,0.00,0.00,0,2.95,0,27.52,0,2.95,0,2.95
0.2,10.4,0.00,0.00,0,2.95,0,27.52,0,2.95,0,2.95
0.4,10.4,0.00,0.00,0,2.95,0,27.52,0,2.95,0,2.95
0.0,10.4,0.00,0.00,0,2.95,0,27.52,0,2.95,0,2.95
0.2,10.4,0.00,0.00,0,2.95,0,27.52,0,2.95,0,2.95
0.6,10.4,0.00,0.00,0,2.95,0,27.52,0,2.95,0,2.95
0.0,10.4,0.00,0.00,0,2.95,0,27.52,0,2.95,0,2.95
0.2,10.4,0.00,0.00,0,2.95,0,27.52,0,2.95,0,2.95
0.2,10.4,0.00,0.00,0,2.95,0,27.52,0,2.95,0,2.95
0.2,10.4,0.00,0.00,0,2.95,0,27.52,0,2.95,0,2.95
1.9,10.4,0.00,0.00,0,2.95,0,27.52,0,2.95,0,2.95
0.4,10.4,0.00,0.00,0,2.95,0,27.52,0,2.95,0,2.95
0.2,10.4,0.00,0.00,0,2.95,0,27.52,0,2.95,0,2.95
0.4,10.4,0.00,0.00,0,2.95,0,27.52,0,2.95,0,2.95
0.4,10.4,0.00,0.00,0,2.95,0,27.52,0,2.95,0,2.95
0.0,10.4,0.00,0.00,0,2.95,0,27.52,0,2.95,0,2.95
0.6,10.4,0.00,0.00,0,2.95,0,27.52,0,2.95,0,2.95
0.4,10.4,0.00,0.00,0,2.95,0,27.52,0,2.95,0,2.95
0.4,10.4,0.00,0.00,0,2.95,0,27.52,0,2.95,0,2.95
0.2,10.4,0.00,0.00,0,2.95,0,27.52,0,2.95,0,2.95
1.5,10.4,0.00,0.00,0,2.95,0,27.52,0,2.95,0,2.95
0.4,10.4,0.00,0.00,0,2.95,0,27.52,0,2.95,0,2.95
0.2,10.4,0.00,0.00,0,2.95,0,27.52,0,2.95,0,2.95
0.8,10.4,0.00,0.00,0,2.95,0,27.52,0,2.95,0,2.95
0.2,10.4,0.00,0.00,0,2.95,0,27.52,0,2.95,0,2.95
0.2,10.4,0.00,0.00,0,2.95,0,27.52,0,2.95,0,2.95
0.0,10.4,0.00,0.00,0,2.95,0,27.52,0,2.95,0,2.95
0.2,10.4,0.00,0.00,0,2.95,0,27.52,0,2.95,0,2.95
0.0,10.4,0.00,0.00,0,2.95,0,27.52,0,2.95,0,2.95
0.2,10.4,0.00,0.00,0,2.95,0,27.52,0,2.95,0,2.95
0.4,10.4,0.00,0.00,0,2.95,0,27.52,0,2.95,0,2.95
1.5,10.4,0.00,0.00,0,2.95,0,27.52,0,2.95,0,2.95
0.4,10.4,0.00,0.00,0,2.95,0,27.52,0,2.95,0,2.95
0.0,10.4,0.00,0.00,0,2.95,0,27.52,0,2.95,0,2.95
0.0,10.4,0.00,0.00,0,2.95,0,27.52,0,2.95,0,2.95
0.4,10.4,0.00,0.00,0,2.95,0,27.52,0,2.95,0,2.95
0.4,10.4,0.00,0.00,0,2.95,0,27.52,0,2.95,0,2.95
0.4,10.4,0.00,0.00,0,2.95,0,27.52,0,2.95,0,2.95
0.2,10.4,0.00,0.00,0,2.95,0,27.52,0,2.95,0,2.95
0.4,10.4,0.00,0.00,0,2.95,0,27.52,0,2.95,0,2.95
0.4,10.4,0.00,0.00,0,2.95,0,27.52,0,2.95,0,2.95
1.7,10.4,0.00,0.00,0,2.95,0,27.52,0,2.95,0,2.95
1.7,10.4,0.00,0.00,0,2.95,0,27.52,0,2.95,0,2.95
0.2,10.4,0.00,0.00,0,2.95,0,27.52,0,2.95,0,2.95
0.2,10.4,0.00,0.00,0,2.95,0,27.52,0,2.95,0,2.95
0.6,10.4,0.00,0.00,0,2.95,0,27.52,0,2.95,0,2.95
0.4,10.4,0.00,0.00,0,2.95,0,27.52,0,2.95,0,2.95
0.2,10.4,0.00,0.00,0,2.95,0,27.52,0,2.95,0,2.95
0.2,10.4,0.00,0.00,0,2.95,0,27.52,0,2.95,0,2.95
0.2,10.4,0.00,0.00,0,2.95,0,27.52,0,2.95,0,2.95
1.9,10.4,0.00,0.00,0,2.95,0,27.52,0,2.95,0,2.95
1.0,10.4,0.00,0.00,0,2.95,0,27.52,0,2.95,0,2.95
1.5,10.4,0.00,0.00,0,2.95,0,27.52,0,2.95,0,2.95
0.6,10.4,0.00,0.00,0,2.95,0,27.52,0,2.95,0,2.95
0.2,10.4,0.00,0.00,0,2.95,0,27.52,0,2.95,0,2.95
0.6,10.4,0.00,0.00,0,2.95,0,27.52,0,2.95,0,2.95
0.6,10.4,0.00,0.00,0,2.95,0,27.52,0,2.95,0,2.95
0.4,10.4,0.00,0.00,0,2.95,0,27.52,0,2.95,0,2.95
0.6,10.4,0.00,0.00,0,2.95,0,27.52,0,2.95,0,2.95
0.0,10.4,0.00,0.00,0,2.95,0,27.52,0,2.95,0,2.95
0.4,10.4,0.00,0.00,0,2.95,0,27.52,0,2.95,0,2.95
0.4,10.4,0.00,0.00,0,2.95,0,27.52,0,2.95,0,2.95
1.9,10.4,0.00,0.00,0,2.95,0,27.52,0,2.95,0,2.95
0.0,10.4,0.00,0.00,0,2.95,0,27.52,0,2.95,0,2.95
0.4,10.4,0.00,0.00,0,2.95,0,27.52,0,2.95,0,2.95
0.2,10.4,0.00,0.00,0,2.95,0,27.52,0,2.95,0,2.95
0.0,10.4,0.00,0.00,0,2.95,0,27.52,0,2.95,0,2.95
0.6,10.4,0.00,0.00,0,2.95,0,27.52,0,2.95,0,2.95
0.0,10.4,0.00,0.00,0,2.95,0,27.52,0,2.95,0,2.95
0.2,10.4,0.00,0.00,0,2.95,0,27.52,0,2.95,0,2.95
0.0,10.4,0.00,0.00,0,2.95,0,27.52,0,2.95,0,2.95
0.2,10.4,0.00,0.00,0,2.95,0,27.52,0,2.95,0,2.95
0.2,10.4,0.00,0.00,0,2.95,0,27.52,0,2.95,0,2.95
1.2,10.4,0.00,0.00,0,2.95,0,27.52,0,2.95,0,2.95
0.4,10.4,0.00,0.00,0,2.95,0,27.52,0,2.95,0,2.95
0.4,10.4,0.00,0.00,0,2.95,0,27.52,0,2.95,0,2.95
0.2,10.4,0.00,0.00,0,2.95,0,27.52,0,2.95,0,2.95
0.6,10.4,0.00,0.00,0,2.95,0,27.52,0,2.95,0,2.95
0.2,10.4,0.00,0.00,0,2.95,0,27.52,0,2.95,0,2.95
0.4,10.4,0.00,0.00,0,2.95,0,27.52,0,2.95,0,2.95
0.0,10.4,0.00,0.00,0,2.95,0,27.52,0,2.95,0,2.95
0.8,10.4,0.00,0.00,0,2.95,0,27.52,0,2.95,0,2.95
0.6,10.4,0.00,0.00,0,2.95,0,27.52,0,2.95,0,2.95
1.5,10.4,0.00,0.00,0,2.95,0,27.52,0,2.95,0,2.95
0.4,10.4,0.00,0.00,0,2.95,0,27.52,0,2.95,0,2.95
0.0,10.4,0.00,0.00,0,2.95,0,27.52,0,2.95,0,2.95
0.4,10.4,0.00,0.00,0,2.95,0,27.52,0,2.95,0,2.95
0.4,10.4,0.00,0.00,0,2.95,0,27.52,0,2.95,0,2.95
0.2,10.4,0.00,0.00,0,2.95,0,27.52,0,2.95,0,2.95
0.2,10.4,0.00,0.00,0,2.95,0,27.52,0,2.95,0,2.95
0.4,10.4,0.00,0.00,0,2.95,0,27.52,0,2.95,0,2.95
0.2,10.4,0.00,0.00,0,2.95,0,27.52,0,2.95,0,2.95
0.2,10.4,0.00,0.00,0,2.95,0,27.52,0,2.95,0,2.95
0.2,10.4,0.00,0.00,0,2.95,0,27.52,0,2.95,0,2.95
1.0,10.4,0.00,0.00,0,2.95,0,27.52,0,2.95,0,2.95
0.4,10.4,0.00,0.00,0,2.95,0,27.52,0,2.95,0,2.95
0.4,10.4,0.00,0.00,0,2.95,0,27.52,0,2.95,0,2.95
0.2,10.4,0.00,0.00,0,2.95,0,27.52,0,2.95,0,2.95
0.2,10.4,0.00,0.00,0,2.95,0,27.52,0,2.95,0,2.95
0.0,10.4,0.00,0.00,0,2.95,0,27.52,0,2.95,0,2.95
0.2,10.4,0.00,0.00,0,2.95,0,27.52,0,2.95,0,2.95
0.2,10.4,0.00,0.00,0,2.95,0,27.52,0,2.95,0,2.95
0.2,10.4,0.00,0.00,0,2.95,0,27.52,0,2.95,0,2.95
0.4,10.4,0.00,0.00,0,2.95,0,27.52,0,2.95,0,2.95
1.5,10.4,0.00,0.00,0,2.95,0,27.52,0,2.95,0,2.95
0.4,10.4,0.00,0.00,0,2.95,0,27.52,0,2.95,0,2.95
0.2,10.4,0.00,0.00,0,2.95,0,27.52,0,2.95,0,2.95
0.2,10.4,0.00,0.00,0,2.95,0,27.52,0,2.95,0,2.95
0.2,10.4,0.00,0.00,0,2.95,0,27.52,0,2.95,0,2.95
0.2,10.4,0.00,0.00,0,2.95,0,27.52,0,2.95,0,2.95
0.6,10.4,0.00,0.00,0,2.95,0,27.52,0,2.95,0,2.95
0.6,10.4,0.00,0.00,0,2.95,0,27.52,0,2.95,0,2.95
0.2,10.4,0.00,0.00,0,2.95,0,27.52,0,2.95,0,2.95
0.4,10.4,0.00,0.00,0,2.95,0,27.52,0,2.95,0,2.95
0.4,10.4,0.00,0.00,0,2.95,0,27.52,0,2.95,0,2.95
1.0,10.4,0.00,0.00,0,2.95,0,27.52,0,2.95,0,2.95
0.4,10.4,0.00,0.00,0,2.95,0,27.52,0,2.95,0,2.95
0.4,10.4,0.00,0.00,0,2.95,0,27.52,0,2.95,0,2.95
0.4,10.4,0.00,0.00,0,2.95,0,27.52,0,2.95,0,2.95
0.6,10.4,0.00,0.00,0,2.95,0,27.52,0,2.95,0,2.95
0.0,10.4,0.00,0.00,0,2.95,0,27.52,0,2.95,0,2.95
0.2,10.4,0.00,0.00,0,2.95,0,27.52,0,2.95,0,2.95
0.0,10.4,0.00,0.00,0,2.95,0,27.52,0,2.95,0,2.95
0.2,10.4,0.00,0.00,0,2.95,0,27.52,0,2.95,0,2.95
0.6,10.4,0.00,0.00,0,2.95,0,27.52,0,2.95,0,2.95
2.1,10.4,0.00,0.00,0,2.95,0,27.52,0,2.95,0,2.95
0.6,10.4,0.00,0.00,0,2.95,0,27.52,0,2.95,0,2.95
0.0,10.4,0.00,0.00,0,2.95,0,27.52,0,2.95,0,2.95
0.6,10.4,0.00,0.00,0,2.95,0,27.52,0,2.95,0,2.95
0.0,10.4,0.00,0.00,0,2.95,0,27.52,0,2.95,0,2.95
0.2,10.4,0.00,0.00,0,2.95,0,27.52,0,2.95,0,2.95
0.4,10.4,0.00,0.00,0,2.95,0,27.52,0,2.95,0,2.95
0.0,10.4,0.00,0.00,0,2.95,0,27.52,0,2.95,0,2.95
0.2,10.4,0.00,0.00,0,2.95,0,27.52,0,2.95,0,2.95
0.2,10.4,0.00,0.00,0,2.95,0,27.52,0,2.95,0,2.95
0.0,10.4,0.00,0.00,0,2.95,0,27.52,0,2.95,0,2.95
0.4,10.4,0.00,0.00,0,2.95,0,27.52,0,2.95,0,2.95
0.2,10.4,0.00,0.00,0,2.95,0,27.52,0,2.95,0,2.95
0.4,10.4,0.00,0.00,0,2.95,0,27.52,0,2.95,0,2.95
0.0,10.4,0.00,0.00,0,2.95,0,27.52,0,2.95,0,2.95
0.0,10.4,0.00,0.00,0,2.95,0,27.52,0,2.95,0,2.95
0.4,10.4,0.00,0.00,0,2.95,0,27.52,0,2.95,0,2.95
0.0,10.4,0.00,0.00,0,2.95,0,27.52,0,2.95,0,2.95
0.4,10.4,0.00,0.00,0,2.95,0,27.52,0,2.95,0,2.95
0.4,10.4,0.00,0.00,0,2.95,0,27.52,0,2.95,0,2.95
0.2,10.4,0.00,0.00,0,2.95,0,27.52,0,2.95,0,2.95
2.9,10.4,0.00,0.00,0,2.95,0,27.52,0,2.95,0,2.95
0.2,10.4,0.00,0.00,0,2.95,0,27.52,0,2.95,0,2.95
0.2,10.4,0.00,0.00,0,2.95,0,27.52,0,2.95,0,2.95
0.4,10.4,0.00,0.00,0,2.95,0,27.52,0,2.95,0,2.95
0.4,10.4,0.00,0.00,0,2.95,0,27.52,0,2.95,0,2.95
0.4,10.4,0.00,0.00,0,2.95,0,27.52,0,2.95,0,2.95
0.4,10.4,0.00,0.00,0,2.95,0,27.52,0,2.95,0,2.95
0.2,10.4,0.00,0.00,0,2.95,0,27.52,0,2.95,0,2.95
0.2,10.4,0.00,0.00,0,2.95,0,27.52,0,2.95,0,2.95
0.0,10.4,0.00,0.00,0,2.95,0,27.52,0,2.95,0,2.95
0.6,10.4,0.00,0.00,0,2.95,0,27.52,0,2.95,0,2.95
0.6,10.4,0.00,0.00,0,2.95,0,27.52,0,2.95,0,2.95
0.4,10.4,0.00,0.00,0,2.95,0,27.52,0,2.95,0,2.95
0.4,10.4,0.00,0.00,0,2.95,0,27.52,0,2.95,0,2.95
0.0,10.4,0.00,0.00,0,2.95,0,27.52,0,2.95,0,2.95
0.2,10.4,0.00,0.00,0,2.95,0,27.52,0,2.95,0,2.95
0.0,10.4,0.00,0.00,0,2.95,0,27.52,0,2.95,0,2.95
0.4,10.4,0.00,0.00,0,2.95,0,27.52,0,2.95,0,2.95
0.2,10.4,0.00,0.00,0,2.95,0,27.52,0,2.95,0,2.95
0.2,10.4,0.00,0.00,0,2.95,0,27.52,0,2.95,0,2.95
0.4,10.4,0.00,0.00,0,2.95,0,27.52,0,2.95,0,2.95
2.1,10.4,0.00,0.00,0,2.95,0,27.52,0,2.95,0,2.95
0.0,10.4,0.00,0.00,0,2.95,0,27.52,0,2.95,0,2.95
0.4,10.4,0.00,0.00,0,2.95,0,27.52,0,2.95,0,2.95
0.2,10.4,0.00,0.00,0,2.95,0,27.52,0,2.95,0,2.95
0.2,10.4,0.00,0.00,0,2.95,0,27.52,0,2.95,0,2.95
0.2,10.4,0.00,0.00,0,2.95,0,27.52,0,2.95,0,2.95
0.0,10.4,0.00,0.00,0,2.95,0,27.52,0,2.95,0,2.95
0.6,10.4,0.00,0.00,0,2.95,0,27.52,0,2.95,0,2.95
0.2,10.4,0.00,0.00,0,2.95,0,27.52,0,2.95,0,2.95
1.4,10.4,0.00,0.00,0,2.95,0,27.52,0,2.95,0,2.95
2.3,10.4,0.00,0.00,0,2.95,0,27.52,0,2.95,0,2.95
1.4,10.4,0.00,0.00,0,2.95,0,27.52,0,2.95,0,2.95
0.6,10.4,0.00,0.00,0,2.95,0,27.52,0,2.95,0,2.95
0.4,10.4,0.00,0.00,0,2.95,0,27.52,0,2.95,0,2.95
0.4,10.4,0.00,0.00,0,2.95,0,27.52,0,2.95,0,2.95
0.2,10.4,0.00,0.00,0,2.95,0,27.52,0,2.95,0,2.95
0.6,10.4,0.00,0.00,0,2.95,0,27.52,0,2.95,0,2.95
0.4,10.4,0.00,0.00,0,2.95,0,27.52,0,2.95,0,2.95
0.2,10.4,0.00,0.00,0,2.95,0,27.52,0,2.95,0,2.95
0.6,10.4,0.00,0.00,0,2.95,0,27.52,0,2.95,0,2.95
0.0,10.4,0.00,0.00,0,2.95,0,27.52,0,2.95,0,2.95
2.3,10.4,0.00,0.00,0,2.95,0,27.52,0,2.95,0,2.95
0.2,10.4,0.00,0.00,0,2.95,0,27.52,0,2.95,0,2.95
0.4,10.4,0.00,0.00,0,2.95,0,27.52,0,2.95,0,2.95
0.4,10.4,0.00,0.00,0,2.95,0,27.52,0,2.95,0,2.95
0.2,10.4,0.00,0.00,0,2.95,0,27.52,0,2.95,0,2.95
0.0,10.4,0.00,0.00,0,2.95,0,27.52,0,2.95,0,2.95
0.2,10.4,0.00,0.00,0,2.95,0,27.52,0,2.95,0,2.95
0.4,10.4,0.00,0.00,0,2.95,0,27.52,0,2.95,0,2.95
0.6,10.4,0.00,0.00,0,2.95,0,27.52,0,2.95,0,2.95
0.2,10.4,0.00,0.00,0,2.95,0,27.52,0,2.95,0,2.95
1.0,10.4,0.00,0.00,0,2.95,0,27.52,0,2.95,0,2.95
0.4,10.4,0.00,0.00,0,2.95,0,27.52,0,2.95,0,2.95
0.2,10.4,0.00,0.00,0,2.95,0,27.52,0,2.95,0,2.95
0.4,10.4,0.00,0.00,0,2.95,0,27.52,0,2.95,0,2.95
0.4,10.4,0.00,0.00,0,2.95,0,27.52,0,2.95,0,2.95
0.0,10.4,0.00,0.00,0,2.95,0,27.52,0,2.95,0,2.95
0.4,10.4,0.00,0.00,0,2.95,0,27.52,0,2.95,0,2.95
0.2,10.4,0.00,0.00,0,2.95,0,27.52,0,2.95,0,2.95
0.4,10.4,0.00,0.00,0,2.95,0,27.52,0,2.95,0,2.95
0.4,10.4,0.00,0.00,0,2.95,0,27.52,0,2.95,0,2.95
0.6,10.4,0.00,0.00,0,2.95,0,27.52,0,2.95,0,2.95
1.3,10.4,0.00,0.00,0,2.95,0,27.52,0,2.95,0,2.95
0.0,10.4,0.00,0.00,0,2.95,0,27.52,0,2.95,0,2.95
0.6,10.4,0.00,0.00,0,2.95,0,27.52,0,2.95,0,2.95
0.2,10.4,0.00,0.00,0,2.95,0,27.52,0,2.95,0,2.95
0.4,10.4,0.00,0.00,0,2.95,0,27.52,0,2.95,0,2.95
0.0,10.4,0.00,0.00,0,2.95,0,27.52,0,2.95,0,2.95
0.2,10.4,0.00,0.00,0,2.95,0,27.52,0,2.95,0,2.95
0.0,10.4,0.00,0.00,0,2.95,0,27.52,0,2.95,0,2.95
0.2,10.4,0.00,0.00,0,2.95,0,27.52,0,2.95,0,2.95
0.6,10.4,0.00,0.00,0,2.95,0,27.52,0,2.95,0,2.95
2.1,10.4,0.00,0.00,0,2.95,0,27.52,0,2.95,0,2.95
0.0,10.4,0.00,0.00,0,2.95,0,27.52,0,2.95,0,2.95
0.4,10.4,0.00,0.00,0,2.95,0,27.52,0,2.95,0,2.95
0.2,10.4,0.00,0.00,0,2.95,0,27.52,0,2.95,0,2.95
0.0,10.4,0.00,0.00,0,2.95,0,27.52,0,2.95,0,2.95
0.2,10.4,0.00,0.00,0,2.95,0,27.52,0,2.95,0,2.95
0.8,10.4,0.00,0.00,0,2.95,0,27.52,0,2.95,0,2.95
0.0,10.4,0.00,0.00,0,2.95,0,27.52,0,2.95,0,2.95
0.2,10.4,0.00,0.00,0,2.95,0,27.52,0,2.95,0,2.95
0.0,10.4,0.00,0.00,0,2.95,0,27.52,0,2.95,0,2.95
0.2,10.4,0.00,0.00,0,2.95,0,27.52,0,2.95,0,2.95
0.6,10.4,0.00,0.00,0,2.95,0,27.52,0,2.95,0,2.95
0.0,10.4,0.00,0.00,0,2.95,0,27.52,0,2.95,0,2.95
0.4,10.4,0.00,0.00,0,2.95,0,27.52,0,2.95,0,2.95
0.0,10.4,0.00,0.00,0,2.95,0,27.52,0,2.95,0,2.95
0.4,10.4,0.00,0.00,0,2.95,0,27.52,0,2.95,0,2.95
0.2,10.4,0.00,0.00,0,2.95,0,27.52,0,2.95,0,2.95
0.4,10.4,0.00,0.00,0,2.95,0,27.52,0,2.95,0,2.95
0.2,10.4,0.00,0.00,0,2.95,0,27.52,0,2.95,0,2.95
0.0,10.4,0.00,0.00,0,2.95,0,27.52,0,2.95,0,2.95
0.4,10.4,0.00,0.00,0,2.95,0,27.52,0,2.95,0,2.95
2.9,10.4,0.00,0.00,0,2.95,0,27.52,0,2.95,0,2.95
0.6,10.4,0.00,0.00,0,2.95,0,27.52,0,2.95,0,2.95
0.4,10.4,0.00,0.00,0,2.95,0,27.52,0,2.95,0,2.95
0.8,10.4,0.00,0.00,0,2.95,0,27.52,0,2.95,0,2.95
0.2,10.4,0.00,0.00,0,2.95,0,27.52,0,2.95,0,2.95
0.4,10.4,0.00,0.00,0,2.95,0,27.52,0,2.95,0,2.95
0.6,10.4,0.00,0.00,0,2.95,0,27.52,0,2.95,0,2.95
0.0,10.4,0.00,0.00,0,2.95,0,27.52,0,2.95,0,2.95
0.6,10.4,0.00,0.00,0,2.95,0,27.52,0,2.95,0,2.95
0.2,10.4,0.00,0.00,0,2.95,0,27.52,0,2.95,0,2.95
0.2,10.4,0.00,0.00,0,2.95,0,27.52,0,2.95,0,2.95
1.0,10.4,0.00,0.00,0,2.95,0,27.52,0,2.95,0,2.95
0.2,10.4,0.00,0.00,0,2.95,0,27.52,0,2.95,0,2.95
0.4,10.4,0.00,0.00,0,2.95,0,27.52,0,2.95,0,2.95
0.4,10.4,0.00,0.00,0,2.95,0,27.52,0,2.95,0,2.95
0.4,10.4,0.00,0.00,0,2.95,0,27.52,0,2.95,0,2.95
0.4,10.4,0.00,0.00,0,2.95,0,27.52,0,2.95,0,2.95
0.4,10.4,0.00,0.00,0,2.95,0,27.52,0,2.95,0,2.95
0.6,10.4,0.00,0.00,0,2.95,0,27.52,0,2.95,0,2.95
0.2,10.4,0.00,0.00,0,2.95,0,27.52,0,2.95,0,2.95
0.2,10.4,0.00,0.00,0,2.95,0,27.52,0,2.95,0,2.95
2.1,10.4,0.00,0.00,0,2.95,0,27.52,0,2.95,0,2.95
0.4,10.4,0.00,0.00,0,2.95,0,27.52,0,2.95,0,2.95
0.4,10.4,0.00,0.00,0,2.95,0,27.52,0,2.95,0,2.95
0.4,10.4,0.00,0.00,0,2.95,0,27.52,0,2.95,0,2.95
0.4,10.4,0.00,0.00,0,2.95,0,27.52,0,2.95,0,2.95
0.2,10.4,0.00,0.00,0,2.95,0,27.52,0,2.95,0,2.95
0.2,10.4,0.00,0.00,0,2.95,0,27.52,0,2.95,0,2.95
0.2,10.4,0.00,0.00,0,2.95,0,27.52,0,2.95,0,2.95
0.6,10.4,0.00,0.00,0,2.95,0,27.52,0,2.95,0,2.95
0.2,10.4,0.00,0.00,0,2.95,0,27.52,0,2.95,0,2.95
0.4,10.4,0.00,0.00,0,2.95,0,27.52,0,2.95,0,2.95
1.9,10.4,0.00,0.00,0,2.95,0,27.52,0,2.95,0,2.95
0.2,10.4,0.00,0.00,0,2.95,0,27.52,0,2.95,0,2.95
0.6,10.4,0.00,0.00,0,2.95,0,27.52,0,2.95,0,2.95
0.4,10.4,0.00,0.00,0,2.95,0,27.52,0,2.95,0,2.95
0.2,10.4,0.00,0.00,0,2.95,0,27.52,0,2.95,0,2.95
0.4,10.4,0.00,0.00,0,2.95,0,27.52,0,2.95,0,2.95
0.4,10.4,0.00,0.00,0,2.95,0,27.52,0,2.95,0,2.95
0.2,10.4,0.00,0.00,0,2.95,0,27.52,0,2.95,0,2.95
0.2,10.4,0.00,0.00,0,2.95,0,27.52,0,2.95,0,2.95
0.4,10.4,0.00,0.00,0,2.95,0,27.52,0,2.95,0,2.95
0.4,10.4,0.00,0.00,0,2.95,0,27.52,0,2.95,0,2.95
0.0,10.4,0.00,0.00,0,2.95,0,27.52,0,2.95,0,2.95
0.2,10.4,0.00,0.00,0,2.95,0,27.52,0,2.95,0,2.95
0.0,10.4,0.00,0.00,0,2.95,0,27.52,0,2.95,0,2.95
0.4,10.4,0.00,0.00,0,2.95,0,27.52,0,2.95,0,2.95
0.4,10.4,0.00,0.00,0,2.95,0,27.52,0,2.95,0,2.95
0.2,10.4,0.00,0.00,0,2.95,0,27.52,0,2.95,0,2.95
0.0,10.4,0.00,0.00,0,2.95,0,27.52,0,2.95,0,2.95
0.2,10.4,0.00,0.00,0,2.95,0,27.52,0,2.95,0,2.95
0.2,10.4,0.00,0.00,0,2.95,0,27.52,0,2.95,0,2.95
0.0,10.4,0.00,0.00,0,2.95,0,27.52,0,2.95,0,2.95
2.1,10.4,0.00,0.00,0,2.95,0,27.52,0,2.95,0,2.95
0.2,10.4,0.00,0.00,0,2.95,0,27.52,0,2.95,0,2.95
0.2,10.4,0.00,0.00,0,2.95,0,27.52,0,2.95,0,2.95
0.4,10.4,0.00,0.00,0,2.95,0,27.52,0,2.95,0,2.95
0.2,10.4,0.00,0.00,0,2.95,0,27.52,0,2.95,0,2.95
0.2,10.4,0.00,0.00,0,2.95,0,27.52,0,2.95,0,2.95
0.6,10.4,0.00,0.00,0,2.95,0,27.52,0,2.95,0,2.95
0.2,10.4,0.00,0.00,0,2.95,0,27.52,0,2.95,0,2.95
0.4,10.4,0.00,0.00,0,2.95,0,27.52,0,2.95,0,2.95
0.4,10.4,0.00,0.00,0,2.95,0,27.52,0,2.95,0,2.95
0.8,10.4,0.00,0.00,0,2.95,0,27.52,0,2.95,0,2.95
0.4,10.4,0.00,0.00,0,2.95,0,27.52,0,2.95,0,2.95
0.4,10.4,0.00,0.00,0,2.95,0,27.52,0,2.95,0,2.95
0.2,10.4,0.00,0.00,0,2.95,0,27.52,0,2.95,0,2.95
0.4,10.4,0.00,0.00,0,2.95,0,27.52,0,2.95,0,2.95
0.0,10.4,0.00,0.00,0,2.95,0,27.52,0,2.95,0,2.95
0.0,10.4,0.00,0.00,0,2.95,0,27.52,0,2.95,0,2.95
0.0,10.4,0.00,0.00,0,2.95,0,27.52,0,2.95,0,2.95
0.2,10.4,0.00,0.00,0,2.95,0,27.52,0,2.95,0,2.95
0.8,10.4,0.00,0.00,0,2.95,0,27.52,0,2.95,0,2.95
0.2,10.4,0.00,0.00,0,2.95,0,27.52,0,2.95,0,2.95
1.9,10.4,0.00,0.00,0,2.95,0,27.52,0,2.95,0,2.95
0.2,10.4,0.00,0.00,0,2.95,0,27.52,0,2.95,0,2.95
0.6,10.4,0.00,0.00,0,2.95,0,27.52,0,2.95,0,2.95
0.0,10.4,0.00,0.00,0,2.95,0,27.52,0,2.95,0,2.95
1.0,10.4,0.00,0.00,0,2.95,0,27.52,0,2.95,0,2.95
0.2,10.4,0.00,0.00,0,2.95,0,27.52,0,2.95,0,2.95
0.0,10.4,0.00,0.00,0,2.95,0,27.52,0,2.95,0,2.95
0.4,10.4,0.00,0.00,0,2.95,0,27.52,0,2.95,0,2.95
0.0,10.4,0.00,0.00,0,2.95,0,27.52,0,2.95,0,2.95
0.2,10.4,0.00,0.00,0,2.95,0,27.52,0,2.95,0,2.95
1.9,10.4,0.00,0.00,0,2.95,0,27.52,0,2.95,0,2.95
0.6,10.4,0.00,0.00,0,2.95,0,27.52,0,2.95,0,2.95
0.2,10.4,0.00,0.00,0,2.95,0,27.52,0,2.95,0,2.95
0.2,10.4,0.00,0.00,0,2.95,0,27.52,0,2.95,0,2.95
0.4,10.4,0.00,0.00,0,2.95,0,27.52,0,2.95,0,2.95
0.4,10.4,0.00,0.00,0,2.95,0,27.52,0,2.95,0,2.95
0.2,10.4,0.00,0.00,0,2.95,0,27.52,0,2.95,0,2.95
0.4,10.4,0.00,0.00,0,2.95,0,27.52,0,2.95,0,2.95
0.0,10.4,0.00,0.00,0,2.95,0,27.52,0,2.95,0,2.95
0.4,10.4,0.00,0.00,0,2.95,0,27.52,0,2.95,0,2.95
0.4,10.4,0.00,0.00,0,2.95,0,27.52,0,2.95,0,2.95
1.3,10.4,0.00,0.00,0,2.95,0,27.52,0,2.95,0,2.95
0.4,10.4,0.00,0.00,0,2.95,0,27.52,0,2.95,0,2.95
0.6,10.4,0.00,0.00,0,2.95,0,27.52,0,2.95,0,2.95
0.4,10.4,0.00,0.00,0,2.95,0,27.52,0,2.95,0,2.95
0.2,10.4,0.00,0.00,0,2.95,0,27.52,0,2.95,0,2.95
0.4,10.4,0.00,0.00,0,2.95,0,27.52,0,2.95,0,2.95
0.0,10.4,0.00,0.00,0,2.95,0,27.52,0,2.95,0,2.95
0.2,10.4,0.00,0.00,0,2.95,0,27.52,0,2.95,0,2.95
0.0,10.4,0.00,0.00,0,2.95,0,27.52,0,2.95,0,2.95
0.4,10.4,0.00,0.00,0,2.95,0,27.52,0,2.95,0,2.95
1.5,10.4,0.00,0.00,0,2.95,0,27.52,0,2.95,0,2.95
0.8,10.4,0.00,0.00,0,2.95,0,27.52,0,2.95,0,2.95
0.0,10.4,0.00,0.00,0,2.95,0,27.52,0,2.95,0,2.95
0.0,10.4,0.00,0.00,0,2.95,0,27.52,0,2.95,0,2.95
0.4,10.4,0.00,0.00,0,2.95,0,27.52,0,2.95,0,2.95
0.2,10.4,0.00,0.00,0,2.95,0,27.52,0,2.95,0,2.95
0.2,10.4,0.00,0.00,0,2.95,0,27.52,0,2.95,0,2.95
0.4,10.4,0.00,0.00,0,2.95,0,27.52,0,2.95,0,2.95
0.4,10.4,0.00,0.00,0,2.95,0,27.52,0,2.95,0,2.95
0.2,10.4,0.00,0.00,0,2.95,0,27.52,0,2.95,0,2.95
0.4,10.4,0.00,0.00,0,2.95,0,27.52,0,2.95,0,2.95
0.8,10.4,0.00,0.00,0,2.95,0,27.52,0,2.95,0,2.95
0.2,10.4,0.00,0.00,0,2.95,0,27.52,0,2.95,0,2.95
0.2,10.4,0.00,0.00,0,2.95,0,27.52,0,2.95,0,2.95
0.2,10.4,0.00,0.00,0,2.95,0,27.52,0,2.95,0,2.95
0.0,10.4,0.00,0.00,0,2.95,0,27.52,0,2.95,0,2.95
0.2,10.4,0.00,0.00,0,2.95,0,27.52,0,2.95,0,2.95
0.4,10.4,0.00,0.00,0,2.95,0,27.52,0,2.95,0,2.95
0.2,10.4,0.00,0.00,0,2.95,0,27.52,0,2.95,0,2.95
0.4,10.4,0.00,0.00,0,2.95,0,27.52,0,2.95,0,2.95
0.6,10.4,0.00,0.00,0,2.95,0,27.52,0,2.95,0,2.95
1.9,10.4,0.00,0.00,0,2.95,0,27.52,0,2.95,0,2.95
0.6,10.4,0.00,0.00,0,2.95,0,27.52,0,2.95,0,2.95
0.4,10.4,0.00,0.00,0,2.95,0,27.52,0,2.95,0,2.95
0.6,10.4,0.00,0.00,0,2.95,0,27.52,0,2.95,0,2.95
0.8,10.4,0.00,0.00,0,2.95,0,27.52,0,2.95,0,2.95
0.2,10.4,0.00,0.00,0,2.95,0,27.52,0,2.95,0,2.95
0.4,10.4,0.00,0.00,0,2.95,0,27.52,0,2.95,0,2.95
0.4,10.4,0.00,0.00,0,2.95,0,27.52,0,2.95,0,2.95
0.4,10.4,0.00,0.00,0,2.95,0,27.52,0,2.95,0,2.95
0.6,10.4,0.00,0.00,0,2.95,0,27.52,0,2.95,0,2.95
0.4,10.4,0.00,0.00,0,2.95,0,27.52,0,2.95,0,2.95
1.9,10.4,0.00,0.00,0,2.95,0,27.52,0,2.95,0,2.95
0.4,10.4,0.00,0.00,0,2.95,0,27.52,0,2.95,0,2.95
0.0,10.4,0.00,0.00,0,2.95,0,27.52,0,2.95,0,2.95
0.2,10.4,0.00,0.00,0,2.95,0,27.52,0,2.95,0,2.95
0.4,10.4,0.00,0.00,0,2.95,0,27.52,0,2.95,0,2.95
0.4,10.4,0.00,0.00,0,2.95,0,27.52,0,2.95,0,2.95
0.6,10.4,0.00,0.00,0,2.95,0,27.52,0,2.95,0,2.95
0.6,10.4,0.00,0.00,0,2.95,0,27.52,0,2.95,0,2.95
0.4,10.4,0.00,0.00,0,2.95,0,27.52,0,2.95,0,2.95
0.6,10.4,0.00,0.00,0,2.95,0,27.52,0,2.95,0,2.95
2.1,10.4,0.00,0.00,0,2.95,0,27.52,0,2.95,0,2.95
0.6,10.4,0.00,0.00,0,2.95,0,27.52,0,2.95,0,2.95
0.2,10.4,0.00,0.00,0,2.95,0,27.52,0,2.95,0,2.95
0.0,10.4,0.00,0.00,0,2.95,0,27.52,0,2.95,0,2.95
0.2,10.4,0.00,0.00,0,2.95,0,27.52,0,2.95,0,2.95
0.0,10.4,0.00,0.00,0,2.95,0,27.52,0,2.95,0,2.95
0.4,10.4,0.00,0.00,0,2.95,0,27.52,0,2.95,0,2.95
0.0,10.4,0.00,0.00,0,2.95,0,27.52,0,2.95,0,2.95
0.2,10.4,0.00,0.00,0,2.95,0,27.52,0,2.95,0,2.95
0.0,10.4,0.00,0.00,0,2.95,0,27.52,0,2.95,0,2.95
0.2,10.4,0.00,0.00,0,2.95,0,27.52,0,2.95,0,2.95
0.4,10.4,0.00,0.00,0,2.95,0,27.52,0,2.95,0,2.95
0.2,10.4,0.00,0.00,0,2.95,0,27.52,0,2.95,0,2.95
0.2,10.4,0.00,0.00,0,2.95,0,27.52,0,2.95,0,2.95
0.4,10.4,0.00,0.00,0,2.95,0,27.52,0,2.95,0,2.95
0.0,10.4,0.00,0.00,0,2.95,0,27.52,0,2.95,0,2.95
0.2,10.4,0.00,0.00,0,2.95,0,27.52,0,2.95,0,2.95
0.0,10.4,0.00,0.00,0,2.95,0,27.52,0,2.95,0,2.95
0.2,10.4,0.00,0.00,0,2.95,0,27.52,0,2.95,0,2.95
0.0,10.4,0.00,0.00,0,2.95,0,27.52,0,2.95,0,2.95
0.4,10.4,0.00,0.00,0,2.95,0,27.52,0,2.95,0,2.95
2.3,10.4,0.00,0.00,0,2.95,0,27.52,0,2.95,0,2.95
0.2,10.4,0.00,0.00,0,2.95,0,27.52,0,2.95,0,2.95
0.6,10.4,0.00,0.00,0,2.95,0,27.52,0,2.95,0,2.95
0.0,10.4,0.00,0.00,0,2.95,0,27.52,0,2.95,0,2.95
0.0,10.4,0.00,0.00,0,2.95,0,27.52,0,2.95,0,2.95
0.4,10.4,0.00,0.00,0,2.95,0,27.52,0,2.95,0,2.95
0.2,10.4,0.00,0.00,0,2.95,0,27.52,0,2.95,0,2.95
0.4,10.4,0.00,0.00,0,2.95,0,27.52,0,2.95,0,2.95
0.4,10.4,0.00,0.00,0,2.95,0,27.52,0,2.95,0,2.95
0.4,10.4,0.00,0.00,0,2.95,0,27.52,0,2.95,0,2.95
0.2,10.4,0.00,0.00,0,2.95,0,27.52,0,2.95,0,2.95
0.8,10.4,0.00,0.00,0,2.95,0,27.52,0,2.95,0,2.95
0.2,10.4,0.00,0.00,0,2.95,0,27.52,0,2.95,0,2.95
0.0,10.4,0.00,0.00,0,2.95,0,27.52,0,2.95,0,2.95
0.0,10.4,0.00,0.00,0,2.95,0,27.52,0,2.95,0,2.95
0.2,10.4,0.00,0.00,0,2.95,0,27.52,0,2.95,0,2.95
0.2,10.4,0.00,0.00,0,2.95,0,27.52,0,2.95,0,2.95
0.0,10.4,0.00,0.00,0,2.95,0,27.52,0,2.95,0,2.95
0.2,10.4,0.00,0.00,0,2.95,0,27.52,0,2.95,0,2.95
0.2,10.4,0.00,0.00,0,2.95,0,27.52,0,2.95,0,2.95
0.2,10.4,0.00,0.00,0,2.95,0,27.52,0,2.95,0,2.95
2.5,10.4,0.00,0.00,0,2.95,0,27.52,0,2.95,0,2.95
0.4,10.4,0.00,0.00,0,2.95,0,27.52,0,2.95,0,2.95
0.2,10.4,0.00,0.00,0,2.95,0,27.52,0,2.95,0,2.95
0.4,10.4,0.00,0.00,0,2.95,0,27.52,0,2.95,0,2.95
0.2,10.4,0.00,0.00,0,2.95,0,27.52,0,2.95,0,2.95
0.2,10.4,0.00,0.00,0,2.95,0,27.52,0,2.95,0,2.95
0.2,10.4,0.00,0.00,0,2.95,0,27.52,0,2.95,0,2.95
0.8,10.4,0.00,0.00,0,2.95,0,27.52,0,2.95,0,2.95
0.6,10.4,0.00,0.00,0,2.95,0,27.52,0,2.95,0,2.95
1.9,10.4,0.00,0.00,0,2.95,0,27.52,0,2.95,0,2.95
2.3,10.4,0.00,0.00,0,2.95,0,27.52,0,2.95,0,2.95
2.1,10.4,0.00,0.00,0,2.95,0,27.52,0,2.95,0,2.95
0.6,10.4,0.00,0.00,0,2.95,0,27.52,0,2.95,0,2.95
0.6,10.4,0.00,0.00,0,2.95,0,27.52,0,2.95,0,2.95
0.2,10.4,0.00,0.00,0,2.95,0,27.52,0,2.95,0,2.95
0.2,10.4,0.00,0.00,0,2.95,0,27.52,0,2.95,0,2.95
0.4,10.4,0.00,0.00,0,2.95,0,27.52,0,2.95,0,2.95
0.6,10.4,0.00,0.00,0,2.95,0,27.52,0,2.95,0,2.95
0.4,10.4,0.00,0.00,0,2.95,0,27.52,0,2.95,0,2.95
0.4,10.4,0.00,0.00,0,2.95,0,27.52,0,2.95,0,2.95
0.4,10.4,0.00,0.00,0,2.95,0,27.52,0,2.95,0,2.95
1.7,10.4,0.00,0.00,0,2.95,0,27.52,0,2.95,0,2.95
0.4,10.4,0.00,0.00,0,2.95,0,27.52,0,2.95,0,2.95
0.2,10.4,0.00,0.00,0,2.95,0,27.52,0,2.95,0,2.95
0.0,10.4,0.00,0.00,0,2.95,0,27.52,0,2.95,0,2.95
0.2,10.4,0.00,0.00,0,2.95,0,27.52,0,2.95,0,2.95
0.0,10.4,0.00,0.00,0,2.95,0,27.52,0,2.95,0,2.95
0.2,10.4,0.00,0.00,0,2.95,0,27.52,0,2.95,0,2.95
0.4,10.4,0.00,0.00,0,2.95,0,27.52,0,2.95,0,2.95
0.4,10.4,0.00,0.00,0,2.95,0,27.52,0,2.95,0,2.95
0.2,10.4,0.00,0.00,0,2.95,0,27.52,0,2.95,0,2.95
1.0,10.4,0.00,0.00,0,2.95,0,27.52,0,2.95,0,2.95
0.4,10.4,0.00,0.00,0,2.95,0,27.52,0,2.95,0,2.95
0.2,10.4,0.00,0.00,0,2.95,0,27.52,0,2.95,0,2.95
0.2,10.4,0.00,0.00,0,2.95,0,27.52,0,2.95,0,2.95
0.2,10.4,0.00,0.00,0,2.95,0,27.52,0,2.95,0,2.95
0.2,10.4,0.00,0.00,0,2.95,0,27.52,0,2.95,0,2.95
0.2,10.4,0.00,0.00,0,2.95,0,27.52,0,2.95,0,2.95
0.2,10.4,0.00,0.00,0,2.95,0,27.52,0,2.95,0,2.95
0.2,10.4,0.00,0.00,0,2.95,0,27.52,0,2.95,0,2.95
0.2,10.4,0.00,0.00,0,2.95,0,27.52,0,2.95,0,2.95
0.4,10.4,0.00,0.00,0,2.95,0,27.52,0,2.95,0,2.95
1.5,10.4,0.00,0.00,0,2.95,0,27.52,0,2.95,0,2.95
0.6,10.4,0.00,0.00,0,2.95,0,27.52,0,2.95,0,2.95
0.2,10.4,0.00,0.00,0,2.95,0,27.52,0,2.95,0,2.95
0.0,10.4,0.00,0.00,0,2.95,0,27.52,0,2.95,0,2.95
0.4,10.4,0.00,0.00,0,2.95,0,27.52,0,2.95,0,2.95
0.0,10.4,0.00,0.00,0,2.95,0,27.52,0,2.95,0,2.95
0.4,10.4,0.00,0.00,0,2.95,0,27.52,0,2.95,0,2.95
0.4,10.4,0.00,0.00,0,2.95,0,27.52,0,2.95,0,2.95
0.0,10.4,0.00,0.00,0,2.95,0,27.52,0,2.95,0,2.95
0.4,10.4,0.00,0.00,0,2.95,0,27.52,0,2.95,0,2.95
2.3,10.4,0.00,0.00,0,2.95,0,27.52,0,2.95,0,2.95
0.4,10.4,0.00,0.00,0,2.95,0,27.52,0,2.95,0,2.95
0.2,10.4,0.00,0.00,0,2.95,0,27.52,0,2.95,0,2.95
0.4,10.4,0.00,0.00,0,2.95,0,27.52,0,2.95,0,2.95
0.2,10.4,0.00,0.00,0,2.95,0,27.52,0,2.95,0,2.95
0.6,10.4,0.00,0.00,0,2.95,0,27.52,0,2.95,0,2.95
0.0,10.4,0.00,0.00,0,2.95,0,27.52,0,2.95,0,2.95
0.4,10.4,0.00,0.00,0,2.95,0,27.52,0,2.95,0,2.95
0.2,10.4,0.00,0.00,0,2.95,0,27.52,0,2.95,0,2.95
0.2,10.4,0.00,0.00,0,2.95,0,27.52,0,2.95,0,2.95
0.4,10.4,0.00,0.00,0,2.95,0,27.52,0,2.95,0,2.95
1.0,10.4,0.00,0.00,0,2.95,0,27.52,0,2.95,0,2.95
0.0,10.4,0.00,0.00,0,2.95,0,27.52,0,2.95,0,2.95
0.0,10.4,0.00,0.00,0,2.95,0,27.52,0,2.95,0,2.95
0.4,10.4,0.00,0.00,0,2.95,0,27.52,0,2.95,0,2.95
0.2,10.4,0.00,0.00,0,2.95,0,27.52,0,2.95,0,2.95
0.4,10.4,0.00,0.00,0,2.95,0,27.52,0,2.95,0,2.95
0.0,10.4,0.00,0.00,0,2.95,0,27.52,0,2.95,0,2.95
0.4,10.4,0.00,0.00,0,2.95,0,27.52,0,2.95,0,2.95
0.2,10.4,0.00,0.00,0,2.95,0,27.52,0,2.95,0,2.95
0.4,10.4,0.00,0.00,0,2.95,0,27.52,0,2.95,0,2.95
1.7,10.4,0.00,0.00,0,2.95,0,27.52,0,2.95,0,2.95
0.4,10.4,0.00,0.00,0,2.95,0,27.52,0,2.95,0,2.95
0.2,10.4,0.00,0.00,0,2.95,0,27.52,0,2.95,0,2.95
0.2,10.4,0.00,0.00,0,2.95,0,27.52,0,2.95,0,2.95
0.2,10.4,0.00,0.00,0,2.95,0,27.52,0,2.95,0,2.95
0.4,10.4,0.00,0.00,0,2.95,0,27.52,0,2.95,0,2.95
0.6,10.4,0.00,0.00,0,2.95,0,27.52,0,2.95,0,2.95
0.2,10.4,0.00,0.00,0,2.95,0,27.52,0,2.95,0,2.95
0.2,10.4,0.00,0.00,0,2.95,0,27.52,0,2.95,0,2.95
0.4,10.4,0.00,0.00,0,2.95,0,27.52,0,2.95,0,2.95
0.8,10.4,0.00,0.00,0,2.95,0,27.52,0,2.95,0,2.95
1.5,10.4,0.00,0.00,0,2.95,0,27.52,0,2.95,0,2.95
0.0,10.4,0.00,0.00,0,2.95,0,27.52,0,2.95,0,2.95
0.6,10.4,0.00,0.00,0,2.95,0,27.52,0,2.95,0,2.95
0.2,10.4,0.00,0.00,0,2.95,0,27.52,0,2.95,0,2.95
1.2,10.4,0.00,0.00,0,2.95,0,27.52,0,2.95,0,2.95
0.2,10.4,0.00,0.00,0,2.95,0,27.52,0,2.95,0,2.95
0.2,10.4,0.00,0.00,0,2.95,0,27.52,0,2.95,0,2.95
0.4,10.4,0.00,0.00,0,2.95,0,27.52,0,2.95,0,2.95
0.4,10.4,0.00,0.00,0,2.95,0,27.52,0,2.95,0,2.95
0.8,10.4,0.00,0.00,0,2.95,0,27.52,0,2.95,0,2.95
1.5,10.4,0.00,0.00,0,2.95,0,27.52,0,2.95,0,2.95
0.4,10.4,0.00,0.00,0,2.95,0,27.52,0,2.95,0,2.95
0.2,10.4,0.00,0.00,0,2.95,0,27.52,0,2.95,0,2.95
0.0,10.4,0.00,0.00,0,2.95,0,27.52,0,2.95,0,2.95
0.4,10.4,0.00,0.00,0,2.95,0,27.52,0,2.95,0,2.95
0.2,10.4,0.00,0.00,0,2.95,0,27.52,0,2.95,0,2.95
0.6,10.4,0.00,0.00,0,2.95,0,27.52,0,2.95,0,2.95
0.2,10.4,0.00,0.00,0,2.95,0,27.52,0,2.95,0,2.95
0.6,10.4,0.00,0.00,0,2.95,0,27.52,0,2.95,0,2.95
0.6,10.4,0.00,0.00,0,2.95,0,27.52,0,2.95,0,2.95
0.2,10.4,0.00,0.00,0,2.95,0,27.52,0,2.95,0,2.95
1.5,10.4,0.00,0.00,0,2.95,0,27.52,0,2.95,0,2.95
0.4,10.4,0.00,0.00,0,2.95,0,27.52,0,2.95,0,2.95
0.6,10.4,0.00,0.00,0,2.95,0,27.52,0,2.95,0,2.95
0.2,10.4,0.00,0.00,0,2.95,0,27.52,0,2.95,0,2.95
0.4,10.4,0.00,0.00,0,2.95,0,27.52,0,2.95,0,2.95
0.0,10.4,0.00,0.00,0,2.95,0,27.52,0,2.95,0,2.95
0.4,10.4,0.00,0.00,0,2.95,0,27.52,0,2.95,0,2.95
0.2,10.4,0.00,0.00,0,2.95,0,27.52,0,2.95,0,2.95
0.2,10.4,0.00,0.00,0,2.95,0,27.52,0,2.95,0,2.95
0.6,10.4,0.00,0.00,0,2.95,0,27.52,0,2.95,0,2.95
1.7,10.4,0.00,0.00,0,2.95,0,27.52,0,2.95,0,2.95
0.2,10.4,0.00,0.00,0,2.95,0,27.52,0,2.95,0,2.95
0.2,10.4,0.00,0.00,0,2.95,0,27.52,0,2.95,0,2.95
0.4,10.4,0.00,0.00,0,2.95,0,27.52,0,2.95,0,2.95
0.2,10.4,0.00,0.00,0,2.95,0,27.52,0,2.95,0,2.95
0.6,10.4,0.00,0.00,0,2.95,0,27.52,0,2.95,0,2.95
0.4,10.4,0.00,0.00,0,2.95,0,27.52,0,2.95,0,2.95
0.4,10.4,0.00,0.00,0,2.95,0,27.52,0,2.95,0,2.95
0.4,10.4,0.00,0.00,0,2.95,0,27.52,0,2.95,0,2.95
0.2,10.4,0.00,0.00,0,2.95,0,27.52,0,2.95,0,2.95
0.2,10.4,0.00,0.00,0,2.95,0,27.52,0,2.95,0,2.95
1.3,10.4,0.00,0.00,0,2.95,0,27.52,0,2.95,0,2.95
0.4,10.4,0.00,0.00,0,2.95,0,27.52,0,2.95,0,2.95
0.4,10.4,0.00,0.00,0,2.95,0,27.52,0,2.95,0,2.95
0.2,10.4,0.00,0.00,0,2.95,0,27.52,0,2.95,0,2.95
0.4,10.4,0.00,0.00,0,2.95,0,27.52,0,2.95,0,2.95
0.0,10.4,0.00,0.00,0,2.95,0,27.52,0,2.95,0,2.95
0.6,10.4,0.00,0.00,0,2.95,0,27.52,0,2.95,0,2.95
0.6,10.4,0.00,0.00,0,2.95,0,27.52,0,2.95,0,2.95
0.0,10.4,0.00,0.00,0,2.95,0,27.52,0,2.95,0,2.95
0.6,10.4,0.00,0.00,0,2.95,0,27.52,0,2.95,0,2.95
1.9,10.4,0.00,0.00,0,2.95,0,27.52,0,2.95,0,2.95
0.4,10.4,0.00,0.00,0,2.95,0,27.52,0,2.95,0,2.95
0.6,10.4,0.00,0.00,0,2.95,0,27.52,0,2.95,0,2.95
0.2,10.4,0.00,0.00,0,2.95,0,27.52,0,2.95,0,2.95
0.2,10.4,0.00,0.00,0,2.95,0,27.52,0,2.95,0,2.95
0.2,10.4,0.00,0.00,0,2.95,0,27.52,0,2.95,0,2.95
0.4,10.4,0.00,0.00,0,2.95,0,27.52,0,2.95,0,2.95
0.4,10.4,0.00,0.00,0,2.95,0,27.52,0,2.95,0,2.95
0.6,10.4,0.00,0.00,0,2.95,0,27.52,0,2.95,0,2.95
0.8,10.4,0.00,0.00,0,2.95,0,27.52,0,2.95,0,2.95
0.0,10.4,0.00,0.00,0,2.95,0,27.52,0,2.95,0,2.95
1.2,10.4,0.00,0.00,0,2.95,0,27.52,0,2.95,0,2.95
0.4,10.4,0.00,0.00,0,2.95,0,27.52,0,2.95,0,2.95
0.4,10.4,0.00,0.00,0,2.95,0,27.52,0,2.95,0,2.95
0.4,10.4,0.00,0.00,0,2.95,0,27.52,0,2.95,0,2.95
0.4,10.4,0.00,0.00,0,2.95,0,27.52,0,2.95,0,2.95
0.2,10.4,0.00,0.00,0,2.95,0,27.52,0,2.95,0,2.95
0.0,10.4,0.00,0.00,0,2.95,0,27.52,0,2.95,0,2.95
0.6,10.4,0.00,0.00,0,2.95,0,27.52,0,2.95,0,2.95
0.2,10.4,0.00,0.00,0,2.95,0,27.52,0,2.95,0,2.95
0.2,10.4,0.00,0.00,0,2.95,0,27.52,0,2.95,0,2.95
1.9,10.4,0.00,0.00,0,2.95,0,27.52,0,2.95,0,2.95
0.6,10.4,0.00,0.00,0,2.95,0,27.52,0,2.95,0,2.95
0.4,10.4,0.00,0.00,0,2.95,0,27.52,0,2.95,0,2.95
0.4,10.4,0.00,0.00,0,2.95,0,27.52,0,2.95,0,2.95
0.0,10.4,0.00,0.00,0,2.95,0,27.52,0,2.95,0,2.95
0.0,10.4,0.00,0.00,0,2.95,0,27.52,0,2.95,0,2.95
0.2,10.4,0.00,0.00,0,2.95,0,27.52,0,2.95,0,2.95
0.4,10.4,0.00,0.00,0,2.95,0,27.52,0,2.95,0,2.95
0.4,10.4,0.00,0.00,0,2.95,0,27.52,0,2.95,0,2.95
0.4,10.4,0.00,0.00,0,2.95,0,27.52,0,2.95,0,2.95
0.2,10.4,0.00,0.00,0,2.95,0,27.52,0,2.95,0,2.95
0.8,10.4,0.00,0.00,0,2.95,0,27.52,0,2.95,0,2.95
0.2,10.4,0.00,0.00,0,2.95,0,27.52,0,2.95,0,2.95
0.6,10.4,0.00,0.00,0,2.95,0,27.52,0,2.95,0,2.95
0.2,10.4,0.00,0.00,0,2.95,0,27.52,0,2.95,0,2.95
0.2,10.4,0.00,0.00,0,2.95,0,27.52,0,2.95,0,2.95
0.6,10.4,0.00,0.00,0,2.95,0,27.52,0,2.95,0,2.95
0.0,10.4,0.00,0.00,0,2.95,0,27.52,0,2.95,0,2.95
0.4,10.4,0.00,0.00,0,2.95,0,27.52,0,2.95,0,2.95
0.2,10.4,0.00,0.00,0,2.95,0,27.52,0,2.95,0,2.95
0.2,10.4,0.00,0.00,0,2.95,0,27.52,0,2.95,0,2.95
1.9,10.4,0.00,0.00,0,2.95,0,27.52,0,2.95,0,2.95
0.2,10.4,0.00,0.00,0,2.95,0,27.52,0,2.95,0,2.95
0.0,10.4,0.00,0.00,0,2.95,0,27.52,0,2.95,0,2.95
0.2,10.4,0.00,0.00,0,2.95,0,27.52,0,2.95,0,2.95
0.2,10.4,0.00,0.00,0,2.95,0,27.52,0,2.95,0,2.95
0.0,10.4,0.00,0.00,0,2.95,0,27.52,0,2.95,0,2.95
0.4,10.4,0.00,0.00,0,2.95,0,27.52,0,2.95,0,2.95
0.4,10.4,0.00,0.00,0,2.95,0,27.52,0,2.95,0,2.95
0.6,10.4,0.00,0.00,0,2.95,0,27.52,0,2.95,0,2.95
0.0,10.4,0.00,0.00,0,2.95,0,27.52,0,2.95,0,2.95
0.6,10.4,0.00,0.00,0,2.95,0,27.52,0,2.95,0,2.95
0.6,10.4,0.00,0.00,0,2.95,0,27.52,0,2.95,0,2.95
0.0,10.4,0.00,0.00,0,2.95,0,27.52,0,2.95,0,2.95
0.4,10.4,0.00,0.00,0,2.95,0,27.52,0,2.95,0,2.95
0.2,10.4,0.00,0.00,0,2.95,0,27.52,0,2.95,0,2.95
0.4,10.4,0.00,0.00,0,2.95,0,27.52,0,2.95,0,2.95
0.4,10.4,0.00,0.00,0,2.95,0,27.52,0,2.95,0,2.95
0.4,10.4,0.00,0.00,0,2.95,0,27.52,0,2.95,0,2.95
0.0,10.4,0.00,0.00,0,2.95,0,27.52,0,2.95,0,2.95
0.6,10.4,0.00,0.00,0,2.95,0,27.52,0,2.95,0,2.95
0.4,10.4,0.00,0.00,0,2.95,0,27.52,0,2.95,0,2.95
1.5,10.4,0.00,0.00,0,2.95,0,27.52,0,2.95,0,2.95
0.4,10.4,0.00,0.00,0,2.95,0,27.52,0,2.95,0,2.95
0.4,10.4,0.00,0.00,0,2.95,0,27.52,0,2.95,0,2.95
0.0,10.4,0.00,0.00,0,2.95,0,27.52,0,2.95,0,2.95
0.6,10.4,0.00,0.00,0,2.95,0,27.52,0,2.95,0,2.95
0.2,10.4,0.00,0.00,0,2.95,0,27.52,0,2.95,0,2.95
0.6,10.4,0.00,0.00,0,2.95,0,27.52,0,2.95,0,2.95
0.4,10.4,0.00,0.00,0,2.95,0,27.52,0,2.95,0,2.95
0.2,10.4,0.00,0.00,0,2.95,0,27.52,0,2.95,0,2.95
0.4,10.4,0.00,0.00,0,2.95,0,27.52,0,2.95,0,2.95
0.2,10.4,0.00,0.00,0,2.95,0,27.52,0,2.95,0,2.95
2.1,10.4,0.00,0.00,0,2.95,0,27.52,0,2.95,0,2.95
0.4,10.4,0.00,0.00,0,2.95,0,27.52,0,2.95,0,2.95
0.6,10.4,0.00,0.00,0,2.95,0,27.52,0,2.95,0,2.95
0.2,10.4,0.00,0.00,0,2.95,0,27.52,0,2.95,0,2.95
0.4,10.4,0.00,0.00,0,2.95,0,27.52,0,2.95,0,2.95
0.4,10.4,0.00,0.00,0,2.95,0,27.52,0,2.95,0,2.95
0.2,10.4,0.00,0.00,0,2.95,0,27.52,0,2.95,0,2.95
0.4,10.4,0.00,0.00,0,2.95,0,27.52,0,2.95,0,2.95
0.6,10.4,0.00,0.00,0,2.95,0,27.52,0,2.95,0,2.95
0.6,10.4,0.00,0.00,0,2.95,0,27.52,0,2.95,0,2.95
0.8,10.4,0.00,0.00,0,2.95,0,27.52,0,2.95,0,2.95
0.4,10.4,0.00,0.00,0,2.95,0,27.52,0,2.95,0,2.95
0.2,10.4,0.00,0.00,0,2.95,0,27.52,0,2.95,0,2.95
0.2,10.4,0.00,0.00,0,2.95,0,27.52,0,2.95,0,2.95
0.0,10.4,0.00,0.00,0,2.95,0,27.52,0,2.95,0,2.95
0.0,10.4,0.00,0.00,0,2.95,0,27.52,0,2.95,0,2.95
0.2,10.4,0.00,0.00,0,2.95,0,27.52,0,2.95,0,2.95
0.0,10.4,0.00,0.00,0,2.95,0,27.52,0,2.95,0,2.95
0.0,10.4,0.00,0.00,0,2.95,0,27.52,0,2.95,0,2.95
0.2,10.4,0.00,0.00,0,2.95,0,27.52,0,2.95,0,2.95
0.0,10.4,0.00,0.00,0,2.95,0,27.52,0,2.95,0,2.95
1.2,10.4,0.00,0.00,0,2.95,0,27.52,0,2.95,0,2.95
0.6,10.4,0.00,0.00,0,2.95,0,27.52,0,2.95,0,2.95
0.6,10.4,0.00,0.00,0,2.95,0,27.52,0,2.95,0,2.95
0.2,10.4,0.00,0.00,0,2.95,0,27.52,0,2.95,0,2.95
0.2,10.4,0.00,0.00,0,2.95,0,27.52,0,2.95,0,2.95
0.4,10.4,0.00,0.00,0,2.95,0,27.52,0,2.95,0,2.95
0.6,10.4,0.00,0.00,0,2.95,0,27.52,0,2.95,0,2.95
0.4,10.4,0.00,0.00,0,2.95,0,27.52,0,2.95,0,2.95
0.6,10.4,0.00,0.00,0,2.95,0,27.52,0,2.95,0,2.95
0.8,10.4,0.00,0.00,0,2.95,0,27.52,0,2.95,0,2.95
2.3,10.4,0.00,0.00,0,2.95,0,27.52,0,2.95,0,2.95
0.2,10.4,0.00,0.00,0,2.95,0,27.52,0,2.95,0,2.95
0.4,10.4,0.00,0.00,0,2.95,0,27.52,0,2.95,0,2.95
0.4,10.4,0.00,0.00,0,2.95,0,27.52,0,2.95,0,2.95
0.2,10.4,0.00,0.00,0,2.95,0,27.52,0,2.95,0,2.95
0.4,10.4,0.00,0.00,0,2.95,0,27.52,0,2.95,0,2.95
0.4,10.4,0.00,0.00,0,2.95,0,27.52,0,2.95,0,2.95
0.2,10.4,0.00,0.00,0,2.95,0,27.52,0,2.95,0,2.95
0.2,10.4,0.00,0.00,0,2.95,0,27.52,0,2.95,0,2.95
0.0,10.4,0.00,0.00,0,2.95,0,27.52,0,2.95,0,2.95
0.4,10.4,0.00,0.00,0,2.95,0,27.52,0,2.95,0,2.95
0.6,10.4,0.00,0.00,0,2.95,0,27.52,0,2.95,0,2.95
0.2,10.4,0.00,0.00,0,2.95,0,27.52,0,2.95,0,2.95
0.2,10.4,0.00,0.00,0,2.95,0,27.52,0,2.95,0,2.95
0.2,10.4,0.00,0.00,0,2.95,0,27.52,0,2.95,0,2.95
0.0,10.4,0.00,0.00,0,2.95,0,27.52,0,2.95,0,2.95
0.2,10.4,0.00,0.00,0,2.95,0,27.52,0,2.95,0,2.95
0.0,10.4,0.00,0.00,0,2.95,0,27.52,0,2.95,0,2.95
0.2,10.4,0.00,0.00,0,2.95,0,27.52,0,2.95,0,2.95
0.0,10.4,0.00,0.00,0,2.95,0,27.52,0,2.95,0,2.95
0.4,10.4,0.00,0.00,0,2.95,0,27.52,0,2.95,0,2.95
1.7,10.4,0.00,0.00,0,2.95,0,27.52,0,2.95,0,2.95
0.6,10.4,0.00,0.00,0,2.95,0,27.52,0,2.95,0,2.95
0.4,10.4,0.00,0.00,0,2.95,0,27.52,0,2.95,0,2.95
0.2,10.4,0.00,0.00,0,2.95,0,27.52,0,2.95,0,2.95
0.4,10.4,0.00,0.00,0,2.95,0,27.52,0,2.95,0,2.95
0.4,10.4,0.00,0.00,0,2.95,0,27.52,0,2.95,0,2.95
0.4,10.4,0.00,0.00,0,2.95,0,27.52,0,2.95,0,2.95
0.4,10.4,0.00,0.00,0,2.95,0,27.52,0,2.95,0,2.95
0.6,10.4,0.00,0.00,0,2.95,0,27.52,0,2.95,0,2.95
0.2,10.4,0.00,0.00,0,2.95,0,27.52,0,2.95,0,2.95
0.4,10.4,0.00,0.00,0,2.95,0,27.52,0,2.95,0,2.95
1.3,10.4,0.00,0.00,0,2.95,0,27.52,0,2.95,0,2.95
0.8,10.4,0.00,0.00,0,2.95,0,27.52,0,2.95,0,2.95
0.6,10.4,0.00,0.00,0,2.95,0,27.52,0,2.95,0,2.95
0.2,10.4,0.00,0.00,0,2.95,0,27.52,0,2.95,0,2.95
0.2,10.4,0.00,0.00,0,2.95,0,27.52,0,2.95,0,2.95
0.0,10.4,0.00,0.00,0,2.95,0,27.52,0,2.95,0,2.95
0.4,10.4,0.00,0.00,0,2.95,0,27.52,0,2.95,0,2.95
0.2,10.4,0.00,0.00,0,2.95,0,27.52,0,2.95,0,2.95
0.6,10.4,0.00,0.00,0,2.95,0,27.52,0,2.95,0,2.95
0.2,10.4,0.00,0.00,0,2.95,0,27.52,0,2.95,0,2.95
1.0,10.4,0.00,0.00,0,2.95,0,27.52,0,2.95,0,2.95
0.4,10.4,0.00,0.00,0,2.95,0,27.52,0,2.95,0,2.95
0.2,10.4,0.00,0.00,0,2.95,0,27.52,0,2.95,0,2.95
0.4,10.4,0.00,0.00,0,2.95,0,27.52,0,2.95,0,2.95
0.8,10.4,0.00,0.00,0,2.95,0,27.52,0,2.95,0,2.95
0.2,10.4,0.00,0.00,0,2.95,0,27.52,0,2.95,0,2.95
0.4,10.4,0.00,0.00,0,2.95,0,27.52,0,2.95,0,2.95
0.2,10.4,0.00,0.00,0,2.95,0,27.52,0,2.95,0,2.95
0.0,10.4,0.00,0.00,0,2.95,0,27.52,0,2.95,0,2.95
0.4,10.4,0.00,0.00,0,2.95,0,27.52,0,2.95,0,2.95
0.0,10.4,0.00,0.00,0,2.95,0,27.52,0,2.95,0,2.95
2.5,10.4,0.00,0.00,0,2.95,0,27.52,0,2.95,0,2.95
0.2,10.4,0.00,0.00,0,2.95,0,27.52,0,2.95,0,2.95
0.4,10.4,0.00,0.00,0,2.95,0,27.52,0,2.95,0,2.95
0.2,10.4,0.00,0.00,0,2.95,0,27.52,0,2.95,0,2.95
0.2,10.4,0.00,0.00,0,2.95,0,27.52,0,2.95,0,2.95
0.2,10.4,0.00,0.00,0,2.95,0,27.52,0,2.95,0,2.95
0.4,10.4,0.00,0.00,0,2.95,0,27.52,0,2.95,0,2.95
0.6,10.4,0.00,0.00,0,2.95,0,27.52,0,2.95,0,2.95
0.2,10.4,0.00,0.00,0,2.95,0,27.52,0,2.95,0,2.95
0.6,10.4,0.00,0.00,0,2.95,0,27.52,0,2.95,0,2.95
0.2,10.4,0.00,0.00,0,2.95,0,27.52,0,2.95,0,2.95
0.8,10.4,0.00,0.00,0,2.95,0,27.52,0,2.95,0,2.95
0.4,10.4,0.00,0.00,0,2.95,0,27.52,0,2.95,0,2.95
0.2,10.4,0.00,0.00,0,2.95,0,27.52,0,2.95,0,2.95
0.4,10.4,0.00,0.00,0,2.95,0,27.52,0,2.95,0,2.95
0.2,10.4,0.00,0.00,0,2.95,0,27.52,0,2.95,0,2.95
0.2,10.4,0.00,0.00,0,2.95,0,27.52,0,2.95,0,2.95
0.0,10.4,0.00,0.00,0,2.95,0,27.52,0,2.95,0,2.95
0.4,10.4,0.00,0.00,0,2.95,0,27.52,0,2.95,0,2.95
0.0,10.4,0.00,0.00,0,2.95,0,27.52,0,2.95,0,2.95
0.8,10.4,0.00,0.00,0,2.95,0,27.52,0,2.95,0,2.95
1.9,10.4,0.00,0.00,0,2.95,0,27.52,0,2.95,0,2.95
0.6,10.4,0.00,0.00,0,2.95,0,27.52,0,2.95,0,2.95
0.2,10.4,0.00,0.00,0,2.95,0,27.52,0,2.95,0,2.95
0.2,10.4,0.00,0.00,0,2.95,0,27.52,0,2.95,0,2.95
0.8,10.4,0.00,0.00,0,2.95,0,27.52,0,2.95,0,2.95
0.2,10.4,0.00,0.00,0,2.95,0,27.52,0,2.95,0,2.95
0.2,10.4,0.00,0.00,0,2.95,0,27.52,0,2.95,0,2.95
0.4,10.4,0.00,0.00,0,2.95,0,27.52,0,2.95,0,2.95
0.4,10.4,0.00,0.00,0,2.95,0,27.52,0,2.95,0,2.95
0.6,10.4,0.00,0.00,0,2.95,0,27.52,0,2.95,0,2.95
0.2,10.4,0.00,0.00,0,2.95,0,27.52,0,2.95,0,2.95
0.8,10.4,0.00,0.00,0,2.95,0,27.52,0,2.95,0,2.95
0.2,10.4,0.00,0.00,0,2.95,0,27.52,0,2.95,0,2.95
0.2,10.4,0.00,0.00,0,2.95,0,27.52,0,2.95,0,2.95
0.2,10.4,0.00,0.00,0,2.95,0,27.52,0,2.95,0,2.95
0.2,10.4,0.00,0.00,0,2.95,0,27.52,0,2.95,0,2.95
0.2,10.4,0.00,0.00,0,2.95,0,27.52,0,2.95,0,2.95
0.2,10.4,0.00,0.00,0,2.95,0,27.52,0,2.95,0,2.95
0.0,10.4,0.00,0.00,0,2.95,0,27.52,0,2.95,0,2.95
0.2,10.4,0.00,0.00,0,2.95,0,27.52,0,2.95,0,2.95
0.2,10.4,0.00,0.00,0,2.95,0,27.52,0,2.95,0,2.95
2.5,10.4,0.00,0.00,0,2.95,0,27.52,0,2.95,0,2.95
0.4,10.4,0.00,0.00,0,2.95,0,27.52,0,2.95,0,2.95
0.2,10.4,0.00,0.00,0,2.95,0,27.52,0,2.95,0,2.95
0.0,10.4,0.00,0.00,0,2.95,0,27.52,0,2.95,0,2.95
0.4,10.4,0.00,0.00,0,2.95,0,27.52,0,2.95,0,2.95
0.0,10.4,0.00,0.00,0,2.95,0,27.52,0,2.95,0,2.95
0.4,10.4,0.00,0.00,0,2.95,0,27.52,0,2.95,0,2.95
0.4,10.4,0.00,0.00,0,2.95,0,27.52,0,2.95,0,2.95
0.2,10.4,0.00,0.00,0,2.95,0,27.52,0,2.95,0,2.95
0.2,10.4,0.00,0.00,0,2.95,0,27.52,0,2.95,0,2.95
0.2,10.4,0.00,0.00,0,2.95,0,27.52,0,2.95,0,2.95
0.8,10.4,0.00,0.00,0,2.95,0,27.52,0,2.95,0,2.95
0.4,10.4,0.00,0.00,0,2.95,0,27.52,0,2.95,0,2.95
0.0,10.4,0.00,0.00,0,2.95,0,27.52,0,2.95,0,2.95
0.2,10.4,0.00,0.00,0,2.95,0,27.52,0,2.95,0,2.95
0.0,10.4,0.00,0.00,0,2.95,0,27.52,0,2.95,0,2.95
0.2,10.4,0.00,0.00,0,2.95,0,27.52,0,2.95,0,2.95
0.2,10.4,0.00,0.00,0,2.95,0,27.52,0,2.95,0,2.95
0.0,10.4,0.00,0.00,0,2.95,0,27.52,0,2.95,0,2.95
0.0,10.4,0.00,0.00,0,2.95,0,27.52,0,2.95,0,2.95
0.2,10.4,0.00,0.00,0,2.95,0,27.52,0,2.95,0,2.95
1.7,10.4,0.00,0.00,0,2.95,0,27.52,0,2.95,0,2.95
0.4,10.4,0.00,0.00,0,2.95,0,27.52,0,2.95,0,2.95
0.4,10.4,0.00,0.00,0,2.95,0,27.52,0,2.95,0,2.95
0.6,10.4,0.00,0.00,0,2.95,0,27.52,0,2.95,0,2.95
0.4,10.4,0.00,0.00,0,2.95,0,27.52,0,2.95,0,2.95
0.4,10.4,0.00,0.00,0,2.95,0,27.52,0,2.95,0,2.95
0.4,10.4,0.00,0.00,0,2.95,0,27.52,0,2.95,0,2.95
0.0,10.4,0.00,0.00,0,2.95,0,27.52,0,2.95,0,2.95
0.0,10.4,0.00,0.00,0,2.95,0,27.52,0,2.95,0,2.95
0.2,10.4,0.00,0.00,0,2.95,0,27.52,0,2.95,0,2.95
0.2,10.4,0.00,0.00,0,2.95,0,27.52,0,2.95,0,2.95
0.8,10.4,0.00,0.00,0,2.95,0,27.52,0,2.95,0,2.95
0.0,10.4,0.00,0.00,0,2.95,0,27.52,0,2.95,0,2.95
0.2,10.4,0.00,0.00,0,2.95,0,27.52,0,2.95,0,2.95
0.4,10.4,0.00,0.00,0,2.95,0,27.52,0,2.95,0,2.95
0.4,10.4,0.00,0.00,0,2.95,0,27.52,0,2.95,0,2.95
0.4,10.4,0.00,0.00,0,2.95,0,27.52,0,2.95,0,2.95
0.0,10.4,0.00,0.00,0,2.95,0,27.52,0,2.95,0,2.95
0.2,10.4,0.00,0.00,0,2.95,0,27.52,0,2.95,0,2.95
0.2,10.4,0.00,0.00,0,2.95,0,27.52,0,2.95,0,2.95
0.4,10.4,0.00,0.00,0,2.95,0,27.52,0,2.95,0,2.95
1.7,10.4,0.00,0.00,0,2.95,0,27.52,0,2.95,0,2.95
0.2,10.4,0.00,0.00,0,2.95,0,27.52,0,2.95,0,2.95
0.4,10.4,0.00,0.00,0,2.95,0,27.52,0,2.95,0,2.95
0.6,10.4,0.00,0.00,0,2.95,0,27.52,0,2.95,0,2.95
0.2,10.4,0.00,0.00,0,2.95,0,27.52,0,2.95,0,2.95
0.2,10.4,0.00,0.00,0,2.95,0,27.52,0,2.95,0,2.95
0.4,10.4,0.00,0.00,0,2.95,0,27.52,0,2.95,0,2.95
0.4,10.4,0.00,0.00,0,2.95,0,27.52,0,2.95,0,2.95
0.4,10.4,0.00,0.00,0,2.95,0,27.52,0,2.95,0,2.95
0.4,10.4,0.00,0.00,0,2.95,0,27.52,0,2.95,0,2.95
0.0,10.4,0.00,0.00,0,2.95,0,27.52,0,2.95,0,2.95
1.7,10.4,0.00,0.00,0,2.95,0,27.52,0,2.95,0,2.95
0.6,10.4,0.00,0.00,0,2.95,0,27.52,0,2.95,0,2.95
0.0,10.4,0.00,0.00,0,2.95,0,27.52,0,2.95,0,2.95
0.4,10.4,0.00,0.00,0,2.95,0,27.52,0,2.95,0,2.95
0.2,10.4,0.00,0.00,0,2.95,0,27.52,0,2.95,0,2.95
0.6,10.4,0.00,0.00,0,2.95,0,27.52,0,2.95,0,2.95
0.2,10.4,0.00,0.00,0,2.95,0,27.52,0,2.95,0,2.95
0.0,10.4,0.00,0.00,0,2.95,0,27.52,0,2.95,0,2.95
0.0,10.4,0.00,0.00,0,2.95,0,27.52,0,2.95,0,2.95
0.2,10.4,0.00,0.00,0,2.95,0,27.52,0,2.95,0,2.95
1.7,10.4,0.00,0.00,0,2.95,0,27.52,0,2.95,0,2.95
0.4,10.4,0.00,0.00,0,2.95,0,27.52,0,2.95,0,2.95
0.4,10.4,0.00,0.00,0,2.95,0,27.52,0,2.95,0,2.95
0.0,10.4,0.00,0.00,0,2.95,0,27.52,0,2.95,0,2.95
0.2,10.4,0.00,0.00,0,2.95,0,27.52,0,2.95,0,2.95
0.2,10.4,0.00,0.00,0,2.95,0,27.52,0,2.95,0,2.95
0.4,10.4,0.00,0.00,0,2.95,0,27.52,0,2.95,0,2.95
0.6,10.4,0.00,0.00,0,2.95,0,27.52,0,2.95,0,2.95
0.4,10.4,0.00,0.00,0,2.95,0,27.52,0,2.95,0,2.95
0.0,10.4,0.00,0.00,0,2.95,0,27.52,0,2.95,0,2.95
0.0,10.4,0.00,0.00,0,2.95,0,27.52,0,2.95,0,2.95
1.5,10.4,0.00,0.00,0,2.95,0,27.52,0,2.95,0,2.95
0.4,10.4,0.00,0.00,0,2.95,0,27.52,0,2.95,0,2.95
0.2,10.4,0.00,0.00,0,2.95,0,27.52,0,2.95,0,2.95
0.4,10.4,0.00,0.00,0,2.95,0,27.52,0,2.95,0,2.95
0.4,10.4,0.00,0.00,0,2.95,0,27.52,0,2.95,0,2.95
0.2,10.4,0.00,0.00,0,2.95,0,27.52,0,2.95,0,2.95
0.2,10.4,0.00,0.00,0,2.95,0,27.52,0,2.95,0,2.95
0.0,10.4,0.00,0.00,0,2.95,0,27.52,0,2.95,0,2.95
0.2,10.4,0.00,0.00,0,2.95,0,27.52,0,2.95,0,2.95
0.4,10.4,0.00,0.00,0,2.95,0,27.52,0,2.95,0,2.95
0.8,10.4,0.00,0.00,0,2.95,0,27.52,0,2.95,0,2.95
0.0,10.4,0.00,0.00,0,2.95,0,27.52,0,2.95,0,2.95
0.0,10.4,0.00,0.00,0,2.95,0,27.52,0,2.95,0,2.95
0.4,10.4,0.00,0.00,0,2.95,0,27.52,0,2.95,0,2.95
0.2,10.4,0.00,0.00,0,2.95,0,27.52,0,2.95,0,2.95
0.2,10.4,0.00,0.00,0,2.95,0,27.52,0,2.95,0,2.95
0.2,10.4,0.00,0.00,0,2.95,0,27.52,0,2.95,0,2.95
0.2,10.4,0.00,0.00,0,2.95,0,27.52,0,2.95,0,2.95
0.2,10.4,0.00,0.00,0,2.95,0,27.52,0,2.95,0,2.95
0.0,10.4,0.00,0.00,0,2.95,0,27.52,0,2.95,0,2.95
0.8,10.4,0.00,0.00,0,2.95,0,27.52,0,2.95,0,2.95
1.9,10.4,0.00,0.00,0,2.95,0,27.52,0,2.95,0,2.95
0.2,10.4,0.00,0.00,0,2.95,0,27.52,0,2.95,0,2.95
0.2,10.4,0.00,0.00,0,2.95,0,27.52,0,2.95,0,2.95
0.2,10.4,0.00,0.00,0,2.95,0,27.52,0,2.95,0,2.95
0.4,10.4,0.00,0.00,0,2.95,0,27.52,0,2.95,0,2.95
0.2,10.4,0.00,0.00,0,2.95,0,27.52,0,2.95,0,2.95
0.0,10.4,0.00,0.00,0,2.95,0,27.52,0,2.95,0,2.95
0.2,10.4,0.00,0.00,0,2.95,0,27.52,0,2.95,0,2.95
0.4,10.4,0.00,0.00,0,2.95,0,27.52,0,2.95,0,2.95
0.6,10.4,0.00,0.00,0,2.95,0,27.52,0,2.95,0,2.95
1.5,10.4,0.00,0.00,0,2.95,0,27.52,0,2.95,0,2.95
0.4,10.4,0.00,0.00,0,2.95,0,27.52,0,2.95,0,2.95
0.2,10.4,0.00,0.00,0,2.95,0,27.52,0,2.95,0,2.95
0.2,10.4,0.00,0.00,0,2.95,0,27.52,0,2.95,0,2.95
0.8,10.4,0.00,0.00,0,2.95,0,27.52,0,2.95,0,2.95
0.0,10.4,0.00,0.00,0,2.95,0,27.52,0,2.95,0,2.95
0.2,10.4,0.00,0.00,0,2.95,0,27.52,0,2.95,0,2.95
0.8,10.4,0.00,0.00,0,2.95,0,27.52,0,2.95,0,2.95
0.0,10.4,0.00,0.00,0,2.95,0,27.52,0,2.95,0,2.95
0.6,10.4,0.00,0.00,0,2.95,0,27.52,0,2.95,0,2.95
0.4,10.4,0.00,0.00,0,2.95,0,27.52,0,2.95,0,2.95
1.9,10.4,0.00,0.00,0,2.95,0,27.52,0,2.95,0,2.95
0.4,10.4,0.00,0.00,0,2.95,0,27.52,0,2.95,0,2.95
0.2,10.4,0.00,0.00,0,2.95,0,27.52,0,2.95,0,2.95
0.6,10.4,0.00,0.00,0,2.95,0,27.52,0,2.95,0,2.95
0.2,10.4,0.00,0.00,0,2.95,0,27.52,0,2.95,0,2.95
0.2,10.4,0.00,0.00,0,2.95,0,27.52,0,2.95,0,2.95
0.4,10.4,0.00,0.00,0,2.95,0,27.52,0,2.95,0,2.95
0.4,10.4,0.00,0.00,0,2.95,0,27.52,0,2.95,0,2.95
0.2,10.4,0.00,0.00,0,2.95,0,27.52,0,2.95,0,2.95
0.4,10.4,0.00,0.00,0,2.95,0,27.52,0,2.95,0,2.95
1.7,10.4,0.00,0.00,0,2.95,0,27.52,0,2.95,0,2.95
0.6,10.4,0.00,0.00,0,2.95,0,27.52,0,2.95,0,2.95
0.2,10.4,0.00,0.00,0,2.95,0,27.52,0,2.95,0,2.95
0.2,10.4,0.00,0.00,0,2.95,0,27.52,0,2.95,0,2.95
0.2,10.4,0.00,0.00,0,2.95,0,27.52,0,2.95,0,2.95
0.4,10.4,0.00,0.00,0,2.95,0,27.52,0,2.95,0,2.95
0.2,10.4,0.00,0.00,0,2.95,0,27.52,0,2.95,0,2.95
0.2,10.4,0.00,0.00,0,2.95,0,27.52,0,2.95,0,2.95
0.2,10.4,0.00,0.00,0,2.95,0,27.52,0,2.95,0,2.95
0.0,10.4,0.00,0.00,0,2.95,0,27.52,0,2.95,0,2.95
0.0,10.4,0.00,0.00,0,2.95,0,27.52,0,2.95,0,2.95
2.5,10.4,0.00,0.00,0,2.95,0,27.52,0,2.95,0,2.95
0.6,10.4,0.00,0.00,0,2.95,0,27.52,0,2.95,0,2.95
0.0,10.4,0.00,0.00,0,2.95,0,27.52,0,2.95,0,2.95
0.6,10.4,0.00,0.00,0,2.95,0,27.52,0,2.95,0,2.95
0.2,10.4,0.00,0.00,0,2.95,0,27.52,0,2.95,0,2.95
0.4,10.4,0.00,0.00,0,2.95,0,27.52,0,2.95,0,2.95
0.0,10.4,0.00,0.00,0,2.95,0,27.52,0,2.95,0,2.95
0.4,10.4,0.00,0.00,0,2.95,0,27.52,0,2.95,0,2.95
0.2,10.4,0.00,0.00,0,2.95,0,27.52,0,2.95,0,2.95
0.2,10.4,0.00,0.00,0,2.95,0,27.52,0,2.95,0,2.95
0.8,10.4,0.00,0.00,0,2.95,0,27.52,0,2.95,0,2.95
0.4,10.4,0.00,0.00,0,2.95,0,27.52,0,2.95,0,2.95
0.4,10.4,0.00,0.00,0,2.95,0,27.52,0,2.95,0,2.95
0.0,10.4,0.00,0.00,0,2.95,0,27.52,0,2.95,0,2.95
0.4,10.4,0.00,0.00,0,2.95,0,27.52,0,2.95,0,2.95
0.4,10.4,0.00,0.00,0,2.95,0,27.52,0,2.95,0,2.95
0.0,10.4,0.00,0.00,0,2.95,0,27.52,0,2.95,0,2.95
0.2,10.4,0.00,0.00,0,2.95,0,27.52,0,2.95,0,2.95
0.4,10.4,0.00,0.00,0,2.95,0,27.52,0,2.95,0,2.95
0.0,10.4,0.00,0.00,0,2.95,0,27.52,0,2.95,0,2.95
0.0,10.4,0.00,0.00,0,2.95,0,27.52,0,2.95,0,2.95
1.9,10.4,0.00,0.00,0,2.95,0,27.52,0,2.95,0,2.95
0.2,10.4,0.00,0.00,0,2.95,0,27.52,0,2.95,0,2.95
0.0,10.4,0.00,0.00,0,2.95,0,27.52,0,2.95,0,2.95
0.4,10.4,0.00,0.00,0,2.95,0,27.52,0,2.95,0,2.95
0.2,10.4,0.00,0.00,0,2.95,0,27.52,0,2.95,0,2.95
0.0,10.4,0.00,0.00,0,2.95,0,27.52,0,2.95,0,2.95
0.0,10.4,0.00,0.00,0,2.95,0,27.52,0,2.95,0,2.95
0.2,10.4,0.00,0.00,0,2.95,0,27.52,0,2.95,0,2.95
0.6,10.4,0.00,0.00,0,2.95,0,27.52,0,2.95,0,2.95
0.4,10.4,0.00,0.00,0,2.95,0,27.52,0,2.95,0,2.95
0.8,10.4,0.00,0.00,0,2.95,0,27.52,0,2.95,0,2.95
0.2,10.4,0.00,0.00,0,2.95,0,27.52,0,2.95,0,2.95
0.4,10.4,0.00,0.00,0,2.95,0,27.52,0,2.95,0,2.95
0.4,10.4,0.00,0.00,0,2.95,0,27.52,0,2.95,0,2.95
0.6,10.4,0.00,0.00,0,2.95,0,27.52,0,2.95,0,2.95
0.6,10.4,0.00,0.00,0,2.95,0,27.52,0,2.95,0,2.95
0.0,10.4,0.00,0.00,0,2.95,0,27.52,0,2.95,0,2.95
0.4,10.4,0.00,0.00,0,2.95,0,27.52,0,2.95,0,2.95
0.4,10.4,0.00,0.00,0,2.95,0,27.52,0,2.95,0,2.95
0.4,10.4,0.00,0.00,0,2.95,0,27.52,0,2.95,0,2.95
0.0,10.4,0.00,0.00,0,2.95,0,27.52,0,2.95,0,2.95
2.7,10.4,0.00,0.00,0,2.95,0,27.52,0,2.95,0,2.95
0.4,10.4,0.00,0.00,0,2.95,0,27.52,0,2.95,0,2.95
1.2,10.4,0.00,0.00,0,2.95,0,27.52,0,2.95,0,2.95
0.2,10.4,0.00,0.00,0,2.95,0,27.52,0,2.95,0,2.95
0.8,10.4,0.00,0.00,0,2.95,0,27.52,0,2.95,0,2.95
0.2,10.4,0.00,0.00,0,2.95,0,27.52,0,2.95,0,2.95
0.2,10.4,0.00,0.00,0,2.95,0,27.52,0,2.95,0,2.95
0.0,10.4,0.00,0.00,0,2.95,0,27.52,0,2.95,0,2.95
0.0,10.4,0.00,0.00,0,2.95,0,27.52,0,2.95,0,2.95
0.4,10.4,0.00,0.00,0,2.95,0,27.52,0,2.95,0,2.95
0.8,10.4,0.00,0.00,0,2.95,0,27.52,0,2.95,0,2.95
0.4,10.4,0.00,0.00,0,2.95,0,27.52,0,2.95,0,2.95
0.2,10.4,0.00,0.00,0,2.95,0,27.52,0,2.95,0,2.95
0.4,10.4,0.00,0.00,0,2.95,0,27.52,0,2.95,0,2.95
0.0,10.4,0.00,0.00,0,2.95,0,27.52,0,2.95,0,2.95
0.4,10.4,0.00,0.00,0,2.95,0,27.52,0,2.95,0,2.95
0.0,10.4,0.00,0.00,0,2.95,0,27.52,0,2.95,0,2.95
0.6,10.4,0.00,0.00,0,2.95,0,27.52,0,2.95,0,2.95
0.2,10.4,0.00,0.00,0,2.95,0,27.52,0,2.95,0,2.95
0.2,10.4,0.00,0.00,0,2.95,0,27.52,0,2.95,0,2.95
0.0,10.4,0.00,0.00,0,2.95,0,27.52,0,2.95,0,2.95
2.1,10.4,0.00,0.00,0,2.95,0,27.52,0,2.95,0,2.95
0.4,10.4,0.00,0.00,0,2.95,0,27.52,0,2.95,0,2.95
0.6,10.4,0.00,0.00,0,2.95,0,27.52,0,2.95,0,2.95
0.0,10.4,0.00,0.00,0,2.95,0,27.52,0,2.95,0,2.95
0.4,10.4,0.00,0.00,0,2.95,0,27.52,0,2.95,0,2.95
0.4,10.4,0.00,0.00,0,2.95,0,27.52,0,2.95,0,2.95
0.2,10.4,0.00,0.00,0,2.95,0,27.52,0,2.95,0,2.95
0.4,10.4,0.00,0.00,0,2.95,0,27.52,0,2.95,0,2.95
0.4,10.4,0.00,0.00,0,2.95,0,27.52,0,2.95,0,2.95
0.0,10.4,0.00,0.00,0,2.95,0,27.52,0,2.95,0,2.95
0.8,10.4,0.00,0.00,0,2.95,0,27.52,0,2.95,0,2.95
0.2,10.4,0.00,0.00,0,2.95,0,27.52,0,2.95,0,2.95
0.0,10.4,0.00,0.00,0,2.95,0,27.52,0,2.95,0,2.95
0.6,10.4,0.00,0.00,0,2.95,0,27.52,0,2.95,0,2.95
0.0,10.4,0.00,0.00,0,2.95,0,27.52,0,2.95,0,2.95
0.4,10.4,0.00,0.00,0,2.95,0,27.52,0,2.95,0,2.95
0.2,10.4,0.00,0.00,0,2.95,0,27.52,0,2.95,0,2.95
0.4,10.4,0.00,0.00,0,2.95,0,27.52,0,2.95,0,2.95
0.0,10.4,0.00,0.00,0,2.95,0,27.52,0,2.95,0,2.95
0.0,10.4,0.00,0.00,0,2.95,0,27.52,0,2.95,0,2.95
0.2,10.4,0.00,0.00,0,2.95,0,27.52,0,2.95,0,2.95
2.3,10.4,0.00,0.00,0,2.95,0,27.52,0,2.95,0,2.95
0.4,10.4,0.00,0.00,0,2.95,0,27.52,0,2.95,0,2.95
0.2,10.4,0.00,0.00,0,2.95,0,27.52,0,2.95,0,2.95
0.6,10.4,0.00,0.00,0,2.95,0,27.52,0,2.95,0,2.95
0.2,10.4,0.00,0.00,0,2.95,0,27.52,0,2.95,0,2.95
0.6,10.4,0.00,0.00,0,2.95,0,27.52,0,2.95,0,2.95
0.0,10.4,0.00,0.00,0,2.95,0,27.52,0,2.95,0,2.95
0.4,10.4,0.00,0.00,0,2.95,0,27.52,0,2.95,0,2.95
0.2,10.4,0.00,0.00,0,2.95,0,27.52,0,2.95,0,2.95
0.4,10.4,0.00,0.00,0,2.95,0,27.52,0,2.95,0,2.95
2.7,10.4,0.00,0.00,0,2.95,0,27.52,0,2.95,0,2.95
1.4,10.4,0.00,0.00,0,2.95,0,27.52,0,2.95,0,2.95
0.2,10.4,0.00,0.00,0,2.95,0,27.52,0,2.95,0,2.95
0.2,10.4,0.00,0.00,0,2.95,0,27.52,0,2.95,0,2.95
0.0,10.4,0.00,0.00,0,2.95,0,27.52,0,2.95,0,2.95
0.4,10.4,0.00,0.00,0,2.95,0,27.52,0,2.95,0,2.95
0.6,10.4,0.00,0.00,0,2.95,0,27.52,0,2.95,0,2.95
0.6,10.4,0.00,0.00,0,2.95,0,27.52,0,2.95,0,2.95
0.4,10.4,0.00,0.00,0,2.95,0,27.52,0,2.95,0,2.95
0.6,10.4,0.00,0.00,0,2.95,0,27.52,0,2.95,0,2.95
1.7,10.4,0.00,0.00,0,2.95,0,27.52,0,2.95,0,2.95
1.5,10.4,0.00,0.00,0,2.95,0,27.52,0,2.95,0,2.95
0.2,10.4,0.00,0.00,0,2.95,0,27.52,0,2.95,0,2.95
0.4,10.4,0.00,0.00,0,2.95,0,27.52,0,2.95,0,2.95
0.4,10.4,0.00,0.00,0,2.95,0,27.52,0,2.95,0,2.95
0.0,10.4,0.00,0.00,0,2.95,0,27.52,0,2.95,0,2.95
0.0,10.4,0.00,0.00,0,2.95,0,27.52,0,2.95,0,2.95
0.0,10.4,0.00,0.00,0,2.95,0,27.52,0,2.95,0,2.95
0.4,10.4,0.00,0.00,0,2.95,0,27.52,0,2.95,0,2.95
0.0,10.4,0.00,0.00,0,2.95,0,27.52,0,2.95,0,2.95
0.0,10.4,0.00,0.00,0,2.95,0,27.52,0,2.95,0,2.95
1.2,10.4,0.00,0.00,0,2.95,0,27.52,0,2.95,0,2.95
0.4,10.4,0.00,0.00,0,2.95,0,27.52,0,2.95,0,2.95
0.2,10.4,0.00,0.00,0,2.95,0,27.52,0,2.95,0,2.95
0.4,10.4,0.00,0.00,0,2.95,0,27.52,0,2.95,0,2.95
0.2,10.4,0.00,0.00,0,2.95,0,27.52,0,2.95,0,2.95
0.0,10.4,0.00,0.00,0,2.95,0,27.52,0,2.95,0,2.95
0.0,10.4,0.00,0.00,0,2.95,0,27.52,0,2.95,0,2.95
0.2,10.4,0.00,0.00,0,2.95,0,27.52,0,2.95,0,2.95
0.2,10.4,0.00,0.00,0,2.95,0,27.52,0,2.95,0,2.95
0.0,10.4,0.00,0.00,0,2.95,0,27.52,0,2.95,0,2.95
0.2,10.4,0.00,0.00,0,2.95,0,27.52,0,2.95,0,2.95
2.5,10.4,0.00,0.00,0,2.95,0,27.52,0,2.95,0,2.95
0.4,10.4,0.00,0.00,0,2.95,0,27.52,0,2.95,0,2.95
0.2,10.4,0.00,0.00,0,2.95,0,27.52,0,2.95,0,2.95
0.2,10.4,0.00,0.00,0,2.95,0,27.52,0,2.95,0,2.95
0.0,10.4,0.00,0.00,0,2.95,0,27.52,0,2.95,0,2.95
0.0,10.4,0.00,0.00,0,2.95,0,27.52,0,2.95,0,2.95
0.4,10.4,0.00,0.00,0,2.95,0,27.52,0,2.95,0,2.95
0.2,10.4,0.00,0.00,0,2.95,0,27.52,0,2.95,0,2.95
0.2,10.4,0.00,0.00,0,2.95,0,27.52,0,2.95,0,2.95
0.0,10.4,0.00,0.00,0,2.95,0,27.52,0,2.95,0,2.95
1.2,10.4,0.00,0.00,0,2.95,0,27.52,0,2.95,0,2.95
0.0,10.4,0.00,0.00,0,2.95,0,27.52,0,2.95,0,2.95
0.4,10.4,0.00,0.00,0,2.95,0,27.52,0,2.95,0,2.95
0.0,10.4,0.00,0.00,0,2.95,0,27.52,0,2.95,0,2.95
0.4,10.4,0.00,0.00,0,2.95,0,27.52,0,2.95,0,2.95
0.0,10.4,0.00,0.00,0,2.95,0,27.52,0,2.95,0,2.95
0.2,10.4,0.00,0.00,0,2.95,0,27.52,0,2.95,0,2.95
0.4,10.4,0.00,0.00,0,2.95,0,27.52,0,2.95,0,2.95
0.2,10.4,0.00,0.00,0,2.95,0,27.52,0,2.95,0,2.95
0.4,10.4,0.00,0.00,0,2.95,0,27.52,0,2.95,0,2.95
0.2,10.4,0.00,0.00,0,2.95,0,27.52,0,2.95,0,2.95
1.7,10.4,0.00,0.00,0,2.95,0,27.52,0,2.95,0,2.95
1.0,10.4,0.00,0.00,0,2.95,0,27.52,0,2.95,0,2.95
0.4,10.4,0.00,0.00,0,2.95,0,27.52,0,2.95,0,2.95
0.4,10.4,0.00,0.00,0,2.95,0,27.52,0,2.95,0,2.95
0.0,10.4,0.00,0.00,0,2.95,0,27.52,0,2.95,0,2.95
0.4,10.4,0.00,0.00,0,2.95,0,27.52,0,2.95,0,2.95
0.4,10.4,0.00,0.00,0,2.95,0,27.52,0,2.95,0,2.95
0.2,10.4,0.00,0.00,0,2.95,0,27.52,0,2.95,0,2.95
0.0,10.4,0.00,0.00,0,2.95,0,27.52,0,2.95,0,2.95
0.6,10.4,0.00,0.00,0,2.95,0,27.52,0,2.95,0,2.95
1.3,10.4,0.00,0.00,0,2.95,0,27.52,0,2.95,0,2.95
0.2,10.4,0.00,0.00,0,2.95,0,27.52,0,2.95,0,2.95
0.4,10.4,0.00,0.00,0,2.95,0,27.52,0,2.95,0,2.95
0.0,10.4,0.00,0.00,0,2.95,0,27.52,0,2.95,0,2.95
0.4,10.4,0.00,0.00,0,2.95,0,27.52,0,2.95,0,2.95
0.2,10.4,0.00,0.00,0,2.95,0,27.52,0,2.95,0,2.95
0.0,10.4,0.00,0.00,0,2.95,0,27.52,0,2.95,0,2.95
0.2,10.4,0.00,0.00,0,2.95,0,27.52,0,2.95,0,2.95
0.4,10.4,0.00,0.00,0,2.95,0,27.52,0,2.95,0,2.95
0.6,10.4,0.00,0.00,0,2.95,0,27.52,0,2.95,0,2.95
0.4,10.4,0.00,0.00,0,2.95,0,27.52,0,2.95,0,2.95
1.7,10.4,0.00,0.00,0,2.95,0,27.52,0,2.95,0,2.95
0.0,10.4,0.00,0.00,0,2.95,0,27.52,0,2.95,0,2.95
0.2,10.4,0.00,0.00,0,2.95,0,27.52,0,2.95,0,2.95
0.6,10.4,0.00,0.00,0,2.95,0,27.52,0,2.95,0,2.95
0.2,10.4,0.00,0.00,0,2.95,0,27.52,0,2.95,0,2.95
0.2,10.4,0.00,0.00,0,2.95,0,27.52,0,2.95,0,2.95
0.4,10.4,0.00,0.00,0,2.95,0,27.52,0,2.95,0,2.95
0.0,10.4,0.00,0.00,0,2.95,0,27.52,0,2.95,0,2.95
0.2,10.4,0.00,0.00,0,2.95,0,27.52,0,2.95,0,2.95
0.2,10.4,0.00,0.00,0,2.95,0,27.52,0,2.95,0,2.95
2.9,10.4,0.00,0.00,0,2.95,0,27.52,0,2.95,0,2.95
0.6,10.4,0.00,0.00,0,2.95,0,27.52,0,2.95,0,2.95
0.4,10.4,0.00,0.00,0,2.95,0,27.52,0,2.95,0,2.95
0.0,10.4,0.00,0.00,0,2.95,0,27.52,0,2.95,0,2.95
0.0,10.4,0.00,0.00,0,2.95,0,27.52,0,2.95,0,2.95
0.2,10.4,0.00,0.00,0,2.95,0,27.52,0,2.95,0,2.95
0.0,10.4,0.00,0.00,0,2.95,0,27.52,0,2.95,0,2.95
0.2,10.4,0.00,0.00,0,2.95,0,27.52,0,2.95,0,2.95
0.2,10.4,0.00,0.00,0,2.95,0,27.52,0,2.95,0,2.95
0.4,10.4,0.00,0.00,0,2.95,0,27.52,0,2.95,0,2.95
0.4,10.4,0.00,0.00,0,2.95,0,27.52,0,2.95,0,2.95
0.6,10.4,0.00,0.00,0,2.95,0,27.52,0,2.95,0,2.95
0.0,10.4,0.00,0.00,0,2.95,0,27.52,0,2.95,0,2.95
0.4,10.4,0.00,0.00,0,2.95,0,27.52,0,2.95,0,2.95
0.6,10.4,0.00,0.00,0,2.95,0,27.52,0,2.95,0,2.95
0.2,10.4,0.00,0.00,0,2.95,0,27.52,0,2.95,0,2.95
0.2,10.4,0.00,0.00,0,2.95,0,27.52,0,2.95,0,2.95
0.0,10.4,0.00,0.00,0,2.95,0,27.52,0,2.95,0,2.95
0.2,10.4,0.00,0.00,0,2.95,0,27.52,0,2.95,0,2.95
0.2,10.4,0.00,0.00,0,2.95,0,27.52,0,2.95,0,2.95
0.2,10.4,0.00,0.00,0,2.95,0,27.52,0,2.95,0,2.95
1.9,10.4,0.00,0.00,0,2.95,0,27.52,0,2.95,0,2.95
0.4,10.4,0.00,0.00,0,2.95,0,27.52,0,2.95,0,2.95
0.6,10.4,0.00,0.00,0,2.95,0,27.52,0,2.95,0,2.95
0.2,10.4,0.00,0.00,0,2.95,0,27.52,0,2.95,0,2.95
0.2,10.4,0.00,0.00,0,2.95,0,27.52,0,2.95,0,2.95
0.2,10.4,0.00,0.00,0,2.95,0,27.52,0,2.95,0,2.95
0.2,10.4,0.00,0.00,0,2.95,0,27.52,0,2.95,0,2.95
0.4,10.4,0.00,0.00,0,2.95,0,27.52,0,2.95,0,2.95
0.4,10.4,0.00,0.00,0,2.95,0,27.52,0,2.95,0,2.95
0.2,10.4,0.00,0.00,0,2.95,0,27.52,0,2.95,0,2.95
0.2,10.4,0.00,0.00,0,2.95,0,27.52,0,2.95,0,2.95
0.6,10.4,0.00,0.00,0,2.95,0,27.52,0,2.95,0,2.95
0.4,10.4,0.00,0.00,0,2.95,0,27.52,0,2.95,0,2.95
0.4,10.4,0.00,0.00,0,2.95,0,27.52,0,2.95,0,2.95
0.6,10.4,0.00,0.00,0,2.95,0,27.52,0,2.95,0,2.95
0.0,10.4,0.00,0.00,0,2.95,0,27.52,0,2.95,0,2.95
0.0,10.4,0.00,0.00,0,2.95,0,27.52,0,2.95,0,2.95
0.2,10.4,0.00,0.00,0,2.95,0,27.52,0,2.95,0,2.95
0.4,10.4,0.00,0.00,0,2.95,0,27.52,0,2.95,0,2.95
0.4,10.4,0.00,0.00,0,2.95,0,27.52,0,2.95,0,2.95
0.2,10.4,0.00,0.00,0,2.95,0,27.52,0,2.95,0,2.95
1.3,10.4,0.00,0.00,0,2.95,0,27.52,0,2.95,0,2.95
0.8,10.4,0.00,0.00,0,2.95,0,27.52,0,2.95,0,2.95
0.2,10.4,0.00,0.00,0,2.95,0,27.52,0,2.95,0,2.95
0.8,10.4,0.00,0.00,0,2.95,0,27.52,0,2.95,0,2.95
0.8,10.4,0.00,0.00,0,2.95,0,27.52,0,2.95,0,2.95
0.2,10.4,0.00,0.00,0,2.95,0,27.52,0,2.95,0,2.95
0.4,10.4,0.00,0.00,0,2.95,0,27.52,0,2.95,0,2.95
0.6,10.4,0.00,0.00,0,2.95,0,27.52,0,2.95,0,2.95
0.4,10.4,0.00,0.00,0,2.95,0,27.52,0,2.95,0,2.95
0.6,10.4,0.00,0.00,0,2.95,0,27.52,0,2.95,0,2.95
0.2,10.4,0.00,0.00,0,2.95,0,27.52,0,2.95,0,2.95
1.0,10.4,0.00,0.00,0,2.95,0,27.52,0,2.95,0,2.95
0.2,10.4,0.00,0.00,0,2.95,0,27.52,0,2.95,0,2.95
0.2,10.4,0.00,0.00,0,2.95,0,27.52,0,2.95,0,2.95
0.4,10.4,0.00,0.00,0,2.95,0,27.52,0,2.95,0,2.95
0.0,10.4,0.00,0.00,0,2.95,0,27.52,0,2.95,0,2.95
0.4,10.4,0.00,0.00,0,2.95,0,27.52,0,2.95,0,2.95
0.2,10.4,0.00,0.00,0,2.95,0,27.52,0,2.95,0,2.95
0.0,10.4,0.00,0.00,0,2.95,0,27.52,0,2.95,0,2.95
0.2,10.4,0.00,0.00,0,2.95,0,27.52,0,2.95,0,2.95
0.0,10.4,0.00,0.00,0,2.95,0,27.52,0,2.95,0,2.95
2.1,10.4,0.00,0.00,0,2.95,0,27.52,0,2.95,0,2.95
0.4,10.4,0.00,0.00,0,2.95,0,27.52,0,2.95,0,2.95
0.6,10.4,0.00,0.00,0,2.95,0,27.52,0,2.95,0,2.95
0.0,10.4,0.00,0.00,0,2.95,0,27.52,0,2.95,0,2.95
0.4,10.4,0.00,0.00,0,2.95,0,27.52,0,2.95,0,2.95
0.2,10.4,0.00,0.00,0,2.95,0,27.52,0,2.95,0,2.95
0.4,10.4,0.00,0.00,0,2.95,0,27.52,0,2.95,0,2.95
0.2,10.4,0.00,0.00,0,2.95,0,27.52,0,2.95,0,2.95
0.4,10.4,0.00,0.00,0,2.95,0,27.52,0,2.95,0,2.95
0.4,10.4,0.00,0.00,0,2.95,0,27.52,0,2.95,0,2.95
0.2,10.4,0.00,0.00,0,2.95,0,27.52,0,2.95,0,2.95
1.0,10.4,0.00,0.00,0,2.95,0,27.52,0,2.95,0,2.95
0.2,10.4,0.00,0.00,0,2.95,0,27.52,0,2.95,0,2.95
0.4,10.4,0.00,0.00,0,2.95,0,27.52,0,2.95,0,2.95
0.4,10.4,0.00,0.00,0,2.95,0,27.52,0,2.95,0,2.95
0.4,10.4,0.00,0.00,0,2.95,0,27.52,0,2.95,0,2.95
0.4,10.4,0.00,0.00,0,2.95,0,27.52,0,2.95,0,2.95
0.4,10.4,0.00,0.00,0,2.95,0,27.52,0,2.95,0,2.95
0.2,10.4,0.00,0.00,0,2.95,0,27.52,0,2.95,0,2.95
0.2,10.4,0.00,0.00,0,2.95,0,27.52,0,2.95,0,2.95
0.4,10.4,0.00,0.00,0,2.95,0,27.52,0,2.95,0,2.95
2.3,10.4,0.00,0.00,0,2.95,0,27.52,0,2.95,0,2.95
0.4,10.4,0.00,0.00,0,2.95,0,27.52,0,2.95,0,2.95
0.2,10.4,0.00,0.00,0,2.95,0,27.52,0,2.95,0,2.95
0.0,10.4,0.00,0.00,0,2.95,0,27.52,0,2.95,0,2.95
0.2,10.4,0.00,0.00,0,2.95,0,27.52,0,2.95,0,2.95
0.0,10.4,0.00,0.00,0,2.95,0,27.52,0,2.95,0,2.95
0.2,10.4,0.00,0.00,0,2.95,0,27.52,0,2.95,0,2.95
0.0,10.4,0.00,0.00,0,2.95,0,27.52,0,2.95,0,2.95
0.0,10.4,0.00,0.00,0,2.95,0,27.52,0,2.95,0,2.95
0.2,10.4,0.00,0.00,0,2.95,0,27.52,0,2.95,0,2.95
0.2,10.4,0.00,0.00,0,2.95,0,27.52,0,2.95,0,2.95
1.2,10.4,0.00,0.00,0,2.95,0,27.52,0,2.95,0,2.95
0.0,10.4,0.00,0.00,0,2.95,0,27.52,0,2.95,0,2.95
0.4,10.4,0.00,0.00,0,2.95,0,27.52,0,2.95,0,2.95
0.2,10.4,0.00,0.00,0,2.95,0,27.52,0,2.95,0,2.95
0.4,10.4,0.00,0.00,0,2.95,0,27.52,0,2.95,0,2.95
0.4,10.4,0.00,0.00,0,2.95,0,27.52,0,2.95,0,2.95
0.4,10.4,0.00,0.00,0,2.95,0,27.52,0,2.95,0,2.95
0.0,10.4,0.00,0.00,0,2.95,0,27.52,0,2.95,0,2.95
0.2,10.4,0.00,0.00,0,2.95,0,27.52,0,2.95,0,2.95
0.4,10.4,0.00,0.00,0,2.95,0,27.52,0,2.95,0,2.95
2.1,10.4,0.00,0.00,0,2.95,0,27.52,0,2.95,0,2.95
0.6,10.4,0.00,0.00,0,2.95,0,27.52,0,2.95,0,2.95
0.2,10.4,0.00,0.00,0,2.95,0,27.52,0,2.95,0,2.95
0.0,10.4,0.00,0.00,0,2.95,0,27.52,0,2.95,0,2.95
0.6,10.4,0.00,0.00,0,2.95,0,27.52,0,2.95,0,2.95
0.4,10.4,0.00,0.00,0,2.95,0,27.52,0,2.95,0,2.95
0.2,10.4,0.00,0.00,0,2.95,0,27.52,0,2.95,0,2.95
0.6,10.4,0.00,0.00,0,2.95,0,27.52,0,2.95,0,2.95
0.4,10.4,0.00,0.00,0,2.95,0,27.52,0,2.95,0,2.95
0.8,10.4,0.00,0.00,0,2.95,0,27.52,0,2.95,0,2.95
0.2,10.4,0.00,0.00,0,2.95,0,27.52,0,2.95,0,2.95
1.0,10.4,0.00,0.00,0,2.95,0,27.52,0,2.95,0,2.95
0.4,10.4,0.00,0.00,0,2.95,0,27.52,0,2.95,0,2.95
0.4,10.4,0.00,0.00,0,2.95,0,27.52,0,2.95,0,2.95
0.2,10.4,0.00,0.00,0,2.95,0,27.52,0,2.95,0,2.95
0.4,10.4,0.00,0.00,0,2.95,0,27.52,0,2.95,0,2.95
0.4,10.4,0.00,0.00,0,2.95,0,27.52,0,2.95,0,2.95
0.0,10.4,0.00,0.00,0,2.95,0,27.52,0,2.95,0,2.95
0.2,10.4,0.00,0.00,0,2.95,0,27.52,0,2.95,0,2.95
0.2,10.4,0.00,0.00,0,2.95,0,27.52,0,2.95,0,2.95
0.2,10.4,0.00,0.00,0,2.95,0,27.52,0,2.95,0,2.95
2.9,10.4,0.00,0.00,0,2.95,0,27.52,0,2.95,0,2.95
0.8,10.4,0.00,0.00,0,2.95,0,27.52,0,2.95,0,2.95
0.4,10.4,0.00,0.00,0,2.95,0,27.52,0,2.95,0,2.95
0.6,10.4,0.00,0.00,0,2.95,0,27.52,0,2.95,0,2.95
0.6,10.4,0.00,0.00,0,2.95,0,27.52,0,2.95,0,2.95
0.0,10.4,0.00,0.00,0,2.95,0,27.52,0,2.95,0,2.95
0.2,10.4,0.00,0.00,0,2.95,0,27.52,0,2.95,0,2.95
0.4,10.4,0.00,0.00,0,2.95,0,27.52,0,2.95,0,2.95
0.2,10.4,0.00,0.00,0,2.95,0,27.52,0,2.95,0,2.95
0.4,10.4,0.00,0.00,0,2.95,0,27.52,0,2.95,0,2.95
0.8,10.4,0.00,0.00,0,2.95,0,27.52,0,2.95,0,2.95
0.2,10.4,0.00,0.00,0,2.95,0,27.52,0,2.95,0,2.95
0.0,10.4,0.00,0.00,0,2.95,0,27.52,0,2.95,0,2.95
0.0,10.4,0.00,0.00,0,2.95,0,27.52,0,2.95,0,2.95
0.2,10.4,0.00,0.00,0,2.95,0,27.52,0,2.95,0,2.95
0.2,10.4,0.00,0.00,0,2.95,0,27.52,0,2.95,0,2.95
0.4,10.4,0.00,0.00,0,2.95,0,27.52,0,2.95,0,2.95
0.0,10.4,0.00,0.00,0,2.95,0,27.52,0,2.95,0,2.95
0.6,10.4,0.00,0.00,0,2.95,0,27.52,0,2.95,0,2.95
0.2,10.4,0.00,0.00,0,2.95,0,27.52,0,2.95,0,2.95
0.4,10.4,0.00,0.00,0,2.95,0,27.52,0,2.95,0,2.95
2.5,10.4,0.00,0.00,0,2.95,0,27.52,0,2.95,0,2.95
0.2,10.4,0.00,0.00,0,2.95,0,27.52,0,2.95,0,2.95
0.2,10.4,0.00,0.00,0,2.95,0,27.52,0,2.95,0,2.95
0.6,10.4,0.00,0.00,0,2.95,0,27.52,0,2.95,0,2.95
0.4,10.4,0.00,0.00,0,2.95,0,27.52,0,2.95,0,2.95
0.0,10.4,0.00,0.00,0,2.95,0,27.52,0,2.95,0,2.95
0.2,10.4,0.00,0.00,0,2.95,0,27.52,0,2.95,0,2.95
0.2,10.4,0.00,0.00,0,2.95,0,27.52,0,2.95,0,2.95
0.2,10.4,0.00,0.00,0,2.95,0,27.52,0,2.95,0,2.95
0.4,10.4,0.00,0.00,0,2.95,0,27.52,0,2.95,0,2.95
0.4,10.4,0.00,0.00,0,2.95,0,27.52,0,2.95,0,2.95
0.4,10.4,0.00,0.00,0,2.95,0,27.52,0,2.95,0,2.95
0.0,10.4,0.00,0.00,0,2.95,0,27.52,0,2.95,0,2.95
0.2,10.4,0.00,0.00,0,2.95,0,27.52,0,2.95,0,2.95
0.0,10.4,0.00,0.00,0,2.95,0,27.52,0,2.95,0,2.95
0.2,10.4,0.00,0.00,0,2.95,0,27.52,0,2.95,0,2.95
0.4,10.4,0.00,0.00,0,2.95,0,27.52,0,2.95,0,2.95
0.2,10.4,0.00,0.00,0,2.95,0,27.52,0,2.95,0,2.95
0.2,10.4,0.00,0.00,0,2.95,0,27.52,0,2.95,0,2.95
0.2,10.4,0.00,0.00,0,2.95,0,27.52,0,2.95,0,2.95
0.4,10.4,0.00,0.00,0,2.95,0,27.52,0,2.95,0,2.95
1.7,10.4,0.00,0.00,0,2.95,0,27.52,0,2.95,0,2.95
0.4,10.4,0.00,0.00,0,2.95,0,27.52,0,2.95,0,2.95
0.4,10.4,0.00,0.00,0,2.95,0,27.52,0,2.95,0,2.95
0.0,10.4,0.00,0.00,0,2.95,0,27.52,0,2.95,0,2.95
0.2,10.4,0.00,0.00,0,2.95,0,27.52,0,2.95,0,2.95
0.2,10.4,0.00,0.00,0,2.95,0,27.52,0,2.95,0,2.95
0.2,10.4,0.00,0.00,0,2.95,0,27.52,0,2.95,0,2.95
0.0,10.4,0.00,0.00,0,2.95,0,27.52,0,2.95,0,2.95
0.0,10.4,0.00,0.00,0,2.95,0,27.52,0,2.95,0,2.95
0.6,10.4,0.00,0.00,0,2.95,0,27.52,0,2.95,0,2.95
1.9,10.4,0.00,0.00,0,2.95,0,27.52,0,2.95,0,2.95
0.2,10.4,0.00,0.00,0,2.95,0,27.52,0,2.95,0,2.95
0.2,10.4,0.00,0.00,0,2.95,0,27.52,0,2.95,0,2.95
0.4,10.4,0.00,0.00,0,2.95,0,27.52,0,2.95,0,2.95
0.2,10.4,0.00,0.00,0,2.95,0,27.52,0,2.95,0,2.95
0.4,10.4,0.00,0.00,0,2.95,0,27.52,0,2.95,0,2.95
0.0,10.4,0.00,0.00,0,2.95,0,27.52,0,2.95,0,2.95
0.2,10.4,0.00,0.00,0,2.95,0,27.52,0,2.95,0,2.95
0.2,10.4,0.00,0.00,0,2.95,0,27.52,0,2.95,0,2.95
0.6,10.4,0.00,0.00,0,2.95,0,27.52,0,2.95,0,2.95
0.4,10.4,0.00,0.00,0,2.95,0,27.52,0,2.95,0,2.95
0.8,10.4,0.00,0.00,0,2.95,0,27.52,0,2.95,0,2.95
0.4,10.4,0.00,0.00,0,2.95,0,27.52,0,2.95,0,2.95
0.2,10.4,0.00,0.00,0,2.95,0,27.52,0,2.95,0,2.95
0.6,10.4,0.00,0.00,0,2.95,0,27.52,0,2.95,0,2.95
0.6,10.4,0.00,0.00,0,2.95,0,27.52,0,2.95,0,2.95
0.0,10.4,0.00,0.00,0,2.95,0,27.52,0,2.95,0,2.95
0.4,10.4,0.00,0.00,0,2.95,0,27.52,0,2.95,0,2.95
0.2,10.4,0.00,0.00,0,2.95,0,27.52,0,2.95,0,2.95
0.2,10.4,0.00,0.00,0,2.95,0,27.52,0,2.95,0,2.95
0.2,10.4,0.00,0.00,0,2.95,0,27.52,0,2.95,0,2.95
2.1,10.4,0.00,0.00,0,2.95,0,27.52,0,2.95,0,2.95
0.8,10.4,0.00,0.00,0,2.95,0,27.52,0,2.95,0,2.95
0.4,10.4,0.00,0.00,0,2.95,0,27.52,0,2.95,0,2.95
0.4,10.4,0.00,0.00,0,2.95,0,27.52,0,2.95,0,2.95
0.2,10.4,0.00,0.00,0,2.95,0,27.52,0,2.95,0,2.95
0.2,10.4,0.00,0.00,0,2.95,0,27.52,0,2.95,0,2.95
0.2,10.4,0.00,0.00,0,2.95,0,27.52,0,2.95,0,2.95
0.2,10.4,0.00,0.00,0,2.95,0,27.52,0,2.95,0,2.95
0.4,10.4,0.00,0.00,0,2.95,0,27.52,0,2.95,0,2.95
0.4,10.4,0.00,0.00,0,2.95,0,27.52,0,2.95,0,2.95
1.0,10.4,0.00,0.00,0,2.95,0,27.52,0,2.95,0,2.95
0.4,10.4,0.00,0.00,0,2.95,0,27.52,0,2.95,0,2.95
0.2,10.4,0.00,0.00,0,2.95,0,27.52,0,2.95,0,2.95
0.0,10.4,0.00,0.00,0,2.95,0,27.52,0,2.95,0,2.95
0.2,10.4,0.00,0.00,0,2.95,0,27.52,0,2.95,0,2.95
0.4,10.4,0.00,0.00,0,2.95,0,27.52,0,2.95,0,2.95
0.0,10.4,0.00,0.00,0,2.95,0,27.52,0,2.95,0,2.95
0.2,10.4,0.00,0.00,0,2.95,0,27.52,0,2.95,0,2.95
0.4,10.4,0.00,0.00,0,2.95,0,27.52,0,2.95,0,2.95
0.2,10.4,0.00,0.00,0,2.95,0,27.52,0,2.95,0,2.95
0.0,10.4,0.00,0.00,0,2.95,0,27.52,0,2.95,0,2.95
1.9,10.4,0.00,0.00,0,2.95,0,27.52,0,2.95,0,2.95
0.4,10.4,0.00,0.00,0,2.95,0,27.52,0,2.95,0,2.95
0.0,10.4,0.00,0.00,0,2.95,0,27.52,0,2.95,0,2.95
0.4,10.4,0.00,0.00,0,2.95,0,27.52,0,2.95,0,2.95
0.0,10.4,0.00,0.00,0,2.95,0,27.52,0,2.95,0,2.95
0.6,10.4,0.00,0.00,0,2.95,0,27.52,0,2.95,0,2.95
0.2,10.4,0.00,0.00,0,2.95,0,27.52,0,2.95,0,2.95
0.2,10.4,0.00,0.00,0,2.95,0,27.52,0,2.95,0,2.95
0.0,10.4,0.00,0.00,0,2.95,0,27.52,0,2.95,0,2.95
0.0,10.4,0.00,0.00,0,2.95,0,27.52,0,2.95,0,2.95
1.7,10.4,0.00,0.00,0,2.95,0,27.52,0,2.95,0,2.95
0.8,10.4,0.00,0.00,0,2.95,0,27.52,0,2.95,0,2.95
0.2,10.4,0.00,0.00,0,2.95,0,27.52,0,2.95,0,2.95
0.0,10.4,0.00,0.00,0,2.95,0,27.52,0,2.95,0,2.95
0.2,10.4,0.00,0.00,0,2.95,0,27.52,0,2.95,0,2.95
0.4,10.4,0.00,0.00,0,2.95,0,27.52,0,2.95,0,2.95
0.0,10.4,0.00,0.00,0,2.95,0,27.52,0,2.95,0,2.95
0.4,10.4,0.00,0.00,0,2.95,0,27.52,0,2.95,0,2.95
0.4,10.4,0.00,0.00,0,2.95,0,27.52,0,2.95,0,2.95
0.4,10.4,0.00,0.00,0,2.95,0,27.52,0,2.95,0,2.95
0.4,10.4,0.00,0.00,0,2.95,0,27.52,0,2.95,0,2.95
0.6,10.4,0.00,0.00,0,2.95,0,27.52,0,2.95,0,2.95
0.2,10.4,0.00,0.00,0,2.95,0,27.52,0,2.95,0,2.95
0.2,10.4,0.00,0.00,0,2.95,0,27.52,0,2.95,0,2.95
0.2,10.4,0.00,0.00,0,2.95,0,27.52,0,2.95,0,2.95
0.2,10.4,0.00,0.00,0,2.95,0,27.52,0,2.95,0,2.95
0.6,10.4,0.00,0.00,0,2.95,0,27.52,0,2.95,0,2.95
0.2,10.4,0.00,0.00,0,2.95,0,27.52,0,2.95,0,2.95
0.6,10.4,0.00,0.00,0,2.95,0,27.52,0,2.95,0,2.95
0.4,10.4,0.00,0.00,0,2.95,0,27.52,0,2.95,0,2.95
0.2,10.4,0.00,0.00,0,2.95,0,27.52,0,2.95,0,2.95
1.7,10.4,0.00,0.00,0,2.95,0,27.52,0,2.95,0,2.95
0.4,10.4,0.00,0.00,0,2.95,0,27.52,0,2.95,0,2.95
0.4,10.4,0.00,0.00,0,2.95,0,27.52,0,2.95,0,2.95
0.2,10.4,0.00,0.00,0,2.95,0,27.52,0,2.95,0,2.95
0.2,10.4,0.00,0.00,0,2.95,0,27.52,0,2.95,0,2.95
0.2,10.4,0.00,0.00,0,2.95,0,27.52,0,2.95,0,2.95
0.6,10.4,0.00,0.00,0,2.95,0,27.52,0,2.95,0,2.95
0.2,10.4,0.00,0.00,0,2.95,0,27.52,0,2.95,0,2.95
0.4,10.4,0.00,0.00,0,2.95,0,27.52,0,2.95,0,2.95
1.6,10.4,0.00,0.00,0,2.95,0,27.52,0,2.95,0,2.95
0.4,10.4,0.00,0.00,0,2.95,0,27.52,0,2.95,0,2.95
1.0,10.4,0.00,0.00,0,2.95,0,27.52,0,2.95,0,2.95
0.0,10.4,0.00,0.00,0,2.95,0,27.52,0,2.95,0,2.95
0.6,10.4,0.00,0.00,0,2.95,0,27.52,0,2.95,0,2.95
0.4,10.4,0.00,0.00,0,2.95,0,27.52,0,2.95,0,2.95
1.0,10.4,0.00,0.00,0,2.95,0,27.52,0,2.95,0,2.95
0.6,10.4,0.00,0.00,0,2.95,0,27.52,0,2.95,0,2.95
0.2,10.4,0.00,0.00,0,2.95,0,27.52,0,2.95,0,2.95
0.6,10.4,0.00,0.00,0,2.95,0,27.52,0,2.95,0,2.95
0.0,10.4,0.00,0.00,0,2.95,0,27.52,0,2.95,0,2.95
0.4,10.4,0.00,0.00,0,2.95,0,27.52,0,2.95,0,2.95
2.3,10.4,0.00,0.00,0,2.95,0,27.52,0,2.95,0,2.95
0.8,10.4,0.00,0.00,0,2.95,0,27.52,0,2.95,0,2.95
0.4,10.4,0.00,0.00,0,2.95,0,27.52,0,2.95,0,2.95
0.6,10.4,0.00,0.00,0,2.95,0,27.52,0,2.95,0,2.95
0.4,10.4,0.00,0.00,0,2.95,0,27.52,0,2.95,0,2.95
0.0,10.4,0.00,0.00,0,2.95,0,27.52,0,2.95,0,2.95
0.2,10.4,0.00,0.00,0,2.95,0,27.52,0,2.95,0,2.95
0.0,10.4,0.00,0.00,0,2.95,0,27.52,0,2.95,0,2.95
0.0,10.4,0.00,0.00,0,2.95,0,27.52,0,2.95,0,2.95
0.6,10.4,0.00,0.00,0,2.95,0,27.52,0,2.95,0,2.95
0.4,10.4,0.00,0.00,0,2.95,0,27.52,0,2.95,0,2.95
0.8,10.4,0.00,0.00,0,2.95,0,27.52,0,2.95,0,2.95
0.0,10.4,0.00,0.00,0,2.95,0,27.52,0,2.95,0,2.95
0.0,10.4,0.00,0.00,0,2.95,0,27.52,0,2.95,0,2.95
0.0,10.4,0.00,0.00,0,2.95,0,27.52,0,2.95,0,2.95
0.6,10.4,0.00,0.00,0,2.95,0,27.52,0,2.95,0,2.95
0.2,10.4,0.00,0.00,0,2.95,0,27.52,0,2.95,0,2.95
0.4,10.4,0.00,0.00,0,2.95,0,27.52,0,2.95,0,2.95
0.0,10.4,0.00,0.00,0,2.95,0,27.52,0,2.95,0,2.95
0.2,10.4,0.00,0.00,0,2.95,0,27.52,0,2.95,0,2.95
0.4,10.4,0.00,0.00,0,2.95,0,27.52,0,2.95,0,2.95
1.5,10.4,0.00,0.00,0,2.95,0,27.52,0,2.95,0,2.95
0.6,10.4,0.00,0.00,0,2.95,0,27.52,0,2.95,0,2.95
0.6,10.4,0.00,0.00,0,2.95,0,27.52,0,2.95,0,2.95
0.4,10.4,0.00,0.00,0,2.95,0,27.52,0,2.95,0,2.95
0.0,10.4,0.00,0.00,0,2.95,0,27.52,0,2.95,0,2.95
0.2,10.4,0.00,0.00,0,2.95,0,27.52,0,2.95,0,2.95
0.4,10.4,0.00,0.00,0,2.95,0,27.52,0,2.95,0,2.95
0.4,10.4,0.00,0.00,0,2.95,0,27.52,0,2.95,0,2.95
0.4,10.4,0.00,0.00,0,2.95,0,27.52,0,2.95,0,2.95
0.2,10.4,0.00,0.00,0,2.95,0,27.52,0,2.95,0,2.95
0.2,10.4,0.00,0.00,0,2.95,0,27.52,0,2.95,0,2.95
0.6,10.4,0.00,0.00,0,2.95,0,27.52,0,2.95,0,2.95
0.2,10.4,0.00,0.00,0,2.95,0,27.52,0,2.95,0,2.95
0.4,10.4,0.00,0.00,0,2.95,0,27.52,0,2.95,0,2.95
0.0,10.4,0.00,0.00,0,2.95,0,27.52,0,2.95,0,2.95
0.2,10.4,0.00,0.00,0,2.95,0,27.52,0,2.95,0,2.95
0.4,10.4,0.00,0.00,0,2.95,0,27.52,0,2.95,0,2.95
0.4,10.4,0.00,0.00,0,2.95,0,27.52,0,2.95,0,2.95
0.6,10.4,0.00,0.00,0,2.95,0,27.52,0,2.95,0,2.95
0.2,10.4,0.00,0.00,0,2.95,0,27.52,0,2.95,0,2.95
0.4,10.4,0.00,0.00,0,2.95,0,27.52,0,2.95,0,2.95
1.9,10.4,0.00,0.00,0,2.95,0,27.52,0,2.95,0,2.95
0.4,10.4,0.00,0.00,0,2.95,0,27.52,0,2.95,0,2.95
0.4,10.4,0.00,0.00,0,2.95,0,27.52,0,2.95,0,2.95
0.4,10.4,0.00,0.00,0,2.95,0,27.52,0,2.95,0,2.95
0.6,10.4,0.00,0.00,0,2.95,0,27.52,0,2.95,0,2.95
0.4,10.4,0.00,0.00,0,2.95,0,27.52,0,2.95,0,2.95
0.4,10.4,0.00,0.00,0,2.95,0,27.52,0,2.95,0,2.95
0.0,10.4,0.00,0.00,0,2.95,0,27.52,0,2.95,0,2.95
0.2,10.4,0.00,0.00,0,2.95,0,27.52,0,2.95,0,2.95
0.4,10.4,0.00,0.00,0,2.95,0,27.52,0,2.95,0,2.95
0.6,10.4,0.00,0.00,0,2.95,0,27.52,0,2.95,0,2.95
1.0,10.4,0.00,0.00,0,2.95,0,27.52,0,2.95,0,2.95
0.4,10.4,0.00,0.00,0,2.95,0,27.52,0,2.95,0,2.95
0.4,10.4,0.00,0.00,0,2.95,0,27.52,0,2.95,0,2.95
1.7,10.4,0.00,0.00,0,2.95,0,27.52,0,2.95,0,2.95
0.4,10.4,0.00,0.00,0,2.95,0,27.52,0,2.95,0,2.95
0.4,10.4,0.00,0.00,0,2.95,0,27.52,0,2.95,0,2.95
0.4,10.4,0.00,0.00,0,2.95,0,27.52,0,2.95,0,2.95
0.2,10.4,0.00,0.00,0,2.95,0,27.52,0,2.95,0,2.95
0.2,10.4,0.00,0.00,0,2.95,0,27.52,0,2.95,0,2.95
0.6,10.4,0.00,0.00,0,2.95,0,27.52,0,2.95,0,2.95
2.3,10.4,0.00,0.00,0,2.95,0,27.52,0,2.95,0,2.95
0.2,10.4,0.00,0.00,0,2.95,0,27.52,0,2.95,0,2.95
0.4,10.4,0.00,0.00,0,2.95,0,27.52,0,2.95,0,2.95
0.4,10.4,0.00,0.00,0,2.95,0,27.52,0,2.95,0,2.95
0.0,10.4,0.00,0.00,0,2.95,0,27.52,0,2.95,0,2.95
0.2,10.4,0.00,0.00,0,2.95,0,27.52,0,2.95,0,2.95
0.2,10.4,0.00,0.00,0,2.95,0,27.52,0,2.95,0,2.95
0.2,10.4,0.00,0.00,0,2.95,0,27.52,0,2.95,0,2.95
0.2,10.4,0.00,0.00,0,2.95,0,27.52,0,2.95,0,2.95
0.2,10.4,0.00,0.00,0,2.95,0,27.52,0,2.95,0,2.95
0.2,10.4,0.00,0.00,0,2.95,0,27.52,0,2.95,0,2.95
0.6,10.4,0.00,0.00,0,2.95,0,27.52,0,2.95,0,2.95
0.0,10.4,0.00,0.00,0,2.95,0,27.52,0,2.95,0,2.95
0.2,10.4,0.00,0.00,0,2.95,0,27.52,0,2.95,0,2.95
0.4,10.4,0.00,0.00,0,2.95,0,27.52,0,2.95,0,2.95
0.2,10.4,0.00,0.00,0,2.95,0,27.52,0,2.95,0,2.95
0.6,10.4,0.00,0.00,0,2.95,0,27.52,0,2.95,0,2.95
0.2,10.4,0.00,0.00,0,2.95,0,27.52,0,2.95,0,2.95
0.4,10.4,0.00,0.00,0,2.95,0,27.52,0,2.95,0,2.95
0.2,10.4,0.00,0.00,0,2.95,0,27.52,0,2.95,0,2.95
0.4,10.4,0.00,0.00,0,2.95,0,27.52,0,2.95,0,2.95
2.1,10.4,0.00,0.00,0,2.95,0,27.52,0,2.95,0,2.95
0.2,10.4,0.00,0.00,0,2.95,0,27.52,0,2.95,0,2.95
0.4,10.4,0.00,0.00,0,2.95,0,27.52,0,2.95,0,2.95
0.2,10.4,0.00,0.00,0,2.95,0,27.52,0,2.95,0,2.95
0.4,10.4,0.00,0.00,0,2.95,0,27.52,0,2.95,0,2.95
0.2,10.4,0.00,0.00,0,2.95,0,27.52,0,2.95,0,2.95
0.2,10.4,0.00,0.00,0,2.95,0,27.52,0,2.95,0,2.95
0.2,10.4,0.00,0.00,0,2.95,0,27.52,0,2.95,0,2.95
0.2,10.4,0.00,0.00,0,2.95,0,27.52,0,2.95,0,2.95
0.4,10.4,0.00,0.00,0,2.95,0,27.52,0,2.95,0,2.95
0.2,10.4,0.00,0.00,0,2.95,0,27.52,0,2.95,0,2.95
0.6,10.4,0.00,0.00,0,2.95,0,27.52,0,2.95,0,2.95
0.0,10.4,0.00,0.00,0,2.95,0,27.52,0,2.95,0,2.95
0.0,10.4,0.00,0.00,0,2.95,0,27.52,0,2.95,0,2.95
0.2,10.4,0.00,0.00,0,2.95,0,27.52,0,2.95,0,2.95
0.2,10.4,0.00,0.00,0,2.95,0,27.52,0,2.95,0,2.95
0.2,10.4,0.00,0.00,0,2.95,0,27.52,0,2.95,0,2.95
0.2,10.4,0.00,0.00,0,2.95,0,27.52,0,2.95,0,2.95
0.2,10.4,0.00,0.00,0,2.95,0,27.52,0,2.95,0,2.95
0.4,10.4,0.00,0.00,0,2.95,0,27.52,0,2.95,0,2.95
0.6,10.4,0.00,0.00,0,2.95,0,27.52,0,2.95,0,2.95
2.3,10.4,0.00,0.00,0,2.95,0,27.52,0,2.95,0,2.95
0.2,10.4,0.00,0.00,0,2.95,0,27.52,0,2.95,0,2.95
0.4,10.4,0.00,0.00,0,2.95,0,27.52,0,2.95,0,2.95
0.2,10.4,0.00,0.00,0,2.95,0,27.52,0,2.95,0,2.95
0.6,10.4,0.00,0.00,0,2.95,0,27.52,0,2.95,0,2.95
0.2,10.4,0.00,0.00,0,2.95,0,27.52,0,2.95,0,2.95
0.4,10.4,0.00,0.00,0,2.95,0,27.52,0,2.95,0,2.95
0.0,10.4,0.00,0.00,0,2.95,0,27.52,0,2.95,0,2.95
0.4,10.4,0.00,0.00,0,2.95,0,27.52,0,2.95,0,2.95
1.7,10.4,0.00,0.00,0,2.95,0,27.52,0,2.95,0,2.95
1.9,10.4,0.00,0.00,0,2.95,0,27.52,0,2.95,0,2.95
0.8,10.4,0.00,0.00,0,2.95,0,27.52,0,2.95,0,2.95
0.6,10.4,0.00,0.00,0,2.95,0,27.52,0,2.95,0,2.95
0.6,10.4,0.00,0.00,0,2.95,0,27.52,0,2.95,0,2.95
0.0,10.4,0.00,0.00,0,2.95,0,27.52,0,2.95,0,2.95
0.0,10.4,0.00,0.00,0,2.95,0,27.52,0,2.95,0,2.95
0.2,10.4,0.00,0.00,0,2.95,0,27.52,0,2.95,0,2.95
0.0,10.4,0.00,0.00,0,2.95,0,27.52,0,2.95,0,2.95
0.2,10.4,0.00,0.00,0,2.95,0,27.52,0,2.95,0,2.95
0.2,10.4,0.00,0.00,0,2.95,0,27.52,0,2.95,0,2.95
0.2,10.4,0.00,0.00,0,2.95,0,27.52,0,2.95,0,2.95
1.9,10.4,0.00,0.00,0,2.95,0,27.52,0,2.95,0,2.95
0.4,10.4,0.00,0.00,0,2.95,0,27.52,0,2.95,0,2.95
0.6,10.4,0.00,0.00,0,2.95,0,27.52,0,2.95,0,2.95
0.4,10.4,0.00,0.00,0,2.95,0,27.52,0,2.95,0,2.95
0.2,10.4,0.00,0.00,0,2.95,0,27.52,0,2.95,0,2.95
0.6,10.4,0.00,0.00,0,2.95,0,27.52,0,2.95,0,2.95
0.2,10.4,0.00,0.00,0,2.95,0,27.52,0,2.95,0,2.95
0.4,10.4,0.00,0.00,0,2.95,0,27.52,0,2.95,0,2.95
0.0,10.4,0.00,0.00,0,2.95,0,27.52,0,2.95,0,2.95
0.4,10.4,0.00,0.00,0,2.95,0,27.52,0,2.95,0,2.95
0.2,10.4,0.00,0.00,0,2.95,0,27.52,0,2.95,0,2.95
0.4,10.4,0.00,0.00,0,2.95,0,27.52,0,2.95,0,2.95
0.4,10.4,0.00,0.00,0,2.95,0,27.52,0,2.95,0,2.95
0.4,10.4,0.00,0.00,0,2.95,0,27.52,0,2.95,0,2.95
0.2,10.4,0.00,0.00,0,2.95,0,27.52,0,2.95,0,2.95
0.2,10.4,0.00,0.00,0,2.95,0,27.52,0,2.95,0,2.95
0.2,10.4,0.00,0.00,0,2.95,0,27.52,0,2.95,0,2.95
0.4,10.4,0.00,0.00,0,2.95,0,27.52,0,2.95,0,2.95
0.2,10.4,0.00,0.00,0,2.95,0,27.52,0,2.95,0,2.95
0.2,10.4,0.00,0.00,0,2.95,0,27.52,0,2.95,0,2.95
0.0,10.4,0.00,0.00,0,2.95,0,27.52,0,2.95,0,2.95
2.7,10.4,0.00,0.00,0,2.95,0,27.52,0,2.95,0,2.95
0.6,10.4,0.00,0.00,0,2.95,0,27.52,0,2.95,0,2.95
0.4,10.4,0.00,0.00,0,2.95,0,27.52,0,2.95,0,2.95
0.2,10.4,0.00,0.00,0,2.95,0,27.52,0,2.95,0,2.95
0.4,10.4,0.00,0.00,0,2.95,0,27.52,0,2.95,0,2.95
0.0,10.4,0.00,0.00,0,2.95,0,27.52,0,2.95,0,2.95
0.4,10.4,0.00,0.00,0,2.95,0,27.52,0,2.95,0,2.95
0.2,10.4,0.00,0.00,0,2.95,0,27.52,0,2.95,0,2.95
0.2,10.4,0.00,0.00,0,2.95,0,27.52,0,2.95,0,2.95
0.2,10.4,0.00,0.00,0,2.95,0,27.52,0,2.95,0,2.95
0.2,10.4,0.00,0.00,0,2.95,0,27.52,0,2.95,0,2.95
0.4,10.4,0.00,0.00,0,2.95,0,27.52,0,2.95,0,2.95
0.4,10.4,0.00,0.00,0,2.95,0,27.52,0,2.95,0,2.95
0.0,10.4,0.00,0.00,0,2.95,0,27.52,0,2.95,0,2.95
0.4,10.4,0.00,0.00,0,2.95,0,27.52,0,2.95,0,2.95
0.0,10.4,0.00,0.00,0,2.95,0,27.52,0,2.95,0,2.95
0.6,10.4,0.00,0.00,0,2.95,0,27.52,0,2.95,0,2.95
0.0,10.4,0.00,0.00,0,2.95,0,27.52,0,2.95,0,2.95
0.2,10.4,0.00,0.00,0,2.95,0,27.52,0,2.95,0,2.95
0.4,10.4,0.00,0.00,0,2.95,0,27.52,0,2.95,0,2.95
0.0,10.4,0.00,0.00,0,2.95,0,27.52,0,2.95,0,2.95
2.3,10.4,0.00,0.00,0,2.95,0,27.52,0,2.95,0,2.95
0.4,10.4,0.00,0.00,0,2.95,0,27.52,0,2.95,0,2.95
0.2,10.4,0.00,0.00,0,2.95,0,27.52,0,2.95,0,2.95
0.0,10.4,0.00,0.00,0,2.95,0,27.52,0,2.95,0,2.95
0.4,10.4,0.00,0.00,0,2.95,0,27.52,0,2.95,0,2.95
0.4,10.4,0.00,0.00,0,2.95,0,27.52,0,2.95,0,2.95
0.4,10.4,0.00,0.00,0,2.95,0,27.52,0,2.95,0,2.95
0.8,10.4,0.00,0.00,0,2.95,0,27.52,0,2.95,0,2.95
0.4,10.4,0.00,0.00,0,2.95,0,27.52,0,2.95,0,2.95
0.8,10.4,0.00,0.00,0,2.95,0,27.52,0,2.95,0,2.95
0.6,10.4,0.00,0.00,0,2.95,0,27.52,0,2.95,0,2.95
0.4,10.4,0.00,0.00,0,2.95,0,27.52,0,2.95,0,2.95
0.6,10.4,0.00,0.00,0,2.95,0,27.52,0,2.95,0,2.95
0.4,10.4,0.00,0.00,0,2.95,0,27.52,0,2.95,0,2.95
0.4,10.4,0.00,0.00,0,2.95,0,27.52,0,2.95,0,2.95
0.0,10.4,0.00,0.00,0,2.95,0,27.52,0,2.95,0,2.95
0.2,10.4,0.00,0.00,0,2.95,0,27.52,0,2.95,0,2.95
0.2,10.4,0.00,0.00,0,2.95,0,27.52,0,2.95,0,2.95
0.2,10.4,0.00,0.00,0,2.95,0,27.52,0,2.95,0,2.95
0.6,10.4,0.00,0.00,0,2.95,0,27.52,0,2.95,0,2.95
0.0,10.4,0.00,0.00,0,2.95,0,27.52,0,2.95,0,2.95
2.1,10.4,0.00,0.00,0,2.95,0,27.52,0,2.95,0,2.95
0.6,10.4,0.00,0.00,0,2.95,0,27.52,0,2.95,0,2.95
0.6,10.4,0.00,0.00,0,2.95,0,27.52,0,2.95,0,2.95
0.4,10.4,0.00,0.00,0,2.95,0,27.52,0,2.95,0,2.95
0.8,10.4,0.00,0.00,0,2.95,0,27.52,0,2.95,0,2.95
0.2,10.4,0.00,0.00,0,2.95,0,27.52,0,2.95,0,2.95
0.0,10.4,0.00,0.00,0,2.95,0,27.52,0,2.95,0,2.95
0.4,10.4,0.00,0.00,0,2.95,0,27.52,0,2.95,0,2.95
0.0,10.4,0.00,0.00,0,2.95,0,27.52,0,2.95,0,2.95
0.4,10.4,0.00,0.00,0,2.95,0,27.52,0,2.95,0,2.95
0.2,10.4,0.00,0.00,0,2.95,0,27.52,0,2.95,0,2.95
0.6,10.4,0.00,0.00,0,2.95,0,27.52,0,2.95,0,2.95
0.0,10.4,0.00,0.00,0,2.95,0,27.52,0,2.95,0,2.95
0.4,10.4,0.00,0.00,0,2.95,0,27.52,0,2.95,0,2.95
0.2,10.4,0.00,0.00,0,2.95,0,27.52,0,2.95,0,2.95
0.2,10.4,0.00,0.00,0,2.95,0,27.52,0,2.95,0,2.95
0.4,10.4,0.00,0.00,0,2.95,0,27.52,0,2.95,0,2.95
0.2,10.4,0.00,0.00,0,2.95,0,27.52,0,2.95,0,2.95
0.4,10.4,0.00,0.00,0,2.95,0,27.52,0,2.95,0,2.95
0.4,10.4,0.00,0.00,0,2.95,0,27.52,0,2.95,0,2.95
0.0,10.4,0.00,0.00,0,2.95,0,27.52,0,2.95,0,2.95
2.1,10.4,0.00,0.00,0,2.95,0,27.52,0,2.95,0,2.95
0.2,10.4,0.00,0.00,0,2.95,0,27.52,0,2.95,0,2.95
0.4,10.4,0.00,0.00,0,2.95,0,27.52,0,2.95,0,2.95
0.4,10.4,0.00,0.00,0,2.95,0,27.52,0,2.95,0,2.95
0.4,10.4,0.00,0.00,0,2.95,0,27.52,0,2.95,0,2.95
0.2,10.4,0.00,0.00,0,2.95,0,27.52,0,2.95,0,2.95
0.2,10.4,0.00,0.00,0,2.95,0,27.52,0,2.95,0,2.95
0.2,10.4,0.00,0.00,0,2.95,0,27.52,0,2.95,0,2.95
0.4,10.4,0.00,0.00,0,2.95,0,27.52,0,2.95,0,2.95
0.6,10.4,0.00,0.00,0,2.95,0,27.52,0,2.95,0,2.95
1.7,10.4,0.00,0.00,0,2.95,0,27.52,0,2.95,0,2.95
1.9,10.4,0.00,0.00,0,2.95,0,27.52,0,2.95,0,2.95
0.2,10.4,0.00,0.00,0,2.95,0,27.52,0,2.95,0,2.95
0.4,10.4,0.00,0.00,0,2.95,0,27.52,0,2.95,0,2.95
0.4,10.4,0.00,0.00,0,2.95,0,27.52,0,2.95,0,2.95
0.0,10.4,0.00,0.00,0,2.95,0,27.52,0,2.95,0,2.95
0.2,10.4,0.00,0.00,0,2.95,0,27.52,0,2.95,0,2.95
0.2,10.4,0.00,0.00,0,2.95,0,27.52,0,2.95,0,2.95
0.6,10.4,0.00,0.00,0,2.95,0,27.52,0,2.95,0,2.95
0.2,10.4,0.00,0.00,0,2.95,0,27.52,0,2.95,0,2.95
0.4,10.4,0.00,0.00,0,2.95,0,27.52,0,2.95,0,2.95
0.6,10.4,0.00,0.00,0,2.95,0,27.52,0,2.95,0,2.95
0.2,10.4,0.00,0.00,0,2.95,0,27.52,0,2.95,0,2.95
0.2,10.4,0.00,0.00,0,2.95,0,27.52,0,2.95,0,2.95
0.2,10.4,0.00,0.00,0,2.95,0,27.52,0,2.95,0,2.95
0.4,10.4,0.00,0.00,0,2.95,0,27.52,0,2.95,0,2.95
0.0,10.4,0.00,0.00,0,2.95,0,27.52,0,2.95,0,2.95
0.6,10.4,0.00,0.00,0,2.95,0,27.52,0,2.95,0,2.95
0.2,10.4,0.00,0.00,0,2.95,0,27.52,0,2.95,0,2.95
0.2,10.4,0.00,0.00,0,2.95,0,27.52,0,2.95,0,2.95
0.2,10.4,0.00,0.00,0,2.95,0,27.52,0,2.95,0,2.95
2.5,10.4,0.00,0.00,0,2.95,0,27.52,0,2.95,0,2.95
0.4,10.4,0.00,0.00,0,2.95,0,27.52,0,2.95,0,2.95
0.4,10.4,0.00,0.00,0,2.95,0,27.52,0,2.95,0,2.95
0.0,10.4,0.00,0.00,0,2.95,0,27.52,0,2.95,0,2.95
0.6,10.4,0.00,0.00,0,2.95,0,27.52,0,2.95,0,2.95
0.6,10.4,0.00,0.00,0,2.95,0,27.52,0,2.95,0,2.95
0.4,10.4,0.00,0.00,0,2.95,0,27.52,0,2.95,0,2.95
0.6,10.4,0.00,0.00,0,2.95,0,27.52,0,2.95,0,2.95
0.6,10.4,0.00,0.00,0,2.95,0,27.52,0,2.95,0,2.95
1.0,10.4,0.00,0.00,0,2.95,0,27.52,0,2.95,0,2.95
0.6,10.4,0.00,0.00,0,2.95,0,27.52,0,2.95,0,2.95
0.8,10.4,0.00,0.00,0,2.95,0,27.52,0,2.95,0,2.95
0.6,10.4,0.00,0.00,0,2.95,0,27.52,0,2.95,0,2.95
0.0,10.4,0.00,0.00,0,2.95,0,27.52,0,2.95,0,2.95
0.4,10.4,0.00,0.00,0,2.95,0,27.52,0,2.95,0,2.95
0.6,10.4,0.00,0.00,0,2.95,0,27.52,0,2.95,0,2.95
0.2,10.4,0.00,0.00,0,2.95,0,27.52,0,2.95,0,2.95
0.2,10.4,0.00,0.00,0,2.95,0,27.52,0,2.95,0,2.95
0.2,10.4,0.00,0.00,0,2.95,0,27.52,0,2.95,0,2.95
0.4,10.4,0.00,0.00,0,2.95,0,27.52,0,2.95,0,2.95
0.2,10.4,0.00,0.00,0,2.95,0,27.52,0,2.95,0,2.95
2.3,10.4,0.00,0.00,0,2.95,0,27.52,0,2.95,0,2.95
0.2,10.4,0.00,0.00,0,2.95,0,27.52,0,2.95,0,2.95
0.2,10.4,0.00,0.00,0,2.95,0,27.52,0,2.95,0,2.95
0.2,10.4,0.00,0.00,0,2.95,0,27.52,0,2.95,0,2.95
0.0,10.4,0.00,0.00,0,2.95,0,27.52,0,2.95,0,2.95
0.2,10.4,0.00,0.00,0,2.95,0,27.52,0,2.95,0,2.95
0.0,10.4,0.00,0.00,0,2.95,0,27.52,0,2.95,0,2.95
0.2,10.4,0.00,0.00,0,2.95,0,27.52,0,2.95,0,2.95
0.6,10.4,0.00,0.00,0,2.95,0,27.52,0,2.95,0,2.95
0.2,10.4,0.00,0.00,0,2.95,0,27.52,0,2.95,0,2.95
0.4,10.4,0.00,0.00,0,2.95,0,27.52,0,2.95,0,2.95
0.6,10.4,0.00,0.00,0,2.95,0,27.52,0,2.95,0,2.95
0.2,10.4,0.00,0.00,0,2.95,0,27.52,0,2.95,0,2.95
0.0,10.4,0.00,0.00,0,2.95,0,27.52,0,2.95,0,2.95
0.0,10.4,0.00,0.00,0,2.95,0,27.52,0,2.95,0,2.95
0.4,10.4,0.00,0.00,0,2.95,0,27.52,0,2.95,0,2.95
0.4,10.4,0.00,0.00,0,2.95,0,27.52,0,2.95,0,2.95
0.2,10.4,0.00,0.00,0,2.95,0,27.52,0,2.95,0,2.95
0.2,10.4,0.00,0.00,0,2.95,0,27.52,0,2.95,0,2.95
0.2,10.4,0.00,0.00,0,2.95,0,27.52,0,2.95,0,2.95
0.2,10.4,0.00,0.00,0,2.95,0,27.52,0,2.95,0,2.95
2.9,10.4,0.00,0.00,0,2.95,0,27.52,0,2.95,0,2.95
0.8,10.4,0.00,0.00,0,2.95,0,27.52,0,2.95,0,2.95
0.4,10.4,0.00,0.00,0,2.95,0,27.52,0,2.95,0,2.95
0.2,10.4,0.00,0.00,0,2.95,0,27.52,0,2.95,0,2.95
0.2,10.4,0.00,0.00,0,2.95,0,27.52,0,2.95,0,2.95
0.4,10.4,0.00,0.00,0,2.95,0,27.52,0,2.95,0,2.95
0.4,10.4,0.00,0.00,0,2.95,0,27.52,0,2.95,0,2.95
0.4,10.4,0.00,0.00,0,2.95,0,27.52,0,2.95,0,2.95
0.6,10.4,0.00,0.00,0,2.95,0,27.52,0,2.95,0,2.95
0.8,10.4,0.00,0.00,0,2.95,0,27.52,0,2.95,0,2.95
0.2,10.4,0.00,0.00,0,2.95,0,27.52,0,2.95,0,2.95
0.2,10.4,0.00,0.00,0,2.95,0,27.52,0,2.95,0,2.95
0.2,10.4,0.00,0.00,0,2.95,0,27.52,0,2.95,0,2.95
0.0,10.4,0.00,0.00,0,2.95,0,27.52,0,2.95,0,2.95
0.2,10.4,0.00,0.00,0,2.95,0,27.52,0,2.95,0,2.95
0.6,10.4,0.00,0.00,0,2.95,0,27.52,0,2.95,0,2.95
0.0,10.4,0.00,0.00,0,2.95,0,27.52,0,2.95,0,2.95
0.0,10.4,0.00,0.00,0,2.95,0,27.52,0,2.95,0,2.95
0.0,10.4,0.00,0.00,0,2.95,0,27.52,0,2.95,0,2.95
0.0,10.4,0.00,0.00,0,2.95,0,27.52,0,2.95,0,2.95
0.6,10.4,0.00,0.00,0,2.95,0,27.52,0,2.95,0,2.95
2.3,10.4,0.00,0.00,0,2.95,0,27.52,0,2.95,0,2.95
0.8,10.4,0.00,0.00,0,2.95,0,27.52,0,2.95,0,2.95
0.0,10.4,0.00,0.00,0,2.95,0,27.52,0,2.95,0,2.95
0.2,10.4,0.00,0.00,0,2.95,0,27.52,0,2.95,0,2.95
0.2,10.4,0.00,0.00,0,2.95,0,27.52,0,2.95,0,2.95
0.4,10.4,0.00,0.00,0,2.95,0,27.52,0,2.95,0,2.95
0.2,10.4,0.00,0.00,0,2.95,0,27.52,0,2.95,0,2.95
0.2,10.4,0.00,0.00,0,2.95,0,27.52,0,2.95,0,2.95
0.6,10.4,0.00,0.00,0,2.95,0,27.52,0,2.95,0,2.95
0.6,10.4,0.00,0.00,0,2.95,0,27.52,0,2.95,0,2.95
1.0,10.4,0.00,0.00,0,2.95,0,27.52,0,2.95,0,2.95
0.6,10.4,0.00,0.00,0,2.95,0,27.52,0,2.95,0,2.95
0.4,10.4,0.00,0.00,0,2.95,0,27.52,0,2.95,0,2.95
0.4,10.4,0.00,0.00,0,2.95,0,27.52,0,2.95,0,2.95
0.4,10.4,0.00,0.00,0,2.95,0,27.52,0,2.95,0,2.95
0.6,10.4,0.00,0.00,0,2.95,0,27.52,0,2.95,0,2.95
0.6,10.4,0.00,0.00,0,2.95,0,27.52,0,2.95,0,2.95
0.4,10.4,0.00,0.00,0,2.95,0,27.52,0,2.95,0,2.95
0.0,10.4,0.00,0.00,0,2.95,0,27.52,0,2.95,0,2.95
0.4,10.4,0.00,0.00,0,2.95,0,27.52,0,2.95,0,2.95
0.4,10.4,0.00,0.00,0,2.95,0,27.52,0,2.95,0,2.95
1.7,10.4,0.00,0.00,0,2.95,0,27.52,0,2.95,0,2.95
0.4,10.4,0.00,0.00,0,2.95,0,27.52,0,2.95,0,2.95
0.4,10.4,0.00,0.00,0,2.95,0,27.52,0,2.95,0,2.95
0.6,10.4,0.00,0.00,0,2.95,0,27.52,0,2.95,0,2.95
0.2,10.4,0.00,0.00,0,2.95,0,27.52,0,2.95,0,2.95
0.4,10.4,0.00,0.00,0,2.95,0,27.52,0,2.95,0,2.95
0.4,10.4,0.00,0.00,0,2.95,0,27.52,0,2.95,0,2.95
0.4,10.4,0.00,0.00,0,2.95,0,27.52,0,2.95,0,2.95
0.4,10.4,0.00,0.00,0,2.95,0,27.52,0,2.95,0,2.95
0.4,10.4,0.00,0.00,0,2.95,0,27.52,0,2.95,0,2.95
1.5,10.4,0.00,0.00,0,2.95,0,27.52,0,2.95,0,2.95
0.4,10.4,0.00,0.00,0,2.95,0,27.52,0,2.95,0,2.95
0.0,10.4,0.00,0.00,0,2.95,0,27.52,0,2.95,0,2.95
0.2,10.4,0.00,0.00,0,2.95,0,27.52,0,2.95,0,2.95
0.0,10.4,0.00,0.00,0,2.95,0,27.52,0,2.95,0,2.95
0.0,10.4,0.00,0.00,0,2.95,0,27.52,0,2.95,0,2.95
0.2,10.4,0.00,0.00,0,2.95,0,27.52,0,2.95,0,2.95
0.6,10.4,0.00,0.00,0,2.95,0,27.52,0,2.95,0,2.95
0.2,10.4,0.00,0.00,0,2.95,0,27.52,0,2.95,0,2.95
0.0,10.4,0.00,0.00,0,2.95,0,27.52,0,2.95,0,2.95
0.2,10.4,0.00,0.00,0,2.95,0,27.52,0,2.95,0,2.95
0.6,10.4,0.00,0.00,0,2.95,0,27.52,0,2.95,0,2.95
0.0,10.4,0.00,0.00,0,2.95,0,27.52,0,2.95,0,2.95
0.2,10.4,0.00,0.00,0,2.95,0,27.52,0,2.95,0,2.95
0.2,10.4,0.00,0.00,0,2.95,0,27.52,0,2.95,0,2.95
0.4,10.4,0.00,0.00,0,2.95,0,27.52,0,2.95,0,2.95
0.2,10.4,0.00,0.00,0,2.95,0,27.52,0,2.95,0,2.95
0.0,10.4,0.00,0.00,0,2.95,0,27.52,0,2.95,0,2.95
0.4,10.4,0.00,0.00,0,2.95,0,27.52,0,2.95,0,2.95
0.0,10.4,0.00,0.00,0,2.95,0,27.52,0,2.95,0,2.95
0.4,10.4,0.00,0.00,0,2.95,0,27.52,0,2.95,0,2.95
2.5,10.4,0.00,0.00,0,2.95,0,27.52,0,2.95,0,2.95
0.4,10.4,0.00,0.00,0,2.95,0,27.52,0,2.95,0,2.95
0.2,10.4,0.00,0.00,0,2.95,0,27.52,0,2.95,0,2.95
0.0,10.4,0.00,0.00,0,2.95,0,27.52,0,2.95,0,2.95
0.0,10.4,0.00,0.00,0,2.95,0,27.52,0,2.95,0,2.95
0.2,10.4,0.00,0.00,0,2.95,0,27.52,0,2.95,0,2.95
0.4,10.4,0.00,0.00,0,2.95,0,27.52,0,2.95,0,2.95
0.4,10.4,0.00,0.00,0,2.95,0,27.52,0,2.95,0,2.95
0.4,10.4,0.00,0.00,0,2.95,0,27.52,0,2.95,0,2.95
0.2,10.4,0.00,0.00,0,2.95,0,27.52,0,2.95,0,2.95
0.6,10.4,0.00,0.00,0,2.95,0,27.52,0,2.95,0,2.95
0.0,10.4,0.00,0.00,0,2.95,0,27.52,0,2.95,0,2.95
0.4,10.4,0.00,0.00,0,2.95,0,27.52,0,2.95,0,2.95
0.0,10.4,0.00,0.00,0,2.95,0,27.52,0,2.95,0,2.95
0.2,10.4,0.00,0.00,0,2.95,0,27.52,0,2.95,0,2.95
0.0,10.4,0.00,0.00,0,2.95,0,27.52,0,2.95,0,2.95
0.6,10.4,0.00,0.00,0,2.95,0,27.52,0,2.95,0,2.95
0.4,10.4,0.00,0.00,0,2.95,0,27.52,0,2.95,0,2.95
0.4,10.4,0.00,0.00,0,2.95,0,27.52,0,2.95,0,2.95
0.0,10.4,0.00,0.00,0,2.95,0,27.52,0,2.95,0,2.95
0.2,10.4,0.00,0.00,0,2.95,0,27.52,0,2.95,0,2.95
2.3,10.4,0.00,0.00,0,2.95,0,27.52,0,2.95,0,2.95
0.2,10.4,0.00,0.00,0,2.95,0,27.52,0,2.95,0,2.95
0.4,10.4,0.00,0.00,0,2.95,0,27.52,0,2.95,0,2.95
0.2,10.4,0.00,0.00,0,2.95,0,27.52,0,2.95,0,2.95
0.6,10.4,0.00,0.00,0,2.95,0,27.52,0,2.95,0,2.95
0.4,10.4,0.00,0.00,0,2.95,0,27.52,0,2.95,0,2.95
0.4,10.4,0.00,0.00,0,2.95,0,27.52,0,2.95,0,2.95
0.4,10.4,0.00,0.00,0,2.95,0,27.52,0,2.95,0,2.95
0.4,10.4,0.00,0.00,0,2.95,0,27.52,0,2.95,0,2.95
0.6,10.4,0.00,0.00,0,2.95,0,27.52,0,2.95,0,2.95
0.4,10.4,0.00,0.00,0,2.95,0,27.52,0,2.95,0,2.95
0.6,10.4,0.00,0.00,0,2.95,0,27.52,0,2.95,0,2.95
0.2,10.4,0.00,0.00,0,2.95,0,27.52,0,2.95,0,2.95
0.0,10.4,0.00,0.00,0,2.95,0,27.52,0,2.95,0,2.95
0.4,10.4,0.00,0.00,0,2.95,0,27.52,0,2.95,0,2.95
0.2,10.4,0.00,0.00,0,2.95,0,27.52,0,2.95,0,2.95
0.2,10.4,0.00,0.00,0,2.95,0,27.52,0,2.95,0,2.95
0.2,10.4,0.00,0.00,0,2.95,0,27.52,0,2.95,0,2.95
0.4,10.4,0.00,0.00,0,2.95,0,27.52,0,2.95,0,2.95
0.2,10.4,0.00,0.00,0,2.95,0,27.52,0,2.95,0,2.95
0.2,10.4,0.00,0.00,0,2.95,0,27.52,0,2.95,0,2.95
2.7,10.4,0.00,0.00,0,2.95,0,27.52,0,2.95,0,2.95
0.6,10.4,0.00,0.00,0,2.95,0,27.52,0,2.95,0,2.95
0.4,10.4,0.00,0.00,0,2.95,0,27.52,0,2.95,0,2.95
0.2,10.4,0.00,0.00,0,2.95,0,27.52,0,2.95,0,2.95
0.0,10.4,0.00,0.00,0,2.95,0,27.52,0,2.95,0,2.95
0.4,10.4,0.00,0.00,0,2.95,0,27.52,0,2.95,0,2.95
0.2,10.4,0.00,0.00,0,2.95,0,27.52,0,2.95,0,2.95
0.2,10.4,0.00,0.00,0,2.95,0,27.52,0,2.95,0,2.95
0.4,10.4,0.00,0.00,0,2.95,0,27.52,0,2.95,0,2.95
0.2,10.4,0.00,0.00,0,2.95,0,27.52,0,2.95,0,2.95
1.2,10.4,0.00,0.00,0,2.95,0,27.52,0,2.95,0,2.95
0.2,10.4,0.00,0.00,0,2.95,0,27.52,0,2.95,0,2.95
0.0,10.4,0.00,0.00,0,2.95,0,27.52,0,2.95,0,2.95
0.0,10.4,0.00,0.00,0,2.95,0,27.52,0,2.95,0,2.95
0.2,10.4,0.00,0.00,0,2.95,0,27.52,0,2.95,0,2.95
0.0,10.4,0.00,0.00,0,2.95,0,27.52,0,2.95,0,2.95
0.6,10.4,0.00,0.00,0,2.95,0,27.52,0,2.95,0,2.95
0.2,10.4,0.00,0.00,0,2.95,0,27.52,0,2.95,0,2.95
0.0,10.4,0.00,0.00,0,2.95,0,27.52,0,2.95,0,2.95
0.0,10.4,0.00,0.00,0,2.95,0,27.52,0,2.95,0,2.95
0.2,10.4,0.00,0.00,0,2.95,0,27.52,0,2.95,0,2.95
1.3,10.4,0.00,0.00,0,2.95,0,27.52,0,2.95,0,2.95
0.4,10.4,0.00,0.00,0,2.95,0,27.52,0,2.95,0,2.95
0.0,10.4,0.00,0.00,0,2.95,0,27.52,0,2.95,0,2.95
0.2,10.4,0.00,0.00,0,2.95,0,27.52,0,2.95,0,2.95
0.4,10.4,0.00,0.00,0,2.95,0,27.52,0,2.95,0,2.95
0.2,10.4,0.00,0.00,0,2.95,0,27.52,0,2.95,0,2.95
0.4,10.4,0.00,0.00,0,2.95,0,27.52,0,2.95,0,2.95
0.2,10.4,0.00,0.00,0,2.95,0,27.52,0,2.95,0,2.95
0.2,10.4,0.00,0.00,0,2.95,0,27.52,0,2.95,0,2.95
0.4,10.4,0.00,0.00,0,2.95,0,27.52,0,2.95,0,2.95
1.3,10.4,0.00,0.00,0,2.95,0,27.52,0,2.95,0,2.95
0.2,10.4,0.00,0.00,0,2.95,0,27.52,0,2.95,0,2.95
0.0,10.4,0.00,0.00,0,2.95,0,27.52,0,2.95,0,2.95
0.4,10.4,0.00,0.00,0,2.95,0,27.52,0,2.95,0,2.95
0.6,10.4,0.00,0.00,0,2.95,0,27.52,0,2.95,0,2.95
0.2,10.4,0.00,0.00,0,2.95,0,27.52,0,2.95,0,2.95
0.2,10.4,0.00,0.00,0,2.95,0,27.52,0,2.95,0,2.95
0.4,10.4,0.00,0.00,0,2.95,0,27.52,0,2.95,0,2.95
0.0,10.4,0.00,0.00,0,2.95,0,27.52,0,2.95,0,2.95
0.2,10.4,0.00,0.00,0,2.95,0,27.52,0,2.95,0,2.95
0.0,10.4,0.00,0.00,0,2.95,0,27.52,0,2.95,0,2.95
2.1,10.4,0.00,0.00,0,2.95,0,27.52,0,2.95,0,2.95
0.0,10.4,0.00,0.00,0,2.95,0,27.52,0,2.95,0,2.95
0.4,10.4,0.00,0.00,0,2.95,0,27.52,0,2.95,0,2.95
0.2,10.4,0.00,0.00,0,2.95,0,27.52,0,2.95,0,2.95
0.2,10.4,0.00,0.00,0,2.95,0,27.52,0,2.95,0,2.95
0.4,10.4,0.00,0.00,0,2.95,0,27.52,0,2.95,0,2.95
0.4,10.4,0.00,0.00,0,2.95,0,27.52,0,2.95,0,2.95
0.6,10.4,0.00,0.00,0,2.95,0,27.52,0,2.95,0,2.95
0.4,10.4,0.00,0.00,0,2.95,0,27.52,0,2.95,0,2.95
0.8,10.4,0.00,0.00,0,2.95,0,27.52,0,2.95,0,2.95
2.5,10.4,0.00,0.00,0,2.95,0,27.52,0,2.95,0,2.95
0.6,10.4,0.00,0.00,0,2.95,0,27.52,0,2.95,0,2.95
0.0,10.4,0.00,0.00,0,2.95,0,27.52,0,2.95,0,2.95
0.2,10.4,0.00,0.00,0,2.95,0,27.52,0,2.95,0,2.95
0.2,10.4,0.00,0.00,0,2.95,0,27.52,0,2.95,0,2.95
0.2,10.4,0.00,0.00,0,2.95,0,27.52,0,2.95,0,2.95
0.2,10.4,0.00,0.00,0,2.95,0,27.52,0,2.95,0,2.95
0.4,10.4,0.00,0.00,0,2.95,0,27.52,0,2.95,0,2.95
0.4,10.4,0.00,0.00,0,2.95,0,27.52,0,2.95,0,2.95
0.0,10.4,0.00,0.00,0,2.95,0,27.52,0,2.95,0,2.95
0.2,10.4,0.00,0.00,0,2.95,0,27.52,0,2.95,0,2.95
1.7,10.4,0.00,0.00,0,2.95,0,27.52,0,2.95,0,2.95
0.4,10.4,0.00,0.00,0,2.95,0,27.52,0,2.95,0,2.95
0.4,10.4,0.00,0.00,0,2.95,0,27.52,0,2.95,0,2.95
0.2,10.4,0.00,0.00,0,2.95,0,27.52,0,2.95,0,2.95
0.2,10.4,0.00,0.00,0,2.95,0,27.52,0,2.95,0,2.95
0.2,10.4,0.00,0.00,0,2.95,0,27.52,0,2.95,0,2.95
0.2,10.4,0.00,0.00,0,2.95,0,27.52,0,2.95,0,2.95
0.6,10.4,0.00,0.00,0,2.95,0,27.52,0,2.95,0,2.95
0.2,10.4,0.00,0.00,0,2.95,0,27.52,0,2.95,0,2.95
0.2,10.4,0.00,0.00,0,2.95,0,27.52,0,2.95,0,2.95
0.8,10.4,0.00,0.00,0,2.95,0,27.52,0,2.95,0,2.95
0.2,10.4,0.00,0.00,0,2.95,0,27.52,0,2.95,0,2.95
0.2,10.4,0.00,0.00,0,2.95,0,27.52,0,2.95,0,2.95
0.4,10.4,0.00,0.00,0,2.95,0,27.52,0,2.95,0,2.95
0.4,10.4,0.00,0.00,0,2.95,0,27.52,0,2.95,0,2.95
0.0,10.4,0.00,0.00,0,2.95,0,27.52,0,2.95,0,2.95
0.4,10.4,0.00,0.00,0,2.95,0,27.52,0,2.95,0,2.95
0.2,10.4,0.00,0.00,0,2.95,0,27.52,0,2.95,0,2.95
0.2,10.4,0.00,0.00,0,2.95,0,27.52,0,2.95,0,2.95
0.2,10.4,0.00,0.00,0,2.95,0,27.52,0,2.95,0,2.95
0.2,10.4,0.00,0.00,0,2.95,0,27.52,0,2.95,0,2.95
2.5,10.4,0.00,0.00,0,2.95,0,27.52,0,2.95,0,2.95
0.2,10.4,0.00,0.00,0,2.95,0,27.52,0,2.95,0,2.95
0.2,10.4,0.00,0.00,0,2.95,0,27.52,0,2.95,0,2.95
0.6,10.4,0.00,0.00,0,2.95,0,27.52,0,2.95,0,2.95
0.2,10.4,0.00,0.00,0,2.95,0,27.52,0,2.95,0,2.95
0.4,10.4,0.00,0.00,0,2.95,0,27.52,0,2.95,0,2.95
0.0,10.4,0.00,0.00,0,2.95,0,27.52,0,2.95,0,2.95
0.2,10.4,0.00,0.00,0,2.95,0,27.52,0,2.95,0,2.95
0.4,10.4,0.00,0.00,0,2.95,0,27.52,0,2.95,0,2.95
0.4,10.4,0.00,0.00,0,2.95,0,27.52,0,2.95,0,2.95
1.0,10.4,0.00,0.00,0,2.95,0,27.52,0,2.95,0,2.95
0.2,10.4,0.00,0.00,0,2.95,0,27.52,0,2.95,0,2.95
0.0,10.4,0.00,0.00,0,2.95,0,27.52,0,2.95,0,2.95
0.0,10.4,0.00,0.00,0,2.95,0,27.52,0,2.95,0,2.95
0.4,10.4,0.00,0.00,0,2.95,0,27.52,0,2.95,0,2.95
0.0,10.4,0.00,0.00,0,2.95,0,27.52,0,2.95,0,2.95
0.4,10.4,0.00,0.00,0,2.95,0,27.52,0,2.95,0,2.95
0.0,10.4,0.00,0.00,0,2.95,0,27.52,0,2.95,0,2.95
0.4,10.4,0.00,0.00,0,2.95,0,27.52,0,2.95,0,2.95
0.0,10.4,0.00,0.00,0,2.95,0,27.52,0,2.95,0,2.95
0.2,10.4,0.00,0.00,0,2.95,0,27.52,0,2.95,0,2.95
2.3,10.4,0.00,0.00,0,2.95,0,27.52,0,2.95,0,2.95
0.2,10.4,0.00,0.00,0,2.95,0,27.52,0,2.95,0,2.95
0.6,10.4,0.00,0.00,0,2.95,0,27.52,0,2.95,0,2.95
0.2,10.4,0.00,0.00,0,2.95,0,27.52,0,2.95,0,2.95
0.4,10.4,0.00,0.00,0,2.95,0,27.52,0,2.95,0,2.95
0.0,10.4,0.00,0.00,0,2.95,0,27.52,0,2.95,0,2.95
0.0,10.4,0.00,0.00,0,2.95,0,27.52,0,2.95,0,2.95
0.2,10.4,0.00,0.00,0,2.95,0,27.52,0,2.95,0,2.95
0.8,10.4,0.00,0.00,0,2.95,0,27.52,0,2.95,0,2.95
0.2,10.4,0.00,0.00,0,2.95,0,27.52,0,2.95,0,2.95
1.7,10.4,0.00,0.00,0,2.95,0,27.52,0,2.95,0,2.95
0.4,10.4,0.00,0.00,0,2.95,0,27.52,0,2.95,0,2.95
0.2,10.4,0.00,0.00,0,2.95,0,27.52,0,2.95,0,2.95
0.2,10.4,0.00,0.00,0,2.95,0,27.52,0,2.95,0,2.95
0.4,10.4,0.00,0.00,0,2.95,0,27.52,0,2.95,0,2.95
0.2,10.4,0.00,0.00,0,2.95,0,27.52,0,2.95,0,2.95
0.8,10.4,0.00,0.00,0,2.95,0,27.52,0,2.95,0,2.95
0.2,10.4,0.00,0.00,0,2.95,0,27.52,0,2.95,0,2.95
0.6,10.4,0.00,0.00,0,2.95,0,27.52,0,2.95,0,2.95
0.6,10.4,0.00,0.00,0,2.95,0,27.52,0,2.95,0,2.95
0.0,10.4,0.00,0.00,0,2.95,0,27.52,0,2.95,0,2.95
1.9,10.4,0.00,0.00,0,2.95,0,27.52,0,2.95,0,2.95
0.2,10.4,0.00,0.00,0,2.95,0,27.52,0,2.95,0,2.95
0.6,10.4,0.00,0.00,0,2.95,0,27.52,0,2.95,0,2.95
0.0,10.4,0.00,0.00,0,2.95,0,27.52,0,2.95,0,2.95
0.2,10.4,0.00,0.00,0,2.95,0,27.52,0,2.95,0,2.95
0.2,10.4,0.00,0.00,0,2.95,0,27.52,0,2.95,0,2.95
0.2,10.4,0.00,0.00,0,2.95,0,27.52,0,2.95,0,2.95
0.2,10.4,0.00,0.00,0,2.95,0,27.52,0,2.95,0,2.95
0.2,10.4,0.00,0.00,0,2.95,0,27.52,0,2.95,0,2.95
0.6,10.4,0.00,0.00,0,2.95,0,27.52,0,2.95,0,2.95
1.7,10.4,0.00,0.00,0,2.95,0,27.52,0,2.95,0,2.95
0.4,10.4,0.00,0.00,0,2.95,0,27.52,0,2.95,0,2.95
0.2,10.4,0.00,0.00,0,2.95,0,27.52,0,2.95,0,2.95
1.2,10.4,0.00,0.00,0,2.95,0,27.52,0,2.95,0,2.95
0.2,10.4,0.00,0.00,0,2.95,0,27.52,0,2.95,0,2.95
0.0,10.4,0.00,0.00,0,2.95,0,27.52,0,2.95,0,2.95
0.2,10.4,0.00,0.00,0,2.95,0,27.52,0,2.95,0,2.95
0.0,10.4,0.00,0.00,0,2.95,0,27.52,0,2.95,0,2.95
0.2,10.4,0.00,0.00,0,2.95,0,27.52,0,2.95,0,2.95
0.6,10.4,0.00,0.00,0,2.95,0,27.52,0,2.95,0,2.95
0.2,10.4,0.00,0.00,0,2.95,0,27.52,0,2.95,0,2.95
1.9,10.4,0.00,0.00,0,2.95,0,27.52,0,2.95,0,2.95
0.4,10.4,0.00,0.00,0,2.95,0,27.52,0,2.95,0,2.95
0.2,10.4,0.00,0.00,0,2.95,0,27.52,0,2.95,0,2.95
0.4,10.4,0.00,0.00,0,2.95,0,27.52,0,2.95,0,2.95
0.4,10.4,0.00,0.00,0,2.95,0,27.52,0,2.95,0,2.95
0.6,10.4,0.00,0.00,0,2.95,0,27.52,0,2.95,0,2.95
0.4,10.4,0.00,0.00,0,2.95,0,27.52,0,2.95,0,2.95
0.2,10.4,0.00,0.00,0,2.95,0,27.52,0,2.95,0,2.95
0.2,10.4,0.00,0.00,0,2.95,0,27.52,0,2.95,0,2.95
0.4,10.4,0.00,0.00,0,2.95,0,27.52,0,2.95,0,2.95
1.3,10.4,0.00,0.00,0,2.95,0,27.52,0,2.95,0,2.95
0.4,10.4,0.00,0.00,0,2.95,0,27.52,0,2.95,0,2.95
0.2,10.4,0.00,0.00,0,2.95,0,27.52,0,2.95,0,2.95
0.2,10.4,0.00,0.00,0,2.95,0,27.52,0,2.95,0,2.95
0.0,10.4,0.00,0.00,0,2.95,0,27.52,0,2.95,0,2.95
0.2,10.4,0.00,0.00,0,2.95,0,27.52,0,2.95,0,2.95
0.4,10.4,0.00,0.00,0,2.95,0,27.52,0,2.95,0,2.95
0.4,10.4,0.00,0.00,0,2.95,0,27.52,0,2.95,0,2.95
0.0,10.4,0.00,0.00,0,2.95,0,27.52,0,2.95,0,2.95
0.4,10.4,0.00,0.00,0,2.95,0,27.52,0,2.95,0,2.95
0.0,10.4,0.00,0.00,0,2.95,0,27.52,0,2.95,0,2.95
1.3,10.4,0.00,0.00,0,2.95,0,27.52,0,2.95,0,2.95
0.0,10.4,0.00,0.00,0,2.95,0,27.52,0,2.95,0,2.95
0.8,10.4,0.00,0.00,0,2.95,0,27.52,0,2.95,0,2.95
0.2,10.4,0.00,0.00,0,2.95,0,27.52,0,2.95,0,2.95
0.2,10.4,0.00,0.00,0,2.95,0,27.52,0,2.95,0,2.95
0.2,10.4,0.00,0.00,0,2.95,0,27.52,0,2.95,0,2.95
0.4,10.4,0.00,0.00,0,2.95,0,27.52,0,2.95,0,2.95
0.2,10.4,0.00,0.00,0,2.95,0,27.52,0,2.95,0,2.95
0.0,10.4,0.00,0.00,0,2.95,0,27.52,0,2.95,0,2.95
0.2,10.4,0.00,0.00,0,2.95,0,27.52,0,2.95,0,2.95
2.1,10.4,0.00,0.00,0,2.95,0,27.52,0,2.95,0,2.95
0.2,10.4,0.00,0.00,0,2.95,0,27.52,0,2.95,0,2.95
0.2,10.4,0.00,0.00,0,2.95,0,27.52,0,2.95,0,2.95
0.2,10.4,0.00,0.00,0,2.95,0,27.52,0,2.95,0,2.95
0.2,10.4,0.00,0.00,0,2.95,0,27.52,0,2.95,0,2.95
0.6,10.4,0.00,0.00,0,2.95,0,27.52,0,2.95,0,2.95
0.2,10.4,0.00,0.00,0,2.95,0,27.52,0,2.95,0,2.95
0.6,10.4,0.00,0.00,0,2.95,0,27.52,0,2.95,0,2.95
0.4,10.4,0.00,0.00,0,2.95,0,27.52,0,2.95,0,2.95
0.6,10.4,0.00,0.00,0,2.95,0,27.52,0,2.95,0,2.95
0.4,10.4,0.00,0.00,0,2.95,0,27.52,0,2.95,0,2.95
1.5,10.4,0.00,0.00,0,2.95,0,27.52,0,2.95,0,2.95
0.6,10.4,0.00,0.00,0,2.95,0,27.52,0,2.95,0,2.95
1.2,10.4,0.00,0.00,0,2.95,0,27.52,0,2.95,0,2.95
0.4,10.4,0.00,0.00,0,2.95,0,27.52,0,2.95,0,2.95
1.2,10.4,0.00,0.00,0,2.95,0,27.52,0,2.95,0,2.95
0.4,10.4,0.00,0.00,0,2.95,0,27.52,0,2.95,0,2.95
0.0,10.4,0.00,0.00,0,2.95,0,27.52,0,2.95,0,2.95
0.2,10.4,0.00,0.00,0,2.95,0,27.52,0,2.95,0,2.95
0.2,10.4,0.00,0.00,0,2.95,0,27.52,0,2.95,0,2.95
0.6,10.4,0.00,0.00,0,2.95,0,27.52,0,2.95,0,2.95
2.5,10.4,0.00,0.00,0,2.95,0,27.52,0,2.95,0,2.95
0.4,10.4,0.00,0.00,0,2.95,0,27.52,0,2.95,0,2.95
0.2,10.4,0.00,0.00,0,2.95,0,27.52,0,2.95,0,2.95
0.2,10.4,0.00,0.00,0,2.95,0,27.52,0,2.95,0,2.95
0.2,10.4,0.00,0.00,0,2.95,0,27.52,0,2.95,0,2.95
0.4,10.4,0.00,0.00,0,2.95,0,27.52,0,2.95,0,2.95
0.6,10.4,0.00,0.00,0,2.95,0,27.52,0,2.95,0,2.95
0.2,10.4,0.00,0.00,0,2.95,0,27.52,0,2.95,0,2.95
0.2,10.4,0.00,0.00,0,2.95,0,27.52,0,2.95,0,2.95
0.6,10.4,0.00,0.00,0,2.95,0,27.52,0,2.95,0,2.95
0.2,10.4,0.00,0.00,0,2.95,0,27.52,0,2.95,0,2.95
0.4,10.4,0.00,0.00,0,2.95,0,27.52,0,2.95,0,2.95
0.2,10.4,0.00,0.00,0,2.95,0,27.52,0,2.95,0,2.95
0.4,10.4,0.00,0.00,0,2.95,0,27.52,0,2.95,0,2.95
0.4,10.4,0.00,0.00,0,2.95,0,27.52,0,2.95,0,2.95
0.2,10.4,0.00,0.00,0,2.95,0,27.52,0,2.95,0,2.95
0.0,10.4,0.00,0.00,0,2.95,0,27.52,0,2.95,0,2.95
0.4,10.4,0.00,0.00,0,2.95,0,27.52,0,2.95,0,2.95
0.2,10.4,0.00,0.00,0,2.95,0,27.52,0,2.95,0,2.95
0.4,10.4,0.00,0.00,0,2.95,0,27.52,0,2.95,0,2.95
0.4,10.4,0.00,0.00,0,2.95,0,27.52,0,2.95,0,2.95
2.3,10.4,0.00,0.00,0,2.95,0,27.52,0,2.95,0,2.95
0.2,10.4,0.00,0.00,0,2.95,0,27.52,0,2.95,0,2.95
0.6,10.4,0.00,0.00,0,2.95,0,27.52,0,2.95,0,2.95
0.0,10.4,0.00,0.00,0,2.95,0,27.52,0,2.95,0,2.95
0.4,10.4,0.00,0.00,0,2.95,0,27.52,0,2.95,0,2.95
0.2,10.4,0.00,0.00,0,2.95,0,27.52,0,2.95,0,2.95
0.2,10.4,0.00,0.00,0,2.95,0,27.52,0,2.95,0,2.95
0.2,10.4,0.00,0.00,0,2.95,0,27.52,0,2.95,0,2.95
0.4,10.4,0.00,0.00,0,2.95,0,27.52,0,2.95,0,2.95
0.2,10.4,0.00,0.00,0,2.95,0,27.52,0,2.95,0,2.95
0.2,10.4,0.00,0.00,0,2.95,0,27.52,0,2.95,0,2.95
0.0,10.4,0.00,0.00,0,2.95,0,27.52,0,2.95,0,2.95
0.2,10.4,0.00,0.00,0,2.95,0,27.52,0,2.95,0,2.95
0.0,10.4,0.00,0.00,0,2.95,0,27.52,0,2.95,0,2.95
0.2,10.4,0.00,0.00,0,2.95,0,27.52,0,2.95,0,2.95
0.2,10.4,0.00,0.00,0,2.95,0,27.52,0,2.95,0,2.95
0.4,10.4,0.00,0.00,0,2.95,0,27.52,0,2.95,0,2.95
0.0,10.4,0.00,0.00,0,2.95,0,27.52,0,2.95,0,2.95
0.4,10.4,0.00,0.00,0,2.95,0,27.52,0,2.95,0,2.95
0.0,10.4,0.00,0.00,0,2.95,0,27.52,0,2.95,0,2.95
0.4,10.4,0.00,0.00,0,2.95,0,27.52,0,2.95,0,2.95
2.3,10.4,0.00,0.00,0,2.95,0,27.52,0,2.95,0,2.95
0.4,10.4,0.00,0.00,0,2.95,0,27.52,0,2.95,0,2.95
0.4,10.4,0.00,0.00,0,2.95,0,27.52,0,2.95,0,2.95
0.4,10.4,0.00,0.00,0,2.95,0,27.52,0,2.95,0,2.95
0.4,10.4,0.00,0.00,0,2.95,0,27.52,0,2.95,0,2.95
0.4,10.4,0.00,0.00,0,2.95,0,27.52,0,2.95,0,2.95
0.2,10.4,0.00,0.00,0,2.95,0,27.52,0,2.95,0,2.95
0.2,10.4,0.00,0.00,0,2.95,0,27.52,0,2.95,0,2.95
0.8,10.4,0.00,0.00,0,2.95,0,27.52,0,2.95,0,2.95
1.4,10.4,0.00,0.00,0,2.95,0,27.52,0,2.95,0,2.95
1.3,10.4,0.00,0.00,0,2.95,0,27.52,0,2.95,0,2.95
1.9,10.4,0.00,0.00,0,2.95,0,27.52,0,2.95,0,2.95
0.4,10.4,0.00,0.00,0,2.95,0,27.52,0,2.95,0,2.95
0.2,10.4,0.00,0.00,0,2.95,0,27.52,0,2.95,0,2.95
0.6,10.4,0.00,0.00,0,2.95,0,27.52,0,2.95,0,2.95
0.6,10.4,0.00,0.00,0,2.95,0,27.52,0,2.95,0,2.95
0.4,10.4,0.00,0.00,0,2.95,0,27.52,0,2.95,0,2.95
0.6,10.4,0.00,0.00,0,2.95,0,27.52,0,2.95,0,2.95
0.4,10.4,0.00,0.00,0,2.95,0,27.52,0,2.95,0,2.95
0.2,10.4,0.00,0.00,0,2.95,0,27.52,0,2.95,0,2.95
0.6,10.4,0.00,0.00,0,2.95,0,27.52,0,2.95,0,2.95
1.3,10.4,0.00,0.00,0,2.95,0,27.52,0,2.95,0,2.95
0.0,10.4,0.00,0.00,0,2.95,0,27.52,0,2.95,0,2.95
0.2,10.4,0.00,0.00,0,2.95,0,27.52,0,2.95,0,2.95
0.2,10.4,0.00,0.00,0,2.95,0,27.52,0,2.95,0,2.95
0.4,10.4,0.00,0.00,0,2.95,0,27.52,0,2.95,0,2.95
0.2,10.4,0.00,0.00,0,2.95,0,27.52,0,2.95,0,2.95
0.6,10.4,0.00,0.00,0,2.95,0,27.52,0,2.95,0,2.95
0.0,10.4,0.00,0.00,0,2.95,0,27.52,0,2.95,0,2.95
0.2,10.4,0.00,0.00,0,2.95,0,27.52,0,2.95,0,2.95
0.4,10.4,0.00,0.00,0,2.95,0,27.52,0,2.95,0,2.95
1.9,10.4,0.00,0.00,0,2.95,0,27.52,0,2.95,0,2.95
1.4,10.4,0.00,0.00,0,2.95,0,27.52,0,2.95,0,2.95
0.0,10.4,0.00,0.00,0,2.95,0,27.52,0,2.95,0,2.95
0.2,10.4,0.00,0.00,0,2.95,0,27.52,0,2.95,0,2.95
0.2,10.4,0.00,0.00,0,2.95,0,27.52,0,2.95,0,2.95
0.4,10.4,0.00,0.00,0,2.95,0,27.52,0,2.95,0,2.95
0.4,10.4,0.00,0.00,0,2.95,0,27.52,0,2.95,0,2.95
0.4,10.4,0.00,0.00,0,2.95,0,27.52,0,2.95,0,2.95
0.2,10.4,0.00,0.00,0,2.95,0,27.52,0,2.95,0,2.95
0.6,10.4,0.00,0.00,0,2.95,0,27.52,0,2.95,0,2.95
0.2,10.4,0.00,0.00,0,2.95,0,27.52,0,2.95,0,2.95
1.9,10.4,0.00,0.00,0,2.95,0,27.52,0,2.95,0,2.95
0.2,10.4,0.00,0.00,0,2.95,0,27.52,0,2.95,0,2.95
0.0,10.4,0.00,0.00,0,2.95,0,27.52,0,2.95,0,2.95
0.4,10.4,0.00,0.00,0,2.95,0,27.52,0,2.95,0,2.95
0.4,10.4,0.00,0.00,0,2.95,0,27.52,0,2.95,0,2.95
0.2,10.4,0.00,0.00,0,2.95,0,27.52,0,2.95,0,2.95
0.2,10.4,0.00,0.00,0,2.95,0,27.52,0,2.95,0,2.95
0.0,10.4,0.00,0.00,0,2.95,0,27.52,0,2.95,0,2.95
0.0,10.4,0.00,0.00,0,2.95,0,27.52,0,2.95,0,2.95
0.2,10.4,0.00,0.00,0,2.95,0,27.52,0,2.95,0,2.95
1.9,10.4,0.00,0.00,0,2.95,0,27.52,0,2.95,0,2.95
0.6,10.4,0.00,0.00,0,2.95,0,27.52,0,2.95,0,2.95
0.6,10.4,0.00,0.00,0,2.95,0,27.52,0,2.95,0,2.95
0.0,10.4,0.00,0.00,0,2.95,0,27.52,0,2.95,0,2.95
0.0,10.4,0.00,0.00,0,2.95,0,27.52,0,2.95,0,2.95
0.4,10.4,0.00,0.00,0,2.95,0,27.52,0,2.95,0,2.95
0.2,10.4,0.00,0.00,0,2.95,0,27.52,0,2.95,0,2.95
0.6,10.4,0.00,0.00,0,2.95,0,27.52,0,2.95,0,2.95
0.2,10.4,0.00,0.00,0,2.95,0,27.52,0,2.95,0,2.95
0.4,10.4,0.00,0.00,0,2.95,0,27.52,0,2.95,0,2.95
0.2,10.4,0.00,0.00,0,2.95,0,27.52,0,2.95,0,2.95
0.8,10.4,0.00,0.00,0,2.95,0,27.52,0,2.95,0,2.95
0.2,10.4,0.00,0.00,0,2.95,0,27.52,0,2.95,0,2.95
0.2,10.4,0.00,0.00,0,2.95,0,27.52,0,2.95,0,2.95
0.4,10.4,0.00,0.00,0,2.95,0,27.52,0,2.95,0,2.95
0.2,10.4,0.00,0.00,0,2.95,0,27.52,0,2.95,0,2.95
0.2,10.4,0.00,0.00,0,2.95,0,27.52,0,2.95,0,2.95
0.0,10.4,0.00,0.00,0,2.95,0,27.52,0,2.95,0,2.95
0.0,10.4,0.00,0.00,0,2.95,0,27.52,0,2.95,0,2.95
0.2,10.4,0.00,0.00,0,2.95,0,27.52,0,2.95,0,2.95
0.2,10.4,0.00,0.00,0,2.95,0,27.52,0,2.95,0,2.95
2.3,10.4,0.00,0.00,0,2.95,0,27.52,0,2.95,0,2.95
0.4,10.4,0.00,0.00,0,2.95,0,27.52,0,2.95,0,2.95
0.4,10.4,0.00,0.00,0,2.95,0,27.52,0,2.95,0,2.95
0.4,10.4,0.00,0.00,0,2.95,0,27.52,0,2.95,0,2.95
0.4,10.4,0.00,0.00,0,2.95,0,27.52,0,2.95,0,2.95
0.4,10.4,0.00,0.00,0,2.95,0,27.52,0,2.95,0,2.95
0.4,10.4,0.00,0.00,0,2.95,0,27.52,0,2.95,0,2.95
0.4,10.4,0.00,0.00,0,2.95,0,27.52,0,2.95,0,2.95
0.0,10.4,0.00,0.00,0,2.95,0,27.52,0,2.95,0,2.95
0.6,10.4,0.00,0.00,0,2.95,0,27.52,0,2.95,0,2.95
0.6,10.4,0.00,0.00,0,2.95,0,27.52,0,2.95,0,2.95
1.0,10.4,0.00,0.00,0,2.95,0,27.52,0,2.95,0,2.95
0.6,10.4,0.00,0.00,0,2.95,0,27.52,0,2.95,0,2.95
0.0,10.4,0.00,0.00,0,2.95,0,27.52,0,2.95,0,2.95
0.2,10.4,0.00,0.00,0,2.95,0,27.52,0,2.95,0,2.95
0.2,10.4,0.00,0.00,0,2.95,0,27.52,0,2.95,0,2.95
0.4,10.4,0.00,0.00,0,2.95,0,27.52,0,2.95,0,2.95
0.2,10.4,0.00,0.00,0,2.95,0,27.52,0,2.95,0,2.95
0.2,10.4,0.00,0.00,0,2.95,0,27.52,0,2.95,0,2.95
0.2,10.4,0.00,0.00,0,2.95,0,27.52,0,2.95,0,2.95
0.2,10.4,0.00,0.00,0,2.95,0,27.52,0,2.95,0,2.95
2.9,10.4,0.00,0.00,0,2.95,0,27.52,0,2.95,0,2.95
0.4,10.4,0.00,0.00,0,2.95,0,27.52,0,2.95,0,2.95
0.8,10.4,0.00,0.00,0,2.95,0,27.52,0,2.95,0,2.95
0.0,10.4,0.00,0.00,0,2.95,0,27.52,0,2.95,0,2.95
0.2,10.4,0.00,0.00,0,2.95,0,27.52,0,2.95,0,2.95
0.0,10.4,0.00,0.00,0,2.95,0,27.52,0,2.95,0,2.95
0.2,10.4,0.00,0.00,0,2.95,0,27.52,0,2.95,0,2.95
0.4,10.4,0.00,0.00,0,2.95,0,27.52,0,2.95,0,2.95
0.0,10.4,0.00,0.00,0,2.95,0,27.52,0,2.95,0,2.95
0.2,10.4,0.00,0.00,0,2.95,0,27.52,0,2.95,0,2.95
0.0,10.4,0.00,0.00,0,2.95,0,27.52,0,2.95,0,2.95
0.2,10.4,0.00,0.00,0,2.95,0,27.52,0,2.95,0,2.95
0.4,10.4,0.00,0.00,0,2.95,0,27.52,0,2.95,0,2.95
0.2,10.4,0.00,0.00,0,2.95,0,27.52,0,2.95,0,2.95
0.4,10.4,0.00,0.00,0,2.95,0,27.52,0,2.95,0,2.95
0.4,10.4,0.00,0.00,0,2.95,0,27.52,0,2.95,0,2.95
0.4,10.4,0.00,0.00,0,2.95,0,27.52,0,2.95,0,2.95
0.2,10.4,0.00,0.00,0,2.95,0,27.52,0,2.95,0,2.95
0.2,10.4,0.00,0.00,0,2.95,0,27.52,0,2.95,0,2.95
0.2,10.4,0.00,0.00,0,2.95,0,27.52,0,2.95,0,2.95
0.2,10.4,0.00,0.00,0,2.95,0,27.52,0,2.95,0,2.95
1.9,10.4,0.00,0.00,0,2.95,0,27.52,0,2.95,0,2.95
0.4,10.4,0.00,0.00,0,2.95,0,27.52,0,2.95,0,2.95
0.2,10.4,0.00,0.00,0,2.95,0,27.52,0,2.95,0,2.95
0.4,10.4,0.00,0.00,0,2.95,0,27.52,0,2.95,0,2.95
0.2,10.4,0.00,0.00,0,2.95,0,27.52,0,2.95,0,2.95
0.4,10.4,0.00,0.00,0,2.95,0,27.52,0,2.95,0,2.95
0.4,10.4,0.00,0.00,0,2.95,0,27.52,0,2.95,0,2.95
0.2,10.4,0.00,0.00,0,2.95,0,27.52,0,2.95,0,2.95
0.2,10.4,0.00,0.00,0,2.95,0,27.52,0,2.95,0,2.95
0.2,10.4,0.00,0.00,0,2.95,0,27.52,0,2.95,0,2.95
0.0,10.4,0.00,0.00,0,2.95,0,27.52,0,2.95,0,2.95
0.2,10.4,0.00,0.00,0,2.95,0,27.52,0,2.95,0,2.95
0.2,10.4,0.00,0.00,0,2.95,0,27.52,0,2.95,0,2.95
0.0,10.4,0.00,0.00,0,2.95,0,27.52,0,2.95,0,2.95
0.4,10.4,0.00,0.00,0,2.95,0,27.52,0,2.95,0,2.95
0.2,10.4,0.00,0.00,0,2.95,0,27.52,0,2.95,0,2.95
0.2,10.4,0.00,0.00,0,2.95,0,27.52,0,2.95,0,2.95
0.0,10.4,0.00,0.00,0,2.95,0,27.52,0,2.95,0,2.95
0.6,10.4,0.00,0.00,0,2.95,0,27.52,0,2.95,0,2.95
0.4,10.4,0.00,0.00,0,2.95,0,27.52,0,2.95,0,2.95
0.4,10.4,0.00,0.00,0,2.95,0,27.52,0,2.95,0,2.95
1.9,10.4,0.00,0.00,0,2.95,0,27.52,0,2.95,0,2.95
0.4,10.4,0.00,0.00,0,2.95,0,27.52,0,2.95,0,2.95
0.2,10.4,0.00,0.00,0,2.95,0,27.52,0,2.95,0,2.95
0.2,10.4,0.00,0.00,0,2.95,0,27.52,0,2.95,0,2.95
0.4,10.4,0.00,0.00,0,2.95,0,27.52,0,2.95,0,2.95
0.0,10.4,0.00,0.00,0,2.95,0,27.52,0,2.95,0,2.95
0.2,10.4,0.00,0.00,0,2.95,0,27.52,0,2.95,0,2.95
0.0,10.4,0.00,0.00,0,2.95,0,27.52,0,2.95,0,2.95
0.0,10.4,0.00,0.00,0,2.95,0,27.52,0,2.95,0,2.95
1.2,10.4,0.00,0.00,0,2.95,0,27.52,0,2.95,0,2.95
0.4,10.4,0.00,0.00,0,2.95,0,27.52,0,2.95,0,2.95
0.2,10.4,0.00,0.00,0,2.95,0,27.52,0,2.95,0,2.95
0.4,10.4,0.00,0.00,0,2.95,0,27.52,0,2.95,0,2.95
0.6,10.4,0.00,0.00,0,2.95,0,27.52,0,2.95,0,2.95
0.4,10.4,0.00,0.00,0,2.95,0,27.52,0,2.95,0,2.95
0.2,10.4,0.00,0.00,0,2.95,0,27.52,0,2.95,0,2.95
0.4,10.4,0.00,0.00,0,2.95,0,27.52,0,2.95,0,2.95
0.0,10.4,0.00,0.00,0,2.95,0,27.52,0,2.95,0,2.95
0.6,10.4,0.00,0.00,0,2.95,0,27.52,0,2.95,0,2.95
0.4,10.4,0.00,0.00,0,2.95,0,27.52,0,2.95,0,2.95
0.2,10.4,0.00,0.00,0,2.95,0,27.52,0,2.95,0,2.95
1.9,10.4,0.00,0.00,0,2.95,0,27.52,0,2.95,0,2.95
0.6,10.4,0.00,0.00,0,2.95,0,27.52,0,2.95,0,2.95
0.6,10.4,0.00,0.00,0,2.95,0,27.52,0,2.95,0,2.95
0.4,10.4,0.00,0.00,0,2.95,0,27.52,0,2.95,0,2.95
0.4,10.4,0.00,0.00,0,2.95,0,27.52,0,2.95,0,2.95
0.2,10.4,0.00,0.00,0,2.95,0,27.52,0,2.95,0,2.95
0.2,10.4,0.00,0.00,0,2.95,0,27.52,0,2.95,0,2.95
0.0,10.4,0.00,0.00,0,2.95,0,27.52,0,2.95,0,2.95
0.4,10.4,0.00,0.00,0,2.95,0,27.52,0,2.95,0,2.95
0.0,10.4,0.00,0.00,0,2.95,0,27.52,0,2.95,0,2.95
1.0,10.4,0.00,0.00,0,2.95,0,27.52,0,2.95,0,2.95
0.2,10.4,0.00,0.00,0,2.95,0,27.52,0,2.95,0,2.95
0.0,10.4,0.00,0.00,0,2.95,0,27.52,0,2.95,0,2.95
0.4,10.4,0.00,0.00,0,2.95,0,27.52,0,2.95,0,2.95
0.4,10.4,0.00,0.00,0,2.95,0,27.52,0,2.95,0,2.95
0.4,10.4,0.00,0.00,0,2.95,0,27.52,0,2.95,0,2.95
0.4,10.4,0.00,0.00,0,2.95,0,27.52,0,2.95,0,2.95
0.0,10.4,0.00,0.00,0,2.95,0,27.52,0,2.95,0,2.95
0.6,10.4,0.00,0.00,0,2.95,0,27.52,0,2.95,0,2.95
0.4,10.4,0.00,0.00,0,2.95,0,27.52,0,2.95,0,2.95
0.2,10.4,0.00,0.00,0,2.95,0,27.52,0,2.95,0,2.95
2.3,10.4,0.00,0.00,0,2.95,0,27.52,0,2.95,0,2.95
0.0,10.4,0.00,0.00,0,2.95,0,27.52,0,2.95,0,2.95
0.6,10.4,0.00,0.00,0,2.95,0,27.52,0,2.95,0,2.95
0.6,10.4,0.00,0.00,0,2.95,0,27.52,0,2.95,0,2.95
0.2,10.4,0.00,0.00,0,2.95,0,27.52,0,2.95,0,2.95
0.4,10.4,0.00,0.00,0,2.95,0,27.52,0,2.95,0,2.95
0.2,10.4,0.00,0.00,0,2.95,0,27.52,0,2.95,0,2.95
0.6,10.4,0.00,0.00,0,2.95,0,27.52,0,2.95,0,2.95
0.2,10.4,0.00,0.00,0,2.95,0,27.52,0,2.95,0,2.95
0.4,10.4,0.00,0.00,0,2.95,0,27.52,0,2.95,0,2.95
0.2,10.4,0.00,0.00,0,2.95,0,27.52,0,2.95,0,2.95
0.4,10.4,0.00,0.00,0,2.95,0,27.52,0,2.95,0,2.95
0.2,10.4,0.00,0.00,0,2.95,0,27.52,0,2.95,0,2.95
0.2,10.4,0.00,0.00,0,2.95,0,27.52,0,2.95,0,2.95
0.6,10.4,0.00,0.00,0,2.95,0,27.52,0,2.95,0,2.95
0.0,10.4,0.00,0.00,0,2.95,0,27.52,0,2.95,0,2.95
0.6,10.4,0.00,0.00,0,2.95,0,27.52,0,2.95,0,2.95
0.0,10.4,0.00,0.00,0,2.95,0,27.52,0,2.95,0,2.95
0.6,10.4,0.00,0.00,0,2.95,0,27.52,0,2.95,0,2.95
0.2,10.4,0.00,0.00,0,2.95,0,27.52,0,2.95,0,2.95
0.4,10.4,0.00,0.00,0,2.95,0,27.52,0,2.95,0,2.95
2.5,10.4,0.00,0.00,0,2.95,0,27.52,0,2.95,0,2.95
0.2,10.4,0.00,0.00,0,2.95,0,27.52,0,2.95,0,2.95
0.2,10.4,0.00,0.00,0,2.95,0,27.52,0,2.95,0,2.95
0.4,10.4,0.00,0.00,0,2.95,0,27.52,0,2.95,0,2.95
0.0,10.4,0.00,0.00,0,2.95,0,27.52,0,2.95,0,2.95
0.4,10.4,0.00,0.00,0,2.95,0,27.52,0,2.95,0,2.95
0.2,10.4,0.00,0.00,0,2.95,0,27.52,0,2.95,0,2.95
0.4,10.4,0.00,0.00,0,2.95,0,27.52,0,2.95,0,2.95
0.0,10.4,0.00,0.00,0,2.95,0,27.52,0,2.95,0,2.95
0.4,10.4,0.00,0.00,0,2.95,0,27.52,0,2.95,0,2.95
0.8,10.4,0.00,0.00,0,2.95,0,27.52,0,2.95,0,2.95
0.6,10.4,0.00,0.00,0,2.95,0,27.52,0,2.95,0,2.95
0.0,10.4,0.00,0.00,0,2.95,0,27.52,0,2.95,0,2.95
0.4,10.4,0.00,0.00,0,2.95,0,27.52,0,2.95,0,2.95
0.2,10.4,0.00,0.00,0,2.95,0,27.52,0,2.95,0,2.95
0.0,10.4,0.00,0.00,0,2.95,0,27.52,0,2.95,0,2.95
0.4,10.4,0.00,0.00,0,2.95,0,27.52,0,2.95,0,2.95
0.2,10.4,0.00,0.00,0,2.95,0,27.52,0,2.95,0,2.95
0.2,10.4,0.00,0.00,0,2.95,0,27.52,0,2.95,0,2.95
0.0,10.4,0.00,0.00,0,2.95,0,27.52,0,2.95,0,2.95
0.2,10.4,0.00,0.00,0,2.95,0,27.52,0,2.95,0,2.95
1.9,10.4,0.00,0.00,0,2.95,0,27.52,0,2.95,0,2.95
0.2,10.4,0.00,0.00,0,2.95,0,27.52,0,2.95,0,2.95
0.4,10.4,0.00,0.00,0,2.95,0,27.52,0,2.95,0,2.95
0.2,10.4,0.00,0.00,0,2.95,0,27.52,0,2.95,0,2.95
0.2,10.4,0.00,0.00,0,2.95,0,27.52,0,2.95,0,2.95
0.4,10.4,0.00,0.00,0,2.95,0,27.52,0,2.95,0,2.95
0.2,10.4,0.00,0.00,0,2.95,0,27.52,0,2.95,0,2.95
0.2,10.4,0.00,0.00,0,2.95,0,27.52,0,2.95,0,2.95
0.4,10.4,0.00,0.00,0,2.95,0,27.52,0,2.95,0,2.95
0.2,10.4,0.00,0.00,0,2.95,0,27.52,0,2.95,0,2.95
0.8,10.4,0.00,0.00,0,2.95,0,27.52,0,2.95,0,2.95
0.4,10.4,0.00,0.00,0,2.95,0,27.52,0,2.95,0,2.95
0.4,10.4,0.00,0.00,0,2.95,0,27.52,0,2.95,0,2.95
0.4,10.4,0.00,0.00,0,2.95,0,27.52,0,2.95,0,2.95
0.0,10.4,0.00,0.00,0,2.95,0,27.52,0,2.95,0,2.95
0.4,10.4,0.00,0.00,0,2.95,0,27.52,0,2.95,0,2.95
0.6,10.4,0.00,0.00,0,2.95,0,27.52,0,2.95,0,2.95
0.4,10.4,0.00,0.00,0,2.95,0,27.52,0,2.95,0,2.95
0.6,10.4,0.00,0.00,0,2.95,0,27.52,0,2.95,0,2.95
0.4,10.4,0.00,0.00,0,2.95,0,27.52,0,2.95,0,2.95
0.6,10.4,0.00,0.00,0,2.95,0,27.52,0,2.95,0,2.95
1.9,10.4,0.00,0.00,0,2.95,0,27.52,0,2.95,0,2.95
0.4,10.4,0.00,0.00,0,2.95,0,27.52,0,2.95,0,2.95
0.2,10.4,0.00,0.00,0,2.95,0,27.52,0,2.95,0,2.95
0.2,10.4,0.00,0.00,0,2.95,0,27.52,0,2.95,0,2.95
0.6,10.4,0.00,0.00,0,2.95,0,27.52,0,2.95,0,2.95
0.0,10.4,0.00,0.00,0,2.95,0,27.52,0,2.95,0,2.95
0.4,10.4,0.00,0.00,0,2.95,0,27.52,0,2.95,0,2.95
0.2,10.4,0.00,0.00,0,2.95,0,27.52,0,2.95,0,2.95
0.6,10.4,0.00,0.00,0,2.95,0,27.52,0,2.95,0,2.95
0.6,10.4,0.00,0.00,0,2.95,0,27.52,0,2.95,0,2.95
1.2,10.4,0.00,0.00,0,2.95,0,27.52,0,2.95,0,2.95
0.2,10.4,0.00,0.00,0,2.95,0,27.52,0,2.95,0,2.95
0.2,10.4,0.00,0.00,0,2.95,0,27.52,0,2.95,0,2.95
0.0,10.4,0.00,0.00,0,2.95,0,27.52,0,2.95,0,2.95
0.6,10.4,0.00,0.00,0,2.95,0,27.52,0,2.95,0,2.95
0.4,10.4,0.00,0.00,0,2.95,0,27.52,0,2.95,0,2.95
0.2,10.4,0.00,0.00,0,2.95,0,27.52,0,2.95,0,2.95
0.0,10.4,0.00,0.00,0,2.95,0,27.52,0,2.95,0,2.95
0.4,10.4,0.00,0.00,0,2.95,0,27.52,0,2.95,0,2.95
0.2,10.4,0.00,0.00,0,2.95,0,27.52,0,2.95,0,2.95
0.4,10.4,0.00,0.00,0,2.95,0,27.52,0,2.95,0,2.95
0.8,10.4,0.00,0.00,0,2.95,0,27.52,0,2.95,0,2.95
0.4,10.4,0.00,0.00,0,2.95,0,27.52,0,2.95,0,2.95
0.0,10.4,0.00,0.00,0,2.95,0,27.52,0,2.95,0,2.95
0.4,10.4,0.00,0.00,0,2.95,0,27.52,0,2.95,0,2.95
0.4,10.4,0.00,0.00,0,2.95,0,27.52,0,2.95,0,2.95
0.2,10.4,0.00,0.00,0,2.95,0,27.52,0,2.95,0,2.95
0.2,10.4,0.00,0.00,0,2.95,0,27.52,0,2.95,0,2.95
0.2,10.4,0.00,0.00,0,2.95,0,27.52,0,2.95,0,2.95
0.2,10.4,0.00,0.00,0,2.95,0,27.52,0,2.95,0,2.95
0.4,10.4,0.00,0.00,0,2.95,0,27.52,0,2.95,0,2.95
2.1,10.4,0.00,0.00,0,2.95,0,27.52,0,2.95,0,2.95
0.4,10.4,0.00,0.00,0,2.95,0,27.52,0,2.95,0,2.95
0.6,10.4,0.00,0.00,0,2.95,0,27.52,0,2.95,0,2.95
0.4,10.4,0.00,0.00,0,2.95,0,27.52,0,2.95,0,2.95
0.6,10.4,0.00,0.00,0,2.95,0,27.52,0,2.95,0,2.95
0.2,10.4,0.00,0.00,0,2.95,0,27.52,0,2.95,0,2.95
0.4,10.4,0.00,0.00,0,2.95,0,27.52,0,2.95,0,2.95
0.4,10.4,0.00,0.00,0,2.95,0,27.52,0,2.95,0,2.95
0.4,10.4,0.00,0.00,0,2.95,0,27.52,0,2.95,0,2.95
0.6,10.4,0.00,0.00,0,2.95,0,27.52,0,2.95,0,2.95
1.4,10.4,0.00,0.00,0,2.95,0,27.52,0,2.95,0,2.95
2.7,10.4,0.00,0.00,0,2.95,0,27.52,0,2.95,0,2.95
1.4,10.4,0.00,0.00,0,2.95,0,27.52,0,2.95,0,2.95
0.2,10.4,0.00,0.00,0,2.95,0,27.52,0,2.95,0,2.95
0.6,10.4,0.00,0.00,0,2.95,0,27.52,0,2.95,0,2.95
0.4,10.4,0.00,0.00,0,2.95,0,27.52,0,2.95,0,2.95
0.2,10.4,0.00,0.00,0,2.95,0,27.52,0,2.95,0,2.95
0.4,10.4,0.00,0.00,0,2.95,0,27.52,0,2.95,0,2.95
0.2,10.4,0.00,0.00,0,2.95,0,27.52,0,2.95,0,2.95
0.2,10.4,0.00,0.00,0,2.95,0,27.52,0,2.95,0,2.95
0.0,10.4,0.00,0.00,0,2.95,0,27.52,0,2.95,0,2.95
1.7,10.4,0.00,0.00,0,2.95,0,27.52,0,2.95,0,2.95
0.6,10.4,0.00,0.00,0,2.95,0,27.52,0,2.95,0,2.95
0.0,10.4,0.00,0.00,0,2.95,0,27.52,0,2.95,0,2.95
0.2,10.4,0.00,0.00,0,2.95,0,27.52,0,2.95,0,2.95
0.2,10.4,0.00,0.00,0,2.95,0,27.52,0,2.95,0,2.95
0.4,10.4,0.00,0.00,0,2.95,0,27.52,0,2.95,0,2.95
0.0,10.4,0.00,0.00,0,2.95,0,27.52,0,2.95,0,2.95
0.2,10.4,0.00,0.00,0,2.95,0,27.52,0,2.95,0,2.95
0.2,10.4,0.00,0.00,0,2.95,0,27.52,0,2.95,0,2.95
0.2,10.4,0.00,0.00,0,2.95,0,27.52,0,2.95,0,2.95
0.2,10.4,0.00,0.00,0,2.95,0,27.52,0,2.95,0,2.95
0.6,10.4,0.00,0.00,0,2.95,0,27.52,0,2.95,0,2.95
0.2,10.4,0.00,0.00,0,2.95,0,27.52,0,2.95,0,2.95
0.4,10.4,0.00,0.00,0,2.95,0,27.52,0,2.95,0,2.95
0.0,10.4,0.00,0.00,0,2.95,0,27.52,0,2.95,0,2.95
0.4,10.4,0.00,0.00,0,2.95,0,27.52,0,2.95,0,2.95
0.0,10.4,0.00,0.00,0,2.95,0,27.52,0,2.95,0,2.95
0.4,10.4,0.00,0.00,0,2.95,0,27.52,0,2.95,0,2.95
0.4,10.4,0.00,0.00,0,2.95,0,27.52,0,2.95,0,2.95
0.2,10.4,0.00,0.00,0,2.95,0,27.52,0,2.95,0,2.95
0.2,10.4,0.00,0.00,0,2.95,0,27.52,0,2.95,0,2.95
2.1,10.4,0.00,0.00,0,2.95,0,27.52,0,2.95,0,2.95
0.8,10.4,0.00,0.00,0,2.95,0,27.52,0,2.95,0,2.95
0.2,10.4,0.00,0.00,0,2.95,0,27.52,0,2.95,0,2.95
0.0,10.4,0.00,0.00,0,2.95,0,27.52,0,2.95,0,2.95
0.0,10.4,0.00,0.00,0,2.95,0,27.52,0,2.95,0,2.95
0.4,10.4,0.00,0.00,0,2.95,0,27.52,0,2.95,0,2.95
0.6,10.4,0.00,0.00,0,2.95,0,27.52,0,2.95,0,2.95
0.4,10.4,0.00,0.00,0,2.95,0,27.52,0,2.95,0,2.95
0.4,10.4,0.00,0.00,0,2.95,0,27.52,0,2.95,0,2.95
0.4,10.4,0.00,0.00,0,2.95,0,27.52,0,2.95,0,2.95
0.2,10.4,0.00,0.00,0,2.95,0,27.52,0,2.95,0,2.95
0.4,10.4,0.00,0.00,0,2.95,0,27.52,0,2.95,0,2.95
0.4,10.4,0.00,0.00,0,2.95,0,27.52,0,2.95,0,2.95
0.2,10.4,0.00,0.00,0,2.95,0,27.52,0,2.95,0,2.95
0.2,10.4,0.00,0.00,0,2.95,0,27.52,0,2.95,0,2.95
0.2,10.4,0.00,0.00,0,2.95,0,27.52,0,2.95,0,2.95
0.2,10.4,0.00,0.00,0,2.95,0,27.52,0,2.95,0,2.95
0.2,10.4,0.00,0.00,0,2.95,0,27.52,0,2.95,0,2.95
0.0,10.4,0.00,0.00,0,2.95,0,27.52,0,2.95,0,2.95
0.2,10.4,0.00,0.00,0,2.95,0,27.52,0,2.95,0,2.95
0.2,10.4,0.00,0.00,0,2.95,0,27.52,0,2.95,0,2.95
2.1,10.4,0.00,0.00,0,2.95,0,27.52,0,2.95,0,2.95
0.8,10.4,0.00,0.00,0,2.95,0,27.52,0,2.95,0,2.95
0.2,10.4,0.00,0.00,0,2.95,0,27.52,0,2.95,0,2.95
0.4,10.4,0.00,0.00,0,2.95,0,27.52,0,2.95,0,2.95
0.2,10.4,0.00,0.00,0,2.95,0,27.52,0,2.95,0,2.95
0.4,10.4,0.00,0.00,0,2.95,0,27.52,0,2.95,0,2.95
0.0,10.4,0.00,0.00,0,2.95,0,27.52,0,2.95,0,2.95
0.4,10.4,0.00,0.00,0,2.95,0,27.52,0,2.95,0,2.95
0.0,10.4,0.00,0.00,0,2.95,0,27.52,0,2.95,0,2.95
0.8,10.4,0.00,0.00,0,2.95,0,27.52,0,2.95,0,2.95
1.5,10.4,0.00,0.00,0,2.95,0,27.52,0,2.95,0,2.95
0.4,10.4,0.00,0.00,0,2.95,0,27.52,0,2.95,0,2.95
0.6,10.4,0.00,0.00,0,2.95,0,27.52,0,2.95,0,2.95
0.4,10.4,0.00,0.00,0,2.95,0,27.52,0,2.95,0,2.95
0.2,10.4,0.00,0.00,0,2.95,0,27.52,0,2.95,0,2.95
0.4,10.4,0.00,0.00,0,2.95,0,27.52,0,2.95,0,2.95
0.2,10.4,0.00,0.00,0,2.95,0,27.52,0,2.95,0,2.95
0.8,10.4,0.00,0.00,0,2.95,0,27.52,0,2.95,0,2.95
0.2,10.4,0.00,0.00,0,2.95,0,27.52,0,2.95,0,2.95
0.6,10.4,0.00,0.00,0,2.95,0,27.52,0,2.95,0,2.95
0.2,10.4,0.00,0.00,0,2.95,0,27.52,0,2.95,0,2.95
1.3,10.4,0.00,0.00,0,2.95,0,27.52,0,2.95,0,2.95
0.2,10.4,0.00,0.00,0,2.95,0,27.52,0,2.95,0,2.95
0.2,10.4,0.00,0.00,0,2.95,0,27.52,0,2.95,0,2.95
0.2,10.4,0.00,0.00,0,2.95,0,27.52,0,2.95,0,2.95
0.0,10.4,0.00,0.00,0,2.95,0,27.52,0,2.95,0,2.95
0.0,10.4,0.00,0.00,0,2.95,0,27.52,0,2.95,0,2.95
0.2,10.4,0.00,0.00,0,2.95,0,27.52,0,2.95,0,2.95
0.6,10.4,0.00,0.00,0,2.95,0,27.52,0,2.95,0,2.95
0.4,10.4,0.00,0.00,0,2.95,0,27.52,0,2.95,0,2.95
0.0,10.4,0.00,0.00,0,2.95,0,27.52,0,2.95,0,2.95
1.9,10.4,0.00,0.00,0,2.95,0,27.52,0,2.95,0,2.95
0.2,10.4,0.00,0.00,0,2.95,0,27.52,0,2.95,0,2.95
0.0,10.4,0.00,0.00,0,2.95,0,27.52,0,2.95,0,2.95
0.0,10.4,0.00,0.00,0,2.95,0,27.52,0,2.95,0,2.95
0.0,10.4,0.00,0.00,0,2.95,0,27.52,0,2.95,0,2.95
0.4,10.4,0.00,0.00,0,2.95,0,27.52,0,2.95,0,2.95
0.2,10.4,0.00,0.00,0,2.95,0,27.52,0,2.95,0,2.95
0.2,10.4,0.00,0.00,0,2.95,0,27.52,0,2.95,0,2.95
0.4,10.4,0.00,0.00,0,2.95,0,27.52,0,2.95,0,2.95
0.0,10.4,0.00,0.00,0,2.95,0,27.52,0,2.95,0,2.95
0.0,10.4,0.00,0.00,0,2.95,0,27.52,0,2.95,0,2.95
1.0,10.4,0.00,0.00,0,2.95,0,27.52,0,2.95,0,2.95
0.0,10.4,0.00,0.00,0,2.95,0,27.52,0,2.95,0,2.95
0.4,10.4,0.00,0.00,0,2.95,0,27.52,0,2.95,0,2.95
0.2,10.4,0.00,0.00,0,2.95,0,27.52,0,2.95,0,2.95
0.2,10.4,0.00,0.00,0,2.95,0,27.52,0,2.95,0,2.95
0.2,10.4,0.00,0.00,0,2.95,0,27.52,0,2.95,0,2.95
0.0,10.4,0.00,0.00,0,2.95,0,27.52,0,2.95,0,2.95
0.2,10.4,0.00,0.00,0,2.95,0,27.52,0,2.95,0,2.95
0.2,10.4,0.00,0.00,0,2.95,0,27.52,0,2.95,0,2.95
0.2,10.4,0.00,0.00,0,2.95,0,27.52,0,2.95,0,2.95
1.7,10.4,0.00,0.00,0,2.95,0,27.52,0,2.95,0,2.95
0.2,10.4,0.00,0.00,0,2.95,0,27.52,0,2.95,0,2.95
0.2,10.4,0.00,0.00,0,2.95,0,27.52,0,2.95,0,2.95
0.6,10.4,0.00,0.00,0,2.95,0,27.52,0,2.95,0,2.95
0.0,10.4,0.00,0.00,0,2.95,0,27.52,0,2.95,0,2.95
0.0,10.4,0.00,0.00,0,2.95,0,27.52,0,2.95,0,2.95
0.4,10.4,0.00,0.00,0,2.95,0,27.52,0,2.95,0,2.95
0.6,10.4,0.00,0.00,0,2.95,0,27.52,0,2.95,0,2.95
0.4,10.4,0.00,0.00,0,2.95,0,27.52,0,2.95,0,2.95
1.0,10.4,0.00,0.00,0,2.95,0,27.52,0,2.95,0,2.95
0.2,10.4,0.00,0.00,0,2.95,0,27.52,0,2.95,0,2.95
1.5,10.4,0.00,0.00,0,2.95,0,27.52,0,2.95,0,2.95
0.2,10.4,0.00,0.00,0,2.95,0,27.52,0,2.95,0,2.95
0.2,10.4,0.00,0.00,0,2.95,0,27.52,0,2.95,0,2.95
0.6,10.4,0.00,0.00,0,2.95,0,27.52,0,2.95,0,2.95
0.2,10.4,0.00,0.00,0,2.95,0,27.52,0,2.95,0,2.95
0.2,10.4,0.00,0.00,0,2.95,0,27.52,0,2.95,0,2.95
0.4,10.4,0.00,0.00,0,2.95,0,27.52,0,2.95,0,2.95
0.4,10.4,0.00,0.00,0,2.95,0,27.52,0,2.95,0,2.95
0.2,10.4,0.00,0.00,0,2.95,0,27.52,0,2.95,0,2.95
0.4,10.4,0.00,0.00,0,2.95,0,27.52,0,2.95,0,2.95
1.2,10.4,0.00,0.00,0,2.95,0,27.52,0,2.95,0,2.95
0.2,10.4,0.00,0.00,0,2.95,0,27.52,0,2.95,0,2.95
0.8,10.4,0.00,0.00,0,2.95,0,27.52,0,2.95,0,2.95
0.0,10.4,0.00,0.00,0,2.95,0,27.52,0,2.95,0,2.95
0.6,10.4,0.00,0.00,0,2.95,0,27.52,0,2.95,0,2.95
0.4,10.4,0.00,0.00,0,2.95,0,27.52,0,2.95,0,2.95
0.4,10.4,0.00,0.00,0,2.95,0,27.52,0,2.95,0,2.95
0.4,10.4,0.00,0.00,0,2.95,0,27.52,0,2.95,0,2.95
0.4,10.4,0.00,0.00,0,2.95,0,27.52,0,2.95,0,2.95
0.4,10.4,0.00,0.00,0,2.95,0,27.52,0,2.95,0,2.95
0.0,10.4,0.00,0.00,0,2.95,0,27.52,0,2.95,0,2.95
1.7,10.4,0.00,0.00,0,2.95,0,27.52,0,2.95,0,2.95
0.4,10.4,0.00,0.00,0,2.95,0,27.52,0,2.95,0,2.95
0.4,10.4,0.00,0.00,0,2.95,0,27.52,0,2.95,0,2.95
0.6,10.4,0.00,0.00,0,2.95,0,27.52,0,2.95,0,2.95
0.4,10.4,0.00,0.00,0,2.95,0,27.52,0,2.95,0,2.95
0.2,10.4,0.00,0.00,0,2.95,0,27.52,0,2.95,0,2.95
0.0,10.4,0.00,0.00,0,2.95,0,27.52,0,2.95,0,2.95
0.2,10.4,0.00,0.00,0,2.95,0,27.52,0,2.95,0,2.95
0.4,10.4,0.00,0.00,0,2.95,0,27.52,0,2.95,0,2.95
0.2,10.4,0.00,0.00,0,2.95,0,27.52,0,2.95,0,2.95
0.6,10.4,0.00,0.00,0,2.95,0,27.52,0,2.95,0,2.95
0.0,10.4,0.00,0.00,0,2.95,0,27.52,0,2.95,0,2.95
0.0,10.4,0.00,0.00,0,2.95,0,27.52,0,2.95,0,2.95
0.4,10.4,0.00,0.00,0,2.95,0,27.52,0,2.95,0,2.95
0.0,10.4,0.00,0.00,0,2.95,0,27.52,0,2.95,0,2.95
0.4,10.4,0.00,0.00,0,2.95,0,27.52,0,2.95,0,2.95
0.2,10.4,0.00,0.00,0,2.95,0,27.52,0,2.95,0,2.95
0.6,10.4,0.00,0.00,0,2.95,0,27.52,0,2.95,0,2.95
0.2,10.4,0.00,0.00,0,2.95,0,27.52,0,2.95,0,2.95
0.2,10.4,0.00,0.00,0,2.95,0,27.52,0,2.95,0,2.95
0.4,10.4,0.00,0.00,0,2.95,0,27.52,0,2.95,0,2.95
2.3,10.4,0.00,0.00,0,2.95,0,27.52,0,2.95,0,2.95
0.6,10.4,0.00,0.00,0,2.95,0,27.52,0,2.95,0,2.95
0.2,10.4,0.00,0.00,0,2.95,0,27.52,0,2.95,0,2.95
0.4,10.4,0.00,0.00,0,2.95,0,27.52,0,2.95,0,2.95
0.4,10.4,0.00,0.00,0,2.95,0,27.52,0,2.95,0,2.95
0.2,10.4,0.00,0.00,0,2.95,0,27.52,0,2.95,0,2.95
0.0,10.4,0.00,0.00,0,2.95,0,27.52,0,2.95,0,2.95
0.2,10.4,0.00,0.00,0,2.95,0,27.52,0,2.95,0,2.95
0.4,10.4,0.00,0.00,0,2.95,0,27.52,0,2.95,0,2.95
0.4,10.4,0.00,0.00,0,2.95,0,27.52,0,2.95,0,2.95
0.4,10.4,0.00,0.00,0,2.95,0,27.52,0,2.95,0,2.95
0.4,10.4,0.00,0.00,0,2.95,0,27.52,0,2.95,0,2.95
0.4,10.4,0.00,0.00,0,2.95,0,27.52,0,2.95,0,2.95
0.0,10.4,0.00,0.00,0,2.95,0,27.52,0,2.95,0,2.95
0.2,10.4,0.00,0.00,0,2.95,0,27.52,0,2.95,0,2.95
0.2,10.4,0.00,0.00,0,2.95,0,27.52,0,2.95,0,2.95
0.6,10.4,0.00,0.00,0,2.95,0,27.52,0,2.95,0,2.95
0.2,10.4,0.00,0.00,0,2.95,0,27.52,0,2.95,0,2.95
0.2,10.4,0.00,0.00,0,2.95,0,27.52,0,2.95,0,2.95
0.0,10.4,0.00,0.00,0,2.95,0,27.52,0,2.95,0,2.95
0.6,10.4,0.00,0.00,0,2.95,0,27.52,0,2.95,0,2.95
2.7,10.4,0.00,0.00,0,2.95,0,27.52,0,2.95,0,2.95
0.6,10.4,0.00,0.00,0,2.95,0,27.52,0,2.95,0,2.95
0.2,10.4,0.00,0.00,0,2.95,0,27.52,0,2.95,0,2.95
0.6,10.4,0.00,0.00,0,2.95,0,27.52,0,2.95,0,2.95
0.2,10.4,0.00,0.00,0,2.95,0,27.52,0,2.95,0,2.95
0.2,10.4,0.00,0.00,0,2.95,0,27.52,0,2.95,0,2.95
0.6,10.4,0.00,0.00,0,2.95,0,27.52,0,2.95,0,2.95
0.4,10.4,0.00,0.00,0,2.95,0,27.52,0,2.95,0,2.95
0.4,10.4,0.00,0.00,0,2.95,0,27.52,0,2.95,0,2.95
0.4,10.4,0.00,0.00,0,2.95,0,27.52,0,2.95,0,2.95
1.0,10.4,0.00,0.00,0,2.95,0,27.52,0,2.95,0,2.95
1.6,10.4,0.00,0.00,0,2.95,0,27.52,0,2.95,0,2.95
0.2,10.4,0.00,0.00,0,2.95,0,27.52,0,2.95,0,2.95
0.0,10.4,0.00,0.00,0,2.95,0,27.52,0,2.95,0,2.95
0.4,10.4,0.00,0.00,0,2.95,0,27.52,0,2.95,0,2.95
0.0,10.4,0.00,0.00,0,2.95,0,27.52,0,2.95,0,2.95
0.6,10.4,0.00,0.00,0,2.95,0,27.52,0,2.95,0,2.95
0.4,10.4,0.00,0.00,0,2.95,0,27.52,0,2.95,0,2.95
0.2,10.4,0.00,0.00,0,2.95,0,27.52,0,2.95,0,2.95
0.4,10.4,0.00,0.00,0,2.95,0,27.52,0,2.95,0,2.95
0.2,10.4,0.00,0.00,0,2.95,0,27.52,0,2.95,0,2.95
2.5,10.4,0.00,0.00,0,2.95,0,27.52,0,2.95,0,2.95
0.6,10.4,0.00,0.00,0,2.95,0,27.52,0,2.95,0,2.95
0.2,10.4,0.00,0.00,0,2.95,0,27.52,0,2.95,0,2.95
0.2,10.4,0.00,0.00,0,2.95,0,27.52,0,2.95,0,2.95
0.2,10.4,0.00,0.00,0,2.95,0,27.52,0,2.95,0,2.95
0.0,10.4,0.00,0.00,0,2.95,0,27.52,0,2.95,0,2.95
0.4,10.4,0.00,0.00,0,2.95,0,27.52,0,2.95,0,2.95
0.0,10.4,0.00,0.00,0,2.95,0,27.52,0,2.95,0,2.95
0.2,10.4,0.00,0.00,0,2.95,0,27.52,0,2.95,0,2.95
0.2,10.4,0.00,0.00,0,2.95,0,27.52,0,2.95,0,2.95
0.8,10.4,0.00,0.00,0,2.95,0,27.52,0,2.95,0,2.95
0.0,10.4,0.00,0.00,0,2.95,0,27.52,0,2.95,0,2.95
0.2,10.4,0.00,0.00,0,2.95,0,27.52,0,2.95,0,2.95
0.2,10.4,0.00,0.00,0,2.95,0,27.52,0,2.95,0,2.95
0.4,10.4,0.00,0.00,0,2.95,0,27.52,0,2.95,0,2.95
0.0,10.4,0.00,0.00,0,2.95,0,27.52,0,2.95,0,2.95
0.2,10.4,0.00,0.00,0,2.95,0,27.52,0,2.95,0,2.95
0.2,10.4,0.00,0.00,0,2.95,0,27.52,0,2.95,0,2.95
0.4,10.4,0.00,0.00,0,2.95,0,27.52,0,2.95,0,2.95
0.2,10.4,0.00,0.00,0,2.95,0,27.52,0,2.95,0,2.95
0.6,10.4,0.00,0.00,0,2.95,0,27.52,0,2.95,0,2.95
1.5,10.4,0.00,0.00,0,2.95,0,27.52,0,2.95,0,2.95
0.2,10.4,0.00,0.00,0,2.95,0,27.52,0,2.95,0,2.95
0.0,10.4,0.00,0.00,0,2.95,0,27.52,0,2.95,0,2.95
0.4,10.4,0.00,0.00,0,2.95,0,27.52,0,2.95,0,2.95
0.2,10.4,0.00,0.00,0,2.95,0,27.52,0,2.95,0,2.95
0.4,10.4,0.00,0.00,0,2.95,0,27.52,0,2.95,0,2.95
0.0,10.4,0.00,0.00,0,2.95,0,27.52,0,2.95,0,2.95
0.2,10.4,0.00,0.00,0,2.95,0,27.52,0,2.95,0,2.95
0.2,10.4,0.00,0.00,0,2.95,0,27.52,0,2.95,0,2.95
0.2,10.4,0.00,0.00,0,2.95,0,27.52,0,2.95,0,2.95
1.7,10.4,0.00,0.00,0,2.95,0,27.52,0,2.95,0,2.95
0.4,10.4,0.00,0.00,0,2.95,0,27.52,0,2.95,0,2.95
0.4,10.4,0.00,0.00,0,2.95,0,27.52,0,2.95,0,2.95
0.2,10.4,0.00,0.00,0,2.95,0,27.52,0,2.95,0,2.95
0.2,10.4,0.00,0.00,0,2.95,0,27.52,0,2.95,0,2.95
0.2,10.4,0.00,0.00,0,2.95,0,27.52,0,2.95,0,2.95
0.4,10.4,0.00,0.00,0,2.95,0,27.52,0,2.95,0,2.95
0.4,10.4,0.00,0.00,0,2.95,0,27.52,0,2.95,0,2.95
0.0,10.4,0.00,0.00,0,2.95,0,27.52,0,2.95,0,2.95
0.2,10.4,0.00,0.00,0,2.95,0,27.52,0,2.95,0,2.95
0.2,10.4,0.00,0.00,0,2.95,0,27.52,0,2.95,0,2.95
1.0,10.4,0.00,0.00,0,2.95,0,27.52,0,2.95,0,2.95
0.2,10.4,0.00,0.00,0,2.95,0,27.52,0,2.95,0,2.95
0.2,10.4,0.00,0.00,0,2.95,0,27.52,0,2.95,0,2.95
0.2,10.4,0.00,0.00,0,2.95,0,27.52,0,2.95,0,2.95
0.4,10.4,0.00,0.00,0,2.95,0,27.52,0,2.95,0,2.95
0.0,10.4,0.00,0.00,0,2.95,0,27.52,0,2.95,0,2.95
0.0,10.4,0.00,0.00,0,2.95,0,27.52,0,2.95,0,2.95
0.0,10.4,0.00,0.00,0,2.95,0,27.52,0,2.95,0,2.95
0.4,10.4,0.00,0.00,0,2.95,0,27.52,0,2.95,0,2.95
0.6,10.4,0.00,0.00,0,2.95,0,27.52,0,2.95,0,2.95
1.7,10.4,0.00,0.00,0,2.95,0,27.52,0,2.95,0,2.95
0.2,10.4,0.00,0.00,0,2.95,0,27.52,0,2.95,0,2.95
1.0,10.4,0.00,0.00,0,2.95,0,27.52,0,2.95,0,2.95
0.4,10.4,0.00,0.00,0,2.95,0,27.52,0,2.95,0,2.95
0.4,10.4,0.00,0.00,0,2.95,0,27.52,0,2.95,0,2.95
0.4,10.4,0.00,0.00,0,2.95,0,27.52,0,2.95,0,2.95
0.4,10.4,0.00,0.00,0,2.95,0,27.52,0,2.95,0,2.95
0.4,10.4,0.00,0.00,0,2.95,0,27.52,0,2.95,0,2.95
0.6,10.4,0.00,0.00,0,2.95,0,27.52,0,2.95,0,2.95
0.6,10.4,0.00,0.00,0,2.95,0,27.52,0,2.95,0,2.95
0.4,10.4,0.00,0.00,0,2.95,0,27.52,0,2.95,0,2.95
1.5,10.4,0.00,0.00,0,2.95,0,27.52,0,2.95,0,2.95
0.0,10.4,0.00,0.00,0,2.95,0,27.52,0,2.95,0,2.95
1.4,10.4,0.00,0.00,0,2.95,0,27.52,0,2.95,0,2.95
0.4,10.4,0.00,0.00,0,2.95,0,27.52,0,2.95,0,2.95
0.6,10.4,0.00,0.00,0,2.95,0,27.52,0,2.95,0,2.95
0.6,10.4,0.00,0.00,0,2.95,0,27.52,0,2.95,0,2.95
0.4,10.4,0.00,0.00,0,2.95,0,27.52,0,2.95,0,2.95
0.2,10.4,0.00,0.00,0,2.95,0,27.52,0,2.95,0,2.95
0.2,10.4,0.00,0.00,0,2.95,0,27.52,0,2.95,0,2.95
0.4,10.4,0.00,0.00,0,2.95,0,27.52,0,2.95,0,2.95
2.5,10.4,0.00,0.00,0,2.95,0,27.52,0,2.95,0,2.95
0.2,10.4,0.00,0.00,0,2.95,0,27.52,0,2.95,0,2.95
0.0,10.4,0.00,0.00,0,2.95,0,27.52,0,2.95,0,2.95
0.2,10.4,0.00,0.00,0,2.95,0,27.52,0,2.95,0,2.95
0.0,10.4,0.00,0.00,0,2.95,0,27.52,0,2.95,0,2.95
0.6,10.4,0.00,0.00,0,2.95,0,27.52,0,2.95,0,2.95
0.0,10.4,0.00,0.00,0,2.95,0,27.52,0,2.95,0,2.95
0.4,10.4,0.00,0.00,0,2.95,0,27.52,0,2.95,0,2.95
0.2,10.4,0.00,0.00,0,2.95,0,27.52,0,2.95,0,2.95
0.4,10.4,0.00,0.00,0,2.95,0,27.52,0,2.95,0,2.95
0.4,10.4,0.00,0.00,0,2.95,0,27.52,0,2.95,0,2.95
1.2,10.4,0.00,0.00,0,2.95,0,27.52,0,2.95,0,2.95
0.2,10.4,0.00,0.00,0,2.95,0,27.52,0,2.95,0,2.95
0.2,10.4,0.00,0.00,0,2.95,0,27.52,0,2.95,0,2.95
0.2,10.4,0.00,0.00,0,2.95,0,27.52,0,2.95,0,2.95
0.4,10.4,0.00,0.00,0,2.95,0,27.52,0,2.95,0,2.95
0.6,10.4,0.00,0.00,0,2.95,0,27.52,0,2.95,0,2.95
0.4,10.4,0.00,0.00,0,2.95,0,27.52,0,2.95,0,2.95
0.4,10.4,0.00,0.00,0,2.95,0,27.52,0,2.95,0,2.95
0.0,10.4,0.00,0.00,0,2.95,0,27.52,0,2.95,0,2.95
0.4,10.4,0.00,0.00,0,2.95,0,27.52,0,2.95,0,2.95
2.1,10.4,0.00,0.00,0,2.95,0,27.52,0,2.95,0,2.95
0.0,10.4,0.00,0.00,0,2.95,0,27.52,0,2.95,0,2.95
0.2,10.4,0.00,0.00,0,2.95,0,27.52,0,2.95,0,2.95
0.4,10.4,0.00,0.00,0,2.95,0,27.52,0,2.95,0,2.95
0.0,10.4,0.00,0.00,0,2.95,0,27.52,0,2.95,0,2.95
0.2,10.4,0.00,0.00,0,2.95,0,27.52,0,2.95,0,2.95
0.4,10.4,0.00,0.00,0,2.95,0,27.52,0,2.95,0,2.95
0.4,10.4,0.00,0.00,0,2.95,0,27.52,0,2.95,0,2.95
0.2,10.4,0.00,0.00,0,2.95,0,27.52,0,2.95,0,2.95
0.4,10.4,0.00,0.00,0,2.95,0,27.52,0,2.95,0,2.95
0.2,10.4,0.00,0.00,0,2.95,0,27.52,0,2.95,0,2.95
0.8,10.4,0.00,0.00,0,2.95,0,27.52,0,2.95,0,2.95
0.2,10.4,0.00,0.00,0,2.95,0,27.52,0,2.95,0,2.95
0.0,10.4,0.00,0.00,0,2.95,0,27.52,0,2.95,0,2.95
0.0,10.4,0.00,0.00,0,2.95,0,27.52,0,2.95,0,2.95
0.2,10.4,0.00,0.00,0,2.95,0,27.52,0,2.95,0,2.95
0.2,10.4,0.00,0.00,0,2.95,0,27.52,0,2.95,0,2.95
0.0,10.4,0.00,0.00,0,2.95,0,27.52,0,2.95,0,2.95
0.4,10.4,0.00,0.00,0,2.95,0,27.52,0,2.95,0,2.95
0.4,10.4,0.00,0.00,0,2.95,0,27.52,0,2.95,0,2.95
0.2,10.4,0.00,0.00,0,2.95,0,27.52,0,2.95,0,2.95
2.1,10.4,0.00,0.00,0,2.95,0,27.52,0,2.95,0,2.95
0.4,10.4,0.00,0.00,0,2.95,0,27.52,0,2.95,0,2.95
0.2,10.4,0.00,0.00,0,2.95,0,27.52,0,2.95,0,2.95
0.2,10.4,0.00,0.00,0,2.95,0,27.52,0,2.95,0,2.95
0.6,10.4,0.00,0.00,0,2.95,0,27.52,0,2.95,0,2.95
0.6,10.4,0.00,0.00,0,2.95,0,27.52,0,2.95,0,2.95
0.8,10.4,0.00,0.00,0,2.95,0,27.52,0,2.95,0,2.95
0.4,10.4,0.00,0.00,0,2.95,0,27.52,0,2.95,0,2.95
0.4,10.4,0.00,0.00,0,2.95,0,27.52,0,2.95,0,2.95
0.2,10.4,0.00,0.00,0,2.95,0,27.52,0,2.95,0,2.95
0.2,10.4,0.00,0.00,0,2.95,0,27.52,0,2.95,0,2.95
1.0,10.4,0.00,0.00,0,2.95,0,27.52,0,2.95,0,2.95
0.0,10.4,0.00,0.00,0,2.95,0,27.52,0,2.95,0,2.95
0.2,10.4,0.00,0.00,0,2.95,0,27.52,0,2.95,0,2.95
0.4,10.4,0.00,0.00,0,2.95,0,27.52,0,2.95,0,2.95
0.2,10.4,0.00,0.00,0,2.95,0,27.52,0,2.95,0,2.95
0.4,10.4,0.00,0.00,0,2.95,0,27.52,0,2.95,0,2.95
0.4,10.4,0.00,0.00,0,2.95,0,27.52,0,2.95,0,2.95
0.4,10.4,0.00,0.00,0,2.95,0,27.52,0,2.95,0,2.95
0.8,10.4,0.00,0.00,0,2.95,0,27.52,0,2.95,0,2.95
0.0,10.4,0.00,0.00,0,2.95,0,27.52,0,2.95,0,2.95
2.5,10.4,0.00,0.00,0,2.95,0,27.52,0,2.95,0,2.95
0.0,10.4,0.00,0.00,0,2.95,0,27.52,0,2.95,0,2.95
0.4,10.4,0.00,0.00,0,2.95,0,27.52,0,2.95,0,2.95
0.6,10.4,0.00,0.00,0,2.95,0,27.52,0,2.95,0,2.95
0.4,10.4,0.00,0.00,0,2.95,0,27.52,0,2.95,0,2.95
0.2,10.4,0.00,0.00,0,2.95,0,27.52,0,2.95,0,2.95
0.0,10.4,0.00,0.00,0,2.95,0,27.52,0,2.95,0,2.95
0.2,10.4,0.00,0.00,0,2.95,0,27.52,0,2.95,0,2.95
0.2,10.4,0.00,0.00,0,2.95,0,27.52,0,2.95,0,2.95
0.4,10.4,0.00,0.00,0,2.95,0,27.52,0,2.95,0,2.95
0.2,10.4,0.00,0.00,0,2.95,0,27.52,0,2.95,0,2.95
1.3,10.4,0.00,0.00,0,2.95,0,27.52,0,2.95,0,2.95
0.2,10.4,0.00,0.00,0,2.95,0,27.52,0,2.95,0,2.95
0.6,10.4,0.00,0.00,0,2.95,0,27.52,0,2.95,0,2.95
0.2,10.4,0.00,0.00,0,2.95,0,27.52,0,2.95,0,2.95
0.4,10.4,0.00,0.00,0,2.95,0,27.52,0,2.95,0,2.95
0.2,10.4,0.00,0.00,0,2.95,0,27.52,0,2.95,0,2.95
0.2,10.4,0.00,0.00,0,2.95,0,27.52,0,2.95,0,2.95
0.6,10.4,0.00,0.00,0,2.95,0,27.52,0,2.95,0,2.95
0.4,10.4,0.00,0.00,0,2.95,0,27.52,0,2.95,0,2.95
0.2,10.4,0.00,0.00,0,2.95,0,27.52,0,2.95,0,2.95
1.9,10.4,0.00,0.00,0,2.95,0,27.52,0,2.95,0,2.95
0.4,10.4,0.00,0.00,0,2.95,0,27.52,0,2.95,0,2.95
0.4,10.4,0.00,0.00,0,2.95,0,27.52,0,2.95,0,2.95
0.0,10.4,0.00,0.00,0,2.95,0,27.52,0,2.95,0,2.95
0.4,10.4,0.00,0.00,0,2.95,0,27.52,0,2.95,0,2.95
0.0,10.4,0.00,0.00,0,2.95,0,27.52,0,2.95,0,2.95
0.2,10.4,0.00,0.00,0,2.95,0,27.52,0,2.95,0,2.95
0.4,10.4,0.00,0.00,0,2.95,0,27.52,0,2.95,0,2.95
0.0,10.4,0.00,0.00,0,2.95,0,27.52,0,2.95,0,2.95
0.4,10.4,0.00,0.00,0,2.95,0,27.52,0,2.95,0,2.95
0.2,10.4,0.00,0.00,0,2.95,0,27.52,0,2.95,0,2.95
0.8,10.4,0.00,0.00,0,2.95,0,27.52,0,2.95,0,2.95
0.2,10.4,0.00,0.00,0,2.95,0,27.52,0,2.95,0,2.95
0.4,10.4,0.00,0.00,0,2.95,0,27.52,0,2.95,0,2.95
0.0,10.4,0.00,0.00,0,2.95,0,27.52,0,2.95,0,2.95
0.2,10.4,0.00,0.00,0,2.95,0,27.52,0,2.95,0,2.95
0.0,10.4,0.00,0.00,0,2.95,0,27.52,0,2.95,0,2.95
0.2,10.4,0.00,0.00,0,2.95,0,27.52,0,2.95,0,2.95
0.2,10.4,0.00,0.00,0,2.95,0,27.52,0,2.95,0,2.95
0.4,10.4,0.00,0.00,0,2.95,0,27.52,0,2.95,0,2.95
0.4,10.4,0.00,0.00,0,2.95,0,27.52,0,2.95,0,2.95
1.9,10.4,0.00,0.00,0,2.95,0,27.52,0,2.95,0,2.95
0.2,10.4,0.00,0.00,0,2.95,0,27.52,0,2.95,0,2.95
0.2,10.4,0.00,0.00,0,2.95,0,27.52,0,2.95,0,2.95
0.2,10.4,0.00,0.00,0,2.95,0,27.52,0,2.95,0,2.95
0.4,10.4,0.00,0.00,0,2.95,0,27.52,0,2.95,0,2.95
0.0,10.4,0.00,0.00,0,2.95,0,27.52,0,2.95,0,2.95
0.6,10.4,0.00,0.00,0,2.95,0,27.52,0,2.95,0,2.95
0.2,10.4,0.00,0.00,0,2.95,0,27.52,0,2.95,0,2.95
0.4,10.4,0.00,0.00,0,2.95,0,27.52,0,2.95,0,2.95
0.8,10.4,0.00,0.00,0,2.95,0,27.52,0,2.95,0,2.95
1.7,10.4,0.00,0.00,0,2.95,0,27.52,0,2.95,0,2.95
0.6,10.4,0.00,0.00,0,2.95,0,27.52,0,2.95,0,2.95
0.2,10.4,0.00,0.00,0,2.95,0,27.52,0,2.95,0,2.95
0.4,10.4,0.00,0.00,0,2.95,0,27.52,0,2.95,0,2.95
0.0,10.4,0.00,0.00,0,2.95,0,27.52,0,2.95,0,2.95
0.6,10.4,0.00,0.00,0,2.95,0,27.52,0,2.95,0,2.95
0.2,10.4,0.00,0.00,0,2.95,0,27.52,0,2.95,0,2.95
0.4,10.4,0.00,0.00,0,2.95,0,27.52,0,2.95,0,2.95
0.4,10.4,0.00,0.00,0,2.95,0,27.52,0,2.95,0,2.95
0.2,10.4,0.00,0.00,0,2.95,0,27.52,0,2.95,0,2.95
0.6,10.4,0.00,0.00,0,2.95,0,27.52,0,2.95,0,2.95
1.9,10.4,0.00,0.00,0,2.95,0,27.52,0,2.95,0,2.95
0.2,10.4,0.00,0.00,0,2.95,0,27.52,0,2.95,0,2.95
0.6,10.4,0.00,0.00,0,2.95,0,27.52,0,2.95,0,2.95
0.0,10.4,0.00,0.00,0,2.95,0,27.52,0,2.95,0,2.95
0.4,10.4,0.00,0.00,0,2.95,0,27.52,0,2.95,0,2.95
0.2,10.4,0.00,0.00,0,2.95,0,27.52,0,2.95,0,2.95
0.2,10.4,0.00,0.00,0,2.95,0,27.52,0,2.95,0,2.95
0.4,10.4,0.00,0.00,0,2.95,0,27.52,0,2.95,0,2.95
0.2,10.4,0.00,0.00,0,2.95,0,27.52,0,2.95,0,2.95
0.2,10.4,0.00,0.00,0,2.95,0,27.52,0,2.95,0,2.95
0.4,10.4,0.00,0.00,0,2.95,0,27.52,0,2.95,0,2.95
0.8,10.4,0.00,0.00,0,2.95,0,27.52,0,2.95,0,2.95
0.6,10.4,0.00,0.00,0,2.95,0,27.52,0,2.95,0,2.95
0.2,10.4,0.00,0.00,0,2.95,0,27.52,0,2.95,0,2.95
0.6,10.4,0.00,0.00,0,2.95,0,27.52,0,2.95,0,2.95
0.4,10.4,0.00,0.00,0,2.95,0,27.52,0,2.95,0,2.95
0.4,10.4,0.00,0.00,0,2.95,0,27.52,0,2.95,0,2.95
0.2,10.4,0.00,0.00,0,2.95,0,27.52,0,2.95,0,2.95
0.4,10.4,0.00,0.00,0,2.95,0,27.52,0,2.95,0,2.95
0.4,10.4,0.00,0.00,0,2.95,0,27.52,0,2.95,0,2.95
0.4,10.4,0.00,0.00,0,2.95,0,27.52,0,2.95,0,2.95
2.1,10.4,0.00,0.00,0,2.95,0,27.52,0,2.95,0,2.95
0.4,10.4,0.00,0.00,0,2.95,0,27.52,0,2.95,0,2.95
0.4,10.4,0.00,0.00,0,2.95,0,27.52,0,2.95,0,2.95
0.2,10.4,0.00,0.00,0,2.95,0,27.52,0,2.95,0,2.95
0.4,10.4,0.00,0.00,0,2.95,0,27.52,0,2.95,0,2.95
0.2,10.4,0.00,0.00,0,2.95,0,27.52,0,2.95,0,2.95
0.4,10.4,0.00,0.00,0,2.95,0,27.52,0,2.95,0,2.95
0.0,10.4,0.00,0.00,0,2.95,0,27.52,0,2.95,0,2.95
0.2,10.4,0.00,0.00,0,2.95,0,27.52,0,2.95,0,2.95
0.0,10.4,0.00,0.00,0,2.95,0,27.52,0,2.95,0,2.95
0.2,10.4,0.00,0.00,0,2.95,0,27.52,0,2.95,0,2.95
0.4,10.4,0.00,0.00,0,2.95,0,27.52,0,2.95,0,2.95
0.2,10.4,0.00,0.00,0,2.95,0,27.52,0,2.95,0,2.95
0.6,10.4,0.00,0.00,0,2.95,0,27.52,0,2.95,0,2.95
0.2,10.4,0.00,0.00,0,2.95,0,27.52,0,2.95,0,2.95
0.2,10.4,0.00,0.00,0,2.95,0,27.52,0,2.95,0,2.95
0.4,10.4,0.00,0.00,0,2.95,0,27.52,0,2.95,0,2.95
0.2,10.4,0.00,0.00,0,2.95,0,27.52,0,2.95,0,2.95
0.2,10.4,0.00,0.00,0,2.95,0,27.52,0,2.95,0,2.95
0.2,10.4,0.00,0.00,0,2.95,0,27.52,0,2.95,0,2.95
0.4,10.4,0.00,0.00,0,2.95,0,27.52,0,2.95,0,2.95
2.5,10.4,0.00,0.00,0,2.95,0,27.52,0,2.95,0,2.95
1.9,10.4,0.00,0.00,0,2.95,0,27.52,0,2.95,0,2.95
0.4,10.4,0.00,0.00,0,2.95,0,27.52,0,2.95,0,2.95
0.4,10.4,0.00,0.00,0,2.95,0,27.52,0,2.95,0,2.95
0.4,10.4,0.00,0.00,0,2.95,0,27.52,0,2.95,0,2.95
0.2,10.4,0.00,0.00,0,2.95,0,27.52,0,2.95,0,2.95
0.0,10.4,0.00,0.00,0,2.95,0,27.52,0,2.95,0,2.95
0.0,10.4,0.00,0.00,0,2.95,0,27.52,0,2.95,0,2.95
1.6,10.4,0.00,0.00,0,2.95,0,27.52,0,2.95,0,2.95
1.6,10.4,0.00,0.00,0,2.95,0,27.52,0,2.95,0,2.95
2.5,10.4,0.00,0.00,0,2.95,0,27.52,0,2.95,0,2.95
1.4,10.4,0.00,0.00,0,2.95,0,27.52,0,2.95,0,2.95
0.2,10.4,0.00,0.00,0,2.95,0,27.52,0,2.95,0,2.95
0.4,10.4,0.00,0.00,0,2.95,0,27.52,0,2.95,0,2.95
0.2,10.4,0.00,0.00,0,2.95,0,27.52,0,2.95,0,2.95
0.4,10.4,0.00,0.00,0,2.95,0,27.52,0,2.95,0,2.95
1.8,10.4,0.00,0.00,0,2.95,0,27.52,0,2.95,0,2.95
0.8,10.4,0.00,0.00,0,2.95,0,27.52,0,2.95,0,2.95
1.2,10.4,0.00,0.00,0,2.95,0,27.52,0,2.95,0,2.95
0.2,10.4,0.00,0.00,0,2.95,0,27.52,0,2.95,0,2.95
0.4,10.4,0.00,0.00,0,2.95,0,27.52,0,2.95,0,2.95
1.5,10.4,0.00,0.00,0,2.95,0,27.52,0,2.95,0,2.95
0.6,10.4,0.00,0.00,0,2.95,0,27.52,0,2.95,0,2.95
0.6,10.4,0.00,0.00,0,2.95,0,27.52,0,2.95,0,2.95
0.4,10.4,0.00,0.00,0,2.95,0,27.52,0,2.95,0,2.95
0.8,10.4,0.00,0.00,0,2.95,0,27.52,0,2.95,0,2.95
0.0,10.4,0.00,0.00,0,2.95,0,27.52,0,2.95,0,2.95
0.4,10.4,0.00,0.00,0,2.95,0,27.52,0,2.95,0,2.95
0.4,10.4,0.00,0.00,0,2.95,0,27.52,0,2.95,0,2.95
0.2,10.4,0.00,0.00,0,2.95,0,27.52,0,2.95,0,2.95
0.6,10.4,0.00,0.00,0,2.95,0,27.52,0,2.95,0,2.95
1.9,10.4,0.00,0.00,0,2.95,0,27.52,0,2.95,0,2.95
0.2,10.4,0.00,0.00,0,2.95,0,27.52,0,2.95,0,2.95
0.4,10.4,0.00,0.00,0,2.95,0,27.52,0,2.95,0,2.95
0.0,10.4,0.00,0.00,0,2.95,0,27.52,0,2.95,0,2.95
0.4,10.4,0.00,0.00,0,2.95,0,27.52,0,2.95,0,2.95
0.6,10.4,0.00,0.00,0,2.95,0,27.52,0,2.95,0,2.95
0.0,10.4,0.00,0.00,0,2.95,0,27.52,0,2.95,0,2.95
0.4,10.4,0.00,0.00,0,2.95,0,27.52,0,2.95,0,2.95
0.4,10.4,0.00,0.00,0,2.95,0,27.52,0,2.95,0,2.95
0.2,10.4,0.00,0.00,0,2.95,0,27.52,0,2.95,0,2.95
0.2,10.4,0.00,0.00,0,2.95,0,27.52,0,2.95,0,2.95
1.2,10.4,0.00,0.00,0,2.95,0,27.52,0,2.95,0,2.95
0.6,10.4,0.00,0.00,0,2.95,0,27.52,0,2.95,0,2.95
0.2,10.4,0.00,0.00,0,2.95,0,27.52,0,2.95,0,2.95
0.2,10.4,0.00,0.00,0,2.95,0,27.52,0,2.95,0,2.95
0.6,10.4,0.00,0.00,0,2.95,0,27.52,0,2.95,0,2.95
0.0,10.4,0.00,0.00,0,2.95,0,27.52,0,2.95,0,2.95
0.0,10.4,0.00,0.00,0,2.95,0,27.52,0,2.95,0,2.95
0.4,10.4,0.00,0.00,0,2.95,0,27.52,0,2.95,0,2.95
0.2,10.4,0.00,0.00,0,2.95,0,27.52,0,2.95,0,2.95
0.2,10.4,0.00,0.00,0,2.95,0,27.52,0,2.95,0,2.95
2.1,10.4,0.00,0.00,0,2.95,0,27.52,0,2.95,0,2.95
0.2,10.4,0.00,0.00,0,2.95,0,27.52,0,2.95,0,2.95
0.2,10.4,0.00,0.00,0,2.95,0,27.52,0,2.95,0,2.95
0.2,10.4,0.00,0.00,0,2.95,0,27.52,0,2.95,0,2.95
0.2,10.4,0.00,0.00,0,2.95,0,27.52,0,2.95,0,2.95
0.6,10.4,0.00,0.00,0,2.95,0,27.52,0,2.95,0,2.95
0.2,10.4,0.00,0.00,0,2.95,0,27.52,0,2.95,0,2.95
0.6,10.4,0.00,0.00,0,2.95,0,27.52,0,2.95,0,2.95
0.4,10.4,0.00,0.00,0,2.95,0,27.52,0,2.95,0,2.95
0.4,10.4,0.00,0.00,0,2.95,0,27.52,0,2.95,0,2.95
0.6,10.4,0.00,0.00,0,2.95,0,27.52,0,2.95,0,2.95
0.2,10.4,0.00,0.00,0,2.95,0,27.52,0,2.95,0,2.95
0.4,10.4,0.00,0.00,0,2.95,0,27.52,0,2.95,0,2.95
0.2,10.4,0.00,0.00,0,2.95,0,27.52,0,2.95,0,2.95
0.2,10.4,0.00,0.00,0,2.95,0,27.52,0,2.95,0,2.95
0.4,10.4,0.00,0.00,0,2.95,0,27.52,0,2.95,0,2.95
0.2,10.4,0.00,0.00,0,2.95,0,27.52,0,2.95,0,2.95
0.8,10.4,0.00,0.00,0,2.95,0,27.52,0,2.95,0,2.95
0.0,10.4,0.00,0.00,0,2.95,0,27.52,0,2.95,0,2.95
0.8,10.4,0.00,0.00,0,2.95,0,27.52,0,2.95,0,2.95
0.4,10.4,0.00,0.00,0,2.95,0,27.52,0,2.95,0,2.95
2.5,10.4,0.00,0.00,0,2.95,0,27.52,0,2.95,0,2.95
0.4,10.4,0.00,0.00,0,2.95,0,27.52,0,2.95,0,2.95
0.4,10.4,0.00,0.00,0,2.95,0,27.52,0,2.95,0,2.95
0.4,10.4,0.00,0.00,0,2.95,0,27.52,0,2.95,0,2.95
0.2,10.4,0.00,0.00,0,2.95,0,27.52,0,2.95,0,2.95
0.6,10.4,0.00,0.00,0,2.95,0,27.52,0,2.95,0,2.95
0.2,10.4,0.00,0.00,0,2.95,0,27.52,0,2.95,0,2.95
0.6,10.4,0.00,0.00,0,2.95,0,27.52,0,2.95,0,2.95
0.4,10.4,0.00,0.00,0,2.95,0,27.52,0,2.95,0,2.95
1.0,10.4,0.00,0.00,0,2.95,0,27.52,0,2.95,0,2.95
0.6,10.4,0.00,0.00,0,2.95,0,27.52,0,2.95,0,2.95
1.0,10.4,0.00,0.00,0,2.95,0,27.52,0,2.95,0,2.95
0.2,10.4,0.00,0.00,0,2.95,0,27.52,0,2.95,0,2.95
0.4,10.4,0.00,0.00,0,2.95,0,27.52,0,2.95,0,2.95
0.6,10.4,0.00,0.00,0,2.95,0,27.52,0,2.95,0,2.95
0.6,10.4,0.00,0.00,0,2.95,0,27.52,0,2.95,0,2.95
0.4,10.4,0.00,0.00,0,2.95,0,27.52,0,2.95,0,2.95
0.6,10.4,0.00,0.00,0,2.95,0,27.52,0,2.95,0,2.95
0.4,10.4,0.00,0.00,0,2.95,0,27.52,0,2.95,0,2.95
0.4,10.4,0.00,0.00,0,2.95,0,27.52,0,2.95,0,2.95
0.6,10.4,0.00,0.00,0,2.95,0,27.52,0,2.95,0,2.95
2.3,10.4,0.00,0.00,0,2.95,0,27.52,0,2.95,0,2.95
0.2,10.4,0.00,0.00,0,2.95,0,27.52,0,2.95,0,2.95
0.0,10.4,0.00,0.00,0,2.95,0,27.52,0,2.95,0,2.95
0.2,10.4,0.00,0.00,0,2.95,0,27.52,0,2.95,0,2.95
0.4,10.4,0.00,0.00,0,2.95,0,27.52,0,2.95,0,2.95
0.2,10.4,0.00,0.00,0,2.95,0,27.52,0,2.95,0,2.95
0.2,10.4,0.00,0.00,0,2.95,0,27.52,0,2.95,0,2.95
0.4,10.4,0.00,0.00,0,2.95,0,27.52,0,2.95,0,2.95
0.2,10.4,0.00,0.00,0,2.95,0,27.52,0,2.95,0,2.95
0.6,10.4,0.00,0.00,0,2.95,0,27.52,0,2.95,0,2.95
0.0,10.4,0.00,0.00,0,2.95,0,27.52,0,2.95,0,2.95
0.2,10.4,0.00,0.00,0,2.95,0,27.52,0,2.95,0,2.95
0.0,10.4,0.00,0.00,0,2.95,0,27.52,0,2.95,0,2.95
0.4,10.4,0.00,0.00,0,2.95,0,27.52,0,2.95,0,2.95
0.2,10.4,0.00,0.00,0,2.95,0,27.52,0,2.95,0,2.95
0.0,10.4,0.00,0.00,0,2.95,0,27.52,0,2.95,0,2.95
0.2,10.4,0.00,0.00,0,2.95,0,27.52,0,2.95,0,2.95
0.2,10.4,0.00,0.00,0,2.95,0,27.52,0,2.95,0,2.95
0.4,10.4,0.00,0.00,0,2.95,0,27.52,0,2.95,0,2.95
0.2,10.4,0.00,0.00,0,2.95,0,27.52,0,2.95,0,2.95
0.4,10.4,0.00,0.00,0,2.95,0,27.52,0,2.95,0,2.95
2.3,10.4,0.00,0.00,0,2.95,0,27.52,0,2.95,0,2.95
0.2,10.4,0.00,0.00,0,2.95,0,27.52,0,2.95,0,2.95
0.0,10.4,0.00,0.00,0,2.95,0,27.52,0,2.95,0,2.95
0.4,10.4,0.00,0.00,0,2.95,0,27.52,0,2.95,0,2.95
0.8,10.4,0.00,0.00,0,2.95,0,27.52,0,2.95,0,2.95
0.4,10.4,0.00,0.00,0,2.95,0,27.52,0,2.95,0,2.95
0.2,10.4,0.00,0.00,0,2.95,0,27.52,0,2.95,0,2.95
0.0,10.4,0.00,0.00,0,2.95,0,27.52,0,2.95,0,2.95
0.4,10.4,0.00,0.00,0,2.95,0,27.52,0,2.95,0,2.95
0.2,10.4,0.00,0.00,0,2.95,0,27.52,0,2.95,0,2.95
0.2,10.4,0.00,0.00,0,2.95,0,27.52,0,2.95,0,2.95
0.2,10.4,0.00,0.00,0,2.95,0,27.52,0,2.95,0,2.95
0.6,10.4,0.00,0.00,0,2.95,0,27.52,0,2.95,0,2.95
0.2,10.4,0.00,0.00,0,2.95,0,27.52,0,2.95,0,2.95
0.6,10.4,0.00,0.00,0,2.95,0,27.52,0,2.95,0,2.95
0.2,10.4,0.00,0.00,0,2.95,0,27.52,0,2.95,0,2.95
0.2,10.4,0.00,0.00,0,2.95,0,27.52,0,2.95,0,2.95
0.0,10.4,0.00,0.00,0,2.95,0,27.52,0,2.95,0,2.95
0.2,10.4,0.00,0.00,0,2.95,0,27.52,0,2.95,0,2.95
0.4,10.4,0.00,0.00,0,2.95,0,27.52,0,2.95,0,2.95
0.2,10.4,0.00,0.00,0,2.95,0,27.52,0,2.95,0,2.95
2.5,10.4,0.00,0.00,0,2.95,0,27.52,0,2.95,0,2.95
0.4,10.4,0.00,0.00,0,2.95,0,27.52,0,2.95,0,2.95
0.2,10.4,0.00,0.00,0,2.95,0,27.52,0,2.95,0,2.95
0.0,10.4,0.00,0.00,0,2.95,0,27.52,0,2.95,0,2.95
0.4,10.4,0.00,0.00,0,2.95,0,27.52,0,2.95,0,2.95
0.6,10.4,0.00,0.00,0,2.95,0,27.52,0,2.95,0,2.95
0.6,10.4,0.00,0.00,0,2.95,0,27.52,0,2.95,0,2.95
0.6,10.4,0.00,0.00,0,2.95,0,27.52,0,2.95,0,2.95
0.2,10.4,0.00,0.00,0,2.95,0,27.52,0,2.95,0,2.95
0.2,10.4,0.00,0.00,0,2.95,0,27.52,0,2.95,0,2.95
1.0,10.4,0.00,0.00,0,2.95,0,27.52,0,2.95,0,2.95
0.2,10.4,0.00,0.00,0,2.95,0,27.52,0,2.95,0,2.95
0.6,10.4,0.00,0.00,0,2.95,0,27.52,0,2.95,0,2.95
0.2,10.4,0.00,0.00,0,2.95,0,27.52,0,2.95,0,2.95
0.4,10.4,0.00,0.00,0,2.95,0,27.52,0,2.95,0,2.95
0.6,10.4,0.00,0.00,0,2.95,0,27.52,0,2.95,0,2.95
0.4,10.4,0.00,0.00,0,2.95,0,27.52,0,2.95,0,2.95
0.4,10.4,0.00,0.00,0,2.95,0,27.52,0,2.95,0,2.95
0.4,10.4,0.00,0.00,0,2.95,0,27.52,0,2.95,0,2.95
0.2,10.4,0.00,0.00,0,2.95,0,27.52,0,2.95,0,2.95
0.0,10.4,0.00,0.00,0,2.95,0,27.52,0,2.95,0,2.95
2.1,10.4,0.00,0.00,0,2.95,0,27.52,0,2.95,0,2.95
0.4,10.4,0.00,0.00,0,2.95,0,27.52,0,2.95,0,2.95
0.4,10.4,0.00,0.00,0,2.95,0,27.52,0,2.95,0,2.95
0.4,10.4,0.00,0.00,0,2.95,0,27.52,0,2.95,0,2.95
0.4,10.4,0.00,0.00,0,2.95,0,27.52,0,2.95,0,2.95
0.2,10.4,0.00,0.00,0,2.95,0,27.52,0,2.95,0,2.95
0.6,10.4,0.00,0.00,0,2.95,0,27.52,0,2.95,0,2.95
0.2,10.4,0.00,0.00,0,2.95,0,27.52,0,2.95,0,2.95
0.4,10.4,0.00,0.00,0,2.95,0,27.52,0,2.95,0,2.95
0.2,10.4,0.00,0.00,0,2.95,0,27.52,0,2.95,0,2.95
0.8,10.4,0.00,0.00,0,2.95,0,27.52,0,2.95,0,2.95
0.2,10.4,0.00,0.00,0,2.95,0,27.52,0,2.95,0,2.95
0.2,10.4,0.00,0.00,0,2.95,0,27.52,0,2.95,0,2.95
0.0,10.4,0.00,0.00,0,2.95,0,27.52,0,2.95,0,2.95
0.6,10.4,0.00,0.00,0,2.95,0,27.52,0,2.95,0,2.95
0.4,10.4,0.00,0.00,0,2.95,0,27.52,0,2.95,0,2.95
0.6,10.4,0.00,0.00,0,2.95,0,27.52,0,2.95,0,2.95
0.2,10.4,0.00,0.00,0,2.95,0,27.52,0,2.95,0,2.95
0.0,10.4,0.00,0.00,0,2.95,0,27.52,0,2.95,0,2.95
0.2,10.4,0.00,0.00,0,2.95,0,27.52,0,2.95,0,2.95
0.2,10.4,0.00,0.00,0,2.95,0,27.52,0,2.95,0,2.95
0.8,10.4,0.00,0.00,0,2.95,0,27.52,0,2.95,0,2.95
0.2,10.4,0.00,0.00,0,2.95,0,27.52,0,2.95,0,2.95
0.2,10.4,0.00,0.00,0,2.95,0,27.52,0,2.95,0,2.95
0.2,10.4,0.00,0.00,0,2.95,0,27.52,0,2.95,0,2.95
0.2,10.4,0.00,0.00,0,2.95,0,27.52,0,2.95,0,2.95
0.4,10.4,0.00,0.00,0,2.95,0,27.52,0,2.95,0,2.95
0.2,10.4,0.00,0.00,0,2.95,0,27.52,0,2.95,0,2.95
0.4,10.4,0.00,0.00,0,2.95,0,27.52,0,2.95,0,2.95
0.2,10.4,0.00,0.00,0,2.95,0,27.52,0,2.95,0,2.95
0.4,10.4,0.00,0.00,0,2.95,0,27.52,0,2.95,0,2.95
1.9,10.4,0.00,0.00,0,2.95,0,27.52,0,2.95,0,2.95
0.2,10.4,0.00,0.00,0,2.95,0,27.52,0,2.95,0,2.95
0.2,10.4,0.00,0.00,0,2.95,0,27.52,0,2.95,0,2.95
0.4,10.4,0.00,0.00,0,2.95,0,27.52,0,2.95,0,2.95
0.6,10.4,0.00,0.00,0,2.95,0,27.52,0,2.95,0,2.95
0.2,10.4,0.00,0.00,0,2.95,0,27.52,0,2.95,0,2.95
0.6,10.4,0.00,0.00,0,2.95,0,27.52,0,2.95,0,2.95
0.4,10.4,0.00,0.00,0,2.95,0,27.52,0,2.95,0,2.95
0.6,10.4,0.00,0.00,0,2.95,0,27.52,0,2.95,0,2.95
0.2,10.4,0.00,0.00,0,2.95,0,27.52,0,2.95,0,2.95
0.4,10.4,0.00,0.00,0,2.95,0,27.52,0,2.95,0,2.95
1.9,10.4,0.00,0.00,0,2.95,0,27.52,0,2.95,0,2.95
0.4,10.4,0.00,0.00,0,2.95,0,27.52,0,2.95,0,2.95
0.4,10.4,0.00,0.00,0,2.95,0,27.52,0,2.95,0,2.95
0.0,10.4,0.00,0.00,0,2.95,0,27.52,0,2.95,0,2.95
0.2,10.4,0.00,0.00,0,2.95,0,27.52,0,2.95,0,2.95
0.4,10.4,0.00,0.00,0,2.95,0,27.52,0,2.95,0,2.95
0.4,10.4,0.00,0.00,0,2.95,0,27.52,0,2.95,0,2.95
0.4,10.4,0.00,0.00,0,2.95,0,27.52,0,2.95,0,2.95
0.2,10.4,0.00,0.00,0,2.95,0,27.52,0,2.95,0,2.95
0.6,10.4,0.00,0.00,0,2.95,0,27.52,0,2.95,0,2.95
1.0,10.4,0.00,0.00,0,2.95,0,27.52,0,2.95,0,2.95
1.9,10.4,0.00,0.00,0,2.95,0,27.52,0,2.95,0,2.95
0.4,10.4,0.00,0.00,0,2.95,0,27.52,0,2.95,0,2.95
0.4,10.4,0.00,0.00,0,2.95,0,27.52,0,2.95,0,2.95
0.4,10.4,0.00,0.00,0,2.95,0,27.52,0,2.95,0,2.95
0.2,10.4,0.00,0.00,0,2.95,0,27.52,0,2.95,0,2.95
0.6,10.4,0.00,0.00,0,2.95,0,27.52,0,2.95,0,2.95
0.2,10.4,0.00,0.00,0,2.95,0,27.52,0,2.95,0,2.95
0.2,10.4,0.00,0.00,0,2.95,0,27.52,0,2.95,0,2.95
0.0,10.4,0.00,0.00,0,2.95,0,27.52,0,2.95,0,2.95
0.2,10.4,0.00,0.00,0,2.95,0,27.52,0,2.95,0,2.95
2.5,10.4,0.00,0.00,0,2.95,0,27.52,0,2.95,0,2.95
1.4,10.4,0.00,0.00,0,2.95,0,27.52,0,2.95,0,2.95
0.2,10.4,0.00,0.00,0,2.95,0,27.52,0,2.95,0,2.95
0.2,10.4,0.00,0.00,0,2.95,0,27.52,0,2.95,0,2.95
1.5,10.4,0.00,0.00,0,2.95,0,27.52,0,2.95,0,2.95
0.4,10.4,0.00,0.00,0,2.95,0,27.52,0,2.95,0,2.95
0.2,10.4,0.00,0.00,0,2.95,0,27.52,0,2.95,0,2.95
0.0,10.4,0.00,0.00,0,2.95,0,27.52,0,2.95,0,2.95
0.2,10.4,0.00,0.00,0,2.95,0,27.52,0,2.95,0,2.95
1.0,10.4,0.00,0.00,0,2.95,0,27.52,0,2.95,0,2.95
0.8,10.4,0.00,0.00,0,2.95,0,27.52,0,2.95,0,2.95
0.2,10.4,0.00,0.00,0,2.95,0,27.52,0,2.95,0,2.95
0.6,10.4,0.00,0.00,0,2.95,0,27.52,0,2.95,0,2.95
0.0,10.4,0.00,0.00,0,2.95,0,27.52,0,2.95,0,2.95
0.4,10.4,0.00,0.00,0,2.95,0,27.52,0,2.95,0,2.95
0.2,10.4,0.00,0.00,0,2.95,0,27.52,0,2.95,0,2.95
0.2,10.4,0.00,0.00,0,2.95,0,27.52,0,2.95,0,2.95
0.2,10.4,0.00,0.00,0,2.95,0,27.52,0,2.95,0,2.95
0.4,10.4,0.00,0.00,0,2.95,0,27.52,0,2.95,0,2.95
0.0,10.4,0.00,0.00,0,2.95,0,27.52,0,2.95,0,2.95
0.2,10.4,0.00,0.00,0,2.95,0,27.52,0,2.95,0,2.95
1.5,10.4,0.00,0.00,0,2.95,0,27.52,0,2.95,0,2.95
0.4,10.4,0.00,0.00,0,2.95,0,27.52,0,2.95,0,2.95
0.4,10.4,0.00,0.00,0,2.95,0,27.52,0,2.95,0,2.95
0.2,10.4,0.00,0.00,0,2.95,0,27.52,0,2.95,0,2.95
0.2,10.4,0.00,0.00,0,2.95,0,27.52,0,2.95,0,2.95
0.2,10.4,0.00,0.00,0,2.95,0,27.52,0,2.95,0,2.95
0.2,10.4,0.00,0.00,0,2.95,0,27.52,0,2.95,0,2.95
0.2,10.4,0.00,0.00,0,2.95,0,27.52,0,2.95,0,2.95
0.2,10.4,0.00,0.00,0,2.95,0,27.52,0,2.95,0,2.95
0.2,10.4,0.00,0.00,0,2.95,0,27.52,0,2.95,0,2.95
1.9,10.4,0.00,0.00,0,2.95,0,27.52,0,2.95,0,2.95
0.4,10.4,0.00,0.00,0,2.95,0,27.52,0,2.95,0,2.95
0.2,10.4,0.00,0.00,0,2.95,0,27.52,0,2.95,0,2.95
0.0,10.4,0.00,0.00,0,2.95,0,27.52,0,2.95,0,2.95
0.2,10.4,0.00,0.00,0,2.95,0,27.52,0,2.95,0,2.95
0.2,10.4,0.00,0.00,0,2.95,0,27.52,0,2.95,0,2.95
0.6,10.4,0.00,0.00,0,2.95,0,27.52,0,2.95,0,2.95
0.2,10.4,0.00,0.00,0,2.95,0,27.52,0,2.95,0,2.95
0.4,10.4,0.00,0.00,0,2.95,0,27.52,0,2.95,0,2.95
0.0,10.4,0.00,0.00,0,2.95,0,27.52,0,2.95,0,2.95
0.4,10.4,0.00,0.00,0,2.95,0,27.52,0,2.95,0,2.95
0.2,10.4,0.00,0.00,0,2.95,0,27.52,0,2.95,0,2.95
0.4,10.4,0.00,0.00,0,2.95,0,27.52,0,2.95,0,2.95
0.2,10.4,0.00,0.00,0,2.95,0,27.52,0,2.95,0,2.95
0.0,10.4,0.00,0.00,0,2.95,0,27.52,0,2.95,0,2.95
0.6,10.4,0.00,0.00,0,2.95,0,27.52,0,2.95,0,2.95
0.2,10.4,0.00,0.00,0,2.95,0,27.52,0,2.95,0,2.95
0.0,10.4,0.00,0.00,0,2.95,0,27.52,0,2.95,0,2.95
0.4,10.4,0.00,0.00,0,2.95,0,27.52,0,2.95,0,2.95
0.0,10.4,0.00,0.00,0,2.95,0,27.52,0,2.95,0,2.95
0.2,10.4,0.00,0.00,0,2.95,0,27.52,0,2.95,0,2.95
2.5,10.4,0.00,0.00,0,2.95,0,27.52,0,2.95,0,2.95
0.6,10.4,0.00,0.00,0,2.95,0,27.52,0,2.95,0,2.95
0.2,10.4,0.00,0.00,0,2.95,0,27.52,0,2.95,0,2.95
0.0,10.4,0.00,0.00,0,2.95,0,27.52,0,2.95,0,2.95
0.4,10.4,0.00,0.00,0,2.95,0,27.52,0,2.95,0,2.95
0.4,10.4,0.00,0.00,0,2.95,0,27.52,0,2.95,0,2.95
0.6,10.4,0.00,0.00,0,2.95,0,27.52,0,2.95,0,2.95
0.4,10.4,0.00,0.00,0,2.95,0,27.52,0,2.95,0,2.95
0.6,10.4,0.00,0.00,0,2.95,0,27.52,0,2.95,0,2.95
0.4,10.4,0.00,0.00,0,2.95,0,27.52,0,2.95,0,2.95
1.0,10.4,0.00,0.00,0,2.95,0,27.52,0,2.95,0,2.95
0.4,10.4,0.00,0.00,0,2.95,0,27.52,0,2.95,0,2.95
0.6,10.4,0.00,0.00,0,2.95,0,27.52,0,2.95,0,2.95
0.0,10.4,0.00,0.00,0,2.95,0,27.52,0,2.95,0,2.95
0.4,10.4,0.00,0.00,0,2.95,0,27.52,0,2.95,0,2.95
0.2,10.4,0.00,0.00,0,2.95,0,27.52,0,2.95,0,2.95
0.2,10.4,0.00,0.00,0,2.95,0,27.52,0,2.95,0,2.95
0.2,10.4,0.00,0.00,0,2.95,0,27.52,0,2.95,0,2.95
0.0,10.4,0.00,0.00,0,2.95,0,27.52,0,2.95,0,2.95
0.2,10.4,0.00,0.00,0,2.95,0,27.52,0,2.95,0,2.95
0.4,10.4,0.00,0.00,0,2.95,0,27.52,0,2.95,0,2.95
1.5,10.4,0.00,0.00,0,2.95,0,27.52,0,2.95,0,2.95
0.4,10.4,0.00,0.00,0,2.95,0,27.52,0,2.95,0,2.95
0.2,10.4,0.00,0.00,0,2.95,0,27.52,0,2.95,0,2.95
0.6,10.4,0.00,0.00,0,2.95,0,27.52,0,2.95,0,2.95
0.2,10.4,0.00,0.00,0,2.95,0,27.52,0,2.95,0,2.95
0.4,10.4,0.00,0.00,0,2.95,0,27.52,0,2.95,0,2.95
0.2,10.4,0.00,0.00,0,2.95,0,27.52,0,2.95,0,2.95
0.0,10.4,0.00,0.00,0,2.95,0,27.52,0,2.95,0,2.95
0.4,10.4,0.00,0.00,0,2.95,0,27.52,0,2.95,0,2.95
0.4,10.4,0.00,0.00,0,2.95,0,27.52,0,2.95,0,2.95
1.0,10.4,0.00,0.00,0,2.95,0,27.52,0,2.95,0,2.95
0.2,10.4,0.00,0.00,0,2.95,0,27.52,0,2.95,0,2.95
0.2,10.4,0.00,0.00,0,2.95,0,27.52,0,2.95,0,2.95
0.0,10.4,0.00,0.00,0,2.95,0,27.52,0,2.95,0,2.95
0.2,10.4,0.00,0.00,0,2.95,0,27.52,0,2.95,0,2.95
0.6,10.4,0.00,0.00,0,2.95,0,27.52,0,2.95,0,2.95
0.2,10.4,0.00,0.00,0,2.95,0,27.52,0,2.95,0,2.95
0.2,10.4,0.00,0.00,0,2.95,0,27.52,0,2.95,0,2.95
0.0,10.4,0.00,0.00,0,2.95,0,27.52,0,2.95,0,2.95
0.0,10.4,0.00,0.00,0,2.95,0,27.52,0,2.95,0,2.95
0.4,10.4,0.00,0.00,0,2.95,0,27.52,0,2.95,0,2.95
1.9,10.4,0.00,0.00,0,2.95,0,27.52,0,2.95,0,2.95
0.4,10.4,0.00,0.00,0,2.95,0,27.52,0,2.95,0,2.95
0.2,10.4,0.00,0.00,0,2.95,0,27.52,0,2.95,0,2.95
0.4,10.4,0.00,0.00,0,2.95,0,27.52,0,2.95,0,2.95
0.4,10.4,0.00,0.00,0,2.95,0,27.52,0,2.95,0,2.95
0.0,10.4,0.00,0.00,0,2.95,0,27.52,0,2.95,0,2.95
0.2,10.4,0.00,0.00,0,2.95,0,27.52,0,2.95,0,2.95
0.0,10.4,0.00,0.00,0,2.95,0,27.52,0,2.95,0,2.95
0.4,10.4,0.00,0.00,0,2.95,0,27.52,0,2.95,0,2.95
0.4,10.4,0.00,0.00,0,2.95,0,27.52,0,2.95,0,2.95
1.2,10.4,0.00,0.00,0,2.95,0,27.52,0,2.95,0,2.95
0.4,10.4,0.00,0.00,0,2.95,0,27.52,0,2.95,0,2.95
0.8,10.4,0.00,0.00,0,2.95,0,27.52,0,2.95,0,2.95
0.0,10.4,0.00,0.00,0,2.95,0,27.52,0,2.95,0,2.95
0.2,10.4,0.00,0.00,0,2.95,0,27.52,0,2.95,0,2.95
0.2,10.4,0.00,0.00,0,2.95,0,27.52,0,2.95,0,2.95
0.2,10.4,0.00,0.00,0,2.95,0,27.52,0,2.95,0,2.95
0.2,10.4,0.00,0.00,0,2.95,0,27.52,0,2.95,0,2.95
0.2,10.4,0.00,0.00,0,2.95,0,27.52,0,2.95,0,2.95
0.6,10.4,0.00,0.00,0,2.95,0,27.52,0,2.95,0,2.95
0.0,10.4,0.00,0.00,0,2.95,0,27.52,0,2.95,0,2.95
1.5,10.4,0.00,0.00,0,2.95,0,27.52,0,2.95,0,2.95
0.4,10.4,0.00,0.00,0,2.95,0,27.52,0,2.95,0,2.95
0.0,10.4,0.00,0.00,0,2.95,0,27.52,0,2.95,0,2.95
0.2,10.4,0.00,0.00,0,2.95,0,27.52,0,2.95,0,2.95
0.2,10.4,0.00,0.00,0,2.95,0,27.52,0,2.95,0,2.95
0.0,10.4,0.00,0.00,0,2.95,0,27.52,0,2.95,0,2.95
0.4,10.4,0.00,0.00,0,2.95,0,27.52,0,2.95,0,2.95
0.0,10.4,0.00,0.00,0,2.95,0,27.52,0,2.95,0,2.95
0.8,10.4,0.00,0.00,0,2.95,0,27.52,0,2.95,0,2.95
0.4,10.4,0.00,0.00,0,2.95,0,27.52,0,2.95,0,2.95
1.7,10.4,0.00,0.00,0,2.95,0,27.52,0,2.95,0,2.95
0.2,10.4,0.00,0.00,0,2.95,0,27.52,0,2.95,0,2.95
0.2,10.4,0.00,0.00,0,2.95,0,27.52,0,2.95,0,2.95
0.2,10.4,0.00,0.00,0,2.95,0,27.52,0,2.95,0,2.95
0.2,10.4,0.00,0.00,0,2.95,0,27.52,0,2.95,0,2.95
0.4,10.4,0.00,0.00,0,2.95,0,27.52,0,2.95,0,2.95
0.2,10.4,0.00,0.00,0,2.95,0,27.52,0,2.95,0,2.95
0.4,10.4,0.00,0.00,0,2.95,0,27.52,0,2.95,0,2.95
0.4,10.4,0.00,0.00,0,2.95,0,27.52,0,2.95,0,2.95
0.2,10.4,0.00,0.00,0,2.95,0,27.52,0,2.95,0,2.95
0.0,10.4,0.00,0.00,0,2.95,0,27.52,0,2.95,0,2.95
1.3,10.4,0.00,0.00,0,2.95,0,27.52,0,2.95,0,2.95
0.4,10.4,0.00,0.00,0,2.95,0,27.52,0,2.95,0,2.95
0.2,10.4,0.00,0.00,0,2.95,0,27.52,0,2.95,0,2.95
0.4,10.4,0.00,0.00,0,2.95,0,27.52,0,2.95,0,2.95
0.4,10.4,0.00,0.00,0,2.95,0,27.52,0,2.95,0,2.95
0.4,10.4,0.00,0.00,0,2.95,0,27.52,0,2.95,0,2.95
0.4,10.4,0.00,0.00,0,2.95,0,27.52,0,2.95,0,2.95
0.2,10.4,0.00,0.00,0,2.95,0,27.52,0,2.95,0,2.95
0.6,10.4,0.00,0.00,0,2.95,0,27.52,0,2.95,0,2.95
0.2,10.4,0.00,0.00,0,2.95,0,27.52,0,2.95,0,2.95
2.3,10.4,0.00,0.00,0,2.95,0,27.52,0,2.95,0,2.95
0.4,10.4,0.00,0.00,0,2.95,0,27.52,0,2.95,0,2.95
0.2,10.4,0.00,0.00,0,2.95,0,27.52,0,2.95,0,2.95
0.0,10.4,0.00,0.00,0,2.95,0,27.52,0,2.95,0,2.95
0.2,10.4,0.00,0.00,0,2.95,0,27.52,0,2.95,0,2.95
0.4,10.4,0.00,0.00,0,2.95,0,27.52,0,2.95,0,2.95
0.2,10.4,0.00,0.00,0,2.95,0,27.52,0,2.95,0,2.95
0.2,10.4,0.00,0.00,0,2.95,0,27.52,0,2.95,0,2.95
0.2,10.4,0.00,0.00,0,2.95,0,27.52,0,2.95,0,2.95
0.4,10.4,0.00,0.00,0,2.95,0,27.52,0,2.95,0,2.95
0.2,10.4,0.00,0.00,0,2.95,0,27.52,0,2.95,0,2.95
1.2,10.4,0.00,0.00,0,2.95,0,27.52,0,2.95,0,2.95
0.2,10.4,0.00,0.00,0,2.95,0,27.52,0,2.95,0,2.95
0.6,10.4,0.00,0.00,0,2.95,0,27.52,0,2.95,0,2.95
0.4,10.4,0.00,0.00,0,2.95,0,27.52,0,2.95,0,2.95
0.2,10.4,0.00,0.00,0,2.95,0,27.52,0,2.95,0,2.95
0.2,10.4,0.00,0.00,0,2.95,0,27.52,0,2.95,0,2.95
0.0,10.4,0.00,0.00,0,2.95,0,27.52,0,2.95,0,2.95
0.4,10.4,0.00,0.00,0,2.95,0,27.52,0,2.95,0,2.95
0.4,10.4,0.00,0.00,0,2.95,0,27.52,0,2.95,0,2.95
0.2,10.4,0.00,0.00,0,2.95,0,27.52,0,2.95,0,2.95
1.5,10.4,0.00,0.00,0,2.95,0,27.52,0,2.95,0,2.95
0.2,10.4,0.00,0.00,0,2.95,0,27.52,0,2.95,0,2.95
0.2,10.4,0.00,0.00,0,2.95,0,27.52,0,2.95,0,2.95
0.2,10.4,0.00,0.00,0,2.95,0,27.52,0,2.95,0,2.95
0.0,10.4,0.00,0.00,0,2.95,0,27.52,0,2.95,0,2.95
0.4,10.4,0.00,0.00,0,2.95,0,27.52,0,2.95,0,2.95
0.0,10.4,0.00,0.00,0,2.95,0,27.52,0,2.95,0,2.95
0.0,10.4,0.00,0.00,0,2.95,0,27.52,0,2.95,0,2.95
0.2,10.4,0.00,0.00,0,2.95,0,27.52,0,2.95,0,2.95
0.2,10.4,0.00,0.00,0,2.95,0,27.52,0,2.95,0,2.95
0.0,10.4,0.00,0.00,0,2.95,0,27.52,0,2.95,0,2.95
0.8,10.4,0.00,0.00,0,2.95,0,27.52,0,2.95,0,2.95
0.4,10.4,0.00,0.00,0,2.95,0,27.52,0,2.95,0,2.95
0.2,10.4,0.00,0.00,0,2.95,0,27.52,0,2.95,0,2.95
0.0,10.4,0.00,0.00,0,2.95,0,27.52,0,2.95,0,2.95
0.2,10.4,0.00,0.00,0,2.95,0,27.52,0,2.95,0,2.95
0.4,10.4,0.00,0.00,0,2.95,0,27.52,0,2.95,0,2.95
0.4,10.4,0.00,0.00,0,2.95,0,27.52,0,2.95,0,2.95
0.4,10.4,0.00,0.00,0,2.95,0,27.52,0,2.95,0,2.95
0.4,10.4,0.00,0.00,0,2.95,0,27.52,0,2.95,0,2.95
0.2,10.4,0.00,0.00,0,2.95,0,27.52,0,2.95,0,2.95
1.5,10.4,0.00,0.00,0,2.95,0,27.52,0,2.95,0,2.95
0.2,10.4,0.00,0.00,0,2.95,0,27.52,0,2.95,0,2.95
0.2,10.4,0.00,0.00,0,2.95,0,27.52,0,2.95,0,2.95
0.4,10.4,0.00,0.00,0,2.95,0,27.52,0,2.95,0,2.95
0.4,10.4,0.00,0.00,0,2.95,0,27.52,0,2.95,0,2.95
0.2,10.4,0.00,0.00,0,2.95,0,27.52,0,2.95,0,2.95
0.2,10.4,0.00,0.00,0,2.95,0,27.52,0,2.95,0,2.95
0.2,10.4,0.00,0.00,0,2.95,0,27.52,0,2.95,0,2.95
0.4,10.4,0.00,0.00,0,2.95,0,27.52,0,2.95,0,2.95
0.6,10.4,0.00,0.00,0,2.95,0,27.52,0,2.95,0,2.95
0.4,10.4,0.00,0.00,0,2.95,0,27.52,0,2.95,0,2.95
1.3,10.4,0.00,0.00,0,2.95,0,27.52,0,2.95,0,2.95
0.4,10.4,0.00,0.00,0,2.95,0,27.52,0,2.95,0,2.95
1.2,10.4,0.00,0.00,0,2.95,0,27.52,0,2.95,0,2.95
0.0,10.4,0.00,0.00,0,2.95,0,27.52,0,2.95,0,2.95
1.0,10.4,0.00,0.00,0,2.95,0,27.52,0,2.95,0,2.95
0.2,10.4,0.00,0.00,0,2.95,0,27.52,0,2.95,0,2.95
0.0,10.4,0.00,0.00,0,2.95,0,27.52,0,2.95,0,2.95
0.4,10.4,0.00,0.00,0,2.95,0,27.52,0,2.95,0,2.95
0.4,10.4,0.00,0.00,0,2.95,0,27.52,0,2.95,0,2.95
0.2,10.4,0.00,0.00,0,2.95,0,27.52,0,2.95,0,2.95
1.9,10.4,0.00,0.00,0,2.95,0,27.52,0,2.95,0,2.95
0.2,10.4,0.00,0.00,0,2.95,0,27.52,0,2.95,0,2.95
0.2,10.4,0.00,0.00,0,2.95,0,27.52,0,2.95,0,2.95
0.2,10.4,0.00,0.00,0,2.95,0,27.52,0,2.95,0,2.95
0.2,10.4,0.00,0.00,0,2.95,0,27.52,0,2.95,0,2.95
0.4,10.4,0.00,0.00,0,2.95,0,27.52,0,2.95,0,2.95
0.2,10.4,0.00,0.00,0,2.95,0,27.52,0,2.95,0,2.95
0.4,10.4,0.00,0.00,0,2.95,0,27.52,0,2.95,0,2.95
0.4,10.4,0.00,0.00,0,2.95,0,27.52,0,2.95,0,2.95
0.2,10.4,0.00,0.00,0,2.95,0,27.52,0,2.95,0,2.95
0.2,10.4,0.00,0.00,0,2.95,0,27.52,0,2.95,0,2.95
0.6,10.4,0.00,0.00,0,2.95,0,27.52,0,2.95,0,2.95
0.4,10.4,0.00,0.00,0,2.95,0,27.52,0,2.95,0,2.95
0.4,10.4,0.00,0.00,0,2.95,0,27.52,0,2.95,0,2.95
0.2,10.4,0.00,0.00,0,2.95,0,27.52,0,2.95,0,2.95
0.2,10.4,0.00,0.00,0,2.95,0,27.52,0,2.95,0,2.95
0.2,10.4,0.00,0.00,0,2.95,0,27.52,0,2.95,0,2.95
0.4,10.4,0.00,0.00,0,2.95,0,27.52,0,2.95,0,2.95
0.6,10.4,0.00,0.00,0,2.95,0,27.52,0,2.95,0,2.95
0.0,10.4,0.00,0.00,0,2.95,0,27.52,0,2.95,0,2.95
0.2,10.4,0.00,0.00,0,2.95,0,27.52,0,2.95,0,2.95
2.3,10.4,0.00,0.00,0,2.95,0,27.52,0,2.95,0,2.95
0.4,10.4,0.00,0.00,0,2.95,0,27.52,0,2.95,0,2.95
0.2,10.4,0.00,0.00,0,2.95,0,27.52,0,2.95,0,2.95
0.2,10.4,0.00,0.00,0,2.95,0,27.52,0,2.95,0,2.95
0.4,10.4,0.00,0.00,0,2.95,0,27.52,0,2.95,0,2.95
0.4,10.4,0.00,0.00,0,2.95,0,27.52,0,2.95,0,2.95
0.4,10.4,0.00,0.00,0,2.95,0,27.52,0,2.95,0,2.95
0.2,10.4,0.00,0.00,0,2.95,0,27.52,0,2.95,0,2.95
0.4,10.4,0.00,0.00,0,2.95,0,27.52,0,2.95,0,2.95
0.2,10.4,0.00,0.00,0,2.95,0,27.52,0,2.95,0,2.95
1.2,10.4,0.00,0.00,0,2.95,0,27.52,0,2.95,0,2.95
0.0,10.4,0.00,0.00,0,2.95,0,27.52,0,2.95,0,2.95
0.2,10.4,0.00,0.00,0,2.95,0,27.52,0,2.95,0,2.95
0.2,10.4,0.00,0.00,0,2.95,0,27.52,0,2.95,0,2.95
0.2,10.4,0.00,0.00,0,2.95,0,27.52,0,2.95,0,2.95
0.4,10.4,0.00,0.00,0,2.95,0,27.52,0,2.95,0,2.95
0.2,10.4,0.00,0.00,0,2.95,0,27.52,0,2.95,0,2.95
0.4,10.4,0.00,0.00,0,2.95,0,27.52,0,2.95,0,2.95
0.4,10.4,0.00,0.00,0,2.95,0,27.52,0,2.95,0,2.95
0.4,10.4,0.00,0.00,0,2.95,0,27.52,0,2.95,0,2.95
0.0,10.4,0.00,0.00,0,2.95,0,27.52,0,2.95,0,2.95
2.1,10.4,0.00,0.00,0,2.95,0,27.52,0,2.95,0,2.95
0.0,10.4,0.00,0.00,0,2.95,0,27.52,0,2.95,0,2.95
0.0,10.4,0.00,0.00,0,2.95,0,27.52,0,2.95,0,2.95
0.0,10.4,0.00,0.00,0,2.95,0,27.52,0,2.95,0,2.95
0.4,10.4,0.00,0.00,0,2.95,0,27.52,0,2.95,0,2.95
0.2,10.4,0.00,0.00,0,2.95,0,27.52,0,2.95,0,2.95
0.4,10.4,0.00,0.00,0,2.95,0,27.52,0,2.95,0,2.95
0.4,10.4,0.00,0.00,0,2.95,0,27.52,0,2.95,0,2.95
0.0,10.4,0.00,0.00,0,2.95,0,27.52,0,2.95,0,2.95
0.6,10.4,0.00,0.00,0,2.95,0,27.52,0,2.95,0,2.95
2.3,10.4,0.00,0.00,0,2.95,0,27.52,0,2.95,0,2.95
0.4,10.4,0.00,0.00,0,2.95,0,27.52,0,2.95,0,2.95
0.0,10.4,0.00,0.00,0,2.95,0,27.52,0,2.95,0,2.95
0.2,10.4,0.00,0.00,0,2.95,0,27.52,0,2.95,0,2.95
0.8,10.4,0.00,0.00,0,2.95,0,27.52,0,2.95,0,2.95
0.2,10.4,0.00,0.00,0,2.95,0,27.52,0,2.95,0,2.95
0.2,10.4,0.00,0.00,0,2.95,0,27.52,0,2.95,0,2.95
0.8,10.4,0.00,0.00,0,2.95,0,27.52,0,2.95,0,2.95
0.2,10.4,0.00,0.00,0,2.95,0,27.52,0,2.95,0,2.95
1.9,10.4,0.00,0.00,0,2.95,0,27.52,0,2.95,0,2.95
0.2,10.4,0.00,0.00,0,2.95,0,27.52,0,2.95,0,2.95
1.3,10.4,0.00,0.00,0,2.95,0,27.52,0,2.95,0,2.95
0.2,10.4,0.00,0.00,0,2.95,0,27.52,0,2.95,0,2.95
0.2,10.4,0.00,0.00,0,2.95,0,27.52,0,2.95,0,2.95
0.6,10.4,0.00,0.00,0,2.95,0,27.52,0,2.95,0,2.95
0.2,10.4,0.00,0.00,0,2.95,0,27.52,0,2.95,0,2.95
0.4,10.4,0.00,0.00,0,2.95,0,27.52,0,2.95,0,2.95
0.2,10.4,0.00,0.00,0,2.95,0,27.52,0,2.95,0,2.95
0.4,10.4,0.00,0.00,0,2.95,0,27.52,0,2.95,0,2.95
0.2,10.4,0.00,0.00,0,2.95,0,27.52,0,2.95,0,2.95
0.2,10.4,0.00,0.00,0,2.95,0,27.52,0,2.95,0,2.95
2.1,10.4,0.00,0.00,0,2.95,0,27.52,0,2.95,0,2.95
0.4,10.4,0.00,0.00,0,2.95,0,27.52,0,2.95,0,2.95
0.6,10.4,0.00,0.00,0,2.95,0,27.52,0,2.95,0,2.95
0.0,10.4,0.00,0.00,0,2.95,0,27.52,0,2.95,0,2.95
0.2,10.4,0.00,0.00,0,2.95,0,27.52,0,2.95,0,2.95
0.2,10.4,0.00,0.00,0,2.95,0,27.52,0,2.95,0,2.95
0.4,10.4,0.00,0.00,0,2.95,0,27.52,0,2.95,0,2.95
0.4,10.4,0.00,0.00,0,2.95,0,27.52,0,2.95,0,2.95
0.2,10.4,0.00,0.00,0,2.95,0,27.52,0,2.95,0,2.95
0.4,10.4,0.00,0.00,0,2.95,0,27.52,0,2.95,0,2.95
0.2,10.4,0.00,0.00,0,2.95,0,27.52,0,2.95,0,2.95
1.0,10.4,0.00,0.00,0,2.95,0,27.52,0,2.95,0,2.95
0.4,10.4,0.00,0.00,0,2.95,0,27.52,0,2.95,0,2.95
0.4,10.4,0.00,0.00,0,2.95,0,27.52,0,2.95,0,2.95
0.2,10.4,0.00,0.00,0,2.95,0,27.52,0,2.95,0,2.95
0.4,10.4,0.00,0.00,0,2.95,0,27.52,0,2.95,0,2.95
0.2,10.4,0.00,0.00,0,2.95,0,27.52,0,2.95,0,2.95
0.2,10.4,0.00,0.00,0,2.95,0,27.52,0,2.95,0,2.95
0.2,10.4,0.00,0.00,0,2.95,0,27.52,0,2.95,0,2.95
0.2,10.4,0.00,0.00,0,2.95,0,27.52,0,2.95,0,2.95
0.4,10.4,0.00,0.00,0,2.95,0,27.52,0,2.95,0,2.95
2.9,10.4,0.00,0.00,0,2.95,0,27.52,0,2.95,0,2.95
0.6,10.4,0.00,0.00,0,2.95,0,27.52,0,2.95,0,2.95
0.2,10.4,0.00,0.00,0,2.95,0,27.52,0,2.95,0,2.95
0.6,10.4,0.00,0.00,0,2.95,0,27.52,0,2.95,0,2.95
0.6,10.4,0.00,0.00,0,2.95,0,27.52,0,2.95,0,2.95
0.6,10.4,0.00,0.00,0,2.95,0,27.52,0,2.95,0,2.95
0.2,10.4,0.00,0.00,0,2.95,0,27.52,0,2.95,0,2.95
0.0,10.4,0.00,0.00,0,2.95,0,27.52,0,2.95,0,2.95
0.0,10.4,0.00,0.00,0,2.95,0,27.52,0,2.95,0,2.95
0.4,10.4,0.00,0.00,0,2.95,0,27.52,0,2.95,0,2.95
0.8,10.4,0.00,0.00,0,2.95,0,27.52,0,2.95,0,2.95
0.2,10.4,0.00,0.00,0,2.95,0,27.52,0,2.95,0,2.95
0.0,10.4,0.00,0.00,0,2.95,0,27.52,0,2.95,0,2.95
0.6,10.4,0.00,0.00,0,2.95,0,27.52,0,2.95,0,2.95
0.2,10.4,0.00,0.00,0,2.95,0,27.52,0,2.95,0,2.95
0.2,10.4,0.00,0.00,0,2.95,0,27.52,0,2.95,0,2.95
0.0,10.4,0.00,0.00,0,2.95,0,27.52,0,2.95,0,2.95
0.0,10.4,0.00,0.00,0,2.95,0,27.52,0,2.95,0,2.95
0.0,10.4,0.00,0.00,0,2.95,0,27.52,0,2.95,0,2.95
0.0,10.4,0.00,0.00,0,2.95,0,27.52,0,2.95,0,2.95
0.6,10.4,0.00,0.00,0,2.95,0,27.52,0,2.95,0,2.95
2.1,10.4,0.00,0.00,0,2.95,0,27.52,0,2.95,0,2.95
0.6,10.4,0.00,0.00,0,2.95,0,27.52,0,2.95,0,2.95
0.0,10.4,0.00,0.00,0,2.95,0,27.52,0,2.95,0,2.95
0.2,10.4,0.00,0.00,0,2.95,0,27.52,0,2.95,0,2.95
0.2,10.4,0.00,0.00,0,2.95,0,27.52,0,2.95,0,2.95
0.4,10.4,0.00,0.00,0,2.95,0,27.52,0,2.95,0,2.95
0.4,10.4,0.00,0.00,0,2.95,0,27.52,0,2.95,0,2.95
0.4,10.4,0.00,0.00,0,2.95,0,27.52,0,2.95,0,2.95
0.4,10.4,0.00,0.00,0,2.95,0,27.52,0,2.95,0,2.95
0.8,10.4,0.00,0.00,0,2.95,0,27.52,0,2.95,0,2.95
0.8,10.4,0.00,0.00,0,2.95,0,27.52,0,2.95,0,2.95
0.8,10.4,0.00,0.00,0,2.95,0,27.52,0,2.95,0,2.95
0.6,10.4,0.00,0.00,0,2.95,0,27.52,0,2.95,0,2.95
0.4,10.4,0.00,0.00,0,2.95,0,27.52,0,2.95,0,2.95
0.2,10.4,0.00,0.00,0,2.95,0,27.52,0,2.95,0,2.95
0.4,10.4,0.00,0.00,0,2.95,0,27.52,0,2.95,0,2.95
0.4,10.4,0.00,0.00,0,2.95,0,27.52,0,2.95,0,2.95
0.0,10.4,0.00,0.00,0,2.95,0,27.52,0,2.95,0,2.95
0.6,10.4,0.00,0.00,0,2.95,0,27.52,0,2.95,0,2.95
0.4,10.4,0.00,0.00,0,2.95,0,27.52,0,2.95,0,2.95
0.4,10.4,0.00,0.00,0,2.95,0,27.52,0,2.95,0,2.95
2.3,10.4,0.00,0.00,0,2.95,0,27.52,0,2.95,0,2.95
0.4,10.4,0.00,0.00,0,2.95,0,27.52,0,2.95,0,2.95
0.4,10.4,0.00,0.00,0,2.95,0,27.52,0,2.95,0,2.95
0.2,10.4,0.00,0.00,0,2.95,0,27.52,0,2.95,0,2.95
0.2,10.4,0.00,0.00,0,2.95,0,27.52,0,2.95,0,2.95
0.6,10.4,0.00,0.00,0,2.95,0,27.52,0,2.95,0,2.95
0.4,10.4,0.00,0.00,0,2.95,0,27.52,0,2.95,0,2.95
0.2,10.4,0.00,0.00,0,2.95,0,27.52,0,2.95,0,2.95
0.6,10.4,0.00,0.00,0,2.95,0,27.52,0,2.95,0,2.95
0.2,10.4,0.00,0.00,0,2.95,0,27.52,0,2.95,0,2.95
0.6,10.4,0.00,0.00,0,2.95,0,27.52,0,2.95,0,2.95
0.2,10.4,0.00,0.00,0,2.95,0,27.52,0,2.95,0,2.95
0.0,10.4,0.00,0.00,0,2.95,0,27.52,0,2.95,0,2.95
0.2,10.4,0.00,0.00,0,2.95,0,27.52,0,2.95,0,2.95
0.2,10.4,0.00,0.00,0,2.95,0,27.52,0,2.95,0,2.95
0.2,10.4,0.00,0.00,0,2.95,0,27.52,0,2.95,0,2.95
0.4,10.4,0.00,0.00,0,2.95,0,27.52,0,2.95,0,2.95
0.4,10.4,0.00,0.00,0,2.95,0,27.52,0,2.95,0,2.95
0.2,10.4,0.00,0.00,0,2.95,0,27.52,0,2.95,0,2.95
0.2,10.4,0.00,0.00,0,2.95,0,27.52,0,2.95,0,2.95
0.2,10.4,0.00,0.00,0,2.95,0,27.52,0,2.95,0,2.95
1.9,10.4,0.00,0.00,0,2.95,0,27.52,0,2.95,0,2.95
0.2,10.4,0.00,0.00,0,2.95,0,27.52,0,2.95,0,2.95
0.2,10.4,0.00,0.00,0,2.95,0,27.52,0,2.95,0,2.95
0.2,10.4,0.00,0.00,0,2.95,0,27.52,0,2.95,0,2.95
0.2,10.4,0.00,0.00,0,2.95,0,27.52,0,2.95,0,2.95
0.2,10.4,0.00,0.00,0,2.95,0,27.52,0,2.95,0,2.95
0.4,10.4,0.00,0.00,0,2.95,0,27.52,0,2.95,0,2.95
0.0,10.4,0.00,0.00,0,2.95,0,27.52,0,2.95,0,2.95
0.2,10.4,0.00,0.00,0,2.95,0,27.52,0,2.95,0,2.95
0.2,10.4,0.00,0.00,0,2.95,0,27.52,0,2.95,0,2.95
0.6,10.4,0.00,0.00,0,2.95,0,27.52,0,2.95,0,2.95
0.0,10.4,0.00,0.00,0,2.95,0,27.52,0,2.95,0,2.95
0.4,10.4,0.00,0.00,0,2.95,0,27.52,0,2.95,0,2.95
0.4,10.4,0.00,0.00,0,2.95,0,27.52,0,2.95,0,2.95
0.2,10.4,0.00,0.00,0,2.95,0,27.52,0,2.95,0,2.95
0.6,10.4,0.00,0.00,0,2.95,0,27.52,0,2.95,0,2.95
0.4,10.4,0.00,0.00,0,2.95,0,27.52,0,2.95,0,2.95
0.0,10.4,0.00,0.00,0,2.95,0,27.52,0,2.95,0,2.95
0.0,10.4,0.00,0.00,0,2.95,0,27.52,0,2.95,0,2.95
0.2,10.4,0.00,0.00,0,2.95,0,27.52,0,2.95,0,2.95
0.2,10.4,0.00,0.00,0,2.95,0,27.52,0,2.95,0,2.95
2.1,10.4,0.00,0.00,0,2.95,0,27.52,0,2.95,0,2.95
0.2,10.4,0.00,0.00,0,2.95,0,27.52,0,2.95,0,2.95
0.2,10.4,0.00,0.00,0,2.95,0,27.52,0,2.95,0,2.95
0.0,10.4,0.00,0.00,0,2.95,0,27.52,0,2.95,0,2.95
0.4,10.4,0.00,0.00,0,2.95,0,27.52,0,2.95,0,2.95
0.2,10.4,0.00,0.00,0,2.95,0,27.52,0,2.95,0,2.95
0.0,10.4,0.00,0.00,0,2.95,0,27.52,0,2.95,0,2.95
0.0,10.4,0.00,0.00,0,2.95,0,27.52,0,2.95,0,2.95
0.4,10.4,0.00,0.00,0,2.95,0,27.52,0,2.95,0,2.95
0.4,10.4,0.00,0.00,0,2.95,0,27.52,0,2.95,0,2.95
1.9,10.4,0.00,0.00,0,2.95,0,27.52,0,2.95,0,2.95
0.4,10.4,0.00,0.00,0,2.95,0,27.52,0,2.95,0,2.95
0.6,10.4,0.00,0.00,0,2.95,0,27.52,0,2.95,0,2.95
0.2,10.4,0.00,0.00,0,2.95,0,27.52,0,2.95,0,2.95
0.4,10.4,0.00,0.00,0,2.95,0,27.52,0,2.95,0,2.95
0.2,10.4,0.00,0.00,0,2.95,0,27.52,0,2.95,0,2.95
0.4,10.4,0.00,0.00,0,2.95,0,27.52,0,2.95,0,2.95
0.8,10.4,0.00,0.00,0,2.95,0,27.52,0,2.95,0,2.95
0.2,10.4,0.00,0.00,0,2.95,0,27.52,0,2.95,0,2.95
0.6,10.4,0.00,0.00,0,2.95,0,27.52,0,2.95,0,2.95
0.2,10.4,0.00,0.00,0,2.95,0,27.52,0,2.95,0,2.95
1.9,10.4,0.00,0.00,0,2.95,0,27.52,0,2.95,0,2.95
0.4,10.4,0.00,0.00,0,2.95,0,27.52,0,2.95,0,2.95
0.2,10.4,0.00,0.00,0,2.95,0,27.52,0,2.95,0,2.95
0.4,10.4,0.00,0.00,0,2.95,0,27.52,0,2.95,0,2.95
0.4,10.4,0.00,0.00,0,2.95,0,27.52,0,2.95,0,2.95
0.2,10.4,0.00,0.00,0,2.95,0,27.52,0,2.95,0,2.95
0.2,10.4,0.00,0.00,0,2.95,0,27.52,0,2.95,0,2.95
0.6,10.4,0.00,0.00,0,2.95,0,27.52,0,2.95,0,2.95
0.4,10.4,0.00,0.00,0,2.95,0,27.52,0,2.95,0,2.95
0.4,10.4,0.00,0.00,0,2.95,0,27.52,0,2.95,0,2.95
1.9,10.4,0.00,0.00,0,2.95,0,27.52,0,2.95,0,2.95
0.2,10.4,0.00,0.00,0,2.95,0,27.52,0,2.95,0,2.95
0.2,10.4,0.00,0.00,0,2.95,0,27.52,0,2.95,0,2.95
0.0,10.4,0.00,0.00,0,2.95,0,27.52,0,2.95,0,2.95
0.2,10.4,0.00,0.00,0,2.95,0,27.52,0,2.95,0,2.95
0.4,10.4,0.00,0.00,0,2.95,0,27.52,0,2.95,0,2.95
0.2,10.4,0.00,0.00,0,2.95,0,27.52,0,2.95,0,2.95
0.2,10.4,0.00,0.00,0,2.95,0,27.52,0,2.95,0,2.95
0.2,10.4,0.00,0.00,0,2.95,0,27.52,0,2.95,0,2.95
0.4,10.4,0.00,0.00,0,2.95,0,27.52,0,2.95,0,2.95
0.2,10.4,0.00,0.00,0,2.95,0,27.52,0,2.95,0,2.95
0.8,10.4,0.00,0.00,0,2.95,0,27.52,0,2.95,0,2.95
0.0,10.4,0.00,0.00,0,2.95,0,27.52,0,2.95,0,2.95
0.4,10.4,0.00,0.00,0,2.95,0,27.52,0,2.95,0,2.95
0.2,10.4,0.00,0.00,0,2.95,0,27.52,0,2.95,0,2.95
0.6,10.4,0.00,0.00,0,2.95,0,27.52,0,2.95,0,2.95
0.2,10.4,0.00,0.00,0,2.95,0,27.52,0,2.95,0,2.95
0.2,10.4,0.00,0.00,0,2.95,0,27.52,0,2.95,0,2.95
0.2,10.4,0.00,0.00,0,2.95,0,27.52,0,2.95,0,2.95
0.2,10.4,0.00,0.00,0,2.95,0,27.52,0,2.95,0,2.95
0.2,10.4,0.00,0.00,0,2.95,0,27.52,0,2.95,0,2.95
1.7,10.4,0.00,0.00,0,2.95,0,27.52,0,2.95,0,2.95
0.6,10.4,0.00,0.00,0,2.95,0,27.52,0,2.95,0,2.95
0.2,10.4,0.00,0.00,0,2.95,0,27.52,0,2.95,0,2.95
0.2,10.4,0.00,0.00,0,2.95,0,27.52,0,2.95,0,2.95
0.0,10.4,0.00,0.00,0,2.95,0,27.52,0,2.95,0,2.95
0.2,10.4,0.00,0.00,0,2.95,0,27.52,0,2.95,0,2.95
0.0,10.4,0.00,0.00,0,2.95,0,27.52,0,2.95,0,2.95
0.6,10.4,0.00,0.00,0,2.95,0,27.52,0,2.95,0,2.95
0.2,10.4,0.00,0.00,0,2.95,0,27.52,0,2.95,0,2.95
0.0,10.4,0.00,0.00,0,2.95,0,27.52,0,2.95,0,2.95
0.2,10.4,0.00,0.00,0,2.95,0,27.52,0,2.95,0,2.95
1.0,10.4,0.00,0.00,0,2.95,0,27.52,0,2.95,0,2.95
0.2,10.4,0.00,0.00,0,2.95,0,27.52,0,2.95,0,2.95
0.4,10.4,0.00,0.00,0,2.95,0,27.52,0,2.95,0,2.95
0.4,10.4,0.00,0.00,0,2.95,0,27.52,0,2.95,0,2.95
0.2,10.4,0.00,0.00,0,2.95,0,27.52,0,2.95,0,2.95
0.4,10.4,0.00,0.00,0,2.95,0,27.52,0,2.95,0,2.95
0.2,10.4,0.00,0.00,0,2.95,0,27.52,0,2.95,0,2.95
0.0,10.4,0.00,0.00,0,2.95,0,27.52,0,2.95,0,2.95
0.4,10.4,0.00,0.00,0,2.95,0,27.52,0,2.95,0,2.95
0.2,10.4,0.00,0.00,0,2.95,0,27.52,0,2.95,0,2.95
2.5,10.4,0.00,0.00,0,2.95,0,27.52,0,2.95,0,2.95
0.2,10.4,0.00,0.00,0,2.95,0,27.52,0,2.95,0,2.95
0.6,10.4,0.00,0.00,0,2.95,0,27.52,0,2.95,0,2.95
0.2,10.4,0.00,0.00,0,2.95,0,27.52,0,2.95,0,2.95
0.4,10.4,0.00,0.00,0,2.95,0,27.52,0,2.95,0,2.95
0.4,10.4,0.00,0.00,0,2.95,0,27.52,0,2.95,0,2.95
0.0,10.4,0.00,0.00,0,2.95,0,27.52,0,2.95,0,2.95
0.4,10.4,0.00,0.00,0,2.95,0,27.52,0,2.95,0,2.95
0.2,10.4,0.00,0.00,0,2.95,0,27.52,0,2.95,0,2.95
1.7,10.4,0.00,0.00,0,2.95,0,27.52,0,2.95,0,2.95
2.1,10.4,0.00,0.00,0,2.95,0,27.52,0,2.95,0,2.95
1.4,10.4,0.00,0.00,0,2.95,0,27.52,0,2.95,0,2.95
0.2,10.4,0.00,0.00,0,2.95,0,27.52,0,2.95,0,2.95
0.4,10.4,0.00,0.00,0,2.95,0,27.52,0,2.95,0,2.95
0.6,10.4,0.00,0.00,0,2.95,0,27.52,0,2.95,0,2.95
0.6,10.4,0.00,0.00,0,2.95,0,27.52,0,2.95,0,2.95
0.4,10.4,0.00,0.00,0,2.95,0,27.52,0,2.95,0,2.95
0.4,10.4,0.00,0.00,0,2.95,0,27.52,0,2.95,0,2.95
0.4,10.4,0.00,0.00,0,2.95,0,27.52,0,2.95,0,2.95
1.7,10.4,0.00,0.00,0,2.95,0,27.52,0,2.95,0,2.95
1.6,10.4,0.00,0.00,0,2.95,0,27.52,0,2.95,0,2.95
1.9,10.4,0.00,0.00,0,2.95,0,27.52,0,2.95,0,2.95
0.8,10.4,0.00,0.00,0,2.95,0,27.52,0,2.95,0,2.95
0.2,10.4,0.00,0.00,0,2.95,0,27.52,0,2.95,0,2.95
0.0,10.4,0.00,0.00,0,2.95,0,27.52,0,2.95,0,2.95
0.0,10.4,0.00,0.00,0,2.95,0,27.52,0,2.95,0,2.95
0.2,10.4,0.00,0.00,0,2.95,0,27.52,0,2.95,0,2.95
0.2,10.4,0.00,0.00,0,2.95,0,27.52,0,2.95,0,2.95
0.4,10.4,0.00,0.00,0,2.95,0,27.52,0,2.95,0,2.95
0.2,10.4,0.00,0.00,0,2.95,0,27.52,0,2.95,0,2.95
0.4,10.4,0.00,0.00,0,2.95,0,27.52,0,2.95,0,2.95
1.0,10.4,0.00,0.00,0,2.95,0,27.52,0,2.95,0,2.95
0.4,10.4,0.00,0.00,0,2.95,0,27.52,0,2.95,0,2.95
0.2,10.4,0.00,0.00,0,2.95,0,27.52,0,2.95,0,2.95
0.2,10.4,0.00,0.00,0,2.95,0,27.52,0,2.95,0,2.95
0.6,10.4,0.00,0.00,0,2.95,0,27.52,0,2.95,0,2.95
0.2,10.4,0.00,0.00,0,2.95,0,27.52,0,2.95,0,2.95
0.4,10.4,0.00,0.00,0,2.95,0,27.52,0,2.95,0,2.95
0.2,10.4,0.00,0.00,0,2.95,0,27.52,0,2.95,0,2.95
0.2,10.4,0.00,0.00,0,2.95,0,27.52,0,2.95,0,2.95
0.2,10.4,0.00,0.00,0,2.95,0,27.52,0,2.95,0,2.95
0.4,10.4,0.00,0.00,0,2.95,0,27.52,0,2.95,0,2.95
1.0,10.4,0.00,0.00,0,2.95,0,27.52,0,2.95,0,2.95
0.4,10.4,0.00,0.00,0,2.95,0,27.52,0,2.95,0,2.95
0.4,10.4,0.00,0.00,0,2.95,0,27.52,0,2.95,0,2.95
0.2,10.4,0.00,0.00,0,2.95,0,27.52,0,2.95,0,2.95
0.2,10.4,0.00,0.00,0,2.95,0,27.52,0,2.95,0,2.95
0.0,10.4,0.00,0.00,0,2.95,0,27.52,0,2.95,0,2.95
0.2,10.4,0.00,0.00,0,2.95,0,27.52,0,2.95,0,2.95
0.4,10.4,0.00,0.00,0,2.95,0,27.52,0,2.95,0,2.95
0.0,10.4,0.00,0.00,0,2.95,0,27.52,0,2.95,0,2.95
0.4,10.4,0.00,0.00,0,2.95,0,27.52,0,2.95,0,2.95
1.2,10.4,0.00,0.00,0,2.95,0,27.52,0,2.95,0,2.95
0.2,10.4,0.00,0.00,0,2.95,0,27.52,0,2.95,0,2.95
0.4,10.4,0.00,0.00,0,2.95,0,27.52,0,2.95,0,2.95
0.0,10.4,0.00,0.00,0,2.95,0,27.52,0,2.95,0,2.95
0.2,10.4,0.00,0.00,0,2.95,0,27.52,0,2.95,0,2.95
0.4,10.4,0.00,0.00,0,2.95,0,27.52,0,2.95,0,2.95
0.8,10.4,0.00,0.00,0,2.95,0,27.52,0,2.95,0,2.95
0.4,10.4,0.00,0.00,0,2.95,0,27.52,0,2.95,0,2.95
0.6,10.4,0.00,0.00,0,2.95,0,27.52,0,2.95,0,2.95
0.4,10.4,0.00,0.00,0,2.95,0,27.52,0,2.95,0,2.95
0.2,10.4,0.00,0.00,0,2.95,0,27.52,0,2.95,0,2.95
1.7,10.4,0.00,0.00,0,2.95,0,27.52,0,2.95,0,2.95
0.6,10.4,0.00,0.00,0,2.95,0,27.52,0,2.95,0,2.95
0.4,10.4,0.00,0.00,0,2.95,0,27.52,0,2.95,0,2.95
0.0,10.4,0.00,0.00,0,2.95,0,27.52,0,2.95,0,2.95
0.2,10.4,0.00,0.00,0,2.95,0,27.52,0,2.95,0,2.95
0.0,10.4,0.00,0.00,0,2.95,0,27.52,0,2.95,0,2.95
0.2,10.4,0.00,0.00,0,2.95,0,27.52,0,2.95,0,2.95
0.2,10.4,0.00,0.00,0,2.95,0,27.52,0,2.95,0,2.95
0.2,10.4,0.00,0.00,0,2.95,0,27.52,0,2.95,0,2.95
0.8,10.4,0.00,0.00,0,2.95,0,27.52,0,2.95,0,2.95
1.3,10.4,0.00,0.00,0,2.95,0,27.52,0,2.95,0,2.95
0.4,10.4,0.00,0.00,0,2.95,0,27.52,0,2.95,0,2.95
0.4,10.4,0.00,0.00,0,2.95,0,27.52,0,2.95,0,2.95
0.6,10.4,0.00,0.00,0,2.95,0,27.52,0,2.95,0,2.95
0.2,10.4,0.00,0.00,0,2.95,0,27.52,0,2.95,0,2.95
0.2,10.4,0.00,0.00,0,2.95,0,27.52,0,2.95,0,2.95
0.4,10.4,0.00,0.00,0,2.95,0,27.52,0,2.95,0,2.95
0.2,10.4,0.00,0.00,0,2.95,0,27.52,0,2.95,0,2.95
0.4,10.4,0.00,0.00,0,2.95,0,27.52,0,2.95,0,2.95
0.6,10.4,0.00,0.00,0,2.95,0,27.52,0,2.95,0,2.95
0.2,10.4,0.00,0.00,0,2.95,0,27.52,0,2.95,0,2.95
1.3,10.4,0.00,0.00,0,2.95,0,27.52,0,2.95,0,2.95
0.2,10.4,0.00,0.00,0,2.95,0,27.52,0,2.95,0,2.95
0.4,10.4,0.00,0.00,0,2.95,0,27.52,0,2.95,0,2.95
0.0,10.4,0.00,0.00,0,2.95,0,27.52,0,2.95,0,2.95
0.0,10.4,0.00,0.00,0,2.95,0,27.52,0,2.95,0,2.95
0.2,10.4,0.00,0.00,0,2.95,0,27.52,0,2.95,0,2.95
0.2,10.4,0.00,0.00,0,2.95,0,27.52,0,2.95,0,2.95
0.2,10.4,0.00,0.00,0,2.95,0,27.52,0,2.95,0,2.95
0.0,10.4,0.00,0.00,0,2.95,0,27.52,0,2.95,0,2.95
0.4,10.4,0.00,0.00,0,2.95,0,27.52,0,2.95,0,2.95
1.9,10.4,0.00,0.00,0,2.95,0,27.52,0,2.95,0,2.95
0.2,10.4,0.00,0.00,0,2.95,0,27.52,0,2.95,0,2.95
0.4,10.4,0.00,0.00,0,2.95,0,27.52,0,2.95,0,2.95
0.2,10.4,0.00,0.00,0,2.95,0,27.52,0,2.95,0,2.95
0.4,10.4,0.00,0.00,0,2.95,0,27.52,0,2.95,0,2.95
0.0,10.4,0.00,0.00,0,2.95,0,27.52,0,2.95,0,2.95
0.4,10.4,0.00,0.00,0,2.95,0,27.52,0,2.95,0,2.95
0.2,10.4,0.00,0.00,0,2.95,0,27.52,0,2.95,0,2.95
0.6,10.4,0.00,0.00,0,2.95,0,27.52,0,2.95,0,2.95
0.4,10.4,0.00,0.00,0,2.95,0,27.52,0,2.95,0,2.95
0.4,10.4,0.00,0.00,0,2.95,0,27.52,0,2.95,0,2.95
0.4,10.4,0.00,0.00,0,2.95,0,27.52,0,2.95,0,2.95
0.4,10.4,0.00,0.00,0,2.95,0,27.52,0,2.95,0,2.95
0.2,10.4,0.00,0.00,0,2.95,0,27.52,0,2.95,0,2.95
0.2,10.4,0.00,0.00,0,2.95,0,27.52,0,2.95,0,2.95
0.6,10.4,0.00,0.00,0,2.95,0,27.52,0,2.95,0,2.95
0.2,10.4,0.00,0.00,0,2.95,0,27.52,0,2.95,0,2.95
0.2,10.4,0.00,0.00,0,2.95,0,27.52,0,2.95,0,2.95
0.2,10.4,0.00,0.00,0,2.95,0,27.52,0,2.95,0,2.95
0.4,10.4,0.00,0.00,0,2.95,0,27.52,0,2.95,0,2.95
0.2,10.4,0.00,0.00,0,2.95,0,27.52,0,2.95,0,2.95
2.7,10.4,0.00,0.00,0,2.95,0,27.52,0,2.95,0,2.95
0.6,10.4,0.00,0.00,0,2.95,0,27.52,0,2.95,0,2.95
0.2,10.4,0.00,0.00,0,2.95,0,27.52,0,2.95,0,2.95
0.0,10.4,0.00,0.00,0,2.95,0,27.52,0,2.95,0,2.95
0.2,10.4,0.00,0.00,0,2.95,0,27.52,0,2.95,0,2.95
0.4,10.4,0.00,0.00,0,2.95,0,27.52,0,2.95,0,2.95
0.6,10.4,0.00,0.00,0,2.95,0,27.52,0,2.95,0,2.95
0.4,10.4,0.00,0.00,0,2.95,0,27.52,0,2.95,0,2.95
0.4,10.4,0.00,0.00,0,2.95,0,27.52,0,2.95,0,2.95
0.6,10.4,0.00,0.00,0,2.95,0,27.52,0,2.95,0,2.95
0.0,10.4,0.00,0.00,0,2.95,0,27.52,0,2.95,0,2.95
0.6,10.4,0.00,0.00,0,2.95,0,27.52,0,2.95,0,2.95
0.2,10.4,0.00,0.00,0,2.95,0,27.52,0,2.95,0,2.95
0.2,10.4,0.00,0.00,0,2.95,0,27.52,0,2.95,0,2.95
0.2,10.4,0.00,0.00,0,2.95,0,27.52,0,2.95,0,2.95
0.6,10.4,0.00,0.00,0,2.95,0,27.52,0,2.95,0,2.95
0.2,10.4,0.00,0.00,0,2.95,0,27.52,0,2.95,0,2.95
0.2,10.4,0.00,0.00,0,2.95,0,27.52,0,2.95,0,2.95
0.2,10.4,0.00,0.00,0,2.95,0,27.52,0,2.95,0,2.95
0.4,10.4,0.00,0.00,0,2.95,0,27.52,0,2.95,0,2.95
0.4,10.4,0.00,0.00,0,2.95,0,27.52,0,2.95,0,2.95
2.1,10.4,0.00,0.00,0,2.95,0,27.52,0,2.95,0,2.95
0.8,10.4,0.00,0.00,0,2.95,0,27.52,0,2.95,0,2.95
0.4,10.4,0.00,0.00,0,2.95,0,27.52,0,2.95,0,2.95
0.4,10.4,0.00,0.00,0,2.95,0,27.52,0,2.95,0,2.95
0.2,10.4,0.00,0.00,0,2.95,0,27.52,0,2.95,0,2.95
0.2,10.4,0.00,0.00,0,2.95,0,27.52,0,2.95,0,2.95
0.4,10.4,0.00,0.00,0,2.95,0,27.52,0,2.95,0,2.95
0.6,10.4,0.00,0.00,0,2.95,0,27.52,0,2.95,0,2.95
1.4,10.4,0.00,0.00,0,2.95,0,27.52,0,2.95,0,2.95
0.2,10.4,0.00,0.00,0,2.95,0,27.52,0,2.95,0,2.95
0.6,10.4,0.00,0.00,0,2.95,0,27.52,0,2.95,0,2.95
0.8,10.4,0.00,0.00,0,2.95,0,27.52,0,2.95,0,2.95
0.6,10.4,0.00,0.00,0,2.95,0,27.52,0,2.95,0,2.95
0.2,10.4,0.00,0.00,0,2.95,0,27.52,0,2.95,0,2.95
0.2,10.4,0.00,0.00,0,2.95,0,27.52,0,2.95,0,2.95
0.2,10.4,0.00,0.00,0,2.95,0,27.52,0,2.95,0,2.95
0.4,10.4,0.00,0.00,0,2.95,0,27.52,0,2.95,0,2.95
0.2,10.4,0.00,0.00,0,2.95,0,27.52,0,2.95,0,2.95
0.0,10.4,0.00,0.00,0,2.95,0,27.52,0,2.95,0,2.95
0.2,10.4,0.00,0.00,0,2.95,0,27.52,0,2.95,0,2.95
0.4,10.4,0.00,0.00,0,2.95,0,27.52,0,2.95,0,2.95
2.3,10.4,0.00,0.00,0,2.95,0,27.52,0,2.95,0,2.95
0.4,10.4,0.00,0.00,0,2.95,0,27.52,0,2.95,0,2.95
0.2,10.4,0.00,0.00,0,2.95,0,27.52,0,2.95,0,2.95
0.2,10.4,0.00,0.00,0,2.95,0,27.52,0,2.95,0,2.95
0.4,10.4,0.00,0.00,0,2.95,0,27.52,0,2.95,0,2.95
0.4,10.4,0.00,0.00,0,2.95,0,27.52,0,2.95,0,2.95
0.2,10.4,0.00,0.00,0,2.95,0,27.52,0,2.95,0,2.95
0.2,10.4,0.00,0.00,0,2.95,0,27.52,0,2.95,0,2.95
0.4,10.4,0.00,0.00,0,2.95,0,27.52,0,2.95,0,2.95
0.2,10.4,0.00,0.00,0,2.95,0,27.52,0,2.95,0,2.95
0.4,10.4,0.00,0.00,0,2.95,0,27.52,0,2.95,0,2.95
0.4,10.4,0.00,0.00,0,2.95,0,27.52,0,2.95,0,2.95
0.2,10.4,0.00,0.00,0,2.95,0,27.52,0,2.95,0,2.95
0.2,10.4,0.00,0.00,0,2.95,0,27.52,0,2.95,0,2.95
0.4,10.4,0.00,0.00,0,2.95,0,27.52,0,2.95,0,2.95
0.2,10.4,0.00,0.00,0,2.95,0,27.52,0,2.95,0,2.95
0.4,10.4,0.00,0.00,0,2.95,0,27.52,0,2.95,0,2.95
0.2,10.4,0.00,0.00,0,2.95,0,27.52,0,2.95,0,2.95
0.2,10.4,0.00,0.00,0,2.95,0,27.52,0,2.95,0,2.95
0.2,10.4,0.00,0.00,0,2.95,0,27.52,0,2.95,0,2.95
0.2,10.4,0.00,0.00,0,2.95,0,27.52,0,2.95,0,2.95
1.9,10.4,0.00,0.00,0,2.95,0,27.52,0,2.95,0,2.95
0.6,10.4,0.00,0.00,0,2.95,0,27.52,0,2.95,0,2.95
0.2,10.4,0.00,0.00,0,2.95,0,27.52,0,2.95,0,2.95
0.2,10.4,0.00,0.00,0,2.95,0,27.52,0,2.95,0,2.95
0.6,10.4,0.00,0.00,0,2.95,0,27.52,0,2.95,0,2.95
0.0,10.4,0.00,0.00,0,2.95,0,27.52,0,2.95,0,2.95
0.4,10.4,0.00,0.00,0,2.95,0,27.52,0,2.95,0,2.95
0.4,10.4,0.00,0.00,0,2.95,0,27.52,0,2.95,0,2.95
0.4,10.4,0.00,0.00,0,2.95,0,27.52,0,2.95,0,2.95
0.2,10.4,0.00,0.00,0,2.95,0,27.52,0,2.95,0,2.95
0.0,10.4,0.00,0.00,0,2.95,0,27.52,0,2.95,0,2.95
0.4,10.4,0.00,0.00,0,2.95,0,27.52,0,2.95,0,2.95
0.2,10.4,0.00,0.00,0,2.95,0,27.52,0,2.95,0,2.95
0.4,10.4,0.00,0.00,0,2.95,0,27.52,0,2.95,0,2.95
0.0,10.4,0.00,0.00,0,2.95,0,27.52,0,2.95,0,2.95
0.0,10.4,0.00,0.00,0,2.95,0,27.52,0,2.95,0,2.95
0.4,10.4,0.00,0.00,0,2.95,0,27.52,0,2.95,0,2.95
0.4,10.4,0.00,0.00,0,2.95,0,27.52,0,2.95,0,2.95
0.0,10.4,0.00,0.00,0,2.95,0,27.52,0,2.95,0,2.95
0.2,10.4,0.00,0.00,0,2.95,0,27.52,0,2.95,0,2.95
0.2,10.4,0.00,0.00,0,2.95,0,27.52,0,2.95,0,2.95
2.1,10.4,0.00,0.00,0,2.95,0,27.52,0,2.95,0,2.95
0.6,10.4,0.00,0.00,0,2.95,0,27.52,0,2.95,0,2.95
0.2,10.4,0.00,0.00,0,2.95,0,27.52,0,2.95,0,2.95
0.4,10.4,0.00,0.00,0,2.95,0,27.52,0,2.95,0,2.95
0.2,10.4,0.00,0.00,0,2.95,0,27.52,0,2.95,0,2.95
0.4,10.4,0.00,0.00,0,2.95,0,27.52,0,2.95,0,2.95
0.2,10.4,0.00,0.00,0,2.95,0,27.52,0,2.95,0,2.95
0.4,10.4,0.00,0.00,0,2.95,0,27.52,0,2.95,0,2.95
0.2,10.4,0.00,0.00,0,2.95,0,27.52,0,2.95,0,2.95
0.4,10.4,0.00,0.00,0,2.95,0,27.52,0,2.95,0,2.95
0.2,10.4,0.00,0.00,0,2.95,0,27.52,0,2.95,0,2.95
1.7,10.4,0.00,0.00,0,2.95,0,27.52,0,2.95,0,2.95
0.4,10.4,0.00,0.00,0,2.95,0,27.52,0,2.95,0,2.95
0.4,10.4,0.00,0.00,0,2.95,0,27.52,0,2.95,0,2.95
0.2,10.4,0.00,0.00,0,2.95,0,27.52,0,2.95,0,2.95
0.6,10.4,0.00,0.00,0,2.95,0,27.52,0,2.95,0,2.95
0.2,10.4,0.00,0.00,0,2.95,0,27.52,0,2.95,0,2.95
0.0,10.4,0.00,0.00,0,2.95,0,27.52,0,2.95,0,2.95
0.2,10.4,0.00,0.00,0,2.95,0,27.52,0,2.95,0,2.95
0.0,10.4,0.00,0.00,0,2.95,0,27.52,0,2.95,0,2.95
0.4,10.4,0.00,0.00,0,2.95,0,27.52,0,2.95,0,2.95
1.3,10.4,0.00,0.00,0,2.95,0,27.52,0,2.95,0,2.95
0.2,10.4,0.00,0.00,0,2.95,0,27.52,0,2.95,0,2.95
0.2,10.4,0.00,0.00,0,2.95,0,27.52,0,2.95,0,2.95
0.2,10.4,0.00,0.00,0,2.95,0,27.52,0,2.95,0,2.95
0.0,10.4,0.00,0.00,0,2.95,0,27.52,0,2.95,0,2.95
0.2,10.4,0.00,0.00,0,2.95,0,27.52,0,2.95,0,2.95
0.2,10.4,0.00,0.00,0,2.95,0,27.52,0,2.95,0,2.95
0.2,10.4,0.00,0.00,0,2.95,0,27.52,0,2.95,0,2.95
0.4,10.4,0.00,0.00,0,2.95,0,27.52,0,2.95,0,2.95
0.4,10.4,0.00,0.00,0,2.95,0,27.52,0,2.95,0,2.95
0.2,10.4,0.00,0.00,0,2.95,0,27.52,0,2.95,0,2.95
1.7,10.4,0.00,0.00,0,2.95,0,27.52,0,2.95,0,2.95
0.4,10.4,0.00,0.00,0,2.95,0,27.52,0,2.95,0,2.95
0.0,10.4,0.00,0.00,0,2.95,0,27.52,0,2.95,0,2.95
0.4,10.4,0.00,0.00,0,2.95,0,27.52,0,2.95,0,2.95
0.4,10.4,0.00,0.00,0,2.95,0,27.52,0,2.95,0,2.95
0.2,10.4,0.00,0.00,0,2.95,0,27.52,0,2.95,0,2.95
0.4,10.4,0.00,0.00,0,2.95,0,27.52,0,2.95,0,2.95
0.2,10.4,0.00,0.00,0,2.95,0,27.52,0,2.95,0,2.95
0.4,10.4,0.00,0.00,0,2.95,0,27.52,0,2.95,0,2.95
0.4,10.4,0.00,0.00,0,2.95,0,27.52,0,2.95,0,2.95
1.5,10.4,0.00,0.00,0,2.95,0,27.52,0,2.95,0,2.95
0.6,10.4,0.00,0.00,0,2.95,0,27.52,0,2.95,0,2.95
0.4,10.4,0.00,0.00,0,2.95,0,27.52,0,2.95,0,2.95
0.4,10.4,0.00,0.00,0,2.95,0,27.52,0,2.95,0,2.95
0.2,10.4,0.00,0.00,0,2.95,0,27.52,0,2.95,0,2.95
0.0,10.4,0.00,0.00,0,2.95,0,27.52,0,2.95,0,2.95
0.4,10.4,0.00,0.00,0,2.95,0,27.52,0,2.95,0,2.95
0.4,10.4,0.00,0.00,0,2.95,0,27.52,0,2.95,0,2.95
0.4,10.4,0.00,0.00,0,2.95,0,27.52,0,2.95,0,2.95
0.2,10.4,0.00,0.00,0,2.95,0,27.52,0,2.95,0,2.95
0.2,10.4,0.00,0.00,0,2.95,0,27.52,0,2.95,0,2.95
1.7,10.4,0.00,0.00,0,2.95,0,27.52,0,2.95,0,2.95
0.2,10.4,0.00,0.00,0,2.95,0,27.52,0,2.95,0,2.95
0.4,10.4,0.00,0.00,0,2.95,0,27.52,0,2.95,0,2.95
0.4,10.4,0.00,0.00,0,2.95,0,27.52,0,2.95,0,2.95
0.2,10.4,0.00,0.00,0,2.95,0,27.52,0,2.95,0,2.95
0.0,10.4,0.00,0.00,0,2.95,0,27.52,0,2.95,0,2.95
0.0,10.4,0.00,0.00,0,2.95,0,27.52,0,2.95,0,2.95
0.4,10.4,0.00,0.00,0,2.95,0,27.52,0,2.95,0,2.95
0.2,10.4,0.00,0.00,0,2.95,0,27.52,0,2.95,0,2.95
0.4,10.4,0.00,0.00,0,2.95,0,27.52,0,2.95,0,2.95
1.0,10.4,0.00,0.00,0,2.95,0,27.52,0,2.95,0,2.95
0.4,10.4,0.00,0.00,0,2.95,0,27.52,0,2.95,0,2.95
0.8,10.4,0.00,0.00,0,2.95,0,27.52,0,2.95,0,2.95
0.6,10.4,0.00,0.00,0,2.95,0,27.52,0,2.95,0,2.95
0.4,10.4,0.00,0.00,0,2.95,0,27.52,0,2.95,0,2.95
0.6,10.4,0.00,0.00,0,2.95,0,27.52,0,2.95,0,2.95
1.8,10.4,0.00,0.00,0,2.95,0,27.52,0,2.95,0,2.95
0.4,10.4,0.00,0.00,0,2.95,0,27.52,0,2.95,0,2.95
0.4,10.4,0.00,0.00,0,2.95,0,27.52,0,2.95,0,2.95
0.2,10.4,0.00,0.00,0,2.95,0,27.52,0,2.95,0,2.95
0.2,10.4,0.00,0.00,0,2.95,0,27.52,0,2.95,0,2.95
2.1,10.4,0.00,0.00,0,2.95,0,27.52,0,2.95,0,2.95
0.4,10.4,0.00,0.00,0,2.95,0,27.52,0,2.95,0,2.95
0.0,10.4,0.00,0.00,0,2.95,0,27.52,0,2.95,0,2.95
0.0,10.4,0.00,0.00,0,2.95,0,27.52,0,2.95,0,2.95
0.4,10.4,0.00,0.00,0,2.95,0,27.52,0,2.95,0,2.95
0.4,10.4,0.00,0.00,0,2.95,0,27.52,0,2.95,0,2.95
0.2,10.4,0.00,0.00,0,2.95,0,27.52,0,2.95,0,2.95
0.0,10.4,0.00,0.00,0,2.95,0,27.52,0,2.95,0,2.95
0.2,10.4,0.00,0.00,0,2.95,0,27.52,0,2.95,0,2.95
0.0,10.4,0.00,0.00,0,2.95,0,27.52,0,2.95,0,2.95
1.5,10.4,0.00,0.00,0,2.95,0,27.52,0,2.95,0,2.95
0.6,10.4,0.00,0.00,0,2.95,0,27.52,0,2.95,0,2.95
0.2,10.4,0.00,0.00,0,2.95,0,27.52,0,2.95,0,2.95
0.2,10.4,0.00,0.00,0,2.95,0,27.52,0,2.95,0,2.95
0.2,10.4,0.00,0.00,0,2.95,0,27.52,0,2.95,0,2.95
0.2,10.4,0.00,0.00,0,2.95,0,27.52,0,2.95,0,2.95
0.0,10.4,0.00,0.00,0,2.95,0,27.52,0,2.95,0,2.95
0.4,10.4,0.00,0.00,0,2.95,0,27.52,0,2.95,0,2.95
0.4,10.4,0.00,0.00,0,2.95,0,27.52,0,2.95,0,2.95
0.4,10.4,0.00,0.00,0,2.95,0,27.52,0,2.95,0,2.95
0.2,10.4,0.00,0.00,0,2.95,0,27.52,0,2.95,0,2.95
1.3,10.4,0.00,0.00,0,2.95,0,27.52,0,2.95,0,2.95
0.0,10.4,0.00,0.00,0,2.95,0,27.52,0,2.95,0,2.95
0.0,10.4,0.00,0.00,0,2.95,0,27.52,0,2.95,0,2.95
0.2,10.4,0.00,0.00,0,2.95,0,27.52,0,2.95,0,2.95
0.2,10.4,0.00,0.00,0,2.95,0,27.52,0,2.95,0,2.95
0.4,10.4,0.00,0.00,0,2.95,0,27.52,0,2.95,0,2.95
0.2,10.4,0.00,0.00,0,2.95,0,27.52,0,2.95,0,2.95
0.2,10.4,0.00,0.00,0,2.95,0,27.52,0,2.95,0,2.95
0.0,10.4,0.00,0.00,0,2.95,0,27.52,0,2.95,0,2.95
0.2,10.4,0.00,0.00,0,2.95,0,27.52,0,2.95,0,2.95
1.7,10.4,0.00,0.00,0,2.95,0,27.52,0,2.95,0,2.95
0.4,10.4,0.00,0.00,0,2.95,0,27.52,0,2.95,0,2.95
0.2,10.4,0.00,0.00,0,2.95,0,27.52,0,2.95,0,2.95
0.4,10.4,0.00,0.00,0,2.95,0,27.52,0,2.95,0,2.95
0.2,10.4,0.00,0.00,0,2.95,0,27.52,0,2.95,0,2.95
0.2,10.4,0.00,0.00,0,2.95,0,27.52,0,2.95,0,2.95
0.0,10.4,0.00,0.00,0,2.95,0,27.52,0,2.95,0,2.95
0.2,10.4,0.00,0.00,0,2.95,0,27.52,0,2.95,0,2.95
0.4,10.4,0.00,0.00,0,2.95,0,27.52,0,2.95,0,2.95
0.4,10.4,0.00,0.00,0,2.95,0,27.52,0,2.95,0,2.95
0.2,10.4,0.00,0.00,0,2.95,0,27.52,0,2.95,0,2.95
0.8,10.4,0.00,0.00,0,2.95,0,27.52,0,2.95,0,2.95
0.4,10.4,0.00,0.00,0,2.95,0,27.52,0,2.95,0,2.95
0.2,10.4,0.00,0.00,0,2.95,0,27.52,0,2.95,0,2.95
0.0,10.4,0.00,0.00,0,2.95,0,27.52,0,2.95,0,2.95
0.2,10.4,0.00,0.00,0,2.95,0,27.52,0,2.95,0,2.95
0.4,10.4,0.00,0.00,0,2.95,0,27.52,0,2.95,0,2.95
0.2,10.4,0.00,0.00,0,2.95,0,27.52,0,2.95,0,2.95
0.4,10.4,0.00,0.00,0,2.95,0,27.52,0,2.95,0,2.95
0.4,10.4,0.00,0.00,0,2.95,0,27.52,0,2.95,0,2.95
0.4,10.4,0.00,0.00,0,2.95,0,27.52,0,2.95,0,2.95
1.3,10.4,0.00,0.00,0,2.95,0,27.52,0,2.95,0,2.95
1.0,10.4,0.00,0.00,0,2.95,0,27.52,0,2.95,0,2.95
0.6,10.4,0.00,0.00,0,2.95,0,27.52,0,2.95,0,2.95
0.2,10.4,0.00,0.00,0,2.95,0,27.52,0,2.95,0,2.95
0.6,10.4,0.00,0.00,0,2.95,0,27.52,0,2.95,0,2.95
0.6,10.4,0.00,0.00,0,2.95,0,27.52,0,2.95,0,2.95
0.6,10.4,0.00,0.00,0,2.95,0,27.52,0,2.95,0,2.95
0.2,10.4,0.00,0.00,0,2.95,0,27.52,0,2.95,0,2.95
0.6,10.4,0.00,0.00,0,2.95,0,27.52,0,2.95,0,2.95
0.2,10.4,0.00,0.00,0,2.95,0,27.52,0,2.95,0,2.95
0.6,10.4,0.00,0.00,0,2.95,0,27.52,0,2.95,0,2.95
1.3,10.4,0.00,0.00,0,2.95,0,27.52,0,2.95,0,2.95
0.6,10.4,0.00,0.00,0,2.95,0,27.52,0,2.95,0,2.95
0.2,10.4,0.00,0.00,0,2.95,0,27.52,0,2.95,0,2.95
0.4,10.4,0.00,0.00,0,2.95,0,27.52,0,2.95,0,2.95
1.0,10.4,0.00,0.00,0,2.95,0,27.52,0,2.95,0,2.95
0.4,10.4,0.00,0.00,0,2.95,0,27.52,0,2.95,0,2.95
0.4,10.4,0.00,0.00,0,2.95,0,27.52,0,2.95,0,2.95
0.4,10.4,0.00,0.00,0,2.95,0,27.52,0,2.95,0,2.95
0.4,10.4,0.00,0.00,0,2.95,0,27.52,0,2.95,0,2.95
0.6,10.4,0.00,0.00,0,2.95,0,27.52,0,2.95,0,2.95
0.8,10.4,0.00,0.00,0,2.95,0,27.52,0,2.95,0,2.95
0.6,10.4,0.00,0.00,0,2.95,0,27.52,0,2.95,0,2.95
0.6,10.4,0.00,0.00,0,2.95,0,27.52,0,2.95,0,2.95
0.2,10.4,0.00,0.00,0,2.95,0,27.52,0,2.95,0,2.95
0.4,10.4,0.00,0.00,0,2.95,0,27.52,0,2.95,0,2.95
0.2,10.4,0.00,0.00,0,2.95,0,27.52,0,2.95,0,2.95
0.0,10.4,0.00,0.00,0,2.95,0,27.52,0,2.95,0,2.95
0.4,10.4,0.00,0.00,0,2.95,0,27.52,0,2.95,0,2.95
0.6,10.4,0.00,0.00,0,2.95,0,27.52,0,2.95,0,2.95
0.0,10.4,0.00,0.00,0,2.95,0,27.52,0,2.95,0,2.95
0.2,10.4,0.00,0.00,0,2.95,0,27.52,0,2.95,0,2.95
1.7,10.4,0.00,0.00,0,2.95,0,27.52,0,2.95,0,2.95
0.2,10.4,0.00,0.00,0,2.95,0,27.52,0,2.95,0,2.95
0.2,10.4,0.00,0.00,0,2.95,0,27.52,0,2.95,0,2.95
0.0,10.4,0.00,0.00,0,2.95,0,27.52,0,2.95,0,2.95
0.4,10.4,0.00,0.00,0,2.95,0,27.52,0,2.95,0,2.95
0.2,10.4,0.00,0.00,0,2.95,0,27.52,0,2.95,0,2.95
0.2,10.4,0.00,0.00,0,2.95,0,27.52,0,2.95,0,2.95
0.2,10.4,0.00,0.00,0,2.95,0,27.52,0,2.95,0,2.95
0.2,10.4,0.00,0.00,0,2.95,0,27.52,0,2.95,0,2.95
0.2,10.4,0.00,0.00,0,2.95,0,27.52,0,2.95,0,2.95
1.3,10.4,0.00,0.00,0,2.95,0,27.52,0,2.95,0,2.95
1.2,10.4,0.00,0.00,0,2.95,0,27.52,0,2.95,0,2.95
0.0,10.4,0.00,0.00,0,2.95,0,27.52,0,2.95,0,2.95
0.2,10.4,0.00,0.00,0,2.95,0,27.52,0,2.95,0,2.95
0.4,10.4,0.00,0.00,0,2.95,0,27.52,0,2.95,0,2.95
0.4,10.4,0.00,0.00,0,2.95,0,27.52,0,2.95,0,2.95
0.2,10.4,0.00,0.00,0,2.95,0,27.52,0,2.95,0,2.95
0.2,10.4,0.00,0.00,0,2.95,0,27.52,0,2.95,0,2.95
0.6,10.4,0.00,0.00,0,2.95,0,27.52,0,2.95,0,2.95
0.2,10.4,0.00,0.00,0,2.95,0,27.52,0,2.95,0,2.95
0.4,10.4,0.00,0.00,0,2.95,0,27.52,0,2.95,0,2.95
1.2,10.4,0.00,0.00,0,2.95,0,27.52,0,2.95,0,2.95
0.0,10.4,0.00,0.00,0,2.95,0,27.52,0,2.95,0,2.95
0.0,10.4,0.00,0.00,0,2.95,0,27.52,0,2.95,0,2.95
0.2,10.4,0.00,0.00,0,2.95,0,27.52,0,2.95,0,2.95
0.6,10.4,0.00,0.00,0,2.95,0,27.52,0,2.95,0,2.95
0.2,10.4,0.00,0.00,0,2.95,0,27.52,0,2.95,0,2.95
0.4,10.4,0.00,0.00,0,2.95,0,27.52,0,2.95,0,2.95
0.2,10.4,0.00,0.00,0,2.95,0,27.52,0,2.95,0,2.95
0.2,10.4,0.00,0.00,0,2.95,0,27.52,0,2.95,0,2.95
0.6,10.4,0.00,0.00,0,2.95,0,27.52,0,2.95,0,2.95
1.7,10.4,0.00,0.00,0,2.95,0,27.52,0,2.95,0,2.95
0.8,10.4,0.00,0.00,0,2.95,0,27.52,0,2.95,0,2.95
0.4,10.4,0.00,0.00,0,2.95,0,27.52,0,2.95,0,2.95
0.8,10.4,0.00,0.00,0,2.95,0,27.52,0,2.95,0,2.95
0.4,10.4,0.00,0.00,0,2.95,0,27.52,0,2.95,0,2.95
0.2,10.4,0.00,0.00,0,2.95,0,27.52,0,2.95,0,2.95
0.2,10.4,0.00,0.00,0,2.95,0,27.52,0,2.95,0,2.95
0.4,10.4,0.00,0.00,0,2.95,0,27.52,0,2.95,0,2.95
0.6,10.4,0.00,0.00,0,2.95,0,27.52,0,2.95,0,2.95
0.2,10.4,0.00,0.00,0,2.95,0,27.52,0,2.95,0,2.95
0.0,10.4,0.00,0.00,0,2.95,0,27.52,0,2.95,0,2.95
1.3,10.4,0.00,0.00,0,2.95,0,27.52,0,2.95,0,2.95
0.4,10.4,0.00,0.00,0,2.95,0,27.52,0,2.95,0,2.95
0.4,10.4,0.00,0.00,0,2.95,0,27.52,0,2.95,0,2.95
0.6,10.4,0.00,0.00,0,2.95,0,27.52,0,2.95,0,2.95
0.0,10.4,0.00,0.00,0,2.95,0,27.52,0,2.95,0,2.95
0.6,10.4,0.00,0.00,0,2.95,0,27.52,0,2.95,0,2.95
0.2,10.4,0.00,0.00,0,2.95,0,27.52,0,2.95,0,2.95
0.0,10.4,0.00,0.00,0,2.95,0,27.52,0,2.95,0,2.95
0.0,10.4,0.00,0.00,0,2.95,0,27.52,0,2.95,0,2.95
0.4,10.4,0.00,0.00,0,2.95,0,27.52,0,2.95,0,2.95
1.0,10.4,0.00,0.00,0,2.95,0,27.52,0,2.95,0,2.95
0.6,10.4,0.00,0.00,0,2.95,0,27.52,0,2.95,0,2.95
0.2,10.4,0.00,0.00,0,2.95,0,27.52,0,2.95,0,2.95
0.0,10.4,0.00,0.00,0,2.95,0,27.52,0,2.95,0,2.95
0.4,10.4,0.00,0.00,0,2.95,0,27.52,0,2.95,0,2.95
0.2,10.4,0.00,0.00,0,2.95,0,27.52,0,2.95,0,2.95
0.4,10.4,0.00,0.00,0,2.95,0,27.52,0,2.95,0,2.95
0.2,10.4,0.00,0.00,0,2.95,0,27.52,0,2.95,0,2.95
0.4,10.4,0.00,0.00,0,2.95,0,27.52,0,2.95,0,2.95
0.2,10.4,0.00,0.00,0,2.95,0,27.52,0,2.95,0,2.95
0.0,10.4,0.00,0.00,0,2.95,0,27.52,0,2.95,0,2.95
2.1,10.4,0.00,0.00,0,2.95,0,27.52,0,2.95,0,2.95
0.2,10.4,0.00,0.00,0,2.95,0,27.52,0,2.95,0,2.95
0.2,10.4,0.00,0.00,0,2.95,0,27.52,0,2.95,0,2.95
0.2,10.4,0.00,0.00,0,2.95,0,27.52,0,2.95,0,2.95
0.6,10.4,0.00,0.00,0,2.95,0,27.52,0,2.95,0,2.95
0.2,10.4,0.00,0.00,0,2.95,0,27.52,0,2.95,0,2.95
0.4,10.4,0.00,0.00,0,2.95,0,27.52,0,2.95,0,2.95
0.2,10.4,0.00,0.00,0,2.95,0,27.52,0,2.95,0,2.95
0.2,10.4,0.00,0.00,0,2.95,0,27.52,0,2.95,0,2.95
0.0,10.4,0.00,0.00,0,2.95,0,27.52,0,2.95,0,2.95
0.6,10.4,0.00,0.00,0,2.95,0,27.52,0,2.95,0,2.95
0.2,10.4,0.00,0.00,0,2.95,0,27.52,0,2.95,0,2.95
0.4,10.4,0.00,0.00,0,2.95,0,27.52,0,2.95,0,2.95
0.0,10.4,0.00,0.00,0,2.95,0,27.52,0,2.95,0,2.95
0.0,10.4,0.00,0.00,0,2.95,0,27.52,0,2.95,0,2.95
0.2,10.4,0.00,0.00,0,2.95,0,27.52,0,2.95,0,2.95
0.6,10.4,0.00,0.00,0,2.95,0,27.52,0,2.95,0,2.95
0.4,10.4,0.00,0.00,0,2.95,0,27.52,0,2.95,0,2.95
0.4,10.4,0.00,0.00,0,2.95,0,27.52,0,2.95,0,2.95
0.2,10.4,0.00,0.00,0,2.95,0,27.52,0,2.95,0,2.95
0.0,10.4,0.00,0.00,0,2.95,0,27.52,0,2.95,0,2.95
2.3,10.4,0.00,0.00,0,2.95,0,27.52,0,2.95,0,2.95
0.2,10.4,0.00,0.00,0,2.95,0,27.52,0,2.95,0,2.95
0.2,10.4,0.00,0.00,0,2.95,0,27.52,0,2.95,0,2.95
0.2,10.4,0.00,0.00,0,2.95,0,27.52,0,2.95,0,2.95
0.6,10.4,0.00,0.00,0,2.95,0,27.52,0,2.95,0,2.95
0.0,10.4,0.00,0.00,0,2.95,0,27.52,0,2.95,0,2.95
0.0,10.4,0.00,0.00,0,2.95,0,27.52,0,2.95,0,2.95
0.0,10.4,0.00,0.00,0,2.95,0,27.52,0,2.95,0,2.95
0.2,10.4,0.00,0.00,0,2.95,0,27.52,0,2.95,0,2.95
1.0,10.4,0.00,0.00,0,2.95,0,27.52,0,2.95,0,2.95
1.3,10.4,0.00,0.00,0,2.95,0,27.52,0,2.95,0,2.95
0.4,10.4,0.00,0.00,0,2.95,0,27.52,0,2.95,0,2.95
0.4,10.4,0.00,0.00,0,2.95,0,27.52,0,2.95,0,2.95
0.4,10.4,0.00,0.00,0,2.95,0,27.52,0,2.95,0,2.95
0.4,10.4,0.00,0.00,0,2.95,0,27.52,0,2.95,0,2.95
0.4,10.4,0.00,0.00,0,2.95,0,27.52,0,2.95,0,2.95
0.6,10.4,0.00,0.00,0,2.95,0,27.52,0,2.95,0,2.95
0.4,10.4,0.00,0.00,0,2.95,0,27.52,0,2.95,0,2.95
0.2,10.4,0.00,0.00,0,2.95,0,27.52,0,2.95,0,2.95
0.4,10.4,0.00,0.00,0,2.95,0,27.52,0,2.95,0,2.95
0.2,10.4,0.00,0.00,0,2.95,0,27.52,0,2.95,0,2.95
1.9,10.4,0.00,0.00,0,2.95,0,27.52,0,2.95,0,2.95
0.0,10.4,0.00,0.00,0,2.95,0,27.52,0,2.95,0,2.95
0.2,10.4,0.00,0.00,0,2.95,0,27.52,0,2.95,0,2.95
0.4,10.4,0.00,0.00,0,2.95,0,27.52,0,2.95,0,2.95
0.4,10.4,0.00,0.00,0,2.95,0,27.52,0,2.95,0,2.95
0.4,10.4,0.00,0.00,0,2.95,0,27.52,0,2.95,0,2.95
0.4,10.4,0.00,0.00,0,2.95,0,27.52,0,2.95,0,2.95
0.0,10.4,0.00,0.00,0,2.95,0,27.52,0,2.95,0,2.95
0.8,10.4,0.00,0.00,0,2.95,0,27.52,0,2.95,0,2.95
0.0,10.4,0.00,0.00,0,2.95,0,27.52,0,2.95,0,2.95
1.5,10.4,0.00,0.00,0,2.95,0,27.52,0,2.95,0,2.95
0.4,10.4,0.00,0.00,0,2.95,0,27.52,0,2.95,0,2.95
0.2,10.4,0.00,0.00,0,2.95,0,27.52,0,2.95,0,2.95
0.6,10.4,0.00,0.00,0,2.95,0,27.52,0,2.95,0,2.95
0.4,10.4,0.00,0.00,0,2.95,0,27.52,0,2.95,0,2.95
0.4,10.4,0.00,0.00,0,2.95,0,27.52,0,2.95,0,2.95
0.4,10.4,0.00,0.00,0,2.95,0,27.52,0,2.95,0,2.95
0.0,10.4,0.00,0.00,0,2.95,0,27.52,0,2.95,0,2.95
0.4,10.4,0.00,0.00,0,2.95,0,27.52,0,2.95,0,2.95
0.2,10.4,0.00,0.00,0,2.95,0,27.52,0,2.95,0,2.95
0.2,10.4,0.00,0.00,0,2.95,0,27.52,0,2.95,0,2.95
1.0,10.4,0.00,0.00,0,2.95,0,27.52,0,2.95,0,2.95
0.2,10.4,0.00,0.00,0,2.95,0,27.52,0,2.95,0,2.95
0.2,10.4,0.00,0.00,0,2.95,0,27.52,0,2.95,0,2.95
0.0,10.4,0.00,0.00,0,2.95,0,27.52,0,2.95,0,2.95
0.4,10.4,0.00,0.00,0,2.95,0,27.52,0,2.95,0,2.95
0.2,10.4,0.00,0.00,0,2.95,0,27.52,0,2.95,0,2.95
0.6,10.4,0.00,0.00,0,2.95,0,27.52,0,2.95,0,2.95
0.4,10.4,0.00,0.00,0,2.95,0,27.52,0,2.95,0,2.95
0.4,10.4,0.00,0.00,0,2.95,0,27.52,0,2.95,0,2.95
0.4,10.4,0.00,0.00,0,2.95,0,27.52,0,2.95,0,2.95
1.7,10.4,0.00,0.00,0,2.95,0,27.52,0,2.95,0,2.95
0.4,10.4,0.00,0.00,0,2.95,0,27.52,0,2.95,0,2.95
0.4,10.4,0.00,0.00,0,2.95,0,27.52,0,2.95,0,2.95
0.2,10.4,0.00,0.00,0,2.95,0,27.52,0,2.95,0,2.95
0.2,10.4,0.00,0.00,0,2.95,0,27.52,0,2.95,0,2.95
0.2,10.4,0.00,0.00,0,2.95,0,27.52,0,2.95,0,2.95
0.4,10.4,0.00,0.00,0,2.95,0,27.52,0,2.95,0,2.95
0.2,10.4,0.00,0.00,0,2.95,0,27.52,0,2.95,0,2.95
0.2,10.4,0.00,0.00,0,2.95,0,27.52,0,2.95,0,2.95
0.4,10.4,0.00,0.00,0,2.95,0,27.52,0,2.95,0,2.95
0.2,10.4,0.00,0.00,0,2.95,0,27.52,0,2.95,0,2.95
0.6,10.4,0.00,0.00,0,2.95,0,27.52,0,2.95,0,2.95
0.4,10.4,0.00,0.00,0,2.95,0,27.52,0,2.95,0,2.95
0.2,10.4,0.00,0.00,0,2.95,0,27.52,0,2.95,0,2.95
0.2,10.4,0.00,0.00,0,2.95,0,27.52,0,2.95,0,2.95
0.4,10.4,0.00,0.00,0,2.95,0,27.52,0,2.95,0,2.95
0.6,10.4,0.00,0.00,0,2.95,0,27.52,0,2.95,0,2.95
0.4,10.4,0.00,0.00,0,2.95,0,27.52,0,2.95,0,2.95
0.2,10.4,0.00,0.00,0,2.95,0,27.52,0,2.95,0,2.95
0.4,10.4,0.00,0.00,0,2.95,0,27.52,0,2.95,0,2.95
0.4,10.4,0.00,0.00,0,2.95,0,27.52,0,2.95,0,2.95
2.5,10.4,0.00,0.00,0,2.95,0,27.52,0,2.95,0,2.95
0.4,10.4,0.00,0.00,0,2.95,0,27.52,0,2.95,0,2.95
0.0,10.4,0.00,0.00,0,2.95,0,27.52,0,2.95,0,2.95
0.2,10.4,0.00,0.00,0,2.95,0,27.52,0,2.95,0,2.95
0.4,10.4,0.00,0.00,0,2.95,0,27.52,0,2.95,0,2.95
0.2,10.4,0.00,0.00,0,2.95,0,27.52,0,2.95,0,2.95
0.2,10.4,0.00,0.00,0,2.95,0,27.52,0,2.95,0,2.95
0.4,10.4,0.00,0.00,0,2.95,0,27.52,0,2.95,0,2.95
0.2,10.4,0.00,0.00,0,2.95,0,27.52,0,2.95,0,2.95
0.2,10.4,0.00,0.00,0,2.95,0,27.52,0,2.95,0,2.95
0.6,10.4,0.00,0.00,0,2.95,0,27.52,0,2.95,0,2.95
0.4,10.4,0.00,0.00,0,2.95,0,27.52,0,2.95,0,2.95
0.4,10.4,0.00,0.00,0,2.95,0,27.52,0,2.95,0,2.95
0.4,10.4,0.00,0.00,0,2.95,0,27.52,0,2.95,0,2.95
0.0,10.4,0.00,0.00,0,2.95,0,27.52,0,2.95,0,2.95
0.4,10.4,0.00,0.00,0,2.95,0,27.52,0,2.95,0,2.95
0.2,10.4,0.00,0.00,0,2.95,0,27.52,0,2.95,0,2.95
0.4,10.4,0.00,0.00,0,2.95,0,27.52,0,2.95,0,2.95
0.0,10.4,0.00,0.00,0,2.95,0,27.52,0,2.95,0,2.95
0.4,10.4,0.00,0.00,0,2.95,0,27.52,0,2.95,0,2.95
0.2,10.4,0.00,0.00,0,2.95,0,27.52,0,2.95,0,2.95
2.1,10.4,0.00,0.00,0,2.95,0,27.52,0,2.95,0,2.95
0.4,10.4,0.00,0.00,0,2.95,0,27.52,0,2.95,0,2.95
0.6,10.4,0.00,0.00,0,2.95,0,27.52,0,2.95,0,2.95
0.2,10.4,0.00,0.00,0,2.95,0,27.52,0,2.95,0,2.95
0.4,10.4,0.00,0.00,0,2.95,0,27.52,0,2.95,0,2.95
0.8,10.4,0.00,0.00,0,2.95,0,27.52,0,2.95,0,2.95
0.2,10.4,0.00,0.00,0,2.95,0,27.52,0,2.95,0,2.95
0.2,10.4,0.00,0.00,0,2.95,0,27.52,0,2.95,0,2.95
0.0,10.4,0.00,0.00,0,2.95,0,27.52,0,2.95,0,2.95
0.4,10.4,0.00,0.00,0,2.95,0,27.52,0,2.95,0,2.95
0.8,10.4,0.00,0.00,0,2.95,0,27.52,0,2.95,0,2.95
0.4,10.4,0.00,0.00,0,2.95,0,27.52,0,2.95,0,2.95
0.2,10.4,0.00,0.00,0,2.95,0,27.52,0,2.95,0,2.95
0.2,10.4,0.00,0.00,0,2.95,0,27.52,0,2.95,0,2.95
0.2,10.4,0.00,0.00,0,2.95,0,27.52,0,2.95,0,2.95
0.4,10.4,0.00,0.00,0,2.95,0,27.52,0,2.95,0,2.95
0.2,10.4,0.00,0.00,0,2.95,0,27.52,0,2.95,0,2.95
0.2,10.4,0.00,0.00,0,2.95,0,27.52,0,2.95,0,2.95
0.4,10.4,0.00,0.00,0,2.95,0,27.52,0,2.95,0,2.95
0.4,10.4,0.00,0.00,0,2.95,0,27.52,0,2.95,0,2.95
0.6,10.4,0.00,0.00,0,2.95,0,27.52,0,2.95,0,2.95
1.9,10.4,0.00,0.00,0,2.95,0,27.52,0,2.95,0,2.95
0.6,10.4,0.00,0.00,0,2.95,0,27.52,0,2.95,0,2.95
0.2,10.4,0.00,0.00,0,2.95,0,27.52,0,2.95,0,2.95
0.6,10.4,0.00,0.00,0,2.95,0,27.52,0,2.95,0,2.95
0.6,10.4,0.00,0.00,0,2.95,0,27.52,0,2.95,0,2.95
0.6,10.4,0.00,0.00,0,2.95,0,27.52,0,2.95,0,2.95
0.6,10.4,0.00,0.00,0,2.95,0,27.52,0,2.95,0,2.95
0.4,10.4,0.00,0.00,0,2.95,0,27.52,0,2.95,0,2.95
0.6,10.4,0.00,0.00,0,2.95,0,27.52,0,2.95,0,2.95
0.4,10.4,0.00,0.00,0,2.95,0,27.52,0,2.95,0,2.95
1.0,10.4,0.00,0.00,0,2.95,0,27.52,0,2.95,0,2.95
0.4,10.4,0.00,0.00,0,2.95,0,27.52,0,2.95,0,2.95
0.8,10.4,0.00,0.00,0,2.95,0,27.52,0,2.95,0,2.95
0.2,10.4,0.00,0.00,0,2.95,0,27.52,0,2.95,0,2.95
0.4,10.4,0.00,0.00,0,2.95,0,27.52,0,2.95,0,2.95
0.2,10.4,0.00,0.00,0,2.95,0,27.52,0,2.95,0,2.95
0.4,10.4,0.00,0.00,0,2.95,0,27.52,0,2.95,0,2.95
0.2,10.4,0.00,0.00,0,2.95,0,27.52,0,2.95,0,2.95
0.0,10.4,0.00,0.00,0,2.95,0,27.52,0,2.95,0,2.95
0.2,10.4,0.00,0.00,0,2.95,0,27.52,0,2.95,0,2.95
0.2,10.4,0.00,0.00,0,2.95,0,27.52,0,2.95,0,2.95
1.5,10.4,0.00,0.00,0,2.95,0,27.52,0,2.95,0,2.95
0.2,10.4,0.00,0.00,0,2.95,0,27.52,0,2.95,0,2.95
0.0,10.4,0.00,0.00,0,2.95,0,27.52,0,2.95,0,2.95
0.4,10.4,0.00,0.00,0,2.95,0,27.52,0,2.95,0,2.95
0.2,10.4,0.00,0.00,0,2.95,0,27.52,0,2.95,0,2.95
0.2,10.4,0.00,0.00,0,2.95,0,27.52,0,2.95,0,2.95
0.4,10.4,0.00,0.00,0,2.95,0,27.52,0,2.95,0,2.95
0.2,10.4,0.00,0.00,0,2.95,0,27.52,0,2.95,0,2.95
0.0,10.4,0.00,0.00,0,2.95,0,27.52,0,2.95,0,2.95
0.2,10.4,0.00,0.00,0,2.95,0,27.52,0,2.95,0,2.95
1.9,10.4,0.00,0.00,0,2.95,0,27.52,0,2.95,0,2.95
0.4,10.4,0.00,0.00,0,2.95,0,27.52,0,2.95,0,2.95
0.8,10.4,0.00,0.00,0,2.95,0,27.52,0,2.95,0,2.95
0.2,10.4,0.00,0.00,0,2.95,0,27.52,0,2.95,0,2.95
0.2,10.4,0.00,0.00,0,2.95,0,27.52,0,2.95,0,2.95
0.2,10.4,0.00,0.00,0,2.95,0,27.52,0,2.95,0,2.95
0.2,10.4,0.00,0.00,0,2.95,0,27.52,0,2.95,0,2.95
0.2,10.4,0.00,0.00,0,2.95,0,27.52,0,2.95,0,2.95
0.4,10.4,0.00,0.00,0,2.95,0,27.52,0,2.95,0,2.95
0.2,10.4,0.00,0.00,0,2.95,0,27.52,0,2.95,0,2.95
0.4,10.4,0.00,0.00,0,2.95,0,27.52,0,2.95,0,2.95
0.8,10.4,0.00,0.00,0,2.95,0,27.52,0,2.95,0,2.95
0.4,10.4,0.00,0.00,0,2.95,0,27.52,0,2.95,0,2.95
0.2,10.4,0.00,0.00,0,2.95,0,27.52,0,2.95,0,2.95
0.2,10.4,0.00,0.00,0,2.95,0,27.52,0,2.95,0,2.95
0.0,10.4,0.00,0.00,0,2.95,0,27.52,0,2.95,0,2.95
0.2,10.4,0.00,0.00,0,2.95,0,27.52,0,2.95,0,2.95
0.2,10.4,0.00,0.00,0,2.95,0,27.52,0,2.95,0,2.95
0.2,10.4,0.00,0.00,0,2.95,0,27.52,0,2.95,0,2.95
0.2,10.4,0.00,0.00,0,2.95,0,27.52,0,2.95,0,2.95
0.0,10.4,0.00,0.00,0,2.95,0,27.52,0,2.95,0,2.95
2.1,10.4,0.00,0.00,0,2.95,0,27.52,0,2.95,0,2.95
0.2,10.4,0.00,0.00,0,2.95,0,27.52,0,2.95,0,2.95
0.0,10.4,0.00,0.00,0,2.95,0,27.52,0,2.95,0,2.95
0.4,10.4,0.00,0.00,0,2.95,0,27.52,0,2.95,0,2.95
0.6,10.4,0.00,0.00,0,2.95,0,27.52,0,2.95,0,2.95
0.4,10.4,0.00,0.00,0,2.95,0,27.52,0,2.95,0,2.95
0.4,10.4,0.00,0.00,0,2.95,0,27.52,0,2.95,0,2.95
0.2,10.4,0.00,0.00,0,2.95,0,27.52,0,2.95,0,2.95
0.2,10.4,0.00,0.00,0,2.95,0,27.52,0,2.95,0,2.95
0.2,10.4,0.00,0.00,0,2.95,0,27.52,0,2.95,0,2.95
0.6,10.4,0.00,0.00,0,2.95,0,27.52,0,2.95,0,2.95
0.2,10.4,0.00,0.00,0,2.95,0,27.52,0,2.95,0,2.95
0.0,10.4,0.00,0.00,0,2.95,0,27.52,0,2.95,0,2.95
0.2,10.4,0.00,0.00,0,2.95,0,27.52,0,2.95,0,2.95
0.0,10.4,0.00,0.00,0,2.95,0,27.52,0,2.95,0,2.95
0.0,10.4,0.00,0.00,0,2.95,0,27.52,0,2.95,0,2.95
0.2,10.4,0.00,0.00,0,2.95,0,27.52,0,2.95,0,2.95
0.0,10.4,0.00,0.00,0,2.95,0,27.52,0,2.95,0,2.95
0.4,10.4,0.00,0.00,0,2.95,0,27.52,0,2.95,0,2.95
0.6,10.4,0.00,0.00,0,2.95,0,27.52,0,2.95,0,2.95
0.2,10.4,0.00,0.00,0,2.95,0,27.52,0,2.95,0,2.95
1.3,10.4,0.00,0.00,0,2.95,0,27.52,0,2.95,0,2.95
0.2,10.4,0.00,0.00,0,2.95,0,27.52,0,2.95,0,2.95
0.0,10.4,0.00,0.00,0,2.95,0,27.52,0,2.95,0,2.95
0.4,10.4,0.00,0.00,0,2.95,0,27.52,0,2.95,0,2.95
0.4,10.4,0.00,0.00,0,2.95,0,27.52,0,2.95,0,2.95
0.4,10.4,0.00,0.00,0,2.95,0,27.52,0,2.95,0,2.95
0.2,10.4,0.00,0.00,0,2.95,0,27.52,0,2.95,0,2.95
0.0,10.4,0.00,0.00,0,2.95,0,27.52,0,2.95,0,2.95
0.2,10.4,0.00,0.00,0,2.95,0,27.52,0,2.95,0,2.95
0.6,10.4,0.00,0.00,0,2.95,0,27.52,0,2.95,0,2.95
1.2,10.4,0.00,0.00,0,2.95,0,27.52,0,2.95,0,2.95
0.2,10.4,0.00,0.00,0,2.95,0,27.52,0,2.95,0,2.95
0.4,10.4,0.00,0.00,0,2.95,0,27.52,0,2.95,0,2.95
0.0,10.4,0.00,0.00,0,2.95,0,27.52,0,2.95,0,2.95
0.2,10.4,0.00,0.00,0,2.95,0,27.52,0,2.95,0,2.95
0.0,10.4,0.00,0.00,0,2.95,0,27.52,0,2.95,0,2.95
0.4,10.4,0.00,0.00,0,2.95,0,27.52,0,2.95,0,2.95
0.2,10.4,0.00,0.00,0,2.95,0,27.52,0,2.95,0,2.95
0.0,10.4,0.00,0.00,0,2.95,0,27.52,0,2.95,0,2.95
0.4,10.4,0.00,0.00,0,2.95,0,27.52,0,2.95,0,2.95
0.0,10.4,0.00,0.00,0,2.95,0,27.52,0,2.95,0,2.95
2.3,10.4,0.00,0.00,0,2.95,0,27.52,0,2.95,0,2.95
0.2,10.4,0.00,0.00,0,2.95,0,27.52,0,2.95,0,2.95
0.2,10.4,0.00,0.00,0,2.95,0,27.52,0,2.95,0,2.95
0.0,10.4,0.00,0.00,0,2.95,0,27.52,0,2.95,0,2.95
0.4,10.4,0.00,0.00,0,2.95,0,27.52,0,2.95,0,2.95
0.4,10.4,0.00,0.00,0,2.95,0,27.52,0,2.95,0,2.95
0.4,10.4,0.00,0.00,0,2.95,0,27.52,0,2.95,0,2.95
0.2,10.4,0.00,0.00,0,2.95,0,27.52,0,2.95,0,2.95
0.2,10.4,0.00,0.00,0,2.95,0,27.52,0,2.95,0,2.95
0.0,10.4,0.00,0.00,0,2.95,0,27.52,0,2.95,0,2.95
0.8,10.4,0.00,0.00,0,2.95,0,27.52,0,2.95,0,2.95
0.6,10.4,0.00,0.00,0,2.95,0,27.52,0,2.95,0,2.95
0.4,10.4,0.00,0.00,0,2.95,0,27.52,0,2.95,0,2.95
0.4,10.4,0.00,0.00,0,2.95,0,27.52,0,2.95,0,2.95
0.4,10.4,0.00,0.00,0,2.95,0,27.52,0,2.95,0,2.95
0.4,10.4,0.00,0.00,0,2.95,0,27.52,0,2.95,0,2.95
0.2,10.4,0.00,0.00,0,2.95,0,27.52,0,2.95,0,2.95
0.4,10.4,0.00,0.00,0,2.95,0,27.52,0,2.95,0,2.95
0.2,10.4,0.00,0.00,0,2.95,0,27.52,0,2.95,0,2.95
0.2,10.4,0.00,0.00,0,2.95,0,27.52,0,2.95,0,2.95
0.6,10.4,0.00,0.00,0,2.95,0,27.52,0,2.95,0,2.95
1.9,10.4,0.00,0.00,0,2.95,0,27.52,0,2.95,0,2.95
0.6,10.4,0.00,0.00,0,2.95,0,27.52,0,2.95,0,2.95
0.2,10.4,0.00,0.00,0,2.95,0,27.52,0,2.95,0,2.95
0.2,10.4,0.00,0.00,0,2.95,0,27.52,0,2.95,0,2.95
0.6,10.4,0.00,0.00,0,2.95,0,27.52,0,2.95,0,2.95
0.4,10.4,0.00,0.00,0,2.95,0,27.52,0,2.95,0,2.95
0.4,10.4,0.00,0.00,0,2.95,0,27.52,0,2.95,0,2.95
0.2,10.4,0.00,0.00,0,2.95,0,27.52,0,2.95,0,2.95
0.4,10.4,0.00,0.00,0,2.95,0,27.52,0,2.95,0,2.95
0.4,10.4,0.00,0.00,0,2.95,0,27.52,0,2.95,0,2.95
1.2,10.4,0.00,0.00,0,2.95,0,27.52,0,2.95,0,2.95
0.2,10.4,0.00,0.00,0,2.95,0,27.52,0,2.95,0,2.95
0.0,10.4,0.00,0.00,0,2.95,0,27.52,0,2.95,0,2.95
0.2,10.4,0.00,0.00,0,2.95,0,27.52,0,2.95,0,2.95
0.2,10.4,0.00,0.00,0,2.95,0,27.52,0,2.95,0,2.95
0.4,10.4,0.00,0.00,0,2.95,0,27.52,0,2.95,0,2.95
0.2,10.4,0.00,0.00,0,2.95,0,27.52,0,2.95,0,2.95
0.2,10.4,0.00,0.00,0,2.95,0,27.52,0,2.95,0,2.95
0.2,10.4,0.00,0.00,0,2.95,0,27.52,0,2.95,0,2.95
0.4,10.4,0.00,0.00,0,2.95,0,27.52,0,2.95,0,2.95
0.4,10.4,0.00,0.00,0,2.95,0,27.52,0,2.95,0,2.95
1.9,10.4,0.00,0.00,0,2.95,0,27.52,0,2.95,0,2.95
0.0,10.4,0.00,0.00,0,2.95,0,27.52,0,2.95,0,2.95
0.2,10.4,0.00,0.00,0,2.95,0,27.52,0,2.95,0,2.95
0.0,10.4,0.00,0.00,0,2.95,0,27.52,0,2.95,0,2.95
0.0,10.4,0.00,0.00,0,2.95,0,27.52,0,2.95,0,2.95
0.0,10.4,0.00,0.00,0,2.95,0,27.52,0,2.95,0,2.95
0.4,10.4,0.00,0.00,0,2.95,0,27.52,0,2.95,0,2.95
0.2,10.4,0.00,0.00,0,2.95,0,27.52,0,2.95,0,2.95
0.4,10.4,0.00,0.00,0,2.95,0,27.52,0,2.95,0,2.95
0.0,10.4,0.00,0.00,0,2.95,0,27.52,0,2.95,0,2.95
1.2,10.4,0.00,0.00,0,2.95,0,27.52,0,2.95,0,2.95
0.2,10.4,0.00,0.00,0,2.95,0,27.52,0,2.95,0,2.95
0.2,10.4,0.00,0.00,0,2.95,0,27.52,0,2.95,0,2.95
0.4,10.4,0.00,0.00,0,2.95,0,27.52,0,2.95,0,2.95
0.2,10.4,0.00,0.00,0,2.95,0,27.52,0,2.95,0,2.95
0.2,10.4,0.00,0.00,0,2.95,0,27.52,0,2.95,0,2.95
0.2,10.4,0.00,0.00,0,2.95,0,27.52,0,2.95,0,2.95
0.0,10.4,0.00,0.00,0,2.95,0,27.52,0,2.95,0,2.95
0.8,10.4,0.00,0.00,0,2.95,0,27.52,0,2.95,0,2.95
0.4,10.4,0.00,0.00,0,2.95,0,27.52,0,2.95,0,2.95
0.6,10.4,0.00,0.00,0,2.95,0,27.52,0,2.95,0,2.95
2.3,10.4,0.00,0.00,0,2.95,0,27.52,0,2.95,0,2.95
0.2,10.4,0.00,0.00,0,2.95,0,27.52,0,2.95,0,2.95
0.4,10.4,0.00,0.00,0,2.95,0,27.52,0,2.95,0,2.95
0.4,10.4,0.00,0.00,0,2.95,0,27.52,0,2.95,0,2.95
0.4,10.4,0.00,0.00,0,2.95,0,27.52,0,2.95,0,2.95
0.4,10.4,0.00,0.00,0,2.95,0,27.52,0,2.95,0,2.95
0.4,10.4,0.00,0.00,0,2.95,0,27.52,0,2.95,0,2.95
0.2,10.4,0.00,0.00,0,2.95,0,27.52,0,2.95,0,2.95
0.2,10.4,0.00,0.00,0,2.95,0,27.52,0,2.95,0,2.95
0.4,10.4,0.00,0.00,0,2.95,0,27.52,0,2.95,0,2.95
1.0,10.4,0.00,0.00,0,2.95,0,27.52,0,2.95,0,2.95
1.0,10.4,0.00,0.00,0,2.95,0,27.52,0,2.95,0,2.95
0.2,10.4,0.00,0.00,0,2.95,0,27.52,0,2.95,0,2.95
0.2,10.4,0.00,0.00,0,2.95,0,27.52,0,2.95,0,2.95
0.4,10.4,0.00,0.00,0,2.95,0,27.52,0,2.95,0,2.95
0.4,10.4,0.00,0.00,0,2.95,0,27.52,0,2.95,0,2.95
0.2,10.4,0.00,0.00,0,2.95,0,27.52,0,2.95,0,2.95
0.0,10.4,0.00,0.00,0,2.95,0,27.52,0,2.95,0,2.95
0.2,10.4,0.00,0.00,0,2.95,0,27.52,0,2.95,0,2.95
0.0,10.4,0.00,0.00,0,2.95,0,27.52,0,2.95,0,2.95
0.2,10.4,0.00,0.00,0,2.95,0,27.52,0,2.95,0,2.95
2.7,10.4,0.00,0.00,0,2.95,0,27.52,0,2.95,0,2.95
0.0,10.4,0.00,0.00,0,2.95,0,27.52,0,2.95,0,2.95
0.4,10.4,0.00,0.00,0,2.95,0,27.52,0,2.95,0,2.95
0.0,10.4,0.00,0.00,0,2.95,0,27.52,0,2.95,0,2.95
1.0,10.4,0.00,0.00,0,2.95,0,27.52,0,2.95,0,2.95
0.2,10.4,0.00,0.00,0,2.95,0,27.52,0,2.95,0,2.95
0.2,10.4,0.00,0.00,0,2.95,0,27.52,0,2.95,0,2.95
0.2,10.4,0.00,0.00,0,2.95,0,27.52,0,2.95,0,2.95
0.2,10.4,0.00,0.00,0,2.95,0,27.52,0,2.95,0,2.95
0.6,10.4,0.00,0.00,0,2.95,0,27.52,0,2.95,0,2.95
0.6,10.4,0.00,0.00,0,2.95,0,27.52,0,2.95,0,2.95
0.2,10.4,0.00,0.00,0,2.95,0,27.52,0,2.95,0,2.95
0.4,10.4,0.00,0.00,0,2.95,0,27.52,0,2.95,0,2.95
0.4,10.4,0.00,0.00,0,2.95,0,27.52,0,2.95,0,2.95
0.0,10.4,0.00,0.00,0,2.95,0,27.52,0,2.95,0,2.95
0.4,10.4,0.00,0.00,0,2.95,0,27.52,0,2.95,0,2.95
0.0,10.4,0.00,0.00,0,2.95,0,27.52,0,2.95,0,2.95
0.2,10.4,0.00,0.00,0,2.95,0,27.52,0,2.95,0,2.95
0.2,10.4,0.00,0.00,0,2.95,0,27.52,0,2.95,0,2.95
0.2,10.4,0.00,0.00,0,2.95,0,27.52,0,2.95,0,2.95
0.0,10.4,0.00,0.00,0,2.95,0,27.52,0,2.95,0,2.95
2.3,10.4,0.00,0.00,0,2.95,0,27.52,0,2.95,0,2.95
0.4,10.4,0.00,0.00,0,2.95,0,27.52,0,2.95,0,2.95
0.0,10.4,0.00,0.00,0,2.95,0,27.52,0,2.95,0,2.95
0.4,10.4,0.00,0.00,0,2.95,0,27.52,0,2.95,0,2.95
0.4,10.4,0.00,0.00,0,2.95,0,27.52,0,2.95,0,2.95
0.4,10.4,0.00,0.00,0,2.95,0,27.52,0,2.95,0,2.95
0.2,10.4,0.00,0.00,0,2.95,0,27.52,0,2.95,0,2.95
0.4,10.4,0.00,0.00,0,2.95,0,27.52,0,2.95,0,2.95
0.0,10.4,0.00,0.00,0,2.95,0,27.52,0,2.95,0,2.95
0.2,10.4,0.00,0.00,0,2.95,0,27.52,0,2.95,0,2.95
0.4,10.4,0.00,0.00,0,2.95,0,27.52,0,2.95,0,2.95
0.6,10.4,0.00,0.00,0,2.95,0,27.52,0,2.95,0,2.95
0.2,10.4,0.00,0.00,0,2.95,0,27.52,0,2.95,0,2.95
0.2,10.4,0.00,0.00,0,2.95,0,27.52,0,2.95,0,2.95
0.4,10.4,0.00,0.00,0,2.95,0,27.52,0,2.95,0,2.95
0.4,10.4,0.00,0.00,0,2.95,0,27.52,0,2.95,0,2.95
0.0,10.4,0.00,0.00,0,2.95,0,27.52,0,2.95,0,2.95
0.2,10.4,0.00,0.00,0,2.95,0,27.52,0,2.95,0,2.95
0.2,10.4,0.00,0.00,0,2.95,0,27.52,0,2.95,0,2.95
0.0,10.4,0.00,0.00,0,2.95,0,27.52,0,2.95,0,2.95
0.4,10.4,0.00,0.00,0,2.95,0,27.52,0,2.95,0,2.95
2.3,10.4,0.00,0.00,0,2.95,0,27.52,0,2.95,0,2.95
0.4,10.4,0.00,0.00,0,2.95,0,27.52,0,2.95,0,2.95
0.0,10.4,0.00,0.00,0,2.95,0,27.52,0,2.95,0,2.95
0.4,10.4,0.00,0.00,0,2.95,0,27.52,0,2.95,0,2.95
0.2,10.4,0.00,0.00,0,2.95,0,27.52,0,2.95,0,2.95
0.2,10.4,0.00,0.00,0,2.95,0,27.52,0,2.95,0,2.95
0.2,10.4,0.00,0.00,0,2.95,0,27.52,0,2.95,0,2.95
0.6,10.4,0.00,0.00,0,2.95,0,27.52,0,2.95,0,2.95
0.6,10.4,0.00,0.00,0,2.95,0,27.52,0,2.95,0,2.95
0.6,10.4,0.00,0.00,0,2.95,0,27.52,0,2.95,0,2.95
1.2,10.4,0.00,0.00,0,2.95,0,27.52,0,2.95,0,2.95
1.0,10.4,0.00,0.00,0,2.95,0,27.52,0,2.95,0,2.95
0.2,10.4,0.00,0.00,0,2.95,0,27.52,0,2.95,0,2.95
0.4,10.4,0.00,0.00,0,2.95,0,27.52,0,2.95,0,2.95
0.8,10.4,0.00,0.00,0,2.95,0,27.52,0,2.95,0,2.95
0.4,10.4,0.00,0.00,0,2.95,0,27.52,0,2.95,0,2.95
0.6,10.4,0.00,0.00,0,2.95,0,27.52,0,2.95,0,2.95
0.2,10.4,0.00,0.00,0,2.95,0,27.52,0,2.95,0,2.95
0.2,10.4,0.00,0.00,0,2.95,0,27.52,0,2.95,0,2.95
0.2,10.4,0.00,0.00,0,2.95,0,27.52,0,2.95,0,2.95
0.2,10.4,0.00,0.00,0,2.95,0,27.52,0,2.95,0,2.95
2.3,10.4,0.00,0.00,0,2.95,0,27.52,0,2.95,0,2.95
0.6,10.4,0.00,0.00,0,2.95,0,27.52,0,2.95,0,2.95
0.2,10.4,0.00,0.00,0,2.95,0,27.52,0,2.95,0,2.95
0.4,10.4,0.00,0.00,0,2.95,0,27.52,0,2.95,0,2.95
0.4,10.4,0.00,0.00,0,2.95,0,27.52,0,2.95,0,2.95
0.0,10.4,0.00,0.00,0,2.95,0,27.52,0,2.95,0,2.95
0.2,10.4,0.00,0.00,0,2.95,0,27.52,0,2.95,0,2.95
0.4,10.4,0.00,0.00,0,2.95,0,27.52,0,2.95,0,2.95
0.2,10.4,0.00,0.00,0,2.95,0,27.52,0,2.95,0,2.95
0.0,10.4,0.00,0.00,0,2.95,0,27.52,0,2.95,0,2.95
0.2,10.4,0.00,0.00,0,2.95,0,27.52,0,2.95,0,2.95
0.4,10.4,0.00,0.00,0,2.95,0,27.52,0,2.95,0,2.95
0.4,10.4,0.00,0.00,0,2.95,0,27.52,0,2.95,0,2.95
0.2,10.4,0.00,0.00,0,2.95,0,27.52,0,2.95,0,2.95
0.2,10.4,0.00,0.00,0,2.95,0,27.52,0,2.95,0,2.95
0.4,10.4,0.00,0.00,0,2.95,0,27.52,0,2.95,0,2.95
0.2,10.4,0.00,0.00,0,2.95,0,27.52,0,2.95,0,2.95
0.4,10.4,0.00,0.00,0,2.95,0,27.52,0,2.95,0,2.95
0.2,10.4,0.00,0.00,0,2.95,0,27.52,0,2.95,0,2.95
0.4,10.4,0.00,0.00,0,2.95,0,27.52,0,2.95,0,2.95
0.6,10.4,0.00,0.00,0,2.95,0,27.52,0,2.95,0,2.95
2.3,10.4,0.00,0.00,0,2.95,0,27.52,0,2.95,0,2.95
0.2,10.4,0.00,0.00,0,2.95,0,27.52,0,2.95,0,2.95
0.0,10.4,0.00,0.00,0,2.95,0,27.52,0,2.95,0,2.95
0.2,10.4,0.00,0.00,0,2.95,0,27.52,0,2.95,0,2.95
0.2,10.4,0.00,0.00,0,2.95,0,27.52,0,2.95,0,2.95
0.4,10.4,0.00,0.00,0,2.95,0,27.52,0,2.95,0,2.95
0.4,10.4,0.00,0.00,0,2.95,0,27.52,0,2.95,0,2.95
0.2,10.4,0.00,0.00,0,2.95,0,27.52,0,2.95,0,2.95
0.4,10.4,0.00,0.00,0,2.95,0,27.52,0,2.95,0,2.95
0.4,10.4,0.00,0.00,0,2.95,0,27.52,0,2.95,0,2.95
1.0,10.4,0.00,0.00,0,2.95,0,27.52,0,2.95,0,2.95
0.0,10.4,0.00,0.00,0,2.95,0,27.52,0,2.95,0,2.95
0.2,10.4,0.00,0.00,0,2.95,0,27.52,0,2.95,0,2.95
0.2,10.4,0.00,0.00,0,2.95,0,27.52,0,2.95,0,2.95
0.4,10.4,0.00,0.00,0,2.95,0,27.52,0,2.95,0,2.95
0.2,10.4,0.00,0.00,0,2.95,0,27.52,0,2.95,0,2.95
0.4,10.4,0.00,0.00,0,2.95,0,27.52,0,2.95,0,2.95
0.0,10.4,0.00,0.00,0,2.95,0,27.52,0,2.95,0,2.95
0.2,10.4,0.00,0.00,0,2.95,0,27.52,0,2.95,0,2.95
0.4,10.4,0.00,0.00,0,2.95,0,27.52,0,2.95,0,2.95
0.4,10.4,0.00,0.00,0,2.95,0,27.52,0,2.95,0,2.95
1.5,10.4,0.00,0.00,0,2.95,0,27.52,0,2.95,0,2.95
0.4,10.4,0.00,0.00,0,2.95,0,27.52,0,2.95,0,2.95
0.2,10.4,0.00,0.00,0,2.95,0,27.52,0,2.95,0,2.95
0.2,10.4,0.00,0.00,0,2.95,0,27.52,0,2.95,0,2.95
0.2,10.4,0.00,0.00,0,2.95,0,27.52,0,2.95,0,2.95
0.0,10.4,0.00,0.00,0,2.95,0,27.52,0,2.95,0,2.95
0.6,10.4,0.00,0.00,0,2.95,0,27.52,0,2.95,0,2.95
0.2,10.4,0.00,0.00,0,2.95,0,27.52,0,2.95,0,2.95
0.2,10.4,0.00,0.00,0,2.95,0,27.52,0,2.95,0,2.95
0.4,10.4,0.00,0.00,0,2.95,0,27.52,0,2.95,0,2.95
1.9,10.4,0.00,0.00,0,2.95,0,27.52,0,2.95,0,2.95
0.4,10.4,0.00,0.00,0,2.95,0,27.52,0,2.95,0,2.95
0.4,10.4,0.00,0.00,0,2.95,0,27.52,0,2.95,0,2.95
0.8,10.4,0.00,0.00,0,2.95,0,27.52,0,2.95,0,2.95
0.4,10.4,0.00,0.00,0,2.95,0,27.52,0,2.95,0,2.95
0.2,10.4,0.00,0.00,0,2.95,0,27.52,0,2.95,0,2.95
0.4,10.4,0.00,0.00,0,2.95,0,27.52,0,2.95,0,2.95
0.4,10.4,0.00,0.00,0,2.95,0,27.52,0,2.95,0,2.95
0.4,10.4,0.00,0.00,0,2.95,0,27.52,0,2.95,0,2.95
0.2,10.4,0.00,0.00,0,2.95,0,27.52,0,2.95,0,2.95
0.6,10.4,0.00,0.00,0,2.95,0,27.52,0,2.95,0,2.95
0.6,10.4,0.00,0.00,0,2.95,0,27.52,0,2.95,0,2.95
0.6,10.4,0.00,0.00,0,2.95,0,27.52,0,2.95,0,2.95
0.4,10.4,0.00,0.00,0,2.95,0,27.52,0,2.95,0,2.95
0.4,10.4,0.00,0.00,0,2.95,0,27.52,0,2.95,0,2.95
0.2,10.4,0.00,0.00,0,2.95,0,27.52,0,2.95,0,2.95
0.6,10.4,0.00,0.00,0,2.95,0,27.52,0,2.95,0,2.95
0.4,10.4,0.00,0.00,0,2.95,0,27.52,0,2.95,0,2.95
0.2,10.4,0.00,0.00,0,2.95,0,27.52,0,2.95,0,2.95
0.6,10.4,0.00,0.00,0,2.95,0,27.52,0,2.95,0,2.95
0.2,10.4,0.00,0.00,0,2.95,0,27.52,0,2.95,0,2.95
2.1,10.4,0.00,0.00,0,2.95,0,27.52,0,2.95,0,2.95
0.4,10.4,0.00,0.00,0,2.95,0,27.52,0,2.95,0,2.95
0.4,10.4,0.00,0.00,0,2.95,0,27.52,0,2.95,0,2.95
0.2,10.4,0.00,0.00,0,2.95,0,27.52,0,2.95,0,2.95
0.6,10.4,0.00,0.00,0,2.95,0,27.52,0,2.95,0,2.95
0.0,10.4,0.00,0.00,0,2.95,0,27.52,0,2.95,0,2.95
0.2,10.4,0.00,0.00,0,2.95,0,27.52,0,2.95,0,2.95
0.2,10.4,0.00,0.00,0,2.95,0,27.52,0,2.95,0,2.95
0.4,10.4,0.00,0.00,0,2.95,0,27.52,0,2.95,0,2.95
0.4,10.4,0.00,0.00,0,2.95,0,27.52,0,2.95,0,2.95
0.6,10.4,0.00,0.00,0,2.95,0,27.52,0,2.95,0,2.95
0.6,10.4,0.00,0.00,0,2.95,0,27.52,0,2.95,0,2.95
0.2,10.4,0.00,0.00,0,2.95,0,27.52,0,2.95,0,2.95
0.2,10.4,0.00,0.00,0,2.95,0,27.52,0,2.95,0,2.95
0.2,10.4,0.00,0.00,0,2.95,0,27.52,0,2.95,0,2.95
0.4,10.4,0.00,0.00,0,2.95,0,27.52,0,2.95,0,2.95
0.2,10.4,0.00,0.00,0,2.95,0,27.52,0,2.95,0,2.95
0.2,10.4,0.00,0.00,0,2.95,0,27.52,0,2.95,0,2.95
0.2,10.4,0.00,0.00,0,2.95,0,27.52,0,2.95,0,2.95
0.4,10.4,0.00,0.00,0,2.95,0,27.52,0,2.95,0,2.95
0.2,10.4,0.00,0.00,0,2.95,0,27.52,0,2.95,0,2.95
2.7,10.4,0.00,0.00,0,2.95,0,27.52,0,2.95,0,2.95
0.4,10.4,0.00,0.00,0,2.95,0,27.52,0,2.95,0,2.95
0.0,10.4,0.00,0.00,0,2.95,0,27.52,0,2.95,0,2.95
0.2,10.4,0.00,0.00,0,2.95,0,27.52,0,2.95,0,2.95
0.4,10.4,0.00,0.00,0,2.95,0,27.52,0,2.95,0,2.95
0.4,10.4,0.00,0.00,0,2.95,0,27.52,0,2.95,0,2.95
0.2,10.4,0.00,0.00,0,2.95,0,27.52,0,2.95,0,2.95
0.4,10.4,0.00,0.00,0,2.95,0,27.52,0,2.95,0,2.95
0.6,10.4,0.00,0.00,0,2.95,0,27.52,0,2.95,0,2.95
0.4,10.4,0.00,0.00,0,2.95,0,27.52,0,2.95,0,2.95
0.8,10.4,0.00,0.00,0,2.95,0,27.52,0,2.95,0,2.95
0.2,10.4,0.00,0.00,0,2.95,0,27.52,0,2.95,0,2.95
0.6,10.4,0.00,0.00,0,2.95,0,27.52,0,2.95,0,2.95
0.4,10.4,0.00,0.00,0,2.95,0,27.52,0,2.95,0,2.95
0.2,10.4,0.00,0.00,0,2.95,0,27.52,0,2.95,0,2.95
0.2,10.4,0.00,0.00,0,2.95,0,27.52,0,2.95,0,2.95
0.2,10.4,0.00,0.00,0,2.95,0,27.52,0,2.95,0,2.95
0.4,10.4,0.00,0.00,0,2.95,0,27.52,0,2.95,0,2.95
0.2,10.4,0.00,0.00,0,2.95,0,27.52,0,2.95,0,2.95
0.4,10.4,0.00,0.00,0,2.95,0,27.52,0,2.95,0,2.95
0.6,10.4,0.00,0.00,0,2.95,0,27.52,0,2.95,0,2.95
2.1,10.4,0.00,0.00,0,2.95,0,27.52,0,2.95,0,2.95
0.4,10.4,0.00,0.00,0,2.95,0,27.52,0,2.95,0,2.95
0.4,10.4,0.00,0.00,0,2.95,0,27.52,0,2.95,0,2.95
0.6,10.4,0.00,0.00,0,2.95,0,27.52,0,2.95,0,2.95
0.2,10.4,0.00,0.00,0,2.95,0,27.52,0,2.95,0,2.95
0.4,10.4,0.00,0.00,0,2.95,0,27.52,0,2.95,0,2.95
0.2,10.4,0.00,0.00,0,2.95,0,27.52,0,2.95,0,2.95
0.2,10.4,0.00,0.00,0,2.95,0,27.52,0,2.95,0,2.95
0.4,10.4,0.00,0.00,0,2.95,0,27.52,0,2.95,0,2.95
1.7,10.4,0.00,0.00,0,2.95,0,27.52,0,2.95,0,2.95
1.7,10.4,0.00,0.00,0,2.95,0,27.52,0,2.95,0,2.95
0.2,10.4,0.00,0.00,0,2.95,0,27.52,0,2.95,0,2.95
0.6,10.4,0.00,0.00,0,2.95,0,27.52,0,2.95,0,2.95
0.2,10.4,0.00,0.00,0,2.95,0,27.52,0,2.95,0,2.95
0.4,10.4,0.00,0.00,0,2.95,0,27.52,0,2.95,0,2.95
0.0,10.4,0.00,0.00,0,2.95,0,27.52,0,2.95,0,2.95
0.2,10.4,0.00,0.00,0,2.95,0,27.52,0,2.95,0,2.95
0.2,10.4,0.00,0.00,0,2.95,0,27.52,0,2.95,0,2.95
0.4,10.4,0.00,0.00,0,2.95,0,27.52,0,2.95,0,2.95
0.4,10.4,0.00,0.00,0,2.95,0,27.52,0,2.95,0,2.95
0.0,10.4,0.00,0.00,0,2.95,0,27.52,0,2.95,0,2.95
2.7,10.4,0.00,0.00,0,2.95,0,27.52,0,2.95,0,2.95
0.0,10.4,0.00,0.00,0,2.95,0,27.52,0,2.95,0,2.95
0.2,10.4,0.00,0.00,0,2.95,0,27.52,0,2.95,0,2.95
0.6,10.4,0.00,0.00,0,2.95,0,27.52,0,2.95,0,2.95
0.4,10.4,0.00,0.00,0,2.95,0,27.52,0,2.95,0,2.95
0.4,10.4,0.00,0.00,0,2.95,0,27.52,0,2.95,0,2.95
0.4,10.4,0.00,0.00,0,2.95,0,27.52,0,2.95,0,2.95
0.2,10.4,0.00,0.00,0,2.95,0,27.52,0,2.95,0,2.95
0.2,10.4,0.00,0.00,0,2.95,0,27.52,0,2.95,0,2.95
0.4,10.4,0.00,0.00,0,2.95,0,27.52,0,2.95,0,2.95
0.4,10.4,0.00,0.00,0,2.95,0,27.52,0,2.95,0,2.95
0.2,10.4,0.00,0.00,0,2.95,0,27.52,0,2.95,0,2.95
0.4,10.4,0.00,0.00,0,2.95,0,27.52,0,2.95,0,2.95
0.2,10.4,0.00,0.00,0,2.95,0,27.52,0,2.95,0,2.95
0.2,10.4,0.00,0.00,0,2.95,0,27.52,0,2.95,0,2.95
0.2,10.4,0.00,0.00,0,2.95,0,27.52,0,2.95,0,2.95
0.2,10.4,0.00,0.00,0,2.95,0,27.52,0,2.95,0,2.95
0.4,10.4,0.00,0.00,0,2.95,0,27.52,0,2.95,0,2.95
0.2,10.4,0.00,0.00,0,2.95,0,27.52,0,2.95,0,2.95
0.4,10.4,0.00,0.00,0,2.95,0,27.52,0,2.95,0,2.95
0.6,10.4,0.00,0.00,0,2.95,0,27.52,0,2.95,0,2.95
2.5,10.4,0.00,0.00,0,2.95,0,27.52,0,2.95,0,2.95
0.4,10.4,0.00,0.00,0,2.95,0,27.52,0,2.95,0,2.95
0.4,10.4,0.00,0.00,0,2.95,0,27.52,0,2.95,0,2.95
0.4,10.4,0.00,0.00,0,2.95,0,27.52,0,2.95,0,2.95
0.0,10.4,0.00,0.00,0,2.95,0,27.52,0,2.95,0,2.95
0.4,10.4,0.00,0.00,0,2.95,0,27.52,0,2.95,0,2.95
0.4,10.4,0.00,0.00,0,2.95,0,27.52,0,2.95,0,2.95
0.0,10.4,0.00,0.00,0,2.95,0,27.52,0,2.95,0,2.95
0.4,10.4,0.00,0.00,0,2.95,0,27.52,0,2.95,0,2.95
0.2,10.4,0.00,0.00,0,2.95,0,27.52,0,2.95,0,2.95
0.8,10.4,0.00,0.00,0,2.95,0,27.52,0,2.95,0,2.95
0.8,10.4,0.00,0.00,0,2.95,0,27.52,0,2.95,0,2.95
0.6,10.4,0.00,0.00,0,2.95,0,27.52,0,2.95,0,2.95
0.2,10.4,0.00,0.00,0,2.95,0,27.52,0,2.95,0,2.95
0.4,10.4,0.00,0.00,0,2.95,0,27.52,0,2.95,0,2.95
0.4,10.4,0.00,0.00,0,2.95,0,27.52,0,2.95,0,2.95
0.2,10.4,0.00,0.00,0,2.95,0,27.52,0,2.95,0,2.95
0.4,10.4,0.00,0.00,0,2.95,0,27.52,0,2.95,0,2.95
0.2,10.4,0.00,0.00,0,2.95,0,27.52,0,2.95,0,2.95
0.4,10.4,0.00,0.00,0,2.95,0,27.52,0,2.95,0,2.95
0.4,10.4,0.00,0.00,0,2.95,0,27.52,0,2.95,0,2.95
2.3,10.4,0.00,0.00,0,2.95,0,27.52,0,2.95,0,2.95
0.6,10.4,0.00,0.00,0,2.95,0,27.52,0,2.95,0,2.95
0.0,10.4,0.00,0.00,0,2.95,0,27.52,0,2.95,0,2.95
0.0,10.4,0.00,0.00,0,2.95,0,27.52,0,2.95,0,2.95
0.6,10.4,0.00,0.00,0,2.95,0,27.52,0,2.95,0,2.95
0.2,10.4,0.00,0.00,0,2.95,0,27.52,0,2.95,0,2.95
0.2,10.4,0.00,0.00,0,2.95,0,27.52,0,2.95,0,2.95
0.2,10.4,0.00,0.00,0,2.95,0,27.52,0,2.95,0,2.95
0.2,10.4,0.00,0.00,0,2.95,0,27.52,0,2.95,0,2.95
0.6,10.4,0.00,0.00,0,2.95,0,27.52,0,2.95,0,2.95
1.0,10.4,0.00,0.00,0,2.95,0,27.52,0,2.95,0,2.95
0.4,10.4,0.00,0.00,0,2.95,0,27.52,0,2.95,0,2.95
0.6,10.4,0.00,0.00,0,2.95,0,27.52,0,2.95,0,2.95
0.4,10.4,0.00,0.00,0,2.95,0,27.52,0,2.95,0,2.95
0.4,10.4,0.00,0.00,0,2.95,0,27.52,0,2.95,0,2.95
0.2,10.4,0.00,0.00,0,2.95,0,27.52,0,2.95,0,2.95
0.4,10.4,0.00,0.00,0,2.95,0,27.52,0,2.95,0,2.95
2.7,10.4,0.00,0.00,0,2.95,0,27.52,0,2.95,0,2.95
0.2,10.4,0.00,0.00,0,2.95,0,27.52,0,2.95,0,2.95
0.6,10.4,0.00,0.00,0,2.95,0,27.52,0,2.95,0,2.95
0.4,10.4,0.00,0.00,0,2.95,0,27.52,0,2.95,0,2.95
1.9,10.4,0.00,0.00,0,2.95,0,27.52,0,2.95,0,2.95
0.2,10.4,0.00,0.00,0,2.95,0,27.52,0,2.95,0,2.95
0.2,10.4,0.00,0.00,0,2.95,0,27.52,0,2.95,0,2.95
0.4,10.4,0.00,0.00,0,2.95,0,27.52,0,2.95,0,2.95
0.2,10.4,0.00,0.00,0,2.95,0,27.52,0,2.95,0,2.95
0.4,10.4,0.00,0.00,0,2.95,0,27.52,0,2.95,0,2.95
0.4,10.4,0.00,0.00,0,2.95,0,27.52,0,2.95,0,2.95
0.2,10.4,0.00,0.00,0,2.95,0,27.52,0,2.95,0,2.95
0.4,10.4,0.00,0.00,0,2.95,0,27.52,0,2.95,0,2.95
0.4,10.4,0.00,0.00,0,2.95,0,27.52,0,2.95,0,2.95
0.6,10.4,0.00,0.00,0,2.95,0,27.52,0,2.95,0,2.95
0.6,10.4,0.00,0.00,0,2.95,0,27.52,0,2.95,0,2.95
0.4,10.4,0.00,0.00,0,2.95,0,27.52,0,2.95,0,2.95
0.2,10.4,0.00,0.00,0,2.95,0,27.52,0,2.95,0,2.95
0.0,10.4,0.00,0.00,0,2.95,0,27.52,0,2.95,0,2.95
0.4,10.4,0.00,0.00,0,2.95,0,27.52,0,2.95,0,2.95
0.2,10.4,0.00,0.00,0,2.95,0,27.52,0,2.95,0,2.95
0.0,10.4,0.00,0.00,0,2.95,0,27.52,0,2.95,0,2.95
0.2,10.4,0.00,0.00,0,2.95,0,27.52,0,2.95,0,2.95
0.8,10.4,0.00,0.00,0,2.95,0,27.52,0,2.95,0,2.95
0.2,10.4,0.00,0.00,0,2.95,0,27.52,0,2.95,0,2.95
1.9,10.4,0.00,0.00,0,2.95,0,27.52,0,2.95,0,2.95
0.4,10.4,0.00,0.00,0,2.95,0,27.52,0,2.95,0,2.95
0.0,10.4,0.00,0.00,0,2.95,0,27.52,0,2.95,0,2.95
0.2,10.4,0.00,0.00,0,2.95,0,27.52,0,2.95,0,2.95
0.4,10.4,0.00,0.00,0,2.95,0,27.52,0,2.95,0,2.95
0.2,10.4,0.00,0.00,0,2.95,0,27.52,0,2.95,0,2.95
0.2,10.4,0.00,0.00,0,2.95,0,27.52,0,2.95,0,2.95
0.2,10.4,0.00,0.00,0,2.95,0,27.52,0,2.95,0,2.95
0.0,10.4,0.00,0.00,0,2.95,0,27.52,0,2.95,0,2.95
0.2,10.4,0.00,0.00,0,2.95,0,27.52,0,2.95,0,2.95
0.8,10.4,0.00,0.00,0,2.95,0,27.52,0,2.95,0,2.95
0.2,10.4,0.00,0.00,0,2.95,0,27.52,0,2.95,0,2.95
0.6,10.4,0.00,0.00,0,2.95,0,27.52,0,2.95,0,2.95
0.2,10.4,0.00,0.00,0,2.95,0,27.52,0,2.95,0,2.95
0.4,10.4,0.00,0.00,0,2.95,0,27.52,0,2.95,0,2.95
0.0,10.4,0.00,0.00,0,2.95,0,27.52,0,2.95,0,2.95
0.2,10.4,0.00,0.00,0,2.95,0,27.52,0,2.95,0,2.95
0.2,10.4,0.00,0.00,0,2.95,0,27.52,0,2.95,0,2.95
0.2,10.4,0.00,0.00,0,2.95,0,27.52,0,2.95,0,2.95
0.4,10.4,0.00,0.00,0,2.95,0,27.52,0,2.95,0,2.95
0.4,10.4,0.00,0.00,0,2.95,0,27.52,0,2.95,0,2.95
2.1,10.4,0.00,0.00,0,2.95,0,27.52,0,2.95,0,2.95
0.2,10.4,0.00,0.00,0,2.95,0,27.52,0,2.95,0,2.95
0.2,10.4,0.00,0.00,0,2.95,0,27.52,0,2.95,0,2.95
0.4,10.4,0.00,0.00,0,2.95,0,27.52,0,2.95,0,2.95
0.2,10.4,0.00,0.00,0,2.95,0,27.52,0,2.95,0,2.95
0.6,10.4,0.00,0.00,0,2.95,0,27.52,0,2.95,0,2.95
0.2,10.4,0.00,0.00,0,2.95,0,27.52,0,2.95,0,2.95
0.4,10.4,0.00,0.00,0,2.95,0,27.52,0,2.95,0,2.95
0.6,10.4,0.00,0.00,0,2.95,0,27.52,0,2.95,0,2.95
0.4,10.4,0.00,0.00,0,2.95,0,27.52,0,2.95,0,2.95
0.8,10.4,0.00,0.00,0,2.95,0,27.52,0,2.95,0,2.95
0.4,10.4,0.00,0.00,0,2.95,0,27.52,0,2.95,0,2.95
0.8,10.4,0.00,0.00,0,2.95,0,27.52,0,2.95,0,2.95
0.2,10.4,0.00,0.00,0,2.95,0,27.52,0,2.95,0,2.95
0.4,10.4,0.00,0.00,0,2.95,0,27.52,0,2.95,0,2.95
0.2,10.4,0.00,0.00,0,2.95,0,27.52,0,2.95,0,2.95
0.6,10.4,0.00,0.00,0,2.95,0,27.52,0,2.95,0,2.95
0.4,10.4,0.00,0.00,0,2.95,0,27.52,0,2.95,0,2.95
0.4,10.4,0.00,0.00,0,2.95,0,27.52,0,2.95,0,2.95
0.4,10.4,0.00,0.00,0,2.95,0,27.52,0,2.95,0,2.95
0.2,10.4,0.00,0.00,0,2.95,0,27.52,0,2.95,0,2.95
2.5,10.4,0.00,0.00,0,2.95,0,27.52,0,2.95,0,2.95
0.2,10.4,0.00,0.00,0,2.95,0,27.52,0,2.95,0,2.95
0.6,10.4,0.00,0.00,0,2.95,0,27.52,0,2.95,0,2.95
0.0,10.4,0.00,0.00,0,2.95,0,27.52,0,2.95,0,2.95
0.2,10.4,0.00,0.00,0,2.95,0,27.52,0,2.95,0,2.95
0.2,10.4,0.00,0.00,0,2.95,0,27.52,0,2.95,0,2.95
0.0,10.4,0.00,0.00,0,2.95,0,27.52,0,2.95,0,2.95
0.4,10.4,0.00,0.00,0,2.95,0,27.52,0,2.95,0,2.95
0.4,10.4,0.00,0.00,0,2.95,0,27.52,0,2.95,0,2.95
0.4,10.4,0.00,0.00,0,2.95,0,27.52,0,2.95,0,2.95
0.4,10.4,0.00,0.00,0,2.95,0,27.52,0,2.95,0,2.95
0.0,10.4,0.00,0.00,0,2.95,0,27.52,0,2.95,0,2.95
0.6,10.4,0.00,0.00,0,2.95,0,27.52,0,2.95,0,2.95
0.0,10.4,0.00,0.00,0,2.95,0,27.52,0,2.95,0,2.95
0.4,10.4,0.00,0.00,0,2.95,0,27.52,0,2.95,0,2.95
0.2,10.4,0.00,0.00,0,2.95,0,27.52,0,2.95,0,2.95
0.2,10.4,0.00,0.00,0,2.95,0,27.52,0,2.95,0,2.95
0.2,10.4,0.00,0.00,0,2.95,0,27.52,0,2.95,0,2.95
0.2,10.4,0.00,0.00,0,2.95,0,27.52,0,2.95,0,2.95
0.4,10.4,0.00,0.00,0,2.95,0,27.52,0,2.95,0,2.95
0.2,10.4,0.00,0.00,0,2.95,0,27.52,0,2.95,0,2.95
1.3,10.4,0.00,0.00,0,2.95,0,27.52,0,2.95,0,2.95
0.4,10.4,0.00,0.00,0,2.95,0,27.52,0,2.95,0,2.95
0.4,10.4,0.00,0.00,0,2.95,0,27.52,0,2.95,0,2.95
0.2,10.4,0.00,0.00,0,2.95,0,27.52,0,2.95,0,2.95
0.0,10.4,0.00,0.00,0,2.95,0,27.52,0,2.95,0,2.95
0.0,10.4,0.00,0.00,0,2.95,0,27.52,0,2.95,0,2.95
0.6,10.4,0.00,0.00,0,2.95,0,27.52,0,2.95,0,2.95
0.2,10.4,0.00,0.00,0,2.95,0,27.52,0,2.95,0,2.95
0.2,10.4,0.00,0.00,0,2.95,0,27.52,0,2.95,0,2.95
0.2,10.4,0.00,0.00,0,2.95,0,27.52,0,2.95,0,2.95
1.2,10.4,0.00,0.00,0,2.95,0,27.52,0,2.95,0,2.95
0.4,10.4,0.00,0.00,0,2.95,0,27.52,0,2.95,0,2.95
0.0,10.4,0.00,0.00,0,2.95,0,27.52,0,2.95,0,2.95
0.2,10.4,0.00,0.00,0,2.95,0,27.52,0,2.95,0,2.95
0.4,10.4,0.00,0.00,0,2.95,0,27.52,0,2.95,0,2.95
0.4,10.4,0.00,0.00,0,2.95,0,27.52,0,2.95,0,2.95
0.0,10.4,0.00,0.00,0,2.95,0,27.52,0,2.95,0,2.95
0.4,10.4,0.00,0.00,0,2.95,0,27.52,0,2.95,0,2.95
0.2,10.4,0.00,0.00,0,2.95,0,27.52,0,2.95,0,2.95
0.2,10.4,0.00,0.00,0,2.95,0,27.52,0,2.95,0,2.95
0.2,10.4,0.00,0.00,0,2.95,0,27.52,0,2.95,0,2.95
2.1,10.4,0.00,0.00,0,2.95,0,27.52,0,2.95,0,2.95
0.2,10.4,0.00,0.00,0,2.95,0,27.52,0,2.95,0,2.95
0.4,10.4,0.00,0.00,0,2.95,0,27.52,0,2.95,0,2.95
0.2,10.4,0.00,0.00,0,2.95,0,27.52,0,2.95,0,2.95
0.4,10.4,0.00,0.00,0,2.95,0,27.52,0,2.95,0,2.95
0.4,10.4,0.00,0.00,0,2.95,0,27.52,0,2.95,0,2.95
0.2,10.4,0.00,0.00,0,2.95,0,27.52,0,2.95,0,2.95
0.4,10.4,0.00,0.00,0,2.95,0,27.52,0,2.95,0,2.95
0.2,10.4,0.00,0.00,0,2.95,0,27.52,0,2.95,0,2.95
0.4,10.4,0.00,0.00,0,2.95,0,27.52,0,2.95,0,2.95
1.0,10.4,0.00,0.00,0,2.95,0,27.52,0,2.95,0,2.95
0.6,10.4,0.00,0.00,0,2.95,0,27.52,0,2.95,0,2.95
0.4,10.4,0.00,0.00,0,2.95,0,27.52,0,2.95,0,2.95
0.4,10.4,0.00,0.00,0,2.95,0,27.52,0,2.95,0,2.95
0.6,10.4,0.00,0.00,0,2.95,0,27.52,0,2.95,0,2.95
0.0,10.4,0.00,0.00,0,2.95,0,27.52,0,2.95,0,2.95
0.2,10.4,0.00,0.00,0,2.95,0,27.52,0,2.95,0,2.95
0.0,10.4,0.00,0.00,0,2.95,0,27.52,0,2.95,0,2.95
0.4,10.4,0.00,0.00,0,2.95,0,27.52,0,2.95,0,2.95
0.2,10.4,0.00,0.00,0,2.95,0,27.52,0,2.95,0,2.95
0.4,10.4,0.00,0.00,0,2.95,0,27.52,0,2.95,0,2.95
2.1,10.4,0.00,0.00,0,2.95,0,27.52,0,2.95,0,2.95
0.2,10.4,0.00,0.00,0,2.95,0,27.52,0,2.95,0,2.95
0.2,10.4,0.00,0.00,0,2.95,0,27.52,0,2.95,0,2.95
0.4,10.4,0.00,0.00,0,2.95,0,27.52,0,2.95,0,2.95
0.0,10.4,0.00,0.00,0,2.95,0,27.52,0,2.95,0,2.95
0.0,10.4,0.00,0.00,0,2.95,0,27.52,0,2.95,0,2.95
0.4,10.4,0.00,0.00,0,2.95,0,27.52,0,2.95,0,2.95
0.4,10.4,0.00,0.00,0,2.95,0,27.52,0,2.95,0,2.95
0.0,10.4,0.00,0.00,0,2.95,0,27.52,0,2.95,0,2.95
0.4,10.4,0.00,0.00,0,2.95,0,27.52,0,2.95,0,2.95
0.2,10.4,0.00,0.00,0,2.95,0,27.52,0,2.95,0,2.95
0.4,10.4,0.00,0.00,0,2.95,0,27.52,0,2.95,0,2.95
0.2,10.4,0.00,0.00,0,2.95,0,27.52,0,2.95,0,2.95
0.4,10.4,0.00,0.00,0,2.95,0,27.52,0,2.95,0,2.95
0.0,10.4,0.00,0.00,0,2.95,0,27.52,0,2.95,0,2.95
0.4,10.4,0.00,0.00,0,2.95,0,27.52,0,2.95,0,2.95
0.2,10.4,0.00,0.00,0,2.95,0,27.52,0,2.95,0,2.95
0.4,10.4,0.00,0.00,0,2.95,0,27.52,0,2.95,0,2.95
0.2,10.4,0.00,0.00,0,2.95,0,27.52,0,2.95,0,2.95
0.8,10.4,0.00,0.00,0,2.95,0,27.52,0,2.95,0,2.95
0.4,10.4,0.00,0.00,0,2.95,0,27.52,0,2.95,0,2.95
1.9,10.4,0.00,0.00,0,2.95,0,27.52,0,2.95,0,2.95
0.2,10.4,0.00,0.00,0,2.95,0,27.52,0,2.95,0,2.95
0.0,10.4,0.00,0.00,0,2.95,0,27.52,0,2.95,0,2.95
0.4,10.4,0.00,0.00,0,2.95,0,27.52,0,2.95,0,2.95
0.4,10.4,0.00,0.00,0,2.95,0,27.52,0,2.95,0,2.95
0.4,10.4,0.00,0.00,0,2.95,0,27.52,0,2.95,0,2.95
0.4,10.4,0.00,0.00,0,2.95,0,27.52,0,2.95,0,2.95
0.2,10.4,0.00,0.00,0,2.95,0,27.52,0,2.95,0,2.95
0.0,10.4,0.00,0.00,0,2.95,0,27.52,0,2.95,0,2.95
0.2,10.4,0.00,0.00,0,2.95,0,27.52,0,2.95,0,2.95
0.2,10.4,0.00,0.00,0,2.95,0,27.52,0,2.95,0,2.95
1.2,10.4,0.00,0.00,0,2.95,0,27.52,0,2.95,0,2.95
0.2,10.4,0.00,0.00,0,2.95,0,27.52,0,2.95,0,2.95
0.2,10.4,0.00,0.00,0,2.95,0,27.52,0,2.95,0,2.95
0.2,10.4,0.00,0.00,0,2.95,0,27.52,0,2.95,0,2.95
0.0,10.4,0.00,0.00,0,2.95,0,27.52,0,2.95,0,2.95
0.0,10.4,0.00,0.00,0,2.95,0,27.52,0,2.95,0,2.95
0.0,10.4,0.00,0.00,0,2.95,0,27.52,0,2.95,0,2.95
0.4,10.4,0.00,0.00,0,2.95,0,27.52,0,2.95,0,2.95
0.2,10.4,0.00,0.00,0,2.95,0,27.52,0,2.95,0,2.95
0.6,10.4,0.00,0.00,0,2.95,0,27.52,0,2.95,0,2.95
2.5,10.4,0.00,0.00,0,2.95,0,27.52,0,2.95,0,2.95
0.4,10.4,0.00,0.00,0,2.95,0,27.52,0,2.95,0,2.95
0.2,10.4,0.00,0.00,0,2.95,0,27.52,0,2.95,0,2.95
0.2,10.4,0.00,0.00,0,2.95,0,27.52,0,2.95,0,2.95
0.2,10.4,0.00,0.00,0,2.95,0,27.52,0,2.95,0,2.95
0.2,10.4,0.00,0.00,0,2.95,0,27.52,0,2.95,0,2.95
0.2,10.4,0.00,0.00,0,2.95,0,27.52,0,2.95,0,2.95
0.6,10.4,0.00,0.00,0,2.95,0,27.52,0,2.95,0,2.95
1.0,10.4,0.00,0.00,0,2.95,0,27.52,0,2.95,0,2.95
0.4,10.4,0.00,0.00,0,2.95,0,27.52,0,2.95,0,2.95
1.6,10.4,0.00,0.00,0,2.95,0,27.52,0,2.95,0,2.95
0.8,10.4,0.00,0.00,0,2.95,0,27.52,0,2.95,0,2.95
0.2,10.4,0.00,0.00,0,2.95,0,27.52,0,2.95,0,2.95
0.4,10.4,0.00,0.00,0,2.95,0,27.52,0,2.95,0,2.95
1.4,10.4,0.00,0.00,0,2.95,0,27.52,0,2.95,0,2.95
0.0,10.4,0.00,0.00,0,2.95,0,27.52,0,2.95,0,2.95
0.0,10.4,0.00,0.00,0,2.95,0,27.52,0,2.95,0,2.95
0.2,10.4,0.00,0.00,0,2.95,0,27.52,0,2.95,0,2.95
0.2,10.4,0.00,0.00,0,2.95,0,27.52,0,2.95,0,2.95
0.2,10.4,0.00,0.00,0,2.95,0,27.52,0,2.95,0,2.95
0.2,10.4,0.00,0.00,0,2.95,0,27.52,0,2.95,0,2.95
2.7,10.4,0.00,0.00,0,2.95,0,27.52,0,2.95,0,2.95
0.2,10.4,0.00,0.00,0,2.95,0,27.52,0,2.95,0,2.95
0.2,10.4,0.00,0.00,0,2.95,0,27.52,0,2.95,0,2.95
0.0,10.4,0.00,0.00,0,2.95,0,27.52,0,2.95,0,2.95
0.0,10.4,0.00,0.00,0,2.95,0,27.52,0,2.95,0,2.95
0.2,10.4,0.00,0.00,0,2.95,0,27.52,0,2.95,0,2.95
0.0,10.4,0.00,0.00,0,2.95,0,27.52,0,2.95,0,2.95
0.8,10.4,0.00,0.00,0,2.95,0,27.52,0,2.95,0,2.95
0.0,10.4,0.00,0.00,0,2.95,0,27.52,0,2.95,0,2.95
0.2,10.4,0.00,0.00,0,2.95,0,27.52,0,2.95,0,2.95
0.6,10.4,0.00,0.00,0,2.95,0,27.52,0,2.95,0,2.95
0.2,10.4,0.00,0.00,0,2.95,0,27.52,0,2.95,0,2.95
0.2,10.4,0.00,0.00,0,2.95,0,27.52,0,2.95,0,2.95
0.2,10.4,0.00,0.00,0,2.95,0,27.52,0,2.95,0,2.95
0.4,10.4,0.00,0.00,0,2.95,0,27.52,0,2.95,0,2.95
0.0,10.4,0.00,0.00,0,2.95,0,27.52,0,2.95,0,2.95
0.8,10.4,0.00,0.00,0,2.95,0,27.52,0,2.95,0,2.95
0.0,10.4,0.00,0.00,0,2.95,0,27.52,0,2.95,0,2.95
0.6,10.4,0.00,0.00,0,2.95,0,27.52,0,2.95,0,2.95
0.0,10.4,0.00,0.00,0,2.95,0,27.52,0,2.95,0,2.95
0.2,10.4,0.00,0.00,0,2.95,0,27.52,0,2.95,0,2.95
2.5,10.4,0.00,0.00,0,2.95,0,27.52,0,2.95,0,2.95
0.6,10.4,0.00,0.00,0,2.95,0,27.52,0,2.95,0,2.95
0.2,10.4,0.00,0.00,0,2.95,0,27.52,0,2.95,0,2.95
0.2,10.4,0.00,0.00,0,2.95,0,27.52,0,2.95,0,2.95
0.2,10.4,0.00,0.00,0,2.95,0,27.52,0,2.95,0,2.95
0.2,10.4,0.00,0.00,0,2.95,0,27.52,0,2.95,0,2.95
0.2,10.4,0.00,0.00,0,2.95,0,27.52,0,2.95,0,2.95
0.6,10.4,0.00,0.00,0,2.95,0,27.52,0,2.95,0,2.95
0.0,10.4,0.00,0.00,0,2.95,0,27.52,0,2.95,0,2.95
0.4,10.4,0.00,0.00,0,2.95,0,27.52,0,2.95,0,2.95
0.0,10.4,0.00,0.00,0,2.95,0,27.52,0,2.95,0,2.95
0.6,10.4,0.00,0.00,0,2.95,0,27.52,0,2.95,0,2.95
0.4,10.4,0.00,0.00,0,2.95,0,27.52,0,2.95,0,2.95
0.2,10.4,0.00,0.00,0,2.95,0,27.52,0,2.95,0,2.95
0.2,10.4,0.00,0.00,0,2.95,0,27.52,0,2.95,0,2.95
0.2,10.4,0.00,0.00,0,2.95,0,27.52,0,2.95,0,2.95
0.2,10.4,0.00,0.00,0,2.95,0,27.52,0,2.95,0,2.95
0.0,10.4,0.00,0.00,0,2.95,0,27.52,0,2.95,0,2.95
0.2,10.4,0.00,0.00,0,2.95,0,27.52,0,2.95,0,2.95
0.4,10.4,0.00,0.00,0,2.95,0,27.52,0,2.95,0,2.95
0.2,10.4,0.00,0.00,0,2.95,0,27.52,0,2.95,0,2.95
2.3,10.4,0.00,0.00,0,2.95,0,27.52,0,2.95,0,2.95
0.4,10.4,0.00,0.00,0,2.95,0,27.52,0,2.95,0,2.95
0.2,10.4,0.00,0.00,0,2.95,0,27.52,0,2.95,0,2.95
0.2,10.4,0.00,0.00,0,2.95,0,27.52,0,2.95,0,2.95
0.4,10.4,0.00,0.00,0,2.95,0,27.52,0,2.95,0,2.95
0.4,10.4,0.00,0.00,0,2.95,0,27.52,0,2.95,0,2.95
0.2,10.4,0.00,0.00,0,2.95,0,27.52,0,2.95,0,2.95
0.6,10.4,0.00,0.00,0,2.95,0,27.52,0,2.95,0,2.95
0.0,10.4,0.00,0.00,0,2.95,0,27.52,0,2.95,0,2.95
0.4,10.4,0.00,0.00,0,2.95,0,27.52,0,2.95,0,2.95
1.0,10.4,0.00,0.00,0,2.95,0,27.52,0,2.95,0,2.95
1.3,10.4,0.00,0.00,0,2.95,0,27.52,0,2.95,0,2.95
0.2,10.4,0.00,0.00,0,2.95,0,27.52,0,2.95,0,2.95
0.4,10.4,0.00,0.00,0,2.95,0,27.52,0,2.95,0,2.95
0.4,10.4,0.00,0.00,0,2.95,0,27.52,0,2.95,0,2.95
0.4,10.4,0.00,0.00,0,2.95,0,27.52,0,2.95,0,2.95
0.4,10.4,0.00,0.00,0,2.95,0,27.52,0,2.95,0,2.95
0.4,10.4,0.00,0.00,0,2.95,0,27.52,0,2.95,0,2.95
0.0,10.4,0.00,0.00,0,2.95,0,27.52,0,2.95,0,2.95
0.2,10.4,0.00,0.00,0,2.95,0,27.52,0,2.95,0,2.95
0.6,10.4,0.00,0.00,0,2.95,0,27.52,0,2.95,0,2.95
1.5,10.4,0.00,0.00,0,2.95,0,27.52,0,2.95,0,2.95
0.4,10.4,0.00,0.00,0,2.95,0,27.52,0,2.95,0,2.95
0.0,10.4,0.00,0.00,0,2.95,0,27.52,0,2.95,0,2.95
0.2,10.4,0.00,0.00,0,2.95,0,27.52,0,2.95,0,2.95
0.2,10.4,0.00,0.00,0,2.95,0,27.52,0,2.95,0,2.95
0.2,10.4,0.00,0.00,0,2.95,0,27.52,0,2.95,0,2.95
0.0,10.4,0.00,0.00,0,2.95,0,27.52,0,2.95,0,2.95
0.4,10.4,0.00,0.00,0,2.95,0,27.52,0,2.95,0,2.95
0.0,10.4,0.00,0.00,0,2.95,0,27.52,0,2.95,0,2.95
0.2,10.4,0.00,0.00,0,2.95,0,27.52,0,2.95,0,2.95
0.4,10.4,0.00,0.00,0,2.95,0,27.52,0,2.95,0,2.95
1.2,10.4,0.00,0.00,0,2.95,0,27.52,0,2.95,0,2.95
0.4,10.4,0.00,0.00,0,2.95,0,27.52,0,2.95,0,2.95
0.2,10.4,0.00,0.00,0,2.95,0,27.52,0,2.95,0,2.95
0.4,10.4,0.00,0.00,0,2.95,0,27.52,0,2.95,0,2.95
0.4,10.4,0.00,0.00,0,2.95,0,27.52,0,2.95,0,2.95
0.6,10.4,0.00,0.00,0,2.95,0,27.52,0,2.95,0,2.95
0.6,10.4,0.00,0.00,0,2.95,0,27.52,0,2.95,0,2.95
0.4,10.4,0.00,0.00,0,2.95,0,27.52,0,2.95,0,2.95
0.2,10.4,0.00,0.00,0,2.95,0,27.52,0,2.95,0,2.95
0.4,10.4,0.00,0.00,0,2.95,0,27.52,0,2.95,0,2.95
1.7,10.4,0.00,0.00,0,2.95,0,27.52,0,2.95,0,2.95
0.2,10.4,0.00,0.00,0,2.95,0,27.52,0,2.95,0,2.95
0.4,10.4,0.00,0.00,0,2.95,0,27.52,0,2.95,0,2.95
0.2,10.4,0.00,0.00,0,2.95,0,27.52,0,2.95,0,2.95
0.2,10.4,0.00,0.00,0,2.95,0,27.52,0,2.95,0,2.95
0.4,10.4,0.00,0.00,0,2.95,0,27.52,0,2.95,0,2.95
0.4,10.4,0.00,0.00,0,2.95,0,27.52,0,2.95,0,2.95
0.0,10.4,0.00,0.00,0,2.95,0,27.52,0,2.95,0,2.95
0.0,10.4,0.00,0.00,0,2.95,0,27.52,0,2.95,0,2.95
0.4,10.4,0.00,0.00,0,2.95,0,27.52,0,2.95,0,2.95
0.2,10.4,0.00,0.00,0,2.95,0,27.52,0,2.95,0,2.95
0.2,10.4,0.00,0.00,0,2.95,0,27.52,0,2.95,0,2.95
0.2,10.4,0.00,0.00,0,2.95,0,27.52,0,2.95,0,2.95
0.4,10.4,0.00,0.00,0,2.95,0,27.52,0,2.95,0,2.95
0.4,10.4,0.00,0.00,0,2.95,0,27.52,0,2.95,0,2.95
0.0,10.4,0.00,0.00,0,2.95,0,27.52,0,2.95,0,2.95
0.4,10.4,0.00,0.00,0,2.95,0,27.52,0,2.95,0,2.95
0.0,10.4,0.00,0.00,0,2.95,0,27.52,0,2.95,0,2.95
0.6,10.4,0.00,0.00,0,2.95,0,27.52,0,2.95,0,2.95
0.0,10.4,0.00,0.00,0,2.95,0,27.52,0,2.95,0,2.95
0.2,10.4,0.00,0.00,0,2.95,0,27.52,0,2.95,0,2.95
1.9,10.4,0.00,0.00,0,2.95,0,27.52,0,2.95,0,2.95
0.6,10.4,0.00,0.00,0,2.95,0,27.52,0,2.95,0,2.95
0.4,10.4,0.00,0.00,0,2.95,0,27.52,0,2.95,0,2.95
0.2,10.4,0.00,0.00,0,2.95,0,27.52,0,2.95,0,2.95
0.4,10.4,0.00,0.00,0,2.95,0,27.52,0,2.95,0,2.95
0.0,10.4,0.00,0.00,0,2.95,0,27.52,0,2.95,0,2.95
1.4,10.4,0.00,0.00,0,2.95,0,27.52,0,2.95,0,2.95
0.2,10.4,0.00,0.00,0,2.95,0,27.52,0,2.95,0,2.95
0.4,10.4,0.00,0.00,0,2.95,0,27.52,0,2.95,0,2.95
2.1,10.4,0.00,0.00,0,2.95,0,27.52,0,2.95,0,2.95
1.4,10.4,0.00,0.00,0,2.95,0,27.52,0,2.95,0,2.95
2.1,10.4,0.00,0.00,0,2.95,0,27.52,0,2.95,0,2.95
0.0,10.4,0.00,0.00,0,2.95,0,27.52,0,2.95,0,2.95
0.2,10.4,0.00,0.00,0,2.95,0,27.52,0,2.95,0,2.95
0.6,10.4,0.00,0.00,0,2.95,0,27.52,0,2.95,0,2.95
0.2,10.4,0.00,0.00,0,2.95,0,27.52,0,2.95,0,2.95
0.4,10.4,0.00,0.00,0,2.95,0,27.52,0,2.95,0,2.95
0.6,10.4,0.00,0.00,0,2.95,0,27.52,0,2.95,0,2.95
0.2,10.4,0.00,0.00,0,2.95,0,27.52,0,2.95,0,2.95
0.2,10.4,0.00,0.00,0,2.95,0,27.52,0,2.95,0,2.95
0.0,10.4,0.00,0.00,0,2.95,0,27.52,0,2.95,0,2.95
1.9,10.4,0.00,0.00,0,2.95,0,27.52,0,2.95,0,2.95
0.4,10.4,0.00,0.00,0,2.95,0,27.52,0,2.95,0,2.95
0.4,10.4,0.00,0.00,0,2.95,0,27.52,0,2.95,0,2.95
0.8,10.4,0.00,0.00,0,2.95,0,27.52,0,2.95,0,2.95
0.2,10.4,0.00,0.00,0,2.95,0,27.52,0,2.95,0,2.95
0.2,10.4,0.00,0.00,0,2.95,0,27.52,0,2.95,0,2.95
0.2,10.4,0.00,0.00,0,2.95,0,27.52,0,2.95,0,2.95
0.4,10.4,0.00,0.00,0,2.95,0,27.52,0,2.95,0,2.95
0.6,10.4,0.00,0.00,0,2.95,0,27.52,0,2.95,0,2.95
0.4,10.4,0.00,0.00,0,2.95,0,27.52,0,2.95,0,2.95
0.4,10.4,0.00,0.00,0,2.95,0,27.52,0,2.95,0,2.95
1.3,10.4,0.00,0.00,0,2.95,0,27.52,0,2.95,0,2.95
0.2,10.4,0.00,0.00,0,2.95,0,27.52,0,2.95,0,2.95
0.0,10.4,0.00,0.00,0,2.95,0,27.52,0,2.95,0,2.95
0.4,10.4,0.00,0.00,0,2.95,0,27.52,0,2.95,0,2.95
0.2,10.4,0.00,0.00,0,2.95,0,27.52,0,2.95,0,2.95
0.4,10.4,0.00,0.00,0,2.95,0,27.52,0,2.95,0,2.95
0.2,10.4,0.00,0.00,0,2.95,0,27.52,0,2.95,0,2.95
0.2,10.4,0.00,0.00,0,2.95,0,27.52,0,2.95,0,2.95
0.4,10.4,0.00,0.00,0,2.95,0,27.52,0,2.95,0,2.95
0.2,10.4,0.00,0.00,0,2.95,0,27.52,0,2.95,0,2.95
1.7,10.4,0.00,0.00,0,2.95,0,27.52,0,2.95,0,2.95
0.4,10.4,0.00,0.00,0,2.95,0,27.52,0,2.95,0,2.95
0.4,10.4,0.00,0.00,0,2.95,0,27.52,0,2.95,0,2.95
0.4,10.4,0.00,0.00,0,2.95,0,27.52,0,2.95,0,2.95
0.6,10.4,0.00,0.00,0,2.95,0,27.52,0,2.95,0,2.95
0.0,10.4,0.00,0.00,0,2.95,0,27.52,0,2.95,0,2.95
0.0,10.4,0.00,0.00,0,2.95,0,27.52,0,2.95,0,2.95
0.2,10.4,0.00,0.00,0,2.95,0,27.52,0,2.95,0,2.95
0.2,10.4,0.00,0.00,0,2.95,0,27.52,0,2.95,0,2.95
0.6,10.4,0.00,0.00,0,2.95,0,27.52,0,2.95,0,2.95
0.4,10.4,0.00,0.00,0,2.95,0,27.52,0,2.95,0,2.95
1.5,10.4,0.00,0.00,0,2.95,0,27.52,0,2.95,0,2.95
0.0,10.4,0.00,0.00,0,2.95,0,27.52,0,2.95,0,2.95
0.4,10.4,0.00,0.00,0,2.95,0,27.52,0,2.95,0,2.95
0.4,10.4,0.00,0.00,0,2.95,0,27.52,0,2.95,0,2.95
0.4,10.4,0.00,0.00,0,2.95,0,27.52,0,2.95,0,2.95
0.2,10.4,0.00,0.00,0,2.95,0,27.52,0,2.95,0,2.95
0.0,10.4,0.00,0.00,0,2.95,0,27.52,0,2.95,0,2.95
0.2,10.4,0.00,0.00,0,2.95,0,27.52,0,2.95,0,2.95
0.2,10.4,0.00,0.00,0,2.95,0,27.52,0,2.95,0,2.95
0.6,10.4,0.00,0.00,0,2.95,0,27.52,0,2.95,0,2.95
1.3,10.4,0.00,0.00,0,2.95,0,27.52,0,2.95,0,2.95
0.4,10.4,0.00,0.00,0,2.95,0,27.52,0,2.95,0,2.95
0.4,10.4,0.00,0.00,0,2.95,0,27.52,0,2.95,0,2.95
0.4,10.4,0.00,0.00,0,2.95,0,27.52,0,2.95,0,2.95
0.6,10.4,0.00,0.00,0,2.95,0,27.52,0,2.95,0,2.95
0.8,10.4,0.00,0.00,0,2.95,0,27.52,0,2.95,0,2.95
0.4,10.4,0.00,0.00,0,2.95,0,27.52,0,2.95,0,2.95
0.4,10.4,0.00,0.00,0,2.95,0,27.52,0,2.95,0,2.95
0.6,10.4,0.00,0.00,0,2.95,0,27.52,0,2.95,0,2.95
0.6,10.4,0.00,0.00,0,2.95,0,27.52,0,2.95,0,2.95
0.4,10.4,0.00,0.00,0,2.95,0,27.52,0,2.95,0,2.95
1.2,10.4,0.00,0.00,0,2.95,0,27.52,0,2.95,0,2.95
0.6,10.4,0.00,0.00,0,2.95,0,27.52,0,2.95,0,2.95
0.4,10.4,0.00,0.00,0,2.95,0,27.52,0,2.95,0,2.95
0.0,10.4,0.00,0.00,0,2.95,0,27.52,0,2.95,0,2.95
0.8,10.4,0.00,0.00,0,2.95,0,27.52,0,2.95,0,2.95
0.2,10.4,0.00,0.00,0,2.95,0,27.52,0,2.95,0,2.95
0.2,10.4,0.00,0.00,0,2.95,0,27.52,0,2.95,0,2.95
0.4,10.4,0.00,0.00,0,2.95,0,27.52,0,2.95,0,2.95
0.0,10.4,0.00,0.00,0,2.95,0,27.52,0,2.95,0,2.95
0.2,10.4,0.00,0.00,0,2.95,0,27.52,0,2.95,0,2.95
1.5,10.4,0.00,0.00,0,2.95,0,27.52,0,2.95,0,2.95
0.4,10.4,0.00,0.00,0,2.95,0,27.52,0,2.95,0,2.95
0.2,10.4,0.00,0.00,0,2.95,0,27.52,0,2.95,0,2.95
0.4,10.4,0.00,0.00,0,2.95,0,27.52,0,2.95,0,2.95
0.4,10.4,0.00,0.00,0,2.95,0,27.52,0,2.95,0,2.95
0.4,10.4,0.00,0.00,0,2.95,0,27.52,0,2.95,0,2.95
0.2,10.4,0.00,0.00,0,2.95,0,27.52,0,2.95,0,2.95
0.0,10.4,0.00,0.00,0,2.95,0,27.52,0,2.95,0,2.95
0.4,10.4,0.00,0.00,0,2.95,0,27.52,0,2.95,0,2.95
0.8,10.4,0.00,0.00,0,2.95,0,27.52,0,2.95,0,2.95
0.2,10.4,0.00,0.00,0,2.95,0,27.52,0,2.95,0,2.95
1.0,10.4,0.00,0.00,0,2.95,0,27.52,0,2.95,0,2.95
0.4,10.4,0.00,0.00,0,2.95,0,27.52,0,2.95,0,2.95
0.2,10.4,0.00,0.00,0,2.95,0,27.52,0,2.95,0,2.95
0.2,10.4,0.00,0.00,0,2.95,0,27.52,0,2.95,0,2.95
0.0,10.4,0.00,0.00,0,2.95,0,27.52,0,2.95,0,2.95
0.4,10.4,0.00,0.00,0,2.95,0,27.52,0,2.95,0,2.95
0.4,10.4,0.00,0.00,0,2.95,0,27.52,0,2.95,0,2.95
0.4,10.4,0.00,0.00,0,2.95,0,27.52,0,2.95,0,2.95
0.2,10.4,0.00,0.00,0,2.95,0,27.52,0,2.95,0,2.95
0.4,10.4,0.00,0.00,0,2.95,0,27.52,0,2.95,0,2.95
1.5,10.4,0.00,0.00,0,2.95,0,27.52,0,2.95,0,2.95
0.2,10.4,0.00,0.00,0,2.95,0,27.52,0,2.95,0,2.95
0.4,10.4,0.00,0.00,0,2.95,0,27.52,0,2.95,0,2.95
0.4,10.4,0.00,0.00,0,2.95,0,27.52,0,2.95,0,2.95
0.0,10.4,0.00,0.00,0,2.95,0,27.52,0,2.95,0,2.95
0.2,10.4,0.00,0.00,0,2.95,0,27.52,0,2.95,0,2.95
0.4,10.4,0.00,0.00,0,2.95,0,27.52,0,2.95,0,2.95
0.0,10.4,0.00,0.00,0,2.95,0,27.52,0,2.95,0,2.95
0.6,10.4,0.00,0.00,0,2.95,0,27.52,0,2.95,0,2.95
0.0,10.4,0.00,0.00,0,2.95,0,27.52,0,2.95,0,2.95
0.0,10.4,0.00,0.00,0,2.95,0,27.52,0,2.95,0,2.95
1.5,10.4,0.00,0.00,0,2.95,0,27.52,0,2.95,0,2.95
0.4,10.4,0.00,0.00,0,2.95,0,27.52,0,2.95,0,2.95
0.2,10.4,0.00,0.00,0,2.95,0,27.52,0,2.95,0,2.95
0.2,10.4,0.00,0.00,0,2.95,0,27.52,0,2.95,0,2.95
0.2,10.4,0.00,0.00,0,2.95,0,27.52,0,2.95,0,2.95
0.4,10.4,0.00,0.00,0,2.95,0,27.52,0,2.95,0,2.95
0.2,10.4,0.00,0.00,0,2.95,0,27.52,0,2.95,0,2.95
0.2,10.4,0.00,0.00,0,2.95,0,27.52,0,2.95,0,2.95
0.4,10.4,0.00,0.00,0,2.95,0,27.52,0,2.95,0,2.95
0.4,10.4,0.00,0.00,0,2.95,0,27.52,0,2.95,0,2.95
1.0,10.4,0.00,0.00,0,2.95,0,27.52,0,2.95,0,2.95
0.8,10.4,0.00,0.00,0,2.95,0,27.52,0,2.95,0,2.95
1.0,10.4,0.00,0.00,0,2.95,0,27.52,0,2.95,0,2.95
0.6,10.4,0.00,0.00,0,2.95,0,27.52,0,2.95,0,2.95
0.2,10.4,0.00,0.00,0,2.95,0,27.52,0,2.95,0,2.95
0.0,10.4,0.00,0.00,0,2.95,0,27.52,0,2.95,0,2.95
0.4,10.4,0.00,0.00,0,2.95,0,27.52,0,2.95,0,2.95
0.6,10.4,0.00,0.00,0,2.95,0,27.52,0,2.95,0,2.95
0.2,10.4,0.00,0.00,0,2.95,0,27.52,0,2.95,0,2.95
0.2,10.4,0.00,0.00,0,2.95,0,27.52,0,2.95,0,2.95
0.2,10.4,0.00,0.00,0,2.95,0,27.52,0,2.95,0,2.95
2.3,10.4,0.00,0.00,0,2.95,0,27.52,0,2.95,0,2.95
0.4,10.4,0.00,0.00,0,2.95,0,27.52,0,2.95,0,2.95
0.0,10.4,0.00,0.00,0,2.95,0,27.52,0,2.95,0,2.95
0.2,10.4,0.00,0.00,0,2.95,0,27.52,0,2.95,0,2.95
0.0,10.4,0.00,0.00,0,2.95,0,27.52,0,2.95,0,2.95
0.2,10.4,0.00,0.00,0,2.95,0,27.52,0,2.95,0,2.95
0.4,10.4,0.00,0.00,0,2.95,0,27.52,0,2.95,0,2.95
0.0,10.4,0.00,0.00,0,2.95,0,27.52,0,2.95,0,2.95
0.2,10.4,0.00,0.00,0,2.95,0,27.52,0,2.95,0,2.95
0.0,10.4,0.00,0.00,0,2.95,0,27.52,0,2.95,0,2.95
0.8,10.4,0.00,0.00,0,2.95,0,27.52,0,2.95,0,2.95
0.6,10.4,0.00,0.00,0,2.95,0,27.52,0,2.95,0,2.95
0.0,10.4,0.00,0.00,0,2.95,0,27.52,0,2.95,0,2.95
0.2,10.4,0.00,0.00,0,2.95,0,27.52,0,2.95,0,2.95
0.6,10.4,0.00,0.00,0,2.95,0,27.52,0,2.95,0,2.95
0.2,10.4,0.00,0.00,0,2.95,0,27.52,0,2.95,0,2.95
0.6,10.4,0.00,0.00,0,2.95,0,27.52,0,2.95,0,2.95
0.4,10.4,0.00,0.00,0,2.95,0,27.52,0,2.95,0,2.95
0.4,10.4,0.00,0.00,0,2.95,0,27.52,0,2.95,0,2.95
0.6,10.4,0.00,0.00,0,2.95,0,27.52,0,2.95,0,2.95
0.4,10.4,0.00,0.00,0,2.95,0,27.52,0,2.95,0,2.95
1.7,10.4,0.00,0.00,0,2.95,0,27.52,0,2.95,0,2.95
0.2,10.4,0.00,0.00,0,2.95,0,27.52,0,2.95,0,2.95
0.4,10.4,0.00,0.00,0,2.95,0,27.52,0,2.95,0,2.95
0.2,10.4,0.00,0.00,0,2.95,0,27.52,0,2.95,0,2.95
0.2,10.4,0.00,0.00,0,2.95,0,27.52,0,2.95,0,2.95
0.4,10.4,0.00,0.00,0,2.95,0,27.52,0,2.95,0,2.95
0.2,10.4,0.00,0.00,0,2.95,0,27.52,0,2.95,0,2.95
0.4,10.4,0.00,0.00,0,2.95,0,27.52,0,2.95,0,2.95
0.0,10.4,0.00,0.00,0,2.95,0,27.52,0,2.95,0,2.95
0.2,10.4,0.00,0.00,0,2.95,0,27.52,0,2.95,0,2.95
0.8,10.4,0.00,0.00,0,2.95,0,27.52,0,2.95,0,2.95
0.6,10.4,0.00,0.00,0,2.95,0,27.52,0,2.95,0,2.95
0.4,10.4,0.00,0.00,0,2.95,0,27.52,0,2.95,0,2.95
0.6,10.4,0.00,0.00,0,2.95,0,27.52,0,2.95,0,2.95
0.0,10.4,0.00,0.00,0,2.95,0,27.52,0,2.95,0,2.95
0.4,10.4,0.00,0.00,0,2.95,0,27.52,0,2.95,0,2.95
0.6,10.4,0.00,0.00,0,2.95,0,27.52,0,2.95,0,2.95
0.0,10.4,0.00,0.00,0,2.95,0,27.52,0,2.95,0,2.95
0.2,10.4,0.00,0.00,0,2.95,0,27.52,0,2.95,0,2.95
0.4,10.4,0.00,0.00,0,2.95,0,27.52,0,2.95,0,2.95
0.2,10.4,0.00,0.00,0,2.95,0,27.52,0,2.95,0,2.95
1.7,10.4,0.00,0.00,0,2.95,0,27.52,0,2.95,0,2.95
0.2,10.4,0.00,0.00,0,2.95,0,27.52,0,2.95,0,2.95
0.2,10.4,0.00,0.00,0,2.95,0,27.52,0,2.95,0,2.95
0.4,10.4,0.00,0.00,0,2.95,0,27.52,0,2.95,0,2.95
0.2,10.4,0.00,0.00,0,2.95,0,27.52,0,2.95,0,2.95
0.4,10.4,0.00,0.00,0,2.95,0,27.52,0,2.95,0,2.95
0.2,10.4,0.00,0.00,0,2.95,0,27.52,0,2.95,0,2.95
0.4,10.4,0.00,0.00,0,2.95,0,27.52,0,2.95,0,2.95
0.2,10.4,0.00,0.00,0,2.95,0,27.52,0,2.95,0,2.95
0.8,10.4,0.00,0.00,0,2.95,0,27.52,0,2.95,0,2.95
1.3,10.4,0.00,0.00,0,2.95,0,27.52,0,2.95,0,2.95
0.6,10.4,0.00,0.00,0,2.95,0,27.52,0,2.95,0,2.95
0.8,10.4,0.00,0.00,0,2.95,0,27.52,0,2.95,0,2.95
0.2,10.4,0.00,0.00,0,2.95,0,27.52,0,2.95,0,2.95
0.8,10.4,0.00,0.00,0,2.95,0,27.52,0,2.95,0,2.95
0.4,10.4,0.00,0.00,0,2.95,0,27.52,0,2.95,0,2.95
0.6,10.4,0.00,0.00,0,2.95,0,27.52,0,2.95,0,2.95
0.6,10.4,0.00,0.00,0,2.95,0,27.52,0,2.95,0,2.95
0.2,10.4,0.00,0.00,0,2.95,0,27.52,0,2.95,0,2.95
0.4,10.4,0.00,0.00,0,2.95,0,27.52,0,2.95,0,2.95
0.4,10.4,0.00,0.00,0,2.95,0,27.52,0,2.95,0,2.95
1.5,10.4,0.00,0.00,0,2.95,0,27.52,0,2.95,0,2.95
0.0,10.4,0.00,0.00,0,2.95,0,27.52,0,2.95,0,2.95
0.2,10.4,0.00,0.00,0,2.95,0,27.52,0,2.95,0,2.95
0.2,10.4,0.00,0.00,0,2.95,0,27.52,0,2.95,0,2.95
0.2,10.4,0.00,0.00,0,2.95,0,27.52,0,2.95,0,2.95
0.6,10.4,0.00,0.00,0,2.95,0,27.52,0,2.95,0,2.95
0.2,10.4,0.00,0.00,0,2.95,0,27.52,0,2.95,0,2.95
0.4,10.4,0.00,0.00,0,2.95,0,27.52,0,2.95,0,2.95
0.4,10.4,0.00,0.00,0,2.95,0,27.52,0,2.95,0,2.95
0.2,10.4,0.00,0.00,0,2.95,0,27.52,0,2.95,0,2.95
1.9,10.4,0.00,0.00,0,2.95,0,27.52,0,2.95,0,2.95
0.2,10.4,0.00,0.00,0,2.95,0,27.52,0,2.95,0,2.95
0.4,10.4,0.00,0.00,0,2.95,0,27.52,0,2.95,0,2.95
0.4,10.4,0.00,0.00,0,2.95,0,27.52,0,2.95,0,2.95
0.6,10.4,0.00,0.00,0,2.95,0,27.52,0,2.95,0,2.95
0.4,10.4,0.00,0.00,0,2.95,0,27.52,0,2.95,0,2.95
0.2,10.4,0.00,0.00,0,2.95,0,27.52,0,2.95,0,2.95
0.0,10.4,0.00,0.00,0,2.95,0,27.52,0,2.95,0,2.95
0.2,10.4,0.00,0.00,0,2.95,0,27.52,0,2.95,0,2.95
0.2,10.4,0.00,0.00,0,2.95,0,27.52,0,2.95,0,2.95
0.6,10.4,0.00,0.00,0,2.95,0,27.52,0,2.95,0,2.95
0.0,10.4,0.00,0.00,0,2.95,0,27.52,0,2.95,0,2.95
0.4,10.4,0.00,0.00,0,2.95,0,27.52,0,2.95,0,2.95
0.6,10.4,0.00,0.00,0,2.95,0,27.52,0,2.95,0,2.95
0.4,10.4,0.00,0.00,0,2.95,0,27.52,0,2.95,0,2.95
0.0,10.4,0.00,0.00,0,2.95,0,27.52,0,2.95,0,2.95
0.2,10.4,0.00,0.00,0,2.95,0,27.52,0,2.95,0,2.95
0.2,10.4,0.00,0.00,0,2.95,0,27.52,0,2.95,0,2.95
0.4,10.4,0.00,0.00,0,2.95,0,27.52,0,2.95,0,2.95
0.0,10.4,0.00,0.00,0,2.95,0,27.52,0,2.95,0,2.95
0.2,10.4,0.00,0.00,0,2.95,0,27.52,0,2.95,0,2.95
1.9,10.4,0.00,0.00,0,2.95,0,27.52,0,2.95,0,2.95
0.2,10.4,0.00,0.00,0,2.95,0,27.52,0,2.95,0,2.95
0.0,10.4,0.00,0.00,0,2.95,0,27.52,0,2.95,0,2.95
0.6,10.4,0.00,0.00,0,2.95,0,27.52,0,2.95,0,2.95
0.2,10.4,0.00,0.00,0,2.95,0,27.52,0,2.95,0,2.95
0.2,10.4,0.00,0.00,0,2.95,0,27.52,0,2.95,0,2.95
0.2,10.4,0.00,0.00,0,2.95,0,27.52,0,2.95,0,2.95
0.0,10.4,0.00,0.00,0,2.95,0,27.52,0,2.95,0,2.95
0.2,10.4,0.00,0.00,0,2.95,0,27.52,0,2.95,0,2.95
0.2,10.4,0.00,0.00,0,2.95,0,27.52,0,2.95,0,2.95
0.6,10.4,0.00,0.00,0,2.95,0,27.52,0,2.95,0,2.95
0.2,10.4,0.00,0.00,0,2.95,0,27.52,0,2.95,0,2.95
0.4,10.4,0.00,0.00,0,2.95,0,27.52,0,2.95,0,2.95
0.2,10.4,0.00,0.00,0,2.95,0,27.52,0,2.95,0,2.95
0.2,10.4,0.00,0.00,0,2.95,0,27.52,0,2.95,0,2.95
0.0,10.4,0.00,0.00,0,2.95,0,27.52,0,2.95,0,2.95
0.4,10.4,0.00,0.00,0,2.95,0,27.52,0,2.95,0,2.95
0.6,10.4,0.00,0.00,0,2.95,0,27.52,0,2.95,0,2.95
0.6,10.4,0.00,0.00,0,2.95,0,27.52,0,2.95,0,2.95
0.0,10.4,0.00,0.00,0,2.95,0,27.52,0,2.95,0,2.95
0.2,10.4,0.00,0.00,0,2.95,0,27.52,0,2.95,0,2.95
2.3,10.4,0.00,0.00,0,2.95,0,27.52,0,2.95,0,2.95
0.4,10.4,0.00,0.00,0,2.95,0,27.52,0,2.95,0,2.95
0.0,10.4,0.00,0.00,0,2.95,0,27.52,0,2.95,0,2.95
0.2,10.4,0.00,0.00,0,2.95,0,27.52,0,2.95,0,2.95
0.4,10.4,0.00,0.00,0,2.95,0,27.52,0,2.95,0,2.95
0.2,10.4,0.00,0.00,0,2.95,0,27.52,0,2.95,0,2.95
0.6,10.4,0.00,0.00,0,2.95,0,27.52,0,2.95,0,2.95
0.4,10.4,0.00,0.00,0,2.95,0,27.52,0,2.95,0,2.95
0.6,10.4,0.00,0.00,0,2.95,0,27.52,0,2.95,0,2.95
0.6,10.4,0.00,0.00,0,2.95,0,27.52,0,2.95,0,2.95
0.4,10.4,0.00,0.00,0,2.95,0,27.52,0,2.95,0,2.95
0.8,10.4,0.00,0.00,0,2.95,0,27.52,0,2.95,0,2.95
0.6,10.4,0.00,0.00,0,2.95,0,27.52,0,2.95,0,2.95
0.6,10.4,0.00,0.00,0,2.95,0,27.52,0,2.95,0,2.95
0.0,10.4,0.00,0.00,0,2.95,0,27.52,0,2.95,0,2.95
0.2,10.4,0.00,0.00,0,2.95,0,27.52,0,2.95,0,2.95
0.2,10.4,0.00,0.00,0,2.95,0,27.52,0,2.95,0,2.95
0.4,10.4,0.00,0.00,0,2.95,0,27.52,0,2.95,0,2.95
0.2,10.4,0.00,0.00,0,2.95,0,27.52,0,2.95,0,2.95
0.4,10.4,0.00,0.00,0,2.95,0,27.52,0,2.95,0,2.95
0.4,10.4,0.00,0.00,0,2.95,0,27.52,0,2.95,0,2.95
2.7,10.4,0.00,0.00,0,2.95,0,27.52,0,2.95,0,2.95
0.4,10.4,0.00,0.00,0,2.95,0,27.52,0,2.95,0,2.95
0.4,10.4,0.00,0.00,0,2.95,0,27.52,0,2.95,0,2.95
0.0,10.4,0.00,0.00,0,2.95,0,27.52,0,2.95,0,2.95
0.6,10.4,0.00,0.00,0,2.95,0,27.52,0,2.95,0,2.95
0.2,10.4,0.00,0.00,0,2.95,0,27.52,0,2.95,0,2.95
0.4,10.4,0.00,0.00,0,2.95,0,27.52,0,2.95,0,2.95
0.2,10.4,0.00,0.00,0,2.95,0,27.52,0,2.95,0,2.95
0.2,10.4,0.00,0.00,0,2.95,0,27.52,0,2.95,0,2.95
0.6,10.4,0.00,0.00,0,2.95,0,27.52,0,2.95,0,2.95
0.4,10.4,0.00,0.00,0,2.95,0,27.52,0,2.95,0,2.95
0.0,10.4,0.00,0.00,0,2.95,0,27.52,0,2.95,0,2.95
0.4,10.4,0.00,0.00,0,2.95,0,27.52,0,2.95,0,2.95
0.4,10.4,0.00,0.00,0,2.95,0,27.52,0,2.95,0,2.95
0.0,10.4,0.00,0.00,0,2.95,0,27.52,0,2.95,0,2.95
0.0,10.4,0.00,0.00,0,2.95,0,27.52,0,2.95,0,2.95
0.2,10.4,0.00,0.00,0,2.95,0,27.52,0,2.95,0,2.95
0.0,10.4,0.00,0.00,0,2.95,0,27.52,0,2.95,0,2.95
0.4,10.4,0.00,0.00,0,2.95,0,27.52,0,2.95,0,2.95
0.2,10.4,0.00,0.00,0,2.95,0,27.52,0,2.95,0,2.95
0.8,10.4,0.00,0.00,0,2.95,0,27.52,0,2.95,0,2.95
2.1,10.4,0.00,0.00,0,2.95,0,27.52,0,2.95,0,2.95
0.4,10.4,0.00,0.00,0,2.95,0,27.52,0,2.95,0,2.95
0.4,10.4,0.00,0.00,0,2.95,0,27.52,0,2.95,0,2.95
0.4,10.4,0.00,0.00,0,2.95,0,27.52,0,2.95,0,2.95
0.2,10.4,0.00,0.00,0,2.95,0,27.52,0,2.95,0,2.95
0.4,10.4,0.00,0.00,0,2.95,0,27.52,0,2.95,0,2.95
0.4,10.4,0.00,0.00,0,2.95,0,27.52,0,2.95,0,2.95
0.2,10.4,0.00,0.00,0,2.95,0,27.52,0,2.95,0,2.95
0.2,10.4,0.00,0.00,0,2.95,0,27.52,0,2.95,0,2.95
0.4,10.4,0.00,0.00,0,2.95,0,27.52,0,2.95,0,2.95
0.0,10.4,0.00,0.00,0,2.95,0,27.52,0,2.95,0,2.95
0.8,10.4,0.00,0.00,0,2.95,0,27.52,0,2.95,0,2.95
0.6,10.4,0.00,0.00,0,2.95,0,27.52,0,2.95,0,2.95
0.4,10.4,0.00,0.00,0,2.95,0,27.52,0,2.95,0,2.95
0.2,10.4,0.00,0.00,0,2.95,0,27.52,0,2.95,0,2.95
0.2,10.4,0.00,0.00,0,2.95,0,27.52,0,2.95,0,2.95
0.0,10.4,0.00,0.00,0,2.95,0,27.52,0,2.95,0,2.95
0.2,10.4,0.00,0.00,0,2.95,0,27.52,0,2.95,0,2.95
0.0,10.4,0.00,0.00,0,2.95,0,27.52,0,2.95,0,2.95
0.4,10.4,0.00,0.00,0,2.95,0,27.52,0,2.95,0,2.95
0.6,10.4,0.00,0.00,0,2.95,0,27.52,0,2.95,0,2.95
2.3,10.4,0.00,0.00,0,2.95,0,27.52,0,2.95,0,2.95
0.2,10.4,0.00,0.00,0,2.95,0,27.52,0,2.95,0,2.95
0.2,10.4,0.00,0.00,0,2.95,0,27.52,0,2.95,0,2.95
0.4,10.4,0.00,0.00,0,2.95,0,27.52,0,2.95,0,2.95
0.4,10.4,0.00,0.00,0,2.95,0,27.52,0,2.95,0,2.95
0.4,10.4,0.00,0.00,0,2.95,0,27.52,0,2.95,0,2.95
0.6,10.4,0.00,0.00,0,2.95,0,27.52,0,2.95,0,2.95
0.2,10.4,0.00,0.00,0,2.95,0,27.52,0,2.95,0,2.95
0.2,10.4,0.00,0.00,0,2.95,0,27.52,0,2.95,0,2.95
0.8,10.4,0.00,0.00,0,2.95,0,27.52,0,2.95,0,2.95
0.4,10.4,0.00,0.00,0,2.95,0,27.52,0,2.95,0,2.95
1.0,10.4,0.00,0.00,0,2.95,0,27.52,0,2.95,0,2.95
0.2,10.4,0.00,0.00,0,2.95,0,27.52,0,2.95,0,2.95
0.0,10.4,0.00,0.00,0,2.95,0,27.52,0,2.95,0,2.95
0.4,10.4,0.00,0.00,0,2.95,0,27.52,0,2.95,0,2.95
0.4,10.4,0.00,0.00,0,2.95,0,27.52,0,2.95,0,2.95
0.2,10.4,0.00,0.00,0,2.95,0,27.52,0,2.95,0,2.95
0.2,10.4,0.00,0.00,0,2.95,0,27.52,0,2.95,0,2.95
0.4,10.4,0.00,0.00,0,2.95,0,27.52,0,2.95,0,2.95
0.2,10.4,0.00,0.00,0,2.95,0,27.52,0,2.95,0,2.95
0.2,10.4,0.00,0.00,0,2.95,0,27.52,0,2.95,0,2.95
2.5,10.4,0.00,0.00,0,2.95,0,27.52,0,2.95,0,2.95
0.2,10.4,0.00,0.00,0,2.95,0,27.52,0,2.95,0,2.95
0.6,10.4,0.00,0.00,0,2.95,0,27.52,0,2.95,0,2.95
0.2,10.4,0.00,0.00,0,2.95,0,27.52,0,2.95,0,2.95
0.6,10.4,0.00,0.00,0,2.95,0,27.52,0,2.95,0,2.95
0.4,10.4,0.00,0.00,0,2.95,0,27.52,0,2.95,0,2.95
0.4,10.4,0.00,0.00,0,2.95,0,27.52,0,2.95,0,2.95
0.2,10.4,0.00,0.00,0,2.95,0,27.52,0,2.95,0,2.95
0.2,10.4,0.00,0.00,0,2.95,0,27.52,0,2.95,0,2.95
0.2,10.4,0.00,0.00,0,2.95,0,27.52,0,2.95,0,2.95
0.6,10.4,0.00,0.00,0,2.95,0,27.52,0,2.95,0,2.95
0.2,10.4,0.00,0.00,0,2.95,0,27.52,0,2.95,0,2.95
0.0,10.4,0.00,0.00,0,2.95,0,27.52,0,2.95,0,2.95
0.2,10.4,0.00,0.00,0,2.95,0,27.52,0,2.95,0,2.95
0.4,10.4,0.00,0.00,0,2.95,0,27.52,0,2.95,0,2.95
0.4,10.4,0.00,0.00,0,2.95,0,27.52,0,2.95,0,2.95
0.2,10.4,0.00,0.00,0,2.95,0,27.52,0,2.95,0,2.95
0.2,10.4,0.00,0.00,0,2.95,0,27.52,0,2.95,0,2.95
0.4,10.4,0.00,0.00,0,2.95,0,27.52,0,2.95,0,2.95
0.2,10.4,0.00,0.00,0,2.95,0,27.52,0,2.95,0,2.95
0.2,10.4,0.00,0.00,0,2.95,0,27.52,0,2.95,0,2.95
1.7,10.4,0.00,0.00,0,2.95,0,27.52,0,2.95,0,2.95
0.4,10.4,0.00,0.00,0,2.95,0,27.52,0,2.95,0,2.95
0.0,10.4,0.00,0.00,0,2.95,0,27.52,0,2.95,0,2.95
0.4,10.4,0.00,0.00,0,2.95,0,27.52,0,2.95,0,2.95
0.4,10.4,0.00,0.00,0,2.95,0,27.52,0,2.95,0,2.95
0.2,10.4,0.00,0.00,0,2.95,0,27.52,0,2.95,0,2.95
0.4,10.4,0.00,0.00,0,2.95,0,27.52,0,2.95,0,2.95
0.2,10.4,0.00,0.00,0,2.95,0,27.52,0,2.95,0,2.95
0.4,10.4,0.00,0.00,0,2.95,0,27.52,0,2.95,0,2.95
0.2,10.4,0.00,0.00,0,2.95,0,27.52,0,2.95,0,2.95
0.8,10.4,0.00,0.00,0,2.95,0,27.52,0,2.95,0,2.95
0.4,10.4,0.00,0.00,0,2.95,0,27.52,0,2.95,0,2.95
0.2,10.4,0.00,0.00,0,2.95,0,27.52,0,2.95,0,2.95
0.0,10.4,0.00,0.00,0,2.95,0,27.52,0,2.95,0,2.95
0.0,10.4,0.00,0.00,0,2.95,0,27.52,0,2.95,0,2.95
0.0,10.4,0.00,0.00,0,2.95,0,27.52,0,2.95,0,2.95
0.0,10.4,0.00,0.00,0,2.95,0,27.52,0,2.95,0,2.95
0.2,10.4,0.00,0.00,0,2.95,0,27.52,0,2.95,0,2.95
0.2,10.4,0.00,0.00,0,2.95,0,27.52,0,2.95,0,2.95
0.0,10.4,0.00,0.00,0,2.95,0,27.52,0,2.95,0,2.95
0.4,10.4,0.00,0.00,0,2.95,0,27.52,0,2.95,0,2.95
1.9,10.4,0.00,0.00,0,2.95,0,27.52,0,2.95,0,2.95
0.6,10.4,0.00,0.00,0,2.95,0,27.52,0,2.95,0,2.95
0.6,10.4,0.00,0.00,0,2.95,0,27.52,0,2.95,0,2.95
0.4,10.4,0.00,0.00,0,2.95,0,27.52,0,2.95,0,2.95
0.2,10.4,0.00,0.00,0,2.95,0,27.52,0,2.95,0,2.95
0.6,10.4,0.00,0.00,0,2.95,0,27.52,0,2.95,0,2.95
0.2,10.4,0.00,0.00,0,2.95,0,27.52,0,2.95,0,2.95
0.4,10.4,0.00,0.00,0,2.95,0,27.52,0,2.95,0,2.95
0.2,10.4,0.00,0.00,0,2.95,0,27.52,0,2.95,0,2.95
1.0,10.4,0.00,0.00,0,2.95,0,27.52,0,2.95,0,2.95
0.8,10.4,0.00,0.00,0,2.95,0,27.52,0,2.95,0,2.95
0.6,10.4,0.00,0.00,0,2.95,0,27.52,0,2.95,0,2.95
0.4,10.4,0.00,0.00,0,2.95,0,27.52,0,2.95,0,2.95
0.6,10.4,0.00,0.00,0,2.95,0,27.52,0,2.95,0,2.95
0.2,10.4,0.00,0.00,0,2.95,0,27.52,0,2.95,0,2.95
0.0,10.4,0.00,0.00,0,2.95,0,27.52,0,2.95,0,2.95
0.2,10.4,0.00,0.00,0,2.95,0,27.52,0,2.95,0,2.95
0.2,10.4,0.00,0.00,0,2.95,0,27.52,0,2.95,0,2.95
0.2,10.4,0.00,0.00,0,2.95,0,27.52,0,2.95,0,2.95
0.0,10.4,0.00,0.00,0,2.95,0,27.52,0,2.95,0,2.95
0.4,10.4,0.00,0.00,0,2.95,0,27.52,0,2.95,0,2.95
2.1,10.4,0.00,0.00,0,2.95,0,27.52,0,2.95,0,2.95
0.4,10.4,0.00,0.00,0,2.95,0,27.52,0,2.95,0,2.95
0.0,10.4,0.00,0.00,0,2.95,0,27.52,0,2.95,0,2.95
0.6,10.4,0.00,0.00,0,2.95,0,27.52,0,2.95,0,2.95
0.2,10.4,0.00,0.00,0,2.95,0,27.52,0,2.95,0,2.95
0.2,10.4,0.00,0.00,0,2.95,0,27.52,0,2.95,0,2.95
0.4,10.4,0.00,0.00,0,2.95,0,27.52,0,2.95,0,2.95
0.6,10.4,0.00,0.00,0,2.95,0,27.52,0,2.95,0,2.95
0.0,10.4,0.00,0.00,0,2.95,0,27.52,0,2.95,0,2.95
0.0,10.4,0.00,0.00,0,2.95,0,27.52,0,2.95,0,2.95
0.6,10.4,0.00,0.00,0,2.95,0,27.52,0,2.95,0,2.95
0.2,10.4,0.00,0.00,0,2.95,0,27.52,0,2.95,0,2.95
0.0,10.4,0.00,0.00,0,2.95,0,27.52,0,2.95,0,2.95
0.4,10.4,0.00,0.00,0,2.95,0,27.52,0,2.95,0,2.95
0.0,10.4,0.00,0.00,0,2.95,0,27.52,0,2.95,0,2.95
0.2,10.4,0.00,0.00,0,2.95,0,27.52,0,2.95,0,2.95
0.2,10.4,0.00,0.00,0,2.95,0,27.52,0,2.95,0,2.95
0.0,10.4,0.00,0.00,0,2.95,0,27.52,0,2.95,0,2.95
0.2,10.4,0.00,0.00,0,2.95,0,27.52,0,2.95,0,2.95
0.2,10.4,0.00,0.00,0,2.95,0,27.52,0,2.95,0,2.95
0.4,10.4,0.00,0.00,0,2.95,0,27.52,0,2.95,0,2.95
1.9,10.4,0.00,0.00,0,2.95,0,27.52,0,2.95,0,2.95
0.2,10.4,0.00,0.00,0,2.95,0,27.52,0,2.95,0,2.95
0.4,10.4,0.00,0.00,0,2.95,0,27.52,0,2.95,0,2.95
0.4,10.4,0.00,0.00,0,2.95,0,27.52,0,2.95,0,2.95
0.4,10.4,0.00,0.00,0,2.95,0,27.52,0,2.95,0,2.95
0.2,10.4,0.00,0.00,0,2.95,0,27.52,0,2.95,0,2.95
0.6,10.4,0.00,0.00,0,2.95,0,27.52,0,2.95,0,2.95
0.4,10.4,0.00,0.00,0,2.95,0,27.52,0,2.95,0,2.95
0.4,10.4,0.00,0.00,0,2.95,0,27.52,0,2.95,0,2.95
0.4,10.4,0.00,0.00,0,2.95,0,27.52,0,2.95,0,2.95
0.8,10.4,0.00,0.00,0,2.95,0,27.52,0,2.95,0,2.95
0.4,10.4,0.00,0.00,0,2.95,0,27.52,0,2.95,0,2.95
0.4,10.4,0.00,0.00,0,2.95,0,27.52,0,2.95,0,2.95
0.6,10.4,0.00,0.00,0,2.95,0,27.52,0,2.95,0,2.95
0.2,10.4,0.00,0.00,0,2.95,0,27.52,0,2.95,0,2.95
0.2,10.4,0.00,0.00,0,2.95,0,27.52,0,2.95,0,2.95
0.2,10.4,0.00,0.00,0,2.95,0,27.52,0,2.95,0,2.95
0.4,10.4,0.00,0.00,0,2.95,0,27.52,0,2.95,0,2.95
0.4,10.4,0.00,0.00,0,2.95,0,27.52,0,2.95,0,2.95
0.0,10.4,0.00,0.00,0,2.95,0,27.52,0,2.95,0,2.95
0.4,10.4,0.00,0.00,0,2.95,0,27.52,0,2.95,0,2.95
1.9,10.4,0.00,0.00,0,2.95,0,27.52,0,2.95,0,2.95
0.6,10.4,0.00,0.00,0,2.95,0,27.52,0,2.95,0,2.95
0.4,10.4,0.00,0.00,0,2.95,0,27.52,0,2.95,0,2.95
0.2,10.4,0.00,0.00,0,2.95,0,27.52,0,2.95,0,2.95
0.2,10.4,0.00,0.00,0,2.95,0,27.52,0,2.95,0,2.95
0.0,10.4,0.00,0.00,0,2.95,0,27.52,0,2.95,0,2.95
0.2,10.4,0.00,0.00,0,2.95,0,27.52,0,2.95,0,2.95
0.0,10.4,0.00,0.00,0,2.95,0,27.52,0,2.95,0,2.95
0.4,10.4,0.00,0.00,0,2.95,0,27.52,0,2.95,0,2.95
0.6,10.4,0.00,0.00,0,2.95,0,27.52,0,2.95,0,2.95
0.8,10.4,0.00,0.00,0,2.95,0,27.52,0,2.95,0,2.95
0.2,10.4,0.00,0.00,0,2.95,0,27.52,0,2.95,0,2.95
0.4,10.4,0.00,0.00,0,2.95,0,27.52,0,2.95,0,2.95
1.0,10.4,0.00,0.00,0,2.95,0,27.52,0,2.95,0,2.95
0.0,10.4,0.00,0.00,0,2.95,0,27.52,0,2.95,0,2.95
0.4,10.4,0.00,0.00,0,2.95,0,27.52,0,2.95,0,2.95
0.2,10.4,0.00,0.00,0,2.95,0,27.52,0,2.95,0,2.95
0.4,10.4,0.00,0.00,0,2.95,0,27.52,0,2.95,0,2.95
0.0,10.4,0.00,0.00,0,2.95,0,27.52,0,2.95,0,2.95
0.2,10.4,0.00,0.00,0,2.95,0,27.52,0,2.95,0,2.95
0.4,10.4,0.00,0.00,0,2.95,0,27.52,0,2.95,0,2.95
2.1,10.4,0.00,0.00,0,2.95,0,27.52,0,2.95,0,2.95
0.6,10.4,0.00,0.00,0,2.95,0,27.52,0,2.95,0,2.95
0.2,10.4,0.00,0.00,0,2.95,0,27.52,0,2.95,0,2.95
0.4,10.4,0.00,0.00,0,2.95,0,27.52,0,2.95,0,2.95
0.4,10.4,0.00,0.00,0,2.95,0,27.52,0,2.95,0,2.95
0.2,10.4,0.00,0.00,0,2.95,0,27.52,0,2.95,0,2.95
0.2,10.4,0.00,0.00,0,2.95,0,27.52,0,2.95,0,2.95
0.2,10.4,0.00,0.00,0,2.95,0,27.52,0,2.95,0,2.95
0.0,10.4,0.00,0.00,0,2.95,0,27.52,0,2.95,0,2.95
0.2,10.4,0.00,0.00,0,2.95,0,27.52,0,2.95,0,2.95
1.0,10.4,0.00,0.00,0,2.95,0,27.52,0,2.95,0,2.95
0.4,10.4,0.00,0.00,0,2.95,0,27.52,0,2.95,0,2.95
0.0,10.4,0.00,0.00,0,2.95,0,27.52,0,2.95,0,2.95
0.4,10.4,0.00,0.00,0,2.95,0,27.52,0,2.95,0,2.95
0.2,10.4,0.00,0.00,0,2.95,0,27.52,0,2.95,0,2.95
0.4,10.4,0.00,0.00,0,2.95,0,27.52,0,2.95,0,2.95
0.4,10.4,0.00,0.00,0,2.95,0,27.52,0,2.95,0,2.95
0.4,10.4,0.00,0.00,0,2.95,0,27.52,0,2.95,0,2.95
0.4,10.4,0.00,0.00,0,2.95,0,27.52,0,2.95,0,2.95
0.6,10.4,0.00,0.00,0,2.95,0,27.52,0,2.95,0,2.95
0.2,10.4,0.00,0.00,0,2.95,0,27.52,0,2.95,0,2.95
2.1,10.4,0.00,0.00,0,2.95,0,27.52,0,2.95,0,2.95
0.2,10.4,0.00,0.00,0,2.95,0,27.52,0,2.95,0,2.95
0.4,10.4,0.00,0.00,0,2.95,0,27.52,0,2.95,0,2.95
0.4,10.4,0.00,0.00,0,2.95,0,27.52,0,2.95,0,2.95
0.0,10.4,0.00,0.00,0,2.95,0,27.52,0,2.95,0,2.95
0.2,10.4,0.00,0.00,0,2.95,0,27.52,0,2.95,0,2.95
0.2,10.4,0.00,0.00,0,2.95,0,27.52,0,2.95,0,2.95
0.2,10.4,0.00,0.00,0,2.95,0,27.52,0,2.95,0,2.95
0.2,10.4,0.00,0.00,0,2.95,0,27.52,0,2.95,0,2.95
0.2,10.4,0.00,0.00,0,2.95,0,27.52,0,2.95,0,2.95
0.6,10.4,0.00,0.00,0,2.95,0,27.52,0,2.95,0,2.95
0.6,10.4,0.00,0.00,0,2.95,0,27.52,0,2.95,0,2.95
0.4,10.4,0.00,0.00,0,2.95,0,27.52,0,2.95,0,2.95
0.0,10.4,0.00,0.00,0,2.95,0,27.52,0,2.95,0,2.95
0.2,10.4,0.00,0.00,0,2.95,0,27.52,0,2.95,0,2.95
0.2,10.4,0.00,0.00,0,2.95,0,27.52,0,2.95,0,2.95
0.4,10.4,0.00,0.00,0,2.95,0,27.52,0,2.95,0,2.95
0.2,10.4,0.00,0.00,0,2.95,0,27.52,0,2.95,0,2.95
0.6,10.4,0.00,0.00,0,2.95,0,27.52,0,2.95,0,2.95
0.0,10.4,0.00,0.00,0,2.95,0,27.52,0,2.95,0,2.95
0.2,10.4,0.00,0.00,0,2.95,0,27.52,0,2.95,0,2.95
2.5,10.4,0.00,0.00,0,2.95,0,27.52,0,2.95,0,2.95
0.2,10.4,0.00,0.00,0,2.95,0,27.52,0,2.95,0,2.95
0.2,10.4,0.00,0.00,0,2.95,0,27.52,0,2.95,0,2.95
0.4,10.4,0.00,0.00,0,2.95,0,27.52,0,2.95,0,2.95
0.4,10.4,0.00,0.00,0,2.95,0,27.52,0,2.95,0,2.95
0.2,10.4,0.00,0.00,0,2.95,0,27.52,0,2.95,0,2.95
0.2,10.4,0.00,0.00,0,2.95,0,27.52,0,2.95,0,2.95
0.0,10.4,0.00,0.00,0,2.95,0,27.52,0,2.95,0,2.95
0.2,10.4,0.00,0.00,0,2.95,0,27.52,0,2.95,0,2.95
0.4,10.4,0.00,0.00,0,2.95,0,27.52,0,2.95,0,2.95
0.4,10.4,0.00,0.00,0,2.95,0,27.52,0,2.95,0,2.95
0.6,10.4,0.00,0.00,0,2.95,0,27.52,0,2.95,0,2.95
0.4,10.4,0.00,0.00,0,2.95,0,27.52,0,2.95,0,2.95
0.4,10.4,0.00,0.00,0,2.95,0,27.52,0,2.95,0,2.95
0.6,10.4,0.00,0.00,0,2.95,0,27.52,0,2.95,0,2.95
0.4,10.4,0.00,0.00,0,2.95,0,27.52,0,2.95,0,2.95
0.4,10.4,0.00,0.00,0,2.95,0,27.52,0,2.95,0,2.95
0.0,10.4,0.00,0.00,0,2.95,0,27.52,0,2.95,0,2.95
0.2,10.4,0.00,0.00,0,2.95,0,27.52,0,2.95,0,2.95
0.4,10.4,0.00,0.00,0,2.95,0,27.52,0,2.95,0,2.95
0.6,10.4,0.00,0.00,0,2.95,0,27.52,0,2.95,0,2.95
1.9,10.4,0.00,0.00,0,2.95,0,27.52,0,2.95,0,2.95
0.4,10.4,0.00,0.00,0,2.95,0,27.52,0,2.95,0,2.95
0.0,10.4,0.00,0.00,0,2.95,0,27.52,0,2.95,0,2.95
0.4,10.4,0.00,0.00,0,2.95,0,27.52,0,2.95,0,2.95
0.2,10.4,0.00,0.00,0,2.95,0,27.52,0,2.95,0,2.95
0.2,10.4,0.00,0.00,0,2.95,0,27.52,0,2.95,0,2.95
0.2,10.4,0.00,0.00,0,2.95,0,27.52,0,2.95,0,2.95
0.2,10.4,0.00,0.00,0,2.95,0,27.52,0,2.95,0,2.95
0.2,10.4,0.00,0.00,0,2.95,0,27.52,0,2.95,0,2.95
0.4,10.4,0.00,0.00,0,2.95,0,27.52,0,2.95,0,2.95
0.4,10.4,0.00,0.00,0,2.95,0,27.52,0,2.95,0,2.95
0.4,10.4,0.00,0.00,0,2.95,0,27.52,0,2.95,0,2.95
0.2,10.4,0.00,0.00,0,2.95,0,27.52,0,2.95,0,2.95
0.2,10.4,0.00,0.00,0,2.95,0,27.52,0,2.95,0,2.95
0.0,10.4,0.00,0.00,0,2.95,0,27.52,0,2.95,0,2.95
0.2,10.4,0.00,0.00,0,2.95,0,27.52,0,2.95,0,2.95
0.0,10.4,0.00,0.00,0,2.95,0,27.52,0,2.95,0,2.95
0.4,10.4,0.00,0.00,0,2.95,0,27.52,0,2.95,0,2.95
0.4,10.4,0.00,0.00,0,2.95,0,27.52,0,2.95,0,2.95
0.4,10.4,0.00,0.00,0,2.95,0,27.52,0,2.95,0,2.95
0.2,10.4,0.00,0.00,0,2.95,0,27.52,0,2.95,0,2.95
2.3,10.4,0.00,0.00,0,2.95,0,27.52,0,2.95,0,2.95
0.6,10.4,0.00,0.00,0,2.95,0,27.52,0,2.95,0,2.95
0.2,10.4,0.00,0.00,0,2.95,0,27.52,0,2.95,0,2.95
0.0,10.4,0.00,0.00,0,2.95,0,27.52,0,2.95,0,2.95
0.0,10.4,0.00,0.00,0,2.95,0,27.52,0,2.95,0,2.95
0.2,10.4,0.00,0.00,0,2.95,0,27.52,0,2.95,0,2.95
0.4,10.4,0.00,0.00,0,2.95,0,27.52,0,2.95,0,2.95
0.0,10.4,0.00,0.00,0,2.95,0,27.52,0,2.95,0,2.95
0.0,10.4,0.00,0.00,0,2.95,0,27.52,0,2.95,0,2.95
0.2,10.4,0.00,0.00,0,2.95,0,27.52,0,2.95,0,2.95
1.0,10.4,0.00,0.00,0,2.95,0,27.52,0,2.95,0,2.95
0.6,10.4,0.00,0.00,0,2.95,0,27.52,0,2.95,0,2.95
0.2,10.4,0.00,0.00,0,2.95,0,27.52,0,2.95,0,2.95
0.2,10.4,0.00,0.00,0,2.95,0,27.52,0,2.95,0,2.95
0.0,10.4,0.00,0.00,0,2.95,0,27.52,0,2.95,0,2.95
0.4,10.4,0.00,0.00,0,2.95,0,27.52,0,2.95,0,2.95
0.2,10.4,0.00,0.00,0,2.95,0,27.52,0,2.95,0,2.95
0.4,10.4,0.00,0.00,0,2.95,0,27.52,0,2.95,0,2.95
0.2,10.4,0.00,0.00,0,2.95,0,27.52,0,2.95,0,2.95
0.2,10.4,0.00,0.00,0,2.95,0,27.52,0,2.95,0,2.95
0.4,10.4,0.00,0.00,0,2.95,0,27.52,0,2.95,0,2.95
1.9,10.4,0.00,0.00,0,2.95,0,27.52,0,2.95,0,2.95
0.2,10.4,0.00,0.00,0,2.95,0,27.52,0,2.95,0,2.95
0.2,10.4,0.00,0.00,0,2.95,0,27.52,0,2.95,0,2.95
0.2,10.4,0.00,0.00,0,2.95,0,27.52,0,2.95,0,2.95
0.4,10.4,0.00,0.00,0,2.95,0,27.52,0,2.95,0,2.95
0.4,10.4,0.00,0.00,0,2.95,0,27.52,0,2.95,0,2.95
0.0,10.4,0.00,0.00,0,2.95,0,27.52,0,2.95,0,2.95
0.0,10.4,0.00,0.00,0,2.95,0,27.52,0,2.95,0,2.95
0.2,10.4,0.00,0.00,0,2.95,0,27.52,0,2.95,0,2.95
0.6,10.4,0.00,0.00,0,2.95,0,27.52,0,2.95,0,2.95
0.8,10.4,0.00,0.00,0,2.95,0,27.52,0,2.95,0,2.95
0.8,10.4,0.00,0.00,0,2.95,0,27.52,0,2.95,0,2.95
0.2,10.4,0.00,0.00,0,2.95,0,27.52,0,2.95,0,2.95
0.4,10.4,0.00,0.00,0,2.95,0,27.52,0,2.95,0,2.95
0.2,10.4,0.00,0.00,0,2.95,0,27.52,0,2.95,0,2.95
0.2,10.4,0.00,0.00,0,2.95,0,27.52,0,2.95,0,2.95
0.6,10.4,0.00,0.00,0,2.95,0,27.52,0,2.95,0,2.95
0.2,10.4,0.00,0.00,0,2.95,0,27.52,0,2.95,0,2.95
0.2,10.4,0.00,0.00,0,2.95,0,27.52,0,2.95,0,2.95
0.6,10.4,0.00,0.00,0,2.95,0,27.52,0,2.95,0,2.95
0.4,10.4,0.00,0.00,0,2.95,0,27.52,0,2.95,0,2.95
1.7,10.4,0.00,0.00,0,2.95,0,27.52,0,2.95,0,2.95
0.4,10.4,0.00,0.00,0,2.95,0,27.52,0,2.95,0,2.95
0.4,10.4,0.00,0.00,0,2.95,0,27.52,0,2.95,0,2.95
0.4,10.4,0.00,0.00,0,2.95,0,27.52,0,2.95,0,2.95
0.2,10.4,0.00,0.00,0,2.95,0,27.52,0,2.95,0,2.95
0.0,10.4,0.00,0.00,0,2.95,0,27.52,0,2.95,0,2.95
0.2,10.4,0.00,0.00,0,2.95,0,27.52,0,2.95,0,2.95
0.2,10.4,0.00,0.00,0,2.95,0,27.52,0,2.95,0,2.95
0.0,10.4,0.00,0.00,0,2.95,0,27.52,0,2.95,0,2.95
0.8,10.4,0.00,0.00,0,2.95,0,27.52,0,2.95,0,2.95
1.0,10.4,0.00,0.00,0,2.95,0,27.52,0,2.95,0,2.95
0.4,10.4,0.00,0.00,0,2.95,0,27.52,0,2.95,0,2.95
0.4,10.4,0.00,0.00,0,2.95,0,27.52,0,2.95,0,2.95
0.2,10.4,0.00,0.00,0,2.95,0,27.52,0,2.95,0,2.95
0.4,10.4,0.00,0.00,0,2.95,0,27.52,0,2.95,0,2.95
0.2,10.4,0.00,0.00,0,2.95,0,27.52,0,2.95,0,2.95
0.4,10.4,0.00,0.00,0,2.95,0,27.52,0,2.95,0,2.95
0.0,10.4,0.00,0.00,0,2.95,0,27.52,0,2.95,0,2.95
0.2,10.4,0.00,0.00,0,2.95,0,27.52,0,2.95,0,2.95
0.0,10.4,0.00,0.00,0,2.95,0,27.52,0,2.95,0,2.95
0.4,10.4,0.00,0.00,0,2.95,0,27.52,0,2.95,0,2.95
2.1,10.4,0.00,0.00,0,2.95,0,27.52,0,2.95,0,2.95
0.8,10.4,0.00,0.00,0,2.95,0,27.52,0,2.95,0,2.95
0.0,10.4,0.00,0.00,0,2.95,0,27.52,0,2.95,0,2.95
0.4,10.4,0.00,0.00,0,2.95,0,27.52,0,2.95,0,2.95
0.4,10.4,0.00,0.00,0,2.95,0,27.52,0,2.95,0,2.95
0.2,10.4,0.00,0.00,0,2.95,0,27.52,0,2.95,0,2.95
0.2,10.4,0.00,0.00,0,2.95,0,27.52,0,2.95,0,2.95
0.4,10.4,0.00,0.00,0,2.95,0,27.52,0,2.95,0,2.95
0.2,10.4,0.00,0.00,0,2.95,0,27.52,0,2.95,0,2.95
0.4,10.5,0.00,0.00,0,2.95,0,27.52,0,2.95,0,2.95
1.0,10.5,0.00,0.00,0,2.95,0,27.52,0,2.95,0,2.95
0.4,10.5,0.00,0.00,0,2.95,0,27.52,0,2.95,0,2.95
0.2,10.5,0.00,0.00,0,2.95,0,27.52,0,2.95,0,2.95
0.0,10.5,0.00,0.00,0,2.95,0,27.52,0,2.95,0,2.95
0.6,10.5,0.00,0.00,0,2.95,0,27.52,0,2.95,0,2.95
0.0,10.5,0.00,0.00,0,2.95,0,27.52,0,2.95,0,2.95
0.4,10.5,0.00,0.00,0,2.95,0,27.52,0,2.95,0,2.95
0.4,10.5,0.00,0.00,0,2.95,0,27.52,0,2.95,0,2.95
0.2,10.5,0.00,0.00,0,2.95,0,27.52,0,2.95,0,2.95
0.2,10.5,0.00,0.00,0,2.95,0,27.52,0,2.95,0,2.95
0.2,10.5,0.00,0.00,0,2.95,0,27.52,0,2.95,0,2.95
1.7,10.5,0.00,0.00,0,2.95,0,27.52,0,2.95,0,2.95
0.4,10.5,0.00,0.00,0,2.95,0,27.52,0,2.95,0,2.95
0.2,10.5,0.00,0.00,0,2.95,0,27.52,0,2.95,0,2.95
0.0,10.5,0.00,0.00,0,2.95,0,27.52,0,2.95,0,2.95
0.6,10.5,0.00,0.00,0,2.95,0,27.52,0,2.95,0,2.95
0.2,10.5,0.00,0.00,0,2.95,0,27.52,0,2.95,0,2.95
0.0,10.5,0.00,0.00,0,2.95,0,27.52,0,2.95,0,2.95
0.2,10.5,0.00,0.00,0,2.95,0,27.52,0,2.95,0,2.95
0.2,10.5,0.00,0.00,0,2.95,0,27.52,0,2.95,0,2.95
0.8,10.5,0.00,0.00,0,2.95,0,27.52,0,2.95,0,2.95
1.3,10.5,0.00,0.00,0,2.95,0,27.52,0,2.95,0,2.95
0.8,10.5,0.00,0.00,0,2.95,0,27.52,0,2.95,0,2.95
0.2,10.5,0.00,0.00,0,2.95,0,27.52,0,2.95,0,2.95
0.6,10.5,0.00,0.00,0,2.95,0,27.52,0,2.95,0,2.95
0.6,10.5,0.00,0.00,0,2.95,0,27.52,0,2.95,0,2.95
0.4,10.5,0.00,0.00,0,2.95,0,27.52,0,2.95,0,2.95
0.6,10.5,0.00,0.00,0,2.95,0,27.52,0,2.95,0,2.95
0.2,10.5,0.00,0.00,0,2.95,0,27.52,0,2.95,0,2.95
0.4,10.5,0.00,0.00,0,2.95,0,27.52,0,2.95,0,2.95
0.4,10.5,0.00,0.00,0,2.95,0,27.52,0,2.95,0,2.95
0.2,10.5,0.00,0.00,0,2.95,0,27.52,0,2.95,0,2.95
2.1,10.5,0.00,0.00,0,2.95,0,27.52,0,2.95,0,2.95
0.4,10.5,0.00,0.00,0,2.95,0,27.52,0,2.95,0,2.95
0.4,10.5,0.00,0.00,0,2.95,0,27.52,0,2.95,0,2.95
0.2,10.5,0.00,0.00,0,2.95,0,27.52,0,2.95,0,2.95
0.4,10.5,0.00,0.00,0,2.95,0,27.52,0,2.95,0,2.95
0.0,10.5,0.00,0.00,0,2.95,0,27.52,0,2.95,0,2.95
0.6,10.5,0.00,0.00,0,2.95,0,27.52,0,2.95,0,2.95
0.0,10.5,0.00,0.00,0,2.95,0,27.52,0,2.95,0,2.95
0.6,10.5,0.00,0.00,0,2.95,0,27.52,0,2.95,0,2.95
0.2,10.5,0.00,0.00,0,2.95,0,27.52,0,2.95,0,2.95
1.0,10.5,0.00,0.00,0,2.95,0,27.52,0,2.95,0,2.95
0.6,10.5,0.00,0.00,0,2.95,0,27.52,0,2.95,0,2.95
0.2,10.5,0.00,0.00,0,2.95,0,27.52,0,2.95,0,2.95
0.4,10.5,0.00,0.00,0,2.95,0,27.52,0,2.95,0,2.95
0.0,10.5,0.00,0.00,0,2.95,0,27.52,0,2.95,0,2.95
0.6,10.4,0.00,0.00,0,2.95,0,27.52,0,2.95,0,2.95
0.2,10.4,0.00,0.00,0,2.95,0,27.52,0,2.95,0,2.95
0.2,10.5,0.00,0.00,0,2.95,0,27.52,0,2.95,0,2.95
0.2,10.5,0.00,0.00,0,2.95,0,27.52,0,2.95,0,2.95
0.2,10.5,0.00,0.00,0,2.95,0,27.52,0,2.95,0,2.95
0.6,10.5,0.00,0.00,0,2.95,0,27.52,0,2.95,0,2.95
1.5,10.5,0.00,0.00,0,2.95,0,27.52,0,2.95,0,2.95
0.4,10.5,0.00,0.00,0,2.95,0,27.52,0,2.95,0,2.95
0.2,10.5,0.00,0.00,0,2.95,0,27.52,0,2.95,0,2.95
0.4,10.5,0.00,0.00,0,2.95,0,27.52,0,2.95,0,2.95
0.4,10.5,0.00,0.00,0,2.95,0,27.52,0,2.95,0,2.95
0.2,10.5,0.00,0.00,0,2.95,0,27.52,0,2.95,0,2.95
0.0,10.5,0.00,0.00,0,2.95,0,27.52,0,2.95,0,2.95
0.4,10.5,0.00,0.00,0,2.95,0,27.52,0,2.95,0,2.95
0.0,10.5,0.00,0.00,0,2.95,0,27.52,0,2.95,0,2.95
0.4,10.5,0.00,0.00,0,2.95,0,27.52,0,2.95,0,2.95
2.1,10.5,0.00,0.00,0,2.95,0,27.52,0,2.95,0,2.95
0.4,10.5,0.00,0.00,0,2.95,0,27.52,0,2.95,0,2.95
0.0,10.5,0.00,0.00,0,2.95,0,27.52,0,2.95,0,2.95
0.6,10.5,0.00,0.00,0,2.95,0,27.52,0,2.95,0,2.95
0.2,10.5,0.00,0.00,0,2.95,0,27.52,0,2.95,0,2.95
0.2,10.5,0.00,0.00,0,2.95,0,27.52,0,2.95,0,2.95
0.2,10.5,0.00,0.00,0,2.95,0,27.52,0,2.95,0,2.95
0.2,10.5,0.00,0.00,0,2.95,0,27.52,0,2.95,0,2.95
0.0,10.5,0.00,0.00,0,2.95,0,27.52,0,2.95,0,2.95
0.4,10.5,0.00,0.00,0,2.95,0,27.52,0,2.95,0,2.95
0.4,10.5,0.00,0.00,0,2.95,0,27.52,0,2.95,0,2.95
0.6,10.5,0.00,0.00,0,2.95,0,27.52,0,2.95,0,2.95
0.4,10.5,0.00,0.00,0,2.95,0,27.52,0,2.95,0,2.95
0.2,10.5,0.00,0.00,0,2.95,0,27.52,0,2.95,0,2.95
0.2,10.5,0.00,0.00,0,2.95,0,27.52,0,2.95,0,2.95
0.2,10.5,0.00,0.00,0,2.95,0,27.52,0,2.95,0,2.95
0.2,10.5,0.00,0.00,0,2.95,0,27.52,0,2.95,0,2.95
0.2,10.5,0.00,0.00,0,2.95,0,27.52,0,2.95,0,2.95
0.4,10.5,0.00,0.00,0,2.95,0,27.52,0,2.95,0,2.95
0.6,10.5,0.00,0.00,0,2.95,0,27.52,0,2.95,0,2.95
0.6,10.5,0.00,0.00,0,2.95,0,27.52,0,2.95,0,2.95
2.5,10.5,0.00,0.00,0,2.95,0,27.52,0,2.95,0,2.95
0.4,10.5,0.00,0.00,0,2.95,0,27.52,0,2.95,0,2.95
0.2,10.5,0.00,0.00,0,2.95,0,27.52,0,2.95,0,2.95
0.4,10.5,0.00,0.00,0,2.95,0,27.52,0,2.95,0,2.95
0.2,10.5,0.00,0.00,0,2.95,0,27.52,0,2.95,0,2.95
0.2,10.5,0.00,0.00,0,2.95,0,27.52,0,2.95,0,2.95
0.6,10.5,0.00,0.00,0,2.95,0,27.52,0,2.95,0,2.95
1.6,10.5,0.00,0.00,0,2.95,0,27.52,0,2.95,0,2.95
0.2,10.5,0.00,0.00,0,2.95,0,27.52,0,2.95,0,2.95
0.4,10.5,0.00,0.00,0,2.95,0,27.52,0,2.95,0,2.95
1.0,10.5,0.00,0.00,0,2.95,0,27.52,0,2.95,0,2.95
0.4,10.5,0.00,0.00,0,2.95,0,27.52,0,2.95,0,2.95
0.6,10.5,0.00,0.00,0,2.95,0,27.52,0,2.95,0,2.95
0.2,10.5,0.00,0.00,0,2.95,0,27.52,0,2.95,0,2.95
0.4,10.5,0.00,0.00,0,2.95,0,27.52,0,2.95,0,2.95
0.4,10.5,0.00,0.00,0,2.95,0,27.52,0,2.95,0,2.95
0.4,10.5,0.00,0.00,0,2.95,0,27.52,0,2.95,0,2.95
0.2,10.5,0.00,0.00,0,2.95,0,27.52,0,2.95,0,2.95
0.4,10.5,0.00,0.00,0,2.95,0,27.52,0,2.95,0,2.95
0.2,10.5,0.00,0.00,0,2.95,0,27.52,0,2.95,0,2.95
0.0,10.5,0.00,0.00,0,2.95,0,27.52,0,2.95,0,2.95
1.9,10.5,0.00,0.00,0,2.95,0,27.52,0,2.95,0,2.95
0.4,10.5,0.00,0.00,0,2.95,0,27.52,0,2.95,0,2.95
0.0,10.5,0.00,0.00,0,2.95,0,27.52,0,2.95,0,2.95
0.4,10.5,0.00,0.00,0,2.95,0,27.52,0,2.95,0,2.95
0.0,10.5,0.00,0.00,0,2.95,0,27.52,0,2.95,0,2.95
0.4,10.5,0.00,0.00,0,2.95,0,27.52,0,2.95,0,2.95
0.0,10.5,0.00,0.00,0,2.95,0,27.52,0,2.95,0,2.95
0.0,10.5,0.00,0.00,0,2.95,0,27.52,0,2.95,0,2.95
0.4,10.5,0.00,0.00,0,2.95,0,27.52,0,2.95,0,2.95
0.0,10.5,0.00,0.00,0,2.95,0,27.52,0,2.95,0,2.95
0.2,10.5,0.00,0.00,0,2.95,0,27.52,0,2.95,0,2.95
0.6,10.5,0.00,0.00,0,2.95,0,27.52,0,2.95,0,2.95
0.4,10.5,0.00,0.00,0,2.95,0,27.52,0,2.95,0,2.95
0.2,10.5,0.00,0.00,0,2.95,0,27.52,0,2.95,0,2.95
0.2,10.5,0.00,0.00,0,2.95,0,27.52,0,2.95,0,2.95
0.2,10.5,0.00,0.00,0,2.95,0,27.52,0,2.95,0,2.95
0.4,10.5,0.00,0.00,0,2.95,0,27.52,0,2.95,0,2.95
0.6,10.5,0.00,0.00,0,2.95,0,27.52,0,2.95,0,2.95
0.4,10.5,0.00,0.00,0,2.95,0,27.52,0,2.95,0,2.95
0.6,10.5,0.00,0.00,0,2.95,0,27.52,0,2.95,0,2.95
0.2,10.5,0.00,0.00,0,2.95,0,27.52,0,2.95,0,2.95
2.3,10.5,0.00,0.00,0,2.95,0,27.52,0,2.95,0,2.95
0.2,10.5,0.00,0.00,0,2.95,0,27.52,0,2.95,0,2.95
0.2,10.5,0.00,0.00,0,2.95,0,27.52,0,2.95,0,2.95
0.4,10.5,0.00,0.00,0,2.95,0,27.52,0,2.95,0,2.95
0.2,10.5,0.00,0.00,0,2.95,0,27.52,0,2.95,0,2.95
0.2,10.5,0.00,0.00,0,2.95,0,27.52,0,2.95,0,2.95
0.2,10.5,0.00,0.00,0,2.95,0,27.52,0,2.95,0,2.95
0.2,10.5,0.00,0.00,0,2.95,0,27.52,0,2.95,0,2.95
0.4,10.5,0.00,0.00,0,2.95,0,27.52,0,2.95,0,2.95
0.4,10.5,0.00,0.00,0,2.95,0,27.52,0,2.95,0,2.95
0.4,10.5,0.00,0.00,0,2.95,0,27.52,0,2.95,0,2.95
0.4,10.5,0.00,0.00,0,2.95,0,27.52,0,2.95,0,2.95
0.2,10.5,0.00,0.00,0,2.95,0,27.52,0,2.95,0,2.95
0.2,10.5,0.00,0.00,0,2.95,0,27.52,0,2.95,0,2.95
0.2,10.5,0.00,0.00,0,2.95,0,27.52,0,2.95,0,2.95
0.6,10.5,0.00,0.00,0,2.95,0,27.52,0,2.95,0,2.95
0.2,10.5,0.00,0.00,0,2.95,0,27.52,0,2.95,0,2.95
0.2,10.5,0.00,0.00,0,2.95,0,27.52,0,2.95,0,2.95
0.2,10.5,0.00,0.00,0,2.95,0,27.52,0,2.95,0,2.95
0.2,10.5,0.00,0.00,0,2.95,0,27.52,0,2.95,0,2.95
0.2,10.5,0.00,0.00,0,2.95,0,27.52,0,2.95,0,2.95
2.3,10.5,0.00,0.00,0,2.95,0,27.52,0,2.95,0,2.95
0.4,10.5,0.00,0.00,0,2.95,0,27.52,0,2.95,0,2.95
0.2,10.5,0.00,0.00,0,2.95,0,27.52,0,2.95,0,2.95
0.4,10.5,0.00,0.00,0,2.95,0,27.52,0,2.95,0,2.95
0.0,10.5,0.00,0.00,0,2.95,0,27.52,0,2.95,0,2.95
0.2,10.5,0.00,0.00,0,2.95,0,27.52,0,2.95,0,2.95
0.0,10.5,0.00,0.00,0,2.95,0,27.52,0,2.95,0,2.95
0.2,10.5,0.00,0.00,0,2.95,0,27.52,0,2.95,0,2.95
0.2,10.5,0.00,0.00,0,2.95,0,27.52,0,2.95,0,2.95
0.8,10.5,0.00,0.00,0,2.95,0,27.52,0,2.95,0,2.95
0.8,10.5,0.00,0.00,0,2.95,0,27.52,0,2.95,0,2.95
0.6,10.5,0.00,0.00,0,2.95,0,27.52,0,2.95,0,2.95
0.4,10.5,0.00,0.00,0,2.95,0,27.52,0,2.95,0,2.95
0.4,10.5,0.00,0.00,0,2.95,0,27.52,0,2.95,0,2.95
0.4,10.5,0.00,0.00,0,2.95,0,27.52,0,2.95,0,2.95
0.4,10.5,0.00,0.00,0,2.95,0,27.52,0,2.95,0,2.95
0.4,10.5,0.00,0.00,0,2.95,0,27.52,0,2.95,0,2.95
0.2,10.5,0.00,0.00,0,2.95,0,27.52,0,2.95,0,2.95
0.2,10.5,0.00,0.00,0,2.95,0,27.52,0,2.95,0,2.95
0.2,10.5,0.00,0.00,0,2.95,0,27.52,0,2.95,0,2.95
0.4,10.5,0.00,0.00,0,2.95,0,27.52,0,2.95,0,2.95
2.1,10.5,0.00,0.00,0,2.95,0,27.52,0,2.95,0,2.95
0.4,10.5,0.00,0.00,0,2.95,0,27.52,0,2.95,0,2.95
0.6,10.5,0.00,0.00,0,2.95,0,27.52,0,2.95,0,2.95
0.6,10.5,0.00,0.00,0,2.95,0,27.52,0,2.95,0,2.95
0.6,10.5,0.00,0.00,0,2.95,0,27.52,0,2.95,0,2.95
0.4,10.5,0.00,0.00,0,2.95,0,27.52,0,2.95,0,2.95
0.2,10.5,0.00,0.00,0,2.95,0,27.52,0,2.95,0,2.95
0.0,10.5,0.00,0.00,0,2.95,0,27.52,0,2.95,0,2.95
0.4,10.5,0.00,0.00,0,2.95,0,27.52,0,2.95,0,2.95
0.2,10.5,0.00,0.00,0,2.95,0,27.52,0,2.95,0,2.95
1.5,10.5,0.00,0.00,0,2.95,0,27.52,0,2.95,0,2.95
0.0,10.5,0.00,0.00,0,2.95,0,27.52,0,2.95,0,2.95
0.4,10.5,0.00,0.00,0,2.95,0,27.52,0,2.95,0,2.95
0.4,10.5,0.00,0.00,0,2.95,0,27.52,0,2.95,0,2.95
0.6,10.5,0.00,0.00,0,2.95,0,27.52,0,2.95,0,2.95
0.2,10.5,0.00,0.00,0,2.95,0,27.52,0,2.95,0,2.95
0.0,10.5,0.00,0.00,0,2.95,0,27.52,0,2.95,0,2.95
0.0,10.5,0.00,0.00,0,2.95,0,27.52,0,2.95,0,2.95
0.4,10.5,0.00,0.00,0,2.95,0,27.52,0,2.95,0,2.95
0.6,10.5,0.00,0.00,0,2.95,0,27.52,0,2.95,0,2.95
0.2,10.5,0.00,0.00,0,2.95,0,27.52,0,2.95,0,2.95
0.6,10.5,0.00,0.00,0,2.95,0,27.52,0,2.95,0,2.95
0.2,10.5,0.00,0.00,0,2.95,0,27.52,0,2.95,0,2.95
0.0,10.5,0.00,0.00,0,2.95,0,27.52,0,2.95,0,2.95
0.2,10.5,0.00,0.00,0,2.95,0,27.52,0,2.95,0,2.95
0.0,10.5,0.00,0.00,0,2.95,0,27.52,0,2.95,0,2.95
0.2,10.4,0.00,0.00,0,2.95,0,27.52,0,2.95,0,2.95
0.0,10.4,0.00,0.00,0,2.95,0,27.52,0,2.95,0,2.95
0.4,10.4,0.00,0.00,0,2.95,0,27.52,0,2.95,0,2.95
0.2,10.4,0.00,0.00,0,2.95,0,27.52,0,2.95,0,2.95
0.4,10.4,0.00,0.00,0,2.95,0,27.52,0,2.95,0,2.95
2.1,10.4,0.00,0.00,0,2.95,0,27.52,0,2.95,0,2.95
0.2,10.4,0.00,0.00,0,2.95,0,27.52,0,2.95,0,2.95
0.4,10.4,0.00,0.00,0,2.95,0,27.52,0,2.95,0,2.95
0.2,10.4,0.00,0.00,0,2.95,0,27.52,0,2.95,0,2.95
0.4,10.4,0.00,0.00,0,2.95,0,27.52,0,2.95,0,2.95
0.0,10.4,0.00,0.00,0,2.95,0,27.52,0,2.95,0,2.95
0.4,10.4,0.00,0.00,0,2.95,0,27.52,0,2.95,0,2.95
0.0,10.4,0.00,0.00,0,2.95,0,27.52,0,2.95,0,2.95
0.6,10.4,0.00,0.00,0,2.95,0,27.52,0,2.95,0,2.95
0.0,10.4,0.00,0.00,0,2.95,0,27.52,0,2.95,0,2.95
0.4,10.4,0.00,0.00,0,2.95,0,27.52,0,2.95,0,2.95
0.4,10.4,0.00,0.00,0,2.95,0,27.52,0,2.95,0,2.95
0.2,10.4,0.00,0.00,0,2.95,0,27.52,0,2.95,0,2.95
0.2,10.4,0.00,0.00,0,2.95,0,27.52,0,2.95,0,2.95
0.2,10.4,0.00,0.00,0,2.95,0,27.52,0,2.95,0,2.95
0.6,10.4,0.00,0.00,0,2.95,0,27.52,0,2.95,0,2.95
0.2,10.4,0.00,0.00,0,2.95,0,27.52,0,2.95,0,2.95
0.4,10.4,0.00,0.00,0,2.95,0,27.52,0,2.95,0,2.95
0.6,10.4,0.00,0.00,0,2.95,0,27.52,0,2.95,0,2.95
0.6,10.4,0.00,0.00,0,2.95,0,27.52,0,2.95,0,2.95
0.4,10.4,0.00,0.00,0,2.95,0,27.52,0,2.95,0,2.95
2.3,10.4,0.00,0.00,0,2.95,0,27.52,0,2.95,0,2.95
0.6,10.4,0.00,0.00,0,2.95,0,27.52,0,2.95,0,2.95
0.4,10.4,0.00,0.00,0,2.95,0,27.52,0,2.95,0,2.95
0.6,10.4,0.00,0.00,0,2.95,0,27.52,0,2.95,0,2.95
0.4,10.4,0.00,0.00,0,2.95,0,27.52,0,2.95,0,2.95
0.4,10.4,0.00,0.00,0,2.95,0,27.52,0,2.95,0,2.95
0.0,10.4,0.00,0.00,0,2.95,0,27.52,0,2.95,0,2.95
0.2,10.4,0.00,0.00,0,2.95,0,27.52,0,2.95,0,2.95
0.2,10.4,0.00,0.00,0,2.95,0,27.52,0,2.95,0,2.95
0.6,10.4,0.00,0.00,0,2.95,0,27.52,0,2.95,0,2.95
0.6,10.4,0.00,0.00,0,2.95,0,27.52,0,2.95,0,2.95
0.6,10.4,0.00,0.00,0,2.95,0,27.52,0,2.95,0,2.95
0.2,10.4,0.00,0.00,0,2.95,0,27.52,0,2.95,0,2.95
0.6,10.4,0.00,0.00,0,2.95,0,27.52,0,2.95,0,2.95
0.2,10.4,0.00,0.00,0,2.95,0,27.52,0,2.95,0,2.95
0.2,10.4,0.00,0.00,0,2.95,0,27.52,0,2.95,0,2.95
0.0,10.4,0.00,0.00,0,2.95,0,27.52,0,2.95,0,2.95
0.0,10.4,0.00,0.00,0,2.95,0,27.52,0,2.95,0,2.95
0.2,10.4,0.00,0.00,0,2.95,0,27.52,0,2.95,0,2.95
0.0,10.4,0.00,0.00,0,2.95,0,27.52,0,2.95,0,2.95
0.2,10.4,0.00,0.00,0,2.95,0,27.52,0,2.95,0,2.95
2.3,10.4,0.00,0.00,0,2.95,0,27.52,0,2.95,0,2.95
0.6,10.4,0.00,0.00,0,2.95,0,27.52,0,2.95,0,2.95
0.2,10.4,0.00,0.00,0,2.95,0,27.52,0,2.95,0,2.95
0.4,10.4,0.00,0.00,0,2.95,0,27.52,0,2.95,0,2.95
0.6,10.4,0.00,0.00,0,2.95,0,27.52,0,2.95,0,2.95
0.0,10.4,0.00,0.00,0,2.95,0,27.52,0,2.95,0,2.95
0.2,10.4,0.00,0.00,0,2.95,0,27.52,0,2.95,0,2.95
0.4,10.4,0.00,0.00,0,2.95,0,27.52,0,2.95,0,2.95
0.0,10.4,0.00,0.00,0,2.95,0,27.52,0,2.95,0,2.95
0.2,10.4,0.00,0.00,0,2.95,0,27.52,0,2.95,0,2.95
0.4,10.4,0.00,0.00,0,2.95,0,27.52,0,2.95,0,2.95
0.4,10.4,0.00,0.00,0,2.95,0,27.52,0,2.95,0,2.95
0.0,10.4,0.00,0.00,0,2.95,0,27.52,0,2.95,0,2.95
0.2,10.4,0.00,0.00,0,2.95,0,27.52,0,2.95,0,2.95
0.2,10.4,0.00,0.00,0,2.95,0,27.52,0,2.95,0,2.95
0.4,10.4,0.00,0.00,0,2.95,0,27.52,0,2.95,0,2.95
0.4,10.4,0.00,0.00,0,2.95,0,27.52,0,2.95,0,2.95
0.4,10.4,0.00,0.00,0,2.95,0,27.52,0,2.95,0,2.95
0.4,10.4,0.00,0.00,0,2.95,0,27.52,0,2.95,0,2.95
0.2,10.4,0.00,0.00,0,2.95,0,27.52,0,2.95,0,2.95
0.4,10.4,0.00,0.00,0,2.95,0,27.52,0,2.95,0,2.95
2.3,10.4,0.00,0.00,0,2.95,0,27.52,0,2.95,0,2.95
0.6,10.4,0.00,0.00,0,2.95,0,27.52,0,2.95,0,2.95
0.0,10.4,0.00,0.00,0,2.95,0,27.52,0,2.95,0,2.95
0.4,10.4,0.00,0.00,0,2.95,0,27.52,0,2.95,0,2.95
0.6,10.4,0.00,0.00,0,2.95,0,27.52,0,2.95,0,2.95
0.4,10.4,0.00,0.00,0,2.95,0,27.52,0,2.95,0,2.95
0.2,10.4,0.00,0.00,0,2.95,0,27.52,0,2.95,0,2.95
0.2,10.4,0.00,0.00,0,2.95,0,27.52,0,2.95,0,2.95
0.6,10.4,0.00,0.00,0,2.95,0,27.52,0,2.95,0,2.95
0.6,10.4,0.00,0.00,0,2.95,0,27.52,0,2.95,0,2.95
0.4,10.4,0.00,0.00,0,2.95,0,27.52,0,2.95,0,2.95
0.6,10.4,0.00,0.00,0,2.95,0,27.52,0,2.95,0,2.95
0.0,10.4,0.00,0.00,0,2.95,0,27.52,0,2.95,0,2.95
0.0,10.4,0.00,0.00,0,2.95,0,27.52,0,2.95,0,2.95
0.4,10.4,0.00,0.00,0,2.95,0,27.52,0,2.95,0,2.95
0.6,10.4,0.00,0.00,0,2.95,0,27.52,0,2.95,0,2.95
0.4,10.4,0.00,0.00,0,2.95,0,27.52,0,2.95,0,2.95
0.0,10.4,0.00,0.00,0,2.95,0,27.52,0,2.95,0,2.95
0.4,10.4,0.00,0.00,0,2.95,0,27.52,0,2.95,0,2.95
0.4,10.4,0.00,0.00,0,2.95,0,27.52,0,2.95,0,2.95
0.4,10.4,0.00,0.00,0,2.95,0,27.52,0,2.95,0,2.95
2.5,10.4,0.00,0.00,0,2.95,0,27.52,0,2.95,0,2.95
0.2,10.4,0.00,0.00,0,2.95,0,27.52,0,2.95,0,2.95
0.2,10.4,0.00,0.00,0,2.95,0,27.52,0,2.95,0,2.95
0.4,10.4,0.00,0.00,0,2.95,0,27.52,0,2.95,0,2.95
0.4,10.4,0.00,0.00,0,2.95,0,27.52,0,2.95,0,2.95
0.0,10.4,0.00,0.00,0,2.95,0,27.52,0,2.95,0,2.95
0.2,10.4,0.00,0.00,0,2.95,0,27.52,0,2.95,0,2.95
0.4,10.4,0.00,0.00,0,2.95,0,27.52,0,2.95,0,2.95
0.4,10.4,0.00,0.00,0,2.95,0,27.52,0,2.95,0,2.95
1.4,10.4,0.00,0.00,0,2.95,0,27.52,0,2.95,0,2.95
1.6,10.4,0.00,0.00,0,2.95,0,27.52,0,2.95,0,2.95
0.4,10.4,0.00,0.00,0,2.95,0,27.52,0,2.95,0,2.95
0.0,10.4,0.00,0.00,0,2.95,0,27.52,0,2.95,0,2.95
0.4,10.4,0.00,0.00,0,2.95,0,27.52,0,2.95,0,2.95
0.0,10.4,0.00,0.00,0,2.95,0,27.52,0,2.95,0,2.95
0.2,10.4,0.00,0.00,0,2.95,0,27.52,0,2.95,0,2.95
0.2,10.4,0.00,0.00,0,2.95,0,27.52,0,2.95,0,2.95
0.2,10.4,0.00,0.00,0,2.95,0,27.52,0,2.95,0,2.95
0.4,10.4,0.00,0.00,0,2.95,0,27.52,0,2.95,0,2.95
0.4,10.4,0.00,0.00,0,2.95,0,27.52,0,2.95,0,2.95
0.4,10.4,0.00,0.00,0,2.95,0,27.52,0,2.95,0,2.95
1.7,10.4,0.00,0.00,0,2.95,0,27.52,0,2.95,0,2.95
0.4,10.4,0.00,0.00,0,2.95,0,27.52,0,2.95,0,2.95
0.0,10.4,0.00,0.00,0,2.95,0,27.52,0,2.95,0,2.95
0.0,10.4,0.00,0.00,0,2.95,0,27.52,0,2.95,0,2.95
0.0,10.4,0.00,0.00,0,2.95,0,27.52,0,2.95,0,2.95
0.0,10.4,0.00,0.00,0,2.95,0,27.52,0,2.95,0,2.95
0.0,10.4,0.00,0.00,0,2.95,0,27.52,0,2.95,0,2.95
0.6,10.4,0.00,0.00,0,2.95,0,27.52,0,2.95,0,2.95
0.4,10.4,0.00,0.00,0,2.95,0,27.52,0,2.95,0,2.95
0.4,10.4,0.00,0.00,0,2.95,0,27.52,0,2.95,0,2.95
1.0,10.4,0.00,0.00,0,2.95,0,27.52,0,2.95,0,2.95
0.2,10.4,0.00,0.00,0,2.95,0,27.52,0,2.95,0,2.95
0.4,10.4,0.00,0.00,0,2.95,0,27.52,0,2.95,0,2.95
0.4,10.4,0.00,0.00,0,2.95,0,27.52,0,2.95,0,2.95
0.0,10.4,0.00,0.00,0,2.95,0,27.52,0,2.95,0,2.95
0.4,10.4,0.00,0.00,0,2.95,0,27.52,0,2.95,0,2.95
0.2,10.4,0.00,0.00,0,2.95,0,27.52,0,2.95,0,2.95
0.4,10.4,0.00,0.00,0,2.95,0,27.52,0,2.95,0,2.95
0.0,10.4,0.00,0.00,0,2.95,0,27.52,0,2.95,0,2.95
0.2,10.4,0.00,0.00,0,2.95,0,27.52,0,2.95,0,2.95
0.4,10.4,0.00,0.00,0,2.95,0,27.52,0,2.95,0,2.95
1.7,10.4,0.00,0.00,0,2.95,0,27.52,0,2.95,0,2.95
0.2,10.4,0.00,0.00,0,2.95,0,27.52,0,2.95,0,2.95
0.0,10.4,0.00,0.00,0,2.95,0,27.52,0,2.95,0,2.95
0.2,10.4,0.00,0.00,0,2.95,0,27.52,0,2.95,0,2.95
0.4,10.4,0.00,0.00,0,2.95,0,27.52,0,2.95,0,2.95
0.0,10.4,0.00,0.00,0,2.95,0,27.52,0,2.95,0,2.95
0.4,10.4,0.00,0.00,0,2.95,0,27.52,0,2.95,0,2.95
0.2,10.4,0.00,0.00,0,2.95,0,27.52,0,2.95,0,2.95
0.0,10.4,0.00,0.00,0,2.95,0,27.52,0,2.95,0,2.95
0.4,10.4,0.00,0.00,0,2.95,0,27.52,0,2.95,0,2.95
0.8,10.4,0.00,0.00,0,2.95,0,27.52,0,2.95,0,2.95
0.4,10.4,0.00,0.00,0,2.95,0,27.52,0,2.95,0,2.95
0.2,10.4,0.00,0.00,0,2.95,0,27.52,0,2.95,0,2.95
0.2,10.4,0.00,0.00,0,2.95,0,27.52,0,2.95,0,2.95
0.0,10.4,0.00,0.00,0,2.95,0,27.52,0,2.95,0,2.95
0.2,10.4,0.00,0.00,0,2.95,0,27.52,0,2.95,0,2.95
0.2,10.4,0.00,0.00,0,2.95,0,27.52,0,2.95,0,2.95
0.6,10.4,0.00,0.00,0,2.95,0,27.52,0,2.95,0,2.95
0.0,10.4,0.00,0.00,0,2.95,0,27.52,0,2.95,0,2.95
0.2,10.4,0.00,0.00,0,2.95,0,27.52,0,2.95,0,2.95
0.6,10.4,0.00,0.00,0,2.95,0,27.52,0,2.95,0,2.95
1.7,10.4,0.00,0.00,0,2.95,0,27.52,0,2.95,0,2.95
0.6,10.4,0.00,0.00,0,2.95,0,27.52,0,2.95,0,2.95
0.2,10.4,0.00,0.00,0,2.95,0,27.52,0,2.95,0,2.95
0.4,10.4,0.00,0.00,0,2.95,0,27.52,0,2.95,0,2.95
0.2,10.4,0.00,0.00,0,2.95,0,27.52,0,2.95,0,2.95
0.0,10.4,0.00,0.00,0,2.95,0,27.52,0,2.95,0,2.95
0.4,10.4,0.00,0.00,0,2.95,0,27.52,0,2.95,0,2.95
0.2,10.4,0.00,0.00,0,2.95,0,27.52,0,2.95,0,2.95
0.6,10.4,0.00,0.00,0,2.95,0,27.52,0,2.95,0,2.95
0.6,10.4,0.00,0.00,0,2.95,0,27.52,0,2.95,0,2.95
1.0,10.4,0.00,0.00,0,2.95,0,27.52,0,2.95,0,2.95
0.6,10.4,0.00,0.00,0,2.95,0,27.52,0,2.95,0,2.95
0.4,10.4,0.00,0.00,0,2.95,0,27.52,0,2.95,0,2.95
0.6,10.4,0.00,0.00,0,2.95,0,27.52,0,2.95,0,2.95
0.6,10.4,0.00,0.00,0,2.95,0,27.52,0,2.95,0,2.95
0.6,10.4,0.00,0.00,0,2.95,0,27.52,0,2.95,0,2.95
0.2,10.4,0.00,0.00,0,2.95,0,27.52,0,2.95,0,2.95
0.2,10.4,0.00,0.00,0,2.95,0,27.52,0,2.95,0,2.95
0.2,10.4,0.00,0.00,0,2.95,0,27.52,0,2.95,0,2.95
0.4,10.4,0.00,0.00,0,2.95,0,27.52,0,2.95,0,2.95
0.8,10.4,0.00,0.00,0,2.95,0,27.52,0,2.95,0,2.95
1.5,10.4,0.00,0.00,0,2.95,0,27.52,0,2.95,0,2.95
1.0,10.4,0.00,0.00,0,2.95,0,27.52,0,2.95,0,2.95
0.4,10.4,0.00,0.00,0,2.95,0,27.52,0,2.95,0,2.95
0.4,10.4,0.00,0.00,0,2.95,0,27.52,0,2.95,0,2.95
0.2,10.4,0.00,0.00,0,2.95,0,27.52,0,2.95,0,2.95
0.4,10.4,0.00,0.00,0,2.95,0,27.52,0,2.95,0,2.95
0.4,10.4,0.00,0.00,0,2.95,0,27.52,0,2.95,0,2.95
0.4,10.4,0.00,0.00,0,2.95,0,27.52,0,2.95,0,2.95
0.0,10.4,0.00,0.00,0,2.95,0,27.52,0,2.95,0,2.95
0.4,10.4,0.00,0.00,0,2.95,0,27.52,0,2.95,0,2.95
1.0,10.4,0.00,0.00,0,2.95,0,27.52,0,2.95,0,2.95
0.4,10.4,0.00,0.00,0,2.95,0,27.52,0,2.95,0,2.95
0.0,10.4,0.00,0.00,0,2.95,0,27.52,0,2.95,0,2.95
0.4,10.4,0.00,0.00,0,2.95,0,27.52,0,2.95,0,2.95
0.4,10.4,0.00,0.00,0,2.95,0,27.52,0,2.95,0,2.95
0.4,10.4,0.00,0.00,0,2.95,0,27.52,0,2.95,0,2.95
0.4,10.4,0.00,0.00,0,2.95,0,27.52,0,2.95,0,2.95
0.4,10.4,0.00,0.00,0,2.95,0,27.52,0,2.95,0,2.95
0.4,10.4,0.00,0.00,0,2.95,0,27.52,0,2.95,0,2.95
0.0,10.4,0.00,0.00,0,2.95,0,27.52,0,2.95,0,2.95
0.4,10.4,0.00,0.00,0,2.95,0,27.52,0,2.95,0,2.95
1.7,10.4,0.00,0.00,0,2.95,0,27.52,0,2.95,0,2.95
0.6,10.4,0.00,0.00,0,2.95,0,27.52,0,2.95,0,2.95
0.6,10.4,0.00,0.00,0,2.95,0,27.52,0,2.95,0,2.95
0.6,10.4,0.00,0.00,0,2.95,0,27.52,0,2.95,0,2.95
0.2,10.4,0.00,0.00,0,2.95,0,27.52,0,2.95,0,2.95
0.4,10.4,0.00,0.00,0,2.95,0,27.52,0,2.95,0,2.95
0.2,10.4,0.00,0.00,0,2.95,0,27.52,0,2.95,0,2.95
0.2,10.4,0.00,0.00,0,2.95,0,27.52,0,2.95,0,2.95
0.4,10.4,0.00,0.00,0,2.95,0,27.52,0,2.95,0,2.95
0.2,10.4,0.00,0.00,0,2.95,0,27.52,0,2.95,0,2.95
0.8,10.4,0.00,0.00,0,2.95,0,27.52,0,2.95,0,2.95
0.2,10.4,0.00,0.00,0,2.95,0,27.52,0,2.95,0,2.95
0.2,10.4,0.00,0.00,0,2.95,0,27.52,0,2.95,0,2.95
0.2,10.4,0.00,0.00,0,2.95,0,27.52,0,2.95,0,2.95
0.2,10.4,0.00,0.00,0,2.95,0,27.52,0,2.95,0,2.95
0.2,10.4,0.00,0.00,0,2.95,0,27.52,0,2.95,0,2.95
0.2,10.4,0.00,0.00,0,2.95,0,27.52,0,2.95,0,2.95
0.2,10.4,0.00,0.00,0,2.95,0,27.52,0,2.95,0,2.95
0.4,10.4,0.00,0.00,0,2.95,0,27.52,0,2.95,0,2.95
0.2,10.4,0.00,0.00,0,2.95,0,27.52,0,2.95,0,2.95
0.2,10.4,0.00,0.00,0,2.95,0,27.52,0,2.95,0,2.95
1.9,10.4,0.00,0.00,0,2.95,0,27.52,0,2.95,0,2.95
0.2,10.4,0.00,0.00,0,2.95,0,27.52,0,2.95,0,2.95
0.4,10.4,0.00,0.00,0,2.95,0,27.52,0,2.95,0,2.95
0.0,10.4,0.00,0.00,0,2.95,0,27.52,0,2.95,0,2.95
0.4,10.4,0.00,0.00,0,2.95,0,27.52,0,2.95,0,2.95
0.2,10.4,0.00,0.00,0,2.95,0,27.52,0,2.95,0,2.95
0.6,10.4,0.00,0.00,0,2.95,0,27.52,0,2.95,0,2.95
0.2,10.4,0.00,0.00,0,2.95,0,27.52,0,2.95,0,2.95
0.4,10.4,0.00,0.00,0,2.95,0,27.52,0,2.95,0,2.95
0.4,10.4,0.00,0.00,0,2.95,0,27.52,0,2.95,0,2.95
0.8,10.4,0.00,0.00,0,2.95,0,27.52,0,2.95,0,2.95
0.2,10.4,0.00,0.00,0,2.95,0,27.52,0,2.95,0,2.95
0.2,10.4,0.00,0.00,0,2.95,0,27.52,0,2.95,0,2.95
0.2,10.4,0.00,0.00,0,2.95,0,27.52,0,2.95,0,2.95
0.2,10.4,0.00,0.00,0,2.95,0,27.52,0,2.95,0,2.95
0.8,10.4,0.00,0.00,0,2.95,0,27.52,0,2.95,0,2.95
0.4,10.4,0.00,0.00,0,2.95,0,27.52,0,2.95,0,2.95
0.2,10.4,0.00,0.00,0,2.95,0,27.52,0,2.95,0,2.95
0.0,10.4,0.00,0.00,0,2.95,0,27.52,0,2.95,0,2.95
0.2,10.4,0.00,0.00,0,2.95,0,27.52,0,2.95,0,2.95
0.0,10.4,0.00,0.00,0,2.95,0,27.52,0,2.95,0,2.95
1.9,10.4,0.00,0.00,0,2.95,0,27.52,0,2.95,0,2.95
0.4,10.4,0.00,0.00,0,2.95,0,27.52,0,2.95,0,2.95
0.2,10.4,0.00,0.00,0,2.95,0,27.52,0,2.95,0,2.95
0.6,10.4,0.00,0.00,0,2.95,0,27.52,0,2.95,0,2.95
0.0,10.4,0.00,0.00,0,2.95,0,27.52,0,2.95,0,2.95
0.4,10.4,0.00,0.00,0,2.95,0,27.52,0,2.95,0,2.95
0.4,10.4,0.00,0.00,0,2.95,0,27.52,0,2.95,0,2.95
0.2,10.4,0.00,0.00,0,2.95,0,27.52,0,2.95,0,2.95
0.4,10.4,0.00,0.00,0,2.95,0,27.52,0,2.95,0,2.95
0.4,10.4,0.00,0.00,0,2.95,0,27.52,0,2.95,0,2.95
1.3,10.4,0.00,0.00,0,2.95,0,27.52,0,2.95,0,2.95
0.4,10.4,0.00,0.00,0,2.95,0,27.52,0,2.95,0,2.95
0.0,10.4,0.00,0.00,0,2.95,0,27.52,0,2.95,0,2.95
0.4,10.4,0.00,0.00,0,2.95,0,27.52,0,2.95,0,2.95
0.4,10.4,0.00,0.00,0,2.95,0,27.52,0,2.95,0,2.95
0.4,10.4,0.00,0.00,0,2.95,0,27.52,0,2.95,0,2.95
0.0,10.4,0.00,0.00,0,2.95,0,27.52,0,2.95,0,2.95
0.2,10.4,0.00,0.00,0,2.95,0,27.52,0,2.95,0,2.95
0.2,10.4,0.00,0.00,0,2.95,0,27.52,0,2.95,0,2.95
0.2,10.4,0.00,0.00,0,2.95,0,27.52,0,2.95,0,2.95
0.2,10.4,0.00,0.00,0,2.95,0,27.52,0,2.95,0,2.95
2.1,10.4,0.00,0.00,0,2.95,0,27.52,0,2.95,0,2.95
0.8,10.4,0.00,0.00,0,2.95,0,27.52,0,2.95,0,2.95
0.4,10.4,0.00,0.00,0,2.95,0,27.52,0,2.95,0,2.95
0.2,10.4,0.00,0.00,0,2.95,0,27.52,0,2.95,0,2.95
0.0,10.4,0.00,0.00,0,2.95,0,27.52,0,2.95,0,2.95
0.2,10.4,0.00,0.00,0,2.95,0,27.52,0,2.95,0,2.95
0.2,10.4,0.00,0.00,0,2.95,0,27.52,0,2.95,0,2.95
0.2,10.4,0.00,0.00,0,2.95,0,27.52,0,2.95,0,2.95
0.4,10.4,0.00,0.00,0,2.95,0,27.52,0,2.95,0,2.95
0.4,10.4,0.00,0.00,0,2.95,0,27.52,0,2.95,0,2.95
0.6,10.4,0.00,0.00,0,2.95,0,27.52,0,2.95,0,2.95
0.4,10.4,0.00,0.00,0,2.95,0,27.52,0,2.95,0,2.95
0.2,10.4,0.00,0.00,0,2.95,0,27.52,0,2.95,0,2.95
0.2,10.4,0.00,0.00,0,2.95,0,27.52,0,2.95,0,2.95
0.4,10.4,0.00,0.00,0,2.95,0,27.52,0,2.95,0,2.95
0.2,10.4,0.00,0.00,0,2.95,0,27.52,0,2.95,0,2.95
0.2,10.4,0.00,0.00,0,2.95,0,27.52,0,2.95,0,2.95
0.0,10.4,0.00,0.00,0,2.95,0,27.52,0,2.95,0,2.95
0.0,10.4,0.00,0.00,0,2.95,0,27.52,0,2.95,0,2.95
0.4,10.4,0.00,0.00,0,2.95,0,27.52,0,2.95,0,2.95
0.4,10.4,0.00,0.00,0,2.95,0,27.52,0,2.95,0,2.95
2.1,10.4,0.00,0.00,0,2.95,0,27.52,0,2.95,0,2.95
0.4,10.4,0.00,0.00,0,2.95,0,27.52,0,2.95,0,2.95
0.2,10.4,0.00,0.00,0,2.95,0,27.52,0,2.95,0,2.95
0.0,10.4,0.00,0.00,0,2.95,0,27.52,0,2.95,0,2.95
0.0,10.4,0.00,0.00,0,2.95,0,27.52,0,2.95,0,2.95
0.4,10.4,0.00,0.00,0,2.95,0,27.52,0,2.95,0,2.95
0.4,10.4,0.00,0.00,0,2.95,0,27.52,0,2.95,0,2.95
0.2,10.4,0.00,0.00,0,2.95,0,27.52,0,2.95,0,2.95
0.4,10.4,0.00,0.00,0,2.95,0,27.52,0,2.95,0,2.95
0.2,10.4,0.00,0.00,0,2.95,0,27.52,0,2.95,0,2.95
0.8,10.4,0.00,0.00,0,2.95,0,27.52,0,2.95,0,2.95
0.2,10.4,0.00,0.00,0,2.95,0,27.52,0,2.95,0,2.95
0.4,10.4,0.00,0.00,0,2.95,0,27.52,0,2.95,0,2.95
0.6,10.4,0.00,0.00,0,2.95,0,27.52,0,2.95,0,2.95
0.2,10.4,0.00,0.00,0,2.95,0,27.52,0,2.95,0,2.95
0.4,10.4,0.00,0.00,0,2.95,0,27.52,0,2.95,0,2.95
0.4,10.4,0.00,0.00,0,2.95,0,27.52,0,2.95,0,2.95
0.6,10.4,0.00,0.00,0,2.95,0,27.52,0,2.95,0,2.95
0.6,10.4,0.00,0.00,0,2.95,0,27.52,0,2.95,0,2.95
0.0,10.4,0.00,0.00,0,2.95,0,27.52,0,2.95,0,2.95
0.2,10.4,0.00,0.00,0,2.95,0,27.52,0,2.95,0,2.95
2.1,10.4,0.00,0.00,0,2.95,0,27.52,0,2.95,0,2.95
0.4,10.4,0.00,0.00,0,2.95,0,27.52,0,2.95,0,2.95
0.0,10.4,0.00,0.00,0,2.95,0,27.52,0,2.95,0,2.95
0.0,10.4,0.00,0.00,0,2.95,0,27.52,0,2.95,0,2.95
0.2,10.4,0.00,0.00,0,2.95,0,27.52,0,2.95,0,2.95
0.2,10.4,0.00,0.00,0,2.95,0,27.52,0,2.95,0,2.95
0.2,10.4,0.00,0.00,0,2.95,0,27.52,0,2.95,0,2.95
0.0,10.4,0.00,0.00,0,2.95,0,27.52,0,2.95,0,2.95
0.6,10.4,0.00,0.00,0,2.95,0,27.52,0,2.95,0,2.95
0.2,10.4,0.00,0.00,0,2.95,0,27.52,0,2.95,0,2.95
0.4,10.4,0.00,0.00,0,2.95,0,27.52,0,2.95,0,2.95
0.4,10.4,0.00,0.00,0,2.95,0,27.52,0,2.95,0,2.95
0.4,10.4,0.00,0.00,0,2.95,0,27.52,0,2.95,0,2.95
0.2,10.4,0.00,0.00,0,2.95,0,27.52,0,2.95,0,2.95
0.2,10.4,0.00,0.00,0,2.95,0,27.52,0,2.95,0,2.95
0.6,10.4,0.00,0.00,0,2.95,0,27.52,0,2.95,0,2.95
0.0,10.4,0.00,0.00,0,2.95,0,27.52,0,2.95,0,2.95
0.2,10.4,0.00,0.00,0,2.95,0,27.52,0,2.95,0,2.95
0.4,10.4,0.00,0.00,0,2.95,0,27.52,0,2.95,0,2.95
0.4,10.4,0.00,0.00,0,2.95,0,27.52,0,2.95,0,2.95
0.0,10.4,0.00,0.00,0,2.95,0,27.52,0,2.95,0,2.95
1.9,10.4,0.00,0.00,0,2.95,0,27.52,0,2.95,0,2.95
0.2,10.4,0.00,0.00,0,2.95,0,27.52,0,2.95,0,2.95
0.4,10.4,0.00,0.00,0,2.95,0,27.52,0,2.95,0,2.95
0.0,10.4,0.00,0.00,0,2.95,0,27.52,0,2.95,0,2.95
0.2,10.4,0.00,0.00,0,2.95,0,27.52,0,2.95,0,2.95
0.4,10.4,0.00,0.00,0,2.95,0,27.52,0,2.95,0,2.95
0.2,10.4,0.00,0.00,0,2.95,0,27.52,0,2.95,0,2.95
0.4,10.4,0.00,0.00,0,2.95,0,27.52,0,2.95,0,2.95
0.2,10.4,0.00,0.00,0,2.95,0,27.52,0,2.95,0,2.95
0.0,10.4,0.00,0.00,0,2.95,0,27.52,0,2.95,0,2.95
1.7,10.4,0.00,0.00,0,2.95,0,27.52,0,2.95,0,2.95
0.4,10.4,0.00,0.00,0,2.95,0,27.52,0,2.95,0,2.95
0.0,10.4,0.00,0.00,0,2.95,0,27.52,0,2.95,0,2.95
0.0,10.4,0.00,0.00,0,2.95,0,27.52,0,2.95,0,2.95
0.2,10.4,0.00,0.00,0,2.95,0,27.52,0,2.95,0,2.95
0.2,10.4,0.00,0.00,0,2.95,0,27.52,0,2.95,0,2.95
0.4,10.4,0.00,0.00,0,2.95,0,27.52,0,2.95,0,2.95
0.4,10.4,0.00,0.00,0,2.95,0,27.52,0,2.95,0,2.95
0.2,10.4,0.00,0.00,0,2.95,0,27.52,0,2.95,0,2.95
0.0,10.4,0.00,0.00,0,2.95,0,27.52,0,2.95,0,2.95
0.4,10.4,0.00,0.00,0,2.95,0,27.52,0,2.95,0,2.95
0.8,10.4,0.00,0.00,0,2.95,0,27.52,0,2.95,0,2.95
0.2,10.4,0.00,0.00,0,2.95,0,27.52,0,2.95,0,2.95
0.2,10.4,0.00,0.00,0,2.95,0,27.52,0,2.95,0,2.95
0.2,10.4,0.00,0.00,0,2.95,0,27.52,0,2.95,0,2.95
0.0,10.4,0.00,0.00,0,2.95,0,27.52,0,2.95,0,2.95
0.0,10.4,0.00,0.00,0,2.95,0,27.52,0,2.95,0,2.95
0.0,10.4,0.00,0.00,0,2.95,0,27.52,0,2.95,0,2.95
0.4,10.4,0.00,0.00,0,2.95,0,27.52,0,2.95,0,2.95
0.4,10.4,0.00,0.00,0,2.95,0,27.52,0,2.95,0,2.95
0.0,10.4,0.00,0.00,0,2.95,0,27.52,0,2.95,0,2.95
2.5,10.4,0.00,0.00,0,2.95,0,27.52,0,2.95,0,2.95
0.2,10.4,0.00,0.00,0,2.95,0,27.52,0,2.95,0,2.95
0.2,10.4,0.00,0.00,0,2.95,0,27.52,0,2.95,0,2.95
0.6,10.4,0.00,0.00,0,2.95,0,27.52,0,2.95,0,2.95
0.2,10.4,0.00,0.00,0,2.95,0,27.52,0,2.95,0,2.95
0.4,10.4,0.00,0.00,0,2.95,0,27.52,0,2.95,0,2.95
0.2,10.4,0.00,0.00,0,2.95,0,27.52,0,2.95,0,2.95
0.6,10.4,0.00,0.00,0,2.95,0,27.52,0,2.95,0,2.95
0.4,10.4,0.00,0.00,0,2.95,0,27.52,0,2.95,0,2.95
0.6,10.4,0.00,0.00,0,2.95,0,27.52,0,2.95,0,2.95
0.4,10.4,0.00,0.00,0,2.95,0,27.52,0,2.95,0,2.95
1.2,10.4,0.00,0.00,0,2.95,0,27.52,0,2.95,0,2.95
0.2,10.4,0.00,0.00,0,2.95,0,27.52,0,2.95,0,2.95
0.2,10.4,0.00,0.00,0,2.95,0,27.52,0,2.95,0,2.95
0.4,10.4,0.00,0.00,0,2.95,0,27.52,0,2.95,0,2.95
0.2,10.4,0.00,0.00,0,2.95,0,27.52,0,2.95,0,2.95
0.0,10.4,0.00,0.00,0,2.95,0,27.52,0,2.95,0,2.95
0.4,10.4,0.00,0.00,0,2.95,0,27.52,0,2.95,0,2.95
0.6,10.4,0.00,0.00,0,2.95,0,27.52,0,2.95,0,2.95
0.2,10.4,0.00,0.00,0,2.95,0,27.52,0,2.95,0,2.95
0.0,10.4,0.00,0.00,0,2.95,0,27.52,0,2.95,0,2.95
2.7,10.4,0.00,0.00,0,2.95,0,27.52,0,2.95,0,2.95
0.2,10.4,0.00,0.00,0,2.95,0,27.52,0,2.95,0,2.95
0.2,10.4,0.00,0.00,0,2.95,0,27.52,0,2.95,0,2.95
0.6,10.4,0.00,0.00,0,2.95,0,27.52,0,2.95,0,2.95
0.4,10.4,0.00,0.00,0,2.95,0,27.52,0,2.95,0,2.95
0.2,10.4,0.00,0.00,0,2.95,0,27.52,0,2.95,0,2.95
0.2,10.4,0.00,0.00,0,2.95,0,27.52,0,2.95,0,2.95
0.4,10.4,0.00,0.00,0,2.95,0,27.52,0,2.95,0,2.95
0.0,10.4,0.00,0.00,0,2.95,0,27.52,0,2.95,0,2.95
0.6,10.4,0.00,0.00,0,2.95,0,27.52,0,2.95,0,2.95
0.2,10.4,0.00,0.00,0,2.95,0,27.52,0,2.95,0,2.95
0.4,10.4,0.00,0.00,0,2.95,0,27.52,0,2.95,0,2.95
0.0,10.4,0.00,0.00,0,2.95,0,27.52,0,2.95,0,2.95
0.2,10.4,0.00,0.00,0,2.95,0,27.52,0,2.95,0,2.95
0.4,10.4,0.00,0.00,0,2.95,0,27.52,0,2.95,0,2.95
0.2,10.4,0.00,0.00,0,2.95,0,27.52,0,2.95,0,2.95
0.2,10.4,0.00,0.00,0,2.95,0,27.52,0,2.95,0,2.95
0.0,10.4,0.00,0.00,0,2.95,0,27.52,0,2.95,0,2.95
0.4,10.4,0.00,0.00,0,2.95,0,27.52,0,2.95,0,2.95
0.2,10.4,0.00,0.00,0,2.95,0,27.52,0,2.95,0,2.95
0.2,10.4,0.00,0.00,0,2.95,0,27.52,0,2.95,0,2.95
2.7,10.4,0.00,0.00,0,2.95,0,27.52,0,2.95,0,2.95
0.2,10.4,0.00,0.00,0,2.95,0,27.52,0,2.95,0,2.95
0.0,10.4,0.00,0.00,0,2.95,0,27.52,0,2.95,0,2.95
0.2,10.4,0.00,0.00,0,2.95,0,27.52,0,2.95,0,2.95
0.6,10.4,0.00,0.00,0,2.95,0,27.52,0,2.95,0,2.95
0.6,10.4,0.00,0.00,0,2.95,0,27.52,0,2.95,0,2.95
0.0,10.4,0.00,0.00,0,2.95,0,27.52,0,2.95,0,2.95
0.6,10.4,0.00,0.00,0,2.95,0,27.52,0,2.95,0,2.95
0.0,10.4,0.00,0.00,0,2.95,0,27.52,0,2.95,0,2.95
0.4,10.4,0.00,0.00,0,2.95,0,27.52,0,2.95,0,2.95
0.4,10.4,0.00,0.00,0,2.95,0,27.52,0,2.95,0,2.95
1.0,10.4,0.00,0.00,0,2.95,0,27.52,0,2.95,0,2.95
0.2,10.4,0.00,0.00,0,2.95,0,27.52,0,2.95,0,2.95
0.2,10.4,0.00,0.00,0,2.95,0,27.52,0,2.95,0,2.95
0.4,10.4,0.00,0.00,0,2.95,0,27.52,0,2.95,0,2.95
0.4,10.4,0.00,0.00,0,2.95,0,27.52,0,2.95,0,2.95
0.4,10.4,0.00,0.00,0,2.95,0,27.52,0,2.95,0,2.95
0.2,10.4,0.00,0.00,0,2.95,0,27.52,0,2.95,0,2.95
0.4,10.4,0.00,0.00,0,2.95,0,27.52,0,2.95,0,2.95
0.4,10.4,0.00,0.00,0,2.95,0,27.52,0,2.95,0,2.95
0.4,10.4,0.00,0.00,0,2.95,0,27.52,0,2.95,0,2.95
2.3,10.4,0.00,0.00,0,2.95,0,27.52,0,2.95,0,2.95
0.2,10.4,0.00,0.00,0,2.95,0,27.52,0,2.95,0,2.95
0.2,10.4,0.00,0.00,0,2.95,0,27.52,0,2.95,0,2.95
0.4,10.4,0.00,0.00,0,2.95,0,27.52,0,2.95,0,2.95
0.2,10.4,0.00,0.00,0,2.95,0,27.52,0,2.95,0,2.95
0.2,10.4,0.00,0.00,0,2.95,0,27.52,0,2.95,0,2.95
0.4,10.4,0.00,0.00,0,2.95,0,27.52,0,2.95,0,2.95
0.4,10.4,0.00,0.00,0,2.95,0,27.52,0,2.95,0,2.95
0.2,10.4,0.00,0.00,0,2.95,0,27.52,0,2.95,0,2.95
0.6,10.4,0.00,0.00,0,2.95,0,27.52,0,2.95,0,2.95
0.8,10.4,0.00,0.00,0,2.95,0,27.52,0,2.95,0,2.95
1.4,10.4,0.00,0.00,0,2.95,0,27.52,0,2.95,0,2.95
0.4,10.4,0.00,0.00,0,2.95,0,27.52,0,2.95,0,2.95
0.2,10.4,0.00,0.00,0,2.95,0,27.52,0,2.95,0,2.95
0.2,10.4,0.00,0.00,0,2.95,0,27.52,0,2.95,0,2.95
0.2,10.4,0.00,0.00,0,2.95,0,27.52,0,2.95,0,2.95
0.8,10.4,0.00,0.00,0,2.95,0,27.52,0,2.95,0,2.95
0.4,10.4,0.00,0.00,0,2.95,0,27.52,0,2.95,0,2.95
0.6,10.4,0.00,0.00,0,2.95,0,27.52,0,2.95,0,2.95
0.2,10.4,0.00,0.00,0,2.95,0,27.52,0,2.95,0,2.95
0.4,10.4,0.00,0.00,0,2.95,0,27.52,0,2.95,0,2.95
1.9,10.4,0.00,0.00,0,2.95,0,27.52,0,2.95,0,2.95
0.4,10.4,0.00,0.00,0,2.95,0,27.52,0,2.95,0,2.95
0.6,10.4,0.00,0.00,0,2.95,0,27.52,0,2.95,0,2.95
0.2,10.4,0.00,0.00,0,2.95,0,27.52,0,2.95,0,2.95
0.4,10.4,0.00,0.00,0,2.95,0,27.52,0,2.95,0,2.95
0.2,10.4,0.00,0.00,0,2.95,0,27.52,0,2.95,0,2.95
0.2,10.4,0.00,0.00,0,2.95,0,27.52,0,2.95,0,2.95
0.2,10.4,0.00,0.00,0,2.95,0,27.52,0,2.95,0,2.95
0.2,10.4,0.00,0.00,0,2.95,0,27.52,0,2.95,0,2.95
0.4,10.4,0.00,0.00,0,2.95,0,27.52,0,2.95,0,2.95
1.0,10.4,0.00,0.00,0,2.95,0,27.52,0,2.95,0,2.95
0.2,10.4,0.00,0.00,0,2.95,0,27.52,0,2.95,0,2.95
0.6,10.4,0.00,0.00,0,2.95,0,27.52,0,2.95,0,2.95
0.4,10.4,0.00,0.00,0,2.95,0,27.52,0,2.95,0,2.95
0.4,10.4,0.00,0.00,0,2.95,0,27.52,0,2.95,0,2.95
0.0,10.4,0.00,0.00,0,2.95,0,27.52,0,2.95,0,2.95
0.4,10.4,0.00,0.00,0,2.95,0,27.52,0,2.95,0,2.95
0.2,10.4,0.00,0.00,0,2.95,0,27.52,0,2.95,0,2.95
0.4,10.4,0.00,0.00,0,2.95,0,27.52,0,2.95,0,2.95
0.2,10.4,0.00,0.00,0,2.95,0,27.52,0,2.95,0,2.95
0.0,10.4,0.00,0.00,0,2.95,0,27.52,0,2.95,0,2.95
2.3,10.4,0.00,0.00,0,2.95,0,27.52,0,2.95,0,2.95
0.0,10.4,0.00,0.00,0,2.95,0,27.52,0,2.95,0,2.95
0.6,10.4,0.00,0.00,0,2.95,0,27.52,0,2.95,0,2.95
0.0,10.4,0.00,0.00,0,2.95,0,27.52,0,2.95,0,2.95
0.4,10.4,0.00,0.00,0,2.95,0,27.52,0,2.95,0,2.95
0.0,10.4,0.00,0.00,0,2.95,0,27.52,0,2.95,0,2.95
0.2,10.4,0.00,0.00,0,2.95,0,27.52,0,2.95,0,2.95
0.4,10.4,0.00,0.00,0,2.95,0,27.52,0,2.95,0,2.95
0.2,10.4,0.00,0.00,0,2.95,0,27.52,0,2.95,0,2.95
0.4,10.4,0.00,0.00,0,2.95,0,27.52,0,2.95,0,2.95
0.6,10.4,0.00,0.00,0,2.95,0,27.52,0,2.95,0,2.95
0.6,10.4,0.00,0.00,0,2.95,0,27.52,0,2.95,0,2.95
0.6,10.4,0.00,0.00,0,2.95,0,27.52,0,2.95,0,2.95
0.0,10.4,0.00,0.00,0,2.95,0,27.52,0,2.95,0,2.95
0.0,10.4,0.00,0.00,0,2.95,0,27.52,0,2.95,0,2.95
0.4,10.4,0.00,0.00,0,2.95,0,27.52,0,2.95,0,2.95
0.4,10.4,0.00,0.00,0,2.95,0,27.52,0,2.95,0,2.95
0.4,10.4,0.00,0.00,0,2.95,0,27.52,0,2.95,0,2.95
0.2,10.4,0.00,0.00,0,2.95,0,27.52,0,2.95,0,2.95
0.2,10.4,0.00,0.00,0,2.95,0,27.52,0,2.95,0,2.95
0.0,10.4,0.00,0.00,0,2.95,0,27.52,0,2.95,0,2.95
1.9,10.4,0.00,0.00,0,2.95,0,27.52,0,2.95,0,2.95
0.2,10.4,0.00,0.00,0,2.95,0,27.52,0,2.95,0,2.95
0.2,10.4,0.00,0.00,0,2.95,0,27.52,0,2.95,0,2.95
0.0,10.4,0.00,0.00,0,2.95,0,27.52,0,2.95,0,2.95
0.6,10.4,0.00,0.00,0,2.95,0,27.52,0,2.95,0,2.95
0.2,10.4,0.00,0.00,0,2.95,0,27.52,0,2.95,0,2.95
0.2,10.4,0.00,0.00,0,2.95,0,27.52,0,2.95,0,2.95
0.4,10.4,0.00,0.00,0,2.95,0,27.52,0,2.95,0,2.95
0.2,10.4,0.00,0.00,0,2.95,0,27.52,0,2.95,0,2.95
0.8,10.4,0.00,0.00,0,2.95,0,27.52,0,2.95,0,2.95
1.0,10.4,0.00,0.00,0,2.95,0,27.52,0,2.95,0,2.95
0.4,10.4,0.00,0.00,0,2.95,0,27.52,0,2.95,0,2.95
0.2,10.4,0.00,0.00,0,2.95,0,27.52,0,2.95,0,2.95
0.4,10.4,0.00,0.00,0,2.95,0,27.52,0,2.95,0,2.95
0.2,10.4,0.00,0.00,0,2.95,0,27.52,0,2.95,0,2.95
0.6,10.4,0.00,0.00,0,2.95,0,27.52,0,2.95,0,2.95
0.4,10.4,0.00,0.00,0,2.95,0,27.52,0,2.95,0,2.95
0.4,10.4,0.00,0.00,0,2.95,0,27.52,0,2.95,0,2.95
0.6,10.4,0.00,0.00,0,2.95,0,27.52,0,2.95,0,2.95
0.4,10.4,0.00,0.00,0,2.95,0,27.52,0,2.95,0,2.95
0.4,10.4,0.00,0.00,0,2.95,0,27.52,0,2.95,0,2.95
1.9,10.4,0.00,0.00,0,2.95,0,27.52,0,2.95,0,2.95
0.0,10.4,0.00,0.00,0,2.95,0,27.52,0,2.95,0,2.95
0.2,10.4,0.00,0.00,0,2.95,0,27.52,0,2.95,0,2.95
0.6,10.4,0.00,0.00,0,2.95,0,27.52,0,2.95,0,2.95
0.4,10.4,0.00,0.00,0,2.95,0,27.52,0,2.95,0,2.95
0.2,10.4,0.00,0.00,0,2.95,0,27.52,0,2.95,0,2.95
0.0,10.4,0.00,0.00,0,2.95,0,27.52,0,2.95,0,2.95
0.4,10.4,0.00,0.00,0,2.95,0,27.52,0,2.95,0,2.95
0.2,10.4,0.00,0.00,0,2.95,0,27.52,0,2.95,0,2.95
0.4,10.4,0.00,0.00,0,2.95,0,27.52,0,2.95,0,2.95
0.8,10.4,0.00,0.00,0,2.95,0,27.52,0,2.95,0,2.95
0.2,10.4,0.00,0.00,0,2.95,0,27.52,0,2.95,0,2.95
0.4,10.4,0.00,0.00,0,2.95,0,27.52,0,2.95,0,2.95
0.2,10.4,0.00,0.00,0,2.95,0,27.52,0,2.95,0,2.95
0.2,10.4,0.00,0.00,0,2.95,0,27.52,0,2.95,0,2.95
0.4,10.4,0.00,0.00,0,2.95,0,27.52,0,2.95,0,2.95
0.2,10.4,0.00,0.00,0,2.95,0,27.52,0,2.95,0,2.95
0.2,10.4,0.00,0.00,0,2.95,0,27.52,0,2.95,0,2.95
0.0,10.4,0.00,0.00,0,2.95,0,27.52,0,2.95,0,2.95
0.2,10.4,0.00,0.00,0,2.95,0,27.52,0,2.95,0,2.95
0.4,10.4,0.00,0.00,0,2.95,0,27.52,0,2.95,0,2.95
1.5,10.4,0.00,0.00,0,2.95,0,27.52,0,2.95,0,2.95
0.4,10.4,0.00,0.00,0,2.95,0,27.52,0,2.95,0,2.95
0.2,10.4,0.00,0.00,0,2.95,0,27.52,0,2.95,0,2.95
0.4,10.4,0.00,0.00,0,2.95,0,27.52,0,2.95,0,2.95
0.6,10.4,0.00,0.00,0,2.95,0,27.52,0,2.95,0,2.95
0.0,10.4,0.00,0.00,0,2.95,0,27.52,0,2.95,0,2.95
0.2,10.4,0.00,0.00,0,2.95,0,27.52,0,2.95,0,2.95
0.2,10.4,0.00,0.00,0,2.95,0,27.52,0,2.95,0,2.95
0.4,10.4,0.00,0.00,0,2.95,0,27.52,0,2.95,0,2.95
0.2,10.4,0.00,0.00,0,2.95,0,27.52,0,2.95,0,2.95
1.5,10.4,0.00,0.00,0,2.95,0,27.52,0,2.95,0,2.95
0.8,10.4,0.00,0.00,0,2.95,0,27.52,0,2.95,0,2.95
0.2,10.4,0.00,0.00,0,2.95,0,27.52,0,2.95,0,2.95
0.2,10.4,0.00,0.00,0,2.95,0,27.52,0,2.95,0,2.95
0.4,10.4,0.00,0.00,0,2.95,0,27.52,0,2.95,0,2.95
0.4,10.4,0.00,0.00,0,2.95,0,27.52,0,2.95,0,2.95
0.0,10.4,0.00,0.00,0,2.95,0,27.52,0,2.95,0,2.95
0.0,10.4,0.00,0.00,0,2.95,0,27.52,0,2.95,0,2.95
0.2,10.4,0.00,0.00,0,2.95,0,27.52,0,2.95,0,2.95
0.4,10.4,0.00,0.00,0,2.95,0,27.52,0,2.95,0,2.95
0.2,10.4,0.00,0.00,0,2.95,0,27.52,0,2.95,0,2.95
1.0,10.4,0.00,0.00,0,2.95,0,27.52,0,2.95,0,2.95
0.2,10.4,0.00,0.00,0,2.95,0,27.52,0,2.95,0,2.95
0.0,10.4,0.00,0.00,0,2.95,0,27.52,0,2.95,0,2.95
0.8,10.4,0.00,0.00,0,2.95,0,27.52,0,2.95,0,2.95
0.0,10.4,0.00,0.00,0,2.95,0,27.52,0,2.95,0,2.95
0.4,10.4,0.00,0.00,0,2.95,0,27.52,0,2.95,0,2.95
0.0,10.4,0.00,0.00,0,2.95,0,27.52,0,2.95,0,2.95
0.0,10.4,0.00,0.00,0,2.95,0,27.52,0,2.95,0,2.95
0.4,10.4,0.00,0.00,0,2.95,0,27.52,0,2.95,0,2.95
0.2,10.4,0.00,0.00,0,2.95,0,27.52,0,2.95,0,2.95
1.9,10.4,0.00,0.00,0,2.95,0,27.52,0,2.95,0,2.95
0.2,10.4,0.00,0.00,0,2.95,0,27.52,0,2.95,0,2.95
0.0,10.4,0.00,0.00,0,2.95,0,27.52,0,2.95,0,2.95
0.2,10.4,0.00,0.00,0,2.95,0,27.52,0,2.95,0,2.95
0.4,10.4,0.00,0.00,0,2.95,0,27.52,0,2.95,0,2.95
0.2,10.4,0.00,0.00,0,2.95,0,27.52,0,2.95,0,2.95
0.4,10.4,0.00,0.00,0,2.95,0,27.52,0,2.95,0,2.95
0.2,10.4,0.00,0.00,0,2.95,0,27.52,0,2.95,0,2.95
1.4,10.4,0.00,0.00,0,2.95,0,27.52,0,2.95,0,2.95
1.7,10.4,0.00,0.00,0,2.95,0,27.52,0,2.95,0,2.95
2.1,10.4,0.00,0.00,0,2.95,0,27.52,0,2.95,0,2.95
1.6,10.4,0.00,0.00,0,2.95,0,27.52,0,2.95,0,2.95
0.2,10.4,0.00,0.00,0,2.95,0,27.52,0,2.95,0,2.95
0.4,10.4,0.00,0.00,0,2.95,0,27.52,0,2.95,0,2.95
0.4,10.4,0.00,0.00,0,2.95,0,27.52,0,2.95,0,2.95
0.2,10.4,0.00,0.00,0,2.95,0,27.52,0,2.95,0,2.95
0.0,10.4,0.00,0.00,0,2.95,0,27.52,0,2.95,0,2.95
0.4,10.4,0.00,0.00,0,2.95,0,27.52,0,2.95,0,2.95
0.2,10.4,0.00,0.00,0,2.95,0,27.52,0,2.95,0,2.95
0.2,10.4,0.00,0.00,0,2.95,0,27.52,0,2.95,0,2.95
0.2,10.4,0.00,0.00,0,2.95,0,27.52,0,2.95,0,2.95
2.7,10.4,0.00,0.00,0,2.95,0,27.52,0,2.95,0,2.95
0.6,10.4,0.00,0.00,0,2.95,0,27.52,0,2.95,0,2.95
0.2,10.4,0.00,0.00,0,2.95,0,27.52,0,2.95,0,2.95
0.2,10.4,0.00,0.00,0,2.95,0,27.52,0,2.95,0,2.95
0.6,10.4,0.00,0.00,0,2.95,0,27.52,0,2.95,0,2.95
0.4,10.4,0.00,0.00,0,2.95,0,27.52,0,2.95,0,2.95
0.2,10.4,0.00,0.00,0,2.95,0,27.52,0,2.95,0,2.95
0.6,10.4,0.00,0.00,0,2.95,0,27.52,0,2.95,0,2.95
0.4,10.4,0.00,0.00,0,2.95,0,27.52,0,2.95,0,2.95
0.2,10.4,0.00,0.00,0,2.95,0,27.52,0,2.95,0,2.95
0.6,10.4,0.00,0.00,0,2.95,0,27.52,0,2.95,0,2.95
0.0,10.4,0.00,0.00,0,2.95,0,27.52,0,2.95,0,2.95
0.2,10.4,0.00,0.00,0,2.95,0,27.52,0,2.95,0,2.95
0.2,10.4,0.00,0.00,0,2.95,0,27.52,0,2.95,0,2.95
0.2,10.4,0.00,0.00,0,2.95,0,27.52,0,2.95,0,2.95
0.2,10.4,0.00,0.00,0,2.95,0,27.52,0,2.95,0,2.95
0.2,10.4,0.00,0.00,0,2.95,0,27.52,0,2.95,0,2.95
0.4,10.4,0.00,0.00,0,2.95,0,27.52,0,2.95,0,2.95
0.0,10.4,0.00,0.00,0,2.95,0,27.52,0,2.95,0,2.95
0.0,10.4,0.00,0.00,0,2.95,0,27.52,0,2.95,0,2.95
0.4,10.4,0.00,0.00,0,2.95,0,27.52,0,2.95,0,2.95
1.7,10.4,0.00,0.00,0,2.95,0,27.52,0,2.95,0,2.95
0.8,10.4,0.00,0.00,0,2.95,0,27.52,0,2.95,0,2.95
0.0,10.4,0.00,0.00,0,2.95,0,27.52,0,2.95,0,2.95
0.2,10.4,0.00,0.00,0,2.95,0,27.52,0,2.95,0,2.95
0.4,10.4,0.00,0.00,0,2.95,0,27.52,0,2.95,0,2.95
0.4,10.4,0.00,0.00,0,2.95,0,27.52,0,2.95,0,2.95
0.2,10.4,0.00,0.00,0,2.95,0,27.52,0,2.95,0,2.95
0.2,10.4,0.00,0.00,0,2.95,0,27.52,0,2.95,0,2.95
0.2,10.4,0.00,0.00,0,2.95,0,27.52,0,2.95,0,2.95
0.0,10.4,0.00,0.00,0,2.95,0,27.52,0,2.95,0,2.95
1.0,10.4,0.00,0.00,0,2.95,0,27.52,0,2.95,0,2.95
0.2,10.4,0.00,0.00,0,2.95,0,27.52,0,2.95,0,2.95
0.2,10.4,0.00,0.00,0,2.95,0,27.52,0,2.95,0,2.95
0.2,10.4,0.00,0.00,0,2.95,0,27.52,0,2.95,0,2.95
0.4,10.4,0.00,0.00,0,2.95,0,27.52,0,2.95,0,2.95
0.4,10.4,0.00,0.00,0,2.95,0,27.52,0,2.95,0,2.95
0.2,10.4,0.00,0.00,0,2.95,0,27.52,0,2.95,0,2.95
0.4,10.4,0.00,0.00,0,2.95,0,27.52,0,2.95,0,2.95
0.4,10.4,0.00,0.00,0,2.95,0,27.52,0,2.95,0,2.95
0.0,10.4,0.00,0.00,0,2.95,0,27.52,0,2.95,0,2.95
0.4,10.4,0.00,0.00,0,2.95,0,27.52,0,2.95,0,2.95
1.2,10.4,0.00,0.00,0,2.95,0,27.52,0,2.95,0,2.95
0.4,10.4,0.00,0.00,0,2.95,0,27.52,0,2.95,0,2.95
0.4,10.4,0.00,0.00,0,2.95,0,27.52,0,2.95,0,2.95
0.4,10.4,0.00,0.00,0,2.95,0,27.52,0,2.95,0,2.95
0.4,10.4,0.00,0.00,0,2.95,0,27.52,0,2.95,0,2.95
0.4,10.4,0.00,0.00,0,2.95,0,27.52,0,2.95,0,2.95
0.2,10.4,0.00,0.00,0,2.95,0,27.52,0,2.95,0,2.95
0.2,10.4,0.00,0.00,0,2.95,0,27.52,0,2.95,0,2.95
0.2,10.4,0.00,0.00,0,2.95,0,27.52,0,2.95,0,2.95
0.4,10.4,0.00,0.00,0,2.95,0,27.52,0,2.95,0,2.95
2.3,10.4,0.00,0.00,0,2.95,0,27.52,0,2.95,0,2.95
0.4,10.4,0.00,0.00,0,2.95,0,27.52,0,2.95,0,2.95
0.4,10.4,0.00,0.00,0,2.95,0,27.52,0,2.95,0,2.95
0.2,10.4,0.00,0.00,0,2.95,0,27.52,0,2.95,0,2.95
0.2,10.4,0.00,0.00,0,2.95,0,27.52,0,2.95,0,2.95
0.4,10.4,0.00,0.00,0,2.95,0,27.52,0,2.95,0,2.95
0.2,10.4,0.00,0.00,0,2.95,0,27.52,0,2.95,0,2.95
0.6,10.4,0.00,0.00,0,2.95,0,27.52,0,2.95,0,2.95
0.2,10.4,0.00,0.00,0,2.95,0,27.52,0,2.95,0,2.95
0.6,10.4,0.00,0.00,0,2.95,0,27.52,0,2.95,0,2.95
0.6,10.4,0.00,0.00,0,2.95,0,27.52,0,2.95,0,2.95
1.5,10.4,0.00,0.00,0,2.95,0,27.52,0,2.95,0,2.95
0.4,10.4,0.00,0.00,0,2.95,0,27.52,0,2.95,0,2.95
0.4,10.4,0.00,0.00,0,2.95,0,27.52,0,2.95,0,2.95
0.6,10.4,0.00,0.00,0,2.95,0,27.52,0,2.95,0,2.95
0.6,10.4,0.00,0.00,0,2.95,0,27.52,0,2.95,0,2.95
0.8,10.4,0.00,0.00,0,2.95,0,27.52,0,2.95,0,2.95
0.2,10.4,0.00,0.00,0,2.95,0,27.52,0,2.95,0,2.95
0.4,10.4,0.00,0.00,0,2.95,0,27.52,0,2.95,0,2.95
0.2,10.4,0.00,0.00,0,2.95,0,27.52,0,2.95,0,2.95
0.6,10.4,0.00,0.00,0,2.95,0,27.52,0,2.95,0,2.95
1.0,10.4,0.00,0.00,0,2.95,0,27.52,0,2.95,0,2.95
0.2,10.4,0.00,0.00,0,2.95,0,27.52,0,2.95,0,2.95
0.2,10.4,0.00,0.00,0,2.95,0,27.52,0,2.95,0,2.95
0.0,10.4,0.00,0.00,0,2.95,0,27.52,0,2.95,0,2.95
0.4,10.4,0.00,0.00,0,2.95,0,27.52,0,2.95,0,2.95
0.4,10.4,0.00,0.00,0,2.95,0,27.52,0,2.95,0,2.95
0.0,10.4,0.00,0.00,0,2.95,0,27.52,0,2.95,0,2.95
0.6,10.4,0.00,0.00,0,2.95,0,27.52,0,2.95,0,2.95
0.4,10.4,0.00,0.00,0,2.95,0,27.52,0,2.95,0,2.95
0.6,10.4,0.00,0.00,0,2.95,0,27.52,0,2.95,0,2.95
0.0,10.4,0.00,0.00,0,2.95,0,27.52,0,2.95,0,2.95
1.5,10.4,0.00,0.00,0,2.95,0,27.52,0,2.95,0,2.95
0.4,10.4,0.00,0.00,0,2.95,0,27.52,0,2.95,0,2.95
0.2,10.4,0.00,0.00,0,2.95,0,27.52,0,2.95,0,2.95
0.4,10.4,0.00,0.00,0,2.95,0,27.52,0,2.95,0,2.95
0.2,10.4,0.00,0.00,0,2.95,0,27.52,0,2.95,0,2.95
0.4,10.4,0.00,0.00,0,2.95,0,27.52,0,2.95,0,2.95
0.2,10.4,0.00,0.00,0,2.95,0,27.52,0,2.95,0,2.95
0.0,10.4,0.00,0.00,0,2.95,0,27.52,0,2.95,0,2.95
0.0,10.4,0.00,0.00,0,2.95,0,27.52,0,2.95,0,2.95
0.2,10.4,0.00,0.00,0,2.95,0,27.52,0,2.95,0,2.95
0.8,10.4,0.00,0.00,0,2.95,0,27.52,0,2.95,0,2.95
0.6,10.4,0.00,0.00,0,2.95,0,27.52,0,2.95,0,2.95
0.4,10.4,0.00,0.00,0,2.95,0,27.52,0,2.95,0,2.95
0.2,10.4,0.00,0.00,0,2.95,0,27.52,0,2.95,0,2.95
0.2,10.4,0.00,0.00,0,2.95,0,27.52,0,2.95,0,2.95
0.0,10.4,0.00,0.00,0,2.95,0,27.52,0,2.95,0,2.95
0.6,10.4,0.00,0.00,0,2.95,0,27.52,0,2.95,0,2.95
0.0,10.4,0.00,0.00,0,2.95,0,27.52,0,2.95,0,2.95
0.2,10.4,0.00,0.00,0,2.95,0,27.52,0,2.95,0,2.95
0.2,10.4,0.00,0.00,0,2.95,0,27.52,0,2.95,0,2.95
0.4,10.4,0.00,0.00,0,2.95,0,27.52,0,2.95,0,2.95
1.7,10.4,0.00,0.00,0,2.95,0,27.52,0,2.95,0,2.95
0.2,10.4,0.00,0.00,0,2.95,0,27.52,0,2.95,0,2.95
0.0,10.4,0.00,0.00,0,2.95,0,27.52,0,2.95,0,2.95
0.2,10.4,0.00,0.00,0,2.95,0,27.52,0,2.95,0,2.95
0.0,10.4,0.00,0.00,0,2.95,0,27.52,0,2.95,0,2.95
0.4,10.4,0.00,0.00,0,2.95,0,27.52,0,2.95,0,2.95
0.6,10.4,0.00,0.00,0,2.95,0,27.52,0,2.95,0,2.95
0.4,10.4,0.00,0.00,0,2.95,0,27.52,0,2.95,0,2.95
0.6,10.4,0.00,0.00,0,2.95,0,27.52,0,2.95,0,2.95
0.8,10.4,0.00,0.00,0,2.95,0,27.52,0,2.95,0,2.95
1.7,10.4,0.00,0.00,0,2.95,0,27.52,0,2.95,0,2.95
0.0,10.4,0.00,0.00,0,2.95,0,27.52,0,2.95,0,2.95
0.8,10.4,0.00,0.00,0,2.95,0,27.52,0,2.95,0,2.95
0.6,10.4,0.00,0.00,0,2.95,0,27.52,0,2.95,0,2.95
0.2,10.4,0.00,0.00,0,2.95,0,27.52,0,2.95,0,2.95
0.0,10.4,0.00,0.00,0,2.95,0,27.52,0,2.95,0,2.95
0.0,10.4,0.00,0.00,0,2.95,0,27.52,0,2.95,0,2.95
0.6,10.4,0.00,0.00,0,2.95,0,27.52,0,2.95,0,2.95
0.2,10.4,0.00,0.00,0,2.95,0,27.52,0,2.95,0,2.95
0.6,10.4,0.00,0.00,0,2.95,0,27.52,0,2.95,0,2.95
0.4,10.4,0.00,0.00,0,2.95,0,27.52,0,2.95,0,2.95
1.3,10.4,0.00,0.00,0,2.95,0,27.52,0,2.95,0,2.95
0.6,10.4,0.00,0.00,0,2.95,0,27.52,0,2.95,0,2.95
0.2,10.4,0.00,0.00,0,2.95,0,27.52,0,2.95,0,2.95
0.2,10.4,0.00,0.00,0,2.95,0,27.52,0,2.95,0,2.95
0.2,10.4,0.00,0.00,0,2.95,0,27.52,0,2.95,0,2.95
0.4,10.4,0.00,0.00,0,2.95,0,27.52,0,2.95,0,2.95
0.4,10.4,0.00,0.00,0,2.95,0,27.52,0,2.95,0,2.95
0.8,10.4,0.00,0.00,0,2.95,0,27.52,0,2.95,0,2.95
0.2,10.4,0.00,0.00,0,2.95,0,27.52,0,2.95,0,2.95
0.0,10.4,0.00,0.00,0,2.95,0,27.52,0,2.95,0,2.95
1.5,10.4,0.00,0.00,0,2.95,0,27.52,0,2.95,0,2.95
0.4,10.4,0.00,0.00,0,2.95,0,27.52,0,2.95,0,2.95
0.4,10.4,0.00,0.00,0,2.95,0,27.52,0,2.95,0,2.95
0.2,10.4,0.00,0.00,0,2.95,0,27.52,0,2.95,0,2.95
0.2,10.4,0.00,0.00,0,2.95,0,27.52,0,2.95,0,2.95
0.6,10.4,0.00,0.00,0,2.95,0,27.52,0,2.95,0,2.95
0.0,10.4,0.00,0.00,0,2.95,0,27.52,0,2.95,0,2.95
0.2,10.4,0.00,0.00,0,2.95,0,27.52,0,2.95,0,2.95
0.2,10.4,0.00,0.00,0,2.95,0,27.52,0,2.95,0,2.95
0.2,10.4,0.00,0.00,0,2.95,0,27.52,0,2.95,0,2.95
0.0,10.4,0.00,0.00,0,2.95,0,27.52,0,2.95,0,2.95
1.2,10.4,0.00,0.00,0,2.95,0,27.52,0,2.95,0,2.95
0.0,10.4,0.00,0.00,0,2.95,0,27.52,0,2.95,0,2.95
0.2,10.4,0.00,0.00,0,2.95,0,27.52,0,2.95,0,2.95
0.2,10.4,0.00,0.00,0,2.95,0,27.52,0,2.95,0,2.95
0.4,10.4,0.00,0.00,0,2.95,0,27.52,0,2.95,0,2.95
0.4,10.4,0.00,0.00,0,2.95,0,27.52,0,2.95,0,2.95
0.2,10.4,0.00,0.00,0,2.95,0,27.52,0,2.95,0,2.95
0.4,10.4,0.00,0.00,0,2.95,0,27.52,0,2.95,0,2.95
0.2,10.4,0.00,0.00,0,2.95,0,27.52,0,2.95,0,2.95
0.0,10.4,0.00,0.00,0,2.95,0,27.52,0,2.95,0,2.95
1.2,10.4,0.00,0.00,0,2.95,0,27.52,0,2.95,0,2.95
0.2,10.4,0.00,0.00,0,2.95,0,27.52,0,2.95,0,2.95
0.2,10.4,0.00,0.00,0,2.95,0,27.52,0,2.95,0,2.95
0.0,10.4,0.00,0.00,0,2.95,0,27.52,0,2.95,0,2.95
0.2,10.4,0.00,0.00,0,2.95,0,27.52,0,2.95,0,2.95
0.4,10.4,0.00,0.00,0,2.95,0,27.52,0,2.95,0,2.95
0.0,10.4,0.00,0.00,0,2.95,0,27.52,0,2.95,0,2.95
0.4,10.4,0.00,0.00,0,2.95,0,27.52,0,2.95,0,2.95
0.4,10.4,0.00,0.00,0,2.95,0,27.52,0,2.95,0,2.95
0.4,10.4,0.00,0.00,0,2.95,0,27.52,0,2.95,0,2.95
0.6,10.4,0.00,0.00,0,2.95,0,27.52,0,2.95,0,2.95
1.9,10.4,0.00,0.00,0,2.95,0,27.52,0,2.95,0,2.95
0.2,10.4,0.00,0.00,0,2.95,0,27.52,0,2.95,0,2.95
0.4,10.4,0.00,0.00,0,2.95,0,27.52,0,2.95,0,2.95
0.6,10.4,0.00,0.00,0,2.95,0,27.52,0,2.95,0,2.95
0.4,10.4,0.00,0.00,0,2.95,0,27.52,0,2.95,0,2.95
0.4,10.4,0.00,0.00,0,2.95,0,27.52,0,2.95,0,2.95
0.2,10.4,0.00,0.00,0,2.95,0,27.52,0,2.95,0,2.95
0.2,10.4,0.00,0.00,0,2.95,0,27.52,0,2.95,0,2.95
0.2,10.4,0.00,0.00,0,2.95,0,27.52,0,2.95,0,2.95
0.4,10.4,0.00,0.00,0,2.95,0,27.52,0,2.95,0,2.95
1.0,10.4,0.00,0.00,0,2.95,0,27.52,0,2.95,0,2.95
0.4,10.4,0.00,0.00,0,2.95,0,27.52,0,2.95,0,2.95
0.4,10.4,0.00,0.00,0,2.95,0,27.52,0,2.95,0,2.95
0.2,10.4,0.00,0.00,0,2.95,0,27.52,0,2.95,0,2.95
0.2,10.4,0.00,0.00,0,2.95,0,27.52,0,2.95,0,2.95
0.4,10.4,0.00,0.00,0,2.95,0,27.52,0,2.95,0,2.95
0.2,10.4,0.00,0.00,0,2.95,0,27.52,0,2.95,0,2.95
0.2,10.4,0.00,0.00,0,2.95,0,27.52,0,2.95,0,2.95
0.6,10.4,0.00,0.00,0,2.95,0,27.52,0,2.95,0,2.95
0.2,10.4,0.00,0.00,0,2.95,0,27.52,0,2.95,0,2.95
0.4,10.4,0.00,0.00,0,2.95,0,27.52,0,2.95,0,2.95
1.7,10.4,0.00,0.00,0,2.95,0,27.52,0,2.95,0,2.95
0.2,10.4,0.00,0.00,0,2.95,0,27.52,0,2.95,0,2.95
0.2,10.4,0.00,0.00,0,2.95,0,27.52,0,2.95,0,2.95
0.6,10.4,0.00,0.00,0,2.95,0,27.52,0,2.95,0,2.95
0.0,10.4,0.00,0.00,0,2.95,0,27.52,0,2.95,0,2.95
0.4,10.4,0.00,0.00,0,2.95,0,27.52,0,2.95,0,2.95
0.6,10.4,0.00,0.00,0,2.95,0,27.52,0,2.95,0,2.95
0.0,10.4,0.00,0.00,0,2.95,0,27.52,0,2.95,0,2.95
0.2,10.4,0.00,0.00,0,2.95,0,27.52,0,2.95,0,2.95
0.2,10.4,0.00,0.00,0,2.95,0,27.52,0,2.95,0,2.95
0.8,10.4,0.00,0.00,0,2.95,0,27.52,0,2.95,0,2.95
0.0,10.4,0.00,0.00,0,2.95,0,27.52,0,2.95,0,2.95
0.4,10.4,0.00,0.00,0,2.95,0,27.52,0,2.95,0,2.95
0.2,10.4,0.00,0.00,0,2.95,0,27.52,0,2.95,0,2.95
0.2,10.4,0.00,0.00,0,2.95,0,27.52,0,2.95,0,2.95
0.4,10.4,0.00,0.00,0,2.95,0,27.52,0,2.95,0,2.95
0.2,10.4,0.00,0.00,0,2.95,0,27.52,0,2.95,0,2.95
0.2,10.4,0.00,0.00,0,2.95,0,27.52,0,2.95,0,2.95
0.2,10.4,0.00,0.00,0,2.95,0,27.52,0,2.95,0,2.95
0.4,10.4,0.00,0.00,0,2.95,0,27.52,0,2.95,0,2.95
0.0,10.4,0.00,0.00,0,2.95,0,27.52,0,2.95,0,2.95
2.1,10.4,0.00,0.00,0,2.95,0,27.52,0,2.95,0,2.95
0.2,10.4,0.00,0.00,0,2.95,0,27.52,0,2.95,0,2.95
0.2,10.4,0.00,0.00,0,2.95,0,27.52,0,2.95,0,2.95
0.4,10.4,0.00,0.00,0,2.95,0,27.52,0,2.95,0,2.95
0.4,10.4,0.00,0.00,0,2.95,0,27.52,0,2.95,0,2.95
0.4,10.4,0.00,0.00,0,2.95,0,27.52,0,2.95,0,2.95
0.4,10.4,0.00,0.00,0,2.95,0,27.52,0,2.95,0,2.95
0.2,10.4,0.00,0.00,0,2.95,0,27.52,0,2.95,0,2.95
0.2,10.4,0.00,0.00,0,2.95,0,27.52,0,2.95,0,2.95
0.4,10.4,0.00,0.00,0,2.95,0,27.52,0,2.95,0,2.95
0.6,10.4,0.00,0.00,0,2.95,0,27.52,0,2.95,0,2.95
0.2,10.4,0.00,0.00,0,2.95,0,27.52,0,2.95,0,2.95
0.4,10.4,0.00,0.00,0,2.95,0,27.52,0,2.95,0,2.95
0.2,10.4,0.00,0.00,0,2.95,0,27.52,0,2.95,0,2.95
0.2,10.4,0.00,0.00,0,2.95,0,27.52,0,2.95,0,2.95
0.4,10.4,0.00,0.00,0,2.95,0,27.52,0,2.95,0,2.95
0.0,10.4,0.00,0.00,0,2.95,0,27.52,0,2.95,0,2.95
0.6,10.4,0.00,0.00,0,2.95,0,27.52,0,2.95,0,2.95
0.4,10.4,0.00,0.00,0,2.95,0,27.52,0,2.95,0,2.95
0.4,10.4,0.00,0.00,0,2.95,0,27.52,0,2.95,0,2.95
0.2,10.4,0.00,0.00,0,2.95,0,27.52,0,2.95,0,2.95
2.1,10.4,0.00,0.00,0,2.95,0,27.52,0,2.95,0,2.95
0.2,10.4,0.00,0.00,0,2.95,0,27.52,0,2.95,0,2.95
0.4,10.4,0.00,0.00,0,2.95,0,27.52,0,2.95,0,2.95
0.6,10.4,0.00,0.00,0,2.95,0,27.52,0,2.95,0,2.95
0.2,10.4,0.00,0.00,0,2.95,0,27.52,0,2.95,0,2.95
0.2,10.4,0.00,0.00,0,2.95,0,27.52,0,2.95,0,2.95
0.4,10.4,0.00,0.00,0,2.95,0,27.52,0,2.95,0,2.95
0.2,10.4,0.00,0.00,0,2.95,0,27.52,0,2.95,0,2.95
0.0,10.4,0.00,0.00,0,2.95,0,27.52,0,2.95,0,2.95
0.4,10.4,0.00,0.00,0,2.95,0,27.52,0,2.95,0,2.95
2.1,10.4,0.00,0.00,0,2.95,0,27.52,0,2.95,0,2.95
0.2,10.4,0.00,0.00,0,2.95,0,27.52,0,2.95,0,2.95
0.8,10.4,0.00,0.00,0,2.95,0,27.52,0,2.95,0,2.95
0.6,10.4,0.00,0.00,0,2.95,0,27.52,0,2.95,0,2.95
0.4,10.4,0.00,0.00,0,2.95,0,27.52,0,2.95,0,2.95
0.6,10.4,0.00,0.00,0,2.95,0,27.52,0,2.95,0,2.95
0.2,10.4,0.00,0.00,0,2.95,0,27.52,0,2.95,0,2.95
0.4,10.4,0.00,0.00,0,2.95,0,27.52,0,2.95,0,2.95
0.6,10.4,0.00,0.00,0,2.95,0,27.52,0,2.95,0,2.95
0.4,10.4,0.00,0.00,0,2.95,0,27.52,0,2.95,0,2.95
0.4,10.4,0.00,0.00,0,2.95,0,27.52,0,2.95,0,2.95
0.8,10.4,0.00,0.00,0,2.95,0,27.52,0,2.95,0,2.95
0.0,10.4,0.00,0.00,0,2.95,0,27.52,0,2.95,0,2.95
0.4,10.4,0.00,0.00,0,2.95,0,27.52,0,2.95,0,2.95
0.2,10.4,0.00,0.00,0,2.95,0,27.52,0,2.95,0,2.95
0.4,10.4,0.00,0.00,0,2.95,0,27.52,0,2.95,0,2.95
0.2,10.4,0.00,0.00,0,2.95,0,27.52,0,2.95,0,2.95
0.4,10.4,0.00,0.00,0,2.95,0,27.52,0,2.95,0,2.95
0.2,10.4,0.00,0.00,0,2.95,0,27.52,0,2.95,0,2.95
0.2,10.4,0.00,0.00,0,2.95,0,27.52,0,2.95,0,2.95
0.2,10.4,0.00,0.00,0,2.95,0,27.52,0,2.95,0,2.95
1.7,10.4,0.00,0.00,0,2.95,0,27.52,0,2.95,0,2.95
0.6,10.4,0.00,0.00,0,2.95,0,27.52,0,2.95,0,2.95
0.6,10.4,0.00,0.00,0,2.95,0,27.52,0,2.95,0,2.95
1.2,10.4,0.00,0.00,0,2.95,0,27.52,0,2.95,0,2.95
0.4,10.4,0.00,0.00,0,2.95,0,27.52,0,2.95,0,2.95
0.2,10.4,0.00,0.00,0,2.95,0,27.52,0,2.95,0,2.95
0.4,10.4,0.00,0.00,0,2.95,0,27.52,0,2.95,0,2.95
0.6,10.4,0.00,0.00,0,2.95,0,27.52,0,2.95,0,2.95
0.2,10.4,0.00,0.00,0,2.95,0,27.52,0,2.95,0,2.95
0.4,10.4,0.00,0.00,0,2.95,0,27.52,0,2.95,0,2.95
0.2,10.4,0.00,0.00,0,2.95,0,27.52,0,2.95,0,2.95
1.0,10.4,0.00,0.00,0,2.95,0,27.52,0,2.95,0,2.95
0.2,10.4,0.00,0.00,0,2.95,0,27.52,0,2.95,0,2.95
0.0,10.4,0.00,0.00,0,2.95,0,27.52,0,2.95,0,2.95
0.2,10.4,0.00,0.00,0,2.95,0,27.52,0,2.95,0,2.95
0.0,10.4,0.00,0.00,0,2.95,0,27.52,0,2.95,0,2.95
0.6,10.4,0.00,0.00,0,2.95,0,27.52,0,2.95,0,2.95
0.4,10.4,0.00,0.00,0,2.95,0,27.52,0,2.95,0,2.95
0.0,10.4,0.00,0.00,0,2.95,0,27.52,0,2.95,0,2.95
0.4,10.4,0.00,0.00,0,2.95,0,27.52,0,2.95,0,2.95
0.2,10.4,0.00,0.00,0,2.95,0,27.52,0,2.95,0,2.95
2.7,10.4,0.00,0.00,0,2.95,0,27.52,0,2.95,0,2.95
0.4,10.4,0.00,0.00,0,2.95,0,27.52,0,2.95,0,2.95
0.2,10.4,0.00,0.00,0,2.95,0,27.52,0,2.95,0,2.95
0.4,10.4,0.00,0.00,0,2.95,0,27.52,0,2.95,0,2.95
0.4,10.4,0.00,0.00,0,2.95,0,27.52,0,2.95,0,2.95
0.4,10.4,0.00,0.00,0,2.95,0,27.52,0,2.95,0,2.95
0.2,10.4,0.00,0.00,0,2.95,0,27.52,0,2.95,0,2.95
0.6,10.4,0.00,0.00,0,2.95,0,27.52,0,2.95,0,2.95
0.2,10.4,0.00,0.00,0,2.95,0,27.52,0,2.95,0,2.95
0.6,10.4,0.00,0.00,0,2.95,0,27.52,0,2.95,0,2.95
0.4,10.4,0.00,0.00,0,2.95,0,27.52,0,2.95,0,2.95
0.4,10.4,0.00,0.00,0,2.95,0,27.52,0,2.95,0,2.95
0.4,10.4,0.00,0.00,0,2.95,0,27.52,0,2.95,0,2.95
0.2,10.4,0.00,0.00,0,2.95,0,27.52,0,2.95,0,2.95
0.2,10.4,0.00,0.00,0,2.95,0,27.52,0,2.95,0,2.95
0.4,10.4,0.00,0.00,0,2.95,0,27.52,0,2.95,0,2.95
0.4,10.4,0.00,0.00,0,2.95,0,27.52,0,2.95,0,2.95
0.2,10.4,0.00,0.00,0,2.95,0,27.52,0,2.95,0,2.95
0.4,10.4,0.00,0.00,0,2.95,0,27.52,0,2.95,0,2.95
0.4,10.4,0.00,0.00,0,2.95,0,27.52,0,2.95,0,2.95
0.4,10.4,0.00,0.00,0,2.95,0,27.52,0,2.95,0,2.95
2.1,10.4,0.00,0.00,0,2.95,0,27.52,0,2.95,0,2.95
0.4,10.4,0.00,0.00,0,2.95,0,27.52,0,2.95,0,2.95
0.2,10.4,0.00,0.00,0,2.95,0,27.52,0,2.95,0,2.95
0.0,10.4,0.00,0.00,0,2.95,0,27.52,0,2.95,0,2.95
0.4,10.4,0.00,0.00,0,2.95,0,27.52,0,2.95,0,2.95
0.2,10.4,0.00,0.00,0,2.95,0,27.52,0,2.95,0,2.95
0.2,10.4,0.00,0.00,0,2.95,0,27.52,0,2.95,0,2.95
0.4,10.4,0.00,0.00,0,2.95,0,27.52,0,2.95,0,2.95
0.2,10.4,0.00,0.00,0,2.95,0,27.52,0,2.95,0,2.95
1.0,10.4,0.00,0.00,0,2.95,0,27.52,0,2.95,0,2.95
0.8,10.4,0.00,0.00,0,2.95,0,27.52,0,2.95,0,2.95
0.8,10.4,0.00,0.00,0,2.95,0,27.52,0,2.95,0,2.95
0.4,10.4,0.00,0.00,0,2.95,0,27.52,0,2.95,0,2.95
0.2,10.4,0.00,0.00,0,2.95,0,27.52,0,2.95,0,2.95
0.6,10.4,0.00,0.00,0,2.95,0,27.52,0,2.95,0,2.95
0.4,10.4,0.00,0.00,0,2.95,0,27.52,0,2.95,0,2.95
0.6,10.4,0.00,0.00,0,2.95,0,27.52,0,2.95,0,2.95
0.0,10.4,0.00,0.00,0,2.95,0,27.52,0,2.95,0,2.95
0.8,10.4,0.00,0.00,0,2.95,0,27.52,0,2.95,0,2.95
0.4,10.4,0.00,0.00,0,2.95,0,27.52,0,2.95,0,2.95
0.2,10.4,0.00,0.00,0,2.95,0,27.52,0,2.95,0,2.95
1.5,10.4,0.00,0.00,0,2.95,0,27.52,0,2.95,0,2.95
0.2,10.4,0.00,0.00,0,2.95,0,27.52,0,2.95,0,2.95
0.2,10.4,0.00,0.00,0,2.95,0,27.52,0,2.95,0,2.95
0.6,10.4,0.00,0.00,0,2.95,0,27.52,0,2.95,0,2.95
0.4,10.4,0.00,0.00,0,2.95,0,27.52,0,2.95,0,2.95
0.2,10.4,0.00,0.00,0,2.95,0,27.52,0,2.95,0,2.95
0.2,10.4,0.00,0.00,0,2.95,0,27.52,0,2.95,0,2.95
0.2,10.4,0.00,0.00,0,2.95,0,27.52,0,2.95,0,2.95
0.2,10.4,0.00,0.00,0,2.95,0,27.52,0,2.95,0,2.95
0.4,10.4,0.00,0.00,0,2.95,0,27.52,0,2.95,0,2.95
1.5,10.4,0.00,0.00,0,2.95,0,27.52,0,2.95,0,2.95
0.6,10.4,0.00,0.00,0,2.95,0,27.52,0,2.95,0,2.95
0.0,10.4,0.00,0.00,0,2.95,0,27.52,0,2.95,0,2.95
0.4,10.4,0.00,0.00,0,2.95,0,27.52,0,2.95,0,2.95
0.4,10.4,0.00,0.00,0,2.95,0,27.52,0,2.95,0,2.95
0.2,10.4,0.00,0.00,0,2.95,0,27.52,0,2.95,0,2.95
0.0,10.4,0.00,0.00,0,2.95,0,27.52,0,2.95,0,2.95
0.2,10.4,0.00,0.00,0,2.95,0,27.52,0,2.95,0,2.95
0.4,10.4,0.00,0.00,0,2.95,0,27.52,0,2.95,0,2.95
0.0,10.4,0.00,0.00,0,2.95,0,27.52,0,2.95,0,2.95
0.2,10.4,0.00,0.00,0,2.95,0,27.52,0,2.95,0,2.95
1.2,10.4,0.00,0.00,0,2.95,0,27.52,0,2.95,0,2.95
0.0,10.4,0.00,0.00,0,2.95,0,27.52,0,2.95,0,2.95
0.4,10.4,0.00,0.00,0,2.95,0,27.52,0,2.95,0,2.95
0.2,10.4,0.00,0.00,0,2.95,0,27.52,0,2.95,0,2.95
0.6,10.4,0.00,0.00,0,2.95,0,27.52,0,2.95,0,2.95
0.2,10.4,0.00,0.00,0,2.95,0,27.52,0,2.95,0,2.95
0.2,10.4,0.00,0.00,0,2.95,0,27.52,0,2.95,0,2.95
0.4,10.4,0.00,0.00,0,2.95,0,27.52,0,2.95,0,2.95
0.4,10.4,0.00,0.00,0,2.95,0,27.52,0,2.95,0,2.95
0.4,10.4,0.00,0.00,0,2.95,0,27.52,0,2.95,0,2.95
1.2,10.4,0.00,0.00,0,2.95,0,27.52,0,2.95,0,2.95
0.4,10.4,0.00,0.00,0,2.95,0,27.52,0,2.95,0,2.95
0.4,10.4,0.00,0.00,0,2.95,0,27.52,0,2.95,0,2.95
0.2,10.4,0.00,0.00,0,2.95,0,27.52,0,2.95,0,2.95
0.4,10.4,0.00,0.00,0,2.95,0,27.52,0,2.95,0,2.95
0.0,10.4,0.00,0.00,0,2.95,0,27.52,0,2.95,0,2.95
0.4,10.4,0.00,0.00,0,2.95,0,27.52,0,2.95,0,2.95
0.6,10.4,0.00,0.00,0,2.95,0,27.52,0,2.95,0,2.95
0.4,10.4,0.00,0.00,0,2.95,0,27.52,0,2.95,0,2.95
0.2,10.4,0.00,0.00,0,2.95,0,27.52,0,2.95,0,2.95
0.2,10.4,0.00,0.00,0,2.95,0,27.52,0,2.95,0,2.95
1.7,10.4,0.00,0.00,0,2.95,0,27.52,0,2.95,0,2.95
0.2,10.4,0.00,0.00,0,2.95,0,27.52,0,2.95,0,2.95
0.2,10.4,0.00,0.00,0,2.95,0,27.52,0,2.95,0,2.95
0.2,10.4,0.00,0.00,0,2.95,0,27.52,0,2.95,0,2.95
0.6,10.4,0.00,0.00,0,2.95,0,27.52,0,2.95,0,2.95
0.2,10.4,0.00,0.00,0,2.95,0,27.52,0,2.95,0,2.95
0.4,10.4,0.00,0.00,0,2.95,0,27.52,0,2.95,0,2.95
0.0,10.4,0.00,0.00,0,2.95,0,27.52,0,2.95,0,2.95
0.2,10.4,0.00,0.00,0,2.95,0,27.52,0,2.95,0,2.95
0.4,10.4,0.00,0.00,0,2.95,0,27.52,0,2.95,0,2.95
1.9,10.4,0.00,0.00,0,2.95,0,27.52,0,2.95,0,2.95
0.4,10.4,0.00,0.00,0,2.95,0,27.52,0,2.95,0,2.95
0.0,10.4,0.00,0.00,0,2.95,0,27.52,0,2.95,0,2.95
1.2,10.4,0.00,0.00,0,2.95,0,27.52,0,2.95,0,2.95
0.4,10.4,0.00,0.00,0,2.95,0,27.52,0,2.95,0,2.95
0.2,10.4,0.00,0.00,0,2.95,0,27.52,0,2.95,0,2.95
0.6,10.4,0.00,0.00,0,2.95,0,27.52,0,2.95,0,2.95
0.4,10.4,0.00,0.00,0,2.95,0,27.52,0,2.95,0,2.95
0.6,10.4,0.00,0.00,0,2.95,0,27.52,0,2.95,0,2.95
0.6,10.4,0.00,0.00,0,2.95,0,27.52,0,2.95,0,2.95
1.0,10.4,0.00,0.00,0,2.95,0,27.52,0,2.95,0,2.95
0.4,10.4,0.00,0.00,0,2.95,0,27.52,0,2.95,0,2.95
0.4,10.4,0.00,0.00,0,2.95,0,27.52,0,2.95,0,2.95
0.8,10.4,0.00,0.00,0,2.95,0,27.52,0,2.95,0,2.95
0.2,10.4,0.00,0.00,0,2.95,0,27.52,0,2.95,0,2.95
0.4,10.4,0.00,0.00,0,2.95,0,27.52,0,2.95,0,2.95
0.4,10.4,0.00,0.00,0,2.95,0,27.52,0,2.95,0,2.95
1.9,10.4,0.00,0.00,0,2.95,0,27.52,0,2.95,0,2.95
0.0,10.4,0.00,0.00,0,2.95,0,27.52,0,2.95,0,2.95
0.2,10.4,0.00,0.00,0,2.95,0,27.52,0,2.95,0,2.95
0.2,10.4,0.00,0.00,0,2.95,0,27.52,0,2.95,0,2.95
2.3,10.4,0.00,0.00,0,2.95,0,27.52,0,2.95,0,2.95
0.4,10.4,0.00,0.00,0,2.95,0,27.52,0,2.95,0,2.95
0.4,10.4,0.00,0.00,0,2.95,0,27.52,0,2.95,0,2.95
0.4,10.4,0.00,0.00,0,2.95,0,27.52,0,2.95,0,2.95
0.0,10.4,0.00,0.00,0,2.95,0,27.52,0,2.95,0,2.95
0.0,10.4,0.00,0.00,0,2.95,0,27.52,0,2.95,0,2.95
0.0,10.4,0.00,0.00,0,2.95,0,27.52,0,2.95,0,2.95
0.0,10.4,0.00,0.00,0,2.95,0,27.52,0,2.95,0,2.95
0.4,10.4,0.00,0.00,0,2.95,0,27.52,0,2.95,0,2.95
0.4,10.4,0.00,0.00,0,2.95,0,27.52,0,2.95,0,2.95
1.2,10.4,0.00,0.00,0,2.95,0,27.52,0,2.95,0,2.95
0.4,10.4,0.00,0.00,0,2.95,0,27.52,0,2.95,0,2.95
0.0,10.4,0.00,0.00,0,2.95,0,27.52,0,2.95,0,2.95
0.0,10.4,0.00,0.00,0,2.95,0,27.52,0,2.95,0,2.95
0.2,10.4,0.00,0.00,0,2.95,0,27.52,0,2.95,0,2.95
0.4,10.4,0.00,0.00,0,2.95,0,27.52,0,2.95,0,2.95
0.2,10.4,0.00,0.00,0,2.95,0,27.52,0,2.95,0,2.95
0.4,10.4,0.00,0.00,0,2.95,0,27.52,0,2.95,0,2.95
0.0,10.4,0.00,0.00,0,2.95,0,27.52,0,2.95,0,2.95
0.2,10.4,0.00,0.00,0,2.95,0,27.52,0,2.95,0,2.95
0.2,10.4,0.00,0.00,0,2.95,0,27.52,0,2.95,0,2.95
2.7,10.4,0.00,0.00,0,2.95,0,27.52,0,2.95,0,2.95
0.6,10.4,0.00,0.00,0,2.95,0,27.52,0,2.95,0,2.95
0.2,10.4,0.00,0.00,0,2.95,0,27.52,0,2.95,0,2.95
0.2,10.4,0.00,0.00,0,2.95,0,27.52,0,2.95,0,2.95
0.0,10.4,0.00,0.00,0,2.95,0,27.52,0,2.95,0,2.95
0.2,10.4,0.00,0.00,0,2.95,0,27.52,0,2.95,0,2.95
0.0,10.4,0.00,0.00,0,2.95,0,27.52,0,2.95,0,2.95
0.2,10.4,0.00,0.00,0,2.95,0,27.52,0,2.95,0,2.95
0.2,10.4,0.00,0.00,0,2.95,0,27.52,0,2.95,0,2.95
0.0,10.4,0.00,0.00,0,2.95,0,27.52,0,2.95,0,2.95
0.4,10.4,0.00,0.00,0,2.95,0,27.52,0,2.95,0,2.95
0.4,10.4,0.00,0.00,0,2.95,0,27.52,0,2.95,0,2.95
0.2,10.4,0.00,0.00,0,2.95,0,27.52,0,2.95,0,2.95
0.4,10.4,0.00,0.00,0,2.95,0,27.52,0,2.95,0,2.95
0.2,10.4,0.00,0.00,0,2.95,0,27.52,0,2.95,0,2.95
0.6,10.4,0.00,0.00,0,2.95,0,27.52,0,2.95,0,2.95
0.4,10.4,0.00,0.00,0,2.95,0,27.52,0,2.95,0,2.95
0.0,10.4,0.00,0.00,0,2.95,0,27.52,0,2.95,0,2.95
0.2,10.4,0.00,0.00,0,2.95,0,27.52,0,2.95,0,2.95
0.2,10.4,0.00,0.00,0,2.95,0,27.52,0,2.95,0,2.95
0.4,10.4,0.00,0.00,0,2.95,0,27.52,0,2.95,0,2.95
2.3,10.4,0.00,0.00,0,2.95,0,27.52,0,2.95,0,2.95
1.6,10.4,0.00,0.00,0,2.95,0,27.52,0,2.95,0,2.95
0.2,10.4,0.00,0.00,0,2.95,0,27.52,0,2.95,0,2.95
0.6,10.4,0.00,0.00,0,2.95,0,27.52,0,2.95,0,2.95
0.4,10.4,0.00,0.00,0,2.95,0,27.52,0,2.95,0,2.95
0.4,10.4,0.00,0.00,0,2.95,0,27.52,0,2.95,0,2.95
0.0,10.4,0.00,0.00,0,2.95,0,27.52,0,2.95,0,2.95
1.6,10.4,0.00,0.00,0,2.95,0,27.52,0,2.95,0,2.95
0.8,10.5,0.00,0.00,0,2.95,0,27.52,0,2.95,0,2.95
1.6,10.5,0.00,0.00,0,2.95,0,27.52,0,2.95,0,2.95
0.6,10.5,0.00,0.00,0,2.95,0,27.52,0,2.95,0,2.95
0.4,10.5,0.00,0.00,0,2.95,0,27.52,0,2.95,0,2.95
0.2,10.5,0.00,0.00,0,2.95,0,27.52,0,2.95,0,2.95
0.2,10.5,0.00,0.00,0,2.95,0,27.52,0,2.95,0,2.95
0.4,10.5,0.00,0.00,0,2.95,0,27.52,0,2.95,0,2.95
0.4,10.5,0.00,0.00,0,2.95,0,27.52,0,2.95,0,2.95
1.0,10.5,0.00,0.00,0,2.95,0,27.52,0,2.95,0,2.95
0.2,10.5,0.00,0.00,0,2.95,0,27.52,0,2.95,0,2.95
0.4,10.5,0.00,0.00,0,2.95,0,27.52,0,2.95,0,2.95
0.2,10.5,0.00,0.00,0,2.95,0,27.52,0,2.95,0,2.95
0.8,10.5,0.00,0.00,0,2.95,0,27.52,0,2.95,0,2.95
2.5,10.5,0.00,0.00,0,2.95,0,27.52,0,2.95,0,2.95
0.4,10.5,0.00,0.00,0,2.95,0,27.52,0,2.95,0,2.95
0.4,10.5,0.00,0.00,0,2.95,0,27.52,0,2.95,0,2.95
0.4,10.5,0.00,0.00,0,2.95,0,27.52,0,2.95,0,2.95
0.0,10.5,0.00,0.00,0,2.95,0,27.52,0,2.95,0,2.95
0.0,10.5,0.00,0.00,0,2.95,0,27.52,0,2.95,0,2.95
0.0,10.5,0.00,0.00,0,2.95,0,27.52,0,2.95,0,2.95
0.2,10.5,0.00,0.00,0,2.95,0,27.52,0,2.95,0,2.95
0.4,10.5,0.00,0.00,0,2.95,0,27.52,0,2.95,0,2.95
0.2,10.5,0.00,0.00,0,2.95,0,27.52,0,2.95,0,2.95
0.2,10.5,0.00,0.00,0,2.95,0,27.52,0,2.95,0,2.95
0.4,10.4,0.00,0.00,0,2.95,0,27.52,0,2.95,0,2.95
0.0,10.4,0.00,0.00,0,2.95,0,27.52,0,2.95,0,2.95
0.4,10.4,0.00,0.00,0,2.95,0,27.52,0,2.95,0,2.95
0.4,10.4,0.00,0.00,0,2.95,0,27.52,0,2.95,0,2.95
0.4,10.4,0.00,0.00,0,2.95,0,27.52,0,2.95,0,2.95
0.2,10.4,0.00,0.00,0,2.95,0,27.52,0,2.95,0,2.95
0.4,10.4,0.00,0.00,0,2.95,0,27.52,0,2.95,0,2.95
0.0,10.4,0.00,0.00,0,2.95,0,27.52,0,2.95,0,2.95
0.2,10.4,0.00,0.00,0,2.95,0,27.52,0,2.95,0,2.95
0.2,10.4,0.00,0.00,0,2.95,0,27.52,0,2.95,0,2.95
2.5,10.5,0.00,0.00,0,2.95,0,27.52,0,2.95,0,2.95
0.6,10.5,0.00,0.00,0,2.95,0,27.52,0,2.95,0,2.95
0.8,10.5,0.00,0.00,0,2.95,0,27.52,0,2.95,0,2.95
0.6,10.5,0.00,0.00,0,2.95,0,27.52,0,2.95,0,2.95
0.4,10.5,0.00,0.00,0,2.95,0,27.52,0,2.95,0,2.95
0.2,10.5,0.00,0.00,0,2.95,0,27.52,0,2.95,0,2.95
0.4,10.5,0.00,0.00,0,2.95,0,27.52,0,2.95,0,2.95
0.0,10.5,0.00,0.00,0,2.95,0,27.52,0,2.95,0,2.95
0.2,10.5,0.00,0.00,0,2.95,0,27.52,0,2.95,0,2.95
0.8,10.5,0.00,0.00,0,2.95,0,27.52,0,2.95,0,2.95
0.2,10.5,0.00,0.00,0,2.95,0,27.52,0,2.95,0,2.95
0.6,10.5,0.00,0.00,0,2.95,0,27.52,0,2.95,0,2.95
0.2,10.5,0.00,0.00,0,2.95,0,27.52,0,2.95,0,2.95
0.2,10.5,0.00,0.00,0,2.95,0,27.52,0,2.95,0,2.95
0.0,10.5,0.00,0.00,0,2.95,0,27.52,0,2.95,0,2.95
0.4,10.5,0.00,0.00,0,2.95,0,27.52,0,2.95,0,2.95
0.2,10.5,0.00,0.00,0,2.95,0,27.52,0,2.95,0,2.95
0.2,10.5,0.00,0.00,0,2.95,0,27.52,0,2.95,0,2.95
0.0,10.5,0.00,0.00,0,2.95,0,27.52,0,2.95,0,2.95
0.2,10.5,0.00,0.00,0,2.95,0,27.52,0,2.95,0,2.95
0.4,10.5,0.00,0.00,0,2.95,0,27.52,0,2.95,0,2.95
2.3,10.5,0.00,0.00,0,2.95,0,27.52,0,2.95,0,2.95
0.4,10.5,0.00,0.00,0,2.95,0,27.52,0,2.95,0,2.95
0.4,10.5,0.00,0.00,0,2.95,0,27.52,0,2.95,0,2.95
0.4,10.5,0.00,0.00,0,2.95,0,27.52,0,2.95,0,2.95
0.4,10.5,0.00,0.00,0,2.95,0,27.52,0,2.95,0,2.95
0.4,10.5,0.00,0.00,0,2.95,0,27.52,0,2.95,0,2.95
0.4,10.5,0.00,0.00,0,2.95,0,27.52,0,2.95,0,2.95
0.6,10.5,0.00,0.00,0,2.95,0,27.52,0,2.95,0,2.95
0.4,10.5,0.00,0.00,0,2.95,0,27.52,0,2.95,0,2.95
0.4,10.5,0.00,0.00,0,2.95,0,27.52,0,2.95,0,2.95
0.2,10.5,0.00,0.00,0,2.95,0,27.52,0,2.95,0,2.95
0.6,10.5,0.00,0.00,0,2.95,0,27.52,0,2.95,0,2.95
0.4,10.5,0.00,0.00,0,2.95,0,27.52,0,2.95,0,2.95
0.6,10.5,0.00,0.00,0,2.95,0,27.52,0,2.95,0,2.95
0.2,10.5,0.00,0.00,0,2.95,0,27.52,0,2.95,0,2.95
0.8,10.5,0.00,0.00,0,2.95,0,27.52,0,2.95,0,2.95
0.2,10.5,0.00,0.00,0,2.95,0,27.52,0,2.95,0,2.95
0.2,10.5,0.00,0.00,0,2.95,0,27.52,0,2.95,0,2.95
0.4,10.5,0.00,0.00,0,2.95,0,27.52,0,2.95,0,2.95
0.0,10.5,0.00,0.00,0,2.95,0,27.52,0,2.95,0,2.95
0.2,10.5,0.00,0.00,0,2.95,0,27.52,0,2.95,0,2.95
2.7,10.5,0.00,0.00,0,2.95,0,27.52,0,2.95,0,2.95
0.4,10.5,0.00,0.00,0,2.95,0,27.52,0,2.95,0,2.95
0.2,10.5,0.00,0.00,0,2.95,0,27.52,0,2.95,0,2.95
0.2,10.5,0.00,0.00,0,2.95,0,27.52,0,2.95,0,2.95
0.0,10.5,0.00,0.00,0,2.95,0,27.52,0,2.95,0,2.95
0.2,10.5,0.00,0.00,0,2.95,0,27.52,0,2.95,0,2.95
0.2,10.5,0.00,0.00,0,2.95,0,27.52,0,2.95,0,2.95
0.2,10.5,0.00,0.00,0,2.95,0,27.52,0,2.95,0,2.95
0.4,10.5,0.00,0.00,0,2.95,0,27.52,0,2.95,0,2.95
0.0,10.5,0.00,0.00,0,2.95,0,27.52,0,2.95,0,2.95
0.4,10.5,0.00,0.00,0,2.95,0,27.52,0,2.95,0,2.95
0.4,10.5,0.00,0.00,0,2.95,0,27.52,0,2.95,0,2.95
0.0,10.5,0.00,0.00,0,2.95,0,27.52,0,2.95,0,2.95
0.2,10.5,0.00,0.00,0,2.95,0,27.52,0,2.95,0,2.95
0.8,10.5,0.00,0.00,0,2.95,0,27.52,0,2.95,0,2.95
0.2,10.5,0.00,0.00,0,2.95,0,27.52,0,2.95,0,2.95
0.0,10.5,0.00,0.00,0,2.95,0,27.52,0,2.95,0,2.95
0.2,10.5,0.00,0.00,0,2.95,0,27.52,0,2.95,0,2.95
0.6,10.5,0.00,0.00,0,2.95,0,27.52,0,2.95,0,2.95
0.0,10.5,0.00,0.00,0,2.95,0,27.52,0,2.95,0,2.95
0.0,10.5,0.00,0.00,0,2.95,0,27.52,0,2.95,0,2.95
2.1,10.4,0.00,0.00,0,2.95,0,27.52,0,2.95,0,2.95
0.6,10.4,0.00,0.00,0,2.95,0,27.52,0,2.95,0,2.95
0.4,10.4,0.00,0.00,0,2.95,0,27.52,0,2.95,0,2.95
0.6,10.4,0.00,0.00,0,2.95,0,27.52,0,2.95,0,2.95
0.0,10.4,0.00,0.00,0,2.95,0,27.52,0,2.95,0,2.95
0.0,10.4,0.00,0.00,0,2.95,0,27.52,0,2.95,0,2.95
0.2,10.4,0.00,0.00,0,2.95,0,27.52,0,2.95,0,2.95
0.6,10.4,0.00,0.00,0,2.95,0,27.52,0,2.95,0,2.95
0.4,10.4,0.00,0.00,0,2.95,0,27.52,0,2.95,0,2.95
0.4,10.4,0.00,0.00,0,2.95,0,27.52,0,2.95,0,2.95
0.8,10.4,0.00,0.00,0,2.95,0,27.52,0,2.95,0,2.95
0.0,10.4,0.00,0.00,0,2.95,0,27.52,0,2.95,0,2.95
0.2,10.4,0.00,0.00,0,2.95,0,27.52,0,2.95,0,2.95
0.2,10.4,0.00,0.00,0,2.95,0,27.52,0,2.95,0,2.95
0.4,10.4,0.00,0.00,0,2.95,0,27.52,0,2.95,0,2.95
0.4,10.4,0.00,0.00,0,2.95,0,27.52,0,2.95,0,2.95
0.2,10.4,0.00,0.00,0,2.95,0,27.52,0,2.95,0,2.95
0.0,10.4,0.00,0.00,0,2.95,0,27.52,0,2.95,0,2.95
0.0,10.4,0.00,0.00,0,2.95,0,27.52,0,2.95,0,2.95
0.0,10.4,0.00,0.00,0,2.95,0,27.52,0,2.95,0,2.95
0.4,10.4,0.00,0.00,0,2.95,0,27.52,0,2.95,0,2.95
2.1,10.4,0.00,0.00,0,2.95,0,27.52,0,2.95,0,2.95
0.4,10.4,0.00,0.00,0,2.95,0,27.52,0,2.95,0,2.95
0.2,10.4,0.00,0.00,0,2.95,0,27.52,0,2.95,0,2.95
0.6,10.4,0.00,0.00,0,2.95,0,27.52,0,2.95,0,2.95
0.4,10.4,0.00,0.00,0,2.95,0,27.52,0,2.95,0,2.95
0.4,10.4,0.00,0.00,0,2.95,0,27.52,0,2.95,0,2.95
0.4,10.4,0.00,0.00,0,2.95,0,27.52,0,2.95,0,2.95
0.2,10.4,0.00,0.00,0,2.95,0,27.52,0,2.95,0,2.95
0.6,10.4,0.00,0.00,0,2.95,0,27.52,0,2.95,0,2.95
0.2,10.4,0.00,0.00,0,2.95,0,27.52,0,2.95,0,2.95
0.6,10.4,0.00,0.00,0,2.95,0,27.52,0,2.95,0,2.95
1.0,10.4,0.00,0.00,0,2.95,0,27.52,0,2.95,0,2.95
0.6,10.4,0.00,0.00,0,2.95,0,27.52,0,2.95,0,2.95
0.2,10.4,0.00,0.00,0,2.95,0,27.52,0,2.95,0,2.95
0.4,10.4,0.00,0.00,0,2.95,0,27.52,0,2.95,0,2.95
0.4,10.4,0.00,0.00,0,2.95,0,27.52,0,2.95,0,2.95
0.6,10.4,0.00,0.00,0,2.95,0,27.52,0,2.95,0,2.95
0.4,10.4,0.00,0.00,0,2.95,0,27.52,0,2.95,0,2.95
0.2,10.4,0.00,0.00,0,2.95,0,27.52,0,2.95,0,2.95
0.6,10.4,0.00,0.00,0,2.95,0,27.52,0,2.95,0,2.95
0.2,10.4,0.00,0.00,0,2.95,0,27.52,0,2.95,0,2.95
2.3,10.4,0.00,0.00,0,2.95,0,27.52,0,2.95,0,2.95
0.4,10.4,0.00,0.00,0,2.95,0,27.52,0,2.95,0,2.95
0.4,10.4,0.00,0.00,0,2.95,0,27.52,0,2.95,0,2.95
0.6,10.4,0.00,0.00,0,2.95,0,27.52,0,2.95,0,2.95
0.4,10.4,0.00,0.00,0,2.95,0,27.52,0,2.95,0,2.95
0.2,10.4,0.00,0.00,0,2.95,0,27.52,0,2.95,0,2.95
0.4,10.4,0.00,0.00,0,2.95,0,27.52,0,2.95,0,2.95
0.2,10.4,0.00,0.00,0,2.95,0,27.52,0,2.95,0,2.95
0.4,10.4,0.00,0.00,0,2.95,0,27.52,0,2.95,0,2.95
0.2,10.4,0.00,0.00,0,2.95,0,27.52,0,2.95,0,2.95
1.0,10.4,0.00,0.00,0,2.95,0,27.52,0,2.95,0,2.95
0.2,10.4,0.00,0.00,0,2.95,0,27.52,0,2.95,0,2.95
0.2,10.4,0.00,0.00,0,2.95,0,27.52,0,2.95,0,2.95
0.0,10.4,0.00,0.00,0,2.95,0,27.52,0,2.95,0,2.95
0.4,10.4,0.00,0.00,0,2.95,0,27.52,0,2.95,0,2.95
0.6,10.4,0.00,0.00,0,2.95,0,27.52,0,2.95,0,2.95
0.4,10.4,0.00,0.00,0,2.95,0,27.52,0,2.95,0,2.95
0.2,10.4,0.00,0.00,0,2.95,0,27.52,0,2.95,0,2.95
0.2,10.4,0.00,0.00,0,2.95,0,27.52,0,2.95,0,2.95
0.0,10.4,0.00,0.00,0,2.95,0,27.52,0,2.95,0,2.95
0.0,10.4,0.00,0.00,0,2.95,0,27.52,0,2.95,0,2.95
1.9,10.4,0.00,0.00,0,2.95,0,27.52,0,2.95,0,2.95
0.2,10.4,0.00,0.00,0,2.95,0,27.52,0,2.95,0,2.95
0.2,10.4,0.00,0.00,0,2.95,0,27.52,0,2.95,0,2.95
0.2,10.4,0.00,0.00,0,2.95,0,27.52,0,2.95,0,2.95
0.6,10.4,0.00,0.00,0,2.95,0,27.52,0,2.95,0,2.95
0.2,10.4,0.00,0.00,0,2.95,0,27.52,0,2.95,0,2.95
0.0,10.4,0.00,0.00,0,2.95,0,27.52,0,2.95,0,2.95
0.2,10.4,0.00,0.00,0,2.95,0,27.52,0,2.95,0,2.95
0.4,10.4,0.00,0.00,0,2.95,0,27.52,0,2.95,0,2.95
0.2,10.4,0.00,0.00,0,2.95,0,27.52,0,2.95,0,2.95
1.7,10.4,0.00,0.00,0,2.95,0,27.52,0,2.95,0,2.95
0.0,10.4,0.00,0.00,0,2.95,0,27.52,0,2.95,0,2.95
0.6,10.4,0.00,0.00,0,2.95,0,27.52,0,2.95,0,2.95
0.2,10.4,0.00,0.00,0,2.95,0,27.52,0,2.95,0,2.95
0.0,10.4,0.00,0.00,0,2.95,0,27.52,0,2.95,0,2.95
0.4,10.4,0.00,0.00,0,2.95,0,27.52,0,2.95,0,2.95
0.4,10.4,0.00,0.00,0,2.95,0,27.52,0,2.95,0,2.95
0.2,10.4,0.00,0.00,0,2.95,0,27.52,0,2.95,0,2.95
0.0,10.4,0.00,0.00,0,2.95,0,27.52,0,2.95,0,2.95
0.4,10.4,0.00,0.00,0,2.95,0,27.52,0,2.95,0,2.95
0.4,10.4,0.00,0.00,0,2.95,0,27.52,0,2.95,0,2.95
1.9,10.4,0.00,0.00,0,2.95,0,27.52,0,2.95,0,2.95
0.4,10.4,0.00,0.00,0,2.95,0,27.52,0,2.95,0,2.95
0.4,10.4,0.00,0.00,0,2.95,0,27.52,0,2.95,0,2.95
0.4,10.4,0.00,0.00,0,2.95,0,27.52,0,2.95,0,2.95
0.4,10.4,0.00,0.00,0,2.95,0,27.52,0,2.95,0,2.95
0.2,10.4,0.00,0.00,0,2.95,0,27.52,0,2.95,0,2.95
0.2,10.4,0.00,0.00,0,2.95,0,27.52,0,2.95,0,2.95
0.4,10.4,0.00,0.00,0,2.95,0,27.52,0,2.95,0,2.95
0.2,10.4,0.00,0.00,0,2.95,0,27.52,0,2.95,0,2.95
0.4,10.4,0.00,0.00,0,2.95,0,27.52,0,2.95,0,2.95
1.0,10.4,0.00,0.00,0,2.95,0,27.52,0,2.95,0,2.95
0.6,10.4,0.00,0.00,0,2.95,0,27.52,0,2.95,0,2.95
0.6,10.4,0.00,0.00,0,2.95,0,27.52,0,2.95,0,2.95
0.6,10.4,0.00,0.00,0,2.95,0,27.52,0,2.95,0,2.95
0.2,10.4,0.00,0.00,0,2.95,0,27.52,0,2.95,0,2.95
0.4,10.4,0.00,0.00,0,2.95,0,27.52,0,2.95,0,2.95
0.4,10.4,0.00,0.00,0,2.95,0,27.52,0,2.95,0,2.95
0.4,10.4,0.00,0.00,0,2.95,0,27.52,0,2.95,0,2.95
0.2,10.4,0.00,0.00,0,2.95,0,27.52,0,2.95,0,2.95
0.4,10.4,0.00,0.00,0,2.95,0,27.52,0,2.95,0,2.95
0.2,10.4,0.00,0.00,0,2.95,0,27.52,0,2.95,0,2.95
1.5,10.4,0.00,0.00,0,2.95,0,27.52,0,2.95,0,2.95
0.2,10.4,0.00,0.00,0,2.95,0,27.52,0,2.95,0,2.95
0.4,10.4,0.00,0.00,0,2.95,0,27.52,0,2.95,0,2.95
0.2,10.4,0.00,0.00,0,2.95,0,27.52,0,2.95,0,2.95
0.4,10.4,0.00,0.00,0,2.95,0,27.52,0,2.95,0,2.95
0.6,10.4,0.00,0.00,0,2.95,0,27.52,0,2.95,0,2.95
0.2,10.4,0.00,0.00,0,2.95,0,27.52,0,2.95,0,2.95
0.2,10.4,0.00,0.00,0,2.95,0,27.52,0,2.95,0,2.95
0.0,10.4,0.00,0.00,0,2.95,0,27.52,0,2.95,0,2.95
0.0,10.4,0.00,0.00,0,2.95,0,27.52,0,2.95,0,2.95
1.5,10.4,0.00,0.00,0,2.95,0,27.52,0,2.95,0,2.95
0.4,10.4,0.00,0.00,0,2.95,0,27.52,0,2.95,0,2.95
0.2,10.4,0.00,0.00,0,2.95,0,27.52,0,2.95,0,2.95
0.2,10.4,0.00,0.00,0,2.95,0,27.52,0,2.95,0,2.95
0.0,10.4,0.00,0.00,0,2.95,0,27.52,0,2.95,0,2.95
0.2,10.4,0.00,0.00,0,2.95,0,27.52,0,2.95,0,2.95
0.4,10.4,0.00,0.00,0,2.95,0,27.52,0,2.95,0,2.95
0.0,10.4,0.00,0.00,0,2.95,0,27.52,0,2.95,0,2.95
0.2,10.4,0.00,0.00,0,2.95,0,27.52,0,2.95,0,2.95
0.2,10.4,0.00,0.00,0,2.95,0,27.52,0,2.95,0,2.95
0.0,10.4,0.00,0.00,0,2.95,0,27.52,0,2.95,0,2.95
1.2,10.4,0.00,0.00,0,2.95,0,27.52,0,2.95,0,2.95
0.4,10.4,0.00,0.00,0,2.95,0,27.52,0,2.95,0,2.95
0.0,10.4,0.00,0.00,0,2.95,0,27.52,0,2.95,0,2.95
0.6,10.4,0.00,0.00,0,2.95,0,27.52,0,2.95,0,2.95
0.4,10.4,0.00,0.00,0,2.95,0,27.52,0,2.95,0,2.95
0.6,10.4,0.00,0.00,0,2.95,0,27.52,0,2.95,0,2.95
0.2,10.4,0.00,0.00,0,2.95,0,27.52,0,2.95,0,2.95
0.4,10.4,0.00,0.00,0,2.95,0,27.52,0,2.95,0,2.95
0.2,10.4,0.00,0.00,0,2.95,0,27.52,0,2.95,0,2.95
0.2,10.4,0.00,0.00,0,2.95,0,27.52,0,2.95,0,2.95
1.7,10.4,0.00,0.00,0,2.95,0,27.52,0,2.95,0,2.95
0.8,10.4,0.00,0.00,0,2.95,0,27.52,0,2.95,0,2.95
0.2,10.4,0.00,0.00,0,2.95,0,27.52,0,2.95,0,2.95
0.2,10.4,0.00,0.00,0,2.95,0,27.52,0,2.95,0,2.95
0.6,10.4,0.00,0.00,0,2.95,0,27.52,0,2.95,0,2.95
0.4,10.4,0.00,0.00,0,2.95,0,27.52,0,2.95,0,2.95
0.4,10.4,0.00,0.00,0,2.95,0,27.52,0,2.95,0,2.95
0.2,10.4,0.00,0.00,0,2.95,0,27.52,0,2.95,0,2.95
0.0,10.4,0.00,0.00,0,2.95,0,27.52,0,2.95,0,2.95
0.4,10.4,0.00,0.00,0,2.95,0,27.52,0,2.95,0,2.95
0.6,10.4,0.00,0.00,0,2.95,0,27.52,0,2.95,0,2.95
1.0,10.4,0.00,0.00,0,2.95,0,27.52,0,2.95,0,2.95
0.2,10.4,0.00,0.00,0,2.95,0,27.52,0,2.95,0,2.95
0.2,10.4,0.00,0.00,0,2.95,0,27.52,0,2.95,0,2.95
0.2,10.4,0.00,0.00,0,2.95,0,27.52,0,2.95,0,2.95
0.4,10.4,0.00,0.00,0,2.95,0,27.52,0,2.95,0,2.95
0.2,10.4,0.00,0.00,0,2.95,0,27.52,0,2.95,0,2.95
0.4,10.4,0.00,0.00,0,2.95,0,27.52,0,2.95,0,2.95
0.4,10.4,0.00,0.00,0,2.95,0,27.52,0,2.95,0,2.95
0.2,10.4,0.00,0.00,0,2.95,0,27.52,0,2.95,0,2.95
0.0,10.4,0.00,0.00,0,2.95,0,27.52,0,2.95,0,2.95
2.3,10.4,0.00,0.00,0,2.95,0,27.52,0,2.95,0,2.95
0.2,10.4,0.00,0.00,0,2.95,0,27.52,0,2.95,0,2.95
0.4,10.4,0.00,0.00,0,2.95,0,27.52,0,2.95,0,2.95
0.6,10.4,0.00,0.00,0,2.95,0,27.52,0,2.95,0,2.95
0.6,10.4,0.00,0.00,0,2.95,0,27.52,0,2.95,0,2.95
0.2,10.4,0.00,0.00,0,2.95,0,27.52,0,2.95,0,2.95
0.4,10.4,0.00,0.00,0,2.95,0,27.52,0,2.95,0,2.95
0.4,10.4,0.00,0.00,0,2.95,0,27.52,0,2.95,0,2.95
0.4,10.4,0.00,0.00,0,2.95,0,27.52,0,2.95,0,2.95
0.4,10.4,0.00,0.00,0,2.95,0,27.52,0,2.95,0,2.95
0.2,10.4,0.00,0.00,0,2.95,0,27.52,0,2.95,0,2.95
1.3,10.4,0.00,0.00,0,2.95,0,27.52,0,2.95,0,2.95
0.2,10.4,0.00,0.00,0,2.95,0,27.52,0,2.95,0,2.95
0.4,10.4,0.00,0.00,0,2.95,0,27.52,0,2.95,0,2.95
0.2,10.4,0.00,0.00,0,2.95,0,27.52,0,2.95,0,2.95
1.2,10.4,0.00,0.00,0,2.95,0,27.52,0,2.95,0,2.95
0.4,10.4,0.00,0.00,0,2.95,0,27.52,0,2.95,0,2.95
0.2,10.4,0.00,0.00,0,2.95,0,27.52,0,2.95,0,2.95
0.2,10.4,0.00,0.00,0,2.95,0,27.52,0,2.95,0,2.95
0.6,10.4,0.00,0.00,0,2.95,0,27.52,0,2.95,0,2.95
0.2,10.4,0.00,0.00,0,2.95,0,27.52,0,2.95,0,2.95
1.7,10.4,0.00,0.00,0,2.95,0,27.52,0,2.95,0,2.95
0.4,10.4,0.00,0.00,0,2.95,0,27.52,0,2.95,0,2.95
0.2,10.4,0.00,0.00,0,2.95,0,27.52,0,2.95,0,2.95
0.2,10.4,0.00,0.00,0,2.95,0,27.52,0,2.95,0,2.95
0.0,10.4,0.00,0.00,0,2.95,0,27.52,0,2.95,0,2.95
0.0,10.4,0.00,0.00,0,2.95,0,27.52,0,2.95,0,2.95
0.2,10.4,0.00,0.00,0,2.95,0,27.52,0,2.95,0,2.95
0.2,10.4,0.00,0.00,0,2.95,0,27.52,0,2.95,0,2.95
0.2,10.4,0.00,0.00,0,2.95,0,27.52,0,2.95,0,2.95
0.6,10.4,0.00,0.00,0,2.95,0,27.52,0,2.95,0,2.95
0.2,10.4,0.00,0.00,0,2.95,0,27.52,0,2.95,0,2.95
0.8,10.4,0.00,0.00,0,2.95,0,27.52,0,2.95,0,2.95
0.0,10.4,0.00,0.00,0,2.95,0,27.52,0,2.95,0,2.95
0.2,10.4,0.00,0.00,0,2.95,0,27.52,0,2.95,0,2.95
0.2,10.4,0.00,0.00,0,2.95,0,27.52,0,2.95,0,2.95
0.2,10.4,0.00,0.00,0,2.95,0,27.52,0,2.95,0,2.95
0.2,10.4,0.00,0.00,0,2.95,0,27.52,0,2.95,0,2.95
0.4,10.4,0.00,0.00,0,2.95,0,27.52,0,2.95,0,2.95
0.2,10.4,0.00,0.00,0,2.95,0,27.52,0,2.95,0,2.95
0.0,10.4,0.00,0.00,0,2.95,0,27.52,0,2.95,0,2.95
0.6,10.4,0.00,0.00,0,2.95,0,27.52,0,2.95,0,2.95
2.3,10.4,0.00,0.00,0,2.95,0,27.52,0,2.95,0,2.95
0.4,10.4,0.00,0.00,0,2.95,0,27.52,0,2.95,0,2.95
0.4,10.4,0.00,0.00,0,2.95,0,27.52,0,2.95,0,2.95
0.6,10.4,0.00,0.00,0,2.95,0,27.52,0,2.95,0,2.95
0.2,10.4,0.00,0.00,0,2.95,0,27.52,0,2.95,0,2.95
0.2,10.4,0.00,0.00,0,2.95,0,27.52,0,2.95,0,2.95
0.0,10.4,0.00,0.00,0,2.95,0,27.52,0,2.95,0,2.95
0.0,10.4,0.00,0.00,0,2.95,0,27.52,0,2.95,0,2.95
0.0,10.4,0.00,0.00,0,2.95,0,27.52,0,2.95,0,2.95
0.4,10.4,0.00,0.00,0,2.95,0,27.52,0,2.95,0,2.95
0.4,10.4,0.00,0.00,0,2.95,0,27.52,0,2.95,0,2.95
1.0,10.4,0.00,0.00,0,2.95,0,27.52,0,2.95,0,2.95
0.4,10.4,0.00,0.00,0,2.95,0,27.52,0,2.95,0,2.95
0.2,10.4,0.00,0.00,0,2.95,0,27.52,0,2.95,0,2.95
0.6,10.4,0.00,0.00,0,2.95,0,27.52,0,2.95,0,2.95
0.2,10.4,0.00,0.00,0,2.95,0,27.52,0,2.95,0,2.95
0.4,10.4,0.00,0.00,0,2.95,0,27.52,0,2.95,0,2.95
0.2,10.4,0.00,0.00,0,2.95,0,27.52,0,2.95,0,2.95
0.2,10.4,0.00,0.00,0,2.95,0,27.52,0,2.95,0,2.95
0.2,10.4,0.00,0.00,0,2.95,0,27.52,0,2.95,0,2.95
0.4,10.4,0.00,0.00,0,2.95,0,27.52,0,2.95,0,2.95
1.7,10.4,0.00,0.00,0,2.95,0,27.52,0,2.95,0,2.95
0.4,10.4,0.00,0.00,0,2.95,0,27.52,0,2.95,0,2.95
0.4,10.4,0.00,0.00,0,2.95,0,27.52,0,2.95,0,2.95
0.2,10.4,0.00,0.00,0,2.95,0,27.52,0,2.95,0,2.95
0.6,10.4,0.00,0.00,0,2.95,0,27.52,0,2.95,0,2.95
0.8,10.4,0.00,0.00,0,2.95,0,27.52,0,2.95,0,2.95
0.4,10.4,0.00,0.00,0,2.95,0,27.52,0,2.95,0,2.95
0.2,10.4,0.00,0.00,0,2.95,0,27.52,0,2.95,0,2.95
0.2,10.4,0.00,0.00,0,2.95,0,27.52,0,2.95,0,2.95
0.8,10.4,0.00,0.00,0,2.95,0,27.52,0,2.95,0,2.95
0.4,10.4,0.00,0.00,0,2.95,0,27.52,0,2.95,0,2.95
1.5,10.4,0.00,0.00,0,2.95,0,27.52,0,2.95,0,2.95
0.4,10.4,0.00,0.00,0,2.95,0,27.52,0,2.95,0,2.95
0.2,10.4,0.00,0.00,0,2.95,0,27.52,0,2.95,0,2.95
0.6,10.4,0.00,0.00,0,2.95,0,27.52,0,2.95,0,2.95
0.2,10.4,0.00,0.00,0,2.95,0,27.52,0,2.95,0,2.95
0.2,10.4,0.00,0.00,0,2.95,0,27.52,0,2.95,0,2.95
0.2,10.4,0.00,0.00,0,2.95,0,27.52,0,2.95,0,2.95
0.0,10.4,0.00,0.00,0,2.95,0,27.52,0,2.95,0,2.95
0.0,10.4,0.00,0.00,0,2.95,0,27.52,0,2.95,0,2.95
0.2,10.4,0.00,0.00,0,2.95,0,27.52,0,2.95,0,2.95
1.7,10.4,0.00,0.00,0,2.95,0,27.52,0,2.95,0,2.95
0.2,10.4,0.00,0.00,0,2.95,0,27.52,0,2.95,0,2.95
0.4,10.4,0.00,0.00,0,2.95,0,27.52,0,2.95,0,2.95
0.4,10.4,0.00,0.00,0,2.95,0,27.52,0,2.95,0,2.95
0.0,10.4,0.00,0.00,0,2.95,0,27.52,0,2.95,0,2.95
0.2,10.4,0.00,0.00,0,2.95,0,27.52,0,2.95,0,2.95
0.2,10.4,0.00,0.00,0,2.95,0,27.52,0,2.95,0,2.95
0.2,10.4,0.00,0.00,0,2.95,0,27.52,0,2.95,0,2.95
0.2,10.4,0.00,0.00,0,2.95,0,27.52,0,2.95,0,2.95
0.2,10.4,0.00,0.00,0,2.95,0,27.52,0,2.95,0,2.95
0.2,10.4,0.00,0.00,0,2.95,0,27.52,0,2.95,0,2.95
1.2,10.4,0.00,0.00,0,2.95,0,27.52,0,2.95,0,2.95
0.2,10.4,0.00,0.00,0,2.95,0,27.52,0,2.95,0,2.95
0.0,10.4,0.00,0.00,0,2.95,0,27.52,0,2.95,0,2.95
0.0,10.4,0.00,0.00,0,2.95,0,27.52,0,2.95,0,2.95
0.4,10.4,0.00,0.00,0,2.95,0,27.52,0,2.95,0,2.95
0.4,10.4,0.00,0.00,0,2.95,0,27.52,0,2.95,0,2.95
0.4,10.4,0.00,0.00,0,2.95,0,27.52,0,2.95,0,2.95
0.0,10.4,0.00,0.00,0,2.95,0,27.52,0,2.95,0,2.95
0.2,10.4,0.00,0.00,0,2.95,0,27.52,0,2.95,0,2.95
0.2,10.4,0.00,0.00,0,2.95,0,27.52,0,2.95,0,2.95
1.3,10.4,0.00,0.00,0,2.95,0,27.52,0,2.95,0,2.95
0.2,10.4,0.00,0.00,0,2.95,0,27.52,0,2.95,0,2.95
0.4,10.4,0.00,0.00,0,2.95,0,27.52,0,2.95,0,2.95
0.4,10.4,0.00,0.00,0,2.95,0,27.52,0,2.95,0,2.95
0.4,10.4,0.00,0.00,0,2.95,0,27.52,0,2.95,0,2.95
0.2,10.4,0.00,0.00,0,2.95,0,27.52,0,2.95,0,2.95
0.2,10.4,0.00,0.00,0,2.95,0,27.52,0,2.95,0,2.95
0.8,10.4,0.00,0.00,0,2.95,0,27.52,0,2.95,0,2.95
0.4,10.4,0.00,0.00,0,2.95,0,27.52,0,2.95,0,2.95
0.4,10.4,0.00,0.00,0,2.95,0,27.52,0,2.95,0,2.95
0.6,10.4,0.00,0.00,0,2.95,0,27.52,0,2.95,0,2.95
1.0,10.4,0.00,0.00,0,2.95,0,27.52,0,2.95,0,2.95
0.4,10.4,0.00,0.00,0,2.95,0,27.52,0,2.95,0,2.95
0.4,10.4,0.00,0.00,0,2.95,0,27.52,0,2.95,0,2.95
0.0,10.4,0.00,0.00,0,2.95,0,27.52,0,2.95,0,2.95
0.0,10.4,0.00,0.00,0,2.95,0,27.52,0,2.95,0,2.95
0.4,10.4,0.00,0.00,0,2.95,0,27.52,0,2.95,0,2.95
0.0,10.4,0.00,0.00,0,2.95,0,27.52,0,2.95,0,2.95
0.2,10.4,0.00,0.00,0,2.95,0,27.52,0,2.95,0,2.95
0.4,10.4,0.00,0.00,0,2.95,0,27.52,0,2.95,0,2.95
0.2,10.4,0.00,0.00,0,2.95,0,27.52,0,2.95,0,2.95
1.9,10.4,0.00,0.00,0,2.95,0,27.52,0,2.95,0,2.95
0.6,10.4,0.00,0.00,0,2.95,0,27.52,0,2.95,0,2.95
0.4,10.4,0.00,0.00,0,2.95,0,27.52,0,2.95,0,2.95
0.4,10.4,0.00,0.00,0,2.95,0,27.52,0,2.95,0,2.95
0.6,10.4,0.00,0.00,0,2.95,0,27.52,0,2.95,0,2.95
0.4,10.4,0.00,0.00,0,2.95,0,27.52,0,2.95,0,2.95
0.4,10.4,0.00,0.00,0,2.95,0,27.52,0,2.95,0,2.95
0.4,10.4,0.00,0.00,0,2.95,0,27.52,0,2.95,0,2.95
0.2,10.4,0.00,0.00,0,2.95,0,27.52,0,2.95,0,2.95
0.6,10.4,0.00,0.00,0,2.95,0,27.52,0,2.95,0,2.95
0.2,10.4,0.00,0.00,0,2.95,0,27.52,0,2.95,0,2.95
1.3,10.4,0.00,0.00,0,2.95,0,27.52,0,2.95,0,2.95
0.4,10.4,0.00,0.00,0,2.95,0,27.52,0,2.95,0,2.95
0.6,10.4,0.00,0.00,0,2.95,0,27.52,0,2.95,0,2.95
0.4,10.4,0.00,0.00,0,2.95,0,27.52,0,2.95,0,2.95
0.2,10.4,0.00,0.00,0,2.95,0,27.52,0,2.95,0,2.95
0.8,10.4,0.00,0.00,0,2.95,0,27.52,0,2.95,0,2.95
0.2,10.4,0.00,0.00,0,2.95,0,27.52,0,2.95,0,2.95
0.4,10.4,0.00,0.00,0,2.95,0,27.52,0,2.95,0,2.95
0.0,10.4,0.00,0.00,0,2.95,0,27.52,0,2.95,0,2.95
0.4,10.4,0.00,0.00,0,2.95,0,27.52,0,2.95,0,2.95
2.5,10.4,0.00,0.00,0,2.95,0,27.52,0,2.95,0,2.95
0.2,10.4,0.00,0.00,0,2.95,0,27.52,0,2.95,0,2.95
0.4,10.4,0.00,0.00,0,2.95,0,27.52,0,2.95,0,2.95
0.4,10.4,0.00,0.00,0,2.95,0,27.52,0,2.95,0,2.95
0.0,10.4,0.00,0.00,0,2.95,0,27.52,0,2.95,0,2.95
0.4,10.4,0.00,0.00,0,2.95,0,27.52,0,2.95,0,2.95
0.0,10.4,0.00,0.00,0,2.95,0,27.52,0,2.95,0,2.95
0.2,10.4,0.00,0.00,0,2.95,0,27.52,0,2.95,0,2.95
0.2,10.4,0.00,0.00,0,2.95,0,27.52,0,2.95,0,2.95
0.4,10.4,0.00,0.00,0,2.95,0,27.52,0,2.95,0,2.95
0.2,10.4,0.00,0.00,0,2.95,0,27.52,0,2.95,0,2.95
1.2,10.4,0.00,0.00,0,2.95,0,27.52,0,2.95,0,2.95
0.4,10.4,0.00,0.00,0,2.95,0,27.52,0,2.95,0,2.95
0.0,10.4,0.00,0.00,0,2.95,0,27.52,0,2.95,0,2.95
0.2,10.4,0.00,0.00,0,2.95,0,27.52,0,2.95,0,2.95
0.2,10.4,0.00,0.00,0,2.95,0,27.52,0,2.95,0,2.95
0.4,10.4,0.00,0.00,0,2.95,0,27.52,0,2.95,0,2.95
0.4,10.4,0.00,0.00,0,2.95,0,27.52,0,2.95,0,2.95
0.2,10.4,0.00,0.00,0,2.95,0,27.52,0,2.95,0,2.95
0.0,10.4,0.00,0.00,0,2.95,0,27.52,0,2.95,0,2.95
0.2,10.4,0.00,0.00,0,2.95,0,27.52,0,2.95,0,2.95
2.3,10.4,0.00,0.00,0,2.95,0,27.52,0,2.95,0,2.95
0.4,10.4,0.00,0.00,0,2.95,0,27.52,0,2.95,0,2.95
0.2,10.4,0.00,0.00,0,2.95,0,27.52,0,2.95,0,2.95
0.0,10.4,0.00,0.00,0,2.95,0,27.52,0,2.95,0,2.95
0.4,10.4,0.00,0.00,0,2.95,0,27.52,0,2.95,0,2.95
0.2,10.4,0.00,0.00,0,2.95,0,27.52,0,2.95,0,2.95
0.4,10.4,0.00,0.00,0,2.95,0,27.52,0,2.95,0,2.95
0.2,10.4,0.00,0.00,0,2.95,0,27.52,0,2.95,0,2.95
0.4,10.4,0.00,0.00,0,2.95,0,27.52,0,2.95,0,2.95
0.4,10.4,0.00,0.00,0,2.95,0,27.52,0,2.95,0,2.95
0.2,10.4,0.00,0.00,0,2.95,0,27.52,0,2.95,0,2.95
0.8,10.4,0.00,0.00,0,2.95,0,27.52,0,2.95,0,2.95
0.4,10.4,0.00,0.00,0,2.95,0,27.52,0,2.95,0,2.95
0.0,10.4,0.00,0.00,0,2.95,0,27.52,0,2.95,0,2.95
0.2,10.4,0.00,0.00,0,2.95,0,27.52,0,2.95,0,2.95
0.4,10.4,0.00,0.00,0,2.95,0,27.52,0,2.95,0,2.95
0.4,10.4,0.00,0.00,0,2.95,0,27.52,0,2.95,0,2.95
0.2,10.4,0.00,0.00,0,2.95,0,27.52,0,2.95,0,2.95
0.4,10.4,0.00,0.00,0,2.95,0,27.52,0,2.95,0,2.95
0.4,10.4,0.00,0.00,0,2.95,0,27.52,0,2.95,0,2.95
0.4,10.4,0.00,0.00,0,2.95,0,27.52,0,2.95,0,2.95
2.3,10.4,0.00,0.00,0,2.95,0,27.52,0,2.95,0,2.95
0.6,10.4,0.00,0.00,0,2.95,0,27.52,0,2.95,0,2.95
0.4,10.4,0.00,0.00,0,2.95,0,27.52,0,2.95,0,2.95
0.0,10.4,0.00,0.00,0,2.95,0,27.52,0,2.95,0,2.95
0.4,10.4,0.00,0.00,0,2.95,0,27.52,0,2.95,0,2.95
0.0,10.4,0.00,0.00,0,2.95,0,27.52,0,2.95,0,2.95
0.2,10.4,0.00,0.00,0,2.95,0,27.52,0,2.95,0,2.95
0.4,10.4,0.00,0.00,0,2.95,0,27.52,0,2.95,0,2.95
0.4,10.4,0.00,0.00,0,2.95,0,27.52,0,2.95,0,2.95
1.9,10.4,0.00,0.00,0,2.95,0,27.52,0,2.95,0,2.95
1.7,10.4,0.00,0.00,0,2.95,0,27.52,0,2.95,0,2.95
2.1,10.4,0.00,0.00,0,2.95,0,27.52,0,2.95,0,2.95
0.2,10.4,0.00,0.00,0,2.95,0,27.52,0,2.95,0,2.95
0.2,10.4,0.00,0.00,0,2.95,0,27.52,0,2.95,0,2.95
0.2,10.4,0.00,0.00,0,2.95,0,27.52,0,2.95,0,2.95
0.4,10.4,0.00,0.00,0,2.95,0,27.52,0,2.95,0,2.95
0.2,10.4,0.00,0.00,0,2.95,0,27.52,0,2.95,0,2.95
0.4,10.4,0.00,0.00,0,2.95,0,27.52,0,2.95,0,2.95
0.2,10.4,0.00,0.00,0,2.95,0,27.52,0,2.95,0,2.95
0.4,10.4,0.00,0.00,0,2.95,0,27.52,0,2.95,0,2.95
0.0,10.4,0.00,0.00,0,2.95,0,27.52,0,2.95,0,2.95
2.3,10.4,0.00,0.00,0,2.95,0,27.52,0,2.95,0,2.95
0.2,10.4,0.00,0.00,0,2.95,0,27.52,0,2.95,0,2.95
0.2,10.4,0.00,0.00,0,2.95,0,27.52,0,2.95,0,2.95
0.2,10.4,0.00,0.00,0,2.95,0,27.52,0,2.95,0,2.95
0.6,10.4,0.00,0.00,0,2.95,0,27.52,0,2.95,0,2.95
0.2,10.4,0.00,0.00,0,2.95,0,27.52,0,2.95,0,2.95
0.4,10.4,0.00,0.00,0,2.95,0,27.52,0,2.95,0,2.95
0.2,10.4,0.00,0.00,0,2.95,0,27.52,0,2.95,0,2.95
0.2,10.4,0.00,0.00,0,2.95,0,27.52,0,2.95,0,2.95
0.4,10.4,0.00,0.00,0,2.95,0,27.52,0,2.95,0,2.95
0.2,10.4,0.00,0.00,0,2.95,0,27.52,0,2.95,0,2.95
1.5,10.4,0.00,0.00,0,2.95,0,27.52,0,2.95,0,2.95
0.2,10.4,0.00,0.00,0,2.95,0,27.52,0,2.95,0,2.95
0.4,10.4,0.00,0.00,0,2.95,0,27.52,0,2.95,0,2.95
0.0,10.4,0.00,0.00,0,2.95,0,27.52,0,2.95,0,2.95
0.4,10.4,0.00,0.00,0,2.95,0,27.52,0,2.95,0,2.95
0.4,10.4,0.00,0.00,0,2.95,0,27.52,0,2.95,0,2.95
0.0,10.4,0.00,0.00,0,2.95,0,27.52,0,2.95,0,2.95
0.4,10.4,0.00,0.00,0,2.95,0,27.52,0,2.95,0,2.95
0.0,10.4,0.00,0.00,0,2.95,0,27.52,0,2.95,0,2.95
0.4,10.4,0.00,0.00,0,2.95,0,27.52,0,2.95,0,2.95
1.7,10.4,0.00,0.00,0,2.95,0,27.52,0,2.95,0,2.95
0.6,10.4,0.00,0.00,0,2.95,0,27.52,0,2.95,0,2.95
0.2,10.4,0.00,0.00,0,2.95,0,27.52,0,2.95,0,2.95
0.0,10.4,0.00,0.00,0,2.95,0,27.52,0,2.95,0,2.95
0.4,10.4,0.00,0.00,0,2.95,0,27.52,0,2.95,0,2.95
0.2,10.4,0.00,0.00,0,2.95,0,27.52,0,2.95,0,2.95
0.0,10.4,0.00,0.00,0,2.95,0,27.52,0,2.95,0,2.95
0.0,10.4,0.00,0.00,0,2.95,0,27.52,0,2.95,0,2.95
0.2,10.4,0.00,0.00,0,2.95,0,27.52,0,2.95,0,2.95
0.4,10.4,0.00,0.00,0,2.95,0,27.52,0,2.95,0,2.95
0.0,10.4,0.00,0.00,0,2.95,0,27.52,0,2.95,0,2.95
1.7,10.4,0.00,0.00,0,2.95,0,27.52,0,2.95,0,2.95
0.2,10.4,0.00,0.00,0,2.95,0,27.52,0,2.95,0,2.95
0.4,10.4,0.00,0.00,0,2.95,0,27.52,0,2.95,0,2.95
0.0,10.4,0.00,0.00,0,2.95,0,27.52,0,2.95,0,2.95
0.2,10.4,0.00,0.00,0,2.95,0,27.52,0,2.95,0,2.95
0.4,10.4,0.00,0.00,0,2.95,0,27.52,0,2.95,0,2.95
0.2,10.4,0.00,0.00,0,2.95,0,27.52,0,2.95,0,2.95
0.2,10.4,0.00,0.00,0,2.95,0,27.52,0,2.95,0,2.95
0.2,10.4,0.00,0.00,0,2.95,0,27.52,0,2.95,0,2.95
0.4,10.4,0.00,0.00,0,2.95,0,27.52,0,2.95,0,2.95
1.5,10.4,0.00,0.00,0,2.95,0,27.52,0,2.95,0,2.95
0.4,10.4,0.00,0.00,0,2.95,0,27.52,0,2.95,0,2.95
0.6,10.4,0.00,0.00,0,2.95,0,27.52,0,2.95,0,2.95
0.4,10.4,0.00,0.00,0,2.95,0,27.52,0,2.95,0,2.95
0.2,10.4,0.00,0.00,0,2.95,0,27.52,0,2.95,0,2.95
0.2,10.4,0.00,0.00,0,2.95,0,27.52,0,2.95,0,2.95
0.4,10.4,0.00,0.00,0,2.95,0,27.52,0,2.95,0,2.95
0.2,10.4,0.00,0.00,0,2.95,0,27.52,0,2.95,0,2.95
0.2,10.4,0.00,0.00,0,2.95,0,27.52,0,2.95,0,2.95
0.0,10.4,0.00,0.00,0,2.95,0,27.52,0,2.95,0,2.95
0.2,10.4,0.00,0.00,0,2.95,0,27.52,0,2.95,0,2.95
2.3,10.4,0.00,0.00,0,2.95,0,27.52,0,2.95,0,2.95
0.4,10.4,0.00,0.00,0,2.95,0,27.52,0,2.95,0,2.95
0.2,10.4,0.00,0.00,0,2.95,0,27.52,0,2.95,0,2.95
0.0,10.4,0.00,0.00,0,2.95,0,27.52,0,2.95,0,2.95
0.2,10.4,0.00,0.00,0,2.95,0,27.52,0,2.95,0,2.95
0.4,10.4,0.00,0.00,0,2.95,0,27.52,0,2.95,0,2.95
0.4,10.4,0.00,0.00,0,2.95,0,27.52,0,2.95,0,2.95
0.2,10.4,0.00,0.00,0,2.95,0,27.52,0,2.95,0,2.95
0.2,10.4,0.00,0.00,0,2.95,0,27.52,0,2.95,0,2.95
0.0,10.4,0.00,0.00,0,2.95,0,27.52,0,2.95,0,2.95
0.4,10.4,0.00,0.00,0,2.95,0,27.52,0,2.95,0,2.95
0.6,10.4,0.00,0.00,0,2.95,0,27.52,0,2.95,0,2.95
0.4,10.4,0.00,0.00,0,2.95,0,27.52,0,2.95,0,2.95
0.4,10.4,0.00,0.00,0,2.95,0,27.52,0,2.95,0,2.95
0.4,10.4,0.00,0.00,0,2.95,0,27.52,0,2.95,0,2.95
0.4,10.4,0.00,0.00,0,2.95,0,27.52,0,2.95,0,2.95
0.4,10.4,0.00,0.00,0,2.95,0,27.52,0,2.95,0,2.95
0.0,10.4,0.00,0.00,0,2.95,0,27.52,0,2.95,0,2.95
0.0,10.4,0.00,0.00,0,2.95,0,27.52,0,2.95,0,2.95
0.2,10.4,0.00,0.00,0,2.95,0,27.52,0,2.95,0,2.95
0.0,10.4,0.00,0.00,0,2.95,0,27.52,0,2.95,0,2.95
2.5,10.4,0.00,0.00,0,2.95,0,27.52,0,2.95,0,2.95
0.2,10.4,0.00,0.00,0,2.95,0,27.52,0,2.95,0,2.95
0.2,10.4,0.00,0.00,0,2.95,0,27.52,0,2.95,0,2.95
0.2,10.4,0.00,0.00,0,2.95,0,27.52,0,2.95,0,2.95
0.4,10.4,0.00,0.00,0,2.95,0,27.52,0,2.95,0,2.95
0.2,10.4,0.00,0.00,0,2.95,0,27.52,0,2.95,0,2.95
0.0,10.4,0.00,0.00,0,2.95,0,27.52,0,2.95,0,2.95
0.2,10.4,0.00,0.00,0,2.95,0,27.52,0,2.95,0,2.95
0.2,10.4,0.00,0.00,0,2.95,0,27.52,0,2.95,0,2.95
0.4,10.4,0.00,0.00,0,2.95,0,27.52,0,2.95,0,2.95
1.0,10.4,0.00,0.00,0,2.95,0,27.52,0,2.95,0,2.95
0.2,10.4,0.00,0.00,0,2.95,0,27.52,0,2.95,0,2.95
0.2,10.4,0.00,0.00,0,2.95,0,27.52,0,2.95,0,2.95
0.2,10.4,0.00,0.00,0,2.95,0,27.52,0,2.95,0,2.95
0.2,10.4,0.00,0.00,0,2.95,0,27.52,0,2.95,0,2.95
0.2,10.4,0.00,0.00,0,2.95,0,27.52,0,2.95,0,2.95
0.0,10.4,0.00,0.00,0,2.95,0,27.52,0,2.95,0,2.95
0.0,10.4,0.00,0.00,0,2.95,0,27.52,0,2.95,0,2.95
0.2,10.4,0.00,0.00,0,2.95,0,27.52,0,2.95,0,2.95
0.4,10.4,0.00,0.00,0,2.95,0,27.52,0,2.95,0,2.95
0.4,10.4,0.00,0.00,0,2.95,0,27.52,0,2.95,0,2.95
1.2,10.4,0.00,0.00,0,2.95,0,27.52,0,2.95,0,2.95
0.4,10.4,0.00,0.00,0,2.95,0,27.52,0,2.95,0,2.95
0.2,10.4,0.00,0.00,0,2.95,0,27.52,0,2.95,0,2.95
0.0,10.4,0.00,0.00,0,2.95,0,27.52,0,2.95,0,2.95
0.2,10.4,0.00,0.00,0,2.95,0,27.52,0,2.95,0,2.95
0.2,10.4,0.00,0.00,0,2.95,0,27.52,0,2.95,0,2.95
0.4,10.4,0.00,0.00,0,2.95,0,27.52,0,2.95,0,2.95
0.2,10.4,0.00,0.00,0,2.95,0,27.52,0,2.95,0,2.95
0.6,10.4,0.00,0.00,0,2.95,0,27.52,0,2.95,0,2.95
0.4,10.4,0.00,0.00,0,2.95,0,27.52,0,2.95,0,2.95
2.7,10.4,0.00,0.00,0,2.95,0,27.52,0,2.95,0,2.95
1.7,10.4,0.00,0.00,0,2.95,0,27.52,0,2.95,0,2.95
0.6,10.4,0.00,0.00,0,2.95,0,27.52,0,2.95,0,2.95
0.4,10.4,0.00,0.00,0,2.95,0,27.52,0,2.95,0,2.95
0.2,10.4,0.00,0.00,0,2.95,0,27.52,0,2.95,0,2.95
0.2,10.4,0.00,0.00,0,2.95,0,27.52,0,2.95,0,2.95
0.2,10.4,0.00,0.00,0,2.95,0,27.52,0,2.95,0,2.95
0.0,10.4,0.00,0.00,0,2.95,0,27.52,0,2.95,0,2.95
0.4,10.4,0.00,0.00,0,2.95,0,27.52,0,2.95,0,2.95
0.4,10.4,0.00,0.00,0,2.95,0,27.52,0,2.95,0,2.95
0.4,10.4,0.00,0.00,0,2.95,0,27.52,0,2.95,0,2.95
2.1,10.4,0.00,0.00,0,2.95,0,27.52,0,2.95,0,2.95
0.6,10.4,0.00,0.00,0,2.95,0,27.52,0,2.95,0,2.95
0.2,10.4,0.00,0.00,0,2.95,0,27.52,0,2.95,0,2.95
0.2,10.4,0.00,0.00,0,2.95,0,27.52,0,2.95,0,2.95
0.0,10.4,0.00,0.00,0,2.95,0,27.52,0,2.95,0,2.95
0.2,10.4,0.00,0.00,0,2.95,0,27.52,0,2.95,0,2.95
0.0,10.4,0.00,0.00,0,2.95,0,27.52,0,2.95,0,2.95
0.2,10.4,0.00,0.00,0,2.95,0,27.52,0,2.95,0,2.95
0.0,10.4,0.00,0.00,0,2.95,0,27.52,0,2.95,0,2.95
0.6,10.4,0.00,0.00,0,2.95,0,27.52,0,2.95,0,2.95
1.2,10.4,0.00,0.00,0,2.95,0,27.52,0,2.95,0,2.95
0.4,10.4,0.00,0.00,0,2.95,0,27.52,0,2.95,0,2.95
0.6,10.4,0.00,0.00,0,2.95,0,27.52,0,2.95,0,2.95
0.4,10.4,0.00,0.00,0,2.95,0,27.52,0,2.95,0,2.95
0.2,10.4,0.00,0.00,0,2.95,0,27.52,0,2.95,0,2.95
0.4,10.4,0.00,0.00,0,2.95,0,27.52,0,2.95,0,2.95
0.6,10.4,0.00,0.00,0,2.95,0,27.52,0,2.95,0,2.95
0.0,10.4,0.00,0.00,0,2.95,0,27.52,0,2.95,0,2.95
0.4,10.4,0.00,0.00,0,2.95,0,27.52,0,2.95,0,2.95
0.6,10.4,0.00,0.00,0,2.95,0,27.52,0,2.95,0,2.95
0.2,10.4,0.00,0.00,0,2.95,0,27.52,0,2.95,0,2.95
1.2,10.4,0.00,0.00,0,2.95,0,27.52,0,2.95,0,2.95
0.2,10.4,0.00,0.00,0,2.95,0,27.52,0,2.95,0,2.95
0.2,10.4,0.00,0.00,0,2.95,0,27.52,0,2.95,0,2.95
0.2,10.4,0.00,0.00,0,2.95,0,27.52,0,2.95,0,2.95
0.2,10.4,0.00,0.00,0,2.95,0,27.52,0,2.95,0,2.95
0.4,10.4,0.00,0.00,0,2.95,0,27.52,0,2.95,0,2.95
0.0,10.4,0.00,0.00,0,2.95,0,27.52,0,2.95,0,2.95
0.4,10.4,0.00,0.00,0,2.95,0,27.52,0,2.95,0,2.95
0.0,10.4,0.00,0.00,0,2.95,0,27.52,0,2.95,0,2.95
0.2,10.4,0.00,0.00,0,2.95,0,27.52,0,2.95,0,2.95
1.9,10.4,0.00,0.00,0,2.95,0,27.52,0,2.95,0,2.95
0.6,10.4,0.00,0.00,0,2.95,0,27.52,0,2.95,0,2.95
0.4,10.4,0.00,0.00,0,2.95,0,27.52,0,2.95,0,2.95
0.2,10.4,0.00,0.00,0,2.95,0,27.52,0,2.95,0,2.95
0.2,10.4,0.00,0.00,0,2.95,0,27.52,0,2.95,0,2.95
0.4,10.4,0.00,0.00,0,2.95,0,27.52,0,2.95,0,2.95
0.0,10.4,0.00,0.00,0,2.95,0,27.52,0,2.95,0,2.95
0.2,10.4,0.00,0.00,0,2.95,0,27.52,0,2.95,0,2.95
0.0,10.4,0.00,0.00,0,2.95,0,27.52,0,2.95,0,2.95
0.2,10.4,0.00,0.00,0,2.95,0,27.52,0,2.95,0,2.95
0.4,10.4,0.00,0.00,0,2.95,0,27.52,0,2.95,0,2.95
1.0,10.4,0.00,0.00,0,2.95,0,27.52,0,2.95,0,2.95
0.2,10.4,0.00,0.00,0,2.95,0,27.52,0,2.95,0,2.95
0.2,10.4,0.00,0.00,0,2.95,0,27.52,0,2.95,0,2.95
0.2,10.4,0.00,0.00,0,2.95,0,27.52,0,2.95,0,2.95
0.0,10.4,0.00,0.00,0,2.95,0,27.52,0,2.95,0,2.95
0.2,10.4,0.00,0.00,0,2.95,0,27.52,0,2.95,0,2.95
0.2,10.4,0.00,0.00,0,2.95,0,27.52,0,2.95,0,2.95
0.2,10.4,0.00,0.00,0,2.95,0,27.52,0,2.95,0,2.95
0.0,10.4,0.00,0.00,0,2.95,0,27.52,0,2.95,0,2.95
0.4,10.4,0.00,0.00,0,2.95,0,27.52,0,2.95,0,2.95
2.5,10.4,0.00,0.00,0,2.95,0,27.52,0,2.95,0,2.95
0.4,10.4,0.00,0.00,0,2.95,0,27.52,0,2.95,0,2.95
0.4,10.4,0.00,0.00,0,2.95,0,27.52,0,2.95,0,2.95
0.4,10.4,0.00,0.00,0,2.95,0,27.52,0,2.95,0,2.95
0.6,10.4,0.00,0.00,0,2.95,0,27.52,0,2.95,0,2.95
0.0,10.4,0.00,0.00,0,2.95,0,27.52,0,2.95,0,2.95
0.2,10.4,0.00,0.00,0,2.95,0,27.52,0,2.95,0,2.95
0.2,10.4,0.00,0.00,0,2.95,0,27.52,0,2.95,0,2.95
0.4,10.4,0.00,0.00,0,2.95,0,27.52,0,2.95,0,2.95
0.4,10.4,0.00,0.00,0,2.95,0,27.52,0,2.95,0,2.95
0.4,10.4,0.00,0.00,0,2.95,0,27.52,0,2.95,0,2.95
1.3,10.4,0.00,0.00,0,2.95,0,27.52,0,2.95,0,2.95
0.4,10.4,0.00,0.00,0,2.95,0,27.52,0,2.95,0,2.95
0.4,10.4,0.00,0.00,0,2.95,0,27.52,0,2.95,0,2.95
0.2,10.4,0.00,0.00,0,2.95,0,27.52,0,2.95,0,2.95
0.2,10.4,0.00,0.00,0,2.95,0,27.52,0,2.95,0,2.95
0.4,10.4,0.00,0.00,0,2.95,0,27.52,0,2.95,0,2.95
0.0,10.4,0.00,0.00,0,2.95,0,27.52,0,2.95,0,2.95
0.2,10.4,0.00,0.00,0,2.95,0,27.52,0,2.95,0,2.95
0.2,10.4,0.00,0.00,0,2.95,0,27.52,0,2.95,0,2.95
0.2,10.4,0.00,0.00,0,2.95,0,27.52,0,2.95,0,2.95
2.3,10.4,0.00,0.00,0,2.95,0,27.52,0,2.95,0,2.95
0.0,10.4,0.00,0.00,0,2.95,0,27.52,0,2.95,0,2.95
0.8,10.4,0.00,0.00,0,2.95,0,27.52,0,2.95,0,2.95
0.0,10.4,0.00,0.00,0,2.95,0,27.52,0,2.95,0,2.95
0.4,10.4,0.00,0.00,0,2.95,0,27.52,0,2.95,0,2.95
0.6,10.4,0.00,0.00,0,2.95,0,27.52,0,2.95,0,2.95
0.0,10.4,0.00,0.00,0,2.95,0,27.52,0,2.95,0,2.95
0.2,10.4,0.00,0.00,0,2.95,0,27.52,0,2.95,0,2.95
0.0,10.4,0.00,0.00,0,2.95,0,27.52,0,2.95,0,2.95
0.4,10.4,0.00,0.00,0,2.95,0,27.52,0,2.95,0,2.95
0.4,10.4,0.00,0.00,0,2.95,0,27.52,0,2.95,0,2.95
0.4,10.4,0.00,0.00,0,2.95,0,27.52,0,2.95,0,2.95
0.2,10.4,0.00,0.00,0,2.95,0,27.52,0,2.95,0,2.95
0.4,10.4,0.00,0.00,0,2.95,0,27.52,0,2.95,0,2.95
0.2,10.4,0.00,0.00,0,2.95,0,27.52,0,2.95,0,2.95
0.6,10.4,0.00,0.00,0,2.95,0,27.52,0,2.95,0,2.95
0.2,10.4,0.00,0.00,0,2.95,0,27.52,0,2.95,0,2.95
0.0,10.4,0.00,0.00,0,2.95,0,27.52,0,2.95,0,2.95
0.2,10.4,0.00,0.00,0,2.95,0,27.52,0,2.95,0,2.95
0.4,10.4,0.00,0.00,0,2.95,0,27.52,0,2.95,0,2.95
0.4,10.4,0.00,0.00,0,2.95,0,27.52,0,2.95,0,2.95
2.3,10.4,0.00,0.00,0,2.95,0,27.52,0,2.95,0,2.95
0.4,10.4,0.00,0.00,0,2.95,0,27.52,0,2.95,0,2.95
0.0,10.4,0.00,0.00,0,2.95,0,27.52,0,2.95,0,2.95
0.2,10.4,0.00,0.00,0,2.95,0,27.52,0,2.95,0,2.95
0.4,10.4,0.00,0.00,0,2.95,0,27.52,0,2.95,0,2.95
0.6,10.4,0.00,0.00,0,2.95,0,27.52,0,2.95,0,2.95
0.0,10.4,0.00,0.00,0,2.95,0,27.52,0,2.95,0,2.95
0.2,10.4,0.00,0.00,0,2.95,0,27.52,0,2.95,0,2.95
0.2,10.4,0.00,0.00,0,2.95,0,27.52,0,2.95,0,2.95
0.4,10.4,0.00,0.00,0,2.95,0,27.52,0,2.95,0,2.95
0.2,10.5,0.00,0.00,0,2.95,0,27.52,0,2.95,0,2.95
0.4,10.5,0.00,0.00,0,2.95,0,27.52,0,2.95,0,2.95
0.0,10.5,0.00,0.00,0,2.95,0,27.52,0,2.95,0,2.95
0.2,10.5,0.00,0.00,0,2.95,0,27.52,0,2.95,0,2.95
0.4,10.5,0.00,0.00,0,2.95,0,27.52,0,2.95,0,2.95
0.2,10.5,0.00,0.00,0,2.95,0,27.52,0,2.95,0,2.95
0.4,10.5,0.00,0.00,0,2.95,0,27.52,0,2.95,0,2.95
0.0,10.5,0.00,0.00,0,2.95,0,27.52,0,2.95,0,2.95
0.4,10.5,0.00,0.00,0,2.95,0,27.52,0,2.95,0,2.95
0.2,10.5,0.00,0.00,0,2.95,0,27.52,0,2.95,0,2.95
0.6,10.5,0.00,0.00,0,2.95,0,27.52,0,2.95,0,2.95
2.1,10.5,0.00,0.00,0,2.95,0,27.52,0,2.95,0,2.95
0.2,10.4,0.00,0.00,0,2.95,0,27.52,0,2.95,0,2.95
0.2,10.5,0.00,0.00,0,2.95,0,27.52,0,2.95,0,2.95
0.4,10.5,0.00,0.00,0,2.95,0,27.52,0,2.95,0,2.95
0.4,10.5,0.00,0.00,0,2.95,0,27.52,0,2.95,0,2.95
0.6,10.5,0.00,0.00,0,2.95,0,27.52,0,2.95,0,2.95
1.2,10.5,0.00,0.00,0,2.95,0,27.52,0,2.95,0,2.95
1.6,10.5,0.00,0.00,0,2.95,0,27.52,0,2.95,0,2.95
1.6,10.5,0.00,0.00,0,2.95,0,27.52,0,2.95,0,2.95
0.4,10.5,0.00,0.00,0,2.95,0,27.52,0,2.95,0,2.95
0.6,10.5,0.00,0.00,0,2.95,0,27.52,0,2.95,0,2.95
1.3,10.5,0.00,0.00,0,2.95,0,27.52,0,2.95,0,2.95
0.0,10.5,0.00,0.00,0,2.95,0,27.52,0,2.95,0,2.95
0.0,10.4,0.00,0.00,0,2.95,0,27.52,0,2.95,0,2.95
0.2,10.4,0.00,0.00,0,2.95,0,27.52,0,2.95,0,2.95
0.0,10.4,0.00,0.00,0,2.95,0,27.52,0,2.95,0,2.95
0.6,10.4,0.00,0.00,0,2.95,0,27.52,0,2.95,0,2.95
0.4,10.4,0.00,0.00,0,2.95,0,27.52,0,2.95,0,2.95
0.2,10.4,0.00,0.00,0,2.95,0,27.52,0,2.95,0,2.95
0.0,10.4,0.00,0.00,0,2.95,0,27.52,0,2.95,0,2.95
0.0,10.5,0.00,0.00,0,2.95,0,27.52,0,2.95,0,2.95
1.7,10.5,0.00,0.00,0,2.95,0,27.52,0,2.95,0,2.95
0.2,10.4,0.00,0.00,0,2.95,0,27.52,0,2.95,0,2.95
0.4,10.4,0.00,0.00,0,2.95,0,27.52,0,2.95,0,2.95
0.0,10.4,0.00,0.00,0,2.95,0,27.52,0,2.95,0,2.95
0.2,10.4,0.00,0.00,0,2.95,0,27.52,0,2.95,0,2.95
0.0,10.4,0.00,0.00,0,2.95,0,27.52,0,2.95,0,2.95
0.4,10.5,0.00,0.00,0,2.95,0,27.52,0,2.95,0,2.95
0.2,10.5,0.00,0.00,0,2.95,0,27.52,0,2.95,0,2.95
0.0,10.5,0.00,0.00,0,2.95,0,27.52,0,2.95,0,2.95
0.6,10.5,0.00,0.00,0,2.95,0,27.52,0,2.95,0,2.95
0.0,10.5,0.00,0.00,0,2.95,0,27.52,0,2.95,0,2.95
1.7,10.5,0.00,0.00,0,2.95,0,27.52,0,2.95,0,2.95
0.4,10.5,0.00,0.00,0,2.95,0,27.52,0,2.95,0,2.95
0.4,10.5,0.00,0.00,0,2.95,0,27.52,0,2.95,0,2.95
0.0,10.5,0.00,0.00,0,2.95,0,27.52,0,2.95,0,2.95
0.0,10.5,0.00,0.00,0,2.95,0,27.52,0,2.95,0,2.95
0.4,10.5,0.00,0.00,0,2.95,0,27.52,0,2.95,0,2.95
0.2,10.5,0.00,0.00,0,2.95,0,27.52,0,2.95,0,2.95
0.0,10.5,0.00,0.00,0,2.95,0,27.52,0,2.95,0,2.95
0.4,10.5,0.00,0.00,0,2.95,0,27.52,0,2.95,0,2.95
0.0,10.5,0.00,0.00,0,2.95,0,27.52,0,2.95,0,2.95
1.0,10.5,0.00,0.00,0,2.95,0,27.52,0,2.95,0,2.95
0.2,10.5,0.00,0.00,0,2.95,0,27.52,0,2.95,0,2.95
0.4,10.5,0.00,0.00,0,2.95,0,27.52,0,2.95,0,2.95
0.2,10.5,0.00,0.00,0,2.95,0,27.52,0,2.95,0,2.95
0.4,10.5,0.00,0.00,0,2.95,0,27.52,0,2.95,0,2.95
0.2,10.5,0.00,0.00,0,2.95,0,27.52,0,2.95,0,2.95
0.2,10.5,0.00,0.00,0,2.95,0,27.52,0,2.95,0,2.95
0.0,10.5,0.00,0.00,0,2.95,0,27.52,0,2.95,0,2.95
0.4,10.5,0.00,0.00,0,2.95,0,27.52,0,2.95,0,2.95
0.4,10.5,0.00,0.00,0,2.95,0,27.52,0,2.95,0,2.95
0.6,10.5,0.00,0.00,0,2.95,0,27.52,0,2.95,0,2.95
1.0,10.5,0.00,0.00,0,2.95,0,27.52,0,2.95,0,2.95
0.2,10.5,0.00,0.00,0,2.95,0,27.52,0,2.95,0,2.95
0.4,10.5,0.00,0.00,0,2.95,0,27.52,0,2.95,0,2.95
0.0,10.5,0.00,0.00,0,2.95,0,27.52,0,2.95,0,2.95
0.2,10.5,0.00,0.00,0,2.95,0,27.52,0,2.95,0,2.95
0.2,10.5,0.00,0.00,0,2.95,0,27.52,0,2.95,0,2.95
0.0,10.5,0.00,0.00,0,2.95,0,27.52,0,2.95,0,2.95
0.2,10.5,0.00,0.00,0,2.95,0,27.52,0,2.95,0,2.95
0.2,10.5,0.00,0.00,0,2.95,0,27.52,0,2.95,0,2.95
0.6,10.5,0.00,0.00,0,2.95,0,27.52,0,2.95,0,2.95
2.1,10.5,0.00,0.00,0,2.95,0,27.52,0,2.95,0,2.95
0.4,10.5,0.00,0.00,0,2.95,0,27.52,0,2.95,0,2.95
0.2,10.5,0.00,0.00,0,2.95,0,27.52,0,2.95,0,2.95
0.0,10.5,0.00,0.00,0,2.95,0,27.52,0,2.95,0,2.95
0.4,10.5,0.00,0.00,0,2.95,0,27.52,0,2.95,0,2.95
0.6,10.5,0.00,0.00,0,2.95,0,27.52,0,2.95,0,2.95
0.2,10.5,0.00,0.00,0,2.95,0,27.52,0,2.95,0,2.95
0.2,10.5,0.00,0.00,0,2.95,0,27.52,0,2.95,0,2.95
0.0,10.5,0.00,0.00,0,2.95,0,27.52,0,2.95,0,2.95
0.6,10.5,0.00,0.00,0,2.95,0,27.52,0,2.95,0,2.95
0.2,10.5,0.00,0.00,0,2.95,0,27.52,0,2.95,0,2.95
1.0,10.5,0.00,0.00,0,2.95,0,27.52,0,2.95,0,2.95
0.4,10.5,0.00,0.00,0,2.95,0,27.52,0,2.95,0,2.95
0.2,10.5,0.00,0.00,0,2.95,0,27.52,0,2.95,0,2.95
0.2,10.5,0.00,0.00,0,2.95,0,27.52,0,2.95,0,2.95
0.4,10.5,0.00,0.00,0,2.95,0,27.52,0,2.95,0,2.95
0.6,10.5,0.00,0.00,0,2.95,0,27.52,0,2.95,0,2.95
0.2,10.5,0.00,0.00,0,2.95,0,27.52,0,2.95,0,2.95
0.2,10.5,0.00,0.00,0,2.95,0,27.52,0,2.95,0,2.95
0.2,10.5,0.00,0.00,0,2.95,0,27.52,0,2.95,0,2.95
0.2,10.5,0.00,0.00,0,2.95,0,27.52,0,2.95,0,2.95
1.0,10.5,0.00,0.00,0,2.95,0,27.52,0,2.95,0,2.95
0.4,10.5,0.00,0.00,0,2.95,0,27.52,0,2.95,0,2.95
0.4,10.5,0.00,0.00,0,2.95,0,27.52,0,2.95,0,2.95
0.2,10.5,0.00,0.00,0,2.95,0,27.52,0,2.95,0,2.95
0.2,10.5,0.00,0.00,0,2.95,0,27.52,0,2.95,0,2.95
0.0,10.5,0.00,0.00,0,2.95,0,27.52,0,2.95,0,2.95
0.0,10.5,0.00,0.00,0,2.95,0,27.52,0,2.95,0,2.95
0.6,10.5,0.00,0.00,0,2.95,0,27.52,0,2.95,0,2.95
0.4,10.5,0.00,0.00,0,2.95,0,27.52,0,2.95,0,2.95
0.6,10.5,0.00,0.00,0,2.95,0,27.52,0,2.95,0,2.95
0.2,10.5,0.00,0.00,0,2.95,0,27.52,0,2.95,0,2.95
1.7,10.5,0.00,0.00,0,2.95,0,27.52,0,2.95,0,2.95
0.4,10.5,0.00,0.00,0,2.95,0,27.52,0,2.95,0,2.95
0.4,10.5,0.00,0.00,0,2.95,0,27.52,0,2.95,0,2.95
0.6,10.5,0.00,0.00,0,2.95,0,27.52,0,2.95,0,2.95
0.2,10.5,0.00,0.00,0,2.95,0,27.52,0,2.95,0,2.95
0.6,10.5,0.00,0.00,0,2.95,0,27.52,0,2.95,0,2.95
0.2,10.5,0.00,0.00,0,2.95,0,27.52,0,2.95,0,2.95
0.2,10.5,0.00,0.00,0,2.95,0,27.52,0,2.95,0,2.95
0.2,10.5,0.00,0.00,0,2.95,0,27.52,0,2.95,0,2.95
0.2,10.5,0.00,0.00,0,2.95,0,27.52,0,2.95,0,2.95
1.5,10.5,0.00,0.00,0,2.95,0,27.52,0,2.95,0,2.95
0.2,10.5,0.00,0.00,0,2.95,0,27.52,0,2.95,0,2.95
0.2,10.5,0.00,0.00,0,2.95,0,27.52,0,2.95,0,2.95
0.6,10.5,0.00,0.00,0,2.95,0,27.52,0,2.95,0,2.95
0.0,10.5,0.00,0.00,0,2.95,0,27.52,0,2.95,0,2.95
0.2,10.5,0.00,0.00,0,2.95,0,27.52,0,2.95,0,2.95
0.0,10.5,0.00,0.00,0,2.95,0,27.52,0,2.95,0,2.95
0.2,10.5,0.00,0.00,0,2.95,0,27.52,0,2.95,0,2.95
0.2,10.5,0.00,0.00,0,2.95,0,27.52,0,2.95,0,2.95
0.2,10.5,0.00,0.00,0,2.95,0,27.52,0,2.95,0,2.95
0.0,10.5,0.00,0.00,0,2.95,0,27.52,0,2.95,0,2.95
1.3,10.5,0.00,0.00,0,2.95,0,27.52,0,2.95,0,2.95
0.6,10.5,0.00,0.00,0,2.95,0,27.52,0,2.95,0,2.95
0.4,10.5,0.00,0.00,0,2.95,0,27.52,0,2.95,0,2.95
0.4,10.5,0.00,0.00,0,2.95,0,27.52,0,2.95,0,2.95
0.0,10.5,0.00,0.00,0,2.95,0,27.52,0,2.95,0,2.95
0.4,10.5,0.00,0.00,0,2.95,0,27.52,0,2.95,0,2.95
0.2,10.5,0.00,0.00,0,2.95,0,27.52,0,2.95,0,2.95
0.4,10.5,0.00,0.00,0,2.95,0,27.52,0,2.95,0,2.95
0.2,10.5,0.00,0.00,0,2.95,0,27.52,0,2.95,0,2.95
0.4,10.5,0.00,0.00,0,2.95,0,27.52,0,2.95,0,2.95
1.7,10.5,0.00,0.00,0,2.95,0,27.52,0,2.95,0,2.95
1.4,10.5,0.00,0.00,0,2.95,0,27.52,0,2.95,0,2.95
0.8,10.5,0.00,0.00,0,2.95,0,27.52,0,2.95,0,2.95
0.4,10.5,0.00,0.00,0,2.95,0,27.52,0,2.95,0,2.95
0.4,10.5,0.00,0.00,0,2.95,0,27.52,0,2.95,0,2.95
0.0,10.5,0.00,0.00,0,2.95,0,27.52,0,2.95,0,2.95
0.4,10.5,0.00,0.00,0,2.95,0,27.52,0,2.95,0,2.95
0.4,10.5,0.00,0.00,0,2.95,0,27.52,0,2.95,0,2.95
0.6,10.5,0.00,0.00,0,2.95,0,27.52,0,2.95,0,2.95
2.1,10.5,0.00,0.00,0,2.95,0,27.52,0,2.95,0,2.95
1.6,10.5,0.00,0.00,0,2.95,0,27.52,0,2.95,0,2.95
1.5,10.5,0.00,0.00,0,2.95,0,27.52,0,2.95,0,2.95
0.6,10.5,0.00,0.00,0,2.95,0,27.52,0,2.95,0,2.95
0.2,10.5,0.00,0.00,0,2.95,0,27.52,0,2.95,0,2.95
0.0,10.5,0.00,0.00,0,2.95,0,27.52,0,2.95,0,2.95
0.4,10.5,0.00,0.00,0,2.95,0,27.52,0,2.95,0,2.95
0.2,10.5,0.00,0.00,0,2.95,0,27.52,0,2.95,0,2.95
0.6,10.5,0.00,0.00,0,2.95,0,27.52,0,2.95,0,2.95
0.0,10.5,0.00,0.00,0,2.95,0,27.52,0,2.95,0,2.95
0.4,10.5,0.00,0.00,0,2.95,0,27.52,0,2.95,0,2.95
0.2,10.5,0.00,0.00,0,2.95,0,27.52,0,2.95,0,2.95
2.5,10.5,0.00,0.00,0,2.95,0,27.52,0,2.95,0,2.95
0.6,10.5,0.00,0.00,0,2.95,0,27.52,0,2.95,0,2.95
0.2,10.5,0.00,0.00,0,2.95,0,27.52,0,2.95,0,2.95
0.4,10.5,0.00,0.00,0,2.95,0,27.52,0,2.95,0,2.95
0.2,10.5,0.00,0.00,0,2.95,0,27.52,0,2.95,0,2.95
0.2,10.5,0.00,0.00,0,2.95,0,27.52,0,2.95,0,2.95
0.4,10.5,0.00,0.00,0,2.95,0,27.52,0,2.95,0,2.95
0.4,10.5,0.00,0.00,0,2.95,0,27.52,0,2.95,0,2.95
0.2,10.5,0.00,0.00,0,2.95,0,27.52,0,2.95,0,2.95
0.6,10.5,0.00,0.00,0,2.95,0,27.52,0,2.95,0,2.95
0.0,10.5,0.00,0.00,0,2.95,0,27.52,0,2.95,0,2.95
1.2,10.5,0.00,0.00,0,2.95,0,27.52,0,2.95,0,2.95
0.2,10.5,0.00,0.00,0,2.95,0,27.52,0,2.95,0,2.95
0.2,10.5,0.00,0.00,0,2.95,0,27.52,0,2.95,0,2.95
0.4,10.5,0.00,0.00,0,2.95,0,27.52,0,2.95,0,2.95
0.4,10.5,0.00,0.00,0,2.95,0,27.52,0,2.95,0,2.95
0.6,10.5,0.00,0.00,0,2.95,0,27.52,0,2.95,0,2.95
0.4,10.5,0.00,0.00,0,2.95,0,27.52,0,2.95,0,2.95
0.2,10.5,0.00,0.00,0,2.95,0,27.52,0,2.95,0,2.95
0.0,10.5,0.00,0.00,0,2.95,0,27.52,0,2.95,0,2.95
0.2,10.5,0.00,0.00,0,2.95,0,27.52,0,2.95,0,2.95
1.9,10.5,0.00,0.00,0,2.95,0,27.52,0,2.95,0,2.95
0.2,10.5,0.00,0.00,0,2.95,0,27.52,0,2.95,0,2.95
0.6,10.5,0.00,0.00,0,2.95,0,27.52,0,2.95,0,2.95
0.6,10.5,0.00,0.00,0,2.95,0,27.52,0,2.95,0,2.95
0.2,10.5,0.00,0.00,0,2.95,0,27.52,0,2.95,0,2.95
0.2,10.5,0.00,0.00,0,2.95,0,27.52,0,2.95,0,2.95
0.2,10.5,0.00,0.00,0,2.95,0,27.52,0,2.95,0,2.95
0.4,10.5,0.00,0.00,0,2.95,0,27.52,0,2.95,0,2.95
0.2,10.5,0.00,0.00,0,2.95,0,27.52,0,2.95,0,2.95
0.8,10.5,0.00,0.00,0,2.95,0,27.52,0,2.95,0,2.95
0.4,10.5,0.00,0.00,0,2.95,0,27.52,0,2.95,0,2.95
0.4,10.5,0.00,0.00,0,2.95,0,27.52,0,2.95,0,2.95
0.4,10.5,0.00,0.00,0,2.95,0,27.52,0,2.95,0,2.95
0.6,10.5,0.00,0.00,0,2.95,0,27.52,0,2.95,0,2.95
0.2,10.5,0.00,0.00,0,2.95,0,27.52,0,2.95,0,2.95
0.2,10.5,0.00,0.00,0,2.95,0,27.52,0,2.95,0,2.95
0.2,10.5,0.00,0.00,0,2.95,0,27.52,0,2.95,0,2.95
0.2,10.5,0.00,0.00,0,2.95,0,27.52,0,2.95,0,2.95
0.2,10.5,0.00,0.00,0,2.95,0,27.52,0,2.95,0,2.95
0.4,10.5,0.00,0.00,0,2.95,0,27.52,0,2.95,0,2.95
0.2,10.5,0.00,0.00,0,2.95,0,27.52,0,2.95,0,2.95
2.7,10.5,0.00,0.00,0,2.95,0,27.52,0,2.95,0,2.95
0.6,10.5,0.00,0.00,0,2.95,0,27.52,0,2.95,0,2.95
0.2,10.5,0.00,0.00,0,2.95,0,27.52,0,2.95,0,2.95
0.2,10.5,0.00,0.00,0,2.95,0,27.52,0,2.95,0,2.95
0.4,10.5,0.00,0.00,0,2.95,0,27.52,0,2.95,0,2.95
0.0,10.5,0.00,0.00,0,2.95,0,27.52,0,2.95,0,2.95
0.4,10.5,0.00,0.00,0,2.95,0,27.52,0,2.95,0,2.95
0.4,10.5,0.00,0.00,0,2.95,0,27.52,0,2.95,0,2.95
0.6,10.5,0.00,0.00,0,2.95,0,27.52,0,2.95,0,2.95
0.8,10.5,0.00,0.00,0,2.95,0,27.52,0,2.95,0,2.95
0.6,10.5,0.00,0.00,0,2.95,0,27.52,0,2.95,0,2.95
0.6,10.5,0.00,0.00,0,2.95,0,27.52,0,2.95,0,2.95
0.2,10.5,0.00,0.00,0,2.95,0,27.52,0,2.95,0,2.95
0.4,10.5,0.00,0.00,0,2.95,0,27.52,0,2.95,0,2.95
0.4,10.5,0.00,0.00,0,2.95,0,27.52,0,2.95,0,2.95
0.6,10.5,0.00,0.00,0,2.95,0,27.52,0,2.95,0,2.95
0.6,10.5,0.00,0.00,0,2.95,0,27.52,0,2.95,0,2.95
0.2,10.5,0.00,0.00,0,2.95,0,27.52,0,2.95,0,2.95
0.4,10.5,0.00,0.00,0,2.95,0,27.52,0,2.95,0,2.95
0.4,10.5,0.00,0.00,0,2.95,0,27.52,0,2.95,0,2.95
0.2,10.5,0.00,0.00,0,2.95,0,27.52,0,2.95,0,2.95
2.1,10.5,0.00,0.00,0,2.95,0,27.52,0,2.95,0,2.95
0.6,10.5,0.00,0.00,0,2.95,0,27.52,0,2.95,0,2.95
0.2,10.5,0.00,0.00,0,2.95,0,27.52,0,2.95,0,2.95
0.6,10.5,0.00,0.00,0,2.95,0,27.52,0,2.95,0,2.95
0.4,10.5,0.00,0.00,0,2.95,0,27.52,0,2.95,0,2.95
0.4,10.5,0.00,0.00,0,2.95,0,27.52,0,2.95,0,2.95
0.0,10.5,0.00,0.00,0,2.95,0,27.52,0,2.95,0,2.95
0.0,10.5,0.00,0.00,0,2.95,0,27.52,0,2.95,0,2.95
0.4,10.5,0.00,0.00,0,2.95,0,27.52,0,2.95,0,2.95
0.2,10.5,0.00,0.00,0,2.95,0,27.52,0,2.95,0,2.95
0.4,10.5,0.00,0.00,0,2.95,0,27.52,0,2.95,0,2.95
0.2,10.5,0.00,0.00,0,2.95,0,27.52,0,2.95,0,2.95
0.2,10.5,0.00,0.00,0,2.95,0,27.52,0,2.95,0,2.95
0.2,10.5,0.00,0.00,0,2.95,0,27.52,0,2.95,0,2.95
0.2,10.5,0.00,0.00,0,2.95,0,27.52,0,2.95,0,2.95
0.0,10.5,0.00,0.00,0,2.95,0,27.52,0,2.95,0,2.95
0.6,10.5,0.00,0.00,0,2.95,0,27.52,0,2.95,0,2.95
0.0,10.5,0.00,0.00,0,2.95,0,27.52,0,2.95,0,2.95
0.0,10.5,0.00,0.00,0,2.95,0,27.52,0,2.95,0,2.95
0.2,10.5,0.00,0.00,0,2.95,0,27.52,0,2.95,0,2.95
0.4,10.5,0.00,0.00,0,2.95,0,27.52,0,2.95,0,2.95
2.9,10.5,0.00,0.00,0,2.95,0,27.52,0,2.95,0,2.95
0.4,10.5,0.00,0.00,0,2.95,0,27.52,0,2.95,0,2.95
0.4,10.5,0.00,0.00,0,2.95,0,27.52,0,2.95,0,2.95
0.4,10.5,0.00,0.00,0,2.95,0,27.52,0,2.95,0,2.95
0.2,10.5,0.00,0.00,0,2.95,0,27.52,0,2.95,0,2.95
0.2,10.5,0.00,0.00,0,2.95,0,27.52,0,2.95,0,2.95
0.4,10.5,0.00,0.00,0,2.95,0,27.52,0,2.95,0,2.95
0.0,10.5,0.00,0.00,0,2.95,0,27.52,0,2.95,0,2.95
0.4,10.5,0.00,0.00,0,2.95,0,27.52,0,2.95,0,2.95
0.2,10.5,0.00,0.00,0,2.95,0,27.52,0,2.95,0,2.95
0.2,10.5,0.00,0.00,0,2.95,0,27.52,0,2.95,0,2.95
0.2,10.5,0.00,0.00,0,2.95,0,27.52,0,2.95,0,2.95
0.4,10.5,0.00,0.00,0,2.95,0,27.52,0,2.95,0,2.95
0.0,10.5,0.00,0.00,0,2.95,0,27.52,0,2.95,0,2.95
0.2,10.5,0.00,0.00,0,2.95,0,27.52,0,2.95,0,2.95
0.2,10.5,0.00,0.00,0,2.95,0,27.52,0,2.95,0,2.95
0.6,10.5,0.00,0.00,0,2.95,0,27.52,0,2.95,0,2.95
0.2,10.5,0.00,0.00,0,2.95,0,27.52,0,2.95,0,2.95
0.2,10.5,0.00,0.00,0,2.95,0,27.52,0,2.95,0,2.95
0.2,10.5,0.00,0.00,0,2.95,0,27.52,0,2.95,0,2.95
0.4,10.5,0.00,0.00,0,2.95,0,27.52,0,2.95,0,2.95
2.7,10.5,0.00,0.00,0,2.95,0,27.52,0,2.95,0,2.95
0.4,10.5,0.00,0.00,0,2.95,0,27.52,0,2.95,0,2.95
0.4,10.5,0.00,0.00,0,2.95,0,27.52,0,2.95,0,2.95
0.0,10.5,0.00,0.00,0,2.95,0,27.52,0,2.95,0,2.95
0.2,10.5,0.00,0.00,0,2.95,0,27.52,0,2.95,0,2.95
0.0,10.5,0.00,0.00,0,2.95,0,27.52,0,2.95,0,2.95
0.4,10.5,0.00,0.00,0,2.95,0,27.52,0,2.95,0,2.95
0.4,10.5,0.00,0.00,0,2.95,0,27.52,0,2.95,0,2.95
0.6,10.5,0.00,0.00,0,2.95,0,27.52,0,2.95,0,2.95
0.4,10.5,0.00,0.00,0,2.95,0,27.52,0,2.95,0,2.95
0.4,10.5,0.00,0.00,0,2.95,0,27.52,0,2.95,0,2.95
0.2,10.5,0.00,0.00,0,2.95,0,27.52,0,2.95,0,2.95
0.0,10.5,0.00,0.00,0,2.95,0,27.52,0,2.95,0,2.95
0.4,10.5,0.00,0.00,0,2.95,0,27.52,0,2.95,0,2.95
0.2,10.5,0.00,0.00,0,2.95,0,27.52,0,2.95,0,2.95
0.4,10.5,0.00,0.00,0,2.95,0,27.52,0,2.95,0,2.95
0.2,10.5,0.00,0.00,0,2.95,0,27.52,0,2.95,0,2.95
0.2,10.5,0.00,0.00,0,2.95,0,27.52,0,2.95,0,2.95
0.0,10.5,0.00,0.00,0,2.95,0,27.52,0,2.95,0,2.95
0.0,10.5,0.00,0.00,0,2.95,0,27.52,0,2.95,0,2.95
0.2,10.5,0.00,0.00,0,2.95,0,27.52,0,2.95,0,2.95
2.3,10.5,0.00,0.00,0,2.95,0,27.52,0,2.95,0,2.95
0.4,10.5,0.00,0.00,0,2.95,0,27.52,0,2.95,0,2.95
0.8,10.5,0.00,0.00,0,2.95,0,27.52,0,2.95,0,2.95
0.0,10.5,0.00,0.00,0,2.95,0,27.52,0,2.95,0,2.95
0.2,10.5,0.00,0.00,0,2.95,0,27.52,0,2.95,0,2.95
0.2,10.5,0.00,0.00,0,2.95,0,27.52,0,2.95,0,2.95
0.2,10.5,0.00,0.00,0,2.95,0,27.52,0,2.95,0,2.95
0.4,10.5,0.00,0.00,0,2.95,0,27.52,0,2.95,0,2.95
0.2,10.5,0.00,0.00,0,2.95,0,27.52,0,2.95,0,2.95
0.8,10.5,0.00,0.00,0,2.95,0,27.52,0,2.95,0,2.95
0.0,10.5,0.00,0.00,0,2.95,0,27.52,0,2.95,0,2.95
0.4,10.5,0.00,0.00,0,2.95,0,27.52,0,2.95,0,2.95
0.2,10.5,0.00,0.00,0,2.95,0,27.52,0,2.95,0,2.95
0.4,10.5,0.00,0.00,0,2.95,0,27.52,0,2.95,0,2.95
0.2,10.5,0.00,0.00,0,2.95,0,27.52,0,2.95,0,2.95
0.2,10.5,0.00,0.00,0,2.95,0,27.52,0,2.95,0,2.95
0.4,10.5,0.00,0.00,0,2.95,0,27.52,0,2.95,0,2.95
0.2,10.5,0.00,0.00,0,2.95,0,27.52,0,2.95,0,2.95
0.2,10.5,0.00,0.00,0,2.95,0,27.52,0,2.95,0,2.95
0.2,10.5,0.00,0.00,0,2.95,0,27.52,0,2.95,0,2.95
0.2,10.5,0.00,0.00,0,2.95,0,27.52,0,2.95,0,2.95
2.1,10.5,0.00,0.00,0,2.95,0,27.52,0,2.95,0,2.95
0.4,10.5,0.00,0.00,0,2.95,0,27.52,0,2.95,0,2.95
0.2,10.5,0.00,0.00,0,2.95,0,27.52,0,2.95,0,2.95
0.6,10.5,0.00,0.00,0,2.95,0,27.52,0,2.95,0,2.95
0.2,10.5,0.00,0.00,0,2.95,0,27.52,0,2.95,0,2.95
0.2,10.5,0.00,0.00,0,2.95,0,27.52,0,2.95,0,2.95
0.4,10.5,0.00,0.00,0,2.95,0,27.52,0,2.95,0,2.95
0.2,10.5,0.00,0.00,0,2.95,0,27.52,0,2.95,0,2.95
0.2,10.5,0.00,0.00,0,2.95,0,27.52,0,2.95,0,2.95
0.6,10.5,0.00,0.00,0,2.95,0,27.52,0,2.95,0,2.95
0.4,10.5,0.00,0.00,0,2.95,0,27.52,0,2.95,0,2.95
1.0,10.5,0.00,0.00,0,2.95,0,27.52,0,2.95,0,2.95
0.2,10.5,0.00,0.00,0,2.95,0,27.52,0,2.95,0,2.95
0.2,10.5,0.00,0.00,0,2.95,0,27.52,0,2.95,0,2.95
0.6,10.5,0.00,0.00,0,2.95,0,27.52,0,2.95,0,2.95
0.0,10.5,0.00,0.00,0,2.95,0,27.52,0,2.95,0,2.95
0.4,10.5,0.00,0.00,0,2.95,0,27.52,0,2.95,0,2.95
0.0,10.5,0.00,0.00,0,2.95,0,27.52,0,2.95,0,2.95
0.6,10.5,0.00,0.00,0,2.95,0,27.52,0,2.95,0,2.95
0.0,10.5,0.00,0.00,0,2.95,0,27.52,0,2.95,0,2.95
0.2,10.5,0.00,0.00,0,2.95,0,27.52,0,2.95,0,2.95
2.7,10.5,0.00,0.00,0,2.95,0,27.52,0,2.95,0,2.95
0.6,10.5,0.00,0.00,0,2.95,0,27.52,0,2.95,0,2.95
0.6,10.5,0.00,0.00,0,2.95,0,27.52,0,2.95,0,2.95
0.4,10.5,0.00,0.00,0,2.95,0,27.52,0,2.95,0,2.95
0.6,10.5,0.00,0.00,0,2.95,0,27.52,0,2.95,0,2.95
0.4,10.5,0.00,0.00,0,2.95,0,27.52,0,2.95,0,2.95
0.6,10.5,0.00,0.00,0,2.95,0,27.52,0,2.95,0,2.95
0.0,10.5,0.00,0.00,0,2.95,0,27.52,0,2.95,0,2.95
0.4,10.5,0.00,0.00,0,2.95,0,27.52,0,2.95,0,2.95
0.2,10.5,0.00,0.00,0,2.95,0,27.52,0,2.95,0,2.95
0.4,10.5,0.00,0.00,0,2.95,0,27.52,0,2.95,0,2.95
0.6,10.5,0.00,0.00,0,2.95,0,27.52,0,2.95,0,2.95
0.4,10.5,0.00,0.00,0,2.95,0,27.52,0,2.95,0,2.95
0.2,10.5,0.00,0.00,0,2.95,0,27.52,0,2.95,0,2.95
0.6,10.5,0.00,0.00,0,2.95,0,27.52,0,2.95,0,2.95
0.0,10.5,0.00,0.00,0,2.95,0,27.52,0,2.95,0,2.95
0.4,10.5,0.00,0.00,0,2.95,0,27.52,0,2.95,0,2.95
0.2,10.5,0.00,0.00,0,2.95,0,27.52,0,2.95,0,2.95
0.4,10.5,0.00,0.00,0,2.95,0,27.52,0,2.95,0,2.95
0.6,10.5,0.00,0.00,0,2.95,0,27.52,0,2.95,0,2.95
0.4,10.5,0.00,0.00,0,2.95,0,27.52,0,2.95,0,2.95
2.9,10.5,0.00,0.00,0,2.95,0,27.52,0,2.95,0,2.95
0.2,10.5,0.00,0.00,0,2.95,0,27.52,0,2.95,0,2.95
0.2,10.5,0.00,0.00,0,2.95,0,27.52,0,2.95,0,2.95
0.0,10.5,0.00,0.00,0,2.95,0,27.52,0,2.95,0,2.95
0.2,10.5,0.00,0.00,0,2.95,0,27.52,0,2.95,0,2.95
0.2,10.5,0.00,0.00,0,2.95,0,27.52,0,2.95,0,2.95
0.2,10.5,0.00,0.00,0,2.95,0,27.52,0,2.95,0,2.95
0.2,10.5,0.00,0.00,0,2.95,0,27.52,0,2.95,0,2.95
0.4,10.5,0.00,0.00,0,2.95,0,27.52,0,2.95,0,2.95
0.4,10.5,0.00,0.00,0,2.95,0,27.52,0,2.95,0,2.95
0.2,10.5,0.00,0.00,0,2.95,0,27.52,0,2.95,0,2.95
0.6,10.5,0.00,0.00,0,2.95,0,27.52,0,2.95,0,2.95
0.4,10.5,0.00,0.00,0,2.95,0,27.52,0,2.95,0,2.95
0.4,10.5,0.00,0.00,0,2.95,0,27.52,0,2.95,0,2.95
0.2,10.5,0.00,0.00,0,2.95,0,27.52,0,2.95,0,2.95
0.4,10.5,0.00,0.00,0,2.95,0,27.52,0,2.95,0,2.95
0.6,10.5,0.00,0.00,0,2.95,0,27.52,0,2.95,0,2.95
0.4,10.5,0.00,0.00,0,2.95,0,27.52,0,2.95,0,2.95
0.2,10.5,0.00,0.00,0,2.95,0,27.52,0,2.95,0,2.95
0.0,10.5,0.00,0.00,0,2.95,0,27.52,0,2.95,0,2.95
0.2,10.5,0.00,0.00,0,2.95,0,27.52,0,2.95,0,2.95
2.3,10.5,0.00,0.00,0,2.95,0,27.52,0,2.95,0,2.95
0.2,10.5,0.00,0.00,0,2.95,0,27.52,0,2.95,0,2.95
0.2,10.5,0.00,0.00,0,2.95,0,27.52,0,2.95,0,2.95
0.2,10.5,0.00,0.00,0,2.95,0,27.52,0,2.95,0,2.95
0.4,10.5,0.00,0.00,0,2.95,0,27.52,0,2.95,0,2.95
0.4,10.5,0.00,0.00,0,2.95,0,27.52,0,2.95,0,2.95
0.6,10.5,0.00,0.00,0,2.95,0,27.52,0,2.95,0,2.95
0.2,10.5,0.00,0.00,0,2.95,0,27.52,0,2.95,0,2.95
0.4,10.5,0.00,0.00,0,2.95,0,27.52,0,2.95,0,2.95
0.2,10.5,0.00,0.00,0,2.95,0,27.52,0,2.95,0,2.95
0.6,10.5,0.00,0.00,0,2.95,0,27.52,0,2.95,0,2.95
0.0,10.5,0.00,0.00,0,2.95,0,27.52,0,2.95,0,2.95
0.2,10.5,0.00,0.00,0,2.95,0,27.52,0,2.95,0,2.95
0.4,10.5,0.00,0.00,0,2.95,0,27.52,0,2.95,0,2.95
0.2,10.5,0.00,0.00,0,2.95,0,27.52,0,2.95,0,2.95
0.4,10.5,0.00,0.00,0,2.95,0,27.52,0,2.95,0,2.95
0.2,10.5,0.00,0.00,0,2.95,0,27.52,0,2.95,0,2.95
0.4,10.5,0.00,0.00,0,2.95,0,27.52,0,2.95,0,2.95
0.4,10.5,0.00,0.00,0,2.95,0,27.52,0,2.95,0,2.95
0.6,10.5,0.00,0.00,0,2.95,0,27.52,0,2.95,0,2.95
0.2,10.5,0.00,0.00,0,2.95,0,27.52,0,2.95,0,2.95
2.3,10.5,0.00,0.00,0,2.95,0,27.52,0,2.95,0,2.95
0.2,10.5,0.00,0.00,0,2.95,0,27.52,0,2.95,0,2.95
0.4,10.5,0.00,0.00,0,2.95,0,27.52,0,2.95,0,2.95
0.2,10.5,0.00,0.00,0,2.95,0,27.52,0,2.95,0,2.95
0.0,10.5,0.00,0.00,0,2.95,0,27.52,0,2.95,0,2.95
0.2,10.5,0.00,0.00,0,2.95,0,27.52,0,2.95,0,2.95
0.2,10.5,0.00,0.00,0,2.95,0,27.52,0,2.95,0,2.95
0.4,10.5,0.00,0.00,0,2.95,0,27.52,0,2.95,0,2.95
0.2,10.5,0.00,0.00,0,2.95,0,27.52,0,2.95,0,2.95
0.8,10.5,0.00,0.00,0,2.95,0,27.52,0,2.95,0,2.95
0.6,10.5,0.00,0.00,0,2.95,0,27.52,0,2.95,0,2.95
0.2,10.5,0.00,0.00,0,2.95,0,27.52,0,2.95,0,2.95
0.2,10.5,0.00,0.00,0,2.95,0,27.52,0,2.95,0,2.95
0.2,10.5,0.00,0.00,0,2.95,0,27.52,0,2.95,0,2.95
0.2,10.5,0.00,0.00,0,2.95,0,27.52,0,2.95,0,2.95
0.2,10.5,0.00,0.00,0,2.95,0,27.52,0,2.95,0,2.95
0.6,10.5,0.00,0.00,0,2.95,0,27.52,0,2.95,0,2.95
0.2,10.5,0.00,0.00,0,2.95,0,27.52,0,2.95,0,2.95
0.2,10.5,0.00,0.00,0,2.95,0,27.52,0,2.95,0,2.95
0.2,10.5,0.00,0.00,0,2.95,0,27.52,0,2.95,0,2.95
0.2,10.5,0.00,0.00,0,2.95,0,27.52,0,2.95,0,2.95
1.3,10.5,0.00,0.00,0,2.95,0,27.52,0,2.95,0,2.95
0.2,10.5,0.00,0.00,0,2.95,0,27.52,0,2.95,0,2.95
0.4,10.5,0.00,0.00,0,2.95,0,27.52,0,2.95,0,2.95
0.2,10.5,0.00,0.00,0,2.95,0,27.52,0,2.95,0,2.95
0.6,10.5,0.00,0.00,0,2.95,0,27.52,0,2.95,0,2.95
0.4,10.5,0.00,0.00,0,2.95,0,27.52,0,2.95,0,2.95
0.6,10.5,0.00,0.00,0,2.95,0,27.52,0,2.95,0,2.95
0.4,10.5,0.00,0.00,0,2.95,0,27.52,0,2.95,0,2.95
0.2,10.5,0.00,0.00,0,2.95,0,27.52,0,2.95,0,2.95
0.8,10.5,0.00,0.00,0,2.95,0,27.52,0,2.95,0,2.95
0.8,10.5,0.00,0.00,0,2.95,0,27.52,0,2.95,0,2.95
0.4,10.5,0.00,0.00,0,2.95,0,27.52,0,2.95,0,2.95
0.2,10.5,0.00,0.00,0,2.95,0,27.52,0,2.95,0,2.95
0.6,10.5,0.00,0.00,0,2.95,0,27.52,0,2.95,0,2.95
0.2,10.5,0.00,0.00,0,2.95,0,27.52,0,2.95,0,2.95
0.2,10.5,0.00,0.00,0,2.95,0,27.52,0,2.95,0,2.95
0.6,10.5,0.00,0.00,0,2.95,0,27.52,0,2.95,0,2.95
0.2,10.5,0.00,0.00,0,2.95,0,27.52,0,2.95,0,2.95
0.2,10.5,0.00,0.00,0,2.95,0,27.52,0,2.95,0,2.95
0.0,10.5,0.00,0.00,0,2.95,0,27.52,0,2.95,0,2.95
0.4,10.5,0.00,0.00,0,2.95,0,27.52,0,2.95,0,2.95
1.5,10.5,0.00,0.00,0,2.95,0,27.52,0,2.95,0,2.95
0.2,10.5,0.00,0.00,0,2.95,0,27.52,0,2.95,0,2.95
0.2,10.5,0.00,0.00,0,2.95,0,27.52,0,2.95,0,2.95
0.4,10.5,0.00,0.00,0,2.95,0,27.52,0,2.95,0,2.95
0.4,10.5,0.00,0.00,0,2.95,0,27.52,0,2.95,0,2.95
0.4,10.5,0.00,0.00,0,2.95,0,27.52,0,2.95,0,2.95
0.6,10.5,0.00,0.00,0,2.95,0,27.52,0,2.95,0,2.95
0.4,10.5,0.00,0.00,0,2.95,0,27.52,0,2.95,0,2.95
0.2,10.5,0.00,0.00,0,2.95,0,27.52,0,2.95,0,2.95
0.6,10.5,0.00,0.00,0,2.95,0,27.52,0,2.95,0,2.95
1.9,10.5,0.00,0.00,0,2.95,0,27.52,0,2.95,0,2.95
0.2,10.5,0.00,0.00,0,2.95,0,27.52,0,2.95,0,2.95
0.0,10.5,0.00,0.00,0,2.95,0,27.52,0,2.95,0,2.95
0.2,10.5,0.00,0.00,0,2.95,0,27.52,0,2.95,0,2.95
0.0,10.5,0.00,0.00,0,2.95,0,27.52,0,2.95,0,2.95
0.4,10.5,0.00,0.00,0,2.95,0,27.52,0,2.95,0,2.95
0.2,10.5,0.00,0.00,0,2.95,0,27.52,0,2.95,0,2.95
0.4,10.5,0.00,0.00,0,2.95,0,27.52,0,2.95,0,2.95
0.8,10.5,0.00,0.00,0,2.95,0,27.52,0,2.95,0,2.95
0.2,10.5,0.00,0.00,0,2.95,0,27.52,0,2.95,0,2.95
0.2,10.5,0.00,0.00,0,2.95,0,27.52,0,2.95,0,2.95
0.8,10.5,0.00,0.00,0,2.95,0,27.52,0,2.95,0,2.95
0.2,10.5,0.00,0.00,0,2.95,0,27.52,0,2.95,0,2.95
0.2,10.5,0.00,0.00,0,2.95,0,27.52,0,2.95,0,2.95
0.4,10.5,0.00,0.00,0,2.95,0,27.52,0,2.95,0,2.95
0.6,10.5,0.00,0.00,0,2.95,0,27.52,0,2.95,0,2.95
0.0,10.5,0.00,0.00,0,2.95,0,27.52,0,2.95,0,2.95
0.2,10.5,0.00,0.00,0,2.95,0,27.52,0,2.95,0,2.95
0.6,10.5,0.00,0.00,0,2.95,0,27.52,0,2.95,0,2.95
0.0,10.5,0.00,0.00,0,2.95,0,27.52,0,2.95,0,2.95
0.6,10.5,0.00,0.00,0,2.95,0,27.52,0,2.95,0,2.95
1.0,10.5,0.00,0.00,0,2.95,0,27.52,0,2.95,0,2.95
0.2,10.5,0.00,0.00,0,2.95,0,27.52,0,2.95,0,2.95
0.4,10.5,0.00,0.00,0,2.95,0,27.52,0,2.95,0,2.95
0.4,10.5,0.00,0.00,0,2.95,0,27.52,0,2.95,0,2.95
0.2,10.5,0.00,0.00,0,2.95,0,27.52,0,2.95,0,2.95
0.2,10.5,0.00,0.00,0,2.95,0,27.52,0,2.95,0,2.95
0.6,10.5,0.00,0.00,0,2.95,0,27.52,0,2.95,0,2.95
0.0,10.5,0.00,0.00,0,2.95,0,27.52,0,2.95,0,2.95
0.8,10.5,0.00,0.00,0,2.95,0,27.52,0,2.95,0,2.95
0.4,10.5,0.00,0.00,0,2.95,0,27.52,0,2.95,0,2.95
0.4,10.5,0.00,0.00,0,2.95,0,27.52,0,2.95,0,2.95
1.3,10.5,0.00,0.00,0,2.95,0,27.52,0,2.95,0,2.95
0.2,10.5,0.00,0.00,0,2.95,0,27.52,0,2.95,0,2.95
0.2,10.5,0.00,0.00,0,2.95,0,27.52,0,2.95,0,2.95
0.0,10.5,0.00,0.00,0,2.95,0,27.52,0,2.95,0,2.95
0.4,10.5,0.00,0.00,0,2.95,0,27.52,0,2.95,0,2.95
0.4,10.5,0.00,0.00,0,2.95,0,27.52,0,2.95,0,2.95
0.6,10.5,0.00,0.00,0,2.95,0,27.52,0,2.95,0,2.95
0.2,10.5,0.00,0.00,0,2.95,0,27.52,0,2.95,0,2.95
0.2,10.5,0.00,0.00,0,2.95,0,27.52,0,2.95,0,2.95
0.2,10.5,0.00,0.00,0,2.95,0,27.52,0,2.95,0,2.95
1.7,10.5,0.00,0.00,0,2.95,0,27.52,0,2.95,0,2.95
0.6,10.5,0.00,0.00,0,2.95,0,27.52,0,2.95,0,2.95
0.0,10.5,0.00,0.00,0,2.95,0,27.52,0,2.95,0,2.95
0.2,10.5,0.00,0.00,0,2.95,0,27.52,0,2.95,0,2.95
0.4,10.5,0.00,0.00,0,2.95,0,27.52,0,2.95,0,2.95
0.2,10.5,0.00,0.00,0,2.95,0,27.52,0,2.95,0,2.95
0.2,10.5,0.00,0.00,0,2.95,0,27.52,0,2.95,0,2.95
0.4,10.5,0.00,0.00,0,2.95,0,27.52,0,2.95,0,2.95
0.4,10.5,0.00,0.00,0,2.95,0,27.52,0,2.95,0,2.95
0.4,10.5,0.00,0.00,0,2.95,0,27.52,0,2.95,0,2.95
0.2,10.5,0.00,0.00,0,2.95,0,27.52,0,2.95,0,2.95
1.0,10.5,0.00,0.00,0,2.95,0,27.52,0,2.95,0,2.95
0.4,10.5,0.00,0.00,0,2.95,0,27.52,0,2.95,0,2.95
0.0,10.5,0.00,0.00,0,2.95,0,27.52,0,2.95,0,2.95
0.0,10.5,0.00,0.00,0,2.95,0,27.52,0,2.95,0,2.95
0.6,10.5,0.00,0.00,0,2.95,0,27.52,0,2.95,0,2.95
0.2,10.5,0.00,0.00,0,2.95,0,27.52,0,2.95,0,2.95
0.0,10.5,0.00,0.00,0,2.95,0,27.52,0,2.95,0,2.95
0.2,10.5,0.00,0.00,0,2.95,0,27.52,0,2.95,0,2.95
0.4,10.5,0.00,0.00,0,2.95,0,27.52,0,2.95,0,2.95
0.2,10.5,0.00,0.00,0,2.95,0,27.52,0,2.95,0,2.95
1.5,10.5,0.00,0.00,0,2.95,0,27.52,0,2.95,0,2.95
0.6,10.5,0.00,0.00,0,2.95,0,27.52,0,2.95,0,2.95
0.0,10.5,0.00,0.00,0,2.95,0,27.52,0,2.95,0,2.95
0.4,10.5,0.00,0.00,0,2.95,0,27.52,0,2.95,0,2.95
0.4,10.5,0.00,0.00,0,2.95,0,27.52,0,2.95,0,2.95
0.2,10.5,0.00,0.00,0,2.95,0,27.52,0,2.95,0,2.95
0.4,10.5,0.00,0.00,0,2.95,0,27.52,0,2.95,0,2.95
0.4,10.5,0.00,0.00,0,2.95,0,27.52,0,2.95,0,2.95
0.2,10.5,0.00,0.00,0,2.95,0,27.52,0,2.95,0,2.95
0.2,10.5,0.00,0.00,0,2.95,0,27.52,0,2.95,0,2.95
0.4,10.5,0.00,0.00,0,2.95,0,27.52,0,2.95,0,2.95
0.8,10.5,0.00,0.00,0,2.95,0,27.52,0,2.95,0,2.95
0.2,10.5,0.00,0.00,0,2.95,0,27.52,0,2.95,0,2.95
0.2,10.4,0.00,0.00,0,2.95,0,27.52,0,2.95,0,2.95
0.6,10.5,0.00,0.00,0,2.95,0,27.52,0,2.95,0,2.95
0.6,10.4,0.00,0.00,0,2.95,0,27.52,0,2.95,0,2.95
1.0,10.4,0.00,0.00,0,2.95,0,27.52,0,2.95,0,2.95
0.4,10.4,0.00,0.00,0,2.95,0,27.52,0,2.95,0,2.95
0.2,10.4,0.00,0.00,0,2.95,0,27.52,0,2.95,0,2.95
0.4,10.4,0.00,0.00,0,2.95,0,27.52,0,2.95,0,2.95
0.4,10.4,0.00,0.00,0,2.95,0,27.52,0,2.95,0,2.95
1.9,10.4,0.00,0.00,0,2.95,0,27.52,0,2.95,0,2.95
0.6,10.4,0.00,0.00,0,2.95,0,27.52,0,2.95,0,2.95
0.4,10.4,0.00,0.00,0,2.95,0,27.52,0,2.95,0,2.95
0.4,10.4,0.00,0.00,0,2.95,0,27.52,0,2.95,0,2.95
0.2,10.4,0.00,0.00,0,2.95,0,27.52,0,2.95,0,2.95
0.4,10.4,0.00,0.00,0,2.95,0,27.52,0,2.95,0,2.95
0.0,10.4,0.00,0.00,0,2.95,0,27.52,0,2.95,0,2.95
0.2,10.4,0.00,0.00,0,2.95,0,27.52,0,2.95,0,2.95
0.2,10.4,0.00,0.00,0,2.95,0,27.52,0,2.95,0,2.95
0.6,10.4,0.00,0.00,0,2.95,0,27.52,0,2.95,0,2.95
0.6,10.4,0.00,0.00,0,2.95,0,27.52,0,2.95,0,2.95
1.0,10.4,0.00,0.00,0,2.95,0,27.52,0,2.95,0,2.95
0.0,10.4,0.00,0.00,0,2.95,0,27.52,0,2.95,0,2.95
0.4,10.4,0.00,0.00,0,2.95,0,27.52,0,2.95,0,2.95
0.2,10.4,0.00,0.00,0,2.95,0,27.52,0,2.95,0,2.95
0.4,10.4,0.00,0.00,0,2.95,0,27.52,0,2.95,0,2.95
0.0,10.4,0.00,0.00,0,2.95,0,27.52,0,2.95,0,2.95
0.2,10.4,0.00,0.00,0,2.95,0,27.52,0,2.95,0,2.95
0.2,10.4,0.00,0.00,0,2.95,0,27.52,0,2.95,0,2.95
0.0,10.4,0.00,0.00,0,2.95,0,27.52,0,2.95,0,2.95
0.4,10.4,0.00,0.00,0,2.95,0,27.52,0,2.95,0,2.95
1.9,10.4,0.00,0.00,0,2.95,0,27.52,0,2.95,0,2.95
0.4,10.4,0.00,0.00,0,2.95,0,27.52,0,2.95,0,2.95
0.0,10.4,0.00,0.00,0,2.95,0,27.52,0,2.95,0,2.95
0.2,10.4,0.00,0.00,0,2.95,0,27.52,0,2.95,0,2.95
0.4,10.4,0.00,0.00,0,2.95,0,27.52,0,2.95,0,2.95
0.2,10.4,0.00,0.00,0,2.95,0,27.52,0,2.95,0,2.95
0.2,10.4,0.00,0.00,0,2.95,0,27.52,0,2.95,0,2.95
0.0,10.4,0.00,0.00,0,2.95,0,27.52,0,2.95,0,2.95
0.2,10.4,0.00,0.00,0,2.95,0,27.52,0,2.95,0,2.95
0.2,10.4,0.00,0.00,0,2.95,0,27.52,0,2.95,0,2.95
0.6,10.4,0.00,0.00,0,2.95,0,27.52,0,2.95,0,2.95
0.2,10.4,0.00,0.00,0,2.95,0,27.52,0,2.95,0,2.95
0.2,10.4,0.00,0.00,0,2.95,0,27.52,0,2.95,0,2.95
0.2,10.4,0.00,0.00,0,2.95,0,27.52,0,2.95,0,2.95
0.0,10.4,0.00,0.00,0,2.95,0,27.52,0,2.95,0,2.95
0.2,10.4,0.00,0.00,0,2.95,0,27.52,0,2.95,0,2.95
0.2,10.4,0.00,0.00,0,2.95,0,27.52,0,2.95,0,2.95
0.2,10.4,0.00,0.00,0,2.95,0,27.52,0,2.95,0,2.95
0.2,10.4,0.00,0.00,0,2.95,0,27.52,0,2.95,0,2.95
0.0,10.4,0.00,0.00,0,2.95,0,27.52,0,2.95,0,2.95
0.4,10.4,0.00,0.00,0,2.95,0,27.52,0,2.95,0,2.95
1.9,10.4,0.00,0.00,0,2.95,0,27.52,0,2.95,0,2.95
0.2,10.4,0.00,0.00,0,2.95,0,27.52,0,2.95,0,2.95
0.2,10.4,0.00,0.00,0,2.95,0,27.52,0,2.95,0,2.95
0.6,10.4,0.00,0.00,0,2.95,0,27.52,0,2.95,0,2.95
0.0,10.4,0.00,0.00,0,2.95,0,27.52,0,2.95,0,2.95
0.4,10.4,0.00,0.00,0,2.95,0,27.52,0,2.95,0,2.95
0.0,10.4,0.00,0.00,0,2.95,0,27.52,0,2.95,0,2.95
0.4,10.4,0.00,0.00,0,2.95,0,27.52,0,2.95,0,2.95
0.4,10.4,0.00,0.00,0,2.95,0,27.52,0,2.95,0,2.95
0.0,10.4,0.00,0.00,0,2.95,0,27.52,0,2.95,0,2.95
1.2,10.4,0.00,0.00,0,2.95,0,27.52,0,2.95,0,2.95
0.2,10.4,0.00,0.00,0,2.95,0,27.52,0,2.95,0,2.95
0.4,10.4,0.00,0.00,0,2.95,0,27.52,0,2.95,0,2.95
0.2,10.4,0.00,0.00,0,2.95,0,27.52,0,2.95,0,2.95
0.0,10.4,0.00,0.00,0,2.95,0,27.52,0,2.95,0,2.95
0.0,10.4,0.00,0.00,0,2.95,0,27.52,0,2.95,0,2.95
0.2,10.4,0.00,0.00,0,2.95,0,27.52,0,2.95,0,2.95
0.2,10.4,0.00,0.00,0,2.95,0,27.52,0,2.95,0,2.95
0.0,10.4,0.00,0.00,0,2.95,0,27.52,0,2.95,0,2.95
0.6,10.4,0.00,0.00,0,2.95,0,27.52,0,2.95,0,2.95
0.2,10.4,0.00,0.00,0,2.95,0,27.52,0,2.95,0,2.95
1.0,10.4,0.00,0.00,0,2.95,0,27.52,0,2.95,0,2.95
0.8,10.4,0.00,0.00,0,2.95,0,27.52,0,2.95,0,2.95
0.4,10.4,0.00,0.00,0,2.95,0,27.52,0,2.95,0,2.95
0.2,10.4,0.00,0.00,0,2.95,0,27.52,0,2.95,0,2.95
0.2,10.4,0.00,0.00,0,2.95,0,27.52,0,2.95,0,2.95
0.0,10.4,0.00,0.00,0,2.95,0,27.52,0,2.95,0,2.95
0.2,10.4,0.00,0.00,0,2.95,0,27.52,0,2.95,0,2.95
0.6,10.4,0.00,0.00,0,2.95,0,27.52,0,2.95,0,2.95
0.0,10.4,0.00,0.00,0,2.95,0,27.52,0,2.95,0,2.95
0.4,10.4,0.00,0.00,0,2.95,0,27.52,0,2.95,0,2.95
2.1,10.4,0.00,0.00,0,2.95,0,27.52,0,2.95,0,2.95
0.8,10.4,0.00,0.00,0,2.95,0,27.52,0,2.95,0,2.95
0.2,10.4,0.00,0.00,0,2.95,0,27.52,0,2.95,0,2.95
0.4,10.4,0.00,0.00,0,2.95,0,27.52,0,2.95,0,2.95
0.4,10.4,0.00,0.00,0,2.95,0,27.52,0,2.95,0,2.95
0.4,10.4,0.00,0.00,0,2.95,0,27.52,0,2.95,0,2.95
0.4,10.4,0.00,0.00,0,2.95,0,27.52,0,2.95,0,2.95
0.4,10.4,0.00,0.00,0,2.95,0,27.52,0,2.95,0,2.95
0.6,10.4,0.00,0.00,0,2.95,0,27.52,0,2.95,0,2.95
1.9,10.4,0.00,0.00,0,2.95,0,27.52,0,2.95,0,2.95
1.9,10.4,0.00,0.00,0,2.95,0,27.52,0,2.95,0,2.95
2.1,10.4,0.00,0.00,0,2.95,0,27.52,0,2.95,0,2.95
0.0,10.4,0.00,0.00,0,2.95,0,27.52,0,2.95,0,2.95
0.2,10.4,0.00,0.00,0,2.95,0,27.52,0,2.95,0,2.95
0.2,10.4,0.00,0.00,0,2.95,0,27.52,0,2.95,0,2.95
1.4,10.4,0.00,0.00,0,2.95,0,27.52,0,2.95,0,2.95
0.2,10.4,0.00,0.00,0,2.95,0,27.52,0,2.95,0,2.95
0.4,10.4,0.00,0.00,0,2.95,0,27.52,0,2.95,0,2.95
0.6,10.4,0.00,0.00,0,2.95,0,27.52,0,2.95,0,2.95
0.2,10.4,0.00,0.00,0,2.95,0,27.52,0,2.95,0,2.95
0.4,10.4,0.00,0.00,0,2.95,0,27.52,0,2.95,0,2.95
1.5,10.4,0.00,0.00,0,2.95,0,27.52,0,2.95,0,2.95
0.2,10.4,0.00,0.00,0,2.95,0,27.52,0,2.95,0,2.95
0.2,10.4,0.00,0.00,0,2.95,0,27.52,0,2.95,0,2.95
0.2,10.4,0.00,0.00,0,2.95,0,27.52,0,2.95,0,2.95
0.0,10.4,0.00,0.00,0,2.95,0,27.52,0,2.95,0,2.95
0.2,10.4,0.00,0.00,0,2.95,0,27.52,0,2.95,0,2.95
0.2,10.4,0.00,0.00,0,2.95,0,27.52,0,2.95,0,2.95
0.4,10.4,0.00,0.00,0,2.95,0,27.52,0,2.95,0,2.95
0.4,10.4,0.00,0.00,0,2.95,0,27.52,0,2.95,0,2.95
0.2,10.4,0.00,0.00,0,2.95,0,27.52,0,2.95,0,2.95
0.0,10.4,0.00,0.00,0,2.95,0,27.52,0,2.95,0,2.95
1.9,10.4,0.00,0.00,0,2.95,0,27.52,0,2.95,0,2.95
0.4,10.4,0.00,0.00,0,2.95,0,27.52,0,2.95,0,2.95
0.2,10.4,0.00,0.00,0,2.95,0,27.52,0,2.95,0,2.95
0.4,10.4,0.00,0.00,0,2.95,0,27.52,0,2.95,0,2.95
0.4,10.4,0.00,0.00,0,2.95,0,27.52,0,2.95,0,2.95
0.2,10.4,0.00,0.00,0,2.95,0,27.52,0,2.95,0,2.95
0.2,10.4,0.00,0.00,0,2.95,0,27.52,0,2.95,0,2.95
0.6,10.4,0.00,0.00,0,2.95,0,27.52,0,2.95,0,2.95
0.4,10.4,0.00,0.00,0,2.95,0,27.52,0,2.95,0,2.95
0.2,10.4,0.00,0.00,0,2.95,0,27.52,0,2.95,0,2.95
0.8,10.4,0.00,0.00,0,2.95,0,27.52,0,2.95,0,2.95
0.0,10.4,0.00,0.00,0,2.95,0,27.52,0,2.95,0,2.95
0.2,10.4,0.00,0.00,0,2.95,0,27.52,0,2.95,0,2.95
0.2,10.4,0.00,0.00,0,2.95,0,27.52,0,2.95,0,2.95
0.0,10.4,0.00,0.00,0,2.95,0,27.52,0,2.95,0,2.95
0.6,10.4,0.00,0.00,0,2.95,0,27.52,0,2.95,0,2.95
0.0,10.4,0.00,0.00,0,2.95,0,27.52,0,2.95,0,2.95
0.6,10.4,0.00,0.00,0,2.95,0,27.52,0,2.95,0,2.95
0.2,10.4,0.00,0.00,0,2.95,0,27.52,0,2.95,0,2.95
0.0,10.4,0.00,0.00,0,2.95,0,27.52,0,2.95,0,2.95
0.2,10.4,0.00,0.00,0,2.95,0,27.52,0,2.95,0,2.95
1.7,10.4,0.00,0.00,0,2.95,0,27.52,0,2.95,0,2.95
0.4,10.4,0.00,0.00,0,2.95,0,27.52,0,2.95,0,2.95
0.2,10.4,0.00,0.00,0,2.95,0,27.52,0,2.95,0,2.95
0.4,10.4,0.00,0.00,0,2.95,0,27.52,0,2.95,0,2.95
0.6,10.4,0.00,0.00,0,2.95,0,27.52,0,2.95,0,2.95
0.0,10.4,0.00,0.00,0,2.95,0,27.52,0,2.95,0,2.95
0.2,10.4,0.00,0.00,0,2.95,0,27.52,0,2.95,0,2.95
0.0,10.4,0.00,0.00,0,2.95,0,27.52,0,2.95,0,2.95
0.4,10.4,0.00,0.00,0,2.95,0,27.52,0,2.95,0,2.95
0.6,10.4,0.00,0.00,0,2.95,0,27.52,0,2.95,0,2.95
1.9,10.4,0.00,0.00,0,2.95,0,27.52,0,2.95,0,2.95
0.4,10.4,0.00,0.00,0,2.95,0,27.52,0,2.95,0,2.95
0.4,10.4,0.00,0.00,0,2.95,0,27.52,0,2.95,0,2.95
0.4,10.4,0.00,0.00,0,2.95,0,27.52,0,2.95,0,2.95
0.6,10.4,0.00,0.00,0,2.95,0,27.52,0,2.95,0,2.95
0.6,10.4,0.00,0.00,0,2.95,0,27.52,0,2.95,0,2.95
0.0,10.4,0.00,0.00,0,2.95,0,27.52,0,2.95,0,2.95
0.8,10.4,0.00,0.00,0,2.95,0,27.52,0,2.95,0,2.95
0.4,10.4,0.00,0.00,0,2.95,0,27.52,0,2.95,0,2.95
0.4,10.4,0.00,0.00,0,2.95,0,27.52,0,2.95,0,2.95
0.2,10.4,0.00,0.00,0,2.95,0,27.52,0,2.95,0,2.95
1.0,10.4,0.00,0.00,0,2.95,0,27.52,0,2.95,0,2.95
0.2,10.4,0.00,0.00,0,2.95,0,27.52,0,2.95,0,2.95
0.4,10.4,0.00,0.00,0,2.95,0,27.52,0,2.95,0,2.95
0.6,10.4,0.00,0.00,0,2.95,0,27.52,0,2.95,0,2.95
0.0,10.4,0.00,0.00,0,2.95,0,27.52,0,2.95,0,2.95
0.2,10.4,0.00,0.00,0,2.95,0,27.52,0,2.95,0,2.95
0.4,10.4,0.00,0.00,0,2.95,0,27.52,0,2.95,0,2.95
0.4,10.4,0.00,0.00,0,2.95,0,27.52,0,2.95,0,2.95
0.2,10.4,0.00,0.00,0,2.95,0,27.52,0,2.95,0,2.95
0.4,10.4,0.00,0.00,0,2.95,0,27.52,0,2.95,0,2.95
2.7,10.4,0.00,0.00,0,2.95,0,27.52,0,2.95,0,2.95
0.0,10.4,0.00,0.00,0,2.95,0,27.52,0,2.95,0,2.95
0.6,10.4,0.00,0.00,0,2.95,0,27.52,0,2.95,0,2.95
0.6,10.4,0.00,0.00,0,2.95,0,27.52,0,2.95,0,2.95
0.2,10.4,0.00,0.00,0,2.95,0,27.52,0,2.95,0,2.95
0.2,10.4,0.00,0.00,0,2.95,0,27.52,0,2.95,0,2.95
0.0,10.4,0.00,0.00,0,2.95,0,27.52,0,2.95,0,2.95
0.6,10.4,0.00,0.00,0,2.95,0,27.52,0,2.95,0,2.95
0.2,10.4,0.00,0.00,0,2.95,0,27.52,0,2.95,0,2.95
0.2,10.4,0.00,0.00,0,2.95,0,27.52,0,2.95,0,2.95
0.4,10.4,0.00,0.00,0,2.95,0,27.52,0,2.95,0,2.95
0.0,10.4,0.00,0.00,0,2.95,0,27.52,0,2.95,0,2.95
0.4,10.4,0.00,0.00,0,2.95,0,27.52,0,2.95,0,2.95
0.4,10.4,0.00,0.00,0,2.95,0,27.52,0,2.95,0,2.95
0.8,10.4,0.00,0.00,0,2.95,0,27.52,0,2.95,0,2.95
0.2,10.4,0.00,0.00,0,2.95,0,27.52,0,2.95,0,2.95
0.0,10.4,0.00,0.00,0,2.95,0,27.52,0,2.95,0,2.95
0.0,10.4,0.00,0.00,0,2.95,0,27.52,0,2.95,0,2.95
0.6,10.4,0.00,0.00,0,2.95,0,27.52,0,2.95,0,2.95
0.2,10.4,0.00,0.00,0,2.95,0,27.52,0,2.95,0,2.95
0.2,10.4,0.00,0.00,0,2.95,0,27.52,0,2.95,0,2.95
1.9,10.4,0.00,0.00,0,2.95,0,27.52,0,2.95,0,2.95
0.2,10.4,0.00,0.00,0,2.95,0,27.52,0,2.95,0,2.95
0.6,10.4,0.00,0.00,0,2.95,0,27.52,0,2.95,0,2.95
0.2,10.4,0.00,0.00,0,2.95,0,27.52,0,2.95,0,2.95
0.4,10.4,0.00,0.00,0,2.95,0,27.52,0,2.95,0,2.95
0.0,10.4,0.00,0.00,0,2.95,0,27.52,0,2.95,0,2.95
0.2,10.4,0.00,0.00,0,2.95,0,27.52,0,2.95,0,2.95
0.4,10.4,0.00,0.00,0,2.95,0,27.52,0,2.95,0,2.95
0.2,10.4,0.00,0.00,0,2.95,0,27.52,0,2.95,0,2.95
0.4,10.4,0.00,0.00,0,2.95,0,27.52,0,2.95,0,2.95
0.4,10.4,0.00,0.00,0,2.95,0,27.52,0,2.95,0,2.95
0.0,10.4,0.00,0.00,0,2.95,0,27.52,0,2.95,0,2.95
0.2,10.4,0.00,0.00,0,2.95,0,27.52,0,2.95,0,2.95
0.4,10.4,0.00,0.00,0,2.95,0,27.52,0,2.95,0,2.95
0.6,10.4,0.00,0.00,0,2.95,0,27.52,0,2.95,0,2.95
0.2,10.4,0.00,0.00,0,2.95,0,27.52,0,2.95,0,2.95
0.4,10.4,0.00,0.00,0,2.95,0,27.52,0,2.95,0,2.95
0.4,10.4,0.00,0.00,0,2.95,0,27.52,0,2.95,0,2.95
0.2,10.4,0.00,0.00,0,2.95,0,27.52,0,2.95,0,2.95
0.0,10.4,0.00,0.00,0,2.95,0,27.52,0,2.95,0,2.95
0.0,10.4,0.00,0.00,0,2.95,0,27.52,0,2.95,0,2.95
1.9,10.4,0.00,0.00,0,2.95,0,27.52,0,2.95,0,2.95
0.6,10.4,0.00,0.00,0,2.95,0,27.52,0,2.95,0,2.95
0.0,10.4,0.00,0.00,0,2.95,0,27.52,0,2.95,0,2.95
0.2,10.4,0.00,0.00,0,2.95,0,27.52,0,2.95,0,2.95
0.2,10.4,0.00,0.00,0,2.95,0,27.52,0,2.95,0,2.95
0.0,10.4,0.00,0.00,0,2.95,0,27.52,0,2.95,0,2.95
0.4,10.4,0.00,0.00,0,2.95,0,27.52,0,2.95,0,2.95
0.4,10.4,0.00,0.00,0,2.95,0,27.52,0,2.95,0,2.95
0.6,10.4,0.00,0.00,0,2.95,0,27.52,0,2.95,0,2.95
0.4,10.4,0.00,0.00,0,2.95,0,27.52,0,2.95,0,2.95
0.6,10.4,0.00,0.00,0,2.95,0,27.52,0,2.95,0,2.95
0.2,10.4,0.00,0.00,0,2.95,0,27.52,0,2.95,0,2.95
0.4,10.4,0.00,0.00,0,2.95,0,27.52,0,2.95,0,2.95
0.2,10.4,0.00,0.00,0,2.95,0,27.52,0,2.95,0,2.95
0.4,10.4,0.00,0.00,0,2.95,0,27.52,0,2.95,0,2.95
0.2,10.4,0.00,0.00,0,2.95,0,27.52,0,2.95,0,2.95
0.2,10.4,0.00,0.00,0,2.95,0,27.52,0,2.95,0,2.95
0.0,10.4,0.00,0.00,0,2.95,0,27.52,0,2.95,0,2.95
0.4,10.4,0.00,0.00,0,2.95,0,27.52,0,2.95,0,2.95
0.2,10.4,0.00,0.00,0,2.95,0,27.52,0,2.95,0,2.95
0.2,10.4,0.00,0.00,0,2.95,0,27.52,0,2.95,0,2.95
2.5,10.4,0.00,0.00,0,2.95,0,27.52,0,2.95,0,2.95
0.4,10.4,0.00,0.00,0,2.95,0,27.52,0,2.95,0,2.95
0.0,10.4,0.00,0.00,0,2.95,0,27.52,0,2.95,0,2.95
0.0,10.4,0.00,0.00,0,2.95,0,27.52,0,2.95,0,2.95
0.2,10.4,0.00,0.00,0,2.95,0,27.52,0,2.95,0,2.95
0.0,10.4,0.00,0.00,0,2.95,0,27.52,0,2.95,0,2.95
0.0,10.4,0.00,0.00,0,2.95,0,27.52,0,2.95,0,2.95
0.2,10.4,0.00,0.00,0,2.95,0,27.52,0,2.95,0,2.95
0.4,10.4,0.00,0.00,0,2.95,0,27.52,0,2.95,0,2.95
0.0,10.4,0.00,0.00,0,2.95,0,27.52,0,2.95,0,2.95
0.6,10.4,0.00,0.00,0,2.95,0,27.52,0,2.95,0,2.95
0.4,10.4,0.00,0.00,0,2.95,0,27.52,0,2.95,0,2.95
0.2,10.4,0.00,0.00,0,2.95,0,27.52,0,2.95,0,2.95
0.0,10.4,0.00,0.00,0,2.95,0,27.52,0,2.95,0,2.95
0.4,10.4,0.00,0.00,0,2.95,0,27.52,0,2.95,0,2.95
0.4,10.4,0.00,0.00,0,2.95,0,27.52,0,2.95,0,2.95
0.6,10.4,0.00,0.00,0,2.95,0,27.52,0,2.95,0,2.95
0.0,10.4,0.00,0.00,0,2.95,0,27.52,0,2.95,0,2.95
0.0,10.4,0.00,0.00,0,2.95,0,27.52,0,2.95,0,2.95
0.0,10.4,0.00,0.00,0,2.95,0,27.52,0,2.95,0,2.95
0.2,10.4,0.00,0.00,0,2.95,0,27.52,0,2.95,0,2.95
2.3,10.4,0.00,0.00,0,2.95,0,27.52,0,2.95,0,2.95
0.0,10.4,0.00,0.00,0,2.95,0,27.52,0,2.95,0,2.95
0.4,10.4,0.00,0.00,0,2.95,0,27.52,0,2.95,0,2.95
0.4,10.4,0.00,0.00,0,2.95,0,27.52,0,2.95,0,2.95
0.4,10.4,0.00,0.00,0,2.95,0,27.52,0,2.95,0,2.95
0.2,10.4,0.00,0.00,0,2.95,0,27.52,0,2.95,0,2.95
0.0,10.4,0.00,0.00,0,2.95,0,27.52,0,2.95,0,2.95
0.8,10.4,0.00,0.00,0,2.95,0,27.52,0,2.95,0,2.95
0.2,10.4,0.00,0.00,0,2.95,0,27.52,0,2.95,0,2.95
0.8,10.4,0.00,0.00,0,2.95,0,27.52,0,2.95,0,2.95
0.8,10.4,0.00,0.00,0,2.95,0,27.52,0,2.95,0,2.95
0.2,10.4,0.00,0.00,0,2.95,0,27.52,0,2.95,0,2.95
0.4,10.4,0.00,0.00,0,2.95,0,27.52,0,2.95,0,2.95
0.2,10.4,0.00,0.00,0,2.95,0,27.52,0,2.95,0,2.95
0.4,10.4,0.00,0.00,0,2.95,0,27.52,0,2.95,0,2.95
0.2,10.4,0.00,0.00,0,2.95,0,27.52,0,2.95,0,2.95
0.0,10.4,0.00,0.00,0,2.95,0,27.52,0,2.95,0,2.95
0.2,10.4,0.00,0.00,0,2.95,0,27.52,0,2.95,0,2.95
0.2,10.4,0.00,0.00,0,2.95,0,27.52,0,2.95,0,2.95
0.2,10.4,0.00,0.00,0,2.95,0,27.52,0,2.95,0,2.95
0.2,10.4,0.00,0.00,0,2.95,0,27.52,0,2.95,0,2.95
1.5,10.4,0.00,0.00,0,2.95,0,27.52,0,2.95,0,2.95
0.4,10.4,0.00,0.00,0,2.95,0,27.52,0,2.95,0,2.95
0.4,10.4,0.00,0.00,0,2.95,0,27.52,0,2.95,0,2.95
0.4,10.4,0.00,0.00,0,2.95,0,27.52,0,2.95,0,2.95
0.2,10.4,0.00,0.00,0,2.95,0,27.52,0,2.95,0,2.95
0.2,10.4,0.00,0.00,0,2.95,0,27.52,0,2.95,0,2.95
0.6,10.4,0.00,0.00,0,2.95,0,27.52,0,2.95,0,2.95
0.4,10.4,0.00,0.00,0,2.95,0,27.52,0,2.95,0,2.95
0.0,10.4,0.00,0.00,0,2.95,0,27.52,0,2.95,0,2.95
0.6,10.4,0.00,0.00,0,2.95,0,27.52,0,2.95,0,2.95
1.3,10.4,0.00,0.00,0,2.95,0,27.52,0,2.95,0,2.95
0.4,10.4,0.00,0.00,0,2.95,0,27.52,0,2.95,0,2.95
0.2,10.4,0.00,0.00,0,2.95,0,27.52,0,2.95,0,2.95
0.2,10.4,0.00,0.00,0,2.95,0,27.52,0,2.95,0,2.95
0.2,10.4,0.00,0.00,0,2.95,0,27.52,0,2.95,0,2.95
0.4,10.4,0.00,0.00,0,2.95,0,27.52,0,2.95,0,2.95
0.4,10.4,0.00,0.00,0,2.95,0,27.52,0,2.95,0,2.95
0.4,10.4,0.00,0.00,0,2.95,0,27.52,0,2.95,0,2.95
0.2,10.4,0.00,0.00,0,2.95,0,27.52,0,2.95,0,2.95
0.2,10.4,0.00,0.00,0,2.95,0,27.52,0,2.95,0,2.95
1.6,10.4,0.00,0.00,0,2.95,0,27.52,0,2.95,0,2.95
3.1,10.4,0.00,0.00,0,2.95,0,27.52,0,2.95,0,2.95
0.4,10.4,0.00,0.00,0,2.95,0,27.52,0,2.95,0,2.95
0.8,10.4,0.00,0.00,0,2.95,0,27.52,0,2.95,0,2.95
0.4,10.4,0.00,0.00,0,2.95,0,27.52,0,2.95,0,2.95
0.6,10.4,0.00,0.00,0,2.95,0,27.52,0,2.95,0,2.95
0.0,10.4,0.00,0.00,0,2.95,0,27.52,0,2.95,0,2.95
0.2,10.4,0.00,0.00,0,2.95,0,27.52,0,2.95,0,2.95
0.2,10.4,0.00,0.00,0,2.95,0,27.52,0,2.95,0,2.95
0.2,10.4,0.00,0.00,0,2.95,0,27.52,0,2.95,0,2.95
0.6,10.4,0.00,0.00,0,2.95,0,27.52,0,2.95,0,2.95
1.9,10.4,0.00,0.00,0,2.95,0,27.52,0,2.95,0,2.95
0.2,10.4,0.00,0.00,0,2.95,0,27.52,0,2.95,0,2.95
0.4,10.4,0.00,0.00,0,2.95,0,27.52,0,2.95,0,2.95
0.2,10.4,0.00,0.00,0,2.95,0,27.52,0,2.95,0,2.95
0.2,10.4,0.00,0.00,0,2.95,0,27.52,0,2.95,0,2.95
0.2,10.4,0.00,0.00,0,2.95,0,27.52,0,2.95,0,2.95
0.4,10.4,0.00,0.00,0,2.95,0,27.52,0,2.95,0,2.95
0.2,10.4,0.00,0.00,0,2.95,0,27.52,0,2.95,0,2.95
0.4,10.4,0.00,0.00,0,2.95,0,27.52,0,2.95,0,2.95
0.4,10.4,0.00,0.00,0,2.95,0,27.52,0,2.95,0,2.95
0.4,10.4,0.00,0.00,0,2.95,0,27.52,0,2.95,0,2.95
0.8,10.4,0.00,0.00,0,2.95,0,27.52,0,2.95,0,2.95
0.4,10.4,0.00,0.00,0,2.95,0,27.52,0,2.95,0,2.95
0.6,10.4,0.00,0.00,0,2.95,0,27.52,0,2.95,0,2.95
0.2,10.4,0.00,0.00,0,2.95,0,27.52,0,2.95,0,2.95
0.4,10.4,0.00,0.00,0,2.95,0,27.52,0,2.95,0,2.95
0.4,10.4,0.00,0.00,0,2.95,0,27.52,0,2.95,0,2.95
0.0,10.4,0.00,0.00,0,2.95,0,27.52,0,2.95,0,2.95
0.2,10.4,0.00,0.00,0,2.95,0,27.52,0,2.95,0,2.95
0.0,10.4,0.00,0.00,0,2.95,0,27.52,0,2.95,0,2.95
0.2,10.4,0.00,0.00,0,2.95,0,27.52,0,2.95,0,2.95
2.1,10.4,0.00,0.00,0,2.95,0,27.52,0,2.95,0,2.95
0.4,10.4,0.00,0.00,0,2.95,0,27.52,0,2.95,0,2.95
0.0,10.4,0.00,0.00,0,2.95,0,27.52,0,2.95,0,2.95
0.4,10.4,0.00,0.00,0,2.95,0,27.52,0,2.95,0,2.95
0.2,10.4,0.00,0.00,0,2.95,0,27.52,0,2.95,0,2.95
0.0,10.4,0.00,0.00,0,2.95,0,27.52,0,2.95,0,2.95
0.6,10.4,0.00,0.00,0,2.95,0,27.52,0,2.95,0,2.95
0.4,10.4,0.00,0.00,0,2.95,0,27.52,0,2.95,0,2.95
0.4,10.4,0.00,0.00,0,2.95,0,27.52,0,2.95,0,2.95
0.2,10.4,0.00,0.00,0,2.95,0,27.52,0,2.95,0,2.95
0.2,10.4,0.00,0.00,0,2.95,0,27.52,0,2.95,0,2.95
0.2,10.4,0.00,0.00,0,2.95,0,27.52,0,2.95,0,2.95
0.2,10.4,0.00,0.00,0,2.95,0,27.52,0,2.95,0,2.95
0.2,10.4,0.00,0.00,0,2.95,0,27.52,0,2.95,0,2.95
0.2,10.4,0.00,0.00,0,2.95,0,27.52,0,2.95,0,2.95
0.2,10.4,0.00,0.00,0,2.95,0,27.52,0,2.95,0,2.95
0.6,10.4,0.00,0.00,0,2.95,0,27.52,0,2.95,0,2.95
0.4,10.4,0.00,0.00,0,2.95,0,27.52,0,2.95,0,2.95
0.6,10.4,0.00,0.00,0,2.95,0,27.52,0,2.95,0,2.95
0.2,10.4,0.00,0.00,0,2.95,0,27.52,0,2.95,0,2.95
0.2,10.4,0.00,0.00,0,2.95,0,27.52,0,2.95,0,2.95
1.9,10.4,0.00,0.00,0,2.95,0,27.52,0,2.95,0,2.95
0.2,10.4,0.00,0.00,0,2.95,0,27.52,0,2.95,0,2.95
0.0,10.4,0.00,0.00,0,2.95,0,27.52,0,2.95,0,2.95
0.2,10.4,0.00,0.00,0,2.95,0,27.52,0,2.95,0,2.95
0.4,10.4,0.00,0.00,0,2.95,0,27.52,0,2.95,0,2.95
0.2,10.4,0.00,0.00,0,2.95,0,27.52,0,2.95,0,2.95
0.4,10.4,0.00,0.00,0,2.95,0,27.52,0,2.95,0,2.95
0.4,10.4,0.00,0.00,0,2.95,0,27.52,0,2.95,0,2.95
0.6,10.4,0.00,0.00,0,2.95,0,27.52,0,2.95,0,2.95
0.4,10.4,0.00,0.00,0,2.95,0,27.52,0,2.95,0,2.95
1.0,10.4,0.00,0.00,0,2.95,0,27.52,0,2.95,0,2.95
0.4,10.4,0.00,0.00,0,2.95,0,27.52,0,2.95,0,2.95
0.2,10.4,0.00,0.00,0,2.95,0,27.52,0,2.95,0,2.95
0.4,10.4,0.00,0.00,0,2.95,0,27.52,0,2.95,0,2.95
0.4,10.4,0.00,0.00,0,2.95,0,27.52,0,2.95,0,2.95
0.4,10.4,0.00,0.00,0,2.95,0,27.52,0,2.95,0,2.95
0.2,10.4,0.00,0.00,0,2.95,0,27.52,0,2.95,0,2.95
0.0,10.4,0.00,0.00,0,2.95,0,27.52,0,2.95,0,2.95
0.0,10.4,0.00,0.00,0,2.95,0,27.52,0,2.95,0,2.95
0.4,10.4,0.00,0.00,0,2.95,0,27.52,0,2.95,0,2.95
0.4,10.4,0.00,0.00,0,2.95,0,27.52,0,2.95,0,2.95
2.3,10.4,0.00,0.00,0,2.95,0,27.52,0,2.95,0,2.95
0.4,10.4,0.00,0.00,0,2.95,0,27.52,0,2.95,0,2.95
0.2,10.4,0.00,0.00,0,2.95,0,27.52,0,2.95,0,2.95
0.2,10.4,0.00,0.00,0,2.95,0,27.52,0,2.95,0,2.95
0.8,10.4,0.00,0.00,0,2.95,0,27.52,0,2.95,0,2.95
0.4,10.4,0.00,0.00,0,2.95,0,27.52,0,2.95,0,2.95
0.6,10.4,0.00,0.00,0,2.95,0,27.52,0,2.95,0,2.95
0.4,10.4,0.00,0.00,0,2.95,0,27.52,0,2.95,0,2.95
0.6,10.4,0.00,0.00,0,2.95,0,27.52,0,2.95,0,2.95
0.2,10.4,0.00,0.00,0,2.95,0,27.52,0,2.95,0,2.95
0.0,10.4,0.00,0.00,0,2.95,0,27.52,0,2.95,0,2.95
1.2,10.4,0.00,0.00,0,2.95,0,27.52,0,2.95,0,2.95
0.4,10.4,0.00,0.00,0,2.95,0,27.52,0,2.95,0,2.95
0.2,10.4,0.00,0.00,0,2.95,0,27.52,0,2.95,0,2.95
0.2,10.4,0.00,0.00,0,2.95,0,27.52,0,2.95,0,2.95
0.4,10.4,0.00,0.00,0,2.95,0,27.52,0,2.95,0,2.95
0.0,10.4,0.00,0.00,0,2.95,0,27.52,0,2.95,0,2.95
0.2,10.4,0.00,0.00,0,2.95,0,27.52,0,2.95,0,2.95
0.4,10.4,0.00,0.00,0,2.95,0,27.52,0,2.95,0,2.95
0.2,10.4,0.00,0.00,0,2.95,0,27.52,0,2.95,0,2.95
0.6,10.4,0.00,0.00,0,2.95,0,27.52,0,2.95,0,2.95
1.9,10.4,0.00,0.00,0,2.95,0,27.52,0,2.95,0,2.95
0.6,10.4,0.00,0.00,0,2.95,0,27.52,0,2.95,0,2.95
0.2,10.4,0.00,0.00,0,2.95,0,27.52,0,2.95,0,2.95
0.4,10.4,0.00,0.00,0,2.95,0,27.52,0,2.95,0,2.95
0.0,10.4,0.00,0.00,0,2.95,0,27.52,0,2.95,0,2.95
0.4,10.4,0.00,0.00,0,2.95,0,27.52,0,2.95,0,2.95
0.6,10.4,0.00,0.00,0,2.95,0,27.52,0,2.95,0,2.95
0.2,10.4,0.00,0.00,0,2.95,0,27.52,0,2.95,0,2.95
0.4,10.4,0.00,0.00,0,2.95,0,27.52,0,2.95,0,2.95
0.2,10.4,0.00,0.00,0,2.95,0,27.52,0,2.95,0,2.95
0.4,10.4,0.00,0.00,0,2.95,0,27.52,0,2.95,0,2.95
0.4,10.4,0.00,0.00,0,2.95,0,27.52,0,2.95,0,2.95
0.2,10.4,0.00,0.00,0,2.95,0,27.52,0,2.95,0,2.95
0.4,10.4,0.00,0.00,0,2.95,0,27.52,0,2.95,0,2.95
0.0,10.4,0.00,0.00,0,2.95,0,27.52,0,2.95,0,2.95
0.6,10.4,0.00,0.00,0,2.95,0,27.52,0,2.95,0,2.95
0.4,10.4,0.00,0.00,0,2.95,0,27.52,0,2.95,0,2.95
0.2,10.4,0.00,0.00,0,2.95,0,27.52,0,2.95,0,2.95
0.4,10.4,0.00,0.00,0,2.95,0,27.52,0,2.95,0,2.95
0.2,10.4,0.00,0.00,0,2.95,0,27.52,0,2.95,0,2.95
0.4,10.4,0.00,0.00,0,2.95,0,27.52,0,2.95,0,2.95
2.3,10.4,0.00,0.00,0,2.95,0,27.52,0,2.95,0,2.95
0.8,10.4,0.00,0.00,0,2.95,0,27.52,0,2.95,0,2.95
0.4,10.4,0.00,0.00,0,2.95,0,27.52,0,2.95,0,2.95
0.2,10.4,0.00,0.00,0,2.95,0,27.52,0,2.95,0,2.95
0.2,10.4,0.00,0.00,0,2.95,0,27.52,0,2.95,0,2.95
0.4,10.4,0.00,0.00,0,2.95,0,27.52,0,2.95,0,2.95
0.2,10.4,0.00,0.00,0,2.95,0,27.52,0,2.95,0,2.95
0.0,10.4,0.00,0.00,0,2.95,0,27.52,0,2.95,0,2.95
0.2,10.4,0.00,0.00,0,2.95,0,27.52,0,2.95,0,2.95
0.2,10.4,0.00,0.00,0,2.95,0,27.52,0,2.95,0,2.95
0.2,10.4,0.00,0.00,0,2.95,0,27.52,0,2.95,0,2.95
1.0,10.4,0.00,0.00,0,2.95,0,27.52,0,2.95,0,2.95
0.0,10.4,0.00,0.00,0,2.95,0,27.52,0,2.95,0,2.95
0.4,10.4,0.00,0.00,0,2.95,0,27.52,0,2.95,0,2.95
0.2,10.4,0.00,0.00,0,2.95,0,27.52,0,2.95,0,2.95
0.6,10.4,0.00,0.00,0,2.95,0,27.52,0,2.95,0,2.95
0.0,10.4,0.00,0.00,0,2.95,0,27.52,0,2.95,0,2.95
0.2,10.4,0.00,0.00,0,2.95,0,27.52,0,2.95,0,2.95
0.4,10.4,0.00,0.00,0,2.95,0,27.52,0,2.95,0,2.95
0.2,10.4,0.00,0.00,0,2.95,0,27.52,0,2.95,0,2.95
0.4,10.4,0.00,0.00,0,2.95,0,27.52,0,2.95,0,2.95
2.3,10.4,0.00,0.00,0,2.95,0,27.52,0,2.95,0,2.95
0.6,10.4,0.00,0.00,0,2.95,0,27.52,0,2.95,0,2.95
0.2,10.4,0.00,0.00,0,2.95,0,27.52,0,2.95,0,2.95
0.0,10.4,0.00,0.00,0,2.95,0,27.52,0,2.95,0,2.95
0.2,10.4,0.00,0.00,0,2.95,0,27.52,0,2.95,0,2.95
0.2,10.4,0.00,0.00,0,2.95,0,27.52,0,2.95,0,2.95
0.6,10.4,0.00,0.00,0,2.95,0,27.52,0,2.95,0,2.95
0.4,10.4,0.00,0.00,0,2.95,0,27.52,0,2.95,0,2.95
0.4,10.4,0.00,0.00,0,2.95,0,27.52,0,2.95,0,2.95
0.0,10.4,0.00,0.00,0,2.95,0,27.52,0,2.95,0,2.95
0.4,10.4,0.00,0.00,0,2.95,0,27.52,0,2.95,0,2.95
0.0,10.4,0.00,0.00,0,2.95,0,27.52,0,2.95,0,2.95
0.4,10.4,0.00,0.00,0,2.95,0,27.52,0,2.95,0,2.95
0.2,10.4,0.00,0.00,0,2.95,0,27.52,0,2.95,0,2.95
0.2,10.4,0.00,0.00,0,2.95,0,27.52,0,2.95,0,2.95
0.4,10.4,0.00,0.00,0,2.95,0,27.52,0,2.95,0,2.95
0.2,10.4,0.00,0.00,0,2.95,0,27.52,0,2.95,0,2.95
0.4,10.4,0.00,0.00,0,2.95,0,27.52,0,2.95,0,2.95
0.2,10.4,0.00,0.00,0,2.95,0,27.52,0,2.95,0,2.95
0.0,10.4,0.00,0.00,0,2.95,0,27.52,0,2.95,0,2.95
0.0,10.4,0.00,0.00,0,2.95,0,27.52,0,2.95,0,2.95
1.7,10.4,0.00,0.00,0,2.95,0,27.52,0,2.95,0,2.95
0.6,10.4,0.00,0.00,0,2.95,0,27.52,0,2.95,0,2.95
0.0,10.4,0.00,0.00,0,2.95,0,27.52,0,2.95,0,2.95
0.4,10.4,0.00,0.00,0,2.95,0,27.52,0,2.95,0,2.95
0.0,10.4,0.00,0.00,0,2.95,0,27.52,0,2.95,0,2.95
0.2,10.4,0.00,0.00,0,2.95,0,27.52,0,2.95,0,2.95
0.0,10.4,0.00,0.00,0,2.95,0,27.52,0,2.95,0,2.95
0.4,10.4,0.00,0.00,0,2.95,0,27.52,0,2.95,0,2.95
0.6,10.4,0.00,0.00,0,2.95,0,27.52,0,2.95,0,2.95
0.2,10.4,0.00,0.00,0,2.95,0,27.52,0,2.95,0,2.95
1.0,10.4,0.00,0.00,0,2.95,0,27.52,0,2.95,0,2.95
0.2,10.4,0.00,0.00,0,2.95,0,27.52,0,2.95,0,2.95
0.0,10.4,0.00,0.00,0,2.95,0,27.52,0,2.95,0,2.95
0.2,10.4,0.00,0.00,0,2.95,0,27.52,0,2.95,0,2.95
0.4,10.4,0.00,0.00,0,2.95,0,27.52,0,2.95,0,2.95
0.4,10.4,0.00,0.00,0,2.95,0,27.52,0,2.95,0,2.95
0.6,10.4,0.00,0.00,0,2.95,0,27.52,0,2.95,0,2.95
0.0,10.4,0.00,0.00,0,2.95,0,27.52,0,2.95,0,2.95
0.2,10.4,0.00,0.00,0,2.95,0,27.52,0,2.95,0,2.95
0.0,10.4,0.00,0.00,0,2.95,0,27.52,0,2.95,0,2.95
0.4,10.4,0.00,0.00,0,2.95,0,27.52,0,2.95,0,2.95
1.7,10.4,0.00,0.00,0,2.95,0,27.52,0,2.95,0,2.95
0.6,10.4,0.00,0.00,0,2.95,0,27.52,0,2.95,0,2.95
0.0,10.4,0.00,0.00,0,2.95,0,27.52,0,2.95,0,2.95
0.2,10.4,0.00,0.00,0,2.95,0,27.52,0,2.95,0,2.95
0.0,10.4,0.00,0.00,0,2.95,0,27.52,0,2.95,0,2.95
0.4,10.4,0.00,0.00,0,2.95,0,27.52,0,2.95,0,2.95
0.2,10.4,0.00,0.00,0,2.95,0,27.52,0,2.95,0,2.95
0.4,10.4,0.00,0.00,0,2.95,0,27.52,0,2.95,0,2.95
0.2,10.4,0.00,0.00,0,2.95,0,27.52,0,2.95,0,2.95
0.2,10.4,0.00,0.00,0,2.95,0,27.52,0,2.95,0,2.95
1.9,10.4,0.00,0.00,0,2.95,0,27.52,0,2.95,0,2.95
0.4,10.4,0.00,0.00,0,2.95,0,27.52,0,2.95,0,2.95
0.2,10.4,0.00,0.00,0,2.95,0,27.52,0,2.95,0,2.95
0.4,10.4,0.00,0.00,0,2.95,0,27.52,0,2.95,0,2.95
0.2,10.4,0.00,0.00,0,2.95,0,27.52,0,2.95,0,2.95
0.0,10.4,0.00,0.00,0,2.95,0,27.52,0,2.95,0,2.95
0.8,10.4,0.00,0.00,0,2.95,0,27.52,0,2.95,0,2.95
0.0,10.4,0.00,0.00,0,2.95,0,27.52,0,2.95,0,2.95
0.6,10.4,0.00,0.00,0,2.95,0,27.52,0,2.95,0,2.95
0.4,10.4,0.00,0.00,0,2.95,0,27.52,0,2.95,0,2.95
0.8,10.4,0.00,0.00,0,2.95,0,27.52,0,2.95,0,2.95
0.4,10.4,0.00,0.00,0,2.95,0,27.52,0,2.95,0,2.95
0.2,10.4,0.00,0.00,0,2.95,0,27.52,0,2.95,0,2.95
0.2,10.4,0.00,0.00,0,2.95,0,27.52,0,2.95,0,2.95
0.6,10.4,0.00,0.00,0,2.95,0,27.52,0,2.95,0,2.95
0.4,10.4,0.00,0.00,0,2.95,0,27.52,0,2.95,0,2.95
0.6,10.4,0.00,0.00,0,2.95,0,27.52,0,2.95,0,2.95
0.0,10.4,0.00,0.00,0,2.95,0,27.52,0,2.95,0,2.95
0.2,10.4,0.00,0.00,0,2.95,0,27.52,0,2.95,0,2.95
0.6,10.4,0.00,0.00,0,2.95,0,27.52,0,2.95,0,2.95
0.4,10.4,0.00,0.00,0,2.95,0,27.52,0,2.95,0,2.95
2.5,10.4,0.00,0.00,0,2.95,0,27.52,0,2.95,0,2.95
0.4,10.4,0.00,0.00,0,2.95,0,27.52,0,2.95,0,2.95
0.2,10.4,0.00,0.00,0,2.95,0,27.52,0,2.95,0,2.95
0.6,10.4,0.00,0.00,0,2.95,0,27.52,0,2.95,0,2.95
0.2,10.4,0.00,0.00,0,2.95,0,27.52,0,2.95,0,2.95
0.0,10.4,0.00,0.00,0,2.95,0,27.52,0,2.95,0,2.95
0.2,10.5,0.00,0.00,0,2.95,0,27.52,0,2.95,0,2.95
0.4,10.5,0.00,0.00,0,2.95,0,27.52,0,2.95,0,2.95
0.2,10.5,0.00,0.00,0,2.95,0,27.52,0,2.95,0,2.95
0.2,10.5,0.00,0.00,0,2.95,0,27.52,0,2.95,0,2.95
0.8,10.5,0.00,0.00,0,2.95,0,27.52,0,2.95,0,2.95
0.2,10.5,0.00,0.00,0,2.95,0,27.52,0,2.95,0,2.95
0.0,10.5,0.00,0.00,0,2.95,0,27.52,0,2.95,0,2.95
0.0,10.5,0.00,0.00,0,2.95,0,27.52,0,2.95,0,2.95
0.4,10.4,0.00,0.00,0,2.95,0,27.52,0,2.95,0,2.95
0.2,10.4,0.00,0.00,0,2.95,0,27.52,0,2.95,0,2.95
0.2,10.4,0.00,0.00,0,2.95,0,27.52,0,2.95,0,2.95
0.2,10.4,0.00,0.00,0,2.95,0,27.52,0,2.95,0,2.95
0.2,10.4,0.00,0.00,0,2.95,0,27.52,0,2.95,0,2.95
0.0,10.4,0.00,0.00,0,2.95,0,27.52,0,2.95,0,2.95
0.4,10.4,0.00,0.00,0,2.95,0,27.52,0,2.95,0,2.95
1.9,10.4,0.00,0.00,0,2.95,0,27.52,0,2.95,0,2.95
0.6,10.4,0.00,0.00,0,2.95,0,27.52,0,2.95,0,2.95
0.4,10.4,0.00,0.00,0,2.95,0,27.52,0,2.95,0,2.95
0.4,10.4,0.00,0.00,0,2.95,0,27.52,0,2.95,0,2.95
0.2,10.4,0.00,0.00,0,2.95,0,27.52,0,2.95,0,2.95
0.0,10.4,0.00,0.00,0,2.95,0,27.52,0,2.95,0,2.95
0.2,10.4,0.00,0.00,0,2.95,0,27.52,0,2.95,0,2.95
0.2,10.4,0.00,0.00,0,2.95,0,27.52,0,2.95,0,2.95
0.2,10.4,0.00,0.00,0,2.95,0,27.52,0,2.95,0,2.95
0.4,10.4,0.00,0.00,0,2.95,0,27.52,0,2.95,0,2.95
1.7,10.5,0.00,0.00,0,2.95,0,27.52,0,2.95,0,2.95
0.6,10.5,0.00,0.00,0,2.95,0,27.52,0,2.95,0,2.95
0.0,10.5,0.00,0.00,0,2.95,0,27.52,0,2.95,0,2.95
0.2,10.5,0.00,0.00,0,2.95,0,27.52,0,2.95,0,2.95
0.4,10.5,0.00,0.00,0,2.95,0,27.52,0,2.95,0,2.95
0.2,10.5,0.00,0.00,0,2.95,0,27.52,0,2.95,0,2.95
0.4,10.5,0.00,0.00,0,2.95,0,27.52,0,2.95,0,2.95
0.0,10.5,0.00,0.00,0,2.95,0,27.52,0,2.95,0,2.95
0.4,10.4,0.00,0.00,0,2.95,0,27.52,0,2.95,0,2.95
0.0,10.4,0.00,0.00,0,2.95,0,27.52,0,2.95,0,2.95
0.4,10.4,0.00,0.00,0,2.95,0,27.52,0,2.95,0,2.95
0.0,10.4,0.00,0.00,0,2.95,0,27.52,0,2.95,0,2.95
0.4,10.4,0.00,0.00,0,2.95,0,27.52,0,2.95,0,2.95
0.4,10.4,0.00,0.00,0,2.95,0,27.52,0,2.95,0,2.95
0.4,10.4,0.00,0.00,0,2.95,0,27.52,0,2.95,0,2.95
0.4,10.4,0.00,0.00,0,2.95,0,27.52,0,2.95,0,2.95
0.2,10.4,0.00,0.00,0,2.95,0,27.52,0,2.95,0,2.95
0.6,10.4,0.00,0.00,0,2.95,0,27.52,0,2.95,0,2.95
0.4,10.4,0.00,0.00,0,2.95,0,27.52,0,2.95,0,2.95
0.0,10.4,0.00,0.00,0,2.95,0,27.52,0,2.95,0,2.95
0.2,10.4,0.00,0.00,0,2.95,0,27.52,0,2.95,0,2.95
2.5,10.4,0.00,0.00,0,2.95,0,27.52,0,2.95,0,2.95
0.4,10.4,0.00,0.00,0,2.95,0,27.52,0,2.95,0,2.95
0.4,10.4,0.00,0.00,0,2.95,0,27.52,0,2.95,0,2.95
0.2,10.4,0.00,0.00,0,2.95,0,27.52,0,2.95,0,2.95
0.4,10.4,0.00,0.00,0,2.95,0,27.52,0,2.95,0,2.95
0.4,10.4,0.00,0.00,0,2.95,0,27.52,0,2.95,0,2.95
0.2,10.4,0.00,0.00,0,2.95,0,27.52,0,2.95,0,2.95
0.2,10.4,0.00,0.00,0,2.95,0,27.52,0,2.95,0,2.95
0.6,10.4,0.00,0.00,0,2.95,0,27.52,0,2.95,0,2.95
0.2,10.4,0.00,0.00,0,2.95,0,27.52,0,2.95,0,2.95
0.6,10.4,0.00,0.00,0,2.95,0,27.52,0,2.95,0,2.95
1.2,10.4,0.00,0.00,0,2.95,0,27.52,0,2.95,0,2.95
0.2,10.4,0.00,0.00,0,2.95,0,27.52,0,2.95,0,2.95
0.2,10.4,0.00,0.00,0,2.95,0,27.52,0,2.95,0,2.95
0.6,10.4,0.00,0.00,0,2.95,0,27.52,0,2.95,0,2.95
0.4,10.4,0.00,0.00,0,2.95,0,27.52,0,2.95,0,2.95
0.4,10.4,0.00,0.00,0,2.95,0,27.52,0,2.95,0,2.95
0.4,10.4,0.00,0.00,0,2.95,0,27.52,0,2.95,0,2.95
0.2,10.4,0.00,0.00,0,2.95,0,27.52,0,2.95,0,2.95
0.2,10.4,0.00,0.00,0,2.95,0,27.52,0,2.95,0,2.95
0.0,10.4,0.00,0.00,0,2.95,0,27.52,0,2.95,0,2.95
2.5,10.4,0.00,0.00,0,2.95,0,27.52,0,2.95,0,2.95
0.4,10.4,0.00,0.00,0,2.95,0,27.52,0,2.95,0,2.95
0.2,10.4,0.00,0.00,0,2.95,0,27.52,0,2.95,0,2.95
0.4,10.4,0.00,0.00,0,2.95,0,27.52,0,2.95,0,2.95
0.2,10.4,0.00,0.00,0,2.95,0,27.52,0,2.95,0,2.95
0.4,10.4,0.00,0.00,0,2.95,0,27.52,0,2.95,0,2.95
0.0,10.4,0.00,0.00,0,2.95,0,27.52,0,2.95,0,2.95
0.0,10.4,0.00,0.00,0,2.95,0,27.52,0,2.95,0,2.95
0.4,10.4,0.00,0.00,0,2.95,0,27.52,0,2.95,0,2.95
0.6,10.4,0.00,0.00,0,2.95,0,27.52,0,2.95,0,2.95
0.8,10.4,0.00,0.00,0,2.95,0,27.52,0,2.95,0,2.95
0.2,10.4,0.00,0.00,0,2.95,0,27.52,0,2.95,0,2.95
0.4,10.4,0.00,0.00,0,2.95,0,27.52,0,2.95,0,2.95
0.4,10.4,0.00,0.00,0,2.95,0,27.52,0,2.95,0,2.95
0.0,10.4,0.00,0.00,0,2.95,0,27.52,0,2.95,0,2.95
0.4,10.4,0.00,0.00,0,2.95,0,27.52,0,2.95,0,2.95
0.2,10.4,0.00,0.00,0,2.95,0,27.52,0,2.95,0,2.95
0.2,10.4,0.00,0.00,0,2.95,0,27.52,0,2.95,0,2.95
0.2,10.4,0.00,0.00,0,2.95,0,27.52,0,2.95,0,2.95
0.4,10.4,0.00,0.00,0,2.95,0,27.52,0,2.95,0,2.95
0.2,10.4,0.00,0.00,0,2.95,0,27.52,0,2.95,0,2.95
1.7,10.4,0.00,0.00,0,2.95,0,27.52,0,2.95,0,2.95
0.6,10.4,0.00,0.00,0,2.95,0,27.52,0,2.95,0,2.95
0.2,10.4,0.00,0.00,0,2.95,0,27.52,0,2.95,0,2.95
0.0,10.4,0.00,0.00,0,2.95,0,27.52,0,2.95,0,2.95
0.4,10.4,0.00,0.00,0,2.95,0,27.52,0,2.95,0,2.95
0.0,10.4,0.00,0.00,0,2.95,0,27.52,0,2.95,0,2.95
0.2,10.4,0.00,0.00,0,2.95,0,27.52,0,2.95,0,2.95
0.6,10.4,0.00,0.00,0,2.95,0,27.52,0,2.95,0,2.95
0.4,10.4,0.00,0.00,0,2.95,0,27.52,0,2.95,0,2.95
0.2,10.4,0.00,0.00,0,2.95,0,27.52,0,2.95,0,2.95
1.3,10.4,0.00,0.00,0,2.95,0,27.52,0,2.95,0,2.95
0.4,10.4,0.00,0.00,0,2.95,0,27.52,0,2.95,0,2.95
0.0,10.4,0.00,0.00,0,2.95,0,27.52,0,2.95,0,2.95
0.6,10.4,0.00,0.00,0,2.95,0,27.52,0,2.95,0,2.95
0.6,10.4,0.00,0.00,0,2.95,0,27.52,0,2.95,0,2.95
0.8,10.4,0.00,0.00,0,2.95,0,27.52,0,2.95,0,2.95
0.2,10.4,0.00,0.00,0,2.95,0,27.52,0,2.95,0,2.95
0.2,10.4,0.00,0.00,0,2.95,0,27.52,0,2.95,0,2.95
0.2,10.4,0.00,0.00,0,2.95,0,27.52,0,2.95,0,2.95
0.4,10.4,0.00,0.00,0,2.95,0,27.52,0,2.95,0,2.95
0.0,10.4,0.00,0.00,0,2.95,0,27.52,0,2.95,0,2.95
0.8,10.4,0.00,0.00,0,2.95,0,27.52,0,2.95,0,2.95
0.2,10.4,0.00,0.00,0,2.95,0,27.52,0,2.95,0,2.95
0.0,10.4,0.00,0.00,0,2.95,0,27.52,0,2.95,0,2.95
0.6,10.4,0.00,0.00,0,2.95,0,27.52,0,2.95,0,2.95
0.0,10.4,0.00,0.00,0,2.95,0,27.52,0,2.95,0,2.95
0.0,10.4,0.00,0.00,0,2.95,0,27.52,0,2.95,0,2.95
0.4,10.4,0.00,0.00,0,2.95,0,27.52,0,2.95,0,2.95
0.2,10.4,0.00,0.00,0,2.95,0,27.52,0,2.95,0,2.95
0.2,10.4,0.00,0.00,0,2.95,0,27.52,0,2.95,0,2.95
0.4,10.4,0.00,0.00,0,2.95,0,27.52,0,2.95,0,2.95
2.5,10.4,0.00,0.00,0,2.95,0,27.52,0,2.95,0,2.95
0.2,10.4,0.00,0.00,0,2.95,0,27.52,0,2.95,0,2.95
0.2,10.4,0.00,0.00,0,2.95,0,27.52,0,2.95,0,2.95
0.2,10.4,0.00,0.00,0,2.95,0,27.52,0,2.95,0,2.95
0.2,10.4,0.00,0.00,0,2.95,0,27.52,0,2.95,0,2.95
0.0,10.4,0.00,0.00,0,2.95,0,27.52,0,2.95,0,2.95
0.0,10.4,0.00,0.00,0,2.95,0,27.52,0,2.95,0,2.95
0.6,10.4,0.00,0.00,0,2.95,0,27.52,0,2.95,0,2.95
0.4,10.4,0.00,0.00,0,2.95,0,27.52,0,2.95,0,2.95
0.6,10.4,0.00,0.00,0,2.95,0,27.52,0,2.95,0,2.95
0.4,10.4,0.00,0.00,0,2.95,0,27.52,0,2.95,0,2.95
0.6,10.4,0.00,0.00,0,2.95,0,27.52,0,2.95,0,2.95
0.2,10.4,0.00,0.00,0,2.95,0,27.52,0,2.95,0,2.95
0.0,10.4,0.00,0.00,0,2.95,0,27.52,0,2.95,0,2.95
0.2,10.4,0.00,0.00,0,2.95,0,27.52,0,2.95,0,2.95
0.4,10.4,0.00,0.00,0,2.95,0,27.52,0,2.95,0,2.95
0.2,10.4,0.00,0.00,0,2.95,0,27.52,0,2.95,0,2.95
0.4,10.4,0.00,0.00,0,2.95,0,27.52,0,2.95,0,2.95
0.6,10.5,0.00,0.00,0,2.95,0,27.52,0,2.95,0,2.95
0.0,10.5,0.00,0.00,0,2.95,0,27.52,0,2.95,0,2.95
0.6,10.5,0.00,0.00,0,2.95,0,27.52,0,2.95,0,2.95
2.5,10.5,0.00,0.00,0,2.95,0,27.52,0,2.95,0,2.95
0.4,10.5,0.00,0.00,0,2.95,0,27.52,0,2.95,0,2.95
0.8,10.5,0.00,0.00,0,2.95,0,27.52,0,2.95,0,2.95
0.2,10.4,0.00,0.00,0,2.95,0,27.52,0,2.95,0,2.95
0.0,10.4,0.00,0.00,0,2.95,0,27.52,0,2.95,0,2.95
0.0,10.4,0.00,0.00,0,2.95,0,27.52,0,2.95,0,2.95
0.2,10.4,0.00,0.00,0,2.95,0,27.52,0,2.95,0,2.95
0.4,10.4,0.00,0.00,0,2.95,0,27.52,0,2.95,0,2.95
0.0,10.4,0.00,0.00,0,2.95,0,27.52,0,2.95,0,2.95
0.2,10.4,0.00,0.00,0,2.95,0,27.52,0,2.95,0,2.95
0.4,10.4,0.00,0.00,0,2.95,0,27.52,0,2.95,0,2.95
0.4,10.4,0.00,0.00,0,2.95,0,27.52,0,2.95,0,2.95
0.2,10.4,0.00,0.00,0,2.95,0,27.52,0,2.95,0,2.95
0.2,10.4,0.00,0.00,0,2.95,0,27.52,0,2.95,0,2.95
0.6,10.4,0.00,0.00,0,2.95,0,27.52,0,2.95,0,2.95
0.2,10.4,0.00,0.00,0,2.95,0,27.52,0,2.95,0,2.95
0.2,10.4,0.00,0.00,0,2.95,0,27.52,0,2.95,0,2.95
0.2,10.4,0.00,0.00,0,2.95,0,27.52,0,2.95,0,2.95
0.4,10.5,0.00,0.00,0,2.95,0,27.52,0,2.95,0,2.95
0.4,10.4,0.00,0.00,0,2.95,0,27.52,0,2.95,0,2.95
0.2,10.4,0.00,0.00,0,2.95,0,27.52,0,2.95,0,2.95
2.1,10.4,0.00,0.00,0,2.95,0,27.52,0,2.95,0,2.95
0.6,10.4,0.00,0.00,0,2.95,0,27.52,0,2.95,0,2.95
0.4,10.4,0.00,0.00,0,2.95,0,27.52,0,2.95,0,2.95
0.4,10.4,0.00,0.00,0,2.95,0,27.52,0,2.95,0,2.95
0.0,10.4,0.00,0.00,0,2.95,0,27.52,0,2.95,0,2.95
0.4,10.4,0.00,0.00,0,2.95,0,27.52,0,2.95,0,2.95
0.4,10.4,0.00,0.00,0,2.95,0,27.52,0,2.95,0,2.95
0.2,10.4,0.00,0.00,0,2.95,0,27.52,0,2.95,0,2.95
0.4,10.4,0.00,0.00,0,2.95,0,27.52,0,2.95,0,2.95
0.0,10.4,0.00,0.00,0,2.95,0,27.52,0,2.95,0,2.95
0.4,10.4,0.00,0.00,0,2.95,0,27.52,0,2.95,0,2.95
0.4,10.4,0.00,0.00,0,2.95,0,27.52,0,2.95,0,2.95
0.4,10.4,0.00,0.00,0,2.95,0,27.52,0,2.95,0,2.95
0.0,10.4,0.00,0.00,0,2.95,0,27.52,0,2.95,0,2.95
0.4,10.4,0.00,0.00,0,2.95,0,27.52,0,2.95,0,2.95
0.0,10.4,0.00,0.00,0,2.95,0,27.52,0,2.95,0,2.95
0.2,10.4,0.00,0.00,0,2.95,0,27.52,0,2.95,0,2.95
0.2,10.4,0.00,0.00,0,2.95,0,27.52,0,2.95,0,2.95
0.2,10.4,0.00,0.00,0,2.95,0,27.52,0,2.95,0,2.95
0.4,10.4,0.00,0.00,0,2.95,0,27.52,0,2.95,0,2.95
0.6,10.4,0.00,0.00,0,2.95,0,27.52,0,2.95,0,2.95
1.9,10.4,0.00,0.00,0,2.95,0,27.52,0,2.95,0,2.95
0.2,10.5,0.00,0.00,0,2.95,0,27.52,0,2.95,0,2.95
0.2,10.5,0.00,0.00,0,2.95,0,27.52,0,2.95,0,2.95
0.4,10.4,0.00,0.00,0,2.95,0,27.52,0,2.95,0,2.95
0.2,10.4,0.00,0.00,0,2.95,0,27.52,0,2.95,0,2.95
0.4,10.4,0.00,0.00,0,2.95,0,27.52,0,2.95,0,2.95
0.4,10.4,0.00,0.00,0,2.95,0,27.52,0,2.95,0,2.95
0.2,10.4,0.00,0.00,0,2.95,0,27.52,0,2.95,0,2.95
0.2,10.4,0.00,0.00,0,2.95,0,27.52,0,2.95,0,2.95
0.2,10.4,0.00,0.00,0,2.95,0,27.52,0,2.95,0,2.95
0.6,10.4,0.00,0.00,0,2.95,0,27.52,0,2.95,0,2.95
0.2,10.4,0.00,0.00,0,2.95,0,27.52,0,2.95,0,2.95
0.2,10.4,0.00,0.00,0,2.95,0,27.52,0,2.95,0,2.95
0.4,10.4,0.00,0.00,0,2.95,0,27.52,0,2.95,0,2.95
0.4,10.4,0.00,0.00,0,2.95,0,27.52,0,2.95,0,2.95
0.0,10.4,0.00,0.00,0,2.95,0,27.52,0,2.95,0,2.95
0.0,10.4,0.00,0.00,0,2.95,0,27.52,0,2.95,0,2.95
0.2,10.4,0.00,0.00,0,2.95,0,27.52,0,2.95,0,2.95
0.2,10.4,0.00,0.00,0,2.95,0,27.52,0,2.95,0,2.95
0.2,10.4,0.00,0.00,0,2.95,0,27.52,0,2.95,0,2.95
0.0,10.4,0.00,0.00,0,2.95,0,27.52,0,2.95,0,2.95
2.7,10.4,0.00,0.00,0,2.95,0,27.52,0,2.95,0,2.95
0.2,10.4,0.00,0.00,0,2.95,0,27.52,0,2.95,0,2.95
0.2,10.4,0.00,0.00,0,2.95,0,27.52,0,2.95,0,2.95
0.4,10.4,0.00,0.00,0,2.95,0,27.52,0,2.95,0,2.95
0.2,10.4,0.00,0.00,0,2.95,0,27.52,0,2.95,0,2.95
0.2,10.4,0.00,0.00,0,2.95,0,27.52,0,2.95,0,2.95
0.0,10.4,0.00,0.00,0,2.95,0,27.52,0,2.95,0,2.95
0.4,10.4,0.00,0.00,0,2.95,0,27.52,0,2.95,0,2.95
0.4,10.4,0.00,0.00,0,2.95,0,27.52,0,2.95,0,2.95
0.0,10.4,0.00,0.00,0,2.95,0,27.52,0,2.95,0,2.95
0.4,10.4,0.00,0.00,0,2.95,0,27.52,0,2.95,0,2.95
0.2,10.4,0.00,0.00,0,2.95,0,27.52,0,2.95,0,2.95
0.2,10.5,0.00,0.00,0,2.95,0,27.52,0,2.95,0,2.95
0.2,10.5,0.00,0.00,0,2.95,0,27.52,0,2.95,0,2.95
0.4,10.5,0.00,0.00,0,2.95,0,27.52,0,2.95,0,2.95
0.2,10.5,0.00,0.00,0,2.95,0,27.52,0,2.95,0,2.95
0.2,10.5,0.00,0.00,0,2.95,0,27.52,0,2.95,0,2.95
0.2,10.5,0.00,0.00,0,2.95,0,27.52,0,2.95,0,2.95
0.2,10.5,0.00,0.00,0,2.95,0,27.52,0,2.95,0,2.95
0.2,10.5,0.00,0.00,0,2.95,0,27.52,0,2.95,0,2.95
0.2,10.5,0.00,0.00,0,2.95,0,27.52,0,2.95,0,2.95
2.7,10.5,0.00,0.00,0,2.95,0,27.52,0,2.95,0,2.95
0.2,10.5,0.00,0.00,0,2.95,0,27.52,0,2.95,0,2.95
0.0,10.5,0.00,0.00,0,2.95,0,27.52,0,2.95,0,2.95
1.2,10.5,0.00,0.00,0,2.95,0,27.52,0,2.95,0,2.95
0.4,10.5,0.00,0.00,0,2.95,0,27.52,0,2.95,0,2.95
0.2,10.5,0.00,0.00,0,2.95,0,27.52,0,2.95,0,2.95
0.4,10.5,0.00,0.00,0,2.95,0,27.52,0,2.95,0,2.95
0.6,10.5,0.00,0.00,0,2.95,0,27.52,0,2.95,0,2.95
0.4,10.5,0.00,0.00,0,2.95,0,27.52,0,2.95,0,2.95
0.6,10.5,0.00,0.00,0,2.95,0,27.52,0,2.95,0,2.95
0.6,10.5,0.00,0.00,0,2.95,0,27.52,0,2.95,0,2.95
0.6,10.5,0.00,0.00,0,2.95,0,27.52,0,2.95,0,2.95
0.2,10.5,0.00,0.00,0,2.95,0,27.52,0,2.95,0,2.95
0.0,10.5,0.00,0.00,0,2.95,0,27.52,0,2.95,0,2.95
0.2,10.5,0.00,0.00,0,2.95,0,27.52,0,2.95,0,2.95
0.4,10.5,0.00,0.00,0,2.95,0,27.52,0,2.95,0,2.95
0.0,10.5,0.00,0.00,0,2.95,0,27.52,0,2.95,0,2.95
0.2,10.5,0.00,0.00,0,2.95,0,27.52,0,2.95,0,2.95
0.2,10.5,0.00,0.00,0,2.95,0,27.52,0,2.95,0,2.95
0.4,10.5,0.00,0.00,0,2.95,0,27.52,0,2.95,0,2.95
0.2,10.5,0.00,0.00,0,2.95,0,27.52,0,2.95,0,2.95
2.5,10.5,0.00,0.00,0,2.95,0,27.52,0,2.95,0,2.95
0.4,10.5,0.00,0.00,0,2.95,0,27.52,0,2.95,0,2.95
0.6,10.5,0.00,0.00,0,2.95,0,27.52,0,2.95,0,2.95
0.4,10.5,0.00,0.00,0,2.95,0,27.52,0,2.95,0,2.95
0.4,10.5,0.00,0.00,0,2.95,0,27.52,0,2.95,0,2.95
0.4,10.5,0.00,0.00,0,2.95,0,27.52,0,2.95,0,2.95
0.2,10.5,0.00,0.00,0,2.95,0,27.52,0,2.95,0,2.95
0.4,10.5,0.00,0.00,0,2.95,0,27.52,0,2.95,0,2.95
0.2,10.5,0.00,0.00,0,2.95,0,27.52,0,2.95,0,2.95
0.4,10.5,0.00,0.00,0,2.95,0,27.52,0,2.95,0,2.95
1.0,10.5,0.00,0.00,0,2.95,0,27.52,0,2.95,0,2.95
0.2,10.5,0.00,0.00,0,2.95,0,27.52,0,2.95,0,2.95
0.6,10.5,0.00,0.00,0,2.95,0,27.52,0,2.95,0,2.95
0.6,10.5,0.00,0.00,0,2.95,0,27.52,0,2.95,0,2.95
0.6,10.5,0.00,0.00,0,2.95,0,27.52,0,2.95,0,2.95
0.2,10.5,0.00,0.00,0,2.95,0,27.52,0,2.95,0,2.95
0.8,10.5,0.00,0.00,0,2.95,0,27.52,0,2.95,0,2.95
0.2,10.5,0.00,0.00,0,2.95,0,27.52,0,2.95,0,2.95
0.2,10.5,0.00,0.00,0,2.95,0,27.52,0,2.95,0,2.95
0.2,10.5,0.00,0.00,0,2.95,0,27.52,0,2.95,0,2.95
0.4,10.5,0.00,0.00,0,2.95,0,27.52,0,2.95,0,2.95
2.3,10.5,0.00,0.00,0,2.95,0,27.52,0,2.95,0,2.95
0.2,10.5,0.00,0.00,0,2.95,0,27.52,0,2.95,0,2.95
0.0,10.5,0.00,0.00,0,2.95,0,27.52,0,2.95,0,2.95
0.4,10.5,0.00,0.00,0,2.95,0,27.52,0,2.95,0,2.95
0.4,10.5,0.00,0.00,0,2.95,0,27.52,0,2.95,0,2.95
0.2,10.5,0.00,0.00,0,2.95,0,27.52,0,2.95,0,2.95
0.4,10.5,0.00,0.00,0,2.95,0,27.52,0,2.95,0,2.95
0.4,10.5,0.00,0.00,0,2.95,0,27.52,0,2.95,0,2.95
0.2,10.5,0.00,0.00,0,2.95,0,27.52,0,2.95,0,2.95
0.8,10.5,0.00,0.00,0,2.95,0,27.52,0,2.95,0,2.95
0.6,10.5,0.00,0.00,0,2.95,0,27.52,0,2.95,0,2.95
0.4,10.5,0.00,0.00,0,2.95,0,27.52,0,2.95,0,2.95
0.0,10.5,0.00,0.00,0,2.95,0,27.52,0,2.95,0,2.95
0.0,10.5,0.00,0.00,0,2.95,0,27.52,0,2.95,0,2.95
0.4,10.5,0.00,0.00,0,2.95,0,27.52,0,2.95,0,2.95
0.4,10.5,0.00,0.00,0,2.95,0,27.52,0,2.95,0,2.95
0.0,10.5,0.00,0.00,0,2.95,0,27.52,0,2.95,0,2.95
0.2,10.5,0.00,0.00,0,2.95,0,27.52,0,2.95,0,2.95
0.2,10.5,0.00,0.00,0,2.95,0,27.52,0,2.95,0,2.95
0.2,10.5,0.00,0.00,0,2.95,0,27.52,0,2.95,0,2.95
0.0,10.5,0.00,0.00,0,2.95,0,27.52,0,2.95,0,2.95
2.1,10.5,0.00,0.00,0,2.95,0,27.52,0,2.95,0,2.95
0.4,10.5,0.00,0.00,0,2.95,0,27.52,0,2.95,0,2.95
0.2,10.5,0.00,0.00,0,2.95,0,27.52,0,2.95,0,2.95
0.2,10.5,0.00,0.00,0,2.95,0,27.52,0,2.95,0,2.95
0.6,10.5,0.00,0.00,0,2.95,0,27.52,0,2.95,0,2.95
0.4,10.5,0.00,0.00,0,2.95,0,27.52,0,2.95,0,2.95
0.2,10.5,0.00,0.00,0,2.95,0,27.52,0,2.95,0,2.95
0.4,10.5,0.00,0.00,0,2.95,0,27.52,0,2.95,0,2.95
0.2,10.5,0.00,0.00,0,2.95,0,27.52,0,2.95,0,2.95
0.0,10.5,0.00,0.00,0,2.95,0,27.52,0,2.95,0,2.95
1.0,10.5,0.00,0.00,0,2.95,0,27.52,0,2.95,0,2.95
0.0,10.5,0.00,0.00,0,2.95,0,27.52,0,2.95,0,2.95
0.4,10.5,0.00,0.00,0,2.95,0,27.52,0,2.95,0,2.95
0.0,10.5,0.00,0.00,0,2.95,0,27.52,0,2.95,0,2.95
0.2,10.5,0.00,0.00,0,2.95,0,27.52,0,2.95,0,2.95
0.2,10.5,0.00,0.00,0,2.95,0,27.52,0,2.95,0,2.95
0.4,10.5,0.00,0.00,0,2.95,0,27.52,0,2.95,0,2.95
0.0,10.5,0.00,0.00,0,2.95,0,27.52,0,2.95,0,2.95
0.4,10.5,0.00,0.00,0,2.95,0,27.52,0,2.95,0,2.95
0.2,10.5,0.00,0.00,0,2.95,0,27.52,0,2.95,0,2.95
0.2,10.5,0.00,0.00,0,2.95,0,27.52,0,2.95,0,2.95
1.3,10.5,0.00,0.00,0,2.95,0,27.52,0,2.95,0,2.95
0.4,10.5,0.00,0.00,0,2.95,0,27.52,0,2.95,0,2.95
0.6,10.5,0.00,0.00,0,2.95,0,27.52,0,2.95,0,2.95
0.4,10.5,0.00,0.00,0,2.95,0,27.52,0,2.95,0,2.95
0.6,10.5,0.00,0.00,0,2.95,0,27.52,0,2.95,0,2.95
0.2,10.5,0.00,0.00,0,2.95,0,27.52,0,2.95,0,2.95
0.2,10.5,0.00,0.00,0,2.95,0,27.52,0,2.95,0,2.95
0.4,10.5,0.00,0.00,0,2.95,0,27.52,0,2.95,0,2.95
0.2,10.5,0.00,0.00,0,2.95,0,27.52,0,2.95,0,2.95
0.2,10.5,0.00,0.00,0,2.95,0,27.52,0,2.95,0,2.95
1.9,10.5,0.00,0.00,0,2.95,0,27.52,0,2.95,0,2.95
0.4,10.5,0.00,0.00,0,2.95,0,27.52,0,2.95,0,2.95
0.2,10.5,0.00,0.00,0,2.95,0,27.52,0,2.95,0,2.95
0.6,10.5,0.00,0.00,0,2.95,0,27.52,0,2.95,0,2.95
0.6,10.5,0.00,0.00,0,2.95,0,27.52,0,2.95,0,2.95
0.4,10.5,0.00,0.00,0,2.95,0,27.52,0,2.95,0,2.95
0.6,10.5,0.00,0.00,0,2.95,0,27.52,0,2.95,0,2.95
0.0,10.5,0.00,0.00,0,2.95,0,27.52,0,2.95,0,2.95
0.2,10.5,0.00,0.00,0,2.95,0,27.52,0,2.95,0,2.95
0.4,10.5,0.00,0.00,0,2.95,0,27.52,0,2.95,0,2.95
0.4,10.5,0.00,0.00,0,2.95,0,27.52,0,2.95,0,2.95
1.0,10.5,0.00,0.00,0,2.95,0,27.52,0,2.95,0,2.95
0.6,10.5,0.00,0.00,0,2.95,0,27.52,0,2.95,0,2.95
1.0,10.5,0.00,0.00,0,2.95,0,27.52,0,2.95,0,2.95
0.2,10.5,0.00,0.00,0,2.95,0,27.52,0,2.95,0,2.95
0.8,10.5,0.00,0.00,0,2.95,0,27.52,0,2.95,0,2.95
0.2,10.5,0.00,0.00,0,2.95,0,27.52,0,2.95,0,2.95
0.2,10.5,0.00,0.00,0,2.95,0,27.52,0,2.95,0,2.95
0.0,10.5,0.00,0.00,0,2.95,0,27.52,0,2.95,0,2.95
0.0,10.5,0.00,0.00,0,2.95,0,27.52,0,2.95,0,2.95
0.2,10.5,0.00,0.00,0,2.95,0,27.52,0,2.95,0,2.95
1.9,10.4,0.00,0.00,0,2.95,0,27.52,0,2.95,0,2.95
0.6,10.4,0.00,0.00,0,2.95,0,27.52,0,2.95,0,2.95
0.2,10.4,0.00,0.00,0,2.95,0,27.52,0,2.95,0,2.95
0.0,10.4,0.00,0.00,0,2.95,0,27.52,0,2.95,0,2.95
0.2,10.4,0.00,0.00,0,2.95,0,27.52,0,2.95,0,2.95
0.0,10.4,0.00,0.00,0,2.95,0,27.52,0,2.95,0,2.95
0.4,10.4,0.00,0.00,0,2.95,0,27.52,0,2.95,0,2.95
0.2,10.4,0.00,0.00,0,2.95,0,27.52,0,2.95,0,2.95
0.4,10.5,0.00,0.00,0,2.95,0,27.52,0,2.95,0,2.95
0.4,10.5,0.00,0.00,0,2.95,0,27.52,0,2.95,0,2.95
0.0,10.5,0.00,0.00,0,2.95,0,27.52,0,2.95,0,2.95
0.6,10.5,0.00,0.00,0,2.95,0,27.52,0,2.95,0,2.95
0.4,10.5,0.00,0.00,0,2.95,0,27.52,0,2.95,0,2.95
0.4,10.5,0.00,0.00,0,2.95,0,27.52,0,2.95,0,2.95
0.4,10.5,0.00,0.00,0,2.95,0,27.52,0,2.95,0,2.95
0.8,10.5,0.00,0.00,0,2.95,0,27.52,0,2.95,0,2.95
0.2,10.5,0.00,0.00,0,2.95,0,27.52,0,2.95,0,2.95
0.0,10.5,0.00,0.00,0,2.95,0,27.52,0,2.95,0,2.95
0.4,10.5,0.00,0.00,0,2.95,0,27.52,0,2.95,0,2.95
0.2,10.5,0.00,0.00,0,2.95,0,27.52,0,2.95,0,2.95
0.0,10.5,0.00,0.00,0,2.95,0,27.52,0,2.95,0,2.95
2.7,10.5,0.00,0.00,0,2.95,0,27.52,0,2.95,0,2.95
0.4,10.5,0.00,0.00,0,2.95,0,27.52,0,2.95,0,2.95
0.2,10.5,0.00,0.00,0,2.95,0,27.52,0,2.95,0,2.95
0.0,10.5,0.00,0.00,0,2.95,0,27.52,0,2.95,0,2.95
0.0,10.5,0.00,0.00,0,2.95,0,27.52,0,2.95,0,2.95
0.2,10.5,0.00,0.00,0,2.95,0,27.52,0,2.95,0,2.95
0.4,10.5,0.00,0.00,0,2.95,0,27.52,0,2.95,0,2.95
0.0,10.5,0.00,0.00,0,2.95,0,27.52,0,2.95,0,2.95
0.4,10.5,0.00,0.00,0,2.95,0,27.52,0,2.95,0,2.95
0.6,10.5,0.00,0.00,0,2.95,0,27.52,0,2.95,0,2.95
0.8,10.5,0.00,0.00,0,2.95,0,27.52,0,2.95,0,2.95
0.2,10.5,0.00,0.00,0,2.95,0,27.52,0,2.95,0,2.95
0.2,10.5,0.00,0.00,0,2.95,0,27.52,0,2.95,0,2.95
0.0,10.5,0.00,0.00,0,2.95,0,27.52,0,2.95,0,2.95
0.2,10.5,0.00,0.00,0,2.95,0,27.52,0,2.95,0,2.95
0.2,10.5,0.00,0.00,0,2.95,0,27.52,0,2.95,0,2.95
0.2,10.5,0.00,0.00,0,2.95,0,27.52,0,2.95,0,2.95
0.0,10.5,0.00,0.00,0,2.95,0,27.52,0,2.95,0,2.95
0.0,10.5,0.00,0.00,0,2.95,0,27.52,0,2.95,0,2.95
0.2,10.5,0.00,0.00,0,2.95,0,27.52,0,2.95,0,2.95
0.4,10.5,0.00,0.00,0,2.95,0,27.52,0,2.95,0,2.95
1.7,10.5,0.00,0.00,0,2.95,0,27.52,0,2.95,0,2.95
0.4,10.4,0.00,0.00,0,2.95,0,27.52,0,2.95,0,2.95
0.4,10.5,0.00,0.00,0,2.95,0,27.52,0,2.95,0,2.95
0.0,10.5,0.00,0.00,0,2.95,0,27.52,0,2.95,0,2.95
0.2,10.5,0.00,0.00,0,2.95,0,27.52,0,2.95,0,2.95
0.0,10.5,0.00,0.00,0,2.95,0,27.52,0,2.95,0,2.95
0.2,10.5,0.00,0.00,0,2.95,0,27.52,0,2.95,0,2.95
0.2,10.5,0.00,0.00,0,2.95,0,27.52,0,2.95,0,2.95
0.4,10.5,0.00,0.00,0,2.95,0,27.52,0,2.95,0,2.95
0.2,10.5,0.00,0.00,0,2.95,0,27.52,0,2.95,0,2.95
1.2,10.5,0.00,0.00,0,2.95,0,27.52,0,2.95,0,2.95
0.4,10.5,0.00,0.00,0,2.95,0,27.52,0,2.95,0,2.95
0.4,10.5,0.00,0.00,0,2.95,0,27.52,0,2.95,0,2.95
0.4,10.5,0.00,0.00,0,2.95,0,27.52,0,2.95,0,2.95
0.6,10.5,0.00,0.00,0,2.95,0,27.52,0,2.95,0,2.95
0.2,10.5,0.00,0.00,0,2.95,0,27.52,0,2.95,0,2.95
0.6,10.5,0.00,0.00,0,2.95,0,27.52,0,2.95,0,2.95
0.6,10.5,0.00,0.00,0,2.95,0,27.52,0,2.95,0,2.95
0.4,10.5,0.00,0.00,0,2.95,0,27.52,0,2.95,0,2.95
0.4,10.4,0.00,0.00,0,2.95,0,27.52,0,2.95,0,2.95
0.0,10.4,0.00,0.00,0,2.95,0,27.52,0,2.95,0,2.95
1.9,10.5,0.00,0.00,0,2.95,0,27.52,0,2.95,0,2.95
0.6,10.4,0.00,0.00,0,2.95,0,27.52,0,2.95,0,2.95
0.4,10.5,0.00,0.00,0,2.95,0,27.52,0,2.95,0,2.95
0.2,10.5,0.00,0.00,0,2.95,0,27.52,0,2.95,0,2.95
0.2,10.5,0.00,0.00,0,2.95,0,27.52,0,2.95,0,2.95
0.4,10.5,0.00,0.00,0,2.95,0,27.52,0,2.95,0,2.95
0.2,10.5,0.00,0.00,0,2.95,0,27.52,0,2.95,0,2.95
0.4,10.5,0.00,0.00,0,2.95,0,27.52,0,2.95,0,2.95
0.0,10.5,0.00,0.00,0,2.95,0,27.52,0,2.95,0,2.95
0.2,10.5,0.00,0.00,0,2.95,0,27.52,0,2.95,0,2.95
1.7,10.5,0.00,0.00,0,2.95,0,27.52,0,2.95,0,2.95
0.0,10.5,0.00,0.00,0,2.95,0,27.52,0,2.95,0,2.95
0.4,10.5,0.00,0.00,0,2.95,0,27.52,0,2.95,0,2.95
0.2,10.5,0.00,0.00,0,2.95,0,27.52,0,2.95,0,2.95
0.4,10.4,0.00,0.00,0,2.95,0,27.52,0,2.95,0,2.95
0.4,10.4,0.00,0.00,0,2.95,0,27.52,0,2.95,0,2.95
0.2,10.4,0.00,0.00,0,2.95,0,27.52,0,2.95,0,2.95
0.2,10.4,0.00,0.00,0,2.95,0,27.52,0,2.95,0,2.95
0.0,10.4,0.00,0.00,0,2.95,0,27.52,0,2.95,0,2.95
0.4,10.4,0.00,0.00,0,2.95,0,27.52,0,2.95,0,2.95
0.2,10.4,0.00,0.00,0,2.95,0,27.52,0,2.95,0,2.95
1.0,10.4,0.00,0.00,0,2.95,0,27.52,0,2.95,0,2.95
0.6,10.4,0.00,0.00,0,2.95,0,27.52,0,2.95,0,2.95
0.4,10.5,0.00,0.00,0,2.95,0,27.52,0,2.95,0,2.95
0.2,10.5,0.00,0.00,0,2.95,0,27.52,0,2.95,0,2.95
0.2,10.5,0.00,0.00,0,2.95,0,27.52,0,2.95,0,2.95
0.4,10.5,0.00,0.00,0,2.95,0,27.52,0,2.95,0,2.95
0.2,10.4,0.00,0.00,0,2.95,0,27.52,0,2.95,0,2.95
0.2,10.5,0.00,0.00,0,2.95,0,27.52,0,2.95,0,2.95
0.2,10.4,0.00,0.00,0,2.95,0,27.52,0,2.95,0,2.95
0.4,10.4,0.00,0.00,0,2.95,0,27.52,0,2.95,0,2.95
2.3,10.4,0.00,0.00,0,2.95,0,27.52,0,2.95,0,2.95
0.6,10.4,0.00,0.00,0,2.95,0,27.52,0,2.95,0,2.95
0.0,10.4,0.00,0.00,0,2.95,0,27.52,0,2.95,0,2.95
0.4,10.4,0.00,0.00,0,2.95,0,27.52,0,2.95,0,2.95
0.0,10.4,0.00,0.00,0,2.95,0,27.52,0,2.95,0,2.95
0.8,10.4,0.00,0.00,0,2.95,0,27.52,0,2.95,0,2.95
0.2,10.4,0.00,0.00,0,2.95,0,27.52,0,2.95,0,2.95
0.4,10.4,0.00,0.00,0,2.95,0,27.52,0,2.95,0,2.95
0.4,10.4,0.00,0.00,0,2.95,0,27.52,0,2.95,0,2.95
0.2,10.4,0.00,0.00,0,2.95,0,27.52,0,2.95,0,2.95
0.0,10.4,0.00,0.00,0,2.95,0,27.52,0,2.95,0,2.95
0.6,10.4,0.00,0.00,0,2.95,0,27.52,0,2.95,0,2.95
0.6,10.4,0.00,0.00,0,2.95,0,27.52,0,2.95,0,2.95
0.2,10.4,0.00,0.00,0,2.95,0,27.52,0,2.95,0,2.95
0.4,10.4,0.00,0.00,0,2.95,0,27.52,0,2.95,0,2.95
0.0,10.4,0.00,0.00,0,2.95,0,27.52,0,2.95,0,2.95
0.2,10.4,0.00,0.00,0,2.95,0,27.52,0,2.95,0,2.95
0.4,10.4,0.00,0.00,0,2.95,0,27.52,0,2.95,0,2.95
0.0,10.4,0.00,0.00,0,2.95,0,27.52,0,2.95,0,2.95
0.4,10.4,0.00,0.00,0,2.95,0,27.52,0,2.95,0,2.95
0.2,10.4,0.00,0.00,0,2.95,0,27.52,0,2.95,0,2.95
1.7,10.4,0.00,0.00,0,2.95,0,27.52,0,2.95,0,2.95
0.6,10.4,0.00,0.00,0,2.95,0,27.52,0,2.95,0,2.95
0.0,10.4,0.00,0.00,0,2.95,0,27.52,0,2.95,0,2.95
0.2,10.4,0.00,0.00,0,2.95,0,27.52,0,2.95,0,2.95
0.2,10.4,0.00,0.00,0,2.95,0,27.52,0,2.95,0,2.95
0.2,10.4,0.00,0.00,0,2.95,0,27.52,0,2.95,0,2.95
0.6,10.4,0.00,0.00,0,2.95,0,27.52,0,2.95,0,2.95
0.4,10.4,0.00,0.00,0,2.95,0,27.52,0,2.95,0,2.95
0.0,10.4,0.00,0.00,0,2.95,0,27.52,0,2.95,0,2.95
0.6,10.4,0.00,0.00,0,2.95,0,27.52,0,2.95,0,2.95
0.4,10.5,0.00,0.00,0,2.95,0,27.52,0,2.95,0,2.95
1.0,10.5,0.00,0.00,0,2.95,0,27.52,0,2.95,0,2.95
0.8,10.5,0.00,0.00,0,2.95,0,27.52,0,2.95,0,2.95
0.2,10.5,0.00,0.00,0,2.95,0,27.52,0,2.95,0,2.95
0.4,10.5,0.00,0.00,0,2.95,0,27.52,0,2.95,0,2.95
0.2,10.5,0.00,0.00,0,2.95,0,27.52,0,2.95,0,2.95
0.0,10.5,0.00,0.00,0,2.95,0,27.52,0,2.95,0,2.95
0.2,10.5,0.00,0.00,0,2.95,0,27.52,0,2.95,0,2.95
0.0,10.5,0.00,0.00,0,2.95,0,27.52,0,2.95,0,2.95
0.2,10.5,0.00,0.00,0,2.95,0,27.52,0,2.95,0,2.95
0.4,10.5,0.00,0.00,0,2.95,0,27.52,0,2.95,0,2.95
2.3,10.5,0.00,0.00,0,2.95,0,27.52,0,2.95,0,2.95
1.4,10.5,0.00,0.00,0,2.95,0,27.52,0,2.95,0,2.95
0.4,10.5,0.00,0.00,0,2.95,0,27.52,0,2.95,0,2.95
0.0,10.5,0.00,0.00,0,2.95,0,27.52,0,2.95,0,2.95
0.2,10.5,0.00,0.00,0,2.95,0,27.52,0,2.95,0,2.95
0.2,10.5,0.00,0.00,0,2.95,0,27.52,0,2.95,0,2.95
0.4,10.5,0.00,0.00,0,2.95,0,27.52,0,2.95,0,2.95
0.0,10.5,0.00,0.00,0,2.95,0,27.52,0,2.95,0,2.95
0.0,10.4,0.00,0.00,0,2.95,0,27.52,0,2.95,0,2.95
0.2,10.4,0.00,0.00,0,2.95,0,27.52,0,2.95,0,2.95
0.4,10.5,0.00,0.00,0,2.95,0,27.52,0,2.95,0,2.95
0.2,10.5,0.00,0.00,0,2.95,0,27.52,0,2.95,0,2.95
0.2,10.5,0.00,0.00,0,2.95,0,27.52,0,2.95,0,2.95
0.4,10.5,0.00,0.00,0,2.95,0,27.52,0,2.95,0,2.95
0.2,10.5,0.00,0.00,0,2.95,0,27.52,0,2.95,0,2.95
0.4,10.5,0.00,0.00,0,2.95,0,27.52,0,2.95,0,2.95
0.2,10.5,0.00,0.00,0,2.95,0,27.52,0,2.95,0,2.95
0.0,10.5,0.00,0.00,0,2.95,0,27.52,0,2.95,0,2.95
0.4,10.5,0.00,0.00,0,2.95,0,27.52,0,2.95,0,2.95
0.4,10.5,0.00,0.00,0,2.95,0,27.52,0,2.95,0,2.95
0.2,10.5,0.00,0.00,0,2.95,0,27.52,0,2.95,0,2.95
2.5,10.5,0.00,0.00,0,2.95,0,27.52,0,2.95,0,2.95
0.2,10.5,0.00,0.00,0,2.95,0,27.52,0,2.95,0,2.95
1.0,10.5,0.00,0.00,0,2.95,0,27.52,0,2.95,0,2.95
0.0,10.5,0.00,0.00,0,2.95,0,27.52,0,2.95,0,2.95
0.4,10.5,0.00,0.00,0,2.95,0,27.52,0,2.95,0,2.95
0.2,10.5,0.00,0.00,0,2.95,0,27.52,0,2.95,0,2.95
0.0,10.5,0.00,0.00,0,2.95,0,27.52,0,2.95,0,2.95
0.2,10.5,0.00,0.00,0,2.95,0,27.52,0,2.95,0,2.95
0.8,10.5,0.00,0.00,0,2.95,0,27.52,0,2.95,0,2.95
0.2,10.5,0.00,0.00,0,2.95,0,27.52,0,2.95,0,2.95
0.6,10.5,0.00,0.00,0,2.95,0,27.52,0,2.95,0,2.95
0.0,10.5,0.00,0.00,0,2.95,0,27.52,0,2.95,0,2.95
0.6,10.5,0.00,0.00,0,2.95,0,27.52,0,2.95,0,2.95
0.4,10.5,0.00,0.00,0,2.95,0,27.52,0,2.95,0,2.95
0.2,10.5,0.00,0.00,0,2.95,0,27.52,0,2.95,0,2.95
0.4,10.5,0.00,0.00,0,2.95,0,27.52,0,2.95,0,2.95
0.0,10.5,0.00,0.00,0,2.95,0,27.52,0,2.95,0,2.95
0.2,10.5,0.00,0.00,0,2.95,0,27.52,0,2.95,0,2.95
0.0,10.5,0.00,0.00,0,2.95,0,27.52,0,2.95,0,2.95
0.2,10.5,0.00,0.00,0,2.95,0,27.52,0,2.95,0,2.95
0.0,10.5,0.00,0.00,0,2.95,0,27.52,0,2.95,0,2.95
2.9,10.5,0.00,0.00,0,2.95,0,27.52,0,2.95,0,2.95
0.4,10.5,0.00,0.00,0,2.95,0,27.52,0,2.95,0,2.95
0.4,10.5,0.00,0.00,0,2.95,0,27.52,0,2.95,0,2.95
0.2,10.5,0.00,0.00,0,2.95,0,27.52,0,2.95,0,2.95
0.4,10.5,0.00,0.00,0,2.95,0,27.52,0,2.95,0,2.95
0.6,10.5,0.00,0.00,0,2.95,0,27.52,0,2.95,0,2.95
0.2,10.5,0.00,0.00,0,2.95,0,27.52,0,2.95,0,2.95
0.2,10.5,0.00,0.00,0,2.95,0,27.52,0,2.95,0,2.95
0.0,10.5,0.00,0.00,0,2.95,0,27.52,0,2.95,0,2.95
0.4,10.5,0.00,0.00,0,2.95,0,27.52,0,2.95,0,2.95
0.4,10.5,0.00,0.00,0,2.95,0,27.52,0,2.95,0,2.95
0.8,10.5,0.00,0.00,0,2.95,0,27.52,0,2.95,0,2.95
0.6,10.5,0.00,0.00,0,2.95,0,27.52,0,2.95,0,2.95
0.6,10.5,0.00,0.00,0,2.95,0,27.52,0,2.95,0,2.95
0.2,10.5,0.00,0.00,0,2.95,0,27.52,0,2.95,0,2.95
0.2,10.5,0.00,0.00,0,2.95,0,27.52,0,2.95,0,2.95
0.4,10.5,0.00,0.00,0,2.95,0,27.52,0,2.95,0,2.95
0.4,10.5,0.00,0.00,0,2.95,0,27.52,0,2.95,0,2.95
0.4,10.5,0.00,0.00,0,2.95,0,27.52,0,2.95,0,2.95
0.4,10.5,0.00,0.00,0,2.95,0,27.52,0,2.95,0,2.95
0.2,10.5,0.00,0.00,0,2.95,0,27.52,0,2.95,0,2.95
2.3,10.5,0.00,0.00,0,2.95,0,27.52,0,2.95,0,2.95
0.2,10.5,0.00,0.00,0,2.95,0,27.52,0,2.95,0,2.95
0.0,10.5,0.00,0.00,0,2.95,0,27.52,0,2.95,0,2.95
0.6,10.5,0.00,0.00,0,2.95,0,27.52,0,2.95,0,2.95
0.2,10.5,0.00,0.00,0,2.95,0,27.52,0,2.95,0,2.95
0.6,10.5,0.00,0.00,0,2.95,0,27.52,0,2.95,0,2.95
0.4,10.5,0.00,0.00,0,2.95,0,27.52,0,2.95,0,2.95
0.2,10.5,0.00,0.00,0,2.95,0,27.52,0,2.95,0,2.95
0.4,10.5,0.00,0.00,0,2.95,0,27.52,0,2.95,0,2.95
0.2,10.5,0.00,0.00,0,2.95,0,27.52,0,2.95,0,2.95
0.4,10.5,0.00,0.00,0,2.95,0,27.52,0,2.95,0,2.95
0.8,10.5,0.00,0.00,0,2.95,0,27.52,0,2.95,0,2.95
0.4,10.5,0.00,0.00,0,2.95,0,27.52,0,2.95,0,2.95
0.0,10.5,0.00,0.00,0,2.95,0,27.52,0,2.95,0,2.95
0.2,10.5,0.00,0.00,0,2.95,0,27.52,0,2.95,0,2.95
0.2,10.5,0.00,0.00,0,2.95,0,27.52,0,2.95,0,2.95
0.2,10.5,0.00,0.00,0,2.95,0,27.52,0,2.95,0,2.95
0.2,10.5,0.00,0.00,0,2.95,0,27.52,0,2.95,0,2.95
0.4,10.5,0.00,0.00,0,2.95,0,27.52,0,2.95,0,2.95
0.6,10.5,0.00,0.00,0,2.95,0,27.52,0,2.95,0,2.95
0.2,10.5,0.00,0.00,0,2.95,0,27.52,0,2.95,0,2.95
1.9,10.5,0.00,0.00,0,2.95,0,27.52,0,2.95,0,2.95
0.8,10.5,0.00,0.00,0,2.95,0,27.52,0,2.95,0,2.95
0.4,10.5,0.00,0.00,0,2.95,0,27.52,0,2.95,0,2.95
0.0,10.5,0.00,0.00,0,2.95,0,27.52,0,2.95,0,2.95
0.4,10.5,0.00,0.00,0,2.95,0,27.52,0,2.95,0,2.95
0.2,10.5,0.00,0.00,0,2.95,0,27.52,0,2.95,0,2.95
0.2,10.5,0.00,0.00,0,2.95,0,27.52,0,2.95,0,2.95
0.0,10.5,0.00,0.00,0,2.95,0,27.52,0,2.95,0,2.95
0.2,10.5,0.00,0.00,0,2.95,0,27.52,0,2.95,0,2.95
0.6,10.5,0.00,0.00,0,2.95,0,27.52,0,2.95,0,2.95
0.2,10.5,0.00,0.00,0,2.95,0,27.52,0,2.95,0,2.95
1.0,10.5,0.00,0.00,0,2.95,0,27.52,0,2.95,0,2.95
0.4,10.5,0.00,0.00,0,2.95,0,27.52,0,2.95,0,2.95
0.4,10.5,0.00,0.00,0,2.95,0,27.52,0,2.95,0,2.95
0.4,10.5,0.00,0.00,0,2.95,0,27.52,0,2.95,0,2.95
0.4,10.5,0.00,0.00,0,2.95,0,27.52,0,2.95,0,2.95
0.2,10.5,0.00,0.00,0,2.95,0,27.52,0,2.95,0,2.95
0.2,10.5,0.00,0.00,0,2.95,0,27.52,0,2.95,0,2.95
0.0,10.5,0.00,0.00,0,2.95,0,27.52,0,2.95,0,2.95
0.4,10.5,0.00,0.00,0,2.95,0,27.52,0,2.95,0,2.95
0.2,10.5,0.00,0.00,0,2.95,0,27.52,0,2.95,0,2.95
1.9,10.5,0.00,0.00,0,2.95,0,27.52,0,2.95,0,2.95
0.4,10.5,0.00,0.00,0,2.95,0,27.52,0,2.95,0,2.95
0.4,10.5,0.00,0.00,0,2.95,0,27.52,0,2.95,0,2.95
0.4,10.5,0.00,0.00,0,2.95,0,27.52,0,2.95,0,2.95
0.6,10.5,0.00,0.00,0,2.95,0,27.52,0,2.95,0,2.95
0.6,10.5,0.00,0.00,0,2.95,0,27.52,0,2.95,0,2.95
0.6,10.5,0.00,0.00,0,2.95,0,27.52,0,2.95,0,2.95
0.2,10.5,0.00,0.00,0,2.95,0,27.52,0,2.95,0,2.95
0.2,10.5,0.00,0.00,0,2.95,0,27.52,0,2.95,0,2.95
1.6,10.5,0.00,0.00,0,2.95,0,27.52,0,2.95,0,2.95
1.7,10.5,0.00,0.00,0,2.95,0,27.52,0,2.95,0,2.95
2.5,10.5,0.00,0.00,0,2.95,0,27.52,0,2.95,0,2.95
0.4,10.5,0.00,0.00,0,2.95,0,27.52,0,2.95,0,2.95
0.4,10.5,0.00,0.00,0,2.95,0,27.52,0,2.95,0,2.95
0.2,10.5,0.00,0.00,0,2.95,0,27.52,0,2.95,0,2.95
0.2,10.5,0.00,0.00,0,2.95,0,27.52,0,2.95,0,2.95
0.0,10.5,0.00,0.00,0,2.95,0,27.52,0,2.95,0,2.95
0.4,10.5,0.00,0.00,0,2.95,0,27.52,0,2.95,0,2.95
0.4,10.5,0.00,0.00,0,2.95,0,27.52,0,2.95,0,2.95
0.4,10.5,0.00,0.00,0,2.95,0,27.52,0,2.95,0,2.95
0.0,10.5,0.00,0.00,0,2.95,0,27.52,0,2.95,0,2.95
2.1,10.5,0.00,0.00,0,2.95,0,27.52,0,2.95,0,2.95
0.2,10.5,0.00,0.00,0,2.95,0,27.52,0,2.95,0,2.95
0.4,10.5,0.00,0.00,0,2.95,0,27.52,0,2.95,0,2.95
0.2,10.5,0.00,0.00,0,2.95,0,27.52,0,2.95,0,2.95
0.4,10.4,0.00,0.00,0,2.95,0,27.52,0,2.95,0,2.95
0.2,10.4,0.00,0.00,0,2.95,0,27.52,0,2.95,0,2.95
0.2,10.4,0.00,0.00,0,2.95,0,27.52,0,2.95,0,2.95
0.2,10.4,0.00,0.00,0,2.95,0,27.52,0,2.95,0,2.95
0.0,10.4,0.00,0.00,0,2.95,0,27.52,0,2.95,0,2.95
0.2,10.4,0.00,0.00,0,2.95,0,27.52,0,2.95,0,2.95
0.2,10.4,0.00,0.00,0,2.95,0,27.52,0,2.95,0,2.95
1.0,10.4,0.00,0.00,0,2.95,0,27.52,0,2.95,0,2.95
0.2,10.4,0.00,0.00,0,2.95,0,27.52,0,2.95,0,2.95
0.2,10.4,0.00,0.00,0,2.95,0,27.52,0,2.95,0,2.95
0.0,10.4,0.00,0.00,0,2.95,0,27.52,0,2.95,0,2.95
0.0,10.4,0.00,0.00,0,2.95,0,27.52,0,2.95,0,2.95
0.2,10.4,0.00,0.00,0,2.95,0,27.52,0,2.95,0,2.95
0.6,10.4,0.00,0.00,0,2.95,0,27.52,0,2.95,0,2.95
0.2,10.4,0.00,0.00,0,2.95,0,27.52,0,2.95,0,2.95
0.4,10.4,0.00,0.00,0,2.95,0,27.52,0,2.95,0,2.95
0.0,10.4,0.00,0.00,0,2.95,0,27.52,0,2.95,0,2.95
2.9,10.4,0.00,0.00,0,2.95,0,27.52,0,2.95,0,2.95
0.6,10.4,0.00,0.00,0,2.95,0,27.52,0,2.95,0,2.95
0.0,10.4,0.00,0.00,0,2.95,0,27.52,0,2.95,0,2.95
0.6,10.4,0.00,0.00,0,2.95,0,27.52,0,2.95,0,2.95
0.2,10.4,0.00,0.00,0,2.95,0,27.52,0,2.95,0,2.95
0.2,10.4,0.00,0.00,0,2.95,0,27.52,0,2.95,0,2.95
0.2,10.4,0.00,0.00,0,2.95,0,27.52,0,2.95,0,2.95
0.0,10.4,0.00,0.00,0,2.95,0,27.52,0,2.95,0,2.95
0.2,10.4,0.00,0.00,0,2.95,0,27.52,0,2.95,0,2.95
0.6,10.4,0.00,0.00,0,2.95,0,27.52,0,2.95,0,2.95
0.4,10.4,0.00,0.00,0,2.95,0,27.52,0,2.95,0,2.95
0.8,10.4,0.00,0.00,0,2.95,0,27.52,0,2.95,0,2.95
0.2,10.4,0.00,0.00,0,2.95,0,27.52,0,2.95,0,2.95
0.2,10.4,0.00,0.00,0,2.95,0,27.52,0,2.95,0,2.95
0.4,10.4,0.00,0.00,0,2.95,0,27.52,0,2.95,0,2.95
0.0,10.4,0.00,0.00,0,2.95,0,27.52,0,2.95,0,2.95
0.4,10.4,0.00,0.00,0,2.95,0,27.52,0,2.95,0,2.95
0.2,10.4,0.00,0.00,0,2.95,0,27.52,0,2.95,0,2.95
0.0,10.4,0.00,0.00,0,2.95,0,27.52,0,2.95,0,2.95
0.2,10.4,0.00,0.00,0,2.95,0,27.52,0,2.95,0,2.95
0.0,10.4,0.00,0.00,0,2.95,0,27.52,0,2.95,0,2.95
2.3,10.4,0.00,0.00,0,2.95,0,27.52,0,2.95,0,2.95
0.2,10.4,0.00,0.00,0,2.95,0,27.52,0,2.95,0,2.95
0.4,10.4,0.00,0.00,0,2.95,0,27.52,0,2.95,0,2.95
0.2,10.4,0.00,0.00,0,2.95,0,27.52,0,2.95,0,2.95
0.4,10.4,0.00,0.00,0,2.95,0,27.52,0,2.95,0,2.95
0.6,10.4,0.00,0.00,0,2.95,0,27.52,0,2.95,0,2.95
0.0,10.4,0.00,0.00,0,2.95,0,27.52,0,2.95,0,2.95
0.2,10.4,0.00,0.00,0,2.95,0,27.52,0,2.95,0,2.95
0.6,10.4,0.00,0.00,0,2.95,0,27.52,0,2.95,0,2.95
0.6,10.4,0.00,0.00,0,2.95,0,27.52,0,2.95,0,2.95
0.8,10.4,0.00,0.00,0,2.95,0,27.52,0,2.95,0,2.95
0.8,10.4,0.00,0.00,0,2.95,0,27.52,0,2.95,0,2.95
0.4,10.4,0.00,0.00,0,2.95,0,27.52,0,2.95,0,2.95
0.2,10.4,0.00,0.00,0,2.95,0,27.52,0,2.95,0,2.95
0.2,10.4,0.00,0.00,0,2.95,0,27.52,0,2.95,0,2.95
0.2,10.4,0.00,0.00,0,2.95,0,27.52,0,2.95,0,2.95
0.2,10.4,0.00,0.00,0,2.95,0,27.52,0,2.95,0,2.95
0.4,10.4,0.00,0.00,0,2.95,0,27.52,0,2.95,0,2.95
0.2,10.4,0.00,0.00,0,2.95,0,27.52,0,2.95,0,2.95
0.4,10.4,0.00,0.00,0,2.95,0,27.52,0,2.95,0,2.95
0.2,10.4,0.00,0.00,0,2.95,0,27.52,0,2.95,0,2.95
2.3,10.4,0.00,0.00,0,2.95,0,27.52,0,2.95,0,2.95
0.2,10.4,0.00,0.00,0,2.95,0,27.52,0,2.95,0,2.95
0.4,10.4,0.00,0.00,0,2.95,0,27.52,0,2.95,0,2.95
0.4,10.4,0.00,0.00,0,2.95,0,27.52,0,2.95,0,2.95
0.0,10.4,0.00,0.00,0,2.95,0,27.52,0,2.95,0,2.95
0.4,10.4,0.00,0.00,0,2.95,0,27.52,0,2.95,0,2.95
0.6,10.4,0.00,0.00,0,2.95,0,27.52,0,2.95,0,2.95
0.2,10.4,0.00,0.00,0,2.95,0,27.52,0,2.95,0,2.95
0.2,10.4,0.00,0.00,0,2.95,0,27.52,0,2.95,0,2.95
0.4,10.4,0.00,0.00,0,2.95,0,27.52,0,2.95,0,2.95
0.6,10.4,0.00,0.00,0,2.95,0,27.52,0,2.95,0,2.95
0.0,10.4,0.00,0.00,0,2.95,0,27.52,0,2.95,0,2.95
0.2,10.4,0.00,0.00,0,2.95,0,27.52,0,2.95,0,2.95
0.0,10.4,0.00,0.00,0,2.95,0,27.52,0,2.95,0,2.95
0.2,10.4,0.00,0.00,0,2.95,0,27.52,0,2.95,0,2.95
0.0,10.4,0.00,0.00,0,2.95,0,27.52,0,2.95,0,2.95
0.2,10.4,0.00,0.00,0,2.95,0,27.52,0,2.95,0,2.95
0.2,10.4,0.00,0.00,0,2.95,0,27.52,0,2.95,0,2.95
0.2,10.4,0.00,0.00,0,2.95,0,27.52,0,2.95,0,2.95
0.6,10.4,0.00,0.00,0,2.95,0,27.52,0,2.95,0,2.95
0.0,10.4,0.00,0.00,0,2.95,0,27.52,0,2.95,0,2.95
1.7,10.4,0.00,0.00,0,2.95,0,27.52,0,2.95,0,2.95
0.4,10.4,0.00,0.00,0,2.95,0,27.52,0,2.95,0,2.95
0.2,10.4,0.00,0.00,0,2.95,0,27.52,0,2.95,0,2.95
0.2,10.4,0.00,0.00,0,2.95,0,27.52,0,2.95,0,2.95
0.4,10.4,0.00,0.00,0,2.95,0,27.52,0,2.95,0,2.95
0.4,10.4,0.00,0.00,0,2.95,0,27.52,0,2.95,0,2.95
0.2,10.4,0.00,0.00,0,2.95,0,27.52,0,2.95,0,2.95
0.0,10.4,0.00,0.00,0,2.95,0,27.52,0,2.95,0,2.95
0.4,10.4,0.00,0.00,0,2.95,0,27.52,0,2.95,0,2.95
0.4,10.4,0.00,0.00,0,2.95,0,27.52,0,2.95,0,2.95
1.2,10.4,0.00,0.00,0,2.95,0,27.52,0,2.95,0,2.95
0.2,10.4,0.00,0.00,0,2.95,0,27.52,0,2.95,0,2.95
0.6,10.4,0.00,0.00,0,2.95,0,27.52,0,2.95,0,2.95
0.4,10.4,0.00,0.00,0,2.95,0,27.52,0,2.95,0,2.95
0.4,10.4,0.00,0.00,0,2.95,0,27.52,0,2.95,0,2.95
0.0,10.4,0.00,0.00,0,2.95,0,27.52,0,2.95,0,2.95
0.4,10.4,0.00,0.00,0,2.95,0,27.52,0,2.95,0,2.95
0.2,10.4,0.00,0.00,0,2.95,0,27.52,0,2.95,0,2.95
0.2,10.4,0.00,0.00,0,2.95,0,27.52,0,2.95,0,2.95
0.2,10.4,0.00,0.00,0,2.95,0,27.52,0,2.95,0,2.95
0.0,10.4,0.00,0.00,0,2.95,0,27.52,0,2.95,0,2.95
1.9,10.4,0.00,0.00,0,2.95,0,27.52,0,2.95,0,2.95
1.0,10.4,0.00,0.00,0,2.95,0,27.52,0,2.95,0,2.95
0.2,10.4,0.00,0.00,0,2.95,0,27.52,0,2.95,0,2.95
0.4,10.4,0.00,0.00,0,2.95,0,27.52,0,2.95,0,2.95
0.2,10.4,0.00,0.00,0,2.95,0,27.52,0,2.95,0,2.95
0.4,10.4,0.00,0.00,0,2.95,0,27.52,0,2.95,0,2.95
0.2,10.4,0.00,0.00,0,2.95,0,27.52,0,2.95,0,2.95
0.0,10.4,0.00,0.00,0,2.95,0,27.52,0,2.95,0,2.95
0.2,10.4,0.00,0.00,0,2.95,0,27.52,0,2.95,0,2.95
0.2,10.4,0.00,0.00,0,2.95,0,27.52,0,2.95,0,2.95
1.5,10.4,0.00,0.00,0,2.95,0,27.52,0,2.95,0,2.95
1.4,10.4,0.00,0.00,0,2.95,0,27.52,0,2.95,0,2.95
0.4,10.4,0.00,0.00,0,2.95,0,27.52,0,2.95,0,2.95
0.0,10.4,0.00,0.00,0,2.95,0,27.52,0,2.95,0,2.95
0.4,10.4,0.00,0.00,0,2.95,0,27.52,0,2.95,0,2.95
0.4,10.4,0.00,0.00,0,2.95,0,27.52,0,2.95,0,2.95
0.6,10.4,0.00,0.00,0,2.95,0,27.52,0,2.95,0,2.95
0.4,10.4,0.00,0.00,0,2.95,0,27.52,0,2.95,0,2.95
0.0,10.4,0.00,0.00,0,2.95,0,27.52,0,2.95,0,2.95
0.6,10.4,0.00,0.00,0,2.95,0,27.52,0,2.95,0,2.95
0.6,10.4,0.00,0.00,0,2.95,0,27.52,0,2.95,0,2.95
1.0,10.4,0.00,0.00,0,2.95,0,27.52,0,2.95,0,2.95
0.6,10.4,0.00,0.00,0,2.95,0,27.52,0,2.95,0,2.95
0.2,10.4,0.00,0.00,0,2.95,0,27.52,0,2.95,0,2.95
0.2,10.4,0.00,0.00,0,2.95,0,27.52,0,2.95,0,2.95
0.2,10.4,0.00,0.00,0,2.95,0,27.52,0,2.95,0,2.95
0.6,10.4,0.00,0.00,0,2.95,0,27.52,0,2.95,0,2.95
0.4,10.4,0.00,0.00,0,2.95,0,27.52,0,2.95,0,2.95
0.0,10.4,0.00,0.00,0,2.95,0,27.52,0,2.95,0,2.95
0.0,10.4,0.00,0.00,0,2.95,0,27.52,0,2.95,0,2.95
0.2,10.4,0.00,0.00,0,2.95,0,27.52,0,2.95,0,2.95
2.1,10.4,0.00,0.00,0,2.95,0,27.52,0,2.95,0,2.95
0.4,10.4,0.00,0.00,0,2.95,0,27.52,0,2.95,0,2.95
0.2,10.4,0.00,0.00,0,2.95,0,27.52,0,2.95,0,2.95
0.2,10.4,0.00,0.00,0,2.95,0,27.52,0,2.95,0,2.95
0.2,10.4,0.00,0.00,0,2.95,0,27.52,0,2.95,0,2.95
0.2,10.4,0.00,0.00,0,2.95,0,27.52,0,2.95,0,2.95
0.4,10.4,0.00,0.00,0,2.95,0,27.52,0,2.95,0,2.95
0.2,10.4,0.00,0.00,0,2.95,0,27.52,0,2.95,0,2.95
0.2,10.4,0.00,0.00,0,2.95,0,27.52,0,2.95,0,2.95
0.2,10.4,0.00,0.00,0,2.95,0,27.52,0,2.95,0,2.95
0.2,10.4,0.00,0.00,0,2.95,0,27.52,0,2.95,0,2.95
0.4,10.4,0.00,0.00,0,2.95,0,27.52,0,2.95,0,2.95
0.4,10.4,0.00,0.00,0,2.95,0,27.52,0,2.95,0,2.95
0.2,10.5,0.00,0.00,0,2.95,0,27.52,0,2.95,0,2.95
0.0,10.4,0.00,0.00,0,2.95,0,27.52,0,2.95,0,2.95
0.0,10.4,0.00,0.00,0,2.95,0,27.52,0,2.95,0,2.95
0.2,10.4,0.00,0.00,0,2.95,0,27.52,0,2.95,0,2.95
0.2,10.5,0.00,0.00,0,2.95,0,27.52,0,2.95,0,2.95
0.2,10.5,0.00,0.00,0,2.95,0,27.52,0,2.95,0,2.95
0.4,10.5,0.00,0.00,0,2.95,0,27.52,0,2.95,0,2.95
0.2,10.5,0.00,0.00,0,2.95,0,27.52,0,2.95,0,2.95
2.7,10.5,0.00,0.00,0,2.95,0,27.52,0,2.95,0,2.95
0.6,10.5,0.00,0.00,0,2.95,0,27.52,0,2.95,0,2.95
0.2,10.5,0.00,0.00,0,2.95,0,27.52,0,2.95,0,2.95
0.2,10.5,0.00,0.00,0,2.95,0,27.52,0,2.95,0,2.95
0.4,10.5,0.00,0.00,0,2.95,0,27.52,0,2.95,0,2.95
0.4,10.5,0.00,0.00,0,2.95,0,27.52,0,2.95,0,2.95
0.4,10.5,0.00,0.00,0,2.95,0,27.52,0,2.95,0,2.95
0.2,10.5,0.00,0.00,0,2.95,0,27.52,0,2.95,0,2.95
0.0,10.5,0.00,0.00,0,2.95,0,27.52,0,2.95,0,2.95
0.8,10.5,0.00,0.00,0,2.95,0,27.52,0,2.95,0,2.95
0.8,10.5,0.00,0.00,0,2.95,0,27.52,0,2.95,0,2.95
0.6,10.5,0.00,0.00,0,2.95,0,27.52,0,2.95,0,2.95
0.0,10.5,0.00,0.00,0,2.95,0,27.52,0,2.95,0,2.95
0.2,10.5,0.00,0.00,0,2.95,0,27.52,0,2.95,0,2.95
0.0,10.5,0.00,0.00,0,2.95,0,27.52,0,2.95,0,2.95
0.4,10.5,0.00,0.00,0,2.95,0,27.52,0,2.95,0,2.95
0.6,10.5,0.00,0.00,0,2.95,0,27.52,0,2.95,0,2.95
0.4,10.5,0.00,0.00,0,2.95,0,27.52,0,2.95,0,2.95
0.2,10.5,0.00,0.00,0,2.95,0,27.52,0,2.95,0,2.95
0.2,10.5,0.00,0.00,0,2.95,0,27.52,0,2.95,0,2.95
0.6,10.5,0.00,0.00,0,2.95,0,27.52,0,2.95,0,2.95
2.3,10.5,0.00,0.00,0,2.95,0,27.52,0,2.95,0,2.95
0.6,10.5,0.00,0.00,0,2.95,0,27.52,0,2.95,0,2.95
0.4,10.5,0.00,0.00,0,2.95,0,27.52,0,2.95,0,2.95
0.0,10.5,0.00,0.00,0,2.95,0,27.52,0,2.95,0,2.95
0.4,10.5,0.00,0.00,0,2.95,0,27.52,0,2.95,0,2.95
0.4,10.5,0.00,0.00,0,2.95,0,27.52,0,2.95,0,2.95
0.0,10.5,0.00,0.00,0,2.95,0,27.52,0,2.95,0,2.95
0.2,10.5,0.00,0.00,0,2.95,0,27.52,0,2.95,0,2.95
0.6,10.5,0.00,0.00,0,2.95,0,27.52,0,2.95,0,2.95
0.8,10.5,0.00,0.00,0,2.95,0,27.52,0,2.95,0,2.95
0.8,10.5,0.00,0.00,0,2.95,0,27.52,0,2.95,0,2.95
0.8,10.5,0.00,0.00,0,2.95,0,27.52,0,2.95,0,2.95
0.4,10.5,0.00,0.00,0,2.95,0,27.52,0,2.95,0,2.95
0.2,10.5,0.00,0.00,0,2.95,0,27.52,0,2.95,0,2.95
0.4,10.5,0.00,0.00,0,2.95,0,27.52,0,2.95,0,2.95
0.2,10.5,0.00,0.00,0,2.95,0,27.52,0,2.95,0,2.95
0.4,10.5,0.00,0.00,0,2.95,0,27.52,0,2.95,0,2.95
0.0,10.5,0.00,0.00,0,2.95,0,27.52,0,2.95,0,2.95
0.6,10.5,0.00,0.00,0,2.95,0,27.52,0,2.95,0,2.95
0.0,10.5,0.00,0.00,0,2.95,0,27.52,0,2.95,0,2.95
0.4,10.5,0.00,0.00,0,2.95,0,27.52,0,2.95,0,2.95
2.5,10.5,0.00,0.00,0,2.95,0,27.52,0,2.95,0,2.95
0.6,10.5,0.00,0.00,0,2.95,0,27.52,0,2.95,0,2.95
0.4,10.5,0.00,0.00,0,2.95,0,27.52,0,2.95,0,2.95
0.2,10.5,0.00,0.00,0,2.95,0,27.52,0,2.95,0,2.95
0.4,10.5,0.00,0.00,0,2.95,0,27.52,0,2.95,0,2.95
0.4,10.4,0.00,0.00,0,2.95,0,27.52,0,2.95,0,2.95
0.4,10.5,0.00,0.00,0,2.95,0,27.52,0,2.95,0,2.95
0.2,10.5,0.00,0.00,0,2.95,0,27.52,0,2.95,0,2.95
0.4,10.5,0.00,0.00,0,2.95,0,27.52,0,2.95,0,2.95
0.2,10.5,0.00,0.00,0,2.95,0,27.52,0,2.95,0,2.95
0.8,10.5,0.00,0.00,0,2.95,0,27.52,0,2.95,0,2.95
0.4,10.5,0.00,0.00,0,2.95,0,27.52,0,2.95,0,2.95
0.4,10.5,0.00,0.00,0,2.95,0,27.52,0,2.95,0,2.95
0.6,10.5,0.00,0.00,0,2.95,0,27.52,0,2.95,0,2.95
0.2,10.5,0.00,0.00,0,2.95,0,27.52,0,2.95,0,2.95
0.4,10.5,0.00,0.00,0,2.95,0,27.52,0,2.95,0,2.95
0.4,10.5,0.00,0.00,0,2.95,0,27.52,0,2.95,0,2.95
0.0,10.5,0.00,0.00,0,2.95,0,27.52,0,2.95,0,2.95
0.4,10.5,0.00,0.00,0,2.95,0,27.52,0,2.95,0,2.95
0.2,10.5,0.00,0.00,0,2.95,0,27.52,0,2.95,0,2.95
0.6,10.5,0.00,0.00,0,2.95,0,27.52,0,2.95,0,2.95
2.7,10.5,0.00,0.00,0,2.95,0,27.52,0,2.95,0,2.95
0.8,10.5,0.00,0.00,0,2.95,0,27.52,0,2.95,0,2.95
0.4,10.4,0.00,0.00,0,2.95,0,27.52,0,2.95,0,2.95
0.2,10.4,0.00,0.00,0,2.95,0,27.52,0,2.95,0,2.95
0.4,10.5,0.00,0.00,0,2.95,0,27.52,0,2.95,0,2.95
0.2,10.5,0.00,0.00,0,2.95,0,27.52,0,2.95,0,2.95
0.4,10.5,0.00,0.00,0,2.95,0,27.52,0,2.95,0,2.95
0.6,10.5,0.00,0.00,0,2.95,0,27.52,0,2.95,0,2.95
0.2,10.5,0.00,0.00,0,2.95,0,27.52,0,2.95,0,2.95
0.2,10.5,0.00,0.00,0,2.95,0,27.52,0,2.95,0,2.95
0.0,10.5,0.00,0.00,0,2.95,0,27.52,0,2.95,0,2.95
0.2,10.5,0.00,0.00,0,2.95,0,27.52,0,2.95,0,2.95
0.2,10.5,0.00,0.00,0,2.95,0,27.52,0,2.95,0,2.95
0.6,10.5,0.00,0.00,0,2.95,0,27.52,0,2.95,0,2.95
0.4,10.5,0.00,0.00,0,2.95,0,27.52,0,2.95,0,2.95
0.4,10.4,0.00,0.00,0,2.95,0,27.52,0,2.95,0,2.95
0.4,10.4,0.00,0.00,0,2.95,0,27.52,0,2.95,0,2.95
0.0,10.4,0.00,0.00,0,2.95,0,27.52,0,2.95,0,2.95
0.2,10.5,0.00,0.00,0,2.95,0,27.52,0,2.95,0,2.95
0.0,10.5,0.00,0.00,0,2.95,0,27.52,0,2.95,0,2.95
0.2,10.5,0.00,0.00,0,2.95,0,27.52,0,2.95,0,2.95
2.7,10.5,0.00,0.00,0,2.95,0,27.52,0,2.95,0,2.95
0.0,10.5,0.00,0.00,0,2.95,0,27.52,0,2.95,0,2.95
0.6,10.5,0.00,0.00,0,2.95,0,27.52,0,2.95,0,2.95
0.2,10.5,0.00,0.00,0,2.95,0,27.52,0,2.95,0,2.95
0.4,10.5,0.00,0.00,0,2.95,0,27.52,0,2.95,0,2.95
0.0,10.5,0.00,0.00,0,2.95,0,27.52,0,2.95,0,2.95
0.2,10.5,0.00,0.00,0,2.95,0,27.52,0,2.95,0,2.95
0.4,10.5,0.00,0.00,0,2.95,0,27.52,0,2.95,0,2.95
0.4,10.5,0.00,0.00,0,2.95,0,27.52,0,2.95,0,2.95
0.6,10.5,0.00,0.00,0,2.95,0,27.52,0,2.95,0,2.95
0.2,10.5,0.00,0.00,0,2.95,0,27.52,0,2.95,0,2.95
1.0,10.5,0.00,0.00,0,2.95,0,27.52,0,2.95,0,2.95
0.6,10.5,0.00,0.00,0,2.95,0,27.52,0,2.95,0,2.95
0.4,10.5,0.00,0.00,0,2.95,0,27.52,0,2.95,0,2.95
0.2,10.5,0.00,0.00,0,2.95,0,27.52,0,2.95,0,2.95
0.0,10.5,0.00,0.00,0,2.95,0,27.52,0,2.95,0,2.95
0.2,10.5,0.00,0.00,0,2.95,0,27.52,0,2.95,0,2.95
0.2,10.5,0.00,0.00,0,2.95,0,27.52,0,2.95,0,2.95
0.4,10.5,0.00,0.00,0,2.95,0,27.52,0,2.95,0,2.95
0.4,10.5,0.00,0.00,0,2.95,0,27.52,0,2.95,0,2.95
0.4,10.5,0.00,0.00,0,2.95,0,27.52,0,2.95,0,2.95
2.3,10.5,0.00,0.00,0,2.95,0,27.52,0,2.95,0,2.95
0.4,10.5,0.00,0.00,0,2.95,0,27.52,0,2.95,0,2.95
0.6,10.5,0.00,0.00,0,2.95,0,27.52,0,2.95,0,2.95
0.2,10.5,0.00,0.00,0,2.95,0,27.52,0,2.95,0,2.95
0.2,10.5,0.00,0.00,0,2.95,0,27.52,0,2.95,0,2.95
0.0,10.5,0.00,0.00,0,2.95,0,27.52,0,2.95,0,2.95
0.2,10.5,0.00,0.00,0,2.95,0,27.52,0,2.95,0,2.95
0.2,10.5,0.00,0.00,0,2.95,0,27.52,0,2.95,0,2.95
0.4,10.5,0.00,0.00,0,2.95,0,27.52,0,2.95,0,2.95
0.6,10.5,0.00,0.00,0,2.95,0,27.52,0,2.95,0,2.95
0.2,10.5,0.00,0.00,0,2.95,0,27.52,0,2.95,0,2.95
0.4,10.5,0.00,0.00,0,2.95,0,27.52,0,2.95,0,2.95
0.2,10.5,0.00,0.00,0,2.95,0,27.52,0,2.95,0,2.95
0.2,10.5,0.00,0.00,0,2.95,0,27.52,0,2.95,0,2.95
0.4,10.5,0.00,0.00,0,2.95,0,27.52,0,2.95,0,2.95
0.2,10.5,0.00,0.00,0,2.95,0,27.52,0,2.95,0,2.95
0.6,10.5,0.00,0.00,0,2.95,0,27.52,0,2.95,0,2.95
0.0,10.5,0.00,0.00,0,2.95,0,27.52,0,2.95,0,2.95
0.6,10.5,0.00,0.00,0,2.95,0,27.52,0,2.95,0,2.95
0.4,10.5,0.00,0.00,0,2.95,0,27.52,0,2.95,0,2.95
0.4,10.5,0.00,0.00,0,2.95,0,27.52,0,2.95,0,2.95
2.1,10.5,0.00,0.00,0,2.95,0,27.52,0,2.95,0,2.95
0.4,10.5,0.00,0.00,0,2.95,0,27.52,0,2.95,0,2.95
0.4,10.5,0.00,0.00,0,2.95,0,27.52,0,2.95,0,2.95
0.2,10.5,0.00,0.00,0,2.95,0,27.52,0,2.95,0,2.95
0.2,10.5,0.00,0.00,0,2.95,0,27.52,0,2.95,0,2.95
0.2,10.5,0.00,0.00,0,2.95,0,27.52,0,2.95,0,2.95
0.4,10.5,0.00,0.00,0,2.95,0,27.52,0,2.95,0,2.95
0.0,10.5,0.00,0.00,0,2.95,0,27.52,0,2.95,0,2.95
0.4,10.5,0.00,0.00,0,2.95,0,27.52,0,2.95,0,2.95
0.0,10.5,0.00,0.00,0,2.95,0,27.52,0,2.95,0,2.95
0.2,10.5,0.00,0.00,0,2.95,0,27.52,0,2.95,0,2.95
0.8,10.5,0.00,0.00,0,2.95,0,27.52,0,2.95,0,2.95
0.2,10.5,0.00,0.00,0,2.95,0,27.52,0,2.95,0,2.95
0.2,10.5,0.00,0.00,0,2.95,0,27.52,0,2.95,0,2.95
0.2,10.5,0.00,0.00,0,2.95,0,27.52,0,2.95,0,2.95
0.2,10.5,0.00,0.00,0,2.95,0,27.52,0,2.95,0,2.95
0.6,10.5,0.00,0.00,0,2.95,0,27.52,0,2.95,0,2.95
0.2,10.5,0.00,0.00,0,2.95,0,27.52,0,2.95,0,2.95
0.6,10.5,0.00,0.00,0,2.95,0,27.52,0,2.95,0,2.95
0.0,10.5,0.00,0.00,0,2.95,0,27.52,0,2.95,0,2.95
0.4,10.5,0.00,0.00,0,2.95,0,27.52,0,2.95,0,2.95
2.1,10.5,0.00,0.00,0,2.95,0,27.52,0,2.95,0,2.95
0.2,10.5,0.00,0.00,0,2.95,0,27.52,0,2.95,0,2.95
0.4,10.5,0.00,0.00,0,2.95,0,27.52,0,2.95,0,2.95
0.2,10.5,0.00,0.00,0,2.95,0,27.52,0,2.95,0,2.95
0.6,10.5,0.00,0.00,0,2.95,0,27.52,0,2.95,0,2.95
1.0,10.5,0.00,0.00,0,2.95,0,27.52,0,2.95,0,2.95
0.6,10.5,0.00,0.00,0,2.95,0,27.52,0,2.95,0,2.95
0.2,10.5,0.00,0.00,0,2.95,0,27.52,0,2.95,0,2.95
0.8,10.4,0.00,0.00,0,2.95,0,27.52,0,2.95,0,2.95
0.6,10.5,0.00,0.00,0,2.95,0,27.52,0,2.95,0,2.95
0.4,10.5,0.00,0.00,0,2.95,0,27.52,0,2.95,0,2.95
1.5,10.5,0.00,0.00,0,2.95,0,27.52,0,2.95,0,2.95
0.6,10.5,0.00,0.00,0,2.95,0,27.52,0,2.95,0,2.95
0.2,10.5,0.00,0.00,0,2.95,0,27.52,0,2.95,0,2.95
0.4,10.5,0.00,0.00,0,2.95,0,27.52,0,2.95,0,2.95
0.6,10.5,0.00,0.00,0,2.95,0,27.52,0,2.95,0,2.95
0.4,10.5,0.00,0.00,0,2.95,0,27.52,0,2.95,0,2.95
0.2,10.5,0.00,0.00,0,2.95,0,27.52,0,2.95,0,2.95
0.4,10.5,0.00,0.00,0,2.95,0,27.52,0,2.95,0,2.95
0.6,10.5,0.00,0.00,0,2.95,0,27.52,0,2.95,0,2.95
0.2,10.5,0.00,0.00,0,2.95,0,27.52,0,2.95,0,2.95
2.5,10.5,0.00,0.00,0,2.95,0,27.52,0,2.95,0,2.95
0.4,10.5,0.00,0.00,0,2.95,0,27.52,0,2.95,0,2.95
0.2,10.5,0.00,0.00,0,2.95,0,27.52,0,2.95,0,2.95
0.2,10.5,0.00,0.00,0,2.95,0,27.52,0,2.95,0,2.95
0.4,10.5,0.00,0.00,0,2.95,0,27.52,0,2.95,0,2.95
0.0,10.5,0.00,0.00,0,2.95,0,27.52,0,2.95,0,2.95
0.2,10.5,0.00,0.00,0,2.95,0,27.52,0,2.95,0,2.95
0.2,10.5,0.00,0.00,0,2.95,0,27.52,0,2.95,0,2.95
0.2,10.5,0.00,0.00,0,2.95,0,27.52,0,2.95,0,2.95
0.0,10.5,0.00,0.00,0,2.95,0,27.52,0,2.95,0,2.95
0.6,10.5,0.00,0.00,0,2.95,0,27.52,0,2.95,0,2.95
0.0,10.5,0.00,0.00,0,2.95,0,27.52,0,2.95,0,2.95
0.2,10.5,0.00,0.00,0,2.95,0,27.52,0,2.95,0,2.95
0.2,10.5,0.00,0.00,0,2.95,0,27.52,0,2.95,0,2.95
0.6,10.5,0.00,0.00,0,2.95,0,27.52,0,2.95,0,2.95
0.2,10.5,0.00,0.00,0,2.95,0,27.52,0,2.95,0,2.95
0.4,10.5,0.00,0.00,0,2.95,0,27.52,0,2.95,0,2.95
0.2,10.5,0.00,0.00,0,2.95,0,27.52,0,2.95,0,2.95
0.4,10.5,0.00,0.00,0,2.95,0,27.52,0,2.95,0,2.95
0.2,10.5,0.00,0.00,0,2.95,0,27.52,0,2.95,0,2.95
0.0,10.5,0.00,0.00,0,2.95,0,27.52,0,2.95,0,2.95
2.1,10.5,0.00,0.00,0,2.95,0,27.52,0,2.95,0,2.95
0.0,10.5,0.00,0.00,0,2.95,0,27.52,0,2.95,0,2.95
0.2,10.5,0.00,0.00,0,2.95,0,27.52,0,2.95,0,2.95
0.0,10.5,0.00,0.00,0,2.95,0,27.52,0,2.95,0,2.95
0.4,10.5,0.00,0.00,0,2.95,0,27.52,0,2.95,0,2.95
0.4,10.5,0.00,0.00,0,2.95,0,27.52,0,2.95,0,2.95
0.4,10.5,0.00,0.00,0,2.95,0,27.52,0,2.95,0,2.95
0.4,10.5,0.00,0.00,0,2.95,0,27.52,0,2.95,0,2.95
0.2,10.5,0.00,0.00,0,2.95,0,27.52,0,2.95,0,2.95
0.6,10.5,0.00,0.00,0,2.95,0,27.52,0,2.95,0,2.95
1.0,10.5,0.00,0.00,0,2.95,0,27.52,0,2.95,0,2.95
0.4,10.5,0.00,0.00,0,2.95,0,27.52,0,2.95,0,2.95
0.0,10.5,0.00,0.00,0,2.95,0,27.52,0,2.95,0,2.95
0.2,10.5,0.00,0.00,0,2.95,0,27.52,0,2.95,0,2.95
0.4,10.5,0.00,0.00,0,2.95,0,27.52,0,2.95,0,2.95
0.2,10.5,0.00,0.00,0,2.95,0,27.52,0,2.95,0,2.95
0.0,10.5,0.00,0.00,0,2.95,0,27.52,0,2.95,0,2.95
0.4,10.5,0.00,0.00,0,2.95,0,27.52,0,2.95,0,2.95
0.6,10.5,0.00,0.00,0,2.95,0,27.52,0,2.95,0,2.95
0.2,10.5,0.00,0.00,0,2.95,0,27.52,0,2.95,0,2.95
0.0,10.5,0.00,0.00,0,2.95,0,27.52,0,2.95,0,2.95
1.9,10.5,0.00,0.00,0,2.95,0,27.52,0,2.95,0,2.95
0.6,10.5,0.00,0.00,0,2.95,0,27.52,0,2.95,0,2.95
0.2,10.5,0.00,0.00,0,2.95,0,27.52,0,2.95,0,2.95
0.2,10.5,0.00,0.00,0,2.95,0,27.52,0,2.95,0,2.95
0.6,10.5,0.00,0.00,0,2.95,0,27.52,0,2.95,0,2.95
0.0,10.5,0.00,0.00,0,2.95,0,27.52,0,2.95,0,2.95
0.4,10.5,0.00,0.00,0,2.95,0,27.52,0,2.95,0,2.95
0.4,10.5,0.00,0.00,0,2.95,0,27.52,0,2.95,0,2.95
0.2,10.5,0.00,0.00,0,2.95,0,27.52,0,2.95,0,2.95
0.6,10.5,0.00,0.00,0,2.95,0,27.52,0,2.95,0,2.95
0.6,10.5,0.00,0.00,0,2.95,0,27.52,0,2.95,0,2.95
1.7,10.5,0.00,0.00,0,2.95,0,27.52,0,2.95,0,2.95
0.6,10.5,0.00,0.00,0,2.95,0,27.52,0,2.95,0,2.95
0.0,10.5,0.00,0.00,0,2.95,0,27.52,0,2.95,0,2.95
0.8,10.5,0.00,0.00,0,2.95,0,27.52,0,2.95,0,2.95
0.4,10.5,0.00,0.00,0,2.95,0,27.52,0,2.95,0,2.95
0.6,10.5,0.00,0.00,0,2.95,0,27.52,0,2.95,0,2.95
0.2,10.5,0.00,0.00,0,2.95,0,27.52,0,2.95,0,2.95
0.8,10.5,0.00,0.00,0,2.95,0,27.52,0,2.95,0,2.95
0.4,10.5,0.00,0.00,0,2.95,0,27.52,0,2.95,0,2.95
0.2,10.5,0.00,0.00,0,2.95,0,27.52,0,2.95,0,2.95
1.9,10.5,0.00,0.00,0,2.95,0,27.52,0,2.95,0,2.95
0.6,10.5,0.00,0.00,0,2.95,0,27.52,0,2.95,0,2.95
0.2,10.5,0.00,0.00,0,2.95,0,27.52,0,2.95,0,2.95
0.4,10.5,0.00,0.00,0,2.95,0,27.52,0,2.95,0,2.95
0.2,10.5,0.00,0.00,0,2.95,0,27.52,0,2.95,0,2.95
0.2,10.5,0.00,0.00,0,2.95,0,27.52,0,2.95,0,2.95
0.4,10.5,0.00,0.00,0,2.95,0,27.52,0,2.95,0,2.95
0.4,10.5,0.00,0.00,0,2.95,0,27.52,0,2.95,0,2.95
0.6,10.5,0.00,0.00,0,2.95,0,27.52,0,2.95,0,2.95
0.6,10.5,0.00,0.00,0,2.95,0,27.52,0,2.95,0,2.95
1.2,10.5,0.00,0.00,0,2.95,0,27.52,0,2.95,0,2.95
0.4,10.5,0.00,0.00,0,2.95,0,27.52,0,2.95,0,2.95
0.4,10.5,0.00,0.00,0,2.95,0,27.52,0,2.95,0,2.95
0.2,10.5,0.00,0.00,0,2.95,0,27.52,0,2.95,0,2.95
0.0,10.5,0.00,0.00,0,2.95,0,27.52,0,2.95,0,2.95
0.4,10.5,0.00,0.00,0,2.95,0,27.52,0,2.95,0,2.95
0.2,10.5,0.00,0.00,0,2.95,0,27.52,0,2.95,0,2.95
0.0,10.5,0.00,0.00,0,2.95,0,27.52,0,2.95,0,2.95
0.4,10.5,0.00,0.00,0,2.95,0,27.52,0,2.95,0,2.95
0.2,10.5,0.00,0.00,0,2.95,0,27.52,0,2.95,0,2.95
0.2,10.5,0.00,0.00,0,2.95,0,27.52,0,2.95,0,2.95
2.3,10.5,0.00,0.00,0,2.95,0,27.52,0,2.95,0,2.95
0.8,10.5,0.00,0.00,0,2.95,0,27.52,0,2.95,0,2.95
0.0,10.5,0.00,0.00,0,2.95,0,27.52,0,2.95,0,2.95
0.2,10.5,0.00,0.00,0,2.95,0,27.52,0,2.95,0,2.95
0.4,10.5,0.00,0.00,0,2.95,0,27.52,0,2.95,0,2.95
0.4,10.5,0.00,0.00,0,2.95,0,27.52,0,2.95,0,2.95
0.2,10.5,0.00,0.00,0,2.95,0,27.52,0,2.95,0,2.95
0.2,10.5,0.00,0.00,0,2.95,0,27.52,0,2.95,0,2.95
0.4,10.5,0.00,0.00,0,2.95,0,27.52,0,2.95,0,2.95
0.2,10.5,0.00,0.00,0,2.95,0,27.52,0,2.95,0,2.95
0.8,10.5,0.00,0.00,0,2.95,0,27.52,0,2.95,0,2.95
0.2,10.5,0.00,0.00,0,2.95,0,27.52,0,2.95,0,2.95
0.2,10.5,0.00,0.00,0,2.95,0,27.52,0,2.95,0,2.95
0.6,10.5,0.00,0.00,0,2.95,0,27.52,0,2.95,0,2.95
0.0,10.5,0.00,0.00,0,2.95,0,27.52,0,2.95,0,2.95
0.0,10.5,0.00,0.00,0,2.95,0,27.52,0,2.95,0,2.95
0.2,10.5,0.00,0.00,0,2.95,0,27.52,0,2.95,0,2.95
0.4,10.5,0.00,0.00,0,2.95,0,27.52,0,2.95,0,2.95
0.4,10.5,0.00,0.00,0,2.95,0,27.52,0,2.95,0,2.95
0.2,10.5,0.00,0.00,0,2.95,0,27.52,0,2.95,0,2.95
0.2,10.5,0.00,0.00,0,2.95,0,27.52,0,2.95,0,2.95
2.5,10.5,0.00,0.00,0,2.95,0,27.52,0,2.95,0,2.95
0.4,10.5,0.00,0.00,0,2.95,0,27.52,0,2.95,0,2.95
0.4,10.5,0.00,0.00,0,2.95,0,27.52,0,2.95,0,2.95
0.4,10.5,0.00,0.00,0,2.95,0,27.52,0,2.95,0,2.95
0.2,10.5,0.00,0.00,0,2.95,0,27.52,0,2.95,0,2.95
0.2,10.5,0.00,0.00,0,2.95,0,27.52,0,2.95,0,2.95
0.4,10.5,0.00,0.00,0,2.95,0,27.52,0,2.95,0,2.95
0.2,10.5,0.00,0.00,0,2.95,0,27.52,0,2.95,0,2.95
0.0,10.5,0.00,0.00,0,2.95,0,27.52,0,2.95,0,2.95
0.6,10.5,0.00,0.00,0,2.95,0,27.52,0,2.95,0,2.95
0.8,10.5,0.00,0.00,0,2.95,0,27.52,0,2.95,0,2.95
0.6,10.5,0.00,0.00,0,2.95,0,27.52,0,2.95,0,2.95
0.2,10.5,0.00,0.00,0,2.95,0,27.52,0,2.95,0,2.95
0.2,10.5,0.00,0.00,0,2.95,0,27.52,0,2.95,0,2.95
0.2,10.5,0.00,0.00,0,2.95,0,27.52,0,2.95,0,2.95
0.4,10.5,0.00,0.00,0,2.95,0,27.52,0,2.95,0,2.95
0.4,10.5,0.00,0.00,0,2.95,0,27.52,0,2.95,0,2.95
0.6,10.5,0.00,0.00,0,2.95,0,27.52,0,2.95,0,2.95
0.4,10.5,0.00,0.00,0,2.95,0,27.52,0,2.95,0,2.95
0.2,10.5,0.00,0.00,0,2.95,0,27.52,0,2.95,0,2.95
0.4,10.5,0.00,0.00,0,2.95,0,27.52,0,2.95,0,2.95
2.1,10.5,0.00,0.00,0,2.95,0,27.52,0,2.95,0,2.95
0.2,10.5,0.00,0.00,0,2.95,0,27.52,0,2.95,0,2.95
0.0,10.5,0.00,0.00,0,2.95,0,27.52,0,2.95,0,2.95
0.2,10.5,0.00,0.00,0,2.95,0,27.52,0,2.95,0,2.95
0.4,10.5,0.00,0.00,0,2.95,0,27.52,0,2.95,0,2.95
0.4,10.5,0.00,0.00,0,2.95,0,27.52,0,2.95,0,2.95
0.2,10.5,0.00,0.00,0,2.95,0,27.52,0,2.95,0,2.95
0.4,10.5,0.00,0.00,0,2.95,0,27.52,0,2.95,0,2.95
0.0,10.5,0.00,0.00,0,2.95,0,27.52,0,2.95,0,2.95
0.6,10.5,0.00,0.00,0,2.95,0,27.52,0,2.95,0,2.95
0.8,10.5,0.00,0.00,0,2.95,0,27.52,0,2.95,0,2.95
0.2,10.5,0.00,0.00,0,2.95,0,27.52,0,2.95,0,2.95
0.0,10.5,0.00,0.00,0,2.95,0,27.52,0,2.95,0,2.95
0.6,10.5,0.00,0.00,0,2.95,0,27.52,0,2.95,0,2.95
0.2,10.5,0.00,0.00,0,2.95,0,27.52,0,2.95,0,2.95
0.2,10.5,0.00,0.00,0,2.95,0,27.52,0,2.95,0,2.95
0.4,10.5,0.00,0.00,0,2.95,0,27.52,0,2.95,0,2.95
0.2,10.5,0.00,0.00,0,2.95,0,27.52,0,2.95,0,2.95
0.6,10.5,0.00,0.00,0,2.95,0,27.52,0,2.95,0,2.95
0.2,10.5,0.00,0.00,0,2.95,0,27.52,0,2.95,0,2.95
0.6,10.5,0.00,0.00,0,2.95,0,27.52,0,2.95,0,2.95
2.1,10.5,0.00,0.00,0,2.95,0,27.52,0,2.95,0,2.95
0.6,10.5,0.00,0.00,0,2.95,0,27.52,0,2.95,0,2.95
0.2,10.5,0.00,0.00,0,2.95,0,27.52,0,2.95,0,2.95
0.0,10.5,0.00,0.00,0,2.95,0,27.52,0,2.95,0,2.95
0.8,10.5,0.00,0.00,0,2.95,0,27.52,0,2.95,0,2.95
0.2,10.5,0.00,0.00,0,2.95,0,27.52,0,2.95,0,2.95
0.2,10.5,0.00,0.00,0,2.95,0,27.52,0,2.95,0,2.95
0.0,10.5,0.00,0.00,0,2.95,0,27.52,0,2.95,0,2.95
0.2,10.5,0.00,0.00,0,2.95,0,27.52,0,2.95,0,2.95
0.2,10.5,0.00,0.00,0,2.95,0,27.52,0,2.95,0,2.95
0.8,10.5,0.00,0.00,0,2.95,0,27.52,0,2.95,0,2.95
0.4,10.5,0.00,0.00,0,2.95,0,27.52,0,2.95,0,2.95
0.0,10.5,0.00,0.00,0,2.95,0,27.52,0,2.95,0,2.95
0.4,10.5,0.00,0.00,0,2.95,0,27.52,0,2.95,0,2.95
0.2,10.5,0.00,0.00,0,2.95,0,27.52,0,2.95,0,2.95
0.0,10.5,0.00,0.00,0,2.95,0,27.52,0,2.95,0,2.95
0.2,10.5,0.00,0.00,0,2.95,0,27.52,0,2.95,0,2.95
0.2,10.5,0.00,0.00,0,2.95,0,27.52,0,2.95,0,2.95
0.4,10.5,0.00,0.00,0,2.95,0,27.52,0,2.95,0,2.95
0.2,10.5,0.00,0.00,0,2.95,0,27.52,0,2.95,0,2.95
0.2,10.5,0.00,0.00,0,2.95,0,27.52,0,2.95,0,2.95
1.7,10.5,0.00,0.00,0,2.95,0,27.52,0,2.95,0,2.95
0.4,10.5,0.00,0.00,0,2.95,0,27.52,0,2.95,0,2.95
0.2,10.5,0.00,0.00,0,2.95,0,27.52,0,2.95,0,2.95
0.2,10.5,0.00,0.00,0,2.95,0,27.52,0,2.95,0,2.95
0.2,10.5,0.00,0.00,0,2.95,0,27.52,0,2.95,0,2.95
0.6,10.5,0.00,0.00,0,2.95,0,27.52,0,2.95,0,2.95
0.4,10.5,0.00,0.00,0,2.95,0,27.52,0,2.95,0,2.95
0.2,10.5,0.00,0.00,0,2.95,0,27.52,0,2.95,0,2.95
0.4,10.5,0.00,0.00,0,2.95,0,27.52,0,2.95,0,2.95
0.6,10.5,0.00,0.00,0,2.95,0,27.52,0,2.95,0,2.95
1.0,10.5,0.00,0.00,0,2.95,0,27.52,0,2.95,0,2.95
0.6,10.5,0.00,0.00,0,2.95,0,27.52,0,2.95,0,2.95
0.4,10.5,0.00,0.00,0,2.95,0,27.52,0,2.95,0,2.95
0.4,10.5,0.00,0.00,0,2.95,0,27.52,0,2.95,0,2.95
0.4,10.5,0.00,0.00,0,2.95,0,27.52,0,2.95,0,2.95
0.0,10.5,0.00,0.00,0,2.95,0,27.52,0,2.95,0,2.95
0.4,10.5,0.00,0.00,0,2.95,0,27.52,0,2.95,0,2.95
0.6,10.5,0.00,0.00,0,2.95,0,27.52,0,2.95,0,2.95
0.2,10.5,0.00,0.00,0,2.95,0,27.52,0,2.95,0,2.95
0.0,10.5,0.00,0.00,0,2.95,0,27.52,0,2.95,0,2.95
0.4,10.5,0.00,0.00,0,2.95,0,27.52,0,2.95,0,2.95
1.9,10.5,0.00,0.00,0,2.95,0,27.52,0,2.95,0,2.95
0.4,10.5,0.00,0.00,0,2.95,0,27.52,0,2.95,0,2.95
0.4,10.5,0.00,0.00,0,2.95,0,27.52,0,2.95,0,2.95
0.0,10.5,0.00,0.00,0,2.95,0,27.52,0,2.95,0,2.95
0.4,10.5,0.00,0.00,0,2.95,0,27.52,0,2.95,0,2.95
0.4,10.5,0.00,0.00,0,2.95,0,27.52,0,2.95,0,2.95
0.4,10.5,0.00,0.00,0,2.95,0,27.52,0,2.95,0,2.95
0.0,10.5,0.00,0.00,0,2.95,0,27.52,0,2.95,0,2.95
0.2,10.5,0.00,0.00,0,2.95,0,27.52,0,2.95,0,2.95
0.0,10.5,0.00,0.00,0,2.95,0,27.52,0,2.95,0,2.95
0.8,10.5,0.00,0.00,0,2.95,0,27.52,0,2.95,0,2.95
0.2,10.5,0.00,0.00,0,2.95,0,27.52,0,2.95,0,2.95
0.0,10.5,0.00,0.00,0,2.95,0,27.52,0,2.95,0,2.95
0.4,10.5,0.00,0.00,0,2.95,0,27.52,0,2.95,0,2.95
0.2,10.5,0.00,0.00,0,2.95,0,27.52,0,2.95,0,2.95
0.4,10.5,0.00,0.00,0,2.95,0,27.52,0,2.95,0,2.95
0.2,10.5,0.00,0.00,0,2.95,0,27.52,0,2.95,0,2.95
0.0,10.5,0.00,0.00,0,2.95,0,27.52,0,2.95,0,2.95
0.4,10.5,0.00,0.00,0,2.95,0,27.52,0,2.95,0,2.95
0.6,10.5,0.00,0.00,0,2.95,0,27.52,0,2.95,0,2.95
0.4,10.5,0.00,0.00,0,2.95,0,27.52,0,2.95,0,2.95
2.5,10.5,0.00,0.00,0,2.95,0,27.52,0,2.95,0,2.95
0.4,10.5,0.00,0.00,0,2.95,0,27.52,0,2.95,0,2.95
0.2,10.5,0.00,0.00,0,2.95,0,27.52,0,2.95,0,2.95
0.6,10.5,0.00,0.00,0,2.95,0,27.52,0,2.95,0,2.95
0.4,10.5,0.00,0.00,0,2.95,0,27.52,0,2.95,0,2.95
0.2,10.5,0.00,0.00,0,2.95,0,27.52,0,2.95,0,2.95
0.4,10.5,0.00,0.00,0,2.95,0,27.52,0,2.95,0,2.95
0.4,10.5,0.00,0.00,0,2.95,0,27.52,0,2.95,0,2.95
0.2,10.5,0.00,0.00,0,2.95,0,27.52,0,2.95,0,2.95
0.0,10.5,0.00,0.00,0,2.95,0,27.52,0,2.95,0,2.95
0.6,10.5,0.00,0.00,0,2.95,0,27.52,0,2.95,0,2.95
0.4,10.5,0.00,0.00,0,2.95,0,27.52,0,2.95,0,2.95
0.0,10.5,0.00,0.00,0,2.95,0,27.52,0,2.95,0,2.95
0.6,10.5,0.00,0.00,0,2.95,0,27.52,0,2.95,0,2.95
0.2,10.5,0.00,0.00,0,2.95,0,27.52,0,2.95,0,2.95
0.2,10.5,0.00,0.00,0,2.95,0,27.52,0,2.95,0,2.95
0.2,10.5,0.00,0.00,0,2.95,0,27.52,0,2.95,0,2.95
0.0,10.5,0.00,0.00,0,2.95,0,27.52,0,2.95,0,2.95
0.4,10.5,0.00,0.00,0,2.95,0,27.52,0,2.95,0,2.95
0.0,10.5,0.00,0.00,0,2.95,0,27.52,0,2.95,0,2.95
0.8,10.5,0.00,0.00,0,2.95,0,27.52,0,2.95,0,2.95
2.1,10.5,0.00,0.00,0,2.95,0,27.52,0,2.95,0,2.95
0.0,10.5,0.00,0.00,0,2.95,0,27.52,0,2.95,0,2.95
0.4,10.5,0.00,0.00,0,2.95,0,27.52,0,2.95,0,2.95
0.2,10.5,0.00,0.00,0,2.95,0,27.52,0,2.95,0,2.95
0.4,10.5,0.00,0.00,0,2.95,0,27.52,0,2.95,0,2.95
0.0,10.5,0.00,0.00,0,2.95,0,27.52,0,2.95,0,2.95
0.6,10.5,0.00,0.00,0,2.95,0,27.52,0,2.95,0,2.95
0.2,10.5,0.00,0.00,0,2.95,0,27.52,0,2.95,0,2.95
0.2,10.5,0.00,0.00,0,2.95,0,27.52,0,2.95,0,2.95
0.6,10.5,0.00,0.00,0,2.95,0,27.52,0,2.95,0,2.95
1.4,10.5,0.00,0.00,0,2.95,0,27.52,0,2.95,0,2.95
1.2,10.5,0.00,0.00,0,2.95,0,27.52,0,2.95,0,2.95
0.6,10.5,0.00,0.00,0,2.95,0,27.52,0,2.95,0,2.95
0.0,10.5,0.00,0.00,0,2.95,0,27.52,0,2.95,0,2.95
0.2,10.5,0.00,0.00,0,2.95,0,27.52,0,2.95,0,2.95
0.2,10.5,0.00,0.00,0,2.95,0,27.52,0,2.95,0,2.95
0.4,10.5,0.00,0.00,0,2.95,0,27.52,0,2.95,0,2.95
0.2,10.5,0.00,0.00,0,2.95,0,27.52,0,2.95,0,2.95
0.4,10.5,0.00,0.00,0,2.95,0,27.52,0,2.95,0,2.95
0.2,10.5,0.00,0.00,0,2.95,0,27.52,0,2.95,0,2.95
0.4,10.5,0.00,0.00,0,2.95,0,27.52,0,2.95,0,2.95
1.7,10.5,0.00,0.00,0,2.95,0,27.52,0,2.95,0,2.95
0.4,10.5,0.00,0.00,0,2.95,0,27.52,0,2.95,0,2.95
0.4,10.5,0.00,0.00,0,2.95,0,27.52,0,2.95,0,2.95
0.2,10.5,0.00,0.00,0,2.95,0,27.52,0,2.95,0,2.95
0.6,10.5,0.00,0.00,0,2.95,0,27.52,0,2.95,0,2.95
0.2,10.5,0.00,0.00,0,2.95,0,27.52,0,2.95,0,2.95
0.4,10.5,0.00,0.00,0,2.95,0,27.52,0,2.95,0,2.95
0.0,10.5,0.00,0.00,0,2.95,0,27.52,0,2.95,0,2.95
0.2,10.5,0.00,0.00,0,2.95,0,27.52,0,2.95,0,2.95
0.0,10.5,0.00,0.00,0,2.95,0,27.52,0,2.95,0,2.95
0.2,10.5,0.00,0.00,0,2.95,0,27.52,0,2.95,0,2.95
1.2,10.5,0.00,0.00,0,2.95,0,27.52,0,2.95,0,2.95
0.4,10.5,0.00,0.00,0,2.95,0,27.52,0,2.95,0,2.95
0.6,10.5,0.00,0.00,0,2.95,0,27.52,0,2.95,0,2.95
0.2,10.5,0.00,0.00,0,2.95,0,27.52,0,2.95,0,2.95
0.0,10.5,0.00,0.00,0,2.95,0,27.52,0,2.95,0,2.95
0.0,10.5,0.00,0.00,0,2.95,0,27.52,0,2.95,0,2.95
0.2,10.5,0.00,0.00,0,2.95,0,27.52,0,2.95,0,2.95
0.4,10.5,0.00,0.00,0,2.95,0,27.52,0,2.95,0,2.95
0.0,10.5,0.00,0.00,0,2.95,0,27.52,0,2.95,0,2.95
0.4,10.5,0.00,0.00,0,2.95,0,27.52,0,2.95,0,2.95
1.3,10.5,0.00,0.00,0,2.95,0,27.52,0,2.95,0,2.95
0.2,10.5,0.00,0.00,0,2.95,0,27.52,0,2.95,0,2.95
0.2,10.5,0.00,0.00,0,2.95,0,27.52,0,2.95,0,2.95
0.0,10.5,0.00,0.00,0,2.95,0,27.52,0,2.95,0,2.95
0.0,10.5,0.00,0.00,0,2.95,0,27.52,0,2.95,0,2.95
0.2,10.5,0.00,0.00,0,2.95,0,27.52,0,2.95,0,2.95
0.2,10.5,0.00,0.00,0,2.95,0,27.52,0,2.95,0,2.95
0.2,10.5,0.00,0.00,0,2.95,0,27.52,0,2.95,0,2.95
0.2,10.5,0.00,0.00,0,2.95,0,27.52,0,2.95,0,2.95
0.4,10.5,0.00,0.00,0,2.95,0,27.52,0,2.95,0,2.95
0.2,10.5,0.00,0.00,0,2.95,0,27.52,0,2.95,0,2.95
1.3,10.5,0.00,0.00,0,2.95,0,27.52,0,2.95,0,2.95
0.0,10.5,0.00,0.00,0,2.95,0,27.52,0,2.95,0,2.95
0.4,10.5,0.00,0.00,0,2.95,0,27.52,0,2.95,0,2.95
0.2,10.5,0.00,0.00,0,2.95,0,27.52,0,2.95,0,2.95
0.2,10.5,0.00,0.00,0,2.95,0,27.52,0,2.95,0,2.95
0.0,10.5,0.00,0.00,0,2.95,0,27.52,0,2.95,0,2.95
0.2,10.5,0.00,0.00,0,2.95,0,27.52,0,2.95,0,2.95
0.4,10.5,0.00,0.00,0,2.95,0,27.52,0,2.95,0,2.95
0.2,10.5,0.00,0.00,0,2.95,0,27.52,0,2.95,0,2.95
0.6,10.5,0.00,0.00,0,2.95,0,27.52,0,2.95,0,2.95
1.5,10.5,0.00,0.00,0,2.95,0,27.52,0,2.95,0,2.95
0.4,10.5,0.00,0.00,0,2.95,0,27.52,0,2.95,0,2.95
0.4,10.5,0.00,0.00,0,2.95,0,27.52,0,2.95,0,2.95
0.4,10.5,0.00,0.00,0,2.95,0,27.52,0,2.95,0,2.95
0.8,10.5,0.00,0.00,0,2.95,0,27.52,0,2.95,0,2.95
0.2,10.5,0.00,0.00,0,2.95,0,27.52,0,2.95,0,2.95
0.2,10.5,0.00,0.00,0,2.95,0,27.52,0,2.95,0,2.95
0.4,10.5,0.00,0.00,0,2.95,0,27.52,0,2.95,0,2.95
0.2,10.5,0.00,0.00,0,2.95,0,27.52,0,2.95,0,2.95
0.8,10.5,0.00,0.00,0,2.95,0,27.52,0,2.95,0,2.95
0.2,10.5,0.00,0.00,0,2.95,0,27.52,0,2.95,0,2.95
1.7,10.5,0.00,0.00,0,2.95,0,27.52,0,2.95,0,2.95
0.4,10.5,0.00,0.00,0,2.95,0,27.52,0,2.95,0,2.95
0.6,10.5,0.00,0.00,0,2.95,0,27.52,0,2.95,0,2.95
0.4,10.5,0.00,0.00,0,2.95,0,27.52,0,2.95,0,2.95
0.2,10.5,0.00,0.00,0,2.95,0,27.52,0,2.95,0,2.95
0.4,10.5,0.00,0.00,0,2.95,0,27.52,0,2.95,0,2.95
0.0,10.5,0.00,0.00,0,2.95,0,27.52,0,2.95,0,2.95
0.6,10.5,0.00,0.00,0,2.95,0,27.52,0,2.95,0,2.95
0.0,10.5,0.00,0.00,0,2.95,0,27.52,0,2.95,0,2.95
0.6,10.5,0.00,0.00,0,2.95,0,27.52,0,2.95,0,2.95
1.7,10.5,0.00,0.00,0,2.95,0,27.52,0,2.95,0,2.95
0.4,10.5,0.00,0.00,0,2.95,0,27.52,0,2.95,0,2.95
0.0,10.5,0.00,0.00,0,2.95,0,27.52,0,2.95,0,2.95
0.2,10.5,0.00,0.00,0,2.95,0,27.52,0,2.95,0,2.95
0.4,10.5,0.00,0.00,0,2.95,0,27.52,0,2.95,0,2.95
0.2,10.5,0.00,0.00,0,2.95,0,27.52,0,2.95,0,2.95
0.4,10.5,0.00,0.00,0,2.95,0,27.52,0,2.95,0,2.95
0.6,10.5,0.00,0.00,0,2.95,0,27.52,0,2.95,0,2.95
0.4,10.5,0.00,0.00,0,2.95,0,27.52,0,2.95,0,2.95
0.2,10.5,0.00,0.00,0,2.95,0,27.52,0,2.95,0,2.95
0.2,10.5,0.00,0.00,0,2.95,0,27.52,0,2.95,0,2.95
0.0,10.5,0.00,0.00,0,2.95,0,27.52,0,2.95,0,2.95
0.6,10.5,0.00,0.00,0,2.95,0,27.52,0,2.95,0,2.95
0.2,10.5,0.00,0.00,0,2.95,0,27.52,0,2.95,0,2.95
0.4,10.5,0.00,0.00,0,2.95,0,27.52,0,2.95,0,2.95
0.0,10.5,0.00,0.00,0,2.95,0,27.52,0,2.95,0,2.95
0.2,10.5,0.00,0.00,0,2.95,0,27.52,0,2.95,0,2.95
0.4,10.5,0.00,0.00,0,2.95,0,27.52,0,2.95,0,2.95
0.0,10.5,0.00,0.00,0,2.95,0,27.52,0,2.95,0,2.95
0.4,10.5,0.00,0.00,0,2.95,0,27.52,0,2.95,0,2.95
0.6,10.5,0.00,0.00,0,2.95,0,27.52,0,2.95,0,2.95
1.9,10.5,0.00,0.00,0,2.95,0,27.52,0,2.95,0,2.95
0.2,10.5,0.00,0.00,0,2.95,0,27.52,0,2.95,0,2.95
0.2,10.5,0.00,0.00,0,2.95,0,27.52,0,2.95,0,2.95
0.2,10.5,0.00,0.00,0,2.95,0,27.52,0,2.95,0,2.95
0.0,10.5,0.00,0.00,0,2.95,0,27.52,0,2.95,0,2.95
0.2,10.5,0.00,0.00,0,2.95,0,27.52,0,2.95,0,2.95
0.4,10.5,0.00,0.00,0,2.95,0,27.52,0,2.95,0,2.95
0.2,10.5,0.00,0.00,0,2.95,0,27.52,0,2.95,0,2.95
0.4,10.5,0.00,0.00,0,2.95,0,27.52,0,2.95,0,2.95
0.4,10.5,0.00,0.00,0,2.95,0,27.52,0,2.95,0,2.95
0.6,10.5,0.00,0.00,0,2.95,0,27.52,0,2.95,0,2.95
0.4,10.5,0.00,0.00,0,2.95,0,27.52,0,2.95,0,2.95
0.6,10.5,0.00,0.00,0,2.95,0,27.52,0,2.95,0,2.95
0.2,10.5,0.00,0.00,0,2.95,0,27.52,0,2.95,0,2.95
0.6,10.5,0.00,0.00,0,2.95,0,27.52,0,2.95,0,2.95
0.2,10.5,0.00,0.00,0,2.95,0,27.52,0,2.95,0,2.95
0.0,10.5,0.00,0.00,0,2.95,0,27.52,0,2.95,0,2.95
0.0,10.5,0.00,0.00,0,2.95,0,27.52,0,2.95,0,2.95
0.4,10.5,0.00,0.00,0,2.95,0,27.52,0,2.95,0,2.95
0.0,10.5,0.00,0.00,0,2.95,0,27.52,0,2.95,0,2.95
0.2,10.5,0.00,0.00,0,2.95,0,27.52,0,2.95,0,2.95
2.1,10.5,0.00,0.00,0,2.95,0,27.52,0,2.95,0,2.95
0.2,10.5,0.00,0.00,0,2.95,0,27.52,0,2.95,0,2.95
0.0,10.5,0.00,0.00,0,2.95,0,27.52,0,2.95,0,2.95
0.0,10.5,0.00,0.00,0,2.95,0,27.52,0,2.95,0,2.95
0.0,10.5,0.00,0.00,0,2.95,0,27.52,0,2.95,0,2.95
0.4,10.5,0.00,0.00,0,2.95,0,27.52,0,2.95,0,2.95
0.4,10.5,0.00,0.00,0,2.95,0,27.52,0,2.95,0,2.95
0.4,10.5,0.00,0.00,0,2.95,0,27.52,0,2.95,0,2.95
0.4,10.5,0.00,0.00,0,2.95,0,27.52,0,2.95,0,2.95
0.6,10.5,0.00,0.00,0,2.95,0,27.52,0,2.95,0,2.95
1.5,10.5,0.00,0.00,0,2.95,0,27.52,0,2.95,0,2.95
0.4,10.5,0.00,0.00,0,2.95,0,27.52,0,2.95,0,2.95
0.4,10.5,0.00,0.00,0,2.95,0,27.52,0,2.95,0,2.95
0.4,10.5,0.00,0.00,0,2.95,0,27.52,0,2.95,0,2.95
0.0,10.5,0.00,0.00,0,2.95,0,27.52,0,2.95,0,2.95
0.2,10.5,0.00,0.00,0,2.95,0,27.52,0,2.95,0,2.95
0.2,10.5,0.00,0.00,0,2.95,0,27.52,0,2.95,0,2.95
0.4,10.5,0.00,0.00,0,2.95,0,27.52,0,2.95,0,2.95
0.4,10.5,0.00,0.00,0,2.95,0,27.52,0,2.95,0,2.95
0.2,10.5,0.00,0.00,0,2.95,0,27.52,0,2.95,0,2.95
0.4,10.5,0.00,0.00,0,2.95,0,27.52,0,2.95,0,2.95
1.9,10.5,0.00,0.00,0,2.95,0,27.52,0,2.95,0,2.95
0.4,10.5,0.00,0.00,0,2.95,0,27.52,0,2.95,0,2.95
0.2,10.5,0.00,0.00,0,2.95,0,27.52,0,2.95,0,2.95
0.0,10.5,0.00,0.00,0,2.95,0,27.52,0,2.95,0,2.95
0.4,10.5,0.00,0.00,0,2.95,0,27.52,0,2.95,0,2.95
0.2,10.5,0.00,0.00,0,2.95,0,27.52,0,2.95,0,2.95
0.4,10.5,0.00,0.00,0,2.95,0,27.52,0,2.95,0,2.95
0.2,10.5,0.00,0.00,0,2.95,0,27.52,0,2.95,0,2.95
0.4,10.5,0.00,0.00,0,2.95,0,27.52,0,2.95,0,2.95
0.4,10.5,0.00,0.00,0,2.95,0,27.52,0,2.95,0,2.95
0.4,10.5,0.00,0.00,0,2.95,0,27.52,0,2.95,0,2.95
0.4,10.5,0.00,0.00,0,2.95,0,27.52,0,2.95,0,2.95
0.2,10.5,0.00,0.00,0,2.95,0,27.52,0,2.95,0,2.95
0.4,10.5,0.00,0.00,0,2.95,0,27.52,0,2.95,0,2.95
0.0,10.5,0.00,0.00,0,2.95,0,27.52,0,2.95,0,2.95
0.2,10.5,0.00,0.00,0,2.95,0,27.52,0,2.95,0,2.95
0.0,10.5,0.00,0.00,0,2.95,0,27.52,0,2.95,0,2.95
0.0,10.5,0.00,0.00,0,2.95,0,27.52,0,2.95,0,2.95
0.2,10.5,0.00,0.00,0,2.95,0,27.52,0,2.95,0,2.95
0.4,10.5,0.00,0.00,0,2.95,0,27.52,0,2.95,0,2.95
0.4,10.5,0.00,0.00,0,2.95,0,27.52,0,2.95,0,2.95
2.3,10.5,0.00,0.00,0,2.95,0,27.52,0,2.95,0,2.95
0.8,10.5,0.00,0.00,0,2.95,0,27.52,0,2.95,0,2.95
0.0,10.5,0.00,0.00,0,2.95,0,27.52,0,2.95,0,2.95
0.4,10.5,0.00,0.00,0,2.95,0,27.52,0,2.95,0,2.95
0.2,10.5,0.00,0.00,0,2.95,0,27.52,0,2.95,0,2.95
0.2,10.5,0.00,0.00,0,2.95,0,27.52,0,2.95,0,2.95
0.4,10.5,0.00,0.00,0,2.95,0,27.52,0,2.95,0,2.95
0.4,10.5,0.00,0.00,0,2.95,0,27.52,0,2.95,0,2.95
0.0,10.5,0.00,0.00,0,2.95,0,27.52,0,2.95,0,2.95
0.6,10.5,0.00,0.00,0,2.95,0,27.52,0,2.95,0,2.95
0.4,10.5,0.00,0.00,0,2.95,0,27.52,0,2.95,0,2.95
1.0,10.5,0.00,0.00,0,2.95,0,27.52,0,2.95,0,2.95
0.0,10.5,0.00,0.00,0,2.95,0,27.52,0,2.95,0,2.95
0.2,10.5,0.00,0.00,0,2.95,0,27.52,0,2.95,0,2.95
0.2,10.5,0.00,0.00,0,2.95,0,27.52,0,2.95,0,2.95
0.4,10.5,0.00,0.00,0,2.95,0,27.52,0,2.95,0,2.95
0.2,10.5,0.00,0.00,0,2.95,0,27.52,0,2.95,0,2.95
0.4,10.5,0.00,0.00,0,2.95,0,27.52,0,2.95,0,2.95
0.2,10.5,0.00,0.00,0,2.95,0,27.52,0,2.95,0,2.95
0.2,10.5,0.00,0.00,0,2.95,0,27.52,0,2.95,0,2.95
0.4,10.5,0.00,0.00,0,2.95,0,27.52,0,2.95,0,2.95
1.5,10.5,0.00,0.00,0,2.95,0,27.52,0,2.95,0,2.95
0.2,10.5,0.00,0.00,0,2.95,0,27.52,0,2.95,0,2.95
0.4,10.5,0.00,0.00,0,2.95,0,27.52,0,2.95,0,2.95
0.4,10.5,0.00,0.00,0,2.95,0,27.52,0,2.95,0,2.95
0.4,10.5,0.00,0.00,0,2.95,0,27.52,0,2.95,0,2.95
0.2,10.5,0.00,0.00,0,2.95,0,27.52,0,2.95,0,2.95
0.4,10.5,0.00,0.00,0,2.95,0,27.52,0,2.95,0,2.95
0.2,10.5,0.00,0.00,0,2.95,0,27.52,0,2.95,0,2.95
0.6,10.5,0.00,0.00,0,2.95,0,27.52,0,2.95,0,2.95
0.6,10.5,0.00,0.00,0,2.95,0,27.52,0,2.95,0,2.95
0.6,10.5,0.00,0.00,0,2.95,0,27.52,0,2.95,0,2.95
1.0,10.5,0.00,0.00,0,2.95,0,27.52,0,2.95,0,2.95
0.2,10.5,0.00,0.00,0,2.95,0,27.52,0,2.95,0,2.95
0.4,10.5,0.00,0.00,0,2.95,0,27.52,0,2.95,0,2.95
0.4,10.5,0.00,0.00,0,2.95,0,27.52,0,2.95,0,2.95
0.0,10.5,0.00,0.00,0,2.95,0,27.52,0,2.95,0,2.95
0.2,10.5,0.00,0.00,0,2.95,0,27.52,0,2.95,0,2.95
0.2,10.5,0.00,0.00,0,2.95,0,27.52,0,2.95,0,2.95
0.2,10.5,0.00,0.00,0,2.95,0,27.52,0,2.95,0,2.95
0.4,10.5,0.00,0.00,0,2.95,0,27.52,0,2.95,0,2.95
0.6,10.5,0.00,0.00,0,2.95,0,27.52,0,2.95,0,2.95
2.3,10.5,0.00,0.00,0,2.95,0,27.52,0,2.95,0,2.95
0.2,10.5,0.00,0.00,0,2.95,0,27.52,0,2.95,0,2.95
0.0,10.5,0.00,0.00,0,2.95,0,27.52,0,2.95,0,2.95
0.2,10.5,0.00,0.00,0,2.95,0,27.52,0,2.95,0,2.95
0.4,10.5,0.00,0.00,0,2.95,0,27.52,0,2.95,0,2.95
0.4,10.5,0.00,0.00,0,2.95,0,27.52,0,2.95,0,2.95
0.2,10.5,0.00,0.00,0,2.95,0,27.52,0,2.95,0,2.95
0.2,10.5,0.00,0.00,0,2.95,0,27.52,0,2.95,0,2.95
0.4,10.5,0.00,0.00,0,2.95,0,27.52,0,2.95,0,2.95
0.4,10.5,0.00,0.00,0,2.95,0,27.52,0,2.95,0,2.95
0.2,10.5,0.00,0.00,0,2.95,0,27.52,0,2.95,0,2.95
0.6,10.5,0.00,0.00,0,2.95,0,27.52,0,2.95,0,2.95
0.2,10.5,0.00,0.00,0,2.95,0,27.52,0,2.95,0,2.95
0.4,10.5,0.00,0.00,0,2.95,0,27.52,0,2.95,0,2.95
0.4,10.5,0.00,0.00,0,2.95,0,27.52,0,2.95,0,2.95
0.2,10.5,0.00,0.00,0,2.95,0,27.52,0,2.95,0,2.95
0.0,10.5,0.00,0.00,0,2.95,0,27.52,0,2.95,0,2.95
0.2,10.5,0.00,0.00,0,2.95,0,27.52,0,2.95,0,2.95
0.4,10.5,0.00,0.00,0,2.95,0,27.52,0,2.95,0,2.95
0.2,10.5,0.00,0.00,0,2.95,0,27.52,0,2.95,0,2.95
0.4,10.5,0.00,0.00,0,2.95,0,27.52,0,2.95,0,2.95
1.2,10.5,0.00,0.00,0,2.95,0,27.52,0,2.95,0,2.95
0.0,10.5,0.00,0.00,0,2.95,0,27.52,0,2.95,0,2.95
0.2,10.5,0.00,0.00,0,2.95,0,27.52,0,2.95,0,2.95
0.2,10.5,0.00,0.00,0,2.95,0,27.52,0,2.95,0,2.95
0.4,10.5,0.00,0.00,0,2.95,0,27.52,0,2.95,0,2.95
0.4,10.5,0.00,0.00,0,2.95,0,27.52,0,2.95,0,2.95
0.2,10.5,0.00,0.00,0,2.95,0,27.52,0,2.95,0,2.95
0.4,10.5,0.00,0.00,0,2.95,0,27.52,0,2.95,0,2.95
0.4,10.5,0.00,0.00,0,2.95,0,27.52,0,2.95,0,2.95
0.6,10.5,0.00,0.00,0,2.95,0,27.52,0,2.95,0,2.95
0.0,10.5,0.00,0.00,0,2.95,0,27.52,0,2.95,0,2.95
1.5,10.5,0.00,0.00,0,2.95,0,27.52,0,2.95,0,2.95
0.0,10.5,0.00,0.00,0,2.95,0,27.52,0,2.95,0,2.95
0.6,10.5,0.00,0.00,0,2.95,0,27.52,0,2.95,0,2.95
0.4,10.5,0.00,0.00,0,2.95,0,27.52,0,2.95,0,2.95
0.4,10.5,0.00,0.00,0,2.95,0,27.52,0,2.95,0,2.95
0.2,10.5,0.00,0.00,0,2.95,0,27.52,0,2.95,0,2.95
0.2,10.5,0.00,0.00,0,2.95,0,27.52,0,2.95,0,2.95
0.2,10.5,0.00,0.00,0,2.95,0,27.52,0,2.95,0,2.95
0.4,10.5,0.00,0.00,0,2.95,0,27.52,0,2.95,0,2.95
0.8,10.5,0.00,0.00,0,2.95,0,27.52,0,2.95,0,2.95
2.5,10.5,0.00,0.00,0,2.95,0,27.52,0,2.95,0,2.95
0.6,10.5,0.00,0.00,0,2.95,0,27.52,0,2.95,0,2.95
0.4,10.5,0.00,0.00,0,2.95,0,27.52,0,2.95,0,2.95
0.2,10.5,0.00,0.00,0,2.95,0,27.52,0,2.95,0,2.95
0.2,10.5,0.00,0.00,0,2.95,0,27.52,0,2.95,0,2.95
0.4,10.5,0.00,0.00,0,2.95,0,27.52,0,2.95,0,2.95
0.6,10.5,0.00,0.00,0,2.95,0,27.52,0,2.95,0,2.95
0.6,10.5,0.00,0.00,0,2.95,0,27.52,0,2.95,0,2.95
0.2,10.5,0.00,0.00,0,2.95,0,27.52,0,2.95,0,2.95
1.9,10.5,0.00,0.00,0,2.95,0,27.52,0,2.95,0,2.95
1.4,10.5,0.00,0.00,0,2.95,0,27.52,0,2.95,0,2.95
2.1,10.5,0.00,0.00,0,2.95,0,27.52,0,2.95,0,2.95
0.2,10.5,0.00,0.00,0,2.95,0,27.52,0,2.95,0,2.95
0.4,10.5,0.00,0.00,0,2.95,0,27.52,0,2.95,0,2.95
0.4,10.5,0.00,0.00,0,2.95,0,27.52,0,2.95,0,2.95
0.4,10.5,0.00,0.00,0,2.95,0,27.52,0,2.95,0,2.95
0.2,10.5,0.00,0.00,0,2.95,0,27.52,0,2.95,0,2.95
0.6,10.5,0.00,0.00,0,2.95,0,27.52,0,2.95,0,2.95
0.0,10.5,0.00,0.00,0,2.95,0,27.52,0,2.95,0,2.95
0.2,10.5,0.00,0.00,0,2.95,0,27.52,0,2.95,0,2.95
0.4,10.5,0.00,0.00,0,2.95,0,27.52,0,2.95,0,2.95
2.1,10.5,0.00,0.00,0,2.95,0,27.52,0,2.95,0,2.95
0.6,10.5,0.00,0.00,0,2.95,0,27.52,0,2.95,0,2.95
0.4,10.5,0.00,0.00,0,2.95,0,27.52,0,2.95,0,2.95
0.4,10.5,0.00,0.00,0,2.95,0,27.52,0,2.95,0,2.95
0.0,10.5,0.00,0.00,0,2.95,0,27.52,0,2.95,0,2.95
0.2,10.5,0.00,0.00,0,2.95,0,27.52,0,2.95,0,2.95
0.2,10.5,0.00,0.00,0,2.95,0,27.52,0,2.95,0,2.95
0.0,10.5,0.00,0.00,0,2.95,0,27.52,0,2.95,0,2.95
0.2,10.5,0.00,0.00,0,2.95,0,27.52,0,2.95,0,2.95
0.2,10.5,0.00,0.00,0,2.95,0,27.52,0,2.95,0,2.95
0.4,10.5,0.00,0.00,0,2.95,0,27.52,0,2.95,0,2.95
0.4,10.5,0.00,0.00,0,2.95,0,27.52,0,2.95,0,2.95
0.2,10.5,0.00,0.00,0,2.95,0,27.52,0,2.95,0,2.95
0.0,10.5,0.00,0.00,0,2.95,0,27.52,0,2.95,0,2.95
0.4,10.5,0.00,0.00,0,2.95,0,27.52,0,2.95,0,2.95
0.4,10.5,0.00,0.00,0,2.95,0,27.52,0,2.95,0,2.95
0.2,10.5,0.00,0.00,0,2.95,0,27.52,0,2.95,0,2.95
0.0,10.5,0.00,0.00,0,2.95,0,27.52,0,2.95,0,2.95
0.2,10.5,0.00,0.00,0,2.95,0,27.52,0,2.95,0,2.95
0.0,10.5,0.00,0.00,0,2.95,0,27.52,0,2.95,0,2.95
0.4,10.5,0.00,0.00,0,2.95,0,27.52,0,2.95,0,2.95
2.1,10.5,0.00,0.00,0,2.95,0,27.52,0,2.95,0,2.95
0.4,10.5,0.00,0.00,0,2.95,0,27.52,0,2.95,0,2.95
0.0,10.5,0.00,0.00,0,2.95,0,27.52,0,2.95,0,2.95
0.4,10.5,0.00,0.00,0,2.95,0,27.52,0,2.95,0,2.95
0.2,10.5,0.00,0.00,0,2.95,0,27.52,0,2.95,0,2.95
0.2,10.5,0.00,0.00,0,2.95,0,27.52,0,2.95,0,2.95
0.2,10.5,0.00,0.00,0,2.95,0,27.52,0,2.95,0,2.95
0.0,10.5,0.00,0.00,0,2.95,0,27.52,0,2.95,0,2.95
0.2,10.5,0.00,0.00,0,2.95,0,27.52,0,2.95,0,2.95
0.2,10.5,0.00,0.00,0,2.95,0,27.52,0,2.95,0,2.95
0.2,10.5,0.00,0.00,0,2.95,0,27.52,0,2.95,0,2.95
1.7,10.5,0.00,0.00,0,2.95,0,27.52,0,2.95,0,2.95
0.4,10.5,0.00,0.00,0,2.95,0,27.52,0,2.95,0,2.95
0.4,10.5,0.00,0.00,0,2.95,0,27.52,0,2.95,0,2.95
0.4,10.5,0.00,0.00,0,2.95,0,27.52,0,2.95,0,2.95
0.4,10.5,0.00,0.00,0,2.95,0,27.52,0,2.95,0,2.95
0.0,10.5,0.00,0.00,0,2.95,0,27.52,0,2.95,0,2.95
0.2,10.5,0.00,0.00,0,2.95,0,27.52,0,2.95,0,2.95
0.6,10.5,0.00,0.00,0,2.95,0,27.52,0,2.95,0,2.95
0.4,10.5,0.00,0.00,0,2.95,0,27.52,0,2.95,0,2.95
1.0,10.5,0.00,0.00,0,2.95,0,27.52,0,2.95,0,2.95
0.4,10.5,0.00,0.00,0,2.95,0,27.52,0,2.95,0,2.95
0.4,10.5,0.00,0.00,0,2.95,0,27.52,0,2.95,0,2.95
0.0,10.5,0.00,0.00,0,2.95,0,27.52,0,2.95,0,2.95
0.2,10.5,0.00,0.00,0,2.95,0,27.52,0,2.95,0,2.95
1.3,10.5,0.00,0.00,0,2.95,0,27.52,0,2.95,0,2.95
0.2,10.5,0.00,0.00,0,2.95,0,27.52,0,2.95,0,2.95
0.4,10.5,0.00,0.00,0,2.95,0,27.52,0,2.95,0,2.95
0.2,10.5,0.00,0.00,0,2.95,0,27.52,0,2.95,0,2.95
0.2,10.5,0.00,0.00,0,2.95,0,27.52,0,2.95,0,2.95
0.0,10.5,0.00,0.00,0,2.95,0,27.52,0,2.95,0,2.95
0.2,10.5,0.00,0.00,0,2.95,0,27.52,0,2.95,0,2.95
2.1,10.5,0.00,0.00,0,2.95,0,27.52,0,2.95,0,2.95
0.4,10.5,0.00,0.00,0,2.95,0,27.52,0,2.95,0,2.95
0.0,10.5,0.00,0.00,0,2.95,0,27.52,0,2.95,0,2.95
0.0,10.5,0.00,0.00,0,2.95,0,27.52,0,2.95,0,2.95
0.2,10.5,0.00,0.00,0,2.95,0,27.52,0,2.95,0,2.95
0.0,10.5,0.00,0.00,0,2.95,0,27.52,0,2.95,0,2.95
0.2,10.5,0.00,0.00,0,2.95,0,27.52,0,2.95,0,2.95
0.4,10.5,0.00,0.00,0,2.95,0,27.52,0,2.95,0,2.95
0.2,10.5,0.00,0.00,0,2.95,0,27.52,0,2.95,0,2.95
0.4,10.5,0.00,0.00,0,2.95,0,27.52,0,2.95,0,2.95
0.2,10.5,0.00,0.00,0,2.95,0,27.52,0,2.95,0,2.95
0.2,10.5,0.00,0.00,0,2.95,0,27.52,0,2.95,0,2.95
0.2,10.5,0.00,0.00,0,2.95,0,27.52,0,2.95,0,2.95
0.4,10.5,0.00,0.00,0,2.95,0,27.52,0,2.95,0,2.95
0.2,10.5,0.00,0.00,0,2.95,0,27.52,0,2.95,0,2.95
0.2,10.5,0.00,0.00,0,2.95,0,27.52,0,2.95,0,2.95
0.4,10.5,0.00,0.00,0,2.95,0,27.52,0,2.95,0,2.95
0.4,10.5,0.00,0.00,0,2.95,0,27.52,0,2.95,0,2.95
0.2,10.5,0.00,0.00,0,2.95,0,27.52,0,2.95,0,2.95
0.2,10.5,0.00,0.00,0,2.95,0,27.52,0,2.95,0,2.95
0.6,10.5,0.00,0.00,0,2.95,0,27.52,0,2.95,0,2.95
2.1,10.5,0.00,0.00,0,2.95,0,27.52,0,2.95,0,2.95
0.2,10.5,0.00,0.00,0,2.95,0,27.52,0,2.95,0,2.95
0.6,10.5,0.00,0.00,0,2.95,0,27.52,0,2.95,0,2.95
0.4,10.5,0.00,0.00,0,2.95,0,27.52,0,2.95,0,2.95
0.2,10.5,0.00,0.00,0,2.95,0,27.52,0,2.95,0,2.95
0.2,10.5,0.00,0.00,0,2.95,0,27.52,0,2.95,0,2.95
0.0,10.5,0.00,0.00,0,2.95,0,27.52,0,2.95,0,2.95
0.2,10.5,0.00,0.00,0,2.95,0,27.52,0,2.95,0,2.95
0.2,10.5,0.00,0.00,0,2.95,0,27.52,0,2.95,0,2.95
0.8,10.5,0.00,0.00,0,2.95,0,27.52,0,2.95,0,2.95
0.6,10.5,0.00,0.00,0,2.95,0,27.52,0,2.95,0,2.95
0.2,10.5,0.00,0.00,0,2.95,0,27.52,0,2.95,0,2.95
0.4,10.5,0.00,0.00,0,2.95,0,27.52,0,2.95,0,2.95
0.2,10.5,0.00,0.00,0,2.95,0,27.52,0,2.95,0,2.95
0.4,10.5,0.00,0.00,0,2.95,0,27.52,0,2.95,0,2.95
0.4,10.5,0.00,0.00,0,2.95,0,27.52,0,2.95,0,2.95
0.6,10.5,0.00,0.00,0,2.95,0,27.52,0,2.95,0,2.95
0.2,10.5,0.00,0.00,0,2.95,0,27.52,0,2.95,0,2.95
0.2,10.5,0.00,0.00,0,2.95,0,27.52,0,2.95,0,2.95
0.0,10.5,0.00,0.00,0,2.95,0,27.52,0,2.95,0,2.95
0.2,10.5,0.00,0.00,0,2.95,0,27.52,0,2.95,0,2.95
1.3,10.5,0.00,0.00,0,2.95,0,27.52,0,2.95,0,2.95
0.6,10.5,0.00,0.00,0,2.95,0,27.52,0,2.95,0,2.95
0.2,10.5,0.00,0.00,0,2.95,0,27.52,0,2.95,0,2.95
0.4,10.5,0.00,0.00,0,2.95,0,27.52,0,2.95,0,2.95
0.6,10.5,0.00,0.00,0,2.95,0,27.52,0,2.95,0,2.95
0.2,10.5,0.00,0.00,0,2.95,0,27.52,0,2.95,0,2.95
0.2,10.5,0.00,0.00,0,2.95,0,27.52,0,2.95,0,2.95
0.2,10.5,0.00,0.00,0,2.95,0,27.52,0,2.95,0,2.95
0.4,10.5,0.00,0.00,0,2.95,0,27.52,0,2.95,0,2.95
0.4,10.5,0.00,0.00,0,2.95,0,27.52,0,2.95,0,2.95
1.5,10.5,0.00,0.00,0,2.95,0,27.52,0,2.95,0,2.95
1.9,10.5,0.00,0.00,0,2.95,0,27.52,0,2.95,0,2.95
0.2,10.5,0.00,0.00,0,2.95,0,27.52,0,2.95,0,2.95
0.4,10.5,0.00,0.00,0,2.95,0,27.52,0,2.95,0,2.95
0.4,10.5,0.00,0.00,0,2.95,0,27.52,0,2.95,0,2.95
0.4,10.5,0.00,0.00,0,2.95,0,27.52,0,2.95,0,2.95
0.4,10.5,0.00,0.00,0,2.95,0,27.52,0,2.95,0,2.95
0.2,10.5,0.00,0.00,0,2.95,0,27.52,0,2.95,0,2.95
0.2,10.5,0.00,0.00,0,2.95,0,27.52,0,2.95,0,2.95
0.6,10.5,0.00,0.00,0,2.95,0,27.52,0,2.95,0,2.95
0.4,10.5,0.00,0.00,0,2.95,0,27.52,0,2.95,0,2.95
1.2,10.5,0.00,0.00,0,2.95,0,27.52,0,2.95,0,2.95
0.6,10.5,0.00,0.00,0,2.95,0,27.52,0,2.95,0,2.95
0.4,10.5,0.00,0.00,0,2.95,0,27.52,0,2.95,0,2.95
0.2,10.5,0.00,0.00,0,2.95,0,27.52,0,2.95,0,2.95
0.2,10.5,0.00,0.00,0,2.95,0,27.52,0,2.95,0,2.95
0.2,10.5,0.00,0.00,0,2.95,0,27.52,0,2.95,0,2.95
0.0,10.5,0.00,0.00,0,2.95,0,27.52,0,2.95,0,2.95
0.4,10.5,0.00,0.00,0,2.95,0,27.52,0,2.95,0,2.95
0.2,10.5,0.00,0.00,0,2.95,0,27.52,0,2.95,0,2.95
0.6,10.5,0.00,0.00,0,2.95,0,27.52,0,2.95,0,2.95
1.9,10.5,0.00,0.00,0,2.95,0,27.52,0,2.95,0,2.95
0.6,10.5,0.00,0.00,0,2.95,0,27.52,0,2.95,0,2.95
0.0,10.5,0.00,0.00,0,2.95,0,27.52,0,2.95,0,2.95
0.0,10.5,0.00,0.00,0,2.95,0,27.52,0,2.95,0,2.95
0.0,10.5,0.00,0.00,0,2.95,0,27.52,0,2.95,0,2.95
0.2,10.5,0.00,0.00,0,2.95,0,27.52,0,2.95,0,2.95
0.4,10.5,0.00,0.00,0,2.95,0,27.52,0,2.95,0,2.95
0.2,10.5,0.00,0.00,0,2.95,0,27.52,0,2.95,0,2.95
0.4,10.5,0.00,0.00,0,2.95,0,27.52,0,2.95,0,2.95
0.2,10.5,0.00,0.00,0,2.95,0,27.52,0,2.95,0,2.95
0.2,10.5,0.00,0.00,0,2.95,0,27.52,0,2.95,0,2.95
0.4,10.5,0.00,0.00,0,2.95,0,27.52,0,2.95,0,2.95
0.4,10.5,0.00,0.00,0,2.95,0,27.52,0,2.95,0,2.95
0.4,10.5,0.00,0.00,0,2.95,0,27.52,0,2.95,0,2.95
0.2,10.5,0.00,0.00,0,2.95,0,27.52,0,2.95,0,2.95
0.4,10.5,0.00,0.00,0,2.95,0,27.52,0,2.95,0,2.95
0.2,10.5,0.00,0.00,0,2.95,0,27.52,0,2.95,0,2.95
0.2,10.5,0.00,0.00,0,2.95,0,27.52,0,2.95,0,2.95
0.0,10.5,0.00,0.00,0,2.95,0,27.52,0,2.95,0,2.95
0.2,10.5,0.00,0.00,0,2.95,0,27.52,0,2.95,0,2.95
0.4,10.5,0.00,0.00,0,2.95,0,27.52,0,2.95,0,2.95
2.5,10.5,0.00,0.00,0,2.95,0,27.52,0,2.95,0,2.95
0.4,10.5,0.00,0.00,0,2.95,0,27.52,0,2.95,0,2.95
0.4,10.5,0.00,0.00,0,2.95,0,27.52,0,2.95,0,2.95
0.4,10.5,0.00,0.00,0,2.95,0,27.52,0,2.95,0,2.95
0.4,10.5,0.00,0.00,0,2.95,0,27.52,0,2.95,0,2.95
0.0,10.5,0.00,0.00,0,2.95,0,27.52,0,2.95,0,2.95
0.4,10.5,0.00,0.00,0,2.95,0,27.52,0,2.95,0,2.95
0.2,10.5,0.00,0.00,0,2.95,0,27.52,0,2.95,0,2.95
0.4,10.5,0.00,0.00,0,2.95,0,27.52,0,2.95,0,2.95
0.2,10.5,0.00,0.00,0,2.95,0,27.52,0,2.95,0,2.95
0.6,10.5,0.00,0.00,0,2.95,0,27.52,0,2.95,0,2.95
0.0,10.5,0.00,0.00,0,2.95,0,27.52,0,2.95,0,2.95
0.2,10.5,0.00,0.00,0,2.95,0,27.52,0,2.95,0,2.95
0.4,10.5,0.00,0.00,0,2.95,0,27.52,0,2.95,0,2.95
0.2,10.5,0.00,0.00,0,2.95,0,27.52,0,2.95,0,2.95
0.2,10.5,0.00,0.00,0,2.95,0,27.52,0,2.95,0,2.95
0.0,10.5,0.00,0.00,0,2.95,0,27.52,0,2.95,0,2.95
0.2,10.5,0.00,0.00,0,2.95,0,27.52,0,2.95,0,2.95
0.4,10.5,0.00,0.00,0,2.95,0,27.52,0,2.95,0,2.95
0.2,10.5,0.00,0.00,0,2.95,0,27.52,0,2.95,0,2.95
0.2,10.5,0.00,0.00,0,2.95,0,27.52,0,2.95,0,2.95
1.9,10.5,0.00,0.00,0,2.95,0,27.52,0,2.95,0,2.95
0.8,10.5,0.00,0.00,0,2.95,0,27.52,0,2.95,0,2.95
0.2,10.5,0.00,0.00,0,2.95,0,27.52,0,2.95,0,2.95
0.2,10.5,0.00,0.00,0,2.95,0,27.52,0,2.95,0,2.95
0.6,10.5,0.00,0.00,0,2.95,0,27.52,0,2.95,0,2.95
0.0,10.5,0.00,0.00,0,2.95,0,27.52,0,2.95,0,2.95
0.2,10.5,0.00,0.00,0,2.95,0,27.52,0,2.95,0,2.95
0.2,10.5,0.00,0.00,0,2.95,0,27.52,0,2.95,0,2.95
0.4,10.5,0.00,0.00,0,2.95,0,27.52,0,2.95,0,2.95
0.8,10.5,0.00,0.00,0,2.95,0,27.52,0,2.95,0,2.95
0.8,10.5,0.00,0.00,0,2.95,0,27.52,0,2.95,0,2.95
1.6,10.5,0.00,0.00,0,2.95,0,27.52,0,2.95,0,2.95
0.2,10.5,0.00,0.00,0,2.95,0,27.52,0,2.95,0,2.95
0.2,10.5,0.00,0.00,0,2.95,0,27.52,0,2.95,0,2.95
0.2,10.5,0.00,0.00,0,2.95,0,27.52,0,2.95,0,2.95
0.4,10.5,0.00,0.00,0,2.95,0,27.52,0,2.95,0,2.95
0.0,10.5,0.00,0.00,0,2.95,0,27.52,0,2.95,0,2.95
0.4,10.5,0.00,0.00,0,2.95,0,27.52,0,2.95,0,2.95
0.4,10.5,0.00,0.00,0,2.95,0,27.52,0,2.95,0,2.95
1.6,10.5,0.00,0.00,0,2.95,0,27.52,0,2.95,0,2.95
0.0,10.5,0.00,0.00,0,2.95,0,27.52,0,2.95,0,2.95
1.9,10.5,0.00,0.00,0,2.95,0,27.52,0,2.95,0,2.95
0.4,10.5,0.00,0.00,0,2.95,0,27.52,0,2.95,0,2.95
0.2,10.5,0.00,0.00,0,2.95,0,27.52,0,2.95,0,2.95
0.0,10.5,0.00,0.00,0,2.95,0,27.52,0,2.95,0,2.95
0.2,10.5,0.00,0.00,0,2.95,0,27.52,0,2.95,0,2.95
0.2,10.5,0.00,0.00,0,2.95,0,27.52,0,2.95,0,2.95
0.2,10.5,0.00,0.00,0,2.95,0,27.52,0,2.95,0,2.95
0.0,10.5,0.00,0.00,0,2.95,0,27.52,0,2.95,0,2.95
0.6,10.5,0.00,0.00,0,2.95,0,27.52,0,2.95,0,2.95
0.2,10.5,0.00,0.00,0,2.95,0,27.52,0,2.95,0,2.95
1.2,10.5,0.00,0.00,0,2.95,0,27.52,0,2.95,0,2.95
0.8,10.5,0.00,0.00,0,2.95,0,27.52,0,2.95,0,2.95
0.6,10.5,0.00,0.00,0,2.95,0,27.52,0,2.95,0,2.95
0.2,10.5,0.00,0.00,0,2.95,0,27.52,0,2.95,0,2.95
0.2,10.5,0.00,0.00,0,2.95,0,27.52,0,2.95,0,2.95
0.2,10.5,0.00,0.00,0,2.95,0,27.52,0,2.95,0,2.95
0.2,10.5,0.00,0.00,0,2.95,0,27.52,0,2.95,0,2.95
0.2,10.5,0.00,0.00,0,2.95,0,27.52,0,2.95,0,2.95
0.2,10.5,0.00,0.00,0,2.95,0,27.52,0,2.95,0,2.95
0.0,10.5,0.00,0.00,0,2.95,0,27.52,0,2.95,0,2.95
0.0,10.5,0.00,0.00,0,2.95,0,27.52,0,2.95,0,2.95
1.7,10.5,0.00,0.00,0,2.95,0,27.52,0,2.95,0,2.95
0.4,10.5,0.00,0.00,0,2.95,0,27.52,0,2.95,0,2.95
0.2,10.5,0.00,0.00,0,2.95,0,27.52,0,2.95,0,2.95
0.2,10.5,0.00,0.00,0,2.95,0,27.52,0,2.95,0,2.95
0.4,10.5,0.00,0.00,0,2.95,0,27.52,0,2.95,0,2.95
0.6,10.5,0.00,0.00,0,2.95,0,27.52,0,2.95,0,2.95
0.4,10.5,0.00,0.00,0,2.95,0,27.52,0,2.95,0,2.95
0.2,10.5,0.00,0.00,0,2.95,0,27.52,0,2.95,0,2.95
0.2,10.5,0.00,0.00,0,2.95,0,27.52,0,2.95,0,2.95
0.2,10.5,0.00,0.00,0,2.95,0,27.52,0,2.95,0,2.95
1.5,10.5,0.00,0.00,0,2.95,0,27.52,0,2.95,0,2.95
0.2,10.5,0.00,0.00,0,2.95,0,27.52,0,2.95,0,2.95
0.0,10.5,0.00,0.00,0,2.95,0,27.52,0,2.95,0,2.95
0.4,10.5,0.00,0.00,0,2.95,0,27.52,0,2.95,0,2.95
0.0,10.5,0.00,0.00,0,2.95,0,27.52,0,2.95,0,2.95
0.4,10.5,0.00,0.00,0,2.95,0,27.52,0,2.95,0,2.95
0.0,10.5,0.00,0.00,0,2.95,0,27.52,0,2.95,0,2.95
0.2,10.5,0.00,0.00,0,2.95,0,27.52,0,2.95,0,2.95
0.0,10.5,0.00,0.00,0,2.95,0,27.52,0,2.95,0,2.95
0.0,10.5,0.00,0.00,0,2.95,0,27.52,0,2.95,0,2.95
0.2,10.5,0.00,0.00,0,2.95,0,27.52,0,2.95,0,2.95
1.2,10.5,0.00,0.00,0,2.95,0,27.52,0,2.95,0,2.95
0.4,10.5,0.00,0.00,0,2.95,0,27.52,0,2.95,0,2.95
0.0,10.5,0.00,0.00,0,2.95,0,27.52,0,2.95,0,2.95
0.4,10.5,0.00,0.00,0,2.95,0,27.52,0,2.95,0,2.95
0.4,10.5,0.00,0.00,0,2.95,0,27.52,0,2.95,0,2.95
0.2,10.5,0.00,0.00,0,2.95,0,27.52,0,2.95,0,2.95
0.2,10.5,0.00,0.00,0,2.95,0,27.52,0,2.95,0,2.95
0.2,10.5,0.00,0.00,0,2.95,0,27.52,0,2.95,0,2.95
0.4,10.5,0.00,0.00,0,2.95,0,27.52,0,2.95,0,2.95
0.4,10.5,0.00,0.00,0,2.95,0,27.52,0,2.95,0,2.95
1.5,10.5,0.00,0.00,0,2.95,0,27.52,0,2.95,0,2.95
0.4,10.5,0.00,0.00,0,2.95,0,27.52,0,2.95,0,2.95
0.4,10.5,0.00,0.00,0,2.95,0,27.52,0,2.95,0,2.95
0.6,10.5,0.00,0.00,0,2.95,0,27.52,0,2.95,0,2.95
0.4,10.5,0.00,0.00,0,2.95,0,27.52,0,2.95,0,2.95
0.0,10.5,0.00,0.00,0,2.95,0,27.52,0,2.95,0,2.95
0.4,10.5,0.00,0.00,0,2.95,0,27.52,0,2.95,0,2.95
0.2,10.5,0.00,0.00,0,2.95,0,27.52,0,2.95,0,2.95
0.2,10.5,0.00,0.00,0,2.95,0,27.52,0,2.95,0,2.95
0.0,10.5,0.00,0.00,0,2.95,0,27.52,0,2.95,0,2.95
0.4,10.5,0.00,0.00,0,2.95,0,27.52,0,2.95,0,2.95
1.7,10.5,0.00,0.00,0,2.95,0,27.52,0,2.95,0,2.95
0.2,10.5,0.00,0.00,0,2.95,0,27.52,0,2.95,0,2.95
0.2,10.5,0.00,0.00,0,2.95,0,27.52,0,2.95,0,2.95
0.4,10.5,0.00,0.00,0,2.95,0,27.52,0,2.95,0,2.95
0.0,10.5,0.00,0.00,0,2.95,0,27.52,0,2.95,0,2.95
0.2,10.5,0.00,0.00,0,2.95,0,27.52,0,2.95,0,2.95
0.2,10.5,0.00,0.00,0,2.95,0,27.52,0,2.95,0,2.95
0.2,10.5,0.00,0.00,0,2.95,0,27.52,0,2.95,0,2.95
0.2,10.5,0.00,0.00,0,2.95,0,27.52,0,2.95,0,2.95
0.4,10.5,0.00,0.00,0,2.95,0,27.52,0,2.95,0,2.95
1.7,10.5,0.00,0.00,0,2.95,0,27.52,0,2.95,0,2.95
0.2,10.5,0.00,0.00,0,2.95,0,27.52,0,2.95,0,2.95
0.4,10.5,0.00,0.00,0,2.95,0,27.52,0,2.95,0,2.95
0.2,10.5,0.00,0.00,0,2.95,0,27.52,0,2.95,0,2.95
0.4,10.5,0.00,0.00,0,2.95,0,27.52,0,2.95,0,2.95
0.0,10.5,0.00,0.00,0,2.95,0,27.52,0,2.95,0,2.95
0.2,10.5,0.00,0.00,0,2.95,0,27.52,0,2.95,0,2.95
0.0,10.5,0.00,0.00,0,2.95,0,27.52,0,2.95,0,2.95
0.2,10.5,0.00,0.00,0,2.95,0,27.52,0,2.95,0,2.95
0.2,10.5,0.00,0.00,0,2.95,0,27.52,0,2.95,0,2.95
0.4,10.5,0.00,0.00,0,2.95,0,27.52,0,2.95,0,2.95
1.7,10.5,0.00,0.00,0,2.95,0,27.52,0,2.95,0,2.95
0.4,10.5,0.00,0.00,0,2.95,0,27.52,0,2.95,0,2.95
0.0,10.5,0.00,0.00,0,2.95,0,27.52,0,2.95,0,2.95
0.4,10.5,0.00,0.00,0,2.95,0,27.52,0,2.95,0,2.95
0.8,10.5,0.00,0.00,0,2.95,0,27.52,0,2.95,0,2.95
0.2,10.5,0.00,0.00,0,2.95,0,27.52,0,2.95,0,2.95
0.2,10.5,0.00,0.00,0,2.95,0,27.52,0,2.95,0,2.95
0.0,10.5,0.00,0.00,0,2.95,0,27.52,0,2.95,0,2.95
0.0,10.5,0.00,0.00,0,2.95,0,27.52,0,2.95,0,2.95
0.4,10.5,0.00,0.00,0,2.95,0,27.52,0,2.95,0,2.95
1.0,10.5,0.00,0.00,0,2.95,0,27.52,0,2.95,0,2.95
0.2,10.5,0.00,0.00,0,2.95,0,27.52,0,2.95,0,2.95
0.2,10.5,0.00,0.00,0,2.95,0,27.52,0,2.95,0,2.95
0.6,10.5,0.00,0.00,0,2.95,0,27.52,0,2.95,0,2.95
0.6,10.5,0.00,0.00,0,2.95,0,27.52,0,2.95,0,2.95
0.2,10.5,0.00,0.00,0,2.95,0,27.52,0,2.95,0,2.95
0.4,10.5,0.00,0.00,0,2.95,0,27.52,0,2.95,0,2.95
0.6,10.5,0.00,0.00,0,2.95,0,27.52,0,2.95,0,2.95
0.4,10.5,0.00,0.00,0,2.95,0,27.52,0,2.95,0,2.95
0.6,10.5,0.00,0.00,0,2.95,0,27.52,0,2.95,0,2.95
0.4,10.5,0.00,0.00,0,2.95,0,27.52,0,2.95,0,2.95
1.3,10.5,0.00,0.00,0,2.95,0,27.52,0,2.95,0,2.95
0.2,10.5,0.00,0.00,0,2.95,0,27.52,0,2.95,0,2.95
0.0,10.5,0.00,0.00,0,2.95,0,27.52,0,2.95,0,2.95
0.0,10.5,0.00,0.00,0,2.95,0,27.52,0,2.95,0,2.95
0.2,10.5,0.00,0.00,0,2.95,0,27.52,0,2.95,0,2.95
0.4,10.5,0.00,0.00,0,2.95,0,27.52,0,2.95,0,2.95
0.6,10.5,0.00,0.00,0,2.95,0,27.52,0,2.95,0,2.95
0.0,10.5,0.00,0.00,0,2.95,0,27.52,0,2.95,0,2.95
0.2,10.5,0.00,0.00,0,2.95,0,27.52,0,2.95,0,2.95
0.2,10.5,0.00,0.00,0,2.95,0,27.52,0,2.95,0,2.95
1.9,10.5,0.00,0.00,0,2.95,0,27.52,0,2.95,0,2.95
0.4,10.5,0.00,0.00,0,2.95,0,27.52,0,2.95,0,2.95
0.2,10.5,0.00,0.00,0,2.95,0,27.52,0,2.95,0,2.95
0.6,10.5,0.00,0.00,0,2.95,0,27.52,0,2.95,0,2.95
0.2,10.5,0.00,0.00,0,2.95,0,27.52,0,2.95,0,2.95
0.4,10.5,0.00,0.00,0,2.95,0,27.52,0,2.95,0,2.95
0.4,10.5,0.00,0.00,0,2.95,0,27.52,0,2.95,0,2.95
0.4,10.5,0.00,0.00,0,2.95,0,27.52,0,2.95,0,2.95
0.2,10.5,0.00,0.00,0,2.95,0,27.52,0,2.95,0,2.95
0.4,10.5,0.00,0.00,0,2.95,0,27.52,0,2.95,0,2.95
0.4,10.5,0.00,0.00,0,2.95,0,27.52,0,2.95,0,2.95
1.0,10.5,0.00,0.00,0,2.95,0,27.52,0,2.95,0,2.95
0.0,10.5,0.00,0.00,0,2.95,0,27.52,0,2.95,0,2.95
0.4,10.5,0.00,0.00,0,2.95,0,27.52,0,2.95,0,2.95
0.6,10.5,0.00,0.00,0,2.95,0,27.52,0,2.95,0,2.95
0.4,10.5,0.00,0.00,0,2.95,0,27.52,0,2.95,0,2.95
0.2,10.5,0.00,0.00,0,2.95,0,27.52,0,2.95,0,2.95
0.4,10.5,0.00,0.00,0,2.95,0,27.52,0,2.95,0,2.95
0.2,10.5,0.00,0.00,0,2.95,0,27.52,0,2.95,0,2.95
0.4,10.5,0.00,0.00,0,2.95,0,27.52,0,2.95,0,2.95
0.0,10.5,0.00,0.00,0,2.95,0,27.52,0,2.95,0,2.95
1.7,10.5,0.00,0.00,0,2.95,0,27.52,0,2.95,0,2.95
0.4,10.5,0.00,0.00,0,2.95,0,27.52,0,2.95,0,2.95
0.2,10.5,0.00,0.00,0,2.95,0,27.52,0,2.95,0,2.95
0.4,10.5,0.00,0.00,0,2.95,0,27.52,0,2.95,0,2.95
0.0,10.5,0.00,0.00,0,2.95,0,27.52,0,2.95,0,2.95
0.6,10.5,0.00,0.00,0,2.95,0,27.52,0,2.95,0,2.95
0.0,10.5,0.00,0.00,0,2.95,0,27.52,0,2.95,0,2.95
0.4,10.5,0.00,0.00,0,2.95,0,27.52,0,2.95,0,2.95
0.2,10.5,0.00,0.00,0,2.95,0,27.52,0,2.95,0,2.95
0.4,10.5,0.00,0.00,0,2.95,0,27.52,0,2.95,0,2.95
0.2,10.5,0.00,0.00,0,2.95,0,27.52,0,2.95,0,2.95
0.6,10.5,0.00,0.00,0,2.95,0,27.52,0,2.95,0,2.95
0.2,10.5,0.00,0.00,0,2.95,0,27.52,0,2.95,0,2.95
0.6,10.5,0.00,0.00,0,2.95,0,27.52,0,2.95,0,2.95
0.2,10.5,0.00,0.00,0,2.95,0,27.52,0,2.95,0,2.95
0.2,10.5,0.00,0.00,0,2.95,0,27.52,0,2.95,0,2.95
0.2,10.5,0.00,0.00,0,2.95,0,27.52,0,2.95,0,2.95
0.6,10.5,0.00,0.00,0,2.95,0,27.52,0,2.95,0,2.95
0.2,10.5,0.00,0.00,0,2.95,0,27.52,0,2.95,0,2.95
0.4,10.5,0.00,0.00,0,2.95,0,27.52,0,2.95,0,2.95
0.4,10.5,0.00,0.00,0,2.95,0,27.52,0,2.95,0,2.95
2.3,10.5,0.00,0.00,0,2.95,0,27.52,0,2.95,0,2.95
0.6,10.5,0.00,0.00,0,2.95,0,27.52,0,2.95,0,2.95
0.0,10.5,0.00,0.00,0,2.95,0,27.52,0,2.95,0,2.95
0.4,10.5,0.00,0.00,0,2.95,0,27.52,0,2.95,0,2.95
0.4,10.5,0.00,0.00,0,2.95,0,27.52,0,2.95,0,2.95
0.4,10.5,0.00,0.00,0,2.95,0,27.52,0,2.95,0,2.95
0.2,10.5,0.00,0.00,0,2.95,0,27.52,0,2.95,0,2.95
0.4,10.5,0.00,0.00,0,2.95,0,27.52,0,2.95,0,2.95
0.2,10.5,0.00,0.00,0,2.95,0,27.52,0,2.95,0,2.95
0.0,10.5,0.00,0.00,0,2.95,0,27.52,0,2.95,0,2.95
0.0,10.5,0.00,0.00,0,2.95,0,27.52,0,2.95,0,2.95
0.2,10.5,0.00,0.00,0,2.95,0,27.52,0,2.95,0,2.95
0.4,10.5,0.00,0.00,0,2.95,0,27.52,0,2.95,0,2.95
0.4,10.5,0.00,0.00,0,2.95,0,27.52,0,2.95,0,2.95
0.2,10.5,0.00,0.00,0,2.95,0,27.52,0,2.95,0,2.95
0.2,10.5,0.00,0.00,0,2.95,0,27.52,0,2.95,0,2.95
0.4,10.5,0.00,0.00,0,2.95,0,27.52,0,2.95,0,2.95
0.4,10.5,0.00,0.00,0,2.95,0,27.52,0,2.95,0,2.95
0.2,10.5,0.00,0.00,0,2.95,0,27.52,0,2.95,0,2.95
0.2,10.5,0.00,0.00,0,2.95,0,27.52,0,2.95,0,2.95
0.0,10.5,0.00,0.00,0,2.95,0,27.52,0,2.95,0,2.95
1.9,10.5,0.00,0.00,0,2.95,0,27.52,0,2.95,0,2.95
0.4,10.5,0.00,0.00,0,2.95,0,27.52,0,2.95,0,2.95
0.4,10.5,0.00,0.00,0,2.95,0,27.52,0,2.95,0,2.95
0.2,10.5,0.00,0.00,0,2.95,0,27.52,0,2.95,0,2.95
0.4,10.5,0.00,0.00,0,2.95,0,27.52,0,2.95,0,2.95
0.6,10.5,0.00,0.00,0,2.95,0,27.52,0,2.95,0,2.95
0.2,10.5,0.00,0.00,0,2.95,0,27.52,0,2.95,0,2.95
0.0,10.5,0.00,0.00,0,2.95,0,27.52,0,2.95,0,2.95
0.4,10.5,0.00,0.00,0,2.95,0,27.52,0,2.95,0,2.95
0.6,10.5,0.00,0.00,0,2.95,0,27.52,0,2.95,0,2.95
1.5,10.5,0.00,0.00,0,2.95,0,27.52,0,2.95,0,2.95
0.2,10.5,0.00,0.00,0,2.95,0,27.52,0,2.95,0,2.95
0.4,10.5,0.00,0.00,0,2.95,0,27.52,0,2.95,0,2.95
0.2,10.5,0.00,0.00,0,2.95,0,27.52,0,2.95,0,2.95
0.2,10.5,0.00,0.00,0,2.95,0,27.52,0,2.95,0,2.95
0.8,10.5,0.00,0.00,0,2.95,0,27.52,0,2.95,0,2.95
0.2,10.5,0.00,0.00,0,2.95,0,27.52,0,2.95,0,2.95
0.4,10.5,0.00,0.00,0,2.95,0,27.52,0,2.95,0,2.95
0.6,10.5,0.00,0.00,0,2.95,0,27.52,0,2.95,0,2.95
0.4,10.5,0.00,0.00,0,2.95,0,27.52,0,2.95,0,2.95
0.4,10.5,0.00,0.00,0,2.95,0,27.52,0,2.95,0,2.95
1.9,10.5,0.00,0.00,0,2.95,0,27.52,0,2.95,0,2.95
0.6,10.5,0.00,0.00,0,2.95,0,27.52,0,2.95,0,2.95
0.0,10.5,0.00,0.00,0,2.95,0,27.52,0,2.95,0,2.95
0.6,10.5,0.00,0.00,0,2.95,0,27.52,0,2.95,0,2.95
0.2,10.5,0.00,0.00,0,2.95,0,27.52,0,2.95,0,2.95
0.8,10.5,0.00,0.00,0,2.95,0,27.52,0,2.95,0,2.95
0.2,10.5,0.00,0.00,0,2.95,0,27.52,0,2.95,0,2.95
0.0,10.5,0.00,0.00,0,2.95,0,27.52,0,2.95,0,2.95
0.2,10.5,0.00,0.00,0,2.95,0,27.52,0,2.95,0,2.95
0.2,10.5,0.00,0.00,0,2.95,0,27.52,0,2.95,0,2.95
1.2,10.5,0.00,0.00,0,2.95,0,27.52,0,2.95,0,2.95
0.4,10.5,0.00,0.00,0,2.95,0,27.52,0,2.95,0,2.95
0.4,10.5,0.00,0.00,0,2.95,0,27.52,0,2.95,0,2.95
0.2,10.5,0.00,0.00,0,2.95,0,27.52,0,2.95,0,2.95
0.4,10.5,0.00,0.00,0,2.95,0,27.52,0,2.95,0,2.95
0.0,10.5,0.00,0.00,0,2.95,0,27.52,0,2.95,0,2.95
0.4,10.5,0.00,0.00,0,2.95,0,27.52,0,2.95,0,2.95
0.4,10.5,0.00,0.00,0,2.95,0,27.52,0,2.95,0,2.95
0.2,10.5,0.00,0.00,0,2.95,0,27.52,0,2.95,0,2.95
0.4,10.5,0.00,0.00,0,2.95,0,27.52,0,2.95,0,2.95
0.0,10.5,0.00,0.00,0,2.95,0,27.52,0,2.95,0,2.95
2.3,10.5,0.00,0.00,0,2.95,0,27.52,0,2.95,0,2.95
0.2,10.5,0.00,0.00,0,2.95,0,27.52,0,2.95,0,2.95
0.0,10.5,0.00,0.00,0,2.95,0,27.52,0,2.95,0,2.95
0.4,10.5,0.00,0.00,0,2.95,0,27.52,0,2.95,0,2.95
0.2,10.5,0.00,0.00,0,2.95,0,27.52,0,2.95,0,2.95
0.2,10.5,0.00,0.00,0,2.95,0,27.52,0,2.95,0,2.95
0.4,10.5,0.00,0.00,0,2.95,0,27.52,0,2.95,0,2.95
0.0,10.5,0.00,0.00,0,2.95,0,27.52,0,2.95,0,2.95
0.4,10.5,0.00,0.00,0,2.95,0,27.52,0,2.95,0,2.95
0.0,10.5,0.00,0.00,0,2.95,0,27.52,0,2.95,0,2.95
1.2,10.5,0.00,0.00,0,2.95,0,27.52,0,2.95,0,2.95
0.4,10.5,0.00,0.00,0,2.95,0,27.52,0,2.95,0,2.95
0.8,10.5,0.00,0.00,0,2.95,0,27.52,0,2.95,0,2.95
0.6,10.5,0.00,0.00,0,2.95,0,27.52,0,2.95,0,2.95
0.6,10.5,0.00,0.00,0,2.95,0,27.52,0,2.95,0,2.95
0.0,10.5,0.00,0.00,0,2.95,0,27.52,0,2.95,0,2.95
0.2,10.5,0.00,0.00,0,2.95,0,27.52,0,2.95,0,2.95
0.2,10.5,0.00,0.00,0,2.95,0,27.52,0,2.95,0,2.95
0.4,10.5,0.00,0.00,0,2.95,0,27.52,0,2.95,0,2.95
0.6,10.5,0.00,0.00,0,2.95,0,27.52,0,2.95,0,2.95
0.2,10.5,0.00,0.00,0,2.95,0,27.52,0,2.95,0,2.95
1.5,10.5,0.00,0.00,0,2.95,0,27.52,0,2.95,0,2.95
1.2,10.5,0.00,0.00,0,2.95,0,27.52,0,2.95,0,2.95
0.2,10.5,0.00,0.00,0,2.95,0,27.52,0,2.95,0,2.95
0.0,10.5,0.00,0.00,0,2.95,0,27.52,0,2.95,0,2.95
0.2,10.5,0.00,0.00,0,2.95,0,27.52,0,2.95,0,2.95
0.2,10.5,0.00,0.00,0,2.95,0,27.52,0,2.95,0,2.95
0.0,10.5,0.00,0.00,0,2.95,0,27.52,0,2.95,0,2.95
0.6,10.5,0.00,0.00,0,2.95,0,27.52,0,2.95,0,2.95
0.4,10.5,0.00,0.00,0,2.95,0,27.52,0,2.95,0,2.95
0.4,10.5,0.00,0.00,0,2.95,0,27.52,0,2.95,0,2.95
2.7,10.5,0.00,0.00,0,2.95,0,27.52,0,2.95,0,2.95
1.4,10.5,0.00,0.00,0,2.95,0,27.52,0,2.95,0,2.95
0.0,10.5,0.00,0.00,0,2.95,0,27.52,0,2.95,0,2.95
0.4,10.5,0.00,0.00,0,2.95,0,27.52,0,2.95,0,2.95
0.6,10.5,0.00,0.00,0,2.95,0,27.52,0,2.95,0,2.95
0.4,10.5,0.00,0.00,0,2.95,0,27.52,0,2.95,0,2.95
0.2,10.5,0.00,0.00,0,2.95,0,27.52,0,2.95,0,2.95
0.4,10.5,0.00,0.00,0,2.95,0,27.52,0,2.95,0,2.95
1.2,10.5,0.00,0.00,0,2.95,0,27.52,0,2.95,0,2.95
0.4,10.5,0.00,0.00,0,2.95,0,27.52,0,2.95,0,2.95
0.2,10.5,0.00,0.00,0,2.95,0,27.52,0,2.95,0,2.95
2.1,10.5,0.00,0.00,0,2.95,0,27.52,0,2.95,0,2.95
0.0,10.5,0.00,0.00,0,2.95,0,27.52,0,2.95,0,2.95
0.4,10.5,0.00,0.00,0,2.95,0,27.52,0,2.95,0,2.95
0.2,10.5,0.00,0.00,0,2.95,0,27.52,0,2.95,0,2.95
0.2,10.5,0.00,0.00,0,2.95,0,27.52,0,2.95,0,2.95
0.4,10.5,0.00,0.00,0,2.95,0,27.52,0,2.95,0,2.95
0.2,10.5,0.00,0.00,0,2.95,0,27.52,0,2.95,0,2.95
0.8,10.5,0.00,0.00,0,2.95,0,27.52,0,2.95,0,2.95
0.2,10.5,0.00,0.00,0,2.95,0,27.52,0,2.95,0,2.95
0.8,10.5,0.00,0.00,0,2.95,0,27.52,0,2.95,0,2.95
1.5,10.5,0.00,0.00,0,2.95,0,27.52,0,2.95,0,2.95
0.4,10.5,0.00,0.00,0,2.95,0,27.52,0,2.95,0,2.95
0.2,10.5,0.00,0.00,0,2.95,0,27.52,0,2.95,0,2.95
0.2,10.5,0.00,0.00,0,2.95,0,27.52,0,2.95,0,2.95
0.4,10.5,0.00,0.00,0,2.95,0,27.52,0,2.95,0,2.95
0.6,10.5,0.00,0.00,0,2.95,0,27.52,0,2.95,0,2.95
0.2,10.5,0.00,0.00,0,2.95,0,27.52,0,2.95,0,2.95
0.0,10.5,0.00,0.00,0,2.95,0,27.52,0,2.95,0,2.95
0.0,10.5,0.00,0.00,0,2.95,0,27.52,0,2.95,0,2.95
0.2,10.5,0.00,0.00,0,2.95,0,27.52,0,2.95,0,2.95
0.0,10.5,0.00,0.00,0,2.95,0,27.52,0,2.95,0,2.95
0.8,10.5,0.00,0.00,0,2.95,0,27.52,0,2.95,0,2.95
0.0,10.5,0.00,0.00,0,2.95,0,27.52,0,2.95,0,2.95
0.8,10.5,0.00,0.00,0,2.95,0,27.52,0,2.95,0,2.95
0.2,10.5,0.00,0.00,0,2.95,0,27.52,0,2.95,0,2.95
0.4,10.5,0.00,0.00,0,2.95,0,27.52,0,2.95,0,2.95
0.4,10.5,0.00,0.00,0,2.95,0,27.52,0,2.95,0,2.95
0.6,10.5,0.00,0.00,0,2.95,0,27.52,0,2.95,0,2.95
0.4,10.5,0.00,0.00,0,2.95,0,27.52,0,2.95,0,2.95
0.2,10.5,0.00,0.00,0,2.95,0,27.52,0,2.95,0,2.95
0.6,10.5,0.00,0.00,0,2.95,0,27.52,0,2.95,0,2.95
1.9,10.5,0.00,0.00,0,2.95,0,27.52,0,2.95,0,2.95
0.4,10.5,0.00,0.00,0,2.95,0,27.52,0,2.95,0,2.95
0.4,10.5,0.00,0.00,0,2.95,0,27.52,0,2.95,0,2.95
0.2,10.5,0.00,0.00,0,2.95,0,27.52,0,2.95,0,2.95
0.0,10.5,0.00,0.00,0,2.95,0,27.52,0,2.95,0,2.95
0.6,10.5,0.00,0.00,0,2.95,0,27.52,0,2.95,0,2.95
0.4,10.5,0.00,0.00,0,2.95,0,27.52,0,2.95,0,2.95
0.4,10.5,0.00,0.00,0,2.95,0,27.52,0,2.95,0,2.95
0.2,10.5,0.00,0.00,0,2.95,0,27.52,0,2.95,0,2.95
0.2,10.5,0.00,0.00,0,2.95,0,27.52,0,2.95,0,2.95
0.4,10.5,0.00,0.00,0,2.95,0,27.52,0,2.95,0,2.95
0.4,10.5,0.00,0.00,0,2.95,0,27.52,0,2.95,0,2.95
0.4,10.5,0.00,0.00,0,2.95,0,27.52,0,2.95,0,2.95
0.4,10.5,0.00,0.00,0,2.95,0,27.52,0,2.95,0,2.95
0.0,10.5,0.00,0.00,0,2.95,0,27.52,0,2.95,0,2.95
0.4,10.5,0.00,0.00,0,2.95,0,27.52,0,2.95,0,2.95
0.2,10.5,0.00,0.00,0,2.95,0,27.52,0,2.95,0,2.95
0.2,10.5,0.00,0.00,0,2.95,0,27.52,0,2.95,0,2.95
0.4,10.5,0.00,0.00,0,2.95,0,27.52,0,2.95,0,2.95
0.2,10.5,0.00,0.00,0,2.95,0,27.52,0,2.95,0,2.95
0.6,10.5,0.00,0.00,0,2.95,0,27.52,0,2.95,0,2.95
2.1,10.5,0.00,0.00,0,2.95,0,27.52,0,2.95,0,2.95
0.6,10.5,0.00,0.00,0,2.95,0,27.52,0,2.95,0,2.95
0.2,10.5,0.00,0.00,0,2.95,0,27.52,0,2.95,0,2.95
0.0,10.5,0.00,0.00,0,2.95,0,27.52,0,2.95,0,2.95
0.2,10.5,0.00,0.00,0,2.95,0,27.52,0,2.95,0,2.95
0.4,10.5,0.00,0.00,0,2.95,0,27.52,0,2.95,0,2.95
0.4,10.5,0.00,0.00,0,2.95,0,27.52,0,2.95,0,2.95
0.4,10.5,0.00,0.00,0,2.95,0,27.52,0,2.95,0,2.95
0.2,10.5,0.00,0.00,0,2.95,0,27.52,0,2.95,0,2.95
0.8,10.5,0.00,0.00,0,2.95,0,27.52,0,2.95,0,2.95
0.4,10.5,0.00,0.00,0,2.95,0,27.52,0,2.95,0,2.95
0.4,10.5,0.00,0.00,0,2.95,0,27.52,0,2.95,0,2.95
0.6,10.5,0.00,0.00,0,2.95,0,27.52,0,2.95,0,2.95
0.6,10.5,0.00,0.00,0,2.95,0,27.52,0,2.95,0,2.95
0.0,10.5,0.00,0.00,0,2.95,0,27.52,0,2.95,0,2.95
0.2,10.5,0.00,0.00,0,2.95,0,27.52,0,2.95,0,2.95
0.4,10.5,0.00,0.00,0,2.95,0,27.52,0,2.95,0,2.95
0.4,10.5,0.00,0.00,0,2.95,0,27.52,0,2.95,0,2.95
0.4,10.5,0.00,0.00,0,2.95,0,27.52,0,2.95,0,2.95
0.4,10.5,0.00,0.00,0,2.95,0,27.52,0,2.95,0,2.95
0.4,10.5,0.00,0.00,0,2.95,0,27.52,0,2.95,0,2.95
2.5,10.5,0.00,0.00,0,2.95,0,27.52,0,2.95,0,2.95
0.4,10.5,0.00,0.00,0,2.95,0,27.52,0,2.95,0,2.95
0.0,10.5,0.00,0.00,0,2.95,0,27.52,0,2.95,0,2.95
0.4,10.5,0.00,0.00,0,2.95,0,27.52,0,2.95,0,2.95
0.4,10.5,0.00,0.00,0,2.95,0,27.52,0,2.95,0,2.95
0.4,10.5,0.00,0.00,0,2.95,0,27.52,0,2.95,0,2.95
0.8,10.5,0.00,0.00,0,2.95,0,27.52,0,2.95,0,2.95
0.0,10.5,0.00,0.00,0,2.95,0,27.52,0,2.95,0,2.95
0.8,10.5,0.00,0.00,0,2.95,0,27.52,0,2.95,0,2.95
0.4,10.5,0.00,0.00,0,2.95,0,27.52,0,2.95,0,2.95
1.2,10.5,0.00,0.00,0,2.95,0,27.52,0,2.95,0,2.95
0.4,10.5,0.00,0.00,0,2.95,0,27.52,0,2.95,0,2.95
0.4,10.5,0.00,0.00,0,2.95,0,27.52,0,2.95,0,2.95
0.4,10.5,0.00,0.00,0,2.95,0,27.52,0,2.95,0,2.95
0.6,10.5,0.00,0.00,0,2.95,0,27.52,0,2.95,0,2.95
0.4,10.5,0.00,0.00,0,2.95,0,27.52,0,2.95,0,2.95
0.4,10.5,0.00,0.00,0,2.95,0,27.52,0,2.95,0,2.95
0.0,10.5,0.00,0.00,0,2.95,0,27.52,0,2.95,0,2.95
0.0,10.5,0.00,0.00,0,2.95,0,27.52,0,2.95,0,2.95
0.0,10.5,0.00,0.00,0,2.95,0,27.52,0,2.95,0,2.95
0.4,10.5,0.00,0.00,0,2.95,0,27.52,0,2.95,0,2.95
1.7,10.5,0.00,0.00,0,2.95,0,27.52,0,2.95,0,2.95
0.4,10.5,0.00,0.00,0,2.95,0,27.52,0,2.95,0,2.95
0.2,10.5,0.00,0.00,0,2.95,0,27.52,0,2.95,0,2.95
0.0,10.5,0.00,0.00,0,2.95,0,27.52,0,2.95,0,2.95
0.2,10.5,0.00,0.00,0,2.95,0,27.52,0,2.95,0,2.95
0.6,10.5,0.00,0.00,0,2.95,0,27.52,0,2.95,0,2.95
0.4,10.5,0.00,0.00,0,2.95,0,27.52,0,2.95,0,2.95
0.4,10.5,0.00,0.00,0,2.95,0,27.52,0,2.95,0,2.95
0.0,10.5,0.00,0.00,0,2.95,0,27.52,0,2.95,0,2.95
0.4,10.5,0.00,0.00,0,2.95,0,27.52,0,2.95,0,2.95
1.7,10.5,0.00,0.00,0,2.95,0,27.52,0,2.95,0,2.95
0.0,10.5,0.00,0.00,0,2.95,0,27.52,0,2.95,0,2.95
0.2,10.5,0.00,0.00,0,2.95,0,27.52,0,2.95,0,2.95
0.6,10.5,0.00,0.00,0,2.95,0,27.52,0,2.95,0,2.95
0.2,10.5,0.00,0.00,0,2.95,0,27.52,0,2.95,0,2.95
0.0,10.5,0.00,0.00,0,2.95,0,27.52,0,2.95,0,2.95
0.4,10.5,0.00,0.00,0,2.95,0,27.52,0,2.95,0,2.95
0.4,10.5,0.00,0.00,0,2.95,0,27.52,0,2.95,0,2.95
0.2,10.5,0.00,0.00,0,2.95,0,27.52,0,2.95,0,2.95
0.2,10.5,0.00,0.00,0,2.95,0,27.52,0,2.95,0,2.95
0.6,10.5,0.00,0.00,0,2.95,0,27.52,0,2.95,0,2.95
1.3,10.5,0.00,0.00,0,2.95,0,27.52,0,2.95,0,2.95
0.4,10.5,0.00,0.00,0,2.95,0,27.52,0,2.95,0,2.95
0.4,10.5,0.00,0.00,0,2.95,0,27.52,0,2.95,0,2.95
0.0,10.5,0.00,0.00,0,2.95,0,27.52,0,2.95,0,2.95
0.0,10.5,0.00,0.00,0,2.95,0,27.52,0,2.95,0,2.95
0.2,10.5,0.00,0.00,0,2.95,0,27.52,0,2.95,0,2.95
0.4,10.5,0.00,0.00,0,2.95,0,27.52,0,2.95,0,2.95
0.0,10.5,0.00,0.00,0,2.95,0,27.52,0,2.95,0,2.95
0.4,10.5,0.00,0.00,0,2.95,0,27.52,0,2.95,0,2.95
0.6,10.5,0.00,0.00,0,2.95,0,27.52,0,2.95,0,2.95
2.1,10.5,0.00,0.00,0,2.95,0,27.52,0,2.95,0,2.95
0.4,10.5,0.00,0.00,0,2.95,0,27.52,0,2.95,0,2.95
0.2,10.5,0.00,0.00,0,2.95,0,27.52,0,2.95,0,2.95
0.4,10.5,0.00,0.00,0,2.95,0,27.52,0,2.95,0,2.95
0.2,10.5,0.00,0.00,0,2.95,0,27.52,0,2.95,0,2.95
0.2,10.5,0.00,0.00,0,2.95,0,27.52,0,2.95,0,2.95
0.6,10.5,0.00,0.00,0,2.95,0,27.52,0,2.95,0,2.95
0.4,10.5,0.00,0.00,0,2.95,0,27.52,0,2.95,0,2.95
0.6,10.5,0.00,0.00,0,2.95,0,27.52,0,2.95,0,2.95
0.4,10.5,0.00,0.00,0,2.95,0,27.52,0,2.95,0,2.95
0.6,10.5,0.00,0.00,0,2.95,0,27.52,0,2.95,0,2.95
1.7,10.5,0.00,0.00,0,2.95,0,27.52,0,2.95,0,2.95
0.2,10.5,0.00,0.00,0,2.95,0,27.52,0,2.95,0,2.95
0.2,10.5,0.00,0.00,0,2.95,0,27.52,0,2.95,0,2.95
0.2,10.5,0.00,0.00,0,2.95,0,27.52,0,2.95,0,2.95
0.2,10.5,0.00,0.00,0,2.95,0,27.52,0,2.95,0,2.95
0.2,10.5,0.00,0.00,0,2.95,0,27.52,0,2.95,0,2.95
0.4,10.5,0.00,0.00,0,2.95,0,27.52,0,2.95,0,2.95
0.0,10.5,0.00,0.00,0,2.95,0,27.52,0,2.95,0,2.95
0.2,10.5,0.00,0.00,0,2.95,0,27.52,0,2.95,0,2.95
0.2,10.5,0.00,0.00,0,2.95,0,27.52,0,2.95,0,2.95
1.9,10.5,0.00,0.00,0,2.95,0,27.52,0,2.95,0,2.95
0.2,10.5,0.00,0.00,0,2.95,0,27.52,0,2.95,0,2.95
0.2,10.5,0.00,0.00,0,2.95,0,27.52,0,2.95,0,2.95
1.0,10.5,0.00,0.00,0,2.95,0,27.52,0,2.95,0,2.95
0.4,10.5,0.00,0.00,0,2.95,0,27.52,0,2.95,0,2.95
0.6,10.5,0.00,0.00,0,2.95,0,27.52,0,2.95,0,2.95
0.4,10.5,0.00,0.00,0,2.95,0,27.52,0,2.95,0,2.95
0.4,10.5,0.00,0.00,0,2.95,0,27.52,0,2.95,0,2.95
0.4,10.5,0.00,0.00,0,2.95,0,27.52,0,2.95,0,2.95
0.2,10.5,0.00,0.00,0,2.95,0,27.52,0,2.95,0,2.95
0.2,10.5,0.00,0.00,0,2.95,0,27.52,0,2.95,0,2.95
1.7,10.5,0.00,0.00,0,2.95,0,27.52,0,2.95,0,2.95
0.2,10.5,0.00,0.00,0,2.95,0,27.52,0,2.95,0,2.95
0.2,10.5,0.00,0.00,0,2.95,0,27.52,0,2.95,0,2.95
0.2,10.5,0.00,0.00,0,2.95,0,27.52,0,2.95,0,2.95
0.4,10.5,0.00,0.00,0,2.95,0,27.52,0,2.95,0,2.95
0.4,10.5,0.00,0.00,0,2.95,0,27.52,0,2.95,0,2.95
0.6,10.5,0.00,0.00,0,2.95,0,27.52,0,2.95,0,2.95
0.0,10.5,0.00,0.00,0,2.95,0,27.52,0,2.95,0,2.95
0.0,10.5,0.00,0.00,0,2.95,0,27.52,0,2.95,0,2.95
0.4,10.5,0.00,0.00,0,2.95,0,27.52,0,2.95,0,2.95
1.0,10.5,0.00,0.00,0,2.95,0,27.52,0,2.95,0,2.95
0.0,10.5,0.00,0.00,0,2.95,0,27.52,0,2.95,0,2.95
0.2,10.5,0.00,0.00,0,2.95,0,27.52,0,2.95,0,2.95
0.2,10.5,0.00,0.00,0,2.95,0,27.52,0,2.95,0,2.95
0.2,10.5,0.00,0.00,0,2.95,0,27.52,0,2.95,0,2.95
0.4,10.5,0.00,0.00,0,2.95,0,27.52,0,2.95,0,2.95
0.2,10.5,0.00,0.00,0,2.95,0,27.52,0,2.95,0,2.95
0.2,10.5,0.00,0.00,0,2.95,0,27.52,0,2.95,0,2.95
0.2,10.5,0.00,0.00,0,2.95,0,27.52,0,2.95,0,2.95
0.4,10.5,0.00,0.00,0,2.95,0,27.52,0,2.95,0,2.95
0.4,10.5,0.00,0.00,0,2.95,0,27.52,0,2.95,0,2.95
1.0,10.5,0.00,0.00,0,2.95,0,27.52,0,2.95,0,2.95
0.6,10.5,0.00,0.00,0,2.95,0,27.52,0,2.95,0,2.95
0.4,10.5,0.00,0.00,0,2.95,0,27.52,0,2.95,0,2.95
0.2,10.5,0.00,0.00,0,2.95,0,27.52,0,2.95,0,2.95
0.2,10.5,0.00,0.00,0,2.95,0,27.52,0,2.95,0,2.95
0.4,10.5,0.00,0.00,0,2.95,0,27.52,0,2.95,0,2.95
0.2,10.5,0.00,0.00,0,2.95,0,27.52,0,2.95,0,2.95
0.4,10.5,0.00,0.00,0,2.95,0,27.52,0,2.95,0,2.95
0.2,10.5,0.00,0.00,0,2.95,0,27.52,0,2.95,0,2.95
0.2,10.5,0.00,0.00,0,2.95,0,27.52,0,2.95,0,2.95
1.5,10.5,0.00,0.00,0,2.95,0,27.52,0,2.95,0,2.95
0.6,10.5,0.00,0.00,0,2.95,0,27.52,0,2.95,0,2.95
0.2,10.5,0.00,0.00,0,2.95,0,27.52,0,2.95,0,2.95
0.6,10.5,0.00,0.00,0,2.95,0,27.52,0,2.95,0,2.95
0.2,10.5,0.00,0.00,0,2.95,0,27.52,0,2.95,0,2.95
0.4,10.5,0.00,0.00,0,2.95,0,27.52,0,2.95,0,2.95
0.4,10.5,0.00,0.00,0,2.95,0,27.52,0,2.95,0,2.95
0.2,10.5,0.00,0.00,0,2.95,0,27.52,0,2.95,0,2.95
0.2,10.5,0.00,0.00,0,2.95,0,27.52,0,2.95,0,2.95
1.4,10.5,0.00,0.00,0,2.95,0,27.52,0,2.95,0,2.95
1.9,10.5,0.00,0.00,0,2.95,0,27.52,0,2.95,0,2.95
0.4,10.5,0.00,0.00,0,2.95,0,27.52,0,2.95,0,2.95
0.4,10.5,0.00,0.00,0,2.95,0,27.52,0,2.95,0,2.95
0.0,10.5,0.00,0.00,0,2.95,0,27.52,0,2.95,0,2.95
0.2,10.5,0.00,0.00,0,2.95,0,27.52,0,2.95,0,2.95
0.2,10.5,0.00,0.00,0,2.95,0,27.52,0,2.95,0,2.95
0.2,10.5,0.00,0.00,0,2.95,0,27.52,0,2.95,0,2.95
0.4,10.5,0.00,0.00,0,2.95,0,27.52,0,2.95,0,2.95
0.0,10.5,0.00,0.00,0,2.95,0,27.52,0,2.95,0,2.95
0.0,10.5,0.00,0.00,0,2.95,0,27.52,0,2.95,0,2.95
0.2,10.5,0.00,0.00,0,2.95,0,27.52,0,2.95,0,2.95
1.5,10.5,0.00,0.00,0,2.95,0,27.52,0,2.95,0,2.95
0.2,10.5,0.00,0.00,0,2.95,0,27.52,0,2.95,0,2.95
0.2,10.5,0.00,0.00,0,2.95,0,27.52,0,2.95,0,2.95
0.2,10.5,0.00,0.00,0,2.95,0,27.52,0,2.95,0,2.95
0.4,10.5,0.00,0.00,0,2.95,0,27.52,0,2.95,0,2.95
0.2,10.5,0.00,0.00,0,2.95,0,27.52,0,2.95,0,2.95
0.2,10.5,0.00,0.00,0,2.95,0,27.52,0,2.95,0,2.95
0.2,10.5,0.00,0.00,0,2.95,0,27.52,0,2.95,0,2.95
0.4,10.5,0.00,0.00,0,2.95,0,27.52,0,2.95,0,2.95
0.2,10.5,0.00,0.00,0,2.95,0,27.52,0,2.95,0,2.95
0.2,10.5,0.00,0.00,0,2.95,0,27.52,0,2.95,0,2.95
0.2,10.5,0.00,0.00,0,2.95,0,27.52,0,2.95,0,2.95
0.4,10.5,0.00,0.00,0,2.95,0,27.52,0,2.95,0,2.95
0.4,10.5,0.00,0.00,0,2.95,0,27.52,0,2.95,0,2.95
0.2,10.5,0.00,0.00,0,2.95,0,27.52,0,2.95,0,2.95
0.8,10.5,0.00,0.00,0,2.95,0,27.52,0,2.95,0,2.95
0.2,10.5,0.00,0.00,0,2.95,0,27.52,0,2.95,0,2.95
0.2,10.5,0.00,0.00,0,2.95,0,27.52,0,2.95,0,2.95
0.0,10.5,0.00,0.00,0,2.95,0,27.52,0,2.95,0,2.95
0.4,10.5,0.00,0.00,0,2.95,0,27.52,0,2.95,0,2.95
0.4,10.5,0.00,0.00,0,2.95,0,27.52,0,2.95,0,2.95
1.9,10.5,0.00,0.00,0,2.95,0,27.52,0,2.95,0,2.95
0.4,10.5,0.00,0.00,0,2.95,0,27.52,0,2.95,0,2.95
0.4,10.5,0.00,0.00,0,2.95,0,27.52,0,2.95,0,2.95
0.2,10.5,0.00,0.00,0,2.95,0,27.52,0,2.95,0,2.95
0.4,10.5,0.00,0.00,0,2.95,0,27.52,0,2.95,0,2.95
0.4,10.5,0.00,0.00,0,2.95,0,27.52,0,2.95,0,2.95
0.4,10.5,0.00,0.00,0,2.95,0,27.52,0,2.95,0,2.95
0.0,10.5,0.00,0.00,0,2.95,0,27.52,0,2.95,0,2.95
0.0,10.5,0.00,0.00,0,2.95,0,27.52,0,2.95,0,2.95
0.2,10.5,0.00,0.00,0,2.95,0,27.52,0,2.95,0,2.95
0.6,10.5,0.00,0.00,0,2.95,0,27.52,0,2.95,0,2.95
0.6,10.5,0.00,0.00,0,2.95,0,27.52,0,2.95,0,2.95
0.4,10.5,0.00,0.00,0,2.95,0,27.52,0,2.95,0,2.95
0.0,10.5,0.00,0.00,0,2.95,0,27.52,0,2.95,0,2.95
0.0,10.5,0.00,0.00,0,2.95,0,27.52,0,2.95,0,2.95
0.6,10.5,0.00,0.00,0,2.95,0,27.52,0,2.95,0,2.95
0.4,10.5,0.00,0.00,0,2.95,0,27.52,0,2.95,0,2.95
0.0,10.5,0.00,0.00,0,2.95,0,27.52,0,2.95,0,2.95
0.2,10.5,0.00,0.00,0,2.95,0,27.52,0,2.95,0,2.95
0.4,10.5,0.00,0.00,0,2.95,0,27.52,0,2.95,0,2.95
0.0,10.5,0.00,0.00,0,2.95,0,27.52,0,2.95,0,2.95
2.1,10.5,0.00,0.00,0,2.95,0,27.52,0,2.95,0,2.95
0.2,10.5,0.00,0.00,0,2.95,0,27.52,0,2.95,0,2.95
0.4,10.5,0.00,0.00,0,2.95,0,27.52,0,2.95,0,2.95
0.0,10.5,0.00,0.00,0,2.95,0,27.52,0,2.95,0,2.95
0.4,10.5,0.00,0.00,0,2.95,0,27.52,0,2.95,0,2.95
0.6,10.5,0.00,0.00,0,2.95,0,27.52,0,2.95,0,2.95
0.4,10.5,0.00,0.00,0,2.95,0,27.52,0,2.95,0,2.95
0.4,10.5,0.00,0.00,0,2.95,0,27.52,0,2.95,0,2.95
0.4,10.5,0.00,0.00,0,2.95,0,27.52,0,2.95,0,2.95
0.6,10.5,0.00,0.00,0,2.95,0,27.52,0,2.95,0,2.95
0.8,10.5,0.00,0.00,0,2.95,0,27.52,0,2.95,0,2.95
0.6,10.5,0.00,0.00,0,2.95,0,27.52,0,2.95,0,2.95
0.6,10.5,0.00,0.00,0,2.95,0,27.52,0,2.95,0,2.95
0.4,10.5,0.00,0.00,0,2.95,0,27.52,0,2.95,0,2.95
0.4,10.5,0.00,0.00,0,2.95,0,27.52,0,2.95,0,2.95
0.2,10.5,0.00,0.00,0,2.95,0,27.52,0,2.95,0,2.95
0.2,10.5,0.00,0.00,0,2.95,0,27.52,0,2.95,0,2.95
0.2,10.5,0.00,0.00,0,2.95,0,27.52,0,2.95,0,2.95
0.4,10.5,0.00,0.00,0,2.95,0,27.52,0,2.95,0,2.95
0.4,10.5,0.00,0.00,0,2.95,0,27.52,0,2.95,0,2.95
0.0,10.5,0.00,0.00,0,2.95,0,27.52,0,2.95,0,2.95
2.3,10.5,0.00,0.00,0,2.95,0,27.52,0,2.95,0,2.95
0.2,10.5,0.00,0.00,0,2.95,0,27.52,0,2.95,0,2.95
0.2,10.5,0.00,0.00,0,2.95,0,27.52,0,2.95,0,2.95
0.0,10.5,0.00,0.00,0,2.95,0,27.52,0,2.95,0,2.95
0.6,10.5,0.00,0.00,0,2.95,0,27.52,0,2.95,0,2.95
0.2,10.5,0.00,0.00,0,2.95,0,27.52,0,2.95,0,2.95
0.0,10.5,0.00,0.00,0,2.95,0,27.52,0,2.95,0,2.95
0.4,10.5,0.00,0.00,0,2.95,0,27.52,0,2.95,0,2.95
0.0,10.5,0.00,0.00,0,2.95,0,27.52,0,2.95,0,2.95
0.6,10.5,0.00,0.00,0,2.95,0,27.52,0,2.95,0,2.95
1.2,10.5,0.00,0.00,0,2.95,0,27.52,0,2.95,0,2.95
0.6,10.5,0.00,0.00,0,2.95,0,27.52,0,2.95,0,2.95
0.2,10.5,0.00,0.00,0,2.95,0,27.52,0,2.95,0,2.95
0.2,10.5,0.00,0.00,0,2.95,0,27.52,0,2.95,0,2.95
0.4,10.5,0.00,0.00,0,2.95,0,27.52,0,2.95,0,2.95
0.4,10.5,0.00,0.00,0,2.95,0,27.52,0,2.95,0,2.95
0.0,10.5,0.00,0.00,0,2.95,0,27.52,0,2.95,0,2.95
0.2,10.5,0.00,0.00,0,2.95,0,27.52,0,2.95,0,2.95
0.0,10.5,0.00,0.00,0,2.95,0,27.52,0,2.95,0,2.95
0.6,10.5,0.00,0.00,0,2.95,0,27.52,0,2.95,0,2.95
0.2,10.5,0.00,0.00,0,2.95,0,27.52,0,2.95,0,2.95
1.7,10.5,0.00,0.00,0,2.95,0,27.52,0,2.95,0,2.95
0.4,10.5,0.00,0.00,0,2.95,0,27.52,0,2.95,0,2.95
0.2,10.5,0.00,0.00,0,2.95,0,27.52,0,2.95,0,2.95
0.0,10.5,0.00,0.00,0,2.95,0,27.52,0,2.95,0,2.95
0.4,10.5,0.00,0.00,0,2.95,0,27.52,0,2.95,0,2.95
0.4,10.5,0.00,0.00,0,2.95,0,27.52,0,2.95,0,2.95
0.2,10.5,0.00,0.00,0,2.95,0,27.52,0,2.95,0,2.95
0.0,10.5,0.00,0.00,0,2.95,0,27.52,0,2.95,0,2.95
0.2,10.5,0.00,0.00,0,2.95,0,27.52,0,2.95,0,2.95
0.2,10.5,0.00,0.00,0,2.95,0,27.52,0,2.95,0,2.95
1.2,10.5,0.00,0.00,0,2.95,0,27.52,0,2.95,0,2.95
0.2,10.5,0.00,0.00,0,2.95,0,27.52,0,2.95,0,2.95
0.2,10.5,0.00,0.00,0,2.95,0,27.52,0,2.95,0,2.95
0.2,10.5,0.00,0.00,0,2.95,0,27.52,0,2.95,0,2.95
0.2,10.5,0.00,0.00,0,2.95,0,27.52,0,2.95,0,2.95
0.0,10.5,0.00,0.00,0,2.95,0,27.52,0,2.95,0,2.95
0.2,10.5,0.00,0.00,0,2.95,0,27.52,0,2.95,0,2.95
0.2,10.5,0.00,0.00,0,2.95,0,27.52,0,2.95,0,2.95
0.0,10.5,0.00,0.00,0,2.95,0,27.52,0,2.95,0,2.95
0.4,10.5,0.00,0.00,0,2.95,0,27.52,0,2.95,0,2.95
0.2,10.5,0.00,0.00,0,2.95,0,27.52,0,2.95,0,2.95
1.7,10.5,0.00,0.00,0,2.95,0,27.52,0,2.95,0,2.95
0.2,10.5,0.00,0.00,0,2.95,0,27.52,0,2.95,0,2.95
0.2,10.5,0.00,0.00,0,2.95,0,27.52,0,2.95,0,2.95
0.2,10.5,0.00,0.00,0,2.95,0,27.52,0,2.95,0,2.95
0.2,10.5,0.00,0.00,0,2.95,0,27.52,0,2.95,0,2.95
0.4,10.5,0.00,0.00,0,2.95,0,27.52,0,2.95,0,2.95
0.4,10.5,0.00,0.00,0,2.95,0,27.52,0,2.95,0,2.95
0.2,10.5,0.00,0.00,0,2.95,0,27.52,0,2.95,0,2.95
0.2,10.5,0.00,0.00,0,2.95,0,27.52,0,2.95,0,2.95
0.4,10.5,0.00,0.00,0,2.95,0,27.52,0,2.95,0,2.95
1.2,10.5,0.00,0.00,0,2.95,0,27.52,0,2.95,0,2.95
0.6,10.5,0.00,0.00,0,2.95,0,27.52,0,2.95,0,2.95
0.4,10.5,0.00,0.00,0,2.95,0,27.52,0,2.95,0,2.95
0.2,10.5,0.00,0.00,0,2.95,0,27.52,0,2.95,0,2.95
0.4,10.5,0.00,0.00,0,2.95,0,27.52,0,2.95,0,2.95
0.2,10.5,0.00,0.00,0,2.95,0,27.52,0,2.95,0,2.95
0.2,10.5,0.00,0.00,0,2.95,0,27.52,0,2.95,0,2.95
0.2,10.5,0.00,0.00,0,2.95,0,27.52,0,2.95,0,2.95
0.2,10.5,0.00,0.00,0,2.95,0,27.52,0,2.95,0,2.95
0.2,10.5,0.00,0.00,0,2.95,0,27.52,0,2.95,0,2.95
0.2,10.5,0.00,0.00,0,2.95,0,27.52,0,2.95,0,2.95
1.7,10.5,0.00,0.00,0,2.95,0,27.52,0,2.95,0,2.95
0.4,10.5,0.00,0.00,0,2.95,0,27.52,0,2.95,0,2.95
0.4,10.5,0.00,0.00,0,2.95,0,27.52,0,2.95,0,2.95
0.2,10.5,0.00,0.00,0,2.95,0,27.52,0,2.95,0,2.95
0.4,10.5,0.00,0.00,0,2.95,0,27.52,0,2.95,0,2.95
0.4,10.5,0.00,0.00,0,2.95,0,27.52,0,2.95,0,2.95
0.2,10.5,0.00,0.00,0,2.95,0,27.52,0,2.95,0,2.95
0.6,10.5,0.00,0.00,0,2.95,0,27.52,0,2.95,0,2.95
0.0,10.5,0.00,0.00,0,2.95,0,27.52,0,2.95,0,2.95
0.4,10.5,0.00,0.00,0,2.95,0,27.52,0,2.95,0,2.95
1.7,10.5,0.00,0.00,0,2.95,0,27.52,0,2.95,0,2.95
0.8,10.5,0.00,0.00,0,2.95,0,27.52,0,2.95,0,2.95
0.2,10.5,0.00,0.00,0,2.95,0,27.52,0,2.95,0,2.95
0.4,10.5,0.00,0.00,0,2.95,0,27.52,0,2.95,0,2.95
0.2,10.5,0.00,0.00,0,2.95,0,27.52,0,2.95,0,2.95
0.4,10.5,0.00,0.00,0,2.95,0,27.52,0,2.95,0,2.95
0.0,10.5,0.00,0.00,0,2.95,0,27.52,0,2.95,0,2.95
0.0,10.5,0.00,0.00,0,2.95,0,27.52,0,2.95,0,2.95
0.2,10.5,0.00,0.00,0,2.95,0,27.52,0,2.95,0,2.95
0.2,10.5,0.00,0.00,0,2.95,0,27.52,0,2.95,0,2.95
0.0,10.5,0.00,0.00,0,2.95,0,27.52,0,2.95,0,2.95
0.8,10.5,0.00,0.00,0,2.95,0,27.52,0,2.95,0,2.95
0.0,10.5,0.00,0.00,0,2.95,0,27.52,0,2.95,0,2.95
0.2,10.5,0.00,0.00,0,2.95,0,27.52,0,2.95,0,2.95
0.6,10.5,0.00,0.00,0,2.95,0,27.52,0,2.95,0,2.95
0.0,10.5,0.00,0.00,0,2.95,0,27.52,0,2.95,0,2.95
0.6,10.5,0.00,0.00,0,2.95,0,27.52,0,2.95,0,2.95
0.2,10.5,0.00,0.00,0,2.95,0,27.52,0,2.95,0,2.95
0.6,10.5,0.00,0.00,0,2.95,0,27.52,0,2.95,0,2.95
0.0,10.5,0.00,0.00,0,2.95,0,27.52,0,2.95,0,2.95
0.4,10.5,0.00,0.00,0,2.95,0,27.52,0,2.95,0,2.95
1.9,10.5,0.00,0.00,0,2.95,0,27.52,0,2.95,0,2.95
0.2,10.5,0.00,0.00,0,2.95,0,27.52,0,2.95,0,2.95
0.2,10.5,0.00,0.00,0,2.95,0,27.52,0,2.95,0,2.95
0.0,10.5,0.00,0.00,0,2.95,0,27.52,0,2.95,0,2.95
0.6,10.5,0.00,0.00,0,2.95,0,27.52,0,2.95,0,2.95
0.2,10.5,0.00,0.00,0,2.95,0,27.52,0,2.95,0,2.95
0.4,10.5,0.00,0.00,0,2.95,0,27.52,0,2.95,0,2.95
0.0,10.5,0.00,0.00,0,2.95,0,27.52,0,2.95,0,2.95
0.2,10.5,0.00,0.00,0,2.95,0,27.52,0,2.95,0,2.95
0.2,10.5,0.00,0.00,0,2.95,0,27.52,0,2.95,0,2.95
0.6,10.5,0.00,0.00,0,2.95,0,27.52,0,2.95,0,2.95
0.8,10.5,0.00,0.00,0,2.95,0,27.52,0,2.95,0,2.95
0.0,10.5,0.00,0.00,0,2.95,0,27.52,0,2.95,0,2.95
0.4,10.5,0.00,0.00,0,2.95,0,27.52,0,2.95,0,2.95
0.2,10.5,0.00,0.00,0,2.95,0,27.52,0,2.95,0,2.95
0.0,10.5,0.00,0.00,0,2.95,0,27.52,0,2.95,0,2.95
0.0,10.5,0.00,0.00,0,2.95,0,27.52,0,2.95,0,2.95
0.0,10.5,0.00,0.00,0,2.95,0,27.52,0,2.95,0,2.95
0.4,10.5,0.00,0.00,0,2.95,0,27.52,0,2.95,0,2.95
0.0,10.5,0.00,0.00,0,2.95,0,27.52,0,2.95,0,2.95
0.2,10.5,0.00,0.00,0,2.95,0,27.52,0,2.95,0,2.95
2.3,10.5,0.00,0.00,0,2.95,0,27.52,0,2.95,0,2.95
0.2,10.5,0.00,0.00,0,2.95,0,27.52,0,2.95,0,2.95
0.4,10.5,0.00,0.00,0,2.95,0,27.52,0,2.95,0,2.95
0.0,10.5,0.00,0.00,0,2.95,0,27.52,0,2.95,0,2.95
0.4,10.5,0.00,0.00,0,2.95,0,27.52,0,2.95,0,2.95
0.4,10.5,0.00,0.00,0,2.95,0,27.52,0,2.95,0,2.95
0.6,10.5,0.00,0.00,0,2.95,0,27.52,0,2.95,0,2.95
0.6,10.5,0.00,0.00,0,2.95,0,27.52,0,2.95,0,2.95
0.2,10.5,0.00,0.00,0,2.95,0,27.52,0,2.95,0,2.95
0.4,10.5,0.00,0.00,0,2.95,0,27.52,0,2.95,0,2.95
0.2,10.5,0.00,0.00,0,2.95,0,27.52,0,2.95,0,2.95
1.3,10.5,0.00,0.00,0,2.95,0,27.52,0,2.95,0,2.95
0.2,10.5,0.00,0.00,0,2.95,0,27.52,0,2.95,0,2.95
0.8,10.5,0.00,0.00,0,2.95,0,27.52,0,2.95,0,2.95
0.0,10.5,0.00,0.00,0,2.95,0,27.52,0,2.95,0,2.95
0.2,10.5,0.00,0.00,0,2.95,0,27.52,0,2.95,0,2.95
0.2,10.5,0.00,0.00,0,2.95,0,27.52,0,2.95,0,2.95
0.2,10.5,0.00,0.00,0,2.95,0,27.52,0,2.95,0,2.95
0.2,10.5,0.00,0.00,0,2.95,0,27.52,0,2.95,0,2.95
0.2,10.5,0.00,0.00,0,2.95,0,27.52,0,2.95,0,2.95
0.2,10.5,0.00,0.00,0,2.95,0,27.52,0,2.95,0,2.95
1.7,10.5,0.00,0.00,0,2.95,0,27.52,0,2.95,0,2.95
0.2,10.5,0.00,0.00,0,2.95,0,27.52,0,2.95,0,2.95
0.2,10.5,0.00,0.00,0,2.95,0,27.52,0,2.95,0,2.95
0.0,10.5,0.00,0.00,0,2.95,0,27.52,0,2.95,0,2.95
0.4,10.5,0.00,0.00,0,2.95,0,27.52,0,2.95,0,2.95
0.0,10.5,0.00,0.00,0,2.95,0,27.52,0,2.95,0,2.95
0.0,10.5,0.00,0.00,0,2.95,0,27.52,0,2.95,0,2.95
0.2,10.5,0.00,0.00,0,2.95,0,27.52,0,2.95,0,2.95
0.2,10.5,0.00,0.00,0,2.95,0,27.52,0,2.95,0,2.95
0.0,10.5,0.00,0.00,0,2.95,0,27.52,0,2.95,0,2.95
0.4,10.5,0.00,0.00,0,2.95,0,27.52,0,2.95,0,2.95
1.5,10.5,0.00,0.00,0,2.95,0,27.52,0,2.95,0,2.95
0.6,10.5,0.00,0.00,0,2.95,0,27.52,0,2.95,0,2.95
0.0,10.5,0.00,0.00,0,2.95,0,27.52,0,2.95,0,2.95
0.4,10.5,0.00,0.00,0,2.95,0,27.52,0,2.95,0,2.95
0.6,10.5,0.00,0.00,0,2.95,0,27.52,0,2.95,0,2.95
0.0,10.5,0.00,0.00,0,2.95,0,27.52,0,2.95,0,2.95
0.4,10.5,0.00,0.00,0,2.95,0,27.52,0,2.95,0,2.95
0.4,10.5,0.00,0.00,0,2.95,0,27.52,0,2.95,0,2.95
0.4,10.5,0.00,0.00,0,2.95,0,27.52,0,2.95,0,2.95
0.4,10.5,0.00,0.00,0,2.95,0,27.52,0,2.95,0,2.95
1.7,10.5,0.00,0.00,0,2.95,0,27.52,0,2.95,0,2.95
0.0,10.5,0.00,0.00,0,2.95,0,27.52,0,2.95,0,2.95
0.2,10.5,0.00,0.00,0,2.95,0,27.52,0,2.95,0,2.95
0.2,10.5,0.00,0.00,0,2.95,0,27.52,0,2.95,0,2.95
0.4,10.5,0.00,0.00,0,2.95,0,27.52,0,2.95,0,2.95
0.2,10.5,0.00,0.00,0,2.95,0,27.52,0,2.95,0,2.95
0.4,10.5,0.00,0.00,0,2.95,0,27.52,0,2.95,0,2.95
0.2,10.5,0.00,0.00,0,2.95,0,27.52,0,2.95,0,2.95
0.2,10.5,0.00,0.00,0,2.95,0,27.52,0,2.95,0,2.95
0.6,10.5,0.00,0.00,0,2.95,0,27.52,0,2.95,0,2.95
0.2,10.5,0.00,0.00,0,2.95,0,27.52,0,2.95,0,2.95
1.7,10.5,0.00,0.00,0,2.95,0,27.52,0,2.95,0,2.95
0.4,10.5,0.00,0.00,0,2.95,0,27.52,0,2.95,0,2.95
0.4,10.5,0.00,0.00,0,2.95,0,27.52,0,2.95,0,2.95
0.0,10.5,0.00,0.00,0,2.95,0,27.52,0,2.95,0,2.95
0.4,10.5,0.00,0.00,0,2.95,0,27.52,0,2.95,0,2.95
0.4,10.5,0.00,0.00,0,2.95,0,27.52,0,2.95,0,2.95
0.4,10.5,0.00,0.00,0,2.95,0,27.52,0,2.95,0,2.95
0.2,10.5,0.00,0.00,0,2.95,0,27.52,0,2.95,0,2.95
0.0,10.5,0.00,0.00,0,2.95,0,27.52,0,2.95,0,2.95
0.4,10.5,0.00,0.00,0,2.95,0,27.52,0,2.95,0,2.95
2.7,10.5,0.00,0.00,0,2.95,0,27.52,0,2.95,0,2.95
1.4,10.5,0.00,0.00,0,2.95,0,27.52,0,2.95,0,2.95
0.4,10.5,0.00,0.00,0,2.95,0,27.52,0,2.95,0,2.95
0.2,10.5,0.00,0.00,0,2.95,0,27.52,0,2.95,0,2.95
0.6,10.5,0.00,0.00,0,2.95,0,27.52,0,2.95,0,2.95
0.2,10.5,0.00,0.00,0,2.95,0,27.52,0,2.95,0,2.95
0.2,10.5,0.00,0.00,0,2.95,0,27.52,0,2.95,0,2.95
0.6,10.5,0.00,0.00,0,2.95,0,27.52,0,2.95,0,2.95
0.4,10.5,0.00,0.00,0,2.95,0,27.52,0,2.95,0,2.95
0.4,10.5,0.00,0.00,0,2.95,0,27.52,0,2.95,0,2.95
0.0,10.5,0.00,0.00,0,2.95,0,27.52,0,2.95,0,2.95
1.9,10.5,0.00,0.00,0,2.95,0,27.52,0,2.95,0,2.95
0.4,10.5,0.00,0.00,0,2.95,0,27.52,0,2.95,0,2.95
0.0,10.5,0.00,0.00,0,2.95,0,27.52,0,2.95,0,2.95
0.0,10.5,0.00,0.00,0,2.95,0,27.52,0,2.95,0,2.95
0.4,10.5,0.00,0.00,0,2.95,0,27.52,0,2.95,0,2.95
0.0,10.5,0.00,0.00,0,2.95,0,27.52,0,2.95,0,2.95
0.4,10.5,0.00,0.00,0,2.95,0,27.52,0,2.95,0,2.95
0.2,10.5,0.00,0.00,0,2.95,0,27.52,0,2.95,0,2.95
0.6,10.5,0.00,0.00,0,2.95,0,27.52,0,2.95,0,2.95
0.2,10.5,0.00,0.00,0,2.95,0,27.52,0,2.95,0,2.95
1.7,10.5,0.00,0.00,0,2.95,0,27.52,0,2.95,0,2.95
0.8,10.5,0.00,0.00,0,2.95,0,27.52,0,2.95,0,2.95
0.2,10.5,0.00,0.00,0,2.95,0,27.52,0,2.95,0,2.95
0.0,10.5,0.00,0.00,0,2.95,0,27.52,0,2.95,0,2.95
0.4,10.5,0.00,0.00,0,2.95,0,27.52,0,2.95,0,2.95
0.2,10.5,0.00,0.00,0,2.95,0,27.52,0,2.95,0,2.95
0.2,10.5,0.00,0.00,0,2.95,0,27.52,0,2.95,0,2.95
0.4,10.5,0.00,0.00,0,2.95,0,27.52,0,2.95,0,2.95
0.6,10.5,0.00,0.00,0,2.95,0,27.52,0,2.95,0,2.95
0.2,10.5,0.00,0.00,0,2.95,0,27.52,0,2.95,0,2.95
0.2,10.5,0.00,0.00,0,2.95,0,27.52,0,2.95,0,2.95
1.0,10.5,0.00,0.00,0,2.95,0,27.52,0,2.95,0,2.95
0.4,10.5,0.00,0.00,0,2.95,0,27.52,0,2.95,0,2.95
0.2,10.5,0.00,0.00,0,2.95,0,27.52,0,2.95,0,2.95
0.0,10.5,0.00,0.00,0,2.95,0,27.52,0,2.95,0,2.95
0.0,10.5,0.00,0.00,0,2.95,0,27.52,0,2.95,0,2.95
0.4,10.5,0.00,0.00,0,2.95,0,27.52,0,2.95,0,2.95
0.0,10.5,0.00,0.00,0,2.95,0,27.52,0,2.95,0,2.95
0.4,10.5,0.00,0.00,0,2.95,0,27.52,0,2.95,0,2.95
0.4,10.5,0.00,0.00,0,2.95,0,27.52,0,2.95,0,2.95
0.0,10.5,0.00,0.00,0,2.95,0,27.52,0,2.95,0,2.95
2.1,10.5,0.00,0.00,0,2.95,0,27.52,0,2.95,0,2.95
0.6,10.5,0.00,0.00,0,2.95,0,27.52,0,2.95,0,2.95
0.4,10.5,0.00,0.00,0,2.95,0,27.52,0,2.95,0,2.95
0.2,10.5,0.00,0.00,0,2.95,0,27.52,0,2.95,0,2.95
0.4,10.5,0.00,0.00,0,2.95,0,27.52,0,2.95,0,2.95
0.2,10.5,0.00,0.00,0,2.95,0,27.52,0,2.95,0,2.95
0.0,10.5,0.00,0.00,0,2.95,0,27.52,0,2.95,0,2.95
0.2,10.5,0.00,0.00,0,2.95,0,27.52,0,2.95,0,2.95
0.2,10.5,0.00,0.00,0,2.95,0,27.52,0,2.95,0,2.95
0.2,10.5,0.00,0.00,0,2.95,0,27.52,0,2.95,0,2.95
0.4,10.5,0.00,0.00,0,2.95,0,27.52,0,2.95,0,2.95
1.0,10.5,0.00,0.00,0,2.95,0,27.52,0,2.95,0,2.95
0.6,10.5,0.00,0.00,0,2.95,0,27.52,0,2.95,0,2.95
0.2,10.5,0.00,0.00,0,2.95,0,27.52,0,2.95,0,2.95
0.0,10.5,0.00,0.00,0,2.95,0,27.52,0,2.95,0,2.95
0.2,10.5,0.00,0.00,0,2.95,0,27.52,0,2.95,0,2.95
0.6,10.5,0.00,0.00,0,2.95,0,27.52,0,2.95,0,2.95
0.0,10.5,0.00,0.00,0,2.95,0,27.52,0,2.95,0,2.95
0.6,10.5,0.00,0.00,0,2.95,0,27.52,0,2.95,0,2.95
0.0,10.5,0.00,0.00,0,2.95,0,27.52,0,2.95,0,2.95
0.4,10.5,0.00,0.00,0,2.95,0,27.52,0,2.95,0,2.95
1.5,10.5,0.00,0.00,0,2.95,0,27.52,0,2.95,0,2.95
0.2,10.5,0.00,0.00,0,2.95,0,27.52,0,2.95,0,2.95
0.6,10.5,0.00,0.00,0,2.95,0,27.52,0,2.95,0,2.95
0.4,10.5,0.00,0.00,0,2.95,0,27.52,0,2.95,0,2.95
0.8,10.5,0.00,0.00,0,2.95,0,27.52,0,2.95,0,2.95
0.2,10.5,0.00,0.00,0,2.95,0,27.52,0,2.95,0,2.95
0.4,10.5,0.00,0.00,0,2.95,0,27.52,0,2.95,0,2.95
0.4,10.5,0.00,0.00,0,2.95,0,27.52,0,2.95,0,2.95
0.4,10.5,0.00,0.00,0,2.95,0,27.52,0,2.95,0,2.95
0.8,10.5,0.00,0.00,0,2.95,0,27.52,0,2.95,0,2.95
0.4,10.5,0.00,0.00,0,2.95,0,27.52,0,2.95,0,2.95
1.7,10.5,0.00,0.00,0,2.95,0,27.52,0,2.95,0,2.95
0.2,10.5,0.00,0.00,0,2.95,0,27.52,0,2.95,0,2.95
0.2,10.5,0.00,0.00,0,2.95,0,27.52,0,2.95,0,2.95
0.4,10.5,0.00,0.00,0,2.95,0,27.52,0,2.95,0,2.95
1.0,10.5,0.00,0.00,0,2.95,0,27.52,0,2.95,0,2.95
0.2,10.5,0.00,0.00,0,2.95,0,27.52,0,2.95,0,2.95
0.0,10.5,0.00,0.00,0,2.95,0,27.52,0,2.95,0,2.95
0.4,10.5,0.00,0.00,0,2.95,0,27.52,0,2.95,0,2.95
0.2,10.5,0.00,0.00,0,2.95,0,27.52,0,2.95,0,2.95
0.6,10.5,0.00,0.00,0,2.95,0,27.52,0,2.95,0,2.95
1.9,10.5,0.00,0.00,0,2.95,0,27.52,0,2.95,0,2.95
0.2,10.5,0.00,0.00,0,2.95,0,27.52,0,2.95,0,2.95
0.6,10.5,0.00,0.00,0,2.95,0,27.52,0,2.95,0,2.95
0.0,10.5,0.00,0.00,0,2.95,0,27.52,0,2.95,0,2.95
0.4,10.5,0.00,0.00,0,2.95,0,27.52,0,2.95,0,2.95
0.2,10.5,0.00,0.00,0,2.95,0,27.52,0,2.95,0,2.95
0.2,10.5,0.00,0.00,0,2.95,0,27.52,0,2.95,0,2.95
0.4,10.5,0.00,0.00,0,2.95,0,27.52,0,2.95,0,2.95
0.2,10.5,0.00,0.00,0,2.95,0,27.52,0,2.95,0,2.95
0.6,10.5,0.00,0.00,0,2.95,0,27.52,0,2.95,0,2.95
0.2,10.5,0.00,0.00,0,2.95,0,27.52,0,2.95,0,2.95
1.7,10.5,0.00,0.00,0,2.95,0,27.52,0,2.95,0,2.95
0.6,10.5,0.00,0.00,0,2.95,0,27.52,0,2.95,0,2.95
0.4,10.5,0.00,0.00,0,2.95,0,27.52,0,2.95,0,2.95
0.0,10.5,0.00,0.00,0,2.95,0,27.52,0,2.95,0,2.95
0.2,10.5,0.00,0.00,0,2.95,0,27.52,0,2.95,0,2.95
0.2,10.5,0.00,0.00,0,2.95,0,27.52,0,2.95,0,2.95
0.2,10.5,0.00,0.00,0,2.95,0,27.52,0,2.95,0,2.95
0.2,10.5,0.00,0.00,0,2.95,0,27.52,0,2.95,0,2.95
0.2,10.5,0.00,0.00,0,2.95,0,27.52,0,2.95,0,2.95
0.4,10.5,0.00,0.00,0,2.95,0,27.52,0,2.95,0,2.95
1.5,10.5,0.00,0.00,0,2.95,0,27.52,0,2.95,0,2.95
0.2,10.5,0.00,0.00,0,2.95,0,27.52,0,2.95,0,2.95
0.6,10.5,0.00,0.00,0,2.95,0,27.52,0,2.95,0,2.95
0.0,10.5,0.00,0.00,0,2.95,0,27.52,0,2.95,0,2.95
0.2,10.5,0.00,0.00,0,2.95,0,27.52,0,2.95,0,2.95
0.2,10.5,0.00,0.00,0,2.95,0,27.52,0,2.95,0,2.95
0.2,10.5,0.00,0.00,0,2.95,0,27.52,0,2.95,0,2.95
0.0,10.5,0.00,0.00,0,2.95,0,27.52,0,2.95,0,2.95
0.2,10.5,0.00,0.00,0,2.95,0,27.52,0,2.95,0,2.95
0.2,10.5,0.00,0.00,0,2.95,0,27.52,0,2.95,0,2.95
0.2,10.5,0.00,0.00,0,2.95,0,27.52,0,2.95,0,2.95
1.5,10.5,0.00,0.00,0,2.95,0,27.52,0,2.95,0,2.95
0.2,10.5,0.00,0.00,0,2.95,0,27.52,0,2.95,0,2.95
0.0,10.5,0.00,0.00,0,2.95,0,27.52,0,2.95,0,2.95
0.0,10.5,0.00,0.00,0,2.95,0,27.52,0,2.95,0,2.95
0.0,10.5,0.00,0.00,0,2.95,0,27.52,0,2.95,0,2.95
0.2,10.5,0.00,0.00,0,2.95,0,27.52,0,2.95,0,2.95
0.2,10.5,0.00,0.00,0,2.95,0,27.52,0,2.95,0,2.95
0.4,10.5,0.00,0.00,0,2.95,0,27.52,0,2.95,0,2.95
0.4,10.5,0.00,0.00,0,2.95,0,27.52,0,2.95,0,2.95
0.6,10.5,0.00,0.00,0,2.95,0,27.52,0,2.95,0,2.95
1.5,10.5,0.00,0.00,0,2.95,0,27.52,0,2.95,0,2.95
0.2,10.5,0.00,0.00,0,2.95,0,27.52,0,2.95,0,2.95
0.4,10.5,0.00,0.00,0,2.95,0,27.52,0,2.95,0,2.95
0.6,10.5,0.00,0.00,0,2.95,0,27.52,0,2.95,0,2.95
0.4,10.5,0.00,0.00,0,2.95,0,27.52,0,2.95,0,2.95
0.0,10.5,0.00,0.00,0,2.95,0,27.52,0,2.95,0,2.95
1.2,10.5,0.00,0.00,0,2.95,0,27.52,0,2.95,0,2.95
0.4,10.5,0.00,0.00,0,2.95,0,27.52,0,2.95,0,2.95
0.6,10.5,0.00,0.00,0,2.95,0,27.52,0,2.95,0,2.95
0.2,10.5,0.00,0.00,0,2.95,0,27.52,0,2.95,0,2.95
0.4,10.5,0.00,0.00,0,2.95,0,27.52,0,2.95,0,2.95
2.5,10.5,0.00,0.00,0,2.95,0,27.52,0,2.95,0,2.95
0.2,10.5,0.00,0.00,0,2.95,0,27.52,0,2.95,0,2.95
0.4,10.5,0.00,0.00,0,2.95,0,27.52,0,2.95,0,2.95
2.1,10.5,0.00,0.00,0,2.95,0,27.52,0,2.95,0,2.95
0.4,10.5,0.00,0.00,0,2.95,0,27.52,0,2.95,0,2.95
0.2,10.5,0.00,0.00,0,2.95,0,27.52,0,2.95,0,2.95
0.2,10.5,0.00,0.00,0,2.95,0,27.52,0,2.95,0,2.95
0.2,10.5,0.00,0.00,0,2.95,0,27.52,0,2.95,0,2.95
0.4,10.5,0.00,0.00,0,2.95,0,27.52,0,2.95,0,2.95
0.2,10.5,0.00,0.00,0,2.95,0,27.52,0,2.95,0,2.95
1.0,10.5,0.00,0.00,0,2.95,0,27.52,0,2.95,0,2.95
0.2,10.5,0.00,0.00,0,2.95,0,27.52,0,2.95,0,2.95
0.6,10.5,0.00,0.00,0,2.95,0,27.52,0,2.95,0,2.95
0.4,10.5,0.00,0.00,0,2.95,0,27.52,0,2.95,0,2.95
0.6,10.5,0.00,0.00,0,2.95,0,27.52,0,2.95,0,2.95
0.4,10.5,0.00,0.00,0,2.95,0,27.52,0,2.95,0,2.95
0.2,10.5,0.00,0.00,0,2.95,0,27.52,0,2.95,0,2.95
0.2,10.5,0.00,0.00,0,2.95,0,27.52,0,2.95,0,2.95
0.0,10.5,0.00,0.00,0,2.95,0,27.52,0,2.95,0,2.95
0.2,10.5,0.00,0.00,0,2.95,0,27.52,0,2.95,0,2.95
0.0,10.5,0.00,0.00,0,2.95,0,27.52,0,2.95,0,2.95
1.2,10.5,0.00,0.00,0,2.95,0,27.52,0,2.95,0,2.95
0.4,10.5,0.00,0.00,0,2.95,0,27.52,0,2.95,0,2.95
0.2,10.5,0.00,0.00,0,2.95,0,27.52,0,2.95,0,2.95
0.2,10.5,0.00,0.00,0,2.95,0,27.52,0,2.95,0,2.95
0.6,10.5,0.00,0.00,0,2.95,0,27.52,0,2.95,0,2.95
0.0,10.5,0.00,0.00,0,2.95,0,27.52,0,2.95,0,2.95
0.0,10.5,0.00,0.00,0,2.95,0,27.52,0,2.95,0,2.95
0.2,10.5,0.00,0.00,0,2.95,0,27.52,0,2.95,0,2.95
0.0,10.5,0.00,0.00,0,2.95,0,27.52,0,2.95,0,2.95
0.2,10.5,0.00,0.00,0,2.95,0,27.52,0,2.95,0,2.95
1.9,10.5,0.00,0.00,0,2.95,0,27.52,0,2.95,0,2.95
0.0,10.5,0.00,0.00,0,2.95,0,27.52,0,2.95,0,2.95
0.0,10.5,0.00,0.00,0,2.95,0,27.52,0,2.95,0,2.95
0.4,10.5,0.00,0.00,0,2.95,0,27.52,0,2.95,0,2.95
0.4,10.5,0.00,0.00,0,2.95,0,27.52,0,2.95,0,2.95
0.2,10.5,0.00,0.00,0,2.95,0,27.52,0,2.95,0,2.95
0.2,10.5,0.00,0.00,0,2.95,0,27.52,0,2.95,0,2.95
0.2,10.5,0.00,0.00,0,2.95,0,27.52,0,2.95,0,2.95
0.2,10.5,0.00,0.00,0,2.95,0,27.52,0,2.95,0,2.95
0.0,10.5,0.00,0.00,0,2.95,0,27.52,0,2.95,0,2.95
0.4,10.5,0.00,0.00,0,2.95,0,27.52,0,2.95,0,2.95
1.5,10.5,0.00,0.00,0,2.95,0,27.52,0,2.95,0,2.95
0.4,10.5,0.00,0.00,0,2.95,0,27.52,0,2.95,0,2.95
0.4,10.5,0.00,0.00,0,2.95,0,27.52,0,2.95,0,2.95
0.2,10.5,0.00,0.00,0,2.95,0,27.52,0,2.95,0,2.95
0.4,10.5,0.00,0.00,0,2.95,0,27.52,0,2.95,0,2.95
0.2,10.5,0.00,0.00,0,2.95,0,27.52,0,2.95,0,2.95
0.2,10.5,0.00,0.00,0,2.95,0,27.52,0,2.95,0,2.95
0.6,10.5,0.00,0.00,0,2.95,0,27.52,0,2.95,0,2.95
0.4,10.5,0.00,0.00,0,2.95,0,27.52,0,2.95,0,2.95
0.2,10.5,0.00,0.00,0,2.95,0,27.52,0,2.95,0,2.95
1.7,10.5,0.00,0.00,0,2.95,0,27.52,0,2.95,0,2.95
0.4,10.5,0.00,0.00,0,2.95,0,27.52,0,2.95,0,2.95
0.8,10.5,0.00,0.00,0,2.95,0,27.52,0,2.95,0,2.95
0.4,10.5,0.00,0.00,0,2.95,0,27.52,0,2.95,0,2.95
0.8,10.5,0.00,0.00,0,2.95,0,27.52,0,2.95,0,2.95
0.2,10.5,0.00,0.00,0,2.95,0,27.52,0,2.95,0,2.95
0.4,10.5,0.00,0.00,0,2.95,0,27.52,0,2.95,0,2.95
0.6,10.5,0.00,0.00,0,2.95,0,27.52,0,2.95,0,2.95
0.0,10.5,0.00,0.00,0,2.95,0,27.52,0,2.95,0,2.95
0.6,10.5,0.00,0.00,0,2.95,0,27.52,0,2.95,0,2.95
0.0,10.5,0.00,0.00,0,2.95,0,27.52,0,2.95,0,2.95
2.3,10.5,0.00,0.00,0,2.95,0,27.52,0,2.95,0,2.95
0.4,10.5,0.00,0.00,0,2.95,0,27.52,0,2.95,0,2.95
0.2,10.5,0.00,0.00,0,2.95,0,27.52,0,2.95,0,2.95
0.4,10.5,0.00,0.00,0,2.95,0,27.52,0,2.95,0,2.95
0.4,10.5,0.00,0.00,0,2.95,0,27.52,0,2.95,0,2.95
0.4,10.5,0.00,0.00,0,2.95,0,27.52,0,2.95,0,2.95
0.4,10.5,0.00,0.00,0,2.95,0,27.52,0,2.95,0,2.95
0.6,10.5,0.00,0.00,0,2.95,0,27.52,0,2.95,0,2.95
0.2,10.5,0.00,0.00,0,2.95,0,27.52,0,2.95,0,2.95
0.2,10.5,0.00,0.00,0,2.95,0,27.52,0,2.95,0,2.95
0.2,10.5,0.00,0.00,0,2.95,0,27.52,0,2.95,0,2.95
0.4,10.5,0.00,0.00,0,2.95,0,27.52,0,2.95,0,2.95
0.4,10.5,0.00,0.00,0,2.95,0,27.52,0,2.95,0,2.95
0.2,10.5,0.00,0.00,0,2.95,0,27.52,0,2.95,0,2.95
0.4,10.5,0.00,0.00,0,2.95,0,27.52,0,2.95,0,2.95
0.0,10.5,0.00,0.00,0,2.95,0,27.52,0,2.95,0,2.95
0.0,10.5,0.00,0.00,0,2.95,0,27.52,0,2.95,0,2.95
0.0,10.5,0.00,0.00,0,2.95,0,27.52,0,2.95,0,2.95
0.4,10.5,0.00,0.00,0,2.95,0,27.52,0,2.95,0,2.95
0.4,10.5,0.00,0.00,0,2.95,0,27.52,0,2.95,0,2.95
0.2,10.5,0.00,0.00,0,2.95,0,27.52,0,2.95,0,2.95
2.3,10.5,0.00,0.00,0,2.95,0,27.52,0,2.95,0,2.95
0.2,10.5,0.00,0.00,0,2.95,0,27.52,0,2.95,0,2.95
0.2,10.5,0.00,0.00,0,2.95,0,27.52,0,2.95,0,2.95
0.0,10.5,0.00,0.00,0,2.95,0,27.52,0,2.95,0,2.95
0.2,10.5,0.00,0.00,0,2.95,0,27.52,0,2.95,0,2.95
0.2,10.5,0.00,0.00,0,2.95,0,27.52,0,2.95,0,2.95
0.0,10.5,0.00,0.00,0,2.95,0,27.52,0,2.95,0,2.95
0.4,10.5,0.00,0.00,0,2.95,0,27.52,0,2.95,0,2.95
0.4,10.5,0.00,0.00,0,2.95,0,27.52,0,2.95,0,2.95
0.0,10.5,0.00,0.00,0,2.95,0,27.52,0,2.95,0,2.95
0.4,10.5,0.00,0.00,0,2.95,0,27.52,0,2.95,0,2.95
0.2,10.5,0.00,0.00,0,2.95,0,27.52,0,2.95,0,2.95
0.4,10.5,0.00,0.00,0,2.95,0,27.52,0,2.95,0,2.95
0.0,10.5,0.00,0.00,0,2.95,0,27.52,0,2.95,0,2.95
0.8,10.5,0.00,0.00,0,2.95,0,27.52,0,2.95,0,2.95
0.0,10.5,0.00,0.00,0,2.95,0,27.52,0,2.95,0,2.95
0.4,10.5,0.00,0.00,0,2.95,0,27.52,0,2.95,0,2.95
0.4,10.5,0.00,0.00,0,2.95,0,27.52,0,2.95,0,2.95
0.2,10.5,0.00,0.00,0,2.95,0,27.52,0,2.95,0,2.95
0.4,10.5,0.00,0.00,0,2.95,0,27.52,0,2.95,0,2.95
0.4,10.5,0.00,0.00,0,2.95,0,27.52,0,2.95,0,2.95
1.9,10.5,0.00,0.00,0,2.95,0,27.52,0,2.95,0,2.95
0.4,10.5,0.00,0.00,0,2.95,0,27.52,0,2.95,0,2.95
0.6,10.5,0.00,0.00,0,2.95,0,27.52,0,2.95,0,2.95
0.4,10.5,0.00,0.00,0,2.95,0,27.52,0,2.95,0,2.95
0.4,10.5,0.00,0.00,0,2.95,0,27.52,0,2.95,0,2.95
0.4,10.5,0.00,0.00,0,2.95,0,27.52,0,2.95,0,2.95
0.6,10.5,0.00,0.00,0,2.95,0,27.52,0,2.95,0,2.95
0.2,10.5,0.00,0.00,0,2.95,0,27.52,0,2.95,0,2.95
0.6,10.5,0.00,0.00,0,2.95,0,27.52,0,2.95,0,2.95
0.2,10.5,0.00,0.00,0,2.95,0,27.52,0,2.95,0,2.95
0.6,10.5,0.00,0.00,0,2.95,0,27.52,0,2.95,0,2.95
0.4,10.5,0.00,0.00,0,2.95,0,27.52,0,2.95,0,2.95
0.6,10.5,0.00,0.00,0,2.95,0,27.52,0,2.95,0,2.95
0.2,10.5,0.00,0.00,0,2.95,0,27.52,0,2.95,0,2.95
0.6,10.5,0.00,0.00,0,2.95,0,27.52,0,2.95,0,2.95
0.2,10.5,0.00,0.00,0,2.95,0,27.52,0,2.95,0,2.95
0.2,10.5,0.00,0.00,0,2.95,0,27.52,0,2.95,0,2.95
0.2,10.5,0.00,0.00,0,2.95,0,27.52,0,2.95,0,2.95
0.4,10.5,0.00,0.00,0,2.95,0,27.52,0,2.95,0,2.95
0.4,10.5,0.00,0.00,0,2.95,0,27.52,0,2.95,0,2.95
0.2,10.5,0.00,0.00,0,2.95,0,27.52,0,2.95,0,2.95
2.9,10.5,0.00,0.00,0,2.95,0,27.52,0,2.95,0,2.95
0.4,10.5,0.00,0.00,0,2.95,0,27.52,0,2.95,0,2.95
0.2,10.5,0.00,0.00,0,2.95,0,27.52,0,2.95,0,2.95
0.2,10.5,0.00,0.00,0,2.95,0,27.52,0,2.95,0,2.95
0.0,10.5,0.00,0.00,0,2.95,0,27.52,0,2.95,0,2.95
0.2,10.5,0.00,0.00,0,2.95,0,27.52,0,2.95,0,2.95
0.4,10.5,0.00,0.00,0,2.95,0,27.52,0,2.95,0,2.95
0.0,10.5,0.00,0.00,0,2.95,0,27.52,0,2.95,0,2.95
0.4,10.5,0.00,0.00,0,2.95,0,27.52,0,2.95,0,2.95
0.2,10.5,0.00,0.00,0,2.95,0,27.52,0,2.95,0,2.95
0.4,10.5,0.00,0.00,0,2.95,0,27.52,0,2.95,0,2.95
0.2,10.5,0.00,0.00,0,2.95,0,27.52,0,2.95,0,2.95
0.4,10.5,0.00,0.00,0,2.95,0,27.52,0,2.95,0,2.95
0.2,10.5,0.00,0.00,0,2.95,0,27.52,0,2.95,0,2.95
0.2,10.5,0.00,0.00,0,2.95,0,27.52,0,2.95,0,2.95
0.4,10.5,0.00,0.00,0,2.95,0,27.52,0,2.95,0,2.95
0.0,10.5,0.00,0.00,0,2.95,0,27.52,0,2.95,0,2.95
0.2,10.5,0.00,0.00,0,2.95,0,27.52,0,2.95,0,2.95
0.2,10.5,0.00,0.00,0,2.95,0,27.52,0,2.95,0,2.95
0.2,10.5,0.00,0.00,0,2.95,0,27.52,0,2.95,0,2.95
0.0,10.5,0.00,0.00,0,2.95,0,27.52,0,2.95,0,2.95
2.5,10.5,0.00,0.00,0,2.95,0,27.52,0,2.95,0,2.95
0.2,10.5,0.00,0.00,0,2.95,0,27.52,0,2.95,0,2.95
0.4,10.5,0.00,0.00,0,2.95,0,27.52,0,2.95,0,2.95
0.2,10.5,0.00,0.00,0,2.95,0,27.52,0,2.95,0,2.95
0.2,10.5,0.00,0.00,0,2.95,0,27.52,0,2.95,0,2.95
0.2,10.5,0.00,0.00,0,2.95,0,27.52,0,2.95,0,2.95
0.2,10.5,0.00,0.00,0,2.95,0,27.52,0,2.95,0,2.95
0.2,10.5,0.00,0.00,0,2.95,0,27.52,0,2.95,0,2.95
0.2,10.5,0.00,0.00,0,2.95,0,27.52,0,2.95,0,2.95
0.6,10.5,0.00,0.00,0,2.95,0,27.52,0,2.95,0,2.95
0.2,10.5,0.00,0.00,0,2.95,0,27.52,0,2.95,0,2.95
0.4,10.5,0.00,0.00,0,2.95,0,27.52,0,2.95,0,2.95
0.4,10.5,0.00,0.00,0,2.95,0,27.52,0,2.95,0,2.95
0.2,10.5,0.00,0.00,0,2.95,0,27.52,0,2.95,0,2.95
0.6,10.5,0.00,0.00,0,2.95,0,27.52,0,2.95,0,2.95
0.2,10.5,0.00,0.00,0,2.95,0,27.52,0,2.95,0,2.95
0.4,10.5,0.00,0.00,0,2.95,0,27.52,0,2.95,0,2.95
0.6,10.5,0.00,0.00,0,2.95,0,27.52,0,2.95,0,2.95
0.4,10.5,0.00,0.00,0,2.95,0,27.52,0,2.95,0,2.95
0.6,10.5,0.00,0.00,0,2.95,0,27.52,0,2.95,0,2.95
0.2,10.5,0.00,0.00,0,2.95,0,27.52,0,2.95,0,2.95
1.9,10.5,0.00,0.00,0,2.95,0,27.52,0,2.95,0,2.95
0.4,10.5,0.00,0.00,0,2.95,0,27.52,0,2.95,0,2.95
0.4,10.5,0.00,0.00,0,2.95,0,27.52,0,2.95,0,2.95
0.0,10.5,0.00,0.00,0,2.95,0,27.52,0,2.95,0,2.95
0.2,10.5,0.00,0.00,0,2.95,0,27.52,0,2.95,0,2.95
0.4,10.5,0.00,0.00,0,2.95,0,27.52,0,2.95,0,2.95
0.4,10.5,0.00,0.00,0,2.95,0,27.52,0,2.95,0,2.95
0.6,10.5,0.00,0.00,0,2.95,0,27.52,0,2.95,0,2.95
0.4,10.5,0.00,0.00,0,2.95,0,27.52,0,2.95,0,2.95
0.2,10.5,0.00,0.00,0,2.95,0,27.52,0,2.95,0,2.95
0.6,10.5,0.00,0.00,0,2.95,0,27.52,0,2.95,0,2.95
0.2,10.5,0.00,0.00,0,2.95,0,27.52,0,2.95,0,2.95
0.8,10.5,0.00,0.00,0,2.95,0,27.52,0,2.95,0,2.95
0.0,10.5,0.00,0.00,0,2.95,0,27.52,0,2.95,0,2.95
0.4,10.5,0.00,0.00,0,2.95,0,27.52,0,2.95,0,2.95
0.2,10.5,0.00,0.00,0,2.95,0,27.52,0,2.95,0,2.95
0.4,10.5,0.00,0.00,0,2.95,0,27.52,0,2.95,0,2.95
0.0,10.5,0.00,0.00,0,2.95,0,27.52,0,2.95,0,2.95
0.4,10.5,0.00,0.00,0,2.95,0,27.52,0,2.95,0,2.95
0.6,10.5,0.00,0.00,0,2.95,0,27.52,0,2.95,0,2.95
0.2,10.5,0.00,0.00,0,2.95,0,27.52,0,2.95,0,2.95
1.7,10.5,0.00,0.00,0,2.95,0,27.52,0,2.95,0,2.95
0.4,10.5,0.00,0.00,0,2.95,0,27.52,0,2.95,0,2.95
0.2,10.5,0.00,0.00,0,2.95,0,27.52,0,2.95,0,2.95
0.6,10.5,0.00,0.00,0,2.95,0,27.52,0,2.95,0,2.95
0.2,10.5,0.00,0.00,0,2.95,0,27.52,0,2.95,0,2.95
0.4,10.5,0.00,0.00,0,2.95,0,27.52,0,2.95,0,2.95
0.2,10.5,0.00,0.00,0,2.95,0,27.52,0,2.95,0,2.95
0.2,10.5,0.00,0.00,0,2.95,0,27.52,0,2.95,0,2.95
0.0,10.5,0.00,0.00,0,2.95,0,27.52,0,2.95,0,2.95
0.2,10.5,0.00,0.00,0,2.95,0,27.52,0,2.95,0,2.95
1.0,10.5,0.00,0.00,0,2.95,0,27.52,0,2.95,0,2.95
0.2,10.5,0.00,0.00,0,2.95,0,27.52,0,2.95,0,2.95
0.2,10.5,0.00,0.00,0,2.95,0,27.52,0,2.95,0,2.95
0.4,10.5,0.00,0.00,0,2.95,0,27.52,0,2.95,0,2.95
0.4,10.5,0.00,0.00,0,2.95,0,27.52,0,2.95,0,2.95
0.2,10.5,0.00,0.00,0,2.95,0,27.52,0,2.95,0,2.95
0.2,10.5,0.00,0.00,0,2.95,0,27.52,0,2.95,0,2.95
0.4,10.5,0.00,0.00,0,2.95,0,27.52,0,2.95,0,2.95
0.6,10.5,0.00,0.00,0,2.95,0,27.52,0,2.95,0,2.95
0.4,10.5,0.00,0.00,0,2.95,0,27.52,0,2.95,0,2.95
0.0,10.5,0.00,0.00,0,2.95,0,27.52,0,2.95,0,2.95
1.7,10.5,0.00,0.00,0,2.95,0,27.52,0,2.95,0,2.95
0.0,10.5,0.00,0.00,0,2.95,0,27.52,0,2.95,0,2.95
0.4,10.5,0.00,0.00,0,2.95,0,27.52,0,2.95,0,2.95
0.2,10.5,0.00,0.00,0,2.95,0,27.52,0,2.95,0,2.95
0.0,10.5,0.00,0.00,0,2.95,0,27.52,0,2.95,0,2.95
0.6,10.5,0.00,0.00,0,2.95,0,27.52,0,2.95,0,2.95
0.2,10.5,0.00,0.00,0,2.95,0,27.52,0,2.95,0,2.95
0.4,10.5,0.00,0.00,0,2.95,0,27.52,0,2.95,0,2.95
0.4,10.5,0.00,0.00,0,2.95,0,27.52,0,2.95,0,2.95
0.4,10.5,0.00,0.00,0,2.95,0,27.52,0,2.95,0,2.95
0.8,10.5,0.00,0.00,0,2.95,0,27.52,0,2.95,0,2.95
0.2,10.5,0.00,0.00,0,2.95,0,27.52,0,2.95,0,2.95
0.6,10.5,0.00,0.00,0,2.95,0,27.52,0,2.95,0,2.95
0.0,10.5,0.00,0.00,0,2.95,0,27.52,0,2.95,0,2.95
0.2,10.5,0.00,0.00,0,2.95,0,27.52,0,2.95,0,2.95
0.2,10.5,0.00,0.00,0,2.95,0,27.52,0,2.95,0,2.95
0.0,10.5,0.00,0.00,0,2.95,0,27.52,0,2.95,0,2.95
0.0,10.5,0.00,0.00,0,2.95,0,27.52,0,2.95,0,2.95
0.2,10.5,0.00,0.00,0,2.95,0,27.52,0,2.95,0,2.95
0.4,10.5,0.00,0.00,0,2.95,0,27.52,0,2.95,0,2.95
0.2,10.5,0.00,0.00,0,2.95,0,27.52,0,2.95,0,2.95
1.3,10.5,0.00,0.00,0,2.95,0,27.52,0,2.95,0,2.95
0.2,10.5,0.00,0.00,0,2.95,0,27.52,0,2.95,0,2.95
0.2,10.5,0.00,0.00,0,2.95,0,27.52,0,2.95,0,2.95
0.4,10.5,0.00,0.00,0,2.95,0,27.52,0,2.95,0,2.95
0.4,10.5,0.00,0.00,0,2.95,0,27.52,0,2.95,0,2.95
0.4,10.5,0.00,0.00,0,2.95,0,27.52,0,2.95,0,2.95
0.2,10.5,0.00,0.00,0,2.95,0,27.52,0,2.95,0,2.95
0.4,10.5,0.00,0.00,0,2.95,0,27.52,0,2.95,0,2.95
0.2,10.5,0.00,0.00,0,2.95,0,27.52,0,2.95,0,2.95
0.4,10.5,0.00,0.00,0,2.95,0,27.52,0,2.95,0,2.95
1.3,10.5,0.00,0.00,0,2.95,0,27.52,0,2.95,0,2.95
0.2,10.5,0.00,0.00,0,2.95,0,27.52,0,2.95,0,2.95
0.6,10.5,0.00,0.00,0,2.95,0,27.52,0,2.95,0,2.95
0.2,10.5,0.00,0.00,0,2.95,0,27.52,0,2.95,0,2.95
0.6,10.5,0.00,0.00,0,2.95,0,27.52,0,2.95,0,2.95
0.2,10.5,0.00,0.00,0,2.95,0,27.52,0,2.95,0,2.95
0.0,10.5,0.00,0.00,0,2.95,0,27.52,0,2.95,0,2.95
0.0,10.5,0.00,0.00,0,2.95,0,27.52,0,2.95,0,2.95
0.4,10.5,0.00,0.00,0,2.95,0,27.52,0,2.95,0,2.95
0.8,10.5,0.00,0.00,0,2.95,0,27.52,0,2.95,0,2.95
0.2,10.5,0.00,0.00,0,2.95,0,27.52,0,2.95,0,2.95
1.7,10.5,0.00,0.00,0,2.95,0,27.52,0,2.95,0,2.95
0.0,10.5,0.00,0.00,0,2.95,0,27.52,0,2.95,0,2.95
0.4,10.5,0.00,0.00,0,2.95,0,27.52,0,2.95,0,2.95
0.0,10.5,0.00,0.00,0,2.95,0,27.52,0,2.95,0,2.95
0.4,10.5,0.00,0.00,0,2.95,0,27.52,0,2.95,0,2.95
0.0,10.5,0.00,0.00,0,2.95,0,27.52,0,2.95,0,2.95
0.2,10.5,0.00,0.00,0,2.95,0,27.52,0,2.95,0,2.95
0.2,10.5,0.00,0.00,0,2.95,0,27.52,0,2.95,0,2.95
0.2,10.5,0.00,0.00,0,2.95,0,27.52,0,2.95,0,2.95
0.2,10.5,0.00,0.00,0,2.95,0,27.52,0,2.95,0,2.95
1.7,10.5,0.00,0.00,0,2.95,0,27.52,0,2.95,0,2.95
0.2,10.5,0.00,0.00,0,2.95,0,27.52,0,2.95,0,2.95
0.4,10.5,0.00,0.00,0,2.95,0,27.52,0,2.95,0,2.95
0.0,10.5,0.00,0.00,0,2.95,0,27.52,0,2.95,0,2.95
0.4,10.5,0.00,0.00,0,2.95,0,27.52,0,2.95,0,2.95
0.2,10.5,0.00,0.00,0,2.95,0,27.52,0,2.95,0,2.95
0.4,10.5,0.00,0.00,0,2.95,0,27.52,0,2.95,0,2.95
0.0,10.5,0.00,0.00,0,2.95,0,27.52,0,2.95,0,2.95
0.6,10.5,0.00,0.00,0,2.95,0,27.52,0,2.95,0,2.95
0.4,10.5,0.00,0.00,0,2.95,0,27.52,0,2.95,0,2.95
0.4,10.5,0.00,0.00,0,2.95,0,27.52,0,2.95,0,2.95
1.0,10.5,0.00,0.00,0,2.95,0,27.52,0,2.95,0,2.95
0.2,10.5,0.00,0.00,0,2.95,0,27.52,0,2.95,0,2.95
0.2,10.5,0.00,0.00,0,2.95,0,27.52,0,2.95,0,2.95
0.0,10.5,0.00,0.00,0,2.95,0,27.52,0,2.95,0,2.95
0.2,10.5,0.00,0.00,0,2.95,0,27.52,0,2.95,0,2.95
0.4,10.5,0.00,0.00,0,2.95,0,27.52,0,2.95,0,2.95
0.6,10.5,0.00,0.00,0,2.95,0,27.52,0,2.95,0,2.95
0.4,10.5,0.00,0.00,0,2.95,0,27.52,0,2.95,0,2.95
0.2,10.5,0.00,0.00,0,2.95,0,27.52,0,2.95,0,2.95
0.6,10.5,0.00,0.00,0,2.95,0,27.52,0,2.95,0,2.95
1.9,10.5,0.00,0.00,0,2.95,0,27.52,0,2.95,0,2.95
0.4,10.5,0.00,0.00,0,2.95,0,27.52,0,2.95,0,2.95
0.4,10.5,0.00,0.00,0,2.95,0,27.52,0,2.95,0,2.95
0.4,10.5,0.00,0.00,0,2.95,0,27.52,0,2.95,0,2.95
0.2,10.5,0.00,0.00,0,2.95,0,27.52,0,2.95,0,2.95
0.4,10.5,0.00,0.00,0,2.95,0,27.52,0,2.95,0,2.95
0.2,10.5,0.00,0.00,0,2.95,0,27.52,0,2.95,0,2.95
0.6,10.5,0.00,0.00,0,2.95,0,27.52,0,2.95,0,2.95
0.0,10.5,0.00,0.00,0,2.95,0,27.52,0,2.95,0,2.95
0.4,10.5,0.00,0.00,0,2.95,0,27.52,0,2.95,0,2.95
0.2,10.5,0.00,0.00,0,2.95,0,27.52,0,2.95,0,2.95
1.2,10.5,0.00,0.00,0,2.95,0,27.52,0,2.95,0,2.95
0.2,10.5,0.00,0.00,0,2.95,0,27.52,0,2.95,0,2.95
0.6,10.5,0.00,0.00,0,2.95,0,27.52,0,2.95,0,2.95
0.2,10.5,0.00,0.00,0,2.95,0,27.52,0,2.95,0,2.95
0.0,10.5,0.00,0.00,0,2.95,0,27.52,0,2.95,0,2.95
0.2,10.5,0.00,0.00,0,2.95,0,27.52,0,2.95,0,2.95
0.4,10.5,0.00,0.00,0,2.95,0,27.52,0,2.95,0,2.95
0.4,10.5,0.00,0.00,0,2.95,0,27.52,0,2.95,0,2.95
0.0,10.5,0.00,0.00,0,2.95,0,27.52,0,2.95,0,2.95
0.2,10.5,0.00,0.00,0,2.95,0,27.52,0,2.95,0,2.95
1.9,10.5,0.00,0.00,0,2.95,0,27.52,0,2.95,0,2.95
0.2,10.5,0.00,0.00,0,2.95,0,27.52,0,2.95,0,2.95
0.4,10.5,0.00,0.00,0,2.95,0,27.52,0,2.95,0,2.95
0.2,10.5,0.00,0.00,0,2.95,0,27.52,0,2.95,0,2.95
0.4,10.5,0.00,0.00,0,2.95,0,27.52,0,2.95,0,2.95
0.2,10.5,0.00,0.00,0,2.95,0,27.52,0,2.95,0,2.95
0.0,10.5,0.00,0.00,0,2.95,0,27.52,0,2.95,0,2.95
0.4,10.5,0.00,0.00,0,2.95,0,27.52,0,2.95,0,2.95
0.6,10.5,0.00,0.00,0,2.95,0,27.52,0,2.95,0,2.95
1.4,10.5,0.00,0.00,0,2.95,0,27.52,0,2.95,0,2.95
0.2,10.5,0.00,0.00,0,2.95,0,27.52,0,2.95,0,2.95
1.5,10.5,0.00,0.00,0,2.95,0,27.52,0,2.95,0,2.95
0.0,10.5,0.00,0.00,0,2.95,0,27.52,0,2.95,0,2.95
0.2,10.5,0.00,0.00,0,2.95,0,27.52,0,2.95,0,2.95
0.6,10.5,0.00,0.00,0,2.95,0,27.52,0,2.95,0,2.95
0.2,10.5,0.00,0.00,0,2.95,0,27.52,0,2.95,0,2.95
0.0,10.5,0.00,0.00,0,2.95,0,27.52,0,2.95,0,2.95
0.0,10.5,0.00,0.00,0,2.95,0,27.52,0,2.95,0,2.95
0.2,10.5,0.00,0.00,0,2.95,0,27.52,0,2.95,0,2.95
0.0,10.5,0.00,0.00,0,2.95,0,27.52,0,2.95,0,2.95
0.2,10.5,0.00,0.00,0,2.95,0,27.52,0,2.95,0,2.95
1.2,10.5,0.00,0.00,0,2.95,0,27.52,0,2.95,0,2.95
0.0,10.5,0.00,0.00,0,2.95,0,27.52,0,2.95,0,2.95
0.4,10.5,0.00,0.00,0,2.95,0,27.52,0,2.95,0,2.95
0.4,10.5,0.00,0.00,0,2.95,0,27.52,0,2.95,0,2.95
0.4,10.5,0.00,0.00,0,2.95,0,27.52,0,2.95,0,2.95
0.0,10.5,0.00,0.00,0,2.95,0,27.52,0,2.95,0,2.95
0.2,10.5,0.00,0.00,0,2.95,0,27.52,0,2.95,0,2.95
0.6,10.5,0.00,0.00,0,2.95,0,27.52,0,2.95,0,2.95
0.2,10.5,0.00,0.00,0,2.95,0,27.52,0,2.95,0,2.95
0.2,10.5,0.00,0.00,0,2.95,0,27.52,0,2.95,0,2.95
0.2,10.5,0.00,0.00,0,2.95,0,27.52,0,2.95,0,2.95
1.5,10.5,0.00,0.00,0,2.95,0,27.52,0,2.95,0,2.95
0.2,10.5,0.00,0.00,0,2.95,0,27.52,0,2.95,0,2.95
0.2,10.5,0.00,0.00,0,2.95,0,27.52,0,2.95,0,2.95
0.4,10.5,0.00,0.00,0,2.95,0,27.52,0,2.95,0,2.95
0.4,10.5,0.00,0.00,0,2.95,0,27.52,0,2.95,0,2.95
0.0,10.5,0.00,0.00,0,2.95,0,27.52,0,2.95,0,2.95
0.6,10.5,0.00,0.00,0,2.95,0,27.52,0,2.95,0,2.95
0.2,10.5,0.00,0.00,0,2.95,0,27.52,0,2.95,0,2.95
0.0,10.5,0.00,0.00,0,2.95,0,27.52,0,2.95,0,2.95
0.0,10.5,0.00,0.00,0,2.95,0,27.52,0,2.95,0,2.95
1.2,10.5,0.00,0.00,0,2.95,0,27.52,0,2.95,0,2.95
0.2,10.5,0.00,0.00,0,2.95,0,27.52,0,2.95,0,2.95
0.0,10.5,0.00,0.00,0,2.95,0,27.52,0,2.95,0,2.95
0.2,10.5,0.00,0.00,0,2.95,0,27.52,0,2.95,0,2.95
0.0,10.5,0.00,0.00,0,2.95,0,27.52,0,2.95,0,2.95
0.2,10.5,0.00,0.00,0,2.95,0,27.52,0,2.95,0,2.95
0.2,10.5,0.00,0.00,0,2.95,0,27.52,0,2.95,0,2.95
0.6,10.5,0.00,0.00,0,2.95,0,27.52,0,2.95,0,2.95
0.4,10.5,0.00,0.00,0,2.95,0,27.52,0,2.95,0,2.95
0.4,10.5,0.00,0.00,0,2.95,0,27.52,0,2.95,0,2.95
0.0,10.5,0.00,0.00,0,2.95,0,27.52,0,2.95,0,2.95
1.7,10.5,0.00,0.00,0,2.95,0,27.52,0,2.95,0,2.95
0.2,10.5,0.00,0.00,0,2.95,0,27.52,0,2.95,0,2.95
0.2,10.5,0.00,0.00,0,2.95,0,27.52,0,2.95,0,2.95
0.4,10.5,0.00,0.00,0,2.95,0,27.52,0,2.95,0,2.95
0.4,10.5,0.00,0.00,0,2.95,0,27.52,0,2.95,0,2.95
0.4,10.5,0.00,0.00,0,2.95,0,27.52,0,2.95,0,2.95
0.2,10.5,0.00,0.00,0,2.95,0,27.52,0,2.95,0,2.95
0.4,10.5,0.00,0.00,0,2.95,0,27.52,0,2.95,0,2.95
0.0,10.5,0.00,0.00,0,2.95,0,27.52,0,2.95,0,2.95
0.6,10.5,0.00,0.00,0,2.95,0,27.52,0,2.95,0,2.95
0.8,10.5,0.00,0.00,0,2.95,0,27.52,0,2.95,0,2.95
0.4,10.5,0.00,0.00,0,2.95,0,27.52,0,2.95,0,2.95
0.2,10.5,0.00,0.00,0,2.95,0,27.52,0,2.95,0,2.95
0.2,10.5,0.00,0.00,0,2.95,0,27.52,0,2.95,0,2.95
0.4,10.5,0.00,0.00,0,2.95,0,27.52,0,2.95,0,2.95
0.2,10.5,0.00,0.00,0,2.95,0,27.52,0,2.95,0,2.95
0.4,10.5,0.00,0.00,0,2.95,0,27.52,0,2.95,0,2.95
0.4,10.5,0.00,0.00,0,2.95,0,27.52,0,2.95,0,2.95
0.6,10.5,0.00,0.00,0,2.95,0,27.52,0,2.95,0,2.95
0.4,10.5,0.00,0.00,0,2.95,0,27.52,0,2.95,0,2.95
0.4,10.5,0.00,0.00,0,2.95,0,27.52,0,2.95,0,2.95
2.3,10.5,0.00,0.00,0,2.95,0,27.52,0,2.95,0,2.95
0.4,10.5,0.00,0.00,0,2.95,0,27.52,0,2.95,0,2.95
0.2,10.5,0.00,0.00,0,2.95,0,27.52,0,2.95,0,2.95
0.4,10.5,0.00,0.00,0,2.95,0,27.52,0,2.95,0,2.95
0.6,10.5,0.00,0.00,0,2.95,0,27.52,0,2.95,0,2.95
0.4,10.5,0.00,0.00,0,2.95,0,27.52,0,2.95,0,2.95
0.0,10.5,0.00,0.00,0,2.95,0,27.52,0,2.95,0,2.95
0.4,10.5,0.00,0.00,0,2.95,0,27.52,0,2.95,0,2.95
0.4,10.5,0.00,0.00,0,2.95,0,27.52,0,2.95,0,2.95
0.4,10.5,0.00,0.00,0,2.95,0,27.52,0,2.95,0,2.95
0.6,10.5,0.00,0.00,0,2.95,0,27.52,0,2.95,0,2.95
0.2,10.5,0.00,0.00,0,2.95,0,27.52,0,2.95,0,2.95
0.6,10.5,0.00,0.00,0,2.95,0,27.52,0,2.95,0,2.95
0.2,10.5,0.00,0.00,0,2.95,0,27.52,0,2.95,0,2.95
0.4,10.5,0.00,0.00,0,2.95,0,27.52,0,2.95,0,2.95
0.0,10.5,0.00,0.00,0,2.95,0,27.52,0,2.95,0,2.95
0.2,10.5,0.00,0.00,0,2.95,0,27.52,0,2.95,0,2.95
0.4,10.5,0.00,0.00,0,2.95,0,27.52,0,2.95,0,2.95
0.2,10.5,0.00,0.00,0,2.95,0,27.52,0,2.95,0,2.95
0.4,10.5,0.00,0.00,0,2.95,0,27.52,0,2.95,0,2.95
0.4,10.5,0.00,0.00,0,2.95,0,27.52,0,2.95,0,2.95
1.9,10.5,0.00,0.00,0,2.95,0,27.52,0,2.95,0,2.95
0.2,10.5,0.00,0.00,0,2.95,0,27.52,0,2.95,0,2.95
0.4,10.5,0.00,0.00,0,2.95,0,27.52,0,2.95,0,2.95
0.4,10.5,0.00,0.00,0,2.95,0,27.52,0,2.95,0,2.95
0.2,10.5,0.00,0.00,0,2.95,0,27.52,0,2.95,0,2.95
0.2,10.5,0.00,0.00,0,2.95,0,27.52,0,2.95,0,2.95
0.0,10.5,0.00,0.00,0,2.95,0,27.52,0,2.95,0,2.95
0.2,10.5,0.00,0.00,0,2.95,0,27.52,0,2.95,0,2.95
0.0,10.5,0.00,0.00,0,2.95,0,27.52,0,2.95,0,2.95
0.0,10.5,0.00,0.00,0,2.95,0,27.52,0,2.95,0,2.95
0.4,10.5,0.00,0.00,0,2.95,0,27.52,0,2.95,0,2.95
0.2,10.5,0.00,0.00,0,2.95,0,27.52,0,2.95,0,2.95
0.4,10.5,0.00,0.00,0,2.95,0,27.52,0,2.95,0,2.95
0.0,10.5,0.00,0.00,0,2.95,0,27.52,0,2.95,0,2.95
0.0,10.5,0.00,0.00,0,2.95,0,27.52,0,2.95,0,2.95
0.2,10.5,0.00,0.00,0,2.95,0,27.52,0,2.95,0,2.95
0.2,10.5,0.00,0.00,0,2.95,0,27.52,0,2.95,0,2.95
0.4,10.5,0.00,0.00,0,2.95,0,27.52,0,2.95,0,2.95
0.4,10.5,0.00,0.00,0,2.95,0,27.52,0,2.95,0,2.95
0.2,10.5,0.00,0.00,0,2.95,0,27.52,0,2.95,0,2.95
0.4,10.5,0.00,0.00,0,2.95,0,27.52,0,2.95,0,2.95
2.5,10.5,0.00,0.00,0,2.95,0,27.52,0,2.95,0,2.95
0.2,10.5,0.00,0.00,0,2.95,0,27.52,0,2.95,0,2.95
0.0,10.5,0.00,0.00,0,2.95,0,27.52,0,2.95,0,2.95
0.2,10.5,0.00,0.00,0,2.95,0,27.52,0,2.95,0,2.95
0.2,10.5,0.00,0.00,0,2.95,0,27.52,0,2.95,0,2.95
0.2,10.5,0.00,0.00,0,2.95,0,27.52,0,2.95,0,2.95
0.6,10.5,0.00,0.00,0,2.95,0,27.52,0,2.95,0,2.95
0.0,10.5,0.00,0.00,0,2.95,0,27.52,0,2.95,0,2.95
0.2,10.5,0.00,0.00,0,2.95,0,27.52,0,2.95,0,2.95
1.6,10.5,0.00,0.00,0,2.95,0,27.52,0,2.95,0,2.95
2.1,10.5,0.00,0.00,0,2.95,0,27.52,0,2.95,0,2.95
1.7,10.5,0.00,0.00,0,2.95,0,27.52,0,2.95,0,2.95
0.2,10.5,0.00,0.00,0,2.95,0,27.52,0,2.95,0,2.95
0.2,10.5,0.00,0.00,0,2.95,0,27.52,0,2.95,0,2.95
0.4,10.5,0.00,0.00,0,2.95,0,27.52,0,2.95,0,2.95
0.4,10.5,0.00,0.00,0,2.95,0,27.52,0,2.95,0,2.95
0.2,10.5,0.00,0.00,0,2.95,0,27.52,0,2.95,0,2.95
0.4,10.5,0.00,0.00,0,2.95,0,27.52,0,2.95,0,2.95
0.0,10.5,0.00,0.00,0,2.95,0,27.52,0,2.95,0,2.95
0.2,10.5,0.00,0.00,0,2.95,0,27.52,0,2.95,0,2.95
0.0,10.5,0.00,0.00,0,2.95,0,27.52,0,2.95,0,2.95
1.7,10.5,0.00,0.00,0,2.95,0,27.52,0,2.95,0,2.95
0.2,10.5,0.00,0.00,0,2.95,0,27.52,0,2.95,0,2.95
0.6,10.5,0.00,0.00,0,2.95,0,27.52,0,2.95,0,2.95
0.2,10.5,0.00,0.00,0,2.95,0,27.52,0,2.95,0,2.95
0.2,10.5,0.00,0.00,0,2.95,0,27.52,0,2.95,0,2.95
0.2,10.5,0.00,0.00,0,2.95,0,27.52,0,2.95,0,2.95
0.2,10.5,0.00,0.00,0,2.95,0,27.52,0,2.95,0,2.95
0.2,10.5,0.00,0.00,0,2.95,0,27.52,0,2.95,0,2.95
0.4,10.5,0.00,0.00,0,2.95,0,27.52,0,2.95,0,2.95
0.4,10.5,0.00,0.00,0,2.95,0,27.52,0,2.95,0,2.95
1.2,10.5,0.00,0.00,0,2.95,0,27.52,0,2.95,0,2.95
0.2,10.5,0.00,0.00,0,2.95,0,27.52,0,2.95,0,2.95
0.0,10.5,0.00,0.00,0,2.95,0,27.52,0,2.95,0,2.95
0.4,10.5,0.00,0.00,0,2.95,0,27.52,0,2.95,0,2.95
0.0,10.5,0.00,0.00,0,2.95,0,27.52,0,2.95,0,2.95
0.0,10.5,0.00,0.00,0,2.95,0,27.52,0,2.95,0,2.95
0.0,10.5,0.00,0.00,0,2.95,0,27.52,0,2.95,0,2.95
0.2,10.5,0.00,0.00,0,2.95,0,27.52,0,2.95,0,2.95
0.4,10.5,0.00,0.00,0,2.95,0,27.52,0,2.95,0,2.95
0.4,10.5,0.00,0.00,0,2.95,0,27.52,0,2.95,0,2.95
0.2,10.5,0.00,0.00,0,2.95,0,27.52,0,2.95,0,2.95
1.7,10.5,0.00,0.00,0,2.95,0,27.52,0,2.95,0,2.95
0.4,10.5,0.00,0.00,0,2.95,0,27.52,0,2.95,0,2.95
0.4,10.5,0.00,0.00,0,2.95,0,27.52,0,2.95,0,2.95
0.4,10.5,0.00,0.00,0,2.95,0,27.52,0,2.95,0,2.95
0.8,10.5,0.00,0.00,0,2.95,0,27.52,0,2.95,0,2.95
0.4,10.5,0.00,0.00,0,2.95,0,27.52,0,2.95,0,2.95
0.4,10.5,0.00,0.00,0,2.95,0,27.52,0,2.95,0,2.95
0.2,10.5,0.00,0.00,0,2.95,0,27.52,0,2.95,0,2.95
0.0,10.5,0.00,0.00,0,2.95,0,27.52,0,2.95,0,2.95
0.4,10.5,0.00,0.00,0,2.95,0,27.52,0,2.95,0,2.95
1.3,10.5,0.00,0.00,0,2.95,0,27.52,0,2.95,0,2.95
0.4,10.5,0.00,0.00,0,2.95,0,27.52,0,2.95,0,2.95
0.0,10.5,0.00,0.00,0,2.95,0,27.52,0,2.95,0,2.95
0.4,10.5,0.00,0.00,0,2.95,0,27.52,0,2.95,0,2.95
0.0,10.5,0.00,0.00,0,2.95,0,27.52,0,2.95,0,2.95
0.2,10.5,0.00,0.00,0,2.95,0,27.52,0,2.95,0,2.95
0.4,10.5,0.00,0.00,0,2.95,0,27.52,0,2.95,0,2.95
0.4,10.5,0.00,0.00,0,2.95,0,27.52,0,2.95,0,2.95
0.0,10.5,0.00,0.00,0,2.95,0,27.52,0,2.95,0,2.95
0.4,10.5,0.00,0.00,0,2.95,0,27.52,0,2.95,0,2.95
0.0,10.5,0.00,0.00,0,2.95,0,27.52,0,2.95,0,2.95
1.3,10.5,0.00,0.00,0,2.95,0,27.52,0,2.95,0,2.95
0.4,10.5,0.00,0.00,0,2.95,0,27.52,0,2.95,0,2.95
0.4,10.5,0.00,0.00,0,2.95,0,27.52,0,2.95,0,2.95
0.2,10.5,0.00,0.00,0,2.95,0,27.52,0,2.95,0,2.95
0.4,10.5,0.00,0.00,0,2.95,0,27.52,0,2.95,0,2.95
0.2,10.5,0.00,0.00,0,2.95,0,27.52,0,2.95,0,2.95
0.2,10.5,0.00,0.00,0,2.95,0,27.52,0,2.95,0,2.95
0.4,10.5,0.00,0.00,0,2.95,0,27.52,0,2.95,0,2.95
0.2,10.5,0.00,0.00,0,2.95,0,27.52,0,2.95,0,2.95
0.0,10.5,0.00,0.00,0,2.95,0,27.52,0,2.95,0,2.95
1.7,10.5,0.00,0.00,0,2.95,0,27.52,0,2.95,0,2.95
0.4,10.5,0.00,0.00,0,2.95,0,27.52,0,2.95,0,2.95
0.6,10.5,0.00,0.00,0,2.95,0,27.52,0,2.95,0,2.95
0.4,10.5,0.00,0.00,0,2.95,0,27.52,0,2.95,0,2.95
0.4,10.5,0.00,0.00,0,2.95,0,27.52,0,2.95,0,2.95
0.4,10.5,0.00,0.00,0,2.95,0,27.52,0,2.95,0,2.95
0.2,10.5,0.00,0.00,0,2.95,0,27.52,0,2.95,0,2.95
0.4,10.5,0.00,0.00,0,2.95,0,27.52,0,2.95,0,2.95
0.4,10.5,0.00,0.00,0,2.95,0,27.52,0,2.95,0,2.95
0.6,10.5,0.00,0.00,0,2.95,0,27.52,0,2.95,0,2.95
0.2,10.5,0.00,0.00,0,2.95,0,27.52,0,2.95,0,2.95
1.3,10.5,0.00,0.00,0,2.95,0,27.52,0,2.95,0,2.95
0.2,10.5,0.00,0.00,0,2.95,0,27.52,0,2.95,0,2.95
0.0,10.5,0.00,0.00,0,2.95,0,27.52,0,2.95,0,2.95
0.6,10.5,0.00,0.00,0,2.95,0,27.52,0,2.95,0,2.95
0.4,10.5,0.00,0.00,0,2.95,0,27.52,0,2.95,0,2.95
0.4,10.5,0.00,0.00,0,2.95,0,27.52,0,2.95,0,2.95
0.0,10.5,0.00,0.00,0,2.95,0,27.52,0,2.95,0,2.95
0.0,10.5,0.00,0.00,0,2.95,0,27.52,0,2.95,0,2.95
0.4,10.5,0.00,0.00,0,2.95,0,27.52,0,2.95,0,2.95
0.2,10.5,0.00,0.00,0,2.95,0,27.52,0,2.95,0,2.95
0.8,10.5,0.00,0.00,0,2.95,0,27.52,0,2.95,0,2.95
0.2,10.5,0.00,0.00,0,2.95,0,27.52,0,2.95,0,2.95
0.2,10.5,0.00,0.00,0,2.95,0,27.52,0,2.95,0,2.95
0.0,10.5,0.00,0.00,0,2.95,0,27.52,0,2.95,0,2.95
0.2,10.5,0.00,0.00,0,2.95,0,27.52,0,2.95,0,2.95
0.2,10.5,0.00,0.00,0,2.95,0,27.52,0,2.95,0,2.95
0.0,10.5,0.00,0.00,0,2.95,0,27.52,0,2.95,0,2.95
0.2,10.5,0.00,0.00,0,2.95,0,27.52,0,2.95,0,2.95
0.0,10.5,0.00,0.00,0,2.95,0,27.52,0,2.95,0,2.95
0.0,10.5,0.00,0.00,0,2.95,0,27.52,0,2.95,0,2.95
0.0,10.5,0.00,0.00,0,2.95,0,27.52,0,2.95,0,2.95
2.7,10.5,0.00,0.00,0,2.95,0,27.52,0,2.95,0,2.95
0.2,10.5,0.00,0.00,0,2.95,0,27.52,0,2.95,0,2.95
0.4,10.5,0.00,0.00,0,2.95,0,27.52,0,2.95,0,2.95
0.4,10.5,0.00,0.00,0,2.95,0,27.52,0,2.95,0,2.95
0.0,10.5,0.00,0.00,0,2.95,0,27.52,0,2.95,0,2.95
0.2,10.5,0.00,0.00,0,2.95,0,27.52,0,2.95,0,2.95
0.0,10.5,0.00,0.00,0,2.95,0,27.52,0,2.95,0,2.95
0.2,10.5,0.00,0.00,0,2.95,0,27.52,0,2.95,0,2.95
0.2,10.5,0.00,0.00,0,2.95,0,27.52,0,2.95,0,2.95
0.4,10.5,0.00,0.00,0,2.95,0,27.52,0,2.95,0,2.95
0.2,10.5,0.00,0.00,0,2.95,0,27.52,0,2.95,0,2.95
0.4,10.5,0.00,0.00,0,2.95,0,27.52,0,2.95,0,2.95
0.0,10.5,0.00,0.00,0,2.95,0,27.52,0,2.95,0,2.95
0.0,10.5,0.00,0.00,0,2.95,0,27.52,0,2.95,0,2.95
0.2,10.5,0.00,0.00,0,2.95,0,27.52,0,2.95,0,2.95
0.4,10.5,0.00,0.00,0,2.95,0,27.52,0,2.95,0,2.95
0.4,10.5,0.00,0.00,0,2.95,0,27.52,0,2.95,0,2.95
0.0,10.5,0.00,0.00,0,2.95,0,27.52,0,2.95,0,2.95
0.6,10.5,0.00,0.00,0,2.95,0,27.52,0,2.95,0,2.95
0.2,10.5,0.00,0.00,0,2.95,0,27.52,0,2.95,0,2.95
0.0,10.5,0.00,0.00,0,2.95,0,27.52,0,2.95,0,2.95
2.3,10.5,0.00,0.00,0,2.95,0,27.52,0,2.95,0,2.95
0.2,10.5,0.00,0.00,0,2.95,0,27.52,0,2.95,0,2.95
0.2,10.5,0.00,0.00,0,2.95,0,27.52,0,2.95,0,2.95
0.2,10.5,0.00,0.00,0,2.95,0,27.52,0,2.95,0,2.95
0.2,10.5,0.00,0.00,0,2.95,0,27.52,0,2.95,0,2.95
0.2,10.5,0.00,0.00,0,2.95,0,27.52,0,2.95,0,2.95
0.2,10.5,0.00,0.00,0,2.95,0,27.52,0,2.95,0,2.95
0.4,10.5,0.00,0.00,0,2.95,0,27.52,0,2.95,0,2.95
0.2,10.5,0.00,0.00,0,2.95,0,27.52,0,2.95,0,2.95
0.4,10.5,0.00,0.00,0,2.95,0,27.52,0,2.95,0,2.95
0.4,10.5,0.00,0.00,0,2.95,0,27.52,0,2.95,0,2.95
0.6,10.5,0.00,0.00,0,2.95,0,27.52,0,2.95,0,2.95
0.4,10.5,0.00,0.00,0,2.95,0,27.52,0,2.95,0,2.95
0.4,10.5,0.00,0.00,0,2.95,0,27.52,0,2.95,0,2.95
0.2,10.5,0.00,0.00,0,2.95,0,27.52,0,2.95,0,2.95
0.0,10.5,0.00,0.00,0,2.95,0,27.52,0,2.95,0,2.95
0.6,10.5,0.00,0.00,0,2.95,0,27.52,0,2.95,0,2.95
0.4,10.5,0.00,0.00,0,2.95,0,27.52,0,2.95,0,2.95
0.6,10.5,0.00,0.00,0,2.95,0,27.52,0,2.95,0,2.95
0.0,10.5,0.00,0.00,0,2.95,0,27.52,0,2.95,0,2.95
0.2,10.5,0.00,0.00,0,2.95,0,27.52,0,2.95,0,2.95
2.7,10.5,0.00,0.00,0,2.95,0,27.52,0,2.95,0,2.95
0.8,10.5,0.00,0.00,0,2.95,0,27.52,0,2.95,0,2.95
0.6,10.5,0.00,0.00,0,2.95,0,27.52,0,2.95,0,2.95
0.4,10.5,0.00,0.00,0,2.95,0,27.52,0,2.95,0,2.95
0.2,10.5,0.00,0.00,0,2.95,0,27.52,0,2.95,0,2.95
0.4,10.5,0.00,0.00,0,2.95,0,27.52,0,2.95,0,2.95
0.2,10.5,0.00,0.00,0,2.95,0,27.52,0,2.95,0,2.95
0.4,10.5,0.00,0.00,0,2.95,0,27.52,0,2.95,0,2.95
0.4,10.5,0.00,0.00,0,2.95,0,27.52,0,2.95,0,2.95
0.2,10.5,0.00,0.00,0,2.95,0,27.52,0,2.95,0,2.95
0.4,10.5,0.00,0.00,0,2.95,0,27.52,0,2.95,0,2.95
0.4,10.5,0.00,0.00,0,2.95,0,27.52,0,2.95,0,2.95
0.0,10.5,0.00,0.00,0,2.95,0,27.52,0,2.95,0,2.95
0.2,10.5,0.00,0.00,0,2.95,0,27.52,0,2.95,0,2.95
0.2,10.5,0.00,0.00,0,2.95,0,27.52,0,2.95,0,2.95
0.4,10.5,0.00,0.00,0,2.95,0,27.52,0,2.95,0,2.95
0.4,10.5,0.00,0.00,0,2.95,0,27.52,0,2.95,0,2.95
1.0,10.5,0.00,0.00,0,2.95,0,27.52,0,2.95,0,2.95
0.2,10.5,0.00,0.00,0,2.95,0,27.52,0,2.95,0,2.95
0.2,10.5,0.00,0.00,0,2.95,0,27.52,0,2.95,0,2.95
0.6,10.5,0.00,0.00,0,2.95,0,27.52,0,2.95,0,2.95
2.1,10.5,0.00,0.00,0,2.95,0,27.52,0,2.95,0,2.95
0.4,10.5,0.00,0.00,0,2.95,0,27.52,0,2.95,0,2.95
0.4,10.5,0.00,0.00,0,2.95,0,27.52,0,2.95,0,2.95
0.4,10.5,0.00,0.00,0,2.95,0,27.52,0,2.95,0,2.95
0.0,10.5,0.00,0.00,0,2.95,0,27.52,0,2.95,0,2.95
0.2,10.5,0.00,0.00,0,2.95,0,27.52,0,2.95,0,2.95
0.4,10.5,0.00,0.00,0,2.95,0,27.52,0,2.95,0,2.95
0.4,10.5,0.00,0.00,0,2.95,0,27.52,0,2.95,0,2.95
0.4,10.5,0.00,0.00,0,2.95,0,27.52,0,2.95,0,2.95
0.2,10.5,0.00,0.00,0,2.95,0,27.52,0,2.95,0,2.95
0.2,10.5,0.00,0.00,0,2.95,0,27.52,0,2.95,0,2.95
1.0,10.5,0.00,0.00,0,2.95,0,27.52,0,2.95,0,2.95
0.2,10.5,0.00,0.00,0,2.95,0,27.52,0,2.95,0,2.95
0.2,10.5,0.00,0.00,0,2.95,0,27.52,0,2.95,0,2.95
0.0,10.5,0.00,0.00,0,2.95,0,27.52,0,2.95,0,2.95
0.6,10.5,0.00,0.00,0,2.95,0,27.52,0,2.95,0,2.95
0.2,10.5,0.00,0.00,0,2.95,0,27.52,0,2.95,0,2.95
0.4,10.5,0.00,0.00,0,2.95,0,27.52,0,2.95,0,2.95
0.0,10.5,0.00,0.00,0,2.95,0,27.52,0,2.95,0,2.95
0.2,10.5,0.00,0.00,0,2.95,0,27.52,0,2.95,0,2.95
0.6,10.5,0.00,0.00,0,2.95,0,27.52,0,2.95,0,2.95
1.7,10.5,0.00,0.00,0,2.95,0,27.52,0,2.95,0,2.95
0.6,10.5,0.00,0.00,0,2.95,0,27.52,0,2.95,0,2.95
0.2,10.5,0.00,0.00,0,2.95,0,27.52,0,2.95,0,2.95
0.4,10.5,0.00,0.00,0,2.95,0,27.52,0,2.95,0,2.95
0.4,10.5,0.00,0.00,0,2.95,0,27.52,0,2.95,0,2.95
0.4,10.5,0.00,0.00,0,2.95,0,27.52,0,2.95,0,2.95
0.2,10.5,0.00,0.00,0,2.95,0,27.52,0,2.95,0,2.95
0.2,10.5,0.00,0.00,0,2.95,0,27.52,0,2.95,0,2.95
0.6,10.5,0.00,0.00,0,2.95,0,27.52,0,2.95,0,2.95
0.2,10.5,0.00,0.00,0,2.95,0,27.52,0,2.95,0,2.95
0.8,10.5,0.00,0.00,0,2.95,0,27.52,0,2.95,0,2.95
1.9,10.5,0.00,0.00,0,2.95,0,27.52,0,2.95,0,2.95
0.4,10.5,0.00,0.00,0,2.95,0,27.52,0,2.95,0,2.95
0.4,10.5,0.00,0.00,0,2.95,0,27.52,0,2.95,0,2.95
0.2,10.5,0.00,0.00,0,2.95,0,27.52,0,2.95,0,2.95
0.4,10.5,0.00,0.00,0,2.95,0,27.52,0,2.95,0,2.95
0.2,10.5,0.00,0.00,0,2.95,0,27.52,0,2.95,0,2.95
0.2,10.5,0.00,0.00,0,2.95,0,27.52,0,2.95,0,2.95
0.0,10.5,0.00,0.00,0,2.95,0,27.52,0,2.95,0,2.95
0.0,10.5,0.00,0.00,0,2.95,0,27.52,0,2.95,0,2.95
0.0,10.5,0.00,0.00,0,2.95,0,27.52,0,2.95,0,2.95
1.5,10.5,0.00,0.00,0,2.95,0,27.52,0,2.95,0,2.95
0.4,10.5,0.00,0.00,0,2.95,0,27.52,0,2.95,0,2.95
0.4,10.5,0.00,0.00,0,2.95,0,27.52,0,2.95,0,2.95
0.2,10.5,0.00,0.00,0,2.95,0,27.52,0,2.95,0,2.95
0.2,10.5,0.00,0.00,0,2.95,0,27.52,0,2.95,0,2.95
0.2,10.5,0.00,0.00,0,2.95,0,27.52,0,2.95,0,2.95
0.4,10.5,0.00,0.00,0,2.95,0,27.52,0,2.95,0,2.95
0.0,10.5,0.00,0.00,0,2.95,0,27.52,0,2.95,0,2.95
0.2,10.5,0.00,0.00,0,2.95,0,27.52,0,2.95,0,2.95
0.4,10.5,0.00,0.00,0,2.95,0,27.52,0,2.95,0,2.95
0.4,10.5,0.00,0.00,0,2.95,0,27.52,0,2.95,0,2.95
1.3,10.5,0.00,0.00,0,2.95,0,27.52,0,2.95,0,2.95
0.6,10.5,0.00,0.00,0,2.95,0,27.52,0,2.95,0,2.95
0.2,10.5,0.00,0.00,0,2.95,0,27.52,0,2.95,0,2.95
0.4,10.5,0.00,0.00,0,2.95,0,27.52,0,2.95,0,2.95
0.6,10.5,0.00,0.00,0,2.95,0,27.52,0,2.95,0,2.95
0.0,10.5,0.00,0.00,0,2.95,0,27.52,0,2.95,0,2.95
0.2,10.5,0.00,0.00,0,2.95,0,27.52,0,2.95,0,2.95
0.4,10.5,0.00,0.00,0,2.95,0,27.52,0,2.95,0,2.95
0.2,10.5,0.00,0.00,0,2.95,0,27.52,0,2.95,0,2.95
0.2,10.5,0.00,0.00,0,2.95,0,27.52,0,2.95,0,2.95
0.8,10.5,0.00,0.00,0,2.95,0,27.52,0,2.95,0,2.95
0.2,10.5,0.00,0.00,0,2.95,0,27.52,0,2.95,0,2.95
0.4,10.5,0.00,0.00,0,2.95,0,27.52,0,2.95,0,2.95
0.2,10.5,0.00,0.00,0,2.95,0,27.52,0,2.95,0,2.95
0.4,10.5,0.00,0.00,0,2.95,0,27.52,0,2.95,0,2.95
0.2,10.5,0.00,0.00,0,2.95,0,27.52,0,2.95,0,2.95
0.2,10.5,0.00,0.00,0,2.95,0,27.52,0,2.95,0,2.95
0.0,10.5,0.00,0.00,0,2.95,0,27.52,0,2.95,0,2.95
0.2,10.5,0.00,0.00,0,2.95,0,27.52,0,2.95,0,2.95
0.4,10.5,0.00,0.00,0,2.95,0,27.52,0,2.95,0,2.95
0.2,10.5,0.00,0.00,0,2.95,0,27.52,0,2.95,0,2.95
1.3,10.5,0.00,0.00,0,2.95,0,27.52,0,2.95,0,2.95
0.2,10.5,0.00,0.00,0,2.95,0,27.52,0,2.95,0,2.95
0.4,10.5,0.00,0.00,0,2.95,0,27.52,0,2.95,0,2.95
0.6,10.5,0.00,0.00,0,2.95,0,27.52,0,2.95,0,2.95
0.4,10.5,0.00,0.00,0,2.95,0,27.52,0,2.95,0,2.95
0.0,10.5,0.00,0.00,0,2.95,0,27.52,0,2.95,0,2.95
0.4,10.5,0.00,0.00,0,2.95,0,27.52,0,2.95,0,2.95
0.0,10.5,0.00,0.00,0,2.95,0,27.52,0,2.95,0,2.95
0.4,10.5,0.00,0.00,0,2.95,0,27.52,0,2.95,0,2.95
0.4,10.5,0.00,0.00,0,2.95,0,27.52,0,2.95,0,2.95
1.7,10.5,0.00,0.00,0,2.95,0,27.52,0,2.95,0,2.95
0.2,10.5,0.00,0.00,0,2.95,0,27.52,0,2.95,0,2.95
0.2,10.5,0.00,0.00,0,2.95,0,27.52,0,2.95,0,2.95
0.4,10.5,0.00,0.00,0,2.95,0,27.52,0,2.95,0,2.95
0.4,10.5,0.00,0.00,0,2.95,0,27.52,0,2.95,0,2.95
0.2,10.5,0.00,0.00,0,2.95,0,27.52,0,2.95,0,2.95
0.4,10.5,0.00,0.00,0,2.95,0,27.52,0,2.95,0,2.95
0.2,10.5,0.00,0.00,0,2.95,0,27.52,0,2.95,0,2.95
0.4,10.5,0.00,0.00,0,2.95,0,27.52,0,2.95,0,2.95
0.6,10.5,0.00,0.00,0,2.95,0,27.52,0,2.95,0,2.95
0.4,10.5,0.00,0.00,0,2.95,0,27.52,0,2.95,0,2.95
1.2,10.5,0.00,0.00,0,2.95,0,27.52,0,2.95,0,2.95
0.4,10.5,0.00,0.00,0,2.95,0,27.52,0,2.95,0,2.95
0.4,10.5,0.00,0.00,0,2.95,0,27.52,0,2.95,0,2.95
0.2,10.5,0.00,0.00,0,2.95,0,27.52,0,2.95,0,2.95
0.2,10.5,0.00,0.00,0,2.95,0,27.52,0,2.95,0,2.95
0.2,10.5,0.00,0.00,0,2.95,0,27.52,0,2.95,0,2.95
0.4,10.5,0.00,0.00,0,2.95,0,27.52,0,2.95,0,2.95
0.0,10.5,0.00,0.00,0,2.95,0,27.52,0,2.95,0,2.95
0.0,10.5,0.00,0.00,0,2.95,0,27.52,0,2.95,0,2.95
0.2,10.5,0.00,0.00,0,2.95,0,27.52,0,2.95,0,2.95
2.3,10.5,0.00,0.00,0,2.95,0,27.52,0,2.95,0,2.95
0.4,10.5,0.00,0.00,0,2.95,0,27.52,0,2.95,0,2.95
0.0,10.5,0.00,0.00,0,2.95,0,27.52,0,2.95,0,2.95
0.0,10.5,0.00,0.00,0,2.95,0,27.52,0,2.95,0,2.95
0.0,10.5,0.00,0.00,0,2.95,0,27.52,0,2.95,0,2.95
0.2,10.5,0.00,0.00,0,2.95,0,27.52,0,2.95,0,2.95
0.6,10.5,0.00,0.00,0,2.95,0,27.52,0,2.95,0,2.95
0.0,10.5,0.00,0.00,0,2.95,0,27.52,0,2.95,0,2.95
0.2,10.5,0.00,0.00,0,2.95,0,27.52,0,2.95,0,2.95
0.2,10.5,0.00,0.00,0,2.95,0,27.52,0,2.95,0,2.95
0.4,10.5,0.00,0.00,0,2.95,0,27.52,0,2.95,0,2.95
0.6,10.5,0.00,0.00,0,2.95,0,27.52,0,2.95,0,2.95
0.2,10.5,0.00,0.00,0,2.95,0,27.52,0,2.95,0,2.95
0.2,10.5,0.00,0.00,0,2.95,0,27.52,0,2.95,0,2.95
0.0,10.5,0.00,0.00,0,2.95,0,27.52,0,2.95,0,2.95
0.0,10.5,0.00,0.00,0,2.95,0,27.52,0,2.95,0,2.95
0.4,10.5,0.00,0.00,0,2.95,0,27.52,0,2.95,0,2.95
0.0,10.5,0.00,0.00,0,2.95,0,27.52,0,2.95,0,2.95
0.2,10.5,0.00,0.00,0,2.95,0,27.52,0,2.95,0,2.95
0.2,10.5,0.00,0.00,0,2.95,0,27.52,0,2.95,0,2.95
0.0,10.5,0.00,0.00,0,2.95,0,27.52,0,2.95,0,2.95
2.3,10.5,0.00,0.00,0,2.95,0,27.52,0,2.95,0,2.95
0.4,10.5,0.00,0.00,0,2.95,0,27.52,0,2.95,0,2.95
0.2,10.5,0.00,0.00,0,2.95,0,27.52,0,2.95,0,2.95
0.2,10.5,0.00,0.00,0,2.95,0,27.52,0,2.95,0,2.95
0.0,10.5,0.00,0.00,0,2.95,0,27.52,0,2.95,0,2.95
0.4,10.5,0.00,0.00,0,2.95,0,27.52,0,2.95,0,2.95
0.2,10.5,0.00,0.00,0,2.95,0,27.52,0,2.95,0,2.95
0.4,10.5,0.00,0.00,0,2.95,0,27.52,0,2.95,0,2.95
0.2,10.5,0.00,0.00,0,2.95,0,27.52,0,2.95,0,2.95
0.4,10.5,0.00,0.00,0,2.95,0,27.52,0,2.95,0,2.95
0.4,10.5,0.00,0.00,0,2.95,0,27.52,0,2.95,0,2.95
0.8,10.5,0.00,0.00,0,2.95,0,27.52,0,2.95,0,2.95
0.4,10.5,0.00,0.00,0,2.95,0,27.52,0,2.95,0,2.95
0.0,10.5,0.00,0.00,0,2.95,0,27.52,0,2.95,0,2.95
0.0,10.5,0.00,0.00,0,2.95,0,27.52,0,2.95,0,2.95
0.2,10.5,0.00,0.00,0,2.95,0,27.52,0,2.95,0,2.95
0.4,10.5,0.00,0.00,0,2.95,0,27.52,0,2.95,0,2.95
0.2,10.5,0.00,0.00,0,2.95,0,27.52,0,2.95,0,2.95
0.2,10.5,0.00,0.00,0,2.95,0,27.52,0,2.95,0,2.95
0.2,10.5,0.00,0.00,0,2.95,0,27.52,0,2.95,0,2.95
0.4,10.5,0.00,0.00,0,2.95,0,27.52,0,2.95,0,2.95
1.9,10.5,0.00,0.00,0,2.95,0,27.52,0,2.95,0,2.95
0.4,10.5,0.00,0.00,0,2.95,0,27.52,0,2.95,0,2.95
0.4,10.5,0.00,0.00,0,2.95,0,27.52,0,2.95,0,2.95
0.6,10.5,0.00,0.00,0,2.95,0,27.52,0,2.95,0,2.95
0.8,10.5,0.00,0.00,0,2.95,0,27.52,0,2.95,0,2.95
0.4,10.5,0.00,0.00,0,2.95,0,27.52,0,2.95,0,2.95
0.2,10.5,0.00,0.00,0,2.95,0,27.52,0,2.95,0,2.95
0.6,10.5,0.00,0.00,0,2.95,0,27.52,0,2.95,0,2.95
0.6,10.5,0.00,0.00,0,2.95,0,27.52,0,2.95,0,2.95
0.8,10.5,0.00,0.00,0,2.95,0,27.52,0,2.95,0,2.95
1.0,10.5,0.00,0.00,0,2.95,0,27.52,0,2.95,0,2.95
1.0,10.5,0.00,0.00,0,2.95,0,27.52,0,2.95,0,2.95
0.6,10.5,0.00,0.00,0,2.95,0,27.52,0,2.95,0,2.95
0.0,10.5,0.00,0.00,0,2.95,0,27.52,0,2.95,0,2.95
0.4,10.5,0.00,0.00,0,2.95,0,27.52,0,2.95,0,2.95
0.2,10.5,0.00,0.00,0,2.95,0,27.52,0,2.95,0,2.95
0.4,10.5,0.00,0.00,0,2.95,0,27.52,0,2.95,0,2.95
0.4,10.5,0.00,0.00,0,2.95,0,27.52,0,2.95,0,2.95
0.4,10.5,0.00,0.00,0,2.95,0,27.52,0,2.95,0,2.95
0.4,10.5,0.00,0.00,0,2.95,0,27.52,0,2.95,0,2.95
0.4,10.5,0.00,0.00,0,2.95,0,27.52,0,2.95,0,2.95
2.3,10.5,0.00,0.00,0,2.95,0,27.52,0,2.95,0,2.95
0.2,10.5,0.00,0.00,0,2.95,0,27.52,0,2.95,0,2.95
0.0,10.5,0.00,0.00,0,2.95,0,27.52,0,2.95,0,2.95
0.6,10.5,0.00,0.00,0,2.95,0,27.52,0,2.95,0,2.95
0.2,10.5,0.00,0.00,0,2.95,0,27.52,0,2.95,0,2.95
0.0,10.5,0.00,0.00,0,2.95,0,27.52,0,2.95,0,2.95
0.2,10.5,0.00,0.00,0,2.95,0,27.52,0,2.95,0,2.95
0.2,10.5,0.00,0.00,0,2.95,0,27.52,0,2.95,0,2.95
0.4,10.5,0.00,0.00,0,2.95,0,27.52,0,2.95,0,2.95
0.2,10.5,0.00,0.00,0,2.95,0,27.52,0,2.95,0,2.95
0.4,10.5,0.00,0.00,0,2.95,0,27.52,0,2.95,0,2.95
0.2,10.5,0.00,0.00,0,2.95,0,27.52,0,2.95,0,2.95
0.2,10.5,0.00,0.00,0,2.95,0,27.52,0,2.95,0,2.95
0.2,10.5,0.00,0.00,0,2.95,0,27.52,0,2.95,0,2.95
0.0,10.5,0.00,0.00,0,2.95,0,27.52,0,2.95,0,2.95
0.4,10.5,0.00,0.00,0,2.95,0,27.52,0,2.95,0,2.95
0.2,10.5,0.00,0.00,0,2.95,0,27.52,0,2.95,0,2.95
0.4,10.5,0.00,0.00,0,2.95,0,27.52,0,2.95,0,2.95
0.2,10.5,0.00,0.00,0,2.95,0,27.52,0,2.95,0,2.95
0.0,10.5,0.00,0.00,0,2.95,0,27.52,0,2.95,0,2.95
0.0,10.5,0.00,0.00,0,2.95,0,27.52,0,2.95,0,2.95
2.3,10.5,0.00,0.00,0,2.95,0,27.52,0,2.95,0,2.95
0.4,10.5,0.00,0.00,0,2.95,0,27.52,0,2.95,0,2.95
0.4,10.5,0.00,0.00,0,2.95,0,27.52,0,2.95,0,2.95
0.2,10.5,0.00,0.00,0,2.95,0,27.52,0,2.95,0,2.95
0.4,10.5,0.00,0.00,0,2.95,0,27.52,0,2.95,0,2.95
0.0,10.5,0.00,0.00,0,2.95,0,27.52,0,2.95,0,2.95
0.2,10.5,0.00,0.00,0,2.95,0,27.52,0,2.95,0,2.95
0.0,10.5,0.00,0.00,0,2.95,0,27.52,0,2.95,0,2.95
0.2,10.5,0.00,0.00,0,2.95,0,27.52,0,2.95,0,2.95
0.2,10.5,0.00,0.00,0,2.95,0,27.52,0,2.95,0,2.95
0.2,10.5,0.00,0.00,0,2.95,0,27.52,0,2.95,0,2.95
0.6,10.5,0.00,0.00,0,2.95,0,27.52,0,2.95,0,2.95
0.4,10.5,0.00,0.00,0,2.95,0,27.52,0,2.95,0,2.95
0.4,10.5,0.00,0.00,0,2.95,0,27.52,0,2.95,0,2.95
0.4,10.5,0.00,0.00,0,2.95,0,27.52,0,2.95,0,2.95
0.2,10.5,0.00,0.00,0,2.95,0,27.52,0,2.95,0,2.95
0.0,10.5,0.00,0.00,0,2.95,0,27.52,0,2.95,0,2.95
0.4,10.5,0.00,0.00,0,2.95,0,27.52,0,2.95,0,2.95
0.4,10.5,0.00,0.00,0,2.95,0,27.52,0,2.95,0,2.95
0.4,10.5,0.00,0.00,0,2.95,0,27.52,0,2.95,0,2.95
0.4,10.5,0.00,0.00,0,2.95,0,27.52,0,2.95,0,2.95
2.3,10.5,0.00,0.00,0,2.95,0,27.52,0,2.95,0,2.95
0.2,10.5,0.00,0.00,0,2.95,0,27.52,0,2.95,0,2.95
0.0,10.5,0.00,0.00,0,2.95,0,27.52,0,2.95,0,2.95
0.6,10.5,0.00,0.00,0,2.95,0,27.52,0,2.95,0,2.95
0.6,10.5,0.00,0.00,0,2.95,0,27.52,0,2.95,0,2.95
0.4,10.5,0.00,0.00,0,2.95,0,27.52,0,2.95,0,2.95
0.6,10.5,0.00,0.00,0,2.95,0,27.52,0,2.95,0,2.95
0.2,10.5,0.00,0.00,0,2.95,0,27.52,0,2.95,0,2.95
0.0,10.5,0.00,0.00,0,2.95,0,27.52,0,2.95,0,2.95
0.6,10.5,0.00,0.00,0,2.95,0,27.52,0,2.95,0,2.95
0.2,10.5,0.00,0.00,0,2.95,0,27.52,0,2.95,0,2.95
0.8,10.5,0.00,0.00,0,2.95,0,27.52,0,2.95,0,2.95
0.0,10.5,0.00,0.00,0,2.95,0,27.52,0,2.95,0,2.95
0.4,10.5,0.00,0.00,0,2.95,0,27.52,0,2.95,0,2.95
0.0,10.5,0.00,0.00,0,2.95,0,27.52,0,2.95,0,2.95
0.8,10.5,0.00,0.00,0,2.95,0,27.52,0,2.95,0,2.95
0.2,10.5,0.00,0.00,0,2.95,0,27.52,0,2.95,0,2.95
0.4,10.5,0.00,0.00,0,2.95,0,27.52,0,2.95,0,2.95
0.2,10.5,0.00,0.00,0,2.95,0,27.52,0,2.95,0,2.95
0.4,10.5,0.00,0.00,0,2.95,0,27.52,0,2.95,0,2.95
0.0,10.5,0.00,0.00,0,2.95,0,27.52,0,2.95,0,2.95
2.1,10.5,0.00,0.00,0,2.95,0,27.52,0,2.95,0,2.95
0.6,10.5,0.00,0.00,0,2.95,0,27.52,0,2.95,0,2.95
0.2,10.5,0.00,0.00,0,2.95,0,27.52,0,2.95,0,2.95
0.4,10.5,0.00,0.00,0,2.95,0,27.52,0,2.95,0,2.95
0.2,10.5,0.00,0.00,0,2.95,0,27.52,0,2.95,0,2.95
0.2,10.5,0.00,0.00,0,2.95,0,27.52,0,2.95,0,2.95
0.0,10.5,0.00,0.00,0,2.95,0,27.52,0,2.95,0,2.95
0.2,10.5,0.00,0.00,0,2.95,0,27.52,0,2.95,0,2.95
0.6,10.5,0.00,0.00,0,2.95,0,27.52,0,2.95,0,2.95
0.4,10.5,0.00,0.00,0,2.95,0,27.52,0,2.95,0,2.95
0.6,10.5,0.00,0.00,0,2.95,0,27.52,0,2.95,0,2.95
1.0,10.5,0.00,0.00,0,2.95,0,27.52,0,2.95,0,2.95
0.2,10.5,0.00,0.00,0,2.95,0,27.52,0,2.95,0,2.95
0.4,10.5,0.00,0.00,0,2.95,0,27.52,0,2.95,0,2.95
0.4,10.5,0.00,0.00,0,2.95,0,27.52,0,2.95,0,2.95
0.2,10.5,0.00,0.00,0,2.95,0,27.52,0,2.95,0,2.95
0.2,10.5,0.00,0.00,0,2.95,0,27.52,0,2.95,0,2.95
0.4,10.5,0.00,0.00,0,2.95,0,27.52,0,2.95,0,2.95
0.0,10.5,0.00,0.00,0,2.95,0,27.52,0,2.95,0,2.95
0.0,10.5,0.00,0.00,0,2.95,0,27.52,0,2.95,0,2.95
0.4,10.5,0.00,0.00,0,2.95,0,27.52,0,2.95,0,2.95
1.9,10.5,0.00,0.00,0,2.95,0,27.52,0,2.95,0,2.95
0.6,10.5,0.00,0.00,0,2.95,0,27.52,0,2.95,0,2.95
0.4,10.5,0.00,0.00,0,2.95,0,27.52,0,2.95,0,2.95
0.2,10.5,0.00,0.00,0,2.95,0,27.52,0,2.95,0,2.95
0.4,10.5,0.00,0.00,0,2.95,0,27.52,0,2.95,0,2.95
0.2,10.5,0.00,0.00,0,2.95,0,27.52,0,2.95,0,2.95
0.4,10.5,0.00,0.00,0,2.95,0,27.52,0,2.95,0,2.95
0.4,10.5,0.00,0.00,0,2.95,0,27.52,0,2.95,0,2.95
0.4,10.5,0.00,0.00,0,2.95,0,27.52,0,2.95,0,2.95
0.2,10.5,0.00,0.00,0,2.95,0,27.52,0,2.95,0,2.95
0.4,10.5,0.00,0.00,0,2.95,0,27.52,0,2.95,0,2.95
0.4,10.5,0.00,0.00,0,2.95,0,27.52,0,2.95,0,2.95
0.6,10.5,0.00,0.00,0,2.95,0,27.52,0,2.95,0,2.95
0.2,10.5,0.00,0.00,0,2.95,0,27.52,0,2.95,0,2.95
0.2,10.5,0.00,0.00,0,2.95,0,27.52,0,2.95,0,2.95
0.2,10.5,0.00,0.00,0,2.95,0,27.52,0,2.95,0,2.95
0.2,10.5,0.00,0.00,0,2.95,0,27.52,0,2.95,0,2.95
0.2,10.5,0.00,0.00,0,2.95,0,27.52,0,2.95,0,2.95
0.0,10.5,0.00,0.00,0,2.95,0,27.52,0,2.95,0,2.95
0.2,10.5,0.00,0.00,0,2.95,0,27.52,0,2.95,0,2.95
0.2,10.5,0.00,0.00,0,2.95,0,27.52,0,2.95,0,2.95
2.1,10.5,0.00,0.00,0,2.95,0,27.52,0,2.95,0,2.95
0.4,10.5,0.00,0.00,0,2.95,0,27.52,0,2.95,0,2.95
0.2,10.5,0.00,0.00,0,2.95,0,27.52,0,2.95,0,2.95
0.4,10.5,0.00,0.00,0,2.95,0,27.52,0,2.95,0,2.95
0.4,10.5,0.00,0.00,0,2.95,0,27.52,0,2.95,0,2.95
0.4,10.5,0.00,0.00,0,2.95,0,27.52,0,2.95,0,2.95
0.6,10.5,0.00,0.00,0,2.95,0,27.52,0,2.95,0,2.95
0.4,10.5,0.00,0.00,0,2.95,0,27.52,0,2.95,0,2.95
0.2,10.5,0.00,0.00,0,2.95,0,27.52,0,2.95,0,2.95
0.2,10.5,0.00,0.00,0,2.95,0,27.52,0,2.95,0,2.95
0.8,10.5,0.00,0.00,0,2.95,0,27.52,0,2.95,0,2.95
1.6,10.5,0.00,0.00,0,2.95,0,27.52,0,2.95,0,2.95
0.4,10.5,0.00,0.00,0,2.95,0,27.52,0,2.95,0,2.95
0.2,10.5,0.00,0.00,0,2.95,0,27.52,0,2.95,0,2.95
0.4,10.5,0.00,0.00,0,2.95,0,27.52,0,2.95,0,2.95
0.2,10.5,0.00,0.00,0,2.95,0,27.52,0,2.95,0,2.95
0.2,10.5,0.00,0.00,0,2.95,0,27.52,0,2.95,0,2.95
0.6,10.5,0.00,0.00,0,2.95,0,27.52,0,2.95,0,2.95
0.4,10.5,0.00,0.00,0,2.95,0,27.52,0,2.95,0,2.95
0.4,10.5,0.00,0.00,0,2.95,0,27.52,0,2.95,0,2.95
0.6,10.5,0.00,0.00,0,2.95,0,27.52,0,2.95,0,2.95
2.5,10.5,0.00,0.00,0,2.95,0,27.52,0,2.95,0,2.95
0.0,10.5,0.00,0.00,0,2.95,0,27.52,0,2.95,0,2.95
0.4,10.5,0.00,0.00,0,2.95,0,27.52,0,2.95,0,2.95
0.2,10.5,0.00,0.00,0,2.95,0,27.52,0,2.95,0,2.95
0.6,10.5,0.00,0.00,0,2.95,0,27.52,0,2.95,0,2.95
0.0,10.5,0.00,0.00,0,2.95,0,27.52,0,2.95,0,2.95
0.2,10.5,0.00,0.00,0,2.95,0,27.52,0,2.95,0,2.95
0.2,10.5,0.00,0.00,0,2.95,0,27.52,0,2.95,0,2.95
0.6,10.5,0.00,0.00,0,2.95,0,27.52,0,2.95,0,2.95
0.4,10.5,0.00,0.00,0,2.95,0,27.52,0,2.95,0,2.95
0.6,10.5,0.00,0.00,0,2.95,0,27.52,0,2.95,0,2.95
0.2,10.5,0.00,0.00,0,2.95,0,27.52,0,2.95,0,2.95
0.4,10.5,0.00,0.00,0,2.95,0,27.52,0,2.95,0,2.95
0.2,10.5,0.00,0.00,0,2.95,0,27.52,0,2.95,0,2.95
0.0,10.5,0.00,0.00,0,2.95,0,27.52,0,2.95,0,2.95
0.2,10.5,0.00,0.00,0,2.95,0,27.52,0,2.95,0,2.95
0.4,10.5,0.00,0.00,0,2.95,0,27.52,0,2.95,0,2.95
0.2,10.5,0.00,0.00,0,2.95,0,27.52,0,2.95,0,2.95
0.6,10.5,0.00,0.00,0,2.95,0,27.52,0,2.95,0,2.95
0.2,10.5,0.00,0.00,0,2.95,0,27.52,0,2.95,0,2.95
0.2,10.5,0.00,0.00,0,2.95,0,27.52,0,2.95,0,2.95
2.3,10.5,0.00,0.00,0,2.95,0,27.52,0,2.95,0,2.95
0.2,10.5,0.00,0.00,0,2.95,0,27.52,0,2.95,0,2.95
0.2,10.5,0.00,0.00,0,2.95,0,27.52,0,2.95,0,2.95
0.4,10.5,0.00,0.00,0,2.95,0,27.52,0,2.95,0,2.95
0.2,10.5,0.00,0.00,0,2.95,0,27.52,0,2.95,0,2.95
0.0,10.5,0.00,0.00,0,2.95,0,27.52,0,2.95,0,2.95
0.4,10.5,0.00,0.00,0,2.95,0,27.52,0,2.95,0,2.95
0.4,10.5,0.00,0.00,0,2.95,0,27.52,0,2.95,0,2.95
0.2,10.5,0.00,0.00,0,2.95,0,27.52,0,2.95,0,2.95
0.4,10.5,0.00,0.00,0,2.95,0,27.52,0,2.95,0,2.95
0.4,10.5,0.00,0.00,0,2.95,0,27.52,0,2.95,0,2.95
0.2,10.5,0.00,0.00,0,2.95,0,27.52,0,2.95,0,2.95
0.0,10.5,0.00,0.00,0,2.95,0,27.52,0,2.95,0,2.95
0.4,10.5,0.00,0.00,0,2.95,0,27.52,0,2.95,0,2.95
0.0,10.5,0.00,0.00,0,2.95,0,27.52,0,2.95,0,2.95
0.4,10.5,0.00,0.00,0,2.95,0,27.52,0,2.95,0,2.95
0.0,10.5,0.00,0.00,0,2.95,0,27.52,0,2.95,0,2.95
0.6,10.5,0.00,0.00,0,2.95,0,27.52,0,2.95,0,2.95
0.2,10.5,0.00,0.00,0,2.95,0,27.52,0,2.95,0,2.95
0.4,10.5,0.00,0.00,0,2.95,0,27.52,0,2.95,0,2.95
0.2,10.5,0.00,0.00,0,2.95,0,27.52,0,2.95,0,2.95
2.1,10.5,0.00,0.00,0,2.95,0,27.52,0,2.95,0,2.95
0.4,10.5,0.00,0.00,0,2.95,0,27.52,0,2.95,0,2.95
0.6,10.5,0.00,0.00,0,2.95,0,27.52,0,2.95,0,2.95
0.4,10.5,0.00,0.00,0,2.95,0,27.52,0,2.95,0,2.95
0.6,10.5,0.00,0.00,0,2.95,0,27.52,0,2.95,0,2.95
0.4,10.5,0.00,0.00,0,2.95,0,27.52,0,2.95,0,2.95
0.4,10.5,0.00,0.00,0,2.95,0,27.52,0,2.95,0,2.95
0.4,10.5,0.00,0.00,0,2.95,0,27.52,0,2.95,0,2.95
0.2,10.5,0.00,0.00,0,2.95,0,27.52,0,2.95,0,2.95
0.4,10.5,0.00,0.00,0,2.95,0,27.52,0,2.95,0,2.95
0.6,10.5,0.00,0.00,0,2.95,0,27.52,0,2.95,0,2.95
0.4,10.5,0.00,0.00,0,2.95,0,27.52,0,2.95,0,2.95
0.4,10.5,0.00,0.00,0,2.95,0,27.52,0,2.95,0,2.95
0.2,10.5,0.00,0.00,0,2.95,0,27.52,0,2.95,0,2.95
0.4,10.5,0.00,0.00,0,2.95,0,27.52,0,2.95,0,2.95
0.2,10.5,0.00,0.00,0,2.95,0,27.52,0,2.95,0,2.95
0.0,10.5,0.00,0.00,0,2.95,0,27.52,0,2.95,0,2.95
0.2,10.5,0.00,0.00,0,2.95,0,27.52,0,2.95,0,2.95
0.2,10.5,0.00,0.00,0,2.95,0,27.52,0,2.95,0,2.95
0.0,10.5,0.00,0.00,0,2.95,0,27.52,0,2.95,0,2.95
0.2,10.5,0.00,0.00,0,2.95,0,27.52,0,2.95,0,2.95
2.7,10.5,0.00,0.00,0,2.95,0,27.52,0,2.95,0,2.95
0.4,10.5,0.00,0.00,0,2.95,0,27.52,0,2.95,0,2.95
0.2,10.5,0.00,0.00,0,2.95,0,27.52,0,2.95,0,2.95
0.2,10.5,0.00,0.00,0,2.95,0,27.52,0,2.95,0,2.95
0.4,10.5,0.00,0.00,0,2.95,0,27.52,0,2.95,0,2.95
0.4,10.5,0.00,0.00,0,2.95,0,27.52,0,2.95,0,2.95
0.0,10.5,0.00,0.00,0,2.95,0,27.52,0,2.95,0,2.95
0.2,10.5,0.00,0.00,0,2.95,0,27.52,0,2.95,0,2.95
0.2,10.5,0.00,0.00,0,2.95,0,27.52,0,2.95,0,2.95
0.0,10.5,0.00,0.00,0,2.95,0,27.52,0,2.95,0,2.95
0.4,10.5,0.00,0.00,0,2.95,0,27.52,0,2.95,0,2.95
0.8,10.5,0.00,0.00,0,2.95,0,27.52,0,2.95,0,2.95
0.2,10.5,0.00,0.00,0,2.95,0,27.52,0,2.95,0,2.95
0.0,10.5,0.00,0.00,0,2.95,0,27.52,0,2.95,0,2.95
0.2,10.5,0.00,0.00,0,2.95,0,27.52,0,2.95,0,2.95
0.2,10.5,0.00,0.00,0,2.95,0,27.52,0,2.95,0,2.95
0.2,10.5,0.00,0.00,0,2.95,0,27.52,0,2.95,0,2.95
0.2,10.5,0.00,0.00,0,2.95,0,27.52,0,2.95,0,2.95
0.4,10.5,0.00,0.00,0,2.95,0,27.52,0,2.95,0,2.95
0.2,10.5,0.00,0.00,0,2.95,0,27.52,0,2.95,0,2.95
0.2,10.5,0.00,0.00,0,2.95,0,27.52,0,2.95,0,2.95
2.1,10.5,0.00,0.00,0,2.95,0,27.52,0,2.95,0,2.95
0.0,10.5,0.00,0.00,0,2.95,0,27.52,0,2.95,0,2.95
0.2,10.5,0.00,0.00,0,2.95,0,27.52,0,2.95,0,2.95
0.2,10.5,0.00,0.00,0,2.95,0,27.52,0,2.95,0,2.95
0.4,10.5,0.00,0.00,0,2.95,0,27.52,0,2.95,0,2.95
0.0,10.5,0.00,0.00,0,2.95,0,27.52,0,2.95,0,2.95
0.6,10.5,0.00,0.00,0,2.95,0,27.52,0,2.95,0,2.95
0.4,10.5,0.00,0.00,0,2.95,0,27.52,0,2.95,0,2.95
0.6,10.5,0.00,0.00,0,2.95,0,27.52,0,2.95,0,2.95
0.2,10.5,0.00,0.00,0,2.95,0,27.52,0,2.95,0,2.95
0.4,10.5,0.00,0.00,0,2.95,0,27.52,0,2.95,0,2.95
0.2,10.5,0.00,0.00,0,2.95,0,27.52,0,2.95,0,2.95
0.2,10.5,0.00,0.00,0,2.95,0,27.52,0,2.95,0,2.95
0.4,10.5,0.00,0.00,0,2.95,0,27.52,0,2.95,0,2.95
0.2,10.5,0.00,0.00,0,2.95,0,27.52,0,2.95,0,2.95
0.2,10.5,0.00,0.00,0,2.95,0,27.52,0,2.95,0,2.95
0.2,10.5,0.00,0.00,0,2.95,0,27.52,0,2.95,0,2.95
0.4,10.5,0.00,0.00,0,2.95,0,27.52,0,2.95,0,2.95
0.2,10.5,0.00,0.00,0,2.95,0,27.52,0,2.95,0,2.95
0.6,10.5,0.00,0.00,0,2.95,0,27.52,0,2.95,0,2.95
0.2,10.5,0.00,0.00,0,2.95,0,27.52,0,2.95,0,2.95
2.1,10.5,0.00,0.00,0,2.95,0,27.52,0,2.95,0,2.95
0.4,10.5,0.00,0.00,0,2.95,0,27.52,0,2.95,0,2.95
0.0,10.5,0.00,0.00,0,2.95,0,27.52,0,2.95,0,2.95
0.2,10.5,0.00,0.00,0,2.95,0,27.52,0,2.95,0,2.95
0.4,10.5,0.00,0.00,0,2.95,0,27.52,0,2.95,0,2.95
0.0,10.5,0.00,0.00,0,2.95,0,27.52,0,2.95,0,2.95
0.4,10.5,0.00,0.00,0,2.95,0,27.52,0,2.95,0,2.95
0.2,10.5,0.00,0.00,0,2.95,0,27.52,0,2.95,0,2.95
0.2,10.5,0.00,0.00,0,2.95,0,27.52,0,2.95,0,2.95
2.1,10.5,0.00,0.00,0,2.95,0,27.52,0,2.95,0,2.95
2.3,10.5,0.00,0.00,0,2.95,0,27.52,0,2.95,0,2.95
0.4,10.5,0.00,0.00,0,2.95,0,27.52,0,2.95,0,2.95
0.6,10.5,0.00,0.00,0,2.95,0,27.52,0,2.95,0,2.95
0.2,10.5,0.00,0.00,0,2.95,0,27.52,0,2.95,0,2.95
0.4,10.5,0.00,0.00,0,2.95,0,27.52,0,2.95,0,2.95
0.2,10.5,0.00,0.00,0,2.95,0,27.52,0,2.95,0,2.95
0.2,10.5,0.00,0.00,0,2.95,0,27.52,0,2.95,0,2.95
0.8,10.5,0.00,0.00,0,2.95,0,27.52,0,2.95,0,2.95
0.2,10.5,0.00,0.00,0,2.95,0,27.52,0,2.95,0,2.95
1.4,10.5,0.00,0.00,0,2.95,0,27.52,0,2.95,0,2.95
0.2,10.5,0.00,0.00,0,2.95,0,27.52,0,2.95,0,2.95
1.9,10.5,0.00,0.00,0,2.95,0,27.52,0,2.95,0,2.95
0.4,10.5,0.00,0.00,0,2.95,0,27.52,0,2.95,0,2.95
0.6,10.5,0.00,0.00,0,2.95,0,27.52,0,2.95,0,2.95
0.2,10.5,0.00,0.00,0,2.95,0,27.52,0,2.95,0,2.95
0.0,10.5,0.00,0.00,0,2.95,0,27.52,0,2.95,0,2.95
0.0,10.5,0.00,0.00,0,2.95,0,27.52,0,2.95,0,2.95
0.2,10.5,0.00,0.00,0,2.95,0,27.52,0,2.95,0,2.95
0.0,10.5,0.00,0.00,0,2.95,0,27.52,0,2.95,0,2.95
0.2,10.5,0.00,0.00,0,2.95,0,27.52,0,2.95,0,2.95
0.2,10.5,0.00,0.00,0,2.95,0,27.52,0,2.95,0,2.95
1.3,10.5,0.00,0.00,0,2.95,0,27.52,0,2.95,0,2.95
0.2,10.5,0.00,0.00,0,2.95,0,27.52,0,2.95,0,2.95
0.4,10.5,0.00,0.00,0,2.95,0,27.52,0,2.95,0,2.95
0.2,10.5,0.00,0.00,0,2.95,0,27.52,0,2.95,0,2.95
0.2,10.5,0.00,0.00,0,2.95,0,27.52,0,2.95,0,2.95
0.4,10.5,0.00,0.00,0,2.95,0,27.52,0,2.95,0,2.95
0.2,10.5,0.00,0.00,0,2.95,0,27.52,0,2.95,0,2.95
0.2,10.5,0.00,0.00,0,2.95,0,27.52,0,2.95,0,2.95
0.0,10.5,0.00,0.00,0,2.95,0,27.52,0,2.95,0,2.95
0.2,10.5,0.00,0.00,0,2.95,0,27.52,0,2.95,0,2.95
0.2,10.5,0.00,0.00,0,2.95,0,27.52,0,2.95,0,2.95
1.7,10.5,0.00,0.00,0,2.95,0,27.52,0,2.95,0,2.95
0.4,10.5,0.00,0.00,0,2.95,0,27.52,0,2.95,0,2.95
0.0,10.5,0.00,0.00,0,2.95,0,27.52,0,2.95,0,2.95
0.6,10.5,0.00,0.00,0,2.95,0,27.52,0,2.95,0,2.95
0.0,10.5,0.00,0.00,0,2.95,0,27.52,0,2.95,0,2.95
0.2,10.5,0.00,0.00,0,2.95,0,27.52,0,2.95,0,2.95
0.0,10.5,0.00,0.00,0,2.95,0,27.52,0,2.95,0,2.95
0.2,10.5,0.00,0.00,0,2.95,0,27.52,0,2.95,0,2.95
0.4,10.5,0.00,0.00,0,2.95,0,27.52,0,2.95,0,2.95
0.2,10.5,0.00,0.00,0,2.95,0,27.52,0,2.95,0,2.95
0.6,10.5,0.00,0.00,0,2.95,0,27.52,0,2.95,0,2.95
0.8,10.5,0.00,0.00,0,2.95,0,27.52,0,2.95,0,2.95
0.2,10.5,0.00,0.00,0,2.95,0,27.52,0,2.95,0,2.95
0.6,10.5,0.00,0.00,0,2.95,0,27.52,0,2.95,0,2.95
0.0,10.5,0.00,0.00,0,2.95,0,27.52,0,2.95,0,2.95
0.2,10.5,0.00,0.00,0,2.95,0,27.52,0,2.95,0,2.95
0.2,10.5,0.00,0.00,0,2.95,0,27.52,0,2.95,0,2.95
0.0,10.5,0.00,0.00,0,2.95,0,27.52,0,2.95,0,2.95
0.2,10.5,0.00,0.00,0,2.95,0,27.52,0,2.95,0,2.95
0.0,10.5,0.00,0.00,0,2.95,0,27.52,0,2.95,0,2.95
0.2,10.5,0.00,0.00,0,2.95,0,27.52,0,2.95,0,2.95
2.1,10.5,0.00,0.00,0,2.95,0,27.52,0,2.95,0,2.95
0.4,10.5,0.00,0.00,0,2.95,0,27.52,0,2.95,0,2.95
0.2,10.5,0.00,0.00,0,2.95,0,27.52,0,2.95,0,2.95
0.2,10.5,0.00,0.00,0,2.95,0,27.52,0,2.95,0,2.95
0.2,10.5,0.00,0.00,0,2.95,0,27.52,0,2.95,0,2.95
0.4,10.5,0.00,0.00,0,2.95,0,27.52,0,2.95,0,2.95
0.2,10.5,0.00,0.00,0,2.95,0,27.52,0,2.95,0,2.95
0.4,10.5,0.00,0.00,0,2.95,0,27.52,0,2.95,0,2.95
0.2,10.5,0.00,0.00,0,2.95,0,27.52,0,2.95,0,2.95
0.4,10.5,0.00,0.00,0,2.95,0,27.52,0,2.95,0,2.95
1.0,10.5,0.00,0.00,0,2.95,0,27.52,0,2.95,0,2.95
0.2,10.5,0.00,0.00,0,2.95,0,27.52,0,2.95,0,2.95
0.4,10.5,0.00,0.00,0,2.95,0,27.52,0,2.95,0,2.95
0.6,10.5,0.00,0.00,0,2.95,0,27.52,0,2.95,0,2.95
0.4,10.5,0.00,0.00,0,2.95,0,27.52,0,2.95,0,2.95
0.6,10.5,0.00,0.00,0,2.95,0,27.52,0,2.95,0,2.95
0.4,10.5,0.00,0.00,0,2.95,0,27.52,0,2.95,0,2.95
0.2,10.5,0.00,0.00,0,2.95,0,27.52,0,2.95,0,2.95
0.0,10.5,0.00,0.00,0,2.95,0,27.52,0,2.95,0,2.95
0.0,10.5,0.00,0.00,0,2.95,0,27.52,0,2.95,0,2.95
0.4,10.5,0.00,0.00,0,2.95,0,27.52,0,2.95,0,2.95
1.7,10.5,0.00,0.00,0,2.95,0,27.52,0,2.95,0,2.95
0.6,10.5,0.00,0.00,0,2.95,0,27.52,0,2.95,0,2.95
0.0,10.5,0.00,0.00,0,2.95,0,27.52,0,2.95,0,2.95
0.6,10.5,0.00,0.00,0,2.95,0,27.52,0,2.95,0,2.95
0.2,10.5,0.00,0.00,0,2.95,0,27.52,0,2.95,0,2.95
0.4,10.5,0.00,0.00,0,2.95,0,27.52,0,2.95,0,2.95
0.0,10.5,0.00,0.00,0,2.95,0,27.52,0,2.95,0,2.95
0.4,10.5,0.00,0.00,0,2.95,0,27.52,0,2.95,0,2.95
0.2,10.5,0.00,0.00,0,2.95,0,27.52,0,2.95,0,2.95
0.4,10.5,0.00,0.00,0,2.95,0,27.52,0,2.95,0,2.95
1.0,10.5,0.00,0.00,0,2.95,0,27.52,0,2.95,0,2.95
0.2,10.5,0.00,0.00,0,2.95,0,27.52,0,2.95,0,2.95
0.2,10.5,0.00,0.00,0,2.95,0,27.52,0,2.95,0,2.95
0.0,10.5,0.00,0.00,0,2.95,0,27.52,0,2.95,0,2.95
0.2,10.5,0.00,0.00,0,2.95,0,27.52,0,2.95,0,2.95
0.2,10.5,0.00,0.00,0,2.95,0,27.52,0,2.95,0,2.95
0.0,10.5,0.00,0.00,0,2.95,0,27.52,0,2.95,0,2.95
0.6,10.5,0.00,0.00,0,2.95,0,27.52,0,2.95,0,2.95
0.2,10.5,0.00,0.00,0,2.95,0,27.52,0,2.95,0,2.95
0.6,10.5,0.00,0.00,0,2.95,0,27.52,0,2.95,0,2.95
0.0,10.5,0.00,0.00,0,2.95,0,27.52,0,2.95,0,2.95
1.5,10.5,0.00,0.00,0,2.95,0,27.52,0,2.95,0,2.95
0.4,10.5,0.00,0.00,0,2.95,0,27.52,0,2.95,0,2.95
0.2,10.5,0.00,0.00,0,2.95,0,27.52,0,2.95,0,2.95
0.2,10.5,0.00,0.00,0,2.95,0,27.52,0,2.95,0,2.95
0.4,10.5,0.00,0.00,0,2.95,0,27.52,0,2.95,0,2.95
0.4,10.5,0.00,0.00,0,2.95,0,27.52,0,2.95,0,2.95
0.2,10.5,0.00,0.00,0,2.95,0,27.52,0,2.95,0,2.95
0.4,10.5,0.00,0.00,0,2.95,0,27.52,0,2.95,0,2.95
0.4,10.5,0.00,0.00,0,2.95,0,27.52,0,2.95,0,2.95
0.6,10.5,0.00,0.00,0,2.95,0,27.52,0,2.95,0,2.95
1.3,10.5,0.00,0.00,0,2.95,0,27.52,0,2.95,0,2.95
0.2,10.5,0.00,0.00,0,2.95,0,27.52,0,2.95,0,2.95
0.6,10.5,0.00,0.00,0,2.95,0,27.52,0,2.95,0,2.95
0.4,10.5,0.00,0.00,0,2.95,0,27.52,0,2.95,0,2.95
0.4,10.5,0.00,0.00,0,2.95,0,27.52,0,2.95,0,2.95
0.2,10.5,0.00,0.00,0,2.95,0,27.52,0,2.95,0,2.95
0.0,10.5,0.00,0.00,0,2.95,0,27.52,0,2.95,0,2.95
0.2,10.5,0.00,0.00,0,2.95,0,27.52,0,2.95,0,2.95
0.2,10.5,0.00,0.00,0,2.95,0,27.52,0,2.95,0,2.95
0.4,10.5,0.00,0.00,0,2.95,0,27.52,0,2.95,0,2.95
0.2,10.5,0.00,0.00,0,2.95,0,27.52,0,2.95,0,2.95
1.9,10.5,0.00,0.00,0,2.95,0,27.52,0,2.95,0,2.95
0.0,10.5,0.00,0.00,0,2.95,0,27.52,0,2.95,0,2.95
0.2,10.5,0.00,0.00,0,2.95,0,27.52,0,2.95,0,2.95
0.4,10.5,0.00,0.00,0,2.95,0,27.52,0,2.95,0,2.95
0.4,10.5,0.00,0.00,0,2.95,0,27.52,0,2.95,0,2.95
0.2,10.5,0.00,0.00,0,2.95,0,27.52,0,2.95,0,2.95
0.2,10.5,0.00,0.00,0,2.95,0,27.52,0,2.95,0,2.95
0.4,10.5,0.00,0.00,0,2.95,0,27.52,0,2.95,0,2.95
0.2,10.5,0.00,0.00,0,2.95,0,27.52,0,2.95,0,2.95
0.6,10.5,0.00,0.00,0,2.95,0,27.52,0,2.95,0,2.95
1.0,10.5,0.00,0.00,0,2.95,0,27.52,0,2.95,0,2.95
0.2,10.5,0.00,0.00,0,2.95,0,27.52,0,2.95,0,2.95
0.2,10.5,0.00,0.00,0,2.95,0,27.52,0,2.95,0,2.95
0.6,10.5,0.00,0.00,0,2.95,0,27.52,0,2.95,0,2.95
0.2,10.5,0.00,0.00,0,2.95,0,27.52,0,2.95,0,2.95
0.6,10.5,0.00,0.00,0,2.95,0,27.52,0,2.95,0,2.95
0.0,10.5,0.00,0.00,0,2.95,0,27.52,0,2.95,0,2.95
0.8,10.5,0.00,0.00,0,2.95,0,27.52,0,2.95,0,2.95
0.0,10.5,0.00,0.00,0,2.95,0,27.52,0,2.95,0,2.95
0.4,10.5,0.00,0.00,0,2.95,0,27.52,0,2.95,0,2.95
0.0,10.5,0.00,0.00,0,2.95,0,27.52,0,2.95,0,2.95
1.9,10.5,0.00,0.00,0,2.95,0,27.52,0,2.95,0,2.95
0.4,10.5,0.00,0.00,0,2.95,0,27.52,0,2.95,0,2.95
0.2,10.5,0.00,0.00,0,2.95,0,27.52,0,2.95,0,2.95
0.4,10.5,0.00,0.00,0,2.95,0,27.52,0,2.95,0,2.95
0.4,10.5,0.00,0.00,0,2.95,0,27.52,0,2.95,0,2.95
0.4,10.5,0.00,0.00,0,2.95,0,27.52,0,2.95,0,2.95
0.2,10.5,0.00,0.00,0,2.95,0,27.52,0,2.95,0,2.95
0.2,10.5,0.00,0.00,0,2.95,0,27.52,0,2.95,0,2.95
0.0,10.5,0.00,0.00,0,2.95,0,27.52,0,2.95,0,2.95
0.0,10.5,0.00,0.00,0,2.95,0,27.52,0,2.95,0,2.95
0.8,10.5,0.00,0.00,0,2.95,0,27.52,0,2.95,0,2.95
0.2,10.5,0.00,0.00,0,2.95,0,27.52,0,2.95,0,2.95
0.4,10.5,0.00,0.00,0,2.95,0,27.52,0,2.95,0,2.95
1.0,10.5,0.00,0.00,0,2.95,0,27.52,0,2.95,0,2.95
0.2,10.5,0.00,0.00,0,2.95,0,27.52,0,2.95,0,2.95
0.0,10.5,0.00,0.00,0,2.95,0,27.52,0,2.95,0,2.95
0.2,10.5,0.00,0.00,0,2.95,0,27.52,0,2.95,0,2.95
0.2,10.5,0.00,0.00,0,2.95,0,27.52,0,2.95,0,2.95
0.2,10.5,0.00,0.00,0,2.95,0,27.52,0,2.95,0,2.95
0.4,10.5,0.00,0.00,0,2.95,0,27.52,0,2.95,0,2.95
0.6,10.5,0.00,0.00,0,2.95,0,27.52,0,2.95,0,2.95
1.7,10.5,0.00,0.00,0,2.95,0,27.52,0,2.95,0,2.95
0.6,10.5,0.00,0.00,0,2.95,0,27.52,0,2.95,0,2.95
0.0,10.5,0.00,0.00,0,2.95,0,27.52,0,2.95,0,2.95
0.0,10.5,0.00,0.00,0,2.95,0,27.52,0,2.95,0,2.95
0.4,10.5,0.00,0.00,0,2.95,0,27.52,0,2.95,0,2.95
0.6,10.5,0.00,0.00,0,2.95,0,27.52,0,2.95,0,2.95
0.4,10.5,0.00,0.00,0,2.95,0,27.52,0,2.95,0,2.95
0.0,10.5,0.00,0.00,0,2.95,0,27.52,0,2.95,0,2.95
0.2,10.5,0.00,0.00,0,2.95,0,27.52,0,2.95,0,2.95
0.2,10.5,0.00,0.00,0,2.95,0,27.52,0,2.95,0,2.95
0.8,10.5,0.00,0.00,0,2.95,0,27.52,0,2.95,0,2.95
0.2,10.5,0.00,0.00,0,2.95,0,27.52,0,2.95,0,2.95
0.6,10.5,0.00,0.00,0,2.95,0,27.52,0,2.95,0,2.95
0.0,10.5,0.00,0.00,0,2.95,0,27.52,0,2.95,0,2.95
0.2,10.5,0.00,0.00,0,2.95,0,27.52,0,2.95,0,2.95
0.2,10.5,0.00,0.00,0,2.95,0,27.52,0,2.95,0,2.95
0.4,10.5,0.00,0.00,0,2.95,0,27.52,0,2.95,0,2.95
0.4,10.5,0.00,0.00,0,2.95,0,27.52,0,2.95,0,2.95
0.0,10.5,0.00,0.00,0,2.95,0,27.52,0,2.95,0,2.95
0.8,10.5,0.00,0.00,0,2.95,0,27.52,0,2.95,0,2.95
0.0,10.5,0.00,0.00,0,2.95,0,27.52,0,2.95,0,2.95
2.7,10.5,0.00,0.00,0,2.95,0,27.52,0,2.95,0,2.95
0.2,10.5,0.00,0.00,0,2.95,0,27.52,0,2.95,0,2.95
0.4,10.5,0.00,0.00,0,2.95,0,27.52,0,2.95,0,2.95
0.6,10.5,0.00,0.00,0,2.95,0,27.52,0,2.95,0,2.95
0.4,10.5,0.00,0.00,0,2.95,0,27.52,0,2.95,0,2.95
0.0,10.5,0.00,0.00,0,2.95,0,27.52,0,2.95,0,2.95
0.4,10.5,0.00,0.00,0,2.95,0,27.52,0,2.95,0,2.95
0.2,10.5,0.00,0.00,0,2.95,0,27.52,0,2.95,0,2.95
0.6,10.5,0.00,0.00,0,2.95,0,27.52,0,2.95,0,2.95
0.4,10.5,0.00,0.00,0,2.95,0,27.52,0,2.95,0,2.95
0.6,10.5,0.00,0.00,0,2.95,0,27.52,0,2.95,0,2.95
0.4,10.5,0.00,0.00,0,2.95,0,27.52,0,2.95,0,2.95
0.8,10.5,0.00,0.00,0,2.95,0,27.52,0,2.95,0,2.95
0.6,10.5,0.00,0.00,0,2.95,0,27.52,0,2.95,0,2.95
0.0,10.5,0.00,0.00,0,2.95,0,27.52,0,2.95,0,2.95
0.0,10.5,0.00,0.00,0,2.95,0,27.52,0,2.95,0,2.95
0.0,10.5,0.00,0.00,0,2.95,0,27.52,0,2.95,0,2.95
0.6,10.5,0.00,0.00,0,2.95,0,27.52,0,2.95,0,2.95
0.2,10.5,0.00,0.00,0,2.95,0,27.52,0,2.95,0,2.95
0.4,10.5,0.00,0.00,0,2.95,0,27.52,0,2.95,0,2.95
0.2,10.5,0.00,0.00,0,2.95,0,27.52,0,2.95,0,2.95
1.9,10.5,0.00,0.00,0,2.95,0,27.52,0,2.95,0,2.95
0.2,10.5,0.00,0.00,0,2.95,0,27.52,0,2.95,0,2.95
0.6,10.5,0.00,0.00,0,2.95,0,27.52,0,2.95,0,2.95
0.2,10.5,0.00,0.00,0,2.95,0,27.52,0,2.95,0,2.95
0.2,10.5,0.00,0.00,0,2.95,0,27.52,0,2.95,0,2.95
0.2,10.5,0.00,0.00,0,2.95,0,27.52,0,2.95,0,2.95
0.0,10.5,0.00,0.00,0,2.95,0,27.52,0,2.95,0,2.95
0.4,10.5,0.00,0.00,0,2.95,0,27.52,0,2.95,0,2.95
0.0,10.5,0.00,0.00,0,2.95,0,27.52,0,2.95,0,2.95
0.2,10.5,0.00,0.00,0,2.95,0,27.52,0,2.95,0,2.95
0.4,10.5,0.00,0.00,0,2.95,0,27.52,0,2.95,0,2.95
0.8,10.5,0.00,0.00,0,2.95,0,27.52,0,2.95,0,2.95
0.4,10.5,0.00,0.00,0,2.95,0,27.52,0,2.95,0,2.95
0.4,10.5,0.00,0.00,0,2.95,0,27.52,0,2.95,0,2.95
0.4,10.5,0.00,0.00,0,2.95,0,27.52,0,2.95,0,2.95
0.2,10.5,0.00,0.00,0,2.95,0,27.52,0,2.95,0,2.95
0.0,10.5,0.00,0.00,0,2.95,0,27.52,0,2.95,0,2.95
0.8,10.5,0.00,0.00,0,2.95,0,27.52,0,2.95,0,2.95
0.2,10.5,0.00,0.00,0,2.95,0,27.52,0,2.95,0,2.95
0.2,10.5,0.00,0.00,0,2.95,0,27.52,0,2.95,0,2.95
0.2,10.5,0.00,0.00,0,2.95,0,27.52,0,2.95,0,2.95
2.3,10.5,0.00,0.00,0,2.95,0,27.52,0,2.95,0,2.95
0.6,10.5,0.00,0.00,0,2.95,0,27.52,0,2.95,0,2.95
0.2,10.5,0.00,0.00,0,2.95,0,27.52,0,2.95,0,2.95
0.4,10.5,0.00,0.00,0,2.95,0,27.52,0,2.95,0,2.95
0.0,10.5,0.00,0.00,0,2.95,0,27.52,0,2.95,0,2.95
0.2,10.5,0.00,0.00,0,2.95,0,27.52,0,2.95,0,2.95
0.0,10.5,0.00,0.00,0,2.95,0,27.52,0,2.95,0,2.95
0.6,10.5,0.00,0.00,0,2.95,0,27.52,0,2.95,0,2.95
0.2,10.5,0.00,0.00,0,2.95,0,27.52,0,2.95,0,2.95
0.2,10.5,0.00,0.00,0,2.95,0,27.52,0,2.95,0,2.95
0.6,10.5,0.00,0.00,0,2.95,0,27.52,0,2.95,0,2.95
0.2,10.5,0.00,0.00,0,2.95,0,27.52,0,2.95,0,2.95
0.4,10.5,0.00,0.00,0,2.95,0,27.52,0,2.95,0,2.95
0.0,10.5,0.00,0.00,0,2.95,0,27.52,0,2.95,0,2.95
0.4,10.5,0.00,0.00,0,2.95,0,27.52,0,2.95,0,2.95
0.2,10.5,0.00,0.00,0,2.95,0,27.52,0,2.95,0,2.95
0.6,10.5,0.00,0.00,0,2.95,0,27.52,0,2.95,0,2.95
0.2,10.5,0.00,0.00,0,2.95,0,27.52,0,2.95,0,2.95
0.4,10.5,0.00,0.00,0,2.95,0,27.52,0,2.95,0,2.95
0.4,10.5,0.00,0.00,0,2.95,0,27.52,0,2.95,0,2.95
0.4,10.5,0.00,0.00,0,2.95,0,27.52,0,2.95,0,2.95
2.3,10.5,0.00,0.00,0,2.95,0,27.52,0,2.95,0,2.95
0.4,10.5,0.00,0.00,0,2.95,0,27.52,0,2.95,0,2.95
0.2,10.5,0.00,0.00,0,2.95,0,27.52,0,2.95,0,2.95
0.4,10.5,0.00,0.00,0,2.95,0,27.52,0,2.95,0,2.95
0.2,10.5,0.00,0.00,0,2.95,0,27.52,0,2.95,0,2.95
0.6,10.5,0.00,0.00,0,2.95,0,27.52,0,2.95,0,2.95
0.0,10.5,0.00,0.00,0,2.95,0,27.52,0,2.95,0,2.95
0.0,10.5,0.00,0.00,0,2.95,0,27.52,0,2.95,0,2.95
0.2,10.5,0.00,0.00,0,2.95,0,27.52,0,2.95,0,2.95
1.9,10.5,0.00,0.00,0,2.95,0,27.52,0,2.95,0,2.95
2.1,10.5,0.00,0.00,0,2.95,0,27.52,0,2.95,0,2.95
1.4,10.5,0.00,0.00,0,2.95,0,27.52,0,2.95,0,2.95
0.0,10.5,0.00,0.00,0,2.95,0,27.52,0,2.95,0,2.95
0.2,10.5,0.00,0.00,0,2.95,0,27.52,0,2.95,0,2.95
1.0,10.5,0.00,0.00,0,2.95,0,27.52,0,2.95,0,2.95
0.0,10.5,0.00,0.00,0,2.95,0,27.52,0,2.95,0,2.95
0.2,10.5,0.00,0.00,0,2.95,0,27.52,0,2.95,0,2.95
0.2,10.5,0.00,0.00,0,2.95,0,27.52,0,2.95,0,2.95
0.2,10.5,0.00,0.00,0,2.95,0,27.52,0,2.95,0,2.95
0.2,10.5,0.00,0.00,0,2.95,0,27.52,0,2.95,0,2.95
0.2,10.5,0.00,0.00,0,2.95,0,27.52,0,2.95,0,2.95
2.3,10.5,0.00,0.00,0,2.95,0,27.52,0,2.95,0,2.95
0.2,10.5,0.00,0.00,0,2.95,0,27.52,0,2.95,0,2.95
0.4,10.5,0.00,0.00,0,2.95,0,27.52,0,2.95,0,2.95
0.2,10.5,0.00,0.00,0,2.95,0,27.52,0,2.95,0,2.95
0.2,10.5,0.00,0.00,0,2.95,0,27.52,0,2.95,0,2.95
0.4,10.5,0.00,0.00,0,2.95,0,27.52,0,2.95,0,2.95
0.4,10.5,0.00,0.00,0,2.95,0,27.52,0,2.95,0,2.95
0.2,10.5,0.00,0.00,0,2.95,0,27.52,0,2.95,0,2.95
0.4,10.5,0.00,0.00,0,2.95,0,27.52,0,2.95,0,2.95
0.0,10.5,0.00,0.00,0,2.95,0,27.52,0,2.95,0,2.95
1.0,10.5,0.00,0.00,0,2.95,0,27.52,0,2.95,0,2.95
0.0,10.5,0.00,0.00,0,2.95,0,27.52,0,2.95,0,2.95
0.4,10.5,0.00,0.00,0,2.95,0,27.52,0,2.95,0,2.95
0.2,10.5,0.00,0.00,0,2.95,0,27.52,0,2.95,0,2.95
0.4,10.5,0.00,0.00,0,2.95,0,27.52,0,2.95,0,2.95
0.0,10.5,0.00,0.00,0,2.95,0,27.52,0,2.95,0,2.95
0.6,10.5,0.00,0.00,0,2.95,0,27.52,0,2.95,0,2.95
0.0,10.5,0.00,0.00,0,2.95,0,27.52,0,2.95,0,2.95
0.2,10.5,0.00,0.00,0,2.95,0,27.52,0,2.95,0,2.95
0.4,10.5,0.00,0.00,0,2.95,0,27.52,0,2.95,0,2.95
0.0,10.5,0.00,0.00,0,2.95,0,27.52,0,2.95,0,2.95
1.5,10.5,0.00,0.00,0,2.95,0,27.52,0,2.95,0,2.95
0.6,10.5,0.00,0.00,0,2.95,0,27.52,0,2.95,0,2.95
0.0,10.5,0.00,0.00,0,2.95,0,27.52,0,2.95,0,2.95
0.4,10.5,0.00,0.00,0,2.95,0,27.52,0,2.95,0,2.95
0.2,10.5,0.00,0.00,0,2.95,0,27.52,0,2.95,0,2.95
0.6,10.5,0.00,0.00,0,2.95,0,27.52,0,2.95,0,2.95
0.2,10.5,0.00,0.00,0,2.95,0,27.52,0,2.95,0,2.95
0.0,10.5,0.00,0.00,0,2.95,0,27.52,0,2.95,0,2.95
0.2,10.5,0.00,0.00,0,2.95,0,27.52,0,2.95,0,2.95
0.0,10.5,0.00,0.00,0,2.95,0,27.52,0,2.95,0,2.95
0.8,10.5,0.00,0.00,0,2.95,0,27.52,0,2.95,0,2.95
0.0,10.5,0.00,0.00,0,2.95,0,27.52,0,2.95,0,2.95
0.4,10.5,0.00,0.00,0,2.95,0,27.52,0,2.95,0,2.95
0.4,10.5,0.00,0.00,0,2.95,0,27.52,0,2.95,0,2.95
0.2,10.5,0.00,0.00,0,2.95,0,27.52,0,2.95,0,2.95
0.4,10.5,0.00,0.00,0,2.95,0,27.52,0,2.95,0,2.95
0.4,10.5,0.00,0.00,0,2.95,0,27.52,0,2.95,0,2.95
0.0,10.5,0.00,0.00,0,2.95,0,27.52,0,2.95,0,2.95
0.4,10.5,0.00,0.00,0,2.95,0,27.52,0,2.95,0,2.95
0.4,10.5,0.00,0.00,0,2.95,0,27.52,0,2.95,0,2.95
0.2,10.5,0.00,0.00,0,2.95,0,27.52,0,2.95,0,2.95
1.3,10.5,0.00,0.00,0,2.95,0,27.52,0,2.95,0,2.95
0.4,10.5,0.00,0.00,0,2.95,0,27.52,0,2.95,0,2.95
0.4,10.5,0.00,0.00,0,2.95,0,27.52,0,2.95,0,2.95
0.0,10.5,0.00,0.00,0,2.95,0,27.52,0,2.95,0,2.95
0.0,10.5,0.00,0.00,0,2.95,0,27.52,0,2.95,0,2.95
0.4,10.5,0.00,0.00,0,2.95,0,27.52,0,2.95,0,2.95
0.0,10.5,0.00,0.00,0,2.95,0,27.52,0,2.95,0,2.95
0.0,10.5,0.00,0.00,0,2.95,0,27.52,0,2.95,0,2.95
0.4,10.5,0.00,0.00,0,2.95,0,27.52,0,2.95,0,2.95
0.8,10.5,0.00,0.00,0,2.95,0,27.52,0,2.95,0,2.95
1.3,10.5,0.00,0.00,0,2.95,0,27.52,0,2.95,0,2.95
0.6,10.5,0.00,0.00,0,2.95,0,27.52,0,2.95,0,2.95
0.8,10.5,0.00,0.00,0,2.95,0,27.52,0,2.95,0,2.95
0.4,10.5,0.00,0.00,0,2.95,0,27.52,0,2.95,0,2.95
0.6,10.5,0.00,0.00,0,2.95,0,27.52,0,2.95,0,2.95
0.2,10.5,0.00,0.00,0,2.95,0,27.52,0,2.95,0,2.95
0.4,10.5,0.00,0.00,0,2.95,0,27.52,0,2.95,0,2.95
0.4,10.5,0.00,0.00,0,2.95,0,27.52,0,2.95,0,2.95
0.0,10.5,0.00,0.00,0,2.95,0,27.52,0,2.95,0,2.95
0.6,10.5,0.00,0.00,0,2.95,0,27.52,0,2.95,0,2.95
0.2,10.5,0.00,0.00,0,2.95,0,27.52,0,2.95,0,2.95
2.1,10.5,0.00,0.00,0,2.95,0,27.52,0,2.95,0,2.95
0.2,10.5,0.00,0.00,0,2.95,0,27.52,0,2.95,0,2.95
0.2,10.5,0.00,0.00,0,2.95,0,27.52,0,2.95,0,2.95
0.2,10.5,0.00,0.00,0,2.95,0,27.52,0,2.95,0,2.95
0.0,10.5,0.00,0.00,0,2.95,0,27.52,0,2.95,0,2.95
0.2,10.5,0.00,0.00,0,2.95,0,27.52,0,2.95,0,2.95
0.0,10.5,0.00,0.00,0,2.95,0,27.52,0,2.95,0,2.95
0.4,10.5,0.00,0.00,0,2.95,0,27.52,0,2.95,0,2.95
0.6,10.5,0.00,0.00,0,2.95,0,27.52,0,2.95,0,2.95
0.6,10.5,0.00,0.00,0,2.95,0,27.52,0,2.95,0,2.95
1.0,10.5,0.00,0.00,0,2.95,0,27.52,0,2.95,0,2.95
0.0,10.5,0.00,0.00,0,2.95,0,27.52,0,2.95,0,2.95
0.2,10.5,0.00,0.00,0,2.95,0,27.52,0,2.95,0,2.95
0.6,10.5,0.00,0.00,0,2.95,0,27.52,0,2.95,0,2.95
0.4,10.5,0.00,0.00,0,2.95,0,27.52,0,2.95,0,2.95
0.2,10.5,0.00,0.00,0,2.95,0,27.52,0,2.95,0,2.95
0.2,10.5,0.00,0.00,0,2.95,0,27.52,0,2.95,0,2.95
0.0,10.5,0.00,0.00,0,2.95,0,27.52,0,2.95,0,2.95
0.2,10.5,0.00,0.00,0,2.95,0,27.52,0,2.95,0,2.95
0.4,10.5,0.00,0.00,0,2.95,0,27.52,0,2.95,0,2.95
0.0,10.5,0.00,0.00,0,2.95,0,27.52,0,2.95,0,2.95
2.1,10.5,0.00,0.00,0,2.95,0,27.52,0,2.95,0,2.95
0.2,10.5,0.00,0.00,0,2.95,0,27.52,0,2.95,0,2.95
0.2,10.5,0.00,0.00,0,2.95,0,27.52,0,2.95,0,2.95
0.2,10.5,0.00,0.00,0,2.95,0,27.52,0,2.95,0,2.95
0.2,10.5,0.00,0.00,0,2.95,0,27.52,0,2.95,0,2.95
0.4,10.5,0.00,0.00,0,2.95,0,27.52,0,2.95,0,2.95
0.4,10.5,0.00,0.00,0,2.95,0,27.52,0,2.95,0,2.95
0.6,10.5,0.00,0.00,0,2.95,0,27.52,0,2.95,0,2.95
0.0,10.5,0.00,0.00,0,2.95,0,27.52,0,2.95,0,2.95
0.2,10.5,0.00,0.00,0,2.95,0,27.52,0,2.95,0,2.95
1.2,10.5,0.00,0.00,0,2.95,0,27.52,0,2.95,0,2.95
0.2,10.5,0.00,0.00,0,2.95,0,27.52,0,2.95,0,2.95
0.6,10.5,0.00,0.00,0,2.95,0,27.52,0,2.95,0,2.95
0.0,10.5,0.00,0.00,0,2.95,0,27.52,0,2.95,0,2.95
0.4,10.5,0.00,0.00,0,2.95,0,27.52,0,2.95,0,2.95
0.0,10.5,0.00,0.00,0,2.95,0,27.52,0,2.95,0,2.95
0.2,10.5,0.00,0.00,0,2.95,0,27.52,0,2.95,0,2.95
0.2,10.5,0.00,0.00,0,2.95,0,27.52,0,2.95,0,2.95
0.2,10.5,0.00,0.00,0,2.95,0,27.52,0,2.95,0,2.95
0.6,10.5,0.00,0.00,0,2.95,0,27.52,0,2.95,0,2.95
0.4,10.5,0.00,0.00,0,2.95,0,27.52,0,2.95,0,2.95
1.2,10.5,0.00,0.00,0,2.95,0,27.52,0,2.95,0,2.95
0.2,10.5,0.00,0.00,0,2.95,0,27.52,0,2.95,0,2.95
0.2,10.5,0.00,0.00,0,2.95,0,27.52,0,2.95,0,2.95
0.4,10.5,0.00,0.00,0,2.95,0,27.52,0,2.95,0,2.95
0.2,10.5,0.00,0.00,0,2.95,0,27.52,0,2.95,0,2.95
0.8,10.5,0.00,0.00,0,2.95,0,27.52,0,2.95,0,2.95
0.0,10.5,0.00,0.00,0,2.95,0,27.52,0,2.95,0,2.95
0.4,10.5,0.00,0.00,0,2.95,0,27.52,0,2.95,0,2.95
0.2,10.5,0.00,0.00,0,2.95,0,27.52,0,2.95,0,2.95
0.2,10.5,0.00,0.00,0,2.95,0,27.52,0,2.95,0,2.95
2.3,10.5,0.00,0.00,0,2.95,0,27.52,0,2.95,0,2.95
0.2,10.5,0.00,0.00,0,2.95,0,27.52,0,2.95,0,2.95
0.0,10.5,0.00,0.00,0,2.95,0,27.52,0,2.95,0,2.95
0.2,10.5,0.00,0.00,0,2.95,0,27.52,0,2.95,0,2.95
0.2,10.5,0.00,0.00,0,2.95,0,27.52,0,2.95,0,2.95
0.4,10.5,0.00,0.00,0,2.95,0,27.52,0,2.95,0,2.95
0.0,10.5,0.00,0.00,0,2.95,0,27.52,0,2.95,0,2.95
0.8,10.5,0.00,0.00,0,2.95,0,27.52,0,2.95,0,2.95
0.8,10.5,0.00,0.00,0,2.95,0,27.52,0,2.95,0,2.95
0.2,10.5,0.00,0.00,0,2.95,0,27.52,0,2.95,0,2.95
0.6,10.5,0.00,0.00,0,2.95,0,27.52,0,2.95,0,2.95
0.8,10.5,0.00,0.00,0,2.95,0,27.52,0,2.95,0,2.95
0.2,10.5,0.00,0.00,0,2.95,0,27.52,0,2.95,0,2.95
0.2,10.5,0.00,0.00,0,2.95,0,27.52,0,2.95,0,2.95
0.2,10.5,0.00,0.00,0,2.95,0,27.52,0,2.95,0,2.95
0.2,10.5,0.00,0.00,0,2.95,0,27.52,0,2.95,0,2.95
0.2,10.5,0.00,0.00,0,2.95,0,27.52,0,2.95,0,2.95
0.2,10.5,0.00,0.00,0,2.95,0,27.52,0,2.95,0,2.95
0.4,10.5,0.00,0.00,0,2.95,0,27.52,0,2.95,0,2.95
0.0,10.5,0.00,0.00,0,2.95,0,27.52,0,2.95,0,2.95
0.2,10.5,0.00,0.00,0,2.95,0,27.52,0,2.95,0,2.95
2.1,10.5,0.00,0.00,0,2.95,0,27.52,0,2.95,0,2.95
0.4,10.5,0.00,0.00,0,2.95,0,27.52,0,2.95,0,2.95
0.4,10.5,0.00,0.00,0,2.95,0,27.52,0,2.95,0,2.95
0.2,10.5,0.00,0.00,0,2.95,0,27.52,0,2.95,0,2.95
1.3,10.5,0.00,0.00,0,2.95,0,27.52,0,2.95,0,2.95
0.2,10.5,0.00,0.00,0,2.95,0,27.52,0,2.95,0,2.95
0.0,10.5,0.00,0.00,0,2.95,0,27.52,0,2.95,0,2.95
0.4,10.5,0.00,0.00,0,2.95,0,27.52,0,2.95,0,2.95
0.2,10.5,0.00,0.00,0,2.95,0,27.52,0,2.95,0,2.95
0.2,10.5,0.00,0.00,0,2.95,0,27.52,0,2.95,0,2.95
0.4,10.5,0.00,0.00,0,2.95,0,27.52,0,2.95,0,2.95
0.2,10.5,0.00,0.00,0,2.95,0,27.52,0,2.95,0,2.95
0.2,10.5,0.00,0.00,0,2.95,0,27.52,0,2.95,0,2.95
0.2,10.5,0.00,0.00,0,2.95,0,27.52,0,2.95,0,2.95
0.4,10.5,0.00,0.00,0,2.95,0,27.52,0,2.95,0,2.95
0.0,10.5,0.00,0.00,0,2.95,0,27.52,0,2.95,0,2.95
0.0,10.5,0.00,0.00,0,2.95,0,27.52,0,2.95,0,2.95
0.0,10.5,0.00,0.00,0,2.95,0,27.52,0,2.95,0,2.95
0.2,10.5,0.00,0.00,0,2.95,0,27.52,0,2.95,0,2.95
0.0,10.5,0.00,0.00,0,2.95,0,27.52,0,2.95,0,2.95
0.2,10.5,0.00,0.00,0,2.95,0,27.52,0,2.95,0,2.95
1.3,10.5,0.00,0.00,0,2.95,0,27.52,0,2.95,0,2.95
0.4,10.5,0.00,0.00,0,2.95,0,27.52,0,2.95,0,2.95
0.2,10.5,0.00,0.00,0,2.95,0,27.52,0,2.95,0,2.95
0.2,10.5,0.00,0.00,0,2.95,0,27.52,0,2.95,0,2.95
0.0,10.5,0.00,0.00,0,2.95,0,27.52,0,2.95,0,2.95
0.0,10.5,0.00,0.00,0,2.95,0,27.52,0,2.95,0,2.95
0.0,10.5,0.00,0.00,0,2.95,0,27.52,0,2.95,0,2.95
0.0,10.5,0.00,0.00,0,2.95,0,27.52,0,2.95,0,2.95
0.2,10.5,0.00,0.00,0,2.95,0,27.52,0,2.95,0,2.95
0.2,10.5,0.00,0.00,0,2.95,0,27.52,0,2.95,0,2.95
1.9,10.5,0.00,0.00,0,2.95,0,27.52,0,2.95,0,2.95
0.4,10.5,0.00,0.00,0,2.95,0,27.52,0,2.95,0,2.95
0.2,10.5,0.00,0.00,0,2.95,0,27.52,0,2.95,0,2.95
0.0,10.5,0.00,0.00,0,2.95,0,27.52,0,2.95,0,2.95
0.0,10.5,0.00,0.00,0,2.95,0,27.52,0,2.95,0,2.95
0.2,10.5,0.00,0.00,0,2.95,0,27.52,0,2.95,0,2.95
0.2,10.5,0.00,0.00,0,2.95,0,27.52,0,2.95,0,2.95
0.2,10.5,0.00,0.00,0,2.95,0,27.52,0,2.95,0,2.95
0.4,10.5,0.00,0.00,0,2.95,0,27.52,0,2.95,0,2.95
0.0,10.5,0.00,0.00,0,2.95,0,27.52,0,2.95,0,2.95
0.6,10.5,0.00,0.00,0,2.95,0,27.52,0,2.95,0,2.95
0.6,10.5,0.00,0.00,0,2.95,0,27.52,0,2.95,0,2.95
0.4,10.5,0.00,0.00,0,2.95,0,27.52,0,2.95,0,2.95
0.4,10.5,0.00,0.00,0,2.95,0,27.52,0,2.95,0,2.95
0.2,10.5,0.00,0.00,0,2.95,0,27.52,0,2.95,0,2.95
0.4,10.5,0.00,0.00,0,2.95,0,27.52,0,2.95,0,2.95
0.2,10.5,0.00,0.00,0,2.95,0,27.52,0,2.95,0,2.95
0.6,10.5,0.00,0.00,0,2.95,0,27.52,0,2.95,0,2.95
0.2,10.5,0.00,0.00,0,2.95,0,27.52,0,2.95,0,2.95
0.4,10.5,0.00,0.00,0,2.95,0,27.52,0,2.95,0,2.95
0.4,10.5,0.00,0.00,0,2.95,0,27.52,0,2.95,0,2.95
2.3,10.5,0.00,0.00,0,2.95,0,27.52,0,2.95,0,2.95
1.2,10.5,0.00,0.00,0,2.95,0,27.52,0,2.95,0,2.95
0.0,10.5,0.00,0.00,0,2.95,0,27.52,0,2.95,0,2.95
0.4,10.5,0.00,0.00,0,2.95,0,27.52,0,2.95,0,2.95
0.4,10.5,0.00,0.00,0,2.95,0,27.52,0,2.95,0,2.95
0.6,10.5,0.00,0.00,0,2.95,0,27.52,0,2.95,0,2.95
0.2,10.5,0.00,0.00,0,2.95,0,27.52,0,2.95,0,2.95
0.6,10.5,0.00,0.00,0,2.95,0,27.52,0,2.95,0,2.95
0.4,10.5,0.00,0.00,0,2.95,0,27.52,0,2.95,0,2.95
1.9,10.5,0.00,0.00,0,2.95,0,27.52,0,2.95,0,2.95
2.1,10.5,0.00,0.00,0,2.95,0,27.52,0,2.95,0,2.95
2.3,10.5,0.00,0.00,0,2.95,0,27.52,0,2.95,0,2.95
0.4,10.5,0.00,0.00,0,2.95,0,27.52,0,2.95,0,2.95
0.2,10.5,0.00,0.00,0,2.95,0,27.52,0,2.95,0,2.95
0.0,10.5,0.00,0.00,0,2.95,0,27.52,0,2.95,0,2.95
0.2,10.5,0.00,0.00,0,2.95,0,27.52,0,2.95,0,2.95
0.4,10.5,0.00,0.00,0,2.95,0,27.52,0,2.95,0,2.95
0.2,10.5,0.00,0.00,0,2.95,0,27.52,0,2.95,0,2.95
0.0,10.5,0.00,0.00,0,2.95,0,27.52,0,2.95,0,2.95
0.0,10.5,0.00,0.00,0,2.95,0,27.52,0,2.95,0,2.95
0.4,10.5,0.00,0.00,0,2.95,0,27.52,0,2.95,0,2.95
2.5,10.5,0.00,0.00,0,2.95,0,27.52,0,2.95,0,2.95
0.4,10.5,0.00,0.00,0,2.95,0,27.52,0,2.95,0,2.95
0.2,10.5,0.00,0.00,0,2.95,0,27.52,0,2.95,0,2.95
0.4,10.5,0.00,0.00,0,2.95,0,27.52,0,2.95,0,2.95
0.4,10.5,0.00,0.00,0,2.95,0,27.52,0,2.95,0,2.95
0.2,10.5,0.00,0.00,0,2.95,0,27.52,0,2.95,0,2.95
0.4,10.5,0.00,0.00,0,2.95,0,27.52,0,2.95,0,2.95
0.2,10.5,0.00,0.00,0,2.95,0,27.52,0,2.95,0,2.95
0.6,10.5,0.00,0.00,0,2.95,0,27.52,0,2.95,0,2.95
0.2,10.5,0.00,0.00,0,2.95,0,27.52,0,2.95,0,2.95
0.4,10.5,0.00,0.00,0,2.95,0,27.52,0,2.95,0,2.95
0.4,10.5,0.00,0.00,0,2.95,0,27.52,0,2.95,0,2.95
0.2,10.5,0.00,0.00,0,2.95,0,27.52,0,2.95,0,2.95
0.2,10.5,0.00,0.00,0,2.95,0,27.52,0,2.95,0,2.95
0.2,10.5,0.00,0.00,0,2.95,0,27.52,0,2.95,0,2.95
0.2,10.5,0.00,0.00,0,2.95,0,27.52,0,2.95,0,2.95
0.4,10.5,0.00,0.00,0,2.95,0,27.52,0,2.95,0,2.95
0.8,10.5,0.00,0.00,0,2.95,0,27.52,0,2.95,0,2.95
0.4,10.5,0.00,0.00,0,2.95,0,27.52,0,2.95,0,2.95
0.4,10.5,0.00,0.00,0,2.95,0,27.52,0,2.95,0,2.95
0.0,10.5,0.00,0.00,0,2.95,0,27.52,0,2.95,0,2.95
2.3,10.5,0.00,0.00,0,2.95,0,27.52,0,2.95,0,2.95
0.4,10.5,0.00,0.00,0,2.95,0,27.52,0,2.95,0,2.95
0.2,10.5,0.00,0.00,0,2.95,0,27.52,0,2.95,0,2.95
0.0,10.5,0.00,0.00,0,2.95,0,27.52,0,2.95,0,2.95
0.2,10.5,0.00,0.00,0,2.95,0,27.52,0,2.95,0,2.95
0.0,10.5,0.00,0.00,0,2.95,0,27.52,0,2.95,0,2.95
0.0,10.5,0.00,0.00,0,2.95,0,27.52,0,2.95,0,2.95
0.0,10.5,0.00,0.00,0,2.95,0,27.52,0,2.95,0,2.95
0.0,10.5,0.00,0.00,0,2.95,0,27.52,0,2.95,0,2.95
0.4,10.5,0.00,0.00,0,2.95,0,27.52,0,2.95,0,2.95
1.3,10.5,0.00,0.00,0,2.95,0,27.52,0,2.95,0,2.95
0.0,10.5,0.00,0.00,0,2.95,0,27.52,0,2.95,0,2.95
0.4,10.5,0.00,0.00,0,2.95,0,27.52,0,2.95,0,2.95
0.4,10.5,0.00,0.00,0,2.95,0,27.52,0,2.95,0,2.95
0.6,10.5,0.00,0.00,0,2.95,0,27.52,0,2.95,0,2.95
0.6,10.5,0.00,0.00,0,2.95,0,27.52,0,2.95,0,2.95
0.4,10.5,0.00,0.00,0,2.95,0,27.52,0,2.95,0,2.95
0.4,10.5,0.00,0.00,0,2.95,0,27.52,0,2.95,0,2.95
0.2,10.5,0.00,0.00,0,2.95,0,27.52,0,2.95,0,2.95
0.2,10.5,0.00,0.00,0,2.95,0,27.52,0,2.95,0,2.95
0.0,10.5,0.00,0.00,0,2.95,0,27.52,0,2.95,0,2.95
1.7,10.5,0.00,0.00,0,2.95,0,27.52,0,2.95,0,2.95
0.4,10.5,0.00,0.00,0,2.95,0,27.52,0,2.95,0,2.95
0.2,10.5,0.00,0.00,0,2.95,0,27.52,0,2.95,0,2.95
0.6,10.5,0.00,0.00,0,2.95,0,27.52,0,2.95,0,2.95
0.2,10.5,0.00,0.00,0,2.95,0,27.52,0,2.95,0,2.95
0.0,10.5,0.00,0.00,0,2.95,0,27.52,0,2.95,0,2.95
0.2,10.5,0.00,0.00,0,2.95,0,27.52,0,2.95,0,2.95
0.4,10.5,0.00,0.00,0,2.95,0,27.52,0,2.95,0,2.95
0.0,10.5,0.00,0.00,0,2.95,0,27.52,0,2.95,0,2.95
0.2,10.5,0.00,0.00,0,2.95,0,27.52,0,2.95,0,2.95
1.2,10.5,0.00,0.00,0,2.95,0,27.52,0,2.95,0,2.95
0.2,10.5,0.00,0.00,0,2.95,0,27.52,0,2.95,0,2.95
0.2,10.5,0.00,0.00,0,2.95,0,27.52,0,2.95,0,2.95
0.2,10.5,0.00,0.00,0,2.95,0,27.52,0,2.95,0,2.95
0.2,10.5,0.00,0.00,0,2.95,0,27.52,0,2.95,0,2.95
0.4,10.5,0.00,0.00,0,2.95,0,27.52,0,2.95,0,2.95
0.4,10.5,0.00,0.00,0,2.95,0,27.52,0,2.95,0,2.95
0.2,10.5,0.00,0.00,0,2.95,0,27.52,0,2.95,0,2.95
0.6,10.5,0.00,0.00,0,2.95,0,27.52,0,2.95,0,2.95
0.8,10.5,0.00,0.00,0,2.95,0,27.52,0,2.95,0,2.95
0.2,10.5,0.00,0.00,0,2.95,0,27.52,0,2.95,0,2.95
1.5,10.5,0.00,0.00,0,2.95,0,27.52,0,2.95,0,2.95
0.6,10.5,0.00,0.00,0,2.95,0,27.52,0,2.95,0,2.95
0.2,10.5,0.00,0.00,0,2.95,0,27.52,0,2.95,0,2.95
0.4,10.5,0.00,0.00,0,2.95,0,27.52,0,2.95,0,2.95
0.2,10.5,0.00,0.00,0,2.95,0,27.52,0,2.95,0,2.95
0.4,10.5,0.00,0.00,0,2.95,0,27.52,0,2.95,0,2.95
0.4,10.5,0.00,0.00,0,2.95,0,27.52,0,2.95,0,2.95
0.0,10.5,0.00,0.00,0,2.95,0,27.52,0,2.95,0,2.95
0.0,10.5,0.00,0.00,0,2.95,0,27.52,0,2.95,0,2.95
0.2,10.5,0.00,0.00,0,2.95,0,27.52,0,2.95,0,2.95
1.5,10.5,0.00,0.00,0,2.95,0,27.52,0,2.95,0,2.95
0.6,10.5,0.00,0.00,0,2.95,0,27.52,0,2.95,0,2.95
0.4,10.5,0.00,0.00,0,2.95,0,27.52,0,2.95,0,2.95
0.4,10.5,0.00,0.00,0,2.95,0,27.52,0,2.95,0,2.95
0.2,10.5,0.00,0.00,0,2.95,0,27.52,0,2.95,0,2.95
0.0,10.5,0.00,0.00,0,2.95,0,27.52,0,2.95,0,2.95
0.2,10.5,0.00,0.00,0,2.95,0,27.52,0,2.95,0,2.95
0.2,10.5,0.00,0.00,0,2.95,0,27.52,0,2.95,0,2.95
0.2,10.5,0.00,0.00,0,2.95,0,27.52,0,2.95,0,2.95
0.0,10.5,0.00,0.00,0,2.95,0,27.52,0,2.95,0,2.95
0.4,10.5,0.00,0.00,0,2.95,0,27.52,0,2.95,0,2.95
1.5,10.5,0.00,0.00,0,2.95,0,27.52,0,2.95,0,2.95
0.4,10.5,0.00,0.00,0,2.95,0,27.52,0,2.95,0,2.95
0.2,10.5,0.00,0.00,0,2.95,0,27.52,0,2.95,0,2.95
0.0,10.5,0.00,0.00,0,2.95,0,27.52,0,2.95,0,2.95
0.2,10.5,0.00,0.00,0,2.95,0,27.52,0,2.95,0,2.95
0.6,10.5,0.00,0.00,0,2.95,0,27.52,0,2.95,0,2.95
0.2,10.5,0.00,0.00,0,2.95,0,27.52,0,2.95,0,2.95
0.6,10.5,0.00,0.00,0,2.95,0,27.52,0,2.95,0,2.95
0.0,10.5,0.00,0.00,0,2.95,0,27.52,0,2.95,0,2.95
0.2,10.5,0.00,0.00,0,2.95,0,27.52,0,2.95,0,2.95
2.1,10.5,0.00,0.00,0,2.95,0,27.52,0,2.95,0,2.95
0.6,10.5,0.00,0.00,0,2.95,0,27.52,0,2.95,0,2.95
0.2,10.5,0.00,0.00,0,2.95,0,27.52,0,2.95,0,2.95
0.4,10.5,0.00,0.00,0,2.95,0,27.52,0,2.95,0,2.95
0.4,10.5,0.00,0.00,0,2.95,0,27.52,0,2.95,0,2.95
1.2,10.5,0.00,0.00,0,2.95,0,27.52,0,2.95,0,2.95
0.0,10.5,0.00,0.00,0,2.95,0,27.52,0,2.95,0,2.95
0.4,10.5,0.00,0.00,0,2.95,0,27.52,0,2.95,0,2.95
0.0,10.5,0.00,0.00,0,2.95,0,27.52,0,2.95,0,2.95
0.4,10.5,0.00,0.00,0,2.95,0,27.52,0,2.95,0,2.95
0.2,10.5,0.00,0.00,0,2.95,0,27.52,0,2.95,0,2.95
0.4,10.5,0.00,0.00,0,2.95,0,27.52,0,2.95,0,2.95
0.6,10.5,0.00,0.00,0,2.95,0,27.52,0,2.95,0,2.95
0.0,10.5,0.00,0.00,0,2.95,0,27.52,0,2.95,0,2.95
0.4,10.5,0.00,0.00,0,2.95,0,27.52,0,2.95,0,2.95
0.0,10.5,0.00,0.00,0,2.95,0,27.52,0,2.95,0,2.95
0.6,10.5,0.00,0.00,0,2.95,0,27.52,0,2.95,0,2.95
0.4,10.5,0.00,0.00,0,2.95,0,27.52,0,2.95,0,2.95
0.4,10.5,0.00,0.00,0,2.95,0,27.52,0,2.95,0,2.95
0.4,10.5,0.00,0.00,0,2.95,0,27.52,0,2.95,0,2.95
0.2,10.5,0.00,0.00,0,2.95,0,27.52,0,2.95,0,2.95
2.5,10.5,0.00,0.00,0,2.95,0,27.52,0,2.95,0,2.95
0.4,10.5,0.00,0.00,0,2.95,0,27.52,0,2.95,0,2.95
0.4,10.5,0.00,0.00,0,2.95,0,27.52,0,2.95,0,2.95
0.2,10.5,0.00,0.00,0,2.95,0,27.52,0,2.95,0,2.95
0.0,10.5,0.00,0.00,0,2.95,0,27.52,0,2.95,0,2.95
0.0,10.5,0.00,0.00,0,2.95,0,27.52,0,2.95,0,2.95
0.2,10.5,0.00,0.00,0,2.95,0,27.52,0,2.95,0,2.95
0.4,10.5,0.00,0.00,0,2.95,0,27.52,0,2.95,0,2.95
0.2,10.5,0.00,0.00,0,2.95,0,27.52,0,2.95,0,2.95
0.6,10.5,0.00,0.00,0,2.95,0,27.52,0,2.95,0,2.95
0.2,10.5,0.00,0.00,0,2.95,0,27.52,0,2.95,0,2.95
0.8,10.5,0.00,0.00,0,2.95,0,27.52,0,2.95,0,2.95
0.2,10.5,0.00,0.00,0,2.95,0,27.52,0,2.95,0,2.95
0.4,10.5,0.00,0.00,0,2.95,0,27.52,0,2.95,0,2.95
0.0,10.5,0.00,0.00,0,2.95,0,27.52,0,2.95,0,2.95
1.0,10.5,0.00,0.00,0,2.95,0,27.52,0,2.95,0,2.95
0.4,10.5,0.00,0.00,0,2.95,0,27.52,0,2.95,0,2.95
0.2,10.5,0.00,0.00,0,2.95,0,27.52,0,2.95,0,2.95
0.6,10.5,0.00,0.00,0,2.95,0,27.52,0,2.95,0,2.95
0.2,10.5,0.00,0.00,0,2.95,0,27.52,0,2.95,0,2.95
0.2,10.5,0.00,0.00,0,2.95,0,27.52,0,2.95,0,2.95
2.1,10.5,0.00,0.00,0,2.95,0,27.52,0,2.95,0,2.95
0.6,10.5,0.00,0.00,0,2.95,0,27.52,0,2.95,0,2.95
0.0,10.5,0.00,0.00,0,2.95,0,27.52,0,2.95,0,2.95
0.2,10.5,0.00,0.00,0,2.95,0,27.52,0,2.95,0,2.95
0.6,10.5,0.00,0.00,0,2.95,0,27.52,0,2.95,0,2.95
0.0,10.5,0.00,0.00,0,2.95,0,27.52,0,2.95,0,2.95
0.4,10.5,0.00,0.00,0,2.95,0,27.52,0,2.95,0,2.95
0.2,10.5,0.00,0.00,0,2.95,0,27.52,0,2.95,0,2.95
0.0,10.5,0.00,0.00,0,2.95,0,27.52,0,2.95,0,2.95
0.2,10.5,0.00,0.00,0,2.95,0,27.52,0,2.95,0,2.95
0.4,10.5,0.00,0.00,0,2.95,0,27.52,0,2.95,0,2.95
0.2,10.5,0.00,0.00,0,2.95,0,27.52,0,2.95,0,2.95
0.2,10.5,0.00,0.00,0,2.95,0,27.52,0,2.95,0,2.95
0.4,10.5,0.00,0.00,0,2.95,0,27.52,0,2.95,0,2.95
0.4,10.5,0.00,0.00,0,2.95,0,27.52,0,2.95,0,2.95
0.2,10.5,0.00,0.00,0,2.95,0,27.52,0,2.95,0,2.95
0.2,10.5,0.00,0.00,0,2.95,0,27.52,0,2.95,0,2.95
0.2,10.5,0.00,0.00,0,2.95,0,27.52,0,2.95,0,2.95
0.6,10.5,0.00,0.00,0,2.95,0,27.52,0,2.95,0,2.95
0.0,10.5,0.00,0.00,0,2.95,0,27.52,0,2.95,0,2.95
0.4,10.5,0.00,0.00,0,2.95,0,27.52,0,2.95,0,2.95
2.1,10.5,0.00,0.00,0,2.95,0,27.52,0,2.95,0,2.95
0.2,10.5,0.00,0.00,0,2.95,0,27.52,0,2.95,0,2.95
0.2,10.5,0.00,0.00,0,2.95,0,27.52,0,2.95,0,2.95
0.0,10.5,0.00,0.00,0,2.95,0,27.52,0,2.95,0,2.95
0.4,10.5,0.00,0.00,0,2.95,0,27.52,0,2.95,0,2.95
0.0,10.5,0.00,0.00,0,2.95,0,27.52,0,2.95,0,2.95
0.4,10.5,0.00,0.00,0,2.95,0,27.52,0,2.95,0,2.95
0.0,10.5,0.00,0.00,0,2.95,0,27.52,0,2.95,0,2.95
0.4,10.5,0.00,0.00,0,2.95,0,27.52,0,2.95,0,2.95
0.2,10.5,0.00,0.00,0,2.95,0,27.52,0,2.95,0,2.95
0.6,10.5,0.00,0.00,0,2.95,0,27.52,0,2.95,0,2.95
0.4,10.5,0.00,0.00,0,2.95,0,27.52,0,2.95,0,2.95
0.4,10.5,0.00,0.00,0,2.95,0,27.52,0,2.95,0,2.95
1.7,10.5,0.00,0.00,0,2.95,0,27.52,0,2.95,0,2.95
0.2,10.5,0.00,0.00,0,2.95,0,27.52,0,2.95,0,2.95
0.0,10.5,0.00,0.00,0,2.95,0,27.52,0,2.95,0,2.95
0.2,10.5,0.00,0.00,0,2.95,0,27.52,0,2.95,0,2.95
0.2,10.5,0.00,0.00,0,2.95,0,27.52,0,2.95,0,2.95
0.4,10.5,0.00,0.00,0,2.95,0,27.52,0,2.95,0,2.95
0.4,10.5,0.00,0.00,0,2.95,0,27.52,0,2.95,0,2.95
0.2,10.5,0.00,0.00,0,2.95,0,27.52,0,2.95,0,2.95
2.1,10.5,0.00,0.00,0,2.95,0,27.52,0,2.95,0,2.95
0.2,10.5,0.00,0.00,0,2.95,0,27.52,0,2.95,0,2.95
0.6,10.5,0.00,0.00,0,2.95,0,27.52,0,2.95,0,2.95
0.2,10.5,0.00,0.00,0,2.95,0,27.52,0,2.95,0,2.95
1.0,10.5,0.00,0.00,0,2.95,0,27.52,0,2.95,0,2.95
0.4,10.5,0.00,0.00,0,2.95,0,27.52,0,2.95,0,2.95
0.6,10.5,0.00,0.00,0,2.95,0,27.52,0,2.95,0,2.95
0.4,10.5,0.00,0.00,0,2.95,0,27.52,0,2.95,0,2.95
0.2,10.5,0.00,0.00,0,2.95,0,27.52,0,2.95,0,2.95
0.6,10.5,0.00,0.00,0,2.95,0,27.52,0,2.95,0,2.95
0.6,10.5,0.00,0.00,0,2.95,0,27.52,0,2.95,0,2.95
0.8,10.5,0.00,0.00,0,2.95,0,27.52,0,2.95,0,2.95
0.2,10.5,0.00,0.00,0,2.95,0,27.52,0,2.95,0,2.95
0.2,10.5,0.00,0.00,0,2.95,0,27.52,0,2.95,0,2.95
1.0,10.5,0.00,0.00,0,2.95,0,27.52,0,2.95,0,2.95
0.4,10.5,0.00,0.00,0,2.95,0,27.52,0,2.95,0,2.95
0.4,10.5,0.00,0.00,0,2.95,0,27.52,0,2.95,0,2.95
0.2,10.5,0.00,0.00,0,2.95,0,27.52,0,2.95,0,2.95
0.4,10.5,0.00,0.00,0,2.95,0,27.52,0,2.95,0,2.95
0.2,10.5,0.00,0.00,0,2.95,0,27.52,0,2.95,0,2.95
0.0,10.5,0.00,0.00,0,2.95,0,27.52,0,2.95,0,2.95
1.9,10.5,0.00,0.00,0,2.95,0,27.52,0,2.95,0,2.95
0.4,10.5,0.00,0.00,0,2.95,0,27.52,0,2.95,0,2.95
0.0,10.5,0.00,0.00,0,2.95,0,27.52,0,2.95,0,2.95
0.4,10.5,0.00,0.00,0,2.95,0,27.52,0,2.95,0,2.95
0.2,10.5,0.00,0.00,0,2.95,0,27.52,0,2.95,0,2.95
0.4,10.5,0.00,0.00,0,2.95,0,27.52,0,2.95,0,2.95
0.4,10.5,0.00,0.00,0,2.95,0,27.52,0,2.95,0,2.95
0.4,10.5,0.00,0.00,0,2.95,0,27.52,0,2.95,0,2.95
0.0,10.5,0.00,0.00,0,2.95,0,27.52,0,2.95,0,2.95
0.4,10.5,0.00,0.00,0,2.95,0,27.52,0,2.95,0,2.95
1.0,10.5,0.00,0.00,0,2.95,0,27.52,0,2.95,0,2.95
0.8,10.5,0.00,0.00,0,2.95,0,27.52,0,2.95,0,2.95
0.2,10.5,0.00,0.00,0,2.95,0,27.52,0,2.95,0,2.95
0.4,10.5,0.00,0.00,0,2.95,0,27.52,0,2.95,0,2.95
0.0,10.5,0.00,0.00,0,2.95,0,27.52,0,2.95,0,2.95
0.6,10.5,0.00,0.00,0,2.95,0,27.52,0,2.95,0,2.95
0.2,10.5,0.00,0.00,0,2.95,0,27.52,0,2.95,0,2.95
0.6,10.5,0.00,0.00,0,2.95,0,27.52,0,2.95,0,2.95
0.2,10.5,0.00,0.00,0,2.95,0,27.52,0,2.95,0,2.95
0.0,10.5,0.00,0.00,0,2.95,0,27.52,0,2.95,0,2.95
0.2,10.5,0.00,0.00,0,2.95,0,27.52,0,2.95,0,2.95
2.1,10.5,0.00,0.00,0,2.95,0,27.52,0,2.95,0,2.95
0.6,10.5,0.00,0.00,0,2.95,0,27.52,0,2.95,0,2.95
0.2,10.5,0.00,0.00,0,2.95,0,27.52,0,2.95,0,2.95
0.2,10.5,0.00,0.00,0,2.95,0,27.52,0,2.95,0,2.95
0.2,10.5,0.00,0.00,0,2.95,0,27.52,0,2.95,0,2.95
0.0,10.5,0.00,0.00,0,2.95,0,27.52,0,2.95,0,2.95
0.4,10.5,0.00,0.00,0,2.95,0,27.52,0,2.95,0,2.95
0.4,10.5,0.00,0.00,0,2.95,0,27.52,0,2.95,0,2.95
0.0,10.5,0.00,0.00,0,2.95,0,27.52,0,2.95,0,2.95
0.6,10.5,0.00,0.00,0,2.95,0,27.52,0,2.95,0,2.95
1.2,10.5,0.00,0.00,0,2.95,0,27.52,0,2.95,0,2.95
0.4,10.5,0.00,0.00,0,2.95,0,27.52,0,2.95,0,2.95
0.6,10.5,0.00,0.00,0,2.95,0,27.52,0,2.95,0,2.95
0.2,10.5,0.00,0.00,0,2.95,0,27.52,0,2.95,0,2.95
0.4,10.5,0.00,0.00,0,2.95,0,27.52,0,2.95,0,2.95
0.2,10.5,0.00,0.00,0,2.95,0,27.52,0,2.95,0,2.95
0.2,10.5,0.00,0.00,0,2.95,0,27.52,0,2.95,0,2.95
0.0,10.5,0.00,0.00,0,2.95,0,27.52,0,2.95,0,2.95
0.2,10.5,0.00,0.00,0,2.95,0,27.52,0,2.95,0,2.95
0.4,10.5,0.00,0.00,0,2.95,0,27.52,0,2.95,0,2.95
0.2,10.5,0.00,0.00,0,2.95,0,27.52,0,2.95,0,2.95
2.1,10.5,0.00,0.00,0,2.95,0,27.52,0,2.95,0,2.95
0.4,10.5,0.00,0.00,0,2.95,0,27.52,0,2.95,0,2.95
0.2,10.5,0.00,0.00,0,2.95,0,27.52,0,2.95,0,2.95
0.2,10.5,0.00,0.00,0,2.95,0,27.52,0,2.95,0,2.95
0.2,10.5,0.00,0.00,0,2.95,0,27.52,0,2.95,0,2.95
0.2,10.5,0.00,0.00,0,2.95,0,27.52,0,2.95,0,2.95
0.2,10.5,0.00,0.00,0,2.95,0,27.52,0,2.95,0,2.95
0.0,10.5,0.00,0.00,0,2.95,0,27.52,0,2.95,0,2.95
0.6,10.5,0.00,0.00,0,2.95,0,27.52,0,2.95,0,2.95
0.8,10.5,0.00,0.00,0,2.95,0,27.52,0,2.95,0,2.95
2.1,10.5,0.00,0.00,0,2.95,0,27.52,0,2.95,0,2.95
0.8,10.5,0.00,0.00,0,2.95,0,27.52,0,2.95,0,2.95
0.4,10.5,0.00,0.00,0,2.95,0,27.52,0,2.95,0,2.95
0.4,10.5,0.00,0.00,0,2.95,0,27.52,0,2.95,0,2.95
0.4,10.5,0.00,0.00,0,2.95,0,27.52,0,2.95,0,2.95
0.0,10.5,0.00,0.00,0,2.95,0,27.52,0,2.95,0,2.95
0.6,10.5,0.00,0.00,0,2.95,0,27.52,0,2.95,0,2.95
0.6,10.5,0.00,0.00,0,2.95,0,27.52,0,2.95,0,2.95
0.2,10.5,0.00,0.00,0,2.95,0,27.52,0,2.95,0,2.95
0.2,10.5,0.00,0.00,0,2.95,0,27.52,0,2.95,0,2.95
0.6,10.5,0.00,0.00,0,2.95,0,27.52,0,2.95,0,2.95
2.5,10.5,0.00,0.00,0,2.95,0,27.52,0,2.95,0,2.95
0.2,10.5,0.00,0.00,0,2.95,0,27.52,0,2.95,0,2.95
0.0,10.5,0.00,0.00,0,2.95,0,27.52,0,2.95,0,2.95
0.2,10.5,0.00,0.00,0,2.95,0,27.52,0,2.95,0,2.95
0.4,10.5,0.00,0.00,0,2.95,0,27.52,0,2.95,0,2.95
0.4,10.5,0.00,0.00,0,2.95,0,27.52,0,2.95,0,2.95
0.0,10.5,0.00,0.00,0,2.95,0,27.52,0,2.95,0,2.95
0.2,10.5,0.00,0.00,0,2.95,0,27.52,0,2.95,0,2.95
0.2,10.5,0.00,0.00,0,2.95,0,27.52,0,2.95,0,2.95
0.2,10.5,0.00,0.00,0,2.95,0,27.52,0,2.95,0,2.95
0.4,10.5,0.00,0.00,0,2.95,0,27.52,0,2.95,0,2.95
0.6,10.5,0.00,0.00,0,2.95,0,27.52,0,2.95,0,2.95
0.4,10.5,0.00,0.00,0,2.95,0,27.52,0,2.95,0,2.95
0.2,10.5,0.00,0.00,0,2.95,0,27.52,0,2.95,0,2.95
0.4,10.5,0.00,0.00,0,2.95,0,27.52,0,2.95,0,2.95
0.0,10.5,0.00,0.00,0,2.95,0,27.52,0,2.95,0,2.95
0.2,10.5,0.00,0.00,0,2.95,0,27.52,0,2.95,0,2.95
0.0,10.5,0.00,0.00,0,2.95,0,27.52,0,2.95,0,2.95
0.4,10.5,0.00,0.00,0,2.95,0,27.52,0,2.95,0,2.95
0.2,10.5,0.00,0.00,0,2.95,0,27.52,0,2.95,0,2.95
0.2,10.5,0.00,0.00,0,2.95,0,27.52,0,2.95,0,2.95
2.1,10.5,0.00,0.00,0,2.95,0,27.52,0,2.95,0,2.95
0.4,10.5,0.00,0.00,0,2.95,0,27.52,0,2.95,0,2.95
0.2,10.5,0.00,0.00,0,2.95,0,27.52,0,2.95,0,2.95
0.4,10.5,0.00,0.00,0,2.95,0,27.52,0,2.95,0,2.95
0.6,10.5,0.00,0.00,0,2.95,0,27.52,0,2.95,0,2.95
0.4,10.5,0.00,0.00,0,2.95,0,27.52,0,2.95,0,2.95
0.4,10.5,0.00,0.00,0,2.95,0,27.52,0,2.95,0,2.95
0.2,10.5,0.00,0.00,0,2.95,0,27.52,0,2.95,0,2.95
0.2,10.5,0.00,0.00,0,2.95,0,27.52,0,2.95,0,2.95
0.2,10.5,0.00,0.00,0,2.95,0,27.52,0,2.95,0,2.95
0.2,10.5,0.00,0.00,0,2.95,0,27.52,0,2.95,0,2.95
0.4,10.5,0.00,0.00,0,2.95,0,27.52,0,2.95,0,2.95
0.2,10.5,0.00,0.00,0,2.95,0,27.52,0,2.95,0,2.95
0.0,10.5,0.00,0.00,0,2.95,0,27.52,0,2.95,0,2.95
0.2,10.5,0.00,0.00,0,2.95,0,27.52,0,2.95,0,2.95
0.0,10.5,0.00,0.00,0,2.95,0,27.52,0,2.95,0,2.95
0.2,10.5,0.00,0.00,0,2.95,0,27.52,0,2.95,0,2.95
0.0,10.5,0.00,0.00,0,2.95,0,27.52,0,2.95,0,2.95
0.6,10.5,0.00,0.00,0,2.95,0,27.52,0,2.95,0,2.95
0.4,10.5,0.00,0.00,0,2.95,0,27.52,0,2.95,0,2.95
0.2,10.5,0.00,0.00,0,2.95,0,27.52,0,2.95,0,2.95
1.9,10.5,0.00,0.00,0,2.95,0,27.52,0,2.95,0,2.95
0.8,10.5,0.00,0.00,0,2.95,0,27.52,0,2.95,0,2.95
0.2,10.5,0.00,0.00,0,2.95,0,27.52,0,2.95,0,2.95
0.2,10.5,0.00,0.00,0,2.95,0,27.52,0,2.95,0,2.95
0.8,10.5,0.00,0.00,0,2.95,0,27.52,0,2.95,0,2.95
0.2,10.5,0.00,0.00,0,2.95,0,27.52,0,2.95,0,2.95
0.6,10.5,0.00,0.00,0,2.95,0,27.52,0,2.95,0,2.95
0.4,10.5,0.00,0.00,0,2.95,0,27.52,0,2.95,0,2.95
0.6,10.5,0.00,0.00,0,2.95,0,27.52,0,2.95,0,2.95
0.4,10.5,0.00,0.00,0,2.95,0,27.52,0,2.95,0,2.95
0.6,10.5,0.00,0.00,0,2.95,0,27.52,0,2.95,0,2.95
0.8,10.5,0.00,0.00,0,2.95,0,27.52,0,2.95,0,2.95
0.2,10.5,0.00,0.00,0,2.95,0,27.52,0,2.95,0,2.95
0.6,10.5,0.00,0.00,0,2.95,0,27.52,0,2.95,0,2.95
0.4,10.5,0.00,0.00,0,2.95,0,27.52,0,2.95,0,2.95
0.2,10.5,0.00,0.00,0,2.95,0,27.52,0,2.95,0,2.95
0.0,10.5,0.00,0.00,0,2.95,0,27.52,0,2.95,0,2.95
0.0,10.5,0.00,0.00,0,2.95,0,27.52,0,2.95,0,2.95
0.2,10.5,0.00,0.00,0,2.95,0,27.52,0,2.95,0,2.95
0.4,10.5,0.00,0.00,0,2.95,0,27.52,0,2.95,0,2.95
0.0,10.5,0.00,0.00,0,2.95,0,27.52,0,2.95,0,2.95
1.9,10.5,0.00,0.00,0,2.95,0,27.52,0,2.95,0,2.95
0.6,10.5,0.00,0.00,0,2.95,0,27.52,0,2.95,0,2.95
0.0,10.5,0.00,0.00,0,2.95,0,27.52,0,2.95,0,2.95
0.2,10.5,0.00,0.00,0,2.95,0,27.52,0,2.95,0,2.95
0.6,10.5,0.00,0.00,0,2.95,0,27.52,0,2.95,0,2.95
0.0,10.5,0.00,0.00,0,2.95,0,27.52,0,2.95,0,2.95
0.2,10.5,0.00,0.00,0,2.95,0,27.52,0,2.95,0,2.95
0.2,10.5,0.00,0.00,0,2.95,0,27.52,0,2.95,0,2.95
0.0,10.5,0.00,0.00,0,2.95,0,27.52,0,2.95,0,2.95
0.0,10.5,0.00,0.00,0,2.95,0,27.52,0,2.95,0,2.95
0.0,10.5,0.00,0.00,0,2.95,0,27.52,0,2.95,0,2.95
1.9,10.5,0.00,0.00,0,2.95,0,27.52,0,2.95,0,2.95
0.4,10.5,0.00,0.00,0,2.95,0,27.52,0,2.95,0,2.95
0.0,10.5,0.00,0.00,0,2.95,0,27.52,0,2.95,0,2.95
0.0,10.5,0.00,0.00,0,2.95,0,27.52,0,2.95,0,2.95
0.4,10.5,0.00,0.00,0,2.95,0,27.52,0,2.95,0,2.95
0.2,10.5,0.00,0.00,0,2.95,0,27.52,0,2.95,0,2.95
0.0,10.5,0.00,0.00,0,2.95,0,27.52,0,2.95,0,2.95
0.6,10.5,0.00,0.00,0,2.95,0,27.52,0,2.95,0,2.95
0.4,10.5,0.00,0.00,0,2.95,0,27.52,0,2.95,0,2.95
0.6,10.5,0.00,0.00,0,2.95,0,27.52,0,2.95,0,2.95
1.5,10.5,0.00,0.00,0,2.95,0,27.52,0,2.95,0,2.95
0.2,10.5,0.00,0.00,0,2.95,0,27.52,0,2.95,0,2.95
0.0,10.5,0.00,0.00,0,2.95,0,27.52,0,2.95,0,2.95
0.4,10.5,0.00,0.00,0,2.95,0,27.52,0,2.95,0,2.95
0.4,10.5,0.00,0.00,0,2.95,0,27.52,0,2.95,0,2.95
0.4,10.5,0.00,0.00,0,2.95,0,27.52,0,2.95,0,2.95
0.4,10.5,0.00,0.00,0,2.95,0,27.52,0,2.95,0,2.95
0.4,10.5,0.00,0.00,0,2.95,0,27.52,0,2.95,0,2.95
0.0,10.5,0.00,0.00,0,2.95,0,27.52,0,2.95,0,2.95
0.2,10.5,0.00,0.00,0,2.95,0,27.52,0,2.95,0,2.95
0.4,10.5,0.00,0.00,0,2.95,0,27.52,0,2.95,0,2.95
1.0,10.5,0.00,0.00,0,2.95,0,27.52,0,2.95,0,2.95
0.4,10.5,0.00,0.00,0,2.95,0,27.52,0,2.95,0,2.95
0.2,10.5,0.00,0.00,0,2.95,0,27.52,0,2.95,0,2.95
0.0,10.5,0.00,0.00,0,2.95,0,27.52,0,2.95,0,2.95
0.4,10.5,0.00,0.00,0,2.95,0,27.52,0,2.95,0,2.95
0.0,10.5,0.00,0.00,0,2.95,0,27.52,0,2.95,0,2.95
0.4,10.5,0.00,0.00,0,2.95,0,27.52,0,2.95,0,2.95
0.2,10.5,0.00,0.00,0,2.95,0,27.52,0,2.95,0,2.95
0.4,10.5,0.00,0.00,0,2.95,0,27.52,0,2.95,0,2.95
0.4,10.5,0.00,0.00,0,2.95,0,27.52,0,2.95,0,2.95
1.5,10.5,0.00,0.00,0,2.95,0,27.52,0,2.95,0,2.95
0.2,10.5,0.00,0.00,0,2.95,0,27.52,0,2.95,0,2.95
0.6,10.5,0.00,0.00,0,2.95,0,27.52,0,2.95,0,2.95
0.6,10.5,0.00,0.00,0,2.95,0,27.52,0,2.95,0,2.95
0.8,10.5,0.00,0.00,0,2.95,0,27.52,0,2.95,0,2.95
0.4,10.5,0.00,0.00,0,2.95,0,27.52,0,2.95,0,2.95
0.2,10.5,0.00,0.00,0,2.95,0,27.52,0,2.95,0,2.95
0.4,10.5,0.00,0.00,0,2.95,0,27.52,0,2.95,0,2.95
0.2,10.5,0.00,0.00,0,2.95,0,27.52,0,2.95,0,2.95
0.2,10.5,0.00,0.00,0,2.95,0,27.52,0,2.95,0,2.95
0.4,10.5,0.00,0.00,0,2.95,0,27.52,0,2.95,0,2.95
2.1,10.5,0.00,0.00,0,2.95,0,27.52,0,2.95,0,2.95
0.4,10.5,0.00,0.00,0,2.95,0,27.52,0,2.95,0,2.95
0.0,10.5,0.00,0.00,0,2.95,0,27.52,0,2.95,0,2.95
0.4,10.5,0.00,0.00,0,2.95,0,27.52,0,2.95,0,2.95
0.4,10.5,0.00,0.00,0,2.95,0,27.52,0,2.95,0,2.95
0.4,10.5,0.00,0.00,0,2.95,0,27.52,0,2.95,0,2.95
0.0,10.5,0.00,0.00,0,2.95,0,27.52,0,2.95,0,2.95
0.6,10.5,0.00,0.00,0,2.95,0,27.52,0,2.95,0,2.95
0.2,10.5,0.00,0.00,0,2.95,0,27.52,0,2.95,0,2.95
0.0,10.5,0.00,0.00,0,2.95,0,27.52,0,2.95,0,2.95
1.5,10.5,0.00,0.00,0,2.95,0,27.52,0,2.95,0,2.95
0.0,10.5,0.00,0.00,0,2.95,0,27.52,0,2.95,0,2.95
0.0,10.5,0.00,0.00,0,2.95,0,27.52,0,2.95,0,2.95
0.4,10.5,0.00,0.00,0,2.95,0,27.52,0,2.95,0,2.95
0.8,10.5,0.00,0.00,0,2.95,0,27.52,0,2.95,0,2.95
0.0,10.5,0.00,0.00,0,2.95,0,27.52,0,2.95,0,2.95
0.4,10.5,0.00,0.00,0,2.95,0,27.52,0,2.95,0,2.95
0.4,10.5,0.00,0.00,0,2.95,0,27.52,0,2.95,0,2.95
0.4,10.5,0.00,0.00,0,2.95,0,27.52,0,2.95,0,2.95
0.2,10.5,0.00,0.00,0,2.95,0,27.52,0,2.95,0,2.95
0.4,10.5,0.00,0.00,0,2.95,0,27.52,0,2.95,0,2.95
2.1,10.5,0.00,0.00,0,2.95,0,27.52,0,2.95,0,2.95
0.2,10.5,0.00,0.00,0,2.95,0,27.52,0,2.95,0,2.95
0.4,10.5,0.00,0.00,0,2.95,0,27.52,0,2.95,0,2.95
0.0,10.5,0.00,0.00,0,2.95,0,27.52,0,2.95,0,2.95
0.4,10.5,0.00,0.00,0,2.95,0,27.52,0,2.95,0,2.95
0.0,10.5,0.00,0.00,0,2.95,0,27.52,0,2.95,0,2.95
0.0,10.5,0.00,0.00,0,2.95,0,27.52,0,2.95,0,2.95
0.4,10.5,0.00,0.00,0,2.95,0,27.52,0,2.95,0,2.95
0.2,10.5,0.00,0.00,0,2.95,0,27.52,0,2.95,0,2.95
0.4,10.5,0.00,0.00,0,2.95,0,27.52,0,2.95,0,2.95
1.0,10.5,0.00,0.00,0,2.95,0,27.52,0,2.95,0,2.95
0.4,10.5,0.00,0.00,0,2.95,0,27.52,0,2.95,0,2.95
0.2,10.5,0.00,0.00,0,2.95,0,27.52,0,2.95,0,2.95
0.0,10.5,0.00,0.00,0,2.95,0,27.52,0,2.95,0,2.95
0.4,10.5,0.00,0.00,0,2.95,0,27.52,0,2.95,0,2.95
0.2,10.5,0.00,0.00,0,2.95,0,27.52,0,2.95,0,2.95
0.2,10.5,0.00,0.00,0,2.95,0,27.52,0,2.95,0,2.95
0.4,10.5,0.00,0.00,0,2.95,0,27.52,0,2.95,0,2.95
0.6,10.5,0.00,0.00,0,2.95,0,27.52,0,2.95,0,2.95
0.4,10.5,0.00,0.00,0,2.95,0,27.52,0,2.95,0,2.95
0.2,10.5,0.00,0.00,0,2.95,0,27.52,0,2.95,0,2.95
2.1,10.5,0.00,0.00,0,2.95,0,27.52,0,2.95,0,2.95
0.2,10.5,0.00,0.00,0,2.95,0,27.52,0,2.95,0,2.95
0.2,10.5,0.00,0.00,0,2.95,0,27.52,0,2.95,0,2.95
0.0,10.5,0.00,0.00,0,2.95,0,27.52,0,2.95,0,2.95
0.2,10.5,0.00,0.00,0,2.95,0,27.52,0,2.95,0,2.95
0.2,10.5,0.00,0.00,0,2.95,0,27.52,0,2.95,0,2.95
0.2,10.5,0.00,0.00,0,2.95,0,27.52,0,2.95,0,2.95
0.4,10.5,0.00,0.00,0,2.95,0,27.52,0,2.95,0,2.95
0.4,10.5,0.00,0.00,0,2.95,0,27.52,0,2.95,0,2.95
0.4,10.5,0.00,0.00,0,2.95,0,27.52,0,2.95,0,2.95
0.6,10.5,0.00,0.00,0,2.95,0,27.52,0,2.95,0,2.95
0.4,10.5,0.00,0.00,0,2.95,0,27.52,0,2.95,0,2.95
0.6,10.5,0.00,0.00,0,2.95,0,27.52,0,2.95,0,2.95
0.4,10.5,0.00,0.00,0,2.95,0,27.52,0,2.95,0,2.95
0.4,10.5,0.00,0.00,0,2.95,0,27.52,0,2.95,0,2.95
0.4,10.5,0.00,0.00,0,2.95,0,27.52,0,2.95,0,2.95
0.2,10.5,0.00,0.00,0,2.95,0,27.52,0,2.95,0,2.95
0.4,10.5,0.00,0.00,0,2.95,0,27.52,0,2.95,0,2.95
0.4,10.5,0.00,0.00,0,2.95,0,27.52,0,2.95,0,2.95
0.2,10.5,0.00,0.00,0,2.95,0,27.52,0,2.95,0,2.95
0.2,10.5,0.00,0.00,0,2.95,0,27.52,0,2.95,0,2.95
2.1,10.5,0.00,0.00,0,2.95,0,27.52,0,2.95,0,2.95
0.4,10.5,0.00,0.00,0,2.95,0,27.52,0,2.95,0,2.95
0.2,10.5,0.00,0.00,0,2.95,0,27.52,0,2.95,0,2.95
0.2,10.5,0.00,0.00,0,2.95,0,27.52,0,2.95,0,2.95
0.2,10.5,0.00,0.00,0,2.95,0,27.52,0,2.95,0,2.95
0.0,10.5,0.00,0.00,0,2.95,0,27.52,0,2.95,0,2.95
0.2,10.5,0.00,0.00,0,2.95,0,27.52,0,2.95,0,2.95
0.4,10.5,0.00,0.00,0,2.95,0,27.52,0,2.95,0,2.95
0.4,10.5,0.00,0.00,0,2.95,0,27.52,0,2.95,0,2.95
0.6,10.5,0.00,0.00,0,2.95,0,27.52,0,2.95,0,2.95
1.0,10.5,0.00,0.00,0,2.95,0,27.52,0,2.95,0,2.95
0.4,10.5,0.00,0.00,0,2.95,0,27.52,0,2.95,0,2.95
0.4,10.5,0.00,0.00,0,2.95,0,27.52,0,2.95,0,2.95
0.0,10.5,0.00,0.00,0,2.95,0,27.52,0,2.95,0,2.95
0.4,10.5,0.00,0.00,0,2.95,0,27.52,0,2.95,0,2.95
0.0,10.5,0.00,0.00,0,2.95,0,27.52,0,2.95,0,2.95
0.0,10.5,0.00,0.00,0,2.95,0,27.52,0,2.95,0,2.95
0.0,10.5,0.00,0.00,0,2.95,0,27.52,0,2.95,0,2.95
0.4,10.5,0.00,0.00,0,2.95,0,27.52,0,2.95,0,2.95
0.4,10.5,0.00,0.00,0,2.95,0,27.52,0,2.95,0,2.95
0.2,10.5,0.00,0.00,0,2.95,0,27.52,0,2.95,0,2.95
2.1,10.5,0.00,0.00,0,2.95,0,27.52,0,2.95,0,2.95
0.2,10.5,0.00,0.00,0,2.95,0,27.52,0,2.95,0,2.95
0.2,10.5,0.00,0.00,0,2.95,0,27.52,0,2.95,0,2.95
0.0,10.5,0.00,0.00,0,2.95,0,27.52,0,2.95,0,2.95
0.2,10.5,0.00,0.00,0,2.95,0,27.52,0,2.95,0,2.95
0.4,10.5,0.00,0.00,0,2.95,0,27.52,0,2.95,0,2.95
0.4,10.5,0.00,0.00,0,2.95,0,27.52,0,2.95,0,2.95
0.4,10.5,0.00,0.00,0,2.95,0,27.52,0,2.95,0,2.95
0.2,10.5,0.00,0.00,0,2.95,0,27.52,0,2.95,0,2.95
0.4,10.5,0.00,0.00,0,2.95,0,27.52,0,2.95,0,2.95
0.8,10.5,0.00,0.00,0,2.95,0,27.52,0,2.95,0,2.95
0.0,10.5,0.00,0.00,0,2.95,0,27.52,0,2.95,0,2.95
0.0,10.5,0.00,0.00,0,2.95,0,27.52,0,2.95,0,2.95
0.2,10.5,0.00,0.00,0,2.95,0,27.52,0,2.95,0,2.95
0.4,10.5,0.00,0.00,0,2.95,0,27.52,0,2.95,0,2.95
0.4,10.5,0.00,0.00,0,2.95,0,27.52,0,2.95,0,2.95
0.0,10.5,0.00,0.00,0,2.95,0,27.52,0,2.95,0,2.95
0.2,10.5,0.00,0.00,0,2.95,0,27.52,0,2.95,0,2.95
0.0,10.5,0.00,0.00,0,2.95,0,27.52,0,2.95,0,2.95
0.4,10.5,0.00,0.00,0,2.95,0,27.52,0,2.95,0,2.95
0.0,10.5,0.00,0.00,0,2.95,0,27.52,0,2.95,0,2.95
2.1,10.5,0.00,0.00,0,2.95,0,27.52,0,2.95,0,2.95
0.0,10.5,0.00,0.00,0,2.95,0,27.52,0,2.95,0,2.95
0.4,10.5,0.00,0.00,0,2.95,0,27.52,0,2.95,0,2.95
0.2,10.5,0.00,0.00,0,2.95,0,27.52,0,2.95,0,2.95
0.4,10.5,0.00,0.00,0,2.95,0,27.52,0,2.95,0,2.95
0.2,10.5,0.00,0.00,0,2.95,0,27.52,0,2.95,0,2.95
0.2,10.5,0.00,0.00,0,2.95,0,27.52,0,2.95,0,2.95
0.2,10.5,0.00,0.00,0,2.95,0,27.52,0,2.95,0,2.95
0.4,10.5,0.00,0.00,0,2.95,0,27.52,0,2.95,0,2.95
1.0,10.5,0.00,0.00,0,2.95,0,27.52,0,2.95,0,2.95
1.3,10.5,0.00,0.00,0,2.95,0,27.52,0,2.95,0,2.95
0.4,10.5,0.00,0.00,0,2.95,0,27.52,0,2.95,0,2.95
0.4,10.5,0.00,0.00,0,2.95,0,27.52,0,2.95,0,2.95
0.6,10.5,0.00,0.00,0,2.95,0,27.52,0,2.95,0,2.95
0.8,10.5,0.00,0.00,0,2.95,0,27.52,0,2.95,0,2.95
0.2,10.5,0.00,0.00,0,2.95,0,27.52,0,2.95,0,2.95
0.4,10.5,0.00,0.00,0,2.95,0,27.52,0,2.95,0,2.95
0.4,10.5,0.00,0.00,0,2.95,0,27.52,0,2.95,0,2.95
0.0,10.5,0.00,0.00,0,2.95,0,27.52,0,2.95,0,2.95
0.4,10.5,0.00,0.00,0,2.95,0,27.52,0,2.95,0,2.95
0.0,10.5,0.00,0.00,0,2.95,0,27.52,0,2.95,0,2.95
1.9,10.5,0.00,0.00,0,2.95,0,27.52,0,2.95,0,2.95
0.2,10.5,0.00,0.00,0,2.95,0,27.52,0,2.95,0,2.95
0.2,10.5,0.00,0.00,0,2.95,0,27.52,0,2.95,0,2.95
0.2,10.5,0.00,0.00,0,2.95,0,27.52,0,2.95,0,2.95
0.2,10.5,0.00,0.00,0,2.95,0,27.52,0,2.95,0,2.95
0.4,10.5,0.00,0.00,0,2.95,0,27.52,0,2.95,0,2.95
0.6,10.5,0.00,0.00,0,2.95,0,27.52,0,2.95,0,2.95
0.0,10.5,0.00,0.00,0,2.95,0,27.52,0,2.95,0,2.95
0.0,10.5,0.00,0.00,0,2.95,0,27.52,0,2.95,0,2.95
0.2,10.5,0.00,0.00,0,2.95,0,27.52,0,2.95,0,2.95
0.6,10.5,0.00,0.00,0,2.95,0,27.52,0,2.95,0,2.95
0.6,10.5,0.00,0.00,0,2.95,0,27.52,0,2.95,0,2.95
0.6,10.5,0.00,0.00,0,2.95,0,27.52,0,2.95,0,2.95
0.4,10.5,0.00,0.00,0,2.95,0,27.52,0,2.95,0,2.95
0.2,10.5,0.00,0.00,0,2.95,0,27.52,0,2.95,0,2.95
0.0,10.5,0.00,0.00,0,2.95,0,27.52,0,2.95,0,2.95
0.6,10.5,0.00,0.00,0,2.95,0,27.52,0,2.95,0,2.95
0.2,10.5,0.00,0.00,0,2.95,0,27.52,0,2.95,0,2.95
0.4,10.5,0.00,0.00,0,2.95,0,27.52,0,2.95,0,2.95
0.4,10.5,0.00,0.00,0,2.95,0,27.52,0,2.95,0,2.95
0.0,10.5,0.00,0.00,0,2.95,0,27.52,0,2.95,0,2.95
2.7,10.5,0.00,0.00,0,2.95,0,27.52,0,2.95,0,2.95
0.6,10.5,0.00,0.00,0,2.95,0,27.52,0,2.95,0,2.95
0.0,10.5,0.00,0.00,0,2.95,0,27.52,0,2.95,0,2.95
0.4,10.5,0.00,0.00,0,2.95,0,27.52,0,2.95,0,2.95
0.2,10.5,0.00,0.00,0,2.95,0,27.52,0,2.95,0,2.95
0.4,10.5,0.00,0.00,0,2.95,0,27.52,0,2.95,0,2.95
0.0,10.5,0.00,0.00,0,2.95,0,27.52,0,2.95,0,2.95
0.4,10.5,0.00,0.00,0,2.95,0,27.52,0,2.95,0,2.95
0.2,10.5,0.00,0.00,0,2.95,0,27.52,0,2.95,0,2.95
0.8,10.5,0.00,0.00,0,2.95,0,27.52,0,2.95,0,2.95
0.6,10.5,0.00,0.00,0,2.95,0,27.52,0,2.95,0,2.95
0.2,10.5,0.00,0.00,0,2.95,0,27.52,0,2.95,0,2.95
0.6,10.5,0.00,0.00,0,2.95,0,27.52,0,2.95,0,2.95
0.2,10.5,0.00,0.00,0,2.95,0,27.52,0,2.95,0,2.95
0.2,10.5,0.00,0.00,0,2.95,0,27.52,0,2.95,0,2.95
0.4,10.5,0.00,0.00,0,2.95,0,27.52,0,2.95,0,2.95
0.2,10.5,0.00,0.00,0,2.95,0,27.52,0,2.95,0,2.95
0.4,10.5,0.00,0.00,0,2.95,0,27.52,0,2.95,0,2.95
0.2,10.5,0.00,0.00,0,2.95,0,27.52,0,2.95,0,2.95
0.4,10.5,0.00,0.00,0,2.95,0,27.52,0,2.95,0,2.95
0.0,10.5,0.00,0.00,0,2.95,0,27.52,0,2.95,0,2.95
2.1,10.5,0.00,0.00,0,2.95,0,27.52,0,2.95,0,2.95
0.4,10.5,0.00,0.00,0,2.95,0,27.52,0,2.95,0,2.95
0.4,10.5,0.00,0.00,0,2.95,0,27.52,0,2.95,0,2.95
0.4,10.5,0.00,0.00,0,2.95,0,27.52,0,2.95,0,2.95
0.2,10.5,0.00,0.00,0,2.95,0,27.52,0,2.95,0,2.95
0.4,10.5,0.00,0.00,0,2.95,0,27.52,0,2.95,0,2.95
0.6,10.5,0.00,0.00,0,2.95,0,27.52,0,2.95,0,2.95
0.2,10.5,0.00,0.00,0,2.95,0,27.52,0,2.95,0,2.95
0.6,10.5,0.00,0.00,0,2.95,0,27.52,0,2.95,0,2.95
0.8,10.5,0.00,0.00,0,2.95,0,27.52,0,2.95,0,2.95
1.5,10.5,0.00,0.00,0,2.95,0,27.52,0,2.95,0,2.95
0.4,10.5,0.00,0.00,0,2.95,0,27.52,0,2.95,0,2.95
0.4,10.5,0.00,0.00,0,2.95,0,27.52,0,2.95,0,2.95
0.6,10.5,0.00,0.00,0,2.95,0,27.52,0,2.95,0,2.95
0.4,10.5,0.00,0.00,0,2.95,0,27.52,0,2.95,0,2.95
0.2,10.5,0.00,0.00,0,2.95,0,27.52,0,2.95,0,2.95
0.4,10.5,0.00,0.00,0,2.95,0,27.52,0,2.95,0,2.95
0.4,10.5,0.00,0.00,0,2.95,0,27.52,0,2.95,0,2.95
0.6,10.5,0.00,0.00,0,2.95,0,27.52,0,2.95,0,2.95
0.4,10.5,0.00,0.00,0,2.95,0,27.52,0,2.95,0,2.95
0.0,10.5,0.00,0.00,0,2.95,0,27.52,0,2.95,0,2.95
2.1,10.5,0.00,0.00,0,2.95,0,27.52,0,2.95,0,2.95
0.4,10.5,0.00,0.00,0,2.95,0,27.52,0,2.95,0,2.95
0.2,10.5,0.00,0.00,0,2.95,0,27.52,0,2.95,0,2.95
0.0,10.5,0.00,0.00,0,2.95,0,27.52,0,2.95,0,2.95
0.2,10.5,0.00,0.00,0,2.95,0,27.52,0,2.95,0,2.95
0.2,10.5,0.00,0.00,0,2.95,0,27.52,0,2.95,0,2.95
0.2,10.5,0.00,0.00,0,2.95,0,27.52,0,2.95,0,2.95
0.4,10.5,0.00,0.00,0,2.95,0,27.52,0,2.95,0,2.95
0.2,10.5,0.00,0.00,0,2.95,0,27.52,0,2.95,0,2.95
0.2,10.5,0.00,0.00,0,2.95,0,27.52,0,2.95,0,2.95
0.4,10.5,0.00,0.00,0,2.95,0,27.52,0,2.95,0,2.95
0.2,10.5,0.00,0.00,0,2.95,0,27.52,0,2.95,0,2.95
0.4,10.5,0.00,0.00,0,2.95,0,27.52,0,2.95,0,2.95
0.2,10.5,0.00,0.00,0,2.95,0,27.52,0,2.95,0,2.95
0.2,10.5,0.00,0.00,0,2.95,0,27.52,0,2.95,0,2.95
0.0,10.5,0.00,0.00,0,2.95,0,27.52,0,2.95,0,2.95
0.0,10.5,0.00,0.00,0,2.95,0,27.52,0,2.95,0,2.95
0.2,10.5,0.00,0.00,0,2.95,0,27.52,0,2.95,0,2.95
0.0,10.5,0.00,0.00,0,2.95,0,27.52,0,2.95,0,2.95
0.4,10.5,0.00,0.00,0,2.95,0,27.52,0,2.95,0,2.95
0.4,10.5,0.00,0.00,0,2.95,0,27.52,0,2.95,0,2.95
2.1,10.5,0.00,0.00,0,2.95,0,27.52,0,2.95,0,2.95
0.0,10.5,0.00,0.00,0,2.95,0,27.52,0,2.95,0,2.95
0.2,10.5,0.00,0.00,0,2.95,0,27.52,0,2.95,0,2.95
0.2,10.5,0.00,0.00,0,2.95,0,27.52,0,2.95,0,2.95
0.2,10.5,0.00,0.00,0,2.95,0,27.52,0,2.95,0,2.95
0.6,10.5,0.00,0.00,0,2.95,0,27.52,0,2.95,0,2.95
0.6,10.5,0.00,0.00,0,2.95,0,27.52,0,2.95,0,2.95
0.2,10.5,0.00,0.00,0,2.95,0,27.52,0,2.95,0,2.95
0.4,10.5,0.00,0.00,0,2.95,0,27.52,0,2.95,0,2.95
0.0,10.5,0.00,0.00,0,2.95,0,27.52,0,2.95,0,2.95
0.4,10.5,0.00,0.00,0,2.95,0,27.52,0,2.95,0,2.95
0.6,10.5,0.00,0.00,0,2.95,0,27.52,0,2.95,0,2.95
0.0,10.5,0.00,0.00,0,2.95,0,27.52,0,2.95,0,2.95
0.0,10.5,0.00,0.00,0,2.95,0,27.52,0,2.95,0,2.95
0.0,10.5,0.00,0.00,0,2.95,0,27.52,0,2.95,0,2.95
0.4,10.5,0.00,0.00,0,2.95,0,27.52,0,2.95,0,2.95
0.2,10.5,0.00,0.00,0,2.95,0,27.52,0,2.95,0,2.95
0.4,10.5,0.00,0.00,0,2.95,0,27.52,0,2.95,0,2.95
0.2,10.5,0.00,0.00,0,2.95,0,27.52,0,2.95,0,2.95
0.6,10.5,0.00,0.00,0,2.95,0,27.52,0,2.95,0,2.95
0.2,10.5,0.00,0.00,0,2.95,0,27.52,0,2.95,0,2.95
2.5,10.5,0.00,0.00,0,2.95,0,27.52,0,2.95,0,2.95
0.4,10.5,0.00,0.00,0,2.95,0,27.52,0,2.95,0,2.95
0.2,10.5,0.00,0.00,0,2.95,0,27.52,0,2.95,0,2.95
0.6,10.5,0.00,0.00,0,2.95,0,27.52,0,2.95,0,2.95
0.2,10.5,0.00,0.00,0,2.95,0,27.52,0,2.95,0,2.95
0.6,10.5,0.00,0.00,0,2.95,0,27.52,0,2.95,0,2.95
0.4,10.5,0.00,0.00,0,2.95,0,27.52,0,2.95,0,2.95
0.4,10.5,0.00,0.00,0,2.95,0,27.52,0,2.95,0,2.95
0.4,10.5,0.00,0.00,0,2.95,0,27.52,0,2.95,0,2.95
0.6,10.5,0.00,0.00,0,2.95,0,27.52,0,2.95,0,2.95
0.2,10.5,0.00,0.00,0,2.95,0,27.52,0,2.95,0,2.95
0.6,10.5,0.00,0.00,0,2.95,0,27.52,0,2.95,0,2.95
0.8,10.5,0.00,0.00,0,2.95,0,27.52,0,2.95,0,2.95
0.2,10.5,0.00,0.00,0,2.95,0,27.52,0,2.95,0,2.95
0.2,10.5,0.00,0.00,0,2.95,0,27.52,0,2.95,0,2.95
0.4,10.5,0.00,0.00,0,2.95,0,27.52,0,2.95,0,2.95
0.2,10.5,0.00,0.00,0,2.95,0,27.52,0,2.95,0,2.95
0.6,10.5,0.00,0.00,0,2.95,0,27.52,0,2.95,0,2.95
0.4,10.5,0.00,0.00,0,2.95,0,27.52,0,2.95,0,2.95
0.0,10.5,0.00,0.00,0,2.95,0,27.52,0,2.95,0,2.95
0.0,10.5,0.00,0.00,0,2.95,0,27.52,0,2.95,0,2.95
1.9,10.5,0.00,0.00,0,2.95,0,27.52,0,2.95,0,2.95
0.2,10.5,0.00,0.00,0,2.95,0,27.52,0,2.95,0,2.95
0.4,10.5,0.00,0.00,0,2.95,0,27.52,0,2.95,0,2.95
0.0,10.5,0.00,0.00,0,2.95,0,27.52,0,2.95,0,2.95
0.4,10.5,0.00,0.00,0,2.95,0,27.52,0,2.95,0,2.95
0.2,10.5,0.00,0.00,0,2.95,0,27.52,0,2.95,0,2.95
0.2,10.5,0.00,0.00,0,2.95,0,27.52,0,2.95,0,2.95
0.0,10.5,0.00,0.00,0,2.95,0,27.52,0,2.95,0,2.95
0.4,10.5,0.00,0.00,0,2.95,0,27.52,0,2.95,0,2.95
0.0,10.5,0.00,0.00,0,2.95,0,27.52,0,2.95,0,2.95
0.4,10.5,0.00,0.00,0,2.95,0,27.52,0,2.95,0,2.95
0.4,10.5,0.00,0.00,0,2.95,0,27.52,0,2.95,0,2.95
0.8,10.5,0.00,0.00,0,2.95,0,27.52,0,2.95,0,2.95
0.0,10.5,0.00,0.00,0,2.95,0,27.52,0,2.95,0,2.95
0.2,10.5,0.00,0.00,0,2.95,0,27.52,0,2.95,0,2.95
0.4,10.5,0.00,0.00,0,2.95,0,27.52,0,2.95,0,2.95
0.2,10.5,0.00,0.00,0,2.95,0,27.52,0,2.95,0,2.95
0.4,10.5,0.00,0.00,0,2.95,0,27.52,0,2.95,0,2.95
0.2,10.5,0.00,0.00,0,2.95,0,27.52,0,2.95,0,2.95
0.2,10.5,0.00,0.00,0,2.95,0,27.52,0,2.95,0,2.95
0.0,10.5,0.00,0.00,0,2.95,0,27.52,0,2.95,0,2.95
2.3,10.5,0.00,0.00,0,2.95,0,27.52,0,2.95,0,2.95
0.2,10.5,0.00,0.00,0,2.95,0,27.52,0,2.95,0,2.95
0.2,10.5,0.00,0.00,0,2.95,0,27.52,0,2.95,0,2.95
0.0,10.5,0.00,0.00,0,2.95,0,27.52,0,2.95,0,2.95
0.2,10.5,0.00,0.00,0,2.95,0,27.52,0,2.95,0,2.95
0.4,10.5,0.00,0.00,0,2.95,0,27.52,0,2.95,0,2.95
0.4,10.5,0.00,0.00,0,2.95,0,27.52,0,2.95,0,2.95
0.2,10.5,0.00,0.00,0,2.95,0,27.52,0,2.95,0,2.95
0.2,10.5,0.00,0.00,0,2.95,0,27.52,0,2.95,0,2.95
0.6,10.5,0.00,0.00,0,2.95,0,27.52,0,2.95,0,2.95
0.2,10.5,0.00,0.00,0,2.95,0,27.52,0,2.95,0,2.95
0.2,10.5,0.00,0.00,0,2.95,0,27.52,0,2.95,0,2.95
0.4,10.5,0.00,0.00,0,2.95,0,27.52,0,2.95,0,2.95
0.0,10.5,0.00,0.00,0,2.95,0,27.52,0,2.95,0,2.95
0.2,10.5,0.00,0.00,0,2.95,0,27.52,0,2.95,0,2.95
0.0,10.5,0.00,0.00,0,2.95,0,27.52,0,2.95,0,2.95
0.4,10.5,0.00,0.00,0,2.95,0,27.52,0,2.95,0,2.95
0.0,10.5,0.00,0.00,0,2.95,0,27.52,0,2.95,0,2.95
0.2,10.5,0.00,0.00,0,2.95,0,27.52,0,2.95,0,2.95
0.4,10.5,0.00,0.00,0,2.95,0,27.52,0,2.95,0,2.95
0.0,10.5,0.00,0.00,0,2.95,0,27.52,0,2.95,0,2.95
2.3,10.5,0.00,0.00,0,2.95,0,27.52,0,2.95,0,2.95
0.4,10.5,0.00,0.00,0,2.95,0,27.52,0,2.95,0,2.95
0.2,10.5,0.00,0.00,0,2.95,0,27.52,0,2.95,0,2.95
0.0,10.5,0.00,0.00,0,2.95,0,27.52,0,2.95,0,2.95
0.2,10.5,0.00,0.00,0,2.95,0,27.52,0,2.95,0,2.95
0.4,10.5,0.00,0.00,0,2.95,0,27.52,0,2.95,0,2.95
0.0,10.5,0.00,0.00,0,2.95,0,27.52,0,2.95,0,2.95
0.4,10.5,0.00,0.00,0,2.95,0,27.52,0,2.95,0,2.95
0.2,10.5,0.00,0.00,0,2.95,0,27.52,0,2.95,0,2.95
0.6,10.5,0.00,0.00,0,2.95,0,27.52,0,2.95,0,2.95
0.4,10.5,0.00,0.00,0,2.95,0,27.52,0,2.95,0,2.95
0.4,10.5,0.00,0.00,0,2.95,0,27.52,0,2.95,0,2.95
0.2,10.5,0.00,0.00,0,2.95,0,27.52,0,2.95,0,2.95
0.4,10.5,0.00,0.00,0,2.95,0,27.52,0,2.95,0,2.95
0.4,10.5,0.00,0.00,0,2.95,0,27.52,0,2.95,0,2.95
0.6,10.5,0.00,0.00,0,2.95,0,27.52,0,2.95,0,2.95
0.2,10.5,0.00,0.00,0,2.95,0,27.52,0,2.95,0,2.95
0.4,10.5,0.00,0.00,0,2.95,0,27.52,0,2.95,0,2.95
0.0,10.5,0.00,0.00,0,2.95,0,27.52,0,2.95,0,2.95
0.8,10.5,0.00,0.00,0,2.95,0,27.52,0,2.95,0,2.95
0.0,10.5,0.00,0.00,0,2.95,0,27.52,0,2.95,0,2.95
2.3,10.5,0.00,0.00,0,2.95,0,27.52,0,2.95,0,2.95
0.2,10.5,0.00,0.00,0,2.95,0,27.52,0,2.95,0,2.95
0.0,10.5,0.00,0.00,0,2.95,0,27.52,0,2.95,0,2.95
0.2,10.5,0.00,0.00,0,2.95,0,27.52,0,2.95,0,2.95
0.2,10.5,0.00,0.00,0,2.95,0,27.52,0,2.95,0,2.95
0.4,10.5,0.00,0.00,0,2.95,0,27.52,0,2.95,0,2.95
0.4,10.5,0.00,0.00,0,2.95,0,27.52,0,2.95,0,2.95
0.4,10.5,0.00,0.00,0,2.95,0,27.52,0,2.95,0,2.95
0.4,10.5,0.00,0.00,0,2.95,0,27.52,0,2.95,0,2.95
0.4,10.5,0.00,0.00,0,2.95,0,27.52,0,2.95,0,2.95
1.4,10.5,0.00,0.00,0,2.95,0,27.52,0,2.95,0,2.95
0.2,10.5,0.00,0.00,0,2.95,0,27.52,0,2.95,0,2.95
0.2,10.5,0.00,0.00,0,2.95,0,27.52,0,2.95,0,2.95
0.2,10.5,0.00,0.00,0,2.95,0,27.52,0,2.95,0,2.95
0.2,10.5,0.00,0.00,0,2.95,0,27.52,0,2.95,0,2.95
0.2,10.5,0.00,0.00,0,2.95,0,27.52,0,2.95,0,2.95
0.2,10.5,0.00,0.00,0,2.95,0,27.52,0,2.95,0,2.95
0.0,10.5,0.00,0.00,0,2.95,0,27.52,0,2.95,0,2.95
0.0,10.5,0.00,0.00,0,2.95,0,27.52,0,2.95,0,2.95
0.4,10.5,0.00,0.00,0,2.95,0,27.52,0,2.95,0,2.95
0.2,10.5,0.00,0.00,0,2.95,0,27.52,0,2.95,0,2.95
1.9,10.5,0.00,0.00,0,2.95,0,27.52,0,2.95,0,2.95
0.2,10.5,0.00,0.00,0,2.95,0,27.52,0,2.95,0,2.95
0.4,10.5,0.00,0.00,0,2.95,0,27.52,0,2.95,0,2.95
0.2,10.5,0.00,0.00,0,2.95,0,27.52,0,2.95,0,2.95
0.4,10.5,0.00,0.00,0,2.95,0,27.52,0,2.95,0,2.95
0.2,10.5,0.00,0.00,0,2.95,0,27.52,0,2.95,0,2.95
0.2,10.5,0.00,0.00,0,2.95,0,27.52,0,2.95,0,2.95
0.6,10.5,0.00,0.00,0,2.95,0,27.52,0,2.95,0,2.95
0.0,10.5,0.00,0.00,0,2.95,0,27.52,0,2.95,0,2.95
0.2,10.5,0.00,0.00,0,2.95,0,27.52,0,2.95,0,2.95
0.6,10.5,0.00,0.00,0,2.95,0,27.52,0,2.95,0,2.95
0.2,10.5,0.00,0.00,0,2.95,0,27.52,0,2.95,0,2.95
0.0,10.5,0.00,0.00,0,2.95,0,27.52,0,2.95,0,2.95
0.0,10.5,0.00,0.00,0,2.95,0,27.52,0,2.95,0,2.95
0.2,10.5,0.00,0.00,0,2.95,0,27.52,0,2.95,0,2.95
0.0,10.5,0.00,0.00,0,2.95,0,27.52,0,2.95,0,2.95
0.4,10.5,0.00,0.00,0,2.95,0,27.52,0,2.95,0,2.95
0.2,10.5,0.00,0.00,0,2.95,0,27.52,0,2.95,0,2.95
0.4,10.5,0.00,0.00,0,2.95,0,27.52,0,2.95,0,2.95
0.2,10.5,0.00,0.00,0,2.95,0,27.52,0,2.95,0,2.95
0.6,10.5,0.00,0.00,0,2.95,0,27.52,0,2.95,0,2.95
1.9,10.5,0.00,0.00,0,2.95,0,27.52,0,2.95,0,2.95
0.6,10.5,0.00,0.00,0,2.95,0,27.52,0,2.95,0,2.95
0.2,10.5,0.00,0.00,0,2.95,0,27.52,0,2.95,0,2.95
0.4,10.5,0.00,0.00,0,2.95,0,27.52,0,2.95,0,2.95
0.2,10.5,0.00,0.00,0,2.95,0,27.52,0,2.95,0,2.95
0.2,10.5,0.00,0.00,0,2.95,0,27.52,0,2.95,0,2.95
0.2,10.5,0.00,0.00,0,2.95,0,27.52,0,2.95,0,2.95
0.4,10.5,0.00,0.00,0,2.95,0,27.52,0,2.95,0,2.95
0.2,10.5,0.00,0.00,0,2.95,0,27.52,0,2.95,0,2.95
0.2,10.5,0.00,0.00,0,2.95,0,27.52,0,2.95,0,2.95
1.5,10.5,0.00,0.00,0,2.95,0,27.52,0,2.95,0,2.95
0.6,10.5,0.00,0.00,0,2.95,0,27.52,0,2.95,0,2.95
0.2,10.5,0.00,0.00,0,2.95,0,27.52,0,2.95,0,2.95
0.4,10.5,0.00,0.00,0,2.95,0,27.52,0,2.95,0,2.95
0.6,10.5,0.00,0.00,0,2.95,0,27.52,0,2.95,0,2.95
0.4,10.5,0.00,0.00,0,2.95,0,27.52,0,2.95,0,2.95
0.4,10.5,0.00,0.00,0,2.95,0,27.52,0,2.95,0,2.95
0.6,10.5,0.00,0.00,0,2.95,0,27.52,0,2.95,0,2.95
0.6,10.5,0.00,0.00,0,2.95,0,27.52,0,2.95,0,2.95
0.2,10.5,0.00,0.00,0,2.95,0,27.52,0,2.95,0,2.95
0.4,10.5,0.00,0.00,0,2.95,0,27.52,0,2.95,0,2.95
1.5,10.5,0.00,0.00,0,2.95,0,27.52,0,2.95,0,2.95
0.2,10.5,0.00,0.00,0,2.95,0,27.52,0,2.95,0,2.95
0.6,10.5,0.00,0.00,0,2.95,0,27.52,0,2.95,0,2.95
0.4,10.5,0.00,0.00,0,2.95,0,27.52,0,2.95,0,2.95
1.4,10.5,0.00,0.00,0,2.95,0,27.52,0,2.95,0,2.95
0.4,10.5,0.00,0.00,0,2.95,0,27.52,0,2.95,0,2.95
0.2,10.5,0.00,0.00,0,2.95,0,27.52,0,2.95,0,2.95
0.8,10.5,0.00,0.00,0,2.95,0,27.52,0,2.95,0,2.95
0.2,10.5,0.00,0.00,0,2.95,0,27.52,0,2.95,0,2.95
0.6,10.5,0.00,0.00,0,2.95,0,27.52,0,2.95,0,2.95
2.3,10.5,0.00,0.00,0,2.95,0,27.52,0,2.95,0,2.95
0.2,10.5,0.00,0.00,0,2.95,0,27.52,0,2.95,0,2.95
0.2,10.5,0.00,0.00,0,2.95,0,27.52,0,2.95,0,2.95
0.6,10.5,0.00,0.00,0,2.95,0,27.52,0,2.95,0,2.95
0.2,10.5,0.00,0.00,0,2.95,0,27.52,0,2.95,0,2.95
0.2,10.5,0.00,0.00,0,2.95,0,27.52,0,2.95,0,2.95
0.2,10.5,0.00,0.00,0,2.95,0,27.52,0,2.95,0,2.95
0.0,10.5,0.00,0.00,0,2.95,0,27.52,0,2.95,0,2.95
0.0,10.5,0.00,0.00,0,2.95,0,27.52,0,2.95,0,2.95
0.6,10.5,0.00,0.00,0,2.95,0,27.52,0,2.95,0,2.95
0.6,10.5,0.00,0.00,0,2.95,0,27.52,0,2.95,0,2.95
0.0,10.5,0.00,0.00,0,2.95,0,27.52,0,2.95,0,2.95
0.2,10.5,0.00,0.00,0,2.95,0,27.52,0,2.95,0,2.95
0.4,10.5,0.00,0.00,0,2.95,0,27.52,0,2.95,0,2.95
0.0,10.5,0.00,0.00,0,2.95,0,27.52,0,2.95,0,2.95
0.0,10.5,0.00,0.00,0,2.95,0,27.52,0,2.95,0,2.95
0.2,10.5,0.00,0.00,0,2.95,0,27.52,0,2.95,0,2.95
0.6,10.5,0.00,0.00,0,2.95,0,27.52,0,2.95,0,2.95
0.4,10.5,0.00,0.00,0,2.95,0,27.52,0,2.95,0,2.95
0.2,10.5,0.00,0.00,0,2.95,0,27.52,0,2.95,0,2.95
0.0,10.5,0.00,0.00,0,2.95,0,27.52,0,2.95,0,2.95
2.5,10.5,0.00,0.00,0,2.95,0,27.52,0,2.95,0,2.95
0.4,10.5,0.00,0.00,0,2.95,0,27.52,0,2.95,0,2.95
0.4,10.5,0.00,0.00,0,2.95,0,27.52,0,2.95,0,2.95
0.4,10.5,0.00,0.00,0,2.95,0,27.52,0,2.95,0,2.95
0.6,10.5,0.00,0.00,0,2.95,0,27.52,0,2.95,0,2.95
0.2,10.5,0.00,0.00,0,2.95,0,27.52,0,2.95,0,2.95
0.2,10.5,0.00,0.00,0,2.95,0,27.52,0,2.95,0,2.95
0.4,10.5,0.00,0.00,0,2.95,0,27.52,0,2.95,0,2.95
0.2,10.5,0.00,0.00,0,2.95,0,27.52,0,2.95,0,2.95
0.0,10.5,0.00,0.00,0,2.95,0,27.52,0,2.95,0,2.95
0.0,10.5,0.00,0.00,0,2.95,0,27.52,0,2.95,0,2.95
0.4,10.5,0.00,0.00,0,2.95,0,27.52,0,2.95,0,2.95
0.4,10.5,0.00,0.00,0,2.95,0,27.52,0,2.95,0,2.95
0.4,10.5,0.00,0.00,0,2.95,0,27.52,0,2.95,0,2.95
0.2,10.5,0.00,0.00,0,2.95,0,27.52,0,2.95,0,2.95
0.2,10.5,0.00,0.00,0,2.95,0,27.52,0,2.95,0,2.95
0.0,10.5,0.00,0.00,0,2.95,0,27.52,0,2.95,0,2.95
0.4,10.5,0.00,0.00,0,2.95,0,27.52,0,2.95,0,2.95
0.4,10.5,0.00,0.00,0,2.95,0,27.52,0,2.95,0,2.95
0.6,10.5,0.00,0.00,0,2.95,0,27.52,0,2.95,0,2.95
0.4,10.5,0.00,0.00,0,2.95,0,27.52,0,2.95,0,2.95
1.9,10.5,0.00,0.00,0,2.95,0,27.52,0,2.95,0,2.95
0.2,10.5,0.00,0.00,0,2.95,0,27.52,0,2.95,0,2.95
0.0,10.5,0.00,0.00,0,2.95,0,27.52,0,2.95,0,2.95
0.2,10.5,0.00,0.00,0,2.95,0,27.52,0,2.95,0,2.95
0.2,10.5,0.00,0.00,0,2.95,0,27.52,0,2.95,0,2.95
0.4,10.5,0.00,0.00,0,2.95,0,27.52,0,2.95,0,2.95
0.8,10.5,0.00,0.00,0,2.95,0,27.52,0,2.95,0,2.95
0.2,10.5,0.00,0.00,0,2.95,0,27.52,0,2.95,0,2.95
0.2,10.5,0.00,0.00,0,2.95,0,27.52,0,2.95,0,2.95
0.6,10.5,0.00,0.00,0,2.95,0,27.52,0,2.95,0,2.95
0.0,10.5,0.00,0.00,0,2.95,0,27.52,0,2.95,0,2.95
1.7,10.5,0.00,0.00,0,2.95,0,27.52,0,2.95,0,2.95
0.4,10.5,0.00,0.00,0,2.95,0,27.52,0,2.95,0,2.95
0.6,10.5,0.00,0.00,0,2.95,0,27.52,0,2.95,0,2.95
0.6,10.5,0.00,0.00,0,2.95,0,27.52,0,2.95,0,2.95
0.2,10.5,0.00,0.00,0,2.95,0,27.52,0,2.95,0,2.95
0.2,10.5,0.00,0.00,0,2.95,0,27.52,0,2.95,0,2.95
0.2,10.5,0.00,0.00,0,2.95,0,27.52,0,2.95,0,2.95
0.0,10.5,0.00,0.00,0,2.95,0,27.52,0,2.95,0,2.95
0.4,10.5,0.00,0.00,0,2.95,0,27.52,0,2.95,0,2.95
0.2,10.5,0.00,0.00,0,2.95,0,27.52,0,2.95,0,2.95
1.3,10.5,0.00,0.00,0,2.95,0,27.52,0,2.95,0,2.95
0.8,10.5,0.00,0.00,0,2.95,0,27.52,0,2.95,0,2.95
0.2,10.5,0.00,0.00,0,2.95,0,27.52,0,2.95,0,2.95
0.0,10.5,0.00,0.00,0,2.95,0,27.52,0,2.95,0,2.95
0.2,10.5,0.00,0.00,0,2.95,0,27.52,0,2.95,0,2.95
0.2,10.5,0.00,0.00,0,2.95,0,27.52,0,2.95,0,2.95
0.4,10.5,0.00,0.00,0,2.95,0,27.52,0,2.95,0,2.95
0.6,10.5,0.00,0.00,0,2.95,0,27.52,0,2.95,0,2.95
0.4,10.5,0.00,0.00,0,2.95,0,27.52,0,2.95,0,2.95
0.2,10.5,0.00,0.00,0,2.95,0,27.52,0,2.95,0,2.95
0.2,10.5,0.00,0.00,0,2.95,0,27.52,0,2.95,0,2.95
1.5,10.5,0.00,0.00,0,2.95,0,27.52,0,2.95,0,2.95
0.2,10.5,0.00,0.00,0,2.95,0,27.52,0,2.95,0,2.95
0.4,10.5,0.00,0.00,0,2.95,0,27.52,0,2.95,0,2.95
0.2,10.5,0.00,0.00,0,2.95,0,27.52,0,2.95,0,2.95
0.0,10.5,0.00,0.00,0,2.95,0,27.52,0,2.95,0,2.95
0.4,10.5,0.00,0.00,0,2.95,0,27.52,0,2.95,0,2.95
0.2,10.5,0.00,0.00,0,2.95,0,27.52,0,2.95,0,2.95
0.4,10.5,0.00,0.00,0,2.95,0,27.52,0,2.95,0,2.95
0.2,10.5,0.00,0.00,0,2.95,0,27.52,0,2.95,0,2.95
0.0,10.5,0.00,0.00,0,2.95,0,27.52,0,2.95,0,2.95
1.9,10.5,0.00,0.00,0,2.95,0,27.52,0,2.95,0,2.95
0.2,10.5,0.00,0.00,0,2.95,0,27.52,0,2.95,0,2.95
0.4,10.5,0.00,0.00,0,2.95,0,27.52,0,2.95,0,2.95
0.4,10.5,0.00,0.00,0,2.95,0,27.52,0,2.95,0,2.95
0.4,10.5,0.00,0.00,0,2.95,0,27.52,0,2.95,0,2.95
0.2,10.5,0.00,0.00,0,2.95,0,27.52,0,2.95,0,2.95
0.2,10.5,0.00,0.00,0,2.95,0,27.52,0,2.95,0,2.95
0.2,10.5,0.00,0.00,0,2.95,0,27.52,0,2.95,0,2.95
0.4,10.5,0.00,0.00,0,2.95,0,27.52,0,2.95,0,2.95
0.2,10.5,0.00,0.00,0,2.95,0,27.52,0,2.95,0,2.95
0.4,10.5,0.00,0.00,0,2.95,0,27.52,0,2.95,0,2.95
0.8,10.5,0.00,0.00,0,2.95,0,27.52,0,2.95,0,2.95
0.2,10.5,0.00,0.00,0,2.95,0,27.52,0,2.95,0,2.95
0.2,10.5,0.00,0.00,0,2.95,0,27.52,0,2.95,0,2.95
0.4,10.5,0.00,0.00,0,2.95,0,27.52,0,2.95,0,2.95
0.2,10.5,0.00,0.00,0,2.95,0,27.52,0,2.95,0,2.95
0.4,10.5,0.00,0.00,0,2.95,0,27.52,0,2.95,0,2.95
0.0,10.5,0.00,0.00,0,2.95,0,27.52,0,2.95,0,2.95
0.2,10.5,0.00,0.00,0,2.95,0,27.52,0,2.95,0,2.95
0.0,10.5,0.00,0.00,0,2.95,0,27.52,0,2.95,0,2.95
0.4,10.5,0.00,0.00,0,2.95,0,27.52,0,2.95,0,2.95
2.3,10.5,0.00,0.00,0,2.95,0,27.52,0,2.95,0,2.95
0.2,10.5,0.00,0.00,0,2.95,0,27.52,0,2.95,0,2.95
0.4,10.5,0.00,0.00,0,2.95,0,27.52,0,2.95,0,2.95
0.4,10.5,0.00,0.00,0,2.95,0,27.52,0,2.95,0,2.95
0.4,10.5,0.00,0.00,0,2.95,0,27.52,0,2.95,0,2.95
0.4,10.5,0.00,0.00,0,2.95,0,27.52,0,2.95,0,2.95
0.6,10.5,0.00,0.00,0,2.95,0,27.52,0,2.95,0,2.95
0.4,10.5,0.00,0.00,0,2.95,0,27.52,0,2.95,0,2.95
0.2,10.5,0.00,0.00,0,2.95,0,27.52,0,2.95,0,2.95
0.2,10.5,0.00,0.00,0,2.95,0,27.52,0,2.95,0,2.95
0.6,10.5,0.00,0.00,0,2.95,0,27.52,0,2.95,0,2.95
1.0,10.5,0.00,0.00,0,2.95,0,27.52,0,2.95,0,2.95
0.6,10.5,0.00,0.00,0,2.95,0,27.52,0,2.95,0,2.95
0.6,10.5,0.00,0.00,0,2.95,0,27.52,0,2.95,0,2.95
0.4,10.5,0.00,0.00,0,2.95,0,27.52,0,2.95,0,2.95
0.6,10.5,0.00,0.00,0,2.95,0,27.52,0,2.95,0,2.95
0.2,10.5,0.00,0.00,0,2.95,0,27.52,0,2.95,0,2.95
0.6,10.5,0.00,0.00,0,2.95,0,27.52,0,2.95,0,2.95
0.2,10.5,0.00,0.00,0,2.95,0,27.52,0,2.95,0,2.95
0.2,10.5,0.00,0.00,0,2.95,0,27.52,0,2.95,0,2.95
0.4,10.5,0.00,0.00,0,2.95,0,27.52,0,2.95,0,2.95
2.3,10.5,0.00,0.00,0,2.95,0,27.52,0,2.95,0,2.95
0.2,10.5,0.00,0.00,0,2.95,0,27.52,0,2.95,0,2.95
0.2,10.5,0.00,0.00,0,2.95,0,27.52,0,2.95,0,2.95
0.0,10.5,0.00,0.00,0,2.95,0,27.52,0,2.95,0,2.95
0.2,10.5,0.00,0.00,0,2.95,0,27.52,0,2.95,0,2.95
0.0,10.5,0.00,0.00,0,2.95,0,27.52,0,2.95,0,2.95
0.6,10.5,0.00,0.00,0,2.95,0,27.52,0,2.95,0,2.95
0.0,10.5,0.00,0.00,0,2.95,0,27.52,0,2.95,0,2.95
0.6,10.5,0.00,0.00,0,2.95,0,27.52,0,2.95,0,2.95
0.0,10.5,0.00,0.00,0,2.95,0,27.52,0,2.95,0,2.95
0.2,10.5,0.00,0.00,0,2.95,0,27.52,0,2.95,0,2.95
0.4,10.5,0.00,0.00,0,2.95,0,27.52,0,2.95,0,2.95
0.2,10.5,0.00,0.00,0,2.95,0,27.52,0,2.95,0,2.95
0.6,10.5,0.00,0.00,0,2.95,0,27.52,0,2.95,0,2.95
0.2,10.5,0.00,0.00,0,2.95,0,27.52,0,2.95,0,2.95
0.0,10.5,0.00,0.00,0,2.95,0,27.52,0,2.95,0,2.95
0.4,10.5,0.00,0.00,0,2.95,0,27.52,0,2.95,0,2.95
0.4,10.5,0.00,0.00,0,2.95,0,27.52,0,2.95,0,2.95
0.4,10.5,0.00,0.00,0,2.95,0,27.52,0,2.95,0,2.95
0.4,10.5,0.00,0.00,0,2.95,0,27.52,0,2.95,0,2.95
0.4,10.5,0.00,0.00,0,2.95,0,27.52,0,2.95,0,2.95
1.7,10.5,0.00,0.00,0,2.95,0,27.52,0,2.95,0,2.95
0.0,10.5,0.00,0.00,0,2.95,0,27.52,0,2.95,0,2.95
0.4,10.5,0.00,0.00,0,2.95,0,27.52,0,2.95,0,2.95
0.0,10.5,0.00,0.00,0,2.95,0,27.52,0,2.95,0,2.95
0.0,10.5,0.00,0.00,0,2.95,0,27.52,0,2.95,0,2.95
0.0,10.5,0.00,0.00,0,2.95,0,27.52,0,2.95,0,2.95
0.4,10.5,0.00,0.00,0,2.95,0,27.52,0,2.95,0,2.95
0.4,10.5,0.00,0.00,0,2.95,0,27.52,0,2.95,0,2.95
0.0,10.5,0.00,0.00,0,2.95,0,27.52,0,2.95,0,2.95
0.0,10.5,0.00,0.00,0,2.95,0,27.52,0,2.95,0,2.95
0.8,10.5,0.00,0.00,0,2.95,0,27.52,0,2.95,0,2.95
0.4,10.5,0.00,0.00,0,2.95,0,27.52,0,2.95,0,2.95
0.6,10.5,0.00,0.00,0,2.95,0,27.52,0,2.95,0,2.95
0.4,10.5,0.00,0.00,0,2.95,0,27.52,0,2.95,0,2.95
0.6,10.5,0.00,0.00,0,2.95,0,27.52,0,2.95,0,2.95
0.4,10.5,0.00,0.00,0,2.95,0,27.52,0,2.95,0,2.95
0.2,10.5,0.00,0.00,0,2.95,0,27.52,0,2.95,0,2.95
0.4,10.5,0.00,0.00,0,2.95,0,27.52,0,2.95,0,2.95
0.2,10.5,0.00,0.00,0,2.95,0,27.52,0,2.95,0,2.95
0.4,10.5,0.00,0.00,0,2.95,0,27.52,0,2.95,0,2.95
0.2,10.5,0.00,0.00,0,2.95,0,27.52,0,2.95,0,2.95
2.1,10.5,0.00,0.00,0,2.95,0,27.52,0,2.95,0,2.95
0.6,10.5,0.00,0.00,0,2.95,0,27.52,0,2.95,0,2.95
0.4,10.5,0.00,0.00,0,2.95,0,27.52,0,2.95,0,2.95
0.4,10.5,0.00,0.00,0,2.95,0,27.52,0,2.95,0,2.95
0.4,10.5,0.00,0.00,0,2.95,0,27.52,0,2.95,0,2.95
0.4,10.5,0.00,0.00,0,2.95,0,27.52,0,2.95,0,2.95
0.2,10.5,0.00,0.00,0,2.95,0,27.52,0,2.95,0,2.95
0.6,10.5,0.00,0.00,0,2.95,0,27.52,0,2.95,0,2.95
0.4,10.5,0.00,0.00,0,2.95,0,27.52,0,2.95,0,2.95
0.6,10.5,0.00,0.00,0,2.95,0,27.52,0,2.95,0,2.95
0.4,10.5,0.00,0.00,0,2.95,0,27.52,0,2.95,0,2.95
0.8,10.5,0.00,0.00,0,2.95,0,27.52,0,2.95,0,2.95
0.4,10.5,0.00,0.00,0,2.95,0,27.52,0,2.95,0,2.95
0.2,10.5,0.00,0.00,0,2.95,0,27.52,0,2.95,0,2.95
0.6,10.5,0.00,0.00,0,2.95,0,27.52,0,2.95,0,2.95
0.4,10.5,0.00,0.00,0,2.95,0,27.52,0,2.95,0,2.95
0.6,10.5,0.00,0.00,0,2.95,0,27.52,0,2.95,0,2.95
0.0,10.5,0.00,0.00,0,2.95,0,27.52,0,2.95,0,2.95
0.2,10.5,0.00,0.00,0,2.95,0,27.52,0,2.95,0,2.95
0.2,10.5,0.00,0.00,0,2.95,0,27.52,0,2.95,0,2.95
0.6,10.5,0.00,0.00,0,2.95,0,27.52,0,2.95,0,2.95
2.5,10.5,0.00,0.00,0,2.95,0,27.52,0,2.95,0,2.95
0.2,10.5,0.00,0.00,0,2.95,0,27.52,0,2.95,0,2.95
0.6,10.5,0.00,0.00,0,2.95,0,27.52,0,2.95,0,2.95
0.0,10.5,0.00,0.00,0,2.95,0,27.52,0,2.95,0,2.95
0.6,10.5,0.00,0.00,0,2.95,0,27.52,0,2.95,0,2.95
0.2,10.5,0.00,0.00,0,2.95,0,27.52,0,2.95,0,2.95
0.2,10.5,0.00,0.00,0,2.95,0,27.52,0,2.95,0,2.95
0.4,10.5,0.00,0.00,0,2.95,0,27.52,0,2.95,0,2.95
0.0,10.5,0.00,0.00,0,2.95,0,27.52,0,2.95,0,2.95
0.4,10.5,0.00,0.00,0,2.95,0,27.52,0,2.95,0,2.95
0.4,10.5,0.00,0.00,0,2.95,0,27.52,0,2.95,0,2.95
0.4,10.5,0.00,0.00,0,2.95,0,27.52,0,2.95,0,2.95
0.2,10.5,0.00,0.00,0,2.95,0,27.52,0,2.95,0,2.95
0.4,10.5,0.00,0.00,0,2.95,0,27.52,0,2.95,0,2.95
0.4,10.5,0.00,0.00,0,2.95,0,27.52,0,2.95,0,2.95
0.4,10.5,0.00,0.00,0,2.95,0,27.52,0,2.95,0,2.95
0.2,10.5,0.00,0.00,0,2.95,0,27.52,0,2.95,0,2.95
0.0,10.5,0.00,0.00,0,2.95,0,27.52,0,2.95,0,2.95
0.4,10.5,0.00,0.00,0,2.95,0,27.52,0,2.95,0,2.95
0.2,10.5,0.00,0.00,0,2.95,0,27.52,0,2.95,0,2.95
0.2,10.5,0.00,0.00,0,2.95,0,27.52,0,2.95,0,2.95
1.7,10.5,0.00,0.00,0,2.95,0,27.52,0,2.95,0,2.95
0.2,10.5,0.00,0.00,0,2.95,0,27.52,0,2.95,0,2.95
0.0,10.5,0.00,0.00,0,2.95,0,27.52,0,2.95,0,2.95
0.2,10.5,0.00,0.00,0,2.95,0,27.52,0,2.95,0,2.95
0.4,10.5,0.00,0.00,0,2.95,0,27.52,0,2.95,0,2.95
0.2,10.5,0.00,0.00,0,2.95,0,27.52,0,2.95,0,2.95
0.4,10.5,0.00,0.00,0,2.95,0,27.52,0,2.95,0,2.95
0.0,10.5,0.00,0.00,0,2.95,0,27.52,0,2.95,0,2.95
0.2,10.5,0.00,0.00,0,2.95,0,27.52,0,2.95,0,2.95
0.0,10.5,0.00,0.00,0,2.95,0,27.52,0,2.95,0,2.95
0.6,10.5,0.00,0.00,0,2.95,0,27.52,0,2.95,0,2.95
0.2,10.5,0.00,0.00,0,2.95,0,27.52,0,2.95,0,2.95
0.2,10.5,0.00,0.00,0,2.95,0,27.52,0,2.95,0,2.95
0.2,10.5,0.00,0.00,0,2.95,0,27.52,0,2.95,0,2.95
0.2,10.5,0.00,0.00,0,2.95,0,27.52,0,2.95,0,2.95
0.0,10.5,0.00,0.00,0,2.95,0,27.52,0,2.95,0,2.95
0.0,10.5,0.00,0.00,0,2.95,0,27.52,0,2.95,0,2.95
0.2,10.5,0.00,0.00,0,2.95,0,27.52,0,2.95,0,2.95
0.2,10.5,0.00,0.00,0,2.95,0,27.52,0,2.95,0,2.95
0.2,10.5,0.00,0.00,0,2.95,0,27.52,0,2.95,0,2.95
0.4,10.5,0.00,0.00,0,2.95,0,27.52,0,2.95,0,2.95
1.5,10.5,0.00,0.00,0,2.95,0,27.52,0,2.95,0,2.95
0.6,10.5,0.00,0.00,0,2.95,0,27.52,0,2.95,0,2.95
0.4,10.5,0.00,0.00,0,2.95,0,27.52,0,2.95,0,2.95
0.2,10.5,0.00,0.00,0,2.95,0,27.52,0,2.95,0,2.95
0.2,10.5,0.00,0.00,0,2.95,0,27.52,0,2.95,0,2.95
0.2,10.5,0.00,0.00,0,2.95,0,27.52,0,2.95,0,2.95
0.4,10.5,0.00,0.00,0,2.95,0,27.52,0,2.95,0,2.95
0.8,10.5,0.00,0.00,0,2.95,0,27.52,0,2.95,0,2.95
0.2,10.5,0.00,0.00,0,2.95,0,27.52,0,2.95,0,2.95
0.0,10.5,0.00,0.00,0,2.95,0,27.52,0,2.95,0,2.95
1.7,10.5,0.00,0.00,0,2.95,0,27.52,0,2.95,0,2.95
0.6,10.5,0.00,0.00,0,2.95,0,27.52,0,2.95,0,2.95
0.2,10.5,0.00,0.00,0,2.95,0,27.52,0,2.95,0,2.95
1.5,10.5,0.00,0.00,0,2.95,0,27.52,0,2.95,0,2.95
0.4,10.5,0.00,0.00,0,2.95,0,27.52,0,2.95,0,2.95
0.8,10.5,0.00,0.00,0,2.95,0,27.52,0,2.95,0,2.95
0.2,10.5,0.00,0.00,0,2.95,0,27.52,0,2.95,0,2.95
0.0,10.5,0.00,0.00,0,2.95,0,27.52,0,2.95,0,2.95
0.4,10.5,0.00,0.00,0,2.95,0,27.52,0,2.95,0,2.95
0.6,10.5,0.00,0.00,0,2.95,0,27.52,0,2.95,0,2.95
0.4,10.5,0.00,0.00,0,2.95,0,27.52,0,2.95,0,2.95
0.2,10.5,0.00,0.00,0,2.95,0,27.52,0,2.95,0,2.95
0.2,10.5,0.00,0.00,0,2.95,0,27.52,0,2.95,0,2.95
0.2,10.5,0.00,0.00,0,2.95,0,27.52,0,2.95,0,2.95
0.2,10.5,0.00,0.00,0,2.95,0,27.52,0,2.95,0,2.95
0.2,10.5,0.00,0.00,0,2.95,0,27.52,0,2.95,0,2.95
0.4,10.5,0.00,0.00,0,2.95,0,27.52,0,2.95,0,2.95
0.6,10.5,0.00,0.00,0,2.95,0,27.52,0,2.95,0,2.95
0.4,10.5,0.00,0.00,0,2.95,0,27.52,0,2.95,0,2.95
0.2,10.5,0.00,0.00,0,2.95,0,27.52,0,2.95,0,2.95
0.4,10.5,0.00,0.00,0,2.95,0,27.52,0,2.95,0,2.95
2.1,10.5,0.00,0.00,0,2.95,0,27.52,0,2.95,0,2.95
0.4,10.5,0.00,0.00,0,2.95,0,27.52,0,2.95,0,2.95
0.2,10.5,0.00,0.00,0,2.95,0,27.52,0,2.95,0,2.95
0.4,10.5,0.00,0.00,0,2.95,0,27.52,0,2.95,0,2.95
0.4,10.5,0.00,0.00,0,2.95,0,27.52,0,2.95,0,2.95
0.6,10.5,0.00,0.00,0,2.95,0,27.52,0,2.95,0,2.95
0.4,10.5,0.00,0.00,0,2.95,0,27.52,0,2.95,0,2.95
0.2,10.5,0.00,0.00,0,2.95,0,27.52,0,2.95,0,2.95
0.0,10.5,0.00,0.00,0,2.95,0,27.52,0,2.95,0,2.95
0.0,10.5,0.00,0.00,0,2.95,0,27.52,0,2.95,0,2.95
1.3,10.5,0.00,0.00,0,2.95,0,27.52,0,2.95,0,2.95
0.2,10.5,0.00,0.00,0,2.95,0,27.52,0,2.95,0,2.95
0.6,10.5,0.00,0.00,0,2.95,0,27.52,0,2.95,0,2.95
0.0,10.5,0.00,0.00,0,2.95,0,27.52,0,2.95,0,2.95
0.0,10.5,0.00,0.00,0,2.95,0,27.52,0,2.95,0,2.95
0.2,10.5,0.00,0.00,0,2.95,0,27.52,0,2.95,0,2.95
0.6,10.5,0.00,0.00,0,2.95,0,27.52,0,2.95,0,2.95
0.4,10.5,0.00,0.00,0,2.95,0,27.52,0,2.95,0,2.95
0.4,10.5,0.00,0.00,0,2.95,0,27.52,0,2.95,0,2.95
0.4,10.5,0.00,0.00,0,2.95,0,27.52,0,2.95,0,2.95
0.0,10.5,0.00,0.00,0,2.95,0,27.52,0,2.95,0,2.95
1.9,10.5,0.00,0.00,0,2.95,0,27.52,0,2.95,0,2.95
0.6,10.5,0.00,0.00,0,2.95,0,27.52,0,2.95,0,2.95
0.6,10.5,0.00,0.00,0,2.95,0,27.52,0,2.95,0,2.95
0.4,10.5,0.00,0.00,0,2.95,0,27.52,0,2.95,0,2.95
0.2,10.5,0.00,0.00,0,2.95,0,27.52,0,2.95,0,2.95
0.6,10.5,0.00,0.00,0,2.95,0,27.52,0,2.95,0,2.95
0.2,10.5,0.00,0.00,0,2.95,0,27.52,0,2.95,0,2.95
0.2,10.5,0.00,0.00,0,2.95,0,27.52,0,2.95,0,2.95
0.0,10.5,0.00,0.00,0,2.95,0,27.52,0,2.95,0,2.95
0.2,10.5,0.00,0.00,0,2.95,0,27.52,0,2.95,0,2.95
1.0,10.5,0.00,0.00,0,2.95,0,27.52,0,2.95,0,2.95
0.4,10.5,0.00,0.00,0,2.95,0,27.52,0,2.95,0,2.95
0.4,10.5,0.00,0.00,0,2.95,0,27.52,0,2.95,0,2.95
0.6,10.5,0.00,0.00,0,2.95,0,27.52,0,2.95,0,2.95
0.4,10.5,0.00,0.00,0,2.95,0,27.52,0,2.95,0,2.95
0.4,10.5,0.00,0.00,0,2.95,0,27.52,0,2.95,0,2.95
0.2,10.5,0.00,0.00,0,2.95,0,27.52,0,2.95,0,2.95
0.2,10.5,0.00,0.00,0,2.95,0,27.52,0,2.95,0,2.95
0.2,10.5,0.00,0.00,0,2.95,0,27.52,0,2.95,0,2.95
0.2,10.5,0.00,0.00,0,2.95,0,27.52,0,2.95,0,2.95
0.0,10.5,0.00,0.00,0,2.95,0,27.52,0,2.95,0,2.95
2.3,10.5,0.00,0.00,0,2.95,0,27.52,0,2.95,0,2.95
0.2,10.5,0.00,0.00,0,2.95,0,27.52,0,2.95,0,2.95
0.6,10.5,0.00,0.00,0,2.95,0,27.52,0,2.95,0,2.95
0.6,10.5,0.00,0.00,0,2.95,0,27.52,0,2.95,0,2.95
0.4,10.5,0.00,0.00,0,2.95,0,27.52,0,2.95,0,2.95
0.4,10.5,0.00,0.00,0,2.95,0,27.52,0,2.95,0,2.95
0.2,10.5,0.00,0.00,0,2.95,0,27.52,0,2.95,0,2.95
0.4,10.5,0.00,0.00,0,2.95,0,27.52,0,2.95,0,2.95
0.6,10.5,0.00,0.00,0,2.95,0,27.52,0,2.95,0,2.95
0.6,10.5,0.00,0.00,0,2.95,0,27.52,0,2.95,0,2.95
0.8,10.5,0.00,0.00,0,2.95,0,27.52,0,2.95,0,2.95
0.4,10.5,0.00,0.00,0,2.95,0,27.52,0,2.95,0,2.95
0.4,10.5,0.00,0.00,0,2.95,0,27.52,0,2.95,0,2.95
0.2,10.5,0.00,0.00,0,2.95,0,27.52,0,2.95,0,2.95
0.4,10.5,0.00,0.00,0,2.95,0,27.52,0,2.95,0,2.95
0.4,10.5,0.00,0.00,0,2.95,0,27.52,0,2.95,0,2.95
0.0,10.5,0.00,0.00,0,2.95,0,27.52,0,2.95,0,2.95
0.4,10.5,0.00,0.00,0,2.95,0,27.52,0,2.95,0,2.95
0.4,10.5,0.00,0.00,0,2.95,0,27.52,0,2.95,0,2.95
0.6,10.5,0.00,0.00,0,2.95,0,27.52,0,2.95,0,2.95
0.2,10.5,0.00,0.00,0,2.95,0,27.52,0,2.95,0,2.95
1.7,10.5,0.00,0.00,0,2.95,0,27.52,0,2.95,0,2.95
0.4,10.5,0.00,0.00,0,2.95,0,27.52,0,2.95,0,2.95
0.2,10.5,0.00,0.00,0,2.95,0,27.52,0,2.95,0,2.95
0.0,10.5,0.00,0.00,0,2.95,0,27.52,0,2.95,0,2.95
0.4,10.5,0.00,0.00,0,2.95,0,27.52,0,2.95,0,2.95
0.2,10.5,0.00,0.00,0,2.95,0,27.52,0,2.95,0,2.95
0.4,10.5,0.00,0.00,0,2.95,0,27.52,0,2.95,0,2.95
0.0,10.5,0.00,0.00,0,2.95,0,27.52,0,2.95,0,2.95
0.0,10.5,0.00,0.00,0,2.95,0,27.52,0,2.95,0,2.95
0.6,10.5,0.00,0.00,0,2.95,0,27.52,0,2.95,0,2.95
1.2,10.5,0.00,0.00,0,2.95,0,27.52,0,2.95,0,2.95
0.4,10.5,0.00,0.00,0,2.95,0,27.52,0,2.95,0,2.95
0.4,10.5,0.00,0.00,0,2.95,0,27.52,0,2.95,0,2.95
0.2,10.5,0.00,0.00,0,2.95,0,27.52,0,2.95,0,2.95
0.2,10.5,0.00,0.00,0,2.95,0,27.52,0,2.95,0,2.95
0.0,10.5,0.00,0.00,0,2.95,0,27.52,0,2.95,0,2.95
0.2,10.5,0.00,0.00,0,2.95,0,27.52,0,2.95,0,2.95
0.4,10.5,0.00,0.00,0,2.95,0,27.52,0,2.95,0,2.95
0.2,10.5,0.00,0.00,0,2.95,0,27.52,0,2.95,0,2.95
0.2,10.5,0.00,0.00,0,2.95,0,27.52,0,2.95,0,2.95
0.2,10.5,0.00,0.00,0,2.95,0,27.52,0,2.95,0,2.95
2.1,10.5,0.00,0.00,0,2.95,0,27.52,0,2.95,0,2.95
0.4,10.5,0.00,0.00,0,2.95,0,27.52,0,2.95,0,2.95
0.4,10.5,0.00,0.00,0,2.95,0,27.52,0,2.95,0,2.95
0.2,10.5,0.00,0.00,0,2.95,0,27.52,0,2.95,0,2.95
0.2,10.5,0.00,0.00,0,2.95,0,27.52,0,2.95,0,2.95
0.6,10.5,0.00,0.00,0,2.95,0,27.52,0,2.95,0,2.95
0.0,10.5,0.00,0.00,0,2.95,0,27.52,0,2.95,0,2.95
0.4,10.5,0.00,0.00,0,2.95,0,27.52,0,2.95,0,2.95
0.0,10.5,0.00,0.00,0,2.95,0,27.52,0,2.95,0,2.95
0.6,10.5,0.00,0.00,0,2.95,0,27.52,0,2.95,0,2.95
1.3,10.5,0.00,0.00,0,2.95,0,27.52,0,2.95,0,2.95
0.2,10.5,0.00,0.00,0,2.95,0,27.52,0,2.95,0,2.95
0.4,10.5,0.00,0.00,0,2.95,0,27.52,0,2.95,0,2.95
0.6,10.5,0.00,0.00,0,2.95,0,27.52,0,2.95,0,2.95
0.2,10.5,0.00,0.00,0,2.95,0,27.52,0,2.95,0,2.95
0.2,10.5,0.00,0.00,0,2.95,0,27.52,0,2.95,0,2.95
0.2,10.5,0.00,0.00,0,2.95,0,27.52,0,2.95,0,2.95
0.4,10.5,0.00,0.00,0,2.95,0,27.52,0,2.95,0,2.95
0.0,10.5,0.00,0.00,0,2.95,0,27.52,0,2.95,0,2.95
0.2,10.5,0.00,0.00,0,2.95,0,27.52,0,2.95,0,2.95
0.2,10.5,0.00,0.00,0,2.95,0,27.52,0,2.95,0,2.95
0.8,10.5,0.00,0.00,0,2.95,0,27.52,0,2.95,0,2.95
0.2,10.5,0.00,0.00,0,2.95,0,27.52,0,2.95,0,2.95
0.4,10.5,0.00,0.00,0,2.95,0,27.52,0,2.95,0,2.95
0.6,10.5,0.00,0.00,0,2.95,0,27.52,0,2.95,0,2.95
0.2,10.5,0.00,0.00,0,2.95,0,27.52,0,2.95,0,2.95
0.6,10.5,0.00,0.00,0,2.95,0,27.52,0,2.95,0,2.95
0.2,10.5,0.00,0.00,0,2.95,0,27.52,0,2.95,0,2.95
0.2,10.5,0.00,0.00,0,2.95,0,27.52,0,2.95,0,2.95
0.4,10.5,0.00,0.00,0,2.95,0,27.52,0,2.95,0,2.95
0.2,10.5,0.00,0.00,0,2.95,0,27.52,0,2.95,0,2.95
2.5,10.5,0.00,0.00,0,2.95,0,27.52,0,2.95,0,2.95
0.2,10.5,0.00,0.00,0,2.95,0,27.52,0,2.95,0,2.95
0.2,10.5,0.00,0.00,0,2.95,0,27.52,0,2.95,0,2.95
0.0,10.5,0.00,0.00,0,2.95,0,27.52,0,2.95,0,2.95
0.0,10.5,0.00,0.00,0,2.95,0,27.52,0,2.95,0,2.95
0.2,10.5,0.00,0.00,0,2.95,0,27.52,0,2.95,0,2.95
0.4,10.5,0.00,0.00,0,2.95,0,27.52,0,2.95,0,2.95
0.2,10.5,0.00,0.00,0,2.95,0,27.52,0,2.95,0,2.95
0.2,10.5,0.00,0.00,0,2.95,0,27.52,0,2.95,0,2.95
1.5,10.5,0.00,0.00,0,2.95,0,27.52,0,2.95,0,2.95
0.4,10.5,0.00,0.00,0,2.95,0,27.52,0,2.95,0,2.95
2.1,10.5,0.00,0.00,0,2.95,0,27.52,0,2.95,0,2.95
0.8,10.5,0.00,0.00,0,2.95,0,27.52,0,2.95,0,2.95
0.2,10.5,0.00,0.00,0,2.95,0,27.52,0,2.95,0,2.95
0.2,10.5,0.00,0.00,0,2.95,0,27.52,0,2.95,0,2.95
1.0,10.5,0.00,0.00,0,2.95,0,27.52,0,2.95,0,2.95
0.2,10.5,0.00,0.00,0,2.95,0,27.52,0,2.95,0,2.95
0.0,10.5,0.00,0.00,0,2.95,0,27.52,0,2.95,0,2.95
0.2,10.5,0.00,0.00,0,2.95,0,27.52,0,2.95,0,2.95
0.6,10.5,0.00,0.00,0,2.95,0,27.52,0,2.95,0,2.95
0.4,10.5,0.00,0.00,0,2.95,0,27.52,0,2.95,0,2.95
2.1,10.5,0.00,0.00,0,2.95,0,27.52,0,2.95,0,2.95
0.4,10.5,0.00,0.00,0,2.95,0,27.52,0,2.95,0,2.95
0.4,10.5,0.00,0.00,0,2.95,0,27.52,0,2.95,0,2.95
0.4,10.5,0.00,0.00,0,2.95,0,27.52,0,2.95,0,2.95
0.4,10.5,0.00,0.00,0,2.95,0,27.52,0,2.95,0,2.95
0.4,10.5,0.00,0.00,0,2.95,0,27.52,0,2.95,0,2.95
0.4,10.5,0.00,0.00,0,2.95,0,27.52,0,2.95,0,2.95
0.0,10.5,0.00,0.00,0,2.95,0,27.52,0,2.95,0,2.95
0.2,10.5,0.00,0.00,0,2.95,0,27.52,0,2.95,0,2.95
0.4,10.5,0.00,0.00,0,2.95,0,27.52,0,2.95,0,2.95
0.4,10.5,0.00,0.00,0,2.95,0,27.52,0,2.95,0,2.95
0.2,10.5,0.00,0.00,0,2.95,0,27.52,0,2.95,0,2.95
0.2,10.5,0.00,0.00,0,2.95,0,27.52,0,2.95,0,2.95
0.0,10.5,0.00,0.00,0,2.95,0,27.52,0,2.95,0,2.95
0.2,10.5,0.00,0.00,0,2.95,0,27.52,0,2.95,0,2.95
0.2,10.5,0.00,0.00,0,2.95,0,27.52,0,2.95,0,2.95
0.6,10.5,0.00,0.00,0,2.95,0,27.52,0,2.95,0,2.95
0.2,10.5,0.00,0.00,0,2.95,0,27.52,0,2.95,0,2.95
0.2,10.5,0.00,0.00,0,2.95,0,27.52,0,2.95,0,2.95
0.6,10.5,0.00,0.00,0,2.95,0,27.52,0,2.95,0,2.95
0.2,10.5,0.00,0.00,0,2.95,0,27.52,0,2.95,0,2.95
2.3,10.5,0.00,0.00,0,2.95,0,27.52,0,2.95,0,2.95
0.2,10.5,0.00,0.00,0,2.95,0,27.52,0,2.95,0,2.95
0.4,10.5,0.00,0.00,0,2.95,0,27.52,0,2.95,0,2.95
0.2,10.5,0.00,0.00,0,2.95,0,27.52,0,2.95,0,2.95
0.0,10.5,0.00,0.00,0,2.95,0,27.52,0,2.95,0,2.95
0.6,10.5,0.00,0.00,0,2.95,0,27.52,0,2.95,0,2.95
0.2,10.5,0.00,0.00,0,2.95,0,27.52,0,2.95,0,2.95
0.0,10.5,0.00,0.00,0,2.95,0,27.52,0,2.95,0,2.95
0.2,10.5,0.00,0.00,0,2.95,0,27.52,0,2.95,0,2.95
0.2,10.5,0.00,0.00,0,2.95,0,27.52,0,2.95,0,2.95
0.2,10.5,0.00,0.00,0,2.95,0,27.52,0,2.95,0,2.95
0.4,10.5,0.00,0.00,0,2.95,0,27.52,0,2.95,0,2.95
0.2,10.5,0.00,0.00,0,2.95,0,27.52,0,2.95,0,2.95
0.2,10.5,0.00,0.00,0,2.95,0,27.52,0,2.95,0,2.95
0.0,10.5,0.00,0.00,0,2.95,0,27.52,0,2.95,0,2.95
0.2,10.5,0.00,0.00,0,2.95,0,27.52,0,2.95,0,2.95
0.6,10.5,0.00,0.00,0,2.95,0,27.52,0,2.95,0,2.95
0.2,10.5,0.00,0.00,0,2.95,0,27.52,0,2.95,0,2.95
0.0,10.5,0.00,0.00,0,2.95,0,27.52,0,2.95,0,2.95
0.4,10.5,0.00,0.00,0,2.95,0,27.52,0,2.95,0,2.95
0.6,10.5,0.00,0.00,0,2.95,0,27.52,0,2.95,0,2.95
2.3,10.5,0.00,0.00,0,2.95,0,27.52,0,2.95,0,2.95
0.4,10.5,0.00,0.00,0,2.95,0,27.52,0,2.95,0,2.95
0.4,10.5,0.00,0.00,0,2.95,0,27.52,0,2.95,0,2.95
0.0,10.5,0.00,0.00,0,2.95,0,27.52,0,2.95,0,2.95
0.4,10.5,0.00,0.00,0,2.95,0,27.52,0,2.95,0,2.95
0.4,10.5,0.00,0.00,0,2.95,0,27.52,0,2.95,0,2.95
0.2,10.5,0.00,0.00,0,2.95,0,27.52,0,2.95,0,2.95
0.0,10.5,0.00,0.00,0,2.95,0,27.52,0,2.95,0,2.95
0.2,10.5,0.00,0.00,0,2.95,0,27.52,0,2.95,0,2.95
0.6,10.5,0.00,0.00,0,2.95,0,27.52,0,2.95,0,2.95
1.3,10.5,0.00,0.00,0,2.95,0,27.52,0,2.95,0,2.95
0.4,10.5,0.00,0.00,0,2.95,0,27.52,0,2.95,0,2.95
0.2,10.5,0.00,0.00,0,2.95,0,27.52,0,2.95,0,2.95
0.4,10.5,0.00,0.00,0,2.95,0,27.52,0,2.95,0,2.95
0.4,10.5,0.00,0.00,0,2.95,0,27.52,0,2.95,0,2.95
0.4,10.5,0.00,0.00,0,2.95,0,27.52,0,2.95,0,2.95
0.2,10.5,0.00,0.00,0,2.95,0,27.52,0,2.95,0,2.95
0.4,10.5,0.00,0.00,0,2.95,0,27.52,0,2.95,0,2.95
0.0,10.5,0.00,0.00,0,2.95,0,27.52,0,2.95,0,2.95
0.4,10.5,0.00,0.00,0,2.95,0,27.52,0,2.95,0,2.95
0.2,10.5,0.00,0.00,0,2.95,0,27.52,0,2.95,0,2.95
2.1,10.5,0.00,0.00,0,2.95,0,27.52,0,2.95,0,2.95
0.4,10.5,0.00,0.00,0,2.95,0,27.52,0,2.95,0,2.95
0.6,10.5,0.00,0.00,0,2.95,0,27.52,0,2.95,0,2.95
0.2,10.5,0.00,0.00,0,2.95,0,27.52,0,2.95,0,2.95
0.4,10.5,0.00,0.00,0,2.95,0,27.52,0,2.95,0,2.95
0.0,10.5,0.00,0.00,0,2.95,0,27.52,0,2.95,0,2.95
0.4,10.5,0.00,0.00,0,2.95,0,27.52,0,2.95,0,2.95
0.0,10.5,0.00,0.00,0,2.95,0,27.52,0,2.95,0,2.95
0.4,10.5,0.00,0.00,0,2.95,0,27.52,0,2.95,0,2.95
0.6,10.5,0.00,0.00,0,2.95,0,27.52,0,2.95,0,2.95
0.6,10.5,0.00,0.00,0,2.95,0,27.52,0,2.95,0,2.95
0.2,10.5,0.00,0.00,0,2.95,0,27.52,0,2.95,0,2.95
0.0,10.5,0.00,0.00,0,2.95,0,27.52,0,2.95,0,2.95
0.2,10.5,0.00,0.00,0,2.95,0,27.52,0,2.95,0,2.95
0.0,10.5,0.00,0.00,0,2.95,0,27.52,0,2.95,0,2.95
0.2,10.5,0.00,0.00,0,2.95,0,27.52,0,2.95,0,2.95
0.2,10.5,0.00,0.00,0,2.95,0,27.52,0,2.95,0,2.95
0.2,10.5,0.00,0.00,0,2.95,0,27.52,0,2.95,0,2.95
0.2,10.5,0.00,0.00,0,2.95,0,27.52,0,2.95,0,2.95
0.2,10.5,0.00,0.00,0,2.95,0,27.52,0,2.95,0,2.95
0.0,10.5,0.00,0.00,0,2.95,0,27.52,0,2.95,0,2.95
1.5,10.5,0.00,0.00,0,2.95,0,27.52,0,2.95,0,2.95
0.4,10.5,0.00,0.00,0,2.95,0,27.52,0,2.95,0,2.95
0.6,10.5,0.00,0.00,0,2.95,0,27.52,0,2.95,0,2.95
0.0,10.5,0.00,0.00,0,2.95,0,27.52,0,2.95,0,2.95
0.4,10.5,0.00,0.00,0,2.95,0,27.52,0,2.95,0,2.95
0.4,10.5,0.00,0.00,0,2.95,0,27.52,0,2.95,0,2.95
0.0,10.5,0.00,0.00,0,2.95,0,27.52,0,2.95,0,2.95
0.2,10.5,0.00,0.00,0,2.95,0,27.52,0,2.95,0,2.95
0.4,10.5,0.00,0.00,0,2.95,0,27.52,0,2.95,0,2.95
0.6,10.5,0.00,0.00,0,2.95,0,27.52,0,2.95,0,2.95
1.9,10.5,0.00,0.00,0,2.95,0,27.52,0,2.95,0,2.95
0.8,10.5,0.00,0.00,0,2.95,0,27.52,0,2.95,0,2.95
0.2,10.5,0.00,0.00,0,2.95,0,27.52,0,2.95,0,2.95
0.0,10.5,0.00,0.00,0,2.95,0,27.52,0,2.95,0,2.95
0.0,10.5,0.00,0.00,0,2.95,0,27.52,0,2.95,0,2.95
0.2,10.5,0.00,0.00,0,2.95,0,27.52,0,2.95,0,2.95
0.2,10.5,0.00,0.00,0,2.95,0,27.52,0,2.95,0,2.95
0.2,10.5,0.00,0.00,0,2.95,0,27.52,0,2.95,0,2.95
0.2,10.5,0.00,0.00,0,2.95,0,27.52,0,2.95,0,2.95
0.4,10.5,0.00,0.00,0,2.95,0,27.52,0,2.95,0,2.95
0.0,10.5,0.00,0.00,0,2.95,0,27.52,0,2.95,0,2.95
0.8,10.5,0.00,0.00,0,2.95,0,27.52,0,2.95,0,2.95
0.4,10.5,0.00,0.00,0,2.95,0,27.52,0,2.95,0,2.95
0.6,10.5,0.00,0.00,0,2.95,0,27.52,0,2.95,0,2.95
0.2,10.5,0.00,0.00,0,2.95,0,27.52,0,2.95,0,2.95
0.4,10.5,0.00,0.00,0,2.95,0,27.52,0,2.95,0,2.95
0.2,10.5,0.00,0.00,0,2.95,0,27.52,0,2.95,0,2.95
0.2,10.5,0.00,0.00,0,2.95,0,27.52,0,2.95,0,2.95
0.2,10.5,0.00,0.00,0,2.95,0,27.52,0,2.95,0,2.95
0.0,10.5,0.00,0.00,0,2.95,0,27.52,0,2.95,0,2.95
0.2,10.5,0.00,0.00,0,2.95,0,27.52,0,2.95,0,2.95
2.1,10.5,0.00,0.00,0,2.95,0,27.52,0,2.95,0,2.95
2.2,10.5,0.00,0.00,0,2.95,0,27.52,0,2.95,0,2.95
0.4,10.5,0.00,0.00,0,2.95,0,27.52,0,2.95,0,2.95
0.4,10.5,0.00,0.00,0,2.95,0,27.52,0,2.95,0,2.95
0.6,10.5,0.00,0.00,0,2.95,0,27.52,0,2.95,0,2.95
0.4,10.5,0.00,0.00,0,2.95,0,27.52,0,2.95,0,2.95
0.6,10.5,0.00,0.00,0,2.95,0,27.52,0,2.95,0,2.95
0.2,10.5,0.00,0.00,0,2.95,0,27.52,0,2.95,0,2.95
0.2,10.5,0.00,0.00,0,2.95,0,27.52,0,2.95,0,2.95
1.6,10.5,0.00,0.00,0,2.95,0,27.52,0,2.95,0,2.95
1.4,10.5,0.00,0.00,0,2.95,0,27.52,0,2.95,0,2.95
0.8,10.5,0.00,0.00,0,2.95,0,27.52,0,2.95,0,2.95
0.4,10.5,0.00,0.00,0,2.95,0,27.52,0,2.95,0,2.95
0.8,10.5,0.00,0.00,0,2.95,0,27.52,0,2.95,0,2.95
0.4,10.5,0.00,0.00,0,2.95,0,27.52,0,2.95,0,2.95
0.6,10.5,0.00,0.00,0,2.95,0,27.52,0,2.95,0,2.95
0.4,10.5,0.00,0.00,0,2.95,0,27.52,0,2.95,0,2.95
0.2,10.5,0.00,0.00,0,2.95,0,27.52,0,2.95,0,2.95
0.2,10.5,0.00,0.00,0,2.95,0,27.52,0,2.95,0,2.95
0.0,10.5,0.00,0.00,0,2.95,0,27.52,0,2.95,0,2.95
0.4,10.5,0.00,0.00,0,2.95,0,27.52,0,2.95,0,2.95
2.3,10.5,0.00,0.00,0,2.95,0,27.52,0,2.95,0,2.95
0.6,10.5,0.00,0.00,0,2.95,0,27.52,0,2.95,0,2.95
0.0,10.5,0.00,0.00,0,2.95,0,27.52,0,2.95,0,2.95
0.0,10.5,0.00,0.00,0,2.95,0,27.52,0,2.95,0,2.95
0.4,10.5,0.00,0.00,0,2.95,0,27.52,0,2.95,0,2.95
0.4,10.5,0.00,0.00,0,2.95,0,27.52,0,2.95,0,2.95
0.2,10.5,0.00,0.00,0,2.95,0,27.52,0,2.95,0,2.95
0.2,10.5,0.00,0.00,0,2.95,0,27.52,0,2.95,0,2.95
0.4,10.5,0.00,0.00,0,2.95,0,27.52,0,2.95,0,2.95
0.2,10.5,0.00,0.00,0,2.95,0,27.52,0,2.95,0,2.95
0.8,10.5,0.00,0.00,0,2.95,0,27.52,0,2.95,0,2.95
0.4,10.5,0.00,0.00,0,2.95,0,27.52,0,2.95,0,2.95
0.2,10.5,0.00,0.00,0,2.95,0,27.52,0,2.95,0,2.95
0.2,10.5,0.00,0.00,0,2.95,0,27.52,0,2.95,0,2.95
0.2,10.5,0.00,0.00,0,2.95,0,27.52,0,2.95,0,2.95
0.2,10.5,0.00,0.00,0,2.95,0,27.52,0,2.95,0,2.95
0.4,10.5,0.00,0.00,0,2.95,0,27.52,0,2.95,0,2.95
0.2,10.5,0.00,0.00,0,2.95,0,27.52,0,2.95,0,2.95
0.4,10.5,0.00,0.00,0,2.95,0,27.52,0,2.95,0,2.95
0.4,10.5,0.00,0.00,0,2.95,0,27.52,0,2.95,0,2.95
0.2,10.5,0.00,0.00,0,2.95,0,27.52,0,2.95,0,2.95
2.1,10.5,0.00,0.00,0,2.95,0,27.52,0,2.95,0,2.95
0.4,10.5,0.00,0.00,0,2.95,0,27.52,0,2.95,0,2.95
0.2,10.5,0.00,0.00,0,2.95,0,27.52,0,2.95,0,2.95
0.4,10.5,0.00,0.00,0,2.95,0,27.52,0,2.95,0,2.95
0.4,10.5,0.00,0.00,0,2.95,0,27.52,0,2.95,0,2.95
0.0,10.5,0.00,0.00,0,2.95,0,27.52,0,2.95,0,2.95
0.2,10.5,0.00,0.00,0,2.95,0,27.52,0,2.95,0,2.95
0.4,10.5,0.00,0.00,0,2.95,0,27.52,0,2.95,0,2.95
0.6,10.5,0.00,0.00,0,2.95,0,27.52,0,2.95,0,2.95
0.2,10.5,0.00,0.00,0,2.95,0,27.52,0,2.95,0,2.95
1.0,10.5,0.00,0.00,0,2.95,0,27.52,0,2.95,0,2.95
0.4,10.5,0.00,0.00,0,2.95,0,27.52,0,2.95,0,2.95
0.0,10.5,0.00,0.00,0,2.95,0,27.52,0,2.95,0,2.95
0.2,10.5,0.00,0.00,0,2.95,0,27.52,0,2.95,0,2.95
0.0,10.5,0.00,0.00,0,2.95,0,27.52,0,2.95,0,2.95
0.2,10.5,0.00,0.00,0,2.95,0,27.52,0,2.95,0,2.95
0.4,10.5,0.00,0.00,0,2.95,0,27.52,0,2.95,0,2.95
0.4,10.5,0.00,0.00,0,2.95,0,27.52,0,2.95,0,2.95
0.2,10.5,0.00,0.00,0,2.95,0,27.52,0,2.95,0,2.95
0.6,10.5,0.00,0.00,0,2.95,0,27.52,0,2.95,0,2.95
0.2,10.5,0.00,0.00,0,2.95,0,27.52,0,2.95,0,2.95
1.9,10.5,0.00,0.00,0,2.95,0,27.52,0,2.95,0,2.95
0.2,10.5,0.00,0.00,0,2.95,0,27.52,0,2.95,0,2.95
0.6,10.5,0.00,0.00,0,2.95,0,27.52,0,2.95,0,2.95
0.6,10.5,0.00,0.00,0,2.95,0,27.52,0,2.95,0,2.95
0.4,10.5,0.00,0.00,0,2.95,0,27.52,0,2.95,0,2.95
0.2,10.5,0.00,0.00,0,2.95,0,27.52,0,2.95,0,2.95
0.0,10.5,0.00,0.00,0,2.95,0,27.52,0,2.95,0,2.95
0.2,10.5,0.00,0.00,0,2.95,0,27.52,0,2.95,0,2.95
0.2,10.5,0.00,0.00,0,2.95,0,27.52,0,2.95,0,2.95
0.8,10.5,0.00,0.00,0,2.95,0,27.52,0,2.95,0,2.95
1.3,10.5,0.00,0.00,0,2.95,0,27.52,0,2.95,0,2.95
0.4,10.5,0.00,0.00,0,2.95,0,27.52,0,2.95,0,2.95
0.2,10.5,0.00,0.00,0,2.95,0,27.52,0,2.95,0,2.95
0.4,10.5,0.00,0.00,0,2.95,0,27.52,0,2.95,0,2.95
0.4,10.5,0.00,0.00,0,2.95,0,27.52,0,2.95,0,2.95
0.4,10.5,0.00,0.00,0,2.95,0,27.52,0,2.95,0,2.95
0.4,10.5,0.00,0.00,0,2.95,0,27.52,0,2.95,0,2.95
0.4,10.5,0.00,0.00,0,2.95,0,27.52,0,2.95,0,2.95
0.2,10.5,0.00,0.00,0,2.95,0,27.52,0,2.95,0,2.95
0.2,10.5,0.00,0.00,0,2.95,0,27.52,0,2.95,0,2.95
0.2,10.5,0.00,0.00,0,2.95,0,27.52,0,2.95,0,2.95
2.1,10.5,0.00,0.00,0,2.95,0,27.52,0,2.95,0,2.95
0.0,10.5,0.00,0.00,0,2.95,0,27.52,0,2.95,0,2.95
0.0,10.5,0.00,0.00,0,2.95,0,27.52,0,2.95,0,2.95
0.4,10.5,0.00,0.00,0,2.95,0,27.52,0,2.95,0,2.95
0.4,10.5,0.00,0.00,0,2.95,0,27.52,0,2.95,0,2.95
0.0,10.5,0.00,0.00,0,2.95,0,27.52,0,2.95,0,2.95
0.2,10.5,0.00,0.00,0,2.95,0,27.52,0,2.95,0,2.95
0.4,10.5,0.00,0.00,0,2.95,0,27.52,0,2.95,0,2.95
0.4,10.5,0.00,0.00,0,2.95,0,27.52,0,2.95,0,2.95
0.6,10.5,0.00,0.00,0,2.95,0,27.52,0,2.95,0,2.95
1.3,10.5,0.00,0.00,0,2.95,0,27.52,0,2.95,0,2.95
0.2,10.5,0.00,0.00,0,2.95,0,27.52,0,2.95,0,2.95
0.0,10.5,0.00,0.00,0,2.95,0,27.52,0,2.95,0,2.95
0.2,10.5,0.00,0.00,0,2.95,0,27.52,0,2.95,0,2.95
0.0,10.5,0.00,0.00,0,2.95,0,27.52,0,2.95,0,2.95
0.2,10.5,0.00,0.00,0,2.95,0,27.52,0,2.95,0,2.95
0.6,10.5,0.00,0.00,0,2.95,0,27.52,0,2.95,0,2.95
0.2,10.5,0.00,0.00,0,2.95,0,27.52,0,2.95,0,2.95
0.0,10.5,0.00,0.00,0,2.95,0,27.52,0,2.95,0,2.95
0.0,10.5,0.00,0.00,0,2.95,0,27.52,0,2.95,0,2.95
0.4,10.5,0.00,0.00,0,2.95,0,27.52,0,2.95,0,2.95
1.7,10.5,0.00,0.00,0,2.95,0,27.52,0,2.95,0,2.95
0.6,10.5,0.00,0.00,0,2.95,0,27.52,0,2.95,0,2.95
0.4,10.5,0.00,0.00,0,2.95,0,27.52,0,2.95,0,2.95
0.0,10.5,0.00,0.00,0,2.95,0,27.52,0,2.95,0,2.95
0.0,10.5,0.00,0.00,0,2.95,0,27.52,0,2.95,0,2.95
0.2,10.5,0.00,0.00,0,2.95,0,27.52,0,2.95,0,2.95
0.2,10.5,0.00,0.00,0,2.95,0,27.52,0,2.95,0,2.95
0.2,10.5,0.00,0.00,0,2.95,0,27.52,0,2.95,0,2.95
0.2,10.5,0.00,0.00,0,2.95,0,27.52,0,2.95,0,2.95
0.0,10.5,0.00,0.00,0,2.95,0,27.52,0,2.95,0,2.95
1.7,10.5,0.00,0.00,0,2.95,0,27.52,0,2.95,0,2.95
0.6,10.5,0.00,0.00,0,2.95,0,27.52,0,2.95,0,2.95
0.2,10.5,0.00,0.00,0,2.95,0,27.52,0,2.95,0,2.95
0.4,10.5,0.00,0.00,0,2.95,0,27.52,0,2.95,0,2.95
0.4,10.5,0.00,0.00,0,2.95,0,27.52,0,2.95,0,2.95
0.0,10.5,0.00,0.00,0,2.95,0,27.52,0,2.95,0,2.95
0.2,10.5,0.00,0.00,0,2.95,0,27.52,0,2.95,0,2.95
0.6,10.5,0.00,0.00,0,2.95,0,27.52,0,2.95,0,2.95
0.2,10.5,0.00,0.00,0,2.95,0,27.52,0,2.95,0,2.95
0.4,10.5,0.00,0.00,0,2.95,0,27.52,0,2.95,0,2.95
0.0,10.5,0.00,0.00,0,2.95,0,27.52,0,2.95,0,2.95
1.0,10.5,0.00,0.00,0,2.95,0,27.52,0,2.95,0,2.95
0.2,10.5,0.00,0.00,0,2.95,0,27.52,0,2.95,0,2.95
0.2,10.5,0.00,0.00,0,2.95,0,27.52,0,2.95,0,2.95
0.2,10.5,0.00,0.00,0,2.95,0,27.52,0,2.95,0,2.95
0.2,10.5,0.00,0.00,0,2.95,0,27.52,0,2.95,0,2.95
0.4,10.5,0.00,0.00,0,2.95,0,27.52,0,2.95,0,2.95
0.0,10.5,0.00,0.00,0,2.95,0,27.52,0,2.95,0,2.95
0.4,10.5,0.00,0.00,0,2.95,0,27.52,0,2.95,0,2.95
0.0,10.5,0.00,0.00,0,2.95,0,27.52,0,2.95,0,2.95
0.4,10.5,0.00,0.00,0,2.95,0,27.52,0,2.95,0,2.95
1.0,10.5,0.00,0.00,0,2.95,0,27.52,0,2.95,0,2.95
0.4,10.5,0.00,0.00,0,2.95,0,27.52,0,2.95,0,2.95
0.4,10.5,0.00,0.00,0,2.95,0,27.52,0,2.95,0,2.95
0.2,10.5,0.00,0.00,0,2.95,0,27.52,0,2.95,0,2.95
0.2,10.5,0.00,0.00,0,2.95,0,27.52,0,2.95,0,2.95
0.2,10.5,0.00,0.00,0,2.95,0,27.52,0,2.95,0,2.95
0.6,10.5,0.00,0.00,0,2.95,0,27.52,0,2.95,0,2.95
0.2,10.5,0.00,0.00,0,2.95,0,27.52,0,2.95,0,2.95
0.4,10.5,0.00,0.00,0,2.95,0,27.52,0,2.95,0,2.95
0.0,10.5,0.00,0.00,0,2.95,0,27.52,0,2.95,0,2.95
0.2,10.5,0.00,0.00,0,2.95,0,27.52,0,2.95,0,2.95
1.7,10.5,0.00,0.00,0,2.95,0,27.52,0,2.95,0,2.95
0.6,10.5,0.00,0.00,0,2.95,0,27.52,0,2.95,0,2.95
0.2,10.5,0.00,0.00,0,2.95,0,27.52,0,2.95,0,2.95
0.4,10.5,0.00,0.00,0,2.95,0,27.52,0,2.95,0,2.95
0.0,10.5,0.00,0.00,0,2.95,0,27.52,0,2.95,0,2.95
0.4,10.5,0.00,0.00,0,2.95,0,27.52,0,2.95,0,2.95
0.2,10.5,0.00,0.00,0,2.95,0,27.52,0,2.95,0,2.95
0.4,10.5,0.00,0.00,0,2.95,0,27.52,0,2.95,0,2.95
0.2,10.5,0.00,0.00,0,2.95,0,27.52,0,2.95,0,2.95
0.2,10.5,0.00,0.00,0,2.95,0,27.52,0,2.95,0,2.95
1.0,10.5,0.00,0.00,0,2.95,0,27.52,0,2.95,0,2.95
0.0,10.5,0.00,0.00,0,2.95,0,27.52,0,2.95,0,2.95
0.4,10.5,0.00,0.00,0,2.95,0,27.52,0,2.95,0,2.95
0.0,10.5,0.00,0.00,0,2.95,0,27.52,0,2.95,0,2.95
0.4,10.5,0.00,0.00,0,2.95,0,27.52,0,2.95,0,2.95
0.0,10.5,0.00,0.00,0,2.95,0,27.52,0,2.95,0,2.95
0.2,10.5,0.00,0.00,0,2.95,0,27.52,0,2.95,0,2.95
0.2,10.5,0.00,0.00,0,2.95,0,27.52,0,2.95,0,2.95
0.4,10.5,0.00,0.00,0,2.95,0,27.52,0,2.95,0,2.95
0.0,10.5,0.00,0.00,0,2.95,0,27.52,0,2.95,0,2.95
0.2,10.5,0.00,0.00,0,2.95,0,27.52,0,2.95,0,2.95
2.7,10.5,0.00,0.00,0,2.95,0,27.52,0,2.95,0,2.95
0.2,10.5,0.00,0.00,0,2.95,0,27.52,0,2.95,0,2.95
0.4,10.5,0.00,0.00,0,2.95,0,27.52,0,2.95,0,2.95
0.6,10.5,0.00,0.00,0,2.95,0,27.52,0,2.95,0,2.95
0.4,10.5,0.00,0.00,0,2.95,0,27.52,0,2.95,0,2.95
0.4,10.5,0.00,0.00,0,2.95,0,27.52,0,2.95,0,2.95
0.2,10.5,0.00,0.00,0,2.95,0,27.52,0,2.95,0,2.95
0.0,10.5,0.00,0.00,0,2.95,0,27.52,0,2.95,0,2.95
0.2,10.5,0.00,0.00,0,2.95,0,27.52,0,2.95,0,2.95
0.6,10.5,0.00,0.00,0,2.95,0,27.52,0,2.95,0,2.95
0.2,10.5,0.00,0.00,0,2.95,0,27.52,0,2.95,0,2.95
0.0,10.5,0.00,0.00,0,2.95,0,27.52,0,2.95,0,2.95
0.0,10.5,0.00,0.00,0,2.95,0,27.52,0,2.95,0,2.95
0.2,10.5,0.00,0.00,0,2.95,0,27.52,0,2.95,0,2.95
0.0,10.5,0.00,0.00,0,2.95,0,27.52,0,2.95,0,2.95
0.4,10.5,0.00,0.00,0,2.95,0,27.52,0,2.95,0,2.95
0.0,10.5,0.00,0.00,0,2.95,0,27.52,0,2.95,0,2.95
0.4,10.5,0.00,0.00,0,2.95,0,27.52,0,2.95,0,2.95
0.2,10.5,0.00,0.00,0,2.95,0,27.52,0,2.95,0,2.95
0.4,10.5,0.00,0.00,0,2.95,0,27.52,0,2.95,0,2.95
0.8,10.5,0.00,0.00,0,2.95,0,27.52,0,2.95,0,2.95
1.9,10.5,0.00,0.00,0,2.95,0,27.52,0,2.95,0,2.95
0.4,10.5,0.00,0.00,0,2.95,0,27.52,0,2.95,0,2.95
0.2,10.5,0.00,0.00,0,2.95,0,27.52,0,2.95,0,2.95
0.6,10.5,0.00,0.00,0,2.95,0,27.52,0,2.95,0,2.95
0.0,10.5,0.00,0.00,0,2.95,0,27.52,0,2.95,0,2.95
0.4,10.5,0.00,0.00,0,2.95,0,27.52,0,2.95,0,2.95
0.4,10.5,0.00,0.00,0,2.95,0,27.52,0,2.95,0,2.95
0.2,10.5,0.00,0.00,0,2.95,0,27.52,0,2.95,0,2.95
0.4,10.5,0.00,0.00,0,2.95,0,27.52,0,2.95,0,2.95
0.4,10.5,0.00,0.00,0,2.95,0,27.52,0,2.95,0,2.95
0.6,10.5,0.00,0.00,0,2.95,0,27.52,0,2.95,0,2.95
1.0,10.5,0.00,0.00,0,2.95,0,27.52,0,2.95,0,2.95
0.6,10.5,0.00,0.00,0,2.95,0,27.52,0,2.95,0,2.95
0.2,10.5,0.00,0.00,0,2.95,0,27.52,0,2.95,0,2.95
0.4,10.5,0.00,0.00,0,2.95,0,27.52,0,2.95,0,2.95
0.6,10.5,0.00,0.00,0,2.95,0,27.52,0,2.95,0,2.95
0.4,10.5,0.00,0.00,0,2.95,0,27.52,0,2.95,0,2.95
0.4,10.5,0.00,0.00,0,2.95,0,27.52,0,2.95,0,2.95
0.6,10.5,0.00,0.00,0,2.95,0,27.52,0,2.95,0,2.95
0.2,10.5,0.00,0.00,0,2.95,0,27.52,0,2.95,0,2.95
0.6,10.5,0.00,0.00,0,2.95,0,27.52,0,2.95,0,2.95
1.5,10.5,0.00,0.00,0,2.95,0,27.52,0,2.95,0,2.95
0.4,10.5,0.00,0.00,0,2.95,0,27.52,0,2.95,0,2.95
0.0,10.5,0.00,0.00,0,2.95,0,27.52,0,2.95,0,2.95
0.2,10.5,0.00,0.00,0,2.95,0,27.52,0,2.95,0,2.95
0.4,10.5,0.00,0.00,0,2.95,0,27.52,0,2.95,0,2.95
0.2,10.5,0.00,0.00,0,2.95,0,27.52,0,2.95,0,2.95
0.2,10.5,0.00,0.00,0,2.95,0,27.52,0,2.95,0,2.95
0.0,10.5,0.00,0.00,0,2.95,0,27.52,0,2.95,0,2.95
0.2,10.5,0.00,0.00,0,2.95,0,27.52,0,2.95,0,2.95
0.2,10.5,0.00,0.00,0,2.95,0,27.52,0,2.95,0,2.95
0.2,10.5,0.00,0.00,0,2.95,0,27.52,0,2.95,0,2.95
1.0,10.5,0.00,0.00,0,2.95,0,27.52,0,2.95,0,2.95
0.0,10.5,0.00,0.00,0,2.95,0,27.52,0,2.95,0,2.95
0.0,10.5,0.00,0.00,0,2.95,0,27.52,0,2.95,0,2.95
0.2,10.5,0.00,0.00,0,2.95,0,27.52,0,2.95,0,2.95
0.4,10.5,0.00,0.00,0,2.95,0,27.52,0,2.95,0,2.95
0.0,10.5,0.00,0.00,0,2.95,0,27.52,0,2.95,0,2.95
0.2,10.5,0.00,0.00,0,2.95,0,27.52,0,2.95,0,2.95
0.2,10.5,0.00,0.00,0,2.95,0,27.52,0,2.95,0,2.95
0.2,10.5,0.00,0.00,0,2.95,0,27.52,0,2.95,0,2.95
0.6,10.5,0.00,0.00,0,2.95,0,27.52,0,2.95,0,2.95
1.5,10.5,0.00,0.00,0,2.95,0,27.52,0,2.95,0,2.95
0.6,10.5,0.00,0.00,0,2.95,0,27.52,0,2.95,0,2.95
0.4,10.5,0.00,0.00,0,2.95,0,27.52,0,2.95,0,2.95
0.2,10.5,0.00,0.00,0,2.95,0,27.52,0,2.95,0,2.95
0.4,10.5,0.00,0.00,0,2.95,0,27.52,0,2.95,0,2.95
0.4,10.5,0.00,0.00,0,2.95,0,27.52,0,2.95,0,2.95
0.2,10.5,0.00,0.00,0,2.95,0,27.52,0,2.95,0,2.95
0.4,10.5,0.00,0.00,0,2.95,0,27.52,0,2.95,0,2.95
0.2,10.5,0.00,0.00,0,2.95,0,27.52,0,2.95,0,2.95
0.4,10.5,0.00,0.00,0,2.95,0,27.52,0,2.95,0,2.95
0.0,10.5,0.00,0.00,0,2.95,0,27.52,0,2.95,0,2.95
0.6,10.5,0.00,0.00,0,2.95,0,27.52,0,2.95,0,2.95
0.4,10.5,0.00,0.00,0,2.95,0,27.52,0,2.95,0,2.95
0.6,10.5,0.00,0.00,0,2.95,0,27.52,0,2.95,0,2.95
0.0,10.5,0.00,0.00,0,2.95,0,27.52,0,2.95,0,2.95
0.4,10.5,0.00,0.00,0,2.95,0,27.52,0,2.95,0,2.95
0.2,10.5,0.00,0.00,0,2.95,0,27.52,0,2.95,0,2.95
0.4,10.5,0.00,0.00,0,2.95,0,27.52,0,2.95,0,2.95
0.6,10.5,0.00,0.00,0,2.95,0,27.52,0,2.95,0,2.95
0.4,10.5,0.00,0.00,0,2.95,0,27.52,0,2.95,0,2.95
0.8,10.5,0.00,0.00,0,2.95,0,27.52,0,2.95,0,2.95
1.5,10.5,0.00,0.00,0,2.95,0,27.52,0,2.95,0,2.95
1.0,10.5,0.00,0.00,0,2.95,0,27.52,0,2.95,0,2.95
0.2,10.5,0.00,0.00,0,2.95,0,27.52,0,2.95,0,2.95
0.2,10.5,0.00,0.00,0,2.95,0,27.52,0,2.95,0,2.95
0.2,10.5,0.00,0.00,0,2.95,0,27.52,0,2.95,0,2.95
0.2,10.5,0.00,0.00,0,2.95,0,27.52,0,2.95,0,2.95
0.4,10.5,0.00,0.00,0,2.95,0,27.52,0,2.95,0,2.95
0.4,10.5,0.00,0.00,0,2.95,0,27.52,0,2.95,0,2.95
0.2,10.5,0.00,0.00,0,2.95,0,27.52,0,2.95,0,2.95
0.4,10.5,0.00,0.00,0,2.95,0,27.52,0,2.95,0,2.95
0.4,10.5,0.00,0.00,0,2.95,0,27.52,0,2.95,0,2.95
1.5,10.5,0.00,0.00,0,2.95,0,27.52,0,2.95,0,2.95
0.4,10.5,0.00,0.00,0,2.95,0,27.52,0,2.95,0,2.95
0.2,10.5,0.00,0.00,0,2.95,0,27.52,0,2.95,0,2.95
0.4,10.5,0.00,0.00,0,2.95,0,27.52,0,2.95,0,2.95
0.6,10.5,0.00,0.00,0,2.95,0,27.52,0,2.95,0,2.95
0.4,10.5,0.00,0.00,0,2.95,0,27.52,0,2.95,0,2.95
0.0,10.5,0.00,0.00,0,2.95,0,27.52,0,2.95,0,2.95
0.2,10.5,0.00,0.00,0,2.95,0,27.52,0,2.95,0,2.95
0.0,10.5,0.00,0.00,0,2.95,0,27.52,0,2.95,0,2.95
0.2,10.5,0.00,0.00,0,2.95,0,27.52,0,2.95,0,2.95
1.3,10.5,0.00,0.00,0,2.95,0,27.52,0,2.95,0,2.95
0.6,10.5,0.00,0.00,0,2.95,0,27.52,0,2.95,0,2.95
0.0,10.5,0.00,0.00,0,2.95,0,27.52,0,2.95,0,2.95
0.0,10.5,0.00,0.00,0,2.95,0,27.52,0,2.95,0,2.95
0.6,10.5,0.00,0.00,0,2.95,0,27.52,0,2.95,0,2.95
0.2,10.5,0.00,0.00,0,2.95,0,27.52,0,2.95,0,2.95
0.4,10.5,0.00,0.00,0,2.95,0,27.52,0,2.95,0,2.95
0.0,10.5,0.00,0.00,0,2.95,0,27.52,0,2.95,0,2.95
0.4,10.5,0.00,0.00,0,2.95,0,27.52,0,2.95,0,2.95
0.2,10.5,0.00,0.00,0,2.95,0,27.52,0,2.95,0,2.95
0.2,10.5,0.00,0.00,0,2.95,0,27.52,0,2.95,0,2.95
1.7,10.5,0.00,0.00,0,2.95,0,27.52,0,2.95,0,2.95
0.2,10.5,0.00,0.00,0,2.95,0,27.52,0,2.95,0,2.95
0.6,10.5,0.00,0.00,0,2.95,0,27.52,0,2.95,0,2.95
0.2,10.5,0.00,0.00,0,2.95,0,27.52,0,2.95,0,2.95
0.4,10.5,0.00,0.00,0,2.95,0,27.52,0,2.95,0,2.95
0.4,10.5,0.00,0.00,0,2.95,0,27.52,0,2.95,0,2.95
0.4,10.5,0.00,0.00,0,2.95,0,27.52,0,2.95,0,2.95
0.2,10.5,0.00,0.00,0,2.95,0,27.52,0,2.95,0,2.95
0.2,10.5,0.00,0.00,0,2.95,0,27.52,0,2.95,0,2.95
0.6,10.5,0.00,0.00,0,2.95,0,27.52,0,2.95,0,2.95
0.6,10.5,0.00,0.00,0,2.95,0,27.52,0,2.95,0,2.95
0.4,10.5,0.00,0.00,0,2.95,0,27.52,0,2.95,0,2.95
0.2,10.5,0.00,0.00,0,2.95,0,27.52,0,2.95,0,2.95
0.2,10.5,0.00,0.00,0,2.95,0,27.52,0,2.95,0,2.95
0.4,10.5,0.00,0.00,0,2.95,0,27.52,0,2.95,0,2.95
0.6,10.5,0.00,0.00,0,2.95,0,27.52,0,2.95,0,2.95
0.4,10.5,0.00,0.00,0,2.95,0,27.52,0,2.95,0,2.95
0.2,10.5,0.00,0.00,0,2.95,0,27.52,0,2.95,0,2.95
0.8,10.5,0.00,0.00,0,2.95,0,27.52,0,2.95,0,2.95
0.6,10.5,0.00,0.00,0,2.95,0,27.52,0,2.95,0,2.95
0.6,10.5,0.00,0.00,0,2.95,0,27.52,0,2.95,0,2.95
1.9,10.5,0.00,0.00,0,2.95,0,27.52,0,2.95,0,2.95
0.4,10.5,0.00,0.00,0,2.95,0,27.52,0,2.95,0,2.95
0.2,10.5,0.00,0.00,0,2.95,0,27.52,0,2.95,0,2.95
0.0,10.5,0.00,0.00,0,2.95,0,27.52,0,2.95,0,2.95
0.6,10.5,0.00,0.00,0,2.95,0,27.52,0,2.95,0,2.95
0.2,10.5,0.00,0.00,0,2.95,0,27.52,0,2.95,0,2.95
0.0,10.5,0.00,0.00,0,2.95,0,27.52,0,2.95,0,2.95
0.0,10.5,0.00,0.00,0,2.95,0,27.52,0,2.95,0,2.95
0.0,10.5,0.00,0.00,0,2.95,0,27.52,0,2.95,0,2.95
0.6,10.5,0.00,0.00,0,2.95,0,27.52,0,2.95,0,2.95
1.7,10.5,0.00,0.00,0,2.95,0,27.52,0,2.95,0,2.95
1.5,10.5,0.00,0.00,0,2.95,0,27.52,0,2.95,0,2.95
0.6,10.5,0.00,0.00,0,2.95,0,27.52,0,2.95,0,2.95
0.2,10.5,0.00,0.00,0,2.95,0,27.52,0,2.95,0,2.95
0.2,10.5,0.00,0.00,0,2.95,0,27.52,0,2.95,0,2.95
0.6,10.5,0.00,0.00,0,2.95,0,27.52,0,2.95,0,2.95
0.4,10.5,0.00,0.00,0,2.95,0,27.52,0,2.95,0,2.95
0.2,10.5,0.00,0.00,0,2.95,0,27.52,0,2.95,0,2.95
0.6,10.5,0.00,0.00,0,2.95,0,27.52,0,2.95,0,2.95
0.0,10.5,0.00,0.00,0,2.95,0,27.52,0,2.95,0,2.95
0.0,10.5,0.00,0.00,0,2.95,0,27.52,0,2.95,0,2.95
1.9,10.5,0.00,0.00,0,2.95,0,27.52,0,2.95,0,2.95
0.2,10.5,0.00,0.00,0,2.95,0,27.52,0,2.95,0,2.95
0.6,10.5,0.00,0.00,0,2.95,0,27.52,0,2.95,0,2.95
0.0,10.5,0.00,0.00,0,2.95,0,27.52,0,2.95,0,2.95
0.2,10.5,0.00,0.00,0,2.95,0,27.52,0,2.95,0,2.95
0.2,10.5,0.00,0.00,0,2.95,0,27.52,0,2.95,0,2.95
0.4,10.5,0.00,0.00,0,2.95,0,27.52,0,2.95,0,2.95
0.6,10.5,0.00,0.00,0,2.95,0,27.52,0,2.95,0,2.95
0.2,10.5,0.00,0.00,0,2.95,0,27.52,0,2.95,0,2.95
0.2,10.5,0.00,0.00,0,2.95,0,27.52,0,2.95,0,2.95
0.6,10.5,0.00,0.00,0,2.95,0,27.52,0,2.95,0,2.95
0.4,10.5,0.00,0.00,0,2.95,0,27.52,0,2.95,0,2.95
0.0,10.5,0.00,0.00,0,2.95,0,27.52,0,2.95,0,2.95
0.4,10.5,0.00,0.00,0,2.95,0,27.52,0,2.95,0,2.95
0.2,10.5,0.00,0.00,0,2.95,0,27.52,0,2.95,0,2.95
0.2,10.5,0.00,0.00,0,2.95,0,27.52,0,2.95,0,2.95
0.2,10.5,0.00,0.00,0,2.95,0,27.52,0,2.95,0,2.95
0.2,10.5,0.00,0.00,0,2.95,0,27.52,0,2.95,0,2.95
0.4,10.5,0.00,0.00,0,2.95,0,27.52,0,2.95,0,2.95
0.0,10.5,0.00,0.00,0,2.95,0,27.52,0,2.95,0,2.95
0.2,10.5,0.00,0.00,0,2.95,0,27.52,0,2.95,0,2.95
2.3,10.5,0.00,0.00,0,2.95,0,27.52,0,2.95,0,2.95
0.6,10.5,0.00,0.00,0,2.95,0,27.52,0,2.95,0,2.95
0.2,10.5,0.00,0.00,0,2.95,0,27.52,0,2.95,0,2.95
0.2,10.5,0.00,0.00,0,2.95,0,27.52,0,2.95,0,2.95
0.0,10.5,0.00,0.00,0,2.95,0,27.52,0,2.95,0,2.95
0.0,10.5,0.00,0.00,0,2.95,0,27.52,0,2.95,0,2.95
0.2,10.5,0.00,0.00,0,2.95,0,27.52,0,2.95,0,2.95
0.4,10.5,0.00,0.00,0,2.95,0,27.52,0,2.95,0,2.95
0.4,10.5,0.00,0.00,0,2.95,0,27.52,0,2.95,0,2.95
0.4,10.5,0.00,0.00,0,2.95,0,27.52,0,2.95,0,2.95
0.2,10.5,0.00,0.00,0,2.95,0,27.52,0,2.95,0,2.95
0.4,10.5,0.00,0.00,0,2.95,0,27.52,0,2.95,0,2.95
0.6,10.5,0.00,0.00,0,2.95,0,27.52,0,2.95,0,2.95
0.2,10.5,0.00,0.00,0,2.95,0,27.52,0,2.95,0,2.95
0.4,10.5,0.00,0.00,0,2.95,0,27.52,0,2.95,0,2.95
0.0,10.5,0.00,0.00,0,2.95,0,27.52,0,2.95,0,2.95
0.6,10.5,0.00,0.00,0,2.95,0,27.52,0,2.95,0,2.95
0.0,10.5,0.00,0.00,0,2.95,0,27.52,0,2.95,0,2.95
0.4,10.5,0.00,0.00,0,2.95,0,27.52,0,2.95,0,2.95
0.0,10.5,0.00,0.00,0,2.95,0,27.52,0,2.95,0,2.95
0.4,10.5,0.00,0.00,0,2.95,0,27.52,0,2.95,0,2.95
2.7,10.5,0.00,0.00,0,2.95,0,27.52,0,2.95,0,2.95
0.2,10.5,0.00,0.00,0,2.95,0,27.52,0,2.95,0,2.95
0.4,10.5,0.00,0.00,0,2.95,0,27.52,0,2.95,0,2.95
0.2,10.5,0.00,0.00,0,2.95,0,27.52,0,2.95,0,2.95
0.4,10.5,0.00,0.00,0,2.95,0,27.52,0,2.95,0,2.95
0.2,10.5,0.00,0.00,0,2.95,0,27.52,0,2.95,0,2.95
0.6,10.5,0.00,0.00,0,2.95,0,27.52,0,2.95,0,2.95
0.4,10.5,0.00,0.00,0,2.95,0,27.52,0,2.95,0,2.95
0.4,10.5,0.00,0.00,0,2.95,0,27.52,0,2.95,0,2.95
0.6,10.5,0.00,0.00,0,2.95,0,27.52,0,2.95,0,2.95
0.8,10.5,0.00,0.00,0,2.95,0,27.52,0,2.95,0,2.95
0.2,10.5,0.00,0.00,0,2.95,0,27.52,0,2.95,0,2.95
0.2,10.5,0.00,0.00,0,2.95,0,27.52,0,2.95,0,2.95
0.2,10.5,0.00,0.00,0,2.95,0,27.52,0,2.95,0,2.95
0.6,10.5,0.00,0.00,0,2.95,0,27.52,0,2.95,0,2.95
0.4,10.5,0.00,0.00,0,2.95,0,27.52,0,2.95,0,2.95
0.4,10.5,0.00,0.00,0,2.95,0,27.52,0,2.95,0,2.95
0.4,10.5,0.00,0.00,0,2.95,0,27.52,0,2.95,0,2.95
0.2,10.5,0.00,0.00,0,2.95,0,27.52,0,2.95,0,2.95
0.2,10.5,0.00,0.00,0,2.95,0,27.52,0,2.95,0,2.95
0.6,10.5,0.00,0.00,0,2.95,0,27.52,0,2.95,0,2.95
2.1,10.5,0.00,0.00,0,2.95,0,27.52,0,2.95,0,2.95
0.6,10.5,0.00,0.00,0,2.95,0,27.52,0,2.95,0,2.95
0.4,10.5,0.00,0.00,0,2.95,0,27.52,0,2.95,0,2.95
0.2,10.5,0.00,0.00,0,2.95,0,27.52,0,2.95,0,2.95
0.4,10.5,0.00,0.00,0,2.95,0,27.52,0,2.95,0,2.95
0.2,10.5,0.00,0.00,0,2.95,0,27.52,0,2.95,0,2.95
0.2,10.5,0.00,0.00,0,2.95,0,27.52,0,2.95,0,2.95
0.2,10.5,0.00,0.00,0,2.95,0,27.52,0,2.95,0,2.95
0.4,10.5,0.00,0.00,0,2.95,0,27.52,0,2.95,0,2.95
0.8,10.5,0.00,0.00,0,2.95,0,27.52,0,2.95,0,2.95
0.4,10.5,0.00,0.00,0,2.95,0,27.52,0,2.95,0,2.95
0.8,10.5,0.00,0.00,0,2.95,0,27.52,0,2.95,0,2.95
0.0,10.5,0.00,0.00,0,2.95,0,27.52,0,2.95,0,2.95
0.6,10.5,0.00,0.00,0,2.95,0,27.52,0,2.95,0,2.95
0.6,10.5,0.00,0.00,0,2.95,0,27.52,0,2.95,0,2.95
0.2,10.5,0.00,0.00,0,2.95,0,27.52,0,2.95,0,2.95
0.2,10.5,0.00,0.00,0,2.95,0,27.52,0,2.95,0,2.95
0.2,10.5,0.00,0.00,0,2.95,0,27.52,0,2.95,0,2.95
0.2,10.5,0.00,0.00,0,2.95,0,27.52,0,2.95,0,2.95
0.2,10.5,0.00,0.00,0,2.95,0,27.52,0,2.95,0,2.95
0.0,10.5,0.00,0.00,0,2.95,0,27.52,0,2.95,0,2.95
2.1,10.5,0.00,0.00,0,2.95,0,27.52,0,2.95,0,2.95
0.0,10.5,0.00,0.00,0,2.95,0,27.52,0,2.95,0,2.95
0.0,10.5,0.00,0.00,0,2.95,0,27.52,0,2.95,0,2.95
0.4,10.5,0.00,0.00,0,2.95,0,27.52,0,2.95,0,2.95
0.6,10.5,0.00,0.00,0,2.95,0,27.52,0,2.95,0,2.95
0.2,10.5,0.00,0.00,0,2.95,0,27.52,0,2.95,0,2.95
0.2,10.5,0.00,0.00,0,2.95,0,27.52,0,2.95,0,2.95
0.0,10.5,0.00,0.00,0,2.95,0,27.52,0,2.95,0,2.95
0.6,10.5,0.00,0.00,0,2.95,0,27.52,0,2.95,0,2.95
0.4,10.5,0.00,0.00,0,2.95,0,27.52,0,2.95,0,2.95
1.0,10.5,0.00,0.00,0,2.95,0,27.52,0,2.95,0,2.95
0.4,10.5,0.00,0.00,0,2.95,0,27.52,0,2.95,0,2.95
0.2,10.5,0.00,0.00,0,2.95,0,27.52,0,2.95,0,2.95
0.2,10.5,0.00,0.00,0,2.95,0,27.52,0,2.95,0,2.95
0.4,10.5,0.00,0.00,0,2.95,0,27.52,0,2.95,0,2.95
0.0,10.5,0.00,0.00,0,2.95,0,27.52,0,2.95,0,2.95
0.2,10.5,0.00,0.00,0,2.95,0,27.52,0,2.95,0,2.95
0.2,10.5,0.00,0.00,0,2.95,0,27.52,0,2.95,0,2.95
0.4,10.5,0.00,0.00,0,2.95,0,27.52,0,2.95,0,2.95
0.4,10.5,0.00,0.00,0,2.95,0,27.52,0,2.95,0,2.95
0.2,10.5,0.00,0.00,0,2.95,0,27.52,0,2.95,0,2.95
1.7,10.5,0.00,0.00,0,2.95,0,27.52,0,2.95,0,2.95
0.4,10.5,0.00,0.00,0,2.95,0,27.52,0,2.95,0,2.95
0.4,10.5,0.00,0.00,0,2.95,0,27.52,0,2.95,0,2.95
0.2,10.5,0.00,0.00,0,2.95,0,27.52,0,2.95,0,2.95
0.4,10.5,0.00,0.00,0,2.95,0,27.52,0,2.95,0,2.95
0.0,10.5,0.00,0.00,0,2.95,0,27.52,0,2.95,0,2.95
0.2,10.5,0.00,0.00,0,2.95,0,27.52,0,2.95,0,2.95
0.2,10.5,0.00,0.00,0,2.95,0,27.52,0,2.95,0,2.95
0.0,10.5,0.00,0.00,0,2.95,0,27.52,0,2.95,0,2.95
0.2,10.5,0.00,0.00,0,2.95,0,27.52,0,2.95,0,2.95
1.3,10.5,0.00,0.00,0,2.95,0,27.52,0,2.95,0,2.95
0.6,10.5,0.00,0.00,0,2.95,0,27.52,0,2.95,0,2.95
0.0,10.5,0.00,0.00,0,2.95,0,27.52,0,2.95,0,2.95
0.4,10.5,0.00,0.00,0,2.95,0,27.52,0,2.95,0,2.95
0.2,10.5,0.00,0.00,0,2.95,0,27.52,0,2.95,0,2.95
0.0,10.5,0.00,0.00,0,2.95,0,27.52,0,2.95,0,2.95
0.4,10.5,0.00,0.00,0,2.95,0,27.52,0,2.95,0,2.95
0.2,10.5,0.00,0.00,0,2.95,0,27.52,0,2.95,0,2.95
0.6,10.5,0.00,0.00,0,2.95,0,27.52,0,2.95,0,2.95
0.4,10.5,0.00,0.00,0,2.95,0,27.52,0,2.95,0,2.95
0.6,10.5,0.00,0.00,0,2.95,0,27.52,0,2.95,0,2.95
1.7,10.5,0.00,0.00,0,2.95,0,27.52,0,2.95,0,2.95
0.4,10.5,0.00,0.00,0,2.95,0,27.52,0,2.95,0,2.95
0.4,10.5,0.00,0.00,0,2.95,0,27.52,0,2.95,0,2.95
0.2,10.5,0.00,0.00,0,2.95,0,27.52,0,2.95,0,2.95
0.4,10.5,0.00,0.00,0,2.95,0,27.52,0,2.95,0,2.95
0.4,10.5,0.00,0.00,0,2.95,0,27.52,0,2.95,0,2.95
0.0,10.5,0.00,0.00,0,2.95,0,27.52,0,2.95,0,2.95
0.4,10.5,0.00,0.00,0,2.95,0,27.52,0,2.95,0,2.95
0.2,10.5,0.00,0.00,0,2.95,0,27.52,0,2.95,0,2.95
0.2,10.5,0.00,0.00,0,2.95,0,27.52,0,2.95,0,2.95
1.3,10.5,0.00,0.00,0,2.95,0,27.52,0,2.95,0,2.95
0.4,10.5,0.00,0.00,0,2.95,0,27.52,0,2.95,0,2.95
0.2,10.5,0.00,0.00,0,2.95,0,27.52,0,2.95,0,2.95
0.2,10.5,0.00,0.00,0,2.95,0,27.52,0,2.95,0,2.95
0.0,10.5,0.00,0.00,0,2.95,0,27.52,0,2.95,0,2.95
0.4,10.5,0.00,0.00,0,2.95,0,27.52,0,2.95,0,2.95
0.2,10.5,0.00,0.00,0,2.95,0,27.52,0,2.95,0,2.95
0.2,10.5,0.00,0.00,0,2.95,0,27.52,0,2.95,0,2.95
0.6,10.5,0.00,0.00,0,2.95,0,27.52,0,2.95,0,2.95
0.0,10.5,0.00,0.00,0,2.95,0,27.52,0,2.95,0,2.95
0.4,10.5,0.00,0.00,0,2.95,0,27.52,0,2.95,0,2.95
1.2,10.5,0.00,0.00,0,2.95,0,27.52,0,2.95,0,2.95
0.0,10.5,0.00,0.00,0,2.95,0,27.52,0,2.95,0,2.95
0.4,10.5,0.00,0.00,0,2.95,0,27.52,0,2.95,0,2.95
0.0,10.5,0.00,0.00,0,2.95,0,27.52,0,2.95,0,2.95
0.2,10.5,0.00,0.00,0,2.95,0,27.52,0,2.95,0,2.95
0.4,10.5,0.00,0.00,0,2.95,0,27.52,0,2.95,0,2.95
0.0,10.5,0.00,0.00,0,2.95,0,27.52,0,2.95,0,2.95
0.0,10.5,0.00,0.00,0,2.95,0,27.52,0,2.95,0,2.95
0.2,10.5,0.00,0.00,0,2.95,0,27.52,0,2.95,0,2.95
0.2,10.5,0.00,0.00,0,2.95,0,27.52,0,2.95,0,2.95
1.7,10.5,0.00,0.00,0,2.95,0,27.52,0,2.95,0,2.95
0.8,10.5,0.00,0.00,0,2.95,0,27.52,0,2.95,0,2.95
0.2,10.5,0.00,0.00,0,2.95,0,27.52,0,2.95,0,2.95
0.4,10.5,0.00,0.00,0,2.95,0,27.52,0,2.95,0,2.95
0.4,10.5,0.00,0.00,0,2.95,0,27.52,0,2.95,0,2.95
0.2,10.5,0.00,0.00,0,2.95,0,27.52,0,2.95,0,2.95
0.4,10.5,0.00,0.00,0,2.95,0,27.52,0,2.95,0,2.95
0.4,10.5,0.00,0.00,0,2.95,0,27.52,0,2.95,0,2.95
0.2,10.5,0.00,0.00,0,2.95,0,27.52,0,2.95,0,2.95
0.0,10.5,0.00,0.00,0,2.95,0,27.52,0,2.95,0,2.95
0.6,10.5,0.00,0.00,0,2.95,0,27.52,0,2.95,0,2.95
1.5,10.5,0.00,0.00,0,2.95,0,27.52,0,2.95,0,2.95
0.4,10.5,0.00,0.00,0,2.95,0,27.52,0,2.95,0,2.95
0.2,10.5,0.00,0.00,0,2.95,0,27.52,0,2.95,0,2.95
0.0,10.5,0.00,0.00,0,2.95,0,27.52,0,2.95,0,2.95
0.6,10.5,0.00,0.00,0,2.95,0,27.52,0,2.95,0,2.95
0.2,10.5,0.00,0.00,0,2.95,0,27.52,0,2.95,0,2.95
0.2,10.5,0.00,0.00,0,2.95,0,27.52,0,2.95,0,2.95
0.0,10.5,0.00,0.00,0,2.95,0,27.52,0,2.95,0,2.95
0.0,10.5,0.00,0.00,0,2.95,0,27.52,0,2.95,0,2.95
0.6,10.5,0.00,0.00,0,2.95,0,27.52,0,2.95,0,2.95
2.1,10.5,0.00,0.00,0,2.95,0,27.52,0,2.95,0,2.95
0.4,10.5,0.00,0.00,0,2.95,0,27.52,0,2.95,0,2.95
0.4,10.5,0.00,0.00,0,2.95,0,27.52,0,2.95,0,2.95
0.2,10.5,0.00,0.00,0,2.95,0,27.52,0,2.95,0,2.95
0.4,10.5,0.00,0.00,0,2.95,0,27.52,0,2.95,0,2.95
0.2,10.5,0.00,0.00,0,2.95,0,27.52,0,2.95,0,2.95
0.2,10.5,0.00,0.00,0,2.95,0,27.52,0,2.95,0,2.95
0.4,10.5,0.00,0.00,0,2.95,0,27.52,0,2.95,0,2.95
1.0,10.5,0.00,0.00,0,2.95,0,27.52,0,2.95,0,2.95
0.2,10.5,0.00,0.00,0,2.95,0,27.52,0,2.95,0,2.95
0.4,10.5,0.00,0.00,0,2.95,0,27.52,0,2.95,0,2.95
1.5,10.5,0.00,0.00,0,2.95,0,27.52,0,2.95,0,2.95
0.2,10.5,0.00,0.00,0,2.95,0,27.52,0,2.95,0,2.95
0.4,10.5,0.00,0.00,0,2.95,0,27.52,0,2.95,0,2.95
0.0,10.5,0.00,0.00,0,2.95,0,27.52,0,2.95,0,2.95
0.4,10.5,0.00,0.00,0,2.95,0,27.52,0,2.95,0,2.95
0.2,10.5,0.00,0.00,0,2.95,0,27.52,0,2.95,0,2.95
0.4,10.5,0.00,0.00,0,2.95,0,27.52,0,2.95,0,2.95
0.0,10.5,0.00,0.00,0,2.95,0,27.52,0,2.95,0,2.95
0.2,10.5,0.00,0.00,0,2.95,0,27.52,0,2.95,0,2.95
0.4,10.5,0.00,0.00,0,2.95,0,27.52,0,2.95,0,2.95
1.0,10.5,0.00,0.00,0,2.95,0,27.52,0,2.95,0,2.95
0.6,10.5,0.00,0.00,0,2.95,0,27.52,0,2.95,0,2.95
0.2,10.5,0.00,0.00,0,2.95,0,27.52,0,2.95,0,2.95
0.4,10.5,0.00,0.00,0,2.95,0,27.52,0,2.95,0,2.95
0.2,10.5,0.00,0.00,0,2.95,0,27.52,0,2.95,0,2.95
0.2,10.5,0.00,0.00,0,2.95,0,27.52,0,2.95,0,2.95
0.0,10.5,0.00,0.00,0,2.95,0,27.52,0,2.95,0,2.95
0.4,10.5,0.00,0.00,0,2.95,0,27.52,0,2.95,0,2.95
0.2,10.5,0.00,0.00,0,2.95,0,27.52,0,2.95,0,2.95
0.2,10.5,0.00,0.00,0,2.95,0,27.52,0,2.95,0,2.95
0.2,10.5,0.00,0.00,0,2.95,0,27.52,0,2.95,0,2.95
2.1,10.5,0.00,0.00,0,2.95,0,27.52,0,2.95,0,2.95
0.6,10.5,0.00,0.00,0,2.95,0,27.52,0,2.95,0,2.95
0.0,10.5,0.00,0.00,0,2.95,0,27.52,0,2.95,0,2.95
0.6,10.5,0.00,0.00,0,2.95,0,27.52,0,2.95,0,2.95
0.2,10.5,0.00,0.00,0,2.95,0,27.52,0,2.95,0,2.95
0.4,10.5,0.00,0.00,0,2.95,0,27.52,0,2.95,0,2.95
0.2,10.5,0.00,0.00,0,2.95,0,27.52,0,2.95,0,2.95
0.2,10.5,0.00,0.00,0,2.95,0,27.52,0,2.95,0,2.95
0.2,10.5,0.00,0.00,0,2.95,0,27.52,0,2.95,0,2.95
0.4,10.5,0.00,0.00,0,2.95,0,27.52,0,2.95,0,2.95
0.8,10.5,0.00,0.00,0,2.95,0,27.52,0,2.95,0,2.95
0.0,10.5,0.00,0.00,0,2.95,0,27.52,0,2.95,0,2.95
0.2,10.5,0.00,0.00,0,2.95,0,27.52,0,2.95,0,2.95
0.4,10.5,0.00,0.00,0,2.95,0,27.52,0,2.95,0,2.95
0.2,10.5,0.00,0.00,0,2.95,0,27.52,0,2.95,0,2.95
0.0,10.5,0.00,0.00,0,2.95,0,27.52,0,2.95,0,2.95
0.2,10.5,0.00,0.00,0,2.95,0,27.52,0,2.95,0,2.95
0.0,10.5,0.00,0.00,0,2.95,0,27.52,0,2.95,0,2.95
0.4,10.5,0.00,0.00,0,2.95,0,27.52,0,2.95,0,2.95
0.4,10.5,0.00,0.00,0,2.95,0,27.52,0,2.95,0,2.95
0.2,10.5,0.00,0.00,0,2.95,0,27.52,0,2.95,0,2.95
2.7,10.5,0.00,0.00,0,2.95,0,27.52,0,2.95,0,2.95
0.4,10.5,0.00,0.00,0,2.95,0,27.52,0,2.95,0,2.95
0.0,10.5,0.00,0.00,0,2.95,0,27.52,0,2.95,0,2.95
0.4,10.5,0.00,0.00,0,2.95,0,27.52,0,2.95,0,2.95
0.8,10.5,0.00,0.00,0,2.95,0,27.52,0,2.95,0,2.95
0.0,10.5,0.00,0.00,0,2.95,0,27.52,0,2.95,0,2.95
0.4,10.5,0.00,0.00,0,2.95,0,27.52,0,2.95,0,2.95
0.2,10.5,0.00,0.00,0,2.95,0,27.52,0,2.95,0,2.95
0.2,10.5,0.00,0.00,0,2.95,0,27.52,0,2.95,0,2.95
0.6,10.5,0.00,0.00,0,2.95,0,27.52,0,2.95,0,2.95
0.2,10.5,0.00,0.00,0,2.95,0,27.52,0,2.95,0,2.95
1.0,10.5,0.00,0.00,0,2.95,0,27.52,0,2.95,0,2.95
0.2,10.5,0.00,0.00,0,2.95,0,27.52,0,2.95,0,2.95
0.0,10.5,0.00,0.00,0,2.95,0,27.52,0,2.95,0,2.95
0.8,10.5,0.00,0.00,0,2.95,0,27.52,0,2.95,0,2.95
0.4,10.5,0.00,0.00,0,2.95,0,27.52,0,2.95,0,2.95
0.4,10.5,0.00,0.00,0,2.95,0,27.52,0,2.95,0,2.95
0.4,10.5,0.00,0.00,0,2.95,0,27.52,0,2.95,0,2.95
0.0,10.5,0.00,0.00,0,2.95,0,27.52,0,2.95,0,2.95
0.4,10.5,0.00,0.00,0,2.95,0,27.52,0,2.95,0,2.95
0.2,10.5,0.00,0.00,0,2.95,0,27.52,0,2.95,0,2.95
2.1,10.5,0.00,0.00,0,2.95,0,27.52,0,2.95,0,2.95
0.6,10.5,0.00,0.00,0,2.95,0,27.52,0,2.95,0,2.95
0.4,10.5,0.00,0.00,0,2.95,0,27.52,0,2.95,0,2.95
0.0,10.5,0.00,0.00,0,2.95,0,27.52,0,2.95,0,2.95
0.6,10.5,0.00,0.00,0,2.95,0,27.52,0,2.95,0,2.95
0.4,10.5,0.00,0.00,0,2.95,0,27.52,0,2.95,0,2.95
0.2,10.5,0.00,0.00,0,2.95,0,27.52,0,2.95,0,2.95
0.6,10.5,0.00,0.00,0,2.95,0,27.52,0,2.95,0,2.95
0.0,10.5,0.00,0.00,0,2.95,0,27.52,0,2.95,0,2.95
0.2,10.5,0.00,0.00,0,2.95,0,27.52,0,2.95,0,2.95
0.2,10.5,0.00,0.00,0,2.95,0,27.52,0,2.95,0,2.95
1.2,10.5,0.00,0.00,0,2.95,0,27.52,0,2.95,0,2.95
0.2,10.5,0.00,0.00,0,2.95,0,27.52,0,2.95,0,2.95
0.2,10.5,0.00,0.00,0,2.95,0,27.52,0,2.95,0,2.95
0.2,10.5,0.00,0.00,0,2.95,0,27.52,0,2.95,0,2.95
0.0,10.5,0.00,0.00,0,2.95,0,27.52,0,2.95,0,2.95
0.4,10.5,0.00,0.00,0,2.95,0,27.52,0,2.95,0,2.95
0.0,10.5,0.00,0.00,0,2.95,0,27.52,0,2.95,0,2.95
0.0,10.5,0.00,0.00,0,2.95,0,27.52,0,2.95,0,2.95
0.2,10.5,0.00,0.00,0,2.95,0,27.52,0,2.95,0,2.95
0.2,10.5,0.00,0.00,0,2.95,0,27.52,0,2.95,0,2.95
1.5,10.5,0.00,0.00,0,2.95,0,27.52,0,2.95,0,2.95
0.4,10.5,0.00,0.00,0,2.95,0,27.52,0,2.95,0,2.95
0.4,10.5,0.00,0.00,0,2.95,0,27.52,0,2.95,0,2.95
0.0,10.5,0.00,0.00,0,2.95,0,27.52,0,2.95,0,2.95
0.0,10.5,0.00,0.00,0,2.95,0,27.52,0,2.95,0,2.95
0.0,10.5,0.00,0.00,0,2.95,0,27.52,0,2.95,0,2.95
0.0,10.5,0.00,0.00,0,2.95,0,27.52,0,2.95,0,2.95
0.0,10.5,0.00,0.00,0,2.95,0,27.52,0,2.95,0,2.95
0.2,10.5,0.00,0.00,0,2.95,0,27.52,0,2.95,0,2.95
0.4,10.5,0.00,0.00,0,2.95,0,27.52,0,2.95,0,2.95
0.4,10.5,0.00,0.00,0,2.95,0,27.52,0,2.95,0,2.95
0.8,10.5,0.00,0.00,0,2.95,0,27.52,0,2.95,0,2.95
0.0,10.5,0.00,0.00,0,2.95,0,27.52,0,2.95,0,2.95
0.2,10.5,0.00,0.00,0,2.95,0,27.52,0,2.95,0,2.95
0.2,10.5,0.00,0.00,0,2.95,0,27.52,0,2.95,0,2.95
0.2,10.5,0.00,0.00,0,2.95,0,27.52,0,2.95,0,2.95
0.4,10.5,0.00,0.00,0,2.95,0,27.52,0,2.95,0,2.95
0.0,10.5,0.00,0.00,0,2.95,0,27.52,0,2.95,0,2.95
0.2,10.5,0.00,0.00,0,2.95,0,27.52,0,2.95,0,2.95
0.0,10.5,0.00,0.00,0,2.95,0,27.52,0,2.95,0,2.95
0.6,10.5,0.00,0.00,0,2.95,0,27.52,0,2.95,0,2.95
2.3,10.5,0.00,0.00,0,2.95,0,27.52,0,2.95,0,2.95
0.2,10.5,0.00,0.00,0,2.95,0,27.52,0,2.95,0,2.95
0.6,10.5,0.00,0.00,0,2.95,0,27.52,0,2.95,0,2.95
0.2,10.5,0.00,0.00,0,2.95,0,27.52,0,2.95,0,2.95
0.4,10.5,0.00,0.00,0,2.95,0,27.52,0,2.95,0,2.95
0.4,10.5,0.00,0.00,0,2.95,0,27.52,0,2.95,0,2.95
0.2,10.5,0.00,0.00,0,2.95,0,27.52,0,2.95,0,2.95
0.4,10.5,0.00,0.00,0,2.95,0,27.52,0,2.95,0,2.95
0.4,10.5,0.00,0.00,0,2.95,0,27.52,0,2.95,0,2.95
0.8,10.5,0.00,0.00,0,2.95,0,27.52,0,2.95,0,2.95
0.4,10.5,0.00,0.00,0,2.95,0,27.52,0,2.95,0,2.95
0.6,10.5,0.00,0.00,0,2.95,0,27.52,0,2.95,0,2.95
0.2,10.5,0.00,0.00,0,2.95,0,27.52,0,2.95,0,2.95
0.4,10.5,0.00,0.00,0,2.95,0,27.52,0,2.95,0,2.95
0.2,10.5,0.00,0.00,0,2.95,0,27.52,0,2.95,0,2.95
0.0,10.5,0.00,0.00,0,2.95,0,27.52,0,2.95,0,2.95
0.4,10.5,0.00,0.00,0,2.95,0,27.52,0,2.95,0,2.95
0.0,10.5,0.00,0.00,0,2.95,0,27.52,0,2.95,0,2.95
0.4,10.5,0.00,0.00,0,2.95,0,27.52,0,2.95,0,2.95
0.2,10.5,0.00,0.00,0,2.95,0,27.52,0,2.95,0,2.95
0.2,10.5,0.00,0.00,0,2.95,0,27.52,0,2.95,0,2.95
1.9,10.5,0.00,0.00,0,2.95,0,27.52,0,2.95,0,2.95
0.2,10.5,0.00,0.00,0,2.95,0,27.52,0,2.95,0,2.95
0.6,10.5,0.00,0.00,0,2.95,0,27.52,0,2.95,0,2.95
0.0,10.5,0.00,0.00,0,2.95,0,27.52,0,2.95,0,2.95
0.0,10.5,0.00,0.00,0,2.95,0,27.52,0,2.95,0,2.95
0.4,10.5,0.00,0.00,0,2.95,0,27.52,0,2.95,0,2.95
0.4,10.5,0.00,0.00,0,2.95,0,27.52,0,2.95,0,2.95
0.2,10.5,0.00,0.00,0,2.95,0,27.52,0,2.95,0,2.95
0.2,10.5,0.00,0.00,0,2.95,0,27.52,0,2.95,0,2.95
0.2,10.5,0.00,0.00,0,2.95,0,27.52,0,2.95,0,2.95
0.4,10.5,0.00,0.00,0,2.95,0,27.52,0,2.95,0,2.95
0.6,10.5,0.00,0.00,0,2.95,0,27.52,0,2.95,0,2.95
0.2,10.5,0.00,0.00,0,2.95,0,27.52,0,2.95,0,2.95
0.0,10.5,0.00,0.00,0,2.95,0,27.52,0,2.95,0,2.95
0.2,10.5,0.00,0.00,0,2.95,0,27.52,0,2.95,0,2.95
0.2,10.5,0.00,0.00,0,2.95,0,27.52,0,2.95,0,2.95
0.6,10.5,0.00,0.00,0,2.95,0,27.52,0,2.95,0,2.95
0.2,10.5,0.00,0.00,0,2.95,0,27.52,0,2.95,0,2.95
0.0,10.5,0.00,0.00,0,2.95,0,27.52,0,2.95,0,2.95
0.2,10.5,0.00,0.00,0,2.95,0,27.52,0,2.95,0,2.95
0.4,10.5,0.00,0.00,0,2.95,0,27.52,0,2.95,0,2.95
1.5,10.5,0.00,0.00,0,2.95,0,27.52,0,2.95,0,2.95
0.4,10.5,0.00,0.00,0,2.95,0,27.52,0,2.95,0,2.95
0.6,10.5,0.00,0.00,0,2.95,0,27.52,0,2.95,0,2.95
0.6,10.5,0.00,0.00,0,2.95,0,27.52,0,2.95,0,2.95
0.2,10.5,0.00,0.00,0,2.95,0,27.52,0,2.95,0,2.95
0.2,10.5,0.00,0.00,0,2.95,0,27.52,0,2.95,0,2.95
0.0,10.5,0.00,0.00,0,2.95,0,27.52,0,2.95,0,2.95
0.2,10.5,0.00,0.00,0,2.95,0,27.52,0,2.95,0,2.95
0.2,10.5,0.00,0.00,0,2.95,0,27.52,0,2.95,0,2.95
0.2,10.5,0.00,0.00,0,2.95,0,27.52,0,2.95,0,2.95
0.4,10.5,0.00,0.00,0,2.95,0,27.52,0,2.95,0,2.95
1.5,10.5,0.00,0.00,0,2.95,0,27.52,0,2.95,0,2.95
0.2,10.5,0.00,0.00,0,2.95,0,27.52,0,2.95,0,2.95
0.2,10.5,0.00,0.00,0,2.95,0,27.52,0,2.95,0,2.95
0.0,10.5,0.00,0.00,0,2.95,0,27.52,0,2.95,0,2.95
0.6,10.5,0.00,0.00,0,2.95,0,27.52,0,2.95,0,2.95
0.6,10.5,0.00,0.00,0,2.95,0,27.52,0,2.95,0,2.95
0.2,10.5,0.00,0.00,0,2.95,0,27.52,0,2.95,0,2.95
0.2,10.5,0.00,0.00,0,2.95,0,27.52,0,2.95,0,2.95
0.2,10.5,0.00,0.00,0,2.95,0,27.52,0,2.95,0,2.95
0.0,10.5,0.00,0.00,0,2.95,0,27.52,0,2.95,0,2.95
1.2,10.5,0.00,0.00,0,2.95,0,27.52,0,2.95,0,2.95
0.4,10.5,0.00,0.00,0,2.95,0,27.52,0,2.95,0,2.95
0.4,10.5,0.00,0.00,0,2.95,0,27.52,0,2.95,0,2.95
0.0,10.5,0.00,0.00,0,2.95,0,27.52,0,2.95,0,2.95
0.4,10.5,0.00,0.00,0,2.95,0,27.52,0,2.95,0,2.95
0.4,10.5,0.00,0.00,0,2.95,0,27.52,0,2.95,0,2.95
0.4,10.5,0.00,0.00,0,2.95,0,27.52,0,2.95,0,2.95
0.2,10.5,0.00,0.00,0,2.95,0,27.52,0,2.95,0,2.95
0.0,10.5,0.00,0.00,0,2.95,0,27.52,0,2.95,0,2.95
1.0,10.5,0.00,0.00,0,2.95,0,27.52,0,2.95,0,2.95
0.2,10.5,0.00,0.00,0,2.95,0,27.52,0,2.95,0,2.95
1.0,10.5,0.00,0.00,0,2.95,0,27.52,0,2.95,0,2.95
0.6,10.5,0.00,0.00,0,2.95,0,27.52,0,2.95,0,2.95
0.2,10.5,0.00,0.00,0,2.95,0,27.52,0,2.95,0,2.95
0.0,10.5,0.00,0.00,0,2.95,0,27.52,0,2.95,0,2.95
0.2,10.5,0.00,0.00,0,2.95,0,27.52,0,2.95,0,2.95
0.4,10.5,0.00,0.00,0,2.95,0,27.52,0,2.95,0,2.95
0.2,10.5,0.00,0.00,0,2.95,0,27.52,0,2.95,0,2.95
0.2,10.5,0.00,0.00,0,2.95,0,27.52,0,2.95,0,2.95
0.0,10.5,0.00,0.00,0,2.95,0,27.52,0,2.95,0,2.95
0.0,10.5,0.00,0.00,0,2.95,0,27.52,0,2.95,0,2.95
2.3,10.5,0.00,0.00,0,2.95,0,27.52,0,2.95,0,2.95
0.6,10.5,0.00,0.00,0,2.95,0,27.52,0,2.95,0,2.95
0.2,10.5,0.00,0.00,0,2.95,0,27.52,0,2.95,0,2.95
0.2,10.5,0.00,0.00,0,2.95,0,27.52,0,2.95,0,2.95
0.2,10.5,0.00,0.00,0,2.95,0,27.52,0,2.95,0,2.95
0.2,10.5,0.00,0.00,0,2.95,0,27.52,0,2.95,0,2.95
0.0,10.5,0.00,0.00,0,2.95,0,27.52,0,2.95,0,2.95
0.4,10.5,0.00,0.00,0,2.95,0,27.52,0,2.95,0,2.95
0.6,10.5,0.00,0.00,0,2.95,0,27.52,0,2.95,0,2.95
0.4,10.5,0.00,0.00,0,2.95,0,27.52,0,2.95,0,2.95
0.6,10.5,0.00,0.00,0,2.95,0,27.52,0,2.95,0,2.95
1.0,10.5,0.00,0.00,0,2.95,0,27.52,0,2.95,0,2.95
0.2,10.5,0.00,0.00,0,2.95,0,27.52,0,2.95,0,2.95
0.4,10.5,0.00,0.00,0,2.95,0,27.52,0,2.95,0,2.95
0.6,10.5,0.00,0.00,0,2.95,0,27.52,0,2.95,0,2.95
0.0,10.5,0.00,0.00,0,2.95,0,27.52,0,2.95,0,2.95
0.4,10.5,0.00,0.00,0,2.95,0,27.52,0,2.95,0,2.95
0.2,10.5,0.00,0.00,0,2.95,0,27.52,0,2.95,0,2.95
0.4,10.5,0.00,0.00,0,2.95,0,27.52,0,2.95,0,2.95
0.2,10.5,0.00,0.00,0,2.95,0,27.52,0,2.95,0,2.95
0.6,10.5,0.00,0.00,0,2.95,0,27.52,0,2.95,0,2.95
1.9,10.5,0.00,0.00,0,2.95,0,27.52,0,2.95,0,2.95
0.2,10.5,0.00,0.00,0,2.95,0,27.52,0,2.95,0,2.95
0.4,10.5,0.00,0.00,0,2.95,0,27.52,0,2.95,0,2.95
0.4,10.5,0.00,0.00,0,2.95,0,27.52,0,2.95,0,2.95
0.4,10.5,0.00,0.00,0,2.95,0,27.52,0,2.95,0,2.95
0.4,10.5,0.00,0.00,0,2.95,0,27.52,0,2.95,0,2.95
0.6,10.5,0.00,0.00,0,2.95,0,27.52,0,2.95,0,2.95
0.0,10.5,0.00,0.00,0,2.95,0,27.52,0,2.95,0,2.95
0.0,10.5,0.00,0.00,0,2.95,0,27.52,0,2.95,0,2.95
0.8,10.5,0.00,0.00,0,2.95,0,27.52,0,2.95,0,2.95
0.2,10.5,0.00,0.00,0,2.95,0,27.52,0,2.95,0,2.95
1.0,10.5,0.00,0.00,0,2.95,0,27.52,0,2.95,0,2.95
0.4,10.5,0.00,0.00,0,2.95,0,27.52,0,2.95,0,2.95
0.0,10.5,0.00,0.00,0,2.95,0,27.52,0,2.95,0,2.95
0.2,10.5,0.00,0.00,0,2.95,0,27.52,0,2.95,0,2.95
0.2,10.5,0.00,0.00,0,2.95,0,27.52,0,2.95,0,2.95
0.4,10.5,0.00,0.00,0,2.95,0,27.52,0,2.95,0,2.95
0.6,10.5,0.00,0.00,0,2.95,0,27.52,0,2.95,0,2.95
0.2,10.5,0.00,0.00,0,2.95,0,27.52,0,2.95,0,2.95
0.0,10.5,0.00,0.00,0,2.95,0,27.52,0,2.95,0,2.95
0.2,10.5,0.00,0.00,0,2.95,0,27.52,0,2.95,0,2.95
2.3,10.5,0.00,0.00,0,2.95,0,27.52,0,2.95,0,2.95
0.6,10.5,0.00,0.00,0,2.95,0,27.52,0,2.95,0,2.95
0.8,10.5,0.00,0.00,0,2.95,0,27.52,0,2.95,0,2.95
0.4,10.5,0.00,0.00,0,2.95,0,27.52,0,2.95,0,2.95
0.8,10.5,0.00,0.00,0,2.95,0,27.52,0,2.95,0,2.95
0.4,10.5,0.00,0.00,0,2.95,0,27.52,0,2.95,0,2.95
0.2,10.5,0.00,0.00,0,2.95,0,27.52,0,2.95,0,2.95
0.2,10.5,0.00,0.00,0,2.95,0,27.52,0,2.95,0,2.95
0.6,10.5,0.00,0.00,0,2.95,0,27.52,0,2.95,0,2.95
0.6,10.5,0.00,0.00,0,2.95,0,27.52,0,2.95,0,2.95
0.2,10.5,0.00,0.00,0,2.95,0,27.52,0,2.95,0,2.95
0.8,10.5,0.00,0.00,0,2.95,0,27.52,0,2.95,0,2.95
0.4,10.5,0.00,0.00,0,2.95,0,27.52,0,2.95,0,2.95
0.6,10.5,0.00,0.00,0,2.95,0,27.52,0,2.95,0,2.95
0.4,10.5,0.00,0.00,0,2.95,0,27.52,0,2.95,0,2.95
0.2,10.5,0.00,0.00,0,2.95,0,27.52,0,2.95,0,2.95
0.4,10.5,0.00,0.00,0,2.95,0,27.52,0,2.95,0,2.95
0.4,10.5,0.00,0.00,0,2.95,0,27.52,0,2.95,0,2.95
0.2,10.5,0.00,0.00,0,2.95,0,27.52,0,2.95,0,2.95
0.4,10.5,0.00,0.00,0,2.95,0,27.52,0,2.95,0,2.95
0.2,10.5,0.00,0.00,0,2.95,0,27.52,0,2.95,0,2.95
2.1,10.5,0.00,0.00,0,2.95,0,27.52,0,2.95,0,2.95
0.6,10.5,0.00,0.00,0,2.95,0,27.52,0,2.95,0,2.95
0.0,10.5,0.00,0.00,0,2.95,0,27.52,0,2.95,0,2.95
0.0,10.5,0.00,0.00,0,2.95,0,27.52,0,2.95,0,2.95
0.6,10.5,0.00,0.00,0,2.95,0,27.52,0,2.95,0,2.95
0.4,10.5,0.00,0.00,0,2.95,0,27.52,0,2.95,0,2.95
0.6,10.5,0.00,0.00,0,2.95,0,27.52,0,2.95,0,2.95
0.2,10.5,0.00,0.00,0,2.95,0,27.52,0,2.95,0,2.95
0.2,10.5,0.00,0.00,0,2.95,0,27.52,0,2.95,0,2.95
0.2,10.5,0.00,0.00,0,2.95,0,27.52,0,2.95,0,2.95
1.0,10.5,0.00,0.00,0,2.95,0,27.52,0,2.95,0,2.95
0.0,10.5,0.00,0.00,0,2.95,0,27.52,0,2.95,0,2.95
0.4,10.5,0.00,0.00,0,2.95,0,27.52,0,2.95,0,2.95
0.4,10.5,0.00,0.00,0,2.95,0,27.52,0,2.95,0,2.95
0.2,10.5,0.00,0.00,0,2.95,0,27.52,0,2.95,0,2.95
0.2,10.5,0.00,0.00,0,2.95,0,27.52,0,2.95,0,2.95
0.2,10.5,0.00,0.00,0,2.95,0,27.52,0,2.95,0,2.95
0.0,10.5,0.00,0.00,0,2.95,0,27.52,0,2.95,0,2.95
0.4,10.5,0.00,0.00,0,2.95,0,27.52,0,2.95,0,2.95
0.2,10.5,0.00,0.00,0,2.95,0,27.52,0,2.95,0,2.95
0.4,10.5,0.00,0.00,0,2.95,0,27.52,0,2.95,0,2.95
1.2,10.5,0.00,0.00,0,2.95,0,27.52,0,2.95,0,2.95
0.2,10.5,0.00,0.00,0,2.95,0,27.52,0,2.95,0,2.95
0.2,10.5,0.00,0.00,0,2.95,0,27.52,0,2.95,0,2.95
0.2,10.5,0.00,0.00,0,2.95,0,27.52,0,2.95,0,2.95
0.2,10.5,0.00,0.00,0,2.95,0,27.52,0,2.95,0,2.95
0.2,10.5,0.00,0.00,0,2.95,0,27.52,0,2.95,0,2.95
0.4,10.5,0.00,0.00,0,2.95,0,27.52,0,2.95,0,2.95
0.4,10.5,0.00,0.00,0,2.95,0,27.52,0,2.95,0,2.95
0.2,10.5,0.00,0.00,0,2.95,0,27.52,0,2.95,0,2.95
0.0,10.5,0.00,0.00,0,2.95,0,27.52,0,2.95,0,2.95
1.7,10.5,0.00,0.00,0,2.95,0,27.52,0,2.95,0,2.95
0.2,10.5,0.00,0.00,0,2.95,0,27.52,0,2.95,0,2.95
0.2,10.5,0.00,0.00,0,2.95,0,27.52,0,2.95,0,2.95
0.4,10.5,0.00,0.00,0,2.95,0,27.52,0,2.95,0,2.95
0.4,10.5,0.00,0.00,0,2.95,0,27.52,0,2.95,0,2.95
0.4,10.5,0.00,0.00,0,2.95,0,27.52,0,2.95,0,2.95
0.0,10.5,0.00,0.00,0,2.95,0,27.52,0,2.95,0,2.95
0.2,10.5,0.00,0.00,0,2.95,0,27.52,0,2.95,0,2.95
0.4,10.5,0.00,0.00,0,2.95,0,27.52,0,2.95,0,2.95
0.0,10.5,0.00,0.00,0,2.95,0,27.52,0,2.95,0,2.95
0.2,10.5,0.00,0.00,0,2.95,0,27.52,0,2.95,0,2.95
1.0,10.5,0.00,0.00,0,2.95,0,27.52,0,2.95,0,2.95
0.4,10.5,0.00,0.00,0,2.95,0,27.52,0,2.95,0,2.95
0.0,10.5,0.00,0.00,0,2.95,0,27.52,0,2.95,0,2.95
0.0,10.5,0.00,0.00,0,2.95,0,27.52,0,2.95,0,2.95
0.4,10.5,0.00,0.00,0,2.95,0,27.52,0,2.95,0,2.95
0.0,10.5,0.00,0.00,0,2.95,0,27.52,0,2.95,0,2.95
0.4,10.5,0.00,0.00,0,2.95,0,27.52,0,2.95,0,2.95
0.4,10.5,0.00,0.00,0,2.95,0,27.52,0,2.95,0,2.95
0.2,10.5,0.00,0.00,0,2.95,0,27.52,0,2.95,0,2.95
0.6,10.5,0.00,0.00,0,2.95,0,27.52,0,2.95,0,2.95
1.7,10.5,0.00,0.00,0,2.95,0,27.52,0,2.95,0,2.95
1.0,10.5,0.00,0.00,0,2.95,0,27.52,0,2.95,0,2.95
0.2,10.5,0.00,0.00,0,2.95,0,27.52,0,2.95,0,2.95
0.4,10.5,0.00,0.00,0,2.95,0,27.52,0,2.95,0,2.95
0.0,10.5,0.00,0.00,0,2.95,0,27.52,0,2.95,0,2.95
0.4,10.5,0.00,0.00,0,2.95,0,27.52,0,2.95,0,2.95
0.6,10.5,0.00,0.00,0,2.95,0,27.52,0,2.95,0,2.95
0.2,10.5,0.00,0.00,0,2.95,0,27.52,0,2.95,0,2.95
0.6,10.5,0.00,0.00,0,2.95,0,27.52,0,2.95,0,2.95
0.6,10.5,0.00,0.00,0,2.95,0,27.52,0,2.95,0,2.95
0.4,10.5,0.00,0.00,0,2.95,0,27.52,0,2.95,0,2.95
1.9,10.5,0.00,0.00,0,2.95,0,27.52,0,2.95,0,2.95
0.6,10.5,0.00,0.00,0,2.95,0,27.52,0,2.95,0,2.95
0.2,10.5,0.00,0.00,0,2.95,0,27.52,0,2.95,0,2.95
0.0,10.5,0.00,0.00,0,2.95,0,27.52,0,2.95,0,2.95
0.6,10.5,0.00,0.00,0,2.95,0,27.52,0,2.95,0,2.95
0.4,10.5,0.00,0.00,0,2.95,0,27.52,0,2.95,0,2.95
0.4,10.5,0.00,0.00,0,2.95,0,27.52,0,2.95,0,2.95
0.4,10.5,0.00,0.00,0,2.95,0,27.52,0,2.95,0,2.95
0.2,10.5,0.00,0.00,0,2.95,0,27.52,0,2.95,0,2.95
0.4,10.5,0.00,0.00,0,2.95,0,27.52,0,2.95,0,2.95
1.5,10.5,0.00,0.00,0,2.95,0,27.52,0,2.95,0,2.95
0.6,10.5,0.00,0.00,0,2.95,0,27.52,0,2.95,0,2.95
0.0,10.5,0.00,0.00,0,2.95,0,27.52,0,2.95,0,2.95
0.6,10.5,0.00,0.00,0,2.95,0,27.52,0,2.95,0,2.95
0.2,10.5,0.00,0.00,0,2.95,0,27.52,0,2.95,0,2.95
0.0,10.5,0.00,0.00,0,2.95,0,27.52,0,2.95,0,2.95
0.0,10.5,0.00,0.00,0,2.95,0,27.52,0,2.95,0,2.95
0.0,10.5,0.00,0.00,0,2.95,0,27.52,0,2.95,0,2.95
0.2,10.5,0.00,0.00,0,2.95,0,27.52,0,2.95,0,2.95
0.4,10.5,0.00,0.00,0,2.95,0,27.52,0,2.95,0,2.95
0.0,10.5,0.00,0.00,0,2.95,0,27.52,0,2.95,0,2.95
1.5,10.5,0.00,0.00,0,2.95,0,27.52,0,2.95,0,2.95
0.4,10.5,0.00,0.00,0,2.95,0,27.52,0,2.95,0,2.95
0.2,10.5,0.00,0.00,0,2.95,0,27.52,0,2.95,0,2.95
0.2,10.5,0.00,0.00,0,2.95,0,27.52,0,2.95,0,2.95
0.4,10.5,0.00,0.00,0,2.95,0,27.52,0,2.95,0,2.95
0.4,10.5,0.00,0.00,0,2.95,0,27.52,0,2.95,0,2.95
0.6,10.5,0.00,0.00,0,2.95,0,27.52,0,2.95,0,2.95
0.4,10.5,0.00,0.00,0,2.95,0,27.52,0,2.95,0,2.95
0.4,10.5,0.00,0.00,0,2.95,0,27.52,0,2.95,0,2.95
0.2,10.5,0.00,0.00,0,2.95,0,27.52,0,2.95,0,2.95
1.5,10.5,0.00,0.00,0,2.95,0,27.52,0,2.95,0,2.95
0.2,10.5,0.00,0.00,0,2.95,0,27.52,0,2.95,0,2.95
0.2,10.5,0.00,0.00,0,2.95,0,27.52,0,2.95,0,2.95
0.2,10.5,0.00,0.00,0,2.95,0,27.52,0,2.95,0,2.95
0.4,10.5,0.00,0.00,0,2.95,0,27.52,0,2.95,0,2.95
0.2,10.5,0.00,0.00,0,2.95,0,27.52,0,2.95,0,2.95
0.0,10.5,0.00,0.00,0,2.95,0,27.52,0,2.95,0,2.95
0.4,10.5,0.00,0.00,0,2.95,0,27.52,0,2.95,0,2.95
0.2,10.5,0.00,0.00,0,2.95,0,27.52,0,2.95,0,2.95
0.2,10.5,0.00,0.00,0,2.95,0,27.52,0,2.95,0,2.95
0.2,10.5,0.00,0.00,0,2.95,0,27.52,0,2.95,0,2.95
1.9,10.5,0.00,0.00,0,2.95,0,27.52,0,2.95,0,2.95
0.4,10.5,0.00,0.00,0,2.95,0,27.52,0,2.95,0,2.95
0.4,10.5,0.00,0.00,0,2.95,0,27.52,0,2.95,0,2.95
0.2,10.5,0.00,0.00,0,2.95,0,27.52,0,2.95,0,2.95
0.6,10.5,0.00,0.00,0,2.95,0,27.52,0,2.95,0,2.95
0.0,10.5,0.00,0.00,0,2.95,0,27.52,0,2.95,0,2.95
0.2,10.5,0.00,0.00,0,2.95,0,27.52,0,2.95,0,2.95
0.2,10.5,0.00,0.00,0,2.95,0,27.52,0,2.95,0,2.95
0.4,10.5,0.00,0.00,0,2.95,0,27.52,0,2.95,0,2.95
0.4,10.5,0.00,0.00,0,2.95,0,27.52,0,2.95,0,2.95
1.3,10.5,0.00,0.00,0,2.95,0,27.52,0,2.95,0,2.95
0.6,10.5,0.00,0.00,0,2.95,0,27.52,0,2.95,0,2.95
0.2,10.5,0.00,0.00,0,2.95,0,27.52,0,2.95,0,2.95
0.6,10.5,0.00,0.00,0,2.95,0,27.52,0,2.95,0,2.95
0.2,10.5,0.00,0.00,0,2.95,0,27.52,0,2.95,0,2.95
0.2,10.5,0.00,0.00,0,2.95,0,27.52,0,2.95,0,2.95
0.2,10.5,0.00,0.00,0,2.95,0,27.52,0,2.95,0,2.95
0.4,10.5,0.00,0.00,0,2.95,0,27.52,0,2.95,0,2.95
0.2,10.5,0.00,0.00,0,2.95,0,27.52,0,2.95,0,2.95
0.6,10.5,0.00,0.00,0,2.95,0,27.52,0,2.95,0,2.95
0.4,10.5,0.00,0.00,0,2.95,0,27.52,0,2.95,0,2.95
1.7,10.5,0.00,0.00,0,2.95,0,27.52,0,2.95,0,2.95
0.4,10.5,0.00,0.00,0,2.95,0,27.52,0,2.95,0,2.95
0.4,10.5,0.00,0.00,0,2.95,0,27.52,0,2.95,0,2.95
0.4,10.5,0.00,0.00,0,2.95,0,27.52,0,2.95,0,2.95
0.2,10.5,0.00,0.00,0,2.95,0,27.52,0,2.95,0,2.95
0.0,10.5,0.00,0.00,0,2.95,0,27.52,0,2.95,0,2.95
0.8,10.5,0.00,0.00,0,2.95,0,27.52,0,2.95,0,2.95
0.4,10.5,0.00,0.00,0,2.95,0,27.52,0,2.95,0,2.95
0.4,10.5,0.00,0.00,0,2.95,0,27.52,0,2.95,0,2.95
0.0,10.5,0.00,0.00,0,2.95,0,27.52,0,2.95,0,2.95
1.4,10.5,0.00,0.00,0,2.95,0,27.52,0,2.95,0,2.95
0.2,10.5,0.00,0.00,0,2.95,0,27.52,0,2.95,0,2.95
0.4,10.5,0.00,0.00,0,2.95,0,27.52,0,2.95,0,2.95
0.6,10.5,0.00,0.00,0,2.95,0,27.52,0,2.95,0,2.95
0.2,10.5,0.00,0.00,0,2.95,0,27.52,0,2.95,0,2.95
0.6,10.5,0.00,0.00,0,2.95,0,27.52,0,2.95,0,2.95
0.0,10.5,0.00,0.00,0,2.95,0,27.52,0,2.95,0,2.95
0.4,10.5,0.00,0.00,0,2.95,0,27.52,0,2.95,0,2.95
0.2,10.5,0.00,0.00,0,2.95,0,27.52,0,2.95,0,2.95
0.0,10.5,0.00,0.00,0,2.95,0,27.52,0,2.95,0,2.95
0.6,10.5,0.00,0.00,0,2.95,0,27.52,0,2.95,0,2.95
1.7,10.5,0.00,0.00,0,2.95,0,27.52,0,2.95,0,2.95
0.4,10.5,0.00,0.00,0,2.95,0,27.52,0,2.95,0,2.95
0.2,10.5,0.00,0.00,0,2.95,0,27.52,0,2.95,0,2.95
0.2,10.5,0.00,0.00,0,2.95,0,27.52,0,2.95,0,2.95
0.2,10.5,0.00,0.00,0,2.95,0,27.52,0,2.95,0,2.95
0.4,10.5,0.00,0.00,0,2.95,0,27.52,0,2.95,0,2.95
0.4,10.5,0.00,0.00,0,2.95,0,27.52,0,2.95,0,2.95
0.2,10.5,0.00,0.00,0,2.95,0,27.52,0,2.95,0,2.95
0.2,10.5,0.00,0.00,0,2.95,0,27.52,0,2.95,0,2.95
0.6,10.5,0.00,0.00,0,2.95,0,27.52,0,2.95,0,2.95
0.6,10.5,0.00,0.00,0,2.95,0,27.52,0,2.95,0,2.95
0.4,10.5,0.00,0.00,0,2.95,0,27.52,0,2.95,0,2.95
0.2,10.5,0.00,0.00,0,2.95,0,27.52,0,2.95,0,2.95
0.4,10.5,0.00,0.00,0,2.95,0,27.52,0,2.95,0,2.95
0.2,10.5,0.00,0.00,0,2.95,0,27.52,0,2.95,0,2.95
0.4,10.5,0.00,0.00,0,2.95,0,27.52,0,2.95,0,2.95
0.4,10.5,0.00,0.00,0,2.95,0,27.52,0,2.95,0,2.95
0.4,10.5,0.00,0.00,0,2.95,0,27.52,0,2.95,0,2.95
0.0,10.5,0.00,0.00,0,2.95,0,27.52,0,2.95,0,2.95
0.4,10.5,0.00,0.00,0,2.95,0,27.52,0,2.95,0,2.95
0.4,10.5,0.00,0.00,0,2.95,0,27.52,0,2.95,0,2.95
1.7,10.5,0.00,0.00,0,2.95,0,27.52,0,2.95,0,2.95
0.6,10.5,0.00,0.00,0,2.95,0,27.52,0,2.95,0,2.95
0.2,10.5,0.00,0.00,0,2.95,0,27.52,0,2.95,0,2.95
0.2,10.5,0.00,0.00,0,2.95,0,27.52,0,2.95,0,2.95
0.0,10.5,0.00,0.00,0,2.95,0,27.52,0,2.95,0,2.95
0.0,10.5,0.00,0.00,0,2.95,0,27.52,0,2.95,0,2.95
0.2,10.5,0.00,0.00,0,2.95,0,27.52,0,2.95,0,2.95
0.2,10.5,0.00,0.00,0,2.95,0,27.52,0,2.95,0,2.95
0.4,10.5,0.00,0.00,0,2.95,0,27.52,0,2.95,0,2.95
0.4,10.5,0.00,0.00,0,2.95,0,27.52,0,2.95,0,2.95
0.8,10.5,0.00,0.00,0,2.95,0,27.52,0,2.95,0,2.95
0.4,10.5,0.00,0.00,0,2.95,0,27.52,0,2.95,0,2.95
0.4,10.5,0.00,0.00,0,2.95,0,27.52,0,2.95,0,2.95
0.2,10.5,0.00,0.00,0,2.95,0,27.52,0,2.95,0,2.95
0.0,10.5,0.00,0.00,0,2.95,0,27.52,0,2.95,0,2.95
0.6,10.5,0.00,0.00,0,2.95,0,27.52,0,2.95,0,2.95
0.2,10.5,0.00,0.00,0,2.95,0,27.52,0,2.95,0,2.95
0.4,10.5,0.00,0.00,0,2.95,0,27.52,0,2.95,0,2.95
0.4,10.5,0.00,0.00,0,2.95,0,27.52,0,2.95,0,2.95
0.2,10.5,0.00,0.00,0,2.95,0,27.52,0,2.95,0,2.95
0.2,10.5,0.00,0.00,0,2.95,0,27.52,0,2.95,0,2.95
2.1,10.5,0.00,0.00,0,2.95,0,27.52,0,2.95,0,2.95
0.6,10.5,0.00,0.00,0,2.95,0,27.52,0,2.95,0,2.95
0.2,10.5,0.00,0.00,0,2.95,0,27.52,0,2.95,0,2.95
0.4,10.5,0.00,0.00,0,2.95,0,27.52,0,2.95,0,2.95
0.0,10.5,0.00,0.00,0,2.95,0,27.52,0,2.95,0,2.95
0.2,10.5,0.00,0.00,0,2.95,0,27.52,0,2.95,0,2.95
0.0,10.5,0.00,0.00,0,2.95,0,27.52,0,2.95,0,2.95
0.2,10.5,0.00,0.00,0,2.95,0,27.52,0,2.95,0,2.95
0.4,10.5,0.00,0.00,0,2.95,0,27.52,0,2.95,0,2.95
0.0,10.5,0.00,0.00,0,2.95,0,27.52,0,2.95,0,2.95
1.2,10.5,0.00,0.00,0,2.95,0,27.52,0,2.95,0,2.95
0.4,10.5,0.00,0.00,0,2.95,0,27.52,0,2.95,0,2.95
0.2,10.5,0.00,0.00,0,2.95,0,27.52,0,2.95,0,2.95
0.2,10.5,0.00,0.00,0,2.95,0,27.52,0,2.95,0,2.95
0.0,10.5,0.00,0.00,0,2.95,0,27.52,0,2.95,0,2.95
0.4,10.5,0.00,0.00,0,2.95,0,27.52,0,2.95,0,2.95
0.4,10.5,0.00,0.00,0,2.95,0,27.52,0,2.95,0,2.95
0.2,10.5,0.00,0.00,0,2.95,0,27.52,0,2.95,0,2.95
0.2,10.5,0.00,0.00,0,2.95,0,27.52,0,2.95,0,2.95
0.4,10.5,0.00,0.00,0,2.95,0,27.52,0,2.95,0,2.95
0.2,10.5,0.00,0.00,0,2.95,0,27.52,0,2.95,0,2.95
2.1,10.5,0.00,0.00,0,2.95,0,27.52,0,2.95,0,2.95
0.2,10.5,0.00,0.00,0,2.95,0,27.52,0,2.95,0,2.95
0.2,10.5,0.00,0.00,0,2.95,0,27.52,0,2.95,0,2.95
0.6,10.5,0.00,0.00,0,2.95,0,27.52,0,2.95,0,2.95
0.2,10.5,0.00,0.00,0,2.95,0,27.52,0,2.95,0,2.95
0.0,10.5,0.00,0.00,0,2.95,0,27.52,0,2.95,0,2.95
0.4,10.5,0.00,0.00,0,2.95,0,27.52,0,2.95,0,2.95
0.2,10.5,0.00,0.00,0,2.95,0,27.52,0,2.95,0,2.95
0.2,10.5,0.00,0.00,0,2.95,0,27.52,0,2.95,0,2.95
0.0,10.5,0.00,0.00,0,2.95,0,27.52,0,2.95,0,2.95
1.5,10.5,0.00,0.00,0,2.95,0,27.52,0,2.95,0,2.95
0.2,10.5,0.00,0.00,0,2.95,0,27.52,0,2.95,0,2.95
0.2,10.5,0.00,0.00,0,2.95,0,27.52,0,2.95,0,2.95
0.2,10.5,0.00,0.00,0,2.95,0,27.52,0,2.95,0,2.95
0.4,10.5,0.00,0.00,0,2.95,0,27.52,0,2.95,0,2.95
0.2,10.5,0.00,0.00,0,2.95,0,27.52,0,2.95,0,2.95
0.0,10.5,0.00,0.00,0,2.95,0,27.52,0,2.95,0,2.95
0.2,10.5,0.00,0.00,0,2.95,0,27.52,0,2.95,0,2.95
0.0,10.5,0.00,0.00,0,2.95,0,27.52,0,2.95,0,2.95
0.4,10.5,0.00,0.00,0,2.95,0,27.52,0,2.95,0,2.95
0.0,10.5,0.00,0.00,0,2.95,0,27.52,0,2.95,0,2.95
1.0,10.5,0.00,0.00,0,2.95,0,27.52,0,2.95,0,2.95
0.4,10.5,0.00,0.00,0,2.95,0,27.52,0,2.95,0,2.95
0.2,10.5,0.00,0.00,0,2.95,0,27.52,0,2.95,0,2.95
0.2,10.5,0.00,0.00,0,2.95,0,27.52,0,2.95,0,2.95
0.2,10.5,0.00,0.00,0,2.95,0,27.52,0,2.95,0,2.95
0.0,10.5,0.00,0.00,0,2.95,0,27.52,0,2.95,0,2.95
0.4,10.5,0.00,0.00,0,2.95,0,27.52,0,2.95,0,2.95
0.4,10.5,0.00,0.00,0,2.95,0,27.52,0,2.95,0,2.95
0.6,10.5,0.00,0.00,0,2.95,0,27.52,0,2.95,0,2.95
0.4,10.5,0.00,0.00,0,2.95,0,27.52,0,2.95,0,2.95
1.3,10.5,0.00,0.00,0,2.95,0,27.52,0,2.95,0,2.95
0.2,10.5,0.00,0.00,0,2.95,0,27.52,0,2.95,0,2.95
0.6,10.5,0.00,0.00,0,2.95,0,27.52,0,2.95,0,2.95
0.2,10.5,0.00,0.00,0,2.95,0,27.52,0,2.95,0,2.95
0.4,10.5,0.00,0.00,0,2.95,0,27.52,0,2.95,0,2.95
0.4,10.5,0.00,0.00,0,2.95,0,27.52,0,2.95,0,2.95
0.0,10.5,0.00,0.00,0,2.95,0,27.52,0,2.95,0,2.95
0.2,10.5,0.00,0.00,0,2.95,0,27.52,0,2.95,0,2.95
0.4,10.5,0.00,0.00,0,2.95,0,27.52,0,2.95,0,2.95
1.4,10.5,0.00,0.00,0,2.95,0,27.52,0,2.95,0,2.95
1.2,10.5,0.00,0.00,0,2.95,0,27.52,0,2.95,0,2.95
2.7,10.5,0.00,0.00,0,2.95,0,27.52,0,2.95,0,2.95
0.4,10.5,0.00,0.00,0,2.95,0,27.52,0,2.95,0,2.95
0.2,10.5,0.00,0.00,0,2.95,0,27.52,0,2.95,0,2.95
0.6,10.5,0.00,0.00,0,2.95,0,27.52,0,2.95,0,2.95
0.0,10.5,0.00,0.00,0,2.95,0,27.52,0,2.95,0,2.95
0.2,10.5,0.00,0.00,0,2.95,0,27.52,0,2.95,0,2.95
0.2,10.5,0.00,0.00,0,2.95,0,27.52,0,2.95,0,2.95
0.4,10.5,0.00,0.00,0,2.95,0,27.52,0,2.95,0,2.95
0.6,10.5,0.00,0.00,0,2.95,0,27.52,0,2.95,0,2.95
0.6,10.5,0.00,0.00,0,2.95,0,27.52,0,2.95,0,2.95
1.5,10.5,0.00,0.00,0,2.95,0,27.52,0,2.95,0,2.95
0.4,10.5,0.00,0.00,0,2.95,0,27.52,0,2.95,0,2.95
0.2,10.5,0.00,0.00,0,2.95,0,27.52,0,2.95,0,2.95
0.4,10.5,0.00,0.00,0,2.95,0,27.52,0,2.95,0,2.95
0.2,10.5,0.00,0.00,0,2.95,0,27.52,0,2.95,0,2.95
0.0,10.5,0.00,0.00,0,2.95,0,27.52,0,2.95,0,2.95
0.2,10.5,0.00,0.00,0,2.95,0,27.52,0,2.95,0,2.95
0.2,10.5,0.00,0.00,0,2.95,0,27.52,0,2.95,0,2.95
0.4,10.5,0.00,0.00,0,2.95,0,27.52,0,2.95,0,2.95
0.4,10.5,0.00,0.00,0,2.95,0,27.52,0,2.95,0,2.95
0.2,10.5,0.00,0.00,0,2.95,0,27.52,0,2.95,0,2.95
1.3,10.5,0.00,0.00,0,2.95,0,27.52,0,2.95,0,2.95
0.8,10.5,0.00,0.00,0,2.95,0,27.52,0,2.95,0,2.95
0.0,10.5,0.00,0.00,0,2.95,0,27.52,0,2.95,0,2.95
0.4,10.5,0.00,0.00,0,2.95,0,27.52,0,2.95,0,2.95
0.2,10.5,0.00,0.00,0,2.95,0,27.52,0,2.95,0,2.95
0.2,10.5,0.00,0.00,0,2.95,0,27.52,0,2.95,0,2.95
0.2,10.5,0.00,0.00,0,2.95,0,27.52,0,2.95,0,2.95
0.2,10.5,0.00,0.00,0,2.95,0,27.52,0,2.95,0,2.95
0.4,10.5,0.00,0.00,0,2.95,0,27.52,0,2.95,0,2.95
0.6,10.5,0.00,0.00,0,2.95,0,27.52,0,2.95,0,2.95
1.5,10.5,0.00,0.00,0,2.95,0,27.52,0,2.95,0,2.95
0.0,10.5,0.00,0.00,0,2.95,0,27.52,0,2.95,0,2.95
0.2,10.5,0.00,0.00,0,2.95,0,27.52,0,2.95,0,2.95
0.2,10.5,0.00,0.00,0,2.95,0,27.52,0,2.95,0,2.95
0.4,10.5,0.00,0.00,0,2.95,0,27.52,0,2.95,0,2.95
0.4,10.5,0.00,0.00,0,2.95,0,27.52,0,2.95,0,2.95
0.0,10.5,0.00,0.00,0,2.95,0,27.52,0,2.95,0,2.95
0.0,10.5,0.00,0.00,0,2.95,0,27.52,0,2.95,0,2.95
0.4,10.5,0.00,0.00,0,2.95,0,27.52,0,2.95,0,2.95
0.2,10.5,0.00,0.00,0,2.95,0,27.52,0,2.95,0,2.95
0.2,10.5,0.00,0.00,0,2.95,0,27.52,0,2.95,0,2.95
1.7,10.5,0.00,0.00,0,2.95,0,27.52,0,2.95,0,2.95
0.4,10.5,0.00,0.00,0,2.95,0,27.52,0,2.95,0,2.95
0.2,10.5,0.00,0.00,0,2.95,0,27.52,0,2.95,0,2.95
0.4,10.5,0.00,0.00,0,2.95,0,27.52,0,2.95,0,2.95
0.4,10.5,0.00,0.00,0,2.95,0,27.52,0,2.95,0,2.95
0.6,10.5,0.00,0.00,0,2.95,0,27.52,0,2.95,0,2.95
0.2,10.5,0.00,0.00,0,2.95,0,27.52,0,2.95,0,2.95
0.6,10.5,0.00,0.00,0,2.95,0,27.52,0,2.95,0,2.95
0.4,10.5,0.00,0.00,0,2.95,0,27.52,0,2.95,0,2.95
0.2,10.5,0.00,0.00,0,2.95,0,27.52,0,2.95,0,2.95
2.3,10.5,0.00,0.00,0,2.95,0,27.52,0,2.95,0,2.95
0.2,10.5,0.00,0.00,0,2.95,0,27.52,0,2.95,0,2.95
0.6,10.5,0.00,0.00,0,2.95,0,27.52,0,2.95,0,2.95
0.2,10.5,0.00,0.00,0,2.95,0,27.52,0,2.95,0,2.95
0.2,10.5,0.00,0.00,0,2.95,0,27.52,0,2.95,0,2.95
0.2,10.5,0.00,0.00,0,2.95,0,27.52,0,2.95,0,2.95
0.4,10.5,0.00,0.00,0,2.95,0,27.52,0,2.95,0,2.95
0.6,10.5,0.00,0.00,0,2.95,0,27.52,0,2.95,0,2.95
0.6,10.5,0.00,0.00,0,2.95,0,27.52,0,2.95,0,2.95
0.2,10.5,0.00,0.00,0,2.95,0,27.52,0,2.95,0,2.95
0.2,10.5,0.00,0.00,0,2.95,0,27.52,0,2.95,0,2.95
0.2,10.5,0.00,0.00,0,2.95,0,27.52,0,2.95,0,2.95
0.4,10.5,0.00,0.00,0,2.95,0,27.52,0,2.95,0,2.95
0.4,10.5,0.00,0.00,0,2.95,0,27.52,0,2.95,0,2.95
0.4,10.5,0.00,0.00,0,2.95,0,27.52,0,2.95,0,2.95
0.4,10.5,0.00,0.00,0,2.95,0,27.52,0,2.95,0,2.95
0.4,10.5,0.00,0.00,0,2.95,0,27.52,0,2.95,0,2.95
0.2,10.5,0.00,0.00,0,2.95,0,27.52,0,2.95,0,2.95
0.4,10.5,0.00,0.00,0,2.95,0,27.52,0,2.95,0,2.95
0.2,10.5,0.00,0.00,0,2.95,0,27.52,0,2.95,0,2.95
0.2,10.5,0.00,0.00,0,2.95,0,27.52,0,2.95,0,2.95
2.5,10.5,0.00,0.00,0,2.95,0,27.52,0,2.95,0,2.95
0.2,10.5,0.00,0.00,0,2.95,0,27.52,0,2.95,0,2.95
0.6,10.5,0.00,0.00,0,2.95,0,27.52,0,2.95,0,2.95
0.2,10.5,0.00,0.00,0,2.95,0,27.52,0,2.95,0,2.95
0.4,10.5,0.00,0.00,0,2.95,0,27.52,0,2.95,0,2.95
0.0,10.5,0.00,0.00,0,2.95,0,27.52,0,2.95,0,2.95
0.2,10.5,0.00,0.00,0,2.95,0,27.52,0,2.95,0,2.95
0.4,10.5,0.00,0.00,0,2.95,0,27.52,0,2.95,0,2.95
0.0,10.5,0.00,0.00,0,2.95,0,27.52,0,2.95,0,2.95
0.4,10.5,0.00,0.00,0,2.95,0,27.52,0,2.95,0,2.95
0.2,10.5,0.00,0.00,0,2.95,0,27.52,0,2.95,0,2.95
0.8,10.5,0.00,0.00,0,2.95,0,27.52,0,2.95,0,2.95
0.2,10.5,0.00,0.00,0,2.95,0,27.52,0,2.95,0,2.95
0.4,10.5,0.00,0.00,0,2.95,0,27.52,0,2.95,0,2.95
0.4,10.5,0.00,0.00,0,2.95,0,27.52,0,2.95,0,2.95
0.2,10.5,0.00,0.00,0,2.95,0,27.52,0,2.95,0,2.95
0.2,10.5,0.00,0.00,0,2.95,0,27.52,0,2.95,0,2.95
0.2,10.5,0.00,0.00,0,2.95,0,27.52,0,2.95,0,2.95
0.0,10.5,0.00,0.00,0,2.95,0,27.52,0,2.95,0,2.95
0.0,10.5,0.00,0.00,0,2.95,0,27.52,0,2.95,0,2.95
0.0,10.5,0.00,0.00,0,2.95,0,27.52,0,2.95,0,2.95
2.5,10.5,0.00,0.00,0,2.95,0,27.52,0,2.95,0,2.95
0.4,10.5,0.00,0.00,0,2.95,0,27.52,0,2.95,0,2.95
0.4,10.5,0.00,0.00,0,2.95,0,27.52,0,2.95,0,2.95
0.2,10.5,0.00,0.00,0,2.95,0,27.52,0,2.95,0,2.95
0.2,10.5,0.00,0.00,0,2.95,0,27.52,0,2.95,0,2.95
0.2,10.5,0.00,0.00,0,2.95,0,27.52,0,2.95,0,2.95
0.2,10.5,0.00,0.00,0,2.95,0,27.52,0,2.95,0,2.95
0.2,10.5,0.00,0.00,0,2.95,0,27.52,0,2.95,0,2.95
0.4,10.5,0.00,0.00,0,2.95,0,27.52,0,2.95,0,2.95
0.4,10.5,0.00,0.00,0,2.95,0,27.52,0,2.95,0,2.95
0.2,10.5,0.00,0.00,0,2.95,0,27.52,0,2.95,0,2.95
0.4,10.5,0.00,0.00,0,2.95,0,27.52,0,2.95,0,2.95
0.0,10.5,0.00,0.00,0,2.95,0,27.52,0,2.95,0,2.95
0.2,10.5,0.00,0.00,0,2.95,0,27.52,0,2.95,0,2.95
0.2,10.5,0.00,0.00,0,2.95,0,27.52,0,2.95,0,2.95
0.0,10.5,0.00,0.00,0,2.95,0,27.52,0,2.95,0,2.95
0.2,10.5,0.00,0.00,0,2.95,0,27.52,0,2.95,0,2.95
0.0,10.5,0.00,0.00,0,2.95,0,27.52,0,2.95,0,2.95
0.0,10.5,0.00,0.00,0,2.95,0,27.52,0,2.95,0,2.95
0.0,10.5,0.00,0.00,0,2.95,0,27.52,0,2.95,0,2.95
0.4,10.5,0.00,0.00,0,2.95,0,27.52,0,2.95,0,2.95
1.9,10.5,0.00,0.00,0,2.95,0,27.52,0,2.95,0,2.95
0.2,10.5,0.00,0.00,0,2.95,0,27.52,0,2.95,0,2.95
0.6,10.5,0.00,0.00,0,2.95,0,27.52,0,2.95,0,2.95
0.4,10.5,0.00,0.00,0,2.95,0,27.52,0,2.95,0,2.95
0.0,10.5,0.00,0.00,0,2.95,0,27.52,0,2.95,0,2.95
0.4,10.5,0.00,0.00,0,2.95,0,27.52,0,2.95,0,2.95
0.4,10.5,0.00,0.00,0,2.95,0,27.52,0,2.95,0,2.95
0.4,10.5,0.00,0.00,0,2.95,0,27.52,0,2.95,0,2.95
0.4,10.5,0.00,0.00,0,2.95,0,27.52,0,2.95,0,2.95
0.4,10.5,0.00,0.00,0,2.95,0,27.52,0,2.95,0,2.95
0.4,10.5,0.00,0.00,0,2.95,0,27.52,0,2.95,0,2.95
0.2,10.5,0.00,0.00,0,2.95,0,27.52,0,2.95,0,2.95
0.2,10.5,0.00,0.00,0,2.95,0,27.52,0,2.95,0,2.95
0.4,10.5,0.00,0.00,0,2.95,0,27.52,0,2.95,0,2.95
0.2,10.5,0.00,0.00,0,2.95,0,27.52,0,2.95,0,2.95
0.4,10.5,0.00,0.00,0,2.95,0,27.52,0,2.95,0,2.95
0.6,10.5,0.00,0.00,0,2.95,0,27.52,0,2.95,0,2.95
0.4,10.5,0.00,0.00,0,2.95,0,27.52,0,2.95,0,2.95
0.4,10.5,0.00,0.00,0,2.95,0,27.52,0,2.95,0,2.95
0.2,10.5,0.00,0.00,0,2.95,0,27.52,0,2.95,0,2.95
0.2,10.5,0.00,0.00,0,2.95,0,27.52,0,2.95,0,2.95
1.7,10.5,0.00,0.00,0,2.95,0,27.52,0,2.95,0,2.95
0.4,10.5,0.00,0.00,0,2.95,0,27.52,0,2.95,0,2.95
0.2,10.5,0.00,0.00,0,2.95,0,27.52,0,2.95,0,2.95
0.2,10.5,0.00,0.00,0,2.95,0,27.52,0,2.95,0,2.95
0.4,10.5,0.00,0.00,0,2.95,0,27.52,0,2.95,0,2.95
0.2,10.5,0.00,0.00,0,2.95,0,27.52,0,2.95,0,2.95
0.0,10.5,0.00,0.00,0,2.95,0,27.52,0,2.95,0,2.95
0.4,10.5,0.00,0.00,0,2.95,0,27.52,0,2.95,0,2.95
0.2,10.5,0.00,0.00,0,2.95,0,27.52,0,2.95,0,2.95
0.0,10.5,0.00,0.00,0,2.95,0,27.52,0,2.95,0,2.95
0.8,10.5,0.00,0.00,0,2.95,0,27.52,0,2.95,0,2.95
0.4,10.5,0.00,0.00,0,2.95,0,27.52,0,2.95,0,2.95
0.2,10.5,0.00,0.00,0,2.95,0,27.52,0,2.95,0,2.95
0.0,10.5,0.00,0.00,0,2.95,0,27.52,0,2.95,0,2.95
0.2,10.5,0.00,0.00,0,2.95,0,27.52,0,2.95,0,2.95
0.2,10.5,0.00,0.00,0,2.95,0,27.52,0,2.95,0,2.95
0.2,10.5,0.00,0.00,0,2.95,0,27.52,0,2.95,0,2.95
0.4,10.5,0.00,0.00,0,2.95,0,27.52,0,2.95,0,2.95
0.0,10.5,0.00,0.00,0,2.95,0,27.52,0,2.95,0,2.95
0.4,10.5,0.00,0.00,0,2.95,0,27.52,0,2.95,0,2.95
0.4,10.5,0.00,0.00,0,2.95,0,27.52,0,2.95,0,2.95
0.8,10.5,0.00,0.00,0,2.95,0,27.52,0,2.95,0,2.95
0.2,10.5,0.00,0.00,0,2.95,0,27.52,0,2.95,0,2.95
0.2,10.5,0.00,0.00,0,2.95,0,27.52,0,2.95,0,2.95
0.2,10.5,0.00,0.00,0,2.95,0,27.52,0,2.95,0,2.95
0.4,10.5,0.00,0.00,0,2.95,0,27.52,0,2.95,0,2.95
0.4,10.5,0.00,0.00,0,2.95,0,27.52,0,2.95,0,2.95
0.0,10.5,0.00,0.00,0,2.95,0,27.52,0,2.95,0,2.95
0.0,10.5,0.00,0.00,0,2.95,0,27.52,0,2.95,0,2.95
0.2,10.5,0.00,0.00,0,2.95,0,27.52,0,2.95,0,2.95
0.4,10.5,0.00,0.00,0,2.95,0,27.52,0,2.95,0,2.95
1.0,10.5,0.00,0.00,0,2.95,0,27.52,0,2.95,0,2.95
0.2,10.5,0.00,0.00,0,2.95,0,27.52,0,2.95,0,2.95
0.2,10.5,0.00,0.00,0,2.95,0,27.52,0,2.95,0,2.95
0.2,10.5,0.00,0.00,0,2.95,0,27.52,0,2.95,0,2.95
0.2,10.5,0.00,0.00,0,2.95,0,27.52,0,2.95,0,2.95
0.0,10.5,0.00,0.00,0,2.95,0,27.52,0,2.95,0,2.95
0.0,10.5,0.00,0.00,0,2.95,0,27.52,0,2.95,0,2.95
0.6,10.5,0.00,0.00,0,2.95,0,27.52,0,2.95,0,2.95
0.4,10.5,0.00,0.00,0,2.95,0,27.52,0,2.95,0,2.95
0.2,10.5,0.00,0.00,0,2.95,0,27.52,0,2.95,0,2.95
0.4,10.5,0.00,0.00,0,2.95,0,27.52,0,2.95,0,2.95
1.0,10.5,0.00,0.00,0,2.95,0,27.52,0,2.95,0,2.95
0.6,10.5,0.00,0.00,0,2.95,0,27.52,0,2.95,0,2.95
0.4,10.5,0.00,0.00,0,2.95,0,27.52,0,2.95,0,2.95
0.2,10.5,0.00,0.00,0,2.95,0,27.52,0,2.95,0,2.95
0.4,10.5,0.00,0.00,0,2.95,0,27.52,0,2.95,0,2.95
0.2,10.5,0.00,0.00,0,2.95,0,27.52,0,2.95,0,2.95
0.2,10.5,0.00,0.00,0,2.95,0,27.52,0,2.95,0,2.95
0.2,10.5,0.00,0.00,0,2.95,0,27.52,0,2.95,0,2.95
0.2,10.5,0.00,0.00,0,2.95,0,27.52,0,2.95,0,2.95
0.2,10.5,0.00,0.00,0,2.95,0,27.52,0,2.95,0,2.95
1.3,10.5,0.00,0.00,0,2.95,0,27.52,0,2.95,0,2.95
0.6,10.5,0.00,0.00,0,2.95,0,27.52,0,2.95,0,2.95
0.4,10.5,0.00,0.00,0,2.95,0,27.52,0,2.95,0,2.95
0.2,10.5,0.00,0.00,0,2.95,0,27.52,0,2.95,0,2.95
0.4,10.5,0.00,0.00,0,2.95,0,27.52,0,2.95,0,2.95
0.2,10.5,0.00,0.00,0,2.95,0,27.52,0,2.95,0,2.95
0.2,10.5,0.00,0.00,0,2.95,0,27.52,0,2.95,0,2.95
0.2,10.5,0.00,0.00,0,2.95,0,27.52,0,2.95,0,2.95
0.4,10.5,0.00,0.00,0,2.95,0,27.52,0,2.95,0,2.95
0.0,10.5,0.00,0.00,0,2.95,0,27.52,0,2.95,0,2.95
0.2,10.5,0.00,0.00,0,2.95,0,27.52,0,2.95,0,2.95
2.3,10.5,0.00,0.00,0,2.95,0,27.52,0,2.95,0,2.95
0.2,10.5,0.00,0.00,0,2.95,0,27.52,0,2.95,0,2.95
0.2,10.5,0.00,0.00,0,2.95,0,27.52,0,2.95,0,2.95
0.2,10.5,0.00,0.00,0,2.95,0,27.52,0,2.95,0,2.95
0.4,10.5,0.00,0.00,0,2.95,0,27.52,0,2.95,0,2.95
0.4,10.5,0.00,0.00,0,2.95,0,27.52,0,2.95,0,2.95
0.2,10.5,0.00,0.00,0,2.95,0,27.52,0,2.95,0,2.95
0.0,10.5,0.00,0.00,0,2.95,0,27.52,0,2.95,0,2.95
0.2,10.5,0.00,0.00,0,2.95,0,27.52,0,2.95,0,2.95
0.8,10.5,0.00,0.00,0,2.95,0,27.52,0,2.95,0,2.95
0.6,10.5,0.00,0.00,0,2.95,0,27.52,0,2.95,0,2.95
0.6,10.5,0.00,0.00,0,2.95,0,27.52,0,2.95,0,2.95
0.2,10.5,0.00,0.00,0,2.95,0,27.52,0,2.95,0,2.95
0.4,10.5,0.00,0.00,0,2.95,0,27.52,0,2.95,0,2.95
0.2,10.5,0.00,0.00,0,2.95,0,27.52,0,2.95,0,2.95
0.4,10.5,0.00,0.00,0,2.95,0,27.52,0,2.95,0,2.95
0.6,10.5,0.00,0.00,0,2.95,0,27.52,0,2.95,0,2.95
0.4,10.5,0.00,0.00,0,2.95,0,27.52,0,2.95,0,2.95
0.2,10.5,0.00,0.00,0,2.95,0,27.52,0,2.95,0,2.95
0.4,10.5,0.00,0.00,0,2.95,0,27.52,0,2.95,0,2.95
0.6,10.5,0.00,0.00,0,2.95,0,27.52,0,2.95,0,2.95
2.1,10.5,0.00,0.00,0,2.95,0,27.52,0,2.95,0,2.95
0.4,10.5,0.00,0.00,0,2.95,0,27.52,0,2.95,0,2.95
0.6,10.5,0.00,0.00,0,2.95,0,27.52,0,2.95,0,2.95
0.2,10.5,0.00,0.00,0,2.95,0,27.52,0,2.95,0,2.95
0.2,10.5,0.00,0.00,0,2.95,0,27.52,0,2.95,0,2.95
0.4,10.5,0.00,0.00,0,2.95,0,27.52,0,2.95,0,2.95
0.2,10.5,0.00,0.00,0,2.95,0,27.52,0,2.95,0,2.95
0.2,10.5,0.00,0.00,0,2.95,0,27.52,0,2.95,0,2.95
0.0,10.5,0.00,0.00,0,2.95,0,27.52,0,2.95,0,2.95
0.2,10.5,0.00,0.00,0,2.95,0,27.52,0,2.95,0,2.95
0.2,10.5,0.00,0.00,0,2.95,0,27.52,0,2.95,0,2.95
0.6,10.5,0.00,0.00,0,2.95,0,27.52,0,2.95,0,2.95
0.2,10.5,0.00,0.00,0,2.95,0,27.52,0,2.95,0,2.95
0.2,10.5,0.00,0.00,0,2.95,0,27.52,0,2.95,0,2.95
0.0,10.5,0.00,0.00,0,2.95,0,27.52,0,2.95,0,2.95
0.4,10.5,0.00,0.00,0,2.95,0,27.52,0,2.95,0,2.95
0.2,10.5,0.00,0.00,0,2.95,0,27.52,0,2.95,0,2.95
0.2,10.5,0.00,0.00,0,2.95,0,27.52,0,2.95,0,2.95
0.0,10.5,0.00,0.00,0,2.95,0,27.52,0,2.95,0,2.95
0.8,10.5,0.00,0.00,0,2.95,0,27.52,0,2.95,0,2.95
0.0,10.5,0.00,0.00,0,2.95,0,27.52,0,2.95,0,2.95
2.1,10.5,0.00,0.00,0,2.95,0,27.52,0,2.95,0,2.95
0.2,10.5,0.00,0.00,0,2.95,0,27.52,0,2.95,0,2.95
0.4,10.5,0.00,0.00,0,2.95,0,27.52,0,2.95,0,2.95
0.2,10.5,0.00,0.00,0,2.95,0,27.52,0,2.95,0,2.95
0.4,10.5,0.00,0.00,0,2.95,0,27.52,0,2.95,0,2.95
0.6,10.5,0.00,0.00,0,2.95,0,27.52,0,2.95,0,2.95
0.2,10.5,0.00,0.00,0,2.95,0,27.52,0,2.95,0,2.95
0.2,10.5,0.00,0.00,0,2.95,0,27.52,0,2.95,0,2.95
0.6,10.5,0.00,0.00,0,2.95,0,27.52,0,2.95,0,2.95
2.1,10.5,0.00,0.00,0,2.95,0,27.52,0,2.95,0,2.95
1.9,10.5,0.00,0.00,0,2.95,0,27.52,0,2.95,0,2.95
1.9,10.5,0.00,0.00,0,2.95,0,27.52,0,2.95,0,2.95
0.4,10.5,0.00,0.00,0,2.95,0,27.52,0,2.95,0,2.95
0.4,10.5,0.00,0.00,0,2.95,0,27.52,0,2.95,0,2.95
0.2,10.5,0.00,0.00,0,2.95,0,27.52,0,2.95,0,2.95
0.4,10.5,0.00,0.00,0,2.95,0,27.52,0,2.95,0,2.95
0.6,10.5,0.00,0.00,0,2.95,0,27.52,0,2.95,0,2.95
0.2,10.5,0.00,0.00,0,2.95,0,27.52,0,2.95,0,2.95
0.4,10.5,0.00,0.00,0,2.95,0,27.52,0,2.95,0,2.95
0.2,10.5,0.00,0.00,0,2.95,0,27.52,0,2.95,0,2.95
0.2,10.5,0.00,0.00,0,2.95,0,27.52,0,2.95,0,2.95
1.7,10.5,0.00,0.00,0,2.95,0,27.52,0,2.95,0,2.95
0.2,10.5,0.00,0.00,0,2.95,0,27.52,0,2.95,0,2.95
0.2,10.5,0.00,0.00,0,2.95,0,27.52,0,2.95,0,2.95
0.2,10.5,0.00,0.00,0,2.95,0,27.52,0,2.95,0,2.95
0.0,10.5,0.00,0.00,0,2.95,0,27.52,0,2.95,0,2.95
0.6,10.5,0.00,0.00,0,2.95,0,27.52,0,2.95,0,2.95
0.2,10.5,0.00,0.00,0,2.95,0,27.52,0,2.95,0,2.95
0.2,10.5,0.00,0.00,0,2.95,0,27.52,0,2.95,0,2.95
0.2,10.5,0.00,0.00,0,2.95,0,27.52,0,2.95,0,2.95
0.4,10.5,0.00,0.00,0,2.95,0,27.52,0,2.95,0,2.95
2.1,10.5,0.00,0.00,0,2.95,0,27.52,0,2.95,0,2.95
0.4,10.5,0.00,0.00,0,2.95,0,27.52,0,2.95,0,2.95
0.0,10.5,0.00,0.00,0,2.95,0,27.52,0,2.95,0,2.95
0.2,10.5,0.00,0.00,0,2.95,0,27.52,0,2.95,0,2.95
0.0,10.5,0.00,0.00,0,2.95,0,27.52,0,2.95,0,2.95
0.4,10.5,0.00,0.00,0,2.95,0,27.52,0,2.95,0,2.95
0.4,10.5,0.00,0.00,0,2.95,0,27.52,0,2.95,0,2.95
0.4,10.5,0.00,0.00,0,2.95,0,27.52,0,2.95,0,2.95
0.4,10.5,0.00,0.00,0,2.95,0,27.52,0,2.95,0,2.95
0.2,10.5,0.00,0.00,0,2.95,0,27.52,0,2.95,0,2.95
0.0,10.5,0.00,0.00,0,2.95,0,27.52,0,2.95,0,2.95
1.2,10.5,0.00,0.00,0,2.95,0,27.52,0,2.95,0,2.95
0.2,10.5,0.00,0.00,0,2.95,0,27.52,0,2.95,0,2.95
0.0,10.5,0.00,0.00,0,2.95,0,27.52,0,2.95,0,2.95
0.2,10.5,0.00,0.00,0,2.95,0,27.52,0,2.95,0,2.95
0.4,10.5,0.00,0.00,0,2.95,0,27.52,0,2.95,0,2.95
0.2,10.5,0.00,0.00,0,2.95,0,27.52,0,2.95,0,2.95
0.0,10.5,0.00,0.00,0,2.95,0,27.52,0,2.95,0,2.95
0.2,10.5,0.00,0.00,0,2.95,0,27.52,0,2.95,0,2.95
0.2,10.5,0.00,0.00,0,2.95,0,27.52,0,2.95,0,2.95
0.2,10.5,0.00,0.00,0,2.95,0,27.52,0,2.95,0,2.95
1.9,10.5,0.00,0.00,0,2.95,0,27.52,0,2.95,0,2.95
0.6,10.5,0.00,0.00,0,2.95,0,27.52,0,2.95,0,2.95
0.2,10.5,0.00,0.00,0,2.95,0,27.52,0,2.95,0,2.95
0.2,10.5,0.00,0.00,0,2.95,0,27.52,0,2.95,0,2.95
0.4,10.5,0.00,0.00,0,2.95,0,27.52,0,2.95,0,2.95
0.4,10.5,0.00,0.00,0,2.95,0,27.52,0,2.95,0,2.95
0.2,10.5,0.00,0.00,0,2.95,0,27.52,0,2.95,0,2.95
0.2,10.5,0.00,0.00,0,2.95,0,27.52,0,2.95,0,2.95
0.2,10.5,0.00,0.00,0,2.95,0,27.52,0,2.95,0,2.95
0.4,10.5,0.00,0.00,0,2.95,0,27.52,0,2.95,0,2.95
0.0,10.5,0.00,0.00,0,2.95,0,27.52,0,2.95,0,2.95
1.7,10.5,0.00,0.00,0,2.95,0,27.52,0,2.95,0,2.95
0.2,10.5,0.00,0.00,0,2.95,0,27.52,0,2.95,0,2.95
0.0,10.5,0.00,0.00,0,2.95,0,27.52,0,2.95,0,2.95
0.0,10.5,0.00,0.00,0,2.95,0,27.52,0,2.95,0,2.95
0.2,10.5,0.00,0.00,0,2.95,0,27.52,0,2.95,0,2.95
0.2,10.5,0.00,0.00,0,2.95,0,27.52,0,2.95,0,2.95
0.0,10.5,0.00,0.00,0,2.95,0,27.52,0,2.95,0,2.95
0.6,10.5,0.00,0.00,0,2.95,0,27.52,0,2.95,0,2.95
0.2,10.5,0.00,0.00,0,2.95,0,27.52,0,2.95,0,2.95
0.8,10.5,0.00,0.00,0,2.95,0,27.52,0,2.95,0,2.95
1.0,10.5,0.00,0.00,0,2.95,0,27.52,0,2.95,0,2.95
0.8,10.5,0.00,0.00,0,2.95,0,27.52,0,2.95,0,2.95
0.2,10.5,0.00,0.00,0,2.95,0,27.52,0,2.95,0,2.95
0.2,10.5,0.00,0.00,0,2.95,0,27.52,0,2.95,0,2.95
0.4,10.5,0.00,0.00,0,2.95,0,27.52,0,2.95,0,2.95
0.8,10.5,0.00,0.00,0,2.95,0,27.52,0,2.95,0,2.95
0.6,10.5,0.00,0.00,0,2.95,0,27.52,0,2.95,0,2.95
0.0,10.5,0.00,0.00,0,2.95,0,27.52,0,2.95,0,2.95
0.6,10.5,0.00,0.00,0,2.95,0,27.52,0,2.95,0,2.95
0.2,10.5,0.00,0.00,0,2.95,0,27.52,0,2.95,0,2.95
0.4,10.5,0.00,0.00,0,2.95,0,27.52,0,2.95,0,2.95
2.1,10.5,0.00,0.00,0,2.95,0,27.52,0,2.95,0,2.95
0.4,10.5,0.00,0.00,0,2.95,0,27.52,0,2.95,0,2.95
0.6,10.5,0.00,0.00,0,2.95,0,27.52,0,2.95,0,2.95
0.6,10.5,0.00,0.00,0,2.95,0,27.52,0,2.95,0,2.95
0.0,10.5,0.00,0.00,0,2.95,0,27.52,0,2.95,0,2.95
0.6,10.5,0.00,0.00,0,2.95,0,27.52,0,2.95,0,2.95
0.4,10.5,0.00,0.00,0,2.95,0,27.52,0,2.95,0,2.95
0.2,10.5,0.00,0.00,0,2.95,0,27.52,0,2.95,0,2.95
0.2,10.5,0.00,0.00,0,2.95,0,27.52,0,2.95,0,2.95
0.6,10.5,0.00,0.00,0,2.95,0,27.52,0,2.95,0,2.95
0.6,10.5,0.00,0.00,0,2.95,0,27.52,0,2.95,0,2.95
0.4,10.5,0.00,0.00,0,2.95,0,27.52,0,2.95,0,2.95
0.2,10.5,0.00,0.00,0,2.95,0,27.52,0,2.95,0,2.95
0.0,10.5,0.00,0.00,0,2.95,0,27.52,0,2.95,0,2.95
0.2,10.5,0.00,0.00,0,2.95,0,27.52,0,2.95,0,2.95
0.0,10.5,0.00,0.00,0,2.95,0,27.52,0,2.95,0,2.95
0.2,10.5,0.00,0.00,0,2.95,0,27.52,0,2.95,0,2.95
0.2,10.5,0.00,0.00,0,2.95,0,27.52,0,2.95,0,2.95
0.8,10.5,0.00,0.00,0,2.95,0,27.52,0,2.95,0,2.95
0.0,10.5,0.00,0.00,0,2.95,0,27.52,0,2.95,0,2.95
0.6,10.5,0.00,0.00,0,2.95,0,27.52,0,2.95,0,2.95
2.5,10.5,0.00,0.00,0,2.95,0,27.52,0,2.95,0,2.95
0.2,10.5,0.00,0.00,0,2.95,0,27.52,0,2.95,0,2.95
0.6,10.5,0.00,0.00,0,2.95,0,27.52,0,2.95,0,2.95
0.2,10.5,0.00,0.00,0,2.95,0,27.52,0,2.95,0,2.95
0.4,10.5,0.00,0.00,0,2.95,0,27.52,0,2.95,0,2.95
0.4,10.5,0.00,0.00,0,2.95,0,27.52,0,2.95,0,2.95
0.2,10.5,0.00,0.00,0,2.95,0,27.52,0,2.95,0,2.95
0.2,10.5,0.00,0.00,0,2.95,0,27.52,0,2.95,0,2.95
0.4,10.5,0.00,0.00,0,2.95,0,27.52,0,2.95,0,2.95
0.4,10.5,0.00,0.00,0,2.95,0,27.52,0,2.95,0,2.95
0.4,10.5,0.00,0.00,0,2.95,0,27.52,0,2.95,0,2.95
0.4,10.5,0.00,0.00,0,2.95,0,27.52,0,2.95,0,2.95
0.4,10.5,0.00,0.00,0,2.95,0,27.52,0,2.95,0,2.95
0.2,10.5,0.00,0.00,0,2.95,0,27.52,0,2.95,0,2.95
0.2,10.5,0.00,0.00,0,2.95,0,27.52,0,2.95,0,2.95
0.0,10.5,0.00,0.00,0,2.95,0,27.52,0,2.95,0,2.95
0.0,10.5,0.00,0.00,0,2.95,0,27.52,0,2.95,0,2.95
0.0,10.5,0.00,0.00,0,2.95,0,27.52,0,2.95,0,2.95
0.2,10.5,0.00,0.00,0,2.95,0,27.52,0,2.95,0,2.95
0.0,10.5,0.00,0.00,0,2.95,0,27.52,0,2.95,0,2.95
0.2,10.5,0.00,0.00,0,2.95,0,27.52,0,2.95,0,2.95
1.5,10.5,0.00,0.00,0,2.95,0,27.52,0,2.95,0,2.95
0.6,10.5,0.00,0.00,0,2.95,0,27.52,0,2.95,0,2.95
0.0,10.5,0.00,0.00,0,2.95,0,27.52,0,2.95,0,2.95
0.4,10.5,0.00,0.00,0,2.95,0,27.52,0,2.95,0,2.95
0.8,10.5,0.00,0.00,0,2.95,0,27.52,0,2.95,0,2.95
0.2,10.5,0.00,0.00,0,2.95,0,27.52,0,2.95,0,2.95
0.2,10.5,0.00,0.00,0,2.95,0,27.52,0,2.95,0,2.95
0.4,10.5,0.00,0.00,0,2.95,0,27.52,0,2.95,0,2.95
0.0,10.5,0.00,0.00,0,2.95,0,27.52,0,2.95,0,2.95
0.2,10.5,0.00,0.00,0,2.95,0,27.52,0,2.95,0,2.95
1.5,10.5,0.00,0.00,0,2.95,0,27.52,0,2.95,0,2.95
0.6,10.5,0.00,0.00,0,2.95,0,27.52,0,2.95,0,2.95
0.4,10.5,0.00,0.00,0,2.95,0,27.52,0,2.95,0,2.95
0.4,10.5,0.00,0.00,0,2.95,0,27.52,0,2.95,0,2.95
0.4,10.5,0.00,0.00,0,2.95,0,27.52,0,2.95,0,2.95
0.2,10.5,0.00,0.00,0,2.95,0,27.52,0,2.95,0,2.95
0.4,10.5,0.00,0.00,0,2.95,0,27.52,0,2.95,0,2.95
0.2,10.5,0.00,0.00,0,2.95,0,27.52,0,2.95,0,2.95
0.4,10.5,0.00,0.00,0,2.95,0,27.52,0,2.95,0,2.95
0.4,10.5,0.00,0.00,0,2.95,0,27.52,0,2.95,0,2.95
0.4,10.5,0.00,0.00,0,2.95,0,27.52,0,2.95,0,2.95
2.1,10.5,0.00,0.00,0,2.95,0,27.52,0,2.95,0,2.95
0.0,10.5,0.00,0.00,0,2.95,0,27.52,0,2.95,0,2.95
0.2,10.5,0.00,0.00,0,2.95,0,27.52,0,2.95,0,2.95
0.2,10.5,0.00,0.00,0,2.95,0,27.52,0,2.95,0,2.95
0.4,10.5,0.00,0.00,0,2.95,0,27.52,0,2.95,0,2.95
0.2,10.5,0.00,0.00,0,2.95,0,27.52,0,2.95,0,2.95
0.2,10.5,0.00,0.00,0,2.95,0,27.52,0,2.95,0,2.95
0.0,10.5,0.00,0.00,0,2.95,0,27.52,0,2.95,0,2.95
0.4,10.5,0.00,0.00,0,2.95,0,27.52,0,2.95,0,2.95
0.0,10.5,0.00,0.00,0,2.95,0,27.52,0,2.95,0,2.95
1.5,10.5,0.00,0.00,0,2.95,0,27.52,0,2.95,0,2.95
0.2,10.5,0.00,0.00,0,2.95,0,27.52,0,2.95,0,2.95
0.2,10.5,0.00,0.00,0,2.95,0,27.52,0,2.95,0,2.95
0.4,10.5,0.00,0.00,0,2.95,0,27.52,0,2.95,0,2.95
0.2,10.5,0.00,0.00,0,2.95,0,27.52,0,2.95,0,2.95
0.2,10.5,0.00,0.00,0,2.95,0,27.52,0,2.95,0,2.95
0.2,10.5,0.00,0.00,0,2.95,0,27.52,0,2.95,0,2.95
0.6,10.5,0.00,0.00,0,2.95,0,27.52,0,2.95,0,2.95
0.2,10.5,0.00,0.00,0,2.95,0,27.52,0,2.95,0,2.95
0.4,10.5,0.00,0.00,0,2.95,0,27.52,0,2.95,0,2.95
0.2,10.5,0.00,0.00,0,2.95,0,27.52,0,2.95,0,2.95
2.1,10.5,0.00,0.00,0,2.95,0,27.52,0,2.95,0,2.95
0.2,10.5,0.00,0.00,0,2.95,0,27.52,0,2.95,0,2.95
0.2,10.5,0.00,0.00,0,2.95,0,27.52,0,2.95,0,2.95
0.2,10.5,0.00,0.00,0,2.95,0,27.52,0,2.95,0,2.95
0.4,10.5,0.00,0.00,0,2.95,0,27.52,0,2.95,0,2.95
0.2,10.5,0.00,0.00,0,2.95,0,27.52,0,2.95,0,2.95
0.6,10.5,0.00,0.00,0,2.95,0,27.52,0,2.95,0,2.95
0.2,10.5,0.00,0.00,0,2.95,0,27.52,0,2.95,0,2.95
0.2,10.5,0.00,0.00,0,2.95,0,27.52,0,2.95,0,2.95
0.8,10.5,0.00,0.00,0,2.95,0,27.52,0,2.95,0,2.95
0.8,10.5,0.00,0.00,0,2.95,0,27.52,0,2.95,0,2.95
0.4,10.5,0.00,0.00,0,2.95,0,27.52,0,2.95,0,2.95
0.0,10.5,0.00,0.00,0,2.95,0,27.52,0,2.95,0,2.95
0.6,10.5,0.00,0.00,0,2.95,0,27.52,0,2.95,0,2.95
0.2,10.5,0.00,0.00,0,2.95,0,27.52,0,2.95,0,2.95
0.2,10.5,0.00,0.00,0,2.95,0,27.52,0,2.95,0,2.95
0.2,10.5,0.00,0.00,0,2.95,0,27.52,0,2.95,0,2.95
0.2,10.5,0.00,0.00,0,2.95,0,27.52,0,2.95,0,2.95
0.0,10.5,0.00,0.00,0,2.95,0,27.52,0,2.95,0,2.95
0.2,10.5,0.00,0.00,0,2.95,0,27.52,0,2.95,0,2.95
0.2,10.5,0.00,0.00,0,2.95,0,27.52,0,2.95,0,2.95
1.5,10.5,0.00,0.00,0,2.95,0,27.52,0,2.95,0,2.95
0.4,10.5,0.00,0.00,0,2.95,0,27.52,0,2.95,0,2.95
0.2,10.5,0.00,0.00,0,2.95,0,27.52,0,2.95,0,2.95
0.2,10.5,0.00,0.00,0,2.95,0,27.52,0,2.95,0,2.95
0.0,10.5,0.00,0.00,0,2.95,0,27.52,0,2.95,0,2.95
0.2,10.5,0.00,0.00,0,2.95,0,27.52,0,2.95,0,2.95
0.4,10.5,0.00,0.00,0,2.95,0,27.52,0,2.95,0,2.95
0.2,10.5,0.00,0.00,0,2.95,0,27.52,0,2.95,0,2.95
0.4,10.5,0.00,0.00,0,2.95,0,27.52,0,2.95,0,2.95
0.6,10.5,0.00,0.00,0,2.95,0,27.52,0,2.95,0,2.95
1.5,10.5,0.00,0.00,0,2.95,0,27.52,0,2.95,0,2.95
0.8,10.5,0.00,0.00,0,2.95,0,27.52,0,2.95,0,2.95
0.2,10.5,0.00,0.00,0,2.95,0,27.52,0,2.95,0,2.95
0.2,10.5,0.00,0.00,0,2.95,0,27.52,0,2.95,0,2.95
0.4,10.5,0.00,0.00,0,2.95,0,27.52,0,2.95,0,2.95
0.4,10.5,0.00,0.00,0,2.95,0,27.52,0,2.95,0,2.95
0.4,10.5,0.00,0.00,0,2.95,0,27.52,0,2.95,0,2.95
0.4,10.5,0.00,0.00,0,2.95,0,27.52,0,2.95,0,2.95
0.4,10.5,0.00,0.00,0,2.95,0,27.52,0,2.95,0,2.95
0.4,10.5,0.00,0.00,0,2.95,0,27.52,0,2.95,0,2.95
0.6,10.5,0.00,0.00,0,2.95,0,27.52,0,2.95,0,2.95
1.7,10.5,0.00,0.00,0,2.95,0,27.52,0,2.95,0,2.95
0.0,10.5,0.00,0.00,0,2.95,0,27.52,0,2.95,0,2.95
0.0,10.5,0.00,0.00,0,2.95,0,27.52,0,2.95,0,2.95
0.4,10.5,0.00,0.00,0,2.95,0,27.52,0,2.95,0,2.95
0.2,10.5,0.00,0.00,0,2.95,0,27.52,0,2.95,0,2.95
0.4,10.5,0.00,0.00,0,2.95,0,27.52,0,2.95,0,2.95
0.6,10.5,0.00,0.00,0,2.95,0,27.52,0,2.95,0,2.95
0.2,10.5,0.00,0.00,0,2.95,0,27.52,0,2.95,0,2.95
0.2,10.5,0.00,0.00,0,2.95,0,27.52,0,2.95,0,2.95
0.0,10.5,0.00,0.00,0,2.95,0,27.52,0,2.95,0,2.95
1.5,10.5,0.00,0.00,0,2.95,0,27.52,0,2.95,0,2.95
0.6,10.5,0.00,0.00,0,2.95,0,27.52,0,2.95,0,2.95
0.2,10.5,0.00,0.00,0,2.95,0,27.52,0,2.95,0,2.95
0.6,10.5,0.00,0.00,0,2.95,0,27.52,0,2.95,0,2.95
0.2,10.5,0.00,0.00,0,2.95,0,27.52,0,2.95,0,2.95
0.2,10.5,0.00,0.00,0,2.95,0,27.52,0,2.95,0,2.95
0.2,10.5,0.00,0.00,0,2.95,0,27.52,0,2.95,0,2.95
0.4,10.5,0.00,0.00,0,2.95,0,27.52,0,2.95,0,2.95
0.4,10.5,0.00,0.00,0,2.95,0,27.52,0,2.95,0,2.95
0.0,10.5,0.00,0.00,0,2.95,0,27.52,0,2.95,0,2.95
0.4,10.5,0.00,0.00,0,2.95,0,27.52,0,2.95,0,2.95
1.0,10.5,0.00,0.00,0,2.95,0,27.52,0,2.95,0,2.95
0.2,10.5,0.00,0.00,0,2.95,0,27.52,0,2.95,0,2.95
0.0,10.5,0.00,0.00,0,2.95,0,27.52,0,2.95,0,2.95
0.0,10.5,0.00,0.00,0,2.95,0,27.52,0,2.95,0,2.95
0.2,10.5,0.00,0.00,0,2.95,0,27.52,0,2.95,0,2.95
0.4,10.5,0.00,0.00,0,2.95,0,27.52,0,2.95,0,2.95
0.6,10.5,0.00,0.00,0,2.95,0,27.52,0,2.95,0,2.95
0.2,10.5,0.00,0.00,0,2.95,0,27.52,0,2.95,0,2.95
0.0,10.5,0.00,0.00,0,2.95,0,27.52,0,2.95,0,2.95
0.2,10.5,0.00,0.00,0,2.95,0,27.52,0,2.95,0,2.95
1.7,10.5,0.00,0.00,0,2.95,0,27.52,0,2.95,0,2.95
0.2,10.5,0.00,0.00,0,2.95,0,27.52,0,2.95,0,2.95
0.0,10.5,0.00,0.00,0,2.95,0,27.52,0,2.95,0,2.95
0.2,10.5,0.00,0.00,0,2.95,0,27.52,0,2.95,0,2.95
0.4,10.5,0.00,0.00,0,2.95,0,27.52,0,2.95,0,2.95
0.2,10.5,0.00,0.00,0,2.95,0,27.52,0,2.95,0,2.95
0.2,10.5,0.00,0.00,0,2.95,0,27.52,0,2.95,0,2.95
0.2,10.5,0.00,0.00,0,2.95,0,27.52,0,2.95,0,2.95
0.4,10.5,0.00,0.00,0,2.95,0,27.52,0,2.95,0,2.95
0.0,10.5,0.00,0.00,0,2.95,0,27.52,0,2.95,0,2.95
0.0,10.5,0.00,0.00,0,2.95,0,27.52,0,2.95,0,2.95
2.1,10.5,0.00,0.00,0,2.95,0,27.52,0,2.95,0,2.95
0.2,10.5,0.00,0.00,0,2.95,0,27.52,0,2.95,0,2.95
0.2,10.5,0.00,0.00,0,2.95,0,27.52,0,2.95,0,2.95
0.0,10.5,0.00,0.00,0,2.95,0,27.52,0,2.95,0,2.95
0.2,10.5,0.00,0.00,0,2.95,0,27.52,0,2.95,0,2.95
0.4,10.5,0.00,0.00,0,2.95,0,27.52,0,2.95,0,2.95
0.6,10.5,0.00,0.00,0,2.95,0,27.52,0,2.95,0,2.95
0.4,10.5,0.00,0.00,0,2.95,0,27.52,0,2.95,0,2.95
0.4,10.5,0.00,0.00,0,2.95,0,27.52,0,2.95,0,2.95
0.4,10.5,0.00,0.00,0,2.95,0,27.52,0,2.95,0,2.95
0.8,10.5,0.00,0.00,0,2.95,0,27.52,0,2.95,0,2.95
0.2,10.5,0.00,0.00,0,2.95,0,27.52,0,2.95,0,2.95
0.2,10.5,0.00,0.00,0,2.95,0,27.52,0,2.95,0,2.95
0.4,10.5,0.00,0.00,0,2.95,0,27.52,0,2.95,0,2.95
0.0,10.5,0.00,0.00,0,2.95,0,27.52,0,2.95,0,2.95
0.4,10.5,0.00,0.00,0,2.95,0,27.52,0,2.95,0,2.95
0.0,10.5,0.00,0.00,0,2.95,0,27.52,0,2.95,0,2.95
0.2,10.5,0.00,0.00,0,2.95,0,27.52,0,2.95,0,2.95
0.4,10.5,0.00,0.00,0,2.95,0,27.52,0,2.95,0,2.95
0.4,10.5,0.00,0.00,0,2.95,0,27.52,0,2.95,0,2.95
0.4,10.5,0.00,0.00,0,2.95,0,27.52,0,2.95,0,2.95
1.5,10.5,0.00,0.00,0,2.95,0,27.52,0,2.95,0,2.95
0.4,10.5,0.00,0.00,0,2.95,0,27.52,0,2.95,0,2.95
0.6,10.5,0.00,0.00,0,2.95,0,27.52,0,2.95,0,2.95
0.0,10.5,0.00,0.00,0,2.95,0,27.52,0,2.95,0,2.95
0.8,10.5,0.00,0.00,0,2.95,0,27.52,0,2.95,0,2.95
0.4,10.5,0.00,0.00,0,2.95,0,27.52,0,2.95,0,2.95
0.6,10.5,0.00,0.00,0,2.95,0,27.52,0,2.95,0,2.95
0.2,10.5,0.00,0.00,0,2.95,0,27.52,0,2.95,0,2.95
0.0,10.5,0.00,0.00,0,2.95,0,27.52,0,2.95,0,2.95
0.4,10.5,0.00,0.00,0,2.95,0,27.52,0,2.95,0,2.95
1.0,10.5,0.00,0.00,0,2.95,0,27.52,0,2.95,0,2.95
0.6,10.5,0.00,0.00,0,2.95,0,27.52,0,2.95,0,2.95
0.0,10.5,0.00,0.00,0,2.95,0,27.52,0,2.95,0,2.95
0.6,10.5,0.00,0.00,0,2.95,0,27.52,0,2.95,0,2.95
0.0,10.5,0.00,0.00,0,2.95,0,27.52,0,2.95,0,2.95
0.2,10.5,0.00,0.00,0,2.95,0,27.52,0,2.95,0,2.95
0.4,10.5,0.00,0.00,0,2.95,0,27.52,0,2.95,0,2.95
0.4,10.5,0.00,0.00,0,2.95,0,27.52,0,2.95,0,2.95
0.2,10.5,0.00,0.00,0,2.95,0,27.52,0,2.95,0,2.95
0.4,10.5,0.00,0.00,0,2.95,0,27.52,0,2.95,0,2.95
0.2,10.5,0.00,0.00,0,2.95,0,27.52,0,2.95,0,2.95
1.5,10.5,0.00,0.00,0,2.95,0,27.52,0,2.95,0,2.95
0.8,10.5,0.00,0.00,0,2.95,0,27.52,0,2.95,0,2.95
0.0,10.5,0.00,0.00,0,2.95,0,27.52,0,2.95,0,2.95
0.0,10.5,0.00,0.00,0,2.95,0,27.52,0,2.95,0,2.95
0.0,10.5,0.00,0.00,0,2.95,0,27.52,0,2.95,0,2.95
0.4,10.5,0.00,0.00,0,2.95,0,27.52,0,2.95,0,2.95
0.4,10.5,0.00,0.00,0,2.95,0,27.52,0,2.95,0,2.95
0.4,10.5,0.00,0.00,0,2.95,0,27.52,0,2.95,0,2.95
0.2,10.5,0.00,0.00,0,2.95,0,27.52,0,2.95,0,2.95
0.4,10.5,0.00,0.00,0,2.95,0,27.52,0,2.95,0,2.95
1.5,10.5,0.00,0.00,0,2.95,0,27.52,0,2.95,0,2.95
0.4,10.5,0.00,0.00,0,2.95,0,27.52,0,2.95,0,2.95
0.0,10.5,0.00,0.00,0,2.95,0,27.52,0,2.95,0,2.95
0.2,10.5,0.00,0.00,0,2.95,0,27.52,0,2.95,0,2.95
0.0,10.5,0.00,0.00,0,2.95,0,27.52,0,2.95,0,2.95
0.4,10.5,0.00,0.00,0,2.95,0,27.52,0,2.95,0,2.95
0.0,10.5,0.00,0.00,0,2.95,0,27.52,0,2.95,0,2.95
0.0,10.5,0.00,0.00,0,2.95,0,27.52,0,2.95,0,2.95
0.0,10.5,0.00,0.00,0,2.95,0,27.52,0,2.95,0,2.95
0.4,10.5,0.00,0.00,0,2.95,0,27.52,0,2.95,0,2.95
0.4,10.5,0.00,0.00,0,2.95,0,27.52,0,2.95,0,2.95
1.0,10.5,0.00,0.00,0,2.95,0,27.52,0,2.95,0,2.95
0.4,10.5,0.00,0.00,0,2.95,0,27.52,0,2.95,0,2.95
0.0,10.5,0.00,0.00,0,2.95,0,27.52,0,2.95,0,2.95
0.2,10.5,0.00,0.00,0,2.95,0,27.52,0,2.95,0,2.95
0.6,10.5,0.00,0.00,0,2.95,0,27.52,0,2.95,0,2.95
0.4,10.5,0.00,0.00,0,2.95,0,27.52,0,2.95,0,2.95
0.6,10.5,0.00,0.00,0,2.95,0,27.52,0,2.95,0,2.95
0.0,10.5,0.00,0.00,0,2.95,0,27.52,0,2.95,0,2.95
0.4,10.5,0.00,0.00,0,2.95,0,27.52,0,2.95,0,2.95
0.4,10.5,0.00,0.00,0,2.95,0,27.52,0,2.95,0,2.95
0.8,10.5,0.00,0.00,0,2.95,0,27.52,0,2.95,0,2.95
0.2,10.5,0.00,0.00,0,2.95,0,27.52,0,2.95,0,2.95
0.4,10.5,0.00,0.00,0,2.95,0,27.52,0,2.95,0,2.95
0.4,10.5,0.00,0.00,0,2.95,0,27.52,0,2.95,0,2.95
0.4,10.5,0.00,0.00,0,2.95,0,27.52,0,2.95,0,2.95
0.6,10.5,0.00,0.00,0,2.95,0,27.52,0,2.95,0,2.95
0.6,10.5,0.00,0.00,0,2.95,0,27.52,0,2.95,0,2.95
0.2,10.5,0.00,0.00,0,2.95,0,27.52,0,2.95,0,2.95
0.2,10.5,0.00,0.00,0,2.95,0,27.52,0,2.95,0,2.95
0.4,10.5,0.00,0.00,0,2.95,0,27.52,0,2.95,0,2.95
0.2,10.5,0.00,0.00,0,2.95,0,27.52,0,2.95,0,2.95
2.3,10.5,0.00,0.00,0,2.95,0,27.52,0,2.95,0,2.95
0.0,10.5,0.00,0.00,0,2.95,0,27.52,0,2.95,0,2.95
0.4,10.5,0.00,0.00,0,2.95,0,27.52,0,2.95,0,2.95
0.0,10.5,0.00,0.00,0,2.95,0,27.52,0,2.95,0,2.95
0.4,10.5,0.00,0.00,0,2.95,0,27.52,0,2.95,0,2.95
0.0,10.5,0.00,0.00,0,2.95,0,27.52,0,2.95,0,2.95
0.6,10.5,0.00,0.00,0,2.95,0,27.52,0,2.95,0,2.95
0.2,10.5,0.00,0.00,0,2.95,0,27.52,0,2.95,0,2.95
0.2,10.5,0.00,0.00,0,2.95,0,27.52,0,2.95,0,2.95
0.0,10.5,0.00,0.00,0,2.95,0,27.52,0,2.95,0,2.95
0.0,10.5,0.00,0.00,0,2.95,0,27.52,0,2.95,0,2.95
0.4,10.5,0.00,0.00,0,2.95,0,27.52,0,2.95,0,2.95
0.2,10.5,0.00,0.00,0,2.95,0,27.52,0,2.95,0,2.95
0.4,10.5,0.00,0.00,0,2.95,0,27.52,0,2.95,0,2.95
0.2,10.5,0.00,0.00,0,2.95,0,27.52,0,2.95,0,2.95
0.2,10.5,0.00,0.00,0,2.95,0,27.52,0,2.95,0,2.95
0.2,10.5,0.00,0.00,0,2.95,0,27.52,0,2.95,0,2.95
0.4,10.5,0.00,0.00,0,2.95,0,27.52,0,2.95,0,2.95
0.2,10.5,0.00,0.00,0,2.95,0,27.52,0,2.95,0,2.95
0.0,10.5,0.00,0.00,0,2.95,0,27.52,0,2.95,0,2.95
0.4,10.5,0.00,0.00,0,2.95,0,27.52,0,2.95,0,2.95
1.7,10.5,0.00,0.00,0,2.95,0,27.52,0,2.95,0,2.95
0.6,10.5,0.00,0.00,0,2.95,0,27.52,0,2.95,0,2.95
0.0,10.5,0.00,0.00,0,2.95,0,27.52,0,2.95,0,2.95
0.2,10.5,0.00,0.00,0,2.95,0,27.52,0,2.95,0,2.95
0.2,10.5,0.00,0.00,0,2.95,0,27.52,0,2.95,0,2.95
0.2,10.5,0.00,0.00,0,2.95,0,27.52,0,2.95,0,2.95
0.4,10.5,0.00,0.00,0,2.95,0,27.52,0,2.95,0,2.95
0.6,10.5,0.00,0.00,0,2.95,0,27.52,0,2.95,0,2.95
0.2,10.5,0.00,0.00,0,2.95,0,27.52,0,2.95,0,2.95
0.2,10.5,0.00,0.00,0,2.95,0,27.52,0,2.95,0,2.95
0.0,10.5,0.00,0.00,0,2.95,0,27.52,0,2.95,0,2.95
0.6,10.5,0.00,0.00,0,2.95,0,27.52,0,2.95,0,2.95
0.4,10.5,0.00,0.00,0,2.95,0,27.52,0,2.95,0,2.95
0.6,10.5,0.00,0.00,0,2.95,0,27.52,0,2.95,0,2.95
0.8,10.5,0.00,0.00,0,2.95,0,27.52,0,2.95,0,2.95
0.4,10.5,0.00,0.00,0,2.95,0,27.52,0,2.95,0,2.95
0.6,10.5,0.00,0.00,0,2.95,0,27.52,0,2.95,0,2.95
0.0,10.5,0.00,0.00,0,2.95,0,27.52,0,2.95,0,2.95
0.2,10.5,0.00,0.00,0,2.95,0,27.52,0,2.95,0,2.95
0.2,10.5,0.00,0.00,0,2.95,0,27.52,0,2.95,0,2.95
0.6,10.5,0.00,0.00,0,2.95,0,27.52,0,2.95,0,2.95
2.5,10.5,0.00,0.00,0,2.95,0,27.52,0,2.95,0,2.95
0.4,10.5,0.00,0.00,0,2.95,0,27.52,0,2.95,0,2.95
0.0,10.5,0.00,0.00,0,2.95,0,27.52,0,2.95,0,2.95
0.4,10.5,0.00,0.00,0,2.95,0,27.52,0,2.95,0,2.95
0.4,10.5,0.00,0.00,0,2.95,0,27.52,0,2.95,0,2.95
0.8,10.5,0.00,0.00,0,2.95,0,27.52,0,2.95,0,2.95
0.4,10.5,0.00,0.00,0,2.95,0,27.52,0,2.95,0,2.95
0.2,10.5,0.00,0.00,0,2.95,0,27.52,0,2.95,0,2.95
0.2,10.5,0.00,0.00,0,2.95,0,27.52,0,2.95,0,2.95
0.6,10.5,0.00,0.00,0,2.95,0,27.52,0,2.95,0,2.95
0.8,10.5,0.00,0.00,0,2.95,0,27.52,0,2.95,0,2.95
0.4,10.5,0.00,0.00,0,2.95,0,27.52,0,2.95,0,2.95
0.4,10.5,0.00,0.00,0,2.95,0,27.52,0,2.95,0,2.95
0.6,10.5,0.00,0.00,0,2.95,0,27.52,0,2.95,0,2.95
0.0,10.5,0.00,0.00,0,2.95,0,27.52,0,2.95,0,2.95
0.4,10.5,0.00,0.00,0,2.95,0,27.52,0,2.95,0,2.95
0.2,10.5,0.00,0.00,0,2.95,0,27.52,0,2.95,0,2.95
0.2,10.5,0.00,0.00,0,2.95,0,27.52,0,2.95,0,2.95
0.2,10.5,0.00,0.00,0,2.95,0,27.52,0,2.95,0,2.95
0.6,10.5,0.00,0.00,0,2.95,0,27.52,0,2.95,0,2.95
0.6,10.5,0.00,0.00,0,2.95,0,27.52,0,2.95,0,2.95
2.3,10.5,0.00,0.00,0,2.95,0,27.52,0,2.95,0,2.95
0.2,10.5,0.00,0.00,0,2.95,0,27.52,0,2.95,0,2.95
0.2,10.5,0.00,0.00,0,2.95,0,27.52,0,2.95,0,2.95
0.2,10.5,0.00,0.00,0,2.95,0,27.52,0,2.95,0,2.95
0.4,10.5,0.00,0.00,0,2.95,0,27.52,0,2.95,0,2.95
0.2,10.5,0.00,0.00,0,2.95,0,27.52,0,2.95,0,2.95
0.6,10.5,0.00,0.00,0,2.95,0,27.52,0,2.95,0,2.95
0.6,10.5,0.00,0.00,0,2.95,0,27.52,0,2.95,0,2.95
0.2,10.5,0.00,0.00,0,2.95,0,27.52,0,2.95,0,2.95
0.6,10.5,0.00,0.00,0,2.95,0,27.52,0,2.95,0,2.95
0.0,10.5,0.00,0.00,0,2.95,0,27.52,0,2.95,0,2.95
1.5,10.5,0.00,0.00,0,2.95,0,27.52,0,2.95,0,2.95
0.2,10.5,0.00,0.00,0,2.95,0,27.52,0,2.95,0,2.95
0.4,10.5,0.00,0.00,0,2.95,0,27.52,0,2.95,0,2.95
0.2,10.5,0.00,0.00,0,2.95,0,27.52,0,2.95,0,2.95
0.2,10.5,0.00,0.00,0,2.95,0,27.52,0,2.95,0,2.95
0.2,10.5,0.00,0.00,0,2.95,0,27.52,0,2.95,0,2.95
0.4,10.5,0.00,0.00,0,2.95,0,27.52,0,2.95,0,2.95
0.6,10.5,0.00,0.00,0,2.95,0,27.52,0,2.95,0,2.95
0.4,10.5,0.00,0.00,0,2.95,0,27.52,0,2.95,0,2.95
0.8,10.5,0.00,0.00,0,2.95,0,27.52,0,2.95,0,2.95
1.7,10.5,0.00,0.00,0,2.95,0,27.52,0,2.95,0,2.95
0.6,10.5,0.00,0.00,0,2.95,0,27.52,0,2.95,0,2.95
0.2,10.5,0.00,0.00,0,2.95,0,27.52,0,2.95,0,2.95
0.4,10.5,0.00,0.00,0,2.95,0,27.52,0,2.95,0,2.95
0.4,10.5,0.00,0.00,0,2.95,0,27.52,0,2.95,0,2.95
0.2,10.5,0.00,0.00,0,2.95,0,27.52,0,2.95,0,2.95
0.4,10.5,0.00,0.00,0,2.95,0,27.52,0,2.95,0,2.95
0.4,10.5,0.00,0.00,0,2.95,0,27.52,0,2.95,0,2.95
0.0,10.5,0.00,0.00,0,2.95,0,27.52,0,2.95,0,2.95
0.2,10.5,0.00,0.00,0,2.95,0,27.52,0,2.95,0,2.95
0.4,10.5,0.00,0.00,0,2.95,0,27.52,0,2.95,0,2.95
1.5,10.5,0.00,0.00,0,2.95,0,27.52,0,2.95,0,2.95
0.4,10.5,0.00,0.00,0,2.95,0,27.52,0,2.95,0,2.95
0.2,10.5,0.00,0.00,0,2.95,0,27.52,0,2.95,0,2.95
0.2,10.5,0.00,0.00,0,2.95,0,27.52,0,2.95,0,2.95
0.0,10.5,0.00,0.00,0,2.95,0,27.52,0,2.95,0,2.95
0.0,10.5,0.00,0.00,0,2.95,0,27.52,0,2.95,0,2.95
0.6,10.5,0.00,0.00,0,2.95,0,27.52,0,2.95,0,2.95
0.4,10.5,0.00,0.00,0,2.95,0,27.52,0,2.95,0,2.95
0.2,10.5,0.00,0.00,0,2.95,0,27.52,0,2.95,0,2.95
0.2,10.5,0.00,0.00,0,2.95,0,27.52,0,2.95,0,2.95
1.5,10.5,0.00,0.00,0,2.95,0,27.52,0,2.95,0,2.95
1.9,10.5,0.00,0.00,0,2.95,0,27.52,0,2.95,0,2.95
0.2,10.5,0.00,0.00,0,2.95,0,27.52,0,2.95,0,2.95
0.4,10.5,0.00,0.00,0,2.95,0,27.52,0,2.95,0,2.95
0.8,10.5,0.00,0.00,0,2.95,0,27.52,0,2.95,0,2.95
0.2,10.5,0.00,0.00,0,2.95,0,27.52,0,2.95,0,2.95
0.2,10.5,0.00,0.00,0,2.95,0,27.52,0,2.95,0,2.95
0.6,10.5,0.00,0.00,0,2.95,0,27.52,0,2.95,0,2.95
0.2,10.5,0.00,0.00,0,2.95,0,27.52,0,2.95,0,2.95
0.4,10.5,0.00,0.00,0,2.95,0,27.52,0,2.95,0,2.95
1.9,10.5,0.00,0.00,0,2.95,0,27.52,0,2.95,0,2.95
1.5,10.5,0.00,0.00,0,2.95,0,27.52,0,2.95,0,2.95
0.0,10.5,0.00,0.00,0,2.95,0,27.52,0,2.95,0,2.95
0.2,10.5,0.00,0.00,0,2.95,0,27.52,0,2.95,0,2.95
0.2,10.5,0.00,0.00,0,2.95,0,27.52,0,2.95,0,2.95
0.0,10.5,0.00,0.00,0,2.95,0,27.52,0,2.95,0,2.95
0.2,10.5,0.00,0.00,0,2.95,0,27.52,0,2.95,0,2.95
0.4,10.5,0.00,0.00,0,2.95,0,27.52,0,2.95,0,2.95
0.8,10.5,0.00,0.00,0,2.95,0,27.52,0,2.95,0,2.95
0.2,10.5,0.00,0.00,0,2.95,0,27.52,0,2.95,0,2.95
0.2,10.5,0.00,0.00,0,2.95,0,27.52,0,2.95,0,2.95
1.0,10.5,0.00,0.00,0,2.95,0,27.52,0,2.95,0,2.95
0.0,10.5,0.00,0.00,0,2.95,0,27.52,0,2.95,0,2.95
0.4,10.5,0.00,0.00,0,2.95,0,27.52,0,2.95,0,2.95
0.0,10.5,0.00,0.00,0,2.95,0,27.52,0,2.95,0,2.95
0.6,10.5,0.00,0.00,0,2.95,0,27.52,0,2.95,0,2.95
0.0,10.5,0.00,0.00,0,2.95,0,27.52,0,2.95,0,2.95
0.2,10.5,0.00,0.00,0,2.95,0,27.52,0,2.95,0,2.95
0.2,10.5,0.00,0.00,0,2.95,0,27.52,0,2.95,0,2.95
0.2,10.5,0.00,0.00,0,2.95,0,27.52,0,2.95,0,2.95
0.4,10.5,0.00,0.00,0,2.95,0,27.52,0,2.95,0,2.95
0.4,10.5,0.00,0.00,0,2.95,0,27.52,0,2.95,0,2.95
2.3,10.5,0.00,0.00,0,2.95,0,27.52,0,2.95,0,2.95
0.4,10.5,0.00,0.00,0,2.95,0,27.52,0,2.95,0,2.95
0.2,10.5,0.00,0.00,0,2.95,0,27.52,0,2.95,0,2.95
0.0,10.5,0.00,0.00,0,2.95,0,27.52,0,2.95,0,2.95
0.4,10.5,0.00,0.00,0,2.95,0,27.52,0,2.95,0,2.95
0.2,10.5,0.00,0.00,0,2.95,0,27.52,0,2.95,0,2.95
0.2,10.5,0.00,0.00,0,2.95,0,27.52,0,2.95,0,2.95
0.4,10.5,0.00,0.00,0,2.95,0,27.52,0,2.95,0,2.95
0.6,10.5,0.00,0.00,0,2.95,0,27.52,0,2.95,0,2.95
0.2,10.5,0.00,0.00,0,2.95,0,27.52,0,2.95,0,2.95
0.4,10.5,0.00,0.00,0,2.95,0,27.52,0,2.95,0,2.95
0.4,10.5,0.00,0.00,0,2.95,0,27.52,0,2.95,0,2.95
0.0,10.5,0.00,0.00,0,2.95,0,27.52,0,2.95,0,2.95
0.8,10.5,0.00,0.00,0,2.95,0,27.52,0,2.95,0,2.95
0.0,10.5,0.00,0.00,0,2.95,0,27.52,0,2.95,0,2.95
0.4,10.5,0.00,0.00,0,2.95,0,27.52,0,2.95,0,2.95
0.4,10.5,0.00,0.00,0,2.95,0,27.52,0,2.95,0,2.95
0.0,10.5,0.00,0.00,0,2.95,0,27.52,0,2.95,0,2.95
0.4,10.5,0.00,0.00,0,2.95,0,27.52,0,2.95,0,2.95
0.0,10.5,0.00,0.00,0,2.95,0,27.52,0,2.95,0,2.95
0.6,10.5,0.00,0.00,0,2.95,0,27.52,0,2.95,0,2.95
2.3,10.5,0.00,0.00,0,2.95,0,27.52,0,2.95,0,2.95
0.4,10.5,0.00,0.00,0,2.95,0,27.52,0,2.95,0,2.95
0.4,10.5,0.00,0.00,0,2.95,0,27.52,0,2.95,0,2.95
0.4,10.5,0.00,0.00,0,2.95,0,27.52,0,2.95,0,2.95
0.2,10.5,0.00,0.00,0,2.95,0,27.52,0,2.95,0,2.95
0.4,10.5,0.00,0.00,0,2.95,0,27.52,0,2.95,0,2.95
0.0,10.5,0.00,0.00,0,2.95,0,27.52,0,2.95,0,2.95
0.2,10.5,0.00,0.00,0,2.95,0,27.52,0,2.95,0,2.95
0.6,10.5,0.00,0.00,0,2.95,0,27.52,0,2.95,0,2.95
0.8,10.5,0.00,0.00,0,2.95,0,27.52,0,2.95,0,2.95
1.0,10.5,0.00,0.00,0,2.95,0,27.52,0,2.95,0,2.95
0.0,10.5,0.00,0.00,0,2.95,0,27.52,0,2.95,0,2.95
0.2,10.5,0.00,0.00,0,2.95,0,27.52,0,2.95,0,2.95
0.2,10.5,0.00,0.00,0,2.95,0,27.52,0,2.95,0,2.95
0.2,10.5,0.00,0.00,0,2.95,0,27.52,0,2.95,0,2.95
0.4,10.5,0.00,0.00,0,2.95,0,27.52,0,2.95,0,2.95
0.6,10.5,0.00,0.00,0,2.95,0,27.52,0,2.95,0,2.95
0.2,10.5,0.00,0.00,0,2.95,0,27.52,0,2.95,0,2.95
0.4,10.5,0.00,0.00,0,2.95,0,27.52,0,2.95,0,2.95
0.2,10.5,0.00,0.00,0,2.95,0,27.52,0,2.95,0,2.95
0.0,10.5,0.00,0.00,0,2.95,0,27.52,0,2.95,0,2.95
2.1,10.5,0.00,0.00,0,2.95,0,27.52,0,2.95,0,2.95
0.6,10.5,0.00,0.00,0,2.95,0,27.52,0,2.95,0,2.95
0.4,10.5,0.00,0.00,0,2.95,0,27.52,0,2.95,0,2.95
0.0,10.5,0.00,0.00,0,2.95,0,27.52,0,2.95,0,2.95
0.2,10.5,0.00,0.00,0,2.95,0,27.52,0,2.95,0,2.95
0.0,10.5,0.00,0.00,0,2.95,0,27.52,0,2.95,0,2.95
0.2,10.5,0.00,0.00,0,2.95,0,27.52,0,2.95,0,2.95
0.4,10.5,0.00,0.00,0,2.95,0,27.52,0,2.95,0,2.95
0.0,10.5,0.00,0.00,0,2.95,0,27.52,0,2.95,0,2.95
0.4,10.5,0.00,0.00,0,2.95,0,27.52,0,2.95,0,2.95
1.0,10.5,0.00,0.00,0,2.95,0,27.52,0,2.95,0,2.95
0.4,10.5,0.00,0.00,0,2.95,0,27.52,0,2.95,0,2.95
0.2,10.5,0.00,0.00,0,2.95,0,27.52,0,2.95,0,2.95
0.0,10.5,0.00,0.00,0,2.95,0,27.52,0,2.95,0,2.95
0.0,10.5,0.00,0.00,0,2.95,0,27.52,0,2.95,0,2.95
0.2,10.5,0.00,0.00,0,2.95,0,27.52,0,2.95,0,2.95
0.6,10.5,0.00,0.00,0,2.95,0,27.52,0,2.95,0,2.95
0.2,10.5,0.00,0.00,0,2.95,0,27.52,0,2.95,0,2.95
0.2,10.5,0.00,0.00,0,2.95,0,27.52,0,2.95,0,2.95
0.2,10.5,0.00,0.00,0,2.95,0,27.52,0,2.95,0,2.95
0.4,10.5,0.00,0.00,0,2.95,0,27.52,0,2.95,0,2.95
2.1,10.5,0.00,0.00,0,2.95,0,27.52,0,2.95,0,2.95
0.6,10.5,0.00,0.00,0,2.95,0,27.52,0,2.95,0,2.95
0.2,10.5,0.00,0.00,0,2.95,0,27.52,0,2.95,0,2.95
0.2,10.5,0.00,0.00,0,2.95,0,27.52,0,2.95,0,2.95
0.0,10.5,0.00,0.00,0,2.95,0,27.52,0,2.95,0,2.95
0.4,10.5,0.00,0.00,0,2.95,0,27.52,0,2.95,0,2.95
0.2,10.5,0.00,0.00,0,2.95,0,27.52,0,2.95,0,2.95
0.2,10.5,0.00,0.00,0,2.95,0,27.52,0,2.95,0,2.95
0.0,10.5,0.00,0.00,0,2.95,0,27.52,0,2.95,0,2.95
0.6,10.5,0.00,0.00,0,2.95,0,27.52,0,2.95,0,2.95
0.8,10.5,0.00,0.00,0,2.95,0,27.52,0,2.95,0,2.95
0.2,10.5,0.00,0.00,0,2.95,0,27.52,0,2.95,0,2.95
0.2,10.5,0.00,0.00,0,2.95,0,27.52,0,2.95,0,2.95
0.2,10.5,0.00,0.00,0,2.95,0,27.52,0,2.95,0,2.95
0.4,10.5,0.00,0.00,0,2.95,0,27.52,0,2.95,0,2.95
0.4,10.5,0.00,0.00,0,2.95,0,27.52,0,2.95,0,2.95
0.2,10.5,0.00,0.00,0,2.95,0,27.52,0,2.95,0,2.95
0.4,10.5,0.00,0.00,0,2.95,0,27.52,0,2.95,0,2.95
0.4,10.5,0.00,0.00,0,2.95,0,27.52,0,2.95,0,2.95
0.0,10.5,0.00,0.00,0,2.95,0,27.52,0,2.95,0,2.95
0.2,10.5,0.00,0.00,0,2.95,0,27.52,0,2.95,0,2.95
1.5,10.5,0.00,0.00,0,2.95,0,27.52,0,2.95,0,2.95
0.4,10.5,0.00,0.00,0,2.95,0,27.52,0,2.95,0,2.95
0.6,10.5,0.00,0.00,0,2.95,0,27.52,0,2.95,0,2.95
0.2,10.5,0.00,0.00,0,2.95,0,27.52,0,2.95,0,2.95
0.4,10.5,0.00,0.00,0,2.95,0,27.52,0,2.95,0,2.95
0.2,10.5,0.00,0.00,0,2.95,0,27.52,0,2.95,0,2.95
0.6,10.5,0.00,0.00,0,2.95,0,27.52,0,2.95,0,2.95
0.4,10.5,0.00,0.00,0,2.95,0,27.52,0,2.95,0,2.95
0.4,10.5,0.00,0.00,0,2.95,0,27.52,0,2.95,0,2.95
0.6,10.5,0.00,0.00,0,2.95,0,27.52,0,2.95,0,2.95
1.0,10.5,0.00,0.00,0,2.95,0,27.52,0,2.95,0,2.95
1.4,10.5,0.00,0.00,0,2.95,0,27.52,0,2.95,0,2.95
0.2,10.5,0.00,0.00,0,2.95,0,27.52,0,2.95,0,2.95
0.4,10.5,0.00,0.00,0,2.95,0,27.52,0,2.95,0,2.95
0.4,10.5,0.00,0.00,0,2.95,0,27.52,0,2.95,0,2.95
0.0,10.5,0.00,0.00,0,2.95,0,27.52,0,2.95,0,2.95
0.4,10.5,0.00,0.00,0,2.95,0,27.52,0,2.95,0,2.95
0.0,10.5,0.00,0.00,0,2.95,0,27.52,0,2.95,0,2.95
0.2,10.5,0.00,0.00,0,2.95,0,27.52,0,2.95,0,2.95
0.2,10.5,0.00,0.00,0,2.95,0,27.52,0,2.95,0,2.95
0.0,10.5,0.00,0.00,0,2.95,0,27.52,0,2.95,0,2.95
2.1,10.5,0.00,0.00,0,2.95,0,27.52,0,2.95,0,2.95
0.6,10.5,0.00,0.00,0,2.95,0,27.52,0,2.95,0,2.95
0.4,10.5,0.00,0.00,0,2.95,0,27.52,0,2.95,0,2.95
0.2,10.5,0.00,0.00,0,2.95,0,27.52,0,2.95,0,2.95
0.4,10.5,0.00,0.00,0,2.95,0,27.52,0,2.95,0,2.95
0.2,10.5,0.00,0.00,0,2.95,0,27.52,0,2.95,0,2.95
0.2,10.5,0.00,0.00,0,2.95,0,27.52,0,2.95,0,2.95
0.2,10.5,0.00,0.00,0,2.95,0,27.52,0,2.95,0,2.95
0.2,10.5,0.00,0.00,0,2.95,0,27.52,0,2.95,0,2.95
0.8,10.5,0.00,0.00,0,2.95,0,27.52,0,2.95,0,2.95
0.6,10.5,0.00,0.00,0,2.95,0,27.52,0,2.95,0,2.95
0.4,10.5,0.00,0.00,0,2.95,0,27.52,0,2.95,0,2.95
0.2,10.5,0.00,0.00,0,2.95,0,27.52,0,2.95,0,2.95
0.6,10.5,0.00,0.00,0,2.95,0,27.52,0,2.95,0,2.95
0.0,10.5,0.00,0.00,0,2.95,0,27.52,0,2.95,0,2.95
0.4,10.5,0.00,0.00,0,2.95,0,27.52,0,2.95,0,2.95
0.2,10.5,0.00,0.00,0,2.95,0,27.52,0,2.95,0,2.95
0.2,10.5,0.00,0.00,0,2.95,0,27.52,0,2.95,0,2.95
0.2,10.5,0.00,0.00,0,2.95,0,27.52,0,2.95,0,2.95
0.2,10.5,0.00,0.00,0,2.95,0,27.52,0,2.95,0,2.95
0.0,10.5,0.00,0.00,0,2.95,0,27.52,0,2.95,0,2.95
1.7,10.5,0.00,0.00,0,2.95,0,27.52,0,2.95,0,2.95
0.6,10.5,0.00,0.00,0,2.95,0,27.52,0,2.95,0,2.95
0.4,10.5,0.00,0.00,0,2.95,0,27.52,0,2.95,0,2.95
0.2,10.5,0.00,0.00,0,2.95,0,27.52,0,2.95,0,2.95
0.4,10.5,0.00,0.00,0,2.95,0,27.52,0,2.95,0,2.95
0.6,10.5,0.00,0.00,0,2.95,0,27.52,0,2.95,0,2.95
0.2,10.5,0.00,0.00,0,2.95,0,27.52,0,2.95,0,2.95
0.0,10.5,0.00,0.00,0,2.95,0,27.52,0,2.95,0,2.95
0.0,10.5,0.00,0.00,0,2.95,0,27.52,0,2.95,0,2.95
0.6,10.5,0.00,0.00,0,2.95,0,27.52,0,2.95,0,2.95
1.7,10.5,0.00,0.00,0,2.95,0,27.52,0,2.95,0,2.95
0.6,10.5,0.00,0.00,0,2.95,0,27.52,0,2.95,0,2.95
0.4,10.5,0.00,0.00,0,2.95,0,27.52,0,2.95,0,2.95
0.4,10.5,0.00,0.00,0,2.95,0,27.52,0,2.95,0,2.95
0.4,10.5,0.00,0.00,0,2.95,0,27.52,0,2.95,0,2.95
0.2,10.5,0.00,0.00,0,2.95,0,27.52,0,2.95,0,2.95
0.2,10.5,0.00,0.00,0,2.95,0,27.52,0,2.95,0,2.95
0.6,10.5,0.00,0.00,0,2.95,0,27.52,0,2.95,0,2.95
0.0,10.5,0.00,0.00,0,2.95,0,27.52,0,2.95,0,2.95
0.2,10.5,0.00,0.00,0,2.95,0,27.52,0,2.95,0,2.95
0.2,10.5,0.00,0.00,0,2.95,0,27.52,0,2.95,0,2.95
1.2,10.5,0.00,0.00,0,2.95,0,27.52,0,2.95,0,2.95
0.2,10.5,0.00,0.00,0,2.95,0,27.52,0,2.95,0,2.95
0.0,10.5,0.00,0.00,0,2.95,0,27.52,0,2.95,0,2.95
0.4,10.5,0.00,0.00,0,2.95,0,27.52,0,2.95,0,2.95
0.4,10.5,0.00,0.00,0,2.95,0,27.52,0,2.95,0,2.95
0.0,10.5,0.00,0.00,0,2.95,0,27.52,0,2.95,0,2.95
0.4,10.5,0.00,0.00,0,2.95,0,27.52,0,2.95,0,2.95
0.2,10.5,0.00,0.00,0,2.95,0,27.52,0,2.95,0,2.95
0.0,10.5,0.00,0.00,0,2.95,0,27.52,0,2.95,0,2.95
0.4,10.5,0.00,0.00,0,2.95,0,27.52,0,2.95,0,2.95
1.7,10.5,0.00,0.00,0,2.95,0,27.52,0,2.95,0,2.95
0.6,10.5,0.00,0.00,0,2.95,0,27.52,0,2.95,0,2.95
0.0,10.5,0.00,0.00,0,2.95,0,27.52,0,2.95,0,2.95
0.6,10.5,0.00,0.00,0,2.95,0,27.52,0,2.95,0,2.95
0.4,10.5,0.00,0.00,0,2.95,0,27.52,0,2.95,0,2.95
0.2,10.5,0.00,0.00,0,2.95,0,27.52,0,2.95,0,2.95
0.4,10.5,0.00,0.00,0,2.95,0,27.52,0,2.95,0,2.95
0.2,10.5,0.00,0.00,0,2.95,0,27.52,0,2.95,0,2.95
0.6,10.5,0.00,0.00,0,2.95,0,27.52,0,2.95,0,2.95
0.2,10.5,0.00,0.00,0,2.95,0,27.52,0,2.95,0,2.95
0.6,10.5,0.00,0.00,0,2.95,0,27.52,0,2.95,0,2.95
1.0,10.5,0.00,0.00,0,2.95,0,27.52,0,2.95,0,2.95
0.0,10.5,0.00,0.00,0,2.95,0,27.52,0,2.95,0,2.95
0.4,10.5,0.00,0.00,0,2.95,0,27.52,0,2.95,0,2.95
0.0,10.5,0.00,0.00,0,2.95,0,27.52,0,2.95,0,2.95
0.6,10.5,0.00,0.00,0,2.95,0,27.52,0,2.95,0,2.95
0.2,10.5,0.00,0.00,0,2.95,0,27.52,0,2.95,0,2.95
0.0,10.5,0.00,0.00,0,2.95,0,27.52,0,2.95,0,2.95
0.4,10.5,0.00,0.00,0,2.95,0,27.52,0,2.95,0,2.95
0.2,10.5,0.00,0.00,0,2.95,0,27.52,0,2.95,0,2.95
0.4,10.5,0.00,0.00,0,2.95,0,27.52,0,2.95,0,2.95
1.9,10.5,0.00,0.00,0,2.95,0,27.52,0,2.95,0,2.95
0.2,10.5,0.00,0.00,0,2.95,0,27.52,0,2.95,0,2.95
0.2,10.5,0.00,0.00,0,2.95,0,27.52,0,2.95,0,2.95
0.4,10.5,0.00,0.00,0,2.95,0,27.52,0,2.95,0,2.95
0.2,10.5,0.00,0.00,0,2.95,0,27.52,0,2.95,0,2.95
0.0,10.5,0.00,0.00,0,2.95,0,27.52,0,2.95,0,2.95
0.8,10.5,0.00,0.00,0,2.95,0,27.52,0,2.95,0,2.95
0.2,10.5,0.00,0.00,0,2.95,0,27.52,0,2.95,0,2.95
0.4,10.5,0.00,0.00,0,2.95,0,27.52,0,2.95,0,2.95
0.0,10.5,0.00,0.00,0,2.95,0,27.52,0,2.95,0,2.95
0.2,10.5,0.00,0.00,0,2.95,0,27.52,0,2.95,0,2.95
0.6,10.5,0.00,0.00,0,2.95,0,27.52,0,2.95,0,2.95
0.2,10.5,0.00,0.00,0,2.95,0,27.52,0,2.95,0,2.95
0.4,10.5,0.00,0.00,0,2.95,0,27.52,0,2.95,0,2.95
0.6,10.5,0.00,0.00,0,2.95,0,27.52,0,2.95,0,2.95
0.2,10.5,0.00,0.00,0,2.95,0,27.52,0,2.95,0,2.95
0.0,10.5,0.00,0.00,0,2.95,0,27.52,0,2.95,0,2.95
0.4,10.5,0.00,0.00,0,2.95,0,27.52,0,2.95,0,2.95
0.0,10.5,0.00,0.00,0,2.95,0,27.52,0,2.95,0,2.95
0.4,10.5,0.00,0.00,0,2.95,0,27.52,0,2.95,0,2.95
0.6,10.5,0.00,0.00,0,2.95,0,27.52,0,2.95,0,2.95
2.5,10.5,0.00,0.00,0,2.95,0,27.52,0,2.95,0,2.95
0.2,10.5,0.00,0.00,0,2.95,0,27.52,0,2.95,0,2.95
0.2,10.5,0.00,0.00,0,2.95,0,27.52,0,2.95,0,2.95
0.4,10.5,0.00,0.00,0,2.95,0,27.52,0,2.95,0,2.95
0.2,10.5,0.00,0.00,0,2.95,0,27.52,0,2.95,0,2.95
0.2,10.5,0.00,0.00,0,2.95,0,27.52,0,2.95,0,2.95
0.2,10.5,0.00,0.00,0,2.95,0,27.52,0,2.95,0,2.95
0.4,10.5,0.00,0.00,0,2.95,0,27.52,0,2.95,0,2.95
0.2,10.5,0.00,0.00,0,2.95,0,27.52,0,2.95,0,2.95
0.2,10.5,0.00,0.00,0,2.95,0,27.52,0,2.95,0,2.95
0.8,10.5,0.00,0.00,0,2.95,0,27.52,0,2.95,0,2.95
0.2,10.5,0.00,0.00,0,2.95,0,27.52,0,2.95,0,2.95
0.2,10.5,0.00,0.00,0,2.95,0,27.52,0,2.95,0,2.95
0.0,10.5,0.00,0.00,0,2.95,0,27.52,0,2.95,0,2.95
0.2,10.5,0.00,0.00,0,2.95,0,27.52,0,2.95,0,2.95
0.2,10.5,0.00,0.00,0,2.95,0,27.52,0,2.95,0,2.95
0.0,10.5,0.00,0.00,0,2.95,0,27.52,0,2.95,0,2.95
0.2,10.5,0.00,0.00,0,2.95,0,27.52,0,2.95,0,2.95
0.4,10.5,0.00,0.00,0,2.95,0,27.52,0,2.95,0,2.95
0.4,10.5,0.00,0.00,0,2.95,0,27.52,0,2.95,0,2.95
0.6,10.5,0.00,0.00,0,2.95,0,27.52,0,2.95,0,2.95
2.9,10.5,0.00,0.00,0,2.95,0,27.52,0,2.95,0,2.95
0.6,10.5,0.00,0.00,0,2.95,0,27.52,0,2.95,0,2.95
0.4,10.5,0.00,0.00,0,2.95,0,27.52,0,2.95,0,2.95
0.0,10.5,0.00,0.00,0,2.95,0,27.52,0,2.95,0,2.95
0.2,10.5,0.00,0.00,0,2.95,0,27.52,0,2.95,0,2.95
0.2,10.5,0.00,0.00,0,2.95,0,27.52,0,2.95,0,2.95
0.2,10.5,0.00,0.00,0,2.95,0,27.52,0,2.95,0,2.95
0.0,10.5,0.00,0.00,0,2.95,0,27.52,0,2.95,0,2.95
0.4,10.5,0.00,0.00,0,2.95,0,27.52,0,2.95,0,2.95
0.4,10.5,0.00,0.00,0,2.95,0,27.52,0,2.95,0,2.95
0.6,10.5,0.00,0.00,0,2.95,0,27.52,0,2.95,0,2.95
1.0,10.5,0.00,0.00,0,2.95,0,27.52,0,2.95,0,2.95
0.6,10.5,0.00,0.00,0,2.95,0,27.52,0,2.95,0,2.95
0.8,10.5,0.00,0.00,0,2.95,0,27.52,0,2.95,0,2.95
0.4,10.5,0.00,0.00,0,2.95,0,27.52,0,2.95,0,2.95
0.6,10.5,0.00,0.00,0,2.95,0,27.52,0,2.95,0,2.95
0.2,10.5,0.00,0.00,0,2.95,0,27.52,0,2.95,0,2.95
0.2,10.5,0.00,0.00,0,2.95,0,27.52,0,2.95,0,2.95
0.2,10.5,0.00,0.00,0,2.95,0,27.52,0,2.95,0,2.95
0.2,10.5,0.00,0.00,0,2.95,0,27.52,0,2.95,0,2.95
0.2,10.5,0.00,0.00,0,2.95,0,27.52,0,2.95,0,2.95
2.7,10.5,0.00,0.00,0,2.95,0,27.52,0,2.95,0,2.95
0.4,10.5,0.00,0.00,0,2.95,0,27.52,0,2.95,0,2.95
0.4,10.5,0.00,0.00,0,2.95,0,27.52,0,2.95,0,2.95
0.4,10.5,0.00,0.00,0,2.95,0,27.52,0,2.95,0,2.95
0.2,10.5,0.00,0.00,0,2.95,0,27.52,0,2.95,0,2.95
0.2,10.5,0.00,0.00,0,2.95,0,27.52,0,2.95,0,2.95
0.2,10.5,0.00,0.00,0,2.95,0,27.52,0,2.95,0,2.95
0.6,10.5,0.00,0.00,0,2.95,0,27.52,0,2.95,0,2.95
0.0,10.5,0.00,0.00,0,2.95,0,27.52,0,2.95,0,2.95
0.4,10.5,0.00,0.00,0,2.95,0,27.52,0,2.95,0,2.95
0.0,10.5,0.00,0.00,0,2.95,0,27.52,0,2.95,0,2.95
0.4,10.5,0.00,0.00,0,2.95,0,27.52,0,2.95,0,2.95
0.0,10.5,0.00,0.00,0,2.95,0,27.52,0,2.95,0,2.95
0.6,10.5,0.00,0.00,0,2.95,0,27.52,0,2.95,0,2.95
0.2,10.5,0.00,0.00,0,2.95,0,27.52,0,2.95,0,2.95
0.6,10.5,0.00,0.00,0,2.95,0,27.52,0,2.95,0,2.95
0.0,10.5,0.00,0.00,0,2.95,0,27.52,0,2.95,0,2.95
0.2,10.5,0.00,0.00,0,2.95,0,27.52,0,2.95,0,2.95
0.0,10.5,0.00,0.00,0,2.95,0,27.52,0,2.95,0,2.95
0.2,10.5,0.00,0.00,0,2.95,0,27.52,0,2.95,0,2.95
0.6,10.5,0.00,0.00,0,2.95,0,27.52,0,2.95,0,2.95
2.5,10.5,0.00,0.00,0,2.95,0,27.52,0,2.95,0,2.95
0.6,10.5,0.00,0.00,0,2.95,0,27.52,0,2.95,0,2.95
0.2,10.5,0.00,0.00,0,2.95,0,27.52,0,2.95,0,2.95
0.4,10.5,0.00,0.00,0,2.95,0,27.52,0,2.95,0,2.95
0.0,10.5,0.00,0.00,0,2.95,0,27.52,0,2.95,0,2.95
0.4,10.5,0.00,0.00,0,2.95,0,27.52,0,2.95,0,2.95
0.2,10.5,0.00,0.00,0,2.95,0,27.52,0,2.95,0,2.95
0.2,10.5,0.00,0.00,0,2.95,0,27.52,0,2.95,0,2.95
0.6,10.5,0.00,0.00,0,2.95,0,27.52,0,2.95,0,2.95
0.6,10.5,0.00,0.00,0,2.95,0,27.52,0,2.95,0,2.95
0.6,10.5,0.00,0.00,0,2.95,0,27.52,0,2.95,0,2.95
0.2,10.5,0.00,0.00,0,2.95,0,27.52,0,2.95,0,2.95
0.0,10.5,0.00,0.00,0,2.95,0,27.52,0,2.95,0,2.95
0.4,10.5,0.00,0.00,0,2.95,0,27.52,0,2.95,0,2.95
0.2,10.5,0.00,0.00,0,2.95,0,27.52,0,2.95,0,2.95
0.4,10.5,0.00,0.00,0,2.95,0,27.52,0,2.95,0,2.95
0.4,10.5,0.00,0.00,0,2.95,0,27.52,0,2.95,0,2.95
0.2,10.5,0.00,0.00,0,2.95,0,27.52,0,2.95,0,2.95
0.2,10.5,0.00,0.00,0,2.95,0,27.52,0,2.95,0,2.95
0.4,10.5,0.00,0.00,0,2.95,0,27.52,0,2.95,0,2.95
0.4,10.5,0.00,0.00,0,2.95,0,27.52,0,2.95,0,2.95
2.1,10.5,0.00,0.00,0,2.95,0,27.52,0,2.95,0,2.95
0.4,10.5,0.00,0.00,0,2.95,0,27.52,0,2.95,0,2.95
0.2,10.5,0.00,0.00,0,2.95,0,27.52,0,2.95,0,2.95
0.2,10.5,0.00,0.00,0,2.95,0,27.52,0,2.95,0,2.95
0.6,10.5,0.00,0.00,0,2.95,0,27.52,0,2.95,0,2.95
0.4,10.5,0.00,0.00,0,2.95,0,27.52,0,2.95,0,2.95
0.2,10.5,0.00,0.00,0,2.95,0,27.52,0,2.95,0,2.95
0.2,10.5,0.00,0.00,0,2.95,0,27.52,0,2.95,0,2.95
0.8,10.5,0.00,0.00,0,2.95,0,27.52,0,2.95,0,2.95
0.2,10.5,0.00,0.00,0,2.95,0,27.52,0,2.95,0,2.95
1.3,10.5,0.00,0.00,0,2.95,0,27.52,0,2.95,0,2.95
0.4,10.5,0.00,0.00,0,2.95,0,27.52,0,2.95,0,2.95
0.2,10.5,0.00,0.00,0,2.95,0,27.52,0,2.95,0,2.95
0.6,10.5,0.00,0.00,0,2.95,0,27.52,0,2.95,0,2.95
0.6,10.5,0.00,0.00,0,2.95,0,27.52,0,2.95,0,2.95
0.6,10.5,0.00,0.00,0,2.95,0,27.52,0,2.95,0,2.95
0.4,10.5,0.00,0.00,0,2.95,0,27.52,0,2.95,0,2.95
0.4,10.5,0.00,0.00,0,2.95,0,27.52,0,2.95,0,2.95
0.6,10.5,0.00,0.00,0,2.95,0,27.52,0,2.95,0,2.95
0.6,10.5,0.00,0.00,0,2.95,0,27.52,0,2.95,0,2.95
0.4,10.5,0.00,0.00,0,2.95,0,27.52,0,2.95,0,2.95
1.5,10.5,0.00,0.00,0,2.95,0,27.52,0,2.95,0,2.95
0.6,10.5,0.00,0.00,0,2.95,0,27.52,0,2.95,0,2.95
0.2,10.5,0.00,0.00,0,2.95,0,27.52,0,2.95,0,2.95
0.4,10.5,0.00,0.00,0,2.95,0,27.52,0,2.95,0,2.95
0.4,10.5,0.00,0.00,0,2.95,0,27.52,0,2.95,0,2.95
0.4,10.5,0.00,0.00,0,2.95,0,27.52,0,2.95,0,2.95
0.0,10.5,0.00,0.00,0,2.95,0,27.52,0,2.95,0,2.95
0.2,10.5,0.00,0.00,0,2.95,0,27.52,0,2.95,0,2.95
0.0,10.5,0.00,0.00,0,2.95,0,27.52,0,2.95,0,2.95
0.2,10.5,0.00,0.00,0,2.95,0,27.52,0,2.95,0,2.95
1.7,10.5,0.00,0.00,0,2.95,0,27.52,0,2.95,0,2.95
0.6,10.5,0.00,0.00,0,2.95,0,27.52,0,2.95,0,2.95
0.4,10.5,0.00,0.00,0,2.95,0,27.52,0,2.95,0,2.95
0.4,10.5,0.00,0.00,0,2.95,0,27.52,0,2.95,0,2.95
0.0,10.5,0.00,0.00,0,2.95,0,27.52,0,2.95,0,2.95
0.2,10.5,0.00,0.00,0,2.95,0,27.52,0,2.95,0,2.95
0.4,10.5,0.00,0.00,0,2.95,0,27.52,0,2.95,0,2.95
0.4,10.5,0.00,0.00,0,2.95,0,27.52,0,2.95,0,2.95
0.2,10.5,0.00,0.00,0,2.95,0,27.52,0,2.95,0,2.95
0.2,10.5,0.00,0.00,0,2.95,0,27.52,0,2.95,0,2.95
0.4,10.5,0.00,0.00,0,2.95,0,27.52,0,2.95,0,2.95
1.4,10.5,0.00,0.00,0,2.95,0,27.52,0,2.95,0,2.95
0.6,10.5,0.00,0.00,0,2.95,0,27.52,0,2.95,0,2.95
0.0,10.5,0.00,0.00,0,2.95,0,27.52,0,2.95,0,2.95
0.2,10.5,0.00,0.00,0,2.95,0,27.52,0,2.95,0,2.95
0.4,10.5,0.00,0.00,0,2.95,0,27.52,0,2.95,0,2.95
0.2,10.5,0.00,0.00,0,2.95,0,27.52,0,2.95,0,2.95
0.2,10.5,0.00,0.00,0,2.95,0,27.52,0,2.95,0,2.95
0.2,10.5,0.00,0.00,0,2.95,0,27.52,0,2.95,0,2.95
0.4,10.5,0.00,0.00,0,2.95,0,27.52,0,2.95,0,2.95
0.4,10.5,0.00,0.00,0,2.95,0,27.52,0,2.95,0,2.95
1.7,10.5,0.00,0.00,0,2.95,0,27.52,0,2.95,0,2.95
0.8,10.5,0.00,0.00,0,2.95,0,27.52,0,2.95,0,2.95
0.2,10.5,0.00,0.00,0,2.95,0,27.52,0,2.95,0,2.95
0.2,10.5,0.00,0.00,0,2.95,0,27.52,0,2.95,0,2.95
0.2,10.5,0.00,0.00,0,2.95,0,27.52,0,2.95,0,2.95
0.2,10.5,0.00,0.00,0,2.95,0,27.52,0,2.95,0,2.95
0.4,10.5,0.00,0.00,0,2.95,0,27.52,0,2.95,0,2.95
0.2,10.5,0.00,0.00,0,2.95,0,27.52,0,2.95,0,2.95
0.4,10.5,0.00,0.00,0,2.95,0,27.52,0,2.95,0,2.95
0.0,10.5,0.00,0.00,0,2.95,0,27.52,0,2.95,0,2.95
0.6,10.5,0.00,0.00,0,2.95,0,27.52,0,2.95,0,2.95
0.2,10.5,0.00,0.00,0,2.95,0,27.52,0,2.95,0,2.95
0.4,10.5,0.00,0.00,0,2.95,0,27.52,0,2.95,0,2.95
0.2,10.5,0.00,0.00,0,2.95,0,27.52,0,2.95,0,2.95
0.2,10.5,0.00,0.00,0,2.95,0,27.52,0,2.95,0,2.95
0.0,10.5,0.00,0.00,0,2.95,0,27.52,0,2.95,0,2.95
0.2,10.5,0.00,0.00,0,2.95,0,27.52,0,2.95,0,2.95
0.2,10.5,0.00,0.00,0,2.95,0,27.52,0,2.95,0,2.95
0.4,10.5,0.00,0.00,0,2.95,0,27.52,0,2.95,0,2.95
0.4,10.5,0.00,0.00,0,2.95,0,27.52,0,2.95,0,2.95
0.4,10.5,0.00,0.00,0,2.95,0,27.52,0,2.95,0,2.95
2.1,10.5,0.00,0.00,0,2.95,0,27.52,0,2.95,0,2.95
0.2,10.5,0.00,0.00,0,2.95,0,27.52,0,2.95,0,2.95
0.0,10.5,0.00,0.00,0,2.95,0,27.52,0,2.95,0,2.95
0.2,10.5,0.00,0.00,0,2.95,0,27.52,0,2.95,0,2.95
0.2,10.5,0.00,0.00,0,2.95,0,27.52,0,2.95,0,2.95
0.6,10.5,0.00,0.00,0,2.95,0,27.52,0,2.95,0,2.95
0.4,10.5,0.00,0.00,0,2.95,0,27.52,0,2.95,0,2.95
0.2,10.5,0.00,0.00,0,2.95,0,27.52,0,2.95,0,2.95
0.6,10.5,0.00,0.00,0,2.95,0,27.52,0,2.95,0,2.95
0.4,10.5,0.00,0.00,0,2.95,0,27.52,0,2.95,0,2.95
0.8,10.5,0.00,0.00,0,2.95,0,27.52,0,2.95,0,2.95
0.4,10.5,0.00,0.00,0,2.95,0,27.52,0,2.95,0,2.95
0.4,10.5,0.00,0.00,0,2.95,0,27.52,0,2.95,0,2.95
0.2,10.5,0.00,0.00,0,2.95,0,27.52,0,2.95,0,2.95
0.2,10.5,0.00,0.00,0,2.95,0,27.52,0,2.95,0,2.95
0.8,10.5,0.00,0.00,0,2.95,0,27.52,0,2.95,0,2.95
0.2,10.5,0.00,0.00,0,2.95,0,27.52,0,2.95,0,2.95
0.2,10.5,0.00,0.00,0,2.95,0,27.52,0,2.95,0,2.95
0.0,10.5,0.00,0.00,0,2.95,0,27.52,0,2.95,0,2.95
0.4,10.5,0.00,0.00,0,2.95,0,27.52,0,2.95,0,2.95
0.4,10.5,0.00,0.00,0,2.95,0,27.52,0,2.95,0,2.95
2.1,10.5,0.00,0.00,0,2.95,0,27.52,0,2.95,0,2.95
0.0,10.5,0.00,0.00,0,2.95,0,27.52,0,2.95,0,2.95
0.4,10.5,0.00,0.00,0,2.95,0,27.52,0,2.95,0,2.95
0.0,10.5,0.00,0.00,0,2.95,0,27.52,0,2.95,0,2.95
0.4,10.5,0.00,0.00,0,2.95,0,27.52,0,2.95,0,2.95
0.2,10.5,0.00,0.00,0,2.95,0,27.52,0,2.95,0,2.95
0.0,10.5,0.00,0.00,0,2.95,0,27.52,0,2.95,0,2.95
0.2,10.5,0.00,0.00,0,2.95,0,27.52,0,2.95,0,2.95
0.4,10.5,0.00,0.00,0,2.95,0,27.52,0,2.95,0,2.95
0.4,10.5,0.00,0.00,0,2.95,0,27.52,0,2.95,0,2.95
0.4,10.5,0.00,0.00,0,2.95,0,27.52,0,2.95,0,2.95
0.4,10.5,0.00,0.00,0,2.95,0,27.52,0,2.95,0,2.95
0.2,10.5,0.00,0.00,0,2.95,0,27.52,0,2.95,0,2.95
0.0,10.5,0.00,0.00,0,2.95,0,27.52,0,2.95,0,2.95
0.2,10.5,0.00,0.00,0,2.95,0,27.52,0,2.95,0,2.95
0.4,10.5,0.00,0.00,0,2.95,0,27.52,0,2.95,0,2.95
0.2,10.5,0.00,0.00,0,2.95,0,27.52,0,2.95,0,2.95
0.4,10.5,0.00,0.00,0,2.95,0,27.52,0,2.95,0,2.95
0.2,10.5,0.00,0.00,0,2.95,0,27.52,0,2.95,0,2.95
0.4,10.5,0.00,0.00,0,2.95,0,27.52,0,2.95,0,2.95
0.0,10.5,0.00,0.00,0,2.95,0,27.52,0,2.95,0,2.95
2.5,10.5,0.00,0.00,0,2.95,0,27.52,0,2.95,0,2.95
0.4,10.5,0.00,0.00,0,2.95,0,27.52,0,2.95,0,2.95
0.4,10.5,0.00,0.00,0,2.95,0,27.52,0,2.95,0,2.95
0.4,10.5,0.00,0.00,0,2.95,0,27.52,0,2.95,0,2.95
0.4,10.5,0.00,0.00,0,2.95,0,27.52,0,2.95,0,2.95
0.0,10.5,0.00,0.00,0,2.95,0,27.52,0,2.95,0,2.95
0.2,10.5,0.00,0.00,0,2.95,0,27.52,0,2.95,0,2.95
0.4,10.5,0.00,0.00,0,2.95,0,27.52,0,2.95,0,2.95
0.0,10.5,0.00,0.00,0,2.95,0,27.52,0,2.95,0,2.95
0.0,10.5,0.00,0.00,0,2.95,0,27.52,0,2.95,0,2.95
0.6,10.5,0.00,0.00,0,2.95,0,27.52,0,2.95,0,2.95
0.0,10.5,0.00,0.00,0,2.95,0,27.52,0,2.95,0,2.95
0.6,10.5,0.00,0.00,0,2.95,0,27.52,0,2.95,0,2.95
0.6,10.5,0.00,0.00,0,2.95,0,27.52,0,2.95,0,2.95
0.2,10.5,0.00,0.00,0,2.95,0,27.52,0,2.95,0,2.95
0.4,10.5,0.00,0.00,0,2.95,0,27.52,0,2.95,0,2.95
0.0,10.5,0.00,0.00,0,2.95,0,27.52,0,2.95,0,2.95
0.4,10.5,0.00,0.00,0,2.95,0,27.52,0,2.95,0,2.95
0.0,10.5,0.00,0.00,0,2.95,0,27.52,0,2.95,0,2.95
0.6,10.5,0.00,0.00,0,2.95,0,27.52,0,2.95,0,2.95
0.2,10.5,0.00,0.00,0,2.95,0,27.52,0,2.95,0,2.95
2.1,10.5,0.00,0.00,0,2.95,0,27.52,0,2.95,0,2.95
0.6,10.5,0.00,0.00,0,2.95,0,27.52,0,2.95,0,2.95
0.0,10.5,0.00,0.00,0,2.95,0,27.52,0,2.95,0,2.95
0.2,10.5,0.00,0.00,0,2.95,0,27.52,0,2.95,0,2.95
0.2,10.5,0.00,0.00,0,2.95,0,27.52,0,2.95,0,2.95
0.6,10.5,0.00,0.00,0,2.95,0,27.52,0,2.95,0,2.95
0.2,10.5,0.00,0.00,0,2.95,0,27.52,0,2.95,0,2.95
0.0,10.5,0.00,0.00,0,2.95,0,27.52,0,2.95,0,2.95
0.4,10.5,0.00,0.00,0,2.95,0,27.52,0,2.95,0,2.95
1.9,10.5,0.00,0.00,0,2.95,0,27.52,0,2.95,0,2.95
0.6,10.5,0.00,0.00,0,2.95,0,27.52,0,2.95,0,2.95
1.6,10.5,0.00,0.00,0,2.95,0,27.52,0,2.95,0,2.95
0.4,10.5,0.00,0.00,0,2.95,0,27.52,0,2.95,0,2.95
0.4,10.5,0.00,0.00,0,2.95,0,27.52,0,2.95,0,2.95
0.4,10.5,0.00,0.00,0,2.95,0,27.52,0,2.95,0,2.95
0.4,10.5,0.00,0.00,0,2.95,0,27.52,0,2.95,0,2.95
0.2,10.5,0.00,0.00,0,2.95,0,27.52,0,2.95,0,2.95
0.2,10.5,0.00,0.00,0,2.95,0,27.52,0,2.95,0,2.95
0.4,10.5,0.00,0.00,0,2.95,0,27.52,0,2.95,0,2.95
0.6,10.5,0.00,0.00,0,2.95,0,27.52,0,2.95,0,2.95
0.4,10.5,0.00,0.00,0,2.95,0,27.52,0,2.95,0,2.95
2.5,10.5,0.00,0.00,0,2.95,0,27.52,0,2.95,0,2.95
0.4,10.5,0.00,0.00,0,2.95,0,27.52,0,2.95,0,2.95
0.2,10.5,0.00,0.00,0,2.95,0,27.52,0,2.95,0,2.95
0.2,10.5,0.00,0.00,0,2.95,0,27.52,0,2.95,0,2.95
0.0,10.5,0.00,0.00,0,2.95,0,27.52,0,2.95,0,2.95
0.2,10.5,0.00,0.00,0,2.95,0,27.52,0,2.95,0,2.95
0.4,10.5,0.00,0.00,0,2.95,0,27.52,0,2.95,0,2.95
0.4,10.5,0.00,0.00,0,2.95,0,27.52,0,2.95,0,2.95
0.2,10.5,0.00,0.00,0,2.95,0,27.52,0,2.95,0,2.95
0.6,10.5,0.00,0.00,0,2.95,0,27.52,0,2.95,0,2.95
0.8,10.5,0.00,0.00,0,2.95,0,27.52,0,2.95,0,2.95
0.2,10.5,0.00,0.00,0,2.95,0,27.52,0,2.95,0,2.95
0.0,10.5,0.00,0.00,0,2.95,0,27.52,0,2.95,0,2.95
0.0,10.5,0.00,0.00,0,2.95,0,27.52,0,2.95,0,2.95
0.4,10.5,0.00,0.00,0,2.95,0,27.52,0,2.95,0,2.95
0.0,10.5,0.00,0.00,0,2.95,0,27.52,0,2.95,0,2.95
0.2,10.5,0.00,0.00,0,2.95,0,27.52,0,2.95,0,2.95
0.2,10.5,0.00,0.00,0,2.95,0,27.52,0,2.95,0,2.95
0.4,10.5,0.00,0.00,0,2.95,0,27.52,0,2.95,0,2.95
0.2,10.5,0.00,0.00,0,2.95,0,27.52,0,2.95,0,2.95
0.4,10.5,0.00,0.00,0,2.95,0,27.52,0,2.95,0,2.95
1.7,10.5,0.00,0.00,0,2.95,0,27.52,0,2.95,0,2.95
0.6,10.5,0.00,0.00,0,2.95,0,27.52,0,2.95,0,2.95
0.4,10.5,0.00,0.00,0,2.95,0,27.52,0,2.95,0,2.95
0.2,10.5,0.00,0.00,0,2.95,0,27.52,0,2.95,0,2.95
0.2,10.5,0.00,0.00,0,2.95,0,27.52,0,2.95,0,2.95
0.4,10.5,0.00,0.00,0,2.95,0,27.52,0,2.95,0,2.95
0.2,10.5,0.00,0.00,0,2.95,0,27.52,0,2.95,0,2.95
0.4,10.5,0.00,0.00,0,2.95,0,27.52,0,2.95,0,2.95
0.0,10.5,0.00,0.00,0,2.95,0,27.52,0,2.95,0,2.95
0.4,10.5,0.00,0.00,0,2.95,0,27.52,0,2.95,0,2.95
1.5,10.5,0.00,0.00,0,2.95,0,27.52,0,2.95,0,2.95
0.6,10.5,0.00,0.00,0,2.95,0,27.52,0,2.95,0,2.95
0.2,10.5,0.00,0.00,0,2.95,0,27.52,0,2.95,0,2.95
0.8,10.5,0.00,0.00,0,2.95,0,27.52,0,2.95,0,2.95
0.4,10.5,0.00,0.00,0,2.95,0,27.52,0,2.95,0,2.95
0.2,10.5,0.00,0.00,0,2.95,0,27.52,0,2.95,0,2.95
0.4,10.5,0.00,0.00,0,2.95,0,27.52,0,2.95,0,2.95
0.4,10.5,0.00,0.00,0,2.95,0,27.52,0,2.95,0,2.95
0.2,10.5,0.00,0.00,0,2.95,0,27.52,0,2.95,0,2.95
1.0,10.5,0.00,0.00,0,2.95,0,27.52,0,2.95,0,2.95
0.2,10.5,0.00,0.00,0,2.95,0,27.52,0,2.95,0,2.95
1.9,10.5,0.00,0.00,0,2.95,0,27.52,0,2.95,0,2.95
0.4,10.5,0.00,0.00,0,2.95,0,27.52,0,2.95,0,2.95
0.4,10.5,0.00,0.00,0,2.95,0,27.52,0,2.95,0,2.95
0.2,10.5,0.00,0.00,0,2.95,0,27.52,0,2.95,0,2.95
0.2,10.5,0.00,0.00,0,2.95,0,27.52,0,2.95,0,2.95
0.0,10.5,0.00,0.00,0,2.95,0,27.52,0,2.95,0,2.95
0.0,10.5,0.00,0.00,0,2.95,0,27.52,0,2.95,0,2.95
0.4,10.5,0.00,0.00,0,2.95,0,27.52,0,2.95,0,2.95
0.6,10.5,0.00,0.00,0,2.95,0,27.52,0,2.95,0,2.95
0.4,10.5,0.00,0.00,0,2.95,0,27.52,0,2.95,0,2.95
1.9,10.5,0.00,0.00,0,2.95,0,27.52,0,2.95,0,2.95
0.6,10.5,0.00,0.00,0,2.95,0,27.52,0,2.95,0,2.95
0.2,10.5,0.00,0.00,0,2.95,0,27.52,0,2.95,0,2.95
0.0,10.5,0.00,0.00,0,2.95,0,27.52,0,2.95,0,2.95
1.5,10.5,0.00,0.00,0,2.95,0,27.52,0,2.95,0,2.95
0.6,10.5,0.00,0.00,0,2.95,0,27.52,0,2.95,0,2.95
0.4,10.5,0.00,0.00,0,2.95,0,27.52,0,2.95,0,2.95
0.4,10.5,0.00,0.00,0,2.95,0,27.52,0,2.95,0,2.95
0.4,10.5,0.00,0.00,0,2.95,0,27.52,0,2.95,0,2.95
0.8,10.5,0.00,0.00,0,2.95,0,27.52,0,2.95,0,2.95
0.8,10.5,0.00,0.00,0,2.95,0,27.52,0,2.95,0,2.95
0.6,10.5,0.00,0.00,0,2.95,0,27.52,0,2.95,0,2.95
0.4,10.5,0.00,0.00,0,2.95,0,27.52,0,2.95,0,2.95
0.4,10.5,0.00,0.00,0,2.95,0,27.52,0,2.95,0,2.95
0.2,10.5,0.00,0.00,0,2.95,0,27.52,0,2.95,0,2.95
0.2,10.5,0.00,0.00,0,2.95,0,27.52,0,2.95,0,2.95
3.6,10.5,0.00,0.00,0,2.95,0,27.52,0,2.95,0,2.95
2.7,10.7,0.00,0.00,0,2.95,0,27.52,0,2.95,0,2.95
2.5,10.8,0.00,0.00,0,2.95,0,27.52,0,2.95,0,2.95
2.3,10.9,0.00,0.00,0,2.95,0,27.52,0,2.95,0,2.95
2.3,10.9,0.00,0.00,0,2.95,0,27.52,0,2.95,0,2.95
6.1,10.9,0.00,0.00,0,2.95,0,27.52,0,2.95,0,2.95
7.5,11.3,0.00,0.00,0,2.95,0,27.52,0,2.95,0,2.95
8.2,11.3,0.00,0.00,0,2.95,0,27.52,0,2.95,0,2.95
5.5,11.5,0.00,0.00,0,2.95,0,27.52,0,2.95,0,2.95
4.6,11.5,0.00,0.00,0,2.95,0,27.52,0,2.95,0,2.95
5.0,11.5,0.00,0.00,0,2.95,0,27.52,0,2.95,0,2.95
16.5,11.6,0.00,0.00,0,2.95,0,27.52,0,2.95,0,2.95
4.8,11.7,0.00,0.00,0,2.95,0,27.52,0,2.95,0,2.95
12.7,12.1,0.00,0.00,0,2.95,0,27.52,0,2.95,0,2.95
12.7,12.3,0.00,0.00,0,2.95,0,27.52,0,2.95,0,2.95
14.5,13.0,0.00,0.00,0,2.95,0,27.52,0,2.95,0,2.95
6.4,13.1,0.00,0.00,0,2.95,0,27.52,0,2.95,0,2.95
2.3,13.4,0.00,0.00,0,2.95,0,27.52,0,2.95,0,2.95
2.9,13.4,0.00,0.00,0,2.95,0,27.52,0,2.95,0,2.95
2.3,13.4,0.00,0.00,0,2.95,0,27.52,0,2.95,0,2.95
2.3,13.4,0.00,0.00,0,2.95,0,27.52,0,2.95,0,2.95
2.5,13.4,0.00,0.00,0,2.95,0,27.52,0,2.95,0,2.95
2.3,13.4,0.00,0.00,0,2.95,0,27.52,0,2.95,0,2.95
2.7,13.4,0.00,0.00,0,2.95,0,27.52,0,2.95,0,2.95
2.5,13.4,0.00,0.00,0,2.95,0,27.52,0,2.95,0,2.95
4.4,13.4,0.00,0.00,0,2.95,0,27.52,0,2.95,0,2.95
2.5,13.4,0.00,0.00,0,2.95,0,27.52,0,2.95,0,2.95
2.5,13.4,0.00,0.00,0,2.95,0,27.52,0,2.95,0,2.95
2.3,13.4,0.00,0.00,0,2.95,0,27.52,0,2.95,0,2.95
2.3,13.4,0.00,0.00,0,2.95,0,27.52,0,2.95,0,2.95
4.0,13.4,0.00,0.00,0,2.95,0,27.52,0,2.95,0,2.95
9.1,12.6,0.00,0.00,0,2.95,0,27.52,0,2.95,0,2.95
3.6,12.6,0.00,0.00,0,2.95,0,27.52,0,2.95,0,2.95
3.6,12.6,0.00,0.00,0,2.95,0,27.52,0,2.95,0,2.95
2.7,12.6,0.00,0.00,0,2.95,0,27.52,0,2.95,0,2.95
2.3,12.6,0.00,0.00,0,2.95,0,27.52,0,2.95,0,2.95
0.4,12.6,0.00,0.00,0,2.95,0,27.52,0,2.95,0,2.95
3.2,12.6,0.00,0.00,0,2.95,0,27.52,0,2.95,0,2.95
3.8,12.6,0.00,0.00,0,2.95,0,27.52,0,2.95,0,2.95
3.4,12.6,0.00,0.00,0,2.95,0,27.52,0,2.95,0,2.95
0.4,12.6,0.00,0.00,0,2.95,0,27.52,0,2.95,0,2.95
0.2,12.6,0.00,0.00,0,2.95,0,27.52,0,2.95,0,2.95
0.6,12.6,0.00,0.00,0,2.95,0,27.52,0,2.95,0,2.95
3.6,12.6,0.00,0.00,0,2.95,0,27.52,0,2.95,0,2.95
3.6,12.6,0.00,0.00,0,2.95,0,27.52,0,2.95,0,2.95
1.2,12.6,0.00,0.00,0,2.95,0,27.52,0,2.95,0,2.95
0.0,12.6,0.00,0.00,0,2.95,0,27.52,0,2.95,0,2.95
0.6,12.6,0.00,0.00,0,2.95,0,27.52,0,2.95,0,2.95
3.0,12.6,0.00,0.00,0,2.95,0,27.52,0,2.95,0,2.95
3.6,12.6,0.00,0.00,0,2.95,0,27.52,0,2.95,0,2.95
0.2,12.6,0.00,0.00,0,2.95,0,27.52,0,2.95,0,2.95
0.2,12.6,0.00,0.00,0,2.95,0,27.52,0,2.95,0,2.95
0.4,12.6,0.00,0.00,0,2.95,0,27.52,0,2.95,0,2.95
3.6,12.6,0.00,0.00,0,2.95,0,27.52,0,2.95,0,2.95
3.4,12.6,0.00,0.00,0,2.95,0,27.52,0,2.95,0,2.95
0.8,12.6,0.00,0.00,0,2.95,0,27.52,0,2.95,0,2.95
0.4,12.6,0.00,0.00,0,2.95,0,27.52,0,2.95,0,2.95
0.0,12.6,0.00,0.00,0,2.95,0,27.52,0,2.95,0,2.95
3.1,12.6,0.00,0.00,0,2.95,0,27.52,0,2.95,0,2.95
2.9,12.6,0.00,0.00,0,2.95,0,27.52,0,2.95,0,2.95
0.8,12.6,0.00,0.00,0,2.95,0,27.52,0,2.95,0,2.95
0.2,12.6,0.00,0.00,0,2.95,0,27.52,0,2.95,0,2.95
0.4,12.6,0.00,0.00,0,2.95,0,27.52,0,2.95,0,2.95
3.2,12.6,0.00,0.00,0,2.95,0,27.52,0,2.95,0,2.95
3.4,12.6,0.00,0.00,0,2.95,0,27.52,0,2.95,0,2.95
1.2,12.6,0.00,0.00,0,2.95,0,27.52,0,2.95,0,2.95
0.8,12.6,0.00,0.00,0,2.95,0,27.52,0,2.95,0,2.95
0.2,12.6,0.00,0.00,0,2.95,0,27.52,0,2.95,0,2.95
3.4,12.6,0.00,0.00,0,2.95,0,27.52,0,2.95,0,2.95
3.2,12.6,0.00,0.00,0,2.95,0,27.52,0,2.95,0,2.95
1.9,12.6,0.00,0.00,0,2.95,0,27.52,0,2.95,0,2.95
0.4,12.6,0.00,0.00,0,2.95,0,27.52,0,2.95,0,2.95
0.0,12.6,0.00,0.00,0,2.95,0,27.52,0,2.95,0,2.95
3.4,12.7,0.00,0.00,0,2.95,0,27.52,0,2.95,0,2.95
3.4,12.7,0.00,0.00,0,2.95,0,27.52,0,2.95,0,2.95
3.4,12.7,0.00,0.00,0,2.95,0,27.52,0,2.95,0,2.95
0.6,12.6,0.00,0.00,0,2.95,0,27.52,0,2.95,0,2.95
0.6,12.7,0.00,0.00,0,2.95,0,27.52,0,2.95,0,2.95
3.6,12.7,0.00,0.00,0,2.95,0,27.52,0,2.95,0,2.95
3.6,12.7,0.00,0.00,0,2.95,0,27.52,0,2.95,0,2.95
3.6,12.7,0.00,0.00,0,2.95,0,27.52,0,2.95,0,2.95
0.4,12.7,0.00,0.00,0,2.95,0,27.52,0,2.95,0,2.95
0.6,12.7,0.00,0.00,0,2.95,0,27.52,0,2.95,0,2.95
2.5,12.7,0.00,0.00,0,2.95,0,27.52,0,2.95,0,2.95
3.4,12.8,0.00,0.00,0,2.95,0,27.52,0,2.95,0,2.95
4.0,12.8,0.00,0.00,0,2.95,0,27.52,0,2.95,0,2.95
2.1,12.7,0.00,0.00,0,2.95,0,27.52,0,2.95,0,2.95
0.4,12.7,0.00,0.00,0,2.95,0,27.52,0,2.95,0,2.95
0.2,12.7,0.00,0.00,0,2.95,0,27.52,0,2.95,0,2.95
4.2,12.8,0.00,0.00,0,2.95,0,27.52,0,2.95,0,2.95
3.4,12.8,0.00,0.00,0,2.95,0,27.52,0,2.95,0,2.95
0.6,12.7,0.00,0.00,0,2.95,0,27.52,0,2.95,0,2.95
0.0,12.7,0.00,0.00,0,2.95,0,27.52,0,2.95,0,2.95
10.6,12.7,0.00,0.00,0,2.95,0,27.52,0,2.95,0,2.95
3.2,12.7,0.00,0.00,0,2.95,0,2.95,0,2.95,0,2.95
32840.76