1.6,8.3,0.00,0.00,0,2.95,0,2.95,0,2.95,0,2.95
0.0,8.3,0.00,0.00,0,2.95,0,2.95,0,2.95,0,2.95
0.0,8.3,0.00,0.00,0,2.95,0,2.95,0,2.95,0,2.95
0.0,8.3,0.00,0.00,0,2.95,0,2.95,0,2.95,0,2.95
0.2,8.3,0.00,0.00,0,2.95,0,2.95,0,2.95,0,2.95
0.6,8.2,0.00,0.00,0,2.95,0,2.95,0,2.95,0,2.95
6.6,8.6,0.00,0.00,0,2.95,0,2.95,0,2.95,0,2.95
7.2,9.2,0.00,0.00,0,2.95,0,2.95,0,2.95,0,2.95
4.2,10.0,0.00,0.00,0,7.47,1,6.82,0,2.95,0,2.95
6.5,15.4,0.00,0.00,7,19.94,3,13.44,0,2.95,0,2.95
7.9,20.5,0.00,0.00,6,31.71,4,16.22,0,2.95,0,2.95
8.5,21.0,0.00,0.00,0,31.71,0,16.22,0,2.95,0,2.95
8.7,21.4,0.00,0.00,0,31.71,0,16.22,0,2.95,0,2.95
62.3,21.9,0.00,0.00,0,31.71,0,16.22,0,2.95,0,2.95
49.2,22.3,0.00,0.00,0,31.71,3,24.81,0,2.95,0,2.95
13.4,22.9,0.00,0.00,40,36.47,63,24.81,0,2.95,0,2.95
14.3,23.1,0.00,0.00,42,36.47,68,24.81,0,2.95,0,2.95
14.0,23.4,0.00,0.00,40,36.47,67,24.81,0,2.95,0,2.95
17.7,23.6,0.00,0.00,36,36.47,65,24.81,0,2.95,0,2.95
11.7,23.9,0.00,0.00,38,36.47,66,24.81,0,2.95,0,2.95
12.6,23.9,0.00,0.00,40,36.47,71,24.81,0,2.95,0,2.95
12.2,23.9,0.00,0.00,41,36.47,72,24.81,0,2.95,0,2.95
13.5,23.9,0.00,0.00,41,36.47,69,24.81,0,2.95,0,2.95
19.3,24.3,0.00,0.00,39,36.47,66,24.81,0,2.95,0,2.95
13.8,24.9,0.00,0.00,41,36.47,71,24.81,0,5.5,0,2.95
18.6,26.4,0.00,0.00,41,36.47,72,27.24,2,11.29,5,8.14
18.4,31.0,0.00,0.00,43,36.47,76,32.98,3,18.44,5,14.24
17.8,35.6,0.00,0.00,40,36.47,70,40.4,0,18.44,7,18.54
40.9,36.9,0.00,0.00,36,36.47,61,40.4,0,18.44,0,18.54
69.2,37.7,0.00,0.00,34,36.47,55,40.4,0,18.44,0,18.54
17.4,38.6,0.00,0.00,37,36.47,57,40.4,0,18.44,2,23.9
20.9,40.6,0.00,0.00,39,36.47,65,40.4,12,33.36,3,29.46
26.7,42.9,0.00,0.00,38,36.47,66,55.32,96,33.36,96,48.95
20.9,43.7,0.00,0.00,42,36.47,98,55.44,96,33.36,97,48.95
65.7,43.1,0.00,0.00,37,36.47,96,55.44,94,33.36,96,48.95
21.1,43.4,0.00,0.00,43,36.47,96,55.44,95,33.36,94,48.95
67.4,43.9,0.00,0.00,38,36.47,96,55.44,94,33.36,96,59.93
24.6,44.3,0.00,0.00,39,36.47,96,55.44,96,33.36,100,63.86
20.4,44.6,0.00,0.00,40,36.47,99,55.44,93,33.36,100,63.86
25.8,44.9,0.00,0.00,39,36.47,100,55.44,94,33.36,99,63.86
27.0,45.3,0.00,0.00,38,36.47,100,55.44,95,33.48,100,63.86
26.6,47.1,0.00,0.00,44,40.66,100,55.44,96,40.11,99,63.86
27.8,50.7,0.00,0.00,39,46.17,100,55.44,97,45.8,99,63.86
27.0,52.8,0.00,0.00,45,55.01,100,55.44,92,51.9,99,63.86
29.9,53.2,0.00,0.00,38,55.01,100,55.44,96,51.9,97,63.86
53.7,53.6,0.00,0.00,39,55.01,100,55.44,93,51.9,100,63.86
98.7,54.0,0.00,0.00,37,55.01,100,55.44,93,51.9,100,63.86
27.8,54.5,0.00,0.00,39,55.01,100,55.44,92,61.18,100,63.86
30.7,55.0,0.00,0.00,98,64.29,100,55.44,100,61.18,99,63.86
31.0,55.0,0.00,0.00,100,64.29,100,55.44,100,61.18,99,63.86
28.4,55.0,0.00,0.00,100,64.29,100,55.44,100,61.18,98,63.86
29.8,55.0,0.00,0.00,100,64.29,100,55.44,100,61.18,99,63.86
33.5,55.0,0.00,0.00,100,64.34,100,55.44,100,61.18,99,63.86
33.2,54.2,0.00,0.00,100,79.26,99,55.44,100,61.18,98,63.86
28.0,54.4,0.00,0.00,100,79.26,99,55.44,100,61.18,99,63.86
34.5,54.6,0.00,0.00,100,79.26,100,55.44,100,61.18,99,63.86
33.0,54.8,0.00,0.00,100,79.26,100,55.44,100,61.18,99,63.86
28.2,55.0,0.00,0.00,100,79.26,100,55.44,100,61.18,99,63.86
31.8,55.0,0.00,0.00,100,79.26,100,55.44,100,61.18,99,63.86
27.6,55.0,0.00,0.00,100,79.26,100,55.44,100,61.18,99,63.86
26.2,55.0,0.00,0.00,100,79.26,100,55.44,100,61.18,99,63.86
27.7,55.0,0.00,0.00,100,79.26,100,55.44,100,61.18,99,63.86
29.4,55.0,0.00,0.00,100,79.26,100,55.44,100,61.18,99,63.86
28.0,55.0,0.00,0.00,100,79.26,100,55.44,100,61.18,99,63.86
29.2,55.0,0.00,0.00,100,79.26,100,55.44,100,61.18,99,63.86
26.7,55.0,0.00,0.00,100,79.26,100,55.44,100,61.18,99,63.86
29.1,55.0,0.00,0.00,100,79.26,100,55.44,100,61.18,99,63.86
29.3,55.0,0.00,0.00,100,79.26,100,55.44,100,61.18,99,63.86
34.1,55.0,0.00,0.00,100,79.26,99,55.44,100,61.18,98,63.86
96.9,54.1,0.00,0.00,100,79.26,97,55.44,100,61.2,99,63.86
25.1,52.4,0.00,0.00,98,79.28,99,55.44,96,61.2,99,63.86
23.4,53.1,0.00,0.00,94,79.28,94,55.44,95,61.2,99,63.86
28.1,53.7,0.00,0.00,94,79.28,99,55.44,90,61.2,99,63.86
26.5,54.3,0.00,0.00,93,79.28,97,55.44,94,61.2,98,63.86
35.9,53.0,0.00,0.00,92,79.28,66,55.44,98,61.2,97,63.86
31.3,53.6,0.00,0.00,96,79.28,57,55.44,100,61.2,97,63.86
98.7,54.1,0.00,0.00,100,79.28,67,55.44,100,61.2,94,63.86
29.4,54.4,0.00,0.00,100,79.28,67,55.44,100,61.2,95,63.86
30.0,54.8,0.00,0.00,100,79.28,63,55.44,100,61.2,99,63.86
26.6,55.0,0.00,0.00,100,79.28,100,55.44,100,61.2,99,63.86
26.6,55.0,0.00,0.00,100,79.28,100,55.44,100,61.2,99,63.86
26.4,55.0,0.00,0.00,100,79.28,99,55.44,100,61.2,99,63.86
27.9,55.0,0.00,0.00,100,79.28,100,55.44,100,61.2,99,63.86
30.5,55.0,0.00,0.00,100,79.28,100,55.44,100,61.2,99,63.86
29.1,55.0,0.00,0.00,100,79.28,100,55.44,100,61.2,99,63.86
29.0,55.0,0.00,0.00,100,79.28,100,55.44,100,61.2,99,63.86
29.0,55.0,0.00,0.00,100,79.28,100,55.44,100,61.2,99,63.86
29.0,55.0,0.00,0.00,100,79.28,99,55.44,100,61.2,99,63.86
25.3,55.0,0.00,0.00,100,79.28,100,55.44,100,61.2,99,63.86
27.0,55.0,0.00,0.00,100,79.28,100,55.44,100,61.2,99,63.86
30.7,55.0,0.00,0.00,100,79.28,99,55.44,100,61.2,99,63.86
28.8,55.0,0.00,0.00,100,79.28,100,55.44,100,61.2,99,63.86
31.2,55.0,0.00,0.00,100,79.28,99,55.44,100,61.2,99,63.86
30.1,55.0,0.00,0.00,100,79.28,100,55.44,100,61.2,99,63.86
28.2,55.0,0.00,0.00,100,79.28,100,55.44,100,61.2,99,63.86
26.1,55.0,0.00,0.00,100,79.28,100,55.44,100,61.2,99,63.86
36.0,55.0,0.00,0.00,100,79.28,100,55.44,82,61.52,99,63.86
97.1,52.4,0.00,0.00,96,79.28,100,55.44,0,61.52,99,63.86
34.2,53.0,0.00,0.00,92,79.28,99,55.44,0,61.52,100,63.86
19.0,53.6,0.00,0.00,95,79.28,99,55.44,0,61.52,100,63.86
54.1,49.1,0.00,0.00,94,79.28,98,33.45,0,61.52,100,63.86
34.3,49.8,0.00,0.00,98,79.28,100,33.45,100,61.52,99,63.86
24.7,50.1,0.00,0.00,100,79.28,99,33.45,100,61.52,99,63.86
28.2,50.7,0.00,0.00,100,79.28,99,33.45,100,61.52,99,63.86
27.6,51.0,0.00,0.00,100,79.28,100,36.42,100,61.52,99,63.86
26.8,52.6,0.00,0.00,100,79.28,99,42.13,100,61.52,99,63.86
25.9,54.4,0.00,0.00,100,79.28,100,59.27,100,61.52,99,63.86
25.8,54.0,0.00,0.00,100,79.28,100,59.27,100,61.52,99,63.86
25.3,54.3,0.00,0.00,100,79.28,99,59.27,100,61.52,99,63.86
24.1,54.5,0.00,0.00,100,79.28,99,59.27,100,61.52,99,63.86
24.3,54.7,0.00,0.00,100,79.28,99,87.74,100,61.52,99,63.86
24.9,54.9,0.00,0.00,100,79.6,100,87.74,100,61.52,99,63.86
28.0,54.0,0.00,0.00,100,79.6,100,87.74,100,61.52,99,63.86
29.1,54.2,0.00,0.00,100,79.6,100,87.74,100,61.52,100,63.86
91.0,54.4,0.00,0.00,100,79.6,100,87.74,100,61.52,99,63.86
28.5,54.6,0.00,0.00,100,79.6,100,87.74,100,61.52,100,63.86
30.5,54.8,0.00,0.00,100,79.6,100,87.74,100,61.52,100,63.86
27.3,54.9,0.00,0.00,100,79.6,100,87.74,100,61.52,100,63.86
27.3,54.9,0.00,0.00,100,79.6,100,87.74,100,61.52,100,63.86
30.2,54.9,0.00,0.00,100,79.6,100,87.74,100,61.52,100,63.86
29.4,54.9,0.00,0.00,100,79.6,100,87.74,100,61.52,100,63.86
27.8,54.9,0.00,0.00,100,79.6,100,87.74,100,61.52,100,63.86
23.2,54.9,0.00,0.00,100,79.6,100,87.74,99,61.52,100,63.86
28.9,53.2,0.00,0.00,41,79.6,100,87.74,95,61.52,100,63.86
24.8,53.6,0.00,0.00,16,79.6,100,87.74,40,61.52,100,63.86
25.6,53.9,0.00,0.00,17,79.6,100,87.74,46,61.52,100,63.86
80.9,54.2,0.00,0.00,18,79.6,100,87.74,52,61.52,100,63.86
23.2,54.6,0.00,0.00,21,79.6,100,87.74,40,61.52,100,63.86
19.9,54.9,0.00,0.00,18,79.6,100,87.74,90,61.52,100,63.86
38.3,54.9,0.00,0.00,41,79.6,100,87.74,97,61.52,100,63.86
20.7,54.9,0.00,0.00,96,79.6,100,87.74,99,61.52,100,64.18
20.5,54.0,0.00,0.00,48,79.6,100,87.74,86,61.52,99,64.18
21.0,54.1,0.00,0.00,53,79.6,100,87.74,80,61.52,99,64.18
23.9,54.3,0.00,0.00,44,79.6,100,87.74,72,61.52,99,64.18
25.5,54.4,0.00,0.00,42,79.6,100,87.74,82,61.52,99,64.18
27.9,54.6,0.00,0.00,90,79.6,100,87.74,100,61.52,99,64.18
28.0,54.8,0.00,0.00,100,79.6,100,87.74,100,61.52,99,64.18
27.0,54.9,0.00,0.00,100,79.6,100,87.74,100,61.52,100,64.18
24.2,55.0,0.00,0.00,100,79.6,100,87.74,98,61.52,100,64.18
24.3,55.0,0.00,0.00,64,79.6,100,87.74,98,61.52,100,64.18
22.9,55.0,0.00,0.00,57,79.6,100,87.74,72,61.52,100,64.18
19.8,55.0,0.00,0.00,56,79.6,100,87.74,79,61.52,100,64.18
21.0,55.0,0.00,0.00,63,79.6,100,87.74,82,61.52,100,64.18
36.5,54.9,0.00,0.00,66,79.6,100,87.74,100,61.52,100,64.18
30.1,52.9,0.00,0.00,100,79.6,100,57.23,100,61.52,98,33.67
23.2,44.6,0.00,0.00,100,79.6,100,57.23,100,61.52,98,33.67
19.5,44.6,0.00,0.00,100,79.6,100,57.23,98,61.52,97,33.67
19.2,44.6,0.00,0.00,56,79.6,100,57.23,86,61.52,51,33.67
15.5,44.6,0.00,0.00,56,79.6,100,57.23,64,61.52,56,33.67
16.3,44.6,0.00,0.00,48,79.6,100,57.23,81,61.52,51,33.67
18.0,44.6,0.00,0.00,56,79.6,100,57.23,67,61.52,49,33.67
25.3,44.6,0.00,0.00,54,79.6,100,57.23,100,61.52,98,33.67
22.6,44.6,0.00,0.00,100,79.6,100,57.23,100,61.52,98,33.67
23.7,44.6,0.00,0.00,100,79.6,100,57.23,100,61.52,98,33.67
22.2,44.6,0.00,0.00,100,79.6,100,57.23,99,61.52,98,33.67
18.6,44.6,0.00,0.00,47,79.6,100,57.23,99,61.52,72,33.67
17.7,44.6,0.00,0.00,50,79.6,100,57.23,82,61.52,56,33.67
58.1,42.8,0.00,0.00,54,79.6,100,57.23,56,61.52,55,33.67
35.3,43.1,0.00,0.00,21,79.6,100,57.23,64,61.52,65,33.67
21.5,43.4,0.00,0.00,32,79.6,100,57.23,94,61.52,97,33.67
55.8,43.9,0.00,0.00,40,79.6,100,57.23,97,61.52,98,33.67
70.4,44.3,0.00,0.00,45,79.6,100,57.23,97,61.52,98,33.67
18.4,44.6,0.00,0.00,36,79.6,100,57.23,93,61.52,98,33.67
16.9,44.6,0.00,0.00,80,79.6,100,57.23,79,61.52,65,33.67
22.0,44.6,0.00,0.00,66,79.6,100,57.23,65,61.52,57,33.67
17.5,44.6,0.00,0.00,76,79.6,100,57.23,74,61.52,58,33.67
16.4,44.6,0.00,0.00,72,79.6,100,57.23,79,61.52,94,33.67
25.9,44.6,0.00,0.00,94,79.6,100,57.23,100,61.52,98,33.67
22.5,44.6,0.00,0.00,100,79.6,100,57.23,100,61.52,96,33.67
21.6,44.6,0.00,0.00,100,79.6,100,57.23,100,61.52,98,33.67
18.2,44.6,0.00,0.00,93,79.6,100,57.23,99,61.52,62,33.67
17.3,44.6,0.00,0.00,63,79.6,100,57.23,90,61.52,45,33.67
19.4,43.7,0.00,0.00,59,79.6,100,57.23,68,61.52,55,33.67
59.7,43.8,0.00,0.00,95,79.6,99,57.23,71,61.52,41,33.67
15.8,44.0,0.00,0.00,67,79.6,95,57.23,81,61.52,94,33.67
24.9,44.1,0.00,0.00,96,79.6,100,57.23,100,61.52,98,33.67
24.8,44.3,0.00,0.00,100,79.6,100,57.23,100,61.52,97,33.67
35.5,44.6,0.00,0.00,100,79.6,99,57.23,100,61.52,97,33.67
19.6,44.6,0.00,0.00,100,79.6,100,57.23,99,61.52,84,33.67
17.0,44.6,0.00,0.00,77,79.6,100,57.23,99,61.52,69,33.67
16.1,44.6,0.00,0.00,69,79.6,100,57.23,80,61.52,56,33.67
17.1,44.6,0.00,0.00,74,79.6,100,57.23,78,61.52,59,33.67
14.5,44.6,0.00,0.00,70,79.6,100,57.23,82,61.52,84,33.67
22.8,44.6,0.00,0.00,91,79.6,100,57.23,100,61.52,98,33.67
27.1,44.6,0.00,0.00,100,79.6,100,57.23,99,61.52,95,33.67
57.7,43.7,0.00,0.00,100,79.6,100,57.23,100,61.52,97,33.67
22.1,43.9,0.00,0.00,100,79.6,99,57.23,100,61.52,97,33.67
30.0,44.2,0.00,0.00,100,79.6,100,57.23,53,61.52,97,33.67
88.9,42.7,0.00,0.00,95,79.6,100,57.23,0,61.52,97,33.67
20.4,43.3,0.00,0.00,96,79.6,100,57.23,96,61.52,97,33.67
19.1,43.8,0.00,0.00,96,79.6,100,57.23,97,61.52,98,33.67
19.8,44.2,0.00,0.00,95,79.6,100,57.23,96,61.52,97,33.67
21.8,44.6,0.00,0.00,94,79.6,100,57.23,100,61.52,98,33.67
23.2,44.6,0.00,0.00,100,79.6,100,57.23,100,61.52,98,33.67
20.0,44.6,0.00,0.00,100,79.6,100,57.23,100,61.52,98,33.67
24.4,44.6,0.00,0.00,100,79.6,100,57.23,100,61.52,98,33.67
21.3,44.6,0.00,0.00,100,79.6,100,57.23,100,61.52,98,33.67
23.2,44.6,0.00,0.00,100,79.6,100,57.23,100,61.52,98,33.67
22.9,44.6,0.00,0.00,100,79.6,100,57.23,100,61.52,96,33.67
21.0,44.5,0.00,0.00,100,79.6,100,57.23,100,61.52,97,33.67
29.0,44.6,0.00,0.00,100,79.6,98,57.23,100,61.52,97,33.67
70.1,43.7,0.00,0.00,100,79.6,0,57.23,100,61.52,49,33.48
19.1,38.9,0.00,0.00,100,79.6,0,57.23,100,61.52,0,2.95
16.9,39.0,0.00,0.00,100,79.6,0,57.23,100,61.52,0,2.95
18.6,39.2,0.00,0.00,100,79.6,0,57.23,100,61.52,0,2.95
17.1,39.3,0.00,0.00,100,79.6,65,57.23,100,61.52,0,2.95
18.6,39.3,0.00,0.00,100,79.6,100,57.23,100,61.52,0,2.95
20.5,39.3,0.00,0.00,100,79.6,100,57.23,100,61.52,0,2.95
17.7,39.3,0.00,0.00,100,79.6,100,57.23,100,61.52,0,2.95
18.9,39.3,0.00,0.00,100,79.6,100,57.23,100,61.52,0,2.95
28.2,39.3,0.00,0.00,100,79.6,100,57.23,99,33.67,0,2.95
12.5,29.1,0.00,0.00,98,51.75,100,57.23,98,33.67,0,2.95
11.0,29.1,0.00,0.00,98,51.75,100,57.23,98,33.67,0,2.95
11.3,29.1,0.00,0.00,98,51.75,100,57.23,98,33.67,0,2.95
11.5,29.1,0.00,0.00,97,51.75,100,57.23,98,33.67,0,2.95
11.6,29.1,0.00,0.00,97,51.75,100,57.23,98,33.67,0,2.95
11.8,29.1,0.00,0.00,97,51.75,100,57.23,98,33.67,0,2.95
11.5,29.1,0.00,0.00,97,51.75,100,57.23,98,33.67,0,2.95
11.3,29.0,0.00,0.00,98,51.75,100,57.23,98,33.67,0,2.95
11.1,29.0,0.00,0.00,98,51.75,100,57.23,98,33.67,0,2.95
11.7,29.0,0.00,0.00,97,51.75,100,57.23,97,33.67,0,2.95
11.5,29.0,0.00,0.00,97,51.75,100,57.23,98,33.67,0,2.95
12.3,29.0,0.00,0.00,98,51.75,100,57.23,98,33.67,0,2.95
11.7,29.0,0.00,0.00,97,51.75,100,57.23,98,33.67,0,2.95
10.9,29.0,0.00,0.00,97,51.75,100,57.23,98,33.67,0,2.95
12.2,29.0,0.00,0.00,97,51.75,100,57.23,98,33.67,0,2.95
11.5,29.0,0.00,0.00,98,51.75,100,57.23,97,33.67,0,2.95
11.7,29.0,0.00,0.00,97,51.75,100,57.23,98,33.67,0,2.95
11.7,29.0,0.00,0.00,97,51.75,100,57.23,98,33.67,0,2.95
9.8,29.0,0.00,0.00,98,51.75,100,57.23,98,33.67,0,2.95
64.9,28.1,0.00,0.00,47,51.75,100,57.23,98,33.67,0,2.95
87.3,28.4,0.00,0.00,47,51.75,100,57.23,96,33.67,0,2.95
13.0,28.6,0.00,0.00,47,51.75,100,57.23,98,33.67,0,2.95
13.0,28.8,0.00,0.00,47,51.75,100,57.23,94,33.67,0,2.95
14.9,29.0,0.00,0.00,45,51.75,100,57.23,98,33.67,0,2.95
11.9,29.1,0.00,0.00,46,51.75,100,57.23,98,33.67,0,2.95
17.5,29.2,0.00,0.00,48,51.75,100,57.23,97,33.67,0,2.95
12.4,29.2,0.00,0.00,23,51.75,100,57.23,83,33.67,0,2.95
13.5,29.2,0.00,0.00,30,51.75,100,57.23,62,33.67,0,2.95
13.4,29.2,0.00,0.00,25,51.75,100,57.23,76,33.67,0,2.95
11.9,29.2,0.00,0.00,34,51.75,100,57.23,97,33.67,0,2.95
11.7,29.2,0.00,0.00,24,51.75,100,57.23,67,33.67,0,2.95
13.4,29.1,0.00,0.00,20,51.75,100,57.23,67,33.67,0,2.95
11.3,29.1,0.00,0.00,28,51.75,100,57.23,70,33.67,0,2.95
11.9,29.1,0.00,0.00,47,51.75,100,57.23,98,33.67,0,2.95
13.1,29.1,0.00,0.00,48,51.75,100,57.23,98,33.67,0,2.95
12.3,29.1,0.00,0.00,48,51.75,100,57.23,98,33.67,0,2.95
12.9,29.1,0.00,0.00,38,51.75,100,57.23,98,33.67,0,2.95
13.2,24.1,0.00,0.00,27,51.75,99,57.23,5,2.95,0,2.95
13.4,23.9,0.00,0.00,30,51.75,100,57.23,0,2.95,0,2.95
17.4,24.6,0.00,0.00,37,51.75,100,57.23,0,2.95,0,2.95
60.5,25.7,0.00,0.00,42,51.75,97,57.23,0,2.95,0,3.07
16.1,28.2,0.00,0.00,45,58.54,100,57.23,1,11.35,9,12.93
22.4,37.8,0.00,0.00,32,69.01,100,57.23,10,23.02,10,24.65
23.9,47.8,0.00,0.00,29,84.47,100,57.23,14,40.03,12,40.03
15.7,48.5,0.00,0.00,26,84.47,99,57.23,0,40.03,0,40.03
15.7,49.0,0.00,0.00,29,84.47,99,57.23,0,40.03,0,40.03
22.3,49.7,0.00,0.00,37,84.47,100,57.23,0,40.03,0,40.03
55.1,50.3,0.00,0.00,42,84.47,100,57.23,0,40.03,0,40.03
98.3,50.9,0.00,0.00,40,92.33,100,57.23,0,48.95,26,48.95
17.3,51.7,0.00,0.00,33,92.33,99,57.23,48,48.95,41,48.95
26.8,52.1,0.00,0.00,43,92.33,99,57.23,46,48.95,53,48.95
97.3,52.5,0.00,0.00,28,92.33,100,57.23,41,48.95,41,48.95
88.1,53.1,0.00,0.00,33,92.33,73,57.23,43,48.95,99,48.95
29.5,53.6,0.00,0.00,96,92.33,99,57.23,96,48.95,98,48.95
27.5,54.1,0.00,0.00,93,92.33,100,57.23,98,48.95,99,48.95
23.4,54.7,0.00,0.00,84,92.33,100,57.23,99,48.95,99,48.95
22.2,54.7,0.00,0.00,98,92.33,100,57.23,99,48.95,99,48.95
22.0,54.7,0.00,0.00,98,92.33,100,57.23,100,48.95,100,48.95
22.1,54.7,0.00,0.00,98,92.33,100,57.23,100,48.95,100,48.95
21.8,54.7,0.00,0.00,98,92.33,100,57.23,100,48.95,100,48.95
22.3,54.7,0.00,0.00,98,92.33,100,57.23,100,48.95,100,48.95
22.2,54.7,0.00,0.00,98,92.33,100,57.23,100,48.95,100,48.95
21.6,54.7,0.00,0.00,98,92.33,100,57.23,100,48.95,100,48.95
22.6,54.7,0.00,0.00,98,92.33,100,57.23,100,48.95,100,48.95
21.1,54.7,0.00,0.00,98,92.33,100,57.23,99,48.95,100,48.95
22.1,54.7,0.00,0.00,99,92.33,100,57.23,99,48.95,100,48.95
22.5,54.7,0.00,0.00,98,92.33,100,57.23,100,48.95,100,48.95
21.3,54.7,0.00,0.00,98,92.33,100,57.23,100,48.95,100,48.95
22.9,54.7,0.00,0.00,98,92.33,100,57.23,100,48.95,99,48.95
26.7,54.7,0.00,0.00,98,92.33,100,57.23,100,48.95,100,48.95
20.8,49.5,0.00,0.00,100,74.25,100,57.23,100,48.95,100,48.95
21.0,49.5,0.00,0.00,100,74.25,100,57.23,61,58.22,49,58.22
45.9,47.8,0.00,0.00,99,74.25,100,57.23,99,58.22,98,58.22
25.9,48.2,0.00,0.00,99,74.25,99,57.23,99,58.22,99,58.22
31.6,48.0,0.00,0.00,100,83.58,99,57.23,99,58.22,99,58.22
32.9,48.1,0.00,0.00,99,83.58,99,57.23,97,58.22,99,58.22
31.9,47.8,0.00,0.00,100,83.58,0,57.23,98,58.22,99,58.22
46.0,48.4,0.00,0.00,100,83.58,0,57.23,99,58.22,99,58.22
27.5,48.8,0.00,0.00,99,83.58,0,57.23,99,58.22,99,58.22
35.1,49.2,0.00,0.00,100,83.58,0,57.23,99,58.22,99,58.22
26.5,49.5,0.00,0.00,100,83.58,0,57.23,99,58.22,99,58.22
25.2,49.5,0.00,0.00,100,83.58,99,57.23,100,58.22,99,58.22
25.9,49.5,0.00,0.00,100,83.58,100,57.23,100,58.22,99,58.22
18.8,49.5,0.00,0.00,100,83.58,100,57.23,69,58.25,98,58.25
26.7,47.8,0.00,0.00,100,83.58,99,57.23,98,58.25,99,58.25
27.3,48.3,0.00,0.00,99,83.58,99,57.23,99,58.25,98,58.25
32.6,48.7,0.00,0.00,100,83.58,99,57.23,99,58.25,98,58.25
25.2,49.1,0.00,0.00,100,83.58,99,57.23,99,58.25,96,58.25
29.8,49.5,0.00,0.00,100,83.58,100,57.23,99,58.25,99,58.25
22.8,49.5,0.00,0.00,100,83.58,100,57.23,99,58.25,100,58.25
24.7,49.6,0.00,0.00,100,83.6,100,57.23,99,58.25,99,58.25
22.3,48.6,0.00,0.00,98,83.63,99,57.23,99,58.25,99,58.25
53.6,48.9,0.00,0.00,100,83.63,100,57.23,99,58.25,99,58.25
21.1,49.1,0.00,0.00,100,83.63,100,57.23,99,58.25,99,58.25
21.7,49.3,0.00,0.00,100,83.63,99,57.23,99,58.25,98,58.25
28.7,49.5,0.00,0.00,99,83.63,100,57.23,99,58.25,99,58.25
21.6,49.5,0.00,0.00,100,83.63,100,57.23,99,58.25,99,58.25
20.1,49.5,0.00,0.00,100,83.63,100,57.23,99,58.25,99,58.25
19.3,49.5,0.00,0.00,100,83.63,100,57.23,100,58.25,100,58.25
19.5,49.5,0.00,0.00,100,83.63,100,57.23,100,58.25,99,58.25
20.5,49.5,0.00,0.00,100,83.63,100,57.23,100,58.25,100,58.25
19.6,49.5,0.00,0.00,100,83.63,100,57.23,100,58.25,99,58.25
19.2,49.5,0.00,0.00,100,83.63,100,57.23,100,58.25,99,58.25
19.5,49.5,0.00,0.00,100,83.63,100,57.23,100,58.25,99,58.25
20.5,49.5,0.00,0.00,100,83.63,100,57.23,100,58.25,99,58.05
26.3,43.0,0.00,0.00,100,83.63,100,57.23,99,30.79,99,30.79
23.3,39.4,0.00,0.00,100,83.63,100,57.23,99,30.79,99,30.79
23.3,39.4,0.00,0.00,100,83.63,100,57.23,99,30.79,99,30.79
23.7,39.4,0.00,0.00,100,83.63,100,57.23,99,30.79,99,30.79
23.6,39.4,0.00,0.00,100,83.63,100,57.23,99,30.79,99,30.79
22.4,39.4,0.00,0.00,100,83.63,100,57.23,99,30.79,99,30.79
22.7,39.4,0.00,0.00,100,83.63,100,57.23,99,30.79,99,30.79
24.0,39.4,0.00,0.00,100,83.63,100,57.23,99,30.79,99,30.79
24.1,39.4,0.00,0.00,100,83.63,100,57.23,99,30.79,99,30.79
23.2,39.4,0.00,0.00,100,83.63,100,57.23,99,30.79,99,30.79
21.8,39.4,0.00,0.00,100,83.63,100,57.23,99,30.79,99,30.79
15.9,39.4,0.00,0.00,100,83.63,100,57.23,41,2.95,5,2.95
10.7,29.2,0.00,0.00,100,83.63,100,57.23,0,2.95,0,2.95
16.4,29.5,0.00,0.00,100,83.63,99,57.23,0,2.95,0,2.95
19.5,30.2,0.00,0.00,99,83.63,99,57.23,0,2.95,0,3.07
16.9,30.9,0.00,0.00,100,83.63,100,57.23,2,10.84,8,13.76
19.8,37.3,0.00,0.00,100,83.63,100,57.23,9,22.7,10,26.85
17.5,44.1,0.00,0.00,100,83.63,100,57.23,8,35.86,9,35.86
15.0,45.4,0.00,0.00,100,83.63,100,57.23,0,35.86,0,35.86
52.1,44.9,0.00,0.00,99,83.63,99,57.23,0,35.86,0,35.86
75.4,45.5,0.00,0.00,100,83.63,100,57.23,0,35.86,0,35.86
19.5,46.1,0.00,0.00,100,83.63,99,57.23,0,35.86,0,35.86
33.6,46.7,0.00,0.00,100,83.63,100,57.23,57,45.14,98,45.14
74.6,47.7,0.00,0.00,100,83.63,99,57.23,99,45.14,99,45.14
30.5,48.2,0.00,0.00,100,83.63,99,57.23,99,45.14,98,45.14
33.3,48.6,0.00,0.00,100,83.63,100,57.23,98,45.14,98,45.14
41.0,49.0,0.00,0.00,100,83.63,100,57.23,99,45.14,99,45.14
43.0,49.4,0.00,0.00,100,83.63,100,57.23,99,45.14,99,45.14
24.4,49.5,0.00,0.00,100,83.63,100,57.23,99,45.14,99,45.14
27.5,49.5,0.00,0.00,100,83.63,100,57.23,99,45.14,99,45.14
24.8,49.5,0.00,0.00,100,83.63,100,57.23,99,45.14,99,45.14
27.1,49.5,0.00,0.00,100,83.63,100,57.23,99,45.14,99,45.14
26.7,49.5,0.00,0.00,100,83.63,100,57.23,100,45.14,99,45.14
26.8,49.5,0.00,0.00,100,83.63,100,57.23,82,49.29,55,49.29
34.1,47.7,0.00,0.00,100,83.63,100,57.23,87,49.29,85,49.29
27.9,48.1,0.00,0.00,100,83.63,100,57.23,86,49.29,89,49.29
86.1,47.6,0.00,0.00,98,83.63,99,57.23,85,49.29,84,49.29
28.2,48.1,0.00,0.00,100,83.63,100,57.23,86,49.29,88,49.29
64.0,48.7,0.00,0.00,100,83.63,100,57.23,85,49.29,90,49.29
24.4,49.2,0.00,0.00,100,83.63,100,57.23,90,49.29,87,49.29
92.5,49.4,0.00,0.00,100,83.63,100,57.23,88,49.29,93,49.29
22.0,49.6,0.00,0.00,100,83.63,100,57.23,92,49.29,94,49.29
21.7,49.6,0.00,0.00,100,83.63,100,57.23,91,49.29,93,49.29
21.3,49.6,0.00,0.00,100,83.63,100,57.23,90,49.29,93,49.29
22.6,49.6,0.00,0.00,100,83.63,100,57.23,92,49.29,94,49.29
21.8,49.5,0.00,0.00,100,83.63,100,57.23,91,49.29,94,49.29
20.5,49.5,0.00,0.00,100,83.63,100,57.23,92,49.29,94,49.29
22.1,47.3,0.00,0.00,97,52.9,100,57.23,90,49.31,64,49.31
81.7,42.5,0.00,0.00,95,52.9,100,57.23,97,49.31,97,49.31
24.1,42.9,0.00,0.00,91,52.9,100,57.23,98,49.31,99,49.31
25.5,43.3,0.00,0.00,92,52.9,99,57.23,98,49.31,98,49.31
31.6,43.7,0.00,0.00,93,52.9,100,57.23,99,49.31,97,49.31
80.5,44.1,0.00,0.00,90,52.9,100,57.23,99,49.31,99,49.31
22.2,44.3,0.00,0.00,96,52.9,100,57.23,99,49.31,99,49.31
23.1,44.3,0.00,0.00,94,52.9,100,57.23,99,49.31,99,49.31
21.7,44.3,0.00,0.00,96,52.9,100,57.23,99,49.31,99,49.31
23.3,44.3,0.00,0.00,96,52.9,100,57.04,99,49.31,99,49.31
18.9,39.2,0.00,0.00,95,52.9,11,2.95,99,49.31,99,49.31
18.8,39.2,0.00,0.00,96,52.9,0,2.95,99,49.31,99,49.31
11.4,39.2,0.00,0.00,96,52.9,0,2.95,60,49.31,65,49.31
26.4,32.4,0.00,0.00,52,30.72,0,2.95,90,49.31,90,49.31
33.8,32.7,0.00,0.00,75,30.72,0,2.95,90,49.31,90,49.31
27.9,33.1,0.00,0.00,77,30.72,0,2.95,88,49.31,88,49.31
23.5,33.5,0.00,0.00,73,30.72,0,2.95,91,49.31,91,49.31
29.1,33.9,0.00,0.00,72,30.72,0,2.95,91,49.31,94,49.31
17.4,34.0,0.00,0.00,78,30.72,0,2.95,93,49.31,92,49.31
19.6,34.0,0.00,0.00,79,30.72,0,2.95,92,49.31,92,49.31
19.6,34.0,0.00,0.00,86,30.72,0,2.95,92,49.31,86,49.31
20.4,34.0,0.00,0.00,80,30.72,0,2.95,86,49.31,94,49.31
19.7,34.0,0.00,0.00,80,30.72,0,2.95,87,49.31,94,49.31
20.7,34.0,0.00,0.00,81,30.72,0,2.95,90,49.31,93,49.31
20.0,34.0,0.00,0.00,81,30.72,0,2.95,92,49.31,93,49.31
13.2,32.3,0.00,0.00,81,2.95,0,2.95,93,49.31,94,49.31
11.5,28.7,0.00,0.00,4,2.95,0,2.95,91,49.31,93,49.31
10.8,28.7,0.00,0.00,0,2.95,0,2.95,50,49.31,55,49.31
15.9,27.0,0.00,0.00,0,2.95,0,2.95,99,49.31,97,49.31
21.8,27.5,0.00,0.00,0,2.95,0,2.95,99,49.31,96,49.31
87.2,28.5,0.00,0.00,0,2.95,0,2.95,97,49.31,95,49.31
84.2,29.7,0.00,0.00,0,2.95,0,2.95,97,49.31,95,49.31
28.4,30.9,0.00,0.00,0,3.07,0,4.8,99,56.22,99,49.31
23.8,38.8,0.00,0.00,11,14.81,9,17.23,99,66.72,99,49.31
25.3,48.7,0.00,0.00,12,25.34,12,28.05,99,75.85,99,49.31
99.2,53.3,0.00,0.00,10,37.08,11,37.08,95,75.85,99,49.31
56.5,53.9,0.00,0.00,0,37.08,0,37.08,98,75.85,97,49.31
17.4,54.5,0.00,0.00,0,37.08,0,37.08,97,75.85,99,49.31
27.6,55.2,0.00,0.00,0,37.08,0,37.08,98,75.85,98,49.31
68.4,55.7,0.00,0.00,0,45.99,0,45.99,51,84.44,39,49.31
32.4,55.0,0.00,0.00,98,45.99,97,45.99,90,84.44,89,49.31
94.3,56.0,0.00,0.00,99,45.99,98,45.99,92,84.44,92,49.31
30.7,56.9,0.00,0.00,98,45.99,98,45.99,90,84.44,89,49.31
48.3,57.8,0.00,0.00,98,45.99,96,45.99,90,84.44,85,49.31
57.3,58.7,0.00,0.00,95,45.99,98,45.99,94,84.44,91,49.31
27.1,59.6,0.00,0.00,98,45.99,83,45.99,92,84.44,92,49.31
22.2,59.6,0.00,0.00,99,45.99,99,45.99,95,84.44,95,49.31
22.1,59.7,0.00,0.00,100,45.99,100,45.99,95,84.44,96,49.31
22.8,59.6,0.00,0.00,100,45.99,99,45.99,95,84.44,95,49.31
22.4,59.6,0.00,0.00,100,45.99,100,45.99,95,84.44,95,49.31
23.0,59.6,0.00,0.00,100,45.99,100,45.99,95,84.44,96,49.31
22.4,59.6,0.00,0.00,100,45.99,100,45.99,96,84.44,95,49.31
23.2,59.6,0.00,0.00,100,45.99,100,45.99,95,84.44,97,49.31
22.3,59.6,0.00,0.00,100,45.99,100,45.99,96,84.44,96,49.31
22.9,59.6,0.00,0.00,100,45.99,99,45.99,96,84.44,96,49.31
22.6,59.6,0.00,0.00,100,45.99,99,45.99,96,84.44,97,49.31
23.4,59.6,0.00,0.00,100,45.99,100,45.99,96,84.44,98,49.31
22.6,59.6,0.00,0.00,100,45.99,100,45.99,96,84.44,96,49.31
21.4,59.6,0.00,0.00,100,45.99,100,45.99,96,84.44,90,49.31
26.5,57.7,0.00,0.00,99,45.99,99,45.99,100,84.44,99,49.31
36.2,58.2,0.00,0.00,98,45.99,97,45.99,100,84.44,98,49.31
61.4,58.5,0.00,0.00,97,45.99,97,45.99,100,84.44,99,49.31
30.2,57.0,0.00,0.00,55,60.91,54,60.91,99,84.44,98,49.31
97.5,57.7,0.00,0.00,93,60.91,94,60.91,100,84.44,99,49.31
29.8,58.4,0.00,0.00,96,60.91,96,60.91,100,84.44,99,49.31
26.0,58.9,0.00,0.00,96,60.91,98,60.91,100,84.44,99,49.31
60.0,59.3,0.00,0.00,96,60.91,98,60.91,100,84.44,98,49.31
23.4,59.7,0.00,0.00,96,60.91,98,60.91,100,84.44,99,49.31
22.1,59.7,0.00,0.00,98,60.91,98,60.91,100,84.44,99,49.31
22.3,59.7,0.00,0.00,97,60.91,98,60.91,100,84.44,100,49.31
23.3,59.7,0.00,0.00,97,60.91,97,60.91,100,84.44,99,49.31
22.1,59.7,0.00,0.00,98,60.91,99,60.91,100,84.44,66,49.31
25.3,57.7,0.00,0.00,98,60.91,98,60.91,89,84.44,93,49.31
32.1,58.1,0.00,0.00,95,60.91,96,60.91,97,84.44,94,49.31
27.0,58.5,0.00,0.00,96,60.91,97,60.91,96,84.44,96,49.31
59.4,59.0,0.00,0.00,98,60.91,97,60.91,95,84.44,93,49.31
50.2,59.4,0.00,0.00,97,60.91,98,60.91,96,84.44,98,49.31
26.6,59.7,0.00,0.00,97,60.91,98,60.91,95,93.16,95,49.31
33.4,58.8,0.00,0.00,98,60.91,98,60.91,99,93.16,93,49.31
27.3,59.1,0.00,0.00,96,60.91,97,60.91,97,93.16,97,49.31
95.8,59.3,0.00,0.00,97,60.91,97,60.91,98,93.16,96,49.31
64.9,59.5,0.00,0.00,97,60.91,97,60.91,99,93.16,97,49.31
21.2,59.7,0.00,0.00,98,60.91,98,60.91,99,93.16,97,49.31
21.8,59.7,0.00,0.00,97,60.91,98,60.91,99,93.16,96,49.31
21.8,59.7,0.00,0.00,98,60.91,98,60.91,99,93.16,97,49.31
20.6,59.7,0.00,0.00,98,60.91,98,60.91,99,93.16,97,49.31
22.3,59.7,0.00,0.00,98,60.91,98,60.91,99,93.16,96,49.31
20.7,59.7,0.00,0.00,98,60.91,98,60.91,99,93.16,96,49.31
23.1,59.7,0.00,0.00,98,60.91,98,60.91,100,93.16,97,49.31
18.1,59.7,0.00,0.00,98,60.91,99,60.91,99,93.16,79,49.31
32.1,56.0,0.00,0.00,50,60.91,95,60.91,100,93.16,97,49.31
35.9,56.7,0.00,0.00,97,60.91,97,60.91,100,93.16,99,49.31
38.4,57.4,0.00,0.00,97,60.91,97,60.91,100,93.16,98,49.31
73.4,58.2,0.00,0.00,97,60.91,97,60.91,100,93.16,99,49.31
30.7,58.9,0.00,0.00,99,60.91,97,60.91,99,93.16,98,49.31
32.7,59.6,0.00,0.00,99,60.91,98,60.91,100,93.16,99,49.31
24.5,59.7,0.00,0.00,100,60.91,100,60.91,100,93.16,99,49.31
24.4,59.7,0.00,0.00,100,60.91,100,60.91,100,93.16,99,49.31
23.9,59.7,0.00,0.00,100,60.91,100,60.91,100,93.16,99,49.31
23.3,59.7,0.00,0.00,100,60.91,100,60.91,100,93.16,99,49.31
23.4,59.7,0.00,0.00,100,60.91,99,60.91,100,93.16,99,49.31
23.1,59.7,0.00,0.00,99,60.91,100,60.91,100,93.16,99,49.31
23.7,59.7,0.00,0.00,99,60.91,100,60.91,100,93.16,99,49.31
30.7,59.7,0.00,0.00,100,60.91,100,60.91,86,65.32,49,21.47
24.3,49.4,0.00,0.00,100,60.91,99,60.91,98,65.32,94,21.47
22.8,49.4,0.00,0.00,99,60.91,100,60.91,99,65.32,95,21.47
23.5,49.4,0.00,0.00,99,60.91,100,60.91,99,65.32,94,21.47
22.9,49.4,0.00,0.00,99,60.91,100,60.91,98,65.32,94,21.47
22.7,49.4,0.00,0.00,99,60.91,100,60.91,99,65.32,96,21.47
22.3,49.4,0.00,0.00,100,60.91,100,60.91,99,65.32,96,21.47
24.0,49.4,0.00,0.00,100,60.91,100,60.91,99,65.32,96,21.47
30.8,49.4,0.00,0.00,100,60.91,57,60.91,99,65.32,93,21.47
99.6,47.8,0.00,0.00,88,60.91,99,60.91,98,65.32,94,21.47
30.0,48.2,0.00,0.00,98,60.91,98,60.91,97,65.44,95,21.47
99.0,47.7,0.00,0.00,97,60.91,98,60.91,95,65.44,92,21.47
27.3,48.3,0.00,0.00,95,60.91,97,60.91,96,65.44,94,21.47
21.3,48.8,0.00,0.00,97,60.91,96,60.91,96,65.44,98,21.47
22.3,49.0,0.00,0.00,97,60.91,98,60.91,97,65.44,95,21.47
68.9,49.2,0.00,0.00,97,60.91,98,60.91,97,65.44,97,21.47
21.4,49.4,0.00,0.00,98,60.91,98,60.91,98,65.44,96,21.47
20.7,49.3,0.00,0.00,98,60.91,98,60.91,98,65.44,98,21.47
20.3,49.3,0.00,0.00,98,60.91,98,60.91,98,65.44,3,21.47
17.7,47.6,0.00,0.00,98,60.91,97,60.91,71,65.44,0,21.47
76.5,48.0,0.00,0.00,96,60.91,98,60.91,69,65.44,0,21.47
17.7,48.4,0.00,0.00,97,60.91,96,60.91,71,65.44,0,21.47
17.3,48.9,0.00,0.00,98,60.91,98,60.91,68,65.44,0,21.47
22.4,49.4,0.00,0.00,96,60.91,98,60.91,98,65.44,98,21.47
21.7,49.4,0.00,0.00,98,60.91,99,60.91,97,65.44,98,21.47
20.3,49.3,0.00,0.00,98,60.91,98,60.91,98,65.44,98,21.47
20.8,49.3,0.00,0.00,98,60.91,98,60.91,98,65.44,97,21.47
18.8,49.3,0.00,0.00,98,60.91,99,60.91,98,65.44,98,21.47
21.0,49.3,0.00,0.00,98,60.91,99,60.91,98,65.44,98,21.47
20.1,49.3,0.00,0.00,99,60.91,99,60.91,98,65.44,98,21.47
20.8,49.3,0.00,0.00,98,60.91,99,60.91,97,65.44,97,21.47
19.1,49.3,0.00,0.00,98,60.91,99,60.91,99,65.44,98,21.47
19.9,49.3,0.00,0.00,99,60.91,99,60.91,98,65.44,98,21.47
19.9,49.3,0.00,0.00,98,60.91,99,60.91,99,65.44,98,21.47
19.1,49.3,0.00,0.00,98,60.91,99,60.91,98,65.44,98,21.47
22.1,49.3,0.00,0.00,98,60.91,99,60.91,98,65.44,98,21.47
20.2,49.3,0.00,0.00,98,60.91,98,60.91,98,65.44,98,21.47
21.7,49.3,0.00,0.00,98,60.91,99,60.91,98,65.44,98,21.47
19.9,49.3,0.00,0.00,98,60.91,99,60.91,98,65.44,98,21.47
19.8,49.3,0.00,0.00,98,60.91,99,60.91,98,65.44,98,21.47
18.4,49.3,0.00,0.00,98,60.91,97,60.91,97,65.44,96,21.47
25.2,47.6,0.00,0.00,98,60.91,98,60.91,95,65.44,90,21.47
35.8,48.1,0.00,0.00,99,60.91,99,60.91,64,46.92,2,2.95
80.1,37.4,0.00,0.00,98,60.91,99,60.91,67,46.92,0,2.95
21.5,37.9,0.00,0.00,98,60.91,97,60.91,68,46.92,0,2.95
22.3,38.5,0.00,0.00,98,60.91,99,60.91,66,46.92,0,2.95
38.4,39.1,0.00,0.00,99,60.91,98,60.91,62,46.92,0,2.95
22.9,39.7,0.00,0.00,97,60.91,97,60.91,65,46.92,0,2.95
19.4,40.1,0.00,0.00,99,60.91,99,60.91,71,46.92,5,13.37
18.9,43.0,0.00,0.00,99,60.91,99,60.91,71,46.92,11,23.99
19.7,46.2,0.00,0.00,99,60.91,99,60.91,71,46.92,8,29.49
17.9,47.6,0.00,0.00,100,60.91,99,60.91,70,46.92,0,29.49
95.1,47.8,0.00,0.00,100,60.91,100,60.91,71,46.92,0,29.49
17.2,48.0,0.00,0.00,99,60.91,99,60.91,70,46.92,0,29.49
17.6,48.2,0.00,0.00,99,60.91,99,60.91,73,46.92,0,29.49
18.2,48.4,0.00,0.00,99,60.91,99,60.91,73,46.92,41,34.25
21.1,48.7,0.00,0.00,99,60.91,99,60.91,65,46.92,38,34.25
22.0,48.9,0.00,0.00,99,60.91,99,60.91,70,46.92,39,34.25
53.1,49.1,0.00,0.00,99,60.91,98,60.91,69,46.92,38,34.25
22.0,49.3,0.00,0.00,99,60.91,100,60.91,66,46.92,42,34.25
28.9,49.5,0.00,0.00,99,60.91,99,60.91,74,46.92,44,34.25
21.1,49.6,0.00,0.00,99,60.91,100,60.91,72,46.92,45,34.25
16.6,49.6,0.00,0.00,100,60.91,84,60.91,37,46.92,42,34.25
24.2,47.0,0.00,0.00,49,60.91,97,60.91,60,46.92,39,34.25
58.4,47.6,0.00,0.00,94,60.91,97,60.91,60,46.92,40,34.25
86.5,48.2,0.00,0.00,95,60.91,98,60.91,65,46.92,39,34.25
24.8,48.7,0.00,0.00,94,60.91,96,60.91,64,46.92,42,34.25
45.1,49.5,0.00,0.00,92,60.91,96,60.91,69,46.92,43,34.25
17.7,49.6,0.00,0.00,98,60.91,98,60.91,70,46.92,44,34.25
19.3,49.5,0.00,0.00,98,60.91,98,60.91,72,46.92,46,34.25
19.4,49.5,0.00,0.00,98,60.91,98,60.91,68,46.92,46,34.25
19.8,49.5,0.00,0.00,98,60.91,98,60.91,75,46.92,49,34.25
19.6,49.5,0.00,0.00,98,60.91,99,60.91,74,46.92,48,34.25
19.0,49.5,0.00,0.00,98,60.91,99,60.91,74,46.92,47,34.25
19.3,49.5,0.00,0.00,98,60.91,99,60.91,74,46.92,50,34.25
18.9,49.5,0.00,0.00,98,60.91,99,60.91,71,46.92,49,34.25
18.6,49.5,0.00,0.00,98,60.91,99,60.91,77,46.92,50,34.25
18.3,49.5,0.00,0.00,98,60.91,99,60.91,76,46.92,48,34.25
20.5,49.5,0.00,0.00,97,60.91,98,60.91,75,46.92,51,34.25
18.4,49.5,0.00,0.00,98,60.91,98,60.91,73,46.92,49,34.25
17.4,49.5,0.00,0.00,98,60.91,99,60.91,70,46.92,49,34.25
17.0,49.5,0.00,0.00,98,60.91,98,60.91,70,46.92,50,34.25
19.9,48.7,0.00,0.00,98,60.91,98,60.91,69,46.92,46,34.25
20.0,48.9,0.00,0.00,98,60.91,99,60.91,69,46.92,46,34.25
37.7,49.1,0.00,0.00,98,60.91,98,60.91,61,46.92,47,34.25
45.7,49.3,0.00,0.00,98,60.91,97,60.91,67,46.92,44,34.25
19.6,49.6,0.00,0.00,98,60.91,99,60.91,72,46.92,46,34.25
19.8,49.6,0.00,0.00,98,60.91,99,60.91,73,46.92,51,34.25
19.2,49.6,0.00,0.00,98,60.91,98,60.91,72,46.92,45,34.25
17.7,49.6,0.00,0.00,98,60.91,99,60.91,75,46.92,49,34.25
17.6,49.6,0.00,0.00,98,60.91,99,60.91,73,46.92,28,39.06
19.8,48.7,0.00,0.00,98,60.91,99,60.91,71,46.92,43,39.06
19.8,48.9,0.00,0.00,97,60.91,98,60.91,64,46.92,45,39.06
18.1,49.2,0.00,0.00,97,60.91,97,60.91,64,46.92,47,39.06
28.0,47.4,0.00,0.00,97,60.71,61,30.4,69,46.92,40,39.06
20.9,39.2,0.00,0.00,99,30.4,99,30.4,72,46.92,45,39.06
20.6,39.2,0.00,0.00,99,30.4,99,30.4,74,46.92,43,39.06
20.5,39.2,0.00,0.00,100,30.4,100,30.4,75,46.92,46,39.06
19.2,39.2,0.00,0.00,99,30.4,99,30.4,71,46.92,47,39.06
19.4,39.2,0.00,0.00,99,30.4,100,30.4,67,46.92,46,39.06
20.3,39.2,0.00,0.00,100,30.4,99,30.4,71,46.92,45,39.06
23.2,38.2,0.00,0.00,100,30.4,99,30.4,69,46.92,42,39.06
22.9,38.4,0.00,0.00,99,30.4,99,30.4,68,46.92,44,39.06
71.9,38.6,0.00,0.00,100,30.4,99,30.4,68,46.92,44,39.06
22.0,38.8,0.00,0.00,99,30.4,99,30.4,71,46.92,44,39.06
22.5,39.1,0.00,0.00,99,30.4,99,30.4,68,46.92,40,39.06
19.5,39.2,0.00,0.00,99,30.4,100,30.4,69,46.92,46,39.06
21.0,39.2,0.00,0.00,100,30.4,99,30.4,72,46.92,46,39.06
20.2,39.2,0.00,0.00,100,30.4,100,30.4,66,46.92,47,39.06
20.4,39.2,0.00,0.00,100,30.4,100,30.4,67,46.92,45,39.06
20.9,39.2,0.00,0.00,99,30.4,100,30.4,75,46.92,49,39.06
22.7,39.2,0.00,0.00,100,30.4,100,30.4,72,46.92,47,39.06
20.9,39.2,0.00,0.00,100,30.4,99,30.4,68,46.92,45,39.06
21.4,39.2,0.00,0.00,100,30.4,100,30.4,72,46.92,47,39.06
20.9,39.2,0.00,0.00,100,30.4,99,30.4,75,46.92,51,39.06
19.2,39.2,0.00,0.00,100,30.4,100,30.4,71,46.92,45,39.06
14.5,37.4,0.00,0.00,23,30.4,0,30.4,67,46.92,49,39.06
15.5,37.8,0.00,0.00,0,30.4,0,30.4,68,46.92,52,39.06
16.3,38.2,0.00,0.00,0,30.4,0,30.4,68,46.92,42,39.06
23.1,38.6,0.00,0.00,0,30.4,0,30.4,67,46.92,46,39.06
14.6,39.0,0.00,0.00,0,30.4,0,30.4,61,46.72,45,39.06
22.5,34.0,0.00,0.00,100,30.4,99,30.4,72,24.93,45,39.06
20.6,34.0,0.00,0.00,99,30.4,99,30.4,70,24.93,43,39.06
20.5,34.0,0.00,0.00,100,30.4,99,30.4,68,24.93,46,39.06
20.3,34.0,0.00,0.00,99,30.4,99,30.4,72,24.93,46,39.06
20.0,34.0,0.00,0.00,99,30.4,99,30.4,72,24.93,46,39.06
21.3,34.0,0.00,0.00,100,30.4,99,30.4,71,24.93,40,39.11
23.5,34.0,0.00,0.00,99,30.4,99,30.4,72,24.93,41,39.11
95.0,33.2,0.00,0.00,99,30.4,98,30.4,71,24.93,40,39.11
21.4,33.4,0.00,0.00,99,30.4,99,30.4,67,24.93,43,39.11
21.9,33.6,0.00,0.00,99,30.4,99,30.4,68,24.93,43,39.11
31.1,33.8,0.00,0.00,99,30.4,99,30.4,67,24.93,44,39.11
21.3,34.0,0.00,0.00,99,30.4,99,30.4,73,24.93,45,39.11
19.7,34.0,0.00,0.00,99,30.4,100,30.4,71,24.93,42,39.11
20.8,34.0,0.00,0.00,100,30.4,99,30.4,70,24.93,45,39.11
20.9,34.0,0.00,0.00,100,30.4,99,30.4,72,24.93,44,39.11
21.4,34.0,0.00,0.00,100,30.4,99,30.4,72,24.93,45,39.11
20.2,34.0,0.00,0.00,100,30.4,100,30.4,71,24.93,53,39.11
20.1,34.0,0.00,0.00,99,30.4,100,30.4,74,24.93,44,39.11
20.6,34.0,0.00,0.00,99,30.4,100,30.4,71,24.93,47,39.11
16.3,33.0,0.00,0.00,100,30.4,99,30.4,10,2.95,44,39.11
15.1,28.8,0.00,0.00,98,30.4,99,30.4,0,2.95,47,39.11
14.8,28.8,0.00,0.00,100,30.4,96,30.4,0,2.95,45,39.11
14.3,27.5,0.00,0.00,0,30.4,0,30.4,0,2.95,41,39.11
13.0,28.3,0.00,0.00,0,30.4,0,30.4,0,4.56,47,39.11
13.8,30.8,0.00,0.00,0,30.4,0,30.4,7,17.18,48,39.11
12.3,34.8,0.00,0.00,0,30.4,0,30.4,6,28.27,45,39.11
19.7,36.9,0.00,0.00,0,30.4,9,30.4,7,39.84,47,39.11
15.5,37.1,0.00,0.00,100,30.4,99,30.4,0,39.84,46,39.11
15.2,37.3,0.00,0.00,100,30.4,99,30.4,0,39.84,44,39.11
92.6,37.6,0.00,0.00,99,30.4,99,30.4,0,39.84,46,39.11
16.9,37.8,0.00,0.00,100,30.4,99,30.4,0,49.12,47,39.11
24.3,38.1,0.00,0.00,99,30.4,99,30.4,79,49.12,42,39.11
24.5,38.3,0.00,0.00,99,30.4,99,30.4,76,49.12,45,39.11
22.6,38.5,0.00,0.00,98,30.4,99,30.4,76,49.12,42,39.11
25.5,38.7,0.00,0.00,99,30.4,99,30.4,74,49.12,38,39.11
42.8,38.9,0.00,0.00,99,30.4,99,30.4,75,49.12,45,39.11
23.3,39.1,0.00,0.00,100,30.4,99,30.4,87,49.12,44,39.11
24.5,39.2,0.00,0.00,100,30.4,100,30.4,85,49.12,47,39.11
21.1,39.1,0.00,0.00,99,30.4,99,30.4,84,49.12,44,39.11
21.7,39.2,0.00,0.00,100,30.4,99,30.4,86,49.12,43,39.11
21.8,39.1,0.00,0.00,100,30.4,100,30.4,81,49.12,43,39.11
21.1,39.2,0.00,0.00,99,30.4,99,30.4,81,49.12,44,39.11
21.8,39.1,0.00,0.00,100,30.4,99,30.4,72,58.44,37,39.11
23.8,38.3,0.00,0.00,99,30.4,99,30.4,81,58.44,42,39.11
25.5,37.5,0.00,0.00,99,30.4,99,30.4,79,58.44,40,39.11
55.7,37.9,0.00,0.00,99,30.4,98,30.4,78,58.44,40,39.11
37.0,38.3,0.00,0.00,99,30.4,98,30.4,77,58.44,40,39.11
30.0,38.7,0.00,0.00,99,30.4,98,30.4,78,58.44,36,39.11
35.8,39.0,0.00,0.00,99,30.4,82,30.21,86,58.44,41,39.11
14.9,29.1,0.00,0.00,5,2.95,0,2.95,97,58.44,51,39.11
14.7,29.1,0.00,0.00,0,2.95,0,2.95,97,58.44,48,39.11
13.9,29.0,0.00,0.00,0,2.95,0,2.95,95,58.44,51,39.11
14.9,29.0,0.00,0.00,0,2.95,0,2.95,97,58.44,52,39.11
14.9,29.0,0.00,0.00,0,2.95,0,2.95,88,58.44,40,39.11
99.6,28.7,0.00,0.00,0,2.95,0,2.95,59,58.49,37,39.11
24.7,29.6,0.00,0.00,0,2.95,0,2.95,82,58.49,49,39.11
24.1,31.8,0.00,0.00,0,10.49,5,12.81,87,58.49,43,39.11
24.9,39.0,0.00,0.00,6,21.43,7,23.87,82,58.49,41,39.11
25.5,45.3,0.00,0.00,6,29.49,3,29.49,76,58.49,43,39.11
18.8,45.9,0.00,0.00,0,29.49,0,29.49,79,58.49,41,39.11
18.9,46.4,0.00,0.00,0,29.49,0,29.49,85,58.49,43,39.11
99.2,46.8,0.00,0.00,0,29.49,0,29.49,81,58.49,42,39.11
19.0,47.2,0.00,0.00,0,34.3,0,38.08,81,58.49,42,39.11
29.7,48.0,0.00,0.00,24,38.08,65,38.08,76,58.49,41,39.11
56.5,48.4,0.00,0.00,58,38.08,64,38.08,68,58.49,39,39.11
34.2,48.8,0.00,0.00,64,38.08,65,38.08,67,58.49,43,39.11
31.0,49.2,0.00,0.00,61,38.08,65,38.08,56,58.49,42,39.11
51.4,48.7,0.00,0.00,63,38.08,65,38.08,54,58.49,45,39.11
29.2,49.2,0.00,0.00,61,38.08,62,38.08,78,58.49,43,39.11
48.2,49.4,0.00,0.00,62,38.08,59,38.08,78,58.49,46,39.11
28.0,49.6,0.00,0.00,63,38.08,61,38.08,76,58.49,46,39.11
28.7,49.8,0.00,0.00,64,38.08,66,38.08,67,58.49,47,39.11
26.7,49.9,0.00,0.00,65,38.08,64,38.08,76,58.49,40,39.11
26.4,49.9,0.00,0.00,61,38.08,62,38.08,78,58.49,44,39.11
26.2,49.9,0.00,0.00,63,38.08,72,38.08,77,58.49,45,39.11
26.9,49.9,0.00,0.00,64,38.08,66,38.08,79,58.49,42,39.11
25.6,49.9,0.00,0.00,61,38.08,70,38.08,83,58.49,44,39.11
25.8,49.9,0.00,0.00,67,38.08,68,38.08,70,58.49,44,39.11
26.7,49.9,0.00,0.00,64,38.08,70,38.08,73,58.49,42,39.11
24.6,49.9,0.00,0.00,68,38.08,71,38.08,79,58.49,45,39.11
66.3,49.0,0.00,0.00,68,38.08,66,38.08,71,58.49,37,39.11
29.3,49.2,0.00,0.00,70,38.08,69,38.08,68,58.49,32,39.11
35.3,47.4,0.00,0.00,58,46.8,68,38.2,67,58.49,39,39.11
80.0,47.0,0.00,0.00,62,46.8,29,46.8,62,58.49,35,39.11
42.6,47.8,0.00,0.00,54,46.8,62,46.8,59,58.49,38,39.11
98.7,48.5,0.00,0.00,58,46.8,68,46.8,53,58.49,39,39.11
33.5,49.2,0.00,0.00,64,46.8,64,46.8,65,58.49,39,39.11
32.1,49.7,0.00,0.00,59,46.8,65,46.8,57,58.49,44,39.11
27.3,49.9,0.00,0.00,66,46.8,71,46.8,72,58.49,47,39.11
26.8,49.9,0.00,0.00,63,46.8,70,46.8,69,58.49,37,39.11
25.5,49.9,0.00,0.00,62,46.8,71,46.8,70,58.49,42,39.11
26.0,49.9,0.00,0.00,66,46.8,70,46.8,69,58.49,41,39.11
25.7,49.9,0.00,0.00,67,46.8,69,46.8,65,58.49,41,39.11
26.0,49.9,0.00,0.00,68,46.8,70,46.8,73,58.49,42,39.11
27.1,49.7,0.00,0.00,65,46.8,71,46.8,47,58.49,47,39.11
29.4,49.1,0.00,0.00,60,46.8,67,46.8,70,58.49,46,39.11
28.6,49.3,0.00,0.00,62,46.8,65,46.8,68,58.49,42,39.11
55.9,49.6,0.00,0.00,64,46.8,68,46.8,90,58.49,46,39.11
64.5,49.8,0.00,0.00,62,46.8,69,46.8,66,58.49,46,39.11
26.6,49.9,0.00,0.00,68,46.8,70,46.8,70,58.49,43,39.11
24.9,49.9,0.00,0.00,61,46.8,71,46.8,71,58.49,49,39.11
27.3,49.9,0.00,0.00,64,46.8,74,46.8,67,58.49,42,39.11
27.2,48.9,0.00,0.00,42,46.92,72,46.8,80,58.49,45,39.11
36.5,48.1,0.00,0.00,64,46.92,33,46.92,76,58.49,53,39.11
31.0,48.5,0.00,0.00,61,46.92,61,46.92,70,58.49,48,39.11
76.8,48.9,0.00,0.00,62,46.92,70,46.92,69,58.49,44,39.11
33.3,49.4,0.00,0.00,62,46.92,69,46.92,68,58.49,46,39.11
27.0,49.8,0.00,0.00,61,46.92,69,46.92,73,58.49,47,39.11
26.7,49.5,0.00,0.00,64,46.92,72,46.92,72,58.49,41,39.11
51.6,49.1,0.00,0.00,68,46.92,72,46.92,71,58.49,42,39.11
30.1,49.3,0.00,0.00,65,46.92,73,46.92,69,58.49,51,39.11
30.2,49.5,0.00,0.00,66,46.92,69,46.92,65,58.49,53,39.11
63.8,49.7,0.00,0.00,68,46.92,68,46.92,62,58.49,43,39.11
31.3,49.9,0.00,0.00,61,46.92,64,46.92,65,58.49,47,39.11
27.5,49.9,0.00,0.00,65,46.92,71,46.92,75,58.49,45,39.11
26.7,49.9,0.00,0.00,66,46.92,72,46.92,71,58.49,44,39.11
26.1,49.9,0.00,0.00,66,46.92,70,46.92,75,58.49,46,39.11
25.1,49.9,0.00,0.00,64,46.92,68,46.92,73,58.49,41,39.11
26.1,49.9,0.00,0.00,67,46.92,66,46.92,68,58.49,43,39.11
25.1,48.9,0.00,0.00,69,46.92,70,46.92,80,58.49,43,39.11
40.7,49.1,0.00,0.00,65,46.92,72,46.92,77,58.49,44,39.11
24.8,49.3,0.00,0.00,67,46.92,75,46.92,80,58.49,45,39.11
30.6,43.4,0.00,0.00,71,24.93,71,46.92,80,58.49,42,39.11
30.7,42.8,0.00,0.00,59,24.93,33,46.92,71,58.49,37,39.11
29.2,43.3,0.00,0.00,60,24.93,71,46.92,71,58.49,45,39.11
76.7,43.7,0.00,0.00,62,24.93,70,46.92,76,58.49,41,39.11
29.4,44.2,0.00,0.00,58,24.93,64,46.92,73,58.49,36,39.11
30.7,44.5,0.00,0.00,66,24.93,74,46.92,75,58.49,43,39.11
28.4,44.7,0.00,0.00,64,24.93,72,46.92,78,58.49,45,39.11
25.4,44.7,0.00,0.00,67,24.93,72,46.92,71,58.49,42,39.11
24.5,44.7,0.00,0.00,64,24.93,73,46.92,69,58.49,43,39.11
24.7,44.7,0.00,0.00,64,24.93,69,46.92,73,58.49,44,39.11
24.8,44.7,0.00,0.00,67,24.93,66,46.92,67,58.49,43,39.11
26.9,44.7,0.00,0.00,62,24.93,71,46.92,69,58.49,45,39.11
26.9,44.7,0.00,0.00,62,24.93,70,46.92,74,58.49,43,39.11
26.0,44.7,0.00,0.00,62,24.93,72,46.92,68,58.49,45,39.11
29.7,43.8,0.00,0.00,69,24.93,69,46.92,69,58.49,38,39.11
58.6,44.0,0.00,0.00,63,24.93,74,46.92,69,58.49,41,39.11
29.3,44.2,0.00,0.00,66,24.93,71,46.92,70,58.49,43,39.11
35.7,44.4,0.00,0.00,64,24.93,69,46.92,66,58.49,40,39.11
27.5,44.6,0.00,0.00,56,24.93,70,46.92,66,58.49,42,39.11
26.0,44.7,0.00,0.00,65,24.93,68,46.92,76,58.49,43,39.11
20.7,39.5,0.00,0.00,1,2.95,75,46.92,86,58.49,46,39.11
20.2,38.5,0.00,0.00,0,2.95,57,46.92,80,58.49,45,39.11
27.8,39.0,0.00,0.00,0,2.95,66,46.92,84,58.49,38,39.11
25.8,39.5,0.00,0.00,0,2.95,63,46.92,72,58.49,43,39.11
24.1,40.0,0.00,0.00,0,2.95,74,46.92,76,58.49,44,39.11
25.8,42.3,0.00,0.00,1,8.97,73,46.92,79,58.49,45,39.11
23.7,44.6,0.00,0.00,3,18.53,74,46.92,89,58.49,45,39.11
25.1,46.2,0.00,0.00,6,28.63,70,46.92,86,58.49,43,39.11
24.5,47.0,0.00,0.00,3,44.26,74,46.92,76,58.49,39,39.11
24.2,47.4,0.00,0.00,0,44.26,71,46.92,79,58.49,39,39.11
80.8,47.8,0.00,0.00,0,44.26,64,46.92,78,58.49,41,39.11
24.6,48.2,0.00,0.00,0,44.26,72,46.92,82,58.49,35,39.11
22.4,48.6,0.00,0.00,0,44.26,75,46.92,83,58.49,43,39.11
25.5,48.9,0.00,0.00,13,72.72,72,46.92,83,58.49,43,39.11
24.7,49.1,0.00,0.00,99,72.72,71,46.92,78,58.49,43,39.11
23.8,49.3,0.00,0.00,99,72.72,69,46.92,80,58.49,24,39.11
27.3,48.7,0.00,0.00,99,72.72,69,46.92,83,58.49,37,39.11
28.7,49.1,0.00,0.00,99,72.72,72,46.92,81,58.49,43,39.11
25.7,49.4,0.00,0.00,99,72.72,70,46.92,85,58.49,51,39.11
74.3,49.4,0.00,0.00,100,72.72,71,46.92,85,58.49,39,39.11
67.4,49.0,0.00,0.00,99,72.72,71,46.92,72,58.49,39,39.11
64.0,48.3,0.00,0.00,99,72.72,43,46.92,75,58.49,44,39.11
52.1,48.7,0.00,0.00,99,72.72,69,46.92,69,58.49,39,39.11
27.7,49.1,0.00,0.00,99,72.72,72,46.92,70,58.49,45,39.11
26.2,49.5,0.00,0.00,100,72.72,77,46.92,80,58.49,44,39.11
32.6,49.8,0.00,0.00,100,72.72,75,46.92,85,58.49,48,39.11
24.2,49.8,0.00,0.00,100,72.72,74,46.92,93,58.49,45,39.11
22.5,49.8,0.00,0.00,99,72.72,76,46.92,79,58.49,39,39.11
23.6,49.8,0.00,0.00,100,72.72,75,46.92,78,58.49,42,39.11
24.2,49.8,0.00,0.00,99,72.72,76,46.92,74,58.49,42,39.11
23.0,49.8,0.00,0.00,99,72.72,74,46.92,79,58.49,44,39.11
25.3,49.8,0.00,0.00,99,72.72,76,46.92,81,58.49,46,39.11
58.2,48.8,0.00,0.00,100,72.72,70,46.92,86,58.49,41,39.11
26.3,49.1,0.00,0.00,99,72.72,73,46.92,78,58.49,41,39.11
26.2,49.3,0.00,0.00,100,72.72,73,46.92,75,58.49,43,39.11
32.0,49.5,0.00,0.00,100,72.72,74,46.92,79,58.49,39,39.11
26.4,49.7,0.00,0.00,99,72.72,73,46.92,77,58.49,47,39.11
23.9,49.8,0.00,0.00,100,72.72,76,46.92,87,58.49,41,39.11
23.7,49.8,0.00,0.00,100,72.72,75,46.92,77,58.49,41,39.11
25.8,49.8,0.00,0.00,100,72.72,69,46.92,80,58.49,42,39.11
26.4,48.9,0.00,0.00,99,72.72,53,46.92,83,58.49,43,39.11
51.2,49.1,0.00,0.00,100,72.72,71,46.92,81,58.49,45,39.11
25.2,49.3,0.00,0.00,100,72.72,74,46.92,78,58.49,44,39.11
31.1,49.5,0.00,0.00,100,72.72,76,46.92,81,58.49,42,39.11
26.5,49.4,0.00,0.00,99,72.72,71,46.92,43,58.49,42,39.11
45.8,49.0,0.00,0.00,100,72.72,71,46.92,80,58.49,47,39.11
24.6,49.2,0.00,0.00,100,72.72,74,46.92,73,58.49,42,39.11
26.1,49.4,0.00,0.00,99,72.72,72,46.92,72,58.49,44,39.11
26.6,49.6,0.00,0.00,99,72.72,71,46.92,74,58.49,44,39.11
24.2,49.8,0.00,0.00,100,72.72,74,46.92,89,58.49,44,39.11
24.4,49.8,0.00,0.00,99,72.72,69,46.92,79,58.49,46,39.11
23.7,49.8,0.00,0.00,99,72.72,71,46.92,81,58.49,40,39.11
24.8,49.8,0.00,0.00,100,72.72,70,46.92,79,58.49,27,38.91
27.3,45.1,0.00,0.00,100,72.72,73,46.92,88,58.49,44,21.03
24.2,44.7,0.00,0.00,100,72.72,75,46.92,81,58.49,45,21.03
22.3,44.7,0.00,0.00,99,72.72,71,46.92,78,58.49,46,21.03
23.6,44.7,0.00,0.00,99,72.72,70,46.92,66,58.3,43,21.03
26.7,39.7,0.00,0.00,100,72.72,69,46.92,81,30.72,48,21.03
23.3,39.5,0.00,0.00,100,72.72,75,46.92,82,30.72,45,21.03
20.4,38.5,0.00,0.00,99,72.72,36,46.92,82,30.72,41,21.03
26.7,38.7,0.00,0.00,99,72.72,72,46.92,76,30.72,43,21.03
98.7,38.9,0.00,0.00,100,72.72,75,46.92,79,30.72,41,21.03
25.6,39.1,0.00,0.00,100,72.72,69,46.92,81,30.72,47,21.03
25.2,39.3,0.00,0.00,99,72.72,71,46.92,74,30.72,47,21.03
24.5,39.5,0.00,0.00,100,72.72,73,46.92,82,30.72,43,21.03
22.9,39.5,0.00,0.00,100,72.72,74,46.92,74,30.72,42,21.03
24.2,39.5,0.00,0.00,99,72.72,70,46.92,77,30.72,41,21.03
23.9,39.5,0.00,0.00,99,72.72,68,46.92,84,30.72,38,21.03
24.8,39.5,0.00,0.00,100,72.72,73,46.92,85,30.72,41,21.03
23.3,39.0,0.00,0.00,100,72.72,77,46.92,0,2.95,47,21.03
14.4,34.2,0.00,0.00,99,72.72,69,46.92,0,2.95,51,21.03
20.6,34.4,0.00,0.00,100,72.72,68,46.92,0,2.95,48,21.03
28.0,34.8,0.00,0.00,99,72.72,67,46.92,0,2.95,42,21.03
20.3,35.2,0.00,0.00,100,72.72,77,46.92,0,11.59,52,21.03
18.9,38.7,0.00,0.00,100,72.72,71,46.92,6,23.77,50,21.03
19.6,42.3,0.00,0.00,100,72.72,75,46.92,7,35.66,47,21.03
16.7,42.5,0.00,0.00,100,72.72,70,46.92,0,35.66,47,21.03
20.3,42.7,0.00,0.00,100,77.29,70,46.92,0,35.66,46,21.03
19.5,42.2,0.00,0.00,48,81.68,64,46.92,0,35.66,42,21.03
72.9,41.7,0.00,0.00,89,81.68,43,46.92,0,35.66,41,21.03
28.9,42.4,0.00,0.00,85,81.68,65,46.92,96,44.58,41,21.03
97.5,42.9,0.00,0.00,86,81.68,68,46.92,96,44.58,41,21.03
80.2,43.5,0.00,0.00,88,81.68,69,46.92,94,44.58,43,21.03
70.6,43.9,0.00,0.00,91,81.68,67,46.92,93,44.58,48,21.03
24.8,44.3,0.00,0.00,88,81.68,69,46.92,98,44.58,40,21.03
23.2,44.6,0.00,0.00,91,81.68,73,46.92,98,44.58,42,21.03
24.1,44.5,0.00,0.00,94,81.68,70,46.92,98,44.58,45,21.03
24.3,44.6,0.00,0.00,93,81.68,69,46.92,98,44.58,44,21.03
23.5,44.5,0.00,0.00,93,81.68,74,46.92,98,44.58,45,21.03
27.6,44.5,0.00,0.00,92,81.68,74,46.92,99,44.58,3,2.95
19.1,39.4,0.00,0.00,92,81.68,74,46.92,98,44.58,0,2.95
19.7,39.4,0.00,0.00,89,81.68,73,46.92,99,44.58,0,2.95
18.8,39.4,0.00,0.00,93,81.68,74,46.92,98,44.58,0,2.95
42.9,39.8,0.00,0.00,88,81.68,69,46.92,92,44.58,0,2.95
24.5,40.1,0.00,0.00,89,81.68,65,46.92,99,44.58,0,6.32
24.9,41.6,0.00,0.00,93,81.68,75,46.92,79,52.44,7,18.53
53.8,44.5,0.00,0.00,90,81.68,71,46.92,95,52.44,6,39.81
22.1,47.0,0.00,0.00,90,81.68,71,46.92,96,52.44,0,39.84
18.5,47.4,0.00,0.00,85,81.68,63,46.92,94,52.44,0,39.84
48.3,47.0,0.00,0.00,89,81.68,69,46.92,92,52.44,0,39.84
22.6,47.5,0.00,0.00,84,81.68,71,46.92,95,52.44,0,39.84
41.3,48.0,0.00,0.00,88,81.68,70,46.92,95,52.44,43,48.75
31.5,48.5,0.00,0.00,90,81.68,72,46.92,94,52.44,93,48.75
78.8,48.9,0.00,0.00,91,81.68,67,46.92,96,52.44,98,48.75
27.7,49.1,0.00,0.00,89,81.68,73,46.92,96,52.44,98,48.75
31.6,49.3,0.00,0.00,91,81.68,71,46.92,95,52.44,97,48.75
27.3,49.5,0.00,0.00,89,81.68,69,46.92,94,52.44,97,48.75
26.5,49.7,0.00,0.00,94,81.68,72,46.92,96,52.44,99,48.75
25.1,49.7,0.00,0.00,94,81.68,74,46.92,96,52.44,98,48.75
26.8,49.7,0.00,0.00,93,81.68,73,46.92,95,52.44,98,48.75
26.8,49.6,0.00,0.00,92,81.68,73,46.92,94,52.44,98,48.75
27.1,49.6,0.00,0.00,92,81.68,71,46.92,96,52.44,99,48.75
26.1,49.6,0.00,0.00,91,81.68,74,46.92,95,52.44,98,48.75
24.8,49.6,0.00,0.00,92,81.68,72,46.92,96,52.44,99,48.75
25.0,49.6,0.00,0.00,93,81.68,73,46.92,96,52.49,98,48.75
48.8,48.7,0.00,0.00,89,81.68,70,46.92,96,52.49,97,48.75
27.9,48.9,0.00,0.00,90,81.68,71,46.92,95,52.49,97,57.66
36.2,48.2,0.00,0.00,91,81.68,69,46.92,94,52.49,96,57.66
66.2,48.4,0.00,0.00,92,81.68,67,46.92,95,52.49,95,57.66
97.3,48.1,0.00,0.00,84,81.68,66,46.92,95,52.49,91,57.66
30.5,48.7,0.00,0.00,90,81.68,70,46.92,90,52.49,94,57.66
29.9,49.1,0.00,0.00,85,81.68,72,46.92,94,52.49,95,57.66
31.4,49.5,0.00,0.00,90,81.68,67,46.92,96,52.49,98,57.66
30.0,49.7,0.00,0.00,89,81.68,73,46.92,98,52.49,97,57.66
28.2,49.7,0.00,0.00,91,81.68,71,46.92,98,52.49,98,57.66
29.2,49.7,0.00,0.00,92,81.68,74,46.92,98,52.49,98,57.66
27.2,49.7,0.00,0.00,87,81.68,68,46.92,98,52.49,99,57.66
26.4,49.7,0.00,0.00,87,81.68,70,46.92,98,52.49,99,57.66
27.4,49.7,0.00,0.00,93,81.68,77,46.92,98,52.49,99,57.66
25.9,49.7,0.00,0.00,91,81.68,72,46.92,98,52.49,99,57.66
21.9,49.7,0.00,0.00,89,81.68,73,46.92,63,52.49,98,57.66
28.5,47.9,0.00,0.00,90,81.81,72,46.92,96,52.49,92,57.66
29.2,48.3,0.00,0.00,100,81.81,70,46.92,94,52.49,96,57.66
74.4,48.7,0.00,0.00,99,81.81,65,46.92,92,52.49,75,57.66
53.2,48.3,0.00,0.00,99,81.81,63,46.92,94,52.49,95,57.66
35.1,48.9,0.00,0.00,99,81.81,67,46.92,92,52.49,96,57.66
25.7,49.3,0.00,0.00,99,81.81,66,46.92,95,52.49,96,57.66
26.3,49.5,0.00,0.00,99,81.81,71,46.92,96,52.49,98,57.66
25.5,48.6,0.00,0.00,100,81.81,38,24.93,96,52.49,98,57.66
23.9,44.4,0.00,0.00,100,81.81,76,24.93,97,52.49,98,57.66
25.1,44.5,0.00,0.00,100,81.81,74,24.93,96,52.49,99,57.66
24.4,44.4,0.00,0.00,99,81.81,73,24.93,95,52.49,98,57.66
25.1,44.5,0.00,0.00,100,81.81,73,24.93,96,52.49,99,57.66
23.4,44.5,0.00,0.00,99,81.81,70,24.93,96,52.49,98,57.66
24.4,44.5,0.00,0.00,100,81.81,75,24.93,96,52.49,99,57.66
26.3,44.5,0.00,0.00,99,81.81,72,24.93,96,52.49,99,57.66
25.3,44.4,0.00,0.00,99,81.81,72,24.93,95,52.49,98,57.66
23.4,44.4,0.00,0.00,99,81.81,73,24.93,97,52.49,98,57.66
24.8,44.5,0.00,0.00,99,81.81,67,24.93,97,52.49,98,57.66
25.6,44.4,0.00,0.00,99,81.81,72,24.93,95,52.49,89,57.66
25.6,43.5,0.00,0.00,100,81.81,70,24.93,96,52.49,97,57.66
35.6,42.8,0.00,0.00,99,81.81,71,24.93,73,52.49,96,57.66
40.2,43.1,0.00,0.00,99,81.81,71,24.93,96,52.49,95,57.66
30.8,43.5,0.00,0.00,99,81.81,66,24.93,96,52.49,96,57.66
29.7,43.9,0.00,0.00,99,81.81,66,24.93,96,52.49,96,57.66
28.3,44.3,0.00,0.00,99,81.81,74,24.93,98,52.49,96,57.66
25.6,44.4,0.00,0.00,100,81.81,76,24.93,99,52.49,98,57.66
25.3,44.4,0.00,0.00,100,81.81,70,24.93,98,52.49,98,57.66
19.0,39.2,0.00,0.00,99,81.81,4,2.95,97,52.49,98,57.66
19.6,39.2,0.00,0.00,100,81.81,0,2.95,98,52.49,98,57.66
19.1,39.2,0.00,0.00,100,81.81,0,2.95,98,52.49,98,57.66
18.4,39.2,0.00,0.00,100,81.81,0,2.95,98,52.49,99,57.66
22.3,39.5,0.00,0.00,99,81.81,0,2.95,98,52.49,94,57.66
22.9,39.9,0.00,0.00,100,81.81,0,2.95,95,52.49,98,57.66
21.5,40.9,0.00,0.00,100,81.81,2,10.74,98,52.49,98,57.66
22.7,44.5,0.00,0.00,100,81.81,6,23.04,98,52.49,98,57.66
24.1,47.3,0.00,0.00,100,81.81,6,39.84,96,52.49,78,57.66
27.4,45.8,0.00,0.00,99,81.81,0,39.84,95,52.49,92,57.66
30.5,46.4,0.00,0.00,100,81.81,0,39.84,95,52.49,94,57.66
41.9,47.0,0.00,0.00,99,81.81,0,39.84,96,52.49,96,57.66
23.4,47.6,0.00,0.00,100,81.81,0,39.84,89,52.49,94,57.66
36.9,48.4,0.00,0.00,99,81.81,47,49.12,94,52.49,96,57.66
28.7,48.7,0.00,0.00,100,81.81,73,49.12,97,52.49,97,57.66
28.5,49.0,0.00,0.00,100,81.81,70,49.12,96,52.49,96,57.66
28.8,49.2,0.00,0.00,99,81.81,69,49.12,96,52.49,98,57.66
28.1,49.4,0.00,0.00,99,81.81,73,49.12,93,52.49,98,57.66
24.8,49.6,0.00,0.00,99,81.81,70,49.12,96,52.49,99,57.66
25.4,49.6,0.00,0.00,100,81.81,71,49.12,95,52.49,98,57.66
26.6,49.6,0.00,0.00,99,81.81,80,49.12,95,52.49,98,57.66
25.3,49.6,0.00,0.00,99,81.81,82,49.12,96,52.49,99,57.66
25.6,49.6,0.00,0.00,100,81.81,78,49.12,96,52.49,98,57.66
25.6,49.6,0.00,0.00,99,81.81,77,49.12,95,52.49,99,57.66
25.3,49.6,0.00,0.00,99,81.81,78,49.12,96,52.49,99,57.66
27.6,49.6,0.00,0.00,99,81.81,79,49.17,96,52.49,53,57.66
37.7,47.8,0.00,0.00,100,81.81,54,58.44,94,52.49,93,57.66
46.5,48.2,0.00,0.00,99,81.81,72,58.44,95,52.49,94,57.66
29.2,48.6,0.00,0.00,100,81.81,73,58.44,93,52.49,95,57.66
37.5,48.1,0.00,0.00,99,81.81,76,58.44,81,52.49,98,57.66
94.8,48.5,0.00,0.00,99,81.81,68,58.44,85,52.49,98,57.66
31.9,49.0,0.00,0.00,100,81.81,65,58.44,91,52.49,95,57.66
30.2,49.2,0.00,0.00,99,81.81,80,58.44,98,52.49,98,57.66
30.2,49.4,0.00,0.00,99,81.81,81,58.44,96,52.49,98,57.66
27.2,49.6,0.00,0.00,100,81.81,68,58.44,98,52.49,99,57.66
28.2,49.6,0.00,0.00,100,81.81,72,58.44,97,52.49,98,57.66
27.3,49.6,0.00,0.00,100,81.81,95,58.44,98,52.49,99,57.66
28.0,49.6,0.00,0.00,99,81.81,72,58.44,98,52.49,98,57.66
25.9,49.6,0.00,0.00,99,81.81,75,58.44,97,52.49,97,57.66
30.3,48.8,0.00,0.00,60,81.81,77,58.49,97,52.49,97,57.66
51.3,48.1,0.00,0.00,86,81.81,73,58.49,93,52.49,97,57.66
30.1,48.5,0.00,0.00,86,81.81,62,58.49,92,52.49,97,57.66
29.9,48.9,0.00,0.00,84,81.81,64,58.49,97,52.49,76,57.66
43.1,48.4,0.00,0.00,81,81.81,56,58.49,89,52.49,87,57.66
31.4,48.9,0.00,0.00,82,81.81,57,58.49,93,52.49,97,57.66
29.8,48.3,0.00,0.00,84,81.81,69,58.49,95,52.49,96,57.66
29.3,48.7,0.00,0.00,87,81.81,82,58.49,93,52.49,95,57.66
59.2,49.1,0.00,0.00,86,81.81,66,58.49,95,52.49,98,57.66
28.1,49.3,0.00,0.00,88,81.81,68,58.49,97,52.49,95,57.66
27.6,49.5,0.00,0.00,90,81.81,80,58.49,96,52.49,98,57.66
27.6,49.6,0.00,0.00,88,81.81,80,58.49,96,52.49,99,57.66
27.6,49.6,0.00,0.00,91,81.81,74,58.49,95,52.49,98,57.66
27.4,49.7,0.00,0.00,90,81.81,71,58.49,96,52.49,99,57.66
26.0,49.6,0.00,0.00,89,81.81,83,58.49,96,52.49,99,57.66
26.5,49.6,0.00,0.00,93,81.81,99,58.49,96,52.49,98,57.66
24.5,44.5,0.00,0.00,94,81.81,86,30.72,96,52.49,98,57.66
25.2,44.5,0.00,0.00,93,81.81,77,30.72,96,52.49,98,57.66
26.0,44.4,0.00,0.00,93,81.81,79,30.72,95,52.49,98,57.66
25.4,44.4,0.00,0.00,92,81.81,76,30.72,95,52.49,98,57.66
21.8,44.4,0.00,0.00,92,81.81,88,30.72,96,52.49,79,57.66
29.1,43.6,0.00,0.00,89,81.81,98,30.72,95,52.49,96,57.66
29.6,43.8,0.00,0.00,89,81.81,97,30.72,94,52.49,98,57.66
30.6,44.1,0.00,0.00,92,81.81,93,30.72,95,52.49,94,57.66
86.4,44.2,0.00,0.00,91,81.81,75,30.72,92,52.49,98,57.66
26.3,44.4,0.00,0.00,89,81.81,80,30.72,95,52.49,98,57.66
27.4,44.4,0.00,0.00,88,81.81,75,30.72,96,52.49,98,57.66
28.1,44.4,0.00,0.00,85,81.81,91,30.72,57,52.49,97,57.66
30.1,43.6,0.00,0.00,83,81.81,81,30.72,94,52.49,95,57.66
26.4,42.8,0.00,0.00,85,81.81,37,2.95,98,52.49,98,57.66
47.3,38.8,0.00,0.00,94,81.81,0,2.95,97,52.49,98,57.66
21.5,38.9,0.00,0.00,93,81.81,0,2.95,96,52.49,98,57.66
24.5,39.2,0.00,0.00,89,81.81,0,2.95,97,52.49,99,57.66
20.7,39.2,0.00,0.00,92,81.81,0,2.95,98,52.49,96,57.66
74.7,39.7,0.00,0.00,89,81.81,0,2.95,95,52.49,93,57.66
67.8,40.3,0.00,0.00,82,81.81,0,2.95,96,52.61,99,57.66
24.2,42.0,0.00,0.00,93,81.81,0,10.76,98,58.6,97,57.66
25.5,46.7,0.00,0.00,94,81.81,7,22.46,97,64.36,96,57.66
31.9,51.2,0.00,0.00,89,81.81,9,39.84,93,65.75,93,57.66
76.2,51.3,0.00,0.00,85,81.81,0,39.84,92,65.75,91,57.66
97.5,52.0,0.00,0.00,88,81.81,0,39.84,97,65.75,93,57.66
24.7,52.6,0.00,0.00,84,81.81,0,39.84,91,65.75,95,57.66
24.6,53.2,0.00,0.00,87,81.81,0,39.84,96,74.35,98,57.66
32.5,52.8,0.00,0.00,89,81.81,94,48.75,84,74.35,97,57.66
34.2,53.2,0.00,0.00,85,81.81,94,48.75,99,74.35,94,57.66
35.6,53.5,0.00,0.00,86,81.81,93,48.75,99,74.35,98,57.66
99.4,54.0,0.00,0.00,93,81.81,97,48.75,99,74.35,95,57.66
32.8,54.4,0.00,0.00,86,81.81,92,48.75,98,74.35,98,57.66
31.1,54.7,0.00,0.00,81,81.81,97,48.75,99,74.35,99,57.66
30.8,54.7,0.00,0.00,90,81.81,98,48.75,99,74.35,98,57.66
28.7,54.7,0.00,0.00,87,81.81,97,48.75,99,74.35,98,57.66
30.6,54.7,0.00,0.00,90,81.81,98,48.75,99,74.35,99,57.66
28.6,54.7,0.00,0.00,87,81.81,98,48.75,99,74.35,98,57.66
33.2,54.7,0.00,0.00,86,81.81,98,48.75,99,74.35,97,57.66
30.4,53.9,0.00,0.00,99,81.81,97,48.75,98,74.35,56,57.66
83.7,53.2,0.00,0.00,99,81.81,90,48.75,98,74.35,96,57.66
34.5,53.6,0.00,0.00,99,81.81,95,48.75,98,74.35,96,57.66
34.1,54.0,0.00,0.00,99,81.81,97,48.75,99,74.35,97,57.66
83.8,54.4,0.00,0.00,99,81.81,94,57.66,99,74.35,96,57.66
31.3,53.8,0.00,0.00,99,81.81,91,57.66,99,74.35,98,57.66
33.6,54.1,0.00,0.00,99,81.81,98,57.66,98,74.35,97,57.66
98.3,54.3,0.00,0.00,99,81.81,97,57.66,99,74.35,98,57.66
30.3,54.5,0.00,0.00,100,81.81,95,57.66,99,74.35,96,57.66
30.1,54.7,0.00,0.00,99,81.81,96,57.66,99,74.35,99,57.66
27.4,54.7,0.00,0.00,99,81.81,97,57.66,99,74.35,98,57.66
29.8,54.7,0.00,0.00,99,81.81,98,57.66,99,74.35,98,57.66
27.0,54.7,0.00,0.00,99,81.81,98,57.66,99,74.35,74,57.66
20.9,54.8,0.00,0.00,99,81.81,32,57.66,86,74.35,16,57.66
14.4,54.8,0.00,0.00,94,81.81,18,57.66,34,74.35,18,57.66
12.2,54.8,0.00,0.00,79,81.81,20,57.66,42,74.35,19,57.66
14.0,54.8,0.00,0.00,86,81.81,20,57.66,46,74.35,18,57.66
12.2,54.8,0.00,0.00,72,81.81,16,57.66,40,74.35,25,57.66
16.4,54.8,0.00,0.00,93,81.81,49,57.66,57,74.35,18,57.66
13.0,54.8,0.00,0.00,100,81.81,21,57.66,46,74.35,20,57.66
13.9,54.8,0.00,0.00,85,81.81,14,57.66,34,74.35,19,57.66
15.2,54.8,0.00,0.00,81,81.81,21,57.66,43,74.35,20,57.66
15.2,53.8,0.00,0.00,88,81.81,19,57.66,41,52.17,29,57.66
31.4,49.5,0.00,0.00,100,81.81,98,57.66,100,52.17,97,57.66
33.6,49.6,0.00,0.00,99,81.81,98,57.66,100,52.17,98,57.66
33.1,48.6,0.00,0.00,100,81.81,98,57.66,100,52.17,90,57.66
35.3,48.8,0.00,0.00,99,81.81,92,57.66,99,52.17,86,57.66
33.1,49.0,0.00,0.00,100,81.81,88,57.66,99,52.17,88,57.66
35.1,49.2,0.00,0.00,99,81.81,95,57.66,100,52.17,96,57.66
23.7,48.5,0.00,0.00,99,81.81,73,57.66,95,52.17,80,57.66
30.9,48.8,0.00,0.00,99,81.81,97,57.66,100,52.17,87,57.66
33.1,49.0,0.00,0.00,99,81.81,92,57.66,100,52.17,94,57.66
33.7,49.2,0.00,0.00,99,81.81,98,57.66,100,52.17,98,57.66
34.9,49.4,0.00,0.00,99,81.81,97,57.66,98,52.17,94,57.66
29.5,49.5,0.00,0.00,100,81.81,98,57.66,100,52.17,98,57.66
36.9,49.5,0.00,0.00,99,81.81,99,57.66,99,52.29,97,57.66
66.5,48.7,0.00,0.00,99,81.81,98,57.66,97,52.29,98,57.66
30.3,48.9,0.00,0.00,99,81.81,98,57.66,98,52.29,97,57.66
29.8,49.1,0.00,0.00,99,81.81,98,57.66,94,52.29,97,57.66
84.5,49.3,0.00,0.00,99,81.81,95,57.66,90,52.29,97,57.66
33.5,49.5,0.00,0.00,99,81.81,98,57.66,100,52.29,98,57.66
27.4,48.6,0.00,0.00,100,81.81,98,57.66,73,24.93,81,57.66
96.9,43.5,0.00,0.00,99,81.81,98,57.66,66,24.93,96,57.66
67.3,44.0,0.00,0.00,99,81.81,95,57.66,61,24.93,93,57.66
84.3,44.5,0.00,0.00,99,81.81,96,57.66,61,24.93,98,57.66
31.4,45.0,0.00,0.00,99,81.81,96,57.66,71,33.43,96,57.66
27.4,47.4,0.00,0.00,99,81.81,48,57.66,69,44.91,95,57.66
31.2,51.1,0.00,0.00,99,81.81,96,57.66,69,53.47,98,57.66
81.6,52.1,0.00,0.00,99,81.81,95,57.66,70,53.47,96,57.66
28.8,52.6,0.00,0.00,99,81.81,94,57.66,68,53.47,98,57.66
95.2,53.0,0.00,0.00,100,81.81,97,57.66,72,53.47,95,57.66
27.1,53.3,0.00,0.00,99,81.81,97,57.66,69,53.47,98,57.66
26.2,53.5,0.00,0.00,99,81.81,98,57.66,94,57.6,98,57.66
64.0,53.8,0.00,0.00,100,81.81,95,57.66,96,57.6,99,57.66
30.6,54.0,0.00,0.00,99,81.81,97,57.66,96,57.6,98,57.66
32.5,54.3,0.00,0.00,99,81.81,97,57.66,95,57.6,98,57.66
68.1,54.5,0.00,0.00,98,81.81,97,57.66,97,57.6,96,57.66
27.7,54.7,0.00,0.00,100,81.81,98,57.66,99,57.6,98,57.66
28.5,54.7,0.00,0.00,99,81.81,98,57.66,97,57.6,61,57.66
30.3,53.8,0.00,0.00,99,81.81,97,57.66,98,57.6,98,57.66
34.7,54.0,0.00,0.00,99,81.81,97,57.66,98,57.6,97,57.66
26.6,54.3,0.00,0.00,97,81.81,63,57.66,73,57.6,18,57.66
13.3,54.4,0.00,0.00,99,81.81,18,57.66,34,57.6,16,57.66
14.0,54.6,0.00,0.00,74,81.81,20,57.66,33,57.6,16,57.66
13.3,54.7,0.00,0.00,78,81.81,17,57.66,38,57.6,18,57.66
15.1,54.7,0.00,0.00,81,81.81,20,57.66,37,57.6,21,57.66
29.6,54.7,0.00,0.00,94,81.81,46,57.66,98,57.6,97,57.66
30.8,49.6,0.00,0.00,60,27.52,98,57.66,99,57.6,98,57.66
30.8,48.6,0.00,0.00,89,27.52,57,57.66,99,57.6,73,57.66
87.4,47.9,0.00,0.00,93,27.52,29,57.66,26,57.6,19,57.66
15.9,48.2,0.00,0.00,65,27.52,18,57.66,28,57.6,19,57.66
15.1,48.5,0.00,0.00,63,27.52,21,57.66,29,57.6,21,57.66
13.1,48.8,0.00,0.00,63,27.52,18,57.66,20,57.6,18,57.66
40.1,49.1,0.00,0.00,59,27.52,79,57.66,83,57.6,94,57.66
29.9,49.4,0.00,0.00,91,27.52,96,57.66,93,57.6,98,57.66
29.2,49.5,0.00,0.00,88,27.52,98,57.66,99,57.6,98,57.66
30.8,49.5,0.00,0.00,92,27.52,98,57.66,98,57.6,99,57.66
30.1,49.6,0.00,0.00,95,27.52,98,57.66,98,57.6,98,57.66
32.3,49.5,0.00,0.00,90,27.52,98,57.66,99,57.6,98,57.66
28.6,49.5,0.00,0.00,89,27.52,98,57.66,99,57.6,98,57.66
29.7,49.5,0.00,0.00,89,27.52,99,57.66,98,57.6,98,57.66
28.9,49.5,0.00,0.00,89,27.52,98,57.66,98,57.6,98,57.66
30.2,49.5,0.00,0.00,89,27.52,99,57.66,99,57.6,58,30.31
30.0,44.4,0.00,0.00,87,27.52,98,57.66,99,57.6,98,30.31
32.0,44.4,0.00,0.00,86,27.52,98,57.66,98,57.6,98,30.31
31.9,44.4,0.00,0.00,87,27.52,98,57.66,99,57.6,98,30.31
31.4,44.4,0.00,0.00,90,27.52,98,57.66,98,57.6,97,30.31
26.8,44.4,0.00,0.00,89,27.52,98,57.66,99,57.6,98,30.31
27.1,43.5,0.00,0.00,90,27.52,41,30.31,99,57.6,97,30.31
29.4,39.3,0.00,0.00,93,27.52,98,30.31,99,57.6,99,30.31
29.0,38.3,0.00,0.00,89,27.52,98,30.31,83,61.73,98,30.31
33.5,38.5,0.00,0.00,90,27.52,98,30.31,96,61.73,98,30.31
33.7,38.7,0.00,0.00,87,27.52,98,30.31,96,61.73,98,30.31
30.0,38.9,0.00,0.00,88,27.52,99,30.31,97,61.73,96,30.31
29.3,39.1,0.00,0.00,88,27.52,98,30.31,96,61.73,98,30.31
27.3,39.3,0.00,0.00,90,27.52,98,30.31,98,61.73,98,30.31
29.7,39.3,0.00,0.00,87,27.52,98,30.31,99,61.73,98,30.31
26.5,39.3,0.00,0.00,89,27.52,98,30.31,98,61.73,98,30.31
26.5,39.3,0.00,0.00,91,27.52,99,30.31,99,61.73,98,30.31
23.0,39.3,0.00,0.00,91,27.52,99,30.31,98,61.73,5,2.95
19.5,34.2,0.00,0.00,90,27.52,99,30.31,99,61.73,0,2.95
20.1,34.2,0.00,0.00,94,27.52,99,30.31,95,61.73,0,2.95
23.7,34.5,0.00,0.00,91,27.52,98,30.31,96,61.73,0,2.95
24.7,34.9,0.00,0.00,87,27.52,97,30.31,98,61.73,0,8.47
25.6,36.5,0.00,0.00,92,27.52,99,30.31,98,61.73,7,20.55
24.3,40.1,0.00,0.00,92,27.52,99,30.31,99,61.73,8,31.49
85.4,42.4,0.00,0.00,94,27.52,97,30.31,98,61.73,0,31.49
22.6,42.7,0.00,0.00,92,27.52,99,30.31,98,61.73,0,31.49
35.6,37.0,0.00,0.00,92,27.52,5,2.95,88,61.73,0,31.49
14.6,37.2,0.00,0.00,92,27.52,0,2.95,90,61.73,0,31.49
44.7,37.6,0.00,0.00,89,27.52,0,2.95,88,61.73,25,39.35
22.3,38.1,0.00,0.00,90,27.52,0,2.95,91,61.73,96,39.35
53.4,38.8,0.00,0.00,88,27.52,0,2.95,85,61.73,95,39.35
74.4,39.5,0.00,0.00,86,27.52,0,2.95,97,61.73,93,39.35
24.3,40.0,0.00,0.00,87,27.52,0,2.95,98,61.73,97,39.35
30.8,42.5,0.00,0.00,91,27.52,7,15.38,99,61.73,97,39.35
24.3,46.2,0.00,0.00,91,27.52,8,27.53,99,61.73,97,39.35
93.7,47.7,0.00,0.00,92,27.52,0,39.84,98,61.73,96,39.35
20.7,48.0,0.00,0.00,89,27.52,0,39.84,98,61.73,96,39.35
21.1,48.2,0.00,0.00,91,27.52,0,39.84,97,61.73,96,39.35
21.1,48.4,0.00,0.00,90,27.52,0,39.84,97,61.73,96,39.35
34.0,48.6,0.00,0.00,93,27.52,0,49.12,98,61.73,97,39.35
39.2,46.5,0.00,0.00,61,2.95,74,49.12,99,61.73,96,39.35
28.1,44.1,0.00,0.00,0,2.95,74,49.12,97,61.73,96,39.35
27.7,44.7,0.00,0.00,0,2.95,76,49.12,96,61.73,93,39.35
30.2,44.2,0.00,0.00,0,2.95,73,49.12,97,61.73,96,39.35
31.6,45.8,0.00,0.00,0,2.95,70,49.12,99,61.73,96,39.35
83.7,46.6,0.00,0.00,0,4.87,79,49.12,99,61.73,96,44.47
29.1,49.8,0.00,0.00,2,10.33,80,49.12,95,61.73,95,49.86
29.0,53.3,0.00,0.00,3,21.3,73,49.12,99,61.73,97,65.27
33.6,53.0,0.00,0.00,14,28.87,75,49.12,99,61.73,96,65.27
26.6,53.3,0.00,0.00,0,28.87,82,49.12,96,61.73,94,65.27
28.4,53.8,0.00,0.00,0,28.87,99,49.12,97,61.73,96,73.18
30.8,53.2,0.00,0.00,0,28.87,96,49.12,96,61.73,93,73.18
32.2,53.8,0.00,0.00,0,52.52,61,49.17,97,61.73,98,96.3
79.4,53.4,0.00,0.00,100,57.33,76,58.44,96,61.73,100,96.3
59.6,53.8,0.00,0.00,100,57.33,97,58.44,96,61.73,100,96.3
30.5,54.2,0.00,0.00,100,57.33,86,58.44,96,61.73,100,96.3
33.5,54.6,0.00,0.00,100,57.33,71,58.44,96,61.73,100,96.3
28.2,54.8,0.00,0.00,100,57.33,85,58.44,99,61.73,100,96.3
27.0,54.9,0.00,0.00,100,57.33,89,58.44,98,61.73,100,96.3
28.0,54.9,0.00,0.00,100,57.33,94,58.44,99,61.73,100,96.3
27.2,54.9,0.00,0.00,100,57.33,99,58.44,99,61.73,100,96.3
26.6,54.9,0.00,0.00,100,57.33,99,58.44,98,61.73,100,96.3
26.7,54.9,0.00,0.00,100,57.33,99,58.44,99,61.73,100,96.3
25.6,54.9,0.00,0.00,100,57.33,99,58.44,98,61.73,100,96.3
31.4,54.8,0.00,0.00,100,57.33,98,58.44,88,61.73,100,96.3
50.9,53.1,0.00,0.00,100,57.33,68,58.49,81,61.73,100,96.3
48.9,53.5,0.00,0.00,100,57.33,84,58.49,83,61.73,100,96.3
39.5,53.9,0.00,0.00,100,57.33,70,58.49,84,61.73,100,96.3
29.6,54.3,0.00,0.00,100,57.33,84,58.49,86,61.73,100,96.3
28.9,54.7,0.00,0.00,100,57.33,85,58.49,98,61.73,100,96.3
26.8,54.9,0.00,0.00,100,57.33,95,58.49,98,61.73,100,96.3
27.6,54.9,0.00,0.00,100,57.33,94,58.49,98,61.73,100,96.3
25.6,54.9,0.00,0.00,100,57.33,96,58.49,99,61.73,100,96.3
29.7,54.9,0.00,0.00,100,57.33,94,58.49,98,61.73,100,96.3
26.7,54.9,0.00,0.00,100,57.33,95,58.49,99,61.73,100,96.3
30.6,53.9,0.00,0.00,100,57.33,96,58.49,97,61.73,100,96.3
34.8,54.1,0.00,0.00,100,57.33,99,58.49,97,61.73,100,96.3
29.7,54.3,0.00,0.00,100,57.33,97,58.49,98,61.73,100,96.3
59.3,53.5,0.00,0.00,100,57.33,51,58.49,97,61.73,100,96.3
33.5,53.9,0.00,0.00,100,57.33,70,58.49,96,61.73,100,96.3
99.2,54.3,0.00,0.00,100,57.33,98,58.49,97,61.73,100,96.3
27.7,54.5,0.00,0.00,100,57.33,99,58.49,97,61.73,100,96.3
27.7,54.7,0.00,0.00,100,57.33,99,58.49,98,61.73,100,96.3
26.9,54.9,0.00,0.00,100,57.33,99,58.49,98,61.73,100,96.3
26.5,54.9,0.00,0.00,100,57.33,99,58.49,98,61.73,100,96.3
25.7,54.9,0.00,0.00,100,57.33,99,58.49,98,61.73,100,96.3
27.6,54.9,0.00,0.00,100,57.33,99,58.49,98,61.73,100,96.3
25.7,54.9,0.00,0.00,100,57.33,99,58.49,99,61.73,100,96.3
26.3,54.9,0.00,0.00,100,57.33,99,58.49,99,61.73,100,96.3
25.1,54.9,0.00,0.00,100,57.33,99,58.49,98,61.73,100,96.3
27.4,54.9,0.00,0.00,100,57.33,99,58.49,98,61.73,100,96.3
24.5,54.9,0.00,0.00,100,57.33,98,58.49,98,61.73,100,96.3
27.4,54.9,0.00,0.00,100,57.33,98,58.49,98,61.73,100,96.3
86.5,54.0,0.00,0.00,100,57.33,97,58.49,96,61.73,100,96.3
30.2,54.2,0.00,0.00,100,57.33,88,58.49,97,61.73,100,96.3
30.2,54.3,0.00,0.00,100,57.33,81,58.49,98,61.73,100,96.3
65.7,54.5,0.00,0.00,100,57.33,89,58.49,97,61.73,100,96.3
28.1,54.7,0.00,0.00,100,57.33,98,58.49,97,61.73,100,96.3
28.3,54.9,0.00,0.00,100,57.33,99,58.49,98,61.73,100,96.3
27.0,54.9,0.00,0.00,100,57.33,99,58.49,98,61.73,100,96.3
30.0,54.9,0.00,0.00,100,57.33,98,58.49,98,61.73,100,96.3
26.0,54.9,0.00,0.00,100,57.33,99,58.49,98,61.73,100,96.3
33.8,54.1,0.00,0.00,100,57.33,98,58.49,88,39.74,100,96.3
24.7,49.7,0.00,0.00,100,57.33,99,58.49,91,39.74,100,96.3
23.4,49.6,0.00,0.00,100,57.33,99,58.49,92,39.74,100,96.3
20.5,48.7,0.00,0.00,100,57.33,83,58.49,90,39.74,100,96.3
26.3,48.8,0.00,0.00,100,57.33,98,58.49,89,39.74,100,96.3
52.0,49.1,0.00,0.00,100,57.33,98,58.49,91,39.74,100,96.3
27.6,48.3,0.00,0.00,100,57.33,97,58.49,85,39.74,100,96.3
31.7,48.8,0.00,0.00,100,57.33,87,58.49,87,39.74,100,96.3
25.5,49.1,0.00,0.00,100,57.33,97,58.49,93,39.74,100,96.3
57.5,49.3,0.00,0.00,100,57.33,97,58.49,87,39.74,100,96.3
25.0,49.5,0.00,0.00,100,57.33,98,58.49,89,39.74,100,96.35
24.9,48.8,0.00,0.00,100,57.33,98,58.49,86,39.74,100,96.35
26.8,49.0,0.00,0.00,100,57.33,98,58.49,92,39.74,100,96.35
26.1,49.2,0.00,0.00,100,57.33,95,58.49,90,39.74,100,96.35
62.1,49.4,0.00,0.00,100,57.33,97,58.49,84,39.74,100,96.35
20.8,49.7,0.00,0.00,100,57.33,99,58.49,93,39.74,100,96.35
26.7,48.8,0.00,0.00,100,57.33,98,58.49,91,39.74,100,96.35
27.1,49.0,0.00,0.00,100,57.33,99,58.49,89,39.74,100,96.35
26.5,49.2,0.00,0.00,100,57.33,98,58.49,86,39.74,100,96.35
25.2,49.4,0.00,0.00,100,57.33,99,58.49,88,39.74,100,96.35
25.9,49.6,0.00,0.00,100,57.33,99,58.49,93,39.74,100,96.35
22.9,49.7,0.00,0.00,100,57.33,99,58.49,92,39.74,100,96.35
24.3,49.7,0.00,0.00,100,57.33,99,58.49,90,39.74,100,96.35
23.5,49.7,0.00,0.00,100,57.33,99,58.49,92,39.74,100,96.35
23.7,49.7,0.00,0.00,100,57.33,99,58.49,91,39.74,100,96.35
25.8,49.6,0.00,0.00,100,57.33,99,58.49,91,39.74,100,96.35
22.5,49.6,0.00,0.00,100,57.33,99,58.49,91,39.74,100,96.35
25.3,49.6,0.00,0.00,100,57.33,99,58.49,90,39.74,100,96.35
23.5,49.6,0.00,0.00,100,57.33,99,58.49,92,39.74,100,96.35
25.3,48.8,0.00,0.00,100,57.33,99,58.49,91,39.74,100,96.35
24.2,49.0,0.00,0.00,100,57.33,98,58.49,90,39.74,100,96.35
26.0,48.3,0.00,0.00,100,57.33,99,58.49,84,39.74,100,96.35
85.7,48.7,0.00,0.00,100,57.33,99,58.49,86,39.74,98,96.35
79.4,47.4,0.00,0.00,21,57.33,98,58.49,89,39.74,97,96.35
93.3,48.0,0.00,0.00,0,57.33,98,58.49,88,39.74,96,96.35
24.5,48.5,0.00,0.00,0,57.33,97,58.49,86,39.74,97,96.35
22.6,49.1,0.00,0.00,0,57.33,99,58.49,88,39.74,97,96.35
23.7,49.5,0.00,0.00,0,57.33,99,58.49,89,39.74,99,96.35
22.1,49.7,0.00,0.00,100,57.33,99,58.49,94,39.74,100,96.35
21.5,49.6,0.00,0.00,100,57.33,99,58.49,93,39.74,100,96.35
24.2,49.7,0.00,0.00,100,57.33,99,58.49,92,39.74,100,96.35
21.8,49.6,0.00,0.00,100,57.33,98,58.49,91,39.74,100,96.35
22.0,49.6,0.00,0.00,100,57.33,98,58.49,93,39.74,100,96.35
22.3,49.6,0.00,0.00,100,57.33,99,58.49,92,39.74,100,96.35
49.1,48.8,0.00,0.00,100,57.33,98,58.49,84,39.74,100,96.35
25.5,49.0,0.00,0.00,100,57.33,99,58.49,86,39.74,100,96.35
18.4,49.3,0.00,0.00,100,57.33,68,58.49,28,39.74,100,96.35
18.0,49.4,0.00,0.00,100,57.33,9,58.49,22,39.74,100,96.35
18.5,49.6,0.00,0.00,100,57.33,12,58.49,20,39.74,100,96.35
15.9,49.7,0.00,0.00,100,57.33,12,58.49,25,39.74,100,96.35
14.6,49.7,0.00,0.00,100,57.33,12,58.49,27,39.74,100,96.35
16.0,49.7,0.00,0.00,100,57.33,25,58.49,56,39.74,100,96.35
15.3,49.7,0.00,0.00,100,57.33,15,58.49,23,39.74,100,96.35
17.7,49.7,0.00,0.00,100,57.33,17,58.49,27,39.74,100,96.35
15.1,49.7,0.00,0.00,100,57.33,14,58.49,25,39.74,100,96.35
17.1,49.7,0.00,0.00,100,57.33,12,58.49,85,39.74,100,96.35
25.3,49.7,0.00,0.00,100,57.33,88,58.49,88,39.74,100,96.35
23.2,49.7,0.00,0.00,100,57.33,87,58.49,88,39.74,100,96.35
22.6,49.7,0.00,0.00,100,57.33,84,58.49,87,39.74,100,96.35
25.4,49.6,0.00,0.00,100,57.33,86,58.49,89,39.74,100,96.35
25.6,49.6,0.00,0.00,100,57.33,84,58.49,89,39.74,100,96.35
20.4,49.6,0.00,0.00,100,57.33,97,58.49,42,39.74,100,96.35
24.1,48.8,0.00,0.00,100,57.33,91,58.49,84,39.74,100,96.35
19.9,48.0,0.00,0.00,100,57.33,51,30.72,90,39.74,100,96.35
25.9,44.1,0.00,0.00,100,57.33,84,30.72,88,39.74,100,96.35
63.3,44.3,0.00,0.00,100,57.33,85,30.72,84,39.74,100,96.35
24.1,44.5,0.00,0.00,100,57.33,94,30.72,90,39.74,100,96.35
26.7,44.4,0.00,0.00,100,57.33,92,30.72,88,39.74,100,96.35
22.2,44.5,0.00,0.00,100,57.33,92,30.72,86,39.74,100,96.35
24.8,44.5,0.00,0.00,100,57.33,92,30.72,90,39.74,100,96.35
24.5,44.5,0.00,0.00,100,57.33,94,30.72,91,39.74,100,96.35
22.4,44.4,0.00,0.00,100,57.33,99,30.72,91,39.74,100,96.35
24.4,44.5,0.00,0.00,100,57.33,98,30.72,90,39.74,100,96.35
29.7,43.7,0.00,0.00,100,57.33,99,30.72,90,39.74,100,96.35
28.8,43.6,0.00,0.00,100,57.33,95,30.72,89,39.74,100,96.35
40.2,42.7,0.00,0.00,100,57.33,43,2.95,90,39.74,100,96.35
91.0,38.9,0.00,0.00,100,57.33,0,2.95,90,39.74,100,96.35
15.4,39.1,0.00,0.00,100,57.33,0,2.95,90,39.74,100,96.35
16.0,39.2,0.00,0.00,100,57.33,0,2.95,92,39.74,100,96.35
14.0,39.2,0.00,0.00,100,57.33,0,2.95,93,39.74,100,96.35
14.0,39.2,0.00,0.00,100,57.33,0,2.95,89,39.74,100,96.35
20.0,39.6,0.00,0.00,100,57.33,0,2.95,86,39.74,100,96.35
65.6,40.0,0.00,0.00,100,57.33,0,2.95,84,39.74,100,96.35
18.8,41.5,0.00,0.00,100,57.33,0,12.74,90,39.74,100,96.35
19.5,45.1,0.00,0.00,100,57.33,10,24.56,90,39.74,100,96.35
18.6,47.4,0.00,0.00,100,57.33,15,39.84,66,39.74,100,96.35
99.4,46.7,0.00,0.00,100,57.33,0,39.84,84,39.74,100,96.35
37.2,47.1,0.00,0.00,100,57.33,0,39.84,88,39.74,100,96.35
17.7,47.5,0.00,0.00,100,57.33,0,39.84,83,39.74,100,96.35
20.5,47.9,0.00,0.00,100,57.33,0,39.84,87,39.74,100,96.35
29.6,48.5,0.00,0.00,100,57.33,95,48.75,87,39.74,100,96.35
93.8,48.8,0.00,0.00,100,57.33,98,48.75,90,39.74,100,96.35
25.8,49.0,0.00,0.00,100,57.33,96,48.75,88,39.74,100,96.35
24.6,49.2,0.00,0.00,100,57.33,97,48.75,85,39.74,100,96.35
32.7,49.4,0.00,0.00,100,57.33,97,48.75,89,39.74,100,96.35
24.6,49.5,0.00,0.00,100,57.33,98,48.75,90,39.74,100,96.35
21.1,49.5,0.00,0.00,100,57.33,98,48.75,93,39.74,100,96.35
26.6,49.5,0.00,0.00,100,57.33,99,48.75,90,39.74,100,96.35
22.9,49.5,0.00,0.00,100,57.33,99,48.75,93,39.74,100,96.35
24.0,49.5,0.00,0.00,100,57.33,99,48.75,93,39.74,100,96.35
24.7,49.5,0.00,0.00,100,57.33,99,48.75,93,39.74,100,96.35
20.6,49.5,0.00,0.00,100,57.33,98,48.75,93,39.74,100,96.35
24.4,49.5,0.00,0.00,100,57.33,98,48.75,93,39.74,100,96.35
22.4,49.5,0.00,0.00,100,57.33,99,48.75,93,39.74,100,96.35
22.3,49.5,0.00,0.00,100,57.33,99,48.75,91,39.74,100,96.35
21.9,48.5,0.00,0.00,100,57.33,46,57.66,90,39.74,100,96.35
26.6,48.7,0.00,0.00,100,57.33,96,57.66,89,39.74,100,96.35
79.2,48.9,0.00,0.00,100,57.33,98,57.66,89,39.74,100,96.35
24.0,49.1,0.00,0.00,100,57.33,96,57.66,90,39.74,100,96.35
25.6,49.3,0.00,0.00,100,57.33,98,57.66,87,39.74,100,96.35
22.7,48.5,0.00,0.00,100,57.33,98,57.66,89,39.74,100,96.35
23.5,48.7,0.00,0.00,100,57.33,98,57.66,90,39.74,100,96.35
49.2,48.9,0.00,0.00,100,57.33,95,57.66,89,39.74,100,96.35
24.4,49.1,0.00,0.00,100,57.33,93,57.66,91,39.74,100,96.35
24.8,49.3,0.00,0.00,100,57.33,96,57.66,90,39.74,100,96.35
20.3,49.5,0.00,0.00,100,57.33,98,57.66,94,39.74,100,96.35
22.3,49.5,0.00,0.00,100,57.33,98,57.66,93,39.74,100,96.35
23.0,49.5,0.00,0.00,100,57.33,99,57.66,94,39.74,100,96.35
22.7,49.5,0.00,0.00,100,57.33,98,57.66,94,39.74,100,96.35
21.5,49.4,0.00,0.00,100,57.33,98,57.66,91,39.74,99,47.31
18.0,39.3,0.00,0.00,27,2.95,97,57.66,93,39.74,98,47.31
18.5,39.3,0.00,0.00,0,2.95,99,57.66,93,39.74,97,47.31
21.7,38.5,0.00,0.00,0,2.95,98,57.66,88,39.74,92,47.31
24.6,39.0,0.00,0.00,0,2.95,95,57.66,83,39.74,92,47.31
24.1,39.6,0.00,0.00,0,2.95,95,57.66,85,39.74,95,47.31
99.8,40.1,0.00,0.00,0,6.88,96,57.66,89,39.74,97,47.31
23.2,43.7,0.00,0.00,5,18.87,94,57.66,91,39.74,97,47.31
22.2,47.4,0.00,0.00,7,31.49,98,57.66,91,39.74,96,47.31
86.1,46.8,0.00,0.00,0,31.49,98,57.66,87,39.74,92,47.31
21.9,47.2,0.00,0.00,0,31.49,95,57.66,84,39.74,97,47.31
22.7,47.6,0.00,0.00,0,31.49,98,57.66,89,39.74,97,47.31
22.7,48.1,0.00,0.00,0,31.49,97,57.66,86,39.74,97,47.31
100.0,48.6,0.00,0.00,42,35.62,98,57.66,80,39.74,96,47.31
25.9,48.9,0.00,0.00,80,35.62,96,57.66,89,39.74,98,47.31
25.0,49.1,0.00,0.00,80,35.62,96,57.66,90,39.74,97,47.31
26.2,48.3,0.00,0.00,77,35.62,98,57.66,52,21.35,97,47.31
27.2,44.4,0.00,0.00,83,35.62,98,57.66,91,21.35,97,47.31
27.0,44.5,0.00,0.00,83,35.62,98,57.66,91,21.35,97,47.31
25.8,44.5,0.00,0.00,82,35.62,98,57.66,90,21.35,97,47.31
25.2,39.4,0.00,0.00,83,35.62,98,30.31,91,21.35,97,47.31
23.3,39.3,0.00,0.00,86,35.62,98,30.31,92,21.35,97,47.31
26.9,39.3,0.00,0.00,85,35.62,99,30.31,87,21.35,96,47.31
26.6,39.3,0.00,0.00,80,35.62,99,30.31,91,21.35,97,47.31
27.9,39.4,0.00,0.00,83,35.62,99,30.31,92,21.35,97,47.31
26.6,39.4,0.00,0.00,84,35.62,99,30.31,88,21.35,97,47.31
26.0,39.4,0.00,0.00,82,35.62,98,30.31,89,21.35,97,47.31
25.4,39.4,0.00,0.00,86,35.62,98,30.31,89,21.35,97,47.31
26.2,39.3,0.00,0.00,85,35.62,98,30.31,91,21.35,97,47.31
24.5,39.3,0.00,0.00,86,35.62,99,30.31,89,21.35,97,47.31
26.0,39.4,0.00,0.00,86,35.62,99,30.31,90,21.35,97,47.31
25.2,39.4,0.00,0.00,82,35.62,98,30.31,89,21.35,97,47.31
28.3,39.3,0.00,0.00,82,35.62,99,30.31,89,21.35,96,47.31
26.2,39.3,0.00,0.00,83,35.62,98,30.31,88,21.35,96,47.31
24.9,39.3,0.00,0.00,84,35.62,99,30.31,89,21.35,97,47.31
24.5,39.4,0.00,0.00,80,35.62,99,30.31,91,21.35,97,47.31
24.4,38.4,0.00,0.00,84,39.74,97,30.31,90,21.35,97,47.31
57.2,32.7,0.00,0.00,80,39.74,5,2.95,84,21.35,95,47.31
79.1,32.8,0.00,0.00,76,39.74,0,2.95,86,21.35,94,47.31
29.7,33.3,0.00,0.00,83,39.74,0,2.95,75,21.35,93,47.31
22.3,33.7,0.00,0.00,79,39.74,0,2.95,85,21.35,96,47.31
49.5,33.2,0.00,0.00,81,39.74,0,2.95,0,21.35,93,47.31
36.9,33.9,0.00,0.00,81,39.74,0,2.95,0,21.35,95,47.31
64.1,34.5,0.00,0.00,82,39.74,0,7.44,0,21.35,96,47.31
27.3,37.4,0.00,0.00,88,39.74,6,18.72,0,21.35,97,47.31
18.2,41.2,0.00,0.00,87,39.74,7,29.49,15,21.35,95,47.31
20.8,42.5,0.00,0.00,85,39.74,0,29.49,87,21.35,97,47.31
19.7,42.8,0.00,0.00,86,39.74,0,29.49,85,21.35,97,47.31
21.0,43.0,0.00,0.00,88,39.74,0,29.49,79,21.35,96,47.31
96.9,43.2,0.00,0.00,89,39.74,0,29.49,83,21.35,97,47.31
27.5,43.6,0.00,0.00,85,39.74,44,38.08,79,21.35,97,47.31
25.6,43.8,0.00,0.00,87,39.74,64,38.08,82,21.35,97,47.31
75.1,44.0,0.00,0.00,84,39.74,72,38.08,85,21.35,97,47.31
26.4,44.2,0.00,0.00,84,39.74,72,38.08,82,21.35,97,47.31
25.9,44.4,0.00,0.00,87,39.74,69,38.08,85,21.35,97,47.31
24.2,44.7,0.00,0.00,82,39.74,76,38.08,88,21.35,97,47.31
25.8,44.7,0.00,0.00,88,39.74,66,38.08,86,21.35,97,47.31
25.2,44.7,0.00,0.00,85,39.74,71,38.08,86,21.35,96,47.31
25.9,44.7,0.00,0.00,85,39.74,69,38.08,88,21.35,97,47.31
25.6,44.7,0.00,0.00,85,39.74,71,38.08,86,21.35,97,47.31
28.7,44.7,0.00,0.00,84,39.74,70,38.08,86,21.35,97,47.31
86.5,43.8,0.00,0.00,81,39.74,68,38.08,88,21.35,96,47.31
26.5,44.1,0.00,0.00,82,39.74,67,38.08,86,21.35,95,47.31
28.4,43.3,0.00,0.00,84,39.74,66,38.08,84,21.35,91,47.31
99.8,43.7,0.00,0.00,85,39.74,65,38.08,85,21.35,93,47.31
28.4,44.1,0.00,0.00,82,39.74,68,38.08,91,21.35,97,47.31
39.6,44.3,0.00,0.00,81,39.74,72,38.08,85,21.35,97,47.31
26.3,44.5,0.00,0.00,85,39.74,69,38.08,87,21.35,97,47.31
25.7,44.7,0.00,0.00,86,39.74,72,38.08,88,21.35,97,47.31
23.1,44.7,0.00,0.00,87,39.74,69,38.2,89,21.35,96,47.31
30.5,43.5,0.00,0.00,93,39.74,57,46.8,20,2.95,96,47.31
88.4,38.8,0.00,0.00,86,39.74,75,46.8,0,2.95,96,47.31
19.5,39.0,0.00,0.00,87,39.74,72,46.8,0,2.95,96,47.31
90.7,39.4,0.00,0.00,82,39.74,69,46.8,0,2.95,96,47.31
23.9,39.9,0.00,0.00,87,39.74,68,46.8,0,2.95,95,47.31
22.8,40.4,0.00,0.00,86,39.74,66,46.8,0,7.27,97,47.31
23.1,42.9,0.00,0.00,88,39.74,76,46.8,7,19.36,97,47.31
21.6,46.5,0.00,0.00,90,39.74,76,46.8,7,39.81,97,47.31
20.2,47.8,0.00,0.00,91,39.74,72,46.8,0,39.84,96,47.31
20.3,48.0,0.00,0.00,86,39.74,76,46.8,0,39.84,97,47.31
20.0,48.2,0.00,0.00,87,39.74,70,46.8,0,39.84,97,47.31
26.7,48.4,0.00,0.00,88,39.74,71,46.8,0,39.84,96,47.31
29.9,48.7,0.00,0.00,87,39.74,72,46.8,45,49.12,97,47.31
61.6,49.0,0.00,0.00,83,39.74,74,46.8,60,49.12,96,47.31
38.9,48.2,0.00,0.00,82,39.55,74,46.8,70,49.12,96,47.31
28.9,44.3,0.00,0.00,88,21.35,72,46.8,63,49.12,96,47.31
30.2,44.5,0.00,0.00,81,21.35,69,46.8,62,49.12,96,47.31
28.8,44.8,0.00,0.00,79,21.35,77,46.8,62,49.12,53,47.31
28.2,43.8,0.00,0.00,86,21.35,69,46.8,63,49.12,97,47.31
29.9,43.0,0.00,0.00,83,21.35,51,46.92,53,49.12,95,47.31
57.6,43.4,0.00,0.00,83,21.35,71,46.92,55,49.12,96,47.31
33.0,43.8,0.00,0.00,80,21.35,71,46.92,68,49.12,95,47.31
30.6,44.2,0.00,0.00,77,21.35,69,46.92,61,49.12,97,47.31
28.9,44.6,0.00,0.00,79,21.35,70,46.92,64,49.12,96,47.31
25.9,44.8,0.00,0.00,83,21.35,73,46.92,67,49.12,97,47.31
26.7,44.8,0.00,0.00,86,21.35,72,46.92,69,49.12,97,47.31
26.8,44.8,0.00,0.00,82,21.35,70,46.92,70,49.12,97,47.31
27.8,44.8,0.00,0.00,85,21.35,73,46.92,57,58.44,97,47.31
27.8,43.9,0.00,0.00,85,21.35,66,46.92,69,58.44,95,47.31
29.2,44.1,0.00,0.00,86,21.35,70,46.92,70,58.44,97,47.31
37.6,44.3,0.00,0.00,83,21.35,71,46.92,60,58.44,97,47.31
26.2,44.5,0.00,0.00,83,21.35,67,46.92,72,58.44,97,47.31
33.0,44.8,0.00,0.00,82,21.35,67,46.92,71,58.44,97,47.31
26.2,44.8,0.00,0.00,86,21.35,71,46.92,68,58.44,97,47.31
27.2,44.8,0.00,0.00,82,21.35,63,46.92,73,58.44,97,47.31
26.4,44.8,0.00,0.00,87,21.35,69,46.92,69,58.44,97,47.31
27.7,44.8,0.00,0.00,85,21.35,69,46.92,69,58.44,97,47.31
26.6,44.8,0.00,0.00,86,21.35,69,46.92,71,58.44,97,47.31
27.4,44.8,0.00,0.00,85,21.35,69,46.92,77,58.44,97,47.31
23.3,38.1,0.00,0.00,3,2.95,36,24.93,89,58.44,96,47.31
21.2,34.5,0.00,0.00,0,2.95,77,24.93,62,58.49,93,47.31
41.6,34.1,0.00,0.00,0,2.95,65,24.93,70,58.49,93,47.31
51.6,34.8,0.00,0.00,0,2.95,65,24.93,78,58.49,97,47.55
29.9,36.8,0.00,0.00,0,2.95,71,24.93,85,58.49,96,60.25
32.5,40.5,0.00,0.00,0,3.07,67,24.93,83,58.49,93,70.87
32.7,44.5,0.00,0.00,3,9.75,62,24.93,71,58.49,91,84.2
27.7,46.5,0.00,0.00,4,15.36,69,24.93,77,58.49,96,84.2
29.9,46.8,0.00,0.00,8,28.77,66,24.93,72,58.49,88,84.2
91.4,47.4,0.00,0.00,0,28.77,68,24.93,73,58.49,95,84.2
27.1,48.0,0.00,0.00,0,28.77,71,24.93,77,58.49,95,84.2
32.7,48.5,0.00,0.00,0,28.77,74,24.93,74,58.49,100,93.48
31.2,49.0,0.00,0.00,0,58.45,69,24.93,71,58.49,100,93.48
31.6,49.4,0.00,0.00,63,58.48,70,24.93,74,58.49,100,93.48
28.5,49.6,0.00,0.00,100,58.48,72,24.93,65,58.49,100,93.48
28.8,48.8,0.00,0.00,100,58.48,71,24.93,58,30.72,100,93.48
29.5,44.9,0.00,0.00,99,58.48,73,24.93,82,30.72,100,93.48
27.4,44.9,0.00,0.00,100,58.48,72,24.93,81,30.72,100,93.48
28.3,44.9,0.00,0.00,100,58.48,75,24.93,78,30.72,100,93.48
27.3,44.9,0.00,0.00,100,58.48,73,24.93,86,30.72,100,93.48
22.8,40.1,0.00,0.00,100,58.48,4,2.95,91,30.72,100,93.48
21.6,39.7,0.00,0.00,100,58.48,0,2.95,97,30.72,100,93.48
21.3,39.6,0.00,0.00,99,58.48,0,2.95,94,30.72,100,93.48
84.0,40.0,0.00,0.00,100,58.48,0,2.95,91,30.72,100,93.48
59.0,40.4,0.00,0.00,98,58.48,0,2.95,84,30.72,100,93.48
27.2,41.8,0.00,0.00,100,58.48,3,12.57,91,30.72,100,93.48
26.3,45.4,0.00,0.00,100,58.48,7,24.14,75,30.72,100,93.48
19.5,43.0,0.00,0.00,100,58.48,9,39.84,5,2.95,100,93.48
19.5,43.1,0.00,0.00,100,58.48,0,39.84,0,2.95,100,93.48
19.0,43.7,0.00,0.00,100,58.48,0,39.84,0,2.95,100,93.48
19.2,44.6,0.00,0.00,100,58.48,0,39.84,1,8.48,100,93.48
21.5,47.3,0.00,0.00,100,58.48,0,48.75,3,15.82,100,93.48
27.0,50.0,0.00,0.00,100,58.48,95,48.75,6,25.92,100,93.48
24.0,51.8,0.00,0.00,100,58.48,98,48.75,3,36.79,100,93.48
26.3,52.4,0.00,0.00,100,58.48,97,48.75,0,44.26,100,93.48
90.1,52.9,0.00,0.00,100,58.48,94,48.75,0,44.26,100,93.48
22.1,53.3,0.00,0.00,100,58.48,98,48.75,0,44.26,100,93.48
24.7,53.5,0.00,0.00,100,58.48,98,48.75,0,44.26,99,99.82
98.3,52.8,0.00,0.00,100,58.48,94,48.75,0,72.72,96,75.08
25.2,48.1,0.00,0.00,100,58.48,97,48.75,99,72.72,97,75.08
28.2,48.5,0.00,0.00,100,58.48,98,48.75,99,72.72,98,75.08
25.6,49.0,0.00,0.00,100,58.48,96,48.75,99,72.72,97,75.08
24.7,49.3,0.00,0.00,100,58.48,96,48.75,99,72.72,97,75.08
21.2,49.6,0.00,0.00,100,58.48,98,48.75,99,72.72,98,75.08
20.6,49.8,0.00,0.00,100,58.48,98,48.75,100,72.72,98,75.08
20.7,49.8,0.00,0.00,100,58.48,98,48.75,100,72.72,98,75.08
20.3,49.8,0.00,0.00,100,58.48,98,48.75,100,72.72,63,75.08
26.7,48.0,0.00,0.00,100,58.48,52,57.66,100,72.72,96,75.08
29.4,48.4,0.00,0.00,100,58.48,95,57.66,99,72.72,95,75.08
26.9,48.8,0.00,0.00,100,58.48,97,57.66,100,72.72,93,75.08
25.5,49.2,0.00,0.00,100,58.48,96,57.66,99,72.72,93,75.08
95.2,49.6,0.00,0.00,100,58.48,95,57.66,99,72.72,96,75.08
21.6,49.8,0.00,0.00,100,58.48,97,57.66,100,72.72,97,75.08
20.6,49.8,0.00,0.00,100,58.48,98,57.66,100,72.72,97,75.08
19.8,49.8,0.00,0.00,100,58.48,98,57.66,100,72.72,97,75.08
20.1,49.8,0.00,0.00,100,58.48,99,57.66,100,72.72,97,75.08
21.0,49.8,0.00,0.00,100,58.48,98,57.66,100,72.72,97,75.08
20.1,49.8,0.00,0.00,100,58.48,98,57.66,100,72.72,97,75.08
19.8,49.8,0.00,0.00,100,58.48,98,57.66,100,72.72,97,75.08
20.5,49.8,0.00,0.00,100,58.48,98,57.66,100,72.72,97,75.08
20.8,49.8,0.00,0.00,100,58.48,98,57.66,100,72.72,98,75.08
20.7,49.8,0.00,0.00,100,58.48,98,57.66,100,72.72,97,75.08
19.9,49.8,0.00,0.00,100,58.48,98,57.66,100,72.72,96,75.08
20.1,49.8,0.00,0.00,100,58.48,99,57.66,100,72.72,97,75.08
22.2,49.0,0.00,0.00,100,58.48,90,57.66,100,72.72,98,75.08
20.7,49.2,0.00,0.00,99,58.48,98,57.66,100,72.72,98,75.08
59.5,48.9,0.00,0.00,70,58.55,98,57.66,99,72.72,97,75.08
20.1,48.7,0.00,0.00,0,58.55,97,57.66,98,72.72,96,75.08
90.1,49.2,0.00,0.00,0,58.55,95,57.66,99,72.72,98,75.08
89.2,49.4,0.00,0.00,0,58.55,98,57.66,100,72.72,97,75.08
38.8,49.7,0.00,0.00,0,58.55,98,57.66,100,72.72,98,75.08
18.7,49.8,0.00,0.00,82,58.55,99,57.66,100,72.72,98,75.08
16.2,49.8,0.00,0.00,100,58.55,99,57.66,100,72.72,50,75.08
21.7,48.9,0.00,0.00,100,58.55,98,57.66,100,72.72,92,75.08
22.8,49.2,0.00,0.00,99,58.55,97,57.66,100,72.72,97,75.08
22.4,49.4,0.00,0.00,100,58.55,98,57.66,100,72.72,97,75.08
21.2,49.6,0.00,0.00,100,58.55,98,57.66,100,72.72,98,75.08
18.3,49.8,0.00,0.00,100,58.55,99,57.66,100,72.72,98,75.08
20.6,49.8,0.00,0.00,100,58.55,99,57.66,100,72.72,98,75.08
19.8,49.8,0.00,0.00,100,58.55,99,57.66,100,72.72,98,75.08
19.2,49.8,0.00,0.00,100,58.55,99,57.66,100,72.72,98,75.08
18.1,49.8,0.00,0.00,100,58.55,99,57.66,100,72.72,98,75.08
22.1,49.0,0.00,0.00,100,58.55,96,57.66,99,72.72,97,75.08
22.9,49.2,0.00,0.00,99,58.55,93,57.66,99,72.72,96,75.08
22.7,49.4,0.00,0.00,99,58.55,98,57.66,100,72.72,96,75.08
23.0,49.7,0.00,0.00,100,58.55,96,57.66,100,72.72,96,75.08
20.2,49.8,0.00,0.00,100,58.55,97,57.66,100,72.72,96,75.08
20.0,49.8,0.00,0.00,100,58.55,99,57.66,100,72.72,96,75.08
19.6,49.8,0.00,0.00,100,58.55,99,57.66,100,72.72,96,75.08
19.9,49.8,0.00,0.00,100,58.55,99,57.66,100,72.72,96,75.08
20.5,49.8,0.00,0.00,100,58.55,99,57.66,100,72.72,96,75.08
20.1,49.8,0.00,0.00,100,58.55,99,57.66,100,72.72,97,75.08
19.6,49.8,0.00,0.00,100,58.55,99,57.66,100,72.72,97,75.08
19.6,49.8,0.00,0.00,100,58.55,99,57.66,100,72.72,97,75.08
20.0,49.8,0.00,0.00,100,58.55,99,57.66,100,72.72,97,75.08
20.3,49.8,0.00,0.00,100,58.55,99,57.66,100,72.72,96,75.08
18.8,49.8,0.00,0.00,100,58.55,99,57.66,100,72.72,96,75.08
19.6,49.8,0.00,0.00,100,58.55,99,57.66,100,72.72,97,75.08
19.5,49.8,0.00,0.00,100,58.55,99,57.66,100,72.72,96,75.08
16.2,48.8,0.00,0.00,100,58.55,99,57.66,100,72.72,84,75.08
24.2,49.0,0.00,0.00,100,58.55,55,57.66,100,72.72,96,75.08
24.5,48.4,0.00,0.00,100,58.55,98,57.66,100,72.72,96,75.08
70.6,48.9,0.00,0.00,100,58.55,97,57.66,99,72.72,94,75.08
23.9,49.3,0.00,0.00,100,58.55,96,57.66,100,72.72,96,75.08
27.1,49.6,0.00,0.00,100,58.55,97,57.66,99,72.72,97,75.08
20.3,49.8,0.00,0.00,100,58.55,98,57.66,100,72.72,97,75.08
18.8,49.8,0.00,0.00,100,58.55,98,57.66,71,87.64,96,75.08
23.0,49.0,0.00,0.00,100,58.55,97,57.66,98,87.64,97,75.08
23.5,49.2,0.00,0.00,100,58.55,96,57.66,98,87.64,97,75.08
21.8,49.4,0.00,0.00,99,58.55,98,57.66,97,87.64,95,75.08
23.5,49.7,0.00,0.00,100,58.55,98,57.66,96,87.64,97,75.08
19.7,49.8,0.00,0.00,100,58.55,98,57.66,97,87.64,97,75.08
20.0,49.8,0.00,0.00,100,58.55,98,57.66,98,87.64,97,75.08
20.7,49.8,0.00,0.00,100,58.55,98,57.66,98,87.64,97,75.08
19.7,49.8,0.00,0.00,100,58.55,99,57.66,98,87.64,97,75.08
20.3,49.8,0.00,0.00,100,58.55,98,57.66,98,87.64,98,75.08
21.7,49.8,0.00,0.00,100,58.55,98,57.66,98,87.64,97,75.08
21.9,49.8,0.00,0.00,100,58.55,49,57.47,98,87.64,97,75.08
20.7,44.7,0.00,0.00,100,58.55,98,30.31,97,87.64,97,75.08
20.2,44.7,0.00,0.00,100,58.55,99,30.31,98,87.64,97,75.08
20.0,44.7,0.00,0.00,100,58.55,99,30.31,97,87.64,97,75.08
20.8,44.7,0.00,0.00,100,58.55,98,30.31,98,87.64,96,75.08
21.2,44.7,0.00,0.00,100,58.55,98,30.31,97,87.64,97,75.08
20.0,44.7,0.00,0.00,100,58.55,99,30.31,97,87.64,97,75.08
20.0,43.7,0.00,0.00,100,58.55,99,30.31,97,87.64,95,75.08
20.5,42.9,0.00,0.00,53,2.95,97,30.31,97,87.64,97,75.08
18.3,38.9,0.00,0.00,9,2.95,95,30.31,97,87.64,96,75.08
21.2,39.1,0.00,0.00,0,2.95,99,30.31,94,87.64,97,75.08
22.5,39.4,0.00,0.00,0,2.95,98,30.31,97,87.64,97,75.08
16.1,39.5,0.00,0.00,0,2.95,99,30.31,97,87.64,97,75.08
16.0,39.5,0.00,0.00,0,2.95,99,30.31,97,87.64,97,75.08
16.9,39.5,0.00,0.00,0,2.95,99,30.31,97,87.64,97,75.08
16.1,39.5,0.00,0.00,0,2.95,99,30.31,98,87.64,96,75.08
16.4,39.5,0.00,0.00,0,2.95,99,30.31,98,87.64,97,75.08
16.3,39.5,0.00,0.00,0,2.95,99,30.31,97,87.64,97,75.08
16.9,39.5,0.00,0.00,0,2.95,99,30.31,97,87.64,96,75.08
12.1,38.5,0.00,0.00,0,2.95,5,2.95,97,87.64,97,75.08
11.7,34.4,0.00,0.00,0,2.95,0,2.95,97,87.64,96,75.08
10.2,34.4,0.00,0.00,0,2.95,0,2.95,98,87.64,97,75.08
13.1,34.5,0.00,0.00,0,2.95,0,2.95,97,87.64,94,75.08
12.6,34.9,0.00,0.00,0,2.95,0,2.95,97,87.64,96,75.08
12.4,35.2,0.00,0.00,0,3.19,0,2.95,98,87.64,97,75.08
13.7,38.4,0.00,0.00,6,17.89,0,2.95,98,87.64,97,75.08
14.3,42.0,0.00,0.00,8,29.46,0,2.95,97,87.64,96,75.08
36.8,42.7,0.00,0.00,0,29.49,0,2.95,98,87.64,95,75.08
97.9,42.9,0.00,0.00,0,29.49,0,2.95,96,87.64,94,75.08
92.3,43.2,0.00,0.00,0,29.49,0,2.95,97,87.64,97,75.08
92.3,43.4,0.00,0.00,0,29.49,0,2.95,96,87.64,97,75.08
16.6,43.8,0.00,0.00,19,34.25,0,2.95,96,87.64,93,75.08
15.7,44.0,0.00,0.00,43,34.25,0,2.95,97,87.64,63,75.08
19.4,43.3,0.00,0.00,39,34.25,0,2.95,96,87.64,94,75.08
40.1,43.8,0.00,0.00,35,34.25,0,2.95,94,87.64,96,75.08
15.7,44.2,0.00,0.00,38,34.25,0,2.95,96,87.64,98,75.08
16.3,44.4,0.00,0.00,42,34.25,0,2.95,97,87.64,97,75.08
14.3,44.6,0.00,0.00,38,34.25,0,2.95,98,87.64,97,75.08
13.9,44.6,0.00,0.00,36,34.25,0,2.95,98,87.64,97,75.08
19.2,44.6,0.00,0.00,40,34.25,0,2.95,86,87.96,97,75.08
32.1,43.8,0.00,0.00,40,34.25,0,2.95,100,87.96,97,75.08
29.5,44.0,0.00,0.00,40,34.25,0,2.95,100,87.96,96,75.08
15.3,44.3,0.00,0.00,40,34.25,0,2.95,99,87.96,97,75.08
15.1,44.5,0.00,0.00,38,34.25,0,2.95,100,87.96,98,75.08
13.4,44.6,0.00,0.00,41,34.25,0,2.95,100,87.96,98,75.08
14.8,44.6,0.00,0.00,41,34.25,0,2.95,100,87.96,96,75.08
15.0,44.6,0.00,0.00,44,34.25,0,2.95,100,87.96,97,75.08
14.0,44.6,0.00,0.00,44,34.25,0,2.95,100,87.96,97,75.08
14.3,44.6,0.00,0.00,35,34.25,0,2.95,100,87.96,97,75.08
14.0,44.6,0.00,0.00,43,34.25,0,2.95,100,87.96,97,75.08
13.4,44.6,0.00,0.00,41,34.25,0,2.95,100,87.96,97,75.08
14.2,44.6,0.00,0.00,39,34.25,0,2.95,100,87.96,97,75.08
13.8,44.6,0.00,0.00,39,34.25,0,2.95,100,87.96,97,75.08
14.4,44.6,0.00,0.00,38,34.25,0,2.95,100,87.96,96,75.08
14.1,44.6,0.00,0.00,43,34.25,0,2.95,100,87.96,97,75.08
13.8,44.6,0.00,0.00,45,34.25,0,2.95,100,87.96,97,75.08
14.9,44.6,0.00,0.00,39,34.25,0,2.95,100,87.96,97,75.08
14.8,44.6,0.00,0.00,44,34.25,0,2.95,100,87.96,97,75.08
14.6,44.6,0.00,0.00,44,34.25,0,2.95,100,87.96,72,52.9
17.3,39.7,0.00,0.00,46,34.25,0,2.95,100,87.96,97,52.9
14.4,39.4,0.00,0.00,49,34.25,0,2.95,100,87.96,97,52.9
14.3,39.4,0.00,0.00,47,34.25,0,2.95,100,87.96,97,52.9
15.3,39.4,0.00,0.00,45,34.25,0,2.95,100,87.96,97,52.9
14.6,39.4,0.00,0.00,40,34.25,0,2.95,100,87.96,97,52.9
16.2,39.4,0.00,0.00,45,34.25,0,2.95,100,87.96,97,52.9
15.0,39.4,0.00,0.00,50,34.25,0,2.95,100,87.96,97,52.9
14.4,39.4,0.00,0.00,43,34.3,0,2.95,100,87.96,97,52.9
17.2,38.6,0.00,0.00,33,39.06,0,2.95,100,87.96,97,52.9
16.6,38.8,0.00,0.00,41,39.06,0,2.95,100,87.96,97,52.9
17.0,39.0,0.00,0.00,44,39.06,0,2.95,100,87.96,96,52.9
58.0,39.2,0.00,0.00,43,39.06,0,2.95,100,87.96,97,52.9
15.4,39.4,0.00,0.00,43,39.06,0,2.95,100,87.96,97,52.9
15.1,39.4,0.00,0.00,49,39.06,0,2.95,100,87.96,97,52.9
14.0,39.4,0.00,0.00,44,39.06,0,2.95,100,87.96,97,52.9
14.6,39.4,0.00,0.00,37,39.06,0,2.95,100,87.96,97,52.9
15.5,39.4,0.00,0.00,43,39.06,0,2.95,100,87.96,97,52.9
14.7,39.4,0.00,0.00,46,39.06,0,2.95,100,87.96,97,52.9
14.4,39.4,0.00,0.00,46,39.06,0,2.95,100,87.96,97,52.9
14.9,39.4,0.00,0.00,41,39.06,0,2.95,100,87.96,97,52.9
14.1,39.4,0.00,0.00,49,39.06,0,2.95,100,87.96,97,52.9
15.0,39.4,0.00,0.00,45,39.06,0,2.95,100,87.96,39,52.9
66.4,38.5,0.00,0.00,48,39.06,0,2.95,99,87.96,0,52.9
10.4,38.7,0.00,0.00,45,39.06,0,2.95,99,87.96,0,52.9
10.8,38.9,0.00,0.00,45,39.06,0,2.95,99,87.96,0,52.9
10.4,39.1,0.00,0.00,45,39.06,0,2.95,99,87.96,0,52.9
17.5,39.4,0.00,0.00,44,39.06,0,2.95,99,87.96,96,52.9
15.2,39.4,0.00,0.00,56,39.06,0,2.95,100,87.96,97,52.9
15.4,39.4,0.00,0.00,43,39.06,0,2.95,99,87.96,97,52.9
14.8,39.4,0.00,0.00,41,39.06,0,2.95,100,87.96,97,52.9
15.9,39.4,0.00,0.00,54,39.06,0,2.95,100,87.96,97,52.9
15.3,39.4,0.00,0.00,49,39.06,0,2.95,100,87.96,97,52.9
14.9,39.4,0.00,0.00,55,39.06,0,2.95,100,87.96,97,52.9
14.7,39.4,0.00,0.00,41,39.06,0,2.95,100,87.96,96,52.9
15.3,39.4,0.00,0.00,43,39.06,0,2.95,100,87.96,97,52.9
14.3,39.4,0.00,0.00,43,39.06,0,2.95,99,87.96,97,52.9
14.4,39.4,0.00,0.00,45,39.06,0,2.95,100,87.96,97,52.9
15.1,39.4,0.00,0.00,44,39.06,0,2.95,100,87.96,97,52.9
15.1,39.4,0.00,0.00,45,39.06,0,2.95,100,87.96,97,52.9
14.8,39.4,0.00,0.00,42,39.06,0,2.95,100,87.96,97,52.9
15.7,39.4,0.00,0.00,43,39.06,0,2.95,100,87.96,97,52.9
34.1,38.5,0.00,0.00,28,39.11,0,2.95,100,87.96,96,52.9
63.3,38.8,0.00,0.00,43,39.11,0,2.95,100,87.96,97,52.9
16.0,39.0,0.00,0.00,47,39.11,0,2.95,100,87.96,97,52.9
16.9,39.2,0.00,0.00,40,39.11,0,2.95,100,87.96,96,52.9
24.7,39.4,0.00,0.00,42,39.11,0,2.95,100,87.96,97,52.9
14.6,39.4,0.00,0.00,47,39.11,0,2.95,100,87.96,97,52.9
14.5,39.4,0.00,0.00,47,39.11,0,2.95,100,87.96,4,30.72
8.9,34.2,0.00,0.00,39,39.11,0,2.95,100,87.96,0,30.72
13.3,34.5,0.00,0.00,37,39.11,0,2.95,99,87.96,0,30.72
11.5,34.9,0.00,0.00,37,39.11,0,2.95,58,33.67,0,30.72
12.7,30.7,0.00,0.00,44,39.11,0,10.03,98,33.67,0,30.72
13.7,34.2,0.00,0.00,48,39.11,8,22.7,97,33.67,0,30.72
14.0,37.5,0.00,0.00,47,39.11,11,39.84,98,33.67,0,30.72
54.2,37.4,0.00,0.00,43,39.11,0,39.84,97,33.67,0,30.72
10.7,37.6,0.00,0.00,44,39.11,0,39.84,97,33.67,0,30.72
11.5,37.9,0.00,0.00,43,39.11,0,39.84,97,33.67,0,30.72
11.7,38.1,0.00,0.00,49,39.11,0,39.84,98,33.67,0,30.72
19.9,38.5,0.00,0.00,45,39.11,76,49.12,98,33.67,0,30.72
88.8,38.7,0.00,0.00,41,39.11,87,49.12,98,33.67,0,30.72
71.8,38.9,0.00,0.00,38,39.11,83,49.12,97,33.67,0,30.72
20.0,39.1,0.00,0.00,41,39.11,82,49.12,98,33.67,0,30.72
19.8,39.5,0.00,0.00,40,39.11,88,49.12,98,33.67,0,30.72
18.2,39.5,0.00,0.00,44,39.11,89,49.12,98,33.67,0,30.72
17.1,39.5,0.00,0.00,43,39.11,85,49.12,98,33.67,0,30.72
18.2,39.5,0.00,0.00,43,39.11,87,49.12,98,33.67,0,30.72
17.6,39.5,0.00,0.00,46,39.11,86,49.12,97,33.67,0,30.72
17.4,39.4,0.00,0.00,35,39.11,88,49.12,98,33.67,0,30.72
19.0,39.4,0.00,0.00,41,39.11,84,49.17,97,33.67,0,30.72
19.6,38.6,0.00,0.00,40,39.11,51,58.44,97,33.67,0,30.72
86.6,38.8,0.00,0.00,44,39.11,81,58.44,97,33.67,0,30.72
18.8,39.0,0.00,0.00,42,39.11,74,58.44,97,33.67,0,30.72
21.4,39.2,0.00,0.00,46,39.11,81,58.44,97,33.67,0,30.72
27.1,39.5,0.00,0.00,41,39.11,85,58.44,97,33.67,0,30.72
18.8,39.5,0.00,0.00,44,39.11,92,58.44,98,33.67,0,30.72
17.3,39.5,0.00,0.00,43,39.11,87,58.44,97,33.67,0,30.72
20.2,34.6,0.00,0.00,31,21.03,85,58.44,98,33.67,0,30.72
17.7,34.4,0.00,0.00,49,21.03,87,58.44,98,33.67,0,30.72
19.1,34.4,0.00,0.00,48,21.03,91,58.44,98,33.67,0,30.72
17.9,34.4,0.00,0.00,42,21.03,89,58.44,97,33.67,0,30.72
20.0,33.4,0.00,0.00,46,21.03,59,58.49,95,33.67,0,30.72
19.4,33.6,0.00,0.00,41,21.03,86,58.49,97,33.67,0,30.72
21.6,33.8,0.00,0.00,42,21.03,84,58.49,97,33.67,0,30.72
20.5,34.0,0.00,0.00,44,21.03,82,58.49,98,33.67,0,30.72
21.2,34.3,0.00,0.00,39,21.03,86,58.49,97,33.67,0,30.72
18.7,34.4,0.00,0.00,47,21.03,89,58.49,97,33.67,0,30.72
17.8,34.4,0.00,0.00,42,21.03,92,58.49,98,33.67,0,30.72
18.5,34.4,0.00,0.00,42,21.03,94,58.49,97,33.67,0,30.72
17.8,34.4,0.00,0.00,44,21.03,92,58.49,98,33.67,0,30.72
19.9,34.4,0.00,0.00,44,21.03,91,58.49,97,33.67,0,30.72
18.1,34.4,0.00,0.00,41,21.03,93,58.49,97,33.67,0,30.72
13.5,34.4,0.00,0.00,43,21.03,80,58.49,97,33.67,0,30.72
19.0,33.5,0.00,0.00,42,21.03,87,58.49,97,33.67,0,30.72
20.9,33.7,0.00,0.00,42,21.03,95,58.49,97,33.67,0,30.72
21.6,34.0,0.00,0.00,46,21.03,89,58.49,97,33.67,0,30.72
19.8,34.2,0.00,0.00,41,21.03,86,58.49,97,33.67,0,30.72
18.8,34.4,0.00,0.00,38,21.03,85,58.49,97,33.67,0,30.72
18.2,34.4,0.00,0.00,44,21.03,99,58.49,98,33.67,0,30.72
18.4,34.4,0.00,0.00,44,21.03,98,58.49,98,33.67,0,30.72
18.2,34.4,0.00,0.00,36,21.03,98,58.49,97,33.67,0,30.72
18.5,33.4,0.00,0.00,37,21.03,99,58.49,6,2.95,0,30.72
14.5,29.1,0.00,0.00,46,21.03,99,58.49,0,2.95,0,30.72
15.3,29.1,0.00,0.00,45,21.03,99,58.49,0,2.95,0,30.72
70.1,28.5,0.00,0.00,40,21.03,78,58.49,0,2.95,0,30.72
22.0,29.1,0.00,0.00,33,21.03,78,58.49,0,2.95,0,30.72
20.5,30.3,0.00,0.00,43,21.03,94,58.49,4,15.67,0,30.72
20.9,34.2,0.00,0.00,37,21.03,94,58.49,7,27.44,0,30.72
24.3,37.4,0.00,0.00,41,21.03,95,58.49,2,29.49,0,30.72
18.2,37.6,0.00,0.00,43,21.03,98,58.49,0,29.49,0,30.72
16.4,37.8,0.00,0.00,41,21.03,98,58.49,0,29.49,0,30.72
17.5,38.0,0.00,0.00,41,21.03,97,58.49,0,29.49,0,30.72
94.2,38.2,0.00,0.00,40,21.03,98,58.49,32,38.08,0,30.72
19.0,33.5,0.00,0.00,3,2.95,98,58.49,64,38.08,0,30.72
19.8,33.7,0.00,0.00,0,2.95,98,58.49,67,38.08,0,30.72
83.8,34.3,0.00,0.00,0,2.95,74,58.49,57,38.08,0,30.72
26.2,34.0,0.00,0.00,0,2.95,73,58.49,61,38.08,0,30.72
24.9,36.0,0.00,0.00,4,12.28,82,58.49,73,38.08,0,30.72
21.7,39.9,0.00,0.00,5,23.53,93,58.49,70,38.08,0,30.72
24.9,42.5,0.00,0.00,6,29.49,83,58.49,70,38.08,0,30.72
19.6,42.9,0.00,0.00,0,29.49,88,58.49,66,38.08,0,30.72
19.2,43.1,0.00,0.00,0,29.49,96,58.49,72,38.08,0,30.72
18.1,43.3,0.00,0.00,0,29.49,93,58.49,64,38.08,0,30.72
51.7,43.5,0.00,0.00,0,29.49,95,58.49,73,38.08,0,30.72
23.1,43.9,0.00,0.00,42,34.25,91,58.49,69,38.08,0,30.72
22.9,44.1,0.00,0.00,41,34.25,91,58.49,63,38.08,0,30.72
22.7,44.3,0.00,0.00,48,34.25,87,58.49,65,38.08,0,30.72
25.5,43.6,0.00,0.00,39,34.25,57,58.49,64,38.08,0,30.72
22.8,44.0,0.00,0.00,35,34.25,82,58.49,64,38.08,0,30.72
23.8,44.2,0.00,0.00,37,34.25,96,58.49,67,38.08,0,30.72
22.7,44.4,0.00,0.00,38,34.25,91,58.49,64,38.08,0,30.72
23.2,44.6,0.00,0.00,36,34.25,90,58.49,64,38.2,0,30.72
23.3,43.8,0.00,0.00,41,34.25,95,58.49,70,46.8,0,30.72
28.5,44.0,0.00,0.00,39,34.25,88,58.49,71,46.8,0,30.72
23.9,44.2,0.00,0.00,40,34.25,93,58.49,67,46.8,0,30.72
22.5,44.4,0.00,0.00,39,34.25,92,58.49,66,46.8,0,30.72
23.0,44.6,0.00,0.00,41,34.25,92,58.49,67,46.8,0,30.72
19.4,44.7,0.00,0.00,44,34.25,92,58.49,70,46.8,0,30.72
22.5,44.8,0.00,0.00,41,34.25,86,58.49,69,46.8,0,30.72
23.8,43.8,0.00,0.00,41,34.25,88,58.49,67,46.8,0,30.72
22.4,44.0,0.00,0.00,41,34.25,79,58.49,62,46.8,0,30.72
21.9,44.2,0.00,0.00,45,34.25,85,58.49,62,46.8,0,30.72
30.2,44.5,0.00,0.00,38,34.25,84,58.49,67,46.8,0,30.72
21.9,44.6,0.00,0.00,43,34.25,82,58.49,66,46.8,0,30.72
21.8,44.7,0.00,0.00,43,34.25,86,58.49,65,46.8,0,30.72
22.0,44.8,0.00,0.00,40,34.25,88,58.49,68,46.8,0,30.72
22.4,44.7,0.00,0.00,41,34.25,92,58.49,62,46.8,0,30.72
20.1,44.7,0.00,0.00,44,34.25,95,58.49,69,46.8,0,30.72
20.0,44.7,0.00,0.00,39,34.25,89,58.49,67,46.8,0,30.72
21.4,44.7,0.00,0.00,43,34.25,86,58.49,66,46.8,0,30.72
20.4,44.8,0.00,0.00,42,34.25,90,58.49,69,46.8,0,30.72
20.1,43.7,0.00,0.00,38,34.25,51,58.49,48,46.92,0,30.72
30.7,43.1,0.00,0.00,36,34.25,77,58.49,59,46.92,0,30.72
25.2,43.5,0.00,0.00,39,34.25,87,58.49,54,46.92,0,30.72
51.7,44.0,0.00,0.00,36,34.25,92,58.49,65,46.92,0,30.72
25.4,44.4,0.00,0.00,37,34.25,84,58.49,62,46.92,0,30.72
20.0,44.7,0.00,0.00,37,34.25,94,58.49,65,46.92,0,30.72
19.7,44.7,0.00,0.00,39,34.25,98,58.49,68,46.92,0,30.72
21.2,44.8,0.00,0.00,41,34.25,99,58.49,70,46.92,0,30.72
21.4,44.8,0.00,0.00,41,34.25,94,58.49,65,46.92,0,30.72
19.7,44.8,0.00,0.00,36,34.25,89,58.49,64,46.92,0,30.72
22.5,43.8,0.00,0.00,19,39.06,89,58.49,64,46.92,0,30.72
23.7,44.0,0.00,0.00,42,39.06,89,58.49,71,46.92,0,30.72
22.5,44.0,0.00,0.00,37,39.06,59,58.49,63,46.92,0,30.72
26.0,43.6,0.00,0.00,38,39.06,85,58.49,63,46.92,0,30.72
24.4,44.0,0.00,0.00,41,39.06,84,58.49,62,46.92,0,30.72
22.5,44.3,0.00,0.00,47,39.06,83,58.49,73,46.92,0,30.72
54.3,44.5,0.00,0.00,45,39.06,83,58.49,69,46.92,0,30.72
21.2,44.7,0.00,0.00,42,39.06,84,58.49,73,46.92,0,30.72
19.9,44.7,0.00,0.00,45,39.06,90,58.49,77,46.92,0,30.72
20.7,44.7,0.00,0.00,39,39.06,91,58.49,71,46.92,0,30.72
24.0,44.7,0.00,0.00,41,39.06,91,58.49,36,24.93,0,30.72
22.2,39.5,0.00,0.00,42,39.06,96,58.49,73,24.93,0,30.72
21.8,39.5,0.00,0.00,45,39.06,88,58.49,72,24.93,0,30.72
19.7,39.5,0.00,0.00,44,39.06,82,58.49,70,24.93,0,30.72
22.4,38.6,0.00,0.00,45,39.06,57,58.49,62,24.93,0,30.72
21.5,38.8,0.00,0.00,42,39.06,77,58.49,67,24.93,0,30.72
22.8,39.0,0.00,0.00,42,39.06,82,58.49,64,24.93,0,30.72
22.6,39.2,0.00,0.00,48,39.06,81,58.49,66,24.93,0,30.72
31.2,39.4,0.00,0.00,44,39.06,79,58.49,71,24.93,0,30.72
18.9,39.5,0.00,0.00,42,39.06,89,58.49,69,24.93,0,30.72
21.7,39.5,0.00,0.00,43,39.06,88,58.49,70,24.93,0,30.72
21.1,39.5,0.00,0.00,43,39.06,97,58.49,70,24.93,0,30.72
21.5,39.5,0.00,0.00,41,39.06,96,58.49,68,24.93,0,30.72
20.5,39.5,0.00,0.00,41,39.06,92,58.49,70,24.93,0,30.72
20.9,39.5,0.00,0.00,43,39.06,89,58.49,68,24.93,0,30.72
20.9,39.5,0.00,0.00,36,39.06,84,58.49,71,24.93,0,30.72
20.9,38.5,0.00,0.00,46,39.06,51,30.72,70,24.93,0,30.72
20.5,34.3,0.00,0.00,45,39.06,88,30.72,71,24.93,0,30.72
20.9,34.3,0.00,0.00,41,39.06,81,30.72,73,24.93,0,30.72
23.5,34.3,0.00,0.00,46,39.06,96,30.72,4,2.95,0,30.72
14.8,29.1,0.00,0.00,44,39.06,98,30.72,0,2.95,0,30.72
15.6,29.1,0.00,0.00,44,39.06,98,30.72,0,2.95,0,30.72
15.4,29.1,0.00,0.00,43,39.06,99,30.72,0,2.95,0,30.72
16.1,29.1,0.00,0.00,46,39.06,98,30.72,0,2.95,0,30.72
80.5,29.4,0.00,0.00,39,39.06,91,30.72,0,2.95,0,30.72
47.7,29.8,0.00,0.00,36,39.11,98,30.72,0,2.95,0,30.72
23.2,30.0,0.00,0.00,44,39.11,97,30.72,2,14.4,0,30.72
40.6,33.6,0.00,0.00,40,39.11,93,30.72,6,25.41,0,30.72
11.1,31.8,0.00,0.00,41,39.11,5,2.95,6,33.93,0,30.72
13.6,32.4,0.00,0.00,38,39.11,0,2.95,0,33.93,0,30.72
11.5,33.1,0.00,0.00,40,39.11,0,2.95,0,33.93,0,30.72
10.9,33.8,0.00,0.00,40,39.11,0,7.93,0,33.93,0,30.72
11.5,37.4,0.00,0.00,47,39.11,7,20.48,0,42.89,0,30.72
71.2,41.4,0.00,0.00,50,39.11,10,39.84,90,42.89,0,30.72
53.5,41.8,0.00,0.00,42,39.11,1,39.84,88,42.89,0,30.72
13.3,42.2,0.00,0.00,42,39.11,0,39.84,90,42.89,0,30.72
13.7,42.6,0.00,0.00,40,39.11,0,39.84,87,42.89,0,30.72
15.4,43.2,0.00,0.00,40,39.11,0,39.84,90,42.89,0,30.72
38.4,43.5,0.00,0.00,43,39.11,64,49.12,89,42.89,0,30.72
20.1,43.7,0.00,0.00,38,39.11,82,49.12,91,42.89,0,30.72
20.1,44.0,0.00,0.00,39,39.11,83,49.12,92,42.89,0,30.72
19.4,44.2,0.00,0.00,37,39.11,83,49.12,92,42.89,0,30.72
20.5,44.4,0.00,0.00,42,39.11,92,49.12,90,42.89,0,30.72
18.4,44.6,0.00,0.00,41,39.11,96,49.12,95,42.89,0,30.72
18.2,44.6,0.00,0.00,39,39.11,90,49.12,93,42.89,0,30.72
18.5,44.6,0.00,0.00,42,39.11,94,49.12,95,42.89,0,30.72
19.5,44.6,0.00,0.00,42,39.11,93,49.12,93,42.89,0,30.72
18.0,44.5,0.00,0.00,35,39.11,89,49.12,93,42.89,0,30.72
18.9,44.6,0.00,0.00,44,39.11,92,49.12,95,42.89,0,30.72
21.8,43.6,0.00,0.00,41,39.11,58,58.44,92,42.89,0,30.72
19.6,43.8,0.00,0.00,43,39.11,87,58.44,90,42.89,0,30.72
19.4,44.0,0.00,0.00,40,39.11,82,58.44,90,42.89,0,30.72
20.3,44.3,0.00,0.00,41,39.11,85,58.44,90,42.89,0,30.72
23.2,44.6,0.00,0.00,46,39.11,79,58.44,95,42.89,0,30.72
17.6,44.6,0.00,0.00,42,39.11,90,58.44,92,42.89,0,30.72
17.4,44.6,0.00,0.00,43,39.11,84,58.44,94,42.89,0,30.72
18.8,44.6,0.00,0.00,43,39.11,92,58.44,94,42.89,0,30.72
17.2,44.6,0.00,0.00,40,39.11,92,58.44,95,42.89,0,30.72
18.1,44.6,0.00,0.00,37,39.11,88,58.44,93,42.89,0,30.72
18.5,44.6,0.00,0.00,42,39.11,90,58.44,92,42.89,0,30.72
12.6,44.6,0.00,0.00,42,39.11,72,58.49,91,42.89,0,30.72
36.8,42.8,0.00,0.00,40,39.11,85,58.49,90,42.89,0,30.72
22.1,43.2,0.00,0.00,41,39.11,87,58.49,90,42.89,0,30.72
28.8,43.7,0.00,0.00,38,39.11,83,58.49,91,42.89,0,30.72
28.3,44.1,0.00,0.00,38,39.11,92,58.49,90,42.89,0,30.72
83.2,44.5,0.00,0.00,42,39.11,85,58.49,90,42.89,0,30.72
18.9,44.6,0.00,0.00,44,39.11,98,58.49,93,42.89,0,30.72
19.2,44.6,0.00,0.00,44,39.11,96,58.49,96,42.89,0,30.72
17.8,44.6,0.00,0.00,42,39.11,99,58.49,94,42.89,0,30.72
18.1,44.6,0.00,0.00,42,39.11,99,58.49,94,42.89,0,30.72
18.1,44.6,0.00,0.00,42,39.11,99,58.49,95,42.89,0,30.72
18.8,44.6,0.00,0.00,44,39.11,98,58.49,94,42.89,0,30.72
19.9,43.7,0.00,0.00,43,39.11,96,58.49,90,42.89,0,30.72
20.6,44.0,0.00,0.00,43,39.11,88,58.49,93,42.89,0,30.72
18.8,44.2,0.00,0.00,42,39.11,84,58.49,89,42.89,0,30.72
20.4,44.4,0.00,0.00,39,39.11,90,58.49,91,42.89,0,30.72
17.9,44.6,0.00,0.00,42,39.11,87,58.49,94,42.89,0,30.72
19.2,44.6,0.00,0.00,43,39.11,98,58.49,92,42.89,0,30.72
19.4,44.6,0.00,0.00,45,39.11,99,58.49,95,42.89,0,30.72
18.4,44.6,0.00,0.00,45,39.11,90,58.49,95,42.89,0,30.72
17.5,44.6,0.00,0.00,42,39.11,98,58.49,93,42.89,0,30.72
18.6,44.6,0.00,0.00,46,39.11,97,58.49,95,42.89,0,30.72
18.4,44.6,0.00,0.00,47,39.11,94,58.49,93,42.89,0,30.72
21.1,39.6,0.00,0.00,46,39.11,56,30.72,95,42.89,0,30.72
18.9,39.4,0.00,0.00,38,39.11,98,30.72,94,42.89,0,30.72
16.8,39.4,0.00,0.00,43,39.11,97,30.72,52,51.97,0,30.72
20.0,38.6,0.00,0.00,40,39.11,90,30.72,92,51.97,0,30.72
20.3,38.8,0.00,0.00,36,39.11,90,30.72,93,51.97,0,30.72
20.3,39.0,0.00,0.00,37,39.11,94,30.72,91,51.97,0,30.72
20.0,39.2,0.00,0.00,47,39.11,86,30.72,92,51.97,0,30.72
19.0,39.4,0.00,0.00,43,39.11,91,30.72,96,51.97,0,30.72
18.6,39.4,0.00,0.00,40,39.11,99,30.72,96,51.97,0,30.72
17.7,39.4,0.00,0.00,41,39.11,99,30.72,94,51.97,0,30.72
18.1,39.4,0.00,0.00,44,39.11,99,30.72,94,51.97,0,30.72
15.2,38.5,0.00,0.00,42,39.11,0,30.72,93,51.97,0,30.72
10.0,38.7,0.00,0.00,41,39.11,0,30.72,89,51.97,0,30.72
7.9,38.9,0.00,0.00,45,39.11,0,30.72,92,51.97,0,30.72
13.3,38.3,0.00,0.00,42,39.11,0,30.72,89,51.97,0,30.72
20.6,38.8,0.00,0.00,44,39.11,12,30.72,88,51.97,0,30.72
20.7,39.0,0.00,0.00,41,39.11,95,30.72,93,51.97,0,30.72
20.3,39.3,0.00,0.00,37,39.11,88,30.72,93,51.97,0,30.72
18.3,39.4,0.00,0.00,37,39.11,97,30.72,94,51.97,0,30.72
18.7,39.4,0.00,0.00,37,39.11,92,30.72,94,51.97,0,30.72
18.4,39.4,0.00,0.00,44,39.11,96,30.72,95,51.97,0,30.72
18.2,39.4,0.00,0.00,37,39.11,89,30.72,96,51.97,0,30.72
18.4,39.4,0.00,0.00,43,39.11,98,30.72,95,51.97,0,30.72
18.3,39.4,0.00,0.00,42,39.11,99,30.72,94,51.97,0,30.72
18.7,39.4,0.00,0.00,42,39.11,98,30.72,93,51.97,0,30.72
17.3,39.4,0.00,0.00,41,39.11,92,30.72,94,51.97,0,30.72
11.1,38.4,0.00,0.00,37,39.11,60,30.72,93,51.97,0,30.72
11.0,38.6,0.00,0.00,40,39.11,0,30.72,92,51.97,0,30.72
10.9,38.9,0.00,0.00,47,39.11,0,30.72,90,51.97,0,30.72
11.7,39.1,0.00,0.00,46,39.11,0,30.72,93,51.97,0,30.72
16.7,39.4,0.00,0.00,48,39.11,28,30.72,92,51.97,0,30.72
18.0,39.4,0.00,0.00,47,39.11,92,30.72,95,51.97,0,30.72
18.1,39.4,0.00,0.00,41,39.11,92,30.72,95,51.97,0,30.72
18.0,39.4,0.00,0.00,44,39.11,91,30.72,95,51.97,0,30.72
17.5,39.4,0.00,0.00,42,39.11,92,30.72,92,51.97,0,30.72
18.3,39.4,0.00,0.00,40,39.11,94,30.72,96,51.97,0,30.72
18.6,39.4,0.00,0.00,39,39.11,98,30.72,95,51.97,0,30.72
17.9,39.4,0.00,0.00,41,39.11,99,30.72,95,51.97,0,30.72
18.8,39.4,0.00,0.00,42,39.11,96,30.72,94,51.97,0,30.72
18.1,39.4,0.00,0.00,40,39.11,95,30.72,95,51.97,0,30.72
17.3,39.4,0.00,0.00,41,39.11,96,30.72,95,51.97,0,30.72
54.7,38.5,0.00,0.00,43,39.11,17,30.72,92,51.97,0,30.72
55.6,38.7,0.00,0.00,45,39.11,0,30.72,90,51.97,0,30.72
78.8,38.9,0.00,0.00,40,39.11,0,30.72,92,51.97,0,30.72
48.5,39.2,0.00,0.00,51,39.11,0,30.72,94,51.97,0,30.72
18.4,39.4,0.00,0.00,44,39.11,0,30.72,96,51.97,0,30.72
18.6,39.4,0.00,0.00,42,39.11,94,30.72,95,51.97,0,30.72
18.2,39.4,0.00,0.00,44,39.11,92,30.72,93,51.97,0,30.72
17.6,39.4,0.00,0.00,41,39.11,91,30.72,95,51.97,0,30.72
20.6,38.5,0.00,0.00,23,39.11,90,30.72,91,51.97,0,30.72
20.9,38.7,0.00,0.00,41,39.11,88,30.72,92,51.97,0,30.72
19.3,38.9,0.00,0.00,37,39.11,84,30.72,90,51.97,0,30.72
21.2,39.1,0.00,0.00,41,39.11,90,30.72,88,51.97,0,30.72
20.1,39.3,0.00,0.00,45,39.11,80,30.72,94,51.97,0,30.72
18.1,39.4,0.00,0.00,43,39.11,98,30.72,93,51.97,0,30.72
17.7,39.4,0.00,0.00,37,39.11,95,30.72,95,51.97,0,30.72
9.6,38.4,0.00,0.00,44,39.11,8,30.72,80,52.1,0,30.72
13.2,37.8,0.00,0.00,43,39.11,0,30.72,87,52.1,0,30.72
20.7,38.2,0.00,0.00,46,39.11,0,30.72,89,52.1,0,30.72
12.9,38.7,0.00,0.00,48,39.11,0,30.72,92,52.1,0,30.72
45.3,39.1,0.00,0.00,41,39.11,0,30.72,91,52.1,0,30.72
18.9,39.4,0.00,0.00,39,39.11,82,30.72,96,52.1,0,30.72
17.9,39.4,0.00,0.00,41,39.11,90,30.72,95,52.1,0,30.72
18.3,39.4,0.00,0.00,41,39.11,95,30.72,95,52.1,0,30.72
16.9,39.4,0.00,0.00,35,39.11,93,30.72,96,52.1,0,30.72
19.1,39.4,0.00,0.00,39,39.11,93,30.72,95,52.1,0,30.72
18.6,39.4,0.00,0.00,40,39.11,89,30.72,95,52.1,0,30.72
17.7,39.4,0.00,0.00,44,39.11,88,30.72,95,52.1,0,30.72
18.6,39.4,0.00,0.00,44,39.11,96,30.72,95,52.1,0,30.72
19.0,39.4,0.00,0.00,41,39.11,91,30.72,95,52.1,0,30.72
18.5,39.4,0.00,0.00,40,39.11,90,30.72,94,52.1,0,30.72
18.0,39.4,0.00,0.00,44,39.11,44,30.72,94,52.1,0,30.72
12.1,38.5,0.00,0.00,44,39.11,0,30.72,91,52.1,0,30.72
11.5,38.8,0.00,0.00,45,39.11,0,30.72,91,52.1,0,30.72
12.7,39.0,0.00,0.00,48,39.11,0,30.72,90,52.1,0,30.72
11.8,39.2,0.00,0.00,45,39.11,0,30.72,91,52.1,0,30.72
18.4,39.4,0.00,0.00,42,39.11,93,30.72,96,52.1,0,30.72
18.2,39.4,0.00,0.00,39,39.11,95,30.72,96,52.1,0,30.72
17.7,39.4,0.00,0.00,37,39.11,89,30.72,96,52.1,0,30.72
18.8,39.4,0.00,0.00,40,39.11,98,30.72,96,52.1,0,30.72
18.6,39.4,0.00,0.00,49,39.11,88,30.72,95,52.1,0,30.72
18.1,39.4,0.00,0.00,41,39.11,89,30.72,94,52.1,0,30.72
18.0,39.4,0.00,0.00,44,39.11,95,30.72,91,52.1,0,30.72
17.5,39.4,0.00,0.00,39,39.11,82,30.72,93,52.1,0,30.72
16.0,39.4,0.00,0.00,45,39.11,99,30.72,95,52.1,0,30.72
18.7,34.3,0.00,0.00,43,21.03,97,30.72,94,52.1,0,30.72
19.0,34.3,0.00,0.00,44,21.03,90,30.72,93,52.1,0,30.72
11.1,30.9,0.00,0.00,45,21.03,42,2.95,95,52.1,0,30.72
9.0,29.1,0.00,0.00,46,21.03,0,2.95,96,52.1,0,30.72
9.0,29.1,0.00,0.00,51,21.03,0,2.95,95,52.1,0,30.72
9.0,29.0,0.00,0.00,39,21.03,0,2.95,90,52.1,0,30.72
13.6,29.4,0.00,0.00,42,21.03,0,2.95,85,52.1,0,30.72
13.7,29.9,0.00,0.00,46,21.03,0,3.19,92,52.1,0,30.72
13.8,32.1,0.00,0.00,51,21.03,4,17.57,94,52.1,0,30.72
13.5,35.8,0.00,0.00,48,21.03,6,31.44,94,52.1,0,30.72
11.6,37.4,0.00,0.00,46,21.03,1,31.49,90,52.1,0,30.72
10.9,37.6,0.00,0.00,42,21.03,0,31.49,91,52.1,0,30.72
11.7,37.8,0.00,0.00,43,21.03,0,31.49,92,52.1,0,30.72
12.2,38.1,0.00,0.00,37,21.03,0,31.49,91,52.1,0,30.72
31.0,38.4,0.00,0.00,45,21.03,93,39.35,93,52.1,0,30.72
18.7,38.6,0.00,0.00,42,21.03,94,39.35,94,52.1,0,30.72
16.8,38.8,0.00,0.00,43,21.03,93,39.35,92,52.1,0,30.72
18.4,39.0,0.00,0.00,39,21.03,94,39.35,94,52.1,0,30.72
18.2,39.2,0.00,0.00,41,21.03,94,39.35,95,52.1,0,30.72
15.7,39.4,0.00,0.00,48,21.03,97,39.35,95,52.1,0,30.72
16.0,39.4,0.00,0.00,45,21.03,96,39.35,95,52.1,0,30.72
15.5,39.4,0.00,0.00,45,21.03,97,39.35,95,52.1,0,30.72
16.1,39.4,0.00,0.00,45,21.03,97,39.35,94,52.1,0,30.72
16.7,39.4,0.00,0.00,45,21.03,96,39.35,94,52.1,0,30.72
15.5,39.4,0.00,0.00,43,21.03,96,39.35,95,52.1,0,30.72
17.4,38.4,0.00,0.00,40,21.03,96,39.35,93,27.52,0,30.72
15.6,34.3,0.00,0.00,43,21.03,97,39.35,95,27.52,0,30.72
15.8,34.2,0.00,0.00,43,21.03,97,39.35,94,27.52,0,30.72
15.4,34.2,0.00,0.00,40,21.03,96,39.35,94,27.52,0,30.72
15.2,34.2,0.00,0.00,37,21.03,97,39.35,94,27.52,0,30.72
14.3,34.2,0.00,0.00,41,21.03,97,39.35,94,27.52,0,30.72
14.7,34.2,0.00,0.00,48,21.03,97,39.35,93,27.52,0,30.72
16.0,34.2,0.00,0.00,46,21.03,97,39.35,91,27.52,0,30.72
11.0,34.2,0.00,0.00,41,21.03,97,47.26,91,27.52,0,30.72
16.8,32.5,0.00,0.00,3,21.03,93,47.26,90,27.52,0,30.72
13.6,32.9,0.00,0.00,0,21.03,96,47.26,93,27.52,0,30.72
13.6,33.4,0.00,0.00,0,21.03,93,47.26,89,27.52,0,30.72
15.5,33.8,0.00,0.00,0,21.03,95,47.26,89,27.52,0,30.72
21.2,34.2,0.00,0.00,0,21.03,97,47.26,94,27.52,0,30.72
14.2,34.2,0.00,0.00,46,21.03,97,47.26,93,27.52,0,30.72
15.0,34.2,0.00,0.00,46,21.03,97,47.26,95,27.52,0,30.72
15.6,34.2,0.00,0.00,42,21.03,97,47.26,94,27.52,0,30.72
14.4,34.2,0.00,0.00,37,21.03,97,47.26,92,27.52,0,30.72
14.6,34.2,0.00,0.00,38,21.03,97,47.26,95,27.52,0,30.72
15.1,34.2,0.00,0.00,42,21.03,97,47.26,94,27.52,0,30.72
14.3,34.2,0.00,0.00,44,21.03,97,47.26,94,27.52,0,30.72
14.7,34.2,0.00,0.00,40,21.03,97,47.26,94,27.52,0,30.72
14.9,34.2,0.00,0.00,48,21.03,97,47.26,95,27.52,0,30.72
14.4,34.2,0.00,0.00,42,21.03,96,47.26,93,27.52,0,30.72
14.6,34.2,0.00,0.00,45,21.03,98,47.26,95,27.52,0,30.72
16.2,34.2,0.00,0.00,46,21.03,97,47.26,95,27.52,0,30.72
15.0,34.2,0.00,0.00,44,21.03,97,47.26,95,27.52,0,30.72
15.0,34.2,0.00,0.00,45,21.03,97,47.26,93,27.52,0,30.72
14.3,34.2,0.00,0.00,43,21.03,97,47.26,92,27.52,0,30.72
16.1,34.2,0.00,0.00,42,21.03,97,47.26,96,27.52,0,30.72
19.0,33.7,0.00,0.00,43,21.03,57,47.31,94,27.52,0,30.72
26.8,33.4,0.00,0.00,37,21.03,95,47.31,93,27.52,0,30.72
78.7,33.6,0.00,0.00,43,21.03,97,47.31,92,27.52,0,30.72
18.4,33.9,0.00,0.00,42,21.03,97,47.31,88,27.52,0,30.72
17.3,34.1,0.00,0.00,40,21.03,97,47.31,90,27.52,0,30.72
16.8,34.3,0.00,0.00,42,21.03,97,47.31,95,27.52,0,30.72
14.9,34.3,0.00,0.00,43,21.03,97,47.31,95,27.52,0,30.72
14.9,34.3,0.00,0.00,43,21.03,97,47.31,94,27.52,0,30.72
15.1,34.3,0.00,0.00,46,21.03,97,47.31,94,27.52,0,30.72
15.2,34.2,0.00,0.00,45,21.03,97,47.31,92,27.52,0,30.72
15.1,34.2,0.00,0.00,38,21.03,97,47.31,95,27.52,0,30.72
14.9,34.2,0.00,0.00,45,21.03,97,47.31,93,27.52,0,30.72
15.4,34.3,0.00,0.00,42,21.03,97,47.31,95,27.52,0,30.72
15.4,34.2,0.00,0.00,43,21.03,97,47.31,93,27.52,0,30.72
15.5,34.3,0.00,0.00,40,21.03,97,47.31,92,27.52,0,30.72
15.9,34.3,0.00,0.00,43,21.03,97,47.31,91,27.52,0,30.72
16.1,34.3,0.00,0.00,44,21.03,97,47.31,95,27.52,0,30.72
15.7,34.2,0.00,0.00,45,21.03,97,47.31,94,27.52,0,30.72
12.5,34.2,0.00,0.00,40,21.03,97,47.31,95,27.52,0,30.72
10.0,29.1,0.00,0.00,3,2.95,97,47.31,95,27.52,0,30.72
15.2,29.1,0.00,0.00,0,2.95,97,47.31,92,27.52,0,30.72
15.7,29.5,0.00,0.00,0,2.95,92,47.31,94,27.52,0,30.72
16.0,26.1,0.00,0.00,0,2.95,56,25.13,90,27.52,0,30.72
19.6,27.4,0.00,0.00,0,13.25,97,25.13,53,2.95,0,30.72
11.9,25.7,0.00,0.00,6,25.51,97,25.13,0,2.95,0,30.72
35.7,27.0,0.00,0.00,9,39.84,94,25.13,0,2.95,0,30.72
71.1,27.2,0.00,0.00,0,39.84,96,25.13,0,2.95,0,30.72
46.2,27.5,0.00,0.00,0,39.84,97,25.13,0,2.95,0,30.72
7.7,27.7,0.00,0.00,0,39.84,97,25.13,0,2.95,0,30.72
16.7,28.0,0.00,0.00,0,48.75,97,25.13,0,2.95,0,30.72
17.2,28.2,0.00,0.00,98,48.75,97,25.13,0,2.95,0,30.72
16.9,28.4,0.00,0.00,96,48.75,95,25.13,0,2.95,0,30.72
18.7,28.6,0.00,0.00,97,48.75,97,25.13,0,2.95,0,30.72
77.7,28.8,0.00,0.00,98,48.75,96,25.13,0,2.95,0,30.72
14.6,29.0,0.00,0.00,99,48.75,97,25.13,0,2.95,0,30.72
15.1,29.0,0.00,0.00,98,48.75,97,25.13,0,2.95,0,30.72
14.7,29.0,0.00,0.00,98,48.75,97,25.13,0,2.95,0,30.72
9.2,29.1,0.00,0.00,99,48.75,97,25.13,0,2.95,0,30.72
8.1,29.1,0.00,0.00,22,48.75,31,25.13,0,2.95,0,30.72
9.1,29.1,0.00,0.00,27,48.75,33,25.13,0,2.95,0,30.72
6.7,29.0,0.00,0.00,25,48.75,22,25.13,0,2.95,0,30.72
6.5,29.0,0.00,0.00,45,48.75,32,25.13,0,2.95,0,30.72
8.5,29.0,0.00,0.00,22,48.75,29,25.13,0,2.95,0,30.72
9.6,29.0,0.00,0.00,22,48.75,23,25.13,0,2.95,0,30.72
20.0,29.0,0.00,0.00,27,48.75,29,25.13,0,2.95,0,30.72
16.6,29.0,0.00,0.00,98,48.75,95,25.13,0,2.95,0,30.72
15.3,29.0,0.00,0.00,98,48.75,97,25.13,0,2.95,0,30.72
7.8,29.0,0.00,0.00,98,48.75,61,25.13,0,2.95,0,30.72
8.5,29.0,0.00,0.00,23,48.75,26,25.13,0,2.95,0,30.72
5.7,23.8,0.00,0.00,27,48.75,4,2.95,0,2.95,0,30.72
6.7,23.8,0.00,0.00,30,48.75,0,2.95,0,2.95,0,30.72
9.0,23.8,0.00,0.00,98,48.75,0,2.95,0,2.95,0,30.72
11.0,23.0,0.00,0.00,99,57.66,0,2.95,0,2.95,0,30.72
7.1,23.2,0.00,0.00,96,57.66,0,2.95,0,2.95,0,30.72
79.6,23.4,0.00,0.00,21,57.66,0,2.95,0,2.95,0,30.72
7.2,23.6,0.00,0.00,27,57.66,0,2.95,0,2.95,0,30.72
10.2,23.7,0.00,0.00,28,57.66,0,2.95,0,2.95,0,30.72
9.4,23.8,0.00,0.00,99,57.66,0,2.95,0,2.95,0,30.72
8.6,23.8,0.00,0.00,99,57.66,0,2.95,0,2.95,0,30.72
4.9,23.8,0.00,0.00,98,57.66,0,2.95,0,2.95,0,30.72
4.1,23.8,0.00,0.00,26,57.66,0,2.95,0,2.95,0,30.72
5.6,23.8,0.00,0.00,29,57.66,0,2.95,0,2.95,0,30.72
9.0,23.8,0.00,0.00,29,57.66,0,2.95,0,2.95,0,30.72
8.8,23.8,0.00,0.00,98,57.66,0,2.95,0,2.95,0,30.72
9.0,23.8,0.00,0.00,99,57.66,0,2.95,0,2.95,0,30.72
6.4,23.8,0.00,0.00,98,57.66,0,2.95,0,2.95,0,30.72
5.6,23.8,0.00,0.00,25,57.66,0,2.95,0,2.95,0,30.72
5.3,23.8,0.00,0.00,28,57.66,0,2.95,0,2.95,0,30.72
8.4,23.8,0.00,0.00,58,57.66,0,2.95,0,2.95,0,30.72
9.0,23.8,0.00,0.00,99,57.66,0,2.95,0,2.95,0,30.72
9.2,23.8,0.00,0.00,99,57.66,0,2.95,0,2.95,0,30.72
9.0,23.8,0.00,0.00,99,57.66,0,2.95,0,2.95,0,30.72
9.0,23.8,0.00,0.00,99,57.66,0,2.95,0,2.95,0,30.72
11.3,22.8,0.00,0.00,69,57.66,0,2.95,0,2.95,0,30.72
11.8,23.1,0.00,0.00,97,57.66,0,2.95,0,2.95,0,30.72
10.6,23.3,0.00,0.00,98,57.66,0,2.95,0,2.95,0,30.72
10.5,23.5,0.00,0.00,98,57.66,0,2.95,0,2.95,0,30.72
14.3,23.8,0.00,0.00,98,57.66,0,2.95,0,2.95,0,30.72
9.0,23.8,0.00,0.00,99,57.66,0,2.95,0,2.95,0,30.72
8.6,23.8,0.00,0.00,98,57.66,0,2.95,0,2.95,0,30.72
9.3,23.8,0.00,0.00,98,57.66,0,2.95,0,2.95,0,30.72
9.4,23.8,0.00,0.00,99,57.66,0,2.95,0,2.95,0,30.72
8.9,23.8,0.00,0.00,99,57.66,0,2.95,0,2.95,0,30.72
9.4,23.8,0.00,0.00,99,57.66,0,2.95,0,2.95,0,30.72
8.6,23.8,0.00,0.00,99,57.66,0,2.95,0,2.95,0,30.72
8.7,23.8,0.00,0.00,99,57.66,0,2.95,0,2.95,0,30.72
9.1,23.8,0.00,0.00,99,57.66,0,2.95,0,2.95,0,30.72
8.8,23.8,0.00,0.00,99,57.66,0,2.95,0,2.95,0,30.72
8.9,23.8,0.00,0.00,99,57.47,0,2.95,0,2.95,0,30.72
9.0,18.6,0.00,0.00,99,30.31,0,2.95,0,2.95,0,30.72
9.1,18.6,0.00,0.00,98,30.31,0,2.95,0,2.95,0,30.72
8.7,18.6,0.00,0.00,98,30.31,0,2.95,0,2.95,0,30.72
8.8,18.6,0.00,0.00,98,30.31,0,2.95,0,2.95,0,30.72
8.6,18.7,0.00,0.00,98,30.31,0,2.95,0,2.95,0,30.72
9.4,18.7,0.00,0.00,99,30.31,0,2.95,0,2.95,0,30.72
8.6,18.7,0.00,0.00,99,30.31,0,2.95,0,2.95,0,30.72
9.0,18.6,0.00,0.00,99,30.31,0,2.95,0,2.95,0,30.72
9.0,18.6,0.00,0.00,99,30.31,0,2.95,0,2.95,0,30.72
8.8,18.6,0.00,0.00,98,30.31,0,2.95,0,2.95,0,30.72
8.6,18.6,0.00,0.00,99,30.31,0,2.95,0,2.95,0,30.72
8.8,18.6,0.00,0.00,99,30.31,0,2.95,0,2.95,0,30.72
9.2,18.6,0.00,0.00,99,30.31,0,2.95,0,2.95,0,30.72
9.1,18.6,0.00,0.00,99,30.31,0,2.95,0,2.95,0,30.72
9.0,18.6,0.00,0.00,99,30.31,0,2.95,0,2.95,0,30.72
2.3,17.8,0.00,0.00,35,30.31,0,2.95,0,2.95,0,30.72
2.7,18.0,0.00,0.00,0,30.31,0,2.95,0,2.95,0,30.72
2.3,18.3,0.00,0.00,0,30.31,0,2.95,0,2.95,0,30.72
5.0,18.5,0.00,0.00,0,30.31,0,2.95,0,2.95,0,30.72
5.4,18.7,0.00,0.00,0,30.31,0,2.95,0,2.95,0,30.72
9.2,18.6,0.00,0.00,36,30.31,0,2.95,0,2.95,0,30.72
9.0,18.6,0.00,0.00,99,30.31,0,2.95,0,2.95,0,30.72
8.8,18.6,0.00,0.00,98,30.31,0,2.95,0,2.95,0,30.72
6.0,18.6,0.00,0.00,99,30.31,0,2.95,0,2.95,0,30.72
6.3,18.6,0.00,0.00,26,30.31,0,2.95,0,2.95,0,30.72
4.9,18.6,0.00,0.00,29,30.31,0,2.95,0,2.95,0,30.72
10.4,18.6,0.00,0.00,68,30.31,0,2.95,0,2.95,0,30.72
9.4,18.6,0.00,0.00,99,30.31,0,2.95,0,2.95,0,30.72
9.0,18.6,0.00,0.00,99,30.31,0,2.95,0,2.95,0,30.72
6.1,18.6,0.00,0.00,81,30.31,0,2.95,0,2.95,0,30.72
6.1,18.6,0.00,0.00,30,30.31,0,2.95,0,2.95,0,30.72
5.3,18.6,0.00,0.00,30,30.31,0,2.95,0,2.95,0,30.72
8.8,18.6,0.00,0.00,99,30.31,0,2.95,0,2.95,0,30.72
9.2,18.6,0.00,0.00,99,30.31,0,2.95,0,2.95,0,30.72
5.9,18.6,0.00,0.00,99,30.31,0,2.95,0,2.95,0,30.72
6.1,18.6,0.00,0.00,27,30.31,0,2.95,0,2.95,0,30.72
5.1,18.6,0.00,0.00,29,30.31,0,2.95,0,2.95,0,30.72
9.3,18.6,0.00,0.00,51,30.31,0,2.95,0,2.95,0,30.72
8.7,18.6,0.00,0.00,98,30.31,0,2.95,0,2.95,0,30.72
10.4,18.6,0.00,0.00,99,30.31,0,2.95,0,2.95,0,30.72
8.8,18.6,0.00,0.00,99,30.31,0,2.95,0,2.95,0,30.72
0.0,13.5,0.00,0.00,7,2.95,0,2.95,0,2.95,0,30.72
0.4,13.5,0.00,0.00,0,2.95,0,2.95,0,2.95,0,30.72
0.0,13.5,0.00,0.00,0,2.95,0,2.95,0,2.95,0,30.72
0.2,13.5,0.00,0.00,0,2.95,0,2.95,0,2.95,0,30.72
0.6,13.5,0.00,0.00,0,2.95,0,2.95,0,2.95,0,30.72
0.6,13.5,0.00,0.00,0,2.95,0,2.95,0,2.95,0,30.72
0.2,13.5,0.00,0.00,0,2.95,0,2.95,0,2.95,0,30.72
0.6,13.5,0.00,0.00,0,2.95,0,2.95,0,2.95,0,30.72
0.2,13.5,0.00,0.00,0,2.95,0,2.95,0,2.95,0,30.72
0.4,13.5,0.00,0.00,0,2.95,0,2.95,0,2.95,0,30.72
0.2,13.5,0.00,0.00,0,2.95,0,2.95,0,2.95,0,30.72
0.4,13.5,0.00,0.00,0,2.95,0,2.95,0,2.95,0,30.72
0.6,13.5,0.00,0.00,0,2.95,0,2.95,0,2.95,0,30.72
0.4,13.5,0.00,0.00,0,2.95,0,2.95,0,2.95,0,30.72
0.4,13.5,0.00,0.00,0,2.95,0,2.95,0,2.95,0,30.72
0.4,13.5,0.00,0.00,0,2.95,0,2.95,0,2.95,0,30.72
0.4,13.5,0.00,0.00,0,2.95,0,2.95,0,2.95,0,30.72
0.4,13.5,0.00,0.00,0,2.95,0,2.95,0,2.95,0,30.72
0.2,13.5,0.00,0.00,0,2.95,0,2.95,0,2.95,0,30.72
0.2,13.5,0.00,0.00,0,2.95,0,2.95,0,2.95,0,30.72
0.4,13.5,0.00,0.00,0,2.95,0,2.95,0,2.95,0,30.72
0.0,13.5,0.00,0.00,0,2.95,0,2.95,0,2.95,0,30.72
0.4,13.5,0.00,0.00,0,2.95,0,2.95,0,2.95,0,30.72
0.4,13.5,0.00,0.00,0,2.95,0,2.95,0,2.95,0,30.72
0.4,13.5,0.00,0.00,0,2.95,0,2.95,0,2.95,0,30.72
0.2,13.5,0.00,0.00,0,2.95,0,2.95,0,2.95,0,30.72
0.6,13.5,0.00,0.00,0,2.95,0,2.95,0,2.95,0,30.72
0.6,13.5,0.00,0.00,0,2.95,0,2.95,0,2.95,0,30.72
0.4,13.5,0.00,0.00,0,2.95,0,2.95,0,2.95,0,30.72
0.4,13.5,0.00,0.00,0,2.95,0,2.95,0,2.95,0,30.72
0.4,13.5,0.00,0.00,0,2.95,0,2.95,0,2.95,0,30.72
0.2,13.5,0.00,0.00,0,2.95,0,2.95,0,2.95,0,30.72
0.6,13.5,0.00,0.00,0,2.95,0,2.95,0,2.95,0,30.72
0.2,13.5,0.00,0.00,0,2.95,0,2.95,0,2.95,0,30.72
0.6,13.5,0.00,0.00,0,2.95,0,2.95,0,2.95,0,30.72
0.4,13.5,0.00,0.00,0,2.95,0,2.95,0,2.95,0,30.72
0.4,13.5,0.00,0.00,0,2.95,0,2.95,0,2.95,0,30.72
0.6,13.5,0.00,0.00,0,2.95,0,2.95,0,2.95,0,30.72
0.4,13.5,0.00,0.00,0,2.95,0,2.95,0,2.95,0,30.72
0.0,13.5,0.00,0.00,0,2.95,0,2.95,0,2.95,0,30.72
0.0,13.5,0.00,0.00,0,2.95,0,2.95,0,2.95,0,30.72
0.4,13.5,0.00,0.00,0,2.95,0,2.95,0,2.95,0,30.72
0.2,13.5,0.00,0.00,0,2.95,0,2.95,0,2.95,0,30.72
0.2,13.5,0.00,0.00,0,2.95,0,2.95,0,2.95,0,30.72
0.0,13.5,0.00,0.00,0,2.95,0,2.95,0,2.95,0,30.72
0.2,13.5,0.00,0.00,0,2.95,0,2.95,0,2.95,0,30.72
0.0,13.5,0.00,0.00,0,2.95,0,2.95,0,2.95,0,30.72
0.4,13.5,0.00,0.00,0,2.95,0,2.95,0,2.95,0,30.72
0.2,13.5,0.00,0.00,0,2.95,0,2.95,0,2.95,0,30.72
0.4,13.5,0.00,0.00,0,2.95,0,2.95,0,2.95,0,30.72
0.4,13.5,0.00,0.00,0,2.95,0,2.95,0,2.95,0,30.72
0.0,13.5,0.00,0.00,0,2.95,0,2.95,0,2.95,0,30.72
0.2,13.5,0.00,0.00,0,2.95,0,2.95,0,2.95,0,30.72
0.6,13.5,0.00,0.00,0,2.95,0,2.95,0,2.95,0,30.72
0.2,13.5,0.00,0.00,0,2.95,0,2.95,0,2.95,0,30.72
0.4,13.5,0.00,0.00,0,2.95,0,2.95,0,2.95,0,30.72
0.2,13.5,0.00,0.00,0,2.95,0,2.95,0,2.95,0,30.72
0.8,13.5,0.00,0.00,0,2.95,0,2.95,0,2.95,0,30.72
0.2,13.5,0.00,0.00,0,2.95,0,2.95,0,2.95,0,30.72
0.6,13.5,0.00,0.00,0,2.95,0,2.95,0,2.95,0,30.72
0.2,13.5,0.00,0.00,0,2.95,0,2.95,0,2.95,0,30.72
0.2,13.5,0.00,0.00,0,2.95,0,2.95,0,2.95,0,30.72
0.2,13.5,0.00,0.00,0,2.95,0,2.95,0,2.95,0,30.72
0.2,13.5,0.00,0.00,0,2.95,0,2.95,0,2.95,0,30.72
0.4,13.5,0.00,0.00,0,2.95,0,2.95,0,2.95,0,30.72
0.0,13.5,0.00,0.00,0,2.95,0,2.95,0,2.95,0,30.72
0.6,13.5,0.00,0.00,0,2.95,0,2.95,0,2.95,0,30.72
0.2,13.5,0.00,0.00,0,2.95,0,2.95,0,2.95,0,30.72
0.2,13.5,0.00,0.00,0,2.95,0,2.95,0,2.95,0,30.72
0.4,13.5,0.00,0.00,0,2.95,0,2.95,0,2.95,0,30.72
0.2,13.5,0.00,0.00,0,2.95,0,2.95,0,2.95,0,30.72
0.0,13.5,0.00,0.00,0,2.95,0,2.95,0,2.95,0,30.72
0.6,13.5,0.00,0.00,0,2.95,0,2.95,0,2.95,0,30.72
0.2,13.5,0.00,0.00,0,2.95,0,2.95,0,2.95,0,30.72
0.2,13.5,0.00,0.00,0,2.95,0,2.95,0,2.95,0,30.72
0.4,13.5,0.00,0.00,0,2.95,0,2.95,0,2.95,0,30.72
1.0,13.5,0.00,0.00,0,2.95,0,2.95,0,2.95,0,30.72
0.2,13.5,0.00,0.00,0,2.95,0,2.95,0,2.95,0,30.72
0.6,13.5,0.00,0.00,0,2.95,0,2.95,0,2.95,0,30.72
0.4,13.5,0.00,0.00,0,2.95,0,2.95,0,2.95,0,30.72
0.2,13.5,0.00,0.00,0,2.95,0,2.95,0,2.95,0,30.72
0.2,13.5,0.00,0.00,0,2.95,0,2.95,0,2.95,0,30.72
0.4,13.5,0.00,0.00,0,2.95,0,2.95,0,2.95,0,30.72
0.4,13.5,0.00,0.00,0,2.95,0,2.95,0,2.95,0,30.72
0.2,13.5,0.00,0.00,0,2.95,0,2.95,0,2.95,0,30.72
0.0,13.5,0.00,0.00,0,2.95,0,2.95,0,2.95,0,30.72
0.0,13.5,0.00,0.00,0,2.95,0,2.95,0,2.95,0,30.72
0.2,13.5,0.00,0.00,0,2.95,0,2.95,0,2.95,0,30.72
0.0,13.5,0.00,0.00,0,2.95,0,2.95,0,2.95,0,30.72
0.0,13.5,0.00,0.00,0,2.95,0,2.95,0,2.95,0,30.72
0.4,13.5,0.00,0.00,0,2.95,0,2.95,0,2.95,0,30.72
0.0,13.5,0.00,0.00,0,2.95,0,2.95,0,2.95,0,30.72
0.4,13.5,0.00,0.00,0,2.95,0,2.95,0,2.95,0,30.72
0.4,13.5,0.00,0.00,0,2.95,0,2.95,0,2.95,0,30.72
0.0,13.5,0.00,0.00,0,2.95,0,2.95,0,2.95,0,30.72
0.8,13.5,0.00,0.00,0,2.95,0,2.95,0,2.95,0,30.72
0.0,13.5,0.00,0.00,0,2.95,0,2.95,0,2.95,0,30.72
0.2,13.5,0.00,0.00,0,2.95,0,2.95,0,2.95,0,30.72
0.2,13.5,0.00,0.00,0,2.95,0,2.95,0,2.95,0,30.72
0.4,13.5,0.00,0.00,0,2.95,0,2.95,0,2.95,0,30.72
0.2,13.5,0.00,0.00,0,2.95,0,2.95,0,2.95,0,30.72
0.2,13.5,0.00,0.00,0,2.95,0,2.95,0,2.95,0,30.72
0.6,13.5,0.00,0.00,0,2.95,0,2.95,0,2.95,0,30.72
0.4,13.5,0.00,0.00,0,2.95,0,2.95,0,2.95,0,30.72
0.4,13.5,0.00,0.00,0,2.95,0,2.95,0,2.95,0,30.72
0.2,13.5,0.00,0.00,0,2.95,0,2.95,0,2.95,0,30.72
0.2,13.5,0.00,0.00,0,2.95,0,2.95,0,2.95,0,30.72
0.2,13.5,0.00,0.00,0,2.95,0,2.95,0,2.95,0,30.72
0.6,13.5,0.00,0.00,0,2.95,0,2.95,0,2.95,0,30.72
0.6,13.5,0.00,0.00,0,2.95,0,2.95,0,2.95,0,30.72
0.0,13.5,0.00,0.00,0,2.95,0,2.95,0,2.95,0,30.72
0.6,13.5,0.00,0.00,0,2.95,0,2.95,0,2.95,0,30.72
0.2,13.5,0.00,0.00,0,2.95,0,2.95,0,2.95,0,30.72
0.4,13.5,0.00,0.00,0,2.95,0,2.95,0,2.95,0,30.72
0.2,13.5,0.00,0.00,0,2.95,0,2.95,0,2.95,0,30.72
0.4,13.5,0.00,0.00,0,2.95,0,2.95,0,2.95,0,30.72
0.6,13.5,0.00,0.00,0,2.95,0,2.95,0,2.95,0,30.72
0.0,13.5,0.00,0.00,0,2.95,0,2.95,0,2.95,0,30.72
0.0,13.5,0.00,0.00,0,2.95,0,2.95,0,2.95,0,30.72
0.0,13.5,0.00,0.00,0,2.95,0,2.95,0,2.95,0,30.72
0.4,13.5,0.00,0.00,0,2.95,0,2.95,0,2.95,0,30.72
0.2,13.5,0.00,0.00,0,2.95,0,2.95,0,2.95,0,30.72
0.2,13.5,0.00,0.00,0,2.95,0,2.95,0,2.95,0,30.72
0.6,13.5,0.00,0.00,0,2.95,0,2.95,0,2.95,0,30.72
0.4,13.5,0.00,0.00,0,2.95,0,2.95,0,2.95,0,30.72
0.2,13.5,0.00,0.00,0,2.95,0,2.95,0,2.95,0,30.72
0.2,13.5,0.00,0.00,0,2.95,0,2.95,0,2.95,0,30.72
0.2,13.5,0.00,0.00,0,2.95,0,2.95,0,2.95,0,30.72
0.2,13.5,0.00,0.00,0,2.95,0,2.95,0,2.95,0,30.72
0.4,13.5,0.00,0.00,0,2.95,0,2.95,0,2.95,0,30.72
0.4,13.5,0.00,0.00,0,2.95,0,2.95,0,2.95,0,30.72
0.4,13.5,0.00,0.00,0,2.95,0,2.95,0,2.95,0,30.72
0.4,13.5,0.00,0.00,0,2.95,0,2.95,0,2.95,0,30.72
0.2,13.5,0.00,0.00,0,2.95,0,2.95,0,2.95,0,30.72
0.2,13.5,0.00,0.00,0,2.95,0,2.95,0,2.95,0,30.72
0.2,13.5,0.00,0.00,0,2.95,0,2.95,0,2.95,0,30.72
0.4,13.5,0.00,0.00,0,2.95,0,2.95,0,2.95,0,30.72
0.0,13.5,0.00,0.00,0,2.95,0,2.95,0,2.95,0,30.72
0.2,13.5,0.00,0.00,0,2.95,0,2.95,0,2.95,0,30.72
0.0,13.5,0.00,0.00,0,2.95,0,2.95,0,2.95,0,30.72
0.4,13.5,0.00,0.00,0,2.95,0,2.95,0,2.95,0,30.72
0.2,13.5,0.00,0.00,0,2.95,0,2.95,0,2.95,0,30.72
0.4,13.5,0.00,0.00,0,2.95,0,2.95,0,2.95,0,30.72
0.4,13.5,0.00,0.00,0,2.95,0,2.95,0,2.95,0,30.72
0.4,13.5,0.00,0.00,0,2.95,0,2.95,0,2.95,0,30.72
0.2,13.5,0.00,0.00,0,2.95,0,2.95,0,2.95,0,30.72
0.6,13.5,0.00,0.00,0,2.95,0,2.95,0,2.95,0,30.72
0.4,13.5,0.00,0.00,0,2.95,0,2.95,0,2.95,0,30.72
0.4,13.5,0.00,0.00,0,2.95,0,2.95,0,2.95,0,30.72
0.4,13.5,0.00,0.00,0,2.95,0,2.95,0,2.95,0,30.72
0.0,13.5,0.00,0.00,0,2.95,0,2.95,0,2.95,0,30.72
0.2,13.5,0.00,0.00,0,2.95,0,2.95,0,2.95,0,30.72
0.2,13.5,0.00,0.00,0,2.95,0,2.95,0,2.95,0,30.72
0.4,13.5,0.00,0.00,0,2.95,0,2.95,0,2.95,0,30.72
0.2,13.5,0.00,0.00,0,2.95,0,2.95,0,2.95,0,30.72
0.4,13.5,0.00,0.00,0,2.95,0,2.95,0,2.95,0,30.72
3.8,13.6,0.00,0.00,0,2.95,0,2.95,0,2.95,0,30.72
