4.4,8.2,0.00,0.00,0,2.95,0,2.95,0,2.95,0,2.95
4.2,8.2,0.00,0.00,0,2.95,0,2.95,0,2.95,0,2.95
2.5,8.2,0.00,0.00,0,2.95,0,2.95,0,2.95,0,2.95
0.6,8.2,0.00,0.00,0,2.95,0,2.95,0,2.95,0,2.95
0.4,8.2,0.00,0.00,0,2.95,0,2.95,0,2.95,0,2.95
3.6,8.2,0.00,0.00,0,2.95,0,2.95,0,2.95,0,2.95
9.0,8.5,0.00,0.00,0,2.95,0,2.95,0,2.95,0,2.95
96.5,9.0,0.00,0.00,0,2.95,0,2.95,0,2.95,0,2.95
5.8,9.5,0.00,0.00,0,3.07,0,5.55,0,2.95,0,2.95
6.2,13.8,0.00,0.00,6,16.69,3,11.85,0,2.95,0,2.95
6.9,19.7,0.00,0.00,7,31.71,3,16.22,0,2.95,0,2.95
7.1,20.8,0.00,0.00,3,31.71,0,16.22,0,2.95,0,2.95
6.1,21.2,0.00,0.00,0,31.71,0,16.22,0,2.95,0,2.95
73.5,21.6,0.00,0.00,0,31.71,0,16.22,0,2.95,0,2.95
25.4,22.1,0.00,0.00,0,31.71,0,16.22,0,2.95,0,2.95
52.0,22.8,0.00,0.00,21,36.47,3,24.81,0,2.95,0,2.95
28.1,23.0,0.00,0.00,40,36.47,45,24.81,0,2.95,0,2.95
15.6,23.2,0.00,0.00,21,36.47,22,24.81,0,2.95,0,2.95
38.9,23.3,0.00,0.00,28,36.47,26,24.81,0,2.95,0,2.95
9.6,23.5,0.00,0.00,27,36.47,22,24.81,0,2.95,0,2.95
12.2,23.8,0.00,0.00,42,36.47,70,24.81,0,2.95,0,2.95
12.9,23.8,0.00,0.00,40,36.47,67,24.81,0,2.95,0,2.95
13.7,23.8,0.00,0.00,34,36.47,68,24.81,0,2.95,0,2.95
70.8,24.2,0.00,0.00,30,36.47,14,24.81,0,2.95,0,2.95
15.1,24.7,0.00,0.00,25,36.47,22,24.81,0,2.95,0,2.95
10.2,24.9,0.00,0.00,26,36.47,21,24.81,0,2.95,0,2.95
22.9,25.4,0.00,0.00,33,36.47,67,27.27,0,6.75,2,8.5
19.3,29.8,0.00,0.00,43,36.47,73,33.37,3,12.56,3,13.83
19.3,35.0,0.00,0.00,41,36.47,60,40.4,4,18.44,3,18.54
15.0,36.8,0.00,0.00,41,36.47,43,40.4,0,18.44,0,18.54
15.1,37.3,0.00,0.00,20,36.47,15,40.4,0,18.44,0,18.54
90.3,37.8,0.00,0.00,25,36.47,17,40.4,0,18.44,0,21.7
14.5,39.3,0.00,0.00,25,36.47,14,40.4,0,18.44,3,27.1
91.6,41.5,0.00,0.00,31,36.47,34,40.4,0,18.44,3,48.8
31.5,43.6,0.00,0.00,35,36.47,57,55.32,65,33.36,96,48.95
22.1,43.9,0.00,0.00,37,36.47,100,55.32,94,33.36,97,48.95
22.7,44.1,0.00,0.00,37,36.47,99,55.32,96,33.36,95,48.95
22.4,44.3,0.00,0.00,40,36.47,99,55.32,96,33.36,97,48.95
30.8,44.6,0.00,0.00,40,36.47,99,55.32,96,33.36,100,63.86
25.8,44.9,0.00,0.00,38,36.47,99,55.32,93,33.36,96,63.86
28.7,45.3,0.00,0.00,39,36.47,99,55.32,95,33.36,99,63.86
27.8,45.5,0.00,0.00,40,36.47,99,55.32,97,37.08,99,63.86
30.2,48.8,0.00,0.00,40,43.59,100,55.32,97,43.14,99,63.86
28.6,52.4,0.00,0.00,40,51.3,100,55.32,97,51.9,98,63.86
26.5,53.0,0.00,0.00,38,55.01,100,55.32,93,51.9,96,63.86
28.0,53.4,0.00,0.00,38,55.01,99,55.32,91,51.9,99,63.86
29.7,53.9,0.00,0.00,39,55.01,100,55.32,96,51.9,99,63.86
75.8,53.3,0.00,0.00,35,55.01,98,55.44,92,51.9,97,63.86
36.8,54.1,0.00,0.00,38,64.29,99,55.44,97,61.18,98,63.86
27.8,54.3,0.00,0.00,100,64.29,97,55.44,100,61.18,98,63.86
73.8,54.6,0.00,0.00,100,64.29,99,55.44,100,61.18,98,63.86
26.4,54.8,0.00,0.00,100,64.29,98,55.44,100,61.18,98,63.86
27.5,54.9,0.00,0.00,100,64.29,100,55.44,100,61.18,99,63.86
30.5,54.9,0.00,0.00,100,64.29,100,55.44,100,61.18,99,63.86
31.0,54.9,0.00,0.00,100,64.29,100,55.44,100,61.18,98,63.86
33.1,54.9,0.00,0.00,100,64.29,100,55.44,100,61.18,99,63.86
30.2,54.9,0.00,0.00,100,64.29,100,55.44,100,61.18,98,63.86
28.7,54.9,0.00,0.00,100,64.29,100,55.44,100,61.18,98,63.86
28.8,54.9,0.00,0.00,100,64.29,100,55.44,100,61.18,98,63.86
33.1,54.0,0.00,0.00,100,79.26,100,55.44,100,61.18,98,63.86
33.3,54.2,0.00,0.00,100,79.26,100,55.44,100,61.18,98,63.86
30.7,54.4,0.00,0.00,100,79.26,99,55.44,100,61.18,98,63.86
34.5,54.6,0.00,0.00,100,79.26,99,55.44,100,61.18,98,63.86
32.9,54.8,0.00,0.00,100,79.26,100,55.44,100,61.18,98,63.86
30.5,54.9,0.00,0.00,100,79.26,100,55.44,100,61.18,99,63.86
27.5,54.9,0.00,0.00,100,79.26,100,55.44,100,61.18,98,63.86
29.0,54.9,0.00,0.00,100,79.26,100,55.44,100,61.18,98,63.86
29.5,54.9,0.00,0.00,100,79.26,100,55.44,100,61.18,98,63.86
28.9,54.9,0.00,0.00,100,79.26,100,55.44,100,61.18,99,63.86
27.7,54.9,0.00,0.00,100,79.26,100,55.44,100,61.2,98,63.86
27.6,53.0,0.00,0.00,100,79.28,99,55.44,94,61.2,99,63.86
24.5,53.4,0.00,0.00,95,79.28,89,55.44,94,61.2,95,63.86
31.3,52.1,0.00,0.00,96,79.28,60,55.44,95,61.2,95,63.86
37.4,52.9,0.00,0.00,94,79.28,64,55.44,94,61.2,94,63.86
83.2,53.7,0.00,0.00,85,79.28,59,55.44,91,61.2,95,63.86
34.4,54.3,0.00,0.00,100,79.28,59,55.44,100,61.2,96,63.86
32.2,54.7,0.00,0.00,100,79.28,62,55.44,100,61.2,94,63.86
28.5,54.9,0.00,0.00,100,79.28,99,55.44,100,61.2,99,63.86
32.7,54.9,0.00,0.00,100,79.28,100,55.44,100,61.2,99,63.86
28.3,54.1,0.00,0.00,100,79.28,99,55.44,100,61.2,99,63.86
57.9,54.3,0.00,0.00,100,79.28,98,55.44,100,61.2,98,63.86
52.7,54.6,0.00,0.00,100,79.28,98,55.44,100,61.2,99,63.86
28.9,54.8,0.00,0.00,100,79.28,99,55.44,100,61.2,99,63.86
30.1,55.0,0.00,0.00,100,79.28,100,55.44,100,61.2,99,63.86
29.4,54.9,0.00,0.00,100,79.28,100,55.44,100,61.2,99,63.86
27.2,54.9,0.00,0.00,100,79.28,100,55.44,100,61.2,99,63.86
26.7,54.9,0.00,0.00,100,79.28,100,55.44,100,61.2,99,63.86
27.6,54.9,0.00,0.00,100,79.28,100,55.44,100,61.2,99,63.86
27.9,54.9,0.00,0.00,100,79.28,100,55.44,100,61.2,99,63.86
28.0,55.0,0.00,0.00,100,79.28,100,55.44,100,61.2,99,63.86
27.9,55.0,0.00,0.00,100,79.28,100,55.44,100,61.2,99,63.86
29.5,54.9,0.00,0.00,100,79.28,100,55.44,100,61.2,99,63.86
28.9,54.9,0.00,0.00,100,79.28,100,55.44,100,61.2,99,63.86
27.2,54.9,0.00,0.00,100,79.28,100,55.44,100,61.2,99,63.86
30.0,55.0,0.00,0.00,100,79.28,100,55.44,100,61.2,99,63.86
22.2,54.9,0.00,0.00,100,79.28,99,55.44,94,61.2,99,63.86
20.5,54.9,0.00,0.00,58,79.28,99,55.44,73,61.2,99,63.86
18.0,54.9,0.00,0.00,58,79.28,100,55.44,73,61.2,81,63.86
18.7,54.9,0.00,0.00,59,79.28,95,55.44,75,61.2,90,63.86
19.0,53.2,0.00,0.00,40,79.28,99,55.44,38,61.2,95,63.86
25.4,53.4,0.00,0.00,41,79.28,99,55.44,48,61.2,94,63.86
59.9,53.7,0.00,0.00,46,79.28,99,55.44,94,61.52,98,63.86
21.9,53.2,0.00,0.00,74,79.28,99,55.44,0,61.52,99,63.86
28.7,53.6,0.00,0.00,36,79.28,98,55.44,0,61.52,100,63.86
23.4,54.0,0.00,0.00,36,79.28,99,55.44,0,61.52,100,63.86
25.1,54.5,0.00,0.00,50,79.28,99,55.44,37,61.52,99,63.86
25.2,54.6,0.00,0.00,68,79.28,99,55.44,54,61.52,99,63.86
39.3,54.8,0.00,0.00,99,79.28,100,55.44,100,61.52,99,63.86
30.2,54.9,0.00,0.00,100,79.28,100,55.44,100,61.52,99,63.86
31.5,54.9,0.00,0.00,100,79.28,100,55.44,100,61.52,99,63.86
28.3,54.9,0.00,0.00,100,79.28,100,55.44,100,61.52,99,63.86
27.3,54.9,0.00,0.00,100,79.28,100,55.44,100,61.52,98,63.86
29.2,54.9,0.00,0.00,100,79.28,100,55.44,100,61.52,98,63.86
30.1,54.9,0.00,0.00,100,79.28,100,55.44,100,61.52,99,63.86
28.1,54.9,0.00,0.00,100,79.28,100,55.44,100,61.52,98,63.86
29.4,54.9,0.00,0.00,100,79.28,100,55.44,100,61.52,99,64.18
70.5,54.0,0.00,0.00,100,79.28,100,55.44,100,61.52,97,64.18
44.1,54.2,0.00,0.00,100,79.28,98,55.44,100,61.52,96,64.18
26.2,54.4,0.00,0.00,100,79.28,100,55.44,100,61.52,72,63.98
28.0,44.8,0.00,0.00,100,79.28,63,24.93,100,61.52,0,33.67
36.4,44.5,0.00,0.00,100,79.28,50,24.74,100,61.52,97,33.67
18.8,39.3,0.00,0.00,100,79.28,0,2.95,100,61.52,94,33.67
23.8,39.6,0.00,0.00,100,79.28,0,2.95,100,61.52,94,33.67
22.8,40.0,0.00,0.00,100,79.6,0,2.95,100,61.52,96,33.67
26.1,39.9,0.00,0.00,98,79.6,2,6.94,100,61.52,97,33.67
23.3,42.2,0.00,0.00,100,79.6,3,12.63,99,61.52,96,33.67
22.5,42.7,0.00,0.00,57,79.6,3,21.68,97,61.52,95,33.67
99.0,45.3,0.00,0.00,36,79.6,3,27.22,97,61.52,96,33.67
28.1,47.1,0.00,0.00,38,79.6,4,42.04,95,61.52,95,33.67
19.2,47.1,0.00,0.00,39,79.6,0,42.04,95,61.52,96,33.67
19.1,47.7,0.00,0.00,40,79.6,0,42.04,97,61.52,97,33.67
23.4,48.1,0.00,0.00,78,79.6,0,42.04,100,61.52,97,33.67
22.9,48.4,0.00,0.00,100,79.6,0,42.04,100,61.52,97,33.67
23.8,48.7,0.00,0.00,100,79.6,99,70.5,100,61.52,96,33.67
25.6,48.9,0.00,0.00,100,79.6,99,70.5,100,61.52,97,33.67
24.2,49.1,0.00,0.00,100,79.6,100,70.5,100,61.52,97,33.67
25.8,49.3,0.00,0.00,100,79.6,99,70.5,100,61.52,93,33.67
31.3,49.6,0.00,0.00,100,79.6,99,70.5,100,61.52,97,33.67
23.0,49.6,0.00,0.00,100,79.6,100,70.5,100,61.52,98,33.67
24.5,49.6,0.00,0.00,100,79.6,99,70.5,100,61.52,97,33.67
23.8,49.6,0.00,0.00,100,79.6,99,70.5,100,61.52,97,33.67
25.1,49.6,0.00,0.00,100,79.6,100,70.5,100,61.52,97,33.67
24.1,49.6,0.00,0.00,100,79.6,99,70.5,100,61.52,97,33.67
25.1,49.6,0.00,0.00,100,79.6,100,70.5,100,61.52,97,33.67
24.1,49.6,0.00,0.00,100,79.6,99,70.5,100,61.52,98,33.67
23.7,49.6,0.00,0.00,100,79.6,100,70.5,100,61.52,98,33.67
24.2,49.6,0.00,0.00,100,79.6,100,70.5,100,61.52,97,33.67
18.2,49.6,0.00,0.00,100,79.6,100,70.5,99,61.52,97,33.67
20.7,47.9,0.00,0.00,40,79.6,100,70.5,97,61.52,96,33.67
20.8,48.4,0.00,0.00,40,79.6,99,70.5,96,61.52,94,33.67
20.9,48.8,0.00,0.00,40,79.6,100,70.5,96,61.52,91,33.67
20.3,49.2,0.00,0.00,39,79.6,99,70.5,94,61.52,98,33.67
24.1,49.6,0.00,0.00,41,79.6,99,70.5,100,61.52,97,33.67
25.3,49.6,0.00,0.00,100,79.6,100,70.5,100,61.52,97,33.67
24.8,49.6,0.00,0.00,100,79.6,100,70.5,100,61.52,97,33.67
24.9,49.6,0.00,0.00,100,79.6,100,70.5,100,61.52,96,33.67
23.4,49.6,0.00,0.00,100,79.6,100,70.5,100,61.52,97,33.67
22.0,49.6,0.00,0.00,100,79.6,100,70.5,100,61.52,97,33.67
22.7,49.6,0.00,0.00,100,79.6,100,70.5,100,61.52,97,33.67
24.7,49.6,0.00,0.00,100,79.6,100,70.5,100,61.52,98,33.67
24.4,49.6,0.00,0.00,100,79.6,100,70.5,100,61.52,97,33.67
24.2,49.6,0.00,0.00,100,79.6,100,70.5,100,61.52,97,33.67
22.8,49.6,0.00,0.00,100,79.6,100,70.5,100,61.52,97,33.67
21.9,49.6,0.00,0.00,100,79.6,100,70.5,100,61.52,97,33.67
24.1,49.6,0.00,0.00,100,79.6,100,70.5,100,61.52,98,33.67
23.3,49.6,0.00,0.00,100,79.6,100,70.5,100,61.52,98,33.67
24.4,49.6,0.00,0.00,100,79.6,100,70.5,100,61.52,98,33.67
21.7,49.6,0.00,0.00,100,79.6,100,70.5,100,61.52,5,2.95
19.2,44.4,0.00,0.00,100,79.6,100,70.5,100,61.52,0,2.95
23.3,42.5,0.00,0.00,97,79.6,100,70.5,97,61.52,0,2.95
61.0,43.2,0.00,0.00,38,79.6,99,70.5,96,61.52,0,2.95
48.6,43.0,0.00,0.00,28,79.6,99,70.5,92,61.52,0,5.4
54.7,44.7,0.00,0.00,95,79.6,99,70.5,90,61.52,6,17.82
22.8,49.0,0.00,0.00,91,79.6,99,70.5,96,61.52,6,28.39
23.8,52.4,0.00,0.00,97,79.6,100,70.5,100,61.52,7,34.66
99.4,52.6,0.00,0.00,100,79.6,99,70.5,100,61.52,0,34.66
20.3,53.0,0.00,0.00,100,79.6,100,70.5,100,61.52,0,34.66
21.3,53.2,0.00,0.00,100,79.6,100,70.5,100,61.52,0,34.66
20.6,53.4,0.00,0.00,100,79.6,100,70.5,100,61.52,19,43.94
75.8,53.8,0.00,0.00,100,79.6,100,70.5,100,61.52,75,43.94
29.3,54.0,0.00,0.00,100,79.6,99,70.5,100,61.52,73,43.94
27.4,54.2,0.00,0.00,100,79.6,100,70.5,100,61.52,75,43.94
29.5,54.4,0.00,0.00,100,79.6,98,70.5,100,61.52,75,43.94
29.2,54.8,0.00,0.00,100,79.6,100,70.5,100,61.52,76,43.94
27.8,54.8,0.00,0.00,100,79.6,100,70.5,100,61.52,85,43.94
26.6,54.8,0.00,0.00,100,79.6,100,70.5,100,61.52,82,43.94
26.8,53.8,0.00,0.00,100,79.6,100,70.5,100,61.52,83,43.94
27.1,54.0,0.00,0.00,100,79.6,99,70.5,99,61.52,80,43.94
28.6,54.3,0.00,0.00,100,79.6,100,70.5,100,61.52,80,43.94
27.4,54.5,0.00,0.00,100,79.6,99,70.5,100,61.52,77,43.94
28.8,54.7,0.00,0.00,100,79.6,100,70.5,100,61.52,85,43.99
20.5,43.8,0.00,0.00,98,51.75,100,70.5,96,33.67,65,52.58
20.3,43.7,0.00,0.00,95,51.75,100,70.5,95,33.67,64,52.58
19.3,44.0,0.00,0.00,96,51.75,100,70.5,97,33.67,71,52.58
23.7,44.2,0.00,0.00,94,51.75,100,70.5,96,33.67,70,52.58
45.3,44.4,0.00,0.00,96,51.75,100,70.5,96,33.67,71,52.58
21.5,44.9,0.00,0.00,95,51.75,100,70.5,95,33.67,68,52.58
67.1,45.3,0.00,0.00,95,51.75,98,70.5,96,37.26,78,52.58
27.2,47.1,0.00,0.00,96,51.75,100,70.5,98,49.15,17,52.58
14.8,50.8,0.00,0.00,97,51.75,97,75.26,70,60.21,15,52.58
17.9,52.0,0.00,0.00,64,51.75,19,75.26,61,60.21,17,52.58
17.5,52.3,0.00,0.00,44,51.75,23,75.26,40,60.21,22,52.58
61.7,52.6,0.00,0.00,44,51.75,22,75.26,54,60.21,38,52.58
19.9,53.1,0.00,0.00,72,51.75,31,75.26,76,60.21,15,52.58
16.2,53.4,0.00,0.00,46,51.75,23,75.26,56,60.21,13,52.58
95.6,53.6,0.00,0.00,53,51.75,25,75.26,50,68.81,16,52.58
67.1,54.0,0.00,0.00,38,51.75,21,75.26,78,68.81,20,52.58
17.3,54.2,0.00,0.00,47,51.75,19,75.26,63,68.81,38,52.58
27.8,54.4,0.00,0.00,58,51.75,35,75.26,98,68.81,66,52.58
27.9,54.6,0.00,0.00,96,51.75,43,75.26,98,68.81,64,52.58
66.3,54.8,0.00,0.00,96,51.75,40,75.26,98,68.81,73,52.58
23.3,55.1,0.00,0.00,96,51.75,36,75.26,99,68.81,74,52.58
23.7,55.0,0.00,0.00,96,51.75,40,75.26,99,68.81,71,52.58
23.8,55.1,0.00,0.00,96,51.75,42,75.26,98,68.81,72,52.58
21.8,55.1,0.00,0.00,96,51.75,38,75.26,99,68.81,67,52.58
23.8,55.1,0.00,0.00,96,51.75,45,75.26,99,68.81,70,52.58
23.7,55.0,0.00,0.00,96,51.75,45,75.26,99,68.81,75,52.71
27.3,54.1,0.00,0.00,97,51.75,39,75.26,98,68.81,78,52.71
26.9,54.3,0.00,0.00,95,51.75,44,75.26,99,68.81,76,52.71
19.2,54.6,0.00,0.00,95,51.75,38,75.26,98,68.81,18,52.71
17.5,54.7,0.00,0.00,68,51.75,21,75.26,75,68.81,9,52.71
18.9,54.9,0.00,0.00,46,51.75,21,75.26,69,68.81,16,52.71
17.8,55.1,0.00,0.00,54,51.75,23,75.26,56,68.81,9,52.71
17.3,55.1,0.00,0.00,45,51.75,23,75.26,69,68.81,18,52.71
25.4,55.1,0.00,0.00,57,51.75,40,75.26,98,68.81,82,52.71
23.4,55.1,0.00,0.00,97,51.75,40,75.26,98,68.81,86,52.71
29.3,54.2,0.00,0.00,46,51.75,38,75.26,98,68.81,84,52.71
87.8,54.4,0.00,0.00,39,51.75,42,75.26,98,68.81,81,52.71
27.9,54.6,0.00,0.00,38,51.75,38,75.26,98,68.81,79,52.71
27.5,54.8,0.00,0.00,39,51.75,37,75.26,98,68.81,84,52.71
31.3,55.1,0.00,0.00,39,51.75,37,75.26,98,68.81,87,52.71
25.2,55.1,0.00,0.00,40,51.75,41,75.26,98,68.81,89,52.71
26.9,55.0,0.00,0.00,44,51.75,45,75.26,99,68.81,88,52.71
24.2,54.1,0.00,0.00,43,51.75,40,75.26,99,68.81,70,52.71
26.4,54.2,0.00,0.00,45,51.75,40,75.26,98,68.81,69,52.71
26.0,54.5,0.00,0.00,51,51.75,41,75.26,99,68.81,62,52.71
73.1,54.7,0.00,0.00,43,51.75,39,75.26,99,68.81,72,52.71
24.7,54.9,0.00,0.00,40,51.75,41,75.26,99,68.81,77,52.71
22.8,55.0,0.00,0.00,44,51.75,46,75.26,99,68.81,77,52.71
24.3,55.1,0.00,0.00,44,51.75,43,75.26,99,68.81,77,52.71
22.6,55.0,0.00,0.00,39,51.75,43,75.26,99,68.81,77,52.71
24.6,55.1,0.00,0.00,43,51.75,45,75.26,99,68.81,79,52.71
24.3,55.0,0.00,0.00,42,51.75,47,75.26,99,68.81,78,52.71
26.7,55.0,0.00,0.00,44,51.75,45,75.31,99,68.81,69,52.71
25.2,54.2,0.00,0.00,39,51.75,99,75.31,98,68.81,70,52.71
33.8,54.5,0.00,0.00,37,51.75,99,75.31,98,68.81,73,52.71
78.5,54.7,0.00,0.00,41,51.75,99,75.31,99,68.81,74,52.71
25.7,54.9,0.00,0.00,42,51.75,100,75.31,99,68.81,76,52.71
22.9,55.0,0.00,0.00,39,51.75,100,75.31,99,68.93,73,52.71
24.9,54.1,0.00,0.00,41,51.75,100,75.31,99,77.52,70,52.71
25.5,54.3,0.00,0.00,39,51.75,100,75.31,100,77.52,72,52.71
23.2,54.5,0.00,0.00,35,51.75,100,75.31,82,46.8,74,52.71
28.4,48.6,0.00,0.00,39,51.75,99,75.31,61,46.8,78,52.71
28.0,49.0,0.00,0.00,38,51.75,99,75.31,67,46.8,74,52.71
26.4,49.3,0.00,0.00,37,51.75,99,75.31,70,46.8,90,52.71
25.6,49.5,0.00,0.00,41,51.75,99,75.31,70,46.8,81,52.71
27.5,49.8,0.00,0.00,43,51.75,99,75.31,70,46.8,84,52.71
25.4,49.8,0.00,0.00,39,51.75,100,75.31,68,46.8,79,52.71
23.6,49.8,0.00,0.00,40,51.75,99,75.31,65,46.8,84,52.71
23.4,49.8,0.00,0.00,36,51.75,100,75.31,72,46.8,89,52.71
24.9,49.8,0.00,0.00,41,51.75,100,75.31,69,46.8,83,52.71
23.2,49.8,0.00,0.00,42,51.75,100,75.31,71,46.8,91,52.71
22.3,44.7,0.00,0.00,69,33.67,99,75.31,76,46.8,87,52.71
23.0,44.7,0.00,0.00,95,33.67,100,75.31,77,46.8,93,52.71
23.5,43.7,0.00,0.00,95,33.67,100,75.31,71,46.8,74,24.93
20.2,39.5,0.00,0.00,97,33.67,100,75.31,73,46.8,75,24.93
20.5,39.4,0.00,0.00,97,33.67,100,75.31,73,46.8,71,24.93
20.9,39.4,0.00,0.00,97,33.67,100,75.31,72,46.8,71,24.93
20.8,39.4,0.00,0.00,97,33.67,100,75.31,73,46.8,72,24.93
22.4,39.4,0.00,0.00,97,33.67,100,75.31,54,46.92,70,24.93
23.0,38.6,0.00,0.00,96,33.67,100,75.31,70,46.92,67,24.93
22.3,38.9,0.00,0.00,96,33.67,100,75.31,71,46.92,68,24.93
23.9,39.1,0.00,0.00,97,33.67,100,75.31,67,46.92,71,24.93
24.0,39.3,0.00,0.00,96,33.67,100,75.31,62,46.92,71,24.93
21.5,39.4,0.00,0.00,96,33.67,100,75.31,77,46.92,74,24.93
19.5,39.4,0.00,0.00,97,33.67,100,75.31,70,46.92,75,24.93
20.7,39.4,0.00,0.00,97,33.67,100,75.31,62,46.92,71,24.93
20.2,39.4,0.00,0.00,97,33.67,100,75.31,67,46.92,77,24.93
23.4,39.4,0.00,0.00,97,33.67,100,75.31,72,46.92,76,24.93
20.6,39.4,0.00,0.00,97,33.67,100,75.31,64,46.92,71,24.93
22.2,39.4,0.00,0.00,97,33.67,100,75.31,74,46.92,73,24.93
20.1,39.4,0.00,0.00,97,33.67,100,75.31,73,46.92,73,24.93
21.0,39.4,0.00,0.00,97,33.67,100,75.31,78,46.92,73,24.93
21.8,39.4,0.00,0.00,97,33.67,100,75.31,68,46.92,28,24.93
16.3,38.6,0.00,0.00,95,33.67,100,75.31,67,46.92,0,24.93
17.0,38.8,0.00,0.00,96,33.67,100,75.31,66,46.92,0,24.93
17.3,39.0,0.00,0.00,96,33.67,100,75.31,66,46.92,0,24.93
16.8,39.3,0.00,0.00,97,33.67,100,75.31,74,46.92,47,24.93
15.9,39.4,0.00,0.00,96,33.67,100,75.31,46,46.92,71,24.93
25.1,38.6,0.00,0.00,97,33.67,100,75.31,73,46.92,68,24.93
24.1,38.8,0.00,0.00,96,33.67,100,75.31,71,46.92,73,24.93
21.9,39.0,0.00,0.00,96,33.67,100,75.31,72,46.92,71,24.93
22.4,39.3,0.00,0.00,97,33.67,100,75.31,72,46.92,67,24.93
20.5,39.4,0.00,0.00,96,33.67,100,75.31,72,46.92,64,24.93
21.5,39.4,0.00,0.00,97,33.67,100,75.31,70,46.92,76,24.93
20.8,39.4,0.00,0.00,97,33.67,100,75.31,73,46.92,78,24.93
21.0,39.4,0.00,0.00,97,33.67,100,75.31,73,46.92,76,24.93
13.6,39.5,0.00,0.00,97,33.67,100,75.31,30,46.92,28,24.93
15.6,39.5,0.00,0.00,63,33.67,100,75.31,21,46.92,23,24.93
14.6,39.5,0.00,0.00,49,33.67,100,75.31,21,46.92,21,24.93
12.4,39.5,0.00,0.00,69,33.67,100,75.31,21,46.92,20,24.93
27.6,39.5,0.00,0.00,68,33.67,100,75.31,53,46.92,36,24.93
16.3,39.5,0.00,0.00,97,33.67,100,75.31,15,46.92,23,24.93
15.4,39.4,0.00,0.00,65,33.67,100,75.31,15,46.92,23,24.93
15.9,39.4,0.00,0.00,64,33.67,100,75.31,16,46.92,15,24.93
12.0,39.4,0.00,0.00,64,33.67,100,75.31,46,46.92,45,24.93
13.3,39.4,0.00,0.00,97,33.67,100,75.31,20,46.92,17,24.93
13.7,35.2,0.00,0.00,56,2.95,100,75.31,24,46.92,22,24.93
12.3,34.3,0.00,0.00,1,2.95,100,75.31,15,46.92,24,24.93
12.3,34.3,0.00,0.00,0,2.95,100,75.31,24,46.92,72,24.93
16.4,34.2,0.00,0.00,0,2.95,100,75.31,68,46.92,66,24.93
17.6,34.2,0.00,0.00,0,2.95,100,75.31,65,46.92,74,24.93
12.0,34.2,0.00,0.00,0,2.95,100,75.31,40,46.92,38,24.93
17.4,34.5,0.00,0.00,0,2.95,99,75.31,21,46.92,21,24.93
15.4,34.8,0.00,0.00,0,2.95,100,75.31,24,46.92,19,24.93
12.9,35.0,0.00,0.00,0,2.95,100,75.31,20,46.92,22,24.93
26.4,35.2,0.00,0.00,0,3.07,100,75.31,60,46.92,75,24.93
19.5,38.5,0.00,0.00,5,16.26,100,75.31,71,46.92,0,24.93
18.4,41.0,0.00,0.00,5,28.22,100,75.31,31,46.92,0,24.93
16.0,41.1,0.00,0.00,0,39.84,100,75.31,21,46.92,0,24.93
17.9,41.6,0.00,0.00,0,39.84,100,75.31,21,46.92,0,24.93
16.2,42.1,0.00,0.00,0,39.84,100,75.31,21,46.92,0,24.93
13.6,42.5,0.00,0.00,0,39.84,100,75.31,30,46.92,9,24.93
83.2,42.1,0.00,0.00,0,39.84,49,75.31,60,46.92,65,24.93
64.9,42.8,0.00,0.00,0,49.12,40,75.31,64,46.92,64,24.93
94.6,43.2,0.00,0.00,59,49.12,39,75.31,69,46.92,21,24.93
20.0,43.6,0.00,0.00,11,49.12,21,75.31,14,46.92,22,24.93
12.5,43.9,0.00,0.00,16,49.12,24,75.31,16,46.92,14,24.93
18.2,44.2,0.00,0.00,9,49.12,21,75.31,19,46.92,22,24.93
60.5,44.4,0.00,0.00,12,49.12,25,75.31,17,46.92,18,24.93
26.3,44.6,0.00,0.00,9,49.12,33,75.31,72,46.92,64,24.93
26.8,44.7,0.00,0.00,78,49.12,39,75.31,74,46.92,67,24.93
26.1,44.6,0.00,0.00,71,49.12,42,75.31,66,46.92,65,24.93
13.7,44.7,0.00,0.00,52,49.12,26,75.31,15,46.92,22,24.93
12.9,44.7,0.00,0.00,11,49.12,24,75.31,17,46.92,15,24.93
10.8,44.7,0.00,0.00,12,49.12,24,75.31,17,46.92,16,24.93
13.4,44.7,0.00,0.00,12,49.12,25,75.31,17,46.92,15,24.93
28.7,44.6,0.00,0.00,16,49.12,35,75.31,69,46.92,67,24.93
27.3,44.6,0.00,0.00,71,49.12,41,75.31,75,46.92,64,24.93
26.9,44.7,0.00,0.00,67,49.12,42,75.31,67,46.92,59,24.93
12.2,44.7,0.00,0.00,60,49.12,25,75.31,18,46.92,21,24.93
10.4,44.7,0.00,0.00,18,49.12,25,75.31,19,46.92,17,24.93
12.8,44.7,0.00,0.00,18,49.12,24,75.31,17,46.92,16,24.93
8.6,44.7,0.00,0.00,18,49.12,25,75.31,17,46.92,17,24.93
27.4,44.6,0.00,0.00,46,49.12,35,75.31,66,46.92,66,24.93
27.7,44.6,0.00,0.00,80,49.12,36,75.31,65,46.92,65,24.93
26.3,44.7,0.00,0.00,74,49.12,40,75.31,67,46.92,60,24.93
13.8,44.7,0.00,0.00,53,49.12,24,75.31,15,46.92,20,24.93
9.7,44.7,0.00,0.00,18,49.12,25,75.31,16,46.92,15,24.93
12.8,44.7,0.00,0.00,18,49.12,25,75.31,15,46.92,16,24.93
9.6,44.7,0.00,0.00,18,49.17,25,75.31,15,46.92,17,24.93
28.1,43.8,0.00,0.00,47,58.44,32,75.31,66,46.92,62,24.93
83.4,42.9,0.00,0.00,61,58.44,40,75.31,30,46.92,61,24.93
31.1,43.3,0.00,0.00,64,58.44,34,75.31,67,46.92,56,24.93
14.9,43.7,0.00,0.00,50,58.44,25,75.31,17,46.92,15,24.93
25.6,44.0,0.00,0.00,18,58.44,22,75.31,20,46.92,20,24.93
20.7,44.3,0.00,0.00,9,58.44,24,75.31,17,46.92,17,24.93
16.2,44.5,0.00,0.00,9,58.44,23,75.31,19,46.92,18,2.95
29.2,39.7,0.00,0.00,15,58.44,23,75.31,70,46.92,0,2.95
20.5,39.4,0.00,0.00,72,58.44,45,75.31,72,46.92,0,2.95
19.9,39.5,0.00,0.00,77,58.44,43,75.31,68,46.92,0,2.95
13.6,39.6,0.00,0.00,76,58.44,40,75.31,45,46.92,0,2.95
13.9,39.9,0.00,0.00,18,58.44,24,75.31,19,46.92,0,2.95
99.8,40.2,0.00,0.00,18,58.44,23,75.31,16,46.92,0,2.95
10.9,40.3,0.00,0.00,19,58.44,25,75.31,16,46.92,0,6.17
24.0,41.0,0.00,0.00,26,58.44,29,75.31,67,46.92,6,17.52
24.3,44.5,0.00,0.00,78,58.44,43,75.31,70,46.92,8,29.46
24.3,47.6,0.00,0.00,83,58.44,41,75.31,69,46.92,0,29.49
87.1,47.8,0.00,0.00,76,58.44,34,75.31,23,46.92,0,29.49
12.9,48.0,0.00,0.00,17,58.44,24,75.31,17,46.92,0,29.49
71.4,48.2,0.00,0.00,14,58.44,23,75.31,13,46.92,0,29.49
21.8,48.4,0.00,0.00,17,58.44,25,75.31,13,46.92,0,29.49
24.1,48.5,0.00,0.00,59,58.44,40,75.31,65,46.92,15,38.08
29.2,48.9,0.00,0.00,66,58.49,39,75.31,68,46.92,60,38.08
29.2,48.2,0.00,0.00,70,58.49,38,75.31,47,46.92,45,38.08
93.9,48.7,0.00,0.00,9,58.49,22,75.31,13,46.92,21,38.08
19.6,48.1,0.00,0.00,15,58.49,99,75.31,15,46.92,13,38.08
13.4,48.5,0.00,0.00,9,58.49,89,75.31,21,46.92,16,38.08
97.3,49.1,0.00,0.00,10,58.49,71,75.31,17,46.92,12,38.08
37.3,49.5,0.00,0.00,9,58.49,89,75.31,45,46.92,54,38.08
29.0,49.7,0.00,0.00,63,58.49,99,75.31,61,46.92,64,38.08
25.5,49.9,0.00,0.00,70,58.49,100,75.31,67,46.92,64,38.08
15.4,49.9,0.00,0.00,68,58.49,99,75.31,20,46.92,17,38.08
12.2,49.9,0.00,0.00,18,58.49,99,75.31,18,46.92,15,38.08
13.6,49.9,0.00,0.00,9,58.49,100,75.31,20,46.92,15,38.08
12.3,49.9,0.00,0.00,9,58.49,100,75.31,23,46.92,15,38.08
27.8,49.9,0.00,0.00,9,58.49,99,75.31,26,46.92,65,38.08
25.6,49.0,0.00,0.00,74,58.49,99,75.31,63,46.92,58,38.08
26.3,49.2,0.00,0.00,71,58.49,100,75.31,63,46.92,62,38.08
12.3,49.5,0.00,0.00,65,58.49,99,75.31,15,46.92,14,38.08
13.7,49.6,0.00,0.00,15,58.49,100,75.31,17,46.92,17,38.08
35.0,49.8,0.00,0.00,9,58.49,100,75.31,20,46.92,18,38.08
12.4,49.9,0.00,0.00,9,58.49,92,75.31,12,46.92,23,38.08
30.2,49.9,0.00,0.00,18,58.49,98,75.31,38,46.92,70,38.08
24.4,49.9,0.00,0.00,68,58.49,100,75.31,65,46.92,70,38.08
25.8,49.9,0.00,0.00,67,58.49,100,75.31,66,46.92,66,38.08
11.8,49.9,0.00,0.00,74,58.49,100,75.31,25,46.92,24,38.08
14.7,49.9,0.00,0.00,13,58.49,100,75.31,21,46.92,20,38.08
11.6,49.9,0.00,0.00,14,58.49,100,75.31,20,46.92,20,38.08
12.6,49.9,0.00,0.00,16,58.49,100,75.31,20,46.92,20,38.08
24.9,49.9,0.00,0.00,23,58.49,99,75.31,42,46.92,70,38.08
30.5,48.9,0.00,0.00,66,58.49,100,75.31,67,46.92,38,38.08
14.3,49.1,0.00,0.00,36,58.49,100,75.31,15,46.92,17,38.08
13.9,49.3,0.00,0.00,9,58.49,100,75.31,19,46.92,17,38.08
37.7,49.4,0.00,0.00,12,58.49,100,75.31,21,46.92,20,38.08
21.6,49.6,0.00,0.00,14,58.49,100,75.31,21,46.92,17,38.08
59.0,49.7,0.00,0.00,42,58.49,100,75.31,64,46.92,72,38.08
14.4,49.9,0.00,0.00,39,58.49,100,75.31,16,46.92,15,38.08
13.6,49.9,0.00,0.00,16,58.49,100,75.31,18,46.92,17,38.2
20.6,49.9,0.00,0.00,16,58.49,100,75.31,22,46.92,31,46.8
13.1,49.0,0.00,0.00,12,58.49,100,75.31,18,46.92,33,46.8
28.2,49.2,0.00,0.00,12,58.49,99,75.31,61,46.92,67,46.8
74.4,49.4,0.00,0.00,72,58.49,100,75.31,70,46.92,70,46.8
27.7,49.6,0.00,0.00,68,58.49,100,75.31,64,46.92,66,46.8
20.9,49.8,0.00,0.00,39,58.49,99,75.31,15,46.92,13,46.8
15.1,49.9,0.00,0.00,18,58.49,100,75.31,22,46.92,19,46.8
13.2,49.9,0.00,0.00,18,58.49,100,75.31,23,46.92,20,46.8
12.6,49.9,0.00,0.00,18,58.49,100,75.31,20,46.92,35,46.8
26.8,49.8,0.00,0.00,64,58.49,100,75.31,73,46.92,75,46.8
25.2,49.8,0.00,0.00,78,58.49,100,75.31,72,46.92,69,46.8
27.2,49.8,0.00,0.00,77,58.49,100,75.31,32,24.93,66,46.8
24.3,44.6,0.00,0.00,79,58.49,100,75.31,74,24.93,71,46.8
25.7,44.6,0.00,0.00,76,58.49,100,75.31,68,24.93,75,46.8
25.4,44.6,0.00,0.00,74,58.49,100,75.31,70,24.93,71,46.8
27.6,43.7,0.00,0.00,41,58.49,100,75.31,71,24.93,76,46.8
25.4,43.9,0.00,0.00,70,58.49,100,75.31,65,24.93,63,46.8
33.1,44.1,0.00,0.00,69,58.49,100,75.31,69,24.93,68,46.8
27.3,44.3,0.00,0.00,69,58.49,100,75.31,66,24.93,72,46.8
26.9,44.5,0.00,0.00,71,58.49,100,75.31,68,24.93,77,46.8
25.7,44.6,0.00,0.00,75,58.49,100,75.31,72,24.93,75,46.8
24.5,44.6,0.00,0.00,77,58.49,100,75.31,72,24.93,76,46.8
25.7,44.6,0.00,0.00,81,58.49,100,75.31,69,24.93,73,46.8
22.3,44.6,0.00,0.00,81,58.49,100,75.31,71,24.93,41,46.92
25.8,43.8,0.00,0.00,73,58.49,100,75.31,67,24.93,72,46.92
27.2,44.0,0.00,0.00,76,58.49,100,75.31,70,24.93,74,46.92
27.6,44.2,0.00,0.00,74,58.49,100,75.31,65,24.93,70,46.92
97.7,44.4,0.00,0.00,69,58.49,100,75.31,68,24.93,68,46.92
32.0,43.7,0.00,0.00,50,58.49,100,75.31,72,24.93,65,46.92
82.7,43.9,0.00,0.00,74,58.49,100,75.31,68,24.93,65,46.92
24.9,44.1,0.00,0.00,78,58.49,100,75.31,1,2.95,68,46.92
21.5,39.1,0.00,0.00,74,58.49,100,75.31,3,2.95,72,46.92
25.7,39.5,0.00,0.00,78,58.49,100,75.31,0,2.95,67,46.92
27.3,39.9,0.00,0.00,73,58.49,100,75.31,0,2.95,71,46.92
22.2,40.2,0.00,0.00,78,58.49,100,75.31,0,9.32,67,46.92
24.4,42.8,0.00,0.00,88,58.49,100,75.31,9,21.31,74,46.92
23.0,46.5,0.00,0.00,88,58.49,100,75.31,7,29.49,70,46.92
20.1,47.7,0.00,0.00,80,58.49,100,75.31,0,29.49,71,46.92
21.6,48.0,0.00,0.00,82,58.49,100,75.31,0,29.49,70,46.92
20.8,48.2,0.00,0.00,76,58.49,100,75.31,0,29.49,73,46.92
44.4,47.5,0.00,0.00,84,58.49,100,75.31,0,29.49,70,46.92
30.3,48.1,0.00,0.00,74,58.49,81,75.12,44,38.08,64,46.92
35.8,43.3,0.00,0.00,67,58.49,44,21.03,63,38.08,72,46.92
77.0,43.7,0.00,0.00,67,58.49,45,21.03,65,38.08,68,24.93
70.8,38.8,0.00,0.00,65,58.49,39,21.03,59,38.08,66,24.93
29.3,39.2,0.00,0.00,67,58.49,43,21.03,66,38.08,68,24.93
25.9,39.5,0.00,0.00,64,58.49,43,21.03,68,38.08,72,24.93
27.7,39.5,0.00,0.00,71,58.49,41,21.03,65,38.08,70,24.93
26.4,39.5,0.00,0.00,68,58.49,44,21.03,67,38.08,74,24.93
26.3,39.5,0.00,0.00,69,58.49,43,21.03,68,38.08,69,24.93
25.1,39.5,0.00,0.00,72,58.49,39,21.03,64,38.08,77,24.93
26.4,39.5,0.00,0.00,70,58.49,41,21.03,66,38.08,70,24.93
27.9,39.5,0.00,0.00,72,58.49,47,21.03,65,38.08,66,24.93
27.8,39.3,0.00,0.00,67,58.49,41,21.03,69,38.08,66,24.93
87.3,38.6,0.00,0.00,73,58.49,40,21.03,68,38.08,69,24.93
29.1,38.8,0.00,0.00,70,58.49,45,21.03,75,38.08,67,24.93
29.3,39.0,0.00,0.00,72,58.49,40,21.03,75,38.08,67,24.93
29.8,39.3,0.00,0.00,70,58.49,38,21.03,74,38.08,69,24.93
25.5,39.5,0.00,0.00,65,58.49,41,21.03,72,38.08,71,24.93
24.9,39.5,0.00,0.00,72,58.49,40,21.03,75,38.08,72,24.93
21.3,39.5,0.00,0.00,74,58.49,45,21.03,30,46.8,71,24.93
27.1,38.6,0.00,0.00,69,58.49,39,21.03,67,46.8,68,24.93
28.7,38.8,0.00,0.00,67,58.49,40,21.03,70,46.8,72,24.93
29.9,39.0,0.00,0.00,71,58.49,40,21.03,66,46.8,34,24.93
23.4,38.2,0.00,0.00,73,58.49,42,21.03,67,46.8,0,2.95
21.1,34.3,0.00,0.00,76,58.49,43,21.03,72,46.8,0,2.95
16.0,34.3,0.00,0.00,86,58.49,46,21.03,77,46.8,0,2.95
21.2,33.4,0.00,0.00,83,58.49,40,21.03,66,46.8,0,2.95
21.4,33.6,0.00,0.00,75,58.49,47,21.03,64,46.8,0,2.95
23.7,33.8,0.00,0.00,74,58.49,41,21.03,71,46.8,0,2.95
72.1,34.3,0.00,0.00,75,58.49,38,21.03,67,46.8,0,2.95
28.8,34.9,0.00,0.00,67,58.49,41,21.03,67,46.8,0,2.95
26.5,35.4,0.00,0.00,79,58.49,47,21.03,75,46.8,1,8.41
23.4,37.6,0.00,0.00,86,58.49,43,21.03,71,46.8,4,18.79
25.9,40.5,0.00,0.00,90,58.49,42,21.03,70,46.8,7,29.17
25.8,42.9,0.00,0.00,81,58.49,42,21.03,64,46.8,14,44.26
23.0,42.9,0.00,0.00,84,58.49,44,21.03,67,46.8,0,44.26
23.0,43.1,0.00,0.00,82,58.49,44,21.03,68,46.8,0,44.26
21.4,43.3,0.00,0.00,87,58.49,37,21.03,64,46.8,1,53.22
28.2,42.7,0.00,0.00,60,58.49,39,21.03,66,46.8,84,53.22
24.5,43.1,0.00,0.00,79,58.49,39,21.03,29,46.92,89,53.22
92.4,41.8,0.00,0.00,70,58.49,0,21.03,66,46.92,87,53.22
27.2,42.6,0.00,0.00,63,58.49,0,21.03,61,46.92,80,53.22
33.1,43.3,0.00,0.00,67,58.49,0,21.03,63,46.92,79,53.22
23.0,44.0,0.00,0.00,69,58.49,0,21.03,67,46.92,91,53.22
46.2,44.4,0.00,0.00,75,58.49,0,21.03,68,46.92,93,53.22
25.0,44.6,0.00,0.00,91,58.49,41,21.03,75,46.92,93,53.22
24.7,44.6,0.00,0.00,83,58.49,47,21.03,70,46.92,93,53.22
24.0,44.6,0.00,0.00,73,58.49,40,21.03,67,46.92,91,53.22
25.2,44.6,0.00,0.00,81,58.49,40,21.03,79,46.92,95,53.22
24.8,44.6,0.00,0.00,80,58.49,42,21.03,83,46.92,93,53.22
25.3,43.6,0.00,0.00,82,58.49,40,21.03,72,46.92,92,53.22
30.6,43.8,0.00,0.00,74,58.49,43,21.03,63,46.92,93,53.22
25.4,44.0,0.00,0.00,76,58.49,39,21.03,66,46.92,93,53.22
44.1,44.2,0.00,0.00,79,58.49,44,21.03,68,46.92,92,53.22
23.9,44.4,0.00,0.00,75,58.49,40,21.03,68,46.92,89,53.22
21.7,44.6,0.00,0.00,77,58.49,45,21.03,72,46.92,92,53.22
25.7,44.6,0.00,0.00,74,58.49,40,21.03,66,46.92,95,53.22
25.3,44.6,0.00,0.00,75,58.49,43,21.03,72,46.92,95,53.22
23.9,44.6,0.00,0.00,82,58.49,46,21.03,74,46.92,93,53.22
26.6,43.6,0.00,0.00,85,58.49,45,21.03,49,46.92,91,53.22
30.9,43.8,0.00,0.00,74,58.49,40,21.03,67,46.92,92,53.22
66.1,44.0,0.00,0.00,76,58.49,44,21.03,67,46.92,91,53.22
22.0,44.2,0.00,0.00,74,58.49,45,21.03,69,46.92,90,53.22
26.3,43.6,0.00,0.00,73,58.49,43,21.03,63,46.92,90,53.22
26.5,44.0,0.00,0.00,71,58.49,41,21.03,63,46.92,93,53.22
26.8,44.2,0.00,0.00,75,58.49,39,21.03,66,46.92,93,53.22
58.0,44.4,0.00,0.00,77,58.49,40,21.03,68,46.92,94,53.22
24.0,44.6,0.00,0.00,71,58.49,42,21.03,67,46.92,95,53.22
23.9,44.6,0.00,0.00,87,58.49,44,21.03,74,46.92,96,53.22
24.1,44.6,0.00,0.00,77,58.49,46,21.03,69,46.92,93,53.22
24.0,44.6,0.00,0.00,74,58.49,44,21.03,72,46.92,93,53.22
25.1,44.6,0.00,0.00,81,58.49,48,21.03,69,46.92,96,53.22
24.1,44.6,0.00,0.00,85,58.49,40,21.03,70,46.92,95,53.22
23.4,44.6,0.00,0.00,81,58.49,41,21.03,71,46.92,94,53.22
24.1,44.6,0.00,0.00,77,58.49,43,21.03,68,46.92,96,53.22
39.1,43.7,0.00,0.00,49,58.49,40,21.03,69,46.92,93,53.22
25.1,43.9,0.00,0.00,75,58.49,40,21.03,70,46.92,94,53.22
26.4,44.1,0.00,0.00,75,58.49,44,21.03,70,46.92,92,53.22
26.9,44.3,0.00,0.00,77,58.49,41,21.03,31,46.92,92,53.22
27.3,43.6,0.00,0.00,79,58.49,40,21.03,72,46.92,86,53.22
26.9,43.9,0.00,0.00,78,58.49,41,21.03,70,46.92,92,53.22
50.2,44.1,0.00,0.00,78,58.49,41,21.03,69,46.92,89,53.22
23.5,43.3,0.00,0.00,77,58.49,0,2.95,68,46.92,92,53.22
26.1,39.4,0.00,0.00,79,58.49,0,2.95,76,46.92,96,53.22
21.4,39.4,0.00,0.00,89,58.49,0,2.95,75,46.92,93,53.22
18.8,39.4,0.00,0.00,85,58.49,0,2.95,75,46.92,95,53.22
20.5,39.4,0.00,0.00,84,58.49,0,2.95,71,46.92,95,53.22
19.8,35.1,0.00,0.00,70,30.72,0,2.95,68,46.92,97,53.22
24.6,34.5,0.00,0.00,82,30.72,0,2.95,63,46.92,91,53.22
22.8,34.9,0.00,0.00,70,30.72,0,2.95,73,46.92,89,53.22
22.6,35.9,0.00,0.00,83,30.72,3,12.08,67,46.92,96,53.22
23.2,39.8,0.00,0.00,89,30.72,8,23.99,74,46.92,96,53.22
24.5,42.4,0.00,0.00,82,30.72,6,35.66,71,46.92,92,53.22
21.6,42.7,0.00,0.00,79,30.72,0,35.66,69,46.92,96,53.22
20.5,42.9,0.00,0.00,74,30.72,0,35.66,69,46.92,91,53.22
22.2,43.1,0.00,0.00,75,30.72,0,35.66,67,46.92,93,53.22
20.8,43.3,0.00,0.00,75,30.72,0,43.53,69,46.92,91,53.22
83.5,43.7,0.00,0.00,67,30.72,94,43.53,64,46.92,93,53.22
27.9,42.9,0.00,0.00,78,30.72,94,43.53,57,46.92,51,81.81
61.6,41.7,0.00,0.00,57,30.53,92,43.53,62,46.92,99,81.81
77.2,37.8,0.00,0.00,0,2.95,92,43.53,67,46.92,100,81.81
24.1,38.5,0.00,0.00,0,2.95,91,43.53,69,46.92,99,81.81
38.6,38.9,0.00,0.00,0,2.95,95,43.53,60,46.92,100,81.81
58.3,39.3,0.00,0.00,0,2.95,94,43.53,70,46.92,100,81.81
21.6,39.6,0.00,0.00,0,2.95,94,43.53,64,46.92,100,81.81
21.3,40.0,0.00,0.00,0,2.95,96,43.53,66,46.92,100,81.81
20.8,41.0,0.00,0.00,0,7.17,96,43.53,71,46.92,100,81.81
21.5,44.6,0.00,0.00,7,19.94,97,43.53,75,46.92,100,81.81
20.6,47.8,0.00,0.00,7,39.84,97,43.53,67,46.92,100,81.81
32.9,47.7,0.00,0.00,6,39.84,97,43.53,71,46.92,100,81.81
36.9,47.9,0.00,0.00,0,39.84,93,43.53,69,46.92,100,81.81
19.0,48.1,0.00,0.00,0,39.84,95,43.53,73,46.92,100,81.81
17.6,48.3,0.00,0.00,0,39.84,97,43.53,68,46.92,100,81.81
28.0,48.7,0.00,0.00,52,48.75,96,43.53,74,46.92,100,81.81
27.3,48.9,0.00,0.00,93,48.75,95,43.53,72,46.92,100,81.81
65.8,49.1,0.00,0.00,94,48.75,95,43.53,70,46.92,99,81.81
67.6,48.3,0.00,0.00,96,48.75,89,52.49,62,46.92,100,81.81
31.4,48.8,0.00,0.00,93,48.75,97,52.49,39,46.92,100,81.81
30.0,48.1,0.00,0.00,96,48.75,94,52.49,68,46.92,100,81.81
29.7,48.5,0.00,0.00,94,48.75,96,52.49,65,46.92,100,81.81
94.5,48.9,0.00,0.00,91,48.75,95,52.49,66,46.92,99,81.81
28.4,49.4,0.00,0.00,94,48.75,95,52.49,71,46.92,100,81.81
31.3,49.6,0.00,0.00,96,48.75,98,52.49,71,46.92,100,81.81
27.0,49.6,0.00,0.00,95,48.75,98,52.49,74,46.92,100,81.81
26.2,49.6,0.00,0.00,98,48.75,98,52.49,73,46.92,100,81.81
27.3,49.6,0.00,0.00,97,48.75,99,52.49,73,46.92,100,81.81
26.5,49.6,0.00,0.00,98,48.75,98,52.49,72,46.92,100,81.81
26.5,49.6,0.00,0.00,98,48.75,98,52.49,66,46.92,100,81.81
27.2,48.8,0.00,0.00,51,57.66,97,52.49,73,46.92,100,81.81
31.2,49.0,0.00,0.00,96,57.66,98,52.49,67,46.92,100,81.81
29.1,49.2,0.00,0.00,97,57.66,98,52.49,70,46.92,99,81.81
29.2,49.4,0.00,0.00,97,57.66,97,52.49,67,46.92,100,81.81
31.2,49.6,0.00,0.00,96,57.66,60,52.49,74,46.92,99,81.81
27.0,48.8,0.00,0.00,95,57.66,96,52.49,68,46.92,100,81.81
24.5,49.0,0.00,0.00,98,57.66,96,52.49,69,46.92,100,81.81
25.2,49.2,0.00,0.00,95,57.66,97,52.49,69,46.92,100,81.81
97.9,49.4,0.00,0.00,96,57.66,97,52.49,71,46.92,100,81.81
74.2,48.7,0.00,0.00,98,57.66,98,52.49,60,46.92,100,81.81
34.6,48.9,0.00,0.00,97,57.66,98,52.49,65,46.92,100,81.81
24.4,49.2,0.00,0.00,98,57.66,98,52.49,64,46.92,100,81.81
26.5,49.4,0.00,0.00,98,57.66,98,52.49,68,46.92,100,81.81
27.4,49.6,0.00,0.00,98,57.66,98,52.49,70,46.92,100,81.81
23.1,49.6,0.00,0.00,99,57.66,98,52.49,70,46.92,100,81.81
24.9,48.8,0.00,0.00,84,57.66,98,52.49,70,46.92,100,81.81
24.7,49.0,0.00,0.00,98,57.66,98,52.49,69,46.92,100,81.81
65.9,49.2,0.00,0.00,97,57.66,98,52.49,65,46.92,100,81.81
89.9,49.4,0.00,0.00,97,57.66,97,52.49,66,46.92,100,81.81
22.9,49.6,0.00,0.00,98,57.66,97,52.49,64,46.92,100,81.81
22.7,49.6,0.00,0.00,98,57.66,98,52.49,74,46.92,100,81.81
26.3,49.6,0.00,0.00,98,57.66,97,52.49,73,46.92,100,81.81
25.0,49.6,0.00,0.00,98,57.66,98,52.49,70,46.92,100,81.81
23.6,49.6,0.00,0.00,99,57.66,97,52.49,72,46.92,100,81.81
24.7,49.6,0.00,0.00,98,57.66,97,52.49,65,46.92,100,81.81
23.9,49.6,0.00,0.00,98,57.66,97,52.49,68,46.92,100,81.81
24.7,49.6,0.00,0.00,99,57.66,96,52.49,69,46.92,100,81.81
25.1,49.6,0.00,0.00,98,57.66,98,52.49,70,46.92,100,81.81
26.7,49.6,0.00,0.00,98,57.66,97,52.49,40,46.92,100,81.81
49.4,48.8,0.00,0.00,98,57.66,93,52.49,69,46.92,100,81.81
28.7,48.2,0.00,0.00,56,57.66,95,52.49,61,46.92,100,81.81
29.3,48.6,0.00,0.00,96,57.66,96,52.49,68,46.92,100,81.81
51.2,49.0,0.00,0.00,97,57.66,97,52.49,64,46.92,100,81.81
32.4,48.4,0.00,0.00,96,57.66,80,52.49,70,46.92,100,81.81
29.4,48.9,0.00,0.00,94,57.66,96,52.49,70,46.92,100,81.81
27.6,49.1,0.00,0.00,97,57.66,96,52.49,64,46.92,100,81.81
33.1,49.3,0.00,0.00,96,57.66,98,52.49,72,46.92,100,81.81
30.1,49.5,0.00,0.00,97,57.66,98,52.49,68,46.92,100,81.81
26.0,49.6,0.00,0.00,97,57.66,98,52.49,70,46.92,100,81.81
25.9,49.6,0.00,0.00,98,57.66,98,52.49,70,46.92,100,81.81
25.8,49.6,0.00,0.00,98,57.66,98,52.49,68,46.92,100,81.81
25.6,49.6,0.00,0.00,98,57.66,99,52.49,73,46.92,100,81.81
25.7,49.6,0.00,0.00,98,57.66,98,52.49,67,46.92,100,81.81
26.8,49.6,0.00,0.00,98,57.66,98,52.49,73,46.92,100,81.81
25.2,49.6,0.00,0.00,97,57.66,98,52.49,70,46.92,100,81.81
28.2,48.8,0.00,0.00,94,57.66,98,52.49,69,46.92,100,81.81
29.8,49.0,0.00,0.00,97,57.66,98,52.49,72,46.92,100,81.81
44.1,49.2,0.00,0.00,97,57.66,98,52.49,71,46.92,100,81.81
78.1,48.5,0.00,0.00,97,57.66,96,52.49,60,46.92,100,81.81
30.0,47.9,0.00,0.00,96,57.66,56,52.49,65,46.92,100,81.81
27.3,48.3,0.00,0.00,95,57.66,97,52.49,67,46.92,95,81.81
75.6,48.7,0.00,0.00,95,57.66,97,52.49,61,46.92,50,81.81
85.3,48.3,0.00,0.00,92,57.66,98,52.49,61,46.92,90,81.81
25.1,48.9,0.00,0.00,94,57.66,98,52.49,60,46.92,94,81.81
25.6,49.2,0.00,0.00,96,57.66,98,52.49,70,46.92,96,81.81
25.1,49.5,0.00,0.00,96,57.66,97,52.49,64,46.92,94,81.81
23.1,49.6,0.00,0.00,96,57.66,98,52.49,69,46.92,97,81.81
23.5,49.6,0.00,0.00,99,57.66,98,52.49,75,46.92,95,81.81
23.7,49.6,0.00,0.00,99,57.66,98,52.49,69,46.92,92,81.81
24.4,49.6,0.00,0.00,98,57.66,98,52.49,72,46.92,95,81.81
80.8,48.7,0.00,0.00,60,57.66,98,52.49,69,46.92,94,81.81
16.9,49.0,0.00,0.00,96,57.66,98,52.49,67,46.92,92,81.81
11.5,49.1,0.00,0.00,17,57.66,22,52.49,15,46.92,59,81.81
13.0,49.3,0.00,0.00,17,57.66,21,52.49,17,46.92,77,81.81
28.1,49.5,0.00,0.00,20,57.66,25,52.49,20,46.92,89,81.81
23.8,49.6,0.00,0.00,20,57.66,22,52.49,21,46.92,80,81.81
13.8,49.7,0.00,0.00,20,57.66,55,52.49,27,46.92,96,81.81
14.0,49.7,0.00,0.00,17,57.66,25,52.49,15,46.92,77,81.81
13.3,49.7,0.00,0.00,21,57.66,27,52.49,16,46.92,81,81.81
14.5,49.7,0.00,0.00,21,57.66,27,52.49,21,46.92,80,81.81
14.7,49.7,0.00,0.00,21,57.66,61,52.49,32,46.92,94,81.81
24.8,49.6,0.00,0.00,98,57.66,97,52.49,72,46.92,92,81.81
24.1,49.6,0.00,0.00,98,57.66,97,52.49,68,46.92,95,81.81
14.9,49.7,0.00,0.00,98,57.66,97,52.49,36,46.92,96,81.81
14.1,49.7,0.00,0.00,20,57.66,28,52.49,22,46.92,75,81.81
12.9,49.7,0.00,0.00,20,57.66,29,52.49,32,46.92,82,81.81
13.4,48.8,0.00,0.00,20,57.66,26,52.49,12,46.92,76,81.81
29.1,49.0,0.00,0.00,20,57.66,55,52.49,65,46.92,95,81.81
28.4,49.1,0.00,0.00,97,57.66,96,52.49,65,46.92,91,81.81
28.3,49.3,0.00,0.00,96,57.66,95,52.49,64,46.92,92,81.81
30.4,49.5,0.00,0.00,97,57.66,97,52.49,66,46.92,92,81.81
24.3,49.6,0.00,0.00,98,57.66,96,52.49,67,46.92,95,81.81
25.6,49.6,0.00,0.00,98,57.66,97,52.49,69,46.92,95,81.81
27.8,49.6,0.00,0.00,98,57.66,72,52.49,70,46.92,93,81.81
54.4,48.8,0.00,0.00,97,57.66,97,52.49,72,46.92,96,81.81
32.0,48.0,0.00,0.00,87,57.66,96,52.49,64,46.92,90,81.81
30.4,48.4,0.00,0.00,95,57.66,96,52.49,64,46.92,90,81.81
96.9,48.9,0.00,0.00,93,57.66,96,52.49,62,46.92,88,81.81
35.6,49.3,0.00,0.00,95,57.66,96,52.49,61,46.92,92,81.81
29.3,49.5,0.00,0.00,94,57.66,96,52.49,68,46.92,92,81.81
25.9,49.6,0.00,0.00,98,57.66,98,52.49,69,46.92,95,81.81
28.3,49.6,0.00,0.00,99,57.66,98,52.49,68,46.92,94,81.81
27.1,49.6,0.00,0.00,97,57.66,97,52.49,71,46.92,91,81.81
26.7,49.6,0.00,0.00,98,57.66,98,52.49,66,46.92,91,81.81
27.4,49.6,0.00,0.00,97,57.66,97,52.49,70,46.92,94,81.81
26.9,49.6,0.00,0.00,97,57.66,98,52.49,67,46.92,96,81.81
26.0,48.6,0.00,0.00,98,57.66,98,52.49,37,24.93,96,81.81
27.4,44.4,0.00,0.00,97,57.66,98,52.49,70,24.93,93,81.81
26.8,44.4,0.00,0.00,97,57.66,98,52.49,63,24.93,96,81.81
25.5,44.4,0.00,0.00,98,57.66,99,52.49,69,24.93,94,81.81
25.2,42.6,0.00,0.00,98,57.66,96,52.49,62,24.93,93,81.81
69.8,43.0,0.00,0.00,94,57.66,95,52.49,65,24.93,87,81.81
39.8,43.4,0.00,0.00,97,57.66,96,52.49,61,24.93,90,81.81
27.8,43.8,0.00,0.00,95,57.66,96,52.49,63,24.93,90,81.81
33.5,44.2,0.00,0.00,92,57.66,96,52.49,64,24.93,93,81.81
23.4,44.4,0.00,0.00,97,57.66,97,52.49,71,24.93,95,81.81
24.8,44.4,0.00,0.00,98,57.66,97,52.49,70,24.93,96,81.81
22.5,44.4,0.00,0.00,97,57.66,97,52.49,70,24.93,96,81.81
22.9,44.4,0.00,0.00,98,57.66,97,52.49,71,24.93,96,81.81
23.2,44.4,0.00,0.00,98,57.66,98,52.49,73,24.93,93,81.81
24.1,44.4,0.00,0.00,98,57.66,97,52.49,64,24.93,95,81.81
25.9,44.4,0.00,0.00,98,57.66,97,52.49,73,24.93,96,81.81
25.8,44.4,0.00,0.00,99,57.66,97,52.49,72,24.93,94,81.81
24.5,44.4,0.00,0.00,98,57.66,97,52.49,71,24.93,97,81.81
25.8,44.4,0.00,0.00,98,57.66,97,52.49,72,24.93,97,81.81
23.6,44.4,0.00,0.00,85,57.66,97,52.49,71,24.93,95,81.81
94.6,38.9,0.00,0.00,65,57.66,96,52.49,4,2.95,100,81.81
24.0,37.8,0.00,0.00,98,57.66,97,52.49,0,2.95,100,81.81
96.7,38.2,0.00,0.00,96,57.66,96,52.49,0,2.95,100,81.81
88.3,38.8,0.00,0.00,96,57.66,97,52.49,0,2.95,97,81.81
22.5,39.6,0.00,0.00,92,57.66,91,52.49,0,2.95,100,81.81
20.5,40.0,0.00,0.00,97,57.66,94,52.49,0,8.44,100,81.81
22.2,42.7,0.00,0.00,99,57.66,97,52.49,11,18.87,100,81.81
21.5,45.9,0.00,0.00,98,57.66,97,52.49,10,36.2,99,81.81
18.7,47.4,0.00,0.00,98,57.66,97,52.49,0,39.84,100,81.81
22.9,47.7,0.00,0.00,98,57.66,97,52.49,0,39.84,100,81.81
99.8,47.0,0.00,0.00,96,57.66,98,52.49,0,39.84,100,81.81
22.9,47.4,0.00,0.00,97,57.66,96,52.49,0,39.84,100,81.81
42.2,47.8,0.00,0.00,95,57.66,97,52.49,27,49.12,99,81.81
34.3,48.4,0.00,0.00,96,57.66,95,52.49,57,49.12,100,81.81
29.0,48.8,0.00,0.00,93,57.66,96,52.49,63,49.12,100,81.81
50.1,48.2,0.00,0.00,69,57.66,94,52.49,65,49.12,100,81.81
54.0,48.6,0.00,0.00,95,57.66,95,52.49,62,49.12,100,81.81
28.2,49.1,0.00,0.00,92,57.66,97,52.49,67,49.12,100,81.81
29.8,49.4,0.00,0.00,93,57.66,97,52.49,65,49.12,100,81.81
29.8,49.6,0.00,0.00,96,57.66,98,52.49,72,49.12,100,81.81
28.0,49.6,0.00,0.00,98,57.66,98,52.49,73,49.12,100,81.81
28.9,49.6,0.00,0.00,98,57.66,98,52.49,72,49.12,100,81.81
26.8,49.6,0.00,0.00,97,57.66,98,52.49,67,49.12,100,81.81
27.8,49.6,0.00,0.00,98,57.66,98,52.49,69,49.12,100,81.81
27.8,49.6,0.00,0.00,98,57.66,98,52.49,67,49.12,100,81.81
26.9,49.6,0.00,0.00,97,57.66,98,52.49,72,49.12,100,81.81
99.0,48.7,0.00,0.00,97,57.66,52,52.49,47,58.44,99,81.81
30.3,48.0,0.00,0.00,96,57.66,95,52.49,66,58.44,100,81.81
28.6,48.4,0.00,0.00,95,57.66,96,52.49,61,58.44,100,81.81
61.3,48.8,0.00,0.00,95,57.66,96,52.49,73,58.44,100,81.81
99.6,48.4,0.00,0.00,61,57.66,94,52.49,66,58.44,99,81.81
35.1,48.9,0.00,0.00,94,57.66,98,52.49,72,58.44,100,81.81
28.1,49.1,0.00,0.00,96,57.66,97,52.49,74,58.44,100,81.81
30.6,49.4,0.00,0.00,98,57.66,97,52.49,74,58.44,100,81.81
26.6,49.6,0.00,0.00,97,57.66,96,52.49,81,58.44,100,81.81
27.5,49.6,0.00,0.00,98,57.66,98,52.49,85,58.44,100,81.81
24.2,49.6,0.00,0.00,98,57.66,97,52.49,80,58.44,100,81.81
25.2,49.6,0.00,0.00,98,57.66,97,52.49,70,58.44,100,81.81
26.8,49.6,0.00,0.00,98,57.66,97,52.49,76,58.44,100,81.81
21.9,49.6,0.00,0.00,99,57.66,97,52.49,70,58.49,100,81.81
28.4,48.8,0.00,0.00,97,57.66,97,52.49,72,58.49,100,81.81
26.3,49.0,0.00,0.00,98,57.66,97,52.49,76,58.49,99,81.81
27.7,49.2,0.00,0.00,98,57.66,97,52.49,72,58.49,100,81.81
72.4,49.4,0.00,0.00,95,57.66,97,52.49,72,58.49,100,81.81
30.1,49.6,0.00,0.00,98,57.66,96,52.49,72,58.49,100,81.81
28.3,48.7,0.00,0.00,55,57.66,97,52.49,73,58.49,99,81.81
31.8,48.9,0.00,0.00,95,57.66,97,52.49,75,58.49,100,81.81
28.9,49.1,0.00,0.00,96,57.66,97,52.49,76,58.49,100,81.81
61.4,49.3,0.00,0.00,97,57.66,97,52.49,74,58.49,99,81.81
29.1,49.5,0.00,0.00,97,57.66,96,52.49,71,58.49,99,81.81
24.4,49.6,0.00,0.00,98,57.66,97,52.49,81,58.49,100,81.81
25.3,49.6,0.00,0.00,98,57.66,97,52.49,81,58.49,100,81.81
27.1,44.9,0.00,0.00,97,57.66,54,30.31,48,30.72,100,81.81
31.0,39.2,0.00,0.00,97,57.66,98,30.31,91,30.72,100,81.81
25.4,39.2,0.00,0.00,98,57.66,99,30.31,75,30.72,100,81.81
27.2,39.2,0.00,0.00,98,57.66,98,30.31,75,30.72,100,81.81
26.1,39.2,0.00,0.00,97,57.66,98,30.31,74,30.72,100,81.81
28.5,39.2,0.00,0.00,98,57.66,98,30.31,72,30.72,100,81.81
28.2,39.2,0.00,0.00,98,57.66,98,30.31,70,30.72,99,81.81
28.3,39.2,0.00,0.00,98,57.66,98,30.31,72,30.72,100,81.81
24.8,38.2,0.00,0.00,73,57.66,98,30.31,70,30.72,100,81.81
31.2,38.4,0.00,0.00,98,57.66,98,30.31,63,30.72,100,81.81
31.4,38.6,0.00,0.00,98,57.66,95,30.31,68,30.72,100,81.81
29.3,38.8,0.00,0.00,91,57.66,98,30.31,65,30.72,100,81.81
29.9,39.0,0.00,0.00,97,57.66,97,30.31,67,30.72,100,81.81
28.7,39.2,0.00,0.00,94,57.66,98,30.31,65,30.72,100,81.81
21.1,38.1,0.00,0.00,97,57.66,98,30.31,5,2.95,100,81.81
22.9,34.2,0.00,0.00,94,57.66,96,30.31,0,2.95,99,81.81
71.5,33.7,0.00,0.00,98,57.66,0,30.31,0,2.95,99,81.81
17.7,34.6,0.00,0.00,94,57.66,0,30.31,0,10.59,100,81.81
18.9,37.9,0.00,0.00,98,57.66,0,30.31,6,22.11,100,81.81
17.6,41.7,0.00,0.00,98,57.66,0,30.31,8,39.84,100,81.81
15.6,42.2,0.00,0.00,96,57.66,0,30.31,0,39.84,100,81.81
22.2,42.5,0.00,0.00,97,57.66,95,30.31,0,39.84,99,81.81
22.1,42.7,0.00,0.00,95,57.66,99,30.31,0,39.84,100,81.81
22.1,43.0,0.00,0.00,94,57.66,98,30.31,0,39.84,100,81.81
30.3,38.1,0.00,0.00,98,30.31,98,30.31,94,48.75,100,81.81
28.7,38.4,0.00,0.00,95,30.31,95,30.31,97,48.75,100,81.81
37.9,38.6,0.00,0.00,95,30.31,97,30.31,98,48.75,80,81.81
76.2,37.8,0.00,0.00,96,30.31,96,30.31,94,48.75,90,81.81
32.2,38.2,0.00,0.00,92,30.31,94,30.31,92,48.75,93,81.81
30.6,38.6,0.00,0.00,95,30.31,97,30.31,94,48.75,88,81.81
32.0,38.8,0.00,0.00,95,30.31,97,30.31,96,48.75,86,81.81
93.7,39.0,0.00,0.00,95,30.31,98,30.31,97,48.75,91,81.81
28.0,39.1,0.00,0.00,98,30.31,98,30.31,98,48.75,95,81.81
28.9,39.1,0.00,0.00,97,30.31,98,30.31,99,48.75,94,81.81
27.5,39.1,0.00,0.00,98,30.31,98,30.31,97,48.75,91,81.81
31.2,39.1,0.00,0.00,97,30.31,98,30.31,98,48.75,91,81.81
27.4,38.1,0.00,0.00,98,30.31,69,2.95,98,48.75,95,81.81
20.3,34.0,0.00,0.00,98,30.31,0,2.95,98,48.75,96,81.81
20.1,34.0,0.00,0.00,98,30.31,0,2.95,98,48.75,92,81.81
9.8,29.3,0.00,0.00,98,2.95,0,2.95,81,57.66,91,81.81
14.2,28.0,0.00,0.00,2,2.95,0,2.95,97,57.66,93,81.81
14.3,28.2,0.00,0.00,0,2.95,0,2.95,97,57.66,82,81.81
21.7,29.1,0.00,0.00,0,2.95,0,2.95,93,57.66,80,81.81
99.8,30.2,0.00,0.00,0,2.95,0,2.95,92,57.66,81,81.81
34.7,31.2,0.00,0.00,0,3.07,0,4.73,98,63.81,95,81.81
24.5,39.1,0.00,0.00,8,14.64,10,16.89,97,75.19,93,81.81
24.6,49.4,0.00,0.00,10,25.56,9,26.8,97,86.18,95,81.81
17.2,53.2,0.00,0.00,13,40.03,12,40.03,94,86.2,87,81.81
17.6,53.8,0.00,0.00,0,40.03,0,40.03,98,86.2,88,81.81
16.0,54.5,0.00,0.00,0,40.03,0,40.03,61,86.2,88,81.81
16.7,55.0,0.00,0.00,0,40.03,0,40.03,17,86.2,81,81.81
13.9,55.6,0.00,0.00,0,40.03,0,40.03,23,86.2,71,81.81
15.8,56.1,0.00,0.00,0,48.95,0,48.95,36,90.33,55,81.81
16.8,56.7,0.00,0.00,66,48.95,43,48.95,39,90.33,64,81.81
91.6,57.2,0.00,0.00,86,48.95,88,48.95,99,90.33,87,81.81
29.4,57.7,0.00,0.00,98,48.95,99,48.95,99,90.33,88,81.81
29.3,58.3,0.00,0.00,97,48.95,98,48.95,100,90.33,92,81.81
29.1,58.9,0.00,0.00,97,48.95,99,48.95,98,90.33,88,81.81
25.5,59.5,0.00,0.00,99,48.95,99,48.95,100,90.33,94,81.81
23.1,59.5,0.00,0.00,100,48.95,100,48.95,100,90.33,96,81.81
22.5,59.5,0.00,0.00,100,48.95,100,48.95,100,90.33,95,81.81
25.3,58.6,0.00,0.00,99,48.95,99,48.95,95,90.33,93,81.81
25.5,58.8,0.00,0.00,99,48.95,99,48.95,100,90.33,92,81.81
59.8,58.9,0.00,0.00,99,48.95,99,48.95,100,90.33,90,81.81
25.6,59.2,0.00,0.00,99,48.95,99,48.95,100,90.33,94,81.81
25.6,59.4,0.00,0.00,98,48.95,99,48.95,100,90.33,91,81.81
21.9,59.5,0.00,0.00,99,48.95,99,48.95,100,90.33,95,81.81
21.7,59.5,0.00,0.00,99,48.95,100,48.95,100,90.33,96,81.81
22.9,59.5,0.00,0.00,99,48.95,100,48.95,100,90.33,95,81.81
23.0,59.5,0.00,0.00,99,48.95,100,48.95,100,90.33,95,81.81
22.3,59.5,0.00,0.00,99,48.95,100,48.95,100,90.33,96,81.81
22.7,59.5,0.00,0.00,99,48.95,99,48.95,100,90.33,94,81.81
21.7,59.5,0.00,0.00,100,48.95,99,48.95,100,90.33,94,81.81
22.4,59.5,0.00,0.00,99,48.95,99,48.95,100,90.33,94,81.81
22.0,59.5,0.00,0.00,100,48.95,99,48.95,100,90.33,93,81.81
33.6,57.8,0.00,0.00,61,58.22,99,58.22,100,90.33,87,81.81
35.3,58.2,0.00,0.00,99,58.22,99,58.22,100,90.33,86,81.81
32.3,58.6,0.00,0.00,98,58.22,99,58.22,100,90.33,91,81.81
96.2,58.9,0.00,0.00,99,58.22,98,58.22,100,90.33,92,81.81
34.8,59.3,0.00,0.00,99,58.22,99,58.22,99,90.33,93,81.81
25.7,59.5,0.00,0.00,100,58.22,100,58.22,100,90.33,94,81.81
25.7,59.5,0.00,0.00,99,58.22,99,58.22,100,90.33,96,81.81
26.9,59.5,0.00,0.00,99,58.22,100,58.22,100,90.33,94,81.81
30.9,59.3,0.00,0.00,99,58.22,100,58.22,95,90.33,90,81.81
29.7,58.8,0.00,0.00,100,58.22,100,58.22,100,90.33,92,81.81
29.7,59.0,0.00,0.00,100,58.22,99,58.22,100,90.33,90,81.81
35.7,59.2,0.00,0.00,100,58.25,100,58.25,99,90.33,51,57.23
33.1,52.7,0.00,0.00,74,58.25,97,58.25,99,90.33,99,57.23
28.3,53.1,0.00,0.00,99,58.25,97,58.25,99,90.33,99,57.23
26.3,53.5,0.00,0.00,99,58.25,99,58.25,100,90.33,99,57.23
40.4,54.0,0.00,0.00,99,58.25,97,58.25,100,90.33,99,57.23
23.3,54.4,0.00,0.00,99,58.25,99,58.25,100,90.33,100,57.23
22.0,54.4,0.00,0.00,100,58.25,100,58.25,100,90.33,100,57.23
24.2,54.4,0.00,0.00,100,58.25,100,58.25,100,90.33,100,57.23
23.1,54.4,0.00,0.00,100,58.25,100,58.25,100,90.33,100,57.23
21.3,54.4,0.00,0.00,100,58.25,100,58.25,100,90.33,100,57.23
21.8,54.4,0.00,0.00,100,58.25,100,58.25,100,90.33,100,57.23
22.2,54.4,0.00,0.00,100,58.25,99,58.25,100,90.33,100,57.23
22.5,54.4,0.00,0.00,100,58.25,100,58.25,100,90.33,99,57.23
22.7,54.4,0.00,0.00,100,58.25,100,58.25,100,90.33,100,57.23
21.8,54.4,0.00,0.00,99,58.25,100,58.25,100,90.33,100,57.23
23.0,54.4,0.00,0.00,100,58.25,100,58.25,100,90.33,100,57.23
25.5,53.4,0.00,0.00,100,58.25,99,58.25,99,94.45,100,57.23
23.4,53.6,0.00,0.00,99,58.25,99,58.25,100,94.45,99,57.23
23.4,53.8,0.00,0.00,99,58.25,99,58.25,99,94.45,100,57.23
23.8,54.0,0.00,0.00,99,58.25,99,58.25,100,94.45,100,57.23
95.5,54.3,0.00,0.00,99,58.25,99,58.25,97,94.45,100,57.23
97.3,53.6,0.00,0.00,99,58.25,99,58.25,100,94.45,100,57.23
29.4,52.5,0.00,0.00,76,58.05,82,30.79,100,94.45,100,57.23
27.9,43.9,0.00,0.00,99,30.79,99,30.79,100,94.45,99,57.23
53.6,44.1,0.00,0.00,99,30.79,99,30.79,100,94.45,99,57.23
29.5,44.2,0.00,0.00,99,30.79,99,30.79,100,94.45,100,57.23
26.7,44.2,0.00,0.00,100,30.79,99,30.79,100,94.45,100,57.23
25.7,44.3,0.00,0.00,100,30.79,99,30.79,100,94.45,100,57.23
25.6,44.2,0.00,0.00,99,30.79,99,30.79,100,94.45,100,57.23
26.7,44.2,0.00,0.00,99,30.79,100,30.79,100,94.45,100,57.23
26.9,44.2,0.00,0.00,99,30.79,99,30.79,100,94.45,100,57.23
26.9,44.2,0.00,0.00,99,30.79,99,30.79,100,94.45,100,57.23
24.9,44.2,0.00,0.00,100,30.79,100,30.79,100,94.45,100,57.23
25.1,44.2,0.00,0.00,99,30.79,100,30.79,100,94.45,100,57.23
15.9,34.3,0.00,0.00,71,2.95,5,2.95,100,94.45,100,57.23
13.9,34.0,0.00,0.00,0,2.95,0,2.95,100,94.45,100,57.23
13.4,34.0,0.00,0.00,0,2.95,0,2.95,100,94.45,100,57.23
13.6,34.0,0.00,0.00,0,2.95,0,2.95,100,94.45,100,57.23
13.7,34.0,0.00,0.00,0,2.95,0,2.95,100,94.45,100,57.23
18.2,34.2,0.00,0.00,0,2.95,0,2.95,99,94.45,100,57.23
17.7,34.6,0.00,0.00,0,2.95,0,2.95,99,94.45,100,57.23
17.7,34.9,0.00,0.00,0,6.17,0,2.95,100,94.45,100,57.23
17.3,38.3,0.00,0.00,6,18.5,0,2.95,100,94.45,100,57.23
18.6,42.0,0.00,0.00,8,31.49,0,2.95,98,67.1,100,57.23
36.1,37.2,0.00,0.00,0,31.49,0,2.95,100,67.1,100,57.23
67.0,37.4,0.00,0.00,0,31.49,0,2.95,100,67.1,100,57.23
15.5,37.6,0.00,0.00,0,31.49,0,2.95,100,67.1,100,57.23
14.7,37.8,0.00,0.00,0,31.49,0,2.95,99,67.1,99,57.23
22.5,38.2,0.00,0.00,8,39.35,0,2.95,99,67.1,100,57.23
86.4,38.4,0.00,0.00,93,39.35,0,2.95,99,67.1,100,57.23
24.3,38.6,0.00,0.00,94,39.35,0,2.95,100,67.1,100,57.23
21.0,38.8,0.00,0.00,92,39.35,0,2.95,100,67.1,100,57.23
22.1,39.0,0.00,0.00,93,39.35,0,2.95,100,67.1,99,57.23
20.7,39.2,0.00,0.00,95,39.35,0,2.95,100,67.1,100,57.23
20.9,39.2,0.00,0.00,95,39.35,0,2.95,100,67.1,100,57.23
21.4,39.2,0.00,0.00,94,39.35,0,2.95,100,67.1,100,57.23
20.3,39.2,0.00,0.00,95,39.35,0,2.95,100,67.1,100,57.23
20.3,39.2,0.00,0.00,93,39.35,0,2.95,100,67.1,100,57.23
20.5,39.2,0.00,0.00,94,39.35,0,2.95,100,67.1,99,57.23
20.7,39.2,0.00,0.00,94,39.35,0,2.95,100,67.1,100,57.23
20.0,39.2,0.00,0.00,94,39.35,0,2.95,100,67.1,100,57.23
21.1,39.2,0.00,0.00,95,39.35,0,2.95,100,67.1,99,57.23
21.1,39.2,0.00,0.00,95,39.35,0,2.95,100,67.1,99,57.23
22.0,39.2,0.00,0.00,94,39.35,0,2.95,100,67.1,100,57.23
20.2,39.2,0.00,0.00,95,39.35,0,2.95,100,67.1,100,57.23
23.0,38.2,0.00,0.00,59,47.26,0,2.95,100,67.1,100,57.23
25.9,38.4,0.00,0.00,93,47.26,0,2.95,88,39.74,100,57.23
15.0,33.5,0.00,0.00,94,47.26,0,2.95,48,39.74,99,57.23
32.2,32.9,0.00,0.00,91,47.26,0,2.95,84,39.74,100,57.23
20.6,33.3,0.00,0.00,92,47.26,0,2.95,87,39.74,99,57.23
18.4,33.7,0.00,0.00,93,47.26,0,2.95,87,39.74,100,57.23
25.2,34.1,0.00,0.00,95,47.26,0,2.95,80,39.74,99,57.23
23.9,34.8,0.00,0.00,87,47.26,0,2.95,81,39.74,72,57.04
21.6,30.9,0.00,0.00,88,47.26,0,2.95,89,39.74,5,2.95
21.4,34.3,0.00,0.00,96,47.26,4,15.28,89,39.74,0,2.95
22.1,38.5,0.00,0.00,95,50.4,6,26.73,94,46.15,0,2.95
19.8,43.8,0.00,0.00,95,56.43,11,39.84,90,51.91,0,2.95
20.0,45.3,0.00,0.00,94,73.18,0,39.84,90,65.66,0,2.95
95.0,46.0,0.00,0.00,88,73.18,0,39.84,85,65.66,0,2.95
71.6,46.6,0.00,0.00,90,73.18,0,39.84,86,65.66,0,2.95
19.4,47.3,0.00,0.00,92,73.18,0,40.08,86,65.66,0,2.95
28.7,48.1,0.00,0.00,90,73.18,53,49.12,87,65.66,0,2.95
99.0,48.7,0.00,0.00,89,96.3,66,49.12,100,94.12,0,2.95
25.4,48.9,0.00,0.00,100,96.3,79,49.12,100,94.12,0,2.95
26.7,49.1,0.00,0.00,100,96.3,82,49.12,100,94.12,0,2.95
38.2,49.3,0.00,0.00,100,96.3,81,49.12,100,94.12,0,2.95
19.8,48.5,0.00,0.00,100,96.35,85,49.12,100,94.12,0,2.95
24.5,48.7,0.00,0.00,100,96.35,81,49.12,100,94.12,0,2.95
59.5,48.8,0.00,0.00,100,96.35,78,49.12,100,94.12,0,2.95
23.7,49.1,0.00,0.00,100,96.35,83,49.12,100,94.12,0,2.95
24.0,49.3,0.00,0.00,100,96.35,80,49.12,100,94.12,0,2.95
21.8,49.5,0.00,0.00,100,96.35,80,49.12,100,94.12,0,2.95
21.0,49.0,0.00,0.00,100,96.35,72,58.44,100,94.12,0,2.95
44.4,48.6,0.00,0.00,100,96.35,89,58.44,100,94.12,0,2.95
25.5,48.9,0.00,0.00,100,96.35,87,58.44,100,94.12,0,2.95
25.1,49.1,0.00,0.00,100,96.35,83,58.44,100,94.12,0,2.95
25.1,49.3,0.00,0.00,100,96.35,83,58.44,100,94.12,0,2.95
23.9,49.5,0.00,0.00,100,96.35,87,58.44,100,94.12,0,2.95
22.1,49.5,0.00,0.00,100,96.35,92,58.44,100,94.12,0,2.95
22.2,49.5,0.00,0.00,100,96.35,91,58.44,100,94.12,0,2.95
21.1,49.5,0.00,0.00,100,96.35,86,58.44,100,94.12,0,2.95
20.7,49.5,0.00,0.00,100,96.35,91,58.44,100,94.12,0,2.95
20.4,49.5,0.00,0.00,100,96.35,92,58.44,100,94.12,0,2.95
19.7,49.5,0.00,0.00,100,96.35,68,58.49,100,94.12,0,2.95
36.5,47.8,0.00,0.00,100,96.35,77,58.49,100,94.12,0,2.95
27.3,48.3,0.00,0.00,100,96.35,81,58.49,100,94.12,0,2.95
26.6,48.7,0.00,0.00,100,96.35,76,58.49,100,94.12,0,2.95
44.3,49.2,0.00,0.00,100,96.35,83,58.49,100,94.12,0,2.95
20.5,49.5,0.00,0.00,100,96.35,74,58.49,100,94.12,0,2.95
22.2,49.5,0.00,0.00,100,96.35,96,58.49,100,94.12,0,2.95
23.3,49.5,0.00,0.00,100,96.35,94,58.49,100,94.12,0,2.95
24.2,49.5,0.00,0.00,100,96.35,95,58.49,100,94.12,0,2.95
23.1,49.5,0.00,0.00,100,96.35,95,58.49,100,94.12,0,2.95
23.1,49.5,0.00,0.00,100,96.35,91,58.49,100,94.12,0,2.95
23.4,49.5,0.00,0.00,100,96.35,94,58.49,100,94.12,0,2.95
25.6,48.6,0.00,0.00,100,96.35,89,58.49,100,94.12,0,2.95
22.6,48.8,0.00,0.00,100,96.35,82,58.49,100,94.12,0,2.95
24.6,49.0,0.00,0.00,100,96.35,89,58.49,100,94.12,0,2.95
32.8,49.2,0.00,0.00,100,96.35,92,58.49,100,94.12,0,2.95
24.9,49.4,0.00,0.00,100,96.35,87,58.49,100,94.12,0,2.95
24.0,49.5,0.00,0.00,100,96.35,95,58.49,100,94.12,0,2.95
23.3,49.5,0.00,0.00,100,96.35,94,58.49,100,94.12,0,2.95
23.4,49.5,0.00,0.00,100,96.35,91,58.49,100,94.12,0,2.95
21.3,49.5,0.00,0.00,100,96.35,94,58.49,100,94.12,0,2.95
21.4,49.5,0.00,0.00,100,96.35,95,58.49,100,94.12,0,2.95
21.3,49.5,0.00,0.00,100,96.35,96,58.49,100,94.12,0,2.95
24.7,48.5,0.00,0.00,100,96.35,50,58.49,100,94.12,0,2.95
25.5,48.7,0.00,0.00,100,96.35,84,58.49,100,94.12,0,2.95
25.3,48.9,0.00,0.00,100,96.35,87,58.49,100,94.12,0,2.95
25.4,49.1,0.00,0.00,100,96.35,90,58.49,100,94.12,0,2.95
25.2,49.4,0.00,0.00,100,96.35,91,58.49,100,94.12,0,2.95
20.9,49.5,0.00,0.00,100,96.35,96,58.49,100,94.12,0,2.95
22.1,49.5,0.00,0.00,100,96.35,90,58.49,100,94.12,0,2.95
22.2,49.5,0.00,0.00,100,96.35,98,58.49,100,94.12,0,2.95
22.1,49.5,0.00,0.00,100,96.35,95,58.49,100,94.12,0,2.95
21.0,49.5,0.00,0.00,100,96.35,93,58.49,100,94.12,0,2.95
25.5,49.0,0.00,0.00,100,96.35,93,58.49,100,94.12,0,2.95
95.0,48.7,0.00,0.00,100,96.35,77,58.49,100,94.12,0,2.95
26.3,48.0,0.00,0.00,100,96.35,87,58.49,100,94.12,0,2.95
20.1,48.6,0.00,0.00,100,96.35,11,58.49,100,94.12,0,2.95
18.5,48.7,0.00,0.00,100,96.35,15,58.49,100,94.12,0,2.95
19.6,49.1,0.00,0.00,100,96.35,11,58.49,100,94.12,0,2.95
18.0,49.4,0.00,0.00,100,96.35,9,58.49,100,94.12,0,2.95
17.3,49.5,0.00,0.00,100,96.35,16,58.49,100,94.12,0,2.95
18.4,49.6,0.00,0.00,100,96.35,29,58.49,100,94.12,0,2.95
17.3,49.6,0.00,0.00,100,96.35,11,58.49,100,94.12,0,2.95
17.5,49.6,0.00,0.00,100,96.35,9,58.49,100,94.12,0,2.95
14.5,49.6,0.00,0.00,100,96.35,16,58.49,100,94.12,0,2.95
15.0,49.6,0.00,0.00,100,96.35,19,58.49,100,94.12,0,2.95
23.4,49.5,0.00,0.00,100,96.35,88,58.49,100,94.12,0,2.95
22.7,49.5,0.00,0.00,100,96.35,81,58.49,100,94.12,0,2.95
23.2,49.5,0.00,0.00,100,96.35,86,58.49,100,94.12,0,2.95
21.3,49.5,0.00,0.00,100,96.35,88,58.49,100,94.12,0,2.95
22.5,49.5,0.00,0.00,100,96.35,89,58.49,100,94.12,0,2.95
22.9,49.5,0.00,0.00,100,96.35,89,58.49,100,94.12,0,2.95
23.0,49.5,0.00,0.00,100,96.35,87,58.49,100,94.12,0,2.95
22.5,49.5,0.00,0.00,100,96.35,87,58.49,100,94.12,0,2.95
25.7,48.6,0.00,0.00,100,96.35,90,58.49,100,94.12,0,2.95
24.8,48.8,0.00,0.00,100,96.35,83,58.49,100,94.12,0,2.95
23.5,49.0,0.00,0.00,100,96.35,84,58.49,100,94.12,0,2.95
100.0,49.2,0.00,0.00,100,96.35,84,58.49,100,94.12,0,2.95
26.0,48.5,0.00,0.00,100,96.35,84,58.49,100,94.12,0,2.95
24.4,48.9,0.00,0.00,100,96.35,80,58.49,100,94.12,0,2.95
23.9,49.1,0.00,0.00,100,96.35,88,58.49,100,94.12,0,2.95
23.4,49.4,0.00,0.00,100,96.35,87,58.49,100,94.12,0,2.95
22.2,49.5,0.00,0.00,100,96.35,91,58.49,100,94.12,0,2.95
22.3,49.5,0.00,0.00,100,96.35,97,58.49,100,94.12,0,2.95
22.2,49.5,0.00,0.00,100,96.35,93,58.49,100,94.12,0,2.95
21.0,49.5,0.00,0.00,100,96.35,95,58.49,90,94.12,0,2.95
29.0,47.0,0.00,0.00,95,96.35,73,58.49,83,94.12,0,2.95
32.9,47.6,0.00,0.00,89,96.35,70,58.49,77,94.12,0,2.95
65.6,48.2,0.00,0.00,93,96.35,70,58.49,75,94.12,0,2.95
45.6,48.8,0.00,0.00,91,96.35,72,58.49,78,94.12,0,2.95
36.1,49.4,0.00,0.00,92,96.35,77,58.49,98,94.12,0,2.95
23.0,49.5,0.00,0.00,100,96.35,98,58.49,100,94.12,0,2.95
22.3,49.5,0.00,0.00,100,96.35,95,58.49,100,94.12,0,2.95
23.5,49.5,0.00,0.00,100,96.35,91,58.49,100,94.12,0,2.95
23.1,49.5,0.00,0.00,100,96.35,90,58.49,100,94.12,0,2.95
24.6,49.5,0.00,0.00,100,96.35,94,58.49,100,94.12,0,2.95
21.6,49.5,0.00,0.00,100,96.35,93,58.49,100,94.12,0,2.95
23.7,48.6,0.00,0.00,100,96.35,84,58.49,100,94.12,0,2.95
54.3,47.9,0.00,0.00,100,96.35,89,58.49,100,94.12,0,2.95
66.1,48.3,0.00,0.00,100,96.35,81,58.49,100,94.12,0,2.95
26.8,48.8,0.00,0.00,100,96.35,81,58.49,100,94.12,0,2.95
30.0,49.2,0.00,0.00,100,96.35,79,58.49,100,94.12,0,2.95
32.8,49.5,0.00,0.00,100,96.35,86,58.49,100,94.12,0,2.95
22.9,49.5,0.00,0.00,100,96.35,93,58.49,100,94.12,0,2.95
23.0,49.5,0.00,0.00,100,96.35,92,58.49,100,94.12,0,2.95
21.7,49.5,0.00,0.00,100,96.35,98,58.49,100,94.12,0,2.95
22.7,49.5,0.00,0.00,100,96.35,98,58.49,100,94.12,0,2.95
24.3,49.5,0.00,0.00,100,96.35,99,58.49,100,94.12,0,2.95
23.0,49.5,0.00,0.00,100,96.35,98,58.49,100,94.12,0,2.95
22.0,49.5,0.00,0.00,100,96.35,95,30.72,100,94.12,0,2.95
25.2,44.3,0.00,0.00,100,96.35,99,30.72,100,94.12,0,2.95
22.1,44.3,0.00,0.00,100,96.35,89,30.72,100,94.12,0,2.95
23.0,44.3,0.00,0.00,100,96.35,92,30.72,100,94.12,0,2.95
21.3,44.3,0.00,0.00,100,96.35,91,30.72,100,94.12,0,2.95
22.9,44.3,0.00,0.00,100,96.35,93,30.72,100,94.12,0,2.95
20.8,44.3,0.00,0.00,100,96.35,94,30.72,100,94.12,0,2.95
21.2,44.3,0.00,0.00,100,96.35,95,30.72,100,94.12,0,2.95
24.6,44.3,0.00,0.00,100,96.35,90,30.72,100,94.12,0,2.95
23.6,44.3,0.00,0.00,100,96.35,97,30.72,100,94.12,0,2.95
22.9,44.3,0.00,0.00,100,96.35,95,30.72,100,94.12,0,2.95
18.9,44.3,0.00,0.00,100,96.35,71,30.53,100,94.12,0,2.95
14.6,39.1,0.00,0.00,100,96.35,0,2.95,100,94.12,0,2.95
11.9,39.1,0.00,0.00,100,96.35,0,2.95,100,94.12,0,2.95
12.4,39.1,0.00,0.00,100,96.35,0,2.95,100,94.12,0,2.95
17.9,39.1,0.00,0.00,100,96.35,0,2.95,100,94.12,0,2.95
57.9,38.3,0.00,0.00,100,96.35,0,2.95,100,94.12,0,2.95
42.4,38.8,0.00,0.00,100,96.35,0,2.95,100,94.12,0,2.95
34.2,39.4,0.00,0.00,100,96.35,0,2.95,100,94.12,0,2.95
17.8,40.6,0.00,0.00,100,96.35,1,10.15,100,94.12,0,2.95
16.0,44.1,0.00,0.00,100,96.35,15,21.6,100,94.12,0,2.95
18.7,47.6,0.00,0.00,100,96.35,25,39.84,100,94.12,0,2.95
25.4,47.4,0.00,0.00,100,96.35,0,39.84,100,94.12,0,2.95
16.1,47.6,0.00,0.00,100,96.35,0,39.84,100,94.12,0,2.95
15.6,47.8,0.00,0.00,100,96.35,0,39.84,100,94.12,0,2.95
16.5,48.1,0.00,0.00,100,96.35,0,39.84,100,94.12,0,2.95
23.7,48.4,0.00,0.00,100,96.35,86,48.75,100,94.12,0,2.95
24.8,48.6,0.00,0.00,100,96.35,97,48.75,100,94.12,0,2.95
36.2,48.9,0.00,0.00,100,96.35,98,48.75,100,94.12,0,2.95
22.4,49.1,0.00,0.00,100,96.35,95,48.75,100,94.12,0,2.95
26.5,49.3,0.00,0.00,100,96.35,99,48.75,100,94.12,0,2.95
21.1,49.3,0.00,0.00,100,96.35,99,48.75,100,94.12,0,2.95
20.3,49.3,0.00,0.00,100,96.35,99,48.75,100,94.12,0,2.95
20.0,49.3,0.00,0.00,100,96.35,99,48.75,100,94.12,0,2.95
21.1,49.3,0.00,0.00,100,96.35,99,48.75,100,94.12,0,2.95
21.6,49.3,0.00,0.00,100,96.35,99,48.75,100,94.12,0,2.95
21.8,49.3,0.00,0.00,100,96.35,99,48.75,100,94.12,0,2.95
20.6,49.3,0.00,0.00,100,96.35,99,48.75,100,94.12,0,2.95
35.7,48.4,0.00,0.00,100,96.35,97,48.75,100,94.12,0,2.95
22.6,48.6,0.00,0.00,100,96.35,96,48.75,100,94.12,0,2.95
22.8,48.8,0.00,0.00,100,96.35,98,48.75,100,94.12,0,2.95
64.9,48.1,0.00,0.00,100,96.35,45,57.66,100,94.12,0,2.95
25.8,48.5,0.00,0.00,100,96.35,93,57.66,100,94.12,0,2.95
22.7,48.8,0.00,0.00,100,96.35,97,57.66,100,94.12,0,2.95
23.3,49.0,0.00,0.00,100,96.35,97,57.66,100,94.12,0,2.95
23.7,49.2,0.00,0.00,100,96.35,97,57.66,100,94.12,0,2.95
22.2,49.3,0.00,0.00,100,96.35,99,57.66,100,94.12,0,2.95
22.4,49.3,0.00,0.00,100,96.35,98,57.66,100,94.12,0,2.95
23.1,49.3,0.00,0.00,100,96.35,98,57.66,100,94.12,0,2.95
21.7,49.3,0.00,0.00,100,96.35,98,57.66,100,94.12,0,2.95
21.3,49.3,0.00,0.00,100,96.35,99,57.66,100,94.12,0,2.95
22.9,49.3,0.00,0.00,100,96.35,98,57.66,100,94.12,0,2.95
21.3,49.3,0.00,0.00,100,96.35,98,57.66,100,94.12,0,2.95
20.0,49.3,0.00,0.00,100,96.35,99,57.66,100,94.12,0,2.95
19.8,49.3,0.00,0.00,100,96.35,98,57.66,100,94.12,0,2.95
20.1,49.3,0.00,0.00,100,96.35,99,57.66,100,94.12,0,2.95
21.2,49.3,0.00,0.00,100,96.35,91,57.66,100,94.12,0,2.95
24.1,48.5,0.00,0.00,100,96.35,96,57.66,100,94.12,0,2.95
24.1,48.7,0.00,0.00,100,96.35,97,57.66,100,94.12,0,2.95
22.1,49.0,0.00,0.00,100,96.35,96,57.66,100,94.12,0,2.95
22.6,49.2,0.00,0.00,100,96.35,98,57.66,100,94.12,0,2.95
21.5,49.3,0.00,0.00,100,96.35,98,57.66,100,94.12,0,2.95
21.4,49.3,0.00,0.00,100,96.35,99,57.66,100,94.12,0,2.95
22.5,49.3,0.00,0.00,100,96.35,98,57.66,100,94.12,0,2.95
21.6,49.3,0.00,0.00,100,96.35,98,57.66,100,94.12,0,2.95
22.2,49.4,0.00,0.00,100,96.35,98,57.66,100,94.12,0,2.95
21.0,49.4,0.00,0.00,100,96.35,98,57.66,100,94.12,0,2.95
21.4,49.4,0.00,0.00,100,96.35,98,57.66,100,94.12,0,2.95
18.4,49.3,0.00,0.00,100,96.35,98,57.66,100,94.12,0,2.95
26.8,39.1,0.00,0.00,95,47.31,97,57.66,82,39.74,0,2.95
22.6,38.6,0.00,0.00,94,47.31,96,57.66,85,39.74,0,2.95
52.6,38.8,0.00,0.00,94,47.31,96,57.66,88,39.74,0,2.95
21.5,39.0,0.00,0.00,93,47.31,96,57.66,88,39.74,0,2.95
23.3,34.1,0.00,0.00,90,47.31,98,30.31,85,39.74,0,2.95
21.1,34.1,0.00,0.00,95,47.31,98,30.31,85,39.74,0,2.95
21.9,34.4,0.00,0.00,95,47.31,96,30.31,79,39.74,0,2.95
29.3,33.9,0.00,0.00,77,47.31,91,30.31,76,39.74,0,2.95
26.9,34.4,0.00,0.00,93,47.31,97,30.31,79,39.74,3,14.64
26.7,37.9,0.00,0.00,94,47.31,95,30.31,83,39.74,6,25.68
72.9,41.4,0.00,0.00,94,47.31,98,30.31,86,39.74,3,31.49
24.2,42.5,0.00,0.00,92,47.31,98,30.31,87,39.74,0,31.49
22.7,42.7,0.00,0.00,93,47.31,98,30.31,86,39.74,0,31.49
24.6,42.9,0.00,0.00,94,47.31,97,30.31,82,39.74,0,31.49
24.7,43.1,0.00,0.00,92,47.31,97,30.31,86,39.74,18,35.62
28.1,43.4,0.00,0.00,92,47.31,98,30.31,84,39.74,81,35.62
31.7,43.6,0.00,0.00,93,47.31,96,30.31,84,39.74,78,35.62
65.5,43.8,0.00,0.00,94,47.31,94,30.31,81,39.74,80,35.62
31.3,44.0,0.00,0.00,94,47.31,92,30.31,78,39.74,80,35.62
31.4,44.2,0.00,0.00,92,47.31,93,30.31,80,39.74,77,35.62
22.7,39.7,0.00,0.00,95,47.31,32,2.95,87,39.74,80,35.62
18.8,39.3,0.00,0.00,95,47.31,0,2.95,88,39.74,79,35.62
23.0,39.5,0.00,0.00,91,47.31,0,2.95,81,39.74,79,35.62
23.6,39.9,0.00,0.00,92,47.31,0,2.95,87,39.74,82,35.62
27.3,39.7,0.00,0.00,94,47.31,0,8.3,85,39.74,81,35.62
83.2,43.1,0.00,0.00,93,47.31,9,19.38,83,39.74,75,35.62
88.3,45.8,0.00,0.00,61,47.31,8,39.84,80,39.74,78,35.62
25.1,46.7,0.00,0.00,90,47.31,0,39.84,77,39.74,80,35.62
24.5,47.3,0.00,0.00,90,47.31,0,39.84,84,39.74,80,35.62
23.5,47.8,0.00,0.00,92,47.31,0,39.84,83,39.74,78,35.62
21.1,48.2,0.00,0.00,92,47.31,0,39.84,87,39.74,81,35.62
25.8,48.4,0.00,0.00,93,47.31,0,49.12,87,39.74,81,35.62
37.6,48.7,0.00,0.00,94,47.31,74,49.12,80,39.74,77,35.62
29.3,48.9,0.00,0.00,93,47.31,63,49.12,82,39.74,82,35.62
31.9,49.1,0.00,0.00,91,47.31,62,49.12,85,39.74,81,35.62
60.5,49.3,0.00,0.00,88,47.31,65,49.12,84,39.74,85,35.62
26.6,49.5,0.00,0.00,94,47.31,57,49.12,82,39.74,81,35.62
27.2,49.6,0.00,0.00,94,47.31,68,49.12,83,39.74,44,39.74
29.1,48.8,0.00,0.00,95,47.31,63,49.12,83,39.74,78,39.74
35.6,49.0,0.00,0.00,96,47.31,63,49.12,80,39.74,77,39.74
28.5,49.1,0.00,0.00,93,47.31,59,49.12,84,39.74,79,39.74
31.8,49.3,0.00,0.00,93,47.31,59,49.12,83,39.74,82,39.74
31.0,49.5,0.00,0.00,93,47.31,68,49.12,83,39.74,77,39.74
29.4,49.6,0.00,0.00,93,47.31,76,49.12,85,39.74,82,39.74
26.8,48.7,0.00,0.00,88,47.31,78,49.12,85,39.74,81,39.74
28.8,48.8,0.00,0.00,94,47.31,74,49.12,80,39.74,81,39.74
78.5,48.0,0.00,0.00,92,47.31,33,58.44,83,39.74,83,39.74
31.8,48.4,0.00,0.00,92,47.31,55,58.44,82,39.74,81,39.74
47.9,47.9,0.00,0.00,93,47.31,63,58.44,76,39.74,81,39.74
34.3,48.5,0.00,0.00,92,47.31,45,58.44,76,39.74,82,39.74
32.8,48.9,0.00,0.00,94,47.31,59,58.44,82,39.74,83,39.74
31.1,49.3,0.00,0.00,92,47.31,55,58.44,84,39.74,84,39.74
30.2,49.6,0.00,0.00,93,47.31,61,58.44,84,39.74,80,39.74
29.3,49.7,0.00,0.00,95,47.31,62,58.44,84,39.74,83,39.74
23.7,49.7,0.00,0.00,95,47.31,63,58.44,85,39.74,84,39.74
28.7,49.7,0.00,0.00,95,47.31,76,58.44,82,39.74,85,39.74
27.7,49.7,0.00,0.00,95,47.31,72,58.44,85,39.74,85,39.74
27.4,49.7,0.00,0.00,96,47.31,71,58.44,85,39.74,85,39.74
28.7,49.7,0.00,0.00,95,47.31,67,58.44,80,39.74,85,39.74
26.2,49.7,0.00,0.00,95,47.31,66,58.44,87,39.74,83,39.74
26.3,49.7,0.00,0.00,95,47.31,70,58.44,85,39.74,87,39.74
25.8,48.7,0.00,0.00,94,47.31,55,58.49,87,39.74,47,39.74
73.6,48.0,0.00,0.00,92,47.31,67,58.49,77,39.74,83,39.74
62.4,47.4,0.00,0.00,51,47.31,65,58.49,84,39.74,81,39.74
38.0,47.9,0.00,0.00,94,47.31,55,58.49,83,39.74,80,39.74
82.9,48.4,0.00,0.00,88,47.31,65,58.49,83,39.74,79,39.74
31.9,49.0,0.00,0.00,94,47.31,67,58.49,80,39.74,83,39.74
30.7,49.5,0.00,0.00,93,47.31,56,58.49,80,39.74,87,39.74
29.9,49.7,0.00,0.00,94,47.31,64,58.49,85,39.74,86,39.74
26.3,49.7,0.00,0.00,95,47.31,71,58.49,86,39.74,86,39.74
27.0,49.7,0.00,0.00,95,47.31,70,58.49,86,39.74,85,39.74
29.3,49.7,0.00,0.00,95,47.31,70,58.49,87,39.74,85,39.74
25.2,48.7,0.00,0.00,96,47.31,76,58.49,41,39.74,84,39.74
38.4,48.9,0.00,0.00,93,47.31,11,58.49,27,39.74,28,39.74
14.3,49.1,0.00,0.00,15,47.31,9,58.49,27,39.74,27,39.74
45.7,49.3,0.00,0.00,24,47.31,9,58.49,20,39.74,29,39.74
21.0,49.5,0.00,0.00,28,47.31,9,58.49,26,39.74,29,39.74
12.5,49.6,0.00,0.00,20,47.31,9,58.49,66,39.74,84,39.74
25.5,49.7,0.00,0.00,95,47.31,74,58.49,86,39.74,87,39.74
29.9,49.7,0.00,0.00,96,47.31,73,58.49,83,39.74,85,39.74
30.1,48.5,0.00,0.00,96,47.31,49,30.72,87,39.74,86,39.74
28.1,44.5,0.00,0.00,96,47.31,78,30.72,84,39.74,87,39.74
27.3,44.5,0.00,0.00,95,47.31,72,30.72,84,39.74,84,39.74
27.8,44.5,0.00,0.00,95,47.31,75,30.72,84,39.74,83,39.74
24.3,44.5,0.00,0.00,96,47.31,68,30.72,83,39.74,86,39.74
27.3,43.6,0.00,0.00,69,47.31,63,30.72,79,39.74,82,39.74
84.0,43.8,0.00,0.00,95,47.31,71,30.72,82,39.74,84,39.74
30.5,44.0,0.00,0.00,92,47.31,67,30.72,85,39.74,82,39.74
30.4,44.1,0.00,0.00,93,47.31,65,30.72,84,39.74,83,39.74
51.1,44.3,0.00,0.00,91,47.31,64,30.72,80,39.74,44,21.35
24.9,39.3,0.00,0.00,94,47.31,71,30.72,83,39.74,88,21.35
26.0,39.3,0.00,0.00,95,47.31,65,30.72,85,39.74,86,21.35
27.6,39.3,0.00,0.00,94,47.31,71,30.72,87,39.74,84,21.35
26.8,39.3,0.00,0.00,95,47.31,72,30.72,82,39.74,87,21.35
25.9,38.4,0.00,0.00,94,47.31,37,2.95,87,39.74,92,21.35
19.4,34.1,0.00,0.00,95,47.31,0,2.95,89,39.74,93,21.35
63.4,34.3,0.00,0.00,95,47.31,0,2.95,84,39.74,87,21.35
22.3,34.7,0.00,0.00,92,47.31,0,2.95,88,39.74,86,21.35
21.7,34.9,0.00,0.00,93,47.31,0,6.98,87,39.74,94,21.35
18.3,37.7,0.00,0.00,95,47.31,9,18.45,52,21.35,91,21.35
23.4,35.8,0.00,0.00,96,47.31,9,29.0,91,21.35,93,21.35
20.9,37.3,0.00,0.00,94,47.31,0,29.49,85,21.35,92,21.35
22.0,37.5,0.00,0.00,95,47.31,0,29.49,83,21.35,91,21.35
21.7,37.7,0.00,0.00,93,47.31,0,29.49,87,21.35,84,21.35
22.5,37.0,0.00,0.00,75,47.31,0,29.49,85,21.35,87,21.35
22.8,37.4,0.00,0.00,94,47.31,17,38.08,88,21.35,86,21.35
27.4,38.0,0.00,0.00,94,47.31,64,38.08,88,21.35,85,21.35
75.4,38.4,0.00,0.00,94,47.31,63,38.08,83,21.35,87,21.35
32.9,38.8,0.00,0.00,94,47.31,62,38.08,85,21.35,89,21.35
27.0,39.0,0.00,0.00,95,47.31,66,38.08,86,21.35,86,21.35
31.5,39.3,0.00,0.00,91,47.31,65,38.08,90,21.35,92,21.35
25.4,39.4,0.00,0.00,95,47.31,66,38.08,89,21.35,86,21.35
25.5,39.4,0.00,0.00,95,47.31,67,38.08,86,21.35,89,21.35
24.0,39.4,0.00,0.00,96,47.31,64,38.08,87,21.35,86,21.35
24.3,39.4,0.00,0.00,95,47.31,68,38.08,87,21.35,57,2.95
20.8,34.5,0.00,0.00,95,47.31,65,38.08,92,21.35,0,2.95
19.2,34.3,0.00,0.00,94,47.31,69,38.08,89,21.35,0,2.95
20.8,34.2,0.00,0.00,96,47.31,73,38.08,88,21.35,0,2.95
96.3,34.6,0.00,0.00,91,47.31,66,38.08,86,21.35,0,2.95
24.0,35.0,0.00,0.00,95,47.31,65,38.08,84,21.35,1,5.31
24.1,36.1,0.00,0.00,96,47.31,78,38.08,92,21.35,4,11.36
24.4,38.4,0.00,0.00,96,47.31,76,38.08,93,21.35,5,21.14
23.0,40.9,0.00,0.00,95,47.31,70,38.08,92,21.35,4,27.27
56.9,40.9,0.00,0.00,84,47.31,73,38.08,2,2.95,10,42.04
18.0,36.8,0.00,0.00,95,47.31,70,38.08,0,2.95,0,42.04
65.4,36.3,0.00,0.00,94,47.31,31,46.8,0,2.95,0,42.04
20.0,36.8,0.00,0.00,94,47.31,64,46.8,0,2.95,0,42.04
54.0,37.5,0.00,0.00,94,47.31,63,46.8,0,2.95,0,42.04
26.5,38.0,0.00,0.00,95,47.31,64,46.8,0,2.95,65,71.75
28.0,38.9,0.00,0.00,88,47.31,66,46.8,0,2.95,99,71.75
23.9,39.7,0.00,0.00,93,47.31,68,46.8,0,3.19,100,71.75
23.2,41.7,0.00,0.00,94,47.31,71,46.8,5,16.01,100,71.75
22.9,45.2,0.00,0.00,94,47.31,71,46.8,5,26.92,100,71.75
19.9,47.6,0.00,0.00,94,47.31,71,46.8,6,39.84,99,71.75
20.4,47.9,0.00,0.00,95,47.31,66,46.8,0,39.84,100,71.75
76.9,48.1,0.00,0.00,94,47.31,66,46.8,0,39.84,100,71.75
17.7,48.3,0.00,0.00,93,47.31,71,46.8,0,39.84,100,71.75
19.0,48.5,0.00,0.00,94,47.31,67,46.8,0,49.12,100,71.75
25.9,48.9,0.00,0.00,95,47.31,62,46.8,63,49.12,100,71.75
27.0,49.1,0.00,0.00,95,47.31,65,46.8,66,49.12,100,71.75
71.1,49.4,0.00,0.00,93,47.31,66,46.8,66,49.12,100,71.75
23.3,48.6,0.00,0.00,80,47.11,66,46.8,76,49.12,100,71.75
30.5,44.6,0.00,0.00,92,25.13,75,46.8,69,49.12,100,71.75
26.0,44.7,0.00,0.00,96,25.13,72,46.8,74,49.12,100,71.75
25.2,44.7,0.00,0.00,94,25.13,72,46.8,69,49.12,100,71.75
22.8,44.7,0.00,0.00,96,25.13,71,46.92,84,49.12,100,71.75
28.2,43.8,0.00,0.00,94,25.13,68,46.92,70,49.12,100,71.75
27.6,44.1,0.00,0.00,94,25.13,66,46.92,75,49.12,100,71.75
26.9,44.3,0.00,0.00,94,25.13,60,46.92,75,49.12,100,71.75
27.2,44.5,0.00,0.00,94,25.13,67,46.92,72,49.12,100,71.75
25.1,44.7,0.00,0.00,95,25.13,70,46.92,61,58.44,100,71.75
26.0,43.8,0.00,0.00,94,25.13,72,46.92,74,58.44,99,71.75
55.5,44.0,0.00,0.00,94,25.13,71,46.92,75,58.44,100,71.75
28.4,44.2,0.00,0.00,93,25.13,74,46.92,71,58.44,100,71.75
29.6,44.4,0.00,0.00,94,25.13,73,46.92,72,58.44,100,71.75
28.1,44.6,0.00,0.00,94,25.13,71,46.92,71,58.44,100,71.75
27.1,44.7,0.00,0.00,96,25.13,74,46.92,79,58.44,100,71.75
26.0,44.7,0.00,0.00,95,25.13,66,46.92,80,58.44,100,71.75
24.8,44.7,0.00,0.00,96,25.13,72,46.92,79,58.44,100,71.75
25.9,44.7,0.00,0.00,96,25.13,72,46.92,78,58.44,100,71.75
21.4,43.7,0.00,0.00,94,25.13,71,46.92,90,58.44,100,71.75
21.4,44.0,0.00,0.00,0,25.13,69,46.92,85,58.44,100,71.75
27.1,44.2,0.00,0.00,0,25.13,74,46.92,87,58.49,100,71.75
22.1,43.4,0.00,0.00,0,25.13,68,46.92,82,58.49,100,71.75
47.0,43.8,0.00,0.00,0,25.13,66,46.92,75,58.49,100,71.75
25.3,43.1,0.00,0.00,93,25.13,41,24.93,73,58.49,100,71.75
27.7,39.1,0.00,0.00,95,25.13,70,24.93,72,58.49,100,71.75
28.7,39.4,0.00,0.00,93,25.13,61,24.93,70,58.49,100,71.75
26.4,39.5,0.00,0.00,96,25.13,73,24.93,78,58.49,100,71.75
24.3,39.5,0.00,0.00,96,25.13,70,24.93,78,58.49,100,71.75
26.7,39.5,0.00,0.00,96,25.13,68,24.93,78,58.49,100,71.75
23.9,39.5,0.00,0.00,96,25.13,72,24.93,76,58.49,100,71.75
22.2,39.5,0.00,0.00,96,25.13,67,24.93,76,58.49,100,71.75
26.3,39.5,0.00,0.00,96,25.13,69,24.93,76,58.49,100,71.75
24.6,39.5,0.00,0.00,96,25.13,68,24.93,82,58.49,100,71.75
23.1,39.5,0.00,0.00,95,25.13,70,24.93,83,58.49,100,71.75
27.4,38.6,0.00,0.00,95,25.13,63,24.93,68,58.49,100,71.75
30.3,38.8,0.00,0.00,95,25.13,69,24.93,69,58.49,100,71.75
65.8,39.0,0.00,0.00,94,25.13,64,24.93,70,58.49,100,71.75
26.4,39.2,0.00,0.00,94,25.13,65,24.93,73,58.49,100,71.75
34.2,39.4,0.00,0.00,95,25.13,63,24.93,72,58.49,100,71.75
24.9,39.5,0.00,0.00,96,25.13,73,24.93,74,58.49,100,71.75
25.8,39.5,0.00,0.00,96,25.13,67,24.93,78,58.49,100,71.75
42.9,38.6,0.00,0.00,44,25.13,65,24.93,81,58.49,100,71.75
20.2,38.8,0.00,0.00,0,25.13,75,24.93,83,58.49,100,71.75
18.2,39.0,0.00,0.00,0,25.13,58,24.74,85,58.49,100,71.75
15.2,34.0,0.00,0.00,0,25.13,0,2.95,92,58.49,100,71.75
20.2,34.4,0.00,0.00,0,25.13,0,2.95,82,58.49,99,71.75
21.1,34.5,0.00,0.00,74,25.13,0,2.95,53,58.49,61,76.58
51.7,33.7,0.00,0.00,88,25.13,0,8.13,77,58.49,45,76.58
37.8,37.1,0.00,0.00,93,25.13,6,18.26,88,58.49,44,76.58
28.6,40.7,0.00,0.00,92,25.13,7,34.18,77,58.49,50,76.58
59.5,41.9,0.00,0.00,95,25.13,0,39.84,74,58.49,42,76.58
26.3,42.5,0.00,0.00,93,25.13,0,39.84,72,58.49,44,76.58
21.8,42.9,0.00,0.00,96,25.13,0,39.84,83,58.49,47,76.58
30.1,43.1,0.00,0.00,94,25.13,0,39.84,79,58.49,43,76.58
23.7,43.3,0.00,0.00,95,25.13,0,48.75,82,58.49,41,76.58
29.4,43.6,0.00,0.00,93,25.13,88,48.75,69,58.49,43,76.58
29.8,43.8,0.00,0.00,93,25.13,96,48.75,64,58.49,50,76.58
28.6,44.0,0.00,0.00,93,25.13,94,48.75,67,58.49,40,76.58
28.2,44.2,0.00,0.00,95,25.13,93,48.75,66,58.49,44,76.58
30.0,44.5,0.00,0.00,95,25.13,97,48.75,50,58.49,47,76.58
30.0,43.6,0.00,0.00,95,25.13,94,48.75,67,58.49,45,76.58
86.4,43.8,0.00,0.00,95,25.13,94,48.75,58,58.49,42,76.58
29.3,44.0,0.00,0.00,93,25.13,94,48.75,64,58.49,44,76.58
31.0,44.1,0.00,0.00,94,25.13,94,48.75,60,58.49,44,76.58
85.2,39.4,0.00,0.00,5,2.95,97,48.75,70,58.49,43,76.58
23.8,39.3,0.00,0.00,0,2.95,97,48.75,84,58.49,49,76.58
33.6,39.4,0.00,0.00,0,2.95,98,48.75,78,58.49,44,76.58
48.3,39.9,0.00,0.00,0,2.95,91,48.75,64,58.49,45,76.58
24.7,40.5,0.00,0.00,0,2.95,97,48.75,73,61.29,49,76.58
28.5,43.1,0.00,0.00,1,8.72,98,48.75,78,70.11,48,76.58
30.4,48.4,0.00,0.00,5,19.99,75,57.66,81,82.05,46,76.58
32.5,54.1,0.00,0.00,7,28.97,98,57.66,70,91.4,41,76.58
35.1,55.3,0.00,0.00,8,35.86,90,57.66,72,91.4,44,76.58
27.0,54.8,0.00,0.00,0,35.86,95,57.66,66,91.4,44,76.58
96.7,55.6,0.00,0.00,0,35.86,94,57.66,64,91.4,43,76.58
60.0,56.4,0.00,0.00,0,35.86,93,57.66,65,95.53,44,76.58
33.5,57.3,0.00,0.00,69,39.99,90,57.66,100,95.53,40,76.58
92.7,57.9,0.00,0.00,92,39.99,94,57.66,100,95.53,44,76.58
33.7,58.4,0.00,0.00,92,39.99,85,57.66,98,95.53,43,76.58
34.7,58.8,0.00,0.00,92,39.99,93,57.66,99,95.53,43,76.58
80.1,59.2,0.00,0.00,94,39.99,97,57.66,100,95.53,42,76.58
30.8,59.7,0.00,0.00,94,39.99,93,57.66,100,95.53,45,76.58
25.9,59.7,0.00,0.00,94,39.99,98,57.66,100,95.53,44,76.58
29.0,59.7,0.00,0.00,95,39.99,98,57.66,100,95.53,54,76.63
29.9,58.9,0.00,0.00,95,39.99,98,57.66,100,95.53,100,76.63
57.0,59.1,0.00,0.00,93,39.99,96,57.66,100,95.53,100,76.63
29.1,59.3,0.00,0.00,93,39.99,78,57.66,100,95.53,100,76.63
32.2,58.6,0.00,0.00,92,39.99,96,57.66,100,95.53,100,76.63
41.0,58.1,0.00,0.00,90,39.99,94,57.66,95,67.76,99,76.63
29.0,54.1,0.00,0.00,92,39.99,98,57.66,100,67.76,99,76.63
30.0,54.4,0.00,0.00,95,39.99,94,57.66,100,67.76,100,76.63
25.7,54.5,0.00,0.00,94,39.99,97,57.66,100,67.76,100,76.63
26.5,54.5,0.00,0.00,95,39.99,98,57.66,100,67.76,100,76.63
27.2,54.5,0.00,0.00,95,39.99,98,57.66,100,67.76,100,76.63
25.4,54.5,0.00,0.00,94,39.99,99,57.66,100,67.76,100,76.63
26.0,54.5,0.00,0.00,95,39.99,99,57.66,100,67.76,100,76.63
25.4,54.5,0.00,0.00,96,39.99,98,57.66,100,67.76,100,76.63
25.5,54.5,0.00,0.00,95,39.99,98,57.66,100,67.76,100,76.63
25.4,54.5,0.00,0.00,95,39.99,99,57.66,100,67.76,100,76.63
24.8,54.5,0.00,0.00,95,39.99,99,57.66,100,67.76,100,76.63
26.4,54.5,0.00,0.00,95,39.99,98,57.66,100,67.76,100,76.63
25.8,54.5,0.00,0.00,96,39.99,98,57.66,100,67.76,100,76.63
25.2,54.5,0.00,0.00,95,39.99,98,57.66,100,67.76,100,76.63
23.1,53.7,0.00,0.00,95,39.99,97,57.66,87,40.01,100,76.63
28.0,46.8,0.00,0.00,75,49.29,97,57.66,53,49.29,100,76.63
65.5,47.3,0.00,0.00,99,49.29,95,57.66,99,49.29,100,76.63
98.3,47.9,0.00,0.00,99,49.29,94,57.66,99,49.29,100,76.63
27.5,48.5,0.00,0.00,98,49.29,93,57.66,99,49.29,100,76.63
62.1,49.0,0.00,0.00,99,49.29,97,57.66,98,49.29,100,76.63
23.3,49.3,0.00,0.00,99,49.29,98,57.66,100,49.29,100,76.63
23.8,49.3,0.00,0.00,99,49.29,98,57.66,99,49.29,100,76.63
21.7,49.3,0.00,0.00,99,49.29,99,57.66,99,49.29,100,76.63
23.8,49.3,0.00,0.00,99,49.29,99,57.66,99,49.29,100,76.63
21.2,49.3,0.00,0.00,99,49.29,99,57.66,99,49.29,100,76.63
21.9,49.3,0.00,0.00,99,49.29,98,57.66,99,49.29,100,76.63
21.7,49.3,0.00,0.00,99,49.29,99,57.66,99,49.29,100,76.63
15.5,49.3,0.00,0.00,99,49.31,98,57.66,78,49.31,100,76.63
26.7,47.6,0.00,0.00,64,49.31,93,57.66,84,49.31,100,76.63
26.8,48.0,0.00,0.00,89,49.31,95,57.66,90,49.31,100,76.63
61.1,47.5,0.00,0.00,87,49.31,39,57.66,90,49.31,100,76.63
34.9,48.0,0.00,0.00,81,49.31,95,57.66,88,49.31,100,76.63
42.2,48.6,0.00,0.00,84,49.31,95,57.66,89,49.31,100,76.63
24.4,49.0,0.00,0.00,86,49.31,98,57.66,93,49.31,100,76.63
78.8,49.2,0.00,0.00,91,49.31,98,57.66,91,49.31,100,76.63
22.2,49.3,0.00,0.00,93,49.31,98,57.66,93,49.31,100,76.63
23.6,49.3,0.00,0.00,88,49.31,98,57.66,93,49.31,100,76.63
22.0,49.3,0.00,0.00,91,49.31,98,57.66,91,49.31,100,76.63
21.4,49.3,0.00,0.00,90,49.31,98,57.66,92,49.31,100,76.63
21.2,49.3,0.00,0.00,92,49.31,98,57.66,92,49.31,100,76.63
21.0,49.3,0.00,0.00,90,49.31,98,57.66,93,49.31,100,76.63
21.7,49.3,0.00,0.00,90,49.31,98,57.66,77,49.31,100,76.63
61.3,47.5,0.00,0.00,68,49.31,97,57.66,99,49.31,100,76.63
25.8,47.9,0.00,0.00,99,49.31,94,57.66,99,49.31,100,76.63
31.9,48.3,0.00,0.00,98,49.31,95,57.66,99,49.31,100,76.63
80.9,48.6,0.00,0.00,99,49.31,92,57.66,99,49.31,100,76.63
42.9,48.4,0.00,0.00,98,49.31,41,30.31,99,49.31,100,76.63
22.9,44.2,0.00,0.00,99,49.31,99,30.31,99,49.31,100,76.63
23.1,44.2,0.00,0.00,99,49.31,98,30.31,99,49.31,100,76.63
22.4,44.2,0.00,0.00,99,49.31,99,30.31,99,49.31,100,76.63
23.5,44.2,0.00,0.00,99,49.31,98,30.31,99,49.31,100,76.63
23.2,44.2,0.00,0.00,99,49.31,99,30.31,99,49.31,100,76.63
23.4,44.2,0.00,0.00,99,49.31,99,30.31,99,49.31,100,76.63
22.9,44.2,0.00,0.00,99,49.31,98,30.31,100,49.31,100,76.63
16.6,44.2,0.00,0.00,99,49.31,98,30.31,69,49.31,100,76.63
25.7,42.4,0.00,0.00,80,49.31,96,30.31,89,49.31,100,76.63
27.3,42.9,0.00,0.00,84,49.31,97,30.31,88,49.31,100,76.63
48.8,43.3,0.00,0.00,86,49.31,95,30.31,89,49.31,40,21.03
30.2,38.6,0.00,0.00,85,49.31,96,30.31,86,49.31,44,21.03
29.2,38.8,0.00,0.00,86,49.31,95,30.31,86,49.31,47,21.03
21.9,39.0,0.00,0.00,90,49.31,98,30.31,91,49.31,44,21.03
21.8,38.9,0.00,0.00,89,49.31,99,30.31,91,49.31,44,21.03
20.5,38.9,0.00,0.00,88,49.31,63,30.11,88,49.31,44,21.03
16.5,33.8,0.00,0.00,89,49.31,5,2.95,92,49.31,47,21.03
17.4,33.8,0.00,0.00,89,49.31,0,2.95,90,49.31,45,21.03
15.7,33.8,0.00,0.00,88,49.31,0,2.95,90,49.31,48,21.03
15.7,33.8,0.00,0.00,89,49.31,0,2.95,89,49.31,40,21.03
69.7,34.5,0.00,0.00,88,49.31,0,2.95,84,49.31,42,21.03
77.2,35.3,0.00,0.00,86,49.31,0,2.95,85,49.31,45,21.03
26.7,37.8,0.00,0.00,94,57.0,3,7.7,45,49.31,44,21.03
27.7,40.9,0.00,0.00,99,66.21,5,15.35,99,49.31,40,21.03
28.9,47.0,0.00,0.00,99,75.85,10,26.78,100,49.31,45,21.03
55.1,49.8,0.00,0.00,98,75.85,2,36.79,99,49.31,46,21.03
43.6,50.1,0.00,0.00,99,75.85,7,44.26,99,49.31,43,21.03
25.1,50.8,0.00,0.00,98,75.85,0,44.26,99,49.31,46,21.03
20.7,51.4,0.00,0.00,99,75.85,0,44.26,98,49.31,46,21.03
32.7,51.8,0.00,0.00,98,80.61,0,44.26,99,49.31,48,21.03
66.5,52.3,0.00,0.00,100,80.61,0,72.72,99,49.31,47,21.03
26.1,52.9,0.00,0.00,100,80.61,99,72.72,99,49.31,44,21.03
100.0,53.3,0.00,0.00,100,80.61,99,72.72,99,49.31,46,21.03
26.2,53.7,0.00,0.00,100,80.61,99,72.72,99,49.31,45,21.03
25.3,54.1,0.00,0.00,100,80.61,100,72.72,99,49.31,49,21.03
83.0,54.3,0.00,0.00,100,80.61,100,72.72,93,49.31,45,21.03
25.9,52.7,0.00,0.00,74,80.61,99,72.72,90,49.31,42,21.03
99.2,53.1,0.00,0.00,95,80.61,99,72.72,90,49.31,43,21.03
26.4,53.5,0.00,0.00,97,80.61,99,72.72,88,49.31,42,21.03
24.9,53.9,0.00,0.00,96,80.61,100,72.72,87,49.31,40,21.03
26.9,54.3,0.00,0.00,95,80.61,100,72.72,87,49.31,42,21.03
21.5,54.5,0.00,0.00,98,80.61,100,72.72,94,49.31,41,21.03
22.5,54.5,0.00,0.00,97,80.61,100,72.72,90,49.31,46,21.03
23.2,54.5,0.00,0.00,97,80.61,100,72.72,92,49.31,42,21.03
22.2,54.5,0.00,0.00,98,80.61,100,72.72,93,49.31,41,21.03
23.0,54.5,0.00,0.00,98,80.61,100,72.72,90,49.31,42,21.03
21.9,54.5,0.00,0.00,97,80.61,100,72.72,90,49.31,44,21.03
21.7,54.5,0.00,0.00,98,80.61,100,72.72,91,49.31,30,21.03
20.0,53.6,0.00,0.00,98,80.61,100,72.72,90,49.31,0,21.03
19.7,53.9,0.00,0.00,96,80.61,100,72.72,86,49.31,0,21.03
22.9,54.1,0.00,0.00,97,80.61,100,72.72,92,49.31,0,21.03
27.8,53.5,0.00,0.00,96,80.61,100,72.72,49,49.31,0,21.03
51.3,52.9,0.00,0.00,99,80.61,99,72.72,99,49.31,39,21.03
26.5,53.3,0.00,0.00,100,80.61,100,72.72,99,49.31,41,21.03
26.7,53.7,0.00,0.00,100,80.61,100,72.72,100,49.31,43,21.03
89.0,54.1,0.00,0.00,100,80.61,99,72.72,100,49.31,42,21.03
22.9,54.5,0.00,0.00,100,80.61,100,72.72,100,49.31,51,21.03
22.9,54.5,0.00,0.00,100,80.61,100,72.72,100,49.31,45,21.03
21.7,54.5,0.00,0.00,100,80.61,100,72.72,100,49.31,50,21.03
22.1,54.5,0.00,0.00,100,80.61,100,72.72,100,49.31,48,21.03
22.3,54.5,0.00,0.00,100,80.61,100,72.72,99,49.31,47,21.03
22.4,54.5,0.00,0.00,100,80.61,100,72.72,100,49.31,48,21.03
22.8,54.5,0.00,0.00,100,80.61,100,72.72,100,49.31,46,21.03
22.3,54.5,0.00,0.00,100,80.61,100,72.72,100,49.31,47,21.03
22.0,54.5,0.00,0.00,100,80.61,100,72.72,100,49.31,46,21.03
30.6,53.8,0.00,0.00,100,80.61,100,72.72,47,49.31,39,21.03
26.5,52.8,0.00,0.00,95,80.61,100,72.72,90,49.31,44,21.03
26.5,53.3,0.00,0.00,95,80.61,99,72.72,89,49.31,38,21.03
26.3,53.7,0.00,0.00,95,80.61,99,72.72,92,49.31,36,21.03
26.4,54.2,0.00,0.00,96,80.61,100,72.72,83,49.31,39,21.03
21.6,54.5,0.00,0.00,96,80.61,100,72.72,94,49.31,41,21.03
22.1,54.5,0.00,0.00,98,80.61,100,72.72,94,49.31,44,21.03
22.2,54.5,0.00,0.00,98,80.61,100,72.72,94,49.31,46,21.03
22.1,54.5,0.00,0.00,98,80.61,100,72.72,93,49.31,44,21.03
21.5,54.5,0.00,0.00,98,80.61,100,72.72,89,49.31,42,21.03
22.1,54.5,0.00,0.00,98,80.61,100,72.72,92,49.31,42,21.03
23.1,54.5,0.00,0.00,99,80.61,100,72.72,92,49.31,46,21.03
22.2,54.5,0.00,0.00,98,80.61,100,72.72,92,49.31,44,21.03
23.1,54.5,0.00,0.00,98,80.61,100,72.72,88,49.31,42,21.03
21.8,54.5,0.00,0.00,97,80.61,100,72.72,90,49.31,43,21.03
22.4,54.5,0.00,0.00,97,80.61,100,72.72,91,49.31,40,21.03
92.4,52.7,0.00,0.00,72,80.61,100,72.72,100,49.31,41,21.03
25.9,53.1,0.00,0.00,98,80.61,99,72.72,100,49.31,44,21.03
25.4,53.5,0.00,0.00,99,80.61,100,72.72,98,49.31,44,21.03
33.5,53.9,0.00,0.00,100,80.61,100,72.72,99,49.31,45,21.03
86.9,54.3,0.00,0.00,100,80.61,100,72.72,99,49.31,48,21.03
22.8,54.5,0.00,0.00,100,80.61,100,72.72,99,49.31,50,21.03
21.8,54.5,0.00,0.00,100,80.61,100,72.72,100,49.31,30,2.95
18.9,48.4,0.00,0.00,100,85.42,100,72.72,100,49.31,0,2.95
20.3,48.6,0.00,0.00,100,85.42,100,72.72,100,49.31,0,2.95
19.5,48.8,0.00,0.00,100,85.42,100,72.72,99,49.31,0,2.95
20.2,49.0,0.00,0.00,100,85.42,100,72.72,99,49.31,0,2.95
25.1,49.2,0.00,0.00,100,85.42,100,72.72,100,49.31,0,2.95
18.2,49.4,0.00,0.00,100,85.42,99,72.72,100,49.31,0,2.95
17.3,49.3,0.00,0.00,100,85.42,100,72.72,100,49.31,0,2.95
21.8,47.2,0.00,0.00,76,57.58,100,72.72,95,21.47,0,2.95
17.9,39.1,0.00,0.00,97,57.58,100,72.72,97,21.47,0,2.95
18.1,39.0,0.00,0.00,98,57.58,100,72.72,96,21.47,0,2.95
17.4,39.0,0.00,0.00,96,57.58,100,72.72,95,21.47,0,2.95
17.4,39.0,0.00,0.00,97,57.58,100,72.72,95,21.47,0,2.95
17.8,39.0,0.00,0.00,96,57.58,100,72.72,91,21.47,0,2.95
18.0,39.0,0.00,0.00,97,57.58,100,72.72,91,21.47,0,2.95
21.7,39.0,0.00,0.00,97,57.58,63,87.64,92,21.47,0,2.95
74.4,38.2,0.00,0.00,96,57.58,98,87.64,92,21.47,0,2.95
19.9,38.5,0.00,0.00,96,57.58,97,87.64,95,21.47,0,2.95
20.3,38.7,0.00,0.00,94,57.58,95,87.64,95,21.47,0,2.95
19.4,38.9,0.00,0.00,97,57.58,98,87.64,95,21.47,0,2.95
18.5,39.0,0.00,0.00,97,57.58,98,87.64,97,21.47,0,2.95
17.7,39.0,0.00,0.00,97,57.58,98,87.64,93,21.47,0,2.95
17.6,39.0,0.00,0.00,97,57.58,97,87.64,95,21.47,0,2.95
17.0,39.0,0.00,0.00,97,57.58,98,87.64,96,21.47,0,2.95
17.4,39.0,0.00,0.00,97,57.58,98,87.64,97,21.27,0,2.95
9.2,28.9,0.00,0.00,67,39.06,98,87.64,3,2.95,0,2.95
9.2,28.9,0.00,0.00,50,39.06,98,87.64,0,2.95,0,2.95
18.0,29.4,0.00,0.00,47,39.06,97,87.64,0,2.95,0,2.95
21.5,30.4,0.00,0.00,35,39.06,95,87.64,0,2.95,0,2.95
17.2,31.1,0.00,0.00,45,39.18,98,87.64,0,6.09,2,9.05
21.3,38.1,0.00,0.00,48,51.7,98,87.64,7,17.6,8,20.97
21.0,48.9,0.00,0.00,47,63.42,97,87.64,10,33.86,11,36.96
19.7,53.5,0.00,0.00,42,75.95,98,87.64,3,37.08,0,37.08
95.6,54.1,0.00,0.00,40,75.95,95,87.64,0,37.08,0,37.08
33.5,54.8,0.00,0.00,45,75.95,95,87.64,0,37.08,0,37.08
14.6,55.4,0.00,0.00,42,75.95,94,87.64,0,37.08,0,37.89
35.4,56.3,0.00,0.00,40,85.22,96,87.64,53,45.99,99,45.99
76.1,57.0,0.00,0.00,91,85.22,95,87.64,99,45.99,99,45.99
30.8,57.6,0.00,0.00,86,85.22,94,87.64,99,45.99,99,45.99
30.9,58.2,0.00,0.00,97,85.22,94,87.64,98,45.99,97,45.99
31.1,58.8,0.00,0.00,88,85.22,93,87.64,97,45.99,99,45.99
27.1,59.6,0.00,0.00,89,85.22,96,87.64,99,45.99,100,45.99
26.1,59.7,0.00,0.00,97,85.22,97,87.64,99,45.99,100,45.99
26.3,59.7,0.00,0.00,99,85.22,97,87.64,99,45.99,99,45.99
25.5,59.7,0.00,0.00,100,85.22,97,87.64,100,45.99,99,45.99
25.6,59.7,0.00,0.00,100,85.22,97,87.64,99,45.99,99,45.99
25.6,59.7,0.00,0.00,100,85.22,97,87.64,100,45.99,99,45.99
25.9,59.7,0.00,0.00,100,85.22,97,87.64,99,45.99,100,45.99
26.0,59.7,0.00,0.00,100,94.55,97,87.64,99,45.99,99,45.99
44.4,58.9,0.00,0.00,85,94.55,96,87.64,98,45.99,99,45.99
25.3,59.1,0.00,0.00,97,94.55,97,87.64,99,45.99,99,45.99
28.8,58.5,0.00,0.00,84,94.6,97,87.64,98,45.99,98,45.99
40.8,58.9,0.00,0.00,90,94.6,96,87.64,99,45.99,99,45.99
26.6,59.3,0.00,0.00,91,94.6,97,87.64,99,45.99,98,45.99
26.9,59.5,0.00,0.00,99,94.6,96,87.64,99,45.99,99,45.99
29.9,59.8,0.00,0.00,97,94.6,96,87.64,99,45.99,99,45.99
23.8,59.8,0.00,0.00,100,94.6,96,87.64,100,45.99,99,45.99
26.3,59.8,0.00,0.00,100,94.6,97,87.64,100,45.99,99,45.99
33.9,59.7,0.00,0.00,99,94.6,97,87.64,69,60.91,95,60.91
82.2,58.1,0.00,0.00,96,94.6,97,87.64,93,60.91,91,60.91
57.0,57.6,0.00,0.00,98,94.65,96,87.64,96,60.91,90,60.91
31.0,58.2,0.00,0.00,95,94.65,94,87.64,97,60.91,97,60.91
31.5,58.9,0.00,0.00,87,94.65,97,87.64,93,60.91,97,60.91
94.8,59.4,0.00,0.00,94,94.65,96,87.64,94,60.91,98,60.91
79.2,59.6,0.00,0.00,98,94.65,97,87.64,97,60.91,97,60.91
25.4,59.8,0.00,0.00,99,94.65,97,87.64,98,60.91,98,60.91
25.6,59.8,0.00,0.00,99,94.65,98,87.64,97,60.91,98,60.91
30.9,59.8,0.00,0.00,99,94.65,91,87.96,98,60.91,95,60.91
27.2,58.9,0.00,0.00,99,94.65,100,87.96,95,60.91,97,60.91
51.2,59.1,0.00,0.00,97,94.65,100,87.96,96,60.91,97,60.91
26.7,59.4,0.00,0.00,94,94.65,99,87.96,97,60.91,98,60.91
25.1,59.6,0.00,0.00,96,94.65,100,87.96,97,60.91,98,60.91
56.9,58.9,0.00,0.00,72,94.65,99,87.96,97,60.91,98,60.91
90.4,59.1,0.00,0.00,97,94.65,99,87.96,97,60.91,96,60.91
25.8,59.3,0.00,0.00,94,94.65,100,87.96,97,60.91,97,60.91
25.9,59.5,0.00,0.00,95,94.65,100,87.96,97,60.91,98,60.91
27.4,59.8,0.00,0.00,99,94.65,100,87.96,97,60.91,98,60.91
24.8,59.8,0.00,0.00,100,94.65,100,87.96,98,60.91,98,60.91
24.9,59.8,0.00,0.00,100,94.65,100,87.96,98,60.91,98,60.91
24.4,59.8,0.00,0.00,100,94.65,100,87.96,98,60.91,98,60.91
23.3,59.8,0.00,0.00,100,94.65,100,87.96,98,60.91,98,60.91
23.5,59.8,0.00,0.00,100,94.65,100,87.96,98,60.91,98,60.91
25.1,59.8,0.00,0.00,100,94.65,100,87.96,98,60.91,98,60.91
20.7,59.8,0.00,0.00,97,94.65,100,87.96,97,60.91,70,60.91
61.8,57.1,0.00,0.00,97,94.65,97,87.96,98,60.91,98,60.91
29.6,57.7,0.00,0.00,91,94.65,99,87.96,97,60.91,98,60.91
62.1,58.2,0.00,0.00,91,94.65,99,87.96,98,60.91,99,60.91
31.1,58.7,0.00,0.00,98,94.65,99,87.96,99,60.91,99,60.91
30.0,59.3,0.00,0.00,91,94.65,99,87.96,99,60.91,98,60.91
25.2,59.8,0.00,0.00,88,94.65,100,87.96,99,60.91,99,60.91
24.3,59.8,0.00,0.00,99,94.65,100,87.96,99,60.91,99,60.91
24.9,59.8,0.00,0.00,99,94.65,100,87.96,99,60.91,99,60.91
25.2,59.8,0.00,0.00,99,94.65,99,87.96,99,60.91,99,60.91
25.1,59.8,0.00,0.00,99,94.65,100,87.96,99,60.91,99,60.91
24.4,59.8,0.00,0.00,99,94.65,100,87.96,100,60.91,99,60.91
21.6,58.8,0.00,0.00,96,94.65,100,87.96,98,60.91,99,60.91
34.0,59.0,0.00,0.00,96,94.65,99,87.96,99,60.91,99,60.91
27.1,59.2,0.00,0.00,95,94.65,99,87.96,99,60.91,99,60.91
63.0,59.4,0.00,0.00,94,94.65,99,87.96,99,60.91,99,60.91
62.2,59.6,0.00,0.00,93,94.65,100,87.96,99,60.91,99,60.91
25.8,59.8,0.00,0.00,98,94.65,100,87.96,99,60.91,100,60.91
24.8,59.8,0.00,0.00,100,94.65,100,87.96,99,60.91,100,60.91
25.2,59.8,0.00,0.00,100,94.65,100,87.96,99,60.91,99,60.91
24.9,59.8,0.00,0.00,99,94.65,100,87.96,100,60.91,100,60.91
24.7,59.8,0.00,0.00,99,94.65,100,87.96,99,60.91,99,60.91
25.5,59.8,0.00,0.00,100,94.65,100,87.96,99,60.91,64,60.91
77.9,58.0,0.00,0.00,100,94.65,100,87.96,96,60.91,97,60.91
29.9,57.5,0.00,0.00,64,94.65,100,87.96,95,60.91,96,60.91
63.1,58.1,0.00,0.00,99,94.65,100,87.96,97,60.91,96,60.91
41.8,58.7,0.00,0.00,94,94.65,99,87.96,96,60.91,94,60.91
50.7,59.2,0.00,0.00,90,94.65,100,87.96,97,60.91,97,60.91
27.2,54.7,0.00,0.00,90,76.57,99,87.96,98,60.91,97,60.91
25.8,54.6,0.00,0.00,100,76.57,100,87.96,97,60.91,97,60.91
23.9,54.6,0.00,0.00,100,76.57,100,87.96,98,60.91,98,60.91
23.4,54.6,0.00,0.00,100,76.57,100,87.96,98,60.91,98,60.91
24.5,54.6,0.00,0.00,100,76.57,100,87.96,98,60.91,98,60.91
24.6,54.6,0.00,0.00,100,76.57,100,87.96,97,60.91,98,60.91
24.5,54.6,0.00,0.00,100,76.57,100,87.96,99,60.91,99,60.91
19.2,53.6,0.00,0.00,100,76.57,100,87.96,97,60.91,97,60.91
26.8,53.8,0.00,0.00,99,76.57,100,87.96,96,60.91,97,60.91
27.6,54.0,0.00,0.00,98,76.57,100,87.96,97,60.91,98,60.91
90.8,54.2,0.00,0.00,97,76.57,100,87.96,97,60.91,98,60.91
25.2,54.5,0.00,0.00,98,76.57,100,87.96,97,60.91,98,60.91
24.3,54.6,0.00,0.00,98,76.57,100,87.96,96,60.91,98,60.91
23.6,54.6,0.00,0.00,98,76.57,100,87.96,98,60.91,98,60.91
23.4,54.6,0.00,0.00,99,76.57,100,87.96,98,60.91,98,60.91
23.1,54.6,0.00,0.00,99,76.57,100,87.96,98,60.91,98,60.91
23.5,54.6,0.00,0.00,99,76.57,100,87.96,98,60.91,98,60.91
23.6,54.6,0.00,0.00,99,76.57,100,87.96,99,60.91,98,60.91
24.2,54.6,0.00,0.00,99,76.57,100,87.96,97,60.91,98,60.91
27.2,53.7,0.00,0.00,72,76.57,100,87.96,96,60.91,98,60.91
25.4,54.0,0.00,0.00,99,76.57,100,87.96,96,60.91,98,60.91
36.1,54.1,0.00,0.00,98,76.57,100,87.96,53,60.91,90,60.91
69.1,52.7,0.00,0.00,90,76.57,99,87.96,98,60.91,99,60.91
38.6,53.3,0.00,0.00,85,76.57,99,87.96,98,60.91,98,60.91
29.1,53.8,0.00,0.00,93,76.57,99,87.96,99,60.91,97,60.91
50.9,54.2,0.00,0.00,93,76.57,100,87.96,99,60.91,99,60.91
26.5,54.6,0.00,0.00,97,76.57,100,87.96,100,60.91,100,60.91
25.6,54.6,0.00,0.00,100,76.57,100,87.96,99,60.91,99,60.91
25.1,54.6,0.00,0.00,100,76.57,100,87.96,100,60.91,99,60.91
26.4,54.6,0.00,0.00,99,76.57,100,87.96,100,60.91,99,60.91
26.0,53.7,0.00,0.00,100,76.57,65,33.67,99,60.91,99,60.91
28.7,48.6,0.00,0.00,63,76.57,97,33.67,99,60.91,99,60.91
27.4,48.8,0.00,0.00,95,76.57,98,33.67,99,60.91,99,60.91
33.5,49.0,0.00,0.00,95,76.57,96,33.67,99,60.91,98,60.91
28.5,49.1,0.00,0.00,97,76.57,98,33.67,99,60.91,99,60.91
26.6,49.3,0.00,0.00,94,76.57,97,33.67,99,60.91,99,60.91
25.7,49.5,0.00,0.00,97,76.57,97,33.67,99,60.91,99,60.91
25.8,49.5,0.00,0.00,97,76.57,97,33.67,99,60.91,99,60.91
25.1,49.5,0.00,0.00,98,76.57,98,33.67,99,60.91,99,60.91
25.5,49.5,0.00,0.00,98,76.57,96,33.67,100,60.91,99,60.91
24.4,49.5,0.00,0.00,97,76.57,97,33.67,99,60.91,99,60.91
25.7,49.5,0.00,0.00,97,76.57,97,33.67,100,60.91,99,60.91
25.1,49.5,0.00,0.00,98,76.57,97,33.67,99,60.91,99,60.91
27.0,48.6,0.00,0.00,67,76.57,97,33.67,99,60.91,61,60.91
33.1,47.0,0.00,0.00,98,76.57,98,33.67,95,60.91,97,60.91
30.9,47.6,0.00,0.00,88,76.57,95,33.67,95,60.91,95,60.91
36.4,48.1,0.00,0.00,90,76.57,97,33.67,97,60.91,96,60.91
67.3,48.7,0.00,0.00,90,76.57,93,33.67,96,60.91,97,60.91
60.7,49.3,0.00,0.00,90,76.57,94,33.67,95,60.91,98,60.91
23.3,49.5,0.00,0.00,96,76.57,98,33.67,98,60.91,97,60.91
24.6,49.5,0.00,0.00,100,76.57,98,33.67,98,60.91,97,60.91
24.4,49.5,0.00,0.00,100,76.57,98,33.67,98,60.91,98,60.91
25.5,49.5,0.00,0.00,100,76.57,98,33.67,98,60.91,98,60.91
23.6,49.5,0.00,0.00,100,76.57,97,33.67,98,60.91,98,60.91
23.5,49.5,0.00,0.00,100,76.57,98,33.67,98,60.91,98,60.91
25.5,44.5,0.00,0.00,79,48.8,98,33.67,98,60.91,98,60.91
24.0,44.3,0.00,0.00,98,48.8,99,33.67,98,60.91,98,60.91
24.3,44.3,0.00,0.00,99,48.8,98,33.67,98,60.91,98,60.91
24.9,44.3,0.00,0.00,99,48.8,98,33.67,98,60.91,97,60.91
24.4,44.3,0.00,0.00,99,48.8,98,33.67,98,60.91,98,60.91
23.3,44.3,0.00,0.00,99,48.8,97,33.67,98,60.91,98,60.91
24.7,44.3,0.00,0.00,98,48.8,97,33.67,98,60.91,98,60.91
22.9,39.3,0.00,0.00,98,30.72,98,33.67,97,60.91,99,60.91
21.0,39.1,0.00,0.00,87,30.72,98,33.67,97,60.91,98,60.91
21.2,39.1,0.00,0.00,97,30.72,98,33.67,98,60.91,98,60.91
21.8,39.1,0.00,0.00,88,30.72,98,33.67,97,60.91,98,60.91
13.7,38.1,0.00,0.00,86,2.95,98,33.67,98,60.91,95,60.91
23.2,34.3,0.00,0.00,5,2.95,94,33.67,95,60.91,99,60.91
15.4,34.7,0.00,0.00,0,2.95,95,33.67,97,60.91,98,60.91
15.5,36.3,0.00,0.00,2,11.57,98,33.67,97,60.91,99,60.91
25.6,40.1,0.00,0.00,7,24.53,98,33.67,72,30.4,56,30.4
33.1,31.9,0.00,0.00,4,33.93,98,33.67,99,30.4,99,30.4
20.4,32.3,0.00,0.00,0,33.93,96,33.67,97,30.4,99,30.4
18.1,32.9,0.00,0.00,0,33.93,97,33.67,98,30.4,99,30.4
89.5,33.7,0.00,0.00,0,37.91,97,33.67,99,30.4,99,30.4
17.8,37.3,0.00,0.00,8,48.8,95,33.67,99,30.4,99,30.4
22.2,41.0,0.00,0.00,47,73.99,96,33.67,99,30.4,99,30.4
80.7,41.6,0.00,0.00,84,75.61,97,33.67,99,30.4,99,30.4
23.4,41.9,0.00,0.00,82,75.61,97,33.67,99,30.4,99,30.4
20.4,42.3,0.00,0.00,85,75.61,96,33.67,97,30.4,99,30.4
20.3,42.7,0.00,0.00,86,75.61,97,33.67,99,30.4,99,30.4
18.2,43.0,0.00,0.00,86,83.47,97,33.67,99,30.4,99,30.4
91.2,43.4,0.00,0.00,96,83.47,97,33.67,99,30.4,98,30.4
22.9,43.6,0.00,0.00,98,83.47,96,33.67,99,30.4,99,30.4
23.6,43.9,0.00,0.00,98,83.47,97,33.67,99,30.4,99,30.4
22.5,44.1,0.00,0.00,99,83.47,97,33.67,98,30.4,99,30.4
24.7,44.3,0.00,0.00,99,83.47,91,33.48,99,30.4,99,30.4
18.1,39.1,0.00,0.00,99,83.47,6,2.95,100,30.4,100,30.4
16.4,39.0,0.00,0.00,99,83.47,0,2.95,100,30.4,100,30.4
18.4,39.1,0.00,0.00,99,83.47,0,2.95,100,30.4,100,30.4
17.4,39.0,0.00,0.00,98,83.47,0,2.95,100,30.4,99,30.4
17.0,39.0,0.00,0.00,99,83.47,0,2.95,100,30.4,100,30.4
12.7,39.0,0.00,0.00,99,83.47,0,2.95,43,30.4,0,30.4
12.5,37.4,0.00,0.00,99,83.47,0,2.95,0,30.4,0,30.4
13.3,37.8,0.00,0.00,99,83.47,0,2.95,0,30.4,0,30.4
12.1,38.3,0.00,0.00,99,83.47,0,2.95,0,30.4,0,30.4
12.6,38.7,0.00,0.00,99,83.47,0,2.95,0,30.4,0,30.4
16.6,39.0,0.00,0.00,98,83.47,0,2.95,99,30.4,99,30.4
17.1,39.0,0.00,0.00,99,83.47,0,2.95,100,30.4,100,30.4
17.3,39.1,0.00,0.00,99,83.47,0,2.95,100,30.4,99,30.4
16.8,39.0,0.00,0.00,99,83.47,0,2.95,99,30.4,99,30.4
16.9,39.0,0.00,0.00,99,83.47,0,2.95,99,30.4,99,30.4
17.1,39.0,0.00,0.00,99,83.47,0,2.95,100,30.4,100,30.4
17.3,39.0,0.00,0.00,99,83.47,0,2.95,100,30.4,99,30.4
16.9,39.0,0.00,0.00,98,83.47,0,2.95,100,30.4,99,30.4
16.7,39.0,0.00,0.00,99,83.47,0,2.95,100,30.4,100,30.4
17.4,39.0,0.00,0.00,98,83.47,0,2.95,100,30.4,99,30.4
17.2,39.0,0.00,0.00,99,83.47,0,2.95,100,30.4,100,30.4
13.9,39.0,0.00,0.00,99,83.52,0,2.95,99,30.4,99,30.4
19.8,38.2,0.00,0.00,100,92.43,0,2.95,99,30.4,99,30.4
28.7,38.4,0.00,0.00,100,92.43,0,2.95,100,30.4,99,30.4
20.4,38.6,0.00,0.00,100,92.43,0,2.95,99,30.4,99,30.4
19.2,38.8,0.00,0.00,99,92.43,0,2.95,99,30.4,99,30.4
27.4,39.0,0.00,0.00,99,92.43,0,2.95,100,30.4,99,30.4
18.0,39.1,0.00,0.00,100,92.43,0,2.95,100,30.4,100,30.4
19.2,39.1,0.00,0.00,100,92.43,0,2.95,100,30.4,99,30.4
17.5,39.1,0.00,0.00,100,92.43,0,2.95,100,30.4,99,30.4
18.6,39.1,0.00,0.00,100,92.43,0,2.95,100,30.4,99,30.4
19.0,39.1,0.00,0.00,100,92.43,0,2.95,100,30.4,71,30.4
15.2,37.3,0.00,0.00,100,92.43,0,2.95,0,30.4,0,30.4
13.2,37.6,0.00,0.00,100,92.43,0,2.95,0,30.4,0,30.4
14.1,38.1,0.00,0.00,100,92.43,0,2.95,0,30.4,0,30.4
25.0,38.5,0.00,0.00,100,92.43,0,2.95,0,30.4,0,30.4
13.1,38.9,0.00,0.00,100,92.43,0,2.95,5,30.4,65,30.4
18.0,39.1,0.00,0.00,100,92.43,0,2.95,100,30.4,99,30.4
18.1,39.1,0.00,0.00,100,92.43,0,2.95,100,30.4,99,30.4
18.4,39.1,0.00,0.00,100,92.43,0,2.95,100,30.4,99,30.4
18.8,39.1,0.00,0.00,100,92.43,0,2.95,100,30.4,100,30.4
19.4,39.1,0.00,0.00,100,92.43,0,2.95,100,30.4,99,30.4
19.2,39.1,0.00,0.00,100,92.43,0,2.95,99,30.4,99,30.4
19.7,38.2,0.00,0.00,98,92.43,0,2.95,99,30.4,99,30.4
71.8,38.4,0.00,0.00,98,92.43,0,2.95,99,30.4,99,30.4
18.1,38.6,0.00,0.00,99,92.43,0,2.95,99,30.4,99,30.4
19.6,38.8,0.00,0.00,99,92.43,0,2.95,99,30.4,99,30.4
19.6,39.0,0.00,0.00,99,92.43,0,2.95,99,30.4,99,30.4
17.1,39.0,0.00,0.00,99,92.43,0,2.95,99,30.4,99,30.4
16.7,39.0,0.00,0.00,99,92.43,0,2.95,99,30.4,100,30.4
16.7,39.0,0.00,0.00,98,92.43,0,2.95,100,30.4,100,30.4
16.3,39.0,0.00,0.00,99,92.43,0,2.95,100,30.4,100,30.4
16.9,39.0,0.00,0.00,99,92.43,0,2.95,100,30.4,100,30.4
16.1,39.0,0.00,0.00,99,92.43,0,2.95,100,30.4,99,30.4
16.3,39.0,0.00,0.00,99,92.43,0,2.95,100,30.4,99,30.4
18.1,39.0,0.00,0.00,99,92.43,0,2.95,100,30.4,99,30.4
17.5,39.0,0.00,0.00,99,92.43,0,2.95,100,30.4,100,30.4
17.1,39.0,0.00,0.00,99,92.43,0,2.95,100,30.4,99,30.4
12.6,39.0,0.00,0.00,99,92.43,0,2.95,100,30.21,31,2.95
8.4,28.9,0.00,0.00,99,92.43,0,2.95,5,2.95,0,2.95
17.3,29.7,0.00,0.00,97,92.43,0,2.95,0,2.95,0,2.95
16.1,30.5,0.00,0.00,97,92.43,0,2.95,0,7.78,0,2.95
17.9,34.7,0.00,0.00,100,92.43,7,14.94,10,19.94,0,2.95
17.2,42.1,0.00,0.00,100,92.43,7,27.49,9,29.49,0,2.95
49.0,45.5,0.00,0.00,99,92.43,9,39.84,0,29.49,0,2.95
20.9,45.9,0.00,0.00,99,92.43,0,39.84,0,29.49,0,2.95
67.1,46.4,0.00,0.00,99,92.43,0,39.84,0,29.49,0,2.95
11.2,46.8,0.00,0.00,99,92.43,0,39.84,0,29.49,0,2.95
17.2,47.3,0.00,0.00,100,92.43,0,49.12,31,34.25,0,2.95
99.4,47.9,0.00,0.00,100,92.43,70,49.12,37,34.25,0,2.95
30.3,48.4,0.00,0.00,99,92.43,71,49.12,36,34.25,0,2.95
87.6,48.0,0.00,0.00,99,92.43,70,49.12,39,34.25,0,2.95
28.2,48.7,0.00,0.00,100,92.43,70,49.12,38,34.25,0,2.95
24.8,49.2,0.00,0.00,99,92.43,66,49.12,31,34.25,0,2.95
15.4,49.5,0.00,0.00,95,92.43,10,49.12,14,34.25,0,2.95
10.8,49.6,0.00,0.00,67,92.43,9,49.12,19,34.25,0,2.95
11.8,49.7,0.00,0.00,77,92.43,17,49.12,21,34.25,0,2.95
14.9,49.7,0.00,0.00,84,92.43,17,49.12,25,34.25,0,2.95
23.0,49.6,0.00,0.00,86,92.43,57,49.12,47,34.25,0,2.95
21.3,49.6,0.00,0.00,100,92.43,82,49.12,41,34.25,0,2.95
22.9,49.6,0.00,0.00,100,92.43,86,49.12,41,34.25,0,2.95
23.4,49.6,0.00,0.00,100,92.43,79,49.12,43,34.25,0,2.95
22.1,49.6,0.00,0.00,100,92.43,84,49.12,45,34.25,0,2.95
23.3,49.6,0.00,0.00,100,92.43,80,49.12,43,34.25,0,2.95
22.8,49.6,0.00,0.00,100,92.43,70,58.08,39,34.25,0,2.95
22.8,48.8,0.00,0.00,100,92.43,96,58.08,41,34.25,0,2.95
24.6,49.0,0.00,0.00,100,92.43,95,58.08,43,34.25,0,2.95
99.6,49.2,0.00,0.00,100,92.43,98,58.08,40,34.25,0,2.95
24.6,49.4,0.00,0.00,100,92.43,97,58.08,42,34.25,0,2.95
35.3,49.6,0.00,0.00,100,92.43,98,58.08,41,34.25,0,2.95
24.3,49.7,0.00,0.00,100,92.43,98,58.08,44,34.25,0,2.95
21.4,49.7,0.00,0.00,100,92.43,98,58.08,42,34.25,0,2.95
22.8,49.7,0.00,0.00,100,92.43,99,58.08,40,34.25,0,2.95
22.0,49.7,0.00,0.00,100,92.43,99,58.08,44,34.25,0,2.95
21.0,49.7,0.00,0.00,100,92.55,99,58.08,40,34.25,0,2.95
34.3,46.9,0.00,0.00,54,77.06,97,58.08,40,34.25,0,2.95
86.0,43.1,0.00,0.00,93,77.06,95,58.08,41,34.25,0,2.95
24.1,43.6,0.00,0.00,92,77.06,96,58.08,40,34.25,0,2.95
30.5,44.0,0.00,0.00,94,77.06,97,58.08,42,34.25,0,2.95
33.8,44.4,0.00,0.00,93,77.06,96,58.08,42,34.25,0,2.95
22.3,43.5,0.00,0.00,95,77.06,68,58.08,41,34.25,0,2.95
22.0,43.8,0.00,0.00,95,77.06,81,58.08,39,34.25,0,2.95
23.2,43.9,0.00,0.00,94,77.06,83,58.08,43,34.25,0,2.95
23.0,44.2,0.00,0.00,94,77.06,77,58.08,39,34.25,0,2.95
95.9,44.4,0.00,0.00,94,77.06,81,58.08,42,34.25,0,2.95
21.5,44.5,0.00,0.00,94,77.06,90,58.08,44,34.25,0,2.95
20.9,44.5,0.00,0.00,95,77.06,85,58.08,41,34.25,0,2.95
23.9,44.5,0.00,0.00,95,77.06,92,58.08,19,39.06,0,2.95
99.6,43.7,0.00,0.00,95,77.06,84,58.08,41,39.06,0,2.95
23.7,43.9,0.00,0.00,95,77.06,91,58.08,43,39.06,0,2.95
22.8,44.1,0.00,0.00,96,77.06,88,58.08,44,39.06,0,2.95
22.5,44.3,0.00,0.00,94,77.06,87,58.08,39,39.06,0,2.95
21.5,40.1,0.00,0.00,95,77.06,66,30.31,45,39.06,0,2.95
15.3,39.3,0.00,0.00,96,77.06,98,30.31,49,39.06,0,2.95
21.5,34.0,0.00,0.00,98,54.88,98,30.31,44,39.06,0,2.95
20.0,34.0,0.00,0.00,98,54.88,99,30.31,40,39.06,0,2.95
20.8,34.0,0.00,0.00,98,54.88,99,30.31,38,39.06,0,2.95
20.8,34.0,0.00,0.00,98,54.88,98,30.31,40,39.06,0,2.95
21.5,34.0,0.00,0.00,98,54.88,99,30.31,41,39.06,0,2.95
20.8,34.0,0.00,0.00,98,54.88,98,30.31,43,39.06,0,2.95
21.7,34.0,0.00,0.00,98,54.88,98,30.31,38,39.06,0,2.95
20.9,34.0,0.00,0.00,98,54.88,99,30.31,43,39.06,0,2.95
20.3,34.0,0.00,0.00,98,54.88,99,30.31,42,39.06,0,2.95
21.3,34.0,0.00,0.00,98,54.88,98,30.31,43,39.06,0,2.95
22.7,34.0,0.00,0.00,98,54.88,99,30.31,40,39.06,0,2.95
21.5,34.0,0.00,0.00,98,54.88,99,30.31,44,39.06,0,2.95
23.5,34.0,0.00,0.00,98,54.88,98,30.31,44,39.06,0,2.95
21.8,34.0,0.00,0.00,98,54.88,99,30.31,48,39.06,0,2.95
15.5,33.0,0.00,0.00,98,54.88,48,2.95,43,39.06,0,2.95
7.7,23.9,0.00,0.00,27,27.52,0,2.95,44,39.06,0,2.95
7.5,24.1,0.00,0.00,0,27.52,0,2.95,45,39.06,0,2.95
7.5,24.6,0.00,0.00,0,27.52,1,7.09,48,39.06,0,2.95
7.9,26.5,0.00,0.00,0,27.52,3,13.61,49,39.06,0,2.95
6.7,27.8,0.00,0.00,0,27.52,3,21.39,44,39.06,0,2.95
10.7,28.1,0.00,0.00,0,27.52,0,21.39,43,39.06,0,2.95
28.3,28.8,0.00,0.00,0,27.52,0,21.39,38,39.06,0,2.95
11.1,29.3,0.00,0.00,0,27.52,0,21.39,43,39.06,3,13.23
11.5,32.5,0.00,0.00,0,27.52,0,30.67,45,39.06,8,25.8
17.8,36.4,0.00,0.00,0,27.52,92,30.67,41,39.06,1,31.49
48.0,37.2,0.00,0.00,0,27.52,82,30.67,42,39.06,0,31.49
16.1,37.5,0.00,0.00,0,27.52,90,30.67,42,39.06,0,31.49
17.0,37.7,0.00,0.00,0,27.52,89,30.67,44,39.06,0,31.49
16.5,37.9,0.00,0.00,0,27.52,85,30.67,43,39.11,17,39.35
24.1,37.4,0.00,0.00,0,27.52,79,30.67,18,39.11,93,39.35
26.4,37.8,0.00,0.00,0,27.52,77,30.67,40,39.11,92,39.35
53.8,38.2,0.00,0.00,0,27.52,81,30.67,40,39.11,90,39.35
24.8,38.6,0.00,0.00,0,27.52,78,30.67,36,39.11,91,39.35
28.2,39.1,0.00,0.00,0,27.52,76,30.67,44,39.11,94,39.35
20.4,39.3,0.00,0.00,0,27.52,79,30.67,41,39.11,95,39.35
22.8,39.3,0.00,0.00,0,27.52,78,30.72,41,39.11,94,39.35
14.4,38.4,0.00,0.00,0,27.52,0,30.72,42,39.11,93,39.35
14.4,38.7,0.00,0.00,0,27.52,0,30.72,46,39.11,94,39.35
14.2,38.9,0.00,0.00,0,27.52,0,30.72,40,39.11,94,39.35
16.5,39.1,0.00,0.00,0,27.52,0,30.72,52,39.11,94,39.35
19.5,39.3,0.00,0.00,0,27.52,39,30.72,42,39.11,96,39.35
21.5,39.3,0.00,0.00,0,27.52,77,30.72,41,39.11,96,39.35
21.7,39.3,0.00,0.00,0,27.52,72,30.72,41,39.11,96,39.35
21.3,39.3,0.00,0.00,0,27.52,80,30.72,38,39.11,96,39.35
21.2,39.3,0.00,0.00,0,27.52,77,30.72,40,39.11,96,39.35
19.2,39.3,0.00,0.00,0,27.52,83,30.72,40,39.11,94,39.4
21.6,39.3,0.00,0.00,0,27.52,85,30.72,39,39.11,62,47.26
25.7,38.5,0.00,0.00,0,27.52,83,30.72,39,39.11,95,47.26
21.6,38.7,0.00,0.00,0,27.52,82,30.72,40,39.11,95,47.26
22.4,38.9,0.00,0.00,0,27.52,82,30.72,39,39.11,94,47.26
22.4,39.1,0.00,0.00,0,27.52,83,30.72,39,39.11,96,47.26
19.1,39.3,0.00,0.00,0,27.52,83,30.72,41,39.11,96,47.26
20.0,38.8,0.00,0.00,0,27.52,79,30.72,41,39.11,95,47.26
36.3,38.5,0.00,0.00,0,27.52,0,30.72,42,39.11,96,47.26
63.8,38.7,0.00,0.00,0,27.52,0,30.72,45,39.11,96,47.26
13.6,38.9,0.00,0.00,0,27.52,0,30.72,43,39.11,95,47.26
14.7,39.1,0.00,0.00,0,27.52,0,30.72,49,39.11,96,47.26
20.1,39.3,0.00,0.00,0,27.52,85,30.72,41,39.11,96,47.26
20.4,39.3,0.00,0.00,0,27.52,80,30.72,40,39.11,95,47.26
18.9,39.3,0.00,0.00,0,27.52,81,30.72,43,39.11,96,47.26
19.6,39.3,0.00,0.00,0,27.52,80,30.72,41,39.11,95,47.26
19.5,39.3,0.00,0.00,0,27.52,79,30.72,40,39.11,97,47.26
19.1,39.3,0.00,0.00,0,27.52,84,30.72,41,39.11,96,47.26
19.7,39.3,0.00,0.00,0,27.52,82,30.72,38,39.11,96,47.26
21.3,39.3,0.00,0.00,0,27.52,88,30.72,44,39.11,96,47.26
20.7,39.3,0.00,0.00,0,27.52,84,30.72,42,39.11,79,47.31
27.6,38.4,0.00,0.00,0,27.52,88,30.72,25,39.11,96,47.31
44.8,37.8,0.00,0.00,0,27.52,72,30.72,41,39.11,96,47.31
24.1,38.2,0.00,0.00,0,27.52,78,30.72,41,39.11,95,47.31
17.8,37.7,0.00,0.00,0,27.52,0,30.72,39,39.11,93,47.31
98.3,38.3,0.00,0.00,0,27.52,0,30.72,38,39.11,95,47.31
12.7,38.8,0.00,0.00,0,27.52,0,30.72,44,39.11,96,47.31
14.4,39.0,0.00,0.00,0,27.52,0,30.72,45,39.11,96,47.31
22.2,39.3,0.00,0.00,0,27.52,0,30.72,42,39.11,97,47.31
21.2,39.3,0.00,0.00,0,27.52,83,30.72,41,39.11,96,47.31
19.4,39.3,0.00,0.00,0,27.52,74,30.72,41,39.11,96,47.31
21.0,39.3,0.00,0.00,0,27.52,78,30.72,59,39.11,97,47.31
19.8,39.3,0.00,0.00,0,27.52,85,30.72,53,39.11,96,47.31
18.5,39.3,0.00,0.00,0,27.52,81,30.72,42,39.11,96,47.31
20.3,39.3,0.00,0.00,0,27.52,83,30.72,45,39.11,95,47.31
18.9,39.3,0.00,0.00,0,27.52,76,30.72,42,39.11,96,47.31
20.5,39.3,0.00,0.00,0,27.52,86,30.72,47,39.11,96,47.31
20.6,39.3,0.00,0.00,0,27.52,83,30.72,42,39.11,96,47.31
19.2,39.3,0.00,0.00,0,27.52,87,30.72,42,39.11,97,47.31
21.5,39.3,0.00,0.00,0,27.52,84,30.72,40,39.11,96,47.31
13.1,38.3,0.00,0.00,0,27.52,64,30.72,46,39.11,96,47.31
17.2,38.5,0.00,0.00,0,27.52,0,30.72,47,39.11,69,25.13
13.1,33.5,0.00,0.00,0,27.52,0,30.72,43,39.11,97,25.13
51.0,33.7,0.00,0.00,0,27.52,0,30.72,47,39.11,94,25.13
13.2,34.0,0.00,0.00,0,27.52,0,30.72,41,39.11,96,25.13
18.6,34.1,0.00,0.00,0,27.52,86,30.72,46,39.11,97,25.13
19.9,34.1,0.00,0.00,0,27.52,78,30.72,42,39.11,96,25.13
20.8,34.1,0.00,0.00,0,27.52,74,30.72,42,39.11,96,25.13
21.3,34.1,0.00,0.00,0,27.52,79,30.72,44,39.11,96,25.13
10.5,34.2,0.00,0.00,0,27.52,53,30.72,27,39.11,56,25.13
10.7,34.2,0.00,0.00,0,27.52,9,30.72,24,39.11,21,25.13
9.4,34.2,0.00,0.00,0,27.52,9,30.72,27,39.11,31,25.13
9.4,34.1,0.00,0.00,0,27.52,16,30.72,26,39.11,31,25.13
21.6,34.1,0.00,0.00,0,27.52,12,30.72,38,39.11,26,25.13
10.6,34.1,0.00,0.00,0,27.52,15,30.72,25,39.11,33,25.13
9.8,34.1,0.00,0.00,0,27.52,16,30.72,27,39.11,18,25.13
9.2,34.1,0.00,0.00,0,27.52,15,30.72,25,39.11,33,25.13
19.2,34.1,0.00,0.00,0,27.52,75,30.72,44,39.11,96,25.13
21.1,34.1,0.00,0.00,0,27.52,82,30.72,43,39.11,95,25.13
19.7,34.1,0.00,0.00,0,27.52,80,30.72,42,39.11,92,25.13
10.5,33.2,0.00,0.00,0,27.52,39,30.72,21,39.11,25,25.13
77.4,33.3,0.00,0.00,0,27.52,12,30.72,25,39.11,27,25.13
10.5,33.5,0.00,0.00,0,27.52,12,30.72,24,39.11,25,25.13
57.8,33.7,0.00,0.00,0,27.52,14,30.72,30,39.11,39,25.13
21.7,33.8,0.00,0.00,0,27.52,78,30.72,40,39.11,95,25.13
31.0,34.1,0.00,0.00,0,27.52,80,30.72,39,39.11,96,25.13
20.8,34.0,0.00,0.00,0,27.52,80,30.72,43,39.11,53,25.13
10.6,33.3,0.00,0.00,0,27.52,0,30.72,23,39.11,32,25.13
12.2,33.5,0.00,0.00,0,27.52,0,30.72,26,39.11,27,25.13
11.7,33.6,0.00,0.00,0,27.52,0,30.72,28,39.11,25,25.13
17.1,33.8,0.00,0.00,0,27.52,0,30.72,43,39.11,97,25.13
14.0,34.0,0.00,0.00,0,27.52,18,30.72,44,39.11,66,24.93
16.0,32.1,0.00,0.00,0,27.52,89,30.72,44,39.11,0,2.95
8.3,28.9,0.00,0.00,0,27.52,62,30.72,29,39.11,0,2.95
9.4,28.9,0.00,0.00,0,27.52,13,30.72,27,39.11,0,2.95
9.5,28.9,0.00,0.00,0,27.52,18,30.72,28,39.11,0,2.95
17.8,28.9,0.00,0.00,0,27.52,43,30.72,46,39.11,0,2.95
14.2,28.9,0.00,0.00,0,27.52,89,30.72,43,39.11,0,2.95
72.3,29.2,0.00,0.00,0,27.52,85,30.72,42,39.11,0,2.95
99.6,29.6,0.00,0.00,0,27.52,85,30.72,38,39.11,0,10.15
18.2,31.6,0.00,0.00,0,27.52,91,30.72,45,39.11,7,22.53
18.2,35.4,0.00,0.00,0,27.52,91,30.72,42,39.11,6,29.49
15.9,37.2,0.00,0.00,0,27.52,83,30.72,41,39.11,0,29.49
15.7,37.4,0.00,0.00,0,27.52,86,30.72,39,39.11,0,29.49
32.0,37.7,0.00,0.00,0,27.52,83,30.72,38,39.11,0,29.49
83.5,37.9,0.00,0.00,0,27.52,77,30.72,43,39.11,17,38.08
14.8,37.5,0.00,0.00,0,27.52,0,30.72,40,39.11,66,38.08
15.2,37.9,0.00,0.00,0,27.52,0,30.72,41,39.11,70,38.08
25.0,38.3,0.00,0.00,0,27.52,0,30.72,41,39.11,65,38.08
16.5,38.7,0.00,0.00,0,27.52,0,30.72,39,39.11,69,38.08
96.6,39.1,0.00,0.00,0,27.52,16,30.72,40,39.11,72,38.08
20.0,39.3,0.00,0.00,0,27.52,83,30.72,43,39.11,73,38.08
21.5,39.3,0.00,0.00,0,27.52,79,30.72,45,39.11,72,38.08
19.6,39.3,0.00,0.00,0,27.52,80,30.72,41,39.11,72,38.08
20.8,39.3,0.00,0.00,0,27.52,83,30.72,43,39.11,73,38.08
20.0,39.3,0.00,0.00,0,27.52,83,30.72,43,39.11,67,38.08
18.6,39.3,0.00,0.00,0,27.52,77,30.72,42,39.11,55,38.08
19.2,39.3,0.00,0.00,0,27.52,86,30.72,43,39.11,67,38.08
20.7,39.3,0.00,0.00,0,27.52,89,30.72,43,39.11,74,38.08
21.9,39.3,0.00,0.00,0,27.52,78,30.72,44,39.11,69,38.08
20.8,39.3,0.00,0.00,0,27.52,80,30.72,28,39.11,67,38.08
22.1,38.5,0.00,0.00,0,27.52,78,30.72,45,39.11,70,38.08
81.5,37.7,0.00,0.00,0,27.52,0,30.72,42,39.11,62,38.08
14.5,38.1,0.00,0.00,0,27.52,0,30.72,39,39.11,67,38.08
15.9,38.6,0.00,0.00,0,27.52,0,30.72,46,39.11,40,46.8
60.5,38.1,0.00,0.00,0,27.52,0,30.72,43,39.11,69,46.8
15.8,38.5,0.00,0.00,0,27.52,0,30.72,41,39.11,72,46.8
21.2,38.8,0.00,0.00,0,27.52,71,30.72,41,39.11,71,46.8
22.6,39.1,0.00,0.00,0,27.52,72,30.72,41,39.11,63,46.8
29.7,39.3,0.00,0.00,0,27.52,83,30.72,42,39.11,78,46.8
20.1,39.4,0.00,0.00,0,27.52,87,30.72,45,39.11,71,46.8
20.6,39.4,0.00,0.00,0,27.52,82,30.72,41,39.11,77,46.8
21.2,39.4,0.00,0.00,0,27.52,75,30.72,38,39.11,72,46.8
20.5,39.4,0.00,0.00,0,27.52,76,30.72,43,39.11,74,46.8
20.6,39.4,0.00,0.00,0,27.52,80,30.72,44,39.11,70,46.8
20.9,39.3,0.00,0.00,0,27.52,87,30.72,48,39.11,59,46.8
19.8,39.4,0.00,0.00,0,27.52,83,30.72,43,39.11,70,46.8
20.4,39.4,0.00,0.00,0,27.52,79,30.72,44,39.11,72,46.8
21.0,39.3,0.00,0.00,0,27.52,82,30.72,42,39.11,73,46.8
12.6,34.2,0.00,0.00,0,27.52,5,2.95,46,39.11,80,46.8
12.8,34.2,0.00,0.00,0,27.52,0,2.95,48,39.11,74,46.8
12.0,34.2,0.00,0.00,0,27.52,0,2.95,47,39.11,70,46.8
13.5,34.2,0.00,0.00,0,27.52,0,2.95,47,39.11,70,46.8
10.6,34.1,0.00,0.00,0,27.52,0,2.95,47,39.11,52,46.92
14.2,33.3,0.00,0.00,0,27.52,0,2.95,46,39.11,70,46.92
13.6,33.5,0.00,0.00,0,27.52,0,2.95,42,39.11,73,46.92
15.2,33.8,0.00,0.00,0,27.52,0,2.95,46,39.11,73,46.92
15.5,34.0,0.00,0.00,0,27.52,0,2.95,41,39.11,71,46.92
12.5,34.1,0.00,0.00,0,27.52,0,2.95,48,39.11,78,46.92
12.6,34.1,0.00,0.00,0,27.52,0,2.95,49,39.11,78,46.92
11.1,34.1,0.00,0.00,0,27.52,0,2.95,47,39.11,70,46.92
11.5,34.1,0.00,0.00,0,27.52,0,2.95,49,39.11,75,46.92
11.1,34.1,0.00,0.00,0,27.52,0,2.95,44,39.11,73,46.92
12.7,34.1,0.00,0.00,0,27.52,0,2.95,49,39.11,74,46.92
11.9,34.1,0.00,0.00,0,27.52,0,2.95,49,39.11,75,46.92
14.3,34.1,0.00,0.00,0,27.52,0,2.95,24,39.11,67,46.92
14.2,33.3,0.00,0.00,0,27.52,0,2.95,45,39.11,71,46.92
13.2,33.5,0.00,0.00,0,27.52,0,2.95,42,39.11,69,46.92
13.3,33.8,0.00,0.00,0,27.52,0,2.95,44,39.11,69,46.92
14.0,34.0,0.00,0.00,0,27.52,0,2.95,44,39.11,69,46.92
11.8,34.1,0.00,0.00,0,27.52,0,2.95,46,39.11,79,46.92
11.5,34.1,0.00,0.00,0,27.52,0,2.95,45,39.11,76,46.92
13.7,34.1,0.00,0.00,0,27.52,0,2.95,45,39.11,74,24.93
12.3,28.9,0.00,0.00,0,27.52,0,2.95,45,39.11,78,24.93
12.3,28.9,0.00,0.00,0,27.52,0,2.95,44,39.11,71,24.93
11.8,28.9,0.00,0.00,0,27.52,0,2.95,46,39.11,73,24.93
12.9,28.9,0.00,0.00,0,27.52,0,2.95,45,39.11,72,24.93
12.8,28.9,0.00,0.00,0,27.52,0,2.95,49,39.11,76,24.93
12.1,28.9,0.00,0.00,0,27.52,0,2.95,45,39.11,72,24.93
12.1,28.9,0.00,0.00,0,27.52,0,2.95,47,39.11,75,24.93
12.4,28.9,0.00,0.00,0,27.52,0,2.95,42,39.11,71,24.93
12.5,28.9,0.00,0.00,0,27.52,0,2.95,42,39.11,66,24.93
11.9,28.9,0.00,0.00,0,27.52,0,2.95,45,39.11,73,24.93
11.9,28.9,0.00,0.00,0,27.52,0,2.95,44,39.11,77,24.93
12.3,28.9,0.00,0.00,0,27.52,0,2.95,42,39.11,77,24.93
10.9,28.9,0.00,0.00,0,27.52,0,2.95,43,39.11,68,24.93
11.9,28.9,0.00,0.00,0,27.52,0,2.95,43,39.11,74,24.93
11.9,28.9,0.00,0.00,0,27.52,0,2.95,46,39.11,73,24.93
12.8,28.8,0.00,0.00,0,27.52,0,2.95,43,39.11,74,24.93
12.1,28.8,0.00,0.00,0,27.52,0,2.95,44,39.11,72,24.93
12.7,28.8,0.00,0.00,0,27.52,0,2.95,45,39.11,76,24.74
6.9,27.6,0.00,0.00,0,27.52,0,2.95,43,39.11,4,2.95
5.2,23.7,0.00,0.00,0,27.52,0,2.95,44,39.11,0,2.95
5.4,23.6,0.00,0.00,0,27.52,0,2.95,44,39.11,0,2.95
5.0,23.6,0.00,0.00,0,27.52,0,2.95,49,39.11,0,2.95
5.8,23.7,0.00,0.00,0,27.52,0,2.95,43,39.11,0,2.95
5.0,23.6,0.00,0.00,0,27.52,0,2.95,42,39.11,0,2.95
5.6,23.7,0.00,0.00,0,27.52,0,2.95,45,39.11,0,2.95
5.6,23.6,0.00,0.00,0,27.52,0,2.95,50,39.11,0,2.95
5.4,23.6,0.00,0.00,0,27.52,0,2.95,41,39.11,0,2.95
8.5,23.6,0.00,0.00,0,27.52,0,2.95,32,21.03,0,2.95
5.4,18.5,0.00,0.00,0,27.52,0,2.95,50,21.03,0,2.95
5.6,18.5,0.00,0.00,0,27.52,0,2.95,48,21.03,0,2.95
5.6,18.5,0.00,0.00,0,27.52,0,2.95,44,21.03,0,2.95
6.0,18.5,0.00,0.00,0,27.52,0,2.95,47,21.03,0,2.95
5.6,18.5,0.00,0.00,0,27.52,0,2.95,47,21.03,0,2.95
5.4,18.5,0.00,0.00,0,27.52,0,2.95,44,21.03,0,2.95
6.7,18.5,0.00,0.00,0,27.52,0,2.95,53,21.03,0,2.95
5.4,18.5,0.00,0.00,0,27.52,0,2.95,47,21.03,0,2.95
6.0,18.5,0.00,0.00,0,27.52,0,2.95,45,21.03,0,2.95
5.4,18.5,0.00,0.00,0,27.52,0,2.95,45,21.03,0,2.95
5.6,18.5,0.00,0.00,0,27.52,0,2.95,61,21.03,0,2.95
5.0,18.5,0.00,0.00,0,27.52,0,2.95,48,21.03,0,2.95
4.8,18.5,0.00,0.00,0,27.52,0,2.95,47,21.03,0,2.95
5.8,18.5,0.00,0.00,0,27.52,0,2.95,46,21.03,0,2.95
5.6,18.5,0.00,0.00,0,27.52,0,2.95,47,21.03,0,2.95
5.2,18.5,0.00,0.00,0,27.52,0,2.95,45,21.03,0,2.95
5.2,18.5,0.00,0.00,0,27.52,0,2.95,47,21.03,0,2.95
5.4,18.5,0.00,0.00,0,27.52,0,2.95,46,21.03,0,2.95
6.6,18.5,0.00,0.00,0,27.52,0,2.95,46,21.03,0,2.95
5.6,18.5,0.00,0.00,0,27.52,0,2.95,46,21.03,0,2.95
5.4,18.5,0.00,0.00,0,27.52,0,2.95,46,21.03,0,2.95
5.6,18.5,0.00,0.00,0,27.52,0,2.95,44,21.03,0,2.95
5.8,18.5,0.00,0.00,0,27.52,0,2.95,44,21.03,0,2.95
6.4,18.5,0.00,0.00,0,27.52,0,2.95,49,21.03,0,2.95
5.2,18.5,0.00,0.00,0,27.52,0,2.95,47,21.03,0,2.95
5.8,18.5,0.00,0.00,0,27.52,0,2.95,48,21.03,0,2.95
5.8,18.5,0.00,0.00,0,27.52,0,2.95,47,21.03,0,2.95
5.6,18.5,0.00,0.00,0,27.52,0,2.95,47,21.03,0,2.95
5.8,18.5,0.00,0.00,0,27.52,0,2.95,50,21.03,0,2.95
5.6,18.5,0.00,0.00,0,27.52,0,2.95,46,21.03,0,2.95
5.6,18.5,0.00,0.00,0,27.52,0,2.95,46,21.03,0,2.95
5.4,18.5,0.00,0.00,0,27.52,0,2.95,46,21.03,0,2.95
4.8,18.5,0.00,0.00,0,27.52,0,2.95,44,21.03,0,2.95
2.5,17.6,0.00,0.00,0,27.52,0,2.95,0,21.03,0,2.95
2.1,17.9,0.00,0.00,0,27.52,0,2.95,0,21.03,0,2.95
2.3,18.1,0.00,0.00,0,27.52,0,2.95,0,21.03,0,2.95
2.7,18.4,0.00,0.00,0,27.52,0,2.95,10,21.03,0,2.95
6.1,18.5,0.00,0.00,0,27.52,0,2.95,50,21.03,0,2.95
5.2,18.5,0.00,0.00,0,27.52,0,2.95,43,21.03,0,2.95
6.0,18.5,0.00,0.00,0,27.52,0,2.95,48,21.03,0,2.95
5.4,18.5,0.00,0.00,0,27.52,0,2.95,45,21.03,0,2.95
6.0,18.5,0.00,0.00,0,27.52,0,2.95,45,21.03,0,2.95
5.9,18.5,0.00,0.00,0,27.52,0,2.95,48,21.03,0,2.95
5.2,18.5,0.00,0.00,0,27.52,0,2.95,47,21.03,0,2.95
5.4,18.5,0.00,0.00,0,27.52,0,2.95,44,21.03,0,2.95
5.2,18.5,0.00,0.00,0,27.52,0,2.95,43,21.03,0,2.95
5.0,18.5,0.00,0.00,0,27.52,0,2.95,47,21.03,0,2.95
5.2,18.5,0.00,0.00,0,27.52,0,2.95,45,21.03,0,2.95
6.2,18.5,0.00,0.00,0,27.52,0,2.95,47,21.03,0,2.95
6.1,18.5,0.00,0.00,0,27.52,0,2.95,50,21.03,0,2.95
5.4,18.5,0.00,0.00,0,27.52,0,2.95,46,21.03,0,2.95
5.6,18.5,0.00,0.00,0,27.52,0,2.95,44,21.03,0,2.95
5.0,18.5,0.00,0.00,0,27.52,0,2.95,47,21.03,0,2.95
5.8,18.5,0.00,0.00,0,27.52,0,2.95,47,21.03,0,2.95
5.4,18.5,0.00,0.00,0,27.52,0,2.95,48,21.03,0,2.95
4.8,18.5,0.00,0.00,0,27.52,0,2.95,45,21.03,0,2.95
5.2,18.5,0.00,0.00,0,27.52,0,2.95,42,21.03,0,2.95
5.0,18.5,0.00,0.00,0,27.52,0,2.95,43,21.03,0,2.95
5.6,18.5,0.00,0.00,0,27.52,0,2.95,42,21.03,0,2.95
5.8,18.5,0.00,0.00,0,27.52,0,2.95,42,21.03,0,2.95
5.4,18.5,0.00,0.00,0,27.52,0,2.95,41,21.03,0,2.95
5.0,18.5,0.00,0.00,0,27.52,0,2.95,48,21.03,0,2.95
5.6,18.5,0.00,0.00,0,27.52,0,2.95,46,21.03,0,2.95
5.4,18.5,0.00,0.00,0,27.52,0,2.95,46,21.03,0,2.95
5.4,18.5,0.00,0.00,0,27.52,0,2.95,45,21.03,0,2.95
4.6,18.5,0.00,0.00,0,27.52,0,2.95,42,21.03,0,2.95
5.2,18.5,0.00,0.00,0,27.52,0,2.95,43,21.03,0,2.95
5.2,18.5,0.00,0.00,0,27.52,0,2.95,46,21.03,0,2.95
5.6,18.5,0.00,0.00,0,27.52,0,2.95,45,21.03,0,2.95
5.6,18.5,0.00,0.00,0,27.52,0,2.95,48,21.03,0,2.95
5.2,18.5,0.00,0.00,0,27.52,0,2.95,44,21.03,0,2.95
2.5,13.5,0.00,0.00,0,27.52,0,2.95,3,2.95,0,2.95
0.2,13.3,0.00,0.00,0,27.52,0,2.95,0,2.95,0,2.95
0.2,13.3,0.00,0.00,0,27.52,0,2.95,0,2.95,0,2.95
0.2,13.3,0.00,0.00,0,27.52,0,2.95,0,2.95,0,2.95
0.0,13.3,0.00,0.00,0,27.52,0,2.95,0,2.95,0,2.95
0.4,13.3,0.00,0.00,0,27.52,0,2.95,0,2.95,0,2.95
0.4,13.3,0.00,0.00,0,27.52,0,2.95,0,2.95,0,2.95
0.2,13.3,0.00,0.00,0,27.52,0,2.95,0,2.95,0,2.95
0.4,13.3,0.00,0.00,0,27.52,0,2.95,0,2.95,0,2.95
0.2,13.3,0.00,0.00,0,27.52,0,2.95,0,2.95,0,2.95
0.2,13.3,0.00,0.00,0,27.52,0,2.95,0,2.95,0,2.95
0.2,13.3,0.00,0.00,0,27.52,0,2.95,0,2.95,0,2.95
0.6,13.3,0.00,0.00,0,27.52,0,2.95,0,2.95,0,2.95
0.0,13.3,0.00,0.00,0,27.52,0,2.95,0,2.95,0,2.95
0.4,13.3,0.00,0.00,0,27.52,0,2.95,0,2.95,0,2.95
0.0,13.3,0.00,0.00,0,27.52,0,2.95,0,2.95,0,2.95
0.2,13.3,0.00,0.00,0,27.52,0,2.95,0,2.95,0,2.95
0.6,13.3,0.00,0.00,0,27.52,0,2.95,0,2.95,0,2.95
0.2,13.3,0.00,0.00,0,27.52,0,2.95,0,2.95,0,2.95
0.0,13.3,0.00,0.00,0,27.52,0,2.95,0,2.95,0,2.95
0.2,13.3,0.00,0.00,0,27.52,0,2.95,0,2.95,0,2.95
0.4,13.3,0.00,0.00,0,27.52,0,2.95,0,2.95,0,2.95
0.4,13.3,0.00,0.00,0,27.52,0,2.95,0,2.95,0,2.95
0.2,13.3,0.00,0.00,0,27.52,0,2.95,0,2.95,0,2.95
0.4,13.3,0.00,0.00,0,27.52,0,2.95,0,2.95,0,2.95
2.5,13.3,0.00,0.00,0,27.52,0,2.95,0,2.95,0,2.95
0.4,13.3,0.00,0.00,0,27.52,0,2.95,0,2.95,0,2.95
0.2,13.3,0.00,0.00,0,27.52,0,2.95,0,2.95,0,2.95
0.2,13.3,0.00,0.00,0,27.52,0,2.95,0,2.95,0,2.95
0.4,13.3,0.00,0.00,0,27.52,0,2.95,0,2.95,0,2.95
0.0,13.3,0.00,0.00,0,27.52,0,2.95,0,2.95,0,2.95
0.4,13.3,0.00,0.00,0,27.52,0,2.95,0,2.95,0,2.95
0.2,13.3,0.00,0.00,0,27.52,0,2.95,0,2.95,0,2.95
0.4,13.3,0.00,0.00,0,27.52,0,2.95,0,2.95,0,2.95
0.4,13.3,0.00,0.00,0,27.52,0,2.95,0,2.95,0,2.95
0.4,13.3,0.00,0.00,0,27.52,0,2.95,0,2.95,0,2.95
0.2,13.3,0.00,0.00,0,27.52,0,2.95,0,2.95,0,2.95
0.2,13.3,0.00,0.00,0,27.52,0,2.95,0,2.95,0,2.95
0.2,13.3,0.00,0.00,0,27.52,0,2.95,0,2.95,0,2.95
0.2,13.3,0.00,0.00,0,27.52,0,2.95,0,2.95,0,2.95
0.4,13.3,0.00,0.00,0,27.52,0,2.95,0,2.95,0,2.95
0.4,13.3,0.00,0.00,0,27.52,0,2.95,0,2.95,0,2.95
0.2,13.3,0.00,0.00,0,27.52,0,2.95,0,2.95,0,2.95
0.6,13.3,0.00,0.00,0,27.52,0,2.95,0,2.95,0,2.95
0.4,13.3,0.00,0.00,0,27.52,0,2.95,0,2.95,0,2.95
0.0,13.3,0.00,0.00,0,27.52,0,2.95,0,2.95,0,2.95
0.4,13.3,0.00,0.00,0,27.52,0,2.95,0,2.95,0,2.95
0.0,13.3,0.00,0.00,0,27.52,0,2.95,0,2.95,0,2.95
0.4,13.3,0.00,0.00,0,27.52,0,2.95,0,2.95,0,2.95
0.4,13.3,0.00,0.00,0,27.52,0,2.95,0,2.95,0,2.95
0.4,13.3,0.00,0.00,0,27.52,0,2.95,0,2.95,0,2.95
0.4,13.3,0.00,0.00,0,27.52,0,2.95,0,2.95,0,2.95
0.4,13.3,0.00,0.00,0,27.52,0,2.95,0,2.95,0,2.95
0.2,13.3,0.00,0.00,0,27.52,0,2.95,0,2.95,0,2.95
0.0,13.3,0.00,0.00,0,27.52,0,2.95,0,2.95,0,2.95
0.2,13.3,0.00,0.00,0,27.52,0,2.95,0,2.95,0,2.95
0.4,13.3,0.00,0.00,0,27.52,0,2.95,0,2.95,0,2.95
0.4,13.3,0.00,0.00,0,27.52,0,2.95,0,2.95,0,2.95
0.4,13.3,0.00,0.00,0,27.52,0,2.95,0,2.95,0,2.95
0.4,13.3,0.00,0.00,0,27.52,0,2.95,0,2.95,0,2.95
0.0,13.3,0.00,0.00,0,27.52,0,2.95,0,2.95,0,2.95
0.0,13.3,0.00,0.00,0,27.52,0,2.95,0,2.95,0,2.95
0.0,13.3,0.00,0.00,0,27.52,0,2.95,0,2.95,0,2.95
0.6,13.3,0.00,0.00,0,27.52,0,2.95,0,2.95,0,2.95
0.2,13.3,0.00,0.00,0,27.52,0,2.95,0,2.95,0,2.95
0.0,13.3,0.00,0.00,0,27.52,0,2.95,0,2.95,0,2.95
0.4,13.3,0.00,0.00,0,27.52,0,2.95,0,2.95,0,2.95
0.6,13.3,0.00,0.00,0,27.52,0,2.95,0,2.95,0,2.95
0.2,13.3,0.00,0.00,0,27.52,0,2.95,0,2.95,0,2.95
0.4,13.3,0.00,0.00,0,27.52,0,2.95,0,2.95,0,2.95
0.4,13.3,0.00,0.00,0,27.52,0,2.95,0,2.95,0,2.95
0.4,13.3,0.00,0.00,0,27.52,0,2.95,0,2.95,0,2.95
0.2,13.3,0.00,0.00,0,27.52,0,2.95,0,2.95,0,2.95
0.0,13.3,0.00,0.00,0,27.52,0,2.95,0,2.95,0,2.95
0.2,13.3,0.00,0.00,0,27.52,0,2.95,0,2.95,0,2.95
0.8,13.3,0.00,0.00,0,27.52,0,2.95,0,2.95,0,2.95
0.6,13.3,0.00,0.00,0,27.52,0,2.95,0,2.95,0,2.95
0.2,13.3,0.00,0.00,0,27.52,0,2.95,0,2.95,0,2.95
0.4,13.3,0.00,0.00,0,27.52,0,2.95,0,2.95,0,2.95
0.2,13.3,0.00,0.00,0,27.52,0,2.95,0,2.95,0,2.95
0.6,13.3,0.00,0.00,0,27.52,0,2.95,0,2.95,0,2.95
0.0,13.3,0.00,0.00,0,27.52,0,2.95,0,2.95,0,2.95
0.4,13.3,0.00,0.00,0,27.52,0,2.95,0,2.95,0,2.95
0.2,13.3,0.00,0.00,0,27.52,0,2.95,0,2.95,0,2.95
0.4,13.3,0.00,0.00,0,27.52,0,2.95,0,2.95,0,2.95
0.4,13.3,0.00,0.00,0,27.52,0,2.95,0,2.95,0,2.95
0.0,13.3,0.00,0.00,0,27.52,0,2.95,0,2.95,0,2.95
0.2,13.3,0.00,0.00,0,27.52,0,2.95,0,2.95,0,2.95
0.6,13.3,0.00,0.00,0,27.52,0,2.95,0,2.95,0,2.95
0.2,13.3,0.00,0.00,0,27.52,0,2.95,0,2.95,0,2.95
0.2,13.3,0.00,0.00,0,27.52,0,2.95,0,2.95,0,2.95
0.4,13.3,0.00,0.00,0,27.52,0,2.95,0,2.95,0,2.95
0.0,13.3,0.00,0.00,0,27.52,0,2.95,0,2.95,0,2.95
0.2,13.3,0.00,0.00,0,27.52,0,2.95,0,2.95,0,2.95
0.4,13.3,0.00,0.00,0,27.52,0,2.95,0,2.95,0,2.95
0.4,13.3,0.00,0.00,0,27.52,0,2.95,0,2.95,0,2.95
0.8,13.3,0.00,0.00,0,27.52,0,2.95,0,2.95,0,2.95
0.2,13.3,0.00,0.00,0,27.52,0,2.95,0,2.95,0,2.95
0.6,13.3,0.00,0.00,0,27.52,0,2.95,0,2.95,0,2.95
0.4,13.3,0.00,0.00,0,27.52,0,2.95,0,2.95,0,2.95
0.4,13.3,0.00,0.00,0,27.52,0,2.95,0,2.95,0,2.95
0.2,13.3,0.00,0.00,0,27.52,0,2.95,0,2.95,0,2.95
0.2,13.3,0.00,0.00,0,27.52,0,2.95,0,2.95,0,2.95
0.2,13.3,0.00,0.00,0,27.52,0,2.95,0,2.95,0,2.95
0.0,13.3,0.00,0.00,0,27.52,0,2.95,0,2.95,0,2.95
4.0,13.4,0.00,0.00,0,27.52,0,2.95,0,2.95,0,2.95
3.2,13.4,0.00,0.00,0,27.52,0,2.95,0,2.95,0,2.95
3.4,13.4,0.00,0.00,0,27.52,0,2.95,0,2.95,0,2.95
3.2,13.4,0.00,0.00,0,27.52,0,2.95,0,2.95,0,2.95
3.2,13.4,0.00,0.00,0,27.52,0,2.95,0,2.95,0,2.95
4.0,13.4,0.00,0.00,0,27.52,0,2.95,0,2.95,0,2.95
0.4,13.4,0.00,0.00,0,27.52,0,2.95,0,2.95,0,2.95
0.2,13.4,0.00,0.00,0,27.52,0,2.95,0,2.95,0,2.95
0.2,13.4,0.00,0.00,0,27.52,0,2.95,0,2.95,0,2.95
0.2,13.4,0.00,0.00,0,27.52,0,2.95,0,2.95,0,2.95
0.4,13.4,0.00,0.00,0,27.52,0,2.95,0,2.95,0,2.95
0.2,13.4,0.00,0.00,0,27.52,0,2.95,0,2.95,0,2.95
0.0,13.4,0.00,0.00,0,27.52,0,2.95,0,2.95,0,2.95
0.4,13.4,0.00,0.00,0,27.52,0,2.95,0,2.95,0,2.95
0.6,13.4,0.00,0.00,0,27.52,0,2.95,0,2.95,0,2.95
0.2,13.4,0.00,0.00,0,27.52,0,2.95,0,2.95,0,2.95
0.4,13.4,0.00,0.00,0,27.52,0,2.95,0,2.95,0,2.95
0.2,13.4,0.00,0.00,0,27.52,0,2.95,0,2.95,0,2.95
0.4,13.4,0.00,0.00,0,27.52,0,2.95,0,2.95,0,2.95
0.4,13.4,0.00,0.00,0,27.52,0,2.95,0,2.95,0,2.95
0.2,13.4,0.00,0.00,0,27.52,0,2.95,0,2.95,0,2.95
0.4,13.4,0.00,0.00,0,27.52,0,2.95,0,2.95,0,2.95
0.4,13.4,0.00,0.00,0,27.52,0,2.95,0,2.95,0,2.95
0.4,13.4,0.00,0.00,0,27.52,0,2.95,0,2.95,0,2.95
0.2,13.4,0.00,0.00,0,27.52,0,2.95,0,2.95,0,2.95
0.2,13.4,0.00,0.00,0,27.52,0,2.95,0,2.95,0,2.95
0.2,13.4,0.00,0.00,0,27.52,0,2.95,0,2.95,0,2.95
0.6,13.4,0.00,0.00,0,27.52,0,2.95,0,2.95,0,2.95
0.2,13.4,0.00,0.00,0,27.52,0,2.95,0,2.95,0,2.95
0.4,13.4,0.00,0.00,0,27.52,0,2.95,0,2.95,0,2.95
0.4,13.4,0.00,0.00,0,27.52,0,2.95,0,2.95,0,2.95
0.2,13.4,0.00,0.00,0,27.52,0,2.95,0,2.95,0,2.95
0.2,13.4,0.00,0.00,0,27.52,0,2.95,0,2.95,0,2.95
0.2,13.4,0.00,0.00,0,27.52,0,2.95,0,2.95,0,2.95
0.2,13.4,0.00,0.00,0,27.52,0,2.95,0,2.95,0,2.95
0.2,13.3,0.00,0.00,0,27.52,0,2.95,0,2.95,0,2.95
0.6,13.3,0.00,0.00,0,27.52,0,2.95,0,2.95,0,2.95
0.4,13.3,0.00,0.00,0,27.52,0,2.95,0,2.95,0,2.95
0.2,13.3,0.00,0.00,0,27.52,0,2.95,0,2.95,0,2.95
0.2,13.3,0.00,0.00,0,27.52,0,2.95,0,2.95,0,2.95
0.2,13.3,0.00,0.00,0,27.52,0,2.95,0,2.95,0,2.95
0.2,13.3,0.00,0.00,0,27.52,0,2.95,0,2.95,0,2.95
0.2,13.3,0.00,0.00,0,27.52,0,2.95,0,2.95,0,2.95
0.0,13.3,0.00,0.00,0,27.52,0,2.95,0,2.95,0,2.95
0.0,13.3,0.00,0.00,0,27.52,0,2.95,0,2.95,0,2.95
0.2,13.3,0.00,0.00,0,27.52,0,2.95,0,2.95,0,2.95
0.4,13.3,0.00,0.00,0,27.52,0,2.95,0,2.95,0,2.95
0.0,13.3,0.00,0.00,0,27.52,0,2.95,0,2.95,0,2.95
0.2,13.3,0.00,0.00,0,27.52,0,2.95,0,2.95,0,2.95
0.2,13.3,0.00,0.00,0,27.52,0,2.95,0,2.95,0,2.95
0.0,13.3,0.00,0.00,0,27.52,0,2.95,0,2.95,0,2.95
0.0,13.3,0.00,0.00,0,27.52,0,2.95,0,2.95,0,2.95
0.2,13.3,0.00,0.00,0,27.52,0,2.95,0,2.95,0,2.95
0.6,13.3,0.00,0.00,0,27.52,0,2.95,0,2.95,0,2.95
0.4,13.3,0.00,0.00,0,27.52,0,2.95,0,2.95,0,2.95
0.4,13.3,0.00,0.00,0,27.52,0,2.95,0,2.95,0,2.95
0.2,13.3,0.00,0.00,0,27.52,0,2.95,0,2.95,0,2.95
0.6,13.3,0.00,0.00,0,27.52,0,2.95,0,2.95,0,2.95
0.2,13.3,0.00,0.00,0,27.52,0,2.95,0,2.95,0,2.95
0.2,13.3,0.00,0.00,0,27.52,0,2.95,0,2.95,0,2.95
0.4,13.3,0.00,0.00,0,27.52,0,2.95,0,2.95,0,2.95
0.4,13.3,0.00,0.00,0,27.52,0,2.95,0,2.95,0,2.95
0.2,13.3,0.00,0.00,0,27.52,0,2.95,0,2.95,0,2.95
0.4,13.3,0.00,0.00,0,27.52,0,2.95,0,2.95,0,2.95
0.0,13.3,0.00,0.00,0,27.52,0,2.95,0,2.95,0,2.95
0.2,13.3,0.00,0.00,0,27.52,0,2.95,0,2.95,0,2.95
0.2,13.3,0.00,0.00,0,27.52,0,2.95,0,2.95,0,2.95
0.2,13.3,0.00,0.00,0,27.52,0,2.95,0,2.95,0,2.95
0.2,13.3,0.00,0.00,0,27.52,0,2.95,0,2.95,0,2.95
0.2,13.3,0.00,0.00,0,27.52,0,2.95,0,2.95,0,2.95
0.0,13.3,0.00,0.00,0,27.52,0,2.95,0,2.95,0,2.95
0.0,13.3,0.00,0.00,0,27.52,0,2.95,0,2.95,0,2.95
0.0,13.3,0.00,0.00,0,27.52,0,2.95,0,2.95,0,2.95
0.2,13.3,0.00,0.00,0,27.52,0,2.95,0,2.95,0,2.95
0.0,13.3,0.00,0.00,0,27.52,0,2.95,0,2.95,0,2.95
0.4,13.3,0.00,0.00,0,27.52,0,2.95,0,2.95,0,2.95
0.4,13.3,0.00,0.00,0,27.52,0,2.95,0,2.95,0,2.95
0.4,13.3,0.00,0.00,0,27.52,0,2.95,0,2.95,0,2.95
0.0,13.3,0.00,0.00,0,27.52,0,2.95,0,2.95,0,2.95
0.2,13.3,0.00,0.00,0,27.52,0,2.95,0,2.95,0,2.95
0.4,13.3,0.00,0.00,0,27.52,0,2.95,0,2.95,0,2.95
0.2,13.3,0.00,0.00,0,27.52,0,2.95,0,2.95,0,2.95
0.6,13.3,0.00,0.00,0,27.52,0,2.95,0,2.95,0,2.95
0.6,13.3,0.00,0.00,0,27.52,0,2.95,0,2.95,0,2.95
0.4,13.3,0.00,0.00,0,27.52,0,2.95,0,2.95,0,2.95
0.2,13.3,0.00,0.00,0,27.52,0,2.95,0,2.95,0,2.95
0.2,13.3,0.00,0.00,0,27.52,0,2.95,0,2.95,0,2.95
0.2,13.3,0.00,0.00,0,27.52,0,2.95,0,2.95,0,2.95
0.0,13.3,0.00,0.00,0,27.52,0,2.95,0,2.95,0,2.95
0.2,13.3,0.00,0.00,0,27.52,0,2.95,0,2.95,0,2.95
