1.2,8.0,0.00,0.00,0,2.95,0,2.95,0,2.95,0,2.95
2.7,8.0,0.00,0.00,0,2.95,0,2.95,0,2.95,0,2.95
3.3,8.0,0.00,0.00,0,2.95,0,2.95,0,2.95,0,2.95
2.7,8.0,0.00,0.00,0,2.95,0,2.95,0,2.95,0,2.95
0.4,8.0,0.00,0.00,0,2.95,0,2.95,0,2.95,0,2.95
0.8,8.0,0.00,0.00,0,2.95,0,2.95,0,2.95,0,2.95
8.1,8.4,0.00,0.00,0,2.95,0,2.95,0,2.95,0,2.95
54.1,9.0,0.00,0.00,0,2.95,0,2.95,0,2.95,0,2.95
6.7,9.3,0.00,0.00,0,2.95,0,2.95,0,2.95,0,2.95
6.5,9.8,0.00,0.00,0,2.95,2,11.18,0,2.95,0,2.95
7.7,14.3,0.00,0.00,0,5.57,8,23.29,0,2.95,0,2.95
9.3,19.6,0.00,0.00,5,11.8,9,31.12,0,2.95,0,2.95
7.5,21.3,0.00,0.00,4,35.38,0,31.12,0,2.95,0,2.95
7.1,21.2,0.00,0.00,0,35.38,0,31.12,0,2.95,0,2.95
7.5,21.7,0.00,0.00,0,35.38,0,31.12,0,2.95,0,2.95
38.0,22.1,0.00,0.00,0,35.38,0,31.12,0,2.95,0,2.95
14.2,22.7,0.00,0.00,0,35.38,87,38.98,0,2.95,0,2.95
13.2,23.1,0.00,0.00,12,57.53,94,38.98,0,2.95,0,2.95
12.1,23.3,0.00,0.00,99,57.53,20,38.98,0,2.95,0,2.95
8.5,23.6,0.00,0.00,99,57.53,21,38.98,0,2.95,0,2.95
9.0,23.8,0.00,0.00,94,57.53,26,38.98,0,2.95,0,2.95
21.7,23.9,0.00,0.00,99,57.53,55,38.98,0,2.95,0,2.95
12.9,24.0,0.00,0.00,100,57.53,95,38.98,0,2.95,0,2.95
14.2,24.2,0.00,0.00,100,57.53,94,38.98,0,2.95,0,2.95
11.0,24.4,0.00,0.00,99,57.53,96,38.98,0,2.95,0,2.95
10.2,24.5,0.00,0.00,99,57.53,26,38.98,0,6.89,0,2.95
12.4,26.0,0.00,0.00,99,57.53,26,38.98,3,12.85,0,2.95
14.1,27.7,0.00,0.00,99,57.53,34,38.98,3,16.54,0,2.95
13.7,28.3,0.00,0.00,100,57.53,95,38.98,0,16.54,0,2.95
13.8,28.6,0.00,0.00,99,57.53,92,38.98,0,16.54,0,2.95
15.7,28.8,0.00,0.00,100,57.53,93,38.98,0,16.54,0,2.95
11.3,29.0,0.00,0.00,99,57.53,26,38.98,0,16.54,0,2.95
10.4,29.2,0.00,0.00,100,57.53,26,38.98,6,21.3,0,2.95
13.7,29.3,0.00,0.00,99,57.53,18,38.98,24,21.3,0,2.95
18.1,29.3,0.00,0.00,99,57.53,40,38.98,41,21.3,0,2.95
16.9,29.3,0.00,0.00,99,57.53,96,38.98,42,21.3,0,2.95
15.3,29.3,0.00,0.00,99,57.53,96,38.98,45,21.3,0,2.95
15.4,29.3,0.00,0.00,99,57.53,39,38.98,28,21.3,0,2.95
12.1,29.3,0.00,0.00,100,57.53,21,38.98,24,21.3,0,2.95
10.4,29.3,0.00,0.00,99,57.53,29,38.98,26,21.3,0,2.95
10.5,29.3,0.00,0.00,99,57.53,26,38.98,31,21.3,0,2.95
10.3,29.3,0.00,0.00,100,57.53,74,38.98,21,21.3,0,2.95
14.3,29.3,0.00,0.00,100,57.53,23,38.98,25,21.3,0,2.95
12.9,29.3,0.00,0.00,100,57.53,27,38.98,26,21.3,0,2.95
12.1,29.3,0.00,0.00,100,57.53,29,38.98,29,21.3,0,2.95
12.1,29.3,0.00,0.00,99,57.53,48,38.98,22,21.3,0,2.95
13.2,29.3,0.00,0.00,100,57.53,23,38.98,26,21.3,0,2.95
11.3,29.3,0.00,0.00,100,57.53,22,38.98,26,21.3,0,2.95
11.3,29.3,0.00,0.00,92,57.53,25,43.79,27,21.3,0,2.95
16.5,28.4,0.00,0.00,99,57.53,43,43.79,44,21.3,0,2.95
15.8,28.6,0.00,0.00,100,57.53,42,43.79,43,21.3,0,2.95
16.7,28.8,0.00,0.00,100,57.53,45,43.79,43,21.3,0,2.95
23.0,29.1,0.00,0.00,100,57.53,21,43.79,23,21.3,0,2.95
14.3,29.2,0.00,0.00,96,57.53,25,43.79,26,21.3,0,2.95
12.8,29.3,0.00,0.00,90,57.53,27,43.79,25,21.3,0,2.95
11.6,29.3,0.00,0.00,94,57.53,35,43.79,35,21.3,0,2.95
15.0,29.3,0.00,0.00,100,57.53,46,43.79,45,21.3,0,2.95
13.8,29.3,0.00,0.00,99,57.53,45,43.79,45,21.3,0,2.95
14.1,29.3,0.00,0.00,99,57.53,43,43.79,28,21.3,0,2.95
13.3,29.3,0.00,0.00,100,57.53,24,43.79,23,21.3,0,2.95
12.6,29.3,0.00,0.00,100,57.53,26,43.79,24,21.3,0,2.95
11.9,29.3,0.00,0.00,98,57.53,26,43.79,27,21.3,0,2.95
13.6,29.3,0.00,0.00,97,57.53,32,43.79,44,21.3,0,2.95
14.9,29.3,0.00,0.00,100,57.53,47,43.79,45,21.3,0,2.95
13.8,29.3,0.00,0.00,99,57.53,45,43.79,46,21.3,0,2.95
14.8,29.3,0.00,0.00,100,57.53,30,43.79,30,21.3,0,2.95
11.8,29.3,0.00,0.00,100,57.53,27,43.79,25,21.3,0,2.95
9.8,29.3,0.00,0.00,100,57.53,29,43.79,29,21.3,0,2.95
10.1,29.3,0.00,0.00,95,57.53,27,43.79,27,21.3,0,2.95
13.8,29.3,0.00,0.00,99,57.53,49,43.79,43,21.3,0,2.95
13.6,29.3,0.00,0.00,100,57.53,46,43.79,44,21.3,0,2.95
14.0,29.3,0.00,0.00,100,57.53,46,43.79,47,21.3,0,2.95
14.6,29.3,0.00,0.00,100,57.53,23,43.79,23,21.3,0,2.95
12.8,29.3,0.00,0.00,100,57.53,24,43.79,24,21.3,0,2.95
13.1,29.3,0.00,0.00,100,57.53,30,43.79,28,21.3,0,2.95
26.6,29.3,0.00,0.00,100,57.53,25,43.79,43,21.3,0,2.95
14.0,29.3,0.00,0.00,100,57.53,42,43.79,47,21.3,0,2.95
14.7,29.3,0.00,0.00,100,57.53,49,43.79,46,21.3,0,2.95
15.8,29.3,0.00,0.00,100,57.53,37,43.79,34,21.3,0,2.95
13.9,29.3,0.00,0.00,100,57.53,24,43.79,26,21.35,0,2.95
15.7,28.4,0.00,0.00,100,57.53,27,43.79,0,21.35,0,2.95
10.2,27.6,0.00,0.00,0,57.53,26,43.79,0,21.35,0,2.95
60.8,28.0,0.00,0.00,0,57.53,44,43.79,0,21.35,0,2.95
9.4,28.5,0.00,0.00,0,57.53,46,43.79,0,21.35,0,2.95
98.2,29.0,0.00,0.00,0,57.53,42,43.79,0,21.35,0,2.95
11.5,29.3,0.00,0.00,0,57.53,31,43.79,25,21.35,0,2.95
12.9,29.3,0.00,0.00,100,57.53,26,43.79,28,21.35,0,2.95
10.6,29.3,0.00,0.00,100,57.53,26,43.79,24,21.35,0,2.95
18.8,29.3,0.00,0.00,100,57.53,32,43.79,32,21.35,0,2.95
13.4,29.3,0.00,0.00,100,57.53,41,43.79,42,21.35,0,2.95
15.4,29.3,0.00,0.00,99,57.53,45,43.79,44,21.35,0,2.95
14.7,29.3,0.00,0.00,100,57.53,47,43.79,32,21.35,0,2.95
12.2,29.3,0.00,0.00,100,57.53,23,43.79,27,21.35,0,2.95
12.6,29.3,0.00,0.00,100,57.53,28,43.79,26,21.35,0,2.95
16.3,28.3,0.00,0.00,100,57.53,26,43.84,29,21.35,0,2.95
20.9,28.5,0.00,0.00,100,57.53,94,43.84,43,21.35,0,2.95
17.9,28.7,0.00,0.00,99,57.53,95,43.84,42,21.35,0,2.95
18.4,28.9,0.00,0.00,100,57.53,93,43.84,45,21.35,0,2.95
13.7,29.2,0.00,0.00,100,57.53,40,43.84,21,21.35,0,2.95
10.3,29.3,0.00,0.00,95,57.53,18,43.84,25,21.35,0,2.95
12.6,29.4,0.00,0.00,88,57.53,26,43.84,25,21.35,0,2.95
13.1,29.4,0.00,0.00,96,57.53,23,43.84,28,21.35,0,2.95
16.2,29.3,0.00,0.00,100,57.53,93,43.84,45,21.35,0,2.95
16.2,29.3,0.00,0.00,100,57.53,96,43.84,44,21.35,0,2.95
16.6,29.3,0.00,0.00,99,57.53,94,43.84,39,21.35,0,2.95
13.8,29.4,0.00,0.00,100,57.53,21,43.84,23,21.35,0,2.95
12.3,29.3,0.00,0.00,100,57.53,23,43.84,26,21.35,0,2.95
13.0,29.4,0.00,0.00,94,57.53,29,43.84,25,21.35,0,2.95
17.7,29.4,0.00,0.00,92,57.53,26,43.84,39,21.35,0,2.95
16.1,29.3,0.00,0.00,100,57.53,94,43.84,44,21.35,0,2.95
16.9,29.3,0.00,0.00,100,57.53,96,43.84,45,21.35,0,2.95
13.0,29.3,0.00,0.00,100,57.53,75,43.84,22,21.35,0,2.95
13.0,29.3,0.00,0.00,100,57.53,23,43.84,21,21.35,0,2.95
15.2,29.3,0.00,0.00,100,57.53,27,43.84,30,21.35,0,2.95
15.4,29.3,0.00,0.00,100,57.53,24,43.84,26,21.35,0,2.95
17.6,29.3,0.00,0.00,100,57.53,76,43.84,45,21.35,0,2.95
17.5,29.3,0.00,0.00,100,57.53,95,43.84,48,21.35,0,2.95
16.7,29.3,0.00,0.00,99,57.53,96,43.84,43,21.35,0,2.95
11.3,29.3,0.00,0.00,100,57.53,78,43.84,25,21.35,0,2.95
14.2,29.3,0.00,0.00,99,57.53,22,43.84,25,21.35,0,2.95
12.6,29.3,0.00,0.00,100,57.53,28,43.84,27,21.35,0,2.95
11.7,29.3,0.00,0.00,94,57.53,29,43.84,29,21.35,0,2.95
11.7,29.3,0.00,0.00,100,57.53,71,43.84,51,21.35,0,2.95
16.1,28.4,0.00,0.00,100,57.53,46,43.84,41,21.35,0,2.95
17.3,28.6,0.00,0.00,100,57.53,41,43.84,44,21.35,0,2.95
16.4,28.9,0.00,0.00,100,57.53,21,43.84,21,21.35,0,2.95
9.9,29.0,0.00,0.00,99,57.53,24,43.84,24,21.35,0,2.95
96.8,29.2,0.00,0.00,95,57.53,24,43.84,24,21.35,0,2.95
13.4,29.3,0.00,0.00,88,57.53,26,43.84,36,21.35,0,2.95
13.7,29.3,0.00,0.00,97,57.53,42,43.84,44,21.35,0,2.95
14.4,29.3,0.00,0.00,100,57.53,39,43.84,43,21.35,0,2.95
13.3,29.3,0.00,0.00,100,57.53,44,43.84,30,21.35,0,2.95
11.8,28.5,0.00,0.00,100,57.53,23,43.84,0,21.35,0,2.95
97.1,28.7,0.00,0.00,100,57.53,25,43.84,0,21.35,0,2.95
20.3,28.8,0.00,0.00,100,57.53,27,43.84,0,21.35,0,2.95
46.8,29.0,0.00,0.00,100,57.53,47,43.84,0,21.35,0,2.95
25.3,29.2,0.00,0.00,99,57.53,48,43.84,0,21.35,0,2.95
14.0,29.3,0.00,0.00,100,57.53,44,43.84,45,21.35,0,2.95
12.3,29.3,0.00,0.00,99,57.53,32,43.84,23,21.35,0,2.95
13.5,29.3,0.00,0.00,100,57.53,24,43.84,26,21.35,0,2.95
14.5,29.3,0.00,0.00,100,57.53,27,43.84,27,21.35,0,2.95
12.6,29.3,0.00,0.00,100,57.53,29,43.84,25,21.35,0,2.95
13.2,29.3,0.00,0.00,100,57.53,49,43.84,47,21.35,0,2.95
15.4,29.4,0.00,0.00,100,57.53,39,43.84,32,21.35,0,2.95
12.5,29.3,0.00,0.00,100,57.53,24,43.84,27,21.35,0,2.95
13.8,29.3,0.00,0.00,100,57.53,27,43.84,26,21.35,0,2.95
13.1,29.3,0.00,0.00,100,57.53,26,43.84,29,21.35,0,2.95
10.9,29.3,0.00,0.00,100,57.53,26,43.84,37,21.35,0,2.95
13.9,29.3,0.00,0.00,100,57.53,24,43.84,24,21.35,0,2.95
10.8,29.3,0.00,0.00,100,57.53,29,43.84,30,21.35,0,2.95
9.0,24.0,0.00,0.00,27,2.95,28,43.84,34,21.35,0,2.95
10.9,24.0,0.00,0.00,0,2.95,44,43.84,44,21.35,0,2.95
10.0,23.9,0.00,0.00,0,2.95,43,43.84,47,21.35,0,2.95
12.4,23.9,0.00,0.00,0,2.95,42,43.84,47,21.35,0,2.95
93.3,24.5,0.00,0.00,0,2.95,25,43.84,21,21.35,0,2.95
19.3,25.2,0.00,0.00,0,2.95,25,43.84,24,21.35,0,2.95
12.0,25.5,0.00,0.00,0,2.95,29,43.84,29,21.35,0,2.95
22.5,25.7,0.00,0.00,0,3.07,33,43.84,48,30.16,5,8.67
18.2,32.3,0.00,0.00,2,10.26,40,43.84,49,42.39,5,14.7
19.1,39.4,0.00,0.00,3,17.61,45,43.84,46,48.52,6,19.93
11.9,41.1,0.00,0.00,3,19.93,29,43.84,33,48.52,0,19.93
88.5,41.7,0.00,0.00,0,19.93,21,43.84,22,48.52,0,19.93
29.7,42.1,0.00,0.00,0,19.93,27,43.84,24,48.52,0,19.93
16.7,42.6,0.00,0.00,0,19.93,28,43.84,27,48.52,0,19.93
15.9,43.3,0.00,0.00,0,19.93,42,43.84,40,53.28,34,33.87
25.0,44.2,0.00,0.00,0,33.87,41,43.84,79,53.28,98,33.87
43.3,44.4,0.00,0.00,96,33.87,41,43.84,69,53.28,97,33.87
15.1,44.6,0.00,0.00,97,33.87,17,43.84,33,53.28,45,33.87
21.4,44.8,0.00,0.00,59,33.87,23,43.84,32,53.28,52,33.87
14.6,45.0,0.00,0.00,45,33.87,18,43.84,37,53.28,46,33.87
25.6,45.2,0.00,0.00,68,33.87,18,43.84,34,53.28,53,33.87
27.2,45.2,0.00,0.00,63,33.87,23,43.84,56,53.28,97,33.87
27.4,40.1,0.00,0.00,97,33.87,80,25.45,76,53.28,97,33.87
23.9,40.0,0.00,0.00,97,33.87,96,25.45,77,53.28,97,33.87
20.6,40.0,0.00,0.00,97,33.87,77,25.45,45,53.28,97,33.87
12.4,40.0,0.00,0.00,72,33.87,25,25.45,32,53.28,55,33.87
16.5,40.0,0.00,0.00,62,33.87,18,25.45,36,53.28,39,33.87
13.2,40.0,0.00,0.00,67,33.87,24,25.45,33,53.28,55,33.87
20.1,40.0,0.00,0.00,49,33.87,22,25.45,39,53.28,97,33.87
25.9,39.9,0.00,0.00,69,33.87,78,25.45,75,53.28,97,33.87
25.6,39.9,0.00,0.00,97,33.87,96,25.45,77,53.28,98,33.87
26.7,39.9,0.00,0.00,96,33.87,96,25.45,77,53.28,98,33.87
15.6,40.0,0.00,0.00,97,33.87,17,25.45,35,53.28,48,33.87
16.5,40.0,0.00,0.00,58,33.87,24,25.45,32,53.28,55,33.87
17.7,40.0,0.00,0.00,51,33.87,20,25.45,32,53.28,62,33.87
17.5,40.0,0.00,0.00,62,33.87,18,25.45,37,53.28,55,33.87
21.4,40.0,0.00,0.00,49,33.87,29,25.45,52,53.28,96,33.87
23.2,35.1,0.00,0.00,97,33.87,96,25.45,52,34.88,98,33.87
20.4,34.6,0.00,0.00,97,33.87,96,25.45,46,34.88,97,33.87
21.4,34.6,0.00,0.00,97,33.87,95,25.45,30,34.88,94,33.87
13.4,34.7,0.00,0.00,80,33.87,26,25.45,21,34.88,57,33.87
14.2,34.7,0.00,0.00,49,33.87,21,25.45,22,34.88,60,33.87
13.8,34.7,0.00,0.00,69,33.87,19,25.45,24,34.88,49,33.87
13.6,34.6,0.00,0.00,68,33.87,20,25.45,27,34.88,50,33.87
99.4,32.7,0.00,0.00,41,33.87,90,25.45,44,34.88,0,33.87
16.3,33.1,0.00,0.00,0,33.87,92,25.45,44,34.88,0,33.87
16.8,33.5,0.00,0.00,0,33.87,92,25.45,34,34.88,0,33.87
13.2,33.9,0.00,0.00,0,33.87,26,25.45,24,34.88,0,33.87
13.1,34.3,0.00,0.00,0,33.87,24,25.45,26,34.88,0,33.87
14.3,34.6,0.00,0.00,0,33.87,19,25.45,23,34.88,71,33.87
19.5,34.6,0.00,0.00,54,33.87,41,25.45,36,34.88,98,33.87
22.2,34.6,0.00,0.00,97,33.87,96,25.45,49,34.88,98,33.87
38.8,33.7,0.00,0.00,97,33.87,0,25.45,42,34.88,97,33.87
14.4,33.9,0.00,0.00,97,33.87,0,25.45,22,34.88,83,33.87
10.5,34.0,0.00,0.00,81,33.87,0,25.45,19,34.88,54,33.87
16.8,34.2,0.00,0.00,49,33.87,0,25.45,27,34.88,59,33.87
13.0,34.4,0.00,0.00,59,33.87,0,25.45,24,34.88,65,33.87
26.3,34.6,0.00,0.00,84,33.87,17,25.45,38,34.88,97,33.87
21.1,34.6,0.00,0.00,97,33.87,96,25.45,43,34.88,97,33.87
20.3,34.6,0.00,0.00,97,33.87,96,25.45,46,34.88,98,33.87
14.6,34.6,0.00,0.00,98,33.87,94,25.45,24,34.88,98,33.87
11.3,34.6,0.00,0.00,75,33.87,17,25.45,20,34.88,59,33.87
16.5,34.6,0.00,0.00,54,33.87,20,25.45,24,34.88,58,33.87
14.9,34.6,0.00,0.00,53,33.87,19,25.45,25,34.88,58,33.87
11.0,34.6,0.00,0.00,54,33.87,35,25.45,32,34.88,97,33.87
20.1,33.6,0.00,0.00,97,33.87,95,25.45,26,39.69,97,33.87
23.4,33.8,0.00,0.00,96,33.87,92,25.45,43,39.69,96,33.87
16.1,34.1,0.00,0.00,97,33.87,93,25.45,26,39.69,97,33.87
15.0,34.3,0.00,0.00,97,33.87,19,25.45,20,39.69,59,33.87
14.2,34.4,0.00,0.00,41,33.87,25,25.45,23,39.69,68,33.87
12.5,34.6,0.00,0.00,55,33.87,21,25.45,20,39.69,53,33.87
12.0,34.7,0.00,0.00,65,33.87,24,25.45,24,39.69,74,33.87
20.9,34.6,0.00,0.00,90,33.87,74,25.45,47,39.69,98,33.87
19.6,34.6,0.00,0.00,98,33.87,95,25.45,46,39.69,98,33.87
20.0,34.6,0.00,0.00,98,33.87,93,25.45,47,39.69,98,33.87
13.4,34.7,0.00,0.00,98,33.87,19,25.45,19,39.69,71,33.87
13.1,34.7,0.00,0.00,70,33.87,21,25.45,25,39.69,5,2.95
10.1,24.1,0.00,0.00,5,2.95,32,25.45,30,39.69,0,2.95
9.5,24.1,0.00,0.00,0,2.95,26,25.45,41,39.69,0,2.95
15.0,24.1,0.00,0.00,0,2.95,95,25.45,47,39.69,0,2.95
17.6,24.5,0.00,0.00,0,2.95,92,25.45,45,39.69,0,2.95
15.8,24.8,0.00,0.00,0,2.95,96,25.45,46,39.69,0,2.95
10.9,26.4,0.00,0.00,0,2.95,28,25.45,22,39.69,3,8.16
14.8,29.1,0.00,0.00,2,9.24,20,25.45,29,39.69,4,14.36
11.8,32.6,0.00,0.00,4,15.34,29,25.45,30,39.69,9,35.48
16.7,32.4,0.00,0.00,15,35.48,86,25.45,43,39.69,0,35.48
27.8,31.8,0.00,0.00,0,35.48,29,25.45,41,39.69,0,35.48
31.9,32.4,0.00,0.00,0,35.48,0,25.45,43,39.69,0,35.48
35.0,33.0,0.00,0.00,0,35.48,0,25.45,26,39.69,0,35.48
10.6,33.6,0.00,0.00,0,35.48,0,25.45,24,39.69,0,35.48
12.4,34.1,0.00,0.00,0,35.48,0,25.45,26,39.69,99,59.41
29.2,34.4,0.00,0.00,98,59.41,0,25.45,41,39.69,100,59.41
18.2,34.6,0.00,0.00,100,59.41,95,25.45,45,39.69,100,59.41
17.6,34.6,0.00,0.00,100,59.41,96,25.45,45,39.69,100,59.41
13.7,34.6,0.00,0.00,100,59.41,27,25.45,21,39.69,100,59.41
15.7,34.6,0.00,0.00,100,59.41,20,25.45,24,39.69,100,59.41
13.9,34.6,0.00,0.00,100,59.41,20,25.45,25,39.69,100,59.41
15.4,34.6,0.00,0.00,100,59.41,29,25.45,25,39.69,100,59.41
13.2,34.6,0.00,0.00,100,59.41,61,25.45,28,39.69,100,59.41
21.3,34.6,0.00,0.00,100,59.41,30,25.45,24,39.69,100,59.41
15.8,34.6,0.00,0.00,100,59.41,21,25.45,23,39.69,100,59.41
16.4,34.6,0.00,0.00,100,59.41,24,25.45,25,39.69,100,59.41
21.0,34.6,0.00,0.00,100,59.41,80,25.45,46,39.69,100,59.41
19.8,34.6,0.00,0.00,100,59.41,96,25.45,47,39.69,100,59.41
19.0,34.6,0.00,0.00,100,59.41,96,25.45,44,39.69,100,59.41
20.9,34.6,0.00,0.00,100,59.41,95,25.45,48,39.69,100,59.41
17.3,34.6,0.00,0.00,100,59.41,95,25.45,43,39.69,100,59.41
19.2,34.6,0.00,0.00,100,59.41,96,25.45,43,39.69,100,59.41
18.7,34.6,0.00,0.00,100,59.41,97,25.45,46,39.69,100,59.41
19.2,34.6,0.00,0.00,100,59.41,96,25.45,45,39.74,100,59.41
21.2,33.6,0.00,0.00,100,59.41,96,25.45,26,39.74,100,59.41
22.6,33.8,0.00,0.00,100,59.41,93,25.45,47,39.74,100,59.41
28.2,34.0,0.00,0.00,100,59.41,96,25.45,41,39.74,100,59.41
19.9,34.2,0.00,0.00,100,59.41,96,25.45,42,39.74,100,59.41
54.2,34.5,0.00,0.00,100,59.41,94,25.45,43,39.74,100,59.41
15.4,34.6,0.00,0.00,100,59.41,82,25.45,42,39.74,100,59.41
13.7,33.7,0.00,0.00,100,59.41,0,25.45,43,39.74,100,59.41
13.0,33.9,0.00,0.00,100,59.41,0,25.45,45,39.74,100,59.41
12.6,34.1,0.00,0.00,100,59.41,0,25.45,42,39.74,100,59.41
15.9,34.4,0.00,0.00,100,59.41,0,25.45,45,39.74,100,59.41
17.3,34.6,0.00,0.00,100,59.41,82,25.45,48,39.74,100,59.41
20.5,34.5,0.00,0.00,100,59.41,96,25.45,46,39.74,100,59.41
20.3,34.5,0.00,0.00,100,59.41,96,25.45,45,39.74,100,59.41
18.8,34.5,0.00,0.00,100,59.41,96,25.45,45,39.74,100,59.41
17.5,34.5,0.00,0.00,100,59.41,96,25.45,54,39.74,100,59.41
21.4,34.5,0.00,0.00,100,59.41,96,25.45,50,39.74,100,59.41
18.2,34.5,0.00,0.00,100,59.41,96,25.45,47,39.74,100,59.41
17.3,34.5,0.00,0.00,100,59.41,96,25.45,46,39.74,100,59.41
20.1,34.6,0.00,0.00,100,59.41,96,25.45,47,39.74,100,59.41
18.0,34.5,0.00,0.00,100,59.41,96,25.45,47,39.74,100,59.41
15.7,34.5,0.00,0.00,100,59.41,97,25.45,48,39.74,48,59.41
45.1,32.6,0.00,0.00,37,59.41,97,25.45,44,39.74,0,59.41
16.0,33.0,0.00,0.00,0,59.41,94,25.45,41,39.74,0,59.41
14.7,33.4,0.00,0.00,0,59.41,96,25.45,45,39.74,0,59.41
16.2,33.8,0.00,0.00,0,59.41,93,25.45,42,39.74,0,59.41
31.4,34.3,0.00,0.00,0,59.41,96,25.45,44,39.74,79,59.41
21.2,34.5,0.00,0.00,91,59.41,97,25.45,48,39.74,100,59.41
18.8,34.5,0.00,0.00,100,59.41,97,25.45,47,39.74,100,59.41
17.5,34.5,0.00,0.00,100,59.41,97,25.45,45,39.74,100,59.41
14.4,33.5,0.00,0.00,100,59.41,60,2.95,48,39.74,100,59.41
11.0,29.1,0.00,0.00,100,59.41,0,2.95,46,39.74,100,59.41
13.0,29.2,0.00,0.00,100,59.41,0,2.95,46,39.74,100,59.41
12.1,29.1,0.00,0.00,100,59.41,0,2.95,47,39.74,100,59.41
15.0,29.1,0.00,0.00,100,59.41,0,2.95,24,39.74,100,59.41
18.8,28.6,0.00,0.00,100,59.41,0,2.95,41,39.74,100,59.41
51.7,29.2,0.00,0.00,100,59.41,0,2.95,41,39.74,100,59.41
18.6,29.7,0.00,0.00,100,59.41,0,8.35,45,39.74,100,59.41
20.2,32.8,0.00,0.00,100,59.41,9,19.5,43,39.74,100,59.41
13.6,36.6,0.00,0.00,100,59.41,9,30.12,46,39.74,100,59.41
16.3,37.7,0.00,0.00,100,59.41,0,30.12,48,39.74,100,59.41
12.8,38.0,0.00,0.00,100,59.41,0,30.12,45,39.74,100,59.41
13.0,38.2,0.00,0.00,100,59.41,0,30.12,46,39.74,100,59.41
15.5,38.4,0.00,0.00,100,59.41,0,30.12,42,39.74,100,59.41
19.5,38.8,0.00,0.00,100,59.41,7,38.72,40,39.74,100,59.41
20.2,39.0,0.00,0.00,100,59.41,72,38.72,40,39.74,100,59.41
19.5,39.3,0.00,0.00,100,59.41,67,38.72,44,39.74,100,59.41
29.4,39.5,0.00,0.00,100,59.41,72,38.72,42,39.74,100,59.41
20.9,39.7,0.00,0.00,100,59.41,70,38.72,41,39.74,100,59.41
18.5,39.9,0.00,0.00,100,59.41,71,38.72,43,39.74,100,59.41
21.5,39.9,0.00,0.00,100,59.41,75,38.72,43,39.74,100,59.41
19.4,39.9,0.00,0.00,100,59.41,71,38.72,44,39.74,100,59.41
17.5,39.9,0.00,0.00,100,59.41,71,38.72,44,39.74,100,59.41
19.4,39.9,0.00,0.00,100,59.41,70,38.72,44,39.74,100,59.41
17.1,39.9,0.00,0.00,100,59.41,73,38.72,46,39.74,100,59.41
18.5,39.9,0.00,0.00,100,59.41,74,38.72,41,39.74,100,59.41
19.9,39.9,0.00,0.00,100,59.41,74,38.72,44,39.74,100,59.41
20.3,39.9,0.00,0.00,100,59.41,79,38.72,45,39.74,100,59.41
17.1,39.9,0.00,0.00,100,59.41,71,38.72,43,39.74,100,59.41
20.0,39.9,0.00,0.00,100,59.41,68,38.72,45,39.74,100,59.41
18.2,39.9,0.00,0.00,100,59.41,77,38.72,48,39.74,100,59.41
18.6,39.9,0.00,0.00,100,59.41,76,38.72,46,39.74,100,59.41
21.7,38.9,0.00,0.00,100,59.41,33,47.43,44,39.74,100,59.41
20.3,39.1,0.00,0.00,100,59.41,71,47.43,45,39.74,100,59.41
27.9,39.4,0.00,0.00,100,59.41,70,47.43,41,39.74,99,59.41
20.9,39.6,0.00,0.00,100,59.41,75,47.43,40,39.74,100,59.41
17.7,39.8,0.00,0.00,100,59.41,74,47.43,43,39.74,23,59.41
41.8,38.0,0.00,0.00,18,59.41,69,47.43,43,39.74,0,59.41
28.9,38.5,0.00,0.00,0,59.41,70,47.43,41,39.74,0,59.41
18.1,33.7,0.00,0.00,0,59.41,72,47.43,45,21.35,0,59.41
15.5,34.0,0.00,0.00,0,59.41,75,47.43,44,21.35,0,59.41
16.2,34.4,0.00,0.00,0,59.41,69,47.43,44,21.35,97,59.41
19.5,34.6,0.00,0.00,100,59.41,82,47.43,45,21.35,100,59.41
19.5,34.6,0.00,0.00,100,59.41,78,47.43,48,21.35,100,59.41
16.9,34.6,0.00,0.00,100,59.41,75,47.43,46,21.35,100,59.41
19.2,34.6,0.00,0.00,100,59.41,76,47.43,46,21.35,100,59.41
17.1,34.6,0.00,0.00,100,59.41,78,47.43,45,21.35,100,59.41
19.0,34.6,0.00,0.00,100,59.41,75,47.43,47,21.35,100,59.41
19.0,34.6,0.00,0.00,100,59.41,78,47.43,46,21.35,100,59.41
19.4,34.6,0.00,0.00,100,59.41,77,47.43,49,21.35,100,59.41
18.7,34.6,0.00,0.00,100,59.41,81,47.55,56,21.35,100,59.41
20.3,33.7,0.00,0.00,100,59.41,72,47.55,38,21.35,100,59.41
19.6,34.0,0.00,0.00,100,59.41,70,47.55,43,21.35,100,59.41
22.5,34.2,0.00,0.00,100,59.41,70,47.55,42,21.35,100,59.41
66.7,34.4,0.00,0.00,100,59.41,67,47.55,40,21.35,100,59.41
19.8,34.6,0.00,0.00,100,59.41,71,47.55,44,21.35,100,59.41
19.2,34.6,0.00,0.00,100,59.41,81,47.55,46,21.35,100,59.41
17.4,34.6,0.00,0.00,100,59.41,70,47.55,48,21.35,100,59.41
18.6,34.6,0.00,0.00,100,59.41,78,47.55,41,21.35,100,59.41
18.8,34.6,0.00,0.00,100,59.41,75,47.55,42,21.35,100,59.41
19.2,34.6,0.00,0.00,100,59.41,73,47.55,46,21.35,100,59.41
18.1,34.6,0.00,0.00,100,59.41,76,47.55,44,21.35,100,59.41
20.1,34.6,0.00,0.00,100,59.41,75,47.55,41,21.35,100,59.41
18.8,34.6,0.00,0.00,100,59.41,79,47.55,46,21.35,100,59.41
20.0,34.6,0.00,0.00,100,59.41,75,47.55,44,21.35,100,59.41
19.6,34.6,0.00,0.00,100,59.41,80,47.55,45,21.35,100,59.41
18.4,34.6,0.00,0.00,100,59.41,79,47.55,44,21.35,100,59.41
19.2,34.6,0.00,0.00,100,59.41,81,47.55,44,21.35,100,59.41
18.0,34.6,0.00,0.00,100,59.41,79,47.55,46,21.35,100,59.41
18.4,33.6,0.00,0.00,100,59.41,43,47.55,41,21.35,100,59.41
31.6,33.8,0.00,0.00,100,59.41,71,47.55,46,21.35,100,59.41
18.8,34.0,0.00,0.00,100,59.41,75,47.55,43,21.35,100,59.41
20.0,34.2,0.00,0.00,100,59.41,76,47.55,43,21.35,100,59.41
39.0,33.5,0.00,0.00,100,59.41,63,47.55,0,21.35,100,59.41
74.0,33.9,0.00,0.00,100,59.41,69,47.55,0,21.35,100,59.41
55.7,34.2,0.00,0.00,100,59.41,71,47.55,0,21.35,100,59.41
50.3,34.4,0.00,0.00,100,59.41,72,47.55,0,21.35,100,59.41
18.6,34.6,0.00,0.00,100,59.41,72,47.55,52,21.35,100,59.41
19.3,34.6,0.00,0.00,100,59.41,79,47.55,47,21.35,100,59.41
16.8,34.6,0.00,0.00,100,59.41,77,47.55,46,21.35,100,59.41
17.3,34.6,0.00,0.00,100,59.41,77,47.55,46,21.35,100,59.41
19.8,34.6,0.00,0.00,100,59.41,76,47.55,49,21.35,100,59.41
17.6,34.6,0.00,0.00,100,59.41,77,47.55,46,21.35,35,2.95
13.6,24.3,0.00,0.00,56,2.95,71,47.55,44,21.35,0,2.95
12.5,24.1,0.00,0.00,0,2.95,74,47.55,46,21.35,0,2.95
12.5,24.0,0.00,0.00,0,2.95,77,47.55,44,21.35,0,2.95
18.0,24.5,0.00,0.00,0,2.95,67,47.55,40,21.35,0,2.95
18.7,25.1,0.00,0.00,0,2.95,73,47.55,43,21.35,0,2.95
19.8,26.4,0.00,0.00,0,8.22,42,47.55,48,21.35,3,9.21
20.5,30.4,0.00,0.00,8,19.84,74,47.55,42,21.35,3,15.1
79.2,35.9,0.00,0.00,8,30.12,66,47.55,42,21.35,0,24.4
96.3,36.6,0.00,0.00,0,30.12,67,47.55,41,21.35,0,24.4
17.2,37.3,0.00,0.00,0,30.12,65,47.55,43,21.35,0,24.4
16.1,37.9,0.00,0.00,0,30.12,67,47.55,52,21.35,0,24.4
15.7,38.3,0.00,0.00,0,30.12,72,47.55,41,21.35,0,31.01
30.5,38.9,0.00,0.00,0,38.72,71,47.55,39,21.35,99,31.01
29.5,39.2,0.00,0.00,69,38.72,73,47.55,41,21.35,98,31.01
29.5,39.4,0.00,0.00,65,38.72,71,47.55,42,21.35,96,31.01
40.0,39.6,0.00,0.00,60,38.72,72,47.55,41,21.35,97,31.01
27.9,39.8,0.00,0.00,64,38.72,69,47.55,38,21.35,98,31.01
26.4,40.0,0.00,0.00,68,38.72,77,47.55,43,21.35,98,31.01
26.0,40.0,0.00,0.00,67,38.72,71,47.55,40,21.35,98,31.01
27.1,40.0,0.00,0.00,62,38.72,72,47.55,42,21.35,98,31.01
26.4,40.0,0.00,0.00,59,38.72,72,47.55,40,21.35,98,31.01
24.6,40.0,0.00,0.00,61,38.72,69,47.55,38,21.35,98,31.01
27.1,40.0,0.00,0.00,62,38.72,74,47.55,42,21.35,98,31.01
28.4,40.0,0.00,0.00,65,38.72,68,47.55,40,21.35,98,31.01
29.8,40.0,0.00,0.00,64,38.72,73,47.55,40,21.35,98,31.01
23.9,40.0,0.00,0.00,66,38.72,44,47.55,44,21.35,98,31.01
27.3,39.1,0.00,0.00,70,38.72,71,47.55,39,21.35,98,31.01
30.4,39.4,0.00,0.00,62,38.72,72,47.55,41,21.35,2,31.01
22.9,38.7,0.00,0.00,67,38.72,70,47.55,41,21.35,0,31.01
90.0,39.0,0.00,0.00,66,38.72,70,47.55,24,2.95,0,31.01
27.2,34.2,0.00,0.00,66,38.72,76,47.55,0,2.95,0,31.01
15.5,34.5,0.00,0.00,66,39.08,72,47.55,0,2.95,0,31.01
24.3,33.8,0.00,0.00,62,47.43,73,47.55,0,2.95,98,31.01
23.6,34.1,0.00,0.00,67,47.43,73,47.55,0,2.95,96,31.01
26.5,34.3,0.00,0.00,66,47.43,74,47.55,0,2.95,98,31.01
28.3,34.6,0.00,0.00,65,47.43,73,47.55,0,2.95,95,31.01
29.8,35.0,0.00,0.00,64,47.43,71,47.55,0,2.95,97,31.01
25.1,35.2,0.00,0.00,67,47.43,74,47.55,0,2.95,99,31.01
24.3,36.1,0.00,0.00,77,47.43,71,47.55,0,5.38,99,31.01
24.8,37.0,0.00,0.00,71,47.43,79,47.55,4,11.24,98,31.01
23.0,38.8,0.00,0.00,64,47.43,71,47.55,6,35.38,98,31.01
42.5,39.0,0.00,0.00,66,47.43,74,47.55,5,35.38,99,31.01
24.5,39.3,0.00,0.00,66,47.43,73,47.55,0,35.38,97,31.01
23.0,39.5,0.00,0.00,68,47.43,65,47.55,0,35.38,98,31.01
31.1,39.7,0.00,0.00,65,47.43,76,47.55,0,35.38,98,31.01
25.6,38.9,0.00,0.00,69,47.43,33,47.55,51,57.53,98,31.01
28.5,39.2,0.00,0.00,60,47.43,71,47.55,99,57.53,98,31.01
98.6,39.4,0.00,0.00,72,47.43,68,47.55,99,57.53,62,31.01
21.5,38.7,0.00,0.00,70,47.43,68,47.55,99,57.53,0,31.01
22.3,39.1,0.00,0.00,66,47.43,69,47.55,99,57.53,0,31.01
19.5,39.5,0.00,0.00,69,47.55,76,47.55,100,57.53,0,31.01
24.2,38.8,0.00,0.00,64,47.55,74,47.55,99,57.53,0,31.01
38.8,39.3,0.00,0.00,69,47.55,75,47.55,99,57.53,29,31.01
28.7,39.6,0.00,0.00,65,47.55,72,47.55,99,57.53,96,31.01
28.3,39.9,0.00,0.00,66,47.55,72,47.55,99,57.53,98,31.01
25.8,40.0,0.00,0.00,69,47.55,72,47.55,99,57.53,98,31.01
26.0,40.1,0.00,0.00,69,47.55,70,47.55,99,57.53,99,31.01
26.0,40.0,0.00,0.00,63,47.55,64,47.55,99,57.53,98,31.01
26.5,40.0,0.00,0.00,67,47.55,67,47.55,99,57.53,99,31.01
26.4,40.0,0.00,0.00,68,47.55,74,47.55,99,57.53,98,31.01
25.9,40.0,0.00,0.00,68,47.55,66,47.55,99,57.53,99,31.01
27.3,40.0,0.00,0.00,69,47.55,72,47.55,99,57.53,98,31.01
26.6,40.0,0.00,0.00,67,47.55,66,47.55,99,57.53,99,31.01
25.9,40.1,0.00,0.00,64,47.55,73,47.55,100,57.53,98,31.01
25.4,40.0,0.00,0.00,58,47.55,71,47.55,99,57.53,99,31.01
26.5,39.0,0.00,0.00,68,47.55,36,47.55,99,57.53,97,31.01
27.0,39.2,0.00,0.00,69,47.55,72,47.55,99,57.53,97,31.01
27.2,39.4,0.00,0.00,66,47.55,70,47.55,100,57.53,99,31.01
27.8,39.7,0.00,0.00,72,47.55,73,47.55,99,57.53,6,31.01
16.5,39.0,0.00,0.00,62,47.55,71,47.55,100,57.53,0,31.01
19.2,34.0,0.00,0.00,30,25.25,67,47.55,100,57.53,0,31.01
20.7,34.3,0.00,0.00,67,25.25,71,47.55,100,57.53,0,31.01
19.3,34.5,0.00,0.00,71,25.25,74,47.55,100,57.53,27,31.01
26.4,34.7,0.00,0.00,63,25.25,74,47.55,100,57.53,99,31.01
25.5,34.7,0.00,0.00,65,25.25,68,47.55,99,57.53,98,31.01
25.7,34.7,0.00,0.00,65,25.25,69,47.55,100,57.53,98,31.01
25.0,34.7,0.00,0.00,67,25.25,73,47.55,100,57.53,99,31.01
27.8,34.7,0.00,0.00,68,25.25,75,47.55,99,57.53,99,31.01
26.6,34.7,0.00,0.00,65,25.25,71,47.55,99,57.53,98,31.01
26.5,34.7,0.00,0.00,67,25.25,70,47.55,100,57.53,99,31.01
27.3,34.7,0.00,0.00,64,25.25,76,47.55,100,57.53,99,31.01
25.6,34.7,0.00,0.00,65,25.25,73,47.55,99,57.53,98,31.01
25.9,34.7,0.00,0.00,65,25.25,69,47.55,100,57.53,98,31.01
26.5,34.7,0.00,0.00,68,25.25,74,47.55,100,57.53,98,31.01
27.2,34.7,0.00,0.00,67,25.25,67,47.55,100,57.53,99,31.01
30.4,33.7,0.00,0.00,69,25.25,35,47.55,99,57.53,98,31.01
27.0,33.9,0.00,0.00,70,25.25,71,47.55,99,57.53,98,31.01
27.9,34.1,0.00,0.00,67,25.25,74,47.55,100,57.53,96,31.01
26.6,34.3,0.00,0.00,63,25.25,68,47.55,100,57.53,96,31.01
17.7,28.4,0.00,0.00,4,2.95,71,47.55,99,57.53,0,31.01
12.5,28.5,0.00,0.00,0,2.95,72,47.55,100,57.53,0,31.01
19.8,28.8,0.00,0.00,0,2.95,74,47.55,100,57.53,0,31.01
14.0,29.0,0.00,0.00,0,2.95,79,47.55,100,57.53,0,31.01
12.5,29.2,0.00,0.00,0,2.95,75,47.55,100,57.53,47,31.01
17.3,29.3,0.00,0.00,0,2.95,80,47.55,100,57.53,97,31.01
88.6,29.7,0.00,0.00,0,2.95,76,47.55,100,57.53,94,31.01
53.1,30.1,0.00,0.00,0,2.95,76,47.55,100,57.53,99,31.01
21.3,31.3,0.00,0.00,0,10.49,79,47.55,100,57.53,98,31.01
22.1,34.7,0.00,0.00,6,21.75,67,47.55,100,57.53,99,31.01
23.4,37.7,0.00,0.00,7,32.12,76,47.55,100,57.53,99,31.01
20.8,38.0,0.00,0.00,0,32.12,71,47.55,100,57.53,98,31.01
19.9,38.2,0.00,0.00,0,32.12,74,47.55,100,57.53,97,31.01
48.4,38.4,0.00,0.00,0,32.12,76,47.55,100,57.53,98,31.01
80.7,38.6,0.00,0.00,0,32.12,75,47.55,100,57.53,98,31.01
62.7,38.0,0.00,0.00,32,36.25,30,47.55,99,57.53,97,31.01
35.4,38.4,0.00,0.00,79,36.25,72,47.55,99,57.53,95,31.01
29.1,38.8,0.00,0.00,83,36.25,70,47.55,100,57.53,95,31.01
27.1,39.2,0.00,0.00,81,36.25,72,47.55,100,57.53,95,31.01
31.5,39.6,0.00,0.00,86,36.25,74,47.55,100,57.53,98,31.01
24.6,39.9,0.00,0.00,83,36.25,76,47.55,99,57.53,57,2.95
19.7,34.8,0.00,0.00,88,36.25,83,47.55,100,57.53,0,2.95
20.7,34.9,0.00,0.00,83,36.25,65,47.55,100,57.53,0,2.95
64.9,34.4,0.00,0.00,81,36.25,67,47.55,0,57.53,0,4.49
48.9,35.5,0.00,0.00,78,36.25,78,47.55,0,57.53,8,17.82
19.8,39.3,0.00,0.00,84,36.25,81,47.55,0,57.53,8,30.9
18.9,42.7,0.00,0.00,84,36.25,73,47.55,0,57.53,3,32.12
17.6,43.2,0.00,0.00,82,36.25,64,47.55,11,57.53,0,32.12
20.5,43.4,0.00,0.00,89,36.25,76,47.55,100,57.53,0,32.12
86.0,43.7,0.00,0.00,88,36.25,73,47.55,100,57.53,0,32.12
38.8,43.9,0.00,0.00,83,36.25,74,47.55,100,57.53,53,39.99
26.8,44.3,0.00,0.00,87,36.25,69,47.55,100,57.53,96,39.99
27.5,44.5,0.00,0.00,87,36.25,70,47.55,100,57.53,96,39.99
72.0,44.8,0.00,0.00,83,36.25,72,47.55,100,57.53,96,39.99
25.2,45.0,0.00,0.00,86,36.25,61,47.55,100,57.53,97,39.99
31.2,44.4,0.00,0.00,80,36.25,72,47.55,99,57.53,96,39.99
26.7,44.7,0.00,0.00,84,36.25,72,47.55,100,57.53,97,39.99
27.4,43.9,0.00,0.00,43,40.38,66,47.55,100,57.53,95,39.99
63.7,44.3,0.00,0.00,80,40.38,74,47.55,99,57.53,96,39.99
59.7,44.7,0.00,0.00,86,40.38,72,47.55,100,57.53,96,39.99
24.9,44.9,0.00,0.00,87,40.38,65,47.55,100,57.53,97,39.99
24.5,45.2,0.00,0.00,88,40.38,70,47.55,100,57.53,97,39.99
22.2,45.3,0.00,0.00,88,40.38,74,47.55,100,57.53,97,39.99
21.7,45.3,0.00,0.00,86,40.38,71,47.55,100,57.53,97,39.99
23.7,45.3,0.00,0.00,87,40.38,76,47.55,100,57.53,97,39.99
22.2,45.3,0.00,0.00,86,40.38,71,47.55,100,57.53,97,39.99
23.7,45.3,0.00,0.00,88,40.38,72,47.55,100,57.53,97,39.99
22.6,45.3,0.00,0.00,86,40.38,75,47.55,99,57.53,98,39.99
22.1,45.3,0.00,0.00,85,40.38,80,47.55,100,57.53,97,39.99
22.2,45.3,0.00,0.00,88,40.38,74,47.55,99,57.53,97,39.99
20.9,45.3,0.00,0.00,88,40.38,73,47.55,100,57.53,97,39.99
23.9,45.3,0.00,0.00,89,40.38,74,47.55,100,57.53,98,39.99
18.9,45.3,0.00,0.00,86,40.38,72,47.55,100,57.53,75,47.9
24.8,44.4,0.00,0.00,88,40.38,68,47.55,100,57.53,97,47.9
27.9,39.3,0.00,0.00,89,40.38,70,25.25,100,57.53,97,47.9
23.7,39.5,0.00,0.00,87,40.38,73,25.25,100,57.53,95,47.9
28.6,39.8,0.00,0.00,91,40.38,73,25.25,100,57.53,97,47.9
22.5,40.0,0.00,0.00,87,40.38,72,25.25,100,57.53,97,47.9
23.7,40.0,0.00,0.00,91,40.38,73,25.25,100,57.53,97,47.9
24.1,40.0,0.00,0.00,89,40.38,80,25.25,100,57.53,97,47.9
21.3,39.0,0.00,0.00,46,40.38,76,25.25,100,57.53,96,47.9
24.2,39.1,0.00,0.00,88,40.38,76,25.25,100,57.53,96,47.9
71.4,39.4,0.00,0.00,89,40.38,76,25.25,100,57.53,96,47.9
24.5,39.6,0.00,0.00,86,40.38,76,25.25,100,57.53,97,47.9
24.2,39.8,0.00,0.00,90,40.38,72,25.25,100,57.53,97,47.9
21.5,40.0,0.00,0.00,88,40.38,79,25.25,100,57.53,98,47.9
22.4,40.0,0.00,0.00,89,40.38,76,25.25,100,57.53,98,47.9
21.0,40.0,0.00,0.00,88,40.38,72,25.25,100,57.53,97,47.9
21.1,40.0,0.00,0.00,89,40.38,75,25.25,100,57.53,97,47.9
23.0,40.0,0.00,0.00,91,40.38,74,25.25,99,57.53,98,47.9
22.1,40.0,0.00,0.00,88,40.38,76,25.25,100,57.53,97,47.9
24.1,40.0,0.00,0.00,86,40.38,79,25.25,100,57.53,98,47.9
22.1,40.0,0.00,0.00,89,40.38,73,25.25,100,57.53,98,47.9
16.6,34.8,0.00,0.00,92,40.38,4,2.95,100,57.53,98,47.9
15.4,34.6,0.00,0.00,94,40.38,0,2.95,100,57.53,98,47.9
17.6,34.6,0.00,0.00,89,40.38,0,2.95,100,57.53,96,47.9
17.3,34.8,0.00,0.00,88,40.38,0,2.95,100,57.53,98,47.9
16.6,35.0,0.00,0.00,90,40.38,0,3.07,100,57.53,98,47.9
18.3,36.2,0.00,0.00,92,40.38,3,10.41,100,57.53,98,47.9
14.6,38.1,0.00,0.00,93,40.38,4,17.61,100,57.53,60,47.94
20.1,38.0,0.00,0.00,89,40.38,0,18.76,100,57.53,97,47.94
18.8,38.5,0.00,0.00,89,40.38,0,18.76,99,57.53,72,47.94
96.3,38.9,0.00,0.00,43,40.38,0,18.76,100,57.53,22,47.94
14.6,39.2,0.00,0.00,27,40.38,0,18.76,100,57.53,28,47.94
15.1,39.6,0.00,0.00,29,40.38,0,18.76,100,57.53,28,47.94
12.2,39.9,0.00,0.00,28,40.38,0,33.67,100,57.53,26,47.94
27.9,39.2,0.00,0.00,31,40.38,80,33.67,100,57.53,22,47.94
15.3,39.3,0.00,0.00,28,40.38,79,33.67,100,57.53,20,47.94
95.6,39.4,0.00,0.00,26,40.38,49,33.67,89,57.53,21,47.94
13.7,39.6,0.00,0.00,24,40.38,60,33.67,94,57.53,21,47.94
58.9,39.8,0.00,0.00,29,40.38,58,33.67,100,57.53,28,47.94
20.6,40.0,0.00,0.00,85,40.38,97,33.67,100,57.53,97,47.94
20.4,40.0,0.00,0.00,88,40.38,98,33.67,100,57.53,97,47.94
19.3,40.0,0.00,0.00,87,40.38,98,33.67,100,57.53,73,47.94
14.9,40.0,0.00,0.00,47,40.38,98,33.67,100,57.53,18,47.94
13.7,40.0,0.00,0.00,26,40.38,54,33.67,100,57.53,27,47.94
12.6,40.0,0.00,0.00,30,40.38,55,33.67,78,57.53,25,47.94
13.0,35.0,0.00,0.00,33,40.38,64,33.67,10,2.95,97,47.94
15.7,34.7,0.00,0.00,86,40.38,98,33.67,0,2.95,98,47.94
17.9,34.7,0.00,0.00,88,40.38,98,33.67,0,2.95,98,47.94
11.8,34.8,0.00,0.00,89,40.38,98,33.67,0,2.95,42,47.94
11.3,34.8,0.00,0.00,26,40.38,97,33.67,0,2.95,24,47.94
86.9,34.9,0.00,0.00,29,40.38,57,33.67,0,2.95,23,47.94
17.2,35.2,0.00,0.00,26,40.38,64,33.67,0,2.95,32,47.94
90.1,35.5,0.00,0.00,37,40.38,97,33.67,0,3.19,95,47.94
22.3,37.0,0.00,0.00,90,40.38,97,33.67,5,17.4,97,47.94
19.9,40.6,0.00,0.00,88,40.38,98,33.67,6,29.22,97,47.94
14.3,43.2,0.00,0.00,55,40.38,98,33.67,0,30.12,26,47.94
11.3,43.4,0.00,0.00,26,40.38,87,33.67,0,30.12,24,47.94
9.3,43.6,0.00,0.00,28,40.38,72,33.67,0,30.12,20,47.94
13.4,43.8,0.00,0.00,29,40.38,65,33.67,0,30.12,55,47.94
18.8,44.0,0.00,0.00,51,40.38,98,33.67,0,30.12,96,47.94
23.6,44.2,0.00,0.00,87,40.38,98,33.67,62,38.72,97,47.94
25.8,44.5,0.00,0.00,89,40.38,98,33.67,67,38.72,97,47.94
13.6,44.8,0.00,0.00,23,40.38,98,33.67,15,38.72,21,47.94
12.7,45.0,0.00,0.00,25,40.38,76,33.67,17,38.72,21,47.94
14.6,45.1,0.00,0.00,26,40.38,59,33.67,16,38.72,30,47.94
20.9,45.3,0.00,0.00,24,40.38,82,33.67,20,38.72,42,25.45
31.8,40.4,0.00,0.00,27,40.38,98,33.67,65,38.72,97,25.45
22.2,40.1,0.00,0.00,90,40.38,98,33.67,72,38.72,97,25.45
24.6,40.1,0.00,0.00,90,40.38,99,33.67,68,38.72,97,25.45
11.2,40.2,0.00,0.00,73,40.38,98,33.67,38,38.72,25,25.45
21.2,40.2,0.00,0.00,19,40.38,99,33.67,18,38.72,26,25.45
15.0,39.3,0.00,0.00,31,40.38,98,33.67,15,38.72,21,25.45
13.1,39.5,0.00,0.00,26,40.38,96,33.67,17,38.72,21,25.45
28.5,39.7,0.00,0.00,27,40.38,85,33.67,55,38.72,96,25.45
29.1,39.8,0.00,0.00,86,40.38,97,33.67,70,38.72,97,25.45
26.1,40.0,0.00,0.00,87,40.38,97,33.67,70,38.72,95,25.45
14.5,40.2,0.00,0.00,89,40.38,97,33.67,62,38.72,31,25.45
14.0,40.2,0.00,0.00,26,40.38,92,33.67,19,38.72,22,25.45
12.2,40.2,0.00,0.00,27,40.38,57,33.67,20,38.72,28,25.45
12.6,40.2,0.00,0.00,29,40.38,66,33.67,20,38.72,27,25.45
11.3,40.2,0.00,0.00,29,40.38,72,33.67,52,38.72,65,25.45
25.3,40.1,0.00,0.00,88,40.38,98,33.67,72,38.72,97,25.45
22.8,40.1,0.00,0.00,86,40.38,98,33.67,74,38.72,97,25.45
19.3,40.2,0.00,0.00,85,40.38,97,33.67,68,38.72,32,25.45
12.4,40.2,0.00,0.00,25,40.38,98,33.67,22,38.72,21,25.45
14.4,40.2,0.00,0.00,29,40.38,99,33.67,23,38.72,22,25.45
13.3,40.1,0.00,0.00,29,40.38,99,33.67,23,38.72,27,25.45
19.4,40.2,0.00,0.00,29,40.38,99,33.67,61,38.72,82,25.45
22.0,40.1,0.00,0.00,90,40.38,99,33.67,73,38.72,97,25.45
23.1,40.1,0.00,0.00,88,40.38,99,33.67,73,38.72,97,25.45
13.7,40.2,0.00,0.00,90,40.38,99,33.67,56,38.72,28,25.45
16.4,40.2,0.00,0.00,25,40.38,98,33.67,15,38.72,27,25.45
16.5,39.4,0.00,0.00,27,40.38,98,33.67,33,47.43,25,25.45
12.9,39.3,0.00,0.00,26,40.38,65,33.67,24,47.43,20,25.45
29.0,39.5,0.00,0.00,25,40.38,55,33.99,48,47.43,86,25.45
96.2,38.7,0.00,0.00,83,40.38,0,33.99,67,47.43,96,25.45
22.9,39.1,0.00,0.00,86,40.38,0,33.99,68,47.43,94,25.45
26.2,39.5,0.00,0.00,83,40.38,0,33.99,58,47.43,21,25.45
13.4,39.8,0.00,0.00,24,40.38,0,33.99,22,47.43,25,25.45
13.9,40.0,0.00,0.00,29,40.38,0,33.99,23,47.43,27,25.45
11.7,40.2,0.00,0.00,30,40.38,0,33.99,20,47.43,24,25.45
29.0,39.1,0.00,0.00,28,40.38,66,33.99,73,47.43,4,2.95
20.6,34.8,0.00,0.00,91,40.38,97,33.99,77,47.43,0,2.95
17.5,34.8,0.00,0.00,92,40.38,98,33.99,74,47.43,0,2.95
21.7,35.1,0.00,0.00,85,40.38,96,33.99,72,47.43,0,2.95
18.0,35.5,0.00,0.00,82,40.38,97,33.99,68,47.43,0,2.95
25.4,35.2,0.00,0.00,39,40.38,96,33.99,71,47.43,3,8.48
22.6,37.7,0.00,0.00,87,40.38,97,33.99,70,47.43,3,18.57
23.3,40.7,0.00,0.00,87,40.38,98,33.99,68,47.43,7,29.51
54.3,43.2,0.00,0.00,86,40.38,97,33.99,67,47.43,7,51.19
96.4,43.3,0.00,0.00,88,40.38,96,33.99,72,47.43,0,51.19
69.5,43.5,0.00,0.00,87,40.38,97,33.99,77,47.43,0,51.19
18.7,43.7,0.00,0.00,89,40.38,95,33.99,74,47.43,0,51.19
19.2,44.0,0.00,0.00,90,40.38,98,33.99,69,47.43,0,51.19
32.9,44.2,0.00,0.00,90,40.38,98,33.99,73,47.55,100,75.12
72.2,43.5,0.00,0.00,91,40.38,98,33.99,45,47.55,100,75.12
97.1,43.9,0.00,0.00,86,40.38,96,33.99,68,47.55,100,75.12
24.7,44.4,0.00,0.00,85,40.38,98,33.99,71,47.55,100,75.12
28.6,44.8,0.00,0.00,84,40.38,95,33.99,74,47.55,100,75.12
23.9,45.3,0.00,0.00,86,40.38,96,33.99,72,47.55,100,75.12
20.9,45.5,0.00,0.00,91,40.38,97,33.99,74,47.55,100,75.12
22.1,45.5,0.00,0.00,92,40.38,98,33.99,81,47.55,100,75.12
20.3,45.5,0.00,0.00,93,40.38,98,33.99,79,47.55,100,75.12
21.5,45.5,0.00,0.00,91,40.38,98,33.99,76,47.55,100,75.12
20.0,45.5,0.00,0.00,93,40.38,98,33.99,80,47.55,100,75.12
22.7,45.5,0.00,0.00,92,40.38,98,33.99,79,47.55,100,75.12
20.5,45.4,0.00,0.00,92,40.38,98,33.99,79,47.55,100,75.12
20.0,45.5,0.00,0.00,91,40.38,98,33.99,74,47.55,100,75.12
26.7,44.5,0.00,0.00,50,40.38,98,33.99,68,47.55,100,75.12
60.7,44.8,0.00,0.00,91,40.38,98,33.99,73,47.55,100,75.12
22.5,45.0,0.00,0.00,88,40.38,98,33.99,76,47.55,99,75.12
23.1,45.2,0.00,0.00,83,40.38,98,33.99,73,47.55,100,75.12
22.3,45.4,0.00,0.00,85,40.38,98,33.99,71,47.55,100,75.12
22.6,45.5,0.00,0.00,92,40.38,98,33.99,45,47.55,100,75.12
68.0,44.6,0.00,0.00,86,40.38,96,33.99,70,47.55,100,75.12
25.1,44.8,0.00,0.00,90,40.38,97,33.99,80,47.55,100,75.12
23.0,45.1,0.00,0.00,90,40.38,98,33.99,76,47.55,100,75.12
23.2,45.3,0.00,0.00,89,40.38,98,33.99,73,47.55,100,75.12
19.4,45.5,0.00,0.00,89,40.38,98,33.99,79,47.55,100,75.12
20.3,45.5,0.00,0.00,92,40.38,98,33.99,66,47.55,100,75.12
21.3,45.5,0.00,0.00,92,40.38,99,33.99,77,47.55,100,75.12
19.8,45.5,0.00,0.00,90,40.38,98,33.99,78,47.55,100,75.12
21.6,45.5,0.00,0.00,93,40.38,98,33.99,79,47.55,100,75.12
18.9,45.4,0.00,0.00,88,40.38,98,33.99,80,47.55,100,75.12
18.9,45.4,0.00,0.00,93,40.38,98,33.99,81,47.55,100,75.12
19.9,45.4,0.00,0.00,90,40.38,99,33.99,77,47.55,100,75.12
20.3,45.4,0.00,0.00,90,40.38,98,33.99,75,47.55,100,75.12
19.0,45.4,0.00,0.00,91,40.38,98,33.99,81,47.55,100,75.12
20.3,45.4,0.00,0.00,93,40.38,98,33.99,78,47.55,100,75.12
20.3,45.4,0.00,0.00,92,40.38,99,33.99,78,47.55,100,75.12
22.5,45.4,0.00,0.00,91,40.38,99,33.99,81,47.55,100,75.12
17.3,44.6,0.00,0.00,90,40.38,98,33.99,57,47.55,100,75.12
23.7,43.9,0.00,0.00,87,40.38,98,33.99,71,47.55,100,75.12
26.1,44.4,0.00,0.00,88,40.38,98,33.99,75,47.55,100,75.12
25.3,44.9,0.00,0.00,84,40.38,98,33.99,73,47.55,100,75.12
58.9,45.3,0.00,0.00,86,40.38,98,33.99,74,47.55,100,75.12
19.6,45.5,0.00,0.00,86,40.38,98,33.99,79,47.55,100,75.12
21.7,45.5,0.00,0.00,93,40.38,90,33.99,74,47.55,100,75.12
18.8,44.6,0.00,0.00,91,40.38,0,33.99,77,47.55,100,75.12
18.6,44.8,0.00,0.00,88,40.38,0,33.99,77,47.55,100,75.12
21.0,45.1,0.00,0.00,88,40.38,0,33.99,80,47.55,100,75.12
19.0,45.3,0.00,0.00,92,40.38,0,33.99,80,47.55,100,75.12
20.5,45.5,0.00,0.00,85,40.38,52,33.99,82,47.55,100,75.12
20.4,45.5,0.00,0.00,90,40.38,98,33.99,81,47.55,100,75.12
19.7,45.5,0.00,0.00,92,40.38,98,33.99,78,47.55,100,75.12
21.7,45.5,0.00,0.00,90,40.38,98,33.99,77,47.55,100,75.12
20.5,45.5,0.00,0.00,92,40.38,98,33.99,78,47.55,100,75.12
20.3,45.5,0.00,0.00,93,40.38,98,33.99,80,47.55,100,75.12
19.3,45.5,0.00,0.00,91,40.38,98,33.99,76,47.55,100,75.12
22.1,45.5,0.00,0.00,93,40.38,98,33.99,42,47.55,100,75.12
60.5,44.6,0.00,0.00,89,40.38,97,33.99,73,47.55,100,75.12
23.2,44.8,0.00,0.00,86,40.38,98,33.99,74,47.55,100,75.12
23.5,45.1,0.00,0.00,92,40.38,97,33.99,72,47.55,100,75.12
25.2,44.3,0.00,0.00,42,40.38,98,33.99,70,47.55,100,75.12
28.2,44.7,0.00,0.00,80,40.38,98,33.99,73,47.55,100,75.12
22.0,44.9,0.00,0.00,89,40.38,97,33.99,73,47.55,100,75.12
27.5,45.1,0.00,0.00,84,40.38,97,33.99,73,47.55,100,75.12
22.1,45.4,0.00,0.00,87,40.38,99,33.99,71,47.55,100,75.12
19.5,45.5,0.00,0.00,93,40.38,99,33.99,77,47.55,100,75.12
19.0,45.5,0.00,0.00,93,40.38,99,33.99,76,47.55,100,75.12
18.6,45.5,0.00,0.00,93,40.38,99,33.99,77,47.55,100,75.12
18.8,45.5,0.00,0.00,93,40.38,99,33.99,79,47.55,100,75.19
21.1,44.4,0.00,0.00,93,40.38,98,33.99,76,47.55,93,84.15
22.3,44.6,0.00,0.00,90,40.38,98,33.99,70,47.55,95,84.15
23.7,44.9,0.00,0.00,88,40.38,98,33.99,74,47.55,92,84.15
63.1,45.1,0.00,0.00,89,40.38,99,33.99,72,47.55,95,84.15
72.4,45.3,0.00,0.00,85,40.38,98,33.99,69,47.55,92,84.15
20.1,45.5,0.00,0.00,93,40.38,98,33.99,75,47.55,97,84.15
23.9,44.4,0.00,0.00,91,40.38,99,33.99,78,25.25,97,84.15
21.5,40.1,0.00,0.00,92,40.38,99,33.99,78,25.25,97,84.15
20.3,40.1,0.00,0.00,90,40.38,98,33.99,79,25.25,97,84.15
21.3,40.1,0.00,0.00,93,40.38,98,33.99,80,25.25,96,84.15
20.6,40.1,0.00,0.00,93,40.38,99,33.99,81,25.25,97,84.15
21.5,40.1,0.00,0.00,92,40.38,99,33.99,79,25.25,97,84.15
21.1,40.1,0.00,0.00,93,40.38,98,33.99,77,25.25,97,84.15
23.0,40.1,0.00,0.00,92,40.38,98,33.99,82,25.25,97,84.15
20.0,34.8,0.00,0.00,90,21.66,98,33.99,79,25.25,96,84.15
22.0,34.8,0.00,0.00,92,21.66,98,33.99,81,25.25,96,84.15
20.8,34.8,0.00,0.00,93,21.66,98,33.99,81,25.25,97,84.15
20.9,34.8,0.00,0.00,93,21.66,98,33.99,77,25.25,95,84.15
20.5,34.8,0.00,0.00,89,21.66,98,33.99,80,25.25,97,84.15
20.7,34.8,0.00,0.00,92,21.66,98,33.99,74,25.25,93,84.15
20.9,34.8,0.00,0.00,91,21.66,98,33.99,76,25.25,96,84.15
23.2,34.8,0.00,0.00,90,21.66,98,33.99,79,25.25,97,84.15
21.5,34.8,0.00,0.00,92,21.66,98,33.99,80,25.25,96,84.15
20.7,34.8,0.00,0.00,90,21.66,98,33.99,79,25.25,97,84.15
67.8,33.8,0.00,0.00,91,21.66,98,33.99,0,25.25,96,84.15
21.2,34.1,0.00,0.00,88,21.66,98,33.99,0,25.25,95,84.15
15.5,34.3,0.00,0.00,91,21.66,98,33.99,0,25.25,95,84.15
16.2,34.5,0.00,0.00,90,21.66,98,33.99,0,25.25,94,84.15
22.2,34.8,0.00,0.00,88,21.66,98,33.99,77,25.25,97,84.15
20.7,34.8,0.00,0.00,93,21.66,98,33.99,78,25.25,96,84.15
20.9,34.8,0.00,0.00,90,21.66,99,33.99,77,25.25,95,84.15
20.1,34.8,0.00,0.00,92,21.66,99,33.99,77,25.25,96,84.15
20.2,34.8,0.00,0.00,91,21.66,99,33.99,73,25.25,96,84.15
20.5,34.8,0.00,0.00,92,21.66,99,33.99,78,25.25,97,84.15
21.9,34.8,0.00,0.00,93,21.66,98,33.99,80,25.25,95,84.15
20.6,34.8,0.00,0.00,93,21.66,98,33.99,76,25.25,97,84.15
18.0,29.9,0.00,0.00,3,2.95,99,33.99,76,25.25,95,84.15
13.8,29.5,0.00,0.00,0,2.95,99,33.99,77,25.25,97,84.15
13.8,29.5,0.00,0.00,0,2.95,99,33.99,78,25.25,97,84.15
13.8,29.5,0.00,0.00,0,2.95,98,33.99,72,25.25,95,84.15
15.7,29.6,0.00,0.00,0,2.95,99,33.99,72,25.25,94,84.15
15.7,29.8,0.00,0.00,0,2.95,99,33.99,69,25.25,94,84.15
15.3,29.3,0.00,0.00,0,5.21,0,33.99,73,25.25,96,84.15
14.6,31.3,0.00,0.00,2,11.02,0,33.99,75,25.25,95,84.15
15.4,33.3,0.00,0.00,3,24.4,0,33.99,74,25.25,93,84.15
89.4,33.6,0.00,0.00,2,24.4,0,33.99,72,25.25,94,84.15
13.2,34.0,0.00,0.00,0,24.4,21,33.99,26,25.25,93,84.15
12.9,33.4,0.00,0.00,0,24.4,97,33.99,0,25.25,96,84.15
12.7,33.8,0.00,0.00,0,24.4,97,33.99,0,25.25,94,84.15
17.7,34.3,0.00,0.00,45,31.01,98,33.99,0,25.25,95,84.15
20.7,34.5,0.00,0.00,96,31.01,98,33.99,0,25.25,91,84.15
23.8,34.7,0.00,0.00,96,31.01,97,33.99,77,25.25,96,84.15
24.6,34.7,0.00,0.00,98,31.01,98,33.99,73,25.25,96,84.15
23.8,34.7,0.00,0.00,98,31.01,98,33.99,75,25.25,96,84.15
22.8,34.7,0.00,0.00,98,31.01,98,33.99,74,25.25,97,84.15
22.0,34.7,0.00,0.00,99,31.01,98,33.99,79,25.25,97,84.15
23.6,34.8,0.00,0.00,98,31.01,99,33.99,74,25.25,96,84.15
22.6,34.7,0.00,0.00,98,31.01,98,33.99,72,25.25,96,84.15
22.7,34.7,0.00,0.00,99,31.01,98,33.99,73,25.25,95,84.15
22.2,34.7,0.00,0.00,98,31.01,99,33.99,75,25.25,95,84.15
23.3,34.7,0.00,0.00,98,31.01,98,33.99,74,25.25,95,84.15
23.3,34.7,0.00,0.00,99,31.01,98,33.99,80,25.25,96,84.15
19.5,34.7,0.00,0.00,99,31.01,99,33.99,77,25.25,55,84.27
24.0,33.8,0.00,0.00,98,31.01,98,33.99,74,25.25,100,84.27
57.0,33.1,0.00,0.00,72,31.01,99,33.99,69,25.25,100,84.27
58.1,33.6,0.00,0.00,0,31.01,98,33.99,72,25.25,100,84.27
18.2,33.9,0.00,0.00,0,31.01,98,33.99,74,25.25,100,84.27
23.1,34.4,0.00,0.00,0,31.01,98,33.99,79,25.25,100,84.27
16.9,34.6,0.00,0.00,0,31.01,98,33.99,72,25.25,100,84.27
23.2,34.7,0.00,0.00,99,31.01,99,33.99,39,2.95,100,84.27
16.3,29.4,0.00,0.00,99,31.01,98,33.99,0,2.95,100,84.27
14.5,29.4,0.00,0.00,99,31.01,99,33.99,0,2.95,100,84.27
77.1,29.5,0.00,0.00,99,31.01,96,33.99,0,2.95,100,84.27
99.6,29.9,0.00,0.00,98,31.01,96,33.99,0,2.95,100,84.27
19.5,30.2,0.00,0.00,95,31.01,98,33.99,3,12.1,100,84.27
19.6,33.7,0.00,0.00,99,31.01,98,33.99,7,24.78,100,84.27
19.3,37.5,0.00,0.00,99,31.01,99,33.99,1,30.12,100,84.27
46.3,37.9,0.00,0.00,98,31.01,99,33.99,0,30.12,100,84.27
59.0,38.2,0.00,0.00,97,31.01,99,33.99,0,30.12,100,84.27
19.1,38.4,0.00,0.00,98,31.01,99,33.99,0,30.12,100,84.27
17.5,38.6,0.00,0.00,98,31.01,99,33.99,0,38.72,100,84.27
23.7,39.0,0.00,0.00,98,31.01,98,33.99,72,38.72,100,84.27
25.4,39.3,0.00,0.00,95,31.01,99,33.99,71,38.72,100,84.27
45.3,39.5,0.00,0.00,98,31.01,98,33.99,69,38.72,100,84.27
60.6,38.9,0.00,0.00,0,31.01,98,33.99,68,38.72,100,84.27
63.5,39.4,0.00,0.00,0,31.01,98,33.99,59,38.72,100,84.27
71.5,39.7,0.00,0.00,0,31.01,98,33.99,74,38.72,100,84.27
16.5,40.0,0.00,0.00,0,31.01,99,33.99,75,38.72,100,84.27
22.4,40.1,0.00,0.00,64,31.01,99,33.99,81,38.72,100,84.27
21.3,40.1,0.00,0.00,99,31.01,99,33.99,73,38.72,100,84.27
22.1,40.1,0.00,0.00,99,31.01,99,33.99,77,38.72,100,84.27
21.3,40.1,0.00,0.00,99,31.01,99,33.99,71,38.72,100,84.27
21.6,40.1,0.00,0.00,99,31.01,99,33.99,78,38.72,100,84.27
22.8,40.1,0.00,0.00,99,31.01,99,33.99,80,38.72,100,84.27
23.1,40.1,0.00,0.00,99,31.01,99,33.99,78,38.72,100,84.27
21.0,40.1,0.00,0.00,99,31.01,98,33.99,78,38.72,100,84.27
22.2,40.0,0.00,0.00,99,31.01,99,33.99,77,38.72,100,84.27
23.5,40.0,0.00,0.00,99,31.01,99,33.99,79,38.72,100,84.27
16.0,40.0,0.00,0.00,99,31.01,99,33.99,75,47.43,100,84.27
22.2,39.2,0.00,0.00,98,31.01,99,33.99,78,47.43,100,84.27
23.2,39.4,0.00,0.00,98,31.01,99,33.99,73,47.43,100,84.27
24.6,39.6,0.00,0.00,97,31.01,98,33.99,73,47.43,100,84.27
27.1,39.9,0.00,0.00,96,31.01,99,33.99,71,47.43,100,84.27
18.0,39.2,0.00,0.00,0,31.01,98,33.99,78,47.43,100,84.27
17.4,39.5,0.00,0.00,0,31.01,98,33.99,69,47.43,100,84.27
16.9,39.7,0.00,0.00,0,31.01,98,33.99,76,47.43,100,84.27
17.7,40.0,0.00,0.00,0,31.01,98,33.99,72,47.43,100,84.27
21.8,40.1,0.00,0.00,84,31.01,99,33.99,79,47.43,100,84.27
22.8,40.1,0.00,0.00,99,31.01,99,33.99,77,47.43,100,84.27
20.7,40.1,0.00,0.00,99,31.01,99,33.99,81,47.43,100,84.27
21.2,35.2,0.00,0.00,99,31.01,17,2.95,80,47.43,100,84.27
18.7,34.7,0.00,0.00,99,31.01,0,2.95,78,47.43,100,84.27
17.9,34.7,0.00,0.00,99,31.01,0,2.95,82,47.43,100,84.27
20.3,34.7,0.00,0.00,99,31.01,0,2.95,73,47.43,100,84.27
19.2,34.7,0.00,0.00,99,31.01,0,2.95,78,47.43,100,84.27
22.0,34.9,0.00,0.00,99,31.01,0,2.95,70,47.43,100,84.27
23.0,35.2,0.00,0.00,94,31.01,0,2.95,66,47.55,100,84.27
27.4,34.6,0.00,0.00,95,31.01,0,3.19,77,47.55,100,84.27
87.2,37.0,0.00,0.00,98,31.01,9,16.65,73,47.55,100,84.27
24.2,40.7,0.00,0.00,97,31.01,9,28.17,71,47.55,100,84.27
36.7,42.9,0.00,0.00,98,31.01,0,32.12,72,47.55,100,84.27
61.3,43.3,0.00,0.00,99,31.01,0,32.12,70,47.55,100,84.27
15.2,42.7,0.00,0.00,0,31.01,0,32.12,68,47.55,100,84.27
25.5,43.1,0.00,0.00,0,31.01,0,32.12,66,47.55,100,84.27
14.8,43.5,0.00,0.00,0,31.01,0,36.25,73,47.55,100,84.27
20.4,44.1,0.00,0.00,0,31.01,85,36.25,66,47.55,100,84.27
23.3,44.5,0.00,0.00,0,31.01,85,36.25,75,47.55,100,84.27
64.0,44.8,0.00,0.00,97,31.01,90,36.25,74,47.55,100,84.27
27.6,45.0,0.00,0.00,96,31.01,86,36.25,75,47.55,100,84.27
33.7,45.3,0.00,0.00,96,31.01,85,36.25,74,47.55,100,84.27
25.6,45.3,0.00,0.00,99,31.01,91,36.25,78,47.55,100,84.27
25.6,45.3,0.00,0.00,99,31.01,90,36.25,78,47.55,100,84.27
26.0,45.3,0.00,0.00,98,31.01,91,36.25,79,47.55,100,84.27
26.1,45.3,0.00,0.00,98,31.01,87,36.25,77,47.55,100,84.27
27.4,45.3,0.00,0.00,99,31.01,92,36.25,78,47.55,100,84.27
19.6,45.3,0.00,0.00,99,31.01,94,36.25,64,25.25,100,84.27
25.5,39.9,0.00,0.00,98,31.01,93,36.25,81,25.25,100,84.27
24.6,39.9,0.00,0.00,98,31.01,90,36.25,82,25.25,100,84.27
23.8,40.0,0.00,0.00,98,31.01,93,36.25,81,25.25,100,84.27
22.8,39.9,0.00,0.00,99,31.01,95,36.25,79,25.25,61,27.84
25.6,34.6,0.00,0.00,97,31.01,92,36.25,80,25.25,96,27.84
24.5,34.6,0.00,0.00,99,31.01,94,36.25,76,25.25,92,27.84
19.7,33.8,0.00,0.00,0,31.01,92,36.25,74,25.25,97,27.84
44.6,34.0,0.00,0.00,0,31.01,93,36.25,79,25.25,96,27.84
18.4,34.2,0.00,0.00,0,31.01,94,36.25,76,25.25,94,27.84
19.0,34.4,0.00,0.00,0,31.01,92,36.25,75,25.25,96,27.84
25.8,34.6,0.00,0.00,7,31.01,93,36.25,73,25.25,95,27.84
25.5,34.6,0.00,0.00,98,31.01,92,36.25,80,25.25,95,27.84
26.5,34.6,0.00,0.00,98,31.01,90,36.25,79,25.25,95,27.84
27.7,33.7,0.00,0.00,98,31.01,44,40.38,74,25.25,93,27.84
76.2,33.9,0.00,0.00,96,31.01,88,40.38,74,25.25,92,27.84
26.2,34.1,0.00,0.00,98,31.01,93,40.38,73,25.25,94,27.84
33.5,34.3,0.00,0.00,97,31.01,91,40.38,76,25.25,95,27.84
50.4,34.5,0.00,0.00,97,31.01,92,40.38,69,25.25,96,27.84
20.3,29.4,0.00,0.00,98,31.01,95,40.38,0,2.95,97,27.84
17.6,29.2,0.00,0.00,99,31.01,95,40.38,0,2.95,96,27.84
17.1,29.2,0.00,0.00,99,31.01,95,40.38,0,2.95,94,27.84
17.3,29.2,0.00,0.00,99,31.01,96,40.38,0,2.95,97,27.84
18.5,29.2,0.00,0.00,99,31.01,96,40.38,0,2.95,96,27.84
19.8,29.2,0.00,0.00,99,31.01,95,40.38,0,2.95,96,27.84
16.7,29.1,0.00,0.00,98,31.01,95,40.38,0,2.95,97,27.84
58.1,28.2,0.00,0.00,53,31.01,95,40.38,0,2.95,96,27.84
10.6,28.4,0.00,0.00,0,31.01,94,40.38,0,2.95,97,27.84
11.5,28.6,0.00,0.00,0,31.01,94,40.38,0,2.95,97,27.84
18.7,28.9,0.00,0.00,0,31.01,91,40.38,0,2.95,96,27.84
11.3,29.1,0.00,0.00,0,31.01,94,40.38,0,2.95,96,27.84
19.2,29.2,0.00,0.00,95,31.01,95,40.38,0,2.95,96,27.84
17.1,29.2,0.00,0.00,98,31.01,95,40.38,0,2.95,97,27.84
18.2,29.2,0.00,0.00,98,31.01,95,40.38,0,2.95,96,27.84
18.8,29.2,0.00,0.00,98,31.01,96,40.38,0,2.95,97,27.84
17.9,29.2,0.00,0.00,99,31.01,95,40.38,0,2.95,97,27.84
17.2,29.2,0.00,0.00,99,31.01,95,40.38,0,2.95,97,27.84
17.5,29.2,0.00,0.00,98,31.01,96,40.38,0,2.95,96,27.84
18.8,29.1,0.00,0.00,99,31.01,95,40.38,0,2.95,97,27.84
16.9,29.2,0.00,0.00,99,31.01,94,40.38,0,2.95,96,27.84
18.8,29.1,0.00,0.00,98,31.01,95,40.38,0,2.95,96,27.84
20.2,28.3,0.00,0.00,96,31.01,91,40.38,0,2.95,95,27.84
22.2,28.5,0.00,0.00,96,31.01,91,40.38,0,2.95,95,27.84
45.7,28.7,0.00,0.00,96,31.01,94,40.38,0,2.95,90,27.84
20.4,28.9,0.00,0.00,97,31.01,91,40.38,0,2.95,90,27.84
22.4,29.2,0.00,0.00,98,31.01,92,40.38,0,2.95,97,27.84
10.2,23.9,0.00,0.00,5,2.95,96,40.38,0,2.95,97,27.84
9.8,23.9,0.00,0.00,0,2.95,95,40.38,0,2.95,97,27.84
9.0,23.9,0.00,0.00,0,2.95,96,40.38,0,2.95,97,27.84
9.6,23.9,0.00,0.00,0,2.95,95,40.38,0,2.95,98,27.84
13.4,23.9,0.00,0.00,0,2.95,95,40.38,0,2.95,93,27.84
18.8,24.5,0.00,0.00,0,2.95,91,40.38,0,2.95,88,27.84
14.6,25.2,0.00,0.00,0,2.95,89,40.38,0,7.37,97,27.84
18.1,29.2,0.00,0.00,3,13.84,94,40.38,8,19.87,97,27.84
18.5,36.6,0.00,0.00,8,25.17,90,40.38,10,30.66,97,27.84
12.5,40.5,0.00,0.00,5,31.73,93,40.38,1,31.73,91,27.84
13.0,41.0,0.00,0.00,0,31.73,93,40.38,0,31.73,93,27.84
19.5,41.4,0.00,0.00,0,31.73,91,40.38,0,31.73,95,27.84
13.2,41.8,0.00,0.00,0,31.73,93,40.38,0,31.73,94,27.84
13.8,42.3,0.00,0.00,0,35.37,90,40.38,53,35.47,92,27.84
25.9,42.9,0.00,0.00,81,35.47,91,40.38,88,35.47,94,27.84
25.5,43.4,0.00,0.00,86,35.47,92,40.38,91,35.47,94,27.84
93.5,43.8,0.00,0.00,88,35.47,86,40.38,91,35.47,92,27.84
25.1,44.2,0.00,0.00,90,35.47,90,40.38,90,35.47,92,27.84
21.9,44.7,0.00,0.00,87,35.47,89,40.38,90,35.47,96,27.84
21.8,44.8,0.00,0.00,91,35.47,94,40.38,93,35.47,96,27.84
23.1,44.8,0.00,0.00,93,35.47,95,40.38,92,35.47,96,27.84
19.9,44.8,0.00,0.00,91,35.47,95,40.38,92,35.47,95,27.84
22.6,43.7,0.00,0.00,93,35.47,44,40.38,90,35.47,5,2.95
19.8,38.6,0.00,0.00,89,35.47,92,40.38,91,35.47,0,2.95
21.6,38.8,0.00,0.00,92,35.47,92,40.38,93,35.47,0,2.95
19.3,39.0,0.00,0.00,88,35.47,93,40.38,85,35.47,0,2.95
22.5,39.6,0.00,0.00,86,35.47,87,40.38,87,40.25,0,2.95
97.8,38.3,0.00,0.00,54,40.25,79,40.38,50,40.25,0,2.95
23.1,39.0,0.00,0.00,60,40.25,89,40.38,57,40.25,2,8.09
23.4,41.7,0.00,0.00,51,40.25,92,40.38,66,40.25,3,16.89
78.4,44.4,0.00,0.00,48,40.25,88,40.38,46,40.25,5,28.46
54.4,47.4,0.00,0.00,61,40.25,89,40.38,53,40.25,5,50.51
16.8,47.9,0.00,0.00,57,40.25,95,40.38,64,40.25,0,50.51
17.2,48.1,0.00,0.00,52,40.25,95,40.38,62,40.25,0,50.51
23.6,48.3,0.00,0.00,55,40.25,94,40.38,53,40.25,0,50.51
16.6,48.6,0.00,0.00,54,40.25,92,40.38,61,40.25,0,50.51
17.3,48.8,0.00,0.00,56,40.25,95,40.38,68,40.25,45,76.31
21.0,49.2,0.00,0.00,45,40.25,93,40.38,63,40.25,100,76.31
20.1,49.4,0.00,0.00,54,40.25,95,40.38,54,40.25,100,76.31
20.7,49.7,0.00,0.00,62,40.25,93,40.38,62,40.25,100,76.31
19.2,49.9,0.00,0.00,49,40.25,95,40.38,52,40.25,100,76.31
19.3,50.1,0.00,0.00,59,40.25,95,40.38,62,40.25,100,76.31
18.1,50.1,0.00,0.00,56,40.25,96,40.38,57,40.25,100,76.31
21.3,50.1,0.00,0.00,57,40.25,95,40.38,70,40.25,100,76.31
18.8,50.1,0.00,0.00,54,40.25,93,40.38,52,40.33,100,76.31
97.0,48.2,0.00,0.00,46,40.33,92,40.38,89,40.33,100,76.31
24.6,48.7,0.00,0.00,90,40.33,93,40.38,89,40.33,100,76.31
33.4,49.1,0.00,0.00,94,40.33,92,40.38,88,40.33,100,76.31
25.7,49.5,0.00,0.00,87,40.33,89,40.38,91,40.33,100,76.31
64.9,49.9,0.00,0.00,86,40.33,91,40.38,91,40.33,100,76.31
20.8,50.1,0.00,0.00,91,40.33,96,40.38,95,40.33,100,76.31
22.7,49.2,0.00,0.00,87,40.33,93,40.38,93,40.33,100,76.31
22.1,49.5,0.00,0.00,88,40.33,91,40.38,87,40.33,100,76.31
22.3,49.7,0.00,0.00,92,40.33,92,40.38,92,40.33,100,76.31
22.5,50.0,0.00,0.00,92,40.33,91,40.38,91,40.33,100,76.31
20.4,50.1,0.00,0.00,91,40.33,94,40.38,94,40.33,100,76.31
20.3,50.1,0.00,0.00,90,40.33,94,40.38,93,40.33,100,76.31
20.0,50.1,0.00,0.00,93,40.33,94,40.38,92,40.33,100,76.31
12.6,50.1,0.00,0.00,92,40.33,94,40.38,81,40.33,100,76.31
21.3,48.4,0.00,0.00,60,40.33,90,40.38,54,40.33,100,76.31
23.7,48.9,0.00,0.00,57,40.33,88,40.38,55,40.33,100,76.31
23.6,49.3,0.00,0.00,57,40.33,91,40.38,52,40.33,100,76.31
93.7,49.7,0.00,0.00,62,40.33,89,40.38,72,40.33,100,76.31
22.1,50.1,0.00,0.00,46,40.33,90,40.38,68,40.33,100,76.31
17.3,50.1,0.00,0.00,58,40.33,94,40.38,53,40.33,100,76.31
20.8,50.1,0.00,0.00,43,40.33,96,40.38,67,40.33,100,76.31
18.4,50.1,0.00,0.00,55,40.33,95,40.38,60,40.33,100,76.31
18.7,50.1,0.00,0.00,60,40.33,95,40.38,67,40.33,100,76.31
18.2,50.1,0.00,0.00,52,40.33,96,40.38,51,40.33,100,76.31
18.3,50.1,0.00,0.00,60,40.33,95,40.38,66,40.33,100,76.31
19.4,50.1,0.00,0.00,55,40.33,95,40.38,61,40.33,100,76.31
18.5,50.1,0.00,0.00,56,40.33,94,40.38,67,40.33,100,76.31
18.1,50.1,0.00,0.00,51,40.33,94,40.38,61,40.33,100,76.31
19.6,50.1,0.00,0.00,53,40.33,93,40.38,52,40.33,100,76.31
18.4,50.1,0.00,0.00,62,40.33,95,40.38,67,40.33,100,76.31
18.8,50.1,0.00,0.00,52,40.33,95,40.38,70,40.33,100,76.31
26.3,50.1,0.00,0.00,54,40.33,94,40.38,31,40.33,100,76.31
44.8,47.4,0.00,0.00,88,40.33,46,21.66,86,40.33,100,76.31
24.6,43.6,0.00,0.00,92,40.33,90,21.66,91,40.33,100,76.31
84.4,44.0,0.00,0.00,88,40.33,90,21.66,90,40.33,100,76.31
23.3,44.4,0.00,0.00,89,40.33,92,21.66,90,40.33,100,76.31
28.7,44.8,0.00,0.00,91,40.33,92,21.66,94,40.33,100,76.31
19.7,44.8,0.00,0.00,94,40.33,95,21.66,96,40.33,100,76.31
19.9,44.8,0.00,0.00,95,40.33,96,21.66,94,40.33,100,76.31
20.8,44.8,0.00,0.00,95,40.33,96,21.66,95,40.33,100,76.31
19.1,44.9,0.00,0.00,95,40.33,95,21.66,95,40.33,100,76.31
20.7,44.8,0.00,0.00,94,40.33,96,21.66,94,40.33,100,76.31
19.7,44.8,0.00,0.00,95,40.33,95,21.66,94,40.33,100,76.31
20.2,44.8,0.00,0.00,95,40.33,95,21.66,94,40.33,100,76.31
19.3,44.8,0.00,0.00,92,40.33,95,21.66,63,40.33,100,76.31
20.6,34.6,0.00,0.00,36,21.47,94,21.66,59,21.47,100,76.31
18.8,34.4,0.00,0.00,58,21.47,95,21.66,63,21.47,100,76.31
17.2,34.4,0.00,0.00,57,21.47,96,21.66,66,21.47,100,76.31
18.8,34.4,0.00,0.00,56,21.47,96,21.66,58,21.47,100,76.31
18.0,34.4,0.00,0.00,64,21.47,95,21.66,66,21.47,100,76.31
21.7,34.4,0.00,0.00,55,21.47,95,21.66,64,21.47,100,76.31
17.9,34.4,0.00,0.00,65,21.47,95,21.66,65,21.47,100,76.31
19.9,34.4,0.00,0.00,51,21.47,94,21.66,60,21.47,100,76.31
19.0,34.4,0.00,0.00,54,21.47,95,21.66,60,21.47,100,76.31
19.0,34.4,0.00,0.00,58,21.47,94,21.66,68,21.47,100,76.31
18.1,34.4,0.00,0.00,57,21.47,95,21.66,61,21.47,100,76.31
19.3,34.4,0.00,0.00,59,21.47,93,21.66,60,21.47,100,76.31
18.9,34.4,0.00,0.00,55,21.47,94,21.66,57,21.47,100,76.39
23.8,34.4,0.00,0.00,62,21.47,94,21.66,62,21.47,88,85.35
71.7,33.5,0.00,0.00,61,21.47,94,21.66,52,21.47,92,85.35
22.1,33.8,0.00,0.00,49,21.47,95,21.66,59,21.47,92,85.35
17.3,29.0,0.00,0.00,62,21.47,4,2.95,59,21.47,91,85.35
22.9,28.7,0.00,0.00,55,21.47,0,2.95,0,2.95,96,85.35
4.2,18.7,0.00,0.00,3,2.95,0,2.95,0,2.95,97,85.35
4.0,18.7,0.00,0.00,0,2.95,0,2.95,0,2.95,97,85.35
5.4,18.7,0.00,0.00,0,2.95,0,2.95,0,2.95,98,85.35
100.0,19.0,0.00,0.00,0,2.95,0,2.95,0,2.95,94,85.35
86.2,20.0,0.00,0.00,0,2.95,0,2.95,0,2.95,90,85.35
12.2,20.8,0.00,0.00,0,2.95,0,2.95,0,4.79,97,85.35
18.3,25.7,0.00,0.00,2,14.16,2,13.15,10,16.16,96,85.35
16.4,36.3,0.00,0.00,6,25.7,7,25.68,11,27.85,97,85.35
15.4,43.6,0.00,0.00,6,32.12,10,38.18,0,38.18,91,85.35
86.3,44.4,0.00,0.00,0,32.12,0,38.18,0,38.18,94,85.35
10.0,45.0,0.00,0.00,0,32.12,0,38.18,0,38.18,93,85.35
85.1,45.6,0.00,0.00,0,32.12,0,38.18,0,38.18,94,85.35
98.1,46.4,0.00,0.00,0,36.25,0,38.18,1,44.7,91,85.35
35.2,47.4,0.00,0.00,71,36.25,99,44.7,99,44.7,88,85.35
27.5,48.0,0.00,0.00,81,36.25,99,44.7,99,44.7,91,85.35
29.7,48.7,0.00,0.00,78,36.25,99,44.7,99,44.7,90,85.35
49.2,49.3,0.00,0.00,77,36.25,99,44.7,98,44.7,93,85.35
31.6,49.9,0.00,0.00,80,36.25,97,44.7,99,44.7,96,85.35
22.4,50.2,0.00,0.00,86,36.25,99,44.7,99,44.7,97,85.35
23.0,50.2,0.00,0.00,84,36.25,99,44.7,99,44.7,95,85.35
21.0,50.2,0.00,0.00,86,36.25,99,44.7,99,44.7,96,85.35
21.3,50.2,0.00,0.00,90,36.25,99,44.7,99,44.7,96,85.35
23.2,50.2,0.00,0.00,89,36.25,99,44.7,99,44.7,97,85.35
22.0,50.2,0.00,0.00,88,36.25,99,44.7,99,44.7,96,85.35
22.7,50.2,0.00,0.00,85,36.25,99,44.7,99,44.7,95,85.35
27.2,49.7,0.00,0.00,88,36.25,97,49.48,38,49.48,90,85.35
78.3,48.5,0.00,0.00,83,36.25,66,49.48,57,49.48,91,85.35
23.0,48.9,0.00,0.00,84,36.25,49,49.48,58,49.48,92,85.35
23.6,49.4,0.00,0.00,86,36.25,57,49.48,50,49.48,92,85.35
27.6,49.8,0.00,0.00,85,36.25,55,49.48,53,49.48,93,85.35
24.4,50.2,0.00,0.00,83,36.25,51,49.48,64,49.48,96,85.35
20.1,50.2,0.00,0.00,90,36.25,62,49.48,51,49.48,95,85.35
19.7,50.2,0.00,0.00,88,36.25,51,49.48,66,49.48,96,85.35
20.1,50.2,0.00,0.00,88,36.25,59,49.48,55,49.48,95,85.35
22.0,50.2,0.00,0.00,88,40.38,61,49.48,56,49.48,95,85.35
98.3,49.4,0.00,0.00,84,40.38,60,49.48,71,49.48,95,85.35
21.2,49.6,0.00,0.00,84,40.38,59,49.48,59,49.48,95,85.35
22.1,49.8,0.00,0.00,86,40.38,58,49.48,58,49.48,94,85.35
21.6,50.1,0.00,0.00,90,40.38,50,49.48,65,49.48,94,85.35
18.6,50.2,0.00,0.00,86,40.38,54,49.48,52,49.48,95,85.35
19.7,50.2,0.00,0.00,89,40.38,59,49.48,62,49.48,96,85.35
20.2,50.2,0.00,0.00,90,40.38,59,49.48,60,49.48,93,85.35
21.3,50.2,0.00,0.00,88,40.38,55,49.48,50,49.48,95,85.35
20.0,50.2,0.00,0.00,89,40.38,63,49.48,57,49.56,97,85.35
23.1,48.2,0.00,0.00,93,40.38,34,49.56,99,49.56,89,85.35
26.2,48.6,0.00,0.00,87,40.38,98,49.56,99,49.56,95,85.35
98.6,49.0,0.00,0.00,89,40.38,99,49.56,97,49.56,95,85.35
25.3,49.5,0.00,0.00,86,40.38,99,49.56,99,49.56,93,85.35
30.3,49.9,0.00,0.00,88,40.38,99,49.56,99,49.56,91,85.35
21.6,50.2,0.00,0.00,90,40.38,99,49.56,100,49.56,97,85.35
21.9,50.2,0.00,0.00,92,40.38,99,49.56,99,49.56,96,85.35
22.0,50.2,0.00,0.00,93,40.38,99,49.56,99,49.56,95,85.35
20.9,50.2,0.00,0.00,92,40.38,99,49.56,99,49.56,97,85.35
22.3,50.2,0.00,0.00,92,40.38,99,49.56,99,49.56,96,85.35
23.2,50.2,0.00,0.00,92,40.38,99,49.56,99,49.56,96,85.35
21.4,50.2,0.00,0.00,93,40.38,99,49.56,99,49.56,97,85.35
10.2,50.2,0.00,0.00,93,40.38,99,49.56,100,49.56,95,85.35
26.0,47.5,0.00,0.00,78,40.38,68,49.56,46,49.56,52,85.47
86.1,47.1,0.00,0.00,86,40.38,61,49.56,49,49.56,100,85.47
33.9,47.9,0.00,0.00,81,40.38,56,49.56,58,49.56,100,85.47
35.9,48.7,0.00,0.00,81,40.38,57,49.56,57,49.56,100,85.47
28.1,49.5,0.00,0.00,83,40.38,56,49.56,52,49.56,100,85.47
19.5,50.1,0.00,0.00,86,40.38,53,49.56,64,49.56,100,85.47
20.1,50.2,0.00,0.00,89,40.38,63,49.56,51,49.56,100,85.47
18.2,50.2,0.00,0.00,93,40.38,71,49.56,49,49.56,100,85.47
20.2,50.2,0.00,0.00,91,40.38,67,49.56,51,49.56,100,85.47
19.1,50.2,0.00,0.00,94,40.38,56,49.56,63,49.56,100,85.47
20.9,50.2,0.00,0.00,93,40.38,59,49.56,66,49.56,100,85.47
20.0,50.2,0.00,0.00,90,40.38,60,49.56,65,49.56,100,85.47
19.2,50.2,0.00,0.00,92,40.38,56,49.56,67,49.56,100,85.47
18.3,50.2,0.00,0.00,91,40.38,58,49.56,68,49.56,100,85.47
19.6,50.2,0.00,0.00,91,40.38,58,49.56,60,49.56,100,85.47
19.3,50.3,0.00,0.00,90,40.38,61,49.56,54,49.56,100,85.47
19.2,50.2,0.00,0.00,90,40.38,56,49.56,65,49.56,100,85.47
19.2,50.2,0.00,0.00,92,40.38,55,49.56,70,49.56,100,85.47
26.6,48.4,0.00,0.00,86,40.38,99,49.56,99,49.56,100,85.47
90.6,48.9,0.00,0.00,86,40.38,99,49.56,99,49.56,100,85.47
25.1,49.2,0.00,0.00,84,40.38,99,49.56,98,49.56,100,85.47
23.9,49.6,0.00,0.00,81,40.38,99,49.56,99,49.56,100,85.47
21.9,49.1,0.00,0.00,86,40.38,99,49.56,99,49.56,100,85.47
24.0,49.4,0.00,0.00,80,40.38,100,49.56,100,49.56,100,85.47
25.5,49.7,0.00,0.00,86,40.38,99,49.56,99,49.56,100,85.47
31.7,49.9,0.00,0.00,87,40.38,99,49.56,99,49.56,100,85.47
39.4,50.1,0.00,0.00,89,40.38,99,49.56,99,49.56,100,85.47
21.2,50.3,0.00,0.00,91,40.38,99,49.56,99,49.56,100,85.47
21.0,50.3,0.00,0.00,90,40.38,100,49.56,99,49.56,100,85.47
20.1,50.3,0.00,0.00,91,40.38,99,49.56,99,49.56,100,85.47
24.8,48.2,0.00,0.00,90,40.38,37,49.56,51,49.56,100,85.47
37.0,48.6,0.00,0.00,86,40.38,51,49.56,63,49.56,100,85.47
23.6,49.0,0.00,0.00,87,40.38,54,49.56,61,49.56,100,85.47
96.7,49.5,0.00,0.00,87,40.38,56,49.56,65,49.56,100,85.47
25.2,49.9,0.00,0.00,89,40.38,63,49.56,55,49.56,100,85.47
19.4,50.3,0.00,0.00,87,40.38,62,49.56,53,49.56,100,85.47
19.5,50.3,0.00,0.00,92,40.38,63,49.56,54,49.56,100,85.47
19.0,50.2,0.00,0.00,92,40.38,59,49.56,65,49.56,100,85.47
20.8,50.3,0.00,0.00,91,40.38,66,49.56,56,49.56,100,85.47
19.8,50.2,0.00,0.00,92,40.38,61,49.56,56,49.56,100,85.47
19.4,50.3,0.00,0.00,91,40.38,69,49.56,51,49.56,100,85.47
18.7,50.3,0.00,0.00,92,40.38,60,49.56,61,49.56,100,85.47
20.2,50.2,0.00,0.00,92,40.38,58,49.56,58,49.56,100,85.47
18.9,50.3,0.00,0.00,92,40.38,62,49.56,55,49.56,100,85.47
19.2,50.2,0.00,0.00,91,40.38,59,49.56,61,49.56,100,85.47
21.7,49.4,0.00,0.00,67,40.38,61,49.56,58,49.56,100,85.47
22.3,49.6,0.00,0.00,85,40.38,57,49.56,59,49.56,100,85.47
22.8,49.9,0.00,0.00,89,40.38,64,49.56,48,49.56,100,85.47
76.9,48.1,0.00,0.00,53,40.38,59,49.56,72,49.56,100,85.47
85.6,48.6,0.00,0.00,22,40.38,30,49.56,34,49.56,100,85.47
16.2,49.0,0.00,0.00,25,40.38,26,49.56,42,49.56,100,85.47
14.9,49.3,0.00,0.00,29,40.38,41,49.56,40,49.56,100,85.47
63.4,49.6,0.00,0.00,19,40.38,43,49.56,68,49.56,95,85.47
14.9,50.0,0.00,0.00,57,40.38,64,49.56,38,49.56,100,85.47
17.3,50.3,0.00,0.00,21,40.38,54,49.56,30,49.56,100,85.47
12.9,50.3,0.00,0.00,29,40.38,63,49.56,32,49.56,100,85.47
12.7,50.3,0.00,0.00,25,40.38,66,49.56,38,49.56,100,85.47
10.6,50.3,0.00,0.00,28,40.38,86,49.56,65,49.56,100,85.47
20.4,50.3,0.00,0.00,64,40.38,100,49.56,99,49.56,100,85.47
20.5,50.3,0.00,0.00,89,40.38,99,49.56,99,49.56,100,85.47
16.3,50.3,0.00,0.00,89,40.38,99,49.56,64,49.56,100,85.47
11.9,50.3,0.00,0.00,26,40.38,32,49.56,24,49.56,99,85.47
13.5,50.3,0.00,0.00,29,40.38,47,49.56,29,49.56,100,85.47
13.9,50.3,0.00,0.00,29,40.38,56,49.56,29,49.56,100,85.47
15.4,50.3,0.00,0.00,28,40.38,62,49.56,58,49.56,100,85.47
21.1,50.3,0.00,0.00,87,40.38,100,49.56,99,49.56,100,85.47
20.5,50.3,0.00,0.00,89,40.38,99,49.56,99,49.56,100,85.47
13.5,50.3,0.00,0.00,89,40.38,99,49.56,52,49.56,100,85.47
13.6,50.3,0.00,0.00,22,40.38,36,49.56,42,49.56,100,85.47
14.7,50.3,0.00,0.00,27,40.38,37,49.56,32,49.56,100,85.47
12.3,50.3,0.00,0.00,26,40.38,43,49.56,31,49.56,100,85.47
24.4,50.3,0.00,0.00,27,40.38,61,49.56,43,49.56,100,85.47
22.2,48.5,0.00,0.00,81,40.38,54,49.56,66,49.56,67,85.47
26.3,48.0,0.00,0.00,78,40.38,49,49.56,58,49.56,92,85.47
24.9,48.6,0.00,0.00,82,40.38,45,49.56,53,49.56,95,85.47
58.1,49.2,0.00,0.00,81,40.38,58,49.56,54,49.56,93,85.47
26.3,49.8,0.00,0.00,86,40.38,66,49.56,55,49.56,91,85.47
26.7,50.3,0.00,0.00,85,40.38,58,49.56,58,49.56,96,85.47
19.1,50.3,0.00,0.00,87,40.38,59,49.56,56,49.56,96,85.47
20.5,49.3,0.00,0.00,70,40.38,58,49.56,61,49.56,92,85.47
21.6,49.5,0.00,0.00,87,40.38,54,49.56,57,49.56,93,85.47
22.2,49.8,0.00,0.00,88,40.38,59,49.56,56,49.56,95,85.47
21.9,49.9,0.00,0.00,88,40.38,52,49.56,68,49.56,93,85.47
59.8,50.2,0.00,0.00,90,40.38,57,49.56,57,49.56,95,85.47
19.5,50.3,0.00,0.00,87,40.38,59,49.56,62,49.56,96,85.47
21.8,50.3,0.00,0.00,88,40.38,56,49.56,48,49.56,96,85.47
21.1,50.3,0.00,0.00,87,40.38,56,49.56,52,49.56,96,85.47
20.2,50.3,0.00,0.00,87,40.38,64,49.56,50,49.56,96,85.47
21.3,50.3,0.00,0.00,91,40.38,60,49.56,53,49.56,95,85.47
20.1,50.3,0.00,0.00,92,40.38,59,49.56,60,49.56,97,85.47
14.3,50.3,0.00,0.00,91,40.38,50,49.56,37,49.56,96,85.47
24.9,48.5,0.00,0.00,86,40.38,99,49.56,99,49.56,93,85.47
97.3,48.9,0.00,0.00,88,40.38,98,49.56,98,49.56,92,85.47
25.7,49.4,0.00,0.00,84,40.38,97,49.56,98,49.56,96,85.47
38.8,49.7,0.00,0.00,87,40.38,99,49.56,99,49.56,92,85.47
28.2,50.1,0.00,0.00,85,40.38,99,49.56,100,49.56,96,85.47
21.9,50.3,0.00,0.00,91,40.38,99,49.56,99,49.56,97,85.47
21.5,50.3,0.00,0.00,92,40.38,99,49.56,99,49.56,97,85.47
22.5,50.3,0.00,0.00,93,40.38,100,49.56,99,49.56,96,85.47
23.3,50.3,0.00,0.00,91,40.38,99,49.56,99,49.56,97,85.47
21.5,50.3,0.00,0.00,90,40.38,99,49.56,100,49.56,96,85.47
23.2,50.3,0.00,0.00,71,40.38,99,49.56,99,49.56,94,85.47
23.6,49.4,0.00,0.00,60,40.38,99,49.56,98,49.56,95,85.47
26.9,48.3,0.00,0.00,90,40.38,85,49.56,41,49.56,90,85.47
93.1,48.1,0.00,0.00,83,40.38,57,49.56,66,49.56,87,85.47
81.0,48.8,0.00,0.00,84,40.38,48,49.56,70,49.56,93,85.47
23.6,49.4,0.00,0.00,83,40.38,59,49.56,56,49.56,91,85.47
87.2,49.9,0.00,0.00,87,40.38,53,49.56,64,49.56,94,85.47
22.3,50.3,0.00,0.00,84,40.38,57,49.56,66,49.56,96,85.47
21.5,50.3,0.00,0.00,92,40.38,65,49.56,48,49.56,95,85.47
19.8,50.3,0.00,0.00,89,40.38,54,49.56,62,49.56,97,85.47
19.0,50.3,0.00,0.00,90,40.38,62,49.56,58,49.56,97,85.47
20.1,50.3,0.00,0.00,91,40.38,60,49.56,56,49.56,97,85.47
18.9,50.3,0.00,0.00,91,40.38,68,49.56,49,49.56,96,85.47
20.6,50.3,0.00,0.00,91,40.38,60,49.56,53,49.56,94,85.47
20.3,50.3,0.00,0.00,91,40.38,52,49.56,73,49.56,97,85.47
19.7,50.3,0.00,0.00,90,40.38,60,49.56,60,49.56,96,85.47
17.9,50.3,0.00,0.00,89,40.38,63,49.56,52,49.56,96,85.47
20.3,50.3,0.00,0.00,90,40.38,58,49.56,61,49.56,96,85.47
19.7,50.3,0.00,0.00,92,40.38,59,49.56,52,49.56,95,85.47
19.8,50.3,0.00,0.00,93,40.38,66,49.56,58,49.56,96,85.47
22.1,50.3,0.00,0.00,90,40.38,60,49.56,59,49.56,96,85.47
24.5,48.5,0.00,0.00,88,40.38,99,49.56,99,49.56,93,85.47
25.3,49.0,0.00,0.00,85,40.38,99,49.56,98,49.56,91,85.47
42.3,47.4,0.00,0.00,41,21.66,98,49.56,97,49.56,94,85.47
79.8,44.5,0.00,0.00,83,21.66,98,49.56,98,49.56,96,85.47
24.8,45.0,0.00,0.00,87,21.66,99,49.56,99,49.56,97,85.47
21.7,45.0,0.00,0.00,91,21.66,99,49.56,99,49.56,96,85.47
21.0,45.0,0.00,0.00,89,21.66,99,49.56,99,49.56,94,85.47
23.6,45.0,0.00,0.00,91,21.66,100,49.56,99,49.56,96,85.47
21.1,45.0,0.00,0.00,90,21.66,99,49.56,99,49.56,97,85.47
22.0,45.0,0.00,0.00,91,21.66,99,49.56,99,49.56,97,85.47
22.1,45.0,0.00,0.00,91,21.66,99,49.56,99,49.56,96,85.47
20.1,45.0,0.00,0.00,87,21.66,99,49.56,99,49.56,97,85.47
23.8,42.9,0.00,0.00,90,21.66,39,21.47,53,21.47,63,85.47
21.9,33.4,0.00,0.00,91,21.66,56,21.47,63,21.47,94,85.47
21.0,33.7,0.00,0.00,90,21.66,66,21.47,50,21.47,100,85.47
21.9,33.9,0.00,0.00,86,21.66,69,21.47,52,21.47,100,85.47
22.0,34.1,0.00,0.00,90,21.66,72,21.47,46,21.47,100,85.47
21.2,34.3,0.00,0.00,91,21.66,60,21.47,55,21.47,100,85.47
19.5,34.4,0.00,0.00,92,21.66,66,21.47,56,21.47,100,85.47
18.9,34.4,0.00,0.00,93,21.66,62,21.47,59,21.47,100,85.47
21.4,34.4,0.00,0.00,91,21.66,65,21.47,58,21.47,100,85.47
18.9,34.4,0.00,0.00,92,21.66,62,21.47,58,21.47,100,85.47
21.7,34.4,0.00,0.00,93,21.66,64,21.47,60,21.47,100,85.47
20.8,34.4,0.00,0.00,92,21.66,62,21.47,57,21.47,100,85.47
16.2,34.4,0.00,0.00,93,21.66,71,21.47,45,21.47,100,85.47
16.9,29.2,0.00,0.00,3,2.95,71,21.47,46,21.47,99,85.47
16.4,29.6,0.00,0.00,0,2.95,55,21.47,53,21.47,100,85.47
18.5,30.0,0.00,0.00,0,2.95,70,21.47,55,21.47,100,85.47
17.3,32.4,0.00,0.00,2,15.01,63,21.47,55,21.47,100,85.47
17.7,36.1,0.00,0.00,6,27.39,62,21.47,64,21.47,100,85.47
10.4,35.6,0.00,0.00,3,32.12,19,2.95,2,2.95,100,85.47
5.4,27.5,0.00,0.00,0,32.12,0,2.95,0,2.95,100,85.47
6.2,27.7,0.00,0.00,0,32.12,0,2.95,0,2.95,100,85.47
94.2,27.9,0.00,0.00,0,32.12,0,2.95,0,2.95,100,85.47
12.3,28.3,0.00,0.00,0,36.25,0,2.95,0,2.95,100,85.47
12.7,28.5,0.00,0.00,86,36.25,0,2.95,0,2.95,100,85.47
91.6,29.0,0.00,0.00,90,36.25,0,2.95,0,2.95,99,85.47
18.1,29.8,0.00,0.00,84,36.25,0,2.95,0,2.95,100,85.47
17.2,30.4,0.00,0.00,83,36.25,0,2.95,0,3.35,100,85.47
17.3,33.5,0.00,0.00,92,36.25,6,14.23,4,10.19,100,85.47
15.7,39.1,0.00,0.00,89,36.25,6,26.68,5,18.98,100,85.47
13.6,42.0,0.00,0.00,90,36.25,9,45.85,0,24.4,100,85.47
13.0,42.4,0.00,0.00,90,36.25,0,45.85,0,24.4,100,85.47
25.9,42.9,0.00,0.00,89,36.25,0,45.85,0,24.4,100,85.47
14.8,43.3,0.00,0.00,88,36.25,0,45.85,0,24.4,100,85.47
13.8,43.8,0.00,0.00,88,36.25,3,52.36,26,31.01,100,85.47
28.2,44.2,0.00,0.00,87,36.25,74,52.36,96,31.01,100,85.47
27.6,44.5,0.00,0.00,84,36.25,79,52.36,97,31.01,100,85.47
29.4,44.7,0.00,0.00,85,36.25,75,52.36,96,31.01,100,85.47
29.3,45.0,0.00,0.00,87,36.25,72,52.36,97,31.01,100,85.47
26.4,45.2,0.00,0.00,86,36.25,72,52.36,98,31.01,100,85.47
28.5,45.2,0.00,0.00,89,36.25,77,52.36,98,31.01,100,85.47
28.8,45.2,0.00,0.00,87,36.25,79,52.36,98,31.01,100,85.47
25.9,45.3,0.00,0.00,89,36.25,85,52.36,98,31.01,100,85.47
26.6,45.2,0.00,0.00,90,36.25,80,52.36,98,31.01,100,85.47
25.5,45.2,0.00,0.00,89,36.25,81,52.36,98,31.01,100,85.47
30.9,44.9,0.00,0.00,88,40.38,82,52.36,98,31.01,100,85.47
69.9,44.4,0.00,0.00,83,40.38,78,52.41,96,31.01,100,85.47
30.0,43.6,0.00,0.00,88,40.38,53,58.93,97,31.01,100,85.47
35.3,44.0,0.00,0.00,86,40.38,65,58.93,92,31.01,100,85.47
89.4,44.4,0.00,0.00,87,40.38,71,58.93,80,31.01,100,85.47
23.0,43.9,0.00,0.00,85,40.38,79,58.93,0,31.01,100,85.47
98.8,44.3,0.00,0.00,88,40.38,86,58.93,0,31.01,100,85.47
19.8,44.8,0.00,0.00,87,40.38,82,58.93,0,31.01,100,85.47
20.5,45.1,0.00,0.00,87,40.38,91,58.93,0,31.01,100,85.47
24.4,45.3,0.00,0.00,91,40.38,93,58.93,98,31.01,100,85.47
26.8,45.3,0.00,0.00,91,40.38,89,58.93,99,31.01,100,85.47
26.5,45.3,0.00,0.00,89,40.38,82,58.93,98,31.01,100,85.47
25.7,45.3,0.00,0.00,90,40.38,99,58.93,98,31.01,100,85.47
27.1,45.3,0.00,0.00,89,40.38,99,58.93,99,31.01,100,85.47
25.9,45.3,0.00,0.00,90,40.38,99,58.93,99,31.01,100,85.47
25.3,45.3,0.00,0.00,90,40.38,83,58.98,97,31.01,100,85.47
69.8,44.4,0.00,0.00,85,40.38,81,58.98,97,31.01,100,85.47
28.7,44.7,0.00,0.00,86,40.38,83,58.98,96,31.01,100,85.47
27.7,44.9,0.00,0.00,89,40.38,82,58.98,98,31.01,100,85.47
29.3,45.1,0.00,0.00,85,40.38,79,58.98,97,31.01,100,85.47
25.7,45.3,0.00,0.00,85,40.38,76,58.98,98,31.01,100,85.47
26.7,45.3,0.00,0.00,89,40.38,86,58.98,99,31.01,100,85.47
25.8,45.3,0.00,0.00,90,40.38,99,58.98,99,31.01,100,85.47
26.3,44.3,0.00,0.00,89,40.38,99,58.98,97,31.01,100,85.47
27.6,44.5,0.00,0.00,87,40.38,99,58.98,20,2.95,100,85.47
99.8,39.4,0.00,0.00,89,40.38,99,58.98,0,2.95,100,85.47
19.9,39.6,0.00,0.00,92,40.38,99,58.98,0,2.95,100,85.47
19.5,39.9,0.00,0.00,91,40.38,99,58.98,0,2.95,100,85.47
28.5,40.1,0.00,0.00,90,40.38,99,58.98,0,2.95,100,85.47
78.6,39.2,0.00,0.00,89,40.38,58,30.96,0,2.95,59,27.84
22.4,29.8,0.00,0.00,90,40.38,94,30.96,0,5.26,97,27.84
20.9,31.1,0.00,0.00,91,40.38,99,30.96,4,11.48,97,27.84
21.5,32.9,0.00,0.00,93,40.38,99,30.96,7,24.4,96,27.84
22.7,33.6,0.00,0.00,90,40.38,99,30.96,0,24.4,93,27.84
58.1,33.8,0.00,0.00,90,40.38,99,30.96,0,24.4,97,27.84
18.3,34.1,0.00,0.00,90,40.38,99,30.96,0,24.4,93,27.84
20.2,34.2,0.00,0.00,90,40.38,99,30.96,0,24.4,95,27.84
20.8,34.4,0.00,0.00,91,40.38,98,30.96,51,31.01,97,27.84
24.6,34.6,0.00,0.00,89,40.38,99,30.96,98,31.01,97,27.84
28.3,34.6,0.00,0.00,87,40.38,99,30.96,98,31.01,96,27.84
26.8,34.6,0.00,0.00,87,40.38,99,30.96,98,31.01,96,27.84
27.8,34.6,0.00,0.00,89,40.38,99,30.96,98,31.01,96,27.84
27.4,34.6,0.00,0.00,86,40.38,99,30.96,98,31.01,95,27.84
20.0,33.5,0.00,0.00,88,40.38,4,2.95,99,31.01,96,27.84
20.0,29.3,0.00,0.00,90,40.38,0,2.95,99,31.01,96,27.84
21.6,29.5,0.00,0.00,78,40.38,0,2.95,96,31.01,96,27.84
21.2,28.6,0.00,0.00,62,40.18,0,2.95,97,31.01,97,27.84
20.3,25.4,0.00,0.00,92,21.66,2,8.99,99,31.01,95,27.84
19.3,27.2,0.00,0.00,92,21.66,3,15.07,99,31.01,95,27.84
21.4,28.2,0.00,0.00,91,21.66,2,24.4,98,31.01,95,27.84
20.0,28.4,0.00,0.00,89,21.66,0,24.4,95,31.01,95,27.84
19.8,28.6,0.00,0.00,89,21.66,0,24.4,96,31.01,95,27.84
20.8,28.8,0.00,0.00,88,21.66,0,24.4,96,31.01,95,27.84
97.1,28.1,0.00,0.00,90,21.66,0,31.01,0,31.01,93,27.84
19.8,28.5,0.00,0.00,91,21.66,96,31.01,0,31.01,92,27.84
20.2,28.7,0.00,0.00,87,21.66,98,31.01,0,31.01,94,27.84
22.6,28.9,0.00,0.00,87,21.66,98,31.01,0,31.01,95,27.84
22.2,29.1,0.00,0.00,89,21.66,97,31.01,65,31.01,93,27.84
25.3,29.2,0.00,0.00,90,21.66,99,31.01,98,31.01,96,27.84
25.8,29.2,0.00,0.00,85,21.66,98,31.01,98,31.01,95,27.84
25.8,29.2,0.00,0.00,87,21.66,98,31.01,98,31.01,96,27.84
27.5,29.2,0.00,0.00,90,21.66,98,31.01,98,31.01,95,27.84
26.9,29.2,0.00,0.00,87,21.66,98,31.01,98,31.01,96,27.84
26.1,29.2,0.00,0.00,90,21.66,99,31.01,98,31.01,94,27.84
25.9,29.2,0.00,0.00,88,21.66,98,31.01,98,31.01,95,27.84
25.9,29.2,0.00,0.00,85,21.66,99,31.01,98,31.01,96,27.84
27.4,29.2,0.00,0.00,88,21.66,99,31.01,98,31.01,94,27.84
25.3,29.2,0.00,0.00,86,21.66,99,31.01,98,31.01,95,27.84
26.8,29.2,0.00,0.00,87,21.66,99,31.01,98,31.01,96,27.84
22.1,29.2,0.00,0.00,86,21.66,99,31.01,99,31.01,95,27.84
37.7,23.0,0.00,0.00,3,2.95,10,31.01,98,31.01,96,27.84
92.8,23.2,0.00,0.00,0,2.95,0,31.01,96,31.01,93,27.84
81.9,23.7,0.00,0.00,0,2.95,0,31.01,97,31.01,91,27.84
68.8,23.4,0.00,0.00,0,2.95,0,31.01,0,31.01,95,27.84
12.8,25.0,0.00,0.00,0,10.79,17,31.01,0,31.01,95,27.84
19.7,28.8,0.00,0.00,9,22.38,96,31.01,0,31.01,95,27.84
98.1,31.9,0.00,0.00,8,32.12,98,31.01,0,31.01,94,27.84
17.6,32.3,0.00,0.00,0,32.12,96,31.01,0,31.01,93,27.84
21.9,32.7,0.00,0.00,0,32.12,95,31.01,96,31.01,91,27.84
22.1,32.9,0.00,0.00,0,32.12,96,31.01,98,31.01,93,27.84
21.2,33.2,0.00,0.00,0,32.12,96,31.01,99,31.01,92,27.84
27.1,33.5,0.00,0.00,0,39.99,96,31.01,98,31.01,95,27.84
29.4,33.7,0.00,0.00,95,39.99,97,31.01,98,31.01,94,27.84
31.7,33.9,0.00,0.00,95,39.99,98,31.01,97,31.01,93,27.84
45.2,34.1,0.00,0.00,92,39.99,98,31.01,98,31.01,93,27.84
29.6,34.4,0.00,0.00,94,39.99,97,31.01,97,31.01,95,27.84
29.3,34.6,0.00,0.00,94,39.99,98,31.01,99,31.01,96,27.84
28.1,34.6,0.00,0.00,94,39.99,99,31.01,98,31.01,97,27.84
25.7,34.6,0.00,0.00,96,39.99,98,31.01,98,31.01,96,27.84
26.7,34.6,0.00,0.00,95,39.99,99,31.01,99,31.01,96,27.84
27.4,34.6,0.00,0.00,96,39.99,99,31.01,99,31.01,96,27.84
21.3,33.6,0.00,0.00,96,39.99,23,31.01,98,31.01,95,27.84
20.9,33.8,0.00,0.00,95,39.99,0,31.01,97,31.01,92,27.84
21.8,33.9,0.00,0.00,94,39.99,0,31.01,0,31.01,93,27.84
14.3,33.4,0.00,0.00,93,39.99,0,31.01,0,31.01,96,27.84
33.3,32.8,0.00,0.00,95,39.99,0,31.01,0,31.01,5,2.95
17.6,28.9,0.00,0.00,93,39.99,87,31.01,0,31.01,0,2.95
18.6,29.2,0.00,0.00,94,39.99,97,31.01,0,31.01,0,2.95
22.8,29.3,0.00,0.00,93,39.99,98,31.01,98,31.01,0,2.95
27.1,29.5,0.00,0.00,93,47.9,97,31.01,97,31.01,0,2.95
27.2,28.8,0.00,0.00,90,47.9,96,31.01,96,31.01,0,2.95
28.2,29.3,0.00,0.00,93,47.9,95,31.01,99,31.01,0,2.95
30.4,30.1,0.00,0.00,95,47.9,97,31.01,97,31.01,4,8.63
26.9,31.8,0.00,0.00,93,47.9,98,31.01,98,31.01,4,14.19
36.5,33.8,0.00,0.00,95,47.9,94,31.01,98,31.01,12,35.38
23.8,33.7,0.00,0.00,96,47.9,98,31.01,98,31.01,0,35.38
27.7,33.9,0.00,0.00,94,47.9,98,31.01,99,31.01,0,35.38
25.4,34.1,0.00,0.00,95,47.9,97,31.01,98,31.01,0,35.38
33.9,34.3,0.00,0.00,92,47.9,98,31.01,97,31.01,0,35.38
76.2,34.5,0.00,0.00,93,47.9,99,31.01,98,31.01,99,57.53
26.3,34.6,0.00,0.00,94,47.9,98,31.01,98,31.01,100,57.53
29.0,34.6,0.00,0.00,96,47.9,99,31.01,98,31.01,99,57.53
24.5,34.6,0.00,0.00,96,47.9,98,31.01,98,31.01,99,57.53
22.2,33.7,0.00,0.00,95,47.9,0,31.01,0,31.01,100,57.53
13.8,33.1,0.00,0.00,94,47.9,0,31.01,0,31.01,100,57.53
67.7,33.5,0.00,0.00,93,47.9,0,31.01,0,31.01,99,57.53
14.8,33.9,0.00,0.00,95,47.9,0,31.01,0,31.01,100,57.53
22.2,34.4,0.00,0.00,97,47.9,26,31.01,0,31.01,100,57.53
24.3,34.6,0.00,0.00,93,47.94,98,31.01,99,31.01,100,57.53
29.0,33.7,0.00,0.00,64,47.94,98,31.01,98,31.01,100,57.53
98.3,33.9,0.00,0.00,95,47.94,98,31.01,97,31.01,100,57.53
27.3,34.1,0.00,0.00,95,47.94,97,31.01,98,31.01,100,57.53
27.2,34.3,0.00,0.00,94,47.94,97,31.01,97,31.01,99,57.53
84.3,34.5,0.00,0.00,93,47.94,97,31.01,98,31.01,100,57.53
27.3,34.6,0.00,0.00,96,47.94,98,31.01,99,31.01,100,57.53
27.2,34.6,0.00,0.00,95,47.94,98,31.01,98,31.01,100,57.53
26.9,34.6,0.00,0.00,95,47.94,99,31.01,99,31.01,100,57.53
26.3,34.6,0.00,0.00,96,47.94,99,31.01,99,31.01,100,57.53
27.5,34.6,0.00,0.00,96,47.94,98,31.01,99,31.01,100,57.53
27.9,34.6,0.00,0.00,95,47.94,98,31.01,98,31.01,100,57.53
27.5,34.6,0.00,0.00,96,47.94,99,31.01,98,31.01,100,57.53
27.1,34.6,0.00,0.00,96,47.94,98,31.01,99,31.01,100,57.53
24.8,34.6,0.00,0.00,95,47.94,99,31.01,98,31.01,100,57.53
27.8,34.6,0.00,0.00,96,47.94,99,31.01,20,2.95,100,57.53
11.1,28.4,0.00,0.00,96,47.94,6,31.01,5,2.95,100,57.53
12.3,28.6,0.00,0.00,96,47.94,0,31.01,0,2.95,100,57.53
12.5,28.8,0.00,0.00,97,47.94,0,31.01,0,2.95,100,57.53
45.6,29.2,0.00,0.00,94,47.94,0,31.01,0,2.95,100,57.53
16.7,28.6,0.00,0.00,44,47.94,0,31.01,0,2.95,99,57.53
22.0,29.7,0.00,0.00,96,47.94,97,31.01,3,9.55,99,57.53
29.6,31.6,0.00,0.00,94,47.94,96,31.01,4,15.61,100,57.53
24.4,33.2,0.00,0.00,96,47.94,98,31.01,3,18.76,100,57.53
22.7,33.6,0.00,0.00,94,47.94,98,31.01,0,18.76,99,57.53
23.1,34.0,0.00,0.00,95,47.94,98,31.01,0,18.76,100,57.53
94.0,34.2,0.00,0.00,96,47.94,98,31.01,0,18.76,100,57.53
19.6,34.4,0.00,0.00,95,47.94,97,31.01,0,33.67,100,57.53
21.5,34.7,0.00,0.00,96,47.94,98,31.01,97,33.67,100,57.53
21.7,34.7,0.00,0.00,97,47.94,99,31.01,97,33.67,100,57.53
21.6,34.7,0.00,0.00,97,47.94,99,31.01,98,33.67,100,57.53
21.1,34.7,0.00,0.00,95,47.94,98,31.01,97,33.67,100,57.53
21.3,34.7,0.00,0.00,97,47.94,99,31.01,98,33.67,100,57.53
21.9,34.7,0.00,0.00,96,47.94,99,31.01,98,33.67,100,57.53
21.9,34.7,0.00,0.00,97,47.94,99,31.01,97,33.67,100,57.53
22.3,34.7,0.00,0.00,97,47.94,99,31.01,98,33.67,100,57.53
24.1,34.7,0.00,0.00,96,47.94,98,31.01,98,33.67,100,57.53
22.9,34.7,0.00,0.00,96,47.94,60,31.01,98,33.67,100,57.53
21.9,33.8,0.00,0.00,96,47.94,0,31.01,97,33.67,100,57.53
18.6,34.1,0.00,0.00,96,47.94,0,31.01,97,33.67,100,57.53
18.0,33.4,0.00,0.00,76,47.94,0,31.01,97,33.67,100,57.53
19.2,33.8,0.00,0.00,94,47.94,0,31.01,97,33.67,100,57.53
23.6,34.3,0.00,0.00,96,47.94,43,31.01,98,33.67,100,57.53
27.0,34.5,0.00,0.00,95,47.94,98,31.01,97,33.67,100,57.53
22.1,34.7,0.00,0.00,94,47.94,99,31.01,98,33.67,100,57.53
22.1,34.7,0.00,0.00,96,47.94,99,31.01,98,33.67,100,57.53
22.3,34.7,0.00,0.00,96,47.94,99,31.01,98,33.67,100,57.53
20.8,34.7,0.00,0.00,96,47.94,99,31.01,98,33.67,100,57.53
23.3,34.7,0.00,0.00,96,47.94,99,31.01,98,33.67,100,57.53
21.5,34.7,0.00,0.00,96,47.94,98,31.01,98,33.67,100,57.53
23.8,34.7,0.00,0.00,96,47.94,99,31.01,98,33.67,100,57.53
23.2,34.7,0.00,0.00,95,47.94,98,31.01,98,33.67,100,57.53
20.1,34.7,0.00,0.00,94,47.94,99,31.01,98,33.67,100,57.53
21.0,34.7,0.00,0.00,96,47.94,99,31.01,98,33.67,100,57.53
21.4,34.7,0.00,0.00,95,47.94,98,31.01,98,33.67,100,57.53
20.3,34.7,0.00,0.00,96,47.94,98,31.01,98,33.67,100,57.53
20.1,34.7,0.00,0.00,96,47.94,98,31.01,98,33.67,100,57.53
20.2,34.7,0.00,0.00,96,47.94,99,31.01,98,33.67,100,57.53
17.1,34.7,0.00,0.00,96,47.94,99,31.01,98,33.67,100,57.53
15.8,24.3,0.00,0.00,55,25.45,17,2.95,98,33.67,100,57.53
14.0,24.0,0.00,0.00,97,25.45,0,2.95,98,33.67,100,57.53
13.6,24.0,0.00,0.00,97,25.45,0,2.95,98,33.67,100,57.53
23.1,24.4,0.00,0.00,93,25.45,0,2.95,97,33.67,100,57.53
18.1,24.8,0.00,0.00,96,25.45,0,2.95,97,33.67,100,57.53
19.8,25.9,0.00,0.00,96,25.45,7,14.03,98,33.67,100,57.53
17.8,29.8,0.00,0.00,97,25.45,9,25.9,98,33.67,100,57.53
16.8,32.5,0.00,0.00,97,25.45,9,30.12,97,33.67,100,57.53
15.9,32.7,0.00,0.00,96,25.45,0,30.12,98,33.67,100,57.53
17.5,32.9,0.00,0.00,96,25.45,0,30.12,98,33.67,100,57.53
15.5,33.1,0.00,0.00,95,25.45,0,30.12,97,33.67,100,57.53
99.2,33.4,0.00,0.00,95,25.45,0,38.72,98,33.67,100,57.53
22.4,33.8,0.00,0.00,96,25.45,76,38.72,98,33.67,89,57.53
52.9,33.1,0.00,0.00,96,25.45,64,38.72,95,33.67,0,57.53
86.1,33.5,0.00,0.00,95,25.45,70,38.72,97,33.67,0,57.53
21.5,33.8,0.00,0.00,96,25.45,67,38.72,98,33.67,0,57.53
79.0,34.2,0.00,0.00,93,25.45,71,38.72,97,33.67,0,57.53
17.1,34.6,0.00,0.00,96,25.45,72,38.72,67,33.99,8,57.53
51.5,33.8,0.00,0.00,94,25.45,74,38.72,0,33.99,99,57.53
14.5,32.7,0.00,0.00,69,2.95,67,38.72,0,33.99,100,57.53
14.9,28.9,0.00,0.00,0,2.95,71,38.72,0,33.99,99,57.53
12.3,29.1,0.00,0.00,0,2.95,75,38.72,0,33.99,100,57.53
13.7,29.4,0.00,0.00,0,2.95,77,38.72,62,33.99,100,57.53
14.3,29.4,0.00,0.00,0,2.95,81,38.72,97,33.99,99,57.53
14.4,29.4,0.00,0.00,0,2.95,79,38.72,97,33.99,100,57.53
15.0,29.4,0.00,0.00,0,2.95,81,38.72,97,33.99,100,57.53
16.0,29.4,0.00,0.00,0,2.95,81,38.72,97,33.99,100,57.53
14.3,29.4,0.00,0.00,0,2.95,82,38.72,98,33.99,100,57.53
14.6,29.4,0.00,0.00,0,2.95,81,38.72,98,33.99,100,57.53
14.1,29.4,0.00,0.00,0,2.95,73,38.72,98,33.99,100,57.53
15.6,28.7,0.00,0.00,0,2.95,39,47.43,98,33.99,100,57.53
72.2,28.6,0.00,0.00,0,2.95,73,47.43,98,33.99,100,57.53
16.6,28.8,0.00,0.00,0,2.95,72,47.43,98,33.99,100,57.53
17.1,29.0,0.00,0.00,0,2.95,76,47.43,95,33.99,100,57.53
17.5,29.3,0.00,0.00,0,2.95,72,47.43,97,33.99,100,57.53
13.6,29.4,0.00,0.00,0,2.95,78,47.43,97,33.99,100,57.53
14.6,29.4,0.00,0.00,0,2.95,79,47.43,98,33.99,100,57.53
14.4,29.4,0.00,0.00,0,2.95,78,47.43,98,33.99,100,57.53
14.2,29.4,0.00,0.00,0,2.95,79,47.43,98,33.99,100,57.53
14.6,29.4,0.00,0.00,0,2.95,81,47.43,98,33.99,100,57.53
13.6,29.4,0.00,0.00,0,2.95,78,47.43,98,33.99,100,57.53
13.2,29.4,0.00,0.00,0,2.95,77,47.43,98,33.99,100,57.53
14.5,29.4,0.00,0.00,0,2.95,82,47.43,98,33.99,100,57.53
15.0,29.4,0.00,0.00,0,2.95,79,47.43,98,33.99,100,57.53
14.5,29.4,0.00,0.00,0,2.95,78,47.43,98,33.99,100,57.53
14.2,29.4,0.00,0.00,0,2.95,82,47.43,98,33.99,100,57.53
14.4,29.4,0.00,0.00,0,2.95,80,47.43,98,33.99,100,57.53
16.1,29.4,0.00,0.00,0,2.95,80,47.43,98,33.99,100,57.53
14.0,29.4,0.00,0.00,0,2.95,82,47.55,98,33.99,100,57.53
15.4,28.5,0.00,0.00,0,2.95,75,47.55,97,33.99,100,57.53
16.4,28.8,0.00,0.00,0,2.95,74,47.55,96,33.99,100,57.53
16.6,29.0,0.00,0.00,0,2.95,76,47.55,98,33.99,100,57.53
15.2,29.3,0.00,0.00,0,2.95,73,47.55,98,33.99,100,57.53
12.9,29.4,0.00,0.00,0,2.95,81,47.55,98,33.99,100,57.53
14.5,29.4,0.00,0.00,0,2.95,78,47.55,99,33.99,100,57.53
13.4,29.4,0.00,0.00,0,2.95,79,47.55,98,33.99,100,57.53
14.1,29.4,0.00,0.00,0,2.95,80,47.55,98,33.99,100,57.53
13.2,29.4,0.00,0.00,0,2.95,78,47.55,98,33.99,100,57.53
14.3,29.4,0.00,0.00,0,2.95,74,47.55,98,33.99,100,57.53
14.2,29.4,0.00,0.00,0,2.95,78,47.55,98,33.99,100,57.53
15.1,29.4,0.00,0.00,0,2.95,80,47.55,98,33.99,100,57.53
13.8,29.4,0.00,0.00,0,2.95,78,47.55,98,33.99,100,57.53
13.4,29.4,0.00,0.00,0,2.95,74,47.55,98,33.99,100,57.53
12.6,29.4,0.00,0.00,0,2.95,79,47.55,98,33.99,100,57.53
13.8,29.4,0.00,0.00,0,2.95,72,47.55,98,33.99,100,57.53
14.6,29.4,0.00,0.00,0,2.95,75,47.55,98,33.99,100,57.53
13.9,29.4,0.00,0.00,0,2.95,82,47.55,98,33.99,100,57.53
16.3,28.3,0.00,0.00,0,2.95,47,25.25,98,33.99,100,57.53
13.7,24.0,0.00,0.00,0,2.95,77,25.25,98,33.99,100,57.53
14.6,24.0,0.00,0.00,0,2.95,75,25.25,98,33.99,100,57.53
13.8,24.0,0.00,0.00,0,2.95,76,25.25,98,33.99,100,57.53
13.8,24.0,0.00,0.00,0,2.95,76,25.25,98,33.99,100,57.53
18.4,24.0,0.00,0.00,0,2.95,76,25.25,0,2.95,100,57.53
14.6,18.8,0.00,0.00,0,2.95,70,25.25,0,2.95,100,57.53
14.5,19.1,0.00,0.00,0,2.95,74,25.25,0,2.95,100,57.53
10.9,19.3,0.00,0.00,0,2.95,74,25.25,0,2.95,100,57.53
14.2,20.4,0.00,0.00,0,6.45,76,25.25,3,9.14,100,57.53
14.6,24.0,0.00,0.00,3,12.39,79,25.25,4,15.22,100,57.53
14.6,27.0,0.00,0.00,4,19.93,77,25.25,2,19.93,100,57.53
14.0,27.4,0.00,0.00,0,19.93,72,25.25,0,19.93,100,57.53
41.9,27.8,0.00,0.00,0,19.93,73,25.25,0,19.93,100,57.53
14.4,28.3,0.00,0.00,0,19.93,71,25.25,0,19.93,100,57.53
14.4,28.7,0.00,0.00,0,19.93,70,25.25,0,27.82,100,57.53
17.2,29.1,0.00,0.00,65,27.82,74,25.25,94,27.82,100,57.53
18.5,29.1,0.00,0.00,92,27.82,81,25.25,93,27.82,100,57.53
18.2,29.1,0.00,0.00,93,27.82,77,25.25,95,27.82,100,57.53
14.1,28.0,0.00,0.00,94,27.82,4,2.95,96,27.82,100,57.53
11.5,23.7,0.00,0.00,96,27.82,0,2.95,97,27.82,100,57.53
10.6,23.7,0.00,0.00,95,27.82,0,2.95,96,27.82,100,57.53
11.2,23.7,0.00,0.00,96,27.82,0,2.95,90,27.82,99,57.53
16.9,24.2,0.00,0.00,90,27.82,0,2.95,96,27.82,100,57.53
15.0,24.6,0.00,0.00,93,27.82,0,3.19,97,27.82,100,57.53
14.6,26.8,0.00,0.00,96,27.82,7,17.18,96,27.82,100,57.53
14.7,30.5,0.00,0.00,97,27.82,6,31.0,96,27.82,100,57.53
12.9,32.3,0.00,0.00,96,27.82,2,32.12,95,27.82,100,57.53
13.0,32.5,0.00,0.00,94,27.82,0,32.12,95,27.82,100,57.53
72.6,32.7,0.00,0.00,94,27.82,0,32.12,95,27.82,100,57.53
12.2,32.9,0.00,0.00,94,27.82,0,32.12,93,27.82,100,57.53
23.0,33.3,0.00,0.00,93,27.82,51,39.99,94,27.82,100,57.53
20.5,33.5,0.00,0.00,91,27.82,95,39.99,94,27.82,100,57.53
20.7,33.8,0.00,0.00,93,27.82,96,39.99,92,27.82,100,57.53
84.6,34.0,0.00,0.00,95,27.82,93,39.99,93,27.82,100,57.53
19.8,34.2,0.00,0.00,94,27.82,95,39.99,92,27.82,100,57.53
17.6,34.5,0.00,0.00,96,27.82,97,39.99,95,27.82,100,57.53
16.3,33.5,0.00,0.00,96,27.82,95,39.99,94,27.82,0,57.53
16.9,33.7,0.00,0.00,94,27.82,95,39.99,91,27.82,0,57.53
22.7,33.9,0.00,0.00,95,27.82,96,39.99,95,27.82,0,57.53
16.4,34.1,0.00,0.00,93,27.82,96,39.99,94,27.82,0,57.53
67.4,34.4,0.00,0.00,94,27.82,96,39.99,95,27.82,37,57.53
17.3,34.5,0.00,0.00,97,27.82,97,39.99,97,27.82,100,57.53
17.3,34.5,0.00,0.00,96,27.82,97,39.99,95,27.82,100,57.53
17.7,34.5,0.00,0.00,96,27.82,96,39.99,96,27.82,100,57.53
17.9,34.5,0.00,0.00,96,27.82,97,39.99,96,27.82,100,57.53
27.3,34.4,0.00,0.00,91,28.06,97,39.99,23,28.06,99,57.53
100.0,32.8,0.00,0.00,0,28.06,97,39.99,0,28.06,99,57.53
41.1,33.2,0.00,0.00,0,28.06,97,39.99,0,28.06,100,57.53
14.4,33.7,0.00,0.00,0,28.06,97,39.99,0,28.06,100,57.53
13.7,34.2,0.00,0.00,0,28.06,97,39.99,0,28.06,100,57.53
20.0,33.5,0.00,0.00,86,28.06,69,47.9,80,28.06,100,57.53
26.5,33.7,0.00,0.00,91,28.06,97,47.9,91,28.06,100,57.53
18.6,33.9,0.00,0.00,93,28.06,96,47.9,94,28.06,100,57.53
90.2,34.1,0.00,0.00,95,28.06,97,47.9,95,28.06,100,57.53
18.4,34.3,0.00,0.00,94,28.06,97,47.9,95,28.06,100,57.53
16.3,34.5,0.00,0.00,96,28.06,97,47.9,95,28.06,100,57.53
16.7,34.5,0.00,0.00,97,28.06,97,47.9,95,28.06,100,57.53
17.6,34.5,0.00,0.00,96,28.06,98,47.9,96,28.06,100,57.53
16.6,34.5,0.00,0.00,95,28.06,97,47.9,96,28.06,100,57.53
16.0,34.5,0.00,0.00,97,28.06,97,47.9,96,28.06,100,57.53
16.2,34.5,0.00,0.00,97,28.06,97,47.9,96,28.06,100,57.53
18.2,34.5,0.00,0.00,97,28.06,97,47.9,95,28.06,100,57.53
17.1,34.5,0.00,0.00,96,28.06,97,47.9,95,28.06,100,57.53
17.1,34.5,0.00,0.00,97,28.06,98,47.9,96,28.06,100,57.53
16.9,34.5,0.00,0.00,97,28.06,98,47.9,95,28.06,100,57.53
17.6,34.5,0.00,0.00,97,28.06,97,47.9,96,28.06,100,57.53
16.1,34.5,0.00,0.00,97,28.06,97,47.9,96,28.06,100,57.53
17.1,34.5,0.00,0.00,97,28.06,98,47.9,96,28.06,100,57.53
17.4,34.5,0.00,0.00,95,28.06,97,47.9,96,28.06,100,57.53
17.5,34.5,0.00,0.00,95,28.06,98,47.9,96,28.06,100,57.53
17.1,34.5,0.00,0.00,97,28.06,98,47.9,96,28.06,100,57.53
16.5,34.5,0.00,0.00,97,28.06,98,47.9,97,28.06,100,57.53
16.1,34.5,0.00,0.00,92,28.06,97,47.9,97,28.06,100,57.53
19.0,34.5,0.00,0.00,93,28.06,51,47.94,96,28.06,100,57.53
60.2,33.6,0.00,0.00,92,28.06,97,47.94,96,28.06,100,57.53
19.1,33.9,0.00,0.00,93,28.06,97,47.94,94,28.06,100,57.53
20.0,34.1,0.00,0.00,95,28.06,96,47.94,91,28.06,100,57.53
18.4,34.4,0.00,0.00,92,28.06,97,47.94,94,28.06,100,57.53
16.7,34.5,0.00,0.00,94,28.06,98,47.94,95,28.06,100,57.53
15.9,34.5,0.00,0.00,97,28.06,97,47.94,94,28.06,100,57.53
13.6,34.5,0.00,0.00,96,28.06,98,47.94,51,28.06,100,57.53
13.1,32.7,0.00,0.00,0,28.06,97,47.94,0,28.06,100,57.53
13.3,33.2,0.00,0.00,0,28.06,91,47.94,0,28.06,100,57.53
87.6,33.6,0.00,0.00,0,28.06,98,47.94,0,28.06,100,57.53
13.5,34.0,0.00,0.00,0,28.06,96,47.94,0,28.06,100,57.53
18.0,34.5,0.00,0.00,0,28.06,97,47.94,76,28.06,100,57.53
16.5,34.5,0.00,0.00,94,28.06,98,47.94,95,28.06,100,57.53
17.2,34.5,0.00,0.00,96,28.06,98,47.94,95,28.06,100,57.53
17.3,34.5,0.00,0.00,96,28.06,98,47.94,96,28.06,100,57.53
16.6,34.5,0.00,0.00,96,28.06,97,47.94,95,28.06,100,57.53
17.3,34.5,0.00,0.00,95,28.06,98,47.94,97,28.06,100,57.53
18.5,34.5,0.00,0.00,94,28.06,98,47.94,96,28.06,100,57.53
17.6,34.5,0.00,0.00,96,28.06,98,47.94,97,28.06,100,57.53
15.7,34.5,0.00,0.00,96,28.06,98,47.94,95,28.06,100,57.53
16.2,34.5,0.00,0.00,97,28.06,97,47.94,97,28.06,100,57.53
16.7,34.5,0.00,0.00,97,28.06,98,47.94,93,28.06,100,57.53
17.4,34.5,0.00,0.00,97,28.06,98,47.94,95,28.06,100,57.53
16.5,34.5,0.00,0.00,95,28.06,98,47.94,96,28.06,100,57.53
19.9,34.5,0.00,0.00,96,28.06,49,47.94,96,28.06,100,57.53
18.8,33.6,0.00,0.00,96,28.06,97,47.94,94,28.06,100,57.53
18.3,33.9,0.00,0.00,87,28.06,96,47.94,93,28.06,100,57.53
18.9,34.1,0.00,0.00,95,28.06,95,47.94,95,28.06,100,57.53
26.3,34.3,0.00,0.00,97,28.06,96,47.94,92,28.06,100,57.53
16.5,34.5,0.00,0.00,95,28.06,97,47.94,96,28.06,100,57.53
17.2,34.5,0.00,0.00,96,28.06,97,47.94,96,28.06,100,57.53
15.8,34.5,0.00,0.00,96,28.06,97,47.94,97,28.06,100,57.53
17.2,34.5,0.00,0.00,95,28.06,97,47.94,96,28.06,100,57.53
18.4,34.5,0.00,0.00,97,28.06,97,47.94,96,28.06,100,57.53
16.1,34.5,0.00,0.00,97,28.06,97,47.94,96,28.06,100,57.53
16.3,34.5,0.00,0.00,97,28.06,97,47.94,96,28.06,100,57.53
16.0,34.5,0.00,0.00,97,28.06,97,47.94,97,28.06,100,57.53
16.3,34.5,0.00,0.00,97,28.06,97,47.94,97,28.06,100,57.53
16.6,34.5,0.00,0.00,96,28.06,96,47.94,96,28.06,100,57.53
16.4,34.5,0.00,0.00,97,28.06,97,47.94,97,28.06,100,57.53
16.0,34.5,0.00,0.00,97,28.06,97,47.94,97,28.06,100,57.53
14.2,34.5,0.00,0.00,97,28.06,97,47.94,96,27.86,100,57.53
11.9,24.3,0.00,0.00,4,2.95,97,47.94,5,2.95,100,57.53
9.4,24.1,0.00,0.00,0,2.95,98,47.94,0,2.95,100,57.53
48.9,24.4,0.00,0.00,0,2.95,95,47.94,0,2.95,99,57.53
98.7,25.3,0.00,0.00,0,2.95,97,47.94,0,2.95,99,57.53
16.8,25.8,0.00,0.00,0,2.95,97,47.94,0,6.71,100,57.53
17.0,30.7,0.00,0.00,3,13.03,97,47.94,7,19.01,100,57.53
19.1,38.0,0.00,0.00,7,25.83,96,47.94,8,45.85,100,57.53
55.4,40.9,0.00,0.00,8,43.97,97,47.94,0,45.85,100,57.53
15.6,39.4,0.00,0.00,0,43.97,70,47.94,0,45.85,10,2.95
13.4,35.7,0.00,0.00,0,43.97,94,47.94,0,45.85,0,2.95
13.1,36.4,0.00,0.00,0,43.97,97,47.94,0,45.85,0,2.95
81.7,37.1,0.00,0.00,0,52.41,93,47.94,58,52.36,0,2.95
37.8,38.0,0.00,0.00,72,52.41,96,47.94,70,52.36,0,2.95
28.8,38.6,0.00,0.00,70,52.41,97,47.94,78,52.36,0,2.95
26.2,39.0,0.00,0.00,74,52.41,96,47.94,76,52.36,0,2.95
28.4,39.5,0.00,0.00,70,52.41,95,47.94,73,52.36,0,2.95
25.6,40.1,0.00,0.00,80,52.41,96,47.94,80,52.36,0,2.95
24.5,40.1,0.00,0.00,77,52.41,97,47.94,83,52.36,0,2.95
23.6,40.1,0.00,0.00,84,52.41,97,47.94,81,52.36,0,2.95
23.1,40.1,0.00,0.00,75,52.41,97,47.94,79,52.36,0,2.95
23.2,40.1,0.00,0.00,80,52.41,98,47.94,86,52.36,0,2.95
23.6,40.1,0.00,0.00,83,52.41,98,47.94,81,52.36,0,2.95
22.7,40.1,0.00,0.00,73,52.41,98,47.94,76,52.36,0,2.95
22.8,40.1,0.00,0.00,79,52.46,98,47.94,59,58.93,0,2.95
25.7,38.3,0.00,0.00,47,58.98,98,47.94,72,58.93,0,2.95
72.9,38.7,0.00,0.00,74,58.98,98,47.94,83,58.93,0,2.95
26.1,39.1,0.00,0.00,72,58.98,98,47.94,84,58.93,0,2.95
31.6,39.5,0.00,0.00,74,58.98,97,47.94,76,58.93,0,2.95
25.8,39.9,0.00,0.00,78,58.98,97,47.94,70,58.93,0,2.95
22.3,40.1,0.00,0.00,71,58.98,97,47.94,81,58.93,0,2.95
24.6,40.1,0.00,0.00,76,58.98,97,47.94,84,58.93,0,2.95
23.7,40.2,0.00,0.00,78,58.98,98,47.94,83,58.93,0,2.95
24.3,40.2,0.00,0.00,77,58.98,97,47.94,89,58.93,0,2.95
20.8,40.2,0.00,0.00,86,58.98,68,47.94,91,58.93,0,2.95
26.7,39.2,0.00,0.00,79,58.98,82,47.94,75,58.93,0,2.95
26.5,39.5,0.00,0.00,73,58.98,97,47.94,82,58.98,0,2.95
31.4,37.6,0.00,0.00,80,59.03,96,47.94,79,58.98,0,2.95
42.9,38.3,0.00,0.00,66,59.03,95,47.94,75,58.98,0,2.95
32.9,38.9,0.00,0.00,72,59.03,96,47.94,81,58.98,0,2.95
30.9,39.4,0.00,0.00,71,59.03,96,47.94,78,58.98,0,2.95
27.9,39.8,0.00,0.00,78,59.03,96,47.94,79,58.98,0,2.95
25.4,40.2,0.00,0.00,73,59.03,97,47.94,90,58.98,0,2.95
23.3,40.2,0.00,0.00,85,59.03,97,47.94,85,58.98,0,2.95
23.1,40.2,0.00,0.00,80,59.03,97,47.94,82,58.98,0,2.95
23.6,40.2,0.00,0.00,81,59.03,97,47.94,86,58.98,0,2.95
25.2,40.2,0.00,0.00,84,59.03,97,47.94,84,58.98,0,2.95
22.9,40.2,0.00,0.00,84,59.03,97,47.94,86,58.98,0,2.95
23.7,40.2,0.00,0.00,82,59.03,97,47.94,82,58.98,0,2.95
23.0,40.2,0.00,0.00,78,59.03,97,47.94,45,58.98,0,2.95
69.6,38.4,0.00,0.00,71,59.03,96,47.94,76,58.98,0,2.95
28.2,38.9,0.00,0.00,73,59.03,96,47.94,80,58.98,0,2.95
27.6,39.3,0.00,0.00,75,59.03,97,47.94,79,58.98,0,2.95
27.1,39.8,0.00,0.00,71,59.03,95,47.94,80,58.98,0,2.95
23.9,40.2,0.00,0.00,70,59.03,98,47.94,87,58.98,0,2.95
26.1,40.2,0.00,0.00,85,59.03,97,47.94,86,58.98,0,2.95
23.4,40.2,0.00,0.00,80,59.03,97,47.94,78,58.98,0,2.95
24.6,40.2,0.00,0.00,83,59.03,97,47.94,86,58.98,0,2.95
26.1,39.2,0.00,0.00,82,59.03,71,47.94,76,58.98,0,2.95
52.7,39.5,0.00,0.00,72,59.03,96,47.94,85,58.98,0,2.95
23.0,39.7,0.00,0.00,82,59.03,96,47.94,81,58.98,0,2.95
25.9,39.9,0.00,0.00,80,59.03,97,47.94,46,58.98,0,2.95
37.3,38.2,0.00,0.00,50,59.03,97,47.94,72,58.98,0,2.95
27.1,38.7,0.00,0.00,69,59.03,95,47.94,81,58.98,0,2.95
27.9,39.1,0.00,0.00,78,59.03,95,47.94,84,58.98,0,2.95
26.7,39.5,0.00,0.00,74,59.03,97,47.94,77,58.98,0,2.95
88.5,39.9,0.00,0.00,76,59.03,97,47.94,81,58.98,0,2.95
23.5,40.2,0.00,0.00,80,59.03,97,47.94,93,58.98,0,2.95
23.5,40.2,0.00,0.00,91,59.03,98,47.94,92,58.98,0,2.95
24.3,40.2,0.00,0.00,87,59.03,98,47.94,90,58.98,0,2.95
25.7,40.2,0.00,0.00,81,59.03,97,47.94,78,58.98,0,2.95
24.4,40.2,0.00,0.00,77,59.03,98,47.94,81,58.98,0,2.95
24.2,40.2,0.00,0.00,80,59.03,98,47.94,84,58.98,0,2.95
23.3,40.2,0.00,0.00,77,59.03,98,47.94,88,58.98,0,2.95
83.7,38.2,0.00,0.00,68,59.03,96,47.94,76,58.98,0,2.95
27.0,38.6,0.00,0.00,76,59.03,97,47.94,79,58.98,0,2.95
33.7,39.0,0.00,0.00,71,59.03,96,47.94,75,58.98,0,2.95
27.6,39.5,0.00,0.00,76,59.03,97,47.94,79,58.98,0,2.95
99.2,39.9,0.00,0.00,77,59.03,96,47.94,73,58.98,0,2.95
22.4,40.2,0.00,0.00,82,59.03,97,47.94,90,58.98,0,2.95
23.2,40.2,0.00,0.00,81,59.03,98,47.94,81,58.98,0,2.95
20.8,40.2,0.00,0.00,76,59.03,98,47.94,82,58.98,0,2.95
23.8,40.1,0.00,0.00,79,59.03,98,47.94,88,58.98,0,2.95
24.5,40.2,0.00,0.00,82,59.03,97,47.94,87,58.98,0,2.95
24.7,39.2,0.00,0.00,86,59.03,56,47.94,82,58.98,0,2.95
25.4,39.4,0.00,0.00,77,59.03,97,47.94,82,58.98,0,2.95
23.8,37.8,0.00,0.00,54,59.03,96,47.94,54,58.98,0,2.95
97.9,38.0,0.00,0.00,62,59.03,96,47.94,74,58.98,0,2.95
32.7,38.7,0.00,0.00,72,59.03,94,47.94,73,58.98,0,2.95
28.0,39.3,0.00,0.00,68,59.03,95,47.94,86,58.98,0,2.95
45.9,39.7,0.00,0.00,85,59.03,94,47.94,79,58.98,0,2.95
29.4,40.2,0.00,0.00,75,59.03,96,47.94,77,58.98,0,2.95
24.2,40.2,0.00,0.00,77,59.03,97,47.94,84,58.98,0,2.95
24.5,40.2,0.00,0.00,84,59.03,98,47.94,90,58.98,0,2.95
24.6,40.2,0.00,0.00,88,59.03,97,47.94,85,58.98,0,2.95
24.2,40.2,0.00,0.00,85,59.03,97,47.94,80,58.98,0,2.95
21.7,40.2,0.00,0.00,79,59.03,97,47.94,79,58.98,0,2.95
23.3,40.2,0.00,0.00,78,59.03,98,47.94,89,58.98,0,2.95
24.5,40.2,0.00,0.00,80,59.03,97,47.94,77,58.78,0,2.95
28.3,34.0,0.00,0.00,74,59.03,96,47.94,84,30.96,0,2.95
27.4,34.1,0.00,0.00,79,59.03,97,47.94,84,30.96,0,2.95
73.6,34.4,0.00,0.00,79,59.03,96,47.94,80,30.96,0,2.95
25.0,34.6,0.00,0.00,78,59.03,97,47.94,75,30.96,0,2.95
29.9,34.8,0.00,0.00,71,59.03,97,47.94,74,30.96,0,2.95
21.8,34.8,0.00,0.00,81,59.03,97,47.94,82,30.96,0,2.95
24.1,34.8,0.00,0.00,78,59.03,97,47.94,80,30.96,0,2.95
23.2,34.8,0.00,0.00,82,59.03,97,47.94,85,30.96,0,2.95
19.5,34.8,0.00,0.00,83,59.03,98,47.94,89,30.96,0,2.95
26.4,33.9,0.00,0.00,88,59.03,83,47.94,80,30.96,0,2.95
68.9,34.1,0.00,0.00,78,59.03,97,47.94,74,30.96,0,2.95
25.1,34.3,0.00,0.00,75,59.03,97,47.94,80,30.96,0,2.95
30.2,32.4,0.00,0.00,50,59.03,96,47.94,5,2.95,0,2.95
25.1,28.6,0.00,0.00,79,59.03,96,47.94,0,2.95,0,2.95
17.6,28.9,0.00,0.00,89,59.03,96,47.94,0,2.95,0,2.95
18.3,29.1,0.00,0.00,85,59.03,97,47.94,0,2.95,0,2.95
17.5,29.3,0.00,0.00,88,59.03,98,47.94,0,2.95,0,2.95
21.0,29.9,0.00,0.00,80,59.03,97,47.94,0,2.95,0,2.95
67.3,30.7,0.00,0.00,83,59.03,94,47.94,0,3.16,0,7.2
23.1,33.4,0.00,0.00,91,59.03,98,47.94,6,16.87,8,19.84
25.6,40.8,0.00,0.00,94,59.03,97,47.94,9,28.68,8,35.03
19.7,46.0,0.00,0.00,93,59.03,96,47.94,4,35.03,0,35.03
26.2,46.5,0.00,0.00,86,59.03,97,47.94,0,35.03,0,35.03
19.5,46.9,0.00,0.00,81,59.03,96,47.94,0,35.03,0,35.03
51.5,46.4,0.00,0.00,80,59.03,97,47.94,0,35.03,0,35.03
21.5,47.1,0.00,0.00,77,59.03,95,47.94,17,42.4,20,42.5
36.3,48.1,0.00,0.00,77,59.03,97,47.94,94,42.5,89,42.5
72.4,48.7,0.00,0.00,51,59.03,95,47.94,90,42.5,94,42.5
43.1,49.3,0.00,0.00,49,59.03,95,47.94,81,42.5,97,42.5
32.2,49.7,0.00,0.00,60,59.03,97,47.94,94,42.5,92,42.5
74.7,50.2,0.00,0.00,54,59.03,96,47.94,90,42.5,94,42.5
28.6,50.7,0.00,0.00,54,59.03,97,47.94,96,42.5,96,42.5
28.5,50.6,0.00,0.00,69,59.03,98,47.94,96,42.5,96,42.5
25.6,50.6,0.00,0.00,74,59.03,97,47.94,96,42.5,96,42.5
27.4,45.3,0.00,0.00,76,59.03,98,25.45,96,42.5,96,42.5
30.2,45.3,0.00,0.00,68,59.03,98,25.45,96,42.5,96,52.51
26.0,43.2,0.00,0.00,80,59.03,97,25.45,40,56.44,97,56.44
24.1,43.6,0.00,0.00,78,59.03,97,25.45,96,56.44,96,56.44
29.0,43.1,0.00,0.00,70,59.03,95,25.45,94,56.44,96,56.44
27.0,43.8,0.00,0.00,75,59.03,96,25.45,95,56.44,95,56.44
41.4,44.4,0.00,0.00,68,59.03,95,25.45,97,56.44,97,56.44
25.9,45.0,0.00,0.00,85,59.03,97,25.45,96,56.44,97,56.44
35.0,45.3,0.00,0.00,78,59.03,96,25.45,98,56.44,97,56.44
21.5,45.3,0.00,0.00,87,59.03,97,25.45,97,56.44,97,56.44
24.6,45.3,0.00,0.00,85,59.03,98,25.45,98,56.44,97,56.44
23.8,45.3,0.00,0.00,89,59.03,97,25.45,98,56.44,98,56.44
21.8,45.3,0.00,0.00,79,59.03,97,25.45,98,56.44,97,56.44
22.7,45.3,0.00,0.00,88,59.03,98,25.45,98,56.44,97,56.44
23.5,45.3,0.00,0.00,85,59.03,98,25.45,97,56.44,98,56.44
21.8,45.3,0.00,0.00,87,58.83,97,25.45,98,56.44,98,56.44
21.5,39.9,0.00,0.00,92,30.96,97,25.45,97,56.44,98,56.44
21.2,40.0,0.00,0.00,85,30.96,97,25.45,97,56.44,97,56.44
21.6,39.9,0.00,0.00,84,30.96,98,25.45,98,56.44,98,56.44
21.7,39.9,0.00,0.00,82,30.96,98,25.45,98,56.44,98,56.44
22.5,39.9,0.00,0.00,83,30.96,98,25.45,98,56.44,96,56.44
21.9,39.9,0.00,0.00,86,30.96,97,25.45,98,56.44,97,56.44
24.2,39.9,0.00,0.00,85,30.96,98,25.45,98,56.44,98,56.44
23.2,39.9,0.00,0.00,89,30.96,98,25.45,98,56.44,98,56.44
23.0,39.9,0.00,0.00,88,30.96,98,25.45,98,56.44,98,56.44
18.2,38.9,0.00,0.00,90,30.96,72,25.45,99,56.44,98,56.44
16.1,39.1,0.00,0.00,88,30.96,0,25.45,78,56.44,51,56.44
96.3,36.4,0.00,0.00,57,30.96,0,25.45,92,56.44,95,56.44
25.5,37.2,0.00,0.00,0,30.96,0,25.45,95,56.44,95,56.44
27.1,38.1,0.00,0.00,0,30.96,0,25.45,92,56.44,94,56.44
77.9,38.8,0.00,0.00,0,30.96,84,25.45,93,56.44,96,56.44
97.1,39.5,0.00,0.00,0,30.96,92,25.45,96,56.44,97,56.44
24.7,39.9,0.00,0.00,52,30.96,97,25.45,96,56.44,96,56.44
25.4,39.9,0.00,0.00,67,30.96,95,25.45,97,56.44,96,56.44
28.5,39.9,0.00,0.00,71,30.96,95,25.45,96,56.44,97,56.44
28.3,39.9,0.00,0.00,72,30.96,95,25.45,97,56.44,96,56.44
26.2,39.9,0.00,0.00,71,30.96,97,25.45,97,56.44,96,56.44
27.5,39.9,0.00,0.00,67,30.96,96,25.45,94,56.44,98,56.44
32.6,39.9,0.00,0.00,70,30.96,97,25.45,38,56.44,96,56.44
85.9,38.2,0.00,0.00,74,30.96,94,25.45,97,56.44,98,56.44
27.0,38.6,0.00,0.00,77,30.96,92,25.45,97,56.44,98,56.44
48.4,39.1,0.00,0.00,76,30.96,95,25.45,96,56.44,98,56.44
28.9,39.5,0.00,0.00,79,30.96,95,25.45,96,56.44,98,56.44
28.4,39.9,0.00,0.00,73,30.96,96,25.45,97,56.44,99,56.44
23.0,39.9,0.00,0.00,88,30.96,97,25.45,98,56.44,98,56.44
15.9,39.0,0.00,0.00,3,30.96,95,25.45,98,56.44,96,56.44
17.2,39.3,0.00,0.00,0,30.96,97,25.45,96,56.44,98,56.44
14.7,39.5,0.00,0.00,0,30.96,96,25.45,98,56.44,98,56.44
15.5,39.7,0.00,0.00,0,30.96,97,25.45,98,56.44,98,56.44
22.0,39.9,0.00,0.00,0,30.96,96,25.45,98,56.44,98,56.44
21.5,39.9,0.00,0.00,85,30.96,97,25.45,98,56.44,98,56.44
21.9,39.9,0.00,0.00,83,30.96,97,25.45,98,56.44,99,56.44
19.2,38.9,0.00,0.00,86,30.96,56,25.45,98,56.44,98,56.44
19.2,39.1,0.00,0.00,84,30.96,0,25.45,99,56.44,99,56.44
18.7,39.3,0.00,0.00,81,30.96,0,25.45,98,56.44,98,56.44
19.1,39.5,0.00,0.00,82,30.96,0,25.45,98,56.44,97,56.44
95.8,39.8,0.00,0.00,87,30.96,0,25.45,98,56.44,98,56.44
20.8,39.9,0.00,0.00,84,30.96,97,25.45,98,56.44,98,56.44
23.3,39.9,0.00,0.00,82,30.96,94,25.45,97,56.44,98,56.44
21.5,39.9,0.00,0.00,83,30.96,96,25.45,98,56.44,98,56.44
15.8,38.9,0.00,0.00,82,2.95,97,25.45,98,56.44,99,56.44
12.9,34.6,0.00,0.00,0,2.95,98,25.45,98,56.44,98,56.44
33.0,34.8,0.00,0.00,0,2.95,92,25.45,97,56.44,98,56.44
63.6,35.2,0.00,0.00,0,2.95,95,25.45,98,56.44,97,56.44
17.7,35.6,0.00,0.00,0,6.1,98,25.45,98,56.44,98,56.44
16.8,38.9,0.00,0.00,5,18.84,97,25.45,98,56.44,99,56.44
15.1,42.8,0.00,0.00,7,32.12,97,25.45,89,56.44,55,56.44
25.5,41.3,0.00,0.00,0,32.12,95,25.45,97,56.44,97,56.44
86.0,41.9,0.00,0.00,0,32.12,95,25.45,95,56.44,96,56.44
25.1,42.5,0.00,0.00,0,32.12,94,25.45,95,56.44,94,56.44
85.7,43.1,0.00,0.00,0,32.12,95,25.45,95,56.44,96,56.44
29.3,43.8,0.00,0.00,0,39.99,92,25.45,92,56.44,93,56.44
30.8,44.3,0.00,0.00,94,39.99,95,25.45,96,56.44,97,56.44
32.4,44.6,0.00,0.00,96,39.99,95,25.45,95,56.44,96,56.44
29.1,44.8,0.00,0.00,94,39.99,95,25.45,96,56.44,97,56.44
27.5,45.0,0.00,0.00,96,39.99,93,25.45,94,56.44,97,56.44
26.6,45.3,0.00,0.00,95,39.99,96,25.45,97,56.44,97,56.44
25.3,45.3,0.00,0.00,96,39.99,96,25.45,97,56.44,97,56.44
25.1,45.3,0.00,0.00,96,39.99,97,25.45,96,56.44,98,56.44
13.5,39.9,0.00,0.00,95,39.99,4,2.95,83,33.87,50,33.87
14.5,29.4,0.00,0.00,95,39.99,0,2.95,98,33.87,98,33.87
14.6,29.3,0.00,0.00,96,39.99,0,2.95,98,33.87,99,33.87
14.3,29.3,0.00,0.00,97,39.99,0,2.95,98,33.87,98,33.87
19.2,29.4,0.00,0.00,97,39.99,0,2.95,98,33.87,97,33.87
17.4,29.9,0.00,0.00,95,39.99,0,2.95,95,33.87,94,33.87
18.1,30.2,0.00,0.00,94,39.99,0,7.1,98,33.87,98,33.87
17.6,33.0,0.00,0.00,97,39.99,7,19.75,98,33.87,98,33.87
17.6,36.7,0.00,0.00,97,39.99,6,30.12,98,33.87,98,33.87
17.0,37.9,0.00,0.00,96,39.99,1,30.12,98,33.87,98,33.87
17.9,38.1,0.00,0.00,96,47.9,0,30.12,97,33.87,98,33.87
20.5,37.5,0.00,0.00,94,47.9,0,30.12,98,33.87,98,33.87
98.9,37.9,0.00,0.00,93,47.9,0,30.12,97,33.87,97,33.87
22.8,38.5,0.00,0.00,94,47.9,24,34.88,98,33.87,98,33.87
22.8,38.9,0.00,0.00,95,47.9,40,34.88,97,33.87,99,33.87
29.3,39.3,0.00,0.00,95,47.9,44,34.88,98,33.87,98,33.87
20.6,39.5,0.00,0.00,93,47.9,44,34.88,98,33.87,99,33.87
94.0,39.8,0.00,0.00,96,47.9,39,34.88,98,33.87,98,33.87
19.1,39.9,0.00,0.00,97,47.9,50,34.88,98,33.87,99,33.87
19.0,39.9,0.00,0.00,96,47.9,49,34.88,98,33.87,99,33.87
19.2,39.9,0.00,0.00,96,47.9,49,34.88,98,33.87,99,33.87
20.4,39.9,0.00,0.00,96,47.9,50,34.88,98,33.87,98,33.87
20.1,39.9,0.00,0.00,96,47.9,52,34.88,98,33.87,98,33.87
19.1,39.9,0.00,0.00,96,47.9,52,34.88,98,33.87,99,33.87
19.1,39.9,0.00,0.00,96,47.9,58,34.88,98,33.87,99,33.87
19.4,39.9,0.00,0.00,96,47.9,47,34.88,98,33.87,98,33.87
19.5,39.9,0.00,0.00,97,47.9,53,34.88,98,33.87,99,33.87
19.5,39.9,0.00,0.00,97,47.9,47,34.88,98,33.87,99,33.87
21.0,39.9,0.00,0.00,97,47.9,50,34.88,98,33.87,99,33.87
22.3,38.9,0.00,0.00,96,47.94,44,34.88,98,33.87,98,33.87
25.7,39.1,0.00,0.00,95,47.94,52,34.88,16,33.87,0,33.87
18.4,37.5,0.00,0.00,94,47.94,42,34.88,0,33.87,0,33.87
18.9,38.2,0.00,0.00,92,47.94,44,34.88,0,33.87,0,33.87
83.2,38.8,0.00,0.00,93,47.94,46,34.88,0,33.87,0,33.87
16.1,39.4,0.00,0.00,96,47.94,41,34.88,0,33.87,0,33.87
27.2,39.9,0.00,0.00,96,47.94,39,34.88,73,33.87,97,33.87
20.1,39.9,0.00,0.00,97,47.94,43,34.88,98,33.87,97,33.87
19.6,39.9,0.00,0.00,96,47.94,50,34.88,98,33.87,98,33.87
18.4,39.9,0.00,0.00,96,47.94,46,34.88,98,33.87,98,33.87
19.2,39.9,0.00,0.00,96,47.94,45,34.88,98,33.87,97,33.87
20.0,39.9,0.00,0.00,96,47.94,46,34.88,98,33.87,98,33.87
18.9,39.9,0.00,0.00,96,47.94,50,34.88,98,33.87,98,33.87
19.6,39.9,0.00,0.00,96,47.94,52,34.88,98,33.87,98,33.87
19.4,39.9,0.00,0.00,96,47.94,44,34.88,98,33.87,98,33.87
19.9,39.9,0.00,0.00,96,47.94,49,34.88,98,33.87,98,33.87
18.8,39.9,0.00,0.00,96,47.94,48,34.88,98,33.87,98,33.87
19.0,39.9,0.00,0.00,96,47.94,51,34.88,98,33.87,98,33.87
17.7,38.9,0.00,0.00,96,47.94,36,39.69,98,33.87,98,33.87
66.9,38.0,0.00,0.00,52,25.45,49,39.69,97,33.87,98,33.87
25.5,34.0,0.00,0.00,95,25.45,50,39.69,97,33.87,98,33.87
20.9,34.2,0.00,0.00,94,25.45,45,39.69,96,33.87,97,33.87
21.5,34.5,0.00,0.00,96,25.45,48,39.69,98,33.87,97,33.87
20.0,34.6,0.00,0.00,96,25.45,50,39.69,98,33.87,98,33.87
19.7,34.6,0.00,0.00,97,25.45,48,39.69,98,33.87,98,33.87
18.1,34.6,0.00,0.00,97,25.45,43,39.69,98,33.87,99,33.87
19.2,34.6,0.00,0.00,97,25.45,56,39.69,98,33.87,98,33.87
19.6,34.6,0.00,0.00,97,25.45,51,39.69,98,33.87,98,33.87
19.8,34.6,0.00,0.00,96,25.45,53,39.69,98,33.87,98,33.87
19.9,34.6,0.00,0.00,97,25.45,51,39.69,98,33.87,98,33.87
22.7,34.6,0.00,0.00,96,25.45,56,39.69,98,33.87,98,33.87
19.0,34.6,0.00,0.00,96,25.45,54,39.69,98,33.87,98,33.87
19.0,34.6,0.00,0.00,96,25.45,52,39.69,98,33.87,97,33.87
16.6,34.6,0.00,0.00,97,25.45,51,39.69,59,33.87,6,2.95
14.6,24.2,0.00,0.00,97,25.45,52,39.69,6,2.95,0,2.95
11.5,24.0,0.00,0.00,97,25.45,57,39.69,0,2.95,0,2.95
12.0,24.0,0.00,0.00,97,25.45,57,39.69,0,2.95,0,2.95
12.2,24.0,0.00,0.00,97,25.45,54,39.69,0,2.95,0,2.95
8.3,22.9,0.00,0.00,45,25.25,51,39.69,0,2.95,0,2.95
6.5,18.6,0.00,0.00,4,2.95,59,39.69,0,2.95,0,2.95
95.4,19.2,0.00,0.00,0,2.95,56,39.69,0,2.95,0,2.95
53.3,19.8,0.00,0.00,0,2.95,53,39.69,0,2.95,0,5.23
12.1,22.5,0.00,0.00,1,7.92,58,39.69,0,4.5,4,11.68
13.3,27.0,0.00,0.00,3,13.75,57,39.69,5,11.29,5,24.4
11.3,31.2,0.00,0.00,2,17.54,55,39.69,4,35.38,0,24.4
50.5,31.8,0.00,0.00,0,17.54,48,39.69,0,35.38,0,24.4
30.7,32.4,0.00,0.00,0,17.54,51,39.69,0,35.38,0,24.4
11.3,33.1,0.00,0.00,0,17.54,41,39.69,0,35.38,0,24.4
17.3,33.7,0.00,0.00,0,17.54,46,39.69,0,35.38,12,31.01
83.5,34.4,0.00,0.00,75,25.4,48,39.69,7,59.31,98,31.01
24.8,34.6,0.00,0.00,96,25.4,48,39.74,100,59.31,98,31.01
36.3,33.7,0.00,0.00,95,25.4,31,39.74,100,59.31,98,31.01
24.1,33.9,0.00,0.00,92,25.4,48,39.74,99,59.31,97,31.01
25.7,34.1,0.00,0.00,96,25.4,39,39.74,100,59.31,98,31.01
31.2,34.3,0.00,0.00,95,25.4,47,39.74,100,59.31,96,31.01
28.0,34.5,0.00,0.00,92,25.4,43,39.74,100,59.31,99,31.01
23.9,34.6,0.00,0.00,95,25.4,54,39.74,100,59.31,98,31.01
27.2,34.6,0.00,0.00,96,25.4,52,39.74,100,59.31,99,31.01
23.7,34.6,0.00,0.00,95,25.4,49,39.74,100,59.31,99,31.01
23.8,34.6,0.00,0.00,96,25.4,53,39.74,100,59.31,99,31.01
23.2,34.6,0.00,0.00,96,25.4,53,39.74,100,59.31,98,31.01
24.1,34.6,0.00,0.00,96,25.4,49,39.74,100,59.31,99,31.01
23.8,34.6,0.00,0.00,96,25.4,49,39.74,100,59.31,99,31.01
22.2,34.6,0.00,0.00,95,25.4,49,39.74,99,59.31,99,31.01
25.1,34.6,0.00,0.00,96,25.4,51,39.74,100,59.31,0,31.01
91.4,33.7,0.00,0.00,95,25.4,47,39.74,100,59.31,0,31.01
17.7,33.9,0.00,0.00,96,25.4,53,39.74,100,59.31,0,31.01
13.5,33.2,0.00,0.00,57,25.45,46,39.74,100,59.31,0,31.01
15.0,33.6,0.00,0.00,0,25.45,48,39.74,99,59.31,13,31.01
19.5,34.0,0.00,0.00,0,25.45,44,39.74,100,59.31,97,31.01
18.8,34.2,0.00,0.00,0,25.45,59,39.74,100,59.31,98,31.01
56.4,34.4,0.00,0.00,0,25.45,48,39.74,100,59.31,99,31.01
24.6,34.6,0.00,0.00,66,25.45,53,39.74,100,59.31,98,31.01
24.2,34.6,0.00,0.00,94,25.45,48,39.74,100,59.31,99,31.01
23.8,34.6,0.00,0.00,96,25.45,51,39.74,100,59.31,98,31.01
24.7,34.6,0.00,0.00,95,25.45,54,39.74,100,59.31,99,31.01
24.2,34.6,0.00,0.00,95,25.45,49,39.74,100,59.31,98,31.01
23.2,34.6,0.00,0.00,96,25.45,54,39.74,100,59.31,99,31.01
22.8,34.6,0.00,0.00,95,25.45,52,39.74,100,59.31,99,31.01
23.2,34.6,0.00,0.00,96,25.45,49,39.74,100,59.31,98,31.01
23.4,34.6,0.00,0.00,96,25.45,50,39.74,100,59.31,98,31.01
23.3,34.6,0.00,0.00,96,25.45,47,39.74,100,59.31,98,31.01
22.6,34.6,0.00,0.00,96,25.45,51,39.74,100,59.31,99,31.01
24.2,34.6,0.00,0.00,96,25.45,51,39.74,100,59.31,98,31.01
22.2,34.6,0.00,0.00,96,25.45,50,39.74,100,59.31,99,30.82
21.5,30.0,0.00,0.00,95,25.45,47,39.74,100,59.31,5,2.95
45.2,28.7,0.00,0.00,97,25.45,46,39.74,100,59.31,0,2.95
16.0,28.9,0.00,0.00,96,25.45,45,39.74,100,59.31,0,2.95
99.4,29.2,0.00,0.00,96,25.45,49,39.74,100,59.31,0,2.95
33.5,29.8,0.00,0.00,96,25.45,44,39.74,99,59.31,0,2.95
14.1,29.2,0.00,0.00,96,25.45,51,39.74,100,59.31,8,13.28
16.6,32.4,0.00,0.00,0,25.45,50,39.74,100,59.31,8,25.78
15.1,36.3,0.00,0.00,0,25.45,50,39.74,100,59.31,7,32.12
30.9,37.5,0.00,0.00,0,25.45,43,39.74,99,59.31,0,32.12
99.6,38.0,0.00,0.00,0,25.45,49,39.74,99,59.31,0,32.12
16.9,38.4,0.00,0.00,32,25.45,49,39.74,100,59.31,0,32.12
17.6,38.6,0.00,0.00,96,25.45,50,39.74,100,59.31,34,36.25
25.0,38.9,0.00,0.00,96,25.45,52,39.74,100,59.31,89,36.25
99.8,39.2,0.00,0.00,95,25.45,50,39.74,100,59.31,87,36.25
24.6,39.3,0.00,0.00,95,25.45,46,39.74,100,59.31,86,36.25
24.4,39.6,0.00,0.00,95,25.45,47,39.74,100,59.31,87,36.25
27.1,39.8,0.00,0.00,93,25.45,48,39.74,100,59.31,92,36.25
21.5,39.9,0.00,0.00,96,25.45,53,39.74,100,59.31,93,36.25
20.3,39.9,0.00,0.00,95,25.45,50,39.74,100,59.31,91,36.25
21.5,39.9,0.00,0.00,96,25.45,49,39.74,100,59.31,95,36.25
20.4,39.9,0.00,0.00,96,25.45,45,39.74,100,59.31,94,36.25
21.4,39.9,0.00,0.00,96,25.45,53,39.74,100,59.31,94,36.25
26.9,39.9,0.00,0.00,97,25.45,49,39.74,60,59.38,93,36.25
97.1,39.0,0.00,0.00,96,25.45,47,39.74,0,59.38,93,36.25
19.8,39.2,0.00,0.00,96,25.45,54,39.74,0,59.38,92,36.25
19.5,39.5,0.00,0.00,94,25.45,51,39.74,0,59.38,93,36.25
19.3,39.7,0.00,0.00,94,25.45,51,39.74,0,59.38,94,36.25
23.1,39.9,0.00,0.00,96,25.45,49,39.74,100,59.38,95,36.25
17.5,38.8,0.00,0.00,61,2.95,49,39.74,100,59.38,95,36.25
14.4,34.5,0.00,0.00,0,2.95,42,39.74,100,59.38,96,36.25
20.3,34.8,0.00,0.00,0,2.95,49,39.74,100,59.38,89,36.25
18.6,35.2,0.00,0.00,0,2.95,45,39.74,100,59.38,89,36.25
19.0,35.7,0.00,0.00,0,3.22,47,39.74,100,59.38,95,36.25
18.6,39.1,0.00,0.00,5,17.11,46,39.74,100,59.38,95,36.25
20.6,41.7,0.00,0.00,6,31.88,45,39.74,100,59.38,93,36.25
95.6,42.4,0.00,0.00,0,45.85,39,39.74,100,59.38,89,36.25
18.2,42.8,0.00,0.00,0,45.85,46,39.74,100,59.38,40,40.38
58.2,42.3,0.00,0.00,0,45.85,43,39.74,100,59.38,89,40.38
57.8,42.9,0.00,0.00,0,45.85,38,39.74,100,59.38,93,40.38
25.7,43.5,0.00,0.00,0,52.36,49,39.74,100,59.38,90,40.38
29.7,44.0,0.00,0.00,73,52.36,49,39.74,100,59.38,92,40.38
28.1,44.4,0.00,0.00,72,52.36,47,39.74,100,59.38,91,40.38
23.3,44.7,0.00,0.00,83,52.36,49,39.74,100,59.38,88,40.38
24.6,45.0,0.00,0.00,80,52.36,46,39.74,100,59.38,92,40.38
22.3,45.3,0.00,0.00,81,52.36,52,39.74,100,59.38,93,40.38
22.7,45.2,0.00,0.00,83,52.36,44,39.74,100,59.38,93,40.38
21.8,45.2,0.00,0.00,83,52.36,51,39.74,100,59.38,94,40.38
25.6,45.2,0.00,0.00,79,52.36,48,39.74,100,59.38,95,40.38
22.8,45.2,0.00,0.00,78,52.36,54,39.74,100,59.38,95,40.38
21.5,45.2,0.00,0.00,80,52.36,52,39.74,100,59.38,93,40.38
22.6,45.2,0.00,0.00,83,52.36,51,39.74,100,59.38,94,40.38
18.1,44.2,0.00,0.00,59,58.93,48,39.74,100,59.38,90,40.38
24.6,44.4,0.00,0.00,71,58.93,51,39.74,100,59.38,94,40.38
73.0,44.6,0.00,0.00,76,58.93,44,39.74,100,59.38,77,40.38
12.8,44.9,0.00,0.00,27,58.93,17,39.74,94,59.38,19,40.38
14.3,45.1,0.00,0.00,10,58.93,23,39.74,72,59.38,28,40.38
11.7,45.2,0.00,0.00,9,58.93,21,39.74,69,59.38,24,40.38
15.1,45.3,0.00,0.00,9,58.93,24,39.74,67,59.38,29,40.38
26.7,45.4,0.00,0.00,16,58.93,28,39.74,87,59.38,31,40.38
12.8,45.3,0.00,0.00,15,58.93,15,39.74,100,59.38,29,40.38
11.1,45.3,0.00,0.00,9,58.93,25,39.74,100,59.38,28,40.38
12.8,45.3,0.00,0.00,18,58.93,24,39.74,83,59.38,28,40.38
11.3,45.3,0.00,0.00,18,58.93,23,39.74,80,59.38,51,40.38
22.2,45.3,0.00,0.00,45,58.93,48,39.74,100,59.38,93,40.38
23.5,45.3,0.00,0.00,79,58.93,52,39.74,100,59.38,95,40.38
23.7,45.3,0.00,0.00,76,58.93,48,39.74,100,59.38,38,40.38
17.3,45.3,0.00,0.00,9,58.93,22,39.74,100,59.38,28,40.38
12.4,45.3,0.00,0.00,9,58.93,21,39.74,87,59.38,28,40.38
10.8,45.3,0.00,0.00,14,58.93,24,39.74,88,59.38,28,40.38
13.1,45.3,0.00,0.00,12,58.93,25,39.74,88,59.38,47,40.38
22.8,45.3,0.00,0.00,30,58.93,45,39.74,100,59.38,61,40.38
77.9,44.3,0.00,0.00,85,58.93,45,39.74,100,59.38,91,40.38
25.2,44.5,0.00,0.00,73,58.93,44,39.74,100,59.38,87,40.38
24.8,44.8,0.00,0.00,80,58.93,47,39.74,100,59.38,94,40.38
24.8,45.0,0.00,0.00,77,58.98,44,39.74,100,59.38,92,40.38
93.7,43.2,0.00,0.00,46,58.98,18,21.35,99,59.38,91,40.38
24.5,39.3,0.00,0.00,72,58.98,50,21.35,100,59.38,92,40.38
24.9,39.5,0.00,0.00,77,58.98,49,21.35,100,59.38,93,40.38
27.5,39.7,0.00,0.00,83,58.98,43,21.35,100,59.38,91,40.38
27.9,39.9,0.00,0.00,80,58.98,44,21.35,100,59.38,96,40.38
23.3,40.0,0.00,0.00,81,58.98,49,21.35,100,59.38,93,40.38
23.3,40.0,0.00,0.00,82,58.98,50,21.35,100,59.38,95,40.38
24.0,40.0,0.00,0.00,83,58.98,50,21.35,100,59.38,93,40.38
23.2,40.0,0.00,0.00,81,58.98,48,21.35,100,59.38,94,40.38
23.2,40.0,0.00,0.00,76,58.98,46,21.35,100,59.38,95,40.38
23.5,40.0,0.00,0.00,83,58.98,51,21.35,100,59.38,95,40.38
23.5,40.0,0.00,0.00,82,58.98,50,21.35,100,59.38,94,40.38
26.5,34.7,0.00,0.00,89,30.96,48,21.35,73,2.95,94,40.38
20.0,29.3,0.00,0.00,85,30.96,47,21.35,0,2.95,93,40.38
24.6,29.7,0.00,0.00,82,30.96,50,21.35,0,2.95,93,40.38
23.5,30.1,0.00,0.00,75,30.96,52,21.35,0,2.95,94,40.38
22.0,31.1,0.00,0.00,82,30.96,54,21.35,7,15.38,95,40.38
24.8,34.6,0.00,0.00,84,30.96,62,21.35,7,27.12,91,40.38
24.0,37.7,0.00,0.00,89,30.96,43,21.35,0,32.12,92,40.38
22.9,37.9,0.00,0.00,82,30.96,45,21.35,0,32.12,94,40.38
72.7,38.1,0.00,0.00,79,30.96,44,21.35,0,32.12,92,40.38
23.1,38.4,0.00,0.00,79,30.96,47,21.35,0,32.12,93,40.38
24.2,38.6,0.00,0.00,84,30.96,51,21.35,0,36.25,86,40.38
80.4,38.1,0.00,0.00,68,30.96,43,21.35,84,36.25,92,40.38
22.4,33.1,0.00,0.00,5,2.95,46,21.35,88,36.25,90,40.38
23.1,33.6,0.00,0.00,0,2.95,45,21.35,84,36.25,89,40.38
23.0,34.2,0.00,0.00,0,2.95,44,21.35,86,36.25,89,40.38
32.0,35.3,0.00,0.00,0,2.95,45,21.35,88,36.25,40,40.38
12.8,36.1,0.00,0.00,0,6.45,24,21.35,26,36.25,39,40.38
14.1,38.1,0.00,0.00,3,13.0,29,21.35,30,36.25,32,40.38
12.8,38.7,0.00,0.00,3,35.38,28,21.35,33,36.25,33,40.38
21.0,38.9,0.00,0.00,0,35.38,27,21.35,86,36.25,91,40.38
19.4,39.1,0.00,0.00,0,35.38,52,21.35,89,36.25,92,40.38
19.3,39.4,0.00,0.00,0,35.38,49,21.35,89,36.25,92,40.38
20.8,39.6,0.00,0.00,0,35.38,54,21.35,90,36.25,93,40.38
21.3,39.9,0.00,0.00,0,59.31,52,21.35,92,36.25,93,40.38
25.7,39.9,0.00,0.00,99,59.31,48,21.35,91,36.25,93,40.38
19.0,39.0,0.00,0.00,100,59.31,0,21.35,91,36.25,91,40.38
99.4,39.3,0.00,0.00,100,59.31,0,21.35,91,36.25,93,40.38
17.4,39.5,0.00,0.00,100,59.31,0,21.35,91,36.25,94,40.38
17.7,39.7,0.00,0.00,100,59.31,0,21.35,92,36.25,94,40.38
20.9,39.9,0.00,0.00,100,59.31,45,21.35,94,36.25,95,40.38
20.6,39.9,0.00,0.00,100,59.31,50,21.35,93,36.25,94,40.38
20.5,39.9,0.00,0.00,100,59.31,47,21.35,94,36.25,94,40.38
19.7,39.9,0.00,0.00,100,59.31,47,21.35,94,36.25,94,40.38
19.6,39.9,0.00,0.00,100,59.31,48,21.35,94,36.25,95,40.38
20.3,39.9,0.00,0.00,99,59.31,48,21.35,92,36.25,94,40.38
20.8,39.9,0.00,0.00,100,59.31,44,21.35,95,36.25,94,40.38
19.7,39.9,0.00,0.00,100,59.31,49,21.35,45,40.38,95,40.38
23.4,39.0,0.00,0.00,100,59.31,49,21.35,91,40.38,88,40.38
23.7,39.2,0.00,0.00,100,59.31,46,21.35,92,40.38,65,40.38
24.7,38.5,0.00,0.00,100,59.31,46,21.35,90,40.38,94,40.38
66.3,39.0,0.00,0.00,100,59.31,43,21.35,89,40.38,89,40.38
27.7,39.4,0.00,0.00,100,59.31,44,21.35,92,40.38,92,40.38
22.9,39.5,0.00,0.00,100,59.31,48,21.35,88,40.38,91,40.38
40.2,39.8,0.00,0.00,100,59.31,47,21.35,90,40.38,93,40.38
19.6,39.9,0.00,0.00,100,59.31,48,21.35,93,40.38,96,40.38
20.1,39.9,0.00,0.00,100,59.31,47,21.35,93,40.38,93,40.38
20.6,39.9,0.00,0.00,100,59.31,49,21.35,93,40.38,95,40.38
20.8,39.9,0.00,0.00,100,59.31,51,21.35,94,40.38,95,40.38
21.3,39.9,0.00,0.00,100,59.31,49,21.35,95,40.38,96,40.38
21.7,39.9,0.00,0.00,100,59.31,52,21.35,93,40.38,95,40.38
21.6,39.9,0.00,0.00,100,59.31,49,21.35,94,40.38,95,40.38
19.9,39.9,0.00,0.00,100,59.31,52,21.35,94,40.38,94,40.38
21.9,39.9,0.00,0.00,100,59.31,43,21.35,94,40.38,95,40.38
21.2,39.9,0.00,0.00,100,59.31,44,21.35,95,40.38,95,40.38
21.1,39.9,0.00,0.00,100,59.31,53,21.35,93,40.38,95,40.38
20.5,39.9,0.00,0.00,100,59.31,47,21.35,95,40.38,94,40.38
20.3,39.9,0.00,0.00,100,59.31,53,21.35,94,40.38,94,40.38
20.6,39.9,0.00,0.00,100,59.31,53,21.35,94,40.38,95,40.38
19.9,39.9,0.00,0.00,100,59.31,51,21.35,94,40.38,95,40.38
21.4,39.9,0.00,0.00,100,59.31,53,21.35,94,40.38,94,40.38
23.3,39.9,0.00,0.00,100,59.31,50,21.35,49,40.38,89,40.38
21.9,39.0,0.00,0.00,100,59.31,47,21.35,93,40.38,91,40.38
21.6,39.2,0.00,0.00,100,59.31,49,21.35,93,40.38,92,40.38
20.5,34.4,0.00,0.00,100,59.31,3,2.95,94,40.38,93,40.38
64.9,34.4,0.00,0.00,100,59.31,0,2.95,92,40.38,93,40.38
16.6,34.6,0.00,0.00,100,59.31,0,2.95,91,40.38,49,40.38
82.1,33.8,0.00,0.00,100,59.31,0,2.95,87,40.38,90,40.38
22.8,34.2,0.00,0.00,100,59.31,0,2.95,92,40.38,88,40.38
19.1,34.5,0.00,0.00,100,59.31,0,3.16,89,40.38,93,40.38
25.9,36.2,0.00,0.00,100,59.31,3,9.94,91,40.38,92,40.38
19.7,38.1,0.00,0.00,100,59.31,3,15.8,95,40.38,94,40.38
69.0,38.9,0.00,0.00,100,59.31,0,24.4,92,40.38,92,40.38
17.0,39.1,0.00,0.00,100,59.31,0,24.4,94,40.38,94,40.38
17.7,39.3,0.00,0.00,100,59.31,0,24.4,92,40.38,92,40.38
25.6,39.5,0.00,0.00,100,59.31,0,24.4,93,40.38,88,40.38
17.5,39.7,0.00,0.00,100,59.31,0,31.01,94,40.38,93,40.38
22.0,39.9,0.00,0.00,100,59.31,98,31.01,95,40.38,94,40.38
22.4,38.9,0.00,0.00,48,59.38,98,31.01,92,40.38,92,40.38
21.6,39.1,0.00,0.00,0,59.38,98,31.01,92,40.38,92,40.38
21.7,39.3,0.00,0.00,0,59.38,98,31.01,92,40.38,92,40.38
55.8,39.5,0.00,0.00,0,59.38,95,31.01,89,40.38,90,40.38
21.6,39.7,0.00,0.00,0,59.38,97,31.01,89,40.38,90,40.38
26.8,39.9,0.00,0.00,12,59.38,98,31.01,91,40.38,94,40.38
23.9,39.9,0.00,0.00,100,59.38,98,31.01,93,40.38,95,40.38
24.6,39.9,0.00,0.00,100,59.38,99,31.01,93,40.38,95,40.38
25.6,38.8,0.00,0.00,99,59.38,98,31.01,66,21.66,94,40.38
23.8,34.6,0.00,0.00,100,59.38,98,31.01,94,21.66,95,40.38
23.1,34.6,0.00,0.00,100,59.38,98,31.01,92,21.66,95,40.38
23.6,34.6,0.00,0.00,100,59.38,99,31.01,94,21.66,95,40.38
23.6,34.6,0.00,0.00,100,59.38,99,31.01,91,21.66,94,40.38
22.0,34.6,0.00,0.00,100,59.38,99,31.01,94,21.66,95,40.38
17.5,33.6,0.00,0.00,100,59.38,0,31.01,91,21.66,92,40.38
17.6,33.8,0.00,0.00,100,59.38,0,31.01,90,21.66,70,40.38
28.9,33.2,0.00,0.00,99,59.38,0,31.01,90,21.66,87,40.38
32.6,33.6,0.00,0.00,99,59.38,0,31.01,91,21.66,89,40.38
61.7,34.0,0.00,0.00,99,59.38,0,31.01,93,21.66,91,40.38
25.4,34.4,0.00,0.00,100,59.38,97,31.01,91,21.66,90,40.38
32.4,34.6,0.00,0.00,100,59.38,98,31.01,92,21.66,94,40.38
22.2,34.6,0.00,0.00,100,59.38,99,31.01,95,21.66,95,40.38
24.1,34.6,0.00,0.00,100,59.38,99,31.01,94,21.66,95,40.38
23.4,34.6,0.00,0.00,100,59.38,99,31.01,93,21.66,95,40.38
23.6,34.6,0.00,0.00,100,59.38,99,31.01,95,21.66,94,40.38
24.3,34.6,0.00,0.00,100,59.38,99,31.01,95,21.66,95,40.38
24.0,34.6,0.00,0.00,99,59.38,99,31.01,94,21.66,95,40.38
22.6,34.6,0.00,0.00,100,59.38,99,31.01,93,21.66,95,40.38
24.1,34.6,0.00,0.00,100,59.38,99,31.01,94,21.66,95,40.38
22.6,34.6,0.00,0.00,100,59.38,99,31.01,95,21.66,95,40.38
22.8,34.6,0.00,0.00,99,59.38,99,31.01,93,21.66,95,40.38
22.1,34.6,0.00,0.00,100,59.38,98,31.01,93,21.66,95,40.38
21.6,34.6,0.00,0.00,100,59.38,98,31.01,89,21.47,95,40.38
19.7,29.3,0.00,0.00,100,59.38,98,31.01,0,2.95,95,40.38
18.3,29.3,0.00,0.00,100,59.38,98,31.01,0,2.95,96,40.38
11.7,28.3,0.00,0.00,100,59.38,0,31.01,0,2.95,90,40.38
12.1,28.5,0.00,0.00,100,59.38,0,31.01,0,2.95,90,40.38
15.5,28.7,0.00,0.00,100,59.38,0,31.01,0,2.95,85,40.38
15.5,29.3,0.00,0.00,100,59.38,0,31.01,0,2.95,85,40.38
57.0,29.9,0.00,0.00,100,59.38,0,31.01,0,3.28,92,40.38
20.4,31.9,0.00,0.00,100,59.38,98,31.01,7,17.52,92,40.38
21.5,35.5,0.00,0.00,100,59.38,98,31.01,7,30.51,94,40.38
19.6,37.6,0.00,0.00,100,59.38,98,31.01,0,38.98,93,40.38
16.7,36.9,0.00,0.00,100,59.38,98,31.01,0,38.98,88,40.38
23.2,37.3,0.00,0.00,100,59.38,97,31.01,0,38.98,86,40.38
55.6,37.7,0.00,0.00,100,59.38,98,31.01,0,38.98,92,40.38
22.3,38.2,0.00,0.00,100,59.38,98,31.01,0,45.5,91,40.38
31.5,38.8,0.00,0.00,100,59.38,98,31.01,69,45.5,90,40.38
63.3,39.1,0.00,0.00,100,59.38,99,31.01,70,45.5,92,40.38
28.5,39.3,0.00,0.00,99,59.38,98,31.01,68,45.5,94,40.38
34.3,39.5,0.00,0.00,100,59.38,96,31.01,71,45.5,92,40.38
28.7,39.7,0.00,0.00,99,59.38,99,31.01,76,45.5,96,40.38
25.3,39.9,0.00,0.00,100,59.38,99,31.01,74,45.5,96,40.38
25.9,39.9,0.00,0.00,100,59.38,99,31.01,81,45.5,95,40.38
25.3,40.0,0.00,0.00,100,59.38,99,31.01,80,45.5,95,40.38
24.8,40.0,0.00,0.00,100,59.38,99,31.01,86,45.5,95,40.38
23.3,39.9,0.00,0.00,100,59.38,99,31.01,85,45.5,93,40.38
20.1,38.9,0.00,0.00,100,59.38,48,2.95,86,45.5,95,40.38
18.2,34.7,0.00,0.00,100,59.38,0,2.95,90,45.55,95,40.38
16.6,33.7,0.00,0.00,100,59.38,0,2.95,69,53.41,95,40.38
15.5,33.0,0.00,0.00,0,59.38,0,2.95,95,53.41,92,40.38
17.0,33.4,0.00,0.00,0,59.38,0,2.95,94,53.41,91,40.38
16.4,33.8,0.00,0.00,0,59.38,0,2.95,95,53.41,93,40.38
67.5,34.3,0.00,0.00,0,59.38,0,2.95,95,53.41,93,40.38
16.3,34.7,0.00,0.00,0,59.38,0,2.95,97,53.41,95,40.38
16.1,34.7,0.00,0.00,100,59.38,0,2.95,96,53.41,94,40.38
16.2,34.7,0.00,0.00,100,59.38,0,2.95,97,53.41,96,40.38
15.9,34.7,0.00,0.00,100,59.38,0,2.95,97,53.41,95,40.38
15.8,34.7,0.00,0.00,100,59.38,0,2.95,97,53.41,95,40.38
15.3,34.7,0.00,0.00,100,59.38,0,2.95,97,53.41,94,40.38
16.3,34.7,0.00,0.00,100,59.38,0,2.95,97,53.41,96,40.38
18.6,34.7,0.00,0.00,100,59.38,0,2.95,97,53.41,61,40.38
64.3,33.8,0.00,0.00,100,59.38,0,2.95,96,53.41,92,40.38
18.3,34.1,0.00,0.00,100,59.38,0,2.95,94,53.41,88,40.38
19.1,34.3,0.00,0.00,100,59.38,0,2.95,96,53.41,92,40.38
18.5,34.6,0.00,0.00,100,59.38,0,2.95,96,53.41,95,40.38
15.8,34.7,0.00,0.00,100,59.38,0,2.95,97,53.41,94,40.38
17.4,34.7,0.00,0.00,100,59.38,0,2.95,97,53.41,95,40.38
16.4,34.7,0.00,0.00,100,59.38,0,2.95,97,53.41,94,40.38
18.0,34.7,0.00,0.00,100,59.38,0,2.95,50,53.46,94,40.38
21.1,33.8,0.00,0.00,100,59.38,0,2.95,82,53.46,91,40.38
19.4,34.0,0.00,0.00,100,59.38,0,2.95,82,53.46,92,40.38
21.0,34.3,0.00,0.00,100,59.38,0,2.95,84,53.46,93,40.38
19.1,34.5,0.00,0.00,100,59.38,0,2.95,82,53.46,93,40.38
16.9,34.7,0.00,0.00,100,59.38,0,2.95,86,53.46,96,40.38
19.3,34.7,0.00,0.00,100,59.38,0,2.95,95,53.46,95,40.38
18.2,34.7,0.00,0.00,100,59.38,0,2.95,93,53.46,95,40.38
18.7,34.7,0.00,0.00,100,59.38,0,2.95,91,53.46,95,40.38
19.8,34.7,0.00,0.00,100,59.38,0,2.95,93,53.46,95,40.38
18.5,34.7,0.00,0.00,100,59.38,0,2.95,90,53.46,95,40.38
19.0,34.7,0.00,0.00,100,59.38,0,2.95,94,53.46,94,40.38
19.9,33.6,0.00,0.00,100,59.38,0,2.95,97,25.45,94,40.38
16.1,29.4,0.00,0.00,100,59.38,0,2.95,97,25.45,95,40.38
16.3,29.3,0.00,0.00,100,59.38,0,2.95,97,25.45,95,40.38
16.3,29.4,0.00,0.00,100,59.38,0,2.95,97,25.45,95,40.38
16.1,29.3,0.00,0.00,100,59.38,0,2.95,97,25.45,94,40.38
16.5,29.4,0.00,0.00,100,59.38,0,2.95,97,25.45,96,40.38
17.4,29.4,0.00,0.00,100,59.38,0,2.95,97,25.45,84,40.38
12.8,28.3,0.00,0.00,100,59.38,0,2.95,97,25.45,91,40.38
17.9,28.5,0.00,0.00,100,59.38,0,2.95,97,25.45,91,40.38
26.7,28.8,0.00,0.00,100,59.38,0,2.95,96,25.45,93,40.38
93.8,29.0,0.00,0.00,100,59.38,0,2.95,95,25.45,92,40.38
17.8,29.3,0.00,0.00,100,59.38,0,2.95,95,25.45,95,40.38
15.5,29.4,0.00,0.00,100,59.38,0,2.95,97,25.45,96,40.38
15.6,29.3,0.00,0.00,100,59.38,0,2.95,97,25.45,93,40.38
19.0,29.3,0.00,0.00,100,59.38,0,2.95,97,25.45,95,40.38
15.9,29.4,0.00,0.00,100,59.38,0,2.95,97,25.45,96,40.38
15.5,29.4,0.00,0.00,100,59.38,0,2.95,97,25.45,95,40.38
16.2,29.4,0.00,0.00,100,59.38,0,2.95,97,25.45,95,40.38
16.1,29.4,0.00,0.00,100,59.38,0,2.95,97,25.45,94,40.38
16.1,29.4,0.00,0.00,100,59.38,0,2.95,97,25.45,96,40.38
16.5,29.3,0.00,0.00,100,59.38,0,2.95,97,25.45,95,40.38
18.3,29.3,0.00,0.00,100,59.38,0,2.95,18,2.95,95,40.38
9.4,24.0,0.00,0.00,100,59.38,0,2.95,0,2.95,95,40.38
10.8,24.0,0.00,0.00,100,59.38,0,2.95,0,2.95,96,40.38
10.2,24.0,0.00,0.00,100,59.38,0,2.95,0,2.95,96,40.38
10.0,24.0,0.00,0.00,100,59.38,0,2.95,0,2.95,95,40.38
10.5,24.0,0.00,0.00,100,59.38,0,2.95,0,2.95,96,40.38
9.6,24.0,0.00,0.00,100,59.38,0,2.95,0,2.95,96,40.38
15.0,23.9,0.00,0.00,100,59.19,0,2.95,0,2.95,96,40.38
5.8,18.6,0.00,0.00,9,2.95,0,2.95,0,2.95,96,40.38
6.7,18.6,0.00,0.00,0,2.95,0,2.95,0,2.95,96,40.38
6.5,18.6,0.00,0.00,0,2.95,0,2.95,0,2.95,96,40.38
6.3,18.6,0.00,0.00,0,2.95,0,2.95,0,2.95,96,40.38
7.1,18.6,0.00,0.00,0,2.95,0,2.95,0,2.95,67,21.66
6.7,13.3,0.00,0.00,0,2.95,0,2.95,0,2.95,95,21.66
7.6,13.3,0.00,0.00,0,2.95,0,2.95,0,2.95,95,21.66
7.1,13.3,0.00,0.00,0,2.95,0,2.95,0,2.95,93,21.66
8.1,13.3,0.00,0.00,0,2.95,0,2.95,0,2.95,94,21.66
7.7,13.3,0.00,0.00,0,2.95,0,2.95,0,2.95,96,21.66
6.8,13.3,0.00,0.00,0,2.95,0,2.95,0,2.95,96,21.66
6.5,13.3,0.00,0.00,0,2.95,0,2.95,0,2.95,96,21.66
6.2,13.3,0.00,0.00,0,2.95,0,2.95,0,2.95,95,21.66
6.7,13.3,0.00,0.00,0,2.95,0,2.95,0,2.95,96,21.66
6.7,13.3,0.00,0.00,0,2.95,0,2.95,0,2.95,92,21.66
6.5,13.3,0.00,0.00,0,2.95,0,2.95,0,2.95,92,21.66
6.9,13.3,0.00,0.00,0,2.95,0,2.95,0,2.95,95,21.66
6.1,13.3,0.00,0.00,0,2.95,0,2.95,0,2.95,96,21.66
6.7,13.3,0.00,0.00,0,2.95,0,2.95,0,2.95,96,21.66
6.1,13.3,0.00,0.00,0,2.95,0,2.95,0,2.95,95,21.66
6.3,13.3,0.00,0.00,0,2.95,0,2.95,0,2.95,96,21.66
6.1,13.2,0.00,0.00,0,2.95,0,2.95,0,2.95,95,21.66
5.9,13.3,0.00,0.00,0,2.95,0,2.95,0,2.95,95,21.66
6.7,13.2,0.00,0.00,0,2.95,0,2.95,0,2.95,95,21.66
5.9,13.2,0.00,0.00,0,2.95,0,2.95,0,2.95,95,21.66
6.3,13.2,0.00,0.00,0,2.95,0,2.95,0,2.95,96,21.66
6.3,13.2,0.00,0.00,0,2.95,0,2.95,0,2.95,96,21.66
6.4,13.2,0.00,0.00,0,2.95,0,2.95,0,2.95,96,21.66
7.1,13.3,0.00,0.00,0,2.95,0,2.95,0,2.95,94,21.66
6.1,13.2,0.00,0.00,0,2.95,0,2.95,0,2.95,92,21.66
9.4,13.2,0.00,0.00,0,2.95,0,2.95,0,2.95,83,21.47
2.7,8.4,0.00,0.00,0,2.95,0,2.95,0,2.95,0,2.95
4152.48