0.6,8.0,0.00,0.00,0,2.95,0,2.95,0,2.95,0,2.95
4.8,8.5,0.00,0.00,0,2.95,0,2.95,0,2.95,0,2.95
3.4,8.4,0.00,0.00,0,2.95,0,2.95,0,2.95,0,2.95
0.4,8.4,0.00,0.00,0,2.95,0,2.95,0,2.95,0,2.95
0.6,8.4,0.00,0.00,0,2.95,0,2.95,0,2.95,0,2.95
0.4,8.4,0.00,0.00,0,2.95,0,2.95,0,2.95,0,2.95
8.5,8.8,0.00,0.00,0,2.95,0,2.95,0,2.95,0,2.95
8.2,9.4,0.00,0.00,0,2.95,0,2.95,0,2.95,0,2.95
5.3,9.6,0.00,0.00,0,2.95,0,2.95,0,2.95,0,2.95
9.3,12.2,0.00,0.00,0,8.11,2,9.21,0,2.95,0,2.95
6.8,16.0,0.00,0.00,3,17.43,3,15.32,0,2.95,0,2.95
68.8,20.0,0.00,0.00,5,25.75,0,17.22,0,2.95,0,2.95
9.9,21.0,0.00,0.00,8,42.04,0,17.22,0,2.95,0,2.95
6.9,21.3,0.00,0.00,0,42.04,0,17.22,0,2.95,0,2.95
41.5,21.7,0.00,0.00,0,42.04,0,17.22,0,2.95,0,2.95
67.4,22.0,0.00,0.00,0,42.04,0,25.08,0,2.95,0,2.95
20.3,22.5,0.00,0.00,0,42.04,94,25.08,0,2.95,0,2.95
12.6,22.9,0.00,0.00,100,70.5,92,25.08,0,2.95,0,2.95
20.3,23.1,0.00,0.00,100,70.5,94,25.08,0,2.95,0,2.95
69.0,23.4,0.00,0.00,99,70.5,93,25.08,0,2.95,0,2.95
89.0,23.6,0.00,0.00,99,70.5,91,25.08,0,2.95,0,2.95
10.9,23.7,0.00,0.00,100,70.5,94,25.08,0,2.95,0,2.95
82.6,23.9,0.00,0.00,99,70.5,93,25.08,0,2.95,0,2.95
46.6,24.4,0.00,0.00,99,70.5,92,25.08,0,2.95,0,2.95
17.5,24.9,0.00,0.00,99,70.5,89,25.08,3,10.35,2,7.21
16.6,29.1,0.00,0.00,100,70.5,95,25.08,7,22.77,3,13.09
17.6,34.6,0.00,0.00,100,70.5,95,25.08,7,31.81,3,18.54
49.1,36.4,0.00,0.00,99,70.5,92,25.08,0,31.81,0,18.54
98.1,37.2,0.00,0.00,99,70.5,93,25.08,0,31.81,0,18.54
44.6,37.9,0.00,0.00,99,70.5,92,25.08,0,31.81,0,18.54
26.2,39.1,0.00,0.00,99,70.5,92,29.95,0,31.81,0,18.54
91.7,41.4,0.00,0.00,100,70.5,94,35.96,83,51.48,81,33.45
24.0,43.4,0.00,0.00,100,70.5,96,38.35,99,51.48,93,33.45
19.5,43.6,0.00,0.00,99,70.5,90,38.4,99,51.48,97,33.45
19.0,42.9,0.00,0.00,99,70.5,0,38.4,97,51.48,92,33.45
19.2,43.3,0.00,0.00,100,70.5,0,38.4,97,51.48,95,33.45
85.0,43.8,0.00,0.00,100,70.5,4,43.16,98,51.48,96,33.45
21.3,44.1,0.00,0.00,100,70.5,43,43.16,99,51.48,97,33.45
27.0,44.4,0.00,0.00,100,70.5,39,43.16,99,51.48,97,33.45
24.3,44.4,0.00,0.00,99,70.5,99,43.16,99,51.48,97,33.45
24.9,44.4,0.00,0.00,99,70.5,99,43.16,99,51.48,97,33.45
24.2,44.4,0.00,0.00,99,70.5,99,43.16,99,51.48,97,33.45
24.8,44.4,0.00,0.00,99,70.5,99,43.16,99,51.48,97,33.45
24.8,44.4,0.00,0.00,99,70.5,99,43.16,99,51.48,97,33.45
24.4,44.4,0.00,0.00,99,70.5,99,43.16,99,51.48,97,33.45
24.4,44.4,0.00,0.00,99,70.5,99,43.16,99,51.48,97,33.45
26.6,44.4,0.00,0.00,100,70.5,99,43.16,99,51.48,98,33.45
25.6,44.4,0.00,0.00,99,70.5,99,43.16,99,51.48,97,33.45
24.1,44.4,0.00,0.00,100,70.5,99,43.16,99,51.48,97,33.45
24.9,44.4,0.00,0.00,100,70.5,99,43.16,99,51.48,98,33.45
24.7,44.4,0.00,0.00,100,70.5,99,43.16,99,51.48,97,33.45
24.9,44.4,0.00,0.00,100,70.5,99,43.16,100,51.48,97,33.45
25.7,44.4,0.00,0.00,100,70.5,82,43.16,99,51.48,51,33.45
17.2,44.4,0.00,0.00,99,70.5,38,43.16,61,51.48,62,33.45
12.5,44.4,0.00,0.00,77,70.5,38,43.16,75,51.48,44,33.45
18.5,44.5,0.00,0.00,79,70.5,38,43.16,67,51.48,62,33.45
14.1,44.4,0.00,0.00,77,70.5,35,43.16,70,51.48,51,33.45
15.9,44.4,0.00,0.00,68,70.5,50,43.16,87,51.48,96,33.45
33.7,44.4,0.00,0.00,99,70.5,81,43.16,23,51.48,0,33.45
16.5,42.7,0.00,0.00,92,70.5,34,43.16,20,51.48,0,33.45
83.6,43.0,0.00,0.00,79,70.5,49,43.16,24,51.48,0,33.45
18.2,43.3,0.00,0.00,82,70.5,41,43.16,21,51.48,0,33.45
32.6,43.7,0.00,0.00,83,70.5,63,43.16,34,51.48,0,33.45
22.3,44.1,0.00,0.00,99,70.5,99,43.16,44,51.48,0,33.45
23.9,44.4,0.00,0.00,99,70.5,99,43.16,99,51.48,96,33.45
25.3,44.4,0.00,0.00,100,70.5,99,43.16,99,51.48,98,33.45
24.1,44.4,0.00,0.00,99,70.5,99,43.16,99,51.48,98,33.45
25.5,43.4,0.00,0.00,99,70.5,84,43.16,99,51.48,96,33.45
21.7,43.6,0.00,0.00,99,70.5,44,43.16,99,51.48,98,33.45
23.5,43.8,0.00,0.00,99,70.5,46,43.16,99,51.48,97,33.45
51.0,44.0,0.00,0.00,99,70.5,47,43.16,98,51.48,97,33.45
22.5,44.2,0.00,0.00,99,70.5,45,43.16,99,51.48,97,33.45
24.4,44.4,0.00,0.00,99,70.5,83,43.16,99,51.48,98,33.45
22.8,44.4,0.00,0.00,99,70.5,85,43.16,88,51.48,57,33.45
15.3,44.4,0.00,0.00,73,70.5,39,43.16,68,51.48,61,33.45
15.4,44.4,0.00,0.00,71,70.5,34,43.16,57,51.48,57,33.45
14.9,44.4,0.00,0.00,74,70.5,42,43.16,81,51.48,44,33.45
17.7,44.4,0.00,0.00,75,70.5,37,43.16,70,51.48,65,33.45
26.6,44.4,0.00,0.00,91,70.5,96,43.16,100,51.48,98,33.45
24.2,44.4,0.00,0.00,100,70.5,99,43.16,99,51.48,98,33.45
24.3,44.4,0.00,0.00,100,70.5,99,43.16,99,51.48,98,33.45
23.7,44.4,0.00,0.00,100,70.5,99,43.16,100,51.48,98,33.45
22.1,44.4,0.00,0.00,100,70.5,99,43.16,100,51.48,98,33.45
26.5,43.6,0.00,0.00,24,75.26,99,43.16,100,51.48,98,33.45
24.9,43.8,0.00,0.00,41,75.26,97,43.16,99,51.48,97,33.45
80.3,44.0,0.00,0.00,41,75.26,99,43.16,99,51.48,97,33.45
25.1,44.2,0.00,0.00,39,75.26,98,43.16,99,51.48,97,33.45
25.1,44.4,0.00,0.00,42,75.26,99,43.16,100,51.48,98,33.45
25.6,44.4,0.00,0.00,44,75.26,99,43.16,99,51.48,98,33.45
23.0,44.4,0.00,0.00,42,75.26,99,43.16,99,51.48,97,33.45
23.4,44.4,0.00,0.00,43,75.26,99,43.16,99,51.48,98,33.45
21.4,44.4,0.00,0.00,42,75.26,94,43.16,100,51.48,98,33.45
16.5,42.4,0.00,0.00,16,75.26,44,43.16,25,20.98,5,2.95
14.8,34.1,0.00,0.00,25,75.26,51,43.16,22,20.98,0,2.95
12.6,34.1,0.00,0.00,25,75.26,43,43.16,25,20.98,0,2.95
16.6,34.1,0.00,0.00,25,75.26,43,43.16,3,21.03,0,2.95
15.9,33.3,0.00,0.00,41,75.26,97,43.16,0,21.03,0,2.95
22.4,33.9,0.00,0.00,42,75.26,99,43.16,0,21.03,0,2.95
20.5,34.9,0.00,0.00,36,75.26,89,43.16,0,21.03,0,2.95
14.8,35.3,0.00,0.00,19,75.26,41,43.16,0,21.03,0,2.95
47.0,35.5,0.00,0.00,21,75.26,43,44.65,0,21.03,0,2.95
24.1,38.4,0.00,0.00,25,75.26,42,57.95,20,21.03,0,2.95
20.7,42.2,0.00,0.00,23,75.26,27,68.11,40,25.56,4,8.67
98.1,47.2,0.00,0.00,40,75.26,96,69.75,49,31.25,3,14.39
26.1,51.0,0.00,0.00,39,75.26,66,69.75,49,46.94,9,28.87
47.0,50.0,0.00,0.00,35,75.26,0,69.75,39,46.94,0,28.87
21.5,50.9,0.00,0.00,38,75.26,28,69.75,40,46.94,0,28.87
33.8,51.7,0.00,0.00,40,75.26,45,78.34,43,46.94,0,28.87
81.6,52.7,0.00,0.00,39,75.26,72,78.34,37,46.94,0,28.87
64.2,53.4,0.00,0.00,37,75.26,85,78.34,43,76.66,17,58.58
28.4,54.2,0.00,0.00,39,75.26,99,78.34,100,76.66,100,58.58
28.3,54.4,0.00,0.00,42,75.26,99,78.34,100,76.66,100,58.58
26.5,54.7,0.00,0.00,41,75.26,99,78.34,100,76.66,100,58.58
23.8,54.8,0.00,0.00,43,75.26,99,78.34,100,76.66,100,58.58
26.6,54.8,0.00,0.00,42,75.26,99,78.34,100,76.66,100,58.58
24.1,54.8,0.00,0.00,41,75.26,99,78.34,100,76.66,100,58.58
26.1,54.8,0.00,0.00,43,75.26,99,78.34,100,76.66,100,58.58
25.5,54.8,0.00,0.00,43,75.26,99,78.34,100,76.66,100,58.58
27.0,54.8,0.00,0.00,42,75.26,99,78.34,100,76.66,100,58.58
27.6,54.8,0.00,0.00,42,75.26,99,78.34,100,76.66,100,58.58
24.5,54.8,0.00,0.00,41,75.26,99,78.34,100,76.66,100,58.58
25.1,54.8,0.00,0.00,42,75.26,99,78.34,100,76.66,100,58.58
24.8,54.8,0.00,0.00,45,75.26,99,78.34,100,76.66,100,58.58
24.7,53.9,0.00,0.00,19,75.31,100,78.34,100,76.66,100,58.58
27.5,54.1,0.00,0.00,99,75.31,99,78.34,100,76.66,100,58.58
26.6,54.3,0.00,0.00,99,75.31,99,78.34,100,76.66,100,58.58
25.8,54.5,0.00,0.00,99,75.31,99,78.34,100,76.66,100,58.58
28.6,54.7,0.00,0.00,99,75.31,100,78.34,100,76.66,100,58.58
27.0,54.8,0.00,0.00,99,75.31,99,78.34,100,76.66,100,58.58
26.1,54.8,0.00,0.00,100,75.31,99,78.34,100,76.66,100,58.58
24.2,54.8,0.00,0.00,100,75.31,99,78.34,100,76.66,100,58.58
23.4,54.8,0.00,0.00,99,75.31,99,78.34,100,76.66,100,58.58
23.0,54.8,0.00,0.00,99,75.31,99,78.34,100,76.66,100,58.58
24.4,54.8,0.00,0.00,99,75.31,99,78.34,100,76.66,100,58.58
26.6,54.8,0.00,0.00,100,75.31,99,78.34,100,76.66,100,58.58
25.2,54.8,0.00,0.00,100,75.31,99,78.34,100,76.66,100,58.58
24.0,54.8,0.00,0.00,100,75.31,99,78.34,100,76.66,100,58.58
22.8,54.8,0.00,0.00,100,75.31,99,78.34,100,76.66,100,58.58
23.3,54.8,0.00,0.00,99,75.31,100,78.34,100,76.66,100,58.58
27.3,54.8,0.00,0.00,100,75.31,100,78.34,100,76.66,100,58.58
21.9,54.8,0.00,0.00,99,75.31,100,78.34,100,76.66,100,58.58
25.7,53.9,0.00,0.00,99,75.31,89,78.34,100,76.66,100,58.58
26.3,54.2,0.00,0.00,99,75.31,90,78.34,100,76.66,100,58.58
26.8,54.4,0.00,0.00,99,75.31,92,78.34,100,76.66,100,58.58
25.5,54.6,0.00,0.00,99,75.31,90,78.34,100,76.66,100,58.58
26.8,54.8,0.00,0.00,99,75.31,97,78.34,100,76.66,100,58.58
25.4,54.8,0.00,0.00,100,75.31,99,78.34,100,76.66,100,58.58
24.5,54.8,0.00,0.00,100,75.31,100,78.34,100,76.66,100,58.58
22.5,54.8,0.00,0.00,99,75.31,100,78.34,100,76.66,100,58.58
23.2,54.8,0.00,0.00,100,75.31,99,78.34,100,76.66,100,58.58
24.9,54.8,0.00,0.00,100,75.31,99,78.34,100,76.66,100,58.58
24.4,54.8,0.00,0.00,99,75.31,100,78.34,100,76.66,100,58.58
24.8,54.8,0.00,0.00,99,75.31,100,78.34,100,76.66,100,58.58
21.5,54.8,0.00,0.00,100,75.31,100,78.34,100,76.66,100,58.58
23.2,52.9,0.00,0.00,99,75.31,100,78.34,43,76.66,0,58.58
29.6,53.3,0.00,0.00,100,75.31,98,87.06,46,76.66,0,58.58
37.8,52.9,0.00,0.00,99,75.31,100,87.06,42,76.66,0,58.58
24.8,53.5,0.00,0.00,99,75.31,100,87.06,41,76.66,0,58.58
71.3,54.2,0.00,0.00,99,75.31,100,87.06,53,76.66,88,58.58
25.7,54.6,0.00,0.00,99,75.31,100,87.06,100,76.66,100,58.58
23.6,54.8,0.00,0.00,100,75.31,100,87.06,100,76.66,100,58.58
22.9,54.8,0.00,0.00,100,75.31,100,87.06,100,76.66,100,58.58
25.5,54.8,0.00,0.00,99,75.31,100,87.06,100,76.66,100,58.58
24.9,54.8,0.00,0.00,100,75.31,100,87.06,100,76.66,100,58.58
22.3,54.8,0.00,0.00,100,75.31,100,87.06,100,76.66,100,58.58
23.9,54.8,0.00,0.00,100,75.31,100,87.06,100,76.66,100,58.58
21.3,54.8,0.00,0.00,100,75.31,100,87.06,100,76.66,100,58.58
22.7,54.8,0.00,0.00,100,75.31,100,87.06,100,76.66,100,58.58
23.9,54.8,0.00,0.00,100,75.31,100,87.06,100,76.66,100,58.58
24.4,54.8,0.00,0.00,100,75.31,100,87.06,100,76.66,100,58.58
24.8,54.8,0.00,0.00,100,75.31,100,87.06,100,76.66,100,58.58
22.6,54.8,0.00,0.00,100,75.31,100,87.06,100,76.66,100,58.58
21.2,54.8,0.00,0.00,100,75.31,100,87.06,100,76.66,100,58.58
22.4,54.8,0.00,0.00,100,75.31,100,87.06,100,76.66,100,58.58
25.1,54.8,0.00,0.00,100,75.31,100,87.06,100,76.66,100,58.58
25.1,54.8,0.00,0.00,100,75.31,100,87.06,100,76.66,100,58.58
24.8,54.8,0.00,0.00,100,75.31,100,87.06,100,76.66,100,58.58
22.4,54.8,0.00,0.00,100,75.31,100,87.06,100,76.66,100,58.58
22.6,54.8,0.00,0.00,100,75.31,100,87.06,100,76.66,100,58.58
23.1,54.8,0.00,0.00,100,75.31,100,87.06,100,76.66,100,58.58
21.2,54.8,0.00,0.00,100,75.31,100,87.06,100,76.66,100,58.58
27.6,53.9,0.00,0.00,100,75.31,94,87.06,100,76.66,100,58.58
26.7,54.2,0.00,0.00,100,75.31,91,87.06,100,76.66,100,58.58
25.1,54.4,0.00,0.00,100,75.31,91,87.06,100,76.66,100,58.58
24.5,54.6,0.00,0.00,100,75.31,91,87.06,100,76.66,100,58.58
22.3,54.8,0.00,0.00,100,75.31,100,87.06,100,76.66,100,58.58
23.8,54.8,0.00,0.00,100,75.31,100,87.06,100,76.66,100,58.58
27.0,49.9,0.00,0.00,56,21.03,100,87.06,100,76.66,100,58.58
23.6,49.7,0.00,0.00,47,21.03,100,87.06,100,76.66,100,58.58
23.0,48.7,0.00,0.00,45,21.03,100,87.06,100,76.66,100,58.58
23.5,48.9,0.00,0.00,41,21.03,100,87.06,100,76.66,100,58.58
25.9,49.1,0.00,0.00,42,21.03,100,87.06,100,76.66,100,58.58
35.0,49.3,0.00,0.00,42,21.03,100,87.06,100,76.66,100,58.58
22.9,49.5,0.00,0.00,45,21.03,100,87.06,100,76.66,100,58.58
23.1,49.7,0.00,0.00,44,21.03,100,87.06,100,76.66,100,58.58
25.3,49.7,0.00,0.00,45,21.03,100,87.06,100,76.66,100,58.58
22.6,44.5,0.00,0.00,44,21.03,100,68.98,100,76.66,100,58.58
21.8,44.5,0.00,0.00,45,21.03,100,68.98,100,76.66,100,58.58
22.0,44.5,0.00,0.00,44,21.03,100,68.98,100,76.66,100,58.58
24.1,44.5,0.00,0.00,45,21.03,100,68.98,100,76.66,100,58.58
22.9,44.5,0.00,0.00,42,21.03,100,68.98,100,76.66,100,58.58
21.8,44.5,0.00,0.00,45,21.03,100,68.98,100,76.66,100,58.58
21.1,44.5,0.00,0.00,43,21.03,100,68.98,90,76.66,20,58.58
21.8,42.8,0.00,0.00,36,21.03,100,68.98,45,76.66,0,58.58
82.8,43.2,0.00,0.00,42,21.03,100,68.98,42,76.66,0,58.58
30.4,43.6,0.00,0.00,43,21.03,100,68.98,41,76.66,0,58.58
23.3,44.0,0.00,0.00,41,21.03,100,68.98,47,76.66,0,58.58
27.1,44.4,0.00,0.00,42,21.03,99,68.98,76,76.66,81,58.58
21.1,44.5,0.00,0.00,46,21.03,100,68.98,100,76.66,100,58.58
22.5,44.5,0.00,0.00,44,21.03,100,68.98,100,76.66,100,58.58
24.4,44.5,0.00,0.00,46,21.03,100,68.98,100,76.66,100,58.58
22.2,44.5,0.00,0.00,45,21.03,100,68.98,100,76.66,100,58.58
28.9,43.5,0.00,0.00,42,21.03,100,69.1,100,76.66,100,58.58
56.6,43.7,0.00,0.00,43,21.03,99,69.1,100,76.66,100,58.58
36.9,43.9,0.00,0.00,43,21.03,99,69.1,100,76.66,100,58.58
24.8,44.1,0.00,0.00,42,21.03,99,69.1,100,76.66,100,58.58
23.5,44.3,0.00,0.00,45,21.03,99,69.1,100,76.66,100,58.58
25.3,43.5,0.00,0.00,40,21.03,79,46.92,100,76.66,100,58.58
19.5,39.3,0.00,0.00,51,21.03,74,46.92,100,76.66,100,58.58
20.8,39.3,0.00,0.00,48,21.03,73,46.92,100,76.66,100,58.58
22.1,39.3,0.00,0.00,47,21.03,76,46.92,100,76.66,100,58.58
18.2,37.5,0.00,0.00,48,2.95,70,46.92,100,76.66,100,58.58
18.2,34.1,0.00,0.00,3,2.95,78,46.92,100,76.66,100,58.58
20.3,34.2,0.00,0.00,0,2.95,74,46.92,100,76.66,100,58.58
18.2,34.6,0.00,0.00,0,2.95,64,46.92,100,76.66,100,58.58
19.5,35.0,0.00,0.00,0,3.07,73,46.92,100,76.66,100,58.58
20.0,37.6,0.00,0.00,12,16.04,73,46.92,100,76.66,100,58.58
20.0,41.2,0.00,0.00,14,27.9,73,46.92,100,76.66,100,58.58
16.1,42.4,0.00,0.00,0,29.49,68,46.92,100,76.66,100,58.58
15.9,42.7,0.00,0.00,0,29.49,72,46.92,100,76.66,100,58.58
16.3,42.9,0.00,0.00,0,29.49,71,46.92,100,76.66,100,58.58
96.9,43.1,0.00,0.00,0,29.49,66,46.92,100,76.66,100,58.58
24.7,43.5,0.00,0.00,0,38.08,73,46.92,100,76.66,100,58.58
26.6,43.7,0.00,0.00,60,38.08,70,46.92,100,76.66,100,58.58
23.8,43.9,0.00,0.00,62,38.08,56,46.92,100,76.66,100,58.58
20.1,44.2,0.00,0.00,59,38.08,61,46.92,100,76.66,100,58.58
27.0,43.5,0.00,0.00,60,38.08,67,46.92,100,76.66,100,58.58
27.0,43.9,0.00,0.00,60,38.08,69,46.92,100,76.66,100,58.58
84.1,44.1,0.00,0.00,59,38.08,73,46.92,100,76.66,100,58.58
24.3,44.3,0.00,0.00,65,38.08,70,46.92,100,76.66,100,58.58
28.5,44.5,0.00,0.00,66,38.08,71,46.92,100,76.66,100,58.58
22.6,44.6,0.00,0.00,62,38.08,70,46.92,100,76.66,100,58.58
24.7,44.6,0.00,0.00,67,38.08,74,46.92,100,76.66,100,58.58
23.4,44.6,0.00,0.00,67,38.08,74,46.92,100,76.66,100,58.58
23.6,44.6,0.00,0.00,69,38.08,74,46.92,100,76.66,100,58.58
25.1,44.6,0.00,0.00,64,38.08,74,46.92,100,76.66,100,58.58
25.2,44.6,0.00,0.00,68,38.08,73,46.92,100,76.66,100,58.58
23.4,44.6,0.00,0.00,66,38.08,75,46.92,100,76.66,100,58.58
22.8,44.5,0.00,0.00,70,38.08,74,46.92,100,76.66,100,58.58
22.2,44.5,0.00,0.00,60,38.08,70,46.92,100,76.66,100,58.58
23.9,44.6,0.00,0.00,67,38.08,77,46.92,100,76.66,100,58.58
19.2,43.5,0.00,0.00,67,46.8,74,46.92,100,76.66,100,58.58
25.8,39.6,0.00,0.00,60,46.8,69,46.92,59,21.03,10,2.95
23.5,33.7,0.00,0.00,65,46.8,59,46.92,46,21.03,0,2.95
37.2,33.9,0.00,0.00,65,46.8,66,46.92,53,21.03,0,2.95
44.4,34.1,0.00,0.00,67,46.8,67,46.92,41,21.03,0,2.95
97.3,34.3,0.00,0.00,61,46.8,61,46.92,40,21.03,0,2.95
26.5,35.0,0.00,0.00,67,46.8,64,46.92,46,21.03,3,10.01
26.6,38.6,0.00,0.00,68,46.8,68,46.92,41,21.03,7,21.09
26.8,42.5,0.00,0.00,69,46.8,68,46.92,45,27.53,14,39.84
23.8,46.0,0.00,0.00,69,46.8,70,46.92,46,33.22,0,39.84
23.4,46.8,0.00,0.00,64,46.8,69,46.92,42,46.85,0,39.84
59.1,47.2,0.00,0.00,66,46.8,67,46.92,42,46.85,0,39.84
22.8,47.6,0.00,0.00,68,46.8,65,46.92,43,46.85,0,39.84
35.5,48.1,0.00,0.00,62,46.8,69,46.92,43,46.85,70,48.75
30.1,48.7,0.00,0.00,67,46.8,63,46.92,42,75.31,90,48.75
28.8,49.1,0.00,0.00,68,46.8,62,46.92,100,75.31,98,48.75
30.7,49.3,0.00,0.00,68,46.8,67,46.92,100,75.31,96,48.75
30.0,49.5,0.00,0.00,66,46.8,69,46.92,100,75.31,97,48.75
26.9,49.7,0.00,0.00,61,46.8,69,46.92,100,75.31,97,48.75
30.5,49.7,0.00,0.00,64,46.92,75,46.92,100,75.31,96,48.75
47.2,48.9,0.00,0.00,64,46.92,67,46.92,99,57.23,97,48.75
26.9,44.0,0.00,0.00,67,46.92,70,46.92,100,57.23,95,48.75
25.6,44.2,0.00,0.00,62,46.92,70,46.92,100,57.23,97,48.75
29.7,44.4,0.00,0.00,60,46.92,68,46.92,100,57.23,98,48.75
23.0,44.6,0.00,0.00,64,46.92,72,46.92,99,57.23,98,48.75
48.8,43.6,0.00,0.00,68,46.92,46,46.92,99,57.23,95,48.75
33.1,44.2,0.00,0.00,62,46.92,61,46.92,99,57.23,90,48.75
99.8,44.7,0.00,0.00,68,46.92,65,46.92,99,57.23,94,48.75
33.3,45.9,0.00,0.00,65,53.54,69,46.92,100,57.23,95,48.75
73.6,49.5,0.00,0.00,66,64.94,68,46.92,99,57.23,97,57.66
92.7,51.9,0.00,0.00,68,75.46,63,46.92,99,57.23,93,57.66
74.4,52.3,0.00,0.00,63,75.46,65,46.92,99,57.23,96,57.66
29.9,52.7,0.00,0.00,63,75.46,66,46.92,100,57.23,96,57.66
78.1,53.2,0.00,0.00,63,75.46,61,46.92,99,57.23,96,57.66
68.1,53.6,0.00,0.00,63,75.46,72,46.92,100,57.23,95,57.66
31.2,53.8,0.00,0.00,64,79.59,73,46.92,99,57.23,95,57.66
36.2,54.1,0.00,0.00,98,79.59,67,46.92,100,57.23,94,57.66
31.4,54.2,0.00,0.00,98,79.59,68,46.92,99,57.23,98,57.66
95.2,54.5,0.00,0.00,96,79.59,67,46.92,99,57.23,95,57.66
30.4,54.7,0.00,0.00,96,79.59,68,46.92,100,57.23,96,57.66
28.3,54.9,0.00,0.00,99,79.59,66,46.92,100,57.23,98,57.66
29.6,51.7,0.00,0.00,94,57.6,65,46.92,100,57.23,98,57.66
28.0,49.7,0.00,0.00,98,57.6,70,46.92,100,57.23,98,57.66
28.0,49.7,0.00,0.00,97,57.6,71,46.92,100,57.23,98,57.66
25.6,49.6,0.00,0.00,97,57.6,67,46.92,100,57.23,98,57.66
25.9,49.6,0.00,0.00,97,57.6,72,46.92,100,57.23,59,57.66
30.7,47.9,0.00,0.00,96,57.6,62,46.92,99,57.23,97,57.66
85.5,48.4,0.00,0.00,94,57.6,64,46.92,99,57.23,98,57.66
30.1,48.7,0.00,0.00,97,57.6,67,46.92,99,57.23,95,57.66
42.9,49.2,0.00,0.00,96,57.6,65,46.92,99,57.23,16,57.66
16.5,49.4,0.00,0.00,35,57.6,14,46.92,99,57.23,15,57.66
15.1,49.7,0.00,0.00,29,57.6,14,46.92,67,57.23,18,57.66
13.7,49.7,0.00,0.00,39,57.6,17,46.92,100,57.23,20,57.66
15.2,49.7,0.00,0.00,38,57.6,20,46.92,100,57.23,18,57.66
15.2,49.7,0.00,0.00,38,57.6,19,46.92,100,57.23,20,57.66
14.6,49.7,0.00,0.00,70,57.6,29,46.92,100,57.23,19,57.66
14.6,49.7,0.00,0.00,38,57.6,20,46.92,100,57.23,20,57.66
16.6,49.7,0.00,0.00,36,57.6,17,46.92,100,57.23,20,57.66
12.0,49.7,0.00,0.00,35,57.6,20,46.92,94,57.23,20,57.66
16.5,49.7,0.00,0.00,34,57.6,17,46.92,88,57.23,84,57.66
29.4,49.7,0.00,0.00,74,57.6,66,46.92,100,57.23,98,57.66
28.5,49.7,0.00,0.00,96,57.6,73,46.92,99,57.23,98,57.66
29.3,49.7,0.00,0.00,96,57.6,68,46.92,100,57.23,98,57.66
25.5,49.7,0.00,0.00,97,57.6,74,46.92,100,57.23,98,57.66
28.9,49.7,0.00,0.00,97,57.6,67,46.92,99,57.23,98,57.66
28.2,49.7,0.00,0.00,96,57.6,64,46.92,100,57.23,98,57.66
30.5,49.7,0.00,0.00,97,57.6,65,46.92,100,57.23,99,57.66
27.3,49.7,0.00,0.00,97,57.6,69,46.92,100,57.23,98,57.66
29.7,49.7,0.00,0.00,96,57.6,67,46.92,100,57.23,98,57.66
25.4,49.7,0.00,0.00,97,57.6,73,46.92,100,57.23,97,57.66
30.1,48.8,0.00,0.00,96,57.6,70,46.92,100,57.23,98,57.66
27.8,49.1,0.00,0.00,96,57.6,61,46.92,100,57.23,97,57.66
27.0,49.3,0.00,0.00,97,57.6,66,46.92,100,57.23,95,57.66
85.0,47.7,0.00,0.00,96,61.73,35,46.92,100,57.23,97,57.66
96.9,48.2,0.00,0.00,95,61.73,66,46.92,100,57.23,97,57.66
82.1,48.6,0.00,0.00,95,61.73,66,46.92,100,57.23,95,57.66
32.4,49.0,0.00,0.00,97,61.73,64,46.92,99,57.23,93,57.66
38.4,49.5,0.00,0.00,95,61.73,60,46.92,100,57.23,98,57.66
25.5,45.4,0.00,0.00,94,39.74,66,46.92,100,57.23,98,57.66
25.0,44.5,0.00,0.00,89,39.74,67,46.92,100,57.23,99,57.66
25.2,44.5,0.00,0.00,89,39.74,69,46.92,100,57.23,98,57.66
23.3,44.5,0.00,0.00,88,39.74,67,46.92,100,57.23,99,57.66
23.4,44.4,0.00,0.00,89,39.74,67,46.92,100,57.23,98,57.66
23.6,44.5,0.00,0.00,85,39.74,70,46.92,100,57.23,99,57.66
26.4,44.7,0.00,0.00,83,39.74,68,46.92,100,57.23,95,57.66
26.0,44.2,0.00,0.00,83,39.74,62,46.92,0,57.23,89,57.66
21.8,43.9,0.00,0.00,85,44.6,69,46.92,0,57.23,95,57.66
28.4,47.1,0.00,0.00,84,53.44,69,46.92,0,57.23,96,57.66
98.4,50.4,0.00,0.00,85,62.84,67,46.92,0,57.23,97,57.66
88.3,52.2,0.00,0.00,87,68.28,64,46.92,8,57.23,92,57.66
29.0,52.7,0.00,0.00,85,68.28,67,46.92,99,57.23,98,57.66
33.0,53.1,0.00,0.00,84,68.28,70,46.92,99,57.23,98,57.66
26.6,53.3,0.00,0.00,87,68.28,68,46.92,99,57.23,96,57.66
26.5,53.5,0.00,0.00,88,68.28,67,46.92,100,57.23,95,57.66
37.7,53.0,0.00,0.00,99,76.14,31,46.92,99,57.23,97,57.66
35.0,53.4,0.00,0.00,98,76.14,65,46.92,100,57.23,97,57.66
27.8,53.7,0.00,0.00,99,76.14,68,46.92,100,57.23,97,57.66
63.2,54.1,0.00,0.00,99,76.14,67,46.92,99,57.23,96,57.66
34.9,54.5,0.00,0.00,99,76.14,66,46.92,99,57.23,98,57.66
25.7,54.9,0.00,0.00,98,76.14,71,46.92,100,57.23,98,57.66
26.8,54.9,0.00,0.00,100,76.14,73,46.92,100,57.23,99,57.66
29.1,53.9,0.00,0.00,97,76.14,70,46.92,99,57.23,98,57.66
30.4,54.1,0.00,0.00,98,76.14,70,46.92,99,57.23,51,57.66
33.8,53.5,0.00,0.00,97,76.14,69,46.92,99,57.23,95,57.66
75.6,53.9,0.00,0.00,99,76.14,68,46.92,100,57.23,98,57.66
87.9,54.3,0.00,0.00,99,76.14,67,46.92,99,57.23,98,57.66
30.0,54.6,0.00,0.00,98,76.14,74,46.92,100,57.23,98,57.66
28.9,54.8,0.00,0.00,99,76.14,74,46.92,100,57.23,98,57.66
25.4,54.9,0.00,0.00,99,76.14,76,46.92,100,57.23,99,57.66
25.4,54.9,0.00,0.00,99,76.14,71,46.92,100,57.23,99,57.66
27.6,54.9,0.00,0.00,99,76.14,73,46.92,100,57.23,99,57.66
25.9,54.9,0.00,0.00,99,76.14,70,46.92,100,57.23,99,57.66
26.9,54.9,0.00,0.00,99,76.14,71,46.92,99,57.23,98,57.66
27.0,54.9,0.00,0.00,99,76.14,67,46.92,100,57.23,98,57.66
30.3,54.0,0.00,0.00,99,76.14,67,46.92,99,57.23,97,57.66
81.3,54.2,0.00,0.00,99,76.14,68,46.92,99,57.23,96,57.66
29.8,54.4,0.00,0.00,99,76.14,69,46.92,100,57.23,96,57.66
30.3,54.6,0.00,0.00,99,76.14,68,46.92,99,57.23,96,57.66
37.9,54.8,0.00,0.00,100,76.14,68,46.92,100,57.23,98,57.66
27.2,54.9,0.00,0.00,99,76.14,73,46.92,99,57.23,79,57.66
34.7,54.0,0.00,0.00,99,84.05,69,46.92,100,57.23,95,57.66
34.3,53.4,0.00,0.00,97,84.05,66,46.92,99,57.23,98,57.66
31.1,53.8,0.00,0.00,98,84.05,63,46.92,99,57.23,98,57.66
34.0,54.2,0.00,0.00,99,84.05,63,46.92,99,57.23,95,57.66
30.7,54.5,0.00,0.00,98,84.05,63,46.92,100,57.23,98,57.66
32.9,54.8,0.00,0.00,98,84.05,69,46.92,100,57.23,93,57.66
26.6,54.9,0.00,0.00,99,84.05,72,46.92,100,57.23,99,57.66
25.3,54.9,0.00,0.00,98,84.05,72,46.92,100,57.23,98,57.66
27.9,54.9,0.00,0.00,99,84.05,72,46.92,100,57.23,99,57.66
28.7,54.9,0.00,0.00,99,84.05,66,46.92,100,57.23,98,57.66
26.9,54.9,0.00,0.00,99,84.05,68,46.92,100,57.23,98,57.66
27.6,54.9,0.00,0.00,99,84.05,68,46.92,100,57.23,98,57.66
27.3,54.9,0.00,0.00,99,84.05,73,46.92,100,57.23,99,57.66
26.6,54.9,0.00,0.00,98,84.05,70,46.92,100,57.23,99,57.66
24.8,53.9,0.00,0.00,98,84.05,40,46.92,100,57.23,97,57.66
29.8,54.1,0.00,0.00,99,84.05,69,46.92,99,57.23,97,57.66
68.4,54.3,0.00,0.00,97,84.05,66,46.92,100,57.23,94,57.66
29.2,53.7,0.00,0.00,98,84.05,64,46.92,100,57.23,97,57.66
31.6,54.1,0.00,0.00,99,84.05,65,46.92,100,57.23,97,57.66
29.6,54.5,0.00,0.00,98,84.05,72,46.92,99,57.23,94,57.66
27.2,54.7,0.00,0.00,98,84.05,74,46.92,99,57.23,98,57.66
27.6,54.9,0.00,0.00,98,84.05,74,46.92,100,57.23,98,57.66
26.3,54.9,0.00,0.00,99,84.05,74,46.92,100,57.23,98,57.66
28.0,54.9,0.00,0.00,99,84.05,70,46.92,99,57.23,98,57.66
24.7,54.9,0.00,0.00,99,84.05,68,46.92,100,57.23,99,57.66
26.6,54.9,0.00,0.00,99,84.05,72,46.92,99,57.23,99,57.66
25.8,54.9,0.00,0.00,99,84.05,67,46.92,100,57.23,98,57.66
28.8,54.9,0.00,0.00,98,84.05,72,46.92,99,57.23,99,57.66
32.0,54.9,0.00,0.00,99,84.1,73,46.92,99,57.23,97,57.66
29.6,54.0,0.00,0.00,98,84.1,67,46.92,100,57.23,98,57.66
29.8,54.2,0.00,0.00,98,84.1,67,46.92,100,57.23,98,57.66
28.5,54.4,0.00,0.00,99,84.1,73,46.92,100,57.23,97,57.66
47.0,53.8,0.00,0.00,97,84.1,67,46.92,100,57.23,98,57.66
34.2,54.3,0.00,0.00,98,84.1,68,46.92,100,57.23,98,57.66
76.5,52.5,0.00,0.00,99,84.1,38,24.93,99,57.23,95,57.66
30.8,48.7,0.00,0.00,98,84.1,66,24.93,100,57.23,95,57.66
33.8,49.2,0.00,0.00,99,84.1,64,24.93,99,57.23,97,57.66
30.5,49.4,0.00,0.00,99,84.1,59,24.93,99,57.23,97,57.66
34.9,49.6,0.00,0.00,98,84.1,66,24.93,100,57.23,99,57.66
24.8,49.7,0.00,0.00,99,84.1,73,24.93,53,2.95,98,57.66
23.4,44.5,0.00,0.00,99,84.1,70,24.93,0,2.95,99,57.66
25.6,44.5,0.00,0.00,99,84.1,70,24.93,0,2.95,99,57.66
23.7,44.5,0.00,0.00,99,84.1,69,24.93,0,2.95,98,57.66
23.3,44.5,0.00,0.00,99,84.1,64,24.93,0,2.95,99,57.66
24.9,44.5,0.00,0.00,99,84.1,70,24.93,0,2.95,99,57.66
24.5,44.5,0.00,0.00,99,84.1,71,24.93,0,2.95,99,57.66
22.0,44.5,0.00,0.00,99,84.1,68,24.93,0,2.95,99,57.66
24.4,44.6,0.00,0.00,99,84.1,69,24.93,0,2.95,99,57.66
24.7,44.5,0.00,0.00,99,84.1,68,24.93,0,2.95,99,57.66
24.5,44.6,0.00,0.00,99,84.1,69,24.93,0,2.95,99,57.66
23.0,44.5,0.00,0.00,99,84.1,67,24.93,0,2.95,98,57.66
23.6,44.5,0.00,0.00,99,84.1,71,24.93,0,2.95,85,30.31
22.3,39.4,0.00,0.00,99,84.1,71,24.93,0,2.95,98,30.31
25.1,39.4,0.00,0.00,99,84.1,68,24.93,0,2.95,98,30.31
24.6,39.4,0.00,0.00,99,84.1,71,24.93,0,2.95,98,30.31
19.3,34.4,0.00,0.00,99,84.1,4,2.95,0,2.95,99,30.31
18.9,33.1,0.00,0.00,99,61.92,0,2.95,0,2.95,98,30.31
16.7,29.0,0.00,0.00,99,61.92,0,2.95,0,2.95,98,30.31
16.9,29.0,0.00,0.00,99,61.92,0,2.95,0,2.95,98,30.31
21.1,29.2,0.00,0.00,99,61.92,0,2.95,0,2.95,94,30.31
20.3,29.6,0.00,0.00,98,61.92,0,2.95,0,2.95,97,30.31
20.7,30.2,0.00,0.00,100,61.92,0,9.52,0,2.95,99,30.31
21.0,33.6,0.00,0.00,100,61.92,10,21.58,0,2.95,99,30.31
21.7,37.2,0.00,0.00,99,61.92,10,33.93,0,2.95,99,30.31
81.4,37.3,0.00,0.00,99,61.92,0,33.93,0,2.95,97,30.31
18.7,37.6,0.00,0.00,99,61.92,0,33.93,0,2.95,98,30.31
18.2,37.8,0.00,0.00,97,61.92,0,33.93,0,2.95,99,30.31
18.4,38.0,0.00,0.00,100,61.92,0,33.93,0,2.95,99,30.31
80.0,38.4,0.00,0.00,98,61.92,94,48.85,0,2.95,99,30.31
23.7,38.6,0.00,0.00,99,61.92,97,48.85,0,2.95,5,2.95
15.9,33.7,0.00,0.00,99,61.92,96,48.85,0,2.95,0,2.95
16.6,33.9,0.00,0.00,99,61.92,97,48.85,0,2.95,0,2.95
30.4,34.2,0.00,0.00,99,61.92,97,48.85,0,2.95,0,2.95
13.2,34.3,0.00,0.00,100,61.92,98,48.85,0,2.95,0,2.95
13.7,34.3,0.00,0.00,99,61.92,96,48.85,0,2.95,0,2.95
46.4,34.6,0.00,0.00,99,61.92,94,48.85,0,2.95,0,2.95
59.8,35.2,0.00,0.00,98,61.92,96,48.85,0,2.95,0,2.95
19.2,35.6,0.00,0.00,99,61.92,95,48.85,3,13.18,0,2.95
20.0,40.0,0.00,0.00,100,61.92,97,48.85,10,24.87,0,7.7
19.2,44.9,0.00,0.00,99,61.92,98,48.85,3,29.49,4,13.85
80.1,47.0,0.00,0.00,100,61.92,98,48.85,0,29.49,11,28.77
17.3,47.1,0.00,0.00,98,61.92,96,48.85,0,29.49,0,28.77
15.2,47.6,0.00,0.00,98,61.92,97,48.85,0,29.49,0,28.77
51.3,47.2,0.00,0.00,97,61.92,96,48.85,0,37.96,0,28.77
45.6,45.6,0.00,0.00,96,39.74,97,48.85,53,38.08,0,28.77
28.0,43.4,0.00,0.00,83,39.74,95,48.85,64,38.08,100,58.48
63.4,44.2,0.00,0.00,82,39.74,96,48.85,57,38.08,100,58.48
72.3,44.9,0.00,0.00,82,39.74,96,48.85,59,38.08,99,58.48
26.4,46.2,0.00,0.00,91,43.92,98,48.85,63,38.08,100,58.48
24.5,49.7,0.00,0.00,85,55.71,98,48.85,70,38.08,100,58.48
24.1,53.3,0.00,0.00,90,76.61,98,48.85,67,38.08,100,58.48
90.7,53.1,0.00,0.00,87,76.63,98,48.85,63,38.08,100,58.48
38.4,53.3,0.00,0.00,85,76.63,98,48.85,66,38.08,100,58.48
22.4,53.5,0.00,0.00,89,76.63,98,48.85,66,38.08,100,58.48
23.6,53.7,0.00,0.00,90,76.63,98,48.85,68,38.08,100,58.48
26.8,54.1,0.00,0.00,92,85.54,98,48.85,66,38.08,100,58.48
80.3,54.3,0.00,0.00,99,85.54,97,48.85,62,38.08,100,58.48
33.1,54.5,0.00,0.00,99,85.54,98,48.85,65,38.08,100,58.48
26.4,54.7,0.00,0.00,99,85.54,98,48.85,63,38.08,100,58.48
29.2,55.0,0.00,0.00,99,85.54,98,48.85,70,38.08,100,58.48
23.0,55.0,0.00,0.00,99,85.54,98,48.85,66,38.08,100,58.48
23.5,55.0,0.00,0.00,99,85.54,98,48.85,69,38.08,100,58.48
22.4,55.0,0.00,0.00,99,85.54,98,48.85,66,46.8,100,58.48
25.8,54.1,0.00,0.00,99,85.54,97,48.85,62,46.8,100,58.48
99.0,54.3,0.00,0.00,99,85.54,98,48.85,64,46.8,100,58.48
24.2,54.5,0.00,0.00,99,85.54,98,48.85,67,46.8,100,58.48
33.3,54.7,0.00,0.00,99,85.54,97,48.85,70,46.8,100,58.48
25.2,54.9,0.00,0.00,99,85.54,98,48.85,71,46.8,100,58.48
23.9,55.0,0.00,0.00,99,85.54,98,48.85,72,46.8,100,58.48
23.3,55.0,0.00,0.00,99,85.54,98,48.85,68,46.8,100,58.48
22.5,55.0,0.00,0.00,99,85.54,98,48.85,74,46.8,100,58.48
23.2,55.0,0.00,0.00,99,85.54,99,48.85,70,46.8,100,58.48
22.5,55.0,0.00,0.00,99,85.54,98,48.85,67,46.8,100,58.48
23.0,55.0,0.00,0.00,99,85.54,98,48.85,72,46.8,100,58.48
23.0,55.0,0.00,0.00,99,85.54,98,48.85,71,46.8,100,58.48
24.4,55.0,0.00,0.00,99,85.54,98,48.85,70,46.8,100,58.48
26.7,55.0,0.00,0.00,99,94.45,98,48.85,66,46.8,100,58.48
74.2,54.2,0.00,0.00,100,94.45,98,48.85,67,46.8,100,58.48
59.6,54.5,0.00,0.00,100,94.45,98,48.85,68,46.8,100,58.48
24.6,54.7,0.00,0.00,100,94.45,98,48.85,68,46.8,100,58.48
26.3,54.9,0.00,0.00,100,94.45,98,48.85,66,46.8,100,58.48
24.6,54.1,0.00,0.00,100,94.45,98,48.85,66,46.92,100,58.48
30.8,53.4,0.00,0.00,100,94.45,96,48.85,67,46.92,100,58.48
28.9,53.8,0.00,0.00,100,94.45,98,48.85,64,46.92,100,58.48
16.8,54.3,0.00,0.00,99,94.45,98,48.85,16,46.92,100,58.48
16.5,54.5,0.00,0.00,37,94.45,98,48.85,13,46.92,99,58.48
15.8,54.9,0.00,0.00,36,94.45,49,63.94,17,46.92,87,58.48
15.9,54.2,0.00,0.00,41,94.45,97,64.08,17,46.92,80,58.48
18.0,54.3,0.00,0.00,36,94.45,98,64.08,18,46.92,100,58.48
35.8,54.5,0.00,0.00,38,94.45,99,64.08,65,46.92,100,58.48
25.1,54.7,0.00,0.00,100,94.45,98,64.08,66,46.92,100,58.48
18.4,54.9,0.00,0.00,70,94.45,98,64.08,14,46.92,100,58.48
16.3,55.0,0.00,0.00,40,94.45,99,64.08,13,46.92,100,58.48
15.5,55.1,0.00,0.00,41,94.45,98,64.08,17,46.92,100,58.48
15.2,55.1,0.00,0.00,41,94.45,98,64.08,19,46.92,100,58.48
24.5,55.0,0.00,0.00,64,94.45,99,64.08,66,46.92,100,58.48
25.7,55.0,0.00,0.00,100,94.45,98,64.08,73,46.92,100,58.48
23.1,55.0,0.00,0.00,100,94.45,98,64.08,73,46.92,100,58.48
17.9,55.1,0.00,0.00,100,94.45,99,64.08,15,46.92,100,58.48
16.4,55.1,0.00,0.00,42,94.45,98,64.08,20,46.92,100,58.48
17.1,55.1,0.00,0.00,42,94.45,98,64.08,18,46.92,100,58.48
16.5,55.1,0.00,0.00,42,94.45,87,64.08,20,46.92,100,58.48
28.4,55.1,0.00,0.00,39,94.45,62,64.08,44,46.92,100,58.48
22.7,55.0,0.00,0.00,100,94.45,97,64.08,69,46.92,100,58.48
23.9,55.0,0.00,0.00,100,94.45,99,64.08,71,46.92,100,58.48
22.1,55.0,0.00,0.00,100,94.45,99,64.08,72,46.92,100,58.48
23.9,55.0,0.00,0.00,100,94.45,99,64.08,72,46.92,100,58.48
22.8,55.0,0.00,0.00,100,94.45,99,64.08,72,46.92,100,58.48
28.3,54.1,0.00,0.00,100,94.45,99,64.08,71,46.92,100,58.48
33.5,54.3,0.00,0.00,100,94.45,98,64.08,72,46.92,100,58.48
26.6,54.5,0.00,0.00,100,94.45,99,64.08,68,46.92,100,58.48
50.4,54.7,0.00,0.00,100,94.45,99,64.08,38,46.92,100,58.48
83.4,54.1,0.00,0.00,100,94.45,98,64.08,68,46.92,100,58.48
24.0,54.4,0.00,0.00,99,94.45,97,64.08,67,46.92,99,58.55
26.0,53.6,0.00,0.00,100,94.45,98,64.08,64,46.92,0,58.55
25.1,54.1,0.00,0.00,100,94.45,98,64.08,67,46.92,0,58.55
41.6,54.5,0.00,0.00,99,94.45,98,64.08,68,46.92,0,58.55
32.0,54.7,0.00,0.00,99,94.45,98,64.08,57,46.92,0,58.55
21.9,54.9,0.00,0.00,100,94.45,98,64.08,67,46.92,74,58.55
23.7,55.1,0.00,0.00,100,94.45,98,64.08,72,46.92,100,58.55
24.2,55.1,0.00,0.00,100,94.45,98,64.08,70,46.92,100,58.55
26.0,55.1,0.00,0.00,100,94.45,98,64.08,76,46.92,100,58.55
23.8,55.1,0.00,0.00,100,94.45,98,64.08,69,46.92,100,58.55
21.9,55.1,0.00,0.00,100,94.45,98,64.08,71,46.92,100,58.55
22.5,55.1,0.00,0.00,100,94.45,99,64.08,67,46.92,100,58.55
23.2,55.1,0.00,0.00,100,94.45,99,64.08,71,46.92,100,58.55
23.1,55.1,0.00,0.00,100,94.45,99,64.08,65,46.92,100,58.55
21.8,55.1,0.00,0.00,100,94.45,99,64.08,70,46.92,100,58.55
23.2,55.1,0.00,0.00,100,94.45,98,64.08,66,46.92,100,58.55
24.7,55.1,0.00,0.00,100,94.45,98,64.08,70,46.92,100,58.55
25.5,54.1,0.00,0.00,100,94.45,98,64.08,59,46.92,100,58.55
46.7,53.4,0.00,0.00,99,94.45,98,64.08,67,46.92,100,58.55
75.2,53.8,0.00,0.00,99,94.45,95,64.08,65,46.92,100,58.55
50.5,54.2,0.00,0.00,100,94.45,97,64.08,71,46.92,100,58.55
27.6,54.7,0.00,0.00,99,94.45,97,64.08,66,46.92,100,58.55
33.5,54.2,0.00,0.00,99,94.45,97,64.08,69,46.92,100,58.55
80.3,54.4,0.00,0.00,100,94.45,98,64.08,67,46.92,100,58.55
91.2,54.6,0.00,0.00,100,94.45,97,64.08,72,46.92,100,58.55
25.4,54.8,0.00,0.00,100,94.45,97,64.08,72,46.92,100,58.55
24.4,55.0,0.00,0.00,100,94.45,98,64.08,75,46.92,100,58.55
24.5,55.0,0.00,0.00,100,94.45,98,64.08,76,46.92,100,58.55
23.0,55.0,0.00,0.00,100,94.45,99,64.08,76,46.92,100,58.55
23.5,55.0,0.00,0.00,100,94.45,99,64.08,72,46.92,100,58.55
24.6,55.0,0.00,0.00,100,94.45,99,64.08,74,46.92,100,58.55
25.9,55.0,0.00,0.00,100,94.45,99,64.08,74,46.92,100,58.55
24.6,55.0,0.00,0.00,100,94.45,98,64.08,75,46.92,100,58.55
23.3,55.0,0.00,0.00,100,94.45,99,64.08,75,46.92,100,58.55
22.6,55.0,0.00,0.00,100,94.45,99,64.08,75,46.92,100,58.55
22.6,55.0,0.00,0.00,100,94.45,99,64.08,75,46.92,100,58.55
19.2,55.0,0.00,0.00,100,94.45,99,64.08,43,46.92,100,58.55
26.3,54.2,0.00,0.00,99,94.45,98,64.08,72,46.92,100,58.55
27.2,54.4,0.00,0.00,100,94.45,98,64.08,64,46.92,100,58.55
30.4,54.6,0.00,0.00,100,94.45,98,64.08,66,46.92,100,58.55
93.8,54.0,0.00,0.00,99,94.45,97,64.08,65,46.92,100,58.55
24.9,54.5,0.00,0.00,98,94.45,98,64.08,68,46.92,100,58.55
26.1,54.7,0.00,0.00,99,94.45,97,64.08,64,46.92,100,58.55
25.2,54.9,0.00,0.00,99,94.45,98,64.08,69,46.92,100,58.55
27.5,55.0,0.00,0.00,99,94.45,99,64.4,69,46.92,100,58.55
64.2,54.2,0.00,0.00,99,94.45,96,64.4,70,46.92,100,58.55
49.3,54.4,0.00,0.00,99,94.45,98,64.4,65,46.92,100,58.55
26.1,54.7,0.00,0.00,99,94.45,97,64.4,72,46.92,100,58.55
23.1,54.9,0.00,0.00,99,94.45,98,64.4,69,46.92,100,58.55
24.2,55.1,0.00,0.00,99,94.45,98,64.4,73,46.92,100,58.55
23.7,55.1,0.00,0.00,99,94.45,98,64.4,68,46.92,100,58.55
23.0,55.1,0.00,0.00,99,94.45,98,64.4,71,46.92,100,58.55
23.5,55.1,0.00,0.00,99,94.45,99,64.4,67,46.92,100,58.55
23.3,55.1,0.00,0.00,99,94.45,99,64.4,69,46.92,100,58.55
22.9,55.1,0.00,0.00,99,94.45,99,64.4,71,46.92,100,58.55
22.7,55.1,0.00,0.00,99,94.45,99,64.4,75,46.92,100,58.55
26.1,54.0,0.00,0.00,99,94.45,98,64.4,73,24.93,100,58.55
23.2,49.8,0.00,0.00,99,94.45,98,64.4,74,24.93,100,58.55
22.8,49.8,0.00,0.00,99,94.45,99,64.4,75,24.93,100,58.55
24.1,49.8,0.00,0.00,99,94.45,99,64.4,77,24.93,100,58.55
22.8,49.8,0.00,0.00,99,94.45,99,64.4,77,24.93,100,58.55
26.7,48.9,0.00,0.00,95,94.45,99,64.4,72,24.93,100,58.55
31.4,49.1,0.00,0.00,100,94.45,98,64.4,71,24.93,100,58.55
26.5,49.3,0.00,0.00,100,94.45,98,64.4,70,24.93,100,58.55
41.0,49.5,0.00,0.00,100,94.45,99,64.4,72,24.93,100,58.55
90.1,49.7,0.00,0.00,100,94.45,99,64.4,74,24.93,100,58.55
23.8,49.8,0.00,0.00,100,94.45,99,64.4,75,24.93,100,58.55
23.3,49.8,0.00,0.00,100,94.45,99,64.4,75,24.93,100,58.55
21.9,49.8,0.00,0.00,100,94.45,99,64.4,72,24.93,100,58.55
24.8,49.8,0.00,0.00,100,94.45,99,64.4,78,24.93,100,58.55
25.1,49.8,0.00,0.00,100,94.45,99,64.4,76,24.93,100,58.55
23.9,49.8,0.00,0.00,100,94.45,99,64.4,75,24.93,100,58.55
63.7,48.9,0.00,0.00,99,94.45,98,64.4,71,24.93,100,58.55
24.9,49.1,0.00,0.00,100,94.45,98,64.4,71,24.93,100,58.55
26.1,49.3,0.00,0.00,100,94.45,97,64.4,69,24.93,100,58.55
92.4,48.6,0.00,0.00,100,94.45,97,64.4,0,24.93,100,58.55
74.1,49.0,0.00,0.00,100,94.45,98,64.4,0,24.93,100,58.55
17.6,49.4,0.00,0.00,99,94.45,98,64.4,0,24.93,100,58.55
18.2,49.6,0.00,0.00,99,94.45,98,64.4,0,24.93,100,58.55
25.5,49.8,0.00,0.00,100,94.45,98,64.4,62,24.93,100,58.55
22.7,49.8,0.00,0.00,100,94.45,99,64.4,73,24.93,100,58.55
21.2,49.8,0.00,0.00,100,94.45,99,64.4,72,24.93,52,2.95
21.3,44.6,0.00,0.00,100,94.45,98,64.4,74,24.93,0,2.95
23.3,43.7,0.00,0.00,99,94.45,98,64.4,74,24.93,0,2.95
22.3,43.9,0.00,0.00,100,94.45,98,64.4,73,24.93,0,2.95
21.7,44.1,0.00,0.00,100,94.45,98,64.4,70,24.93,0,2.95
23.1,44.3,0.00,0.00,100,94.45,98,64.4,68,24.93,0,2.95
23.3,44.5,0.00,0.00,100,94.45,98,64.4,69,24.93,0,2.95
19.8,44.6,0.00,0.00,100,94.45,98,64.4,74,24.93,0,2.95
20.4,44.6,0.00,0.00,100,94.45,98,64.4,70,24.93,0,2.95
19.9,44.6,0.00,0.00,100,94.45,99,64.4,72,24.93,0,2.95
19.5,44.6,0.00,0.00,100,94.45,99,64.4,75,24.93,0,2.95
19.8,44.6,0.00,0.00,100,94.45,99,64.4,74,24.93,0,2.95
19.9,44.6,0.00,0.00,100,94.45,99,64.4,74,24.93,0,2.95
20.9,44.6,0.00,0.00,100,94.45,99,64.4,73,24.93,0,2.95
19.6,44.6,0.00,0.00,100,94.45,99,64.4,78,24.93,0,2.95
20.1,44.6,0.00,0.00,100,94.45,98,64.4,77,24.93,0,2.95
20.0,44.6,0.00,0.00,100,94.45,99,64.4,76,24.93,0,2.95
16.5,43.7,0.00,0.00,100,94.45,97,64.4,0,24.93,0,2.95
15.6,43.9,0.00,0.00,100,94.45,98,64.4,0,24.93,0,2.95
22.2,44.1,0.00,0.00,100,94.45,98,64.4,0,24.93,0,2.95
36.2,44.4,0.00,0.00,100,94.45,98,64.4,0,24.93,0,2.95
20.3,44.6,0.00,0.00,100,94.45,98,64.4,78,24.93,0,2.95
19.5,44.6,0.00,0.00,100,94.45,99,64.4,76,24.93,0,2.95
20.2,44.6,0.00,0.00,100,94.45,99,64.4,74,24.93,0,2.95
21.1,44.6,0.00,0.00,100,94.45,99,64.4,73,24.93,0,2.95
98.6,43.7,0.00,0.00,96,94.45,98,64.4,69,24.93,0,2.95
34.7,44.0,0.00,0.00,100,94.45,98,64.4,73,24.93,0,2.95
22.0,44.2,0.00,0.00,100,94.45,98,64.4,72,24.93,0,2.95
22.2,44.4,0.00,0.00,100,94.45,97,64.4,70,24.93,0,2.95
29.7,44.6,0.00,0.00,100,94.45,98,64.4,74,24.93,0,2.95
20.0,44.6,0.00,0.00,100,94.45,99,64.4,77,24.93,0,2.95
20.1,44.6,0.00,0.00,100,94.45,98,64.4,70,24.93,0,2.95
21.8,44.6,0.00,0.00,100,94.45,98,64.4,75,24.93,0,2.95
20.3,44.6,0.00,0.00,100,94.45,98,64.4,73,24.93,0,2.95
20.0,44.6,0.00,0.00,100,94.45,98,64.4,73,24.93,0,2.95
18.7,44.6,0.00,0.00,100,94.45,99,64.4,71,24.93,0,2.95
23.9,43.7,0.00,0.00,100,94.45,60,64.4,71,24.93,0,2.95
91.6,43.9,0.00,0.00,100,94.45,97,64.4,71,24.93,0,2.95
21.7,44.1,0.00,0.00,100,94.45,97,64.4,68,24.93,0,2.95
17.9,44.3,0.00,0.00,100,94.45,99,64.4,60,2.95,0,2.95
20.9,39.4,0.00,0.00,99,94.45,98,64.4,0,2.95,0,2.95
11.7,39.4,0.00,0.00,100,94.45,98,64.4,0,2.95,0,2.95
15.1,38.5,0.00,0.00,98,94.45,98,64.4,0,2.95,0,2.95
73.5,39.1,0.00,0.00,100,94.45,96,64.4,0,2.95,0,2.95
88.9,39.7,0.00,0.00,100,94.45,96,64.4,0,4.95,0,2.95
20.0,41.6,0.00,0.00,100,94.45,98,64.4,8,18.14,0,2.95
18.2,45.4,0.00,0.00,100,94.45,98,64.4,9,29.49,0,2.95
98.0,46.7,0.00,0.00,100,94.45,97,64.4,0,29.49,0,2.95
40.8,47.2,0.00,0.00,99,94.45,98,64.4,0,29.49,0,2.95
17.9,47.6,0.00,0.00,99,94.45,97,64.4,0,29.49,0,2.95
16.5,48.0,0.00,0.00,99,94.45,98,64.4,0,29.49,0,2.95
27.2,48.6,0.00,0.00,99,94.45,99,64.4,38,38.08,0,2.95
23.9,48.9,0.00,0.00,99,94.45,99,64.4,68,38.08,0,2.95
22.4,49.1,0.00,0.00,99,94.45,98,64.4,73,38.08,0,2.95
42.3,49.3,0.00,0.00,99,94.45,99,64.4,73,38.08,0,2.95
22.5,49.5,0.00,0.00,99,94.45,99,64.4,63,38.08,0,2.95
20.6,49.8,0.00,0.00,99,94.45,98,64.4,71,38.08,0,2.95
22.3,49.8,0.00,0.00,99,94.45,98,64.4,74,38.08,0,2.95
20.8,49.8,0.00,0.00,99,94.45,99,64.4,71,38.08,0,2.95
19.2,49.8,0.00,0.00,99,94.45,99,64.4,70,38.08,0,2.95
20.3,49.8,0.00,0.00,99,94.45,99,64.4,71,38.08,0,2.95
20.2,49.8,0.00,0.00,99,94.45,99,64.4,69,38.08,0,2.95
20.7,49.8,0.00,0.00,99,94.45,99,64.4,71,38.08,0,2.95
19.5,49.8,0.00,0.00,99,94.45,99,64.4,72,38.08,0,2.95
19.5,49.8,0.00,0.00,99,94.45,99,64.4,75,38.08,0,2.95
20.2,49.8,0.00,0.00,99,94.45,99,64.4,73,38.08,0,2.95
20.2,49.8,0.00,0.00,99,94.45,98,64.4,70,38.08,0,2.95
20.9,49.8,0.00,0.00,99,94.45,98,64.4,72,38.08,0,2.95
19.5,49.8,0.00,0.00,99,94.45,99,64.4,74,38.08,0,2.95
81.6,48.9,0.00,0.00,95,94.45,98,64.4,35,46.8,0,2.95
23.1,48.2,0.00,0.00,99,94.45,94,64.4,65,46.8,0,2.95
24.9,48.7,0.00,0.00,99,94.45,98,64.4,63,46.8,0,2.95
22.9,49.1,0.00,0.00,100,94.45,98,64.4,63,46.8,0,2.95
24.2,49.6,0.00,0.00,100,94.45,98,64.4,68,46.8,0,2.95
20.4,49.8,0.00,0.00,100,94.45,98,64.4,71,46.8,0,2.95
20.8,49.8,0.00,0.00,100,94.45,98,64.4,69,46.8,0,2.95
21.1,49.8,0.00,0.00,100,94.45,98,64.4,75,46.8,0,2.95
19.7,49.8,0.00,0.00,100,94.45,98,64.4,67,46.8,0,2.95
19.6,49.8,0.00,0.00,100,94.45,98,64.4,71,46.8,0,2.95
19.2,49.8,0.00,0.00,100,94.45,99,64.4,70,46.8,0,2.95
20.2,49.8,0.00,0.00,100,94.45,98,64.4,69,46.8,0,2.95
21.4,49.8,0.00,0.00,100,94.45,98,64.4,75,46.8,0,2.95
19.5,49.8,0.00,0.00,100,94.45,98,64.4,70,46.8,0,2.95
19.7,49.8,0.00,0.00,100,94.45,98,64.4,70,46.8,0,2.95
18.6,49.8,0.00,0.00,100,94.45,98,64.4,70,46.8,0,2.95
20.9,49.8,0.00,0.00,100,94.45,98,64.4,71,46.8,0,2.95
20.5,49.8,0.00,0.00,100,94.45,99,64.4,73,46.8,0,2.95
20.0,49.8,0.00,0.00,100,94.45,98,64.4,70,46.8,0,2.95
23.0,49.8,0.00,0.00,100,94.45,99,64.4,50,46.92,0,2.95
60.0,49.0,0.00,0.00,99,94.45,95,64.4,71,46.92,0,2.95
23.4,49.2,0.00,0.00,100,94.45,99,64.4,70,46.92,0,2.95
26.8,49.4,0.00,0.00,100,94.45,98,64.4,69,46.92,0,2.95
26.6,47.1,0.00,0.00,98,76.06,97,64.4,62,46.92,0,2.95
22.3,44.0,0.00,0.00,100,76.06,98,64.4,71,46.92,0,2.95
22.8,44.3,0.00,0.00,100,76.06,98,64.4,69,46.92,0,2.95
21.7,44.5,0.00,0.00,100,76.06,98,64.4,67,46.92,0,2.95
19.9,44.7,0.00,0.00,100,76.06,98,64.4,70,46.92,0,2.95
21.6,44.6,0.00,0.00,100,76.06,98,64.4,73,46.92,0,2.95
20.6,44.6,0.00,0.00,100,76.06,98,64.4,74,46.92,0,2.95
20.1,44.7,0.00,0.00,100,76.06,98,64.4,69,46.92,0,2.95
20.6,44.7,0.00,0.00,100,76.06,98,64.4,70,46.92,0,2.95
20.9,44.7,0.00,0.00,100,76.06,99,64.4,75,46.92,0,2.95
18.1,44.6,0.00,0.00,100,76.06,98,64.4,73,46.92,0,2.95
24.2,39.4,0.00,0.00,100,76.06,87,33.67,69,46.92,0,2.95
22.3,39.4,0.00,0.00,100,76.06,97,33.67,74,46.92,0,2.95
20.1,39.4,0.00,0.00,100,76.06,98,33.67,71,46.92,0,2.95
18.6,39.4,0.00,0.00,100,76.06,98,33.67,69,46.92,0,2.95
16.7,39.4,0.00,0.00,100,76.06,98,33.67,47,24.93,0,2.95
20.9,34.2,0.00,0.00,100,76.06,98,33.67,75,24.93,0,2.95
20.5,34.2,0.00,0.00,100,76.06,98,33.67,72,24.93,0,2.95
19.9,34.2,0.00,0.00,100,76.06,98,33.67,74,24.93,0,2.95
21.1,34.2,0.00,0.00,100,76.06,98,33.67,70,24.93,0,2.95
20.6,34.2,0.00,0.00,100,76.06,98,33.67,74,24.93,0,2.95
20.0,34.2,0.00,0.00,100,76.06,98,33.67,71,24.93,0,2.95
24.1,32.7,0.00,0.00,100,48.7,98,33.67,72,24.93,0,2.95
20.8,29.1,0.00,0.00,100,48.7,98,33.67,71,24.93,0,2.95
20.3,29.1,0.00,0.00,100,48.7,97,33.67,72,24.93,0,2.95
20.1,29.0,0.00,0.00,100,48.7,98,33.67,71,24.93,0,2.95
20.7,29.1,0.00,0.00,100,48.7,98,33.67,75,24.93,0,2.95
20.6,29.1,0.00,0.00,100,48.7,98,33.67,72,24.93,0,2.95
20.1,29.1,0.00,0.00,100,48.7,98,33.67,68,24.93,0,2.95
20.7,29.1,0.00,0.00,100,48.7,98,33.67,73,24.93,0,2.95
19.7,29.0,0.00,0.00,100,48.7,98,33.67,73,24.93,0,2.95
21.0,29.1,0.00,0.00,100,48.7,98,33.67,70,24.93,0,2.95
20.7,29.1,0.00,0.00,100,48.7,98,33.67,73,24.93,0,2.95
20.5,29.1,0.00,0.00,100,48.7,99,33.67,74,24.93,0,2.95
21.6,29.0,0.00,0.00,100,48.7,98,33.67,36,2.95,0,2.95
13.4,23.8,0.00,0.00,100,48.7,98,33.67,0,2.95,0,2.95
18.3,24.1,0.00,0.00,99,48.7,98,33.67,0,2.95,0,2.95
17.5,24.5,0.00,0.00,99,48.7,98,33.67,0,2.95,0,2.95
18.7,25.3,0.00,0.00,100,48.7,98,33.67,9,14.86,0,2.95
18.2,28.9,0.00,0.00,100,48.7,98,33.67,9,27.0,0,2.95
16.0,32.0,0.00,0.00,100,48.7,98,33.67,4,29.49,0,2.95
16.7,32.3,0.00,0.00,99,48.7,98,33.67,0,29.49,0,2.95
16.6,32.5,0.00,0.00,100,48.7,97,33.67,0,29.49,0,2.95
15.7,32.7,0.00,0.00,100,48.7,98,33.67,0,29.49,0,2.95
42.6,32.9,0.00,0.00,100,48.7,98,33.67,11,34.25,0,2.95
18.1,32.4,0.00,0.00,88,48.7,98,33.67,39,34.25,0,2.95
18.2,32.9,0.00,0.00,89,48.7,95,33.67,38,34.25,0,2.95
39.0,33.3,0.00,0.00,80,48.7,97,33.67,43,34.25,0,2.95
25.7,28.6,0.00,0.00,3,30.31,96,33.67,43,34.25,0,2.95
17.7,29.0,0.00,0.00,9,30.31,98,33.67,49,34.25,0,2.95
16.8,29.0,0.00,0.00,98,30.31,97,33.67,46,34.25,0,2.95
17.6,29.0,0.00,0.00,99,30.31,98,33.67,45,34.25,0,2.95
18.8,29.1,0.00,0.00,99,30.31,98,33.67,44,34.25,0,2.95
19.2,29.5,0.00,0.00,93,30.31,98,33.67,36,34.25,0,2.95
20.0,29.8,0.00,0.00,95,30.31,98,33.67,43,34.25,2,12.3
21.3,32.5,0.00,0.00,98,30.31,98,33.67,45,34.25,6,24.56
21.1,36.2,0.00,0.00,98,30.31,97,33.67,43,34.25,3,31.49
18.5,37.3,0.00,0.00,99,30.31,98,33.67,42,34.25,0,31.49
18.5,37.6,0.00,0.00,98,30.31,98,33.67,46,34.25,0,31.49
18.5,37.8,0.00,0.00,97,30.31,98,33.67,43,34.25,0,31.49
97.1,38.0,0.00,0.00,96,30.31,97,33.67,42,34.25,0,35.62
25.1,38.3,0.00,0.00,96,30.31,98,33.67,40,34.25,80,35.62
25.5,38.5,0.00,0.00,98,30.31,98,33.67,43,34.25,81,35.62
25.8,38.7,0.00,0.00,96,30.31,98,33.67,41,34.25,78,35.62
90.9,38.9,0.00,0.00,97,30.31,98,33.67,42,34.25,82,35.62
16.9,34.0,0.00,0.00,37,2.95,98,33.67,43,34.25,88,35.62
15.3,34.1,0.00,0.00,0,2.95,99,33.67,47,34.25,87,35.62
15.3,34.1,0.00,0.00,0,2.95,98,33.67,46,34.25,89,35.62
17.1,34.1,0.00,0.00,0,2.95,98,33.67,42,34.25,81,35.62
21.6,34.6,0.00,0.00,0,2.95,95,33.67,36,34.25,75,35.62
19.3,35.3,0.00,0.00,0,2.95,93,33.67,48,36.68,88,35.62
21.3,37.7,0.00,0.00,4,10.27,98,33.67,46,46.53,85,35.62
23.5,44.3,0.00,0.00,6,21.85,98,33.67,51,59.1,88,35.62
24.3,49.8,0.00,0.00,8,30.68,69,33.67,45,61.98,84,35.62
100.0,49.7,0.00,0.00,0,30.68,0,33.67,45,61.98,82,35.62
26.9,50.3,0.00,0.00,0,30.68,0,33.67,40,61.98,84,35.62
19.2,51.0,0.00,0.00,0,30.68,0,33.67,48,61.98,80,35.62
17.7,51.7,0.00,0.00,0,30.68,0,33.67,40,66.6,85,35.62
52.5,52.5,0.00,0.00,17,35.44,50,33.67,77,66.74,85,35.62
25.5,52.9,0.00,0.00,55,35.44,97,33.67,73,71.55,84,35.62
29.7,52.4,0.00,0.00,43,35.44,91,33.67,73,71.55,80,35.62
29.0,53.0,0.00,0.00,52,35.44,97,33.67,80,71.55,83,35.62
74.9,53.6,0.00,0.00,44,35.44,96,33.67,80,71.55,87,35.62
52.8,54.0,0.00,0.00,58,35.44,97,33.67,77,71.55,52,39.74
51.8,53.5,0.00,0.00,65,35.44,96,33.67,76,71.55,82,39.74
25.9,53.8,0.00,0.00,55,35.44,97,33.67,76,71.55,88,39.74
25.3,54.0,0.00,0.00,58,35.44,98,33.67,83,71.55,89,39.74
25.8,54.3,0.00,0.00,62,35.44,97,33.67,83,71.55,89,39.74
24.3,54.4,0.00,0.00,53,35.44,98,33.67,85,71.55,87,39.74
24.2,54.4,0.00,0.00,52,35.44,98,33.67,82,71.55,85,39.74
23.1,54.4,0.00,0.00,51,35.44,98,33.67,83,71.55,89,39.74
23.0,54.4,0.00,0.00,52,35.44,98,33.67,88,71.55,91,39.74
22.0,54.4,0.00,0.00,54,35.44,99,33.67,86,71.55,88,39.74
23.4,54.4,0.00,0.00,61,35.44,98,33.67,78,71.55,89,39.74
23.4,54.4,0.00,0.00,56,35.44,99,33.67,86,71.55,91,39.74
25.5,54.4,0.00,0.00,51,35.44,98,33.67,90,71.55,93,39.74
23.2,54.4,0.00,0.00,66,35.44,98,33.67,82,71.55,92,39.74
23.8,54.4,0.00,0.00,53,35.44,98,33.67,84,71.63,91,39.74
30.2,52.5,0.00,0.00,22,39.64,94,33.67,93,75.75,88,39.74
34.3,52.9,0.00,0.00,89,39.64,96,33.67,96,75.75,91,39.74
31.0,53.3,0.00,0.00,86,39.64,97,33.67,96,75.75,87,39.74
99.0,53.7,0.00,0.00,85,39.64,96,33.67,97,75.75,83,39.74
28.1,54.1,0.00,0.00,90,39.64,97,33.67,95,75.75,87,39.74
23.6,54.4,0.00,0.00,85,39.64,98,33.67,99,75.75,88,39.74
22.6,54.4,0.00,0.00,91,39.64,98,33.67,99,75.75,94,39.74
23.4,54.4,0.00,0.00,91,39.64,98,33.67,98,75.75,92,39.74
23.3,54.4,0.00,0.00,91,39.64,98,33.67,98,75.75,93,39.74
25.7,54.4,0.00,0.00,93,39.64,98,33.67,99,75.75,91,39.74
94.6,53.6,0.00,0.00,87,39.64,97,33.67,97,75.75,90,39.74
25.7,53.8,0.00,0.00,87,39.64,97,33.67,96,75.75,90,39.74
25.1,54.0,0.00,0.00,88,39.64,97,33.67,95,75.75,89,39.74
24.9,54.3,0.00,0.00,92,39.64,97,33.67,95,75.75,92,39.74
23.8,54.4,0.00,0.00,90,39.64,98,33.67,98,75.75,95,39.74
24.3,54.4,0.00,0.00,89,39.64,98,33.67,99,75.75,92,39.74
31.4,54.4,0.00,0.00,90,39.67,97,33.67,73,75.78,85,39.74
82.7,52.8,0.00,0.00,59,39.67,97,33.67,84,75.78,87,39.74
27.6,53.2,0.00,0.00,48,39.67,97,33.67,89,75.78,89,39.74
27.0,53.7,0.00,0.00,55,39.67,97,33.67,77,75.78,83,39.74
26.5,54.1,0.00,0.00,53,39.67,97,33.67,89,75.78,82,39.74
23.4,54.4,0.00,0.00,61,39.67,97,33.67,84,75.78,92,39.74
22.3,54.4,0.00,0.00,61,39.67,98,33.67,86,75.78,90,39.74
22.8,54.4,0.00,0.00,52,39.67,98,33.67,85,75.78,92,39.74
23.0,54.4,0.00,0.00,49,39.67,97,33.67,87,75.83,93,39.74
25.6,53.6,0.00,0.00,47,39.67,98,33.67,83,75.83,92,39.74
24.4,53.8,0.00,0.00,51,39.67,96,33.67,85,75.83,87,39.74
26.3,54.0,0.00,0.00,42,39.67,97,33.67,84,75.83,85,39.74
72.6,54.2,0.00,0.00,52,39.67,98,33.67,85,75.83,91,39.74
21.2,54.4,0.00,0.00,47,39.67,98,33.67,87,75.83,94,39.74
22.8,54.4,0.00,0.00,61,39.67,98,33.67,86,75.83,95,39.74
22.5,54.4,0.00,0.00,59,39.67,98,33.67,84,75.83,94,39.74
21.8,54.4,0.00,0.00,61,39.67,98,33.67,88,75.83,91,39.74
22.7,54.4,0.00,0.00,55,39.67,98,33.67,84,75.83,93,39.74
21.6,54.4,0.00,0.00,52,39.67,98,33.67,89,75.83,93,39.74
19.3,54.4,0.00,0.00,45,39.67,98,33.67,84,75.83,85,39.74
20.2,53.6,0.00,0.00,47,39.67,98,33.67,67,75.83,89,39.74
31.4,52.1,0.00,0.00,70,39.67,97,33.48,94,75.83,86,39.74
44.6,47.5,0.00,0.00,88,39.67,6,2.95,94,75.83,89,39.74
29.0,48.2,0.00,0.00,86,39.67,0,2.95,92,75.83,80,39.74
36.5,49.1,0.00,0.00,86,39.67,0,2.95,94,75.83,85,39.74
33.7,49.8,0.00,0.00,88,39.67,0,5.53,97,75.83,93,39.74
23.8,52.3,0.00,0.00,89,39.67,3,10.99,97,75.83,94,39.74
23.4,54.4,0.00,0.00,94,39.67,5,21.21,97,75.83,93,39.74
21.0,56.7,0.00,0.00,94,39.67,4,27.68,97,75.83,94,39.74
20.9,57.4,0.00,0.00,94,39.67,1,42.04,97,75.83,91,39.74
19.5,57.6,0.00,0.00,92,39.67,0,42.04,97,75.83,91,39.74
20.1,57.9,0.00,0.00,92,39.67,0,42.04,98,75.83,92,39.74
27.3,58.1,0.00,0.00,89,39.67,0,42.04,97,75.83,92,39.74
20.4,58.3,0.00,0.00,93,39.67,0,71.75,98,75.83,91,39.74
24.7,58.7,0.00,0.00,90,39.67,99,71.75,97,75.83,90,39.74
24.2,58.9,0.00,0.00,90,39.67,100,71.75,96,75.83,93,39.74
25.2,59.1,0.00,0.00,90,39.67,100,71.75,97,75.83,89,39.74
24.7,59.3,0.00,0.00,89,39.67,100,71.75,97,75.83,92,39.74
16.8,59.5,0.00,0.00,90,39.67,100,71.75,88,75.83,88,39.74
26.3,57.9,0.00,0.00,32,39.67,100,71.75,80,75.83,86,39.74
27.4,58.3,0.00,0.00,46,39.67,100,71.75,82,75.83,86,39.74
26.6,58.8,0.00,0.00,43,39.67,100,71.75,82,75.83,90,39.74
29.6,59.2,0.00,0.00,64,39.67,100,71.75,81,75.83,89,39.74
23.5,59.6,0.00,0.00,46,39.67,100,71.75,88,75.83,93,39.74
23.2,59.6,0.00,0.00,58,39.67,100,71.75,83,75.83,93,39.74
22.1,59.6,0.00,0.00,66,39.67,100,71.75,93,75.83,94,39.74
22.5,59.6,0.00,0.00,52,39.67,100,71.75,87,75.83,49,39.74
24.8,58.7,0.00,0.00,50,39.67,100,71.75,79,75.83,90,39.74
25.4,58.9,0.00,0.00,57,39.67,100,71.75,90,75.83,92,39.74
28.7,59.1,0.00,0.00,53,39.67,100,71.75,81,75.83,88,39.74
24.5,59.3,0.00,0.00,57,39.67,100,71.75,85,75.83,90,39.74
29.9,59.6,0.00,0.00,59,39.67,100,71.75,89,75.83,94,39.74
24.5,58.6,0.00,0.00,54,39.67,100,71.75,85,75.83,85,39.74
24.0,58.9,0.00,0.00,62,39.67,100,71.75,81,75.83,90,39.74
25.1,59.1,0.00,0.00,57,39.67,100,71.75,78,75.83,91,39.74
25.6,59.3,0.00,0.00,59,39.67,100,71.75,83,75.83,92,39.74
83.9,59.4,0.00,0.00,65,39.67,100,71.75,86,75.83,94,39.74
23.7,59.6,0.00,0.00,55,39.67,100,71.75,89,75.83,94,39.74
16.7,59.6,0.00,0.00,62,39.67,100,71.75,83,57.62,93,39.74
21.8,49.4,0.00,0.00,43,21.47,100,71.75,99,57.62,94,39.74
22.2,49.4,0.00,0.00,91,21.47,100,71.75,99,57.62,92,39.74
21.6,49.4,0.00,0.00,91,21.47,100,71.75,99,57.62,95,39.74
23.3,49.4,0.00,0.00,92,21.47,100,71.75,98,57.62,93,39.74
21.2,49.4,0.00,0.00,92,21.47,100,71.75,99,57.62,93,39.74
22.9,49.4,0.00,0.00,93,21.47,100,71.75,98,57.62,93,39.74
22.8,49.4,0.00,0.00,89,21.47,100,71.75,99,57.62,94,39.74
23.0,49.4,0.00,0.00,90,21.47,100,71.75,99,57.62,92,39.74
23.0,49.4,0.00,0.00,93,21.47,100,71.75,99,57.62,95,39.74
22.3,49.4,0.00,0.00,91,21.47,100,71.75,99,57.62,94,39.74
22.9,49.4,0.00,0.00,87,21.47,100,71.75,99,57.62,94,39.74
22.3,49.4,0.00,0.00,91,21.47,100,71.75,99,57.62,94,39.74
22.5,49.4,0.00,0.00,92,21.47,100,71.75,99,57.62,94,39.74
23.5,49.4,0.00,0.00,93,21.47,100,71.75,99,57.62,68,39.74
18.4,48.5,0.00,0.00,92,21.47,100,71.75,98,57.62,70,21.35
22.4,44.3,0.00,0.00,91,21.47,100,71.75,99,57.62,94,21.35
15.9,34.6,0.00,0.00,70,2.95,100,71.75,52,39.11,95,21.35
14.1,34.2,0.00,0.00,0,2.95,100,71.75,52,39.11,95,21.35
14.3,34.1,0.00,0.00,0,2.95,100,71.75,50,39.11,90,21.35
13.8,34.1,0.00,0.00,0,2.95,100,71.75,51,39.11,96,21.35
13.1,34.1,0.00,0.00,0,2.95,100,71.75,51,39.11,95,21.35
15.0,34.1,0.00,0.00,0,2.95,100,71.75,51,39.11,95,21.35
17.6,34.4,0.00,0.00,0,2.95,100,71.75,49,39.11,87,21.35
18.1,34.8,0.00,0.00,0,2.95,100,71.75,48,39.11,91,21.35
15.7,35.3,0.00,0.00,0,8.27,100,71.75,48,39.11,94,21.35
17.8,39.1,0.00,0.00,7,20.33,100,71.75,49,39.11,91,21.35
16.5,42.2,0.00,0.00,8,31.49,100,71.75,48,39.11,93,21.35
16.2,42.5,0.00,0.00,0,31.49,100,71.75,43,39.11,91,21.35
16.0,42.7,0.00,0.00,0,31.49,100,71.75,46,39.11,89,21.35
93.5,42.9,0.00,0.00,0,31.49,100,71.75,52,39.11,90,21.35
15.7,43.1,0.00,0.00,0,31.49,100,71.75,51,39.11,91,21.35
22.8,43.5,0.00,0.00,25,35.62,100,71.75,48,39.11,93,21.35
21.6,43.7,0.00,0.00,85,35.62,100,71.75,46,39.11,94,21.35
96.1,43.9,0.00,0.00,82,35.62,100,71.75,43,39.11,92,21.35
23.8,43.3,0.00,0.00,84,35.62,100,71.75,47,39.11,91,21.35
73.6,43.7,0.00,0.00,80,35.62,100,71.75,44,39.11,92,21.35
22.8,43.9,0.00,0.00,87,35.62,100,71.75,45,39.11,94,21.35
21.9,44.1,0.00,0.00,83,35.62,100,71.75,46,39.11,92,21.35
21.5,44.3,0.00,0.00,84,35.62,100,71.75,44,39.11,93,21.35
19.2,44.4,0.00,0.00,87,35.62,100,71.75,49,39.11,92,21.35
19.2,44.4,0.00,0.00,86,35.62,100,71.75,47,39.11,93,21.35
17.1,44.4,0.00,0.00,86,35.62,100,71.75,48,39.11,46,2.95
14.6,39.3,0.00,0.00,90,35.62,100,71.75,47,39.11,0,2.95
18.6,39.3,0.00,0.00,91,35.62,100,71.75,45,39.11,0,2.95
21.4,39.9,0.00,0.00,86,35.62,100,71.75,41,39.11,0,2.95
18.1,40.5,0.00,0.00,85,35.62,99,71.75,43,41.17,0,7.86
23.8,43.6,0.00,0.00,88,35.62,100,71.75,49,53.24,7,19.11
22.8,50.8,0.00,0.00,88,35.62,100,71.75,51,69.82,9,34.86
17.5,55.3,0.00,0.00,91,35.62,100,71.75,48,71.02,0,34.86
27.8,54.8,0.00,0.00,83,35.62,44,76.58,42,71.02,0,34.86
28.0,55.5,0.00,0.00,85,35.62,45,76.58,44,71.02,0,34.86
43.9,56.1,0.00,0.00,80,35.62,40,76.58,44,71.02,0,34.86
96.7,56.7,0.00,0.00,85,35.62,46,76.58,56,75.78,3,39.62
42.5,56.7,0.00,0.00,44,39.74,39,76.58,70,75.78,49,39.62
37.5,57.4,0.00,0.00,81,39.74,39,76.58,78,75.78,50,39.62
69.8,58.0,0.00,0.00,85,39.74,41,76.58,79,75.78,55,39.62
29.9,58.7,0.00,0.00,85,39.74,41,76.58,79,75.78,44,39.62
43.1,59.4,0.00,0.00,86,39.74,38,76.58,76,75.78,55,39.62
23.7,59.7,0.00,0.00,91,39.74,45,76.58,81,75.78,61,39.62
24.4,59.7,0.00,0.00,91,39.74,46,76.58,79,75.78,67,39.62
24.1,59.7,0.00,0.00,87,39.74,44,76.58,84,75.78,56,39.62
25.0,59.7,0.00,0.00,86,39.74,46,76.58,84,75.78,48,39.62
24.2,59.7,0.00,0.00,87,39.74,42,76.58,88,75.78,57,39.62
26.6,59.7,0.00,0.00,86,39.74,46,76.58,85,75.78,51,39.62
24.5,59.7,0.00,0.00,85,39.74,45,76.58,80,75.78,54,39.62
24.3,59.7,0.00,0.00,90,39.74,48,76.58,85,75.78,47,39.62
24.8,59.7,0.00,0.00,88,39.74,45,76.58,83,75.78,57,39.62
24.0,59.7,0.00,0.00,86,39.74,45,76.58,77,75.78,61,39.62
24.4,59.7,0.00,0.00,89,39.74,46,76.58,80,75.78,55,39.62
25.0,59.7,0.00,0.00,84,39.74,47,76.58,84,75.78,58,39.62
26.1,58.8,0.00,0.00,85,39.74,47,76.58,87,75.78,59,39.62
26.3,58.9,0.00,0.00,82,39.74,46,76.58,82,75.78,66,39.62
21.5,59.1,0.00,0.00,89,39.74,41,76.58,68,85.13,73,48.97
63.3,57.6,0.00,0.00,84,39.74,39,76.58,100,85.13,98,48.97
64.9,58.2,0.00,0.00,80,39.74,41,76.58,99,85.13,99,48.97
30.0,58.7,0.00,0.00,78,39.74,46,76.58,100,85.13,99,48.97
32.3,58.1,0.00,0.00,53,39.74,45,76.58,100,85.13,99,48.97
94.8,58.6,0.00,0.00,78,39.74,40,76.58,100,85.13,98,48.97
26.9,59.1,0.00,0.00,81,39.74,44,76.58,100,85.13,99,48.97
26.8,59.3,0.00,0.00,82,39.74,44,76.58,100,85.13,99,48.97
79.7,59.5,0.00,0.00,85,39.74,50,76.58,100,85.13,99,48.97
24.5,59.7,0.00,0.00,85,39.74,43,76.58,100,85.13,99,48.97
26.5,59.7,0.00,0.00,85,39.74,46,76.58,100,85.13,99,48.97
25.3,59.7,0.00,0.00,85,39.74,49,76.58,100,85.13,100,48.97
26.9,59.7,0.00,0.00,85,39.74,50,76.58,100,85.15,74,48.99
26.2,57.8,0.00,0.00,88,39.74,45,76.63,81,85.15,56,48.99
28.5,57.2,0.00,0.00,89,39.74,64,76.63,78,85.15,55,48.99
30.1,57.8,0.00,0.00,80,39.74,99,76.63,79,85.15,57,48.99
62.2,58.4,0.00,0.00,82,39.74,100,76.63,83,85.15,54,48.99
74.4,59.0,0.00,0.00,88,39.74,100,76.63,82,85.15,60,48.99
24.8,59.6,0.00,0.00,87,39.74,100,76.63,86,85.15,49,48.99
23.4,59.7,0.00,0.00,89,39.74,100,76.63,84,85.15,64,48.99
22.3,59.7,0.00,0.00,85,39.74,100,76.63,87,85.15,53,48.99
22.8,59.7,0.00,0.00,91,39.74,100,76.63,83,85.15,63,48.99
22.2,59.7,0.00,0.00,92,39.74,100,76.63,84,85.15,60,48.99
24.6,59.7,0.00,0.00,88,39.74,100,76.63,84,85.15,63,48.99
23.8,59.7,0.00,0.00,91,39.74,100,76.63,88,85.15,59,48.99
23.6,59.7,0.00,0.00,88,39.74,100,76.63,82,85.15,51,48.99
22.9,59.7,0.00,0.00,88,39.74,100,76.63,85,85.15,51,48.99
27.0,59.7,0.00,0.00,87,39.74,100,76.63,85,85.15,50,48.99
49.2,58.9,0.00,0.00,85,39.74,100,76.63,81,85.15,46,48.99
25.2,59.1,0.00,0.00,83,39.74,100,76.63,77,85.15,68,48.99
24.7,59.3,0.00,0.00,84,39.74,100,76.63,90,85.15,50,48.99
23.5,59.5,0.00,0.00,87,39.74,100,76.63,79,85.15,67,48.99
22.1,59.7,0.00,0.00,88,39.74,100,76.63,82,85.15,64,48.99
25.7,57.8,0.00,0.00,88,39.74,100,76.63,70,85.15,97,48.99
41.6,58.2,0.00,0.00,79,39.74,100,76.63,100,85.15,97,48.99
31.3,58.6,0.00,0.00,81,39.74,100,76.63,99,85.15,99,48.99
91.6,59.0,0.00,0.00,81,39.74,100,76.63,100,85.15,99,48.99
28.2,59.4,0.00,0.00,81,39.74,100,76.63,100,85.15,99,48.99
25.2,59.7,0.00,0.00,86,39.74,100,76.63,100,85.15,99,48.99
24.9,59.7,0.00,0.00,88,39.74,100,76.63,100,85.15,99,48.99
23.8,59.7,0.00,0.00,88,39.74,100,76.63,100,85.15,99,48.99
23.6,59.7,0.00,0.00,90,39.74,100,76.63,100,85.15,99,48.99
24.2,59.7,0.00,0.00,86,39.74,100,76.63,100,85.15,99,48.99
25.9,59.7,0.00,0.00,87,39.74,100,76.63,100,85.15,99,48.99
23.9,59.7,0.00,0.00,86,39.74,100,76.63,100,85.15,99,48.99
15.4,59.7,0.00,0.00,89,39.74,100,76.63,92,85.15,36,48.99
28.5,57.1,0.00,0.00,88,39.74,100,76.63,79,85.15,65,48.99
30.0,57.7,0.00,0.00,81,39.74,100,76.63,81,85.15,47,48.99
96.0,58.4,0.00,0.00,79,39.74,100,76.63,79,85.15,40,48.99
69.3,59.0,0.00,0.00,80,39.74,100,76.63,81,85.15,51,48.99
35.6,59.7,0.00,0.00,82,39.74,100,76.63,85,85.15,66,48.99
29.4,58.8,0.00,0.00,37,39.74,100,76.63,81,85.15,55,48.99
24.9,59.0,0.00,0.00,86,39.74,100,76.63,80,85.15,49,48.99
25.3,59.2,0.00,0.00,82,39.74,100,76.63,80,85.15,57,48.99
32.2,59.4,0.00,0.00,87,39.74,100,76.63,83,85.15,55,48.99
24.6,59.6,0.00,0.00,89,39.74,100,76.63,83,85.15,66,48.99
23.2,59.7,0.00,0.00,88,39.74,100,76.63,82,85.15,63,48.99
23.2,59.7,0.00,0.00,89,39.74,100,76.63,89,85.15,58,48.99
21.8,59.7,0.00,0.00,87,39.74,100,76.63,84,85.15,64,48.99
24.3,59.7,0.00,0.00,90,39.74,100,76.63,85,85.15,64,48.99
23.5,59.7,0.00,0.00,87,39.74,100,76.63,83,85.15,59,48.99
24.0,59.7,0.00,0.00,90,39.74,100,76.63,83,85.15,62,48.99
24.5,59.7,0.00,0.00,90,39.74,100,76.63,88,85.15,49,48.99
23.8,59.7,0.00,0.00,86,39.74,100,76.63,81,85.15,68,48.99
23.5,59.7,0.00,0.00,89,39.74,100,76.63,83,85.15,61,48.99
22.0,57.7,0.00,0.00,85,39.74,100,76.63,68,85.15,93,48.99
33.0,58.1,0.00,0.00,83,39.74,100,76.63,100,85.15,99,48.99
92.1,58.5,0.00,0.00,82,39.74,100,76.63,100,85.15,98,48.99
26.8,59.0,0.00,0.00,84,39.74,100,76.63,100,85.15,99,48.99
27.4,59.4,0.00,0.00,82,39.74,100,76.63,100,85.15,99,48.99
22.6,59.7,0.00,0.00,82,39.74,100,76.63,100,85.15,99,48.99
22.7,59.7,0.00,0.00,86,39.74,100,76.63,100,85.15,99,48.99
22.2,59.7,0.00,0.00,88,39.74,100,76.63,100,85.15,99,48.99
23.5,59.7,0.00,0.00,89,39.74,100,76.63,100,85.15,100,48.99
25.1,58.8,0.00,0.00,39,39.74,100,76.63,100,85.15,99,48.99
26.0,59.0,0.00,0.00,82,39.74,100,76.63,99,85.15,99,48.99
27.0,59.2,0.00,0.00,83,39.74,100,76.63,98,85.15,98,48.99
85.4,59.3,0.00,0.00,88,39.74,100,76.63,100,85.15,99,48.99
32.5,59.6,0.00,0.00,84,39.74,100,76.63,82,85.15,26,48.99
27.4,58.0,0.00,0.00,86,39.74,99,76.63,86,85.15,53,48.99
28.2,58.4,0.00,0.00,87,39.74,99,76.63,86,85.15,61,48.99
26.9,58.9,0.00,0.00,81,39.74,100,76.63,82,85.15,58,48.99
29.8,59.3,0.00,0.00,82,39.74,100,76.63,77,85.15,63,48.99
27.4,59.7,0.00,0.00,87,39.74,100,76.63,84,85.15,61,48.99
23.3,59.7,0.00,0.00,89,39.74,100,76.63,82,85.15,69,48.99
22.7,59.7,0.00,0.00,92,39.74,100,76.63,85,85.15,59,48.99
20.7,59.7,0.00,0.00,87,39.74,100,76.63,89,85.15,58,48.99
55.8,58.8,0.00,0.00,88,39.74,46,76.63,82,85.15,62,48.99
27.3,58.9,0.00,0.00,88,39.74,52,76.63,77,84.96,65,48.99
25.7,54.0,0.00,0.00,85,39.74,47,76.63,90,67.07,49,48.99
25.9,54.2,0.00,0.00,84,39.74,45,76.63,78,67.07,49,48.99
27.2,54.4,0.00,0.00,84,39.74,42,76.63,76,67.07,66,48.99
23.8,54.5,0.00,0.00,89,39.74,49,76.63,81,67.07,60,48.99
24.6,54.5,0.00,0.00,83,39.74,48,76.63,81,67.07,62,48.99
24.5,54.5,0.00,0.00,88,39.74,49,76.63,85,67.07,53,48.99
25.9,54.5,0.00,0.00,86,39.74,46,76.63,85,67.07,54,48.99
26.5,54.5,0.00,0.00,85,39.74,49,76.63,80,67.07,63,48.99
26.1,54.0,0.00,0.00,65,39.74,48,76.63,80,67.07,62,48.99
22.0,53.7,0.00,0.00,88,39.74,46,76.63,77,67.07,29,48.99
31.6,52.2,0.00,0.00,89,39.74,44,76.63,99,67.07,99,48.99
87.7,52.8,0.00,0.00,77,39.74,47,76.63,100,67.07,99,48.99
34.8,53.4,0.00,0.00,79,39.74,43,76.63,100,67.07,99,48.99
33.5,53.9,0.00,0.00,80,39.74,43,76.63,99,67.07,99,48.99
99.8,54.3,0.00,0.00,80,39.74,50,76.63,100,67.07,99,48.99
26.5,54.5,0.00,0.00,85,39.74,47,76.63,100,67.07,99,48.99
25.1,54.5,0.00,0.00,87,39.74,47,76.63,100,67.07,99,48.99
25.8,54.5,0.00,0.00,88,39.74,47,76.63,100,67.07,99,48.99
26.8,54.5,0.00,0.00,88,39.74,49,76.63,100,67.07,99,48.99
25.7,54.5,0.00,0.00,88,39.74,50,76.63,100,67.07,99,48.99
26.0,54.5,0.00,0.00,86,39.74,48,76.63,100,67.07,99,48.99
26.0,54.5,0.00,0.00,86,39.74,48,76.63,100,67.07,99,48.99
28.7,52.6,0.00,0.00,89,39.74,47,76.63,64,67.07,63,48.99
29.0,52.9,0.00,0.00,85,39.74,42,76.63,82,67.07,62,48.99
43.1,53.3,0.00,0.00,83,39.74,45,76.63,79,67.07,50,48.99
28.4,53.7,0.00,0.00,85,39.74,41,76.63,90,67.07,53,48.99
28.7,54.2,0.00,0.00,83,39.74,43,76.63,86,67.07,63,48.99
24.6,54.5,0.00,0.00,85,39.74,44,76.63,85,67.07,68,48.99
23.8,54.5,0.00,0.00,88,39.74,45,76.63,82,67.07,64,48.99
24.9,54.5,0.00,0.00,87,39.74,41,76.63,81,67.07,63,48.99
25.3,54.5,0.00,0.00,86,39.74,44,76.63,83,67.07,60,48.99
24.8,54.5,0.00,0.00,86,39.74,47,76.63,77,67.07,65,48.99
25.3,49.6,0.00,0.00,57,21.35,43,76.63,82,67.07,67,48.99
23.6,49.4,0.00,0.00,90,21.35,48,76.63,80,67.07,67,48.99
26.0,48.4,0.00,0.00,89,21.35,32,76.63,82,67.07,57,48.99
32.2,48.6,0.00,0.00,84,21.35,100,76.63,79,67.07,59,48.99
25.3,48.8,0.00,0.00,88,21.35,100,76.63,84,67.07,53,48.99
84.6,49.0,0.00,0.00,86,21.35,99,76.63,83,67.07,57,48.99
24.3,49.3,0.00,0.00,83,21.35,100,76.63,91,67.07,58,48.99
23.7,49.4,0.00,0.00,83,21.35,100,76.63,85,67.07,59,48.99
23.2,49.4,0.00,0.00,90,21.35,100,76.63,83,67.07,64,48.99
22.7,49.4,0.00,0.00,91,21.35,100,76.63,82,67.07,65,48.99
23.6,47.7,0.00,0.00,91,21.35,100,76.63,86,67.07,99,48.99
30.0,47.8,0.00,0.00,77,21.35,100,76.63,100,67.07,99,48.99
28.8,43.2,0.00,0.00,78,21.35,100,76.63,99,48.99,98,48.99
25.5,43.5,0.00,0.00,75,21.35,100,76.63,99,48.99,99,48.99
29.4,43.9,0.00,0.00,79,21.35,100,76.63,98,48.99,98,48.99
21.4,44.2,0.00,0.00,87,21.35,100,76.63,99,48.99,99,48.99
21.6,44.2,0.00,0.00,89,21.35,100,76.63,99,48.99,99,48.99
21.8,44.2,0.00,0.00,88,21.35,100,76.63,99,48.99,98,48.99
25.5,44.6,0.00,0.00,77,21.35,99,76.63,97,48.99,97,48.99
24.6,45.0,0.00,0.00,80,21.35,100,76.63,99,48.99,99,48.99
25.7,46.5,0.00,0.00,87,29.67,100,76.63,99,48.99,99,48.99
26.1,49.5,0.00,0.00,84,39.39,100,76.63,99,48.99,99,48.99
29.5,52.3,0.00,0.00,88,49.89,100,76.63,40,48.99,50,48.99
52.2,50.9,0.00,0.00,86,49.89,100,76.63,61,48.99,61,48.99
99.2,46.4,0.00,0.00,3,31.49,100,76.63,50,48.99,60,48.99
19.6,47.1,0.00,0.00,0,31.49,100,76.63,49,48.99,56,48.99
18.9,47.8,0.00,0.00,0,31.49,100,76.63,67,48.99,60,48.99
21.1,48.4,0.00,0.00,0,35.62,100,76.63,59,48.99,51,48.99
25.5,48.8,0.00,0.00,87,35.62,100,76.63,69,48.99,46,48.99
30.3,49.4,0.00,0.00,80,35.62,100,76.63,65,48.99,62,48.99
24.8,50.0,0.00,0.00,83,35.74,100,76.63,57,48.99,62,48.99
24.8,53.2,0.00,0.00,88,47.97,100,76.63,82,48.99,51,48.99
21.1,57.0,0.00,0.00,88,60.62,100,76.63,44,48.99,55,48.99
21.2,57.7,0.00,0.00,88,72.51,100,76.63,43,48.99,69,48.99
20.3,57.9,0.00,0.00,88,72.51,100,76.63,64,48.99,52,48.99
20.6,58.1,0.00,0.00,83,72.51,100,76.63,63,48.99,49,48.99
95.8,58.3,0.00,0.00,90,72.51,100,76.63,70,48.99,46,48.99
27.5,58.6,0.00,0.00,88,81.78,100,76.63,59,48.99,54,48.99
26.8,58.9,0.00,0.00,100,81.78,100,76.63,54,48.99,52,48.99
28.5,59.1,0.00,0.00,100,81.78,100,76.63,57,48.99,50,48.99
87.0,59.3,0.00,0.00,100,81.78,100,76.63,64,48.99,51,48.99
23.0,59.5,0.00,0.00,100,81.78,100,76.63,36,48.8,75,30.79
29.6,49.8,0.00,0.00,100,81.78,100,76.63,99,30.79,99,30.79
27.8,49.6,0.00,0.00,100,81.78,100,76.63,100,30.79,100,30.79
27.4,49.6,0.00,0.00,100,81.78,100,76.63,99,30.79,100,30.79
27.1,49.6,0.00,0.00,100,81.78,100,76.63,99,30.79,99,30.79
27.6,49.6,0.00,0.00,100,81.78,100,76.63,99,30.79,99,30.79
26.5,49.6,0.00,0.00,100,81.78,100,76.63,99,30.79,99,30.79
28.3,49.6,0.00,0.00,100,81.78,100,76.63,99,30.79,99,30.79
27.2,49.6,0.00,0.00,100,81.78,100,76.63,99,30.79,99,30.79
27.4,49.6,0.00,0.00,100,81.78,100,76.63,99,30.79,99,30.79
29.1,48.6,0.00,0.00,96,91.11,100,76.63,98,30.79,99,30.79
28.8,48.9,0.00,0.00,99,91.11,100,76.63,99,30.79,98,30.79
41.2,49.1,0.00,0.00,100,91.11,100,76.63,72,2.95,16,2.95
23.1,39.1,0.00,0.00,100,91.11,100,76.63,0,2.95,0,2.95
18.3,39.2,0.00,0.00,99,91.11,100,76.63,0,2.95,0,2.95
15.6,39.4,0.00,0.00,100,91.11,100,76.63,0,2.95,0,2.95
16.8,39.4,0.00,0.00,100,91.11,100,76.63,0,2.95,0,2.95
16.3,39.4,0.00,0.00,100,91.11,100,76.63,0,2.95,0,2.95
15.3,39.3,0.00,0.00,100,91.11,100,76.63,0,2.95,0,2.95
21.0,39.8,0.00,0.00,100,91.11,100,76.63,0,2.95,0,2.95
18.9,40.1,0.00,0.00,100,91.11,100,76.63,0,4.82,0,2.95
19.0,42.3,0.00,0.00,100,91.11,100,76.63,6,18.09,0,2.95
19.0,46.2,0.00,0.00,100,91.11,100,76.63,7,39.81,0,2.95
23.1,47.6,0.00,0.00,100,91.11,100,76.63,0,39.84,0,2.95
33.9,46.9,0.00,0.00,99,95.28,100,76.63,0,39.84,0,2.95
20.3,46.5,0.00,0.00,98,95.28,100,76.63,0,39.84,0,2.95
22.0,47.1,0.00,0.00,99,95.28,100,76.63,0,39.84,0,2.95
22.3,47.7,0.00,0.00,100,95.28,100,76.63,14,48.75,0,2.95
91.7,48.5,0.00,0.00,100,95.28,100,76.63,95,48.75,0,2.95
27.4,49.0,0.00,0.00,100,95.28,100,76.63,95,48.75,0,2.95
28.9,49.2,0.00,0.00,100,95.28,100,76.63,97,48.75,0,2.95
67.7,49.4,0.00,0.00,100,95.28,100,76.63,96,48.75,0,2.95
22.3,49.6,0.00,0.00,100,95.28,100,76.63,98,48.75,0,2.95
23.1,49.6,0.00,0.00,100,95.28,100,76.63,98,48.75,0,2.95
24.8,49.7,0.00,0.00,100,95.28,100,76.63,99,48.75,0,2.95
24.8,49.6,0.00,0.00,100,95.28,100,76.63,99,48.75,0,2.95
23.9,49.7,0.00,0.00,100,95.28,100,76.63,98,48.75,0,2.95
23.9,49.7,0.00,0.00,100,95.28,100,76.63,99,48.75,0,2.95
25.3,49.7,0.00,0.00,100,95.28,100,76.63,99,48.75,0,2.95
23.9,48.6,0.00,0.00,98,67.51,100,76.63,98,48.75,0,2.95
27.6,39.4,0.00,0.00,100,67.51,36,21.03,98,48.75,0,2.95
24.7,39.2,0.00,0.00,100,67.51,47,21.03,98,48.75,0,2.95
24.7,39.2,0.00,0.00,100,67.51,47,21.03,56,57.66,0,2.95
29.5,38.4,0.00,0.00,100,67.51,42,21.03,96,57.66,0,2.95
35.2,38.6,0.00,0.00,100,67.51,46,21.03,96,57.66,0,2.95
25.4,38.8,0.00,0.00,100,67.51,42,21.03,97,57.66,0,2.95
27.1,39.0,0.00,0.00,100,67.51,45,21.03,98,57.66,0,2.95
27.9,39.2,0.00,0.00,100,67.51,43,21.03,98,57.66,0,2.95
25.1,39.2,0.00,0.00,100,67.51,45,21.03,98,57.66,0,2.95
24.7,39.2,0.00,0.00,100,67.51,47,21.03,98,57.66,0,2.95
22.9,39.2,0.00,0.00,100,67.51,49,21.03,98,57.66,0,2.95
24.4,39.2,0.00,0.00,100,67.51,42,21.03,98,57.66,0,2.95
26.2,39.2,0.00,0.00,100,67.51,45,21.03,98,57.66,0,2.95
25.1,39.2,0.00,0.00,100,67.51,47,21.03,98,57.66,0,2.95
20.9,34.2,0.00,0.00,89,39.74,48,21.03,98,57.66,0,2.95
19.1,34.0,0.00,0.00,88,39.74,43,21.03,99,57.66,0,2.95
24.2,34.4,0.00,0.00,90,39.74,46,21.03,92,57.66,0,2.95
25.3,35.0,0.00,0.00,82,39.74,43,21.03,95,57.66,0,3.07
24.3,36.0,0.00,0.00,87,39.74,51,21.03,67,57.66,5,16.26
40.0,39.2,0.00,0.00,87,39.74,45,21.03,95,57.66,5,26.92
26.9,43.7,0.00,0.00,87,45.54,46,21.03,97,57.66,2,31.49
25.0,46.1,0.00,0.00,86,51.25,42,21.03,97,57.66,0,31.49
26.7,46.6,0.00,0.00,83,65.56,45,21.03,96,57.66,0,31.49
92.6,47.1,0.00,0.00,82,65.56,41,21.03,96,57.66,0,31.49
63.3,46.6,0.00,0.00,54,65.56,43,21.03,96,57.66,0,31.49
27.9,47.2,0.00,0.00,82,65.56,42,21.03,92,57.66,90,39.35
30.6,47.9,0.00,0.00,80,65.56,43,21.03,94,57.66,93,39.35
30.8,48.5,0.00,0.00,84,94.03,47,21.03,97,57.66,93,39.35
39.4,49.0,0.00,0.00,100,94.03,48,21.03,95,57.66,90,39.35
44.1,49.3,0.00,0.00,100,94.03,44,21.03,94,57.66,94,39.35
33.6,49.6,0.00,0.00,100,94.03,47,21.03,98,57.66,95,39.35
27.8,49.6,0.00,0.00,100,94.03,47,21.03,98,57.66,95,39.35
27.7,49.6,0.00,0.00,100,94.03,45,21.03,98,57.66,95,39.35
27.1,49.6,0.00,0.00,100,94.03,48,21.03,98,57.66,95,39.35
27.7,48.1,0.00,0.00,100,94.03,45,21.03,98,30.31,96,39.35
25.6,44.5,0.00,0.00,100,94.03,48,21.03,98,30.31,96,39.35
27.0,44.5,0.00,0.00,100,94.03,44,21.03,97,30.31,96,39.35
22.8,43.5,0.00,0.00,100,94.03,29,2.95,97,30.31,96,39.35
22.5,39.3,0.00,0.00,100,94.03,0,2.95,98,30.31,95,39.35
22.4,39.3,0.00,0.00,100,94.03,0,2.95,98,30.31,95,39.35
21.9,39.3,0.00,0.00,100,94.03,0,2.95,98,30.31,97,39.35
21.0,39.3,0.00,0.00,100,94.03,0,2.95,99,30.31,96,39.35
25.7,39.3,0.00,0.00,100,94.03,0,2.95,98,30.31,93,39.35
25.1,39.8,0.00,0.00,100,94.03,0,2.95,96,30.31,95,47.26
26.5,39.2,0.00,0.00,100,94.03,0,7.05,97,30.31,96,47.26
32.6,42.0,0.00,0.00,100,94.03,8,17.94,96,30.31,96,47.26
28.0,45.6,0.00,0.00,100,94.03,8,29.46,95,30.31,96,47.26
24.8,47.2,0.00,0.00,100,94.03,1,29.49,95,30.31,95,47.26
89.8,47.7,0.00,0.00,100,94.03,0,29.49,95,30.31,97,47.26
61.9,48.1,0.00,0.00,100,94.03,0,29.49,39,2.95,97,47.26
14.2,43.1,0.00,0.00,100,94.03,0,29.49,0,2.95,96,47.26
22.3,43.5,0.00,0.00,100,94.03,26,38.08,0,2.95,96,47.26
20.5,43.7,0.00,0.00,100,94.03,66,38.08,0,2.95,96,47.26
27.2,44.0,0.00,0.00,100,94.03,75,38.08,0,2.95,93,47.26
21.3,44.1,0.00,0.00,100,94.03,64,38.08,0,2.95,97,47.26
83.2,44.4,0.00,0.00,100,94.03,65,38.08,0,2.95,97,47.26
19.2,44.6,0.00,0.00,100,94.03,71,38.08,0,2.95,97,47.26
19.1,44.6,0.00,0.00,100,94.03,71,38.08,0,2.95,97,47.26
20.0,44.6,0.00,0.00,100,94.03,73,38.08,0,2.95,96,47.26
19.5,44.6,0.00,0.00,100,94.03,69,38.08,0,2.95,97,47.26
18.7,44.6,0.00,0.00,100,94.03,70,38.08,0,2.95,97,47.26
17.9,44.6,0.00,0.00,100,94.03,71,38.08,0,2.95,97,47.26
18.7,44.6,0.00,0.00,100,94.03,72,38.08,0,2.95,97,47.26
19.4,44.6,0.00,0.00,100,94.03,74,38.08,0,2.95,97,47.26
19.4,44.6,0.00,0.00,100,94.03,72,38.08,0,2.95,97,47.26
19.2,44.6,0.00,0.00,100,94.03,70,38.08,0,2.95,96,47.26
15.8,44.6,0.00,0.00,100,94.03,73,38.08,0,2.95,68,47.31
20.3,43.7,0.00,0.00,100,94.03,68,38.08,0,2.95,98,47.31
21.2,44.0,0.00,0.00,100,94.03,77,38.08,0,2.95,98,47.31
20.3,44.2,0.00,0.00,100,94.03,71,38.08,0,2.95,98,47.31
21.8,44.4,0.00,0.00,100,94.03,72,46.68,0,2.95,97,47.31
20.1,43.7,0.00,0.00,100,94.03,62,46.8,0,2.95,97,47.31
21.3,43.9,0.00,0.00,100,94.03,71,46.8,0,2.95,96,47.31
96.9,44.1,0.00,0.00,100,94.03,70,46.8,0,2.95,97,47.31
20.3,44.4,0.00,0.00,100,94.03,66,46.8,0,2.95,98,47.31
19.2,44.6,0.00,0.00,100,94.03,77,46.8,0,2.95,98,47.31
18.3,44.6,0.00,0.00,100,94.03,76,46.8,0,2.95,97,47.31
20.1,44.6,0.00,0.00,100,94.03,71,46.8,0,2.95,97,47.31
19.9,44.6,0.00,0.00,100,94.03,71,46.8,0,2.95,97,47.31
20.0,44.6,0.00,0.00,100,94.03,72,46.8,0,2.95,98,47.31
19.6,44.6,0.00,0.00,100,94.03,74,46.8,0,2.95,97,47.31
19.4,44.6,0.00,0.00,100,94.03,77,46.8,0,2.95,98,47.31
17.5,44.6,0.00,0.00,100,94.03,72,46.8,0,2.95,97,47.31
18.5,44.6,0.00,0.00,100,94.03,80,46.8,0,2.95,98,47.31
19.9,44.6,0.00,0.00,100,94.03,73,46.8,0,2.95,97,47.31
18.4,44.6,0.00,0.00,100,94.03,70,46.8,0,2.95,97,47.31
18.7,44.6,0.00,0.00,100,94.03,71,46.8,0,2.95,98,47.31
19.2,44.6,0.00,0.00,100,94.03,76,46.8,0,2.95,98,47.31
18.3,44.6,0.00,0.00,100,94.03,76,46.8,0,2.95,98,47.31
18.4,44.6,0.00,0.00,100,94.03,73,46.8,0,2.95,98,47.31
20.3,43.7,0.00,0.00,100,94.03,60,46.92,0,2.95,97,47.31
20.2,43.9,0.00,0.00,100,94.03,68,46.92,0,2.95,93,47.31
20.6,44.1,0.00,0.00,100,94.03,72,46.92,0,2.95,97,47.31
23.2,44.3,0.00,0.00,100,94.03,68,46.92,0,2.95,66,47.31
93.0,43.6,0.00,0.00,100,94.03,70,46.92,0,2.95,97,47.31
21.0,43.9,0.00,0.00,100,94.03,73,46.92,0,2.95,94,47.31
21.0,44.1,0.00,0.00,100,94.03,72,46.92,0,2.95,97,47.31
23.7,44.3,0.00,0.00,100,94.03,75,46.92,0,2.95,97,47.31
24.3,44.6,0.00,0.00,100,94.03,74,46.92,0,2.95,97,47.31
17.9,44.6,0.00,0.00,100,94.03,81,46.92,0,2.95,97,47.31
24.5,44.6,0.00,0.00,100,94.03,82,46.92,0,2.95,97,47.31
19.2,39.5,0.00,0.00,100,75.63,78,46.92,0,2.95,96,47.31
18.4,39.5,0.00,0.00,100,75.63,79,46.92,0,2.95,97,47.31
19.8,39.5,0.00,0.00,100,75.63,77,46.92,0,2.95,97,47.31
18.7,39.5,0.00,0.00,100,75.63,81,46.92,0,2.95,97,47.31
19.6,39.5,0.00,0.00,100,75.63,80,46.92,0,2.95,97,47.31
19.0,39.5,0.00,0.00,100,75.63,76,46.92,0,2.95,97,47.31
20.2,39.5,0.00,0.00,100,75.63,76,46.92,0,2.95,98,47.31
19.8,39.5,0.00,0.00,100,75.63,75,46.92,0,2.95,98,47.31
14.7,38.5,0.00,0.00,100,75.63,41,24.93,0,2.95,96,47.31
18.5,34.3,0.00,0.00,100,75.63,81,24.93,0,2.95,97,47.31
23.4,33.4,0.00,0.00,93,75.63,69,24.93,0,2.95,97,47.31
26.3,33.6,0.00,0.00,89,75.63,70,24.93,0,2.95,95,47.31
19.9,33.8,0.00,0.00,88,75.63,70,24.93,0,2.95,97,47.31
20.5,34.0,0.00,0.00,88,75.63,73,24.93,0,2.95,96,47.31
20.5,34.2,0.00,0.00,85,75.63,73,24.93,0,2.95,97,47.31
20.4,34.3,0.00,0.00,100,75.63,82,24.93,0,2.95,97,47.31
20.7,34.3,0.00,0.00,100,75.63,76,24.93,0,2.95,97,47.31
15.5,34.3,0.00,0.00,100,75.63,78,24.93,0,2.95,53,47.31
21.9,33.4,0.00,0.00,100,75.63,74,24.93,0,2.95,97,47.31
21.9,33.6,0.00,0.00,100,75.63,75,24.93,0,2.95,93,47.31
21.9,33.8,0.00,0.00,100,75.63,71,24.93,0,2.95,94,47.31
21.3,34.0,0.00,0.00,100,75.63,75,24.93,0,2.95,96,47.31
25.3,34.2,0.00,0.00,100,75.63,67,24.93,0,2.95,97,47.31
19.0,34.2,0.00,0.00,100,75.63,80,24.93,0,2.95,97,47.31
19.2,34.2,0.00,0.00,100,75.63,71,24.93,0,2.95,97,47.31
17.9,34.3,0.00,0.00,100,75.63,77,24.93,0,2.95,97,47.31
18.8,34.2,0.00,0.00,100,75.63,77,24.93,0,2.95,96,47.31
18.8,34.2,0.00,0.00,100,75.63,73,24.93,0,2.95,97,47.31
14.0,33.2,0.00,0.00,100,75.63,4,2.95,0,2.95,97,47.31
11.5,29.0,0.00,0.00,100,75.63,0,2.95,0,2.95,96,47.31
12.1,29.0,0.00,0.00,100,75.63,0,2.95,0,2.95,96,47.31
11.5,29.0,0.00,0.00,100,75.63,0,2.95,0,2.95,96,47.31
52.8,29.2,0.00,0.00,100,75.63,0,2.95,0,2.95,96,47.31
49.5,29.8,0.00,0.00,100,75.63,0,2.95,0,2.95,91,47.31
16.2,30.3,0.00,0.00,100,75.63,0,4.77,0,6.11,97,47.31
20.1,33.6,0.00,0.00,100,75.63,4,14.94,8,17.43,97,47.31
20.5,40.9,0.00,0.00,100,75.63,7,28.95,12,30.22,97,47.31
18.4,45.2,0.00,0.00,100,75.63,3,34.13,1,34.13,95,47.31
16.7,45.6,0.00,0.00,100,75.63,0,34.13,0,34.13,95,47.31
46.8,46.0,0.00,0.00,100,75.63,0,34.13,0,34.13,94,47.31
44.3,46.5,0.00,0.00,100,75.63,0,34.13,0,34.13,95,47.31
55.8,46.9,0.00,0.00,100,75.63,0,43.09,0,43.09,85,25.13
24.2,42.4,0.00,0.00,100,75.63,89,43.09,89,43.09,95,25.13
23.7,42.9,0.00,0.00,100,75.63,91,43.09,90,43.09,94,25.13
23.3,43.3,0.00,0.00,100,75.63,90,43.09,91,43.09,96,25.13
38.4,43.7,0.00,0.00,100,75.63,91,43.09,89,43.09,97,25.13
32.2,44.2,0.00,0.00,100,75.63,91,43.09,96,43.09,97,25.13
20.2,44.3,0.00,0.00,100,75.63,93,43.09,96,43.09,97,25.13
20.4,44.3,0.00,0.00,100,75.63,95,43.09,94,43.09,97,25.13
20.3,44.3,0.00,0.00,100,75.63,96,43.09,96,43.09,97,25.13
19.0,44.3,0.00,0.00,100,75.63,94,43.09,95,43.09,97,25.13
19.9,44.3,0.00,0.00,100,75.63,94,43.09,94,43.09,97,25.13
19.4,44.3,0.00,0.00,100,75.63,96,43.09,93,43.09,97,25.13
18.7,44.3,0.00,0.00,100,75.63,94,43.09,96,43.09,97,25.13
18.9,44.3,0.00,0.00,100,75.63,95,43.09,96,43.09,97,25.13
19.2,44.3,0.00,0.00,100,75.63,96,43.09,95,43.09,97,25.13
19.2,44.3,0.00,0.00,100,75.63,96,43.09,95,43.09,97,25.13
19.5,44.3,0.00,0.00,100,75.63,96,43.09,95,43.09,97,25.13
20.2,44.3,0.00,0.00,100,75.63,95,43.09,95,43.09,97,25.13
19.7,44.3,0.00,0.00,100,75.63,96,43.09,93,43.09,97,25.13
19.3,44.3,0.00,0.00,100,75.63,96,43.09,93,43.09,97,25.13
19.8,44.3,0.00,0.00,100,75.63,96,43.09,94,43.09,97,25.13
18.9,44.3,0.00,0.00,100,75.63,97,43.09,93,43.09,97,25.13
19.8,44.3,0.00,0.00,100,75.63,97,43.09,96,43.09,97,25.13
18.2,44.3,0.00,0.00,100,75.63,96,43.09,95,43.09,97,25.13
15.9,43.3,0.00,0.00,100,75.63,97,43.09,95,43.09,4,2.95
14.4,39.1,0.00,0.00,100,75.63,97,43.09,97,43.09,0,2.95
13.8,39.1,0.00,0.00,100,75.63,97,43.09,94,43.09,0,2.95
14.0,39.1,0.00,0.00,100,75.63,97,43.09,97,43.09,0,2.95
17.8,39.2,0.00,0.00,100,75.63,97,43.09,94,43.09,0,2.95
15.8,39.6,0.00,0.00,100,75.63,90,43.09,96,43.09,0,2.95
16.6,39.9,0.00,0.00,100,75.63,93,43.09,97,43.09,10,12.81
16.3,38.1,0.00,0.00,100,57.23,97,43.09,95,43.09,9,24.73
14.8,41.2,0.00,0.00,100,57.23,97,43.09,96,43.09,7,31.49
11.7,42.2,0.00,0.00,100,57.23,97,43.09,96,43.09,0,31.49
33.5,41.2,0.00,0.00,100,57.23,94,58.25,54,58.25,0,31.49
99.8,41.8,0.00,0.00,98,57.23,96,58.25,96,58.25,0,31.82
93.7,43.8,0.00,0.00,99,57.23,98,58.25,98,58.25,7,52.95
28.8,47.8,0.00,0.00,99,57.23,99,58.25,99,58.25,91,62.72
27.7,51.5,0.00,0.00,99,57.23,97,58.25,98,58.25,94,76.24
29.0,52.1,0.00,0.00,100,57.23,98,58.25,98,58.25,93,76.24
27.0,52.6,0.00,0.00,99,57.23,98,58.25,99,58.25,95,76.24
20.6,53.0,0.00,0.00,100,57.23,98,58.25,98,58.25,96,76.24
20.5,53.4,0.00,0.00,100,57.23,98,58.25,99,58.25,96,85.52
25.9,53.8,0.00,0.00,100,57.23,98,58.25,99,58.25,99,85.52
24.3,54.1,0.00,0.00,99,57.23,97,58.25,98,58.25,100,85.52
24.5,54.3,0.00,0.00,100,57.23,98,58.25,97,58.25,100,85.52
24.2,54.5,0.00,0.00,100,57.23,98,58.25,98,58.25,100,85.52
21.4,54.8,0.00,0.00,100,57.23,99,58.25,98,58.25,100,85.52
21.0,54.8,0.00,0.00,100,57.23,98,58.25,98,58.25,100,85.52
22.5,54.8,0.00,0.00,100,57.23,99,58.25,98,58.25,100,85.52
20.5,54.8,0.00,0.00,100,57.23,99,58.25,98,58.25,100,85.52
22.5,54.8,0.00,0.00,100,57.23,98,58.25,98,58.25,100,85.52
43.6,53.9,0.00,0.00,76,57.23,99,58.25,98,58.25,100,85.52
19.9,54.1,0.00,0.00,0,57.23,98,58.25,98,58.25,100,85.52
19.5,54.3,0.00,0.00,0,57.23,98,58.25,98,58.25,100,85.52
19.6,54.5,0.00,0.00,0,57.23,98,58.25,98,58.25,100,85.52
24.2,54.8,0.00,0.00,0,57.23,98,58.25,99,58.25,100,85.52
20.8,54.8,0.00,0.00,100,57.23,99,58.25,99,58.25,100,85.52
20.5,54.8,0.00,0.00,100,57.23,99,58.25,99,58.25,100,85.52
19.3,54.8,0.00,0.00,100,57.23,98,58.25,99,58.25,100,85.52
20.7,54.8,0.00,0.00,100,57.23,99,58.25,98,58.25,100,85.52
19.1,54.8,0.00,0.00,100,57.23,98,58.25,99,58.25,100,85.52
17.7,54.8,0.00,0.00,100,57.23,99,58.25,99,58.25,99,94.84
21.1,53.9,0.00,0.00,100,57.23,99,58.25,98,58.25,100,94.84
22.1,54.2,0.00,0.00,100,57.23,98,58.25,99,58.25,100,94.84
21.9,54.4,0.00,0.00,100,57.23,98,58.25,98,58.25,100,94.84
21.8,54.6,0.00,0.00,100,57.23,98,58.25,98,58.25,100,94.84
21.9,54.8,0.00,0.00,100,57.23,98,58.25,99,58.25,100,94.84
19.3,54.8,0.00,0.00,100,57.23,98,58.25,99,58.25,100,94.84
17.8,54.8,0.00,0.00,100,57.23,99,58.25,92,58.25,100,94.84
24.2,53.0,0.00,0.00,100,57.23,78,58.25,95,58.25,100,94.84
26.2,53.5,0.00,0.00,99,57.23,97,58.25,93,58.25,100,94.84
100.0,53.9,0.00,0.00,100,57.23,97,58.25,89,58.25,100,94.84
83.1,54.3,0.00,0.00,99,57.23,90,58.25,94,58.25,100,94.84
20.8,54.8,0.00,0.00,100,57.23,96,58.25,98,58.25,100,99.31
23.9,53.9,0.00,0.00,100,57.23,92,58.25,96,58.25,100,99.31
23.1,54.2,0.00,0.00,99,57.23,92,58.25,94,58.25,100,99.31
23.4,54.4,0.00,0.00,100,57.23,91,58.25,93,58.25,100,99.31
22.1,54.6,0.00,0.00,100,57.23,92,58.25,95,58.25,100,99.31
20.7,54.8,0.00,0.00,100,57.23,96,58.25,96,58.25,100,99.31
20.8,54.8,0.00,0.00,100,57.23,97,58.25,97,58.25,100,99.31
20.3,54.8,0.00,0.00,100,57.23,97,58.25,98,58.25,100,99.31
20.0,54.8,0.00,0.00,100,57.23,96,58.25,97,58.25,100,99.31
21.4,54.8,0.00,0.00,100,57.23,96,58.25,97,58.25,100,99.36
22.5,53.8,0.00,0.00,100,57.23,96,58.25,95,58.25,100,99.36
22.1,54.0,0.00,0.00,100,57.23,94,58.25,92,58.25,100,99.36
28.2,54.3,0.00,0.00,100,57.23,96,58.25,96,58.25,100,99.36
23.1,54.4,0.00,0.00,100,57.23,95,58.25,97,58.25,100,99.36
38.5,54.7,0.00,0.00,99,57.23,94,58.25,96,58.25,100,99.36
21.1,54.8,0.00,0.00,100,57.23,97,58.25,96,58.25,100,99.36
20.6,54.8,0.00,0.00,100,57.23,97,58.25,97,58.25,100,99.36
21.0,54.8,0.00,0.00,100,57.23,97,58.25,98,58.25,100,99.36
20.2,54.8,0.00,0.00,100,57.23,98,58.25,98,58.25,100,99.36
20.9,54.8,0.00,0.00,100,57.23,97,58.25,98,58.25,100,99.36
21.6,54.8,0.00,0.00,100,57.23,97,58.25,98,58.25,100,99.36
21.3,54.8,0.00,0.00,100,57.23,97,58.25,96,58.25,100,99.36
20.6,54.8,0.00,0.00,100,57.23,97,58.25,97,58.25,100,99.36
20.0,54.8,0.00,0.00,100,57.23,98,58.25,98,58.25,100,99.36
19.8,54.8,0.00,0.00,100,57.23,98,58.25,96,58.25,100,99.36
20.4,54.8,0.00,0.00,100,57.23,97,58.25,98,58.25,100,99.36
20.6,54.8,0.00,0.00,100,57.23,96,58.25,95,58.25,100,99.36
20.3,54.8,0.00,0.00,100,57.23,97,58.25,97,58.25,100,99.36
19.8,54.8,0.00,0.00,100,57.23,97,58.25,98,58.25,100,99.36
18.7,54.8,0.00,0.00,100,57.23,97,58.25,98,58.25,100,99.36
15.8,54.8,0.00,0.00,100,57.23,98,58.25,98,58.25,99,99.36
22.1,53.9,0.00,0.00,99,57.23,95,58.25,95,58.25,100,99.36
20.0,54.2,0.00,0.00,100,57.23,96,58.25,96,58.25,100,99.36
20.4,54.4,0.00,0.00,100,57.23,97,58.25,96,58.25,100,99.36
33.0,54.6,0.00,0.00,100,57.23,54,58.25,50,58.25,100,99.36
76.8,53.2,0.00,0.00,99,57.23,96,58.25,96,58.25,100,99.36
23.9,53.6,0.00,0.00,99,57.23,98,58.25,97,58.25,100,99.36
25.7,54.1,0.00,0.00,99,57.23,98,58.25,99,58.25,100,99.36
22.1,54.5,0.00,0.00,99,57.23,99,58.25,98,58.25,100,99.36
21.6,54.8,0.00,0.00,100,57.23,98,58.25,99,58.25,100,99.36
18.5,54.8,0.00,0.00,100,57.23,98,58.25,99,58.25,100,99.36
19.2,54.8,0.00,0.00,100,57.23,99,58.25,99,58.25,100,99.36
19.8,54.8,0.00,0.00,100,57.23,99,58.25,99,58.25,100,99.36
20.3,54.8,0.00,0.00,100,57.23,99,58.25,99,58.25,100,99.36
19.3,54.8,0.00,0.00,100,57.23,99,58.25,98,58.25,100,99.36
20.1,54.8,0.00,0.00,100,57.23,99,58.25,98,58.25,100,99.36
19.4,54.8,0.00,0.00,100,57.23,99,58.25,99,58.25,100,99.36
23.9,54.8,0.00,0.00,100,57.23,99,58.25,99,58.25,100,99.36
17.6,49.6,0.00,0.00,9,2.95,99,58.25,99,58.25,100,99.36
14.4,49.6,0.00,0.00,0,2.95,99,58.25,99,58.25,100,99.41
17.3,48.7,0.00,0.00,0,2.95,99,58.25,98,58.25,100,99.41
18.4,48.9,0.00,0.00,0,2.95,99,58.25,99,58.25,100,99.41
17.5,49.1,0.00,0.00,0,2.95,99,58.25,99,58.25,100,99.41
15.0,49.3,0.00,0.00,0,2.95,98,58.25,98,58.25,99,99.41
29.8,48.7,0.00,0.00,0,2.95,99,58.25,99,58.25,100,99.41
17.4,49.0,0.00,0.00,0,2.95,98,58.25,99,58.25,100,99.41
18.4,49.2,0.00,0.00,0,2.95,99,58.25,99,58.25,100,99.41
17.7,49.5,0.00,0.00,0,2.95,98,58.25,99,58.25,100,99.41
14.8,49.6,0.00,0.00,0,2.95,99,58.25,99,58.25,100,99.41
17.0,49.6,0.00,0.00,0,2.95,99,58.25,99,58.25,100,99.41
14.7,49.6,0.00,0.00,0,2.95,99,58.25,99,58.25,100,99.41
14.9,49.6,0.00,0.00,0,2.95,99,58.25,99,58.25,100,99.41
16.5,49.6,0.00,0.00,0,2.95,99,58.25,99,58.25,100,99.41
15.8,49.6,0.00,0.00,0,2.95,99,58.25,99,58.25,100,99.41
14.4,49.6,0.00,0.00,0,2.95,99,58.25,99,58.25,100,99.41
16.5,49.6,0.00,0.00,0,2.95,99,58.25,99,58.25,100,99.41
16.7,49.6,0.00,0.00,0,2.95,99,58.25,99,58.25,100,99.41
13.9,49.6,0.00,0.00,0,2.95,99,58.25,98,58.25,100,99.41
16.2,49.6,0.00,0.00,0,2.95,99,58.25,99,58.25,100,99.41
16.2,49.6,0.00,0.00,0,2.95,98,58.25,99,58.25,100,99.41
16.6,49.6,0.00,0.00,0,2.95,99,58.25,98,58.25,100,99.41
13.5,49.6,0.00,0.00,0,2.95,99,58.25,99,58.25,100,99.41
27.7,47.8,0.00,0.00,0,2.95,92,58.25,93,58.25,99,99.41
75.5,48.2,0.00,0.00,0,2.95,92,58.25,94,58.25,100,99.41
20.9,48.6,0.00,0.00,0,2.95,95,58.25,93,58.25,100,99.41
20.6,49.0,0.00,0.00,0,2.95,95,58.25,92,58.25,100,99.41
62.9,49.4,0.00,0.00,0,2.95,94,58.25,96,58.25,100,99.41
15.2,49.6,0.00,0.00,0,2.95,97,58.25,97,58.25,100,99.41
15.5,49.6,0.00,0.00,0,2.95,97,58.25,98,58.25,100,99.41
14.4,49.6,0.00,0.00,0,2.95,97,58.25,97,58.25,100,99.41
17.7,48.8,0.00,0.00,0,2.95,95,58.25,94,58.25,100,99.41
17.2,49.0,0.00,0.00,0,2.95,94,58.25,94,58.25,100,99.41
18.4,49.2,0.00,0.00,0,2.95,95,58.25,92,58.25,100,99.41
17.6,49.5,0.00,0.00,0,2.95,95,58.25,95,58.25,100,99.41
16.1,49.6,0.00,0.00,0,2.95,96,58.25,95,58.25,100,99.41
16.5,49.6,0.00,0.00,0,2.95,95,58.25,97,58.25,100,99.41
16.9,49.6,0.00,0.00,0,2.95,96,58.25,98,58.25,100,99.41
16.3,49.6,0.00,0.00,0,2.95,97,58.25,96,58.25,100,99.41
16.6,49.6,0.00,0.00,0,2.95,97,58.25,96,58.25,100,99.41
15.7,49.6,0.00,0.00,0,2.95,96,58.25,94,58.25,100,99.41
15.9,49.6,0.00,0.00,0,2.95,96,58.25,95,58.25,100,99.41
15.9,49.6,0.00,0.00,0,2.95,96,58.25,97,58.25,100,99.41
16.8,49.6,0.00,0.00,0,2.95,97,58.25,97,58.25,100,99.41
16.3,49.6,0.00,0.00,0,2.95,96,58.25,96,58.25,100,99.41
16.1,49.6,0.00,0.00,0,2.95,94,58.25,97,58.25,100,99.41
16.4,49.6,0.00,0.00,0,2.95,97,58.25,96,58.25,100,99.41
16.7,49.6,0.00,0.00,0,2.95,97,58.25,97,58.25,100,99.41
16.7,49.6,0.00,0.00,0,2.95,97,58.25,95,58.25,100,99.41
16.0,49.6,0.00,0.00,0,2.95,97,58.25,97,58.25,100,99.41
16.1,49.6,0.00,0.00,0,2.95,97,58.25,97,58.25,100,99.41
16.4,49.5,0.00,0.00,0,2.95,97,58.25,98,58.25,100,99.41
15.9,49.5,0.00,0.00,0,2.95,97,58.25,97,58.25,100,99.41
16.5,49.6,0.00,0.00,0,2.95,97,58.25,97,58.25,100,99.41
15.8,49.6,0.00,0.00,0,2.95,97,58.25,96,58.25,100,99.41
17.0,49.6,0.00,0.00,0,2.95,96,58.25,97,58.25,100,99.41
18.1,48.6,0.00,0.00,0,2.95,97,58.05,45,33.45,100,99.41
28.2,37.7,0.00,0.00,0,2.95,96,33.45,98,33.45,100,99.41
28.4,38.1,0.00,0.00,0,2.95,96,33.45,98,33.45,100,99.41
62.8,38.5,0.00,0.00,0,2.95,97,33.45,98,33.45,100,99.41
44.8,38.9,0.00,0.00,0,2.95,95,33.45,94,33.45,100,99.41
19.2,39.3,0.00,0.00,0,2.95,97,33.45,97,33.45,100,99.41
17.2,39.4,0.00,0.00,0,2.95,98,33.45,98,33.45,100,99.41
16.6,39.4,0.00,0.00,0,2.95,98,33.45,98,33.45,100,99.41
16.9,39.4,0.00,0.00,0,2.95,98,33.45,98,33.45,100,99.41
16.9,39.4,0.00,0.00,0,2.95,98,33.45,99,33.45,100,99.41
17.3,39.4,0.00,0.00,0,2.95,98,33.45,99,33.45,100,99.41
16.3,39.4,0.00,0.00,0,2.95,98,33.45,99,33.45,100,99.41
17.1,39.4,0.00,0.00,0,2.95,98,33.45,98,33.45,100,99.41
17.5,39.4,0.00,0.00,0,2.95,98,33.45,98,33.45,100,99.41
16.5,39.4,0.00,0.00,0,2.95,98,33.45,99,33.45,100,99.41
16.1,39.4,0.00,0.00,0,2.95,99,33.45,99,33.45,100,99.41
17.3,39.4,0.00,0.00,0,2.95,98,33.45,98,33.45,100,99.41
15.7,39.4,0.00,0.00,0,2.95,98,33.45,98,33.45,100,99.41
17.1,39.4,0.00,0.00,0,2.95,98,33.45,97,33.45,100,99.41
16.7,39.4,0.00,0.00,0,2.95,98,33.45,98,33.45,100,99.41
16.9,39.4,0.00,0.00,0,2.95,98,33.45,98,33.45,100,99.41
17.6,39.4,0.00,0.00,0,2.95,98,33.45,98,33.45,100,99.41
17.2,39.4,0.00,0.00,0,2.95,98,33.45,98,33.45,100,99.41
17.1,39.4,0.00,0.00,0,2.95,98,33.45,98,33.45,99,99.41
20.0,38.5,0.00,0.00,0,2.95,98,33.45,98,33.45,100,99.41
17.6,38.8,0.00,0.00,0,2.95,98,33.45,98,33.45,100,99.41
18.8,39.0,0.00,0.00,0,2.95,98,33.45,99,33.45,100,99.41
20.5,39.2,0.00,0.00,0,2.95,98,33.45,98,33.45,100,99.41
18.6,39.4,0.00,0.00,0,2.95,98,33.45,98,33.45,100,99.41
27.9,39.4,0.00,0.00,0,2.95,65,33.45,50,33.45,100,99.41
13.7,37.7,0.00,0.00,0,2.95,0,33.45,0,33.45,100,99.41
14.6,38.1,0.00,0.00,0,2.95,0,33.45,0,33.45,100,99.41
14.0,38.6,0.00,0.00,0,2.95,0,33.45,0,33.45,100,99.41
13.6,39.0,0.00,0.00,0,2.95,0,33.45,0,33.45,100,99.41
17.6,39.4,0.00,0.00,0,2.95,48,33.45,79,33.45,100,99.41
17.7,39.4,0.00,0.00,0,2.95,98,33.45,98,33.45,100,99.41
17.3,39.4,0.00,0.00,0,2.95,98,33.45,97,33.45,100,99.41
18.2,39.4,0.00,0.00,0,2.95,97,33.45,98,33.45,100,99.41
18.0,39.4,0.00,0.00,0,2.95,97,33.45,98,33.45,100,99.41
17.4,39.4,0.00,0.00,0,2.95,98,33.45,97,33.45,100,99.41
18.3,39.4,0.00,0.00,0,2.95,97,33.45,98,33.45,100,99.41
17.3,39.4,0.00,0.00,0,2.95,98,33.45,98,33.45,100,99.41
17.4,39.4,0.00,0.00,0,2.95,98,33.45,97,33.45,100,99.41
16.8,39.4,0.00,0.00,0,2.95,98,33.45,98,33.45,100,99.41
17.1,39.4,0.00,0.00,0,2.95,98,33.45,98,33.45,100,99.41
17.0,39.4,0.00,0.00,0,2.95,98,33.45,98,33.45,100,99.41
19.9,38.4,0.00,0.00,0,2.95,98,33.45,97,33.45,100,99.41
29.2,38.7,0.00,0.00,0,2.95,97,33.45,97,33.45,100,99.41
20.3,38.9,0.00,0.00,0,2.95,97,33.45,96,33.45,100,99.41
20.9,39.1,0.00,0.00,0,2.95,97,33.45,97,33.45,100,99.41
20.2,39.3,0.00,0.00,0,2.95,97,33.45,97,33.45,100,99.41
18.1,39.4,0.00,0.00,0,2.95,98,33.45,97,33.45,100,99.41
19.6,38.6,0.00,0.00,0,2.95,97,33.45,97,33.45,100,99.41
19.5,38.8,0.00,0.00,0,2.95,95,33.45,98,33.45,100,99.41
18.6,39.0,0.00,0.00,0,2.95,98,33.45,96,33.45,100,99.41
19.1,39.3,0.00,0.00,0,2.95,97,33.45,98,33.45,100,99.41
18.0,39.4,0.00,0.00,0,2.95,98,33.45,98,33.45,100,99.41
17.8,39.5,0.00,0.00,0,2.95,98,33.45,97,33.45,100,99.41
16.9,39.4,0.00,0.00,0,2.95,98,33.45,98,33.45,100,99.41
18.1,39.4,0.00,0.00,0,2.95,98,33.45,98,33.45,100,99.41
28.2,37.6,0.00,0.00,0,2.95,54,2.95,40,2.95,100,99.41
10.2,29.1,0.00,0.00,0,2.95,0,2.95,0,2.95,100,99.41
10.0,29.1,0.00,0.00,0,2.95,0,2.95,0,2.95,100,99.41
9.8,29.1,0.00,0.00,0,2.95,0,2.95,0,2.95,100,99.41
10.4,29.1,0.00,0.00,0,2.95,0,2.95,0,2.95,100,99.41
10.4,29.1,0.00,0.00,0,2.95,0,2.95,0,2.95,100,99.41
48.4,29.4,0.00,0.00,0,2.95,0,2.95,0,2.95,99,99.41
15.6,30.2,0.00,0.00,0,2.95,0,2.95,0,2.95,99,99.41
19.2,29.8,0.00,0.00,0,2.95,0,5.56,0,2.95,100,99.41
21.8,34.9,0.00,0.00,6,13.11,6,16.67,0,2.95,100,99.41
20.8,42.0,0.00,0.00,8,24.58,6,27.85,0,2.95,100,99.41
94.4,45.3,0.00,0.00,10,39.84,0,31.49,0,2.95,100,99.41
16.1,45.9,0.00,0.00,0,39.84,0,31.49,0,2.95,100,99.41
21.0,46.4,0.00,0.00,0,39.84,0,31.49,0,2.95,100,99.41
13.4,46.9,0.00,0.00,0,39.84,0,31.49,0,2.95,100,99.41
14.6,47.3,0.00,0.00,0,49.12,0,39.35,0,2.95,100,99.41
27.4,48.0,0.00,0.00,72,49.12,94,39.35,0,2.95,100,99.41
29.0,48.4,0.00,0.00,67,49.12,93,39.35,0,2.95,100,99.41
31.7,48.9,0.00,0.00,67,49.12,94,39.35,0,2.95,100,99.41
39.0,49.3,0.00,0.00,67,49.12,92,39.35,0,2.95,100,99.41
32.2,49.8,0.00,0.00,61,49.12,93,39.35,0,2.95,100,99.41
25.7,49.9,0.00,0.00,77,49.12,96,39.35,0,2.95,100,99.41
24.3,49.9,0.00,0.00,72,49.12,95,39.35,0,2.95,100,99.41
24.5,49.9,0.00,0.00,77,49.12,96,39.35,0,2.95,100,99.41
24.6,49.9,0.00,0.00,79,49.12,94,39.35,0,2.95,100,99.41
25.3,49.9,0.00,0.00,79,49.12,96,39.35,0,2.95,100,99.41
25.2,49.9,0.00,0.00,79,49.12,95,39.35,0,2.95,100,99.41
26.3,49.9,0.00,0.00,80,49.12,94,39.35,0,2.95,100,99.41
27.9,49.0,0.00,0.00,57,58.44,95,39.35,0,2.95,100,99.41
25.4,49.2,0.00,0.00,65,58.44,95,39.35,0,2.95,100,99.41
26.2,49.4,0.00,0.00,75,58.44,95,39.35,0,2.95,100,99.41
23.9,49.6,0.00,0.00,72,58.44,95,39.35,0,2.95,100,99.41
90.1,48.9,0.00,0.00,68,58.44,94,39.35,0,2.95,100,99.41
25.9,49.3,0.00,0.00,66,58.44,95,39.35,0,2.95,100,99.41
28.6,49.5,0.00,0.00,77,58.44,45,47.26,0,2.95,100,99.41
92.7,48.9,0.00,0.00,75,58.44,91,47.26,0,2.95,100,99.41
26.8,49.3,0.00,0.00,67,58.44,93,47.26,0,2.95,100,99.41
26.2,49.6,0.00,0.00,76,58.44,94,47.26,0,2.95,100,99.41
26.2,49.8,0.00,0.00,72,58.44,95,47.26,0,2.95,100,99.41
24.0,50.0,0.00,0.00,71,58.44,96,47.26,0,2.95,100,99.41
23.1,50.0,0.00,0.00,79,58.49,96,47.26,0,2.95,100,99.41
71.3,48.2,0.00,0.00,55,58.49,95,47.26,0,2.95,100,99.41
29.6,48.6,0.00,0.00,65,58.49,94,47.26,0,2.95,100,99.41
53.6,49.0,0.00,0.00,63,58.49,94,47.26,0,2.95,100,99.41
29.4,49.3,0.00,0.00,70,58.49,94,47.26,0,2.95,100,99.41
65.0,49.7,0.00,0.00,63,58.49,96,47.26,0,2.95,100,99.41
24.6,50.0,0.00,0.00,67,58.49,97,47.26,0,2.95,100,99.41
24.3,50.0,0.00,0.00,79,58.49,97,47.26,0,2.95,100,99.41
24.5,50.0,0.00,0.00,77,58.49,97,47.26,0,2.95,100,99.41
23.5,50.0,0.00,0.00,74,58.49,96,47.26,0,2.95,100,99.41
26.3,50.0,0.00,0.00,80,58.49,97,47.26,0,2.95,100,99.41
25.5,50.0,0.00,0.00,85,58.49,97,47.26,0,2.95,100,99.41
24.4,50.0,0.00,0.00,78,58.49,97,47.26,0,2.95,100,99.41
25.1,49.7,0.00,0.00,56,58.49,97,47.26,0,2.95,100,99.41
99.4,49.1,0.00,0.00,65,58.49,96,47.26,0,2.95,100,99.21
28.2,44.4,0.00,0.00,78,58.49,87,47.31,0,2.95,100,71.64
30.3,43.5,0.00,0.00,79,58.49,50,47.31,0,2.95,100,71.64
66.2,43.9,0.00,0.00,73,58.49,95,47.31,0,2.95,100,71.64
71.8,44.3,0.00,0.00,68,58.49,95,47.31,0,2.95,100,71.64
27.2,44.5,0.00,0.00,74,58.49,94,47.31,0,2.95,100,71.64
29.4,44.8,0.00,0.00,73,58.49,93,47.31,0,2.95,100,71.64
24.9,44.7,0.00,0.00,77,58.49,97,47.31,0,2.95,100,71.64
23.7,44.8,0.00,0.00,79,58.49,96,47.31,0,2.95,100,71.64
23.4,44.8,0.00,0.00,71,58.49,95,47.31,0,2.95,100,71.64
26.1,44.8,0.00,0.00,76,58.49,97,47.31,0,2.95,100,71.64
25.6,44.8,0.00,0.00,78,58.49,96,47.31,0,2.95,100,71.64
74.6,43.8,0.00,0.00,42,58.49,96,47.31,0,2.95,100,71.64
26.7,44.0,0.00,0.00,73,58.49,96,47.31,0,2.95,100,71.64
27.8,44.2,0.00,0.00,71,58.49,96,47.31,0,2.95,100,71.64
28.6,44.4,0.00,0.00,71,58.49,95,47.31,0,2.95,100,71.64
66.3,44.6,0.00,0.00,72,58.49,94,47.31,0,2.95,100,71.64
26.6,44.8,0.00,0.00,67,58.49,95,47.31,0,2.95,100,71.64
26.3,44.8,0.00,0.00,72,58.49,95,47.31,0,2.95,100,71.64
24.9,44.8,0.00,0.00,72,58.49,95,47.31,0,2.95,100,71.64
24.2,44.8,0.00,0.00,79,58.49,96,47.31,0,2.95,97,71.64
89.0,43.8,0.00,0.00,78,58.49,96,47.31,0,2.95,97,71.64
21.0,44.1,0.00,0.00,76,58.49,96,47.31,0,2.95,96,71.64
20.9,44.3,0.00,0.00,71,58.49,97,47.31,0,2.95,95,71.64
26.6,39.3,0.00,0.00,77,58.49,74,25.13,0,2.95,94,71.64
31.8,38.7,0.00,0.00,45,58.49,94,25.13,0,2.95,100,71.64
31.9,38.9,0.00,0.00,71,58.49,96,25.13,0,2.95,100,71.64
65.0,39.1,0.00,0.00,68,58.49,96,25.13,0,2.95,100,71.64
27.0,39.3,0.00,0.00,67,58.49,96,25.13,0,2.95,100,71.64
32.1,39.6,0.00,0.00,67,58.49,95,25.13,0,2.95,99,71.64
25.5,38.7,0.00,0.00,71,58.49,96,25.13,0,2.95,100,71.64
27.0,38.9,0.00,0.00,71,58.49,95,25.13,0,2.95,100,71.64
27.9,39.2,0.00,0.00,73,58.49,96,25.13,0,2.95,100,71.64
28.2,39.4,0.00,0.00,77,58.49,96,25.13,0,2.95,100,71.64
23.3,39.6,0.00,0.00,73,58.49,96,25.13,0,2.95,100,71.64
24.5,39.6,0.00,0.00,75,58.49,97,25.13,0,2.95,100,71.64
25.6,39.6,0.00,0.00,75,58.49,97,25.13,0,2.95,100,71.64
23.5,39.6,0.00,0.00,81,58.49,97,25.13,0,2.95,100,71.64
27.2,38.7,0.00,0.00,46,58.49,97,25.13,0,2.95,100,71.64
24.6,38.9,0.00,0.00,81,58.49,97,25.13,0,2.95,100,71.64
24.2,39.1,0.00,0.00,78,58.49,97,25.13,0,2.95,100,71.64
25.5,39.3,0.00,0.00,77,58.49,98,25.13,0,2.95,100,71.64
27.5,39.5,0.00,0.00,76,58.49,97,25.13,0,2.95,100,71.64
22.9,39.6,0.00,0.00,81,58.49,98,25.13,0,2.95,100,71.64
22.6,39.6,0.00,0.00,80,58.49,97,25.13,0,2.95,100,71.64
22.5,39.6,0.00,0.00,83,58.49,97,25.13,0,2.95,100,71.64
22.1,39.6,0.00,0.00,79,58.49,97,25.13,0,2.95,100,71.64
20.3,39.6,0.00,0.00,84,58.49,97,25.13,0,2.95,99,71.64
19.2,34.3,0.00,0.00,84,58.49,40,2.95,0,2.95,97,71.64
17.0,33.7,0.00,0.00,89,58.49,0,2.95,0,2.95,97,71.64
17.2,28.7,0.00,0.00,50,30.72,0,2.95,0,2.95,96,71.64
16.6,29.0,0.00,0.00,88,30.72,0,2.95,0,2.95,98,71.64
20.1,29.1,0.00,0.00,79,30.72,0,2.95,0,2.95,100,71.64
23.4,29.1,0.00,0.00,88,30.72,0,2.95,0,2.95,100,71.64
25.6,29.5,0.00,0.00,73,30.72,0,2.95,0,2.95,100,71.64
21.7,29.9,0.00,0.00,83,30.72,0,2.95,0,2.95,100,71.64
23.7,31.7,0.00,0.00,86,30.72,3,14.79,0,2.95,100,71.64
22.4,35.4,0.00,0.00,92,30.72,6,27.19,0,2.95,100,71.64
19.9,37.4,0.00,0.00,91,30.72,2,33.93,0,2.95,100,71.64
20.7,37.6,0.00,0.00,86,30.72,0,33.93,0,2.95,100,71.64
20.8,37.8,0.00,0.00,82,30.72,0,33.93,0,2.95,100,71.64
21.1,38.0,0.00,0.00,63,30.53,0,33.93,0,2.95,100,71.64
12.5,33.1,0.00,0.00,5,2.95,0,42.89,0,2.95,100,71.64
47.6,33.4,0.00,0.00,0,2.95,93,42.89,0,2.95,100,71.64
45.5,33.9,0.00,0.00,0,2.95,83,42.89,0,2.95,100,71.64
96.0,34.6,0.00,0.00,0,2.95,83,42.89,0,2.95,100,71.64
20.6,35.3,0.00,0.00,0,2.95,90,42.89,0,2.95,100,71.64
20.2,38.9,0.00,0.00,4,14.74,90,42.89,0,3.35,100,71.64
20.6,43.0,0.00,0.00,6,26.05,93,42.89,5,10.48,100,71.64
20.8,46.3,0.00,0.00,3,35.66,91,42.89,4,27.91,100,71.64
65.4,46.9,0.00,0.00,0,35.66,93,42.89,0,28.77,100,71.64
30.3,47.3,0.00,0.00,0,35.66,91,42.89,0,28.77,100,71.64
18.3,47.7,0.00,0.00,0,35.66,88,42.89,0,28.77,100,71.64
38.2,48.2,0.00,0.00,0,44.58,88,42.89,0,28.77,98,71.44
26.4,43.1,0.00,0.00,93,44.58,81,42.89,74,58.48,93,43.87
27.8,43.4,0.00,0.00,89,44.58,85,42.89,99,58.48,89,43.87
32.8,44.1,0.00,0.00,92,44.58,89,42.89,99,58.48,90,43.87
89.9,44.9,0.00,0.00,92,44.58,91,46.54,99,58.48,89,50.01
33.6,48.8,0.00,0.00,93,44.58,89,52.72,100,58.48,96,55.94
27.4,52.4,0.00,0.00,98,44.58,94,57.26,100,58.48,96,58.24
100.0,53.0,0.00,0.00,96,44.58,86,57.26,100,58.48,93,58.24
26.8,53.4,0.00,0.00,95,44.58,90,57.26,99,58.48,94,58.24
26.1,53.9,0.00,0.00,96,44.58,88,57.26,100,58.48,94,58.24
25.9,54.3,0.00,0.00,95,44.58,91,57.26,100,58.48,93,66.1
29.1,54.9,0.00,0.00,95,44.58,91,65.12,100,58.48,100,66.1
28.1,54.9,0.00,0.00,98,44.58,99,65.12,99,58.48,100,66.1
28.2,54.9,0.00,0.00,98,44.58,100,65.12,100,58.48,100,66.1
28.0,54.9,0.00,0.00,98,44.58,100,65.12,99,58.48,100,66.1
27.1,54.9,0.00,0.00,98,52.44,100,65.12,99,58.48,100,66.1
31.9,54.1,0.00,0.00,93,52.44,100,65.12,100,58.48,100,66.1
89.9,54.3,0.00,0.00,93,52.44,100,65.12,100,58.48,100,66.1
27.8,54.5,0.00,0.00,93,52.44,100,65.12,99,58.48,100,66.1
28.1,54.7,0.00,0.00,94,52.44,99,65.12,99,58.48,100,66.1
26.0,54.9,0.00,0.00,94,52.44,100,65.12,99,58.48,100,66.1
26.0,54.9,0.00,0.00,95,52.44,100,65.12,100,58.48,100,66.1
25.5,54.9,0.00,0.00,96,52.44,100,65.12,100,58.48,100,66.1
26.5,54.9,0.00,0.00,95,52.44,100,65.12,100,58.48,100,66.1
26.7,54.9,0.00,0.00,95,52.44,100,65.12,100,58.48,100,66.1
27.4,54.9,0.00,0.00,96,52.44,100,65.12,100,58.48,100,66.1
26.4,54.9,0.00,0.00,96,52.44,100,65.12,100,58.48,100,66.1
25.4,54.9,0.00,0.00,95,52.44,100,65.12,100,58.48,100,66.1
26.6,54.9,0.00,0.00,95,52.44,100,65.12,100,58.48,100,66.1
24.4,54.9,0.00,0.00,96,52.44,100,65.12,100,58.48,100,66.1
38.1,54.9,0.00,0.00,96,52.44,98,65.12,100,58.48,96,66.1
70.9,52.3,0.00,0.00,93,52.44,88,65.12,100,58.48,93,66.1
25.1,52.9,0.00,0.00,92,52.44,94,65.12,100,58.48,91,66.1
25.6,53.6,0.00,0.00,94,52.44,92,65.12,100,58.48,93,66.1
31.4,53.3,0.00,0.00,49,52.49,88,65.12,99,58.48,93,66.1
71.4,54.0,0.00,0.00,85,52.49,90,65.12,100,58.48,99,66.1
32.4,54.3,0.00,0.00,43,52.49,98,65.12,100,58.48,50,66.1
15.9,54.5,0.00,0.00,14,52.49,96,65.12,52,58.48,46,66.1
17.1,54.7,0.00,0.00,16,52.49,95,65.12,49,58.48,52,66.1
16.5,54.8,0.00,0.00,17,52.49,98,65.12,65,58.48,60,66.1
14.9,55.0,0.00,0.00,16,52.49,99,65.12,58,58.48,56,66.1
14.4,55.0,0.00,0.00,18,52.49,100,65.12,80,58.48,82,66.1
22.3,55.0,0.00,0.00,40,52.49,100,65.12,100,58.48,75,66.1
19.9,55.0,0.00,0.00,21,52.49,99,65.12,77,58.48,100,66.1
15.8,55.0,0.00,0.00,21,52.49,100,65.12,60,58.48,69,66.1
16.0,55.0,0.00,0.00,21,52.49,99,65.12,58,58.48,77,66.1
14.7,55.0,0.00,0.00,21,52.49,99,65.12,60,58.48,64,66.1
27.9,54.9,0.00,0.00,50,52.49,100,65.12,100,58.48,99,66.1
27.4,54.9,0.00,0.00,99,52.49,100,65.12,100,58.48,100,66.1
27.2,54.9,0.00,0.00,98,52.49,100,65.12,100,58.48,100,66.1
27.5,54.9,0.00,0.00,98,52.49,100,65.12,100,58.48,99,66.1
26.9,54.9,0.00,0.00,99,52.49,100,65.12,100,58.48,100,66.1
26.3,54.9,0.00,0.00,99,52.49,100,65.12,100,58.48,99,66.1
27.7,54.9,0.00,0.00,99,52.49,100,65.12,100,58.48,99,66.1
26.6,54.9,0.00,0.00,98,52.49,100,65.12,100,58.48,99,66.1
26.9,54.9,0.00,0.00,98,52.49,100,65.12,100,58.48,99,66.1
25.9,54.9,0.00,0.00,98,52.49,100,65.12,100,58.55,100,66.1
79.5,54.0,0.00,0.00,98,52.49,100,65.12,0,58.55,100,66.1
63.8,53.3,0.00,0.00,52,52.49,100,65.12,0,58.55,99,66.1
24.0,53.7,0.00,0.00,92,52.49,100,65.12,0,58.55,98,66.1
31.4,54.1,0.00,0.00,91,52.49,100,65.12,0,58.55,100,66.1
39.6,54.5,0.00,0.00,92,52.49,100,65.12,0,58.55,99,66.1
99.0,54.8,0.00,0.00,93,52.49,100,65.12,100,58.55,99,66.1
21.3,54.9,0.00,0.00,96,52.49,100,65.12,100,58.55,99,66.1
23.8,53.2,0.00,0.00,94,52.49,86,65.12,100,58.55,97,66.1
24.5,53.6,0.00,0.00,92,52.49,92,65.12,100,58.55,97,66.1
23.4,54.1,0.00,0.00,92,52.49,94,65.12,100,58.55,95,66.1
26.5,54.5,0.00,0.00,93,52.49,93,65.12,99,58.55,96,66.1
25.4,54.9,0.00,0.00,94,52.49,98,65.12,100,58.55,100,66.1
26.2,54.9,0.00,0.00,95,52.49,100,65.12,100,58.55,100,66.1
25.4,54.9,0.00,0.00,95,52.49,100,65.12,100,58.55,100,66.1
24.2,54.9,0.00,0.00,96,52.49,100,65.12,100,58.55,100,66.1
25.4,54.9,0.00,0.00,96,52.49,100,65.12,100,58.55,100,66.1
24.7,54.9,0.00,0.00,96,52.49,100,65.12,100,58.55,99,43.92
25.3,49.7,0.00,0.00,96,52.49,100,65.12,100,58.55,100,43.92
26.6,49.7,0.00,0.00,96,52.49,100,65.12,100,58.55,100,43.92
20.1,49.7,0.00,0.00,96,52.49,100,65.12,100,58.55,100,43.92
30.0,48.9,0.00,0.00,52,52.49,100,65.12,100,58.55,100,43.92
28.4,49.1,0.00,0.00,98,52.49,100,65.12,100,58.55,100,43.92
28.4,49.3,0.00,0.00,96,52.49,100,65.12,100,58.55,100,43.92
60.8,49.5,0.00,0.00,96,52.49,100,65.12,100,58.55,100,43.92
30.1,49.7,0.00,0.00,97,52.49,100,65.12,100,58.55,100,43.92
26.9,49.7,0.00,0.00,98,52.49,100,65.12,100,58.55,100,43.92
27.1,49.7,0.00,0.00,98,52.49,100,65.12,100,58.55,100,43.92
26.7,49.7,0.00,0.00,98,52.49,100,65.24,100,58.55,100,43.92
32.1,48.8,0.00,0.00,98,52.49,100,74.2,100,58.55,100,43.92
83.4,49.0,0.00,0.00,97,52.49,99,74.2,100,58.55,100,43.92
29.7,49.2,0.00,0.00,96,52.49,100,74.2,100,58.55,100,43.92
28.3,49.4,0.00,0.00,97,52.49,100,74.2,100,58.55,100,43.92
27.7,49.6,0.00,0.00,96,52.49,100,74.2,100,58.55,100,43.92
25.6,47.7,0.00,0.00,98,52.49,96,51.97,100,58.55,97,21.69
25.3,39.5,0.00,0.00,99,52.49,95,51.97,100,58.55,92,21.69
26.1,35.0,0.00,0.00,68,25.13,83,51.97,100,58.55,90,21.69
23.3,35.1,0.00,0.00,92,25.13,96,51.97,100,58.55,97,31.11
24.8,37.8,0.00,0.00,96,25.13,95,51.97,100,58.55,96,42.95
23.5,41.4,0.00,0.00,96,25.13,96,51.97,100,58.55,97,50.23
23.1,42.6,0.00,0.00,96,25.13,92,51.97,100,58.55,96,50.23
26.4,42.8,0.00,0.00,95,25.13,92,51.97,100,58.55,96,50.23
38.4,43.0,0.00,0.00,96,25.13,96,51.97,100,58.55,96,50.23
22.9,43.2,0.00,0.00,95,25.13,95,51.97,100,58.55,96,50.74
27.9,43.5,0.00,0.00,95,25.13,93,51.97,100,58.55,100,54.35
25.2,43.7,0.00,0.00,96,25.13,87,51.97,100,58.55,100,54.35
23.7,43.9,0.00,0.00,94,25.13,91,51.97,100,58.55,100,54.35
36.0,44.2,0.00,0.00,95,25.13,97,51.97,100,58.55,100,54.35
73.8,44.4,0.00,0.00,93,25.13,97,51.97,100,58.55,97,54.35
54.2,43.7,0.00,0.00,95,25.13,97,51.97,99,58.55,88,54.35
88.5,43.9,0.00,0.00,93,25.13,97,51.97,100,58.55,89,54.35
20.3,44.1,0.00,0.00,96,25.13,95,51.97,100,58.55,92,54.35
20.1,44.3,0.00,0.00,94,25.13,96,51.97,100,58.55,88,54.35
22.8,44.6,0.00,0.00,95,25.13,97,51.97,100,58.55,100,54.35
19.7,44.5,0.00,0.00,96,25.13,97,51.97,100,58.55,100,54.35
15.3,39.3,0.00,0.00,12,2.95,97,51.97,100,58.55,100,54.35
15.3,39.3,0.00,0.00,0,2.95,96,51.97,100,58.55,100,54.35
20.8,39.7,0.00,0.00,0,2.95,92,51.97,100,58.55,100,54.35
19.5,40.2,0.00,0.00,0,2.95,90,51.97,99,58.55,100,54.35
20.2,42.4,0.00,0.00,2,12.47,96,51.97,100,58.55,100,54.35
20.2,46.1,0.00,0.00,6,24.82,96,51.97,100,58.55,100,54.35
43.6,47.6,0.00,0.00,6,39.84,96,51.97,100,58.55,100,54.35
82.8,47.4,0.00,0.00,0,39.84,96,51.97,7,2.95,100,54.35
13.2,42.8,0.00,0.00,0,39.84,94,51.97,0,2.95,100,54.35
12.4,43.1,0.00,0.00,0,39.84,91,51.97,0,2.95,100,54.35
22.8,43.4,0.00,0.00,0,49.12,95,51.97,0,2.95,100,54.35
29.6,43.6,0.00,0.00,80,49.12,93,51.97,0,2.95,100,54.35
22.7,43.8,0.00,0.00,80,49.12,95,51.97,0,2.95,100,54.35
83.4,44.0,0.00,0.00,79,49.12,90,51.97,0,2.95,100,54.35
58.8,44.3,0.00,0.00,77,49.12,97,51.97,0,2.95,100,54.35
20.8,44.5,0.00,0.00,78,49.12,96,51.97,0,2.95,100,54.35
19.7,44.5,0.00,0.00,89,49.12,96,51.97,0,2.95,100,54.35
20.7,44.5,0.00,0.00,85,49.12,97,51.97,0,2.95,100,54.35
20.0,44.5,0.00,0.00,82,49.12,97,51.97,0,2.95,100,54.35
20.4,44.5,0.00,0.00,85,49.12,96,51.97,0,2.95,100,54.35
21.3,44.5,0.00,0.00,83,49.12,97,51.97,0,2.95,100,54.35
21.3,44.5,0.00,0.00,89,49.17,97,51.97,0,2.95,100,54.35
22.2,43.6,0.00,0.00,53,58.44,95,51.97,0,2.95,100,54.35
21.1,43.9,0.00,0.00,78,58.44,95,51.97,0,2.95,100,54.35
21.6,44.1,0.00,0.00,78,58.44,96,51.97,0,2.95,100,54.35
24.2,44.3,0.00,0.00,77,58.44,95,51.97,0,2.95,100,54.35
20.5,44.5,0.00,0.00,83,58.44,94,51.97,0,2.95,100,54.35
21.0,44.5,0.00,0.00,86,58.44,96,51.97,0,2.95,100,54.35
21.3,44.5,0.00,0.00,91,58.44,96,51.97,0,2.95,100,54.35
20.4,44.6,0.00,0.00,88,58.44,97,51.97,0,2.95,100,54.35
20.7,44.6,0.00,0.00,83,58.44,96,51.97,0,2.95,100,54.35
20.8,44.6,0.00,0.00,89,58.44,97,51.97,0,2.95,100,54.35
19.4,44.5,0.00,0.00,91,58.44,97,51.97,0,2.95,100,54.35
84.0,43.6,0.00,0.00,44,58.49,97,51.97,0,2.95,100,54.35
22.1,43.8,0.00,0.00,84,58.49,95,51.97,0,2.95,100,54.35
22.6,44.0,0.00,0.00,86,58.49,93,51.97,0,2.95,100,54.35
23.5,44.3,0.00,0.00,80,58.49,92,51.97,0,2.95,100,54.35
22.5,44.4,0.00,0.00,85,58.49,95,51.97,0,2.95,100,54.35
21.0,43.6,0.00,0.00,89,58.49,94,51.97,0,2.95,52,58.48
23.1,42.8,0.00,0.00,84,58.49,90,51.97,0,2.95,88,58.48
30.4,43.2,0.00,0.00,78,58.49,89,51.97,0,2.95,87,58.48
96.7,43.6,0.00,0.00,76,58.49,93,51.97,0,2.95,86,58.48
26.5,44.1,0.00,0.00,75,58.49,94,51.97,0,2.95,95,58.48
28.7,43.5,0.00,0.00,81,58.49,56,52.1,0,2.95,99,58.48
24.5,43.8,0.00,0.00,72,58.49,91,52.1,0,2.95,100,58.48
24.8,39.0,0.00,0.00,56,30.72,94,52.1,0,2.95,100,58.48
22.1,39.0,0.00,0.00,82,30.72,94,52.1,0,2.95,99,58.48
24.4,39.2,0.00,0.00,82,30.72,93,52.1,0,2.95,100,58.48
20.1,39.4,0.00,0.00,90,30.72,95,52.1,0,2.95,100,58.48
20.5,39.3,0.00,0.00,84,30.72,96,52.1,0,2.95,100,58.48
21.0,39.4,0.00,0.00,83,30.72,95,52.1,0,2.95,100,58.48
21.7,39.4,0.00,0.00,86,30.72,95,52.1,0,2.95,100,58.48
21.5,39.3,0.00,0.00,88,30.72,95,52.1,0,2.95,100,58.48
21.2,39.4,0.00,0.00,82,30.72,95,52.1,0,2.95,100,58.48
21.1,39.4,0.00,0.00,86,30.72,95,52.1,0,2.95,100,58.48
20.6,39.3,0.00,0.00,84,30.72,96,52.1,0,2.95,100,58.48
16.1,39.4,0.00,0.00,85,30.72,97,52.1,0,2.95,100,58.48
11.7,34.1,0.00,0.00,5,2.95,97,52.1,0,2.95,100,58.48
13.1,34.1,0.00,0.00,0,2.95,96,52.1,0,2.95,100,58.48
11.9,34.1,0.00,0.00,0,2.95,97,52.1,0,2.95,94,58.48
17.8,34.5,0.00,0.00,0,2.95,95,52.1,0,2.95,100,58.48
18.0,35.1,0.00,0.00,0,2.95,94,52.1,0,2.95,100,58.48
18.2,35.7,0.00,0.00,0,6.9,97,52.1,0,2.95,100,58.48
18.8,40.0,0.00,0.00,6,19.55,97,52.1,2,6.48,100,58.48
18.7,44.8,0.00,0.00,6,31.49,97,52.1,4,12.56,100,58.48
43.5,46.9,0.00,0.00,0,31.49,94,52.1,4,28.77,100,58.48
16.6,47.0,0.00,0.00,0,31.49,96,52.1,0,28.77,100,58.48
15.5,47.4,0.00,0.00,0,31.49,91,52.1,0,28.77,100,58.48
73.7,47.8,0.00,0.00,0,31.49,95,52.1,0,28.77,100,58.48
22.5,48.4,0.00,0.00,13,35.62,92,52.1,0,28.77,100,58.48
26.6,48.9,0.00,0.00,81,35.62,94,52.1,91,58.48,100,58.48
23.7,49.1,0.00,0.00,81,35.62,95,52.1,100,58.48,100,58.48
24.0,49.3,0.00,0.00,81,35.62,95,52.1,100,58.48,100,58.48
29.0,49.6,0.00,0.00,85,35.62,94,52.1,100,58.48,100,58.48
22.1,49.7,0.00,0.00,88,35.62,96,52.1,100,58.48,100,58.48
22.0,49.6,0.00,0.00,89,35.62,96,52.1,99,58.48,100,58.48
22.3,49.7,0.00,0.00,86,35.62,96,52.1,100,58.48,100,58.48
22.0,49.6,0.00,0.00,88,35.62,95,52.1,100,58.48,100,58.48
21.6,49.6,0.00,0.00,90,35.62,95,52.1,99,58.48,100,58.48
21.3,49.7,0.00,0.00,87,35.62,96,52.1,100,58.48,100,58.48
20.4,49.7,0.00,0.00,90,35.62,96,52.1,100,58.48,100,58.48
20.4,49.6,0.00,0.00,90,35.62,97,52.1,100,58.48,94,39.74
18.8,44.4,0.00,0.00,87,35.62,95,52.1,100,58.48,94,39.74
20.0,44.4,0.00,0.00,88,35.62,97,52.1,100,58.48,93,39.74
18.5,44.4,0.00,0.00,90,35.62,95,52.1,100,58.48,94,39.74
16.1,44.4,0.00,0.00,88,35.62,96,52.1,100,58.48,55,39.74
21.5,43.6,0.00,0.00,87,35.62,93,52.1,99,58.48,84,39.74
24.1,44.2,0.00,0.00,83,35.62,87,52.1,100,58.48,88,39.74
24.7,44.8,0.00,0.00,78,35.62,91,52.1,99,58.48,90,39.74
26.0,46.8,0.00,0.00,90,44.33,91,52.1,100,58.48,92,39.74
23.6,50.6,0.00,0.00,88,56.64,95,52.1,100,58.48,93,39.74
68.3,51.8,0.00,0.00,50,72.46,94,52.1,99,58.48,89,39.74
62.4,52.2,0.00,0.00,82,72.46,91,52.1,100,58.48,86,39.74
22.9,52.6,0.00,0.00,83,72.46,93,52.1,100,58.48,85,39.74
23.2,53.0,0.00,0.00,81,72.46,89,52.1,100,58.48,88,39.74
27.0,53.5,0.00,0.00,86,80.32,94,52.1,99,58.48,90,39.74
72.8,53.9,0.00,0.00,99,80.32,93,52.1,100,58.48,92,39.74
50.3,54.2,0.00,0.00,99,80.32,95,52.1,100,58.48,92,39.74
23.7,54.4,0.00,0.00,99,80.32,90,52.1,100,58.48,89,39.74
24.3,54.6,0.00,0.00,99,80.32,91,52.1,100,58.48,89,39.74
21.1,54.9,0.00,0.00,99,80.32,95,52.1,100,58.48,94,39.74
21.2,54.9,0.00,0.00,99,80.32,94,52.1,100,58.48,94,39.74
22.4,54.9,0.00,0.00,99,80.32,95,52.1,100,58.48,92,39.74
22.1,54.9,0.00,0.00,99,80.32,95,52.1,100,58.48,94,39.74
22.4,54.9,0.00,0.00,99,80.32,96,52.1,100,58.48,94,39.74
23.0,54.9,0.00,0.00,99,80.32,96,52.1,100,58.48,93,39.74
21.3,54.9,0.00,0.00,99,80.32,96,52.1,100,58.48,95,39.74
22.7,54.9,0.00,0.00,99,80.32,95,52.1,100,58.48,94,39.74
27.6,54.9,0.00,0.00,99,80.32,66,27.52,100,58.48,91,39.74
21.4,49.7,0.00,0.00,99,80.32,94,27.52,100,58.48,90,39.74
21.2,49.7,0.00,0.00,99,80.32,94,27.52,100,58.48,95,39.74
22.9,49.7,0.00,0.00,99,80.32,96,27.52,100,58.48,93,39.74
19.4,49.7,0.00,0.00,99,80.32,93,27.52,100,58.48,50,39.74
23.2,48.9,0.00,0.00,99,80.32,92,27.52,100,58.48,86,39.74
24.3,49.1,0.00,0.00,98,80.32,88,27.52,100,58.48,87,39.74
24.0,49.3,0.00,0.00,99,80.32,90,27.52,100,58.48,89,39.74
38.2,49.5,0.00,0.00,99,80.32,90,27.52,100,58.48,90,39.74
21.7,49.7,0.00,0.00,99,80.32,96,27.52,100,58.48,90,39.74
22.7,49.7,0.00,0.00,99,80.32,96,27.52,100,58.48,91,39.74
22.0,49.7,0.00,0.00,99,80.32,97,27.52,100,58.48,95,39.74
21.2,49.7,0.00,0.00,99,80.32,96,27.52,99,58.48,95,39.74
21.9,49.7,0.00,0.00,99,80.32,97,27.52,100,58.48,94,39.74
23.0,49.7,0.00,0.00,99,80.32,97,27.52,100,58.48,94,39.74
26.7,48.7,0.00,0.00,99,89.64,96,27.52,100,58.48,93,39.74
37.9,48.7,0.00,0.00,99,89.64,93,27.52,0,58.55,89,39.74
76.6,48.3,0.00,0.00,100,89.64,95,27.52,0,58.55,84,39.74
25.2,48.7,0.00,0.00,99,89.64,95,27.52,0,58.55,87,39.74
24.7,49.1,0.00,0.00,100,89.64,96,27.52,0,58.55,86,39.74
22.4,49.5,0.00,0.00,100,89.64,95,27.52,0,58.55,88,39.74
25.0,49.7,0.00,0.00,100,89.64,97,27.52,98,58.55,94,39.74
25.1,49.7,0.00,0.00,100,89.64,97,27.52,99,58.55,93,39.74
24.8,49.7,0.00,0.00,100,89.64,96,27.52,100,58.55,95,39.74
23.6,49.7,0.00,0.00,100,89.64,96,27.52,100,58.55,94,39.74
23.8,49.7,0.00,0.00,100,89.64,96,27.52,100,58.55,93,39.74
24.5,49.7,0.00,0.00,100,89.64,97,27.52,100,58.55,91,39.74
24.1,49.7,0.00,0.00,100,89.64,97,27.52,100,58.55,93,39.74
24.7,49.7,0.00,0.00,100,89.64,97,27.52,100,58.55,95,39.74
24.0,49.7,0.00,0.00,100,89.69,97,27.52,100,58.55,87,39.74
99.6,48.0,0.00,0.00,73,89.69,96,27.52,100,58.55,90,39.74
67.7,48.5,0.00,0.00,98,89.69,90,27.52,100,58.55,87,39.74
26.3,48.5,0.00,0.00,97,89.69,95,27.52,100,58.55,86,39.74
81.0,48.6,0.00,0.00,99,89.69,93,27.52,99,58.55,89,39.74
23.8,49.1,0.00,0.00,98,89.69,94,27.52,100,58.55,92,39.74
23.7,49.3,0.00,0.00,99,89.69,91,27.52,100,58.55,91,39.74
24.6,49.6,0.00,0.00,99,89.69,95,27.52,100,58.55,93,39.74
21.9,49.7,0.00,0.00,100,89.69,97,27.52,100,58.55,93,39.74
21.9,49.7,0.00,0.00,100,89.69,96,27.52,100,58.55,93,39.74
20.5,49.7,0.00,0.00,99,89.69,97,27.52,100,58.55,96,39.74
22.5,49.7,0.00,0.00,99,89.69,97,27.52,100,58.55,96,39.74
22.3,49.7,0.00,0.00,99,89.69,97,27.52,100,58.55,95,39.74
21.7,49.7,0.00,0.00,100,89.69,95,27.52,100,58.55,95,39.74
22.9,49.7,0.00,0.00,100,89.69,97,27.52,100,58.55,96,39.74
21.4,49.7,0.00,0.00,100,89.69,96,27.52,100,58.55,96,39.74
21.3,49.7,0.00,0.00,100,89.69,96,27.52,100,58.55,95,39.74
21.2,49.7,0.00,0.00,99,89.69,97,27.52,100,58.55,94,39.74
21.9,49.7,0.00,0.00,99,89.69,96,27.52,100,58.55,95,39.74
22.0,49.7,0.00,0.00,100,89.69,96,27.52,100,58.55,95,39.74
22.0,49.7,0.00,0.00,100,89.69,95,27.52,100,58.55,95,39.74
21.3,49.7,0.00,0.00,100,89.69,96,27.52,100,58.55,95,39.74
21.2,49.7,0.00,0.00,99,89.69,97,27.52,100,58.55,96,39.74
21.5,49.7,0.00,0.00,100,89.69,97,27.52,100,58.55,95,39.74
21.4,49.7,0.00,0.00,100,89.69,97,27.52,100,58.55,95,39.74
20.4,49.7,0.00,0.00,99,89.69,97,27.52,100,58.55,96,39.74
21.5,49.7,0.00,0.00,100,89.69,97,27.52,100,58.55,96,39.74
21.1,49.7,0.00,0.00,100,89.69,97,27.52,100,58.55,96,39.74
26.5,49.7,0.00,0.00,100,89.5,96,27.52,100,58.55,95,39.74
23.4,44.5,0.00,0.00,100,67.51,97,27.52,100,58.55,94,39.74
23.7,44.5,0.00,0.00,100,67.51,96,27.52,100,58.55,95,39.74
25.1,44.5,0.00,0.00,100,67.51,97,27.52,100,58.55,95,39.74
21.6,44.5,0.00,0.00,100,67.51,96,27.52,100,58.55,59,39.74
27.2,43.7,0.00,0.00,100,67.51,94,27.52,100,58.55,90,39.74
27.0,43.9,0.00,0.00,100,67.51,95,27.52,100,58.55,90,39.74
27.5,44.1,0.00,0.00,100,67.51,94,27.52,100,58.55,89,39.74
26.4,44.3,0.00,0.00,100,67.51,94,27.52,100,58.55,91,39.74
25.6,44.5,0.00,0.00,99,67.51,97,27.52,100,58.55,95,39.74
25.3,44.5,0.00,0.00,100,67.51,97,27.52,100,58.55,94,39.74
24.8,44.5,0.00,0.00,100,67.51,96,27.52,100,58.55,94,39.74
23.6,44.5,0.00,0.00,100,67.51,92,27.52,100,58.55,91,39.74
23.7,43.6,0.00,0.00,100,67.51,0,27.52,100,58.55,92,39.74
26.2,43.8,0.00,0.00,100,67.51,0,27.52,100,58.55,92,39.74
77.3,38.9,0.00,0.00,90,39.74,0,27.52,100,58.55,91,39.74
90.5,39.1,0.00,0.00,85,39.74,0,27.52,100,58.55,92,39.74
19.6,39.3,0.00,0.00,89,39.74,59,27.52,100,58.55,95,39.74
18.9,39.3,0.00,0.00,89,39.74,95,27.52,100,58.55,94,39.74
20.0,38.3,0.00,0.00,88,21.35,97,27.52,100,58.55,94,39.74
19.2,34.1,0.00,0.00,90,21.35,96,27.52,100,58.55,92,39.74
18.8,34.1,0.00,0.00,90,21.35,97,27.52,100,58.55,94,39.74
17.5,34.1,0.00,0.00,91,21.35,95,27.52,77,58.55,94,39.74
17.5,33.3,0.00,0.00,86,21.35,95,27.52,0,58.55,91,39.74
17.0,33.5,0.00,0.00,86,21.35,93,27.52,0,58.55,91,39.74
16.5,33.7,0.00,0.00,87,21.35,95,27.52,0,58.55,93,39.74
16.7,34.0,0.00,0.00,89,21.35,95,27.52,18,58.55,95,39.74
19.4,34.1,0.00,0.00,87,21.35,96,27.52,100,58.55,94,39.74
18.8,34.1,0.00,0.00,90,21.35,96,27.52,100,58.55,94,39.74
18.9,34.1,0.00,0.00,91,21.35,97,27.52,100,58.55,93,39.74
18.0,34.1,0.00,0.00,90,21.35,96,27.52,100,58.55,95,39.74
19.2,34.1,0.00,0.00,89,21.35,96,27.52,100,58.55,95,39.74
19.0,34.1,0.00,0.00,91,21.35,96,27.52,100,58.55,95,39.74
16.1,34.1,0.00,0.00,91,21.35,96,27.52,100,58.55,46,39.74
21.7,33.3,0.00,0.00,85,21.35,93,27.52,100,58.55,87,39.74
23.0,33.5,0.00,0.00,88,21.35,93,27.52,100,58.55,93,39.74
99.8,33.7,0.00,0.00,85,21.35,94,27.52,99,58.55,92,39.74
20.8,33.9,0.00,0.00,86,21.35,94,27.52,100,58.55,93,39.74
28.9,34.1,0.00,0.00,90,21.35,93,27.52,100,58.55,93,39.74
19.6,34.1,0.00,0.00,90,21.35,97,27.52,100,58.55,93,39.74
19.5,34.1,0.00,0.00,92,21.35,96,27.52,100,58.55,93,39.74
18.5,34.1,0.00,0.00,92,21.35,97,27.52,100,58.55,94,39.74
20.9,34.1,0.00,0.00,93,21.15,97,27.52,100,58.55,94,39.74
12.1,29.0,0.00,0.00,3,2.95,96,27.52,100,58.55,94,39.74
13.0,29.0,0.00,0.00,0,2.95,95,27.52,100,58.55,94,39.74
12.5,28.9,0.00,0.00,0,2.95,96,27.52,100,58.55,93,39.74
12.5,28.9,0.00,0.00,0,2.95,95,27.52,100,58.55,92,39.74
12.4,28.9,0.00,0.00,0,2.95,97,27.52,100,58.55,93,39.74
13.1,28.9,0.00,0.00,0,2.95,96,27.52,100,58.55,94,39.74
13.5,28.9,0.00,0.00,0,2.95,97,27.52,100,58.55,90,39.74
12.8,28.9,0.00,0.00,0,2.95,97,27.52,100,58.55,94,39.74
12.4,28.9,0.00,0.00,0,2.95,97,27.52,100,58.55,90,39.74
12.8,28.9,0.00,0.00,0,2.95,97,27.52,100,58.55,94,39.74
12.3,28.9,0.00,0.00,0,2.95,97,27.52,100,58.55,91,39.74
13.3,28.9,0.00,0.00,0,2.95,97,27.52,100,58.55,93,39.74
13.0,28.9,0.00,0.00,0,2.95,97,27.52,100,58.55,93,39.74
13.3,28.9,0.00,0.00,0,2.95,95,27.52,100,58.55,94,39.74
11.4,28.9,0.00,0.00,0,2.95,96,27.52,100,58.55,94,39.74
12.9,28.9,0.00,0.00,0,2.95,97,27.52,100,58.55,94,39.74
12.4,28.9,0.00,0.00,0,2.95,98,27.52,100,58.55,94,39.74
13.3,28.9,0.00,0.00,0,2.95,97,27.52,100,58.55,82,39.74
9.7,28.0,0.00,0.00,0,2.95,97,27.52,100,58.55,64,39.74
14.6,28.2,0.00,0.00,0,2.95,96,27.52,100,58.55,93,39.74
14.6,28.4,0.00,0.00,0,2.95,96,27.52,100,58.55,94,39.74
87.0,28.6,0.00,0.00,0,2.95,96,27.52,100,58.55,92,39.74
15.0,28.8,0.00,0.00,0,2.95,97,27.52,100,58.55,94,39.74
12.9,28.9,0.00,0.00,0,2.95,96,27.52,100,58.55,95,39.74
12.1,28.9,0.00,0.00,0,2.95,97,27.52,100,58.55,95,39.74
12.3,28.9,0.00,0.00,0,2.95,97,27.52,100,58.55,94,39.74
12.3,28.9,0.00,0.00,0,2.95,97,27.52,100,58.55,95,39.74
12.8,28.9,0.00,0.00,0,2.95,97,27.52,100,58.55,93,39.74
12.5,28.9,0.00,0.00,0,2.95,98,27.52,100,58.55,95,39.74
11.9,28.9,0.00,0.00,0,2.95,97,27.52,100,58.55,95,39.74
11.7,28.9,0.00,0.00,0,2.95,98,27.52,100,58.55,95,39.74
12.6,28.9,0.00,0.00,0,2.95,97,27.52,100,58.55,94,39.74
12.3,28.9,0.00,0.00,0,2.95,97,27.52,100,58.55,95,39.74
11.7,28.9,0.00,0.00,0,2.95,96,27.52,100,58.55,95,39.74
11.5,28.9,0.00,0.00,0,2.95,96,27.52,100,58.55,95,39.74
12.7,28.9,0.00,0.00,0,2.95,96,27.52,100,58.55,95,39.74
12.3,28.9,0.00,0.00,0,2.95,96,27.52,100,58.55,95,39.74
11.9,28.9,0.00,0.00,0,2.95,96,27.52,100,58.55,94,39.74
12.1,28.9,0.00,0.00,0,2.95,96,27.52,100,58.55,94,39.74
12.3,28.9,0.00,0.00,0,2.95,96,27.52,100,58.55,95,39.74
12.9,28.9,0.00,0.00,0,2.95,97,27.52,100,58.55,95,39.74
13.3,28.9,0.00,0.00,0,2.95,97,27.52,100,58.55,94,39.74
11.5,24.4,0.00,0.00,0,2.95,17,2.95,100,58.55,94,39.74
9.4,23.8,0.00,0.00,0,2.95,0,2.95,100,58.55,95,39.74
7.7,23.8,0.00,0.00,0,2.95,0,2.95,100,58.55,95,39.74
7.5,19.0,0.00,0.00,0,2.95,0,2.95,10,2.95,93,39.74
7.5,18.6,0.00,0.00,0,2.95,0,2.95,0,2.95,94,39.74
5.6,18.6,0.00,0.00,0,2.95,0,2.95,0,2.95,94,39.74
5.8,18.5,0.00,0.00,0,2.95,0,2.95,0,2.95,51,39.74
7.5,17.7,0.00,0.00,0,2.95,0,2.95,0,2.95,93,39.74
7.9,17.9,0.00,0.00,0,2.95,0,2.95,0,2.95,92,39.74
27.9,18.1,0.00,0.00,0,2.95,0,2.95,0,2.95,93,39.74
81.6,18.4,0.00,0.00,0,2.95,0,2.95,0,2.95,90,39.74
6.3,18.6,0.00,0.00,0,2.95,0,2.95,0,2.95,95,39.74
6.9,18.6,0.00,0.00,0,2.95,0,2.95,0,2.95,94,39.74
6.3,18.5,0.00,0.00,0,2.95,0,2.95,0,2.95,94,39.74
5.9,18.5,0.00,0.00,0,2.95,0,2.95,0,2.95,95,39.74
5.2,18.6,0.00,0.00,0,2.95,0,2.95,0,2.95,96,39.74
5.4,18.6,0.00,0.00,0,2.95,0,2.95,0,2.95,95,39.74
5.4,18.5,0.00,0.00,0,2.95,0,2.95,0,2.95,95,39.74
5.6,18.5,0.00,0.00,0,2.95,0,2.95,0,2.95,95,39.74
5.6,18.5,0.00,0.00,0,2.95,0,2.95,0,2.95,95,39.74
6.1,18.5,0.00,0.00,0,2.95,0,2.95,0,2.95,95,39.74
5.8,18.5,0.00,0.00,0,2.95,0,2.95,0,2.95,95,39.74
6.4,18.5,0.00,0.00,0,2.95,0,2.95,0,2.95,95,39.74
6.4,18.5,0.00,0.00,0,2.95,0,2.95,0,2.95,95,39.74
6.0,18.5,0.00,0.00,0,2.95,0,2.95,0,2.95,94,39.74
6.4,18.5,0.00,0.00,0,2.95,0,2.95,0,2.95,95,39.74
6.2,18.5,0.00,0.00,0,2.95,0,2.95,0,2.95,95,39.74
6.3,18.5,0.00,0.00,0,2.95,0,2.95,0,2.95,94,39.74
6.1,18.5,0.00,0.00,0,2.95,0,2.95,0,2.95,96,39.74
6.2,18.5,0.00,0.00,0,2.95,0,2.95,0,2.95,95,39.74
5.5,18.5,0.00,0.00,0,2.95,0,2.95,0,2.95,94,39.74
6.5,18.5,0.00,0.00,0,2.95,0,2.95,0,2.95,95,39.74
5.8,18.5,0.00,0.00,0,2.95,0,2.95,0,2.95,95,39.74
6.1,18.5,0.00,0.00,0,2.95,0,2.95,0,2.95,95,39.74
6.6,18.5,0.00,0.00,0,2.95,0,2.95,0,2.95,95,39.74
6.2,18.5,0.00,0.00,0,2.95,0,2.95,0,2.95,70,39.74
51.2,17.7,0.00,0.00,0,2.95,0,2.95,0,2.95,92,39.74
8.6,17.9,0.00,0.00,0,2.95,0,2.95,0,2.95,93,39.74
8.5,18.2,0.00,0.00,0,2.95,0,2.95,0,2.95,92,39.74
7.9,18.4,0.00,0.00,0,2.95,0,2.95,0,2.95,93,39.74
6.7,18.5,0.00,0.00,0,2.95,0,2.95,0,2.95,94,39.74
6.1,18.5,0.00,0.00,0,2.95,0,2.95,0,2.95,95,39.74
6.0,18.5,0.00,0.00,0,2.95,0,2.95,0,2.95,94,39.74
6.7,18.5,0.00,0.00,0,2.95,0,2.95,0,2.95,94,39.74
6.4,18.5,0.00,0.00,0,2.95,0,2.95,0,2.95,94,39.74
6.5,18.5,0.00,0.00,0,2.95,0,2.95,0,2.95,94,39.74
6.7,18.5,0.00,0.00,0,2.95,0,2.95,0,2.95,94,39.74
5.9,18.5,0.00,0.00,0,2.95,0,2.95,0,2.95,94,39.74
6.5,18.5,0.00,0.00,0,2.95,0,2.95,0,2.95,95,39.74
6.4,18.5,0.00,0.00,0,2.95,0,2.95,0,2.95,93,39.74
6.4,18.5,0.00,0.00,0,2.95,0,2.95,0,2.95,95,39.74
6.4,18.5,0.00,0.00,0,2.95,0,2.95,0,2.95,95,39.74
6.0,18.5,0.00,0.00,0,2.95,0,2.95,0,2.95,93,39.74
7.5,18.5,0.00,0.00,0,2.95,0,2.95,0,2.95,94,39.74
6.5,18.5,0.00,0.00,0,2.95,0,2.95,0,2.95,95,39.74
6.9,18.5,0.00,0.00,0,2.95,0,2.95,0,2.95,95,39.74
6.7,18.5,0.00,0.00,0,2.95,0,2.95,0,2.95,95,39.74
6.3,18.5,0.00,0.00,0,2.95,0,2.95,0,2.95,94,39.74
6.4,18.5,0.00,0.00,0,2.95,0,2.95,0,2.95,93,39.74
6.2,18.5,0.00,0.00,0,2.95,0,2.95,0,2.95,94,39.74
5.9,18.5,0.00,0.00,0,2.95,0,2.95,0,2.95,94,39.74
6.9,18.5,0.00,0.00,0,2.95,0,2.95,0,2.95,95,39.74
8.5,18.5,0.00,0.00,0,2.95,0,2.95,0,2.95,94,21.35
6.7,13.4,0.00,0.00,0,2.95,0,2.95,0,2.95,94,21.35
7.6,13.4,0.00,0.00,0,2.95,0,2.95,0,2.95,93,21.35
6.9,13.4,0.00,0.00,0,2.95,0,2.95,0,2.95,94,21.35
6.7,13.4,0.00,0.00,0,2.95,0,2.95,0,2.95,94,21.35
6.7,13.4,0.00,0.00,0,2.95,0,2.95,0,2.95,94,21.35
6.3,13.4,0.00,0.00,0,2.95,0,2.95,0,2.95,95,21.35
6.9,13.4,0.00,0.00,0,2.95,0,2.95,0,2.95,94,21.35
6.7,13.4,0.00,0.00,0,2.95,0,2.95,0,2.95,94,21.35
6.9,13.4,0.00,0.00,0,2.95,0,2.95,0,2.95,93,21.35
6.7,13.4,0.00,0.00,0,2.95,0,2.95,0,2.95,95,21.35
6.7,13.4,0.00,0.00,0,2.95,0,2.95,0,2.95,95,21.35
6.7,13.4,0.00,0.00,0,2.95,0,2.95,0,2.95,95,21.35
6.5,13.4,0.00,0.00,0,2.95,0,2.95,0,2.95,94,21.35
6.5,13.4,0.00,0.00,0,2.95,0,2.95,0,2.95,94,21.35
7.1,13.4,0.00,0.00,0,2.95,0,2.95,0,2.95,92,21.35
6.5,13.4,0.00,0.00,0,2.95,0,2.95,0,2.95,93,21.35
6.3,13.4,0.00,0.00,0,2.95,0,2.95,0,2.95,92,21.35
6.3,13.4,0.00,0.00,0,2.95,0,2.95,0,2.95,94,21.35
6.7,13.4,0.00,0.00,0,2.95,0,2.95,0,2.95,94,21.35
6.3,13.4,0.00,0.00,0,2.95,0,2.95,0,2.95,94,21.35
6.5,13.4,0.00,0.00,0,2.95,0,2.95,0,2.95,91,21.35
6.7,13.4,0.00,0.00,0,2.95,0,2.95,0,2.95,94,21.35
6.1,13.4,0.00,0.00,0,2.95,0,2.95,0,2.95,94,21.35
7.1,13.4,0.00,0.00,0,2.95,0,2.95,0,2.95,95,21.35
6.6,13.4,0.00,0.00,0,2.95,0,2.95,0,2.95,57,2.95
3974.53